Selection	View	Channel	Begin Time (s)	End Time (s)	Low Freq (Hz)	High Freq (Hz)	Cluster	Label	Score
1	Spectrogram 1	1	0.000000	0.500000	0	0	noise	cluster_noise	0.0000
2	Spectrogram 1	1	0.250000	0.750000	0	0	noise	cluster_noise	0.0000
3	Spectrogram 1	1	0.500000	1.000000	0	0	6	cluster_6	0.9545
4	Spectrogram 1	1	0.750000	1.250000	0	0	6	cluster_6	0.9550
5	Spectrogram 1	1	1.000000	1.500000	0	0	6	cluster_6	1.0000
6	Spectrogram 1	1	1.250000	1.750000	0	0	6	cluster_6	1.0000
7	Spectrogram 1	1	1.500000	2.000000	0	0	6	cluster_6	1.0000
8	Spectrogram 1	1	1.750000	2.250000	0	0	6	cluster_6	1.0000
9	Spectrogram 1	1	2.000000	2.500000	0	0	6	cluster_6	1.0000
10	Spectrogram 1	1	2.250000	2.750000	0	0	6	cluster_6	1.0000
11	Spectrogram 1	1	2.500000	3.000000	0	0	6	cluster_6	1.0000
12	Spectrogram 1	1	2.750000	3.250000	0	0	6	cluster_6	0.9557
13	Spectrogram 1	1	3.000000	3.500000	0	0	6	cluster_6	1.0000
14	Spectrogram 1	1	3.250000	3.750000	0	0	6	cluster_6	1.0000
15	Spectrogram 1	1	3.500000	4.000000	0	0	6	cluster_6	1.0000
16	Spectrogram 1	1	3.750000	4.250000	0	0	6	cluster_6	1.0000
17	Spectrogram 1	1	4.000000	4.500000	0	0	6	cluster_6	1.0000
18	Spectrogram 1	1	4.250000	4.750000	0	0	6	cluster_6	1.0000
19	Spectrogram 1	1	4.500000	5.000000	0	0	6	cluster_6	1.0000
20	Spectrogram 1	1	4.750000	5.250000	0	0	6	cluster_6	1.0000
21	Spectrogram 1	1	5.000000	5.500000	0	0	6	cluster_6	1.0000
22	Spectrogram 1	1	5.250000	5.750000	0	0	6	cluster_6	1.0000
23	Spectrogram 1	1	5.500000	6.000000	0	0	6	cluster_6	1.0000
24	Spectrogram 1	1	5.750000	6.250000	0	0	6	cluster_6	1.0000
25	Spectrogram 1	1	6.000000	6.500000	0	0	6	cluster_6	1.0000
26	Spectrogram 1	1	6.250000	6.750000	0	0	6	cluster_6	0.9440
27	Spectrogram 1	1	6.500000	7.000000	0	0	6	cluster_6	0.9854
28	Spectrogram 1	1	6.750000	7.250000	0	0	6	cluster_6	0.9972
29	Spectrogram 1	1	7.000000	7.500000	0	0	6	cluster_6	0.9881
30	Spectrogram 1	1	7.250000	7.750000	0	0	6	cluster_6	1.0000
31	Spectrogram 1	1	7.500000	8.000000	0	0	6	cluster_6	1.0000
32	Spectrogram 1	1	7.750000	8.250000	0	0	6	cluster_6	0.8688
33	Spectrogram 1	1	8.000000	8.500000	0	0	6	cluster_6	1.0000
34	Spectrogram 1	1	8.250000	8.750000	0	0	6	cluster_6	1.0000
35	Spectrogram 1	1	8.500000	9.000000	0	0	6	cluster_6	1.0000
36	Spectrogram 1	1	8.750000	9.250000	0	0	6	cluster_6	0.9880
37	Spectrogram 1	1	9.000000	9.500000	0	0	6	cluster_6	1.0000
38	Spectrogram 1	1	9.250000	9.750000	0	0	6	cluster_6	1.0000
39	Spectrogram 1	1	9.500000	10.000000	0	0	6	cluster_6	1.0000
40	Spectrogram 1	1	9.750000	10.250000	0	0	6	cluster_6	1.0000
41	Spectrogram 1	1	10.000000	10.500000	0	0	6	cluster_6	1.0000
42	Spectrogram 1	1	10.250000	10.750000	0	0	6	cluster_6	0.9571
43	Spectrogram 1	1	10.500000	11.000000	0	0	6	cluster_6	1.0000
44	Spectrogram 1	1	10.750000	11.250000	0	0	6	cluster_6	1.0000
45	Spectrogram 1	1	11.000000	11.500000	0	0	6	cluster_6	1.0000
46	Spectrogram 1	1	11.250000	11.750000	0	0	6	cluster_6	0.9452
47	Spectrogram 1	1	11.500000	12.000000	0	0	6	cluster_6	1.0000
48	Spectrogram 1	1	11.750000	12.250000	0	0	6	cluster_6	0.9329
49	Spectrogram 1	1	12.000000	12.500000	0	0	6	cluster_6	0.9396
50	Spectrogram 1	1	12.250000	12.750000	0	0	6	cluster_6	1.0000
51	Spectrogram 1	1	12.500000	13.000000	0	0	6	cluster_6	1.0000
52	Spectrogram 1	1	12.750000	13.250000	0	0	6	cluster_6	1.0000
53	Spectrogram 1	1	13.000000	13.500000	0	0	6	cluster_6	1.0000
54	Spectrogram 1	1	13.250000	13.750000	0	0	6	cluster_6	1.0000
55	Spectrogram 1	1	13.500000	14.000000	0	0	6	cluster_6	0.8051
56	Spectrogram 1	1	13.750000	14.250000	0	0	6	cluster_6	0.8959
57	Spectrogram 1	1	14.000000	14.500000	0	0	6	cluster_6	1.0000
58	Spectrogram 1	1	14.250000	14.750000	0	0	6	cluster_6	1.0000
59	Spectrogram 1	1	14.500000	15.000000	0	0	6	cluster_6	1.0000
60	Spectrogram 1	1	14.750000	15.250000	0	0	6	cluster_6	1.0000
61	Spectrogram 1	1	15.000000	15.500000	0	0	6	cluster_6	1.0000
62	Spectrogram 1	1	15.250000	15.750000	0	0	6	cluster_6	1.0000
63	Spectrogram 1	1	15.500000	16.000000	0	0	6	cluster_6	1.0000
64	Spectrogram 1	1	15.750000	16.250000	0	0	6	cluster_6	1.0000
65	Spectrogram 1	1	16.000000	16.500000	0	0	6	cluster_6	1.0000
66	Spectrogram 1	1	16.250000	16.750000	0	0	6	cluster_6	1.0000
67	Spectrogram 1	1	16.500000	17.000000	0	0	6	cluster_6	1.0000
68	Spectrogram 1	1	16.750000	17.250000	0	0	6	cluster_6	1.0000
69	Spectrogram 1	1	17.000000	17.500000	0	0	6	cluster_6	1.0000
70	Spectrogram 1	1	17.250000	17.750000	0	0	6	cluster_6	0.8333
71	Spectrogram 1	1	17.500000	18.000000	0	0	6	cluster_6	0.8502
72	Spectrogram 1	1	17.750000	18.250000	0	0	6	cluster_6	1.0000
73	Spectrogram 1	1	18.000000	18.500000	0	0	6	cluster_6	0.9820
74	Spectrogram 1	1	18.250000	18.750000	0	0	6	cluster_6	1.0000
75	Spectrogram 1	1	18.500000	19.000000	0	0	6	cluster_6	1.0000
76	Spectrogram 1	1	18.750000	19.250000	0	0	6	cluster_6	1.0000
77	Spectrogram 1	1	19.000000	19.500000	0	0	6	cluster_6	1.0000
78	Spectrogram 1	1	19.250000	19.750000	0	0	6	cluster_6	1.0000
79	Spectrogram 1	1	19.500000	20.000000	0	0	6	cluster_6	0.8180
80	Spectrogram 1	1	19.750000	20.250000	0	0	6	cluster_6	0.8224
81	Spectrogram 1	1	20.000000	20.500000	0	0	6	cluster_6	1.0000
82	Spectrogram 1	1	20.250000	20.750000	0	0	6	cluster_6	1.0000
83	Spectrogram 1	1	20.500000	21.000000	0	0	6	cluster_6	1.0000
84	Spectrogram 1	1	20.750000	21.250000	0	0	6	cluster_6	1.0000
85	Spectrogram 1	1	21.000000	21.500000	0	0	6	cluster_6	1.0000
86	Spectrogram 1	1	21.250000	21.750000	0	0	6	cluster_6	1.0000
87	Spectrogram 1	1	21.500000	22.000000	0	0	6	cluster_6	1.0000
88	Spectrogram 1	1	21.750000	22.250000	0	0	6	cluster_6	1.0000
89	Spectrogram 1	1	22.000000	22.500000	0	0	6	cluster_6	1.0000
90	Spectrogram 1	1	22.250000	22.750000	0	0	6	cluster_6	1.0000
91	Spectrogram 1	1	22.500000	23.000000	0	0	6	cluster_6	1.0000
92	Spectrogram 1	1	22.750000	23.250000	0	0	6	cluster_6	1.0000
93	Spectrogram 1	1	23.000000	23.500000	0	0	6	cluster_6	1.0000
94	Spectrogram 1	1	23.250000	23.750000	0	0	6	cluster_6	1.0000
95	Spectrogram 1	1	23.500000	24.000000	0	0	6	cluster_6	0.9641
96	Spectrogram 1	1	23.750000	24.250000	0	0	6	cluster_6	1.0000
97	Spectrogram 1	1	24.000000	24.500000	0	0	6	cluster_6	1.0000
98	Spectrogram 1	1	24.250000	24.750000	0	0	6	cluster_6	1.0000
99	Spectrogram 1	1	24.500000	25.000000	0	0	6	cluster_6	1.0000
100	Spectrogram 1	1	24.750000	25.250000	0	0	6	cluster_6	1.0000
101	Spectrogram 1	1	25.000000	25.500000	0	0	6	cluster_6	0.8704
102	Spectrogram 1	1	25.250000	25.750000	0	0	6	cluster_6	0.7888
103	Spectrogram 1	1	25.500000	26.000000	0	0	6	cluster_6	1.0000
104	Spectrogram 1	1	25.750000	26.250000	0	0	6	cluster_6	0.9708
105	Spectrogram 1	1	26.000000	26.500000	0	0	6	cluster_6	0.9255
106	Spectrogram 1	1	26.250000	26.750000	0	0	6	cluster_6	1.0000
107	Spectrogram 1	1	26.500000	27.000000	0	0	6	cluster_6	1.0000
108	Spectrogram 1	1	26.750000	27.250000	0	0	6	cluster_6	0.9613
109	Spectrogram 1	1	27.000000	27.500000	0	0	6	cluster_6	0.8096
110	Spectrogram 1	1	27.250000	27.750000	0	0	6	cluster_6	0.9695
111	Spectrogram 1	1	27.500000	28.000000	0	0	6	cluster_6	0.8391
112	Spectrogram 1	1	27.750000	28.250000	0	0	6	cluster_6	0.9579
113	Spectrogram 1	1	28.000000	28.500000	0	0	6	cluster_6	0.9992
114	Spectrogram 1	1	28.250000	28.750000	0	0	6	cluster_6	0.8854
115	Spectrogram 1	1	28.500000	29.000000	0	0	6	cluster_6	1.0000
116	Spectrogram 1	1	28.750000	29.250000	0	0	6	cluster_6	0.9434
117	Spectrogram 1	1	29.000000	29.500000	0	0	6	cluster_6	0.8748
118	Spectrogram 1	1	29.250000	29.750000	0	0	6	cluster_6	0.8512
119	Spectrogram 1	1	29.500000	30.000000	0	0	6	cluster_6	0.8172
120	Spectrogram 1	1	29.750000	30.250000	0	0	6	cluster_6	0.9659
121	Spectrogram 1	1	30.000000	30.500000	0	0	6	cluster_6	0.8045
122	Spectrogram 1	1	30.250000	30.750000	0	0	6	cluster_6	0.9770
123	Spectrogram 1	1	30.500000	31.000000	0	0	6	cluster_6	1.0000
124	Spectrogram 1	1	30.750000	31.250000	0	0	6	cluster_6	0.9390
125	Spectrogram 1	1	31.000000	31.500000	0	0	6	cluster_6	1.0000
126	Spectrogram 1	1	31.250000	31.750000	0	0	6	cluster_6	1.0000
127	Spectrogram 1	1	31.500000	32.000000	0	0	6	cluster_6	1.0000
128	Spectrogram 1	1	31.750000	32.250000	0	0	6	cluster_6	1.0000
129	Spectrogram 1	1	32.000000	32.500000	0	0	6	cluster_6	1.0000
130	Spectrogram 1	1	32.250000	32.750000	0	0	6	cluster_6	0.9261
131	Spectrogram 1	1	32.500000	33.000000	0	0	6	cluster_6	0.9790
132	Spectrogram 1	1	32.750000	33.250000	0	0	6	cluster_6	0.9410
133	Spectrogram 1	1	33.000000	33.500000	0	0	6	cluster_6	0.9656
134	Spectrogram 1	1	33.250000	33.750000	0	0	6	cluster_6	1.0000
135	Spectrogram 1	1	33.500000	34.000000	0	0	6	cluster_6	0.9300
136	Spectrogram 1	1	33.750000	34.250000	0	0	6	cluster_6	0.9135
137	Spectrogram 1	1	34.000000	34.500000	0	0	6	cluster_6	1.0000
138	Spectrogram 1	1	34.250000	34.750000	0	0	6	cluster_6	1.0000
139	Spectrogram 1	1	34.500000	35.000000	0	0	6	cluster_6	0.8840
140	Spectrogram 1	1	34.750000	35.250000	0	0	6	cluster_6	0.9308
141	Spectrogram 1	1	35.000000	35.500000	0	0	6	cluster_6	1.0000
142	Spectrogram 1	1	35.250000	35.750000	0	0	6	cluster_6	1.0000
143	Spectrogram 1	1	35.500000	36.000000	0	0	6	cluster_6	0.7204
144	Spectrogram 1	1	35.750000	36.250000	0	0	6	cluster_6	0.6345
145	Spectrogram 1	1	36.000000	36.500000	0	0	6	cluster_6	1.0000
146	Spectrogram 1	1	36.250000	36.750000	0	0	6	cluster_6	0.9598
147	Spectrogram 1	1	36.500000	37.000000	0	0	6	cluster_6	1.0000
148	Spectrogram 1	1	36.750000	37.250000	0	0	6	cluster_6	1.0000
149	Spectrogram 1	1	37.000000	37.500000	0	0	6	cluster_6	1.0000
150	Spectrogram 1	1	37.250000	37.750000	0	0	6	cluster_6	1.0000
151	Spectrogram 1	1	37.500000	38.000000	0	0	6	cluster_6	1.0000
152	Spectrogram 1	1	37.750000	38.250000	0	0	6	cluster_6	1.0000
153	Spectrogram 1	1	38.000000	38.500000	0	0	6	cluster_6	1.0000
154	Spectrogram 1	1	38.250000	38.750000	0	0	6	cluster_6	1.0000
155	Spectrogram 1	1	38.500000	39.000000	0	0	6	cluster_6	0.9253
156	Spectrogram 1	1	38.750000	39.250000	0	0	6	cluster_6	0.9480
157	Spectrogram 1	1	39.000000	39.500000	0	0	6	cluster_6	0.6831
158	Spectrogram 1	1	39.250000	39.750000	0	0	6	cluster_6	0.7834
159	Spectrogram 1	1	39.500000	40.000000	0	0	6	cluster_6	0.9574
160	Spectrogram 1	1	39.750000	40.250000	0	0	6	cluster_6	0.9161
161	Spectrogram 1	1	40.000000	40.500000	0	0	6	cluster_6	0.9403
162	Spectrogram 1	1	40.250000	40.750000	0	0	6	cluster_6	0.8815
163	Spectrogram 1	1	40.500000	41.000000	0	0	6	cluster_6	0.7211
164	Spectrogram 1	1	40.750000	41.250000	0	0	6	cluster_6	0.7594
165	Spectrogram 1	1	41.000000	41.500000	0	0	6	cluster_6	0.8333
166	Spectrogram 1	1	41.250000	41.750000	0	0	6	cluster_6	0.8444
167	Spectrogram 1	1	41.500000	42.000000	0	0	6	cluster_6	0.8858
168	Spectrogram 1	1	41.750000	42.250000	0	0	6	cluster_6	0.9480
169	Spectrogram 1	1	42.000000	42.500000	0	0	6	cluster_6	1.0000
170	Spectrogram 1	1	42.250000	42.750000	0	0	6	cluster_6	0.9515
171	Spectrogram 1	1	42.500000	43.000000	0	0	6	cluster_6	1.0000
172	Spectrogram 1	1	42.750000	43.250000	0	0	6	cluster_6	1.0000
173	Spectrogram 1	1	43.000000	43.500000	0	0	6	cluster_6	1.0000
174	Spectrogram 1	1	43.250000	43.750000	0	0	6	cluster_6	1.0000
175	Spectrogram 1	1	43.500000	44.000000	0	0	6	cluster_6	1.0000
176	Spectrogram 1	1	43.750000	44.250000	0	0	6	cluster_6	1.0000
177	Spectrogram 1	1	44.000000	44.500000	0	0	6	cluster_6	1.0000
178	Spectrogram 1	1	44.250000	44.750000	0	0	6	cluster_6	0.8975
179	Spectrogram 1	1	44.500000	45.000000	0	0	6	cluster_6	0.8680
180	Spectrogram 1	1	44.750000	45.250000	0	0	6	cluster_6	0.9570
181	Spectrogram 1	1	45.000000	45.500000	0	0	6	cluster_6	1.0000
182	Spectrogram 1	1	45.250000	45.750000	0	0	6	cluster_6	1.0000
183	Spectrogram 1	1	45.500000	46.000000	0	0	6	cluster_6	1.0000
184	Spectrogram 1	1	45.750000	46.250000	0	0	6	cluster_6	1.0000
185	Spectrogram 1	1	46.000000	46.500000	0	0	6	cluster_6	1.0000
186	Spectrogram 1	1	46.250000	46.750000	0	0	6	cluster_6	0.9944
187	Spectrogram 1	1	46.500000	47.000000	0	0	6	cluster_6	1.0000
188	Spectrogram 1	1	46.750000	47.250000	0	0	6	cluster_6	0.7522
189	Spectrogram 1	1	47.000000	47.500000	0	0	6	cluster_6	0.8899
190	Spectrogram 1	1	47.250000	47.750000	0	0	6	cluster_6	1.0000
191	Spectrogram 1	1	47.500000	48.000000	0	0	6	cluster_6	1.0000
192	Spectrogram 1	1	47.750000	48.250000	0	0	6	cluster_6	1.0000
193	Spectrogram 1	1	48.000000	48.500000	0	0	6	cluster_6	1.0000
194	Spectrogram 1	1	48.250000	48.750000	0	0	6	cluster_6	0.8639
195	Spectrogram 1	1	48.500000	49.000000	0	0	6	cluster_6	0.8911
196	Spectrogram 1	1	48.750000	49.250000	0	0	6	cluster_6	1.0000
197	Spectrogram 1	1	49.000000	49.500000	0	0	6	cluster_6	1.0000
198	Spectrogram 1	1	49.250000	49.750000	0	0	6	cluster_6	0.7963
199	Spectrogram 1	1	49.500000	50.000000	0	0	6	cluster_6	0.8331
200	Spectrogram 1	1	49.750000	50.250000	0	0	6	cluster_6	1.0000
201	Spectrogram 1	1	50.000000	50.500000	0	0	6	cluster_6	0.7637
202	Spectrogram 1	1	50.250000	50.750000	0	0	6	cluster_6	0.8211
203	Spectrogram 1	1	50.500000	51.000000	0	0	6	cluster_6	0.7790
204	Spectrogram 1	1	50.750000	51.250000	0	0	6	cluster_6	0.7286
205	Spectrogram 1	1	51.000000	51.500000	0	0	6	cluster_6	0.6949
206	Spectrogram 1	1	51.250000	51.750000	0	0	6	cluster_6	1.0000
207	Spectrogram 1	1	51.500000	52.000000	0	0	6	cluster_6	1.0000
208	Spectrogram 1	1	51.750000	52.250000	0	0	6	cluster_6	0.9309
209	Spectrogram 1	1	52.000000	52.500000	0	0	6	cluster_6	0.9255
210	Spectrogram 1	1	52.250000	52.750000	0	0	6	cluster_6	1.0000
211	Spectrogram 1	1	52.500000	53.000000	0	0	6	cluster_6	1.0000
212	Spectrogram 1	1	52.750000	53.250000	0	0	6	cluster_6	1.0000
213	Spectrogram 1	1	53.000000	53.500000	0	0	6	cluster_6	0.9566
214	Spectrogram 1	1	53.250000	53.750000	0	0	6	cluster_6	0.9695
215	Spectrogram 1	1	53.500000	54.000000	0	0	6	cluster_6	0.7535
216	Spectrogram 1	1	53.750000	54.250000	0	0	6	cluster_6	1.0000
217	Spectrogram 1	1	54.000000	54.500000	0	0	6	cluster_6	1.0000
218	Spectrogram 1	1	54.250000	54.750000	0	0	6	cluster_6	1.0000
219	Spectrogram 1	1	54.500000	55.000000	0	0	6	cluster_6	1.0000
220	Spectrogram 1	1	54.750000	55.250000	0	0	6	cluster_6	1.0000
221	Spectrogram 1	1	55.000000	55.500000	0	0	6	cluster_6	1.0000
222	Spectrogram 1	1	55.250000	55.750000	0	0	6	cluster_6	0.6431
223	Spectrogram 1	1	55.500000	56.000000	0	0	noise	cluster_noise	0.0000
224	Spectrogram 1	1	55.750000	56.250000	0	0	6	cluster_6	0.9225
225	Spectrogram 1	1	56.000000	56.500000	0	0	6	cluster_6	0.9866
226	Spectrogram 1	1	56.250000	56.750000	0	0	6	cluster_6	0.9621
227	Spectrogram 1	1	56.500000	57.000000	0	0	6	cluster_6	0.8422
228	Spectrogram 1	1	56.750000	57.250000	0	0	6	cluster_6	1.0000
229	Spectrogram 1	1	57.000000	57.500000	0	0	6	cluster_6	0.7871
230	Spectrogram 1	1	57.250000	57.750000	0	0	6	cluster_6	0.8757
231	Spectrogram 1	1	57.500000	58.000000	0	0	6	cluster_6	1.0000
232	Spectrogram 1	1	57.750000	58.250000	0	0	6	cluster_6	1.0000
233	Spectrogram 1	1	58.000000	58.500000	0	0	6	cluster_6	1.0000
234	Spectrogram 1	1	58.250000	58.750000	0	0	6	cluster_6	1.0000
235	Spectrogram 1	1	58.500000	59.000000	0	0	6	cluster_6	1.0000
236	Spectrogram 1	1	58.750000	59.250000	0	0	6	cluster_6	1.0000
237	Spectrogram 1	1	59.000000	59.500000	0	0	6	cluster_6	1.0000
238	Spectrogram 1	1	59.250000	59.750000	0	0	6	cluster_6	0.8651
239	Spectrogram 1	1	59.500000	60.000000	0	0	6	cluster_6	0.9259
240	Spectrogram 1	1	59.750000	60.250000	0	0	6	cluster_6	1.0000
241	Spectrogram 1	1	60.000000	60.500000	0	0	6	cluster_6	1.0000
242	Spectrogram 1	1	60.250000	60.750000	0	0	6	cluster_6	0.9187
243	Spectrogram 1	1	60.500000	61.000000	0	0	6	cluster_6	0.7900
244	Spectrogram 1	1	60.750000	61.250000	0	0	6	cluster_6	1.0000
245	Spectrogram 1	1	61.000000	61.500000	0	0	noise	cluster_noise	0.0000
246	Spectrogram 1	1	61.250000	61.750000	0	0	6	cluster_6	0.6238
247	Spectrogram 1	1	61.500000	62.000000	0	0	6	cluster_6	0.8622
248	Spectrogram 1	1	61.750000	62.250000	0	0	6	cluster_6	0.9908
249	Spectrogram 1	1	62.000000	62.500000	0	0	6	cluster_6	1.0000
250	Spectrogram 1	1	62.250000	62.750000	0	0	6	cluster_6	1.0000
251	Spectrogram 1	1	62.500000	63.000000	0	0	6	cluster_6	1.0000
252	Spectrogram 1	1	62.750000	63.250000	0	0	6	cluster_6	0.9977
253	Spectrogram 1	1	63.000000	63.500000	0	0	6	cluster_6	1.0000
254	Spectrogram 1	1	63.250000	63.750000	0	0	6	cluster_6	1.0000
255	Spectrogram 1	1	63.500000	64.000000	0	0	6	cluster_6	1.0000
256	Spectrogram 1	1	63.750000	64.250000	0	0	6	cluster_6	1.0000
257	Spectrogram 1	1	64.000000	64.500000	0	0	6	cluster_6	1.0000
258	Spectrogram 1	1	64.250000	64.750000	0	0	6	cluster_6	1.0000
259	Spectrogram 1	1	64.500000	65.000000	0	0	6	cluster_6	1.0000
260	Spectrogram 1	1	64.750000	65.250000	0	0	6	cluster_6	1.0000
261	Spectrogram 1	1	65.000000	65.500000	0	0	6	cluster_6	1.0000
262	Spectrogram 1	1	65.250000	65.750000	0	0	6	cluster_6	1.0000
263	Spectrogram 1	1	65.500000	66.000000	0	0	6	cluster_6	1.0000
264	Spectrogram 1	1	65.750000	66.250000	0	0	6	cluster_6	1.0000
265	Spectrogram 1	1	66.000000	66.500000	0	0	6	cluster_6	0.8501
266	Spectrogram 1	1	66.250000	66.750000	0	0	6	cluster_6	1.0000
267	Spectrogram 1	1	66.500000	67.000000	0	0	6	cluster_6	1.0000
268	Spectrogram 1	1	66.750000	67.250000	0	0	6	cluster_6	1.0000
269	Spectrogram 1	1	67.000000	67.500000	0	0	6	cluster_6	1.0000
270	Spectrogram 1	1	67.250000	67.750000	0	0	6	cluster_6	1.0000
271	Spectrogram 1	1	67.500000	68.000000	0	0	6	cluster_6	0.9654
272	Spectrogram 1	1	67.750000	68.250000	0	0	6	cluster_6	0.9983
273	Spectrogram 1	1	68.000000	68.500000	0	0	6	cluster_6	0.9682
274	Spectrogram 1	1	68.250000	68.750000	0	0	6	cluster_6	0.9875
275	Spectrogram 1	1	68.500000	69.000000	0	0	6	cluster_6	1.0000
276	Spectrogram 1	1	68.750000	69.250000	0	0	6	cluster_6	0.9231
277	Spectrogram 1	1	69.000000	69.500000	0	0	6	cluster_6	0.9259
278	Spectrogram 1	1	69.250000	69.750000	0	0	6	cluster_6	1.0000
279	Spectrogram 1	1	69.500000	70.000000	0	0	6	cluster_6	1.0000
280	Spectrogram 1	1	69.750000	70.250000	0	0	6	cluster_6	1.0000
281	Spectrogram 1	1	70.000000	70.500000	0	0	6	cluster_6	1.0000
282	Spectrogram 1	1	70.250000	70.750000	0	0	6	cluster_6	0.8694
283	Spectrogram 1	1	70.500000	71.000000	0	0	6	cluster_6	0.8529
284	Spectrogram 1	1	70.750000	71.250000	0	0	6	cluster_6	0.7985
285	Spectrogram 1	1	71.000000	71.500000	0	0	6	cluster_6	0.8186
286	Spectrogram 1	1	71.250000	71.750000	0	0	6	cluster_6	1.0000
287	Spectrogram 1	1	71.500000	72.000000	0	0	6	cluster_6	0.7084
288	Spectrogram 1	1	71.750000	72.250000	0	0	6	cluster_6	0.6652
289	Spectrogram 1	1	72.000000	72.500000	0	0	6	cluster_6	0.7428
290	Spectrogram 1	1	72.250000	72.750000	0	0	6	cluster_6	1.0000
291	Spectrogram 1	1	72.500000	73.000000	0	0	noise	cluster_noise	0.0000
292	Spectrogram 1	1	72.750000	73.250000	0	0	6	cluster_6	0.8696
293	Spectrogram 1	1	73.000000	73.500000	0	0	6	cluster_6	1.0000
294	Spectrogram 1	1	73.250000	73.750000	0	0	6	cluster_6	1.0000
295	Spectrogram 1	1	73.500000	74.000000	0	0	6	cluster_6	1.0000
296	Spectrogram 1	1	73.750000	74.250000	0	0	6	cluster_6	1.0000
297	Spectrogram 1	1	74.000000	74.500000	0	0	6	cluster_6	1.0000
298	Spectrogram 1	1	74.250000	74.750000	0	0	6	cluster_6	1.0000
299	Spectrogram 1	1	74.500000	75.000000	0	0	6	cluster_6	1.0000
300	Spectrogram 1	1	74.750000	75.250000	0	0	6	cluster_6	1.0000
301	Spectrogram 1	1	75.000000	75.500000	0	0	6	cluster_6	1.0000
302	Spectrogram 1	1	75.250000	75.750000	0	0	6	cluster_6	1.0000
303	Spectrogram 1	1	75.500000	76.000000	0	0	6	cluster_6	0.9275
304	Spectrogram 1	1	75.750000	76.250000	0	0	6	cluster_6	0.9668
305	Spectrogram 1	1	76.000000	76.500000	0	0	6	cluster_6	0.8797
306	Spectrogram 1	1	76.250000	76.750000	0	0	6	cluster_6	0.8300
307	Spectrogram 1	1	76.500000	77.000000	0	0	6	cluster_6	0.9775
308	Spectrogram 1	1	76.750000	77.250000	0	0	6	cluster_6	1.0000
309	Spectrogram 1	1	77.000000	77.500000	0	0	6	cluster_6	1.0000
310	Spectrogram 1	1	77.250000	77.750000	0	0	6	cluster_6	1.0000
311	Spectrogram 1	1	77.500000	78.000000	0	0	6	cluster_6	1.0000
312	Spectrogram 1	1	77.750000	78.250000	0	0	6	cluster_6	1.0000
313	Spectrogram 1	1	78.000000	78.500000	0	0	6	cluster_6	1.0000
314	Spectrogram 1	1	78.250000	78.750000	0	0	6	cluster_6	1.0000
315	Spectrogram 1	1	78.500000	79.000000	0	0	6	cluster_6	1.0000
316	Spectrogram 1	1	78.750000	79.250000	0	0	6	cluster_6	1.0000
317	Spectrogram 1	1	79.000000	79.500000	0	0	6	cluster_6	1.0000
318	Spectrogram 1	1	79.250000	79.750000	0	0	6	cluster_6	1.0000
319	Spectrogram 1	1	79.500000	80.000000	0	0	6	cluster_6	1.0000
320	Spectrogram 1	1	79.750000	80.250000	0	0	6	cluster_6	1.0000
321	Spectrogram 1	1	80.000000	80.500000	0	0	6	cluster_6	0.9661
322	Spectrogram 1	1	80.250000	80.750000	0	0	6	cluster_6	1.0000
323	Spectrogram 1	1	80.500000	81.000000	0	0	6	cluster_6	1.0000
324	Spectrogram 1	1	80.750000	81.250000	0	0	6	cluster_6	1.0000
325	Spectrogram 1	1	81.000000	81.500000	0	0	6	cluster_6	1.0000
326	Spectrogram 1	1	81.250000	81.750000	0	0	6	cluster_6	1.0000
327	Spectrogram 1	1	81.500000	82.000000	0	0	6	cluster_6	1.0000
328	Spectrogram 1	1	81.750000	82.250000	0	0	6	cluster_6	0.9670
329	Spectrogram 1	1	82.000000	82.500000	0	0	6	cluster_6	1.0000
330	Spectrogram 1	1	82.250000	82.750000	0	0	6	cluster_6	0.9987
331	Spectrogram 1	1	82.500000	83.000000	0	0	6	cluster_6	1.0000
332	Spectrogram 1	1	82.750000	83.250000	0	0	6	cluster_6	1.0000
333	Spectrogram 1	1	83.000000	83.500000	0	0	6	cluster_6	1.0000
334	Spectrogram 1	1	83.250000	83.750000	0	0	6	cluster_6	1.0000
335	Spectrogram 1	1	83.500000	84.000000	0	0	6	cluster_6	1.0000
336	Spectrogram 1	1	83.750000	84.250000	0	0	6	cluster_6	1.0000
337	Spectrogram 1	1	84.000000	84.500000	0	0	6	cluster_6	1.0000
338	Spectrogram 1	1	84.250000	84.750000	0	0	6	cluster_6	1.0000
339	Spectrogram 1	1	84.500000	85.000000	0	0	6	cluster_6	1.0000
340	Spectrogram 1	1	84.750000	85.250000	0	0	6	cluster_6	1.0000
341	Spectrogram 1	1	85.000000	85.500000	0	0	6	cluster_6	1.0000
342	Spectrogram 1	1	85.250000	85.750000	0	0	6	cluster_6	1.0000
343	Spectrogram 1	1	85.500000	86.000000	0	0	6	cluster_6	1.0000
344	Spectrogram 1	1	85.750000	86.250000	0	0	6	cluster_6	1.0000
345	Spectrogram 1	1	86.000000	86.500000	0	0	6	cluster_6	1.0000
346	Spectrogram 1	1	86.250000	86.750000	0	0	6	cluster_6	1.0000
347	Spectrogram 1	1	86.500000	87.000000	0	0	6	cluster_6	1.0000
348	Spectrogram 1	1	86.750000	87.250000	0	0	6	cluster_6	1.0000
349	Spectrogram 1	1	87.000000	87.500000	0	0	6	cluster_6	1.0000
350	Spectrogram 1	1	87.250000	87.750000	0	0	6	cluster_6	1.0000
351	Spectrogram 1	1	87.500000	88.000000	0	0	6	cluster_6	1.0000
352	Spectrogram 1	1	87.750000	88.250000	0	0	6	cluster_6	1.0000
353	Spectrogram 1	1	88.000000	88.500000	0	0	6	cluster_6	1.0000
354	Spectrogram 1	1	88.250000	88.750000	0	0	6	cluster_6	1.0000
355	Spectrogram 1	1	88.500000	89.000000	0	0	6	cluster_6	1.0000
356	Spectrogram 1	1	88.750000	89.250000	0	0	6	cluster_6	1.0000
357	Spectrogram 1	1	89.000000	89.500000	0	0	6	cluster_6	0.9599
358	Spectrogram 1	1	89.250000	89.750000	0	0	6	cluster_6	0.9824
359	Spectrogram 1	1	89.500000	90.000000	0	0	6	cluster_6	1.0000
360	Spectrogram 1	1	89.750000	90.250000	0	0	6	cluster_6	0.9811
361	Spectrogram 1	1	90.000000	90.500000	0	0	6	cluster_6	0.9118
362	Spectrogram 1	1	90.250000	90.750000	0	0	6	cluster_6	1.0000
363	Spectrogram 1	1	90.500000	91.000000	0	0	6	cluster_6	1.0000
364	Spectrogram 1	1	90.750000	91.250000	0	0	6	cluster_6	1.0000
365	Spectrogram 1	1	91.000000	91.500000	0	0	6	cluster_6	1.0000
366	Spectrogram 1	1	91.250000	91.750000	0	0	6	cluster_6	1.0000
367	Spectrogram 1	1	91.500000	92.000000	0	0	6	cluster_6	1.0000
368	Spectrogram 1	1	91.750000	92.250000	0	0	6	cluster_6	1.0000
369	Spectrogram 1	1	92.000000	92.500000	0	0	6	cluster_6	1.0000
370	Spectrogram 1	1	92.250000	92.750000	0	0	6	cluster_6	1.0000
371	Spectrogram 1	1	92.500000	93.000000	0	0	6	cluster_6	1.0000
372	Spectrogram 1	1	92.750000	93.250000	0	0	6	cluster_6	1.0000
373	Spectrogram 1	1	93.000000	93.500000	0	0	6	cluster_6	1.0000
374	Spectrogram 1	1	93.250000	93.750000	0	0	6	cluster_6	1.0000
375	Spectrogram 1	1	93.500000	94.000000	0	0	6	cluster_6	1.0000
376	Spectrogram 1	1	93.750000	94.250000	0	0	6	cluster_6	1.0000
377	Spectrogram 1	1	94.000000	94.500000	0	0	6	cluster_6	0.9659
378	Spectrogram 1	1	94.250000	94.750000	0	0	6	cluster_6	1.0000
379	Spectrogram 1	1	94.500000	95.000000	0	0	6	cluster_6	1.0000
380	Spectrogram 1	1	94.750000	95.250000	0	0	6	cluster_6	1.0000
381	Spectrogram 1	1	95.000000	95.500000	0	0	6	cluster_6	1.0000
382	Spectrogram 1	1	95.250000	95.750000	0	0	6	cluster_6	1.0000
383	Spectrogram 1	1	95.500000	96.000000	0	0	6	cluster_6	1.0000
384	Spectrogram 1	1	95.750000	96.250000	0	0	6	cluster_6	1.0000
385	Spectrogram 1	1	96.000000	96.500000	0	0	6	cluster_6	1.0000
386	Spectrogram 1	1	96.250000	96.750000	0	0	6	cluster_6	1.0000
387	Spectrogram 1	1	96.500000	97.000000	0	0	6	cluster_6	1.0000
388	Spectrogram 1	1	96.750000	97.250000	0	0	6	cluster_6	0.8705
389	Spectrogram 1	1	97.000000	97.500000	0	0	6	cluster_6	1.0000
390	Spectrogram 1	1	97.250000	97.750000	0	0	6	cluster_6	1.0000
391	Spectrogram 1	1	97.500000	98.000000	0	0	6	cluster_6	1.0000
392	Spectrogram 1	1	97.750000	98.250000	0	0	6	cluster_6	1.0000
393	Spectrogram 1	1	98.000000	98.500000	0	0	6	cluster_6	1.0000
394	Spectrogram 1	1	98.250000	98.750000	0	0	6	cluster_6	1.0000
395	Spectrogram 1	1	98.500000	99.000000	0	0	noise	cluster_noise	0.0000
396	Spectrogram 1	1	98.750000	99.250000	0	0	6	cluster_6	1.0000
397	Spectrogram 1	1	99.000000	99.500000	0	0	6	cluster_6	1.0000
398	Spectrogram 1	1	99.250000	99.750000	0	0	noise	cluster_noise	0.0000
399	Spectrogram 1	1	99.500000	100.000000	0	0	6	cluster_6	1.0000
400	Spectrogram 1	1	99.750000	100.250000	0	0	6	cluster_6	1.0000
401	Spectrogram 1	1	100.000000	100.500000	0	0	6	cluster_6	1.0000
402	Spectrogram 1	1	100.250000	100.750000	0	0	6	cluster_6	1.0000
403	Spectrogram 1	1	100.500000	101.000000	0	0	6	cluster_6	1.0000
404	Spectrogram 1	1	100.750000	101.250000	0	0	6	cluster_6	1.0000
405	Spectrogram 1	1	101.000000	101.500000	0	0	6	cluster_6	1.0000
406	Spectrogram 1	1	101.250000	101.750000	0	0	6	cluster_6	1.0000
407	Spectrogram 1	1	101.500000	102.000000	0	0	6	cluster_6	0.9477
408	Spectrogram 1	1	101.750000	102.250000	0	0	6	cluster_6	1.0000
409	Spectrogram 1	1	102.000000	102.500000	0	0	6	cluster_6	0.9320
410	Spectrogram 1	1	102.250000	102.750000	0	0	6	cluster_6	1.0000
411	Spectrogram 1	1	102.500000	103.000000	0	0	6	cluster_6	1.0000
412	Spectrogram 1	1	102.750000	103.250000	0	0	6	cluster_6	1.0000
413	Spectrogram 1	1	103.000000	103.500000	0	0	6	cluster_6	1.0000
414	Spectrogram 1	1	103.250000	103.750000	0	0	6	cluster_6	1.0000
415	Spectrogram 1	1	103.500000	104.000000	0	0	6	cluster_6	1.0000
416	Spectrogram 1	1	103.750000	104.250000	0	0	6	cluster_6	1.0000
417	Spectrogram 1	1	104.000000	104.500000	0	0	6	cluster_6	1.0000
418	Spectrogram 1	1	104.250000	104.750000	0	0	6	cluster_6	1.0000
419	Spectrogram 1	1	104.500000	105.000000	0	0	6	cluster_6	1.0000
420	Spectrogram 1	1	104.750000	105.250000	0	0	6	cluster_6	0.9474
421	Spectrogram 1	1	105.000000	105.500000	0	0	6	cluster_6	1.0000
422	Spectrogram 1	1	105.250000	105.750000	0	0	6	cluster_6	1.0000
423	Spectrogram 1	1	105.500000	106.000000	0	0	6	cluster_6	1.0000
424	Spectrogram 1	1	105.750000	106.250000	0	0	6	cluster_6	1.0000
425	Spectrogram 1	1	106.000000	106.500000	0	0	6	cluster_6	1.0000
426	Spectrogram 1	1	106.250000	106.750000	0	0	6	cluster_6	1.0000
427	Spectrogram 1	1	106.500000	107.000000	0	0	6	cluster_6	1.0000
428	Spectrogram 1	1	106.750000	107.250000	0	0	6	cluster_6	1.0000
429	Spectrogram 1	1	107.000000	107.500000	0	0	6	cluster_6	1.0000
430	Spectrogram 1	1	107.250000	107.750000	0	0	6	cluster_6	1.0000
431	Spectrogram 1	1	107.500000	108.000000	0	0	6	cluster_6	1.0000
432	Spectrogram 1	1	107.750000	108.250000	0	0	6	cluster_6	1.0000
433	Spectrogram 1	1	108.000000	108.500000	0	0	6	cluster_6	1.0000
434	Spectrogram 1	1	108.250000	108.750000	0	0	6	cluster_6	1.0000
435	Spectrogram 1	1	108.500000	109.000000	0	0	6	cluster_6	1.0000
436	Spectrogram 1	1	108.750000	109.250000	0	0	6	cluster_6	1.0000
437	Spectrogram 1	1	109.000000	109.500000	0	0	6	cluster_6	1.0000
438	Spectrogram 1	1	109.250000	109.750000	0	0	6	cluster_6	1.0000
439	Spectrogram 1	1	109.500000	110.000000	0	0	6	cluster_6	1.0000
440	Spectrogram 1	1	109.750000	110.250000	0	0	6	cluster_6	1.0000
441	Spectrogram 1	1	110.000000	110.500000	0	0	6	cluster_6	1.0000
442	Spectrogram 1	1	110.250000	110.750000	0	0	6	cluster_6	0.9649
443	Spectrogram 1	1	110.500000	111.000000	0	0	6	cluster_6	1.0000
444	Spectrogram 1	1	110.750000	111.250000	0	0	6	cluster_6	1.0000
445	Spectrogram 1	1	111.000000	111.500000	0	0	6	cluster_6	1.0000
446	Spectrogram 1	1	111.250000	111.750000	0	0	6	cluster_6	1.0000
447	Spectrogram 1	1	111.500000	112.000000	0	0	6	cluster_6	1.0000
448	Spectrogram 1	1	111.750000	112.250000	0	0	6	cluster_6	1.0000
449	Spectrogram 1	1	112.000000	112.500000	0	0	6	cluster_6	1.0000
450	Spectrogram 1	1	112.250000	112.750000	0	0	6	cluster_6	1.0000
451	Spectrogram 1	1	112.500000	113.000000	0	0	6	cluster_6	1.0000
452	Spectrogram 1	1	112.750000	113.250000	0	0	5	cluster_5	0.5719
453	Spectrogram 1	1	113.000000	113.500000	0	0	6	cluster_6	1.0000
454	Spectrogram 1	1	113.250000	113.750000	0	0	6	cluster_6	1.0000
455	Spectrogram 1	1	113.500000	114.000000	0	0	6	cluster_6	1.0000
456	Spectrogram 1	1	113.750000	114.250000	0	0	6	cluster_6	1.0000
457	Spectrogram 1	1	114.000000	114.500000	0	0	6	cluster_6	1.0000
458	Spectrogram 1	1	114.250000	114.750000	0	0	6	cluster_6	1.0000
459	Spectrogram 1	1	114.500000	115.000000	0	0	6	cluster_6	1.0000
460	Spectrogram 1	1	114.750000	115.250000	0	0	6	cluster_6	1.0000
461	Spectrogram 1	1	115.000000	115.500000	0	0	6	cluster_6	1.0000
462	Spectrogram 1	1	115.250000	115.750000	0	0	6	cluster_6	1.0000
463	Spectrogram 1	1	115.500000	116.000000	0	0	6	cluster_6	1.0000
464	Spectrogram 1	1	115.750000	116.250000	0	0	6	cluster_6	1.0000
465	Spectrogram 1	1	116.000000	116.500000	0	0	6	cluster_6	1.0000
466	Spectrogram 1	1	116.250000	116.750000	0	0	6	cluster_6	1.0000
467	Spectrogram 1	1	116.500000	117.000000	0	0	6	cluster_6	1.0000
468	Spectrogram 1	1	116.750000	117.250000	0	0	6	cluster_6	1.0000
469	Spectrogram 1	1	117.000000	117.500000	0	0	6	cluster_6	1.0000
470	Spectrogram 1	1	117.250000	117.750000	0	0	6	cluster_6	1.0000
471	Spectrogram 1	1	117.500000	118.000000	0	0	6	cluster_6	1.0000
472	Spectrogram 1	1	117.750000	118.250000	0	0	6	cluster_6	1.0000
473	Spectrogram 1	1	118.000000	118.500000	0	0	6	cluster_6	1.0000
474	Spectrogram 1	1	118.250000	118.750000	0	0	6	cluster_6	1.0000
475	Spectrogram 1	1	118.500000	119.000000	0	0	6	cluster_6	1.0000
476	Spectrogram 1	1	118.750000	119.250000	0	0	6	cluster_6	1.0000
477	Spectrogram 1	1	119.000000	119.500000	0	0	6	cluster_6	1.0000
478	Spectrogram 1	1	119.250000	119.750000	0	0	6	cluster_6	0.8662
479	Spectrogram 1	1	119.500000	120.000000	0	0	6	cluster_6	1.0000
480	Spectrogram 1	1	119.750000	120.250000	0	0	6	cluster_6	1.0000
481	Spectrogram 1	1	120.000000	120.500000	0	0	6	cluster_6	1.0000
482	Spectrogram 1	1	120.250000	120.750000	0	0	6	cluster_6	1.0000
483	Spectrogram 1	1	120.500000	121.000000	0	0	6	cluster_6	1.0000
484	Spectrogram 1	1	120.750000	121.250000	0	0	6	cluster_6	1.0000
485	Spectrogram 1	1	121.000000	121.500000	0	0	6	cluster_6	1.0000
486	Spectrogram 1	1	121.250000	121.750000	0	0	6	cluster_6	1.0000
487	Spectrogram 1	1	121.500000	122.000000	0	0	6	cluster_6	1.0000
488	Spectrogram 1	1	121.750000	122.250000	0	0	6	cluster_6	1.0000
489	Spectrogram 1	1	122.000000	122.500000	0	0	6	cluster_6	0.9937
490	Spectrogram 1	1	122.250000	122.750000	0	0	6	cluster_6	0.9888
491	Spectrogram 1	1	122.500000	123.000000	0	0	6	cluster_6	1.0000
492	Spectrogram 1	1	122.750000	123.250000	0	0	6	cluster_6	0.9351
493	Spectrogram 1	1	123.000000	123.500000	0	0	6	cluster_6	1.0000
494	Spectrogram 1	1	123.250000	123.750000	0	0	6	cluster_6	1.0000
495	Spectrogram 1	1	123.500000	124.000000	0	0	6	cluster_6	0.8645
496	Spectrogram 1	1	123.750000	124.250000	0	0	6	cluster_6	1.0000
497	Spectrogram 1	1	124.000000	124.500000	0	0	6	cluster_6	1.0000
498	Spectrogram 1	1	124.250000	124.750000	0	0	6	cluster_6	1.0000
499	Spectrogram 1	1	124.500000	125.000000	0	0	6	cluster_6	1.0000
500	Spectrogram 1	1	124.750000	125.250000	0	0	6	cluster_6	1.0000
501	Spectrogram 1	1	125.000000	125.500000	0	0	6	cluster_6	1.0000
502	Spectrogram 1	1	125.250000	125.750000	0	0	6	cluster_6	1.0000
503	Spectrogram 1	1	125.500000	126.000000	0	0	6	cluster_6	1.0000
504	Spectrogram 1	1	125.750000	126.250000	0	0	6	cluster_6	1.0000
505	Spectrogram 1	1	126.000000	126.500000	0	0	6	cluster_6	1.0000
506	Spectrogram 1	1	126.250000	126.750000	0	0	6	cluster_6	1.0000
507	Spectrogram 1	1	126.500000	127.000000	0	0	6	cluster_6	1.0000
508	Spectrogram 1	1	126.750000	127.250000	0	0	6	cluster_6	1.0000
509	Spectrogram 1	1	127.000000	127.500000	0	0	6	cluster_6	1.0000
510	Spectrogram 1	1	127.250000	127.750000	0	0	6	cluster_6	1.0000
511	Spectrogram 1	1	127.500000	128.000000	0	0	6	cluster_6	0.9329
512	Spectrogram 1	1	127.750000	128.250000	0	0	6	cluster_6	1.0000
513	Spectrogram 1	1	128.000000	128.500000	0	0	6	cluster_6	1.0000
514	Spectrogram 1	1	128.250000	128.750000	0	0	6	cluster_6	1.0000
515	Spectrogram 1	1	128.500000	129.000000	0	0	6	cluster_6	1.0000
516	Spectrogram 1	1	128.750000	129.250000	0	0	6	cluster_6	1.0000
517	Spectrogram 1	1	129.000000	129.500000	0	0	6	cluster_6	0.9153
518	Spectrogram 1	1	129.250000	129.750000	0	0	6	cluster_6	0.9104
519	Spectrogram 1	1	129.500000	130.000000	0	0	6	cluster_6	1.0000
520	Spectrogram 1	1	129.750000	130.250000	0	0	6	cluster_6	1.0000
521	Spectrogram 1	1	130.000000	130.500000	0	0	6	cluster_6	1.0000
522	Spectrogram 1	1	130.250000	130.750000	0	0	6	cluster_6	1.0000
523	Spectrogram 1	1	130.500000	131.000000	0	0	6	cluster_6	1.0000
524	Spectrogram 1	1	130.750000	131.250000	0	0	6	cluster_6	1.0000
525	Spectrogram 1	1	131.000000	131.500000	0	0	6	cluster_6	1.0000
526	Spectrogram 1	1	131.250000	131.750000	0	0	6	cluster_6	0.9956
527	Spectrogram 1	1	131.500000	132.000000	0	0	6	cluster_6	1.0000
528	Spectrogram 1	1	131.750000	132.250000	0	0	6	cluster_6	1.0000
529	Spectrogram 1	1	132.000000	132.500000	0	0	6	cluster_6	1.0000
530	Spectrogram 1	1	132.250000	132.750000	0	0	6	cluster_6	1.0000
531	Spectrogram 1	1	132.500000	133.000000	0	0	6	cluster_6	1.0000
532	Spectrogram 1	1	132.750000	133.250000	0	0	6	cluster_6	1.0000
533	Spectrogram 1	1	133.000000	133.500000	0	0	6	cluster_6	1.0000
534	Spectrogram 1	1	133.250000	133.750000	0	0	6	cluster_6	1.0000
535	Spectrogram 1	1	133.500000	134.000000	0	0	6	cluster_6	1.0000
536	Spectrogram 1	1	133.750000	134.250000	0	0	6	cluster_6	1.0000
537	Spectrogram 1	1	134.000000	134.500000	0	0	6	cluster_6	1.0000
538	Spectrogram 1	1	134.250000	134.750000	0	0	6	cluster_6	1.0000
539	Spectrogram 1	1	134.500000	135.000000	0	0	6	cluster_6	1.0000
540	Spectrogram 1	1	134.750000	135.250000	0	0	6	cluster_6	1.0000
541	Spectrogram 1	1	135.000000	135.500000	0	0	6	cluster_6	1.0000
542	Spectrogram 1	1	135.250000	135.750000	0	0	6	cluster_6	1.0000
543	Spectrogram 1	1	135.500000	136.000000	0	0	6	cluster_6	1.0000
544	Spectrogram 1	1	135.750000	136.250000	0	0	6	cluster_6	1.0000
545	Spectrogram 1	1	136.000000	136.500000	0	0	6	cluster_6	1.0000
546	Spectrogram 1	1	136.250000	136.750000	0	0	6	cluster_6	1.0000
547	Spectrogram 1	1	136.500000	137.000000	0	0	6	cluster_6	1.0000
548	Spectrogram 1	1	136.750000	137.250000	0	0	5	cluster_5	0.6587
549	Spectrogram 1	1	137.000000	137.500000	0	0	5	cluster_5	0.6587
550	Spectrogram 1	1	137.250000	137.750000	0	0	6	cluster_6	1.0000
551	Spectrogram 1	1	137.500000	138.000000	0	0	6	cluster_6	0.9846
552	Spectrogram 1	1	137.750000	138.250000	0	0	6	cluster_6	1.0000
553	Spectrogram 1	1	138.000000	138.500000	0	0	6	cluster_6	1.0000
554	Spectrogram 1	1	138.250000	138.750000	0	0	6	cluster_6	1.0000
555	Spectrogram 1	1	138.500000	139.000000	0	0	6	cluster_6	1.0000
556	Spectrogram 1	1	138.750000	139.250000	0	0	6	cluster_6	1.0000
557	Spectrogram 1	1	139.000000	139.500000	0	0	6	cluster_6	1.0000
558	Spectrogram 1	1	139.250000	139.750000	0	0	6	cluster_6	1.0000
559	Spectrogram 1	1	139.500000	140.000000	0	0	6	cluster_6	1.0000
560	Spectrogram 1	1	139.750000	140.250000	0	0	6	cluster_6	1.0000
561	Spectrogram 1	1	140.000000	140.500000	0	0	6	cluster_6	1.0000
562	Spectrogram 1	1	140.250000	140.750000	0	0	6	cluster_6	1.0000
563	Spectrogram 1	1	140.500000	141.000000	0	0	6	cluster_6	1.0000
564	Spectrogram 1	1	140.750000	141.250000	0	0	6	cluster_6	1.0000
565	Spectrogram 1	1	141.000000	141.500000	0	0	6	cluster_6	1.0000
566	Spectrogram 1	1	141.250000	141.750000	0	0	6	cluster_6	1.0000
567	Spectrogram 1	1	141.500000	142.000000	0	0	6	cluster_6	1.0000
568	Spectrogram 1	1	141.750000	142.250000	0	0	6	cluster_6	1.0000
569	Spectrogram 1	1	142.000000	142.500000	0	0	6	cluster_6	1.0000
570	Spectrogram 1	1	142.250000	142.750000	0	0	6	cluster_6	1.0000
571	Spectrogram 1	1	142.500000	143.000000	0	0	6	cluster_6	1.0000
572	Spectrogram 1	1	142.750000	143.250000	0	0	6	cluster_6	1.0000
573	Spectrogram 1	1	143.000000	143.500000	0	0	6	cluster_6	1.0000
574	Spectrogram 1	1	143.250000	143.750000	0	0	6	cluster_6	1.0000
575	Spectrogram 1	1	143.500000	144.000000	0	0	6	cluster_6	1.0000
576	Spectrogram 1	1	143.750000	144.250000	0	0	6	cluster_6	1.0000
577	Spectrogram 1	1	144.000000	144.500000	0	0	6	cluster_6	1.0000
578	Spectrogram 1	1	144.250000	144.750000	0	0	6	cluster_6	1.0000
579	Spectrogram 1	1	144.500000	145.000000	0	0	6	cluster_6	1.0000
580	Spectrogram 1	1	144.750000	145.250000	0	0	6	cluster_6	1.0000
581	Spectrogram 1	1	145.000000	145.500000	0	0	6	cluster_6	1.0000
582	Spectrogram 1	1	145.250000	145.750000	0	0	6	cluster_6	1.0000
583	Spectrogram 1	1	145.500000	146.000000	0	0	6	cluster_6	1.0000
584	Spectrogram 1	1	145.750000	146.250000	0	0	6	cluster_6	1.0000
585	Spectrogram 1	1	146.000000	146.500000	0	0	6	cluster_6	1.0000
586	Spectrogram 1	1	146.250000	146.750000	0	0	6	cluster_6	1.0000
587	Spectrogram 1	1	146.500000	147.000000	0	0	6	cluster_6	1.0000
588	Spectrogram 1	1	146.750000	147.250000	0	0	6	cluster_6	1.0000
589	Spectrogram 1	1	147.000000	147.500000	0	0	6	cluster_6	1.0000
590	Spectrogram 1	1	147.250000	147.750000	0	0	6	cluster_6	1.0000
591	Spectrogram 1	1	147.500000	148.000000	0	0	6	cluster_6	1.0000
592	Spectrogram 1	1	147.750000	148.250000	0	0	6	cluster_6	1.0000
593	Spectrogram 1	1	148.000000	148.500000	0	0	6	cluster_6	1.0000
594	Spectrogram 1	1	148.250000	148.750000	0	0	6	cluster_6	1.0000
595	Spectrogram 1	1	148.500000	149.000000	0	0	6	cluster_6	1.0000
596	Spectrogram 1	1	148.750000	149.250000	0	0	6	cluster_6	1.0000
597	Spectrogram 1	1	149.000000	149.500000	0	0	6	cluster_6	1.0000
598	Spectrogram 1	1	149.250000	149.750000	0	0	6	cluster_6	1.0000
599	Spectrogram 1	1	149.500000	150.000000	0	0	6	cluster_6	1.0000
600	Spectrogram 1	1	149.750000	150.250000	0	0	6	cluster_6	1.0000
601	Spectrogram 1	1	150.000000	150.500000	0	0	6	cluster_6	1.0000
602	Spectrogram 1	1	150.250000	150.750000	0	0	6	cluster_6	1.0000
603	Spectrogram 1	1	150.500000	151.000000	0	0	6	cluster_6	1.0000
604	Spectrogram 1	1	150.750000	151.250000	0	0	6	cluster_6	1.0000
605	Spectrogram 1	1	151.000000	151.500000	0	0	6	cluster_6	1.0000
606	Spectrogram 1	1	151.250000	151.750000	0	0	6	cluster_6	1.0000
607	Spectrogram 1	1	151.500000	152.000000	0	0	6	cluster_6	0.9814
608	Spectrogram 1	1	151.750000	152.250000	0	0	6	cluster_6	1.0000
609	Spectrogram 1	1	152.000000	152.500000	0	0	6	cluster_6	1.0000
610	Spectrogram 1	1	152.250000	152.750000	0	0	6	cluster_6	1.0000
611	Spectrogram 1	1	152.500000	153.000000	0	0	6	cluster_6	1.0000
612	Spectrogram 1	1	152.750000	153.250000	0	0	6	cluster_6	1.0000
613	Spectrogram 1	1	153.000000	153.500000	0	0	6	cluster_6	1.0000
614	Spectrogram 1	1	153.250000	153.750000	0	0	6	cluster_6	1.0000
615	Spectrogram 1	1	153.500000	154.000000	0	0	6	cluster_6	1.0000
616	Spectrogram 1	1	153.750000	154.250000	0	0	6	cluster_6	1.0000
617	Spectrogram 1	1	154.000000	154.500000	0	0	6	cluster_6	1.0000
618	Spectrogram 1	1	154.250000	154.750000	0	0	6	cluster_6	1.0000
619	Spectrogram 1	1	154.500000	155.000000	0	0	6	cluster_6	1.0000
620	Spectrogram 1	1	154.750000	155.250000	0	0	6	cluster_6	1.0000
621	Spectrogram 1	1	155.000000	155.500000	0	0	6	cluster_6	1.0000
622	Spectrogram 1	1	155.250000	155.750000	0	0	6	cluster_6	1.0000
623	Spectrogram 1	1	155.500000	156.000000	0	0	6	cluster_6	1.0000
624	Spectrogram 1	1	155.750000	156.250000	0	0	6	cluster_6	1.0000
625	Spectrogram 1	1	156.000000	156.500000	0	0	6	cluster_6	1.0000
626	Spectrogram 1	1	156.250000	156.750000	0	0	6	cluster_6	1.0000
627	Spectrogram 1	1	156.500000	157.000000	0	0	6	cluster_6	1.0000
628	Spectrogram 1	1	156.750000	157.250000	0	0	6	cluster_6	1.0000
629	Spectrogram 1	1	157.000000	157.500000	0	0	6	cluster_6	1.0000
630	Spectrogram 1	1	157.250000	157.750000	0	0	6	cluster_6	1.0000
631	Spectrogram 1	1	157.500000	158.000000	0	0	6	cluster_6	1.0000
632	Spectrogram 1	1	157.750000	158.250000	0	0	6	cluster_6	1.0000
633	Spectrogram 1	1	158.000000	158.500000	0	0	6	cluster_6	1.0000
634	Spectrogram 1	1	158.250000	158.750000	0	0	6	cluster_6	1.0000
635	Spectrogram 1	1	158.500000	159.000000	0	0	6	cluster_6	1.0000
636	Spectrogram 1	1	158.750000	159.250000	0	0	6	cluster_6	1.0000
637	Spectrogram 1	1	159.000000	159.500000	0	0	6	cluster_6	0.9536
638	Spectrogram 1	1	159.250000	159.750000	0	0	6	cluster_6	1.0000
639	Spectrogram 1	1	159.500000	160.000000	0	0	6	cluster_6	1.0000
640	Spectrogram 1	1	159.750000	160.250000	0	0	6	cluster_6	1.0000
641	Spectrogram 1	1	160.000000	160.500000	0	0	6	cluster_6	1.0000
642	Spectrogram 1	1	160.250000	160.750000	0	0	6	cluster_6	1.0000
643	Spectrogram 1	1	160.500000	161.000000	0	0	6	cluster_6	1.0000
644	Spectrogram 1	1	160.750000	161.250000	0	0	6	cluster_6	1.0000
645	Spectrogram 1	1	161.000000	161.500000	0	0	6	cluster_6	1.0000
646	Spectrogram 1	1	161.250000	161.750000	0	0	6	cluster_6	0.9648
647	Spectrogram 1	1	161.500000	162.000000	0	0	6	cluster_6	1.0000
648	Spectrogram 1	1	161.750000	162.250000	0	0	6	cluster_6	1.0000
649	Spectrogram 1	1	162.000000	162.500000	0	0	6	cluster_6	1.0000
650	Spectrogram 1	1	162.250000	162.750000	0	0	6	cluster_6	1.0000
651	Spectrogram 1	1	162.500000	163.000000	0	0	6	cluster_6	1.0000
652	Spectrogram 1	1	162.750000	163.250000	0	0	6	cluster_6	1.0000
653	Spectrogram 1	1	163.000000	163.500000	0	0	6	cluster_6	1.0000
654	Spectrogram 1	1	163.250000	163.750000	0	0	6	cluster_6	1.0000
655	Spectrogram 1	1	163.500000	164.000000	0	0	6	cluster_6	1.0000
656	Spectrogram 1	1	163.750000	164.250000	0	0	6	cluster_6	0.9784
657	Spectrogram 1	1	164.000000	164.500000	0	0	6	cluster_6	1.0000
658	Spectrogram 1	1	164.250000	164.750000	0	0	6	cluster_6	0.9649
659	Spectrogram 1	1	164.500000	165.000000	0	0	6	cluster_6	1.0000
660	Spectrogram 1	1	164.750000	165.250000	0	0	6	cluster_6	1.0000
661	Spectrogram 1	1	165.000000	165.500000	0	0	6	cluster_6	1.0000
662	Spectrogram 1	1	165.250000	165.750000	0	0	6	cluster_6	1.0000
663	Spectrogram 1	1	165.500000	166.000000	0	0	6	cluster_6	1.0000
664	Spectrogram 1	1	165.750000	166.250000	0	0	6	cluster_6	1.0000
665	Spectrogram 1	1	166.000000	166.500000	0	0	6	cluster_6	1.0000
666	Spectrogram 1	1	166.250000	166.750000	0	0	6	cluster_6	1.0000
667	Spectrogram 1	1	166.500000	167.000000	0	0	6	cluster_6	1.0000
668	Spectrogram 1	1	166.750000	167.250000	0	0	6	cluster_6	1.0000
669	Spectrogram 1	1	167.000000	167.500000	0	0	6	cluster_6	1.0000
670	Spectrogram 1	1	167.250000	167.750000	0	0	6	cluster_6	1.0000
671	Spectrogram 1	1	167.500000	168.000000	0	0	6	cluster_6	1.0000
672	Spectrogram 1	1	167.750000	168.250000	0	0	6	cluster_6	1.0000
673	Spectrogram 1	1	168.000000	168.500000	0	0	6	cluster_6	1.0000
674	Spectrogram 1	1	168.250000	168.750000	0	0	6	cluster_6	1.0000
675	Spectrogram 1	1	168.500000	169.000000	0	0	6	cluster_6	1.0000
676	Spectrogram 1	1	168.750000	169.250000	0	0	6	cluster_6	1.0000
677	Spectrogram 1	1	169.000000	169.500000	0	0	6	cluster_6	1.0000
678	Spectrogram 1	1	169.250000	169.750000	0	0	6	cluster_6	1.0000
679	Spectrogram 1	1	169.500000	170.000000	0	0	6	cluster_6	1.0000
680	Spectrogram 1	1	169.750000	170.250000	0	0	6	cluster_6	1.0000
681	Spectrogram 1	1	170.000000	170.500000	0	0	6	cluster_6	1.0000
682	Spectrogram 1	1	170.250000	170.750000	0	0	6	cluster_6	1.0000
683	Spectrogram 1	1	170.500000	171.000000	0	0	6	cluster_6	1.0000
684	Spectrogram 1	1	170.750000	171.250000	0	0	6	cluster_6	0.9965
685	Spectrogram 1	1	171.000000	171.500000	0	0	6	cluster_6	1.0000
686	Spectrogram 1	1	171.250000	171.750000	0	0	6	cluster_6	0.9050
687	Spectrogram 1	1	171.500000	172.000000	0	0	6	cluster_6	1.0000
688	Spectrogram 1	1	171.750000	172.250000	0	0	6	cluster_6	1.0000
689	Spectrogram 1	1	172.000000	172.500000	0	0	6	cluster_6	1.0000
690	Spectrogram 1	1	172.250000	172.750000	0	0	6	cluster_6	1.0000
691	Spectrogram 1	1	172.500000	173.000000	0	0	6	cluster_6	0.9434
692	Spectrogram 1	1	172.750000	173.250000	0	0	6	cluster_6	1.0000
693	Spectrogram 1	1	173.000000	173.500000	0	0	6	cluster_6	1.0000
694	Spectrogram 1	1	173.250000	173.750000	0	0	6	cluster_6	1.0000
695	Spectrogram 1	1	173.500000	174.000000	0	0	6	cluster_6	1.0000
696	Spectrogram 1	1	173.750000	174.250000	0	0	6	cluster_6	1.0000
697	Spectrogram 1	1	174.000000	174.500000	0	0	6	cluster_6	1.0000
698	Spectrogram 1	1	174.250000	174.750000	0	0	6	cluster_6	1.0000
699	Spectrogram 1	1	174.500000	175.000000	0	0	6	cluster_6	1.0000
700	Spectrogram 1	1	174.750000	175.250000	0	0	6	cluster_6	1.0000
701	Spectrogram 1	1	175.000000	175.500000	0	0	6	cluster_6	1.0000
702	Spectrogram 1	1	175.250000	175.750000	0	0	6	cluster_6	1.0000
703	Spectrogram 1	1	175.500000	176.000000	0	0	6	cluster_6	1.0000
704	Spectrogram 1	1	175.750000	176.250000	0	0	6	cluster_6	1.0000
705	Spectrogram 1	1	176.000000	176.500000	0	0	6	cluster_6	1.0000
706	Spectrogram 1	1	176.250000	176.750000	0	0	6	cluster_6	1.0000
707	Spectrogram 1	1	176.500000	177.000000	0	0	6	cluster_6	1.0000
708	Spectrogram 1	1	176.750000	177.250000	0	0	6	cluster_6	1.0000
709	Spectrogram 1	1	177.000000	177.500000	0	0	6	cluster_6	1.0000
710	Spectrogram 1	1	177.250000	177.750000	0	0	6	cluster_6	1.0000
711	Spectrogram 1	1	177.500000	178.000000	0	0	6	cluster_6	1.0000
712	Spectrogram 1	1	177.750000	178.250000	0	0	6	cluster_6	1.0000
713	Spectrogram 1	1	178.000000	178.500000	0	0	6	cluster_6	1.0000
714	Spectrogram 1	1	178.250000	178.750000	0	0	6	cluster_6	1.0000
715	Spectrogram 1	1	178.500000	179.000000	0	0	6	cluster_6	1.0000
716	Spectrogram 1	1	178.750000	179.250000	0	0	6	cluster_6	1.0000
717	Spectrogram 1	1	179.000000	179.500000	0	0	6	cluster_6	1.0000
718	Spectrogram 1	1	179.250000	179.750000	0	0	6	cluster_6	1.0000
719	Spectrogram 1	1	179.500000	180.000000	0	0	6	cluster_6	1.0000
720	Spectrogram 1	1	179.750000	180.250000	0	0	6	cluster_6	1.0000
721	Spectrogram 1	1	180.000000	180.500000	0	0	6	cluster_6	1.0000
722	Spectrogram 1	1	180.250000	180.750000	0	0	6	cluster_6	1.0000
723	Spectrogram 1	1	180.500000	181.000000	0	0	6	cluster_6	1.0000
724	Spectrogram 1	1	180.750000	181.250000	0	0	6	cluster_6	1.0000
725	Spectrogram 1	1	181.000000	181.500000	0	0	6	cluster_6	1.0000
726	Spectrogram 1	1	181.250000	181.750000	0	0	6	cluster_6	1.0000
727	Spectrogram 1	1	181.500000	182.000000	0	0	6	cluster_6	1.0000
728	Spectrogram 1	1	181.750000	182.250000	0	0	6	cluster_6	1.0000
729	Spectrogram 1	1	182.000000	182.500000	0	0	6	cluster_6	1.0000
730	Spectrogram 1	1	182.250000	182.750000	0	0	6	cluster_6	1.0000
731	Spectrogram 1	1	182.500000	183.000000	0	0	6	cluster_6	1.0000
732	Spectrogram 1	1	182.750000	183.250000	0	0	6	cluster_6	1.0000
733	Spectrogram 1	1	183.000000	183.500000	0	0	6	cluster_6	1.0000
734	Spectrogram 1	1	183.250000	183.750000	0	0	6	cluster_6	1.0000
735	Spectrogram 1	1	183.500000	184.000000	0	0	6	cluster_6	1.0000
736	Spectrogram 1	1	183.750000	184.250000	0	0	6	cluster_6	0.9150
737	Spectrogram 1	1	184.000000	184.500000	0	0	6	cluster_6	1.0000
738	Spectrogram 1	1	184.250000	184.750000	0	0	6	cluster_6	1.0000
739	Spectrogram 1	1	184.500000	185.000000	0	0	6	cluster_6	1.0000
740	Spectrogram 1	1	184.750000	185.250000	0	0	6	cluster_6	1.0000
741	Spectrogram 1	1	185.000000	185.500000	0	0	6	cluster_6	1.0000
742	Spectrogram 1	1	185.250000	185.750000	0	0	6	cluster_6	1.0000
743	Spectrogram 1	1	185.500000	186.000000	0	0	6	cluster_6	1.0000
744	Spectrogram 1	1	185.750000	186.250000	0	0	6	cluster_6	1.0000
745	Spectrogram 1	1	186.000000	186.500000	0	0	6	cluster_6	1.0000
746	Spectrogram 1	1	186.250000	186.750000	0	0	6	cluster_6	1.0000
747	Spectrogram 1	1	186.500000	187.000000	0	0	6	cluster_6	1.0000
748	Spectrogram 1	1	186.750000	187.250000	0	0	6	cluster_6	1.0000
749	Spectrogram 1	1	187.000000	187.500000	0	0	6	cluster_6	0.9862
750	Spectrogram 1	1	187.250000	187.750000	0	0	6	cluster_6	1.0000
751	Spectrogram 1	1	187.500000	188.000000	0	0	6	cluster_6	1.0000
752	Spectrogram 1	1	187.750000	188.250000	0	0	6	cluster_6	1.0000
753	Spectrogram 1	1	188.000000	188.500000	0	0	6	cluster_6	1.0000
754	Spectrogram 1	1	188.250000	188.750000	0	0	6	cluster_6	1.0000
755	Spectrogram 1	1	188.500000	189.000000	0	0	6	cluster_6	1.0000
756	Spectrogram 1	1	188.750000	189.250000	0	0	6	cluster_6	1.0000
757	Spectrogram 1	1	189.000000	189.500000	0	0	6	cluster_6	1.0000
758	Spectrogram 1	1	189.250000	189.750000	0	0	6	cluster_6	1.0000
759	Spectrogram 1	1	189.500000	190.000000	0	0	6	cluster_6	0.6287
760	Spectrogram 1	1	189.750000	190.250000	0	0	6	cluster_6	0.8918
761	Spectrogram 1	1	190.000000	190.500000	0	0	6	cluster_6	1.0000
762	Spectrogram 1	1	190.250000	190.750000	0	0	6	cluster_6	1.0000
763	Spectrogram 1	1	190.500000	191.000000	0	0	6	cluster_6	1.0000
764	Spectrogram 1	1	190.750000	191.250000	0	0	6	cluster_6	1.0000
765	Spectrogram 1	1	191.000000	191.500000	0	0	6	cluster_6	1.0000
766	Spectrogram 1	1	191.250000	191.750000	0	0	6	cluster_6	1.0000
767	Spectrogram 1	1	191.500000	192.000000	0	0	6	cluster_6	1.0000
768	Spectrogram 1	1	191.750000	192.250000	0	0	6	cluster_6	1.0000
769	Spectrogram 1	1	192.000000	192.500000	0	0	6	cluster_6	0.9117
770	Spectrogram 1	1	192.250000	192.750000	0	0	6	cluster_6	0.9425
771	Spectrogram 1	1	192.500000	193.000000	0	0	6	cluster_6	1.0000
772	Spectrogram 1	1	192.750000	193.250000	0	0	6	cluster_6	0.8553
773	Spectrogram 1	1	193.000000	193.500000	0	0	6	cluster_6	0.8934
774	Spectrogram 1	1	193.250000	193.750000	0	0	6	cluster_6	0.9020
775	Spectrogram 1	1	193.500000	194.000000	0	0	6	cluster_6	1.0000
776	Spectrogram 1	1	193.750000	194.250000	0	0	6	cluster_6	0.9730
777	Spectrogram 1	1	194.000000	194.500000	0	0	6	cluster_6	0.9210
778	Spectrogram 1	1	194.250000	194.750000	0	0	6	cluster_6	0.9619
779	Spectrogram 1	1	194.500000	195.000000	0	0	6	cluster_6	1.0000
780	Spectrogram 1	1	194.750000	195.250000	0	0	6	cluster_6	0.9620
781	Spectrogram 1	1	195.000000	195.500000	0	0	6	cluster_6	0.8911
782	Spectrogram 1	1	195.250000	195.750000	0	0	6	cluster_6	0.9288
783	Spectrogram 1	1	195.500000	196.000000	0	0	6	cluster_6	0.9591
784	Spectrogram 1	1	195.750000	196.250000	0	0	6	cluster_6	1.0000
785	Spectrogram 1	1	196.000000	196.500000	0	0	6	cluster_6	1.0000
786	Spectrogram 1	1	196.250000	196.750000	0	0	6	cluster_6	0.9078
787	Spectrogram 1	1	196.500000	197.000000	0	0	6	cluster_6	0.9262
788	Spectrogram 1	1	196.750000	197.250000	0	0	6	cluster_6	0.9329
789	Spectrogram 1	1	197.000000	197.500000	0	0	6	cluster_6	1.0000
790	Spectrogram 1	1	197.250000	197.750000	0	0	6	cluster_6	0.8480
791	Spectrogram 1	1	197.500000	198.000000	0	0	6	cluster_6	1.0000
792	Spectrogram 1	1	197.750000	198.250000	0	0	6	cluster_6	1.0000
793	Spectrogram 1	1	198.000000	198.500000	0	0	6	cluster_6	1.0000
794	Spectrogram 1	1	198.250000	198.750000	0	0	6	cluster_6	0.9176
795	Spectrogram 1	1	198.500000	199.000000	0	0	6	cluster_6	1.0000
796	Spectrogram 1	1	198.750000	199.250000	0	0	6	cluster_6	1.0000
797	Spectrogram 1	1	199.000000	199.500000	0	0	6	cluster_6	1.0000
798	Spectrogram 1	1	199.250000	199.750000	0	0	6	cluster_6	1.0000
799	Spectrogram 1	1	199.500000	200.000000	0	0	6	cluster_6	1.0000
800	Spectrogram 1	1	199.750000	200.250000	0	0	6	cluster_6	1.0000
801	Spectrogram 1	1	200.000000	200.500000	0	0	6	cluster_6	1.0000
802	Spectrogram 1	1	200.250000	200.750000	0	0	6	cluster_6	1.0000
803	Spectrogram 1	1	200.500000	201.000000	0	0	6	cluster_6	1.0000
804	Spectrogram 1	1	200.750000	201.250000	0	0	6	cluster_6	1.0000
805	Spectrogram 1	1	201.000000	201.500000	0	0	6	cluster_6	1.0000
806	Spectrogram 1	1	201.250000	201.750000	0	0	6	cluster_6	1.0000
807	Spectrogram 1	1	201.500000	202.000000	0	0	6	cluster_6	1.0000
808	Spectrogram 1	1	201.750000	202.250000	0	0	6	cluster_6	1.0000
809	Spectrogram 1	1	202.000000	202.500000	0	0	6	cluster_6	1.0000
810	Spectrogram 1	1	202.250000	202.750000	0	0	6	cluster_6	1.0000
811	Spectrogram 1	1	202.500000	203.000000	0	0	6	cluster_6	1.0000
812	Spectrogram 1	1	202.750000	203.250000	0	0	6	cluster_6	1.0000
813	Spectrogram 1	1	203.000000	203.500000	0	0	6	cluster_6	1.0000
814	Spectrogram 1	1	203.250000	203.750000	0	0	6	cluster_6	1.0000
815	Spectrogram 1	1	203.500000	204.000000	0	0	6	cluster_6	1.0000
816	Spectrogram 1	1	203.750000	204.250000	0	0	6	cluster_6	1.0000
817	Spectrogram 1	1	204.000000	204.500000	0	0	6	cluster_6	1.0000
818	Spectrogram 1	1	204.250000	204.750000	0	0	6	cluster_6	1.0000
819	Spectrogram 1	1	204.500000	205.000000	0	0	6	cluster_6	1.0000
820	Spectrogram 1	1	204.750000	205.250000	0	0	6	cluster_6	1.0000
821	Spectrogram 1	1	205.000000	205.500000	0	0	6	cluster_6	1.0000
822	Spectrogram 1	1	205.250000	205.750000	0	0	6	cluster_6	1.0000
823	Spectrogram 1	1	205.500000	206.000000	0	0	6	cluster_6	1.0000
824	Spectrogram 1	1	205.750000	206.250000	0	0	6	cluster_6	1.0000
825	Spectrogram 1	1	206.000000	206.500000	0	0	6	cluster_6	1.0000
826	Spectrogram 1	1	206.250000	206.750000	0	0	6	cluster_6	1.0000
827	Spectrogram 1	1	206.500000	207.000000	0	0	6	cluster_6	1.0000
828	Spectrogram 1	1	206.750000	207.250000	0	0	6	cluster_6	1.0000
829	Spectrogram 1	1	207.000000	207.500000	0	0	6	cluster_6	1.0000
830	Spectrogram 1	1	207.250000	207.750000	0	0	6	cluster_6	1.0000
831	Spectrogram 1	1	207.500000	208.000000	0	0	6	cluster_6	1.0000
832	Spectrogram 1	1	207.750000	208.250000	0	0	6	cluster_6	1.0000
833	Spectrogram 1	1	208.000000	208.500000	0	0	6	cluster_6	1.0000
834	Spectrogram 1	1	208.250000	208.750000	0	0	6	cluster_6	1.0000
835	Spectrogram 1	1	208.500000	209.000000	0	0	6	cluster_6	1.0000
836	Spectrogram 1	1	208.750000	209.250000	0	0	6	cluster_6	1.0000
837	Spectrogram 1	1	209.000000	209.500000	0	0	6	cluster_6	0.9275
838	Spectrogram 1	1	209.250000	209.750000	0	0	6	cluster_6	0.7664
839	Spectrogram 1	1	209.500000	210.000000	0	0	6	cluster_6	1.0000
840	Spectrogram 1	1	209.750000	210.250000	0	0	6	cluster_6	1.0000
841	Spectrogram 1	1	210.000000	210.500000	0	0	6	cluster_6	1.0000
842	Spectrogram 1	1	210.250000	210.750000	0	0	6	cluster_6	1.0000
843	Spectrogram 1	1	210.500000	211.000000	0	0	6	cluster_6	1.0000
844	Spectrogram 1	1	210.750000	211.250000	0	0	6	cluster_6	1.0000
845	Spectrogram 1	1	211.000000	211.500000	0	0	6	cluster_6	1.0000
846	Spectrogram 1	1	211.250000	211.750000	0	0	6	cluster_6	1.0000
847	Spectrogram 1	1	211.500000	212.000000	0	0	6	cluster_6	1.0000
848	Spectrogram 1	1	211.750000	212.250000	0	0	6	cluster_6	1.0000
849	Spectrogram 1	1	212.000000	212.500000	0	0	6	cluster_6	1.0000
850	Spectrogram 1	1	212.250000	212.750000	0	0	6	cluster_6	1.0000
851	Spectrogram 1	1	212.500000	213.000000	0	0	6	cluster_6	0.9024
852	Spectrogram 1	1	212.750000	213.250000	0	0	6	cluster_6	1.0000
853	Spectrogram 1	1	213.000000	213.500000	0	0	6	cluster_6	1.0000
854	Spectrogram 1	1	213.250000	213.750000	0	0	6	cluster_6	0.8839
855	Spectrogram 1	1	213.500000	214.000000	0	0	6	cluster_6	0.9551
856	Spectrogram 1	1	213.750000	214.250000	0	0	6	cluster_6	1.0000
857	Spectrogram 1	1	214.000000	214.500000	0	0	6	cluster_6	1.0000
858	Spectrogram 1	1	214.250000	214.750000	0	0	6	cluster_6	1.0000
859	Spectrogram 1	1	214.500000	215.000000	0	0	6	cluster_6	1.0000
860	Spectrogram 1	1	214.750000	215.250000	0	0	6	cluster_6	1.0000
861	Spectrogram 1	1	215.000000	215.500000	0	0	6	cluster_6	1.0000
862	Spectrogram 1	1	215.250000	215.750000	0	0	6	cluster_6	1.0000
863	Spectrogram 1	1	215.500000	216.000000	0	0	6	cluster_6	1.0000
864	Spectrogram 1	1	215.750000	216.250000	0	0	6	cluster_6	1.0000
865	Spectrogram 1	1	216.000000	216.500000	0	0	6	cluster_6	1.0000
866	Spectrogram 1	1	216.250000	216.750000	0	0	6	cluster_6	1.0000
867	Spectrogram 1	1	216.500000	217.000000	0	0	6	cluster_6	1.0000
868	Spectrogram 1	1	216.750000	217.250000	0	0	6	cluster_6	1.0000
869	Spectrogram 1	1	217.000000	217.500000	0	0	6	cluster_6	1.0000
870	Spectrogram 1	1	217.250000	217.750000	0	0	6	cluster_6	1.0000
871	Spectrogram 1	1	217.500000	218.000000	0	0	6	cluster_6	1.0000
872	Spectrogram 1	1	217.750000	218.250000	0	0	6	cluster_6	1.0000
873	Spectrogram 1	1	218.000000	218.500000	0	0	6	cluster_6	0.9951
874	Spectrogram 1	1	218.250000	218.750000	0	0	6	cluster_6	0.9404
875	Spectrogram 1	1	218.500000	219.000000	0	0	6	cluster_6	1.0000
876	Spectrogram 1	1	218.750000	219.250000	0	0	6	cluster_6	1.0000
877	Spectrogram 1	1	219.000000	219.500000	0	0	6	cluster_6	1.0000
878	Spectrogram 1	1	219.250000	219.750000	0	0	6	cluster_6	1.0000
879	Spectrogram 1	1	219.500000	220.000000	0	0	6	cluster_6	1.0000
880	Spectrogram 1	1	219.750000	220.250000	0	0	6	cluster_6	1.0000
881	Spectrogram 1	1	220.000000	220.500000	0	0	6	cluster_6	1.0000
882	Spectrogram 1	1	220.250000	220.750000	0	0	6	cluster_6	1.0000
883	Spectrogram 1	1	220.500000	221.000000	0	0	6	cluster_6	1.0000
884	Spectrogram 1	1	220.750000	221.250000	0	0	6	cluster_6	1.0000
885	Spectrogram 1	1	221.000000	221.500000	0	0	6	cluster_6	0.9935
886	Spectrogram 1	1	221.250000	221.750000	0	0	6	cluster_6	0.8218
887	Spectrogram 1	1	221.500000	222.000000	0	0	6	cluster_6	1.0000
888	Spectrogram 1	1	221.750000	222.250000	0	0	6	cluster_6	1.0000
889	Spectrogram 1	1	222.000000	222.500000	0	0	6	cluster_6	1.0000
890	Spectrogram 1	1	222.250000	222.750000	0	0	6	cluster_6	1.0000
891	Spectrogram 1	1	222.500000	223.000000	0	0	6	cluster_6	1.0000
892	Spectrogram 1	1	222.750000	223.250000	0	0	6	cluster_6	1.0000
893	Spectrogram 1	1	223.000000	223.500000	0	0	6	cluster_6	1.0000
894	Spectrogram 1	1	223.250000	223.750000	0	0	6	cluster_6	1.0000
895	Spectrogram 1	1	223.500000	224.000000	0	0	6	cluster_6	1.0000
896	Spectrogram 1	1	223.750000	224.250000	0	0	6	cluster_6	1.0000
897	Spectrogram 1	1	224.000000	224.500000	0	0	6	cluster_6	1.0000
898	Spectrogram 1	1	224.250000	224.750000	0	0	6	cluster_6	1.0000
899	Spectrogram 1	1	224.500000	225.000000	0	0	6	cluster_6	0.9873
900	Spectrogram 1	1	224.750000	225.250000	0	0	6	cluster_6	1.0000
901	Spectrogram 1	1	225.000000	225.500000	0	0	6	cluster_6	1.0000
902	Spectrogram 1	1	225.250000	225.750000	0	0	6	cluster_6	1.0000
903	Spectrogram 1	1	225.500000	226.000000	0	0	6	cluster_6	1.0000
904	Spectrogram 1	1	225.750000	226.250000	0	0	6	cluster_6	1.0000
905	Spectrogram 1	1	226.000000	226.500000	0	0	6	cluster_6	1.0000
906	Spectrogram 1	1	226.250000	226.750000	0	0	6	cluster_6	1.0000
907	Spectrogram 1	1	226.500000	227.000000	0	0	6	cluster_6	1.0000
908	Spectrogram 1	1	226.750000	227.250000	0	0	6	cluster_6	1.0000
909	Spectrogram 1	1	227.000000	227.500000	0	0	6	cluster_6	1.0000
910	Spectrogram 1	1	227.250000	227.750000	0	0	6	cluster_6	1.0000
911	Spectrogram 1	1	227.500000	228.000000	0	0	6	cluster_6	1.0000
912	Spectrogram 1	1	227.750000	228.250000	0	0	6	cluster_6	1.0000
913	Spectrogram 1	1	228.000000	228.500000	0	0	6	cluster_6	1.0000
914	Spectrogram 1	1	228.250000	228.750000	0	0	6	cluster_6	1.0000
915	Spectrogram 1	1	228.500000	229.000000	0	0	6	cluster_6	1.0000
916	Spectrogram 1	1	228.750000	229.250000	0	0	6	cluster_6	1.0000
917	Spectrogram 1	1	229.000000	229.500000	0	0	6	cluster_6	1.0000
918	Spectrogram 1	1	229.250000	229.750000	0	0	6	cluster_6	0.9972
919	Spectrogram 1	1	229.500000	230.000000	0	0	6	cluster_6	0.9880
920	Spectrogram 1	1	229.750000	230.250000	0	0	6	cluster_6	0.9421
921	Spectrogram 1	1	230.000000	230.500000	0	0	6	cluster_6	1.0000
922	Spectrogram 1	1	230.250000	230.750000	0	0	6	cluster_6	1.0000
923	Spectrogram 1	1	230.500000	231.000000	0	0	6	cluster_6	1.0000
924	Spectrogram 1	1	230.750000	231.250000	0	0	6	cluster_6	1.0000
925	Spectrogram 1	1	231.000000	231.500000	0	0	6	cluster_6	1.0000
926	Spectrogram 1	1	231.250000	231.750000	0	0	6	cluster_6	1.0000
927	Spectrogram 1	1	231.500000	232.000000	0	0	6	cluster_6	1.0000
928	Spectrogram 1	1	231.750000	232.250000	0	0	6	cluster_6	0.9781
929	Spectrogram 1	1	232.000000	232.500000	0	0	5	cluster_5	0.5966
930	Spectrogram 1	1	232.250000	232.750000	0	0	6	cluster_6	1.0000
931	Spectrogram 1	1	232.500000	233.000000	0	0	6	cluster_6	0.8468
932	Spectrogram 1	1	232.750000	233.250000	0	0	6	cluster_6	1.0000
933	Spectrogram 1	1	233.000000	233.500000	0	0	6	cluster_6	1.0000
934	Spectrogram 1	1	233.250000	233.750000	0	0	6	cluster_6	1.0000
935	Spectrogram 1	1	233.500000	234.000000	0	0	6	cluster_6	1.0000
936	Spectrogram 1	1	233.750000	234.250000	0	0	6	cluster_6	1.0000
937	Spectrogram 1	1	234.000000	234.500000	0	0	6	cluster_6	0.9839
938	Spectrogram 1	1	234.250000	234.750000	0	0	6	cluster_6	1.0000
939	Spectrogram 1	1	234.500000	235.000000	0	0	6	cluster_6	1.0000
940	Spectrogram 1	1	234.750000	235.250000	0	0	6	cluster_6	1.0000
941	Spectrogram 1	1	235.000000	235.500000	0	0	6	cluster_6	1.0000
942	Spectrogram 1	1	235.250000	235.750000	0	0	6	cluster_6	1.0000
943	Spectrogram 1	1	235.500000	236.000000	0	0	6	cluster_6	1.0000
944	Spectrogram 1	1	235.750000	236.250000	0	0	6	cluster_6	1.0000
945	Spectrogram 1	1	236.000000	236.500000	0	0	6	cluster_6	1.0000
946	Spectrogram 1	1	236.250000	236.750000	0	0	6	cluster_6	1.0000
947	Spectrogram 1	1	236.500000	237.000000	0	0	6	cluster_6	1.0000
948	Spectrogram 1	1	236.750000	237.250000	0	0	6	cluster_6	1.0000
949	Spectrogram 1	1	237.000000	237.500000	0	0	6	cluster_6	1.0000
950	Spectrogram 1	1	237.250000	237.750000	0	0	6	cluster_6	1.0000
951	Spectrogram 1	1	237.500000	238.000000	0	0	6	cluster_6	1.0000
952	Spectrogram 1	1	237.750000	238.250000	0	0	6	cluster_6	1.0000
953	Spectrogram 1	1	238.000000	238.500000	0	0	6	cluster_6	1.0000
954	Spectrogram 1	1	238.250000	238.750000	0	0	6	cluster_6	1.0000
955	Spectrogram 1	1	238.500000	239.000000	0	0	6	cluster_6	1.0000
956	Spectrogram 1	1	238.750000	239.250000	0	0	6	cluster_6	1.0000
957	Spectrogram 1	1	239.000000	239.500000	0	0	6	cluster_6	1.0000
958	Spectrogram 1	1	239.250000	239.750000	0	0	6	cluster_6	1.0000
959	Spectrogram 1	1	239.500000	240.000000	0	0	6	cluster_6	1.0000
960	Spectrogram 1	1	239.750000	240.250000	0	0	6	cluster_6	1.0000
961	Spectrogram 1	1	240.000000	240.500000	0	0	6	cluster_6	1.0000
962	Spectrogram 1	1	240.250000	240.750000	0	0	6	cluster_6	1.0000
963	Spectrogram 1	1	240.500000	241.000000	0	0	6	cluster_6	1.0000
964	Spectrogram 1	1	240.750000	241.250000	0	0	6	cluster_6	1.0000
965	Spectrogram 1	1	241.000000	241.500000	0	0	6	cluster_6	1.0000
966	Spectrogram 1	1	241.250000	241.750000	0	0	6	cluster_6	1.0000
967	Spectrogram 1	1	241.500000	242.000000	0	0	6	cluster_6	1.0000
968	Spectrogram 1	1	241.750000	242.250000	0	0	6	cluster_6	1.0000
969	Spectrogram 1	1	242.000000	242.500000	0	0	6	cluster_6	1.0000
970	Spectrogram 1	1	242.250000	242.750000	0	0	6	cluster_6	1.0000
971	Spectrogram 1	1	242.500000	243.000000	0	0	6	cluster_6	1.0000
972	Spectrogram 1	1	242.750000	243.250000	0	0	6	cluster_6	1.0000
973	Spectrogram 1	1	243.000000	243.500000	0	0	6	cluster_6	1.0000
974	Spectrogram 1	1	243.250000	243.750000	0	0	6	cluster_6	1.0000
975	Spectrogram 1	1	243.500000	244.000000	0	0	6	cluster_6	1.0000
976	Spectrogram 1	1	243.750000	244.250000	0	0	6	cluster_6	1.0000
977	Spectrogram 1	1	244.000000	244.500000	0	0	6	cluster_6	1.0000
978	Spectrogram 1	1	244.250000	244.750000	0	0	6	cluster_6	1.0000
979	Spectrogram 1	1	244.500000	245.000000	0	0	6	cluster_6	1.0000
980	Spectrogram 1	1	244.750000	245.250000	0	0	6	cluster_6	1.0000
981	Spectrogram 1	1	245.000000	245.500000	0	0	6	cluster_6	1.0000
982	Spectrogram 1	1	245.250000	245.750000	0	0	6	cluster_6	1.0000
983	Spectrogram 1	1	245.500000	246.000000	0	0	6	cluster_6	1.0000
984	Spectrogram 1	1	245.750000	246.250000	0	0	6	cluster_6	1.0000
985	Spectrogram 1	1	246.000000	246.500000	0	0	6	cluster_6	0.9822
986	Spectrogram 1	1	246.250000	246.750000	0	0	6	cluster_6	1.0000
987	Spectrogram 1	1	246.500000	247.000000	0	0	6	cluster_6	1.0000
988	Spectrogram 1	1	246.750000	247.250000	0	0	6	cluster_6	1.0000
989	Spectrogram 1	1	247.000000	247.500000	0	0	6	cluster_6	1.0000
990	Spectrogram 1	1	247.250000	247.750000	0	0	6	cluster_6	1.0000
991	Spectrogram 1	1	247.500000	248.000000	0	0	6	cluster_6	1.0000
992	Spectrogram 1	1	247.750000	248.250000	0	0	6	cluster_6	1.0000
993	Spectrogram 1	1	248.000000	248.500000	0	0	6	cluster_6	1.0000
994	Spectrogram 1	1	248.250000	248.750000	0	0	6	cluster_6	1.0000
995	Spectrogram 1	1	248.500000	249.000000	0	0	6	cluster_6	1.0000
996	Spectrogram 1	1	248.750000	249.250000	0	0	6	cluster_6	0.9828
997	Spectrogram 1	1	249.000000	249.500000	0	0	6	cluster_6	0.8221
998	Spectrogram 1	1	249.250000	249.750000	0	0	6	cluster_6	1.0000
999	Spectrogram 1	1	249.500000	250.000000	0	0	6	cluster_6	0.9243
1000	Spectrogram 1	1	249.750000	250.250000	0	0	6	cluster_6	1.0000
1001	Spectrogram 1	1	250.000000	250.500000	0	0	6	cluster_6	1.0000
1002	Spectrogram 1	1	250.250000	250.750000	0	0	6	cluster_6	0.9662
1003	Spectrogram 1	1	250.500000	251.000000	0	0	6	cluster_6	1.0000
1004	Spectrogram 1	1	250.750000	251.250000	0	0	6	cluster_6	1.0000
1005	Spectrogram 1	1	251.000000	251.500000	0	0	6	cluster_6	1.0000
1006	Spectrogram 1	1	251.250000	251.750000	0	0	6	cluster_6	1.0000
1007	Spectrogram 1	1	251.500000	252.000000	0	0	6	cluster_6	1.0000
1008	Spectrogram 1	1	251.750000	252.250000	0	0	6	cluster_6	0.9337
1009	Spectrogram 1	1	252.000000	252.500000	0	0	6	cluster_6	1.0000
1010	Spectrogram 1	1	252.250000	252.750000	0	0	6	cluster_6	1.0000
1011	Spectrogram 1	1	252.500000	253.000000	0	0	6	cluster_6	1.0000
1012	Spectrogram 1	1	252.750000	253.250000	0	0	6	cluster_6	1.0000
1013	Spectrogram 1	1	253.000000	253.500000	0	0	6	cluster_6	1.0000
1014	Spectrogram 1	1	253.250000	253.750000	0	0	6	cluster_6	1.0000
1015	Spectrogram 1	1	253.500000	254.000000	0	0	6	cluster_6	1.0000
1016	Spectrogram 1	1	253.750000	254.250000	0	0	6	cluster_6	1.0000
1017	Spectrogram 1	1	254.000000	254.500000	0	0	6	cluster_6	1.0000
1018	Spectrogram 1	1	254.250000	254.750000	0	0	6	cluster_6	1.0000
1019	Spectrogram 1	1	254.500000	255.000000	0	0	6	cluster_6	1.0000
1020	Spectrogram 1	1	254.750000	255.250000	0	0	6	cluster_6	1.0000
1021	Spectrogram 1	1	255.000000	255.500000	0	0	6	cluster_6	1.0000
1022	Spectrogram 1	1	255.250000	255.750000	0	0	6	cluster_6	1.0000
1023	Spectrogram 1	1	255.500000	256.000000	0	0	6	cluster_6	1.0000
1024	Spectrogram 1	1	255.750000	256.250000	0	0	6	cluster_6	1.0000
1025	Spectrogram 1	1	256.000000	256.500000	0	0	6	cluster_6	1.0000
1026	Spectrogram 1	1	256.250000	256.750000	0	0	6	cluster_6	1.0000
1027	Spectrogram 1	1	256.500000	257.000000	0	0	6	cluster_6	1.0000
1028	Spectrogram 1	1	256.750000	257.250000	0	0	6	cluster_6	1.0000
1029	Spectrogram 1	1	257.000000	257.500000	0	0	6	cluster_6	1.0000
1030	Spectrogram 1	1	257.250000	257.750000	0	0	6	cluster_6	1.0000
1031	Spectrogram 1	1	257.500000	258.000000	0	0	6	cluster_6	1.0000
1032	Spectrogram 1	1	257.750000	258.250000	0	0	6	cluster_6	1.0000
1033	Spectrogram 1	1	258.000000	258.500000	0	0	6	cluster_6	1.0000
1034	Spectrogram 1	1	258.250000	258.750000	0	0	6	cluster_6	1.0000
1035	Spectrogram 1	1	258.500000	259.000000	0	0	6	cluster_6	1.0000
1036	Spectrogram 1	1	258.750000	259.250000	0	0	6	cluster_6	1.0000
1037	Spectrogram 1	1	259.000000	259.500000	0	0	6	cluster_6	1.0000
1038	Spectrogram 1	1	259.250000	259.750000	0	0	6	cluster_6	1.0000
1039	Spectrogram 1	1	259.500000	260.000000	0	0	6	cluster_6	1.0000
1040	Spectrogram 1	1	259.750000	260.250000	0	0	6	cluster_6	1.0000
1041	Spectrogram 1	1	260.000000	260.500000	0	0	6	cluster_6	1.0000
1042	Spectrogram 1	1	260.250000	260.750000	0	0	6	cluster_6	1.0000
1043	Spectrogram 1	1	260.500000	261.000000	0	0	6	cluster_6	1.0000
1044	Spectrogram 1	1	260.750000	261.250000	0	0	6	cluster_6	1.0000
1045	Spectrogram 1	1	261.000000	261.500000	0	0	6	cluster_6	1.0000
1046	Spectrogram 1	1	261.250000	261.750000	0	0	6	cluster_6	1.0000
1047	Spectrogram 1	1	261.500000	262.000000	0	0	6	cluster_6	1.0000
1048	Spectrogram 1	1	261.750000	262.250000	0	0	6	cluster_6	1.0000
1049	Spectrogram 1	1	262.000000	262.500000	0	0	6	cluster_6	1.0000
1050	Spectrogram 1	1	262.250000	262.750000	0	0	6	cluster_6	1.0000
1051	Spectrogram 1	1	262.500000	263.000000	0	0	6	cluster_6	1.0000
1052	Spectrogram 1	1	262.750000	263.250000	0	0	6	cluster_6	1.0000
1053	Spectrogram 1	1	263.000000	263.500000	0	0	noise	cluster_noise	0.0000
1054	Spectrogram 1	1	263.250000	263.750000	0	0	noise	cluster_noise	0.0000
1055	Spectrogram 1	1	263.500000	264.000000	0	0	5	cluster_5	0.5776
1056	Spectrogram 1	1	263.750000	264.250000	0	0	5	cluster_5	0.5371
1057	Spectrogram 1	1	264.000000	264.500000	0	0	5	cluster_5	0.5338
1058	Spectrogram 1	1	264.250000	264.750000	0	0	5	cluster_5	0.9101
1059	Spectrogram 1	1	264.500000	265.000000	0	0	5	cluster_5	0.6587
1060	Spectrogram 1	1	264.750000	265.250000	0	0	5	cluster_5	0.5644
1061	Spectrogram 1	1	265.000000	265.500000	0	0	5	cluster_5	0.5185
1062	Spectrogram 1	1	265.250000	265.750000	0	0	noise	cluster_noise	0.0000
1063	Spectrogram 1	1	265.500000	266.000000	0	0	6	cluster_6	1.0000
1064	Spectrogram 1	1	265.750000	266.250000	0	0	10	cluster_10	1.0000
1065	Spectrogram 1	1	266.000000	266.500000	0	0	10	cluster_10	0.9300
1066	Spectrogram 1	1	266.250000	266.750000	0	0	10	cluster_10	1.0000
1067	Spectrogram 1	1	266.500000	267.000000	0	0	10	cluster_10	1.0000
1068	Spectrogram 1	1	266.750000	267.250000	0	0	6	cluster_6	1.0000
1069	Spectrogram 1	1	267.000000	267.500000	0	0	6	cluster_6	1.0000
1070	Spectrogram 1	1	267.250000	267.750000	0	0	6	cluster_6	1.0000
1071	Spectrogram 1	1	267.500000	268.000000	0	0	6	cluster_6	1.0000
1072	Spectrogram 1	1	267.750000	268.250000	0	0	6	cluster_6	1.0000
1073	Spectrogram 1	1	268.000000	268.500000	0	0	6	cluster_6	1.0000
1074	Spectrogram 1	1	268.250000	268.750000	0	0	6	cluster_6	1.0000
1075	Spectrogram 1	1	268.500000	269.000000	0	0	5	cluster_5	0.6970
1076	Spectrogram 1	1	268.750000	269.250000	0	0	9	cluster_9	0.7375
1077	Spectrogram 1	1	269.000000	269.500000	0	0	9	cluster_9	0.7474
1078	Spectrogram 1	1	269.250000	269.750000	0	0	9	cluster_9	0.7310
1079	Spectrogram 1	1	269.500000	270.000000	0	0	9	cluster_9	0.7684
1080	Spectrogram 1	1	269.750000	270.250000	0	0	9	cluster_9	0.9448
1081	Spectrogram 1	1	270.000000	270.500000	0	0	9	cluster_9	0.7233
1082	Spectrogram 1	1	270.250000	270.750000	0	0	9	cluster_9	0.6673
1083	Spectrogram 1	1	270.500000	271.000000	0	0	6	cluster_6	1.0000
1084	Spectrogram 1	1	270.750000	271.250000	0	0	6	cluster_6	1.0000
1085	Spectrogram 1	1	271.000000	271.500000	0	0	6	cluster_6	1.0000
1086	Spectrogram 1	1	271.250000	271.750000	0	0	5	cluster_5	1.0000
1087	Spectrogram 1	1	271.500000	272.000000	0	0	9	cluster_9	0.7474
1088	Spectrogram 1	1	271.750000	272.250000	0	0	9	cluster_9	0.5993
1089	Spectrogram 1	1	272.000000	272.500000	0	0	9	cluster_9	0.7821
1090	Spectrogram 1	1	272.250000	272.750000	0	0	9	cluster_9	0.8918
1091	Spectrogram 1	1	272.500000	273.000000	0	0	9	cluster_9	0.9448
1092	Spectrogram 1	1	272.750000	273.250000	0	0	9	cluster_9	0.7726
1093	Spectrogram 1	1	273.000000	273.500000	0	0	9	cluster_9	0.7236
1094	Spectrogram 1	1	273.250000	273.750000	0	0	9	cluster_9	0.6478
1095	Spectrogram 1	1	273.500000	274.000000	0	0	6	cluster_6	0.7988
1096	Spectrogram 1	1	273.750000	274.250000	0	0	6	cluster_6	1.0000
1097	Spectrogram 1	1	274.000000	274.500000	0	0	6	cluster_6	1.0000
1098	Spectrogram 1	1	274.250000	274.750000	0	0	9	cluster_9	0.5626
1099	Spectrogram 1	1	274.500000	275.000000	0	0	6	cluster_6	1.0000
1100	Spectrogram 1	1	274.750000	275.250000	0	0	5	cluster_5	0.6587
1101	Spectrogram 1	1	275.000000	275.500000	0	0	5	cluster_5	0.7622
1102	Spectrogram 1	1	275.250000	275.750000	0	0	5	cluster_5	0.8264
1103	Spectrogram 1	1	275.500000	276.000000	0	0	5	cluster_5	0.8413
1104	Spectrogram 1	1	275.750000	276.250000	0	0	5	cluster_5	0.8914
1105	Spectrogram 1	1	276.000000	276.500000	0	0	5	cluster_5	0.9857
1106	Spectrogram 1	1	276.250000	276.750000	0	0	5	cluster_5	0.9740
1107	Spectrogram 1	1	276.500000	277.000000	0	0	5	cluster_5	0.7370
1108	Spectrogram 1	1	276.750000	277.250000	0	0	5	cluster_5	0.5389
1109	Spectrogram 1	1	277.000000	277.500000	0	0	5	cluster_5	0.6769
1110	Spectrogram 1	1	277.250000	277.750000	0	0	5	cluster_5	0.6569
1111	Spectrogram 1	1	277.500000	278.000000	0	0	5	cluster_5	0.6587
1112	Spectrogram 1	1	277.750000	278.250000	0	0	6	cluster_6	1.0000
1113	Spectrogram 1	1	278.000000	278.500000	0	0	6	cluster_6	1.0000
1114	Spectrogram 1	1	278.250000	278.750000	0	0	10	cluster_10	1.0000
1115	Spectrogram 1	1	278.500000	279.000000	0	0	10	cluster_10	1.0000
1116	Spectrogram 1	1	278.750000	279.250000	0	0	10	cluster_10	0.8025
1117	Spectrogram 1	1	279.000000	279.500000	0	0	10	cluster_10	1.0000
1118	Spectrogram 1	1	279.250000	279.750000	0	0	10	cluster_10	1.0000
1119	Spectrogram 1	1	279.500000	280.000000	0	0	6	cluster_6	1.0000
1120	Spectrogram 1	1	279.750000	280.250000	0	0	6	cluster_6	1.0000
1121	Spectrogram 1	1	280.000000	280.500000	0	0	10	cluster_10	0.8233
1122	Spectrogram 1	1	280.250000	280.750000	0	0	6	cluster_6	1.0000
1123	Spectrogram 1	1	280.500000	281.000000	0	0	6	cluster_6	1.0000
1124	Spectrogram 1	1	280.750000	281.250000	0	0	6	cluster_6	1.0000
1125	Spectrogram 1	1	281.000000	281.500000	0	0	6	cluster_6	1.0000
1126	Spectrogram 1	1	281.250000	281.750000	0	0	5	cluster_5	0.8550
1127	Spectrogram 1	1	281.500000	282.000000	0	0	9	cluster_9	0.7474
1128	Spectrogram 1	1	281.750000	282.250000	0	0	9	cluster_9	0.7474
1129	Spectrogram 1	1	282.000000	282.500000	0	0	9	cluster_9	0.8885
1130	Spectrogram 1	1	282.250000	282.750000	0	0	9	cluster_9	0.9084
1131	Spectrogram 1	1	282.500000	283.000000	0	0	9	cluster_9	0.9448
1132	Spectrogram 1	1	282.750000	283.250000	0	0	9	cluster_9	0.8506
1133	Spectrogram 1	1	283.000000	283.500000	0	0	9	cluster_9	0.9391
1134	Spectrogram 1	1	283.250000	283.750000	0	0	9	cluster_9	0.8753
1135	Spectrogram 1	1	283.500000	284.000000	0	0	6	cluster_6	1.0000
1136	Spectrogram 1	1	283.750000	284.250000	0	0	6	cluster_6	1.0000
1137	Spectrogram 1	1	284.000000	284.500000	0	0	5	cluster_5	0.9128
1138	Spectrogram 1	1	284.250000	284.750000	0	0	9	cluster_9	0.7474
1139	Spectrogram 1	1	284.500000	285.000000	0	0	9	cluster_9	0.7022
1140	Spectrogram 1	1	284.750000	285.250000	0	0	9	cluster_9	0.9543
1141	Spectrogram 1	1	285.000000	285.500000	0	0	9	cluster_9	0.9448
1142	Spectrogram 1	1	285.250000	285.750000	0	0	9	cluster_9	0.9448
1143	Spectrogram 1	1	285.500000	286.000000	0	0	9	cluster_9	0.8526
1144	Spectrogram 1	1	285.750000	286.250000	0	0	9	cluster_9	0.9934
1145	Spectrogram 1	1	286.000000	286.500000	0	0	9	cluster_9	0.7910
1146	Spectrogram 1	1	286.250000	286.750000	0	0	noise	cluster_noise	0.0000
1147	Spectrogram 1	1	286.500000	287.000000	0	0	noise	cluster_noise	0.0000
1148	Spectrogram 1	1	286.750000	287.250000	0	0	6	cluster_6	1.0000
1149	Spectrogram 1	1	287.000000	287.500000	0	0	6	cluster_6	1.0000
1150	Spectrogram 1	1	287.250000	287.750000	0	0	5	cluster_5	0.5626
1151	Spectrogram 1	1	287.500000	288.000000	0	0	5	cluster_5	0.8614
1152	Spectrogram 1	1	287.750000	288.250000	0	0	5	cluster_5	0.9301
1153	Spectrogram 1	1	288.000000	288.500000	0	0	5	cluster_5	1.0000
1154	Spectrogram 1	1	288.250000	288.750000	0	0	5	cluster_5	1.0000
1155	Spectrogram 1	1	288.500000	289.000000	0	0	5	cluster_5	1.0000
1156	Spectrogram 1	1	288.750000	289.250000	0	0	5	cluster_5	1.0000
1157	Spectrogram 1	1	289.000000	289.500000	0	0	5	cluster_5	0.8377
1158	Spectrogram 1	1	289.250000	289.750000	0	0	5	cluster_5	0.6587
1159	Spectrogram 1	1	289.500000	290.000000	0	0	5	cluster_5	0.6587
1160	Spectrogram 1	1	289.750000	290.250000	0	0	5	cluster_5	0.6587
1161	Spectrogram 1	1	290.000000	290.500000	0	0	5	cluster_5	0.5977
1162	Spectrogram 1	1	290.250000	290.750000	0	0	5	cluster_5	0.5906
1163	Spectrogram 1	1	290.500000	291.000000	0	0	5	cluster_5	0.5715
1164	Spectrogram 1	1	290.750000	291.250000	0	0	10	cluster_10	1.0000
1165	Spectrogram 1	1	291.000000	291.500000	0	0	10	cluster_10	0.8769
1166	Spectrogram 1	1	291.250000	291.750000	0	0	10	cluster_10	0.9411
1167	Spectrogram 1	1	291.500000	292.000000	0	0	10	cluster_10	1.0000
1168	Spectrogram 1	1	291.750000	292.250000	0	0	10	cluster_10	1.0000
1169	Spectrogram 1	1	292.000000	292.500000	0	0	10	cluster_10	1.0000
1170	Spectrogram 1	1	292.250000	292.750000	0	0	10	cluster_10	1.0000
1171	Spectrogram 1	1	292.500000	293.000000	0	0	10	cluster_10	0.9368
1172	Spectrogram 1	1	292.750000	293.250000	0	0	10	cluster_10	0.9528
1173	Spectrogram 1	1	293.000000	293.500000	0	0	10	cluster_10	0.9499
1174	Spectrogram 1	1	293.250000	293.750000	0	0	6	cluster_6	1.0000
1175	Spectrogram 1	1	293.500000	294.000000	0	0	6	cluster_6	1.0000
1176	Spectrogram 1	1	293.750000	294.250000	0	0	6	cluster_6	1.0000
1177	Spectrogram 1	1	294.000000	294.500000	0	0	5	cluster_5	0.5875
1178	Spectrogram 1	1	294.250000	294.750000	0	0	9	cluster_9	0.6273
1179	Spectrogram 1	1	294.500000	295.000000	0	0	9	cluster_9	0.7474
1180	Spectrogram 1	1	294.750000	295.250000	0	0	9	cluster_9	0.8654
1181	Spectrogram 1	1	295.000000	295.500000	0	0	9	cluster_9	0.8764
1182	Spectrogram 1	1	295.250000	295.750000	0	0	9	cluster_9	0.8679
1183	Spectrogram 1	1	295.500000	296.000000	0	0	9	cluster_9	0.8020
1184	Spectrogram 1	1	295.750000	296.250000	0	0	9	cluster_9	0.9015
1185	Spectrogram 1	1	296.000000	296.500000	0	0	9	cluster_9	0.8367
1186	Spectrogram 1	1	296.250000	296.750000	0	0	noise	cluster_noise	0.0000
1187	Spectrogram 1	1	296.500000	297.000000	0	0	6	cluster_6	1.0000
1188	Spectrogram 1	1	296.750000	297.250000	0	0	5	cluster_5	0.6865
1189	Spectrogram 1	1	297.000000	297.500000	0	0	9	cluster_9	0.6668
1190	Spectrogram 1	1	297.250000	297.750000	0	0	9	cluster_9	0.6750
1191	Spectrogram 1	1	297.500000	298.000000	0	0	9	cluster_9	0.7266
1192	Spectrogram 1	1	297.750000	298.250000	0	0	9	cluster_9	0.8391
1193	Spectrogram 1	1	298.000000	298.500000	0	0	9	cluster_9	0.8617
1194	Spectrogram 1	1	298.250000	298.750000	0	0	9	cluster_9	0.9168
1195	Spectrogram 1	1	298.500000	299.000000	0	0	9	cluster_9	0.7998
1196	Spectrogram 1	1	298.750000	299.250000	0	0	noise	cluster_noise	0.0000
1197	Spectrogram 1	1	299.000000	299.500000	0	0	6	cluster_6	1.0000
1198	Spectrogram 1	1	299.250000	299.750000	0	0	6	cluster_6	1.0000
1199	Spectrogram 1	1	299.500000	300.000000	0	0	6	cluster_6	1.0000
1200	Spectrogram 1	1	299.750000	300.250000	0	0	6	cluster_6	1.0000
1201	Spectrogram 1	1	300.000000	300.500000	0	0	5	cluster_5	0.7713
1202	Spectrogram 1	1	300.250000	300.750000	0	0	5	cluster_5	1.0000
1203	Spectrogram 1	1	300.500000	301.000000	0	0	5	cluster_5	1.0000
1204	Spectrogram 1	1	300.750000	301.250000	0	0	5	cluster_5	1.0000
1205	Spectrogram 1	1	301.000000	301.500000	0	0	5	cluster_5	1.0000
1206	Spectrogram 1	1	301.250000	301.750000	0	0	5	cluster_5	1.0000
1207	Spectrogram 1	1	301.500000	302.000000	0	0	5	cluster_5	1.0000
1208	Spectrogram 1	1	301.750000	302.250000	0	0	5	cluster_5	0.5690
1209	Spectrogram 1	1	302.000000	302.500000	0	0	5	cluster_5	0.5848
1210	Spectrogram 1	1	302.250000	302.750000	0	0	5	cluster_5	0.6587
1211	Spectrogram 1	1	302.500000	303.000000	0	0	5	cluster_5	0.6587
1212	Spectrogram 1	1	302.750000	303.250000	0	0	6	cluster_6	1.0000
1213	Spectrogram 1	1	303.000000	303.500000	0	0	6	cluster_6	1.0000
1214	Spectrogram 1	1	303.250000	303.750000	0	0	10	cluster_10	0.9543
1215	Spectrogram 1	1	303.500000	304.000000	0	0	10	cluster_10	0.9908
1216	Spectrogram 1	1	303.750000	304.250000	0	0	10	cluster_10	1.0000
1217	Spectrogram 1	1	304.000000	304.500000	0	0	10	cluster_10	1.0000
1218	Spectrogram 1	1	304.250000	304.750000	0	0	10	cluster_10	1.0000
1219	Spectrogram 1	1	304.500000	305.000000	0	0	10	cluster_10	1.0000
1220	Spectrogram 1	1	304.750000	305.250000	0	0	10	cluster_10	1.0000
1221	Spectrogram 1	1	305.000000	305.500000	0	0	6	cluster_6	1.0000
1222	Spectrogram 1	1	305.250000	305.750000	0	0	6	cluster_6	1.0000
1223	Spectrogram 1	1	305.500000	306.000000	0	0	10	cluster_10	0.8510
1224	Spectrogram 1	1	305.750000	306.250000	0	0	6	cluster_6	1.0000
1225	Spectrogram 1	1	306.000000	306.500000	0	0	6	cluster_6	1.0000
1226	Spectrogram 1	1	306.250000	306.750000	0	0	6	cluster_6	1.0000
1227	Spectrogram 1	1	306.500000	307.000000	0	0	5	cluster_5	0.5152
1228	Spectrogram 1	1	306.750000	307.250000	0	0	5	cluster_5	0.8711
1229	Spectrogram 1	1	307.000000	307.500000	0	0	9	cluster_9	0.7474
1230	Spectrogram 1	1	307.250000	307.750000	0	0	9	cluster_9	0.8899
1231	Spectrogram 1	1	307.500000	308.000000	0	0	9	cluster_9	0.7977
1232	Spectrogram 1	1	307.750000	308.250000	0	0	9	cluster_9	0.9448
1233	Spectrogram 1	1	308.000000	308.500000	0	0	9	cluster_9	0.9448
1234	Spectrogram 1	1	308.250000	308.750000	0	0	9	cluster_9	0.7207
1235	Spectrogram 1	1	308.500000	309.000000	0	0	noise	cluster_noise	0.0000
1236	Spectrogram 1	1	308.750000	309.250000	0	0	noise	cluster_noise	0.0000
1237	Spectrogram 1	1	309.000000	309.500000	0	0	noise	cluster_noise	0.0000
1238	Spectrogram 1	1	309.250000	309.750000	0	0	5	cluster_5	0.5916
1239	Spectrogram 1	1	309.500000	310.000000	0	0	9	cluster_9	0.6373
1240	Spectrogram 1	1	309.750000	310.250000	0	0	9	cluster_9	0.7474
1241	Spectrogram 1	1	310.000000	310.500000	0	0	9	cluster_9	0.7554
1242	Spectrogram 1	1	310.250000	310.750000	0	0	9	cluster_9	0.8107
1243	Spectrogram 1	1	310.500000	311.000000	0	0	9	cluster_9	0.9448
1244	Spectrogram 1	1	310.750000	311.250000	0	0	9	cluster_9	0.9217
1245	Spectrogram 1	1	311.000000	311.500000	0	0	9	cluster_9	0.8052
1246	Spectrogram 1	1	311.250000	311.750000	0	0	9	cluster_9	0.8149
1247	Spectrogram 1	1	311.500000	312.000000	0	0	noise	cluster_noise	0.0000
1248	Spectrogram 1	1	311.750000	312.250000	0	0	6	cluster_6	0.6719
1249	Spectrogram 1	1	312.000000	312.500000	0	0	6	cluster_6	0.8325
1250	Spectrogram 1	1	312.250000	312.750000	0	0	6	cluster_6	0.8183
1251	Spectrogram 1	1	312.500000	313.000000	0	0	6	cluster_6	0.9208
1252	Spectrogram 1	1	312.750000	313.250000	0	0	5	cluster_5	0.9793
1253	Spectrogram 1	1	313.000000	313.500000	0	0	5	cluster_5	1.0000
1254	Spectrogram 1	1	313.250000	313.750000	0	0	5	cluster_5	1.0000
1255	Spectrogram 1	1	313.500000	314.000000	0	0	5	cluster_5	1.0000
1256	Spectrogram 1	1	313.750000	314.250000	0	0	5	cluster_5	1.0000
1257	Spectrogram 1	1	314.000000	314.500000	0	0	5	cluster_5	1.0000
1258	Spectrogram 1	1	314.250000	314.750000	0	0	5	cluster_5	1.0000
1259	Spectrogram 1	1	314.500000	315.000000	0	0	5	cluster_5	0.8431
1260	Spectrogram 1	1	314.750000	315.250000	0	0	5	cluster_5	0.6719
1261	Spectrogram 1	1	315.000000	315.500000	0	0	5	cluster_5	0.6204
1262	Spectrogram 1	1	315.250000	315.750000	0	0	5	cluster_5	0.6587
1263	Spectrogram 1	1	315.500000	316.000000	0	0	5	cluster_5	0.6587
1264	Spectrogram 1	1	315.750000	316.250000	0	0	6	cluster_6	1.0000
1265	Spectrogram 1	1	316.000000	316.500000	0	0	6	cluster_6	1.0000
1266	Spectrogram 1	1	316.250000	316.750000	0	0	10	cluster_10	1.0000
1267	Spectrogram 1	1	316.500000	317.000000	0	0	10	cluster_10	1.0000
1268	Spectrogram 1	1	316.750000	317.250000	0	0	10	cluster_10	1.0000
1269	Spectrogram 1	1	317.000000	317.500000	0	0	10	cluster_10	1.0000
1270	Spectrogram 1	1	317.250000	317.750000	0	0	10	cluster_10	1.0000
1271	Spectrogram 1	1	317.500000	318.000000	0	0	10	cluster_10	1.0000
1272	Spectrogram 1	1	317.750000	318.250000	0	0	10	cluster_10	1.0000
1273	Spectrogram 1	1	318.000000	318.500000	0	0	15	cluster_15	0.9502
1274	Spectrogram 1	1	318.250000	318.750000	0	0	10	cluster_10	1.0000
1275	Spectrogram 1	1	318.500000	319.000000	0	0	10	cluster_10	0.9446
1276	Spectrogram 1	1	318.750000	319.250000	0	0	6	cluster_6	0.8418
1277	Spectrogram 1	1	319.000000	319.500000	0	0	6	cluster_6	0.9155
1278	Spectrogram 1	1	319.250000	319.750000	0	0	6	cluster_6	0.9590
1279	Spectrogram 1	1	319.500000	320.000000	0	0	5	cluster_5	1.0000
1280	Spectrogram 1	1	319.750000	320.250000	0	0	9	cluster_9	0.5831
1281	Spectrogram 1	1	320.000000	320.500000	0	0	9	cluster_9	0.7474
1282	Spectrogram 1	1	320.250000	320.750000	0	0	9	cluster_9	0.8060
1283	Spectrogram 1	1	320.500000	321.000000	0	0	9	cluster_9	0.9021
1284	Spectrogram 1	1	320.750000	321.250000	0	0	9	cluster_9	0.9448
1285	Spectrogram 1	1	321.000000	321.500000	0	0	9	cluster_9	0.8333
1286	Spectrogram 1	1	321.250000	321.750000	0	0	9	cluster_9	0.7841
1287	Spectrogram 1	1	321.500000	322.000000	0	0	9	cluster_9	0.8634
1288	Spectrogram 1	1	321.750000	322.250000	0	0	noise	cluster_noise	0.0000
1289	Spectrogram 1	1	322.000000	322.500000	0	0	5	cluster_5	0.5778
1290	Spectrogram 1	1	322.250000	322.750000	0	0	5	cluster_5	0.9737
1291	Spectrogram 1	1	322.500000	323.000000	0	0	9	cluster_9	0.6143
1292	Spectrogram 1	1	322.750000	323.250000	0	0	9	cluster_9	0.7474
1293	Spectrogram 1	1	323.000000	323.500000	0	0	9	cluster_9	0.7910
1294	Spectrogram 1	1	323.250000	323.750000	0	0	9	cluster_9	0.7639
1295	Spectrogram 1	1	323.500000	324.000000	0	0	9	cluster_9	0.9448
1296	Spectrogram 1	1	323.750000	324.250000	0	0	9	cluster_9	0.9448
1297	Spectrogram 1	1	324.000000	324.500000	0	0	9	cluster_9	0.7352
1298	Spectrogram 1	1	324.250000	324.750000	0	0	noise	cluster_noise	0.0000
1299	Spectrogram 1	1	324.500000	325.000000	0	0	8	cluster_8	1.0000
1300	Spectrogram 1	1	324.750000	325.250000	0	0	6	cluster_6	1.0000
1301	Spectrogram 1	1	325.000000	325.500000	0	0	6	cluster_6	1.0000
1302	Spectrogram 1	1	325.250000	325.750000	0	0	6	cluster_6	0.6559
1303	Spectrogram 1	1	325.500000	326.000000	0	0	6	cluster_6	1.0000
1304	Spectrogram 1	1	325.750000	326.250000	0	0	5	cluster_5	1.0000
1305	Spectrogram 1	1	326.000000	326.500000	0	0	5	cluster_5	1.0000
1306	Spectrogram 1	1	326.250000	326.750000	0	0	5	cluster_5	1.0000
1307	Spectrogram 1	1	326.500000	327.000000	0	0	5	cluster_5	1.0000
1308	Spectrogram 1	1	326.750000	327.250000	0	0	5	cluster_5	1.0000
1309	Spectrogram 1	1	327.000000	327.500000	0	0	5	cluster_5	0.9984
1310	Spectrogram 1	1	327.250000	327.750000	0	0	5	cluster_5	1.0000
1311	Spectrogram 1	1	327.500000	328.000000	0	0	5	cluster_5	1.0000
1312	Spectrogram 1	1	327.750000	328.250000	0	0	5	cluster_5	0.5964
1313	Spectrogram 1	1	328.000000	328.500000	0	0	5	cluster_5	0.6587
1314	Spectrogram 1	1	328.250000	328.750000	0	0	5	cluster_5	0.6587
1315	Spectrogram 1	1	328.500000	329.000000	0	0	5	cluster_5	0.6384
1316	Spectrogram 1	1	328.750000	329.250000	0	0	10	cluster_10	1.0000
1317	Spectrogram 1	1	329.000000	329.500000	0	0	10	cluster_10	1.0000
1318	Spectrogram 1	1	329.250000	329.750000	0	0	10	cluster_10	1.0000
1319	Spectrogram 1	1	329.500000	330.000000	0	0	10	cluster_10	1.0000
1320	Spectrogram 1	1	329.750000	330.250000	0	0	10	cluster_10	1.0000
1321	Spectrogram 1	1	330.000000	330.500000	0	0	10	cluster_10	1.0000
1322	Spectrogram 1	1	330.250000	330.750000	0	0	10	cluster_10	1.0000
1323	Spectrogram 1	1	330.500000	331.000000	0	0	10	cluster_10	1.0000
1324	Spectrogram 1	1	330.750000	331.250000	0	0	10	cluster_10	1.0000
1325	Spectrogram 1	1	331.000000	331.500000	0	0	10	cluster_10	1.0000
1326	Spectrogram 1	1	331.250000	331.750000	0	0	6	cluster_6	1.0000
1327	Spectrogram 1	1	331.500000	332.000000	0	0	6	cluster_6	1.0000
1328	Spectrogram 1	1	331.750000	332.250000	0	0	6	cluster_6	1.0000
1329	Spectrogram 1	1	332.000000	332.500000	0	0	6	cluster_6	1.0000
1330	Spectrogram 1	1	332.250000	332.750000	0	0	6	cluster_6	1.0000
1331	Spectrogram 1	1	332.500000	333.000000	0	0	6	cluster_6	1.0000
1332	Spectrogram 1	1	332.750000	333.250000	0	0	5	cluster_5	0.6606
1333	Spectrogram 1	1	333.000000	333.500000	0	0	3	cluster_3	0.9411
1334	Spectrogram 1	1	333.250000	333.750000	0	0	3	cluster_3	1.0000
1335	Spectrogram 1	1	333.500000	334.000000	0	0	3	cluster_3	1.0000
1336	Spectrogram 1	1	333.750000	334.250000	0	0	3	cluster_3	1.0000
1337	Spectrogram 1	1	334.000000	334.500000	0	0	3	cluster_3	0.8288
1338	Spectrogram 1	1	334.250000	334.750000	0	0	3	cluster_3	0.8597
1339	Spectrogram 1	1	334.500000	335.000000	0	0	noise	cluster_noise	0.0000
1340	Spectrogram 1	1	334.750000	335.250000	0	0	noise	cluster_noise	0.0000
1341	Spectrogram 1	1	335.000000	335.500000	0	0	5	cluster_5	0.7710
1342	Spectrogram 1	1	335.250000	335.750000	0	0	5	cluster_5	0.9330
1343	Spectrogram 1	1	335.500000	336.000000	0	0	5	cluster_5	0.6255
1344	Spectrogram 1	1	335.750000	336.250000	0	0	6	cluster_6	0.7724
1345	Spectrogram 1	1	336.000000	336.500000	0	0	6	cluster_6	1.0000
1346	Spectrogram 1	1	336.250000	336.750000	0	0	6	cluster_6	1.0000
1347	Spectrogram 1	1	336.500000	337.000000	0	0	6	cluster_6	1.0000
1348	Spectrogram 1	1	336.750000	337.250000	0	0	6	cluster_6	1.0000
1349	Spectrogram 1	1	337.000000	337.500000	0	0	6	cluster_6	1.0000
1350	Spectrogram 1	1	337.250000	337.750000	0	0	5	cluster_5	0.9177
1351	Spectrogram 1	1	337.500000	338.000000	0	0	5	cluster_5	1.0000
1352	Spectrogram 1	1	337.750000	338.250000	0	0	5	cluster_5	1.0000
1353	Spectrogram 1	1	338.000000	338.500000	0	0	5	cluster_5	1.0000
1354	Spectrogram 1	1	338.250000	338.750000	0	0	5	cluster_5	1.0000
1355	Spectrogram 1	1	338.500000	339.000000	0	0	5	cluster_5	0.9730
1356	Spectrogram 1	1	338.750000	339.250000	0	0	5	cluster_5	0.9037
1357	Spectrogram 1	1	339.000000	339.500000	0	0	5	cluster_5	0.9915
1358	Spectrogram 1	1	339.250000	339.750000	0	0	6	cluster_6	1.0000
1359	Spectrogram 1	1	339.500000	340.000000	0	0	6	cluster_6	0.9345
1360	Spectrogram 1	1	339.750000	340.250000	0	0	6	cluster_6	1.0000
1361	Spectrogram 1	1	340.000000	340.500000	0	0	10	cluster_10	1.0000
1362	Spectrogram 1	1	340.250000	340.750000	0	0	10	cluster_10	0.9819
1363	Spectrogram 1	1	340.500000	341.000000	0	0	10	cluster_10	0.8520
1364	Spectrogram 1	1	340.750000	341.250000	0	0	10	cluster_10	0.8740
1365	Spectrogram 1	1	341.000000	341.500000	0	0	10	cluster_10	0.9931
1366	Spectrogram 1	1	341.250000	341.750000	0	0	10	cluster_10	1.0000
1367	Spectrogram 1	1	341.500000	342.000000	0	0	10	cluster_10	1.0000
1368	Spectrogram 1	1	341.750000	342.250000	0	0	10	cluster_10	1.0000
1369	Spectrogram 1	1	342.000000	342.500000	0	0	10	cluster_10	1.0000
1370	Spectrogram 1	1	342.250000	342.750000	0	0	10	cluster_10	1.0000
1371	Spectrogram 1	1	342.500000	343.000000	0	0	6	cluster_6	1.0000
1372	Spectrogram 1	1	342.750000	343.250000	0	0	6	cluster_6	1.0000
1373	Spectrogram 1	1	343.000000	343.500000	0	0	6	cluster_6	1.0000
1374	Spectrogram 1	1	343.250000	343.750000	0	0	6	cluster_6	1.0000
1375	Spectrogram 1	1	343.500000	344.000000	0	0	6	cluster_6	1.0000
1376	Spectrogram 1	1	343.750000	344.250000	0	0	6	cluster_6	1.0000
1377	Spectrogram 1	1	344.000000	344.500000	0	0	5	cluster_5	0.6587
1378	Spectrogram 1	1	344.250000	344.750000	0	0	5	cluster_5	1.0000
1379	Spectrogram 1	1	344.500000	345.000000	0	0	5	cluster_5	1.0000
1380	Spectrogram 1	1	344.750000	345.250000	0	0	3	cluster_3	1.0000
1381	Spectrogram 1	1	345.000000	345.500000	0	0	3	cluster_3	1.0000
1382	Spectrogram 1	1	345.250000	345.750000	0	0	3	cluster_3	1.0000
1383	Spectrogram 1	1	345.500000	346.000000	0	0	3	cluster_3	0.9983
1384	Spectrogram 1	1	345.750000	346.250000	0	0	3	cluster_3	0.6220
1385	Spectrogram 1	1	346.000000	346.500000	0	0	noise	cluster_noise	0.0000
1386	Spectrogram 1	1	346.250000	346.750000	0	0	5	cluster_5	0.5837
1387	Spectrogram 1	1	346.500000	347.000000	0	0	5	cluster_5	0.8645
1388	Spectrogram 1	1	346.750000	347.250000	0	0	6	cluster_6	1.0000
1389	Spectrogram 1	1	347.000000	347.500000	0	0	noise	cluster_noise	0.0000
1390	Spectrogram 1	1	347.250000	347.750000	0	0	noise	cluster_noise	0.0000
1391	Spectrogram 1	1	347.500000	348.000000	0	0	6	cluster_6	1.0000
1392	Spectrogram 1	1	347.750000	348.250000	0	0	6	cluster_6	1.0000
1393	Spectrogram 1	1	348.000000	348.500000	0	0	6	cluster_6	1.0000
1394	Spectrogram 1	1	348.250000	348.750000	0	0	6	cluster_6	0.9164
1395	Spectrogram 1	1	348.500000	349.000000	0	0	5	cluster_5	1.0000
1396	Spectrogram 1	1	348.750000	349.250000	0	0	5	cluster_5	1.0000
1397	Spectrogram 1	1	349.000000	349.500000	0	0	5	cluster_5	1.0000
1398	Spectrogram 1	1	349.250000	349.750000	0	0	5	cluster_5	1.0000
1399	Spectrogram 1	1	349.500000	350.000000	0	0	5	cluster_5	1.0000
1400	Spectrogram 1	1	349.750000	350.250000	0	0	5	cluster_5	0.8802
1401	Spectrogram 1	1	350.000000	350.500000	0	0	5	cluster_5	0.5699
1402	Spectrogram 1	1	350.250000	350.750000	0	0	5	cluster_5	0.5922
1403	Spectrogram 1	1	350.500000	351.000000	0	0	5	cluster_5	0.6587
1404	Spectrogram 1	1	350.750000	351.250000	0	0	5	cluster_5	0.6587
1405	Spectrogram 1	1	351.000000	351.500000	0	0	6	cluster_6	1.0000
1406	Spectrogram 1	1	351.250000	351.750000	0	0	10	cluster_10	1.0000
1407	Spectrogram 1	1	351.500000	352.000000	0	0	10	cluster_10	1.0000
1408	Spectrogram 1	1	351.750000	352.250000	0	0	10	cluster_10	0.8765
1409	Spectrogram 1	1	352.000000	352.500000	0	0	10	cluster_10	0.9864
1410	Spectrogram 1	1	352.250000	352.750000	0	0	10	cluster_10	1.0000
1411	Spectrogram 1	1	352.500000	353.000000	0	0	6	cluster_6	1.0000
1412	Spectrogram 1	1	352.750000	353.250000	0	0	6	cluster_6	1.0000
1413	Spectrogram 1	1	353.000000	353.500000	0	0	6	cluster_6	1.0000
1414	Spectrogram 1	1	353.250000	353.750000	0	0	6	cluster_6	1.0000
1415	Spectrogram 1	1	353.500000	354.000000	0	0	6	cluster_6	1.0000
1416	Spectrogram 1	1	353.750000	354.250000	0	0	6	cluster_6	1.0000
1417	Spectrogram 1	1	354.000000	354.500000	0	0	6	cluster_6	1.0000
1418	Spectrogram 1	1	354.250000	354.750000	0	0	6	cluster_6	1.0000
1419	Spectrogram 1	1	354.500000	355.000000	0	0	6	cluster_6	1.0000
1420	Spectrogram 1	1	354.750000	355.250000	0	0	6	cluster_6	1.0000
1421	Spectrogram 1	1	355.000000	355.500000	0	0	5	cluster_5	0.5399
1422	Spectrogram 1	1	355.250000	355.750000	0	0	noise	cluster_noise	0.0000
1423	Spectrogram 1	1	355.500000	356.000000	0	0	3	cluster_3	0.6804
1424	Spectrogram 1	1	355.750000	356.250000	0	0	3	cluster_3	1.0000
1425	Spectrogram 1	1	356.000000	356.500000	0	0	3	cluster_3	1.0000
1426	Spectrogram 1	1	356.250000	356.750000	0	0	3	cluster_3	1.0000
1427	Spectrogram 1	1	356.500000	357.000000	0	0	3	cluster_3	1.0000
1428	Spectrogram 1	1	356.750000	357.250000	0	0	3	cluster_3	1.0000
1429	Spectrogram 1	1	357.000000	357.500000	0	0	3	cluster_3	1.0000
1430	Spectrogram 1	1	357.250000	357.750000	0	0	3	cluster_3	0.6123
1431	Spectrogram 1	1	357.500000	358.000000	0	0	5	cluster_5	0.7974
1432	Spectrogram 1	1	357.750000	358.250000	0	0	noise	cluster_noise	0.0000
1433	Spectrogram 1	1	358.000000	358.500000	0	0	5	cluster_5	0.9952
1434	Spectrogram 1	1	358.250000	358.750000	0	0	6	cluster_6	0.9270
1435	Spectrogram 1	1	358.500000	359.000000	0	0	6	cluster_6	0.9154
1436	Spectrogram 1	1	358.750000	359.250000	0	0	6	cluster_6	1.0000
1437	Spectrogram 1	1	359.000000	359.500000	0	0	6	cluster_6	1.0000
1438	Spectrogram 1	1	359.250000	359.750000	0	0	6	cluster_6	1.0000
1439	Spectrogram 1	1	359.500000	360.000000	0	0	6	cluster_6	0.9429
1440	Spectrogram 1	1	359.750000	360.250000	0	0	5	cluster_5	0.8942
1441	Spectrogram 1	1	360.000000	360.500000	0	0	5	cluster_5	1.0000
1442	Spectrogram 1	1	360.250000	360.750000	0	0	5	cluster_5	1.0000
1443	Spectrogram 1	1	360.500000	361.000000	0	0	5	cluster_5	1.0000
1444	Spectrogram 1	1	360.750000	361.250000	0	0	5	cluster_5	0.9687
1445	Spectrogram 1	1	361.000000	361.500000	0	0	5	cluster_5	0.8858
1446	Spectrogram 1	1	361.250000	361.750000	0	0	5	cluster_5	0.8312
1447	Spectrogram 1	1	361.500000	362.000000	0	0	5	cluster_5	0.6587
1448	Spectrogram 1	1	361.750000	362.250000	0	0	5	cluster_5	0.6587
1449	Spectrogram 1	1	362.000000	362.500000	0	0	5	cluster_5	0.6587
1450	Spectrogram 1	1	362.250000	362.750000	0	0	noise	cluster_noise	0.0000
1451	Spectrogram 1	1	362.500000	363.000000	0	0	noise	cluster_noise	0.0000
1452	Spectrogram 1	1	362.750000	363.250000	0	0	noise	cluster_noise	0.0000
1453	Spectrogram 1	1	363.000000	363.500000	0	0	5	cluster_5	0.6587
1454	Spectrogram 1	1	363.250000	363.750000	0	0	6	cluster_6	1.0000
1455	Spectrogram 1	1	363.500000	364.000000	0	0	5	cluster_5	0.6587
1456	Spectrogram 1	1	363.750000	364.250000	0	0	5	cluster_5	0.6364
1457	Spectrogram 1	1	364.000000	364.500000	0	0	noise	cluster_noise	0.0000
1458	Spectrogram 1	1	364.250000	364.750000	0	0	12	cluster_12	0.8472
1459	Spectrogram 1	1	364.500000	365.000000	0	0	12	cluster_12	0.7933
1460	Spectrogram 1	1	364.750000	365.250000	0	0	noise	cluster_noise	0.0000
1461	Spectrogram 1	1	365.000000	365.500000	0	0	noise	cluster_noise	0.0000
1462	Spectrogram 1	1	365.250000	365.750000	0	0	6	cluster_6	1.0000
1463	Spectrogram 1	1	365.500000	366.000000	0	0	noise	cluster_noise	0.0000
1464	Spectrogram 1	1	365.750000	366.250000	0	0	12	cluster_12	0.9288
1465	Spectrogram 1	1	366.000000	366.500000	0	0	noise	cluster_noise	0.0000
1466	Spectrogram 1	1	366.250000	366.750000	0	0	noise	cluster_noise	0.0000
1467	Spectrogram 1	1	366.500000	367.000000	0	0	noise	cluster_noise	0.0000
1468	Spectrogram 1	1	366.750000	367.250000	0	0	12	cluster_12	0.8465
1469	Spectrogram 1	1	367.000000	367.500000	0	0	noise	cluster_noise	0.0000
1470	Spectrogram 1	1	367.250000	367.750000	0	0	5	cluster_5	0.5842
1471	Spectrogram 1	1	367.500000	368.000000	0	0	5	cluster_5	0.5434
1472	Spectrogram 1	1	367.750000	368.250000	0	0	noise	cluster_noise	0.0000
1473	Spectrogram 1	1	368.000000	368.500000	0	0	5	cluster_5	0.5505
1474	Spectrogram 1	1	368.250000	368.750000	0	0	noise	cluster_noise	0.0000
1475	Spectrogram 1	1	368.500000	369.000000	0	0	12	cluster_12	0.7922
1476	Spectrogram 1	1	368.750000	369.250000	0	0	noise	cluster_noise	0.0000
1477	Spectrogram 1	1	369.000000	369.500000	0	0	12	cluster_12	0.9204
1478	Spectrogram 1	1	369.250000	369.750000	0	0	noise	cluster_noise	0.0000
1479	Spectrogram 1	1	369.500000	370.000000	0	0	5	cluster_5	0.5507
1480	Spectrogram 1	1	369.750000	370.250000	0	0	6	cluster_6	1.0000
1481	Spectrogram 1	1	370.000000	370.500000	0	0	5	cluster_5	0.5128
1482	Spectrogram 1	1	370.250000	370.750000	0	0	6	cluster_6	1.0000
1483	Spectrogram 1	1	370.500000	371.000000	0	0	6	cluster_6	1.0000
1484	Spectrogram 1	1	370.750000	371.250000	0	0	6	cluster_6	1.0000
1485	Spectrogram 1	1	371.000000	371.500000	0	0	noise	cluster_noise	0.0000
1486	Spectrogram 1	1	371.250000	371.750000	0	0	noise	cluster_noise	0.0000
1487	Spectrogram 1	1	371.500000	372.000000	0	0	3	cluster_3	1.0000
1488	Spectrogram 1	1	371.750000	372.250000	0	0	3	cluster_3	1.0000
1489	Spectrogram 1	1	372.000000	372.500000	0	0	3	cluster_3	1.0000
1490	Spectrogram 1	1	372.250000	372.750000	0	0	3	cluster_3	1.0000
1491	Spectrogram 1	1	372.500000	373.000000	0	0	3	cluster_3	1.0000
1492	Spectrogram 1	1	372.750000	373.250000	0	0	3	cluster_3	1.0000
1493	Spectrogram 1	1	373.000000	373.500000	0	0	3	cluster_3	0.9252
1494	Spectrogram 1	1	373.250000	373.750000	0	0	3	cluster_3	0.6524
1495	Spectrogram 1	1	373.500000	374.000000	0	0	3	cluster_3	0.5774
1496	Spectrogram 1	1	373.750000	374.250000	0	0	5	cluster_5	0.6587
1497	Spectrogram 1	1	374.000000	374.500000	0	0	5	cluster_5	0.6587
1498	Spectrogram 1	1	374.250000	374.750000	0	0	5	cluster_5	0.6587
1499	Spectrogram 1	1	374.500000	375.000000	0	0	6	cluster_6	1.0000
1500	Spectrogram 1	1	374.750000	375.250000	0	0	6	cluster_6	1.0000
1501	Spectrogram 1	1	375.000000	375.500000	0	0	6	cluster_6	1.0000
1502	Spectrogram 1	1	375.250000	375.750000	0	0	6	cluster_6	1.0000
1503	Spectrogram 1	1	375.500000	376.000000	0	0	6	cluster_6	1.0000
1504	Spectrogram 1	1	375.750000	376.250000	0	0	5	cluster_5	1.0000
1505	Spectrogram 1	1	376.000000	376.500000	0	0	5	cluster_5	0.9732
1506	Spectrogram 1	1	376.250000	376.750000	0	0	5	cluster_5	1.0000
1507	Spectrogram 1	1	376.500000	377.000000	0	0	5	cluster_5	1.0000
1508	Spectrogram 1	1	376.750000	377.250000	0	0	5	cluster_5	1.0000
1509	Spectrogram 1	1	377.000000	377.500000	0	0	5	cluster_5	0.8932
1510	Spectrogram 1	1	377.250000	377.750000	0	0	5	cluster_5	0.6133
1511	Spectrogram 1	1	377.500000	378.000000	0	0	5	cluster_5	0.7683
1512	Spectrogram 1	1	377.750000	378.250000	0	0	5	cluster_5	0.8821
1513	Spectrogram 1	1	378.000000	378.500000	0	0	6	cluster_6	0.9826
1514	Spectrogram 1	1	378.250000	378.750000	0	0	6	cluster_6	0.8954
1515	Spectrogram 1	1	378.500000	379.000000	0	0	12	cluster_12	0.7742
1516	Spectrogram 1	1	378.750000	379.250000	0	0	noise	cluster_noise	0.0000
1517	Spectrogram 1	1	379.000000	379.500000	0	0	12	cluster_12	0.8537
1518	Spectrogram 1	1	379.250000	379.750000	0	0	noise	cluster_noise	0.0000
1519	Spectrogram 1	1	379.500000	380.000000	0	0	5	cluster_5	0.5577
1520	Spectrogram 1	1	379.750000	380.250000	0	0	5	cluster_5	0.6587
1521	Spectrogram 1	1	380.000000	380.500000	0	0	6	cluster_6	1.0000
1522	Spectrogram 1	1	380.250000	380.750000	0	0	6	cluster_6	1.0000
1523	Spectrogram 1	1	380.500000	381.000000	0	0	noise	cluster_noise	0.0000
1524	Spectrogram 1	1	380.750000	381.250000	0	0	noise	cluster_noise	0.0000
1525	Spectrogram 1	1	381.000000	381.500000	0	0	12	cluster_12	1.0000
1526	Spectrogram 1	1	381.250000	381.750000	0	0	12	cluster_12	0.9055
1527	Spectrogram 1	1	381.500000	382.000000	0	0	noise	cluster_noise	0.0000
1528	Spectrogram 1	1	381.750000	382.250000	0	0	5	cluster_5	0.5561
1529	Spectrogram 1	1	382.000000	382.500000	0	0	6	cluster_6	0.9199
1530	Spectrogram 1	1	382.250000	382.750000	0	0	12	cluster_12	0.8680
1531	Spectrogram 1	1	382.500000	383.000000	0	0	noise	cluster_noise	0.0000
1532	Spectrogram 1	1	382.750000	383.250000	0	0	noise	cluster_noise	0.0000
1533	Spectrogram 1	1	383.000000	383.500000	0	0	noise	cluster_noise	0.0000
1534	Spectrogram 1	1	383.250000	383.750000	0	0	12	cluster_12	0.8590
1535	Spectrogram 1	1	383.500000	384.000000	0	0	noise	cluster_noise	0.0000
1536	Spectrogram 1	1	383.750000	384.250000	0	0	6	cluster_6	1.0000
1537	Spectrogram 1	1	384.000000	384.500000	0	0	noise	cluster_noise	0.0000
1538	Spectrogram 1	1	384.250000	384.750000	0	0	noise	cluster_noise	0.0000
1539	Spectrogram 1	1	384.500000	385.000000	0	0	noise	cluster_noise	0.0000
1540	Spectrogram 1	1	384.750000	385.250000	0	0	noise	cluster_noise	0.0000
1541	Spectrogram 1	1	385.000000	385.500000	0	0	noise	cluster_noise	0.0000
1542	Spectrogram 1	1	385.250000	385.750000	0	0	noise	cluster_noise	0.0000
1543	Spectrogram 1	1	385.500000	386.000000	0	0	12	cluster_12	0.9868
1544	Spectrogram 1	1	385.750000	386.250000	0	0	noise	cluster_noise	0.0000
1545	Spectrogram 1	1	386.000000	386.500000	0	0	6	cluster_6	0.8957
1546	Spectrogram 1	1	386.250000	386.750000	0	0	6	cluster_6	0.7369
1547	Spectrogram 1	1	386.500000	387.000000	0	0	6	cluster_6	0.6040
1548	Spectrogram 1	1	386.750000	387.250000	0	0	6	cluster_6	1.0000
1549	Spectrogram 1	1	387.000000	387.500000	0	0	6	cluster_6	1.0000
1550	Spectrogram 1	1	387.250000	387.750000	0	0	6	cluster_6	1.0000
1551	Spectrogram 1	1	387.500000	388.000000	0	0	6	cluster_6	0.6095
1552	Spectrogram 1	1	387.750000	388.250000	0	0	noise	cluster_noise	0.0000
1553	Spectrogram 1	1	388.000000	388.500000	0	0	3	cluster_3	0.8288
1554	Spectrogram 1	1	388.250000	388.750000	0	0	3	cluster_3	0.8868
1555	Spectrogram 1	1	388.500000	389.000000	0	0	3	cluster_3	0.9198
1556	Spectrogram 1	1	388.750000	389.250000	0	0	3	cluster_3	0.9571
1557	Spectrogram 1	1	389.000000	389.500000	0	0	3	cluster_3	0.9864
1558	Spectrogram 1	1	389.250000	389.750000	0	0	3	cluster_3	0.9368
1559	Spectrogram 1	1	389.500000	390.000000	0	0	3	cluster_3	1.0000
1560	Spectrogram 1	1	389.750000	390.250000	0	0	noise	cluster_noise	0.0000
1561	Spectrogram 1	1	390.000000	390.500000	0	0	5	cluster_5	0.6587
1562	Spectrogram 1	1	390.250000	390.750000	0	0	5	cluster_5	0.5754
1563	Spectrogram 1	1	390.500000	391.000000	0	0	5	cluster_5	0.6587
1564	Spectrogram 1	1	390.750000	391.250000	0	0	6	cluster_6	1.0000
1565	Spectrogram 1	1	391.000000	391.500000	0	0	6	cluster_6	1.0000
1566	Spectrogram 1	1	391.250000	391.750000	0	0	5	cluster_5	0.6587
1567	Spectrogram 1	1	391.500000	392.000000	0	0	5	cluster_5	0.6375
1568	Spectrogram 1	1	391.750000	392.250000	0	0	6	cluster_6	0.8322
1569	Spectrogram 1	1	392.000000	392.500000	0	0	6	cluster_6	0.8293
1570	Spectrogram 1	1	392.250000	392.750000	0	0	5	cluster_5	0.9415
1571	Spectrogram 1	1	392.500000	393.000000	0	0	5	cluster_5	0.9125
1572	Spectrogram 1	1	392.750000	393.250000	0	0	5	cluster_5	1.0000
1573	Spectrogram 1	1	393.000000	393.500000	0	0	5	cluster_5	1.0000
1574	Spectrogram 1	1	393.250000	393.750000	0	0	5	cluster_5	1.0000
1575	Spectrogram 1	1	393.500000	394.000000	0	0	5	cluster_5	0.6587
1576	Spectrogram 1	1	393.750000	394.250000	0	0	5	cluster_5	0.6587
1577	Spectrogram 1	1	394.000000	394.500000	0	0	5	cluster_5	0.6587
1578	Spectrogram 1	1	394.250000	394.750000	0	0	5	cluster_5	0.6587
1579	Spectrogram 1	1	394.500000	395.000000	0	0	6	cluster_6	1.0000
1580	Spectrogram 1	1	394.750000	395.250000	0	0	5	cluster_5	0.5036
1581	Spectrogram 1	1	395.000000	395.500000	0	0	noise	cluster_noise	0.0000
1582	Spectrogram 1	1	395.250000	395.750000	0	0	noise	cluster_noise	0.0000
1583	Spectrogram 1	1	395.500000	396.000000	0	0	noise	cluster_noise	0.0000
1584	Spectrogram 1	1	395.750000	396.250000	0	0	6	cluster_6	0.8491
1585	Spectrogram 1	1	396.000000	396.500000	0	0	5	cluster_5	0.5184
1586	Spectrogram 1	1	396.250000	396.750000	0	0	5	cluster_5	0.5823
1587	Spectrogram 1	1	396.500000	397.000000	0	0	5	cluster_5	0.5826
1588	Spectrogram 1	1	396.750000	397.250000	0	0	6	cluster_6	1.0000
1589	Spectrogram 1	1	397.000000	397.500000	0	0	noise	cluster_noise	0.0000
1590	Spectrogram 1	1	397.250000	397.750000	0	0	noise	cluster_noise	0.0000
1591	Spectrogram 1	1	397.500000	398.000000	0	0	12	cluster_12	0.8745
1592	Spectrogram 1	1	397.750000	398.250000	0	0	noise	cluster_noise	0.0000
1593	Spectrogram 1	1	398.000000	398.500000	0	0	6	cluster_6	1.0000
1594	Spectrogram 1	1	398.250000	398.750000	0	0	6	cluster_6	0.8826
1595	Spectrogram 1	1	398.500000	399.000000	0	0	6	cluster_6	0.6934
1596	Spectrogram 1	1	398.750000	399.250000	0	0	6	cluster_6	0.6366
1597	Spectrogram 1	1	399.000000	399.500000	0	0	noise	cluster_noise	0.0000
1598	Spectrogram 1	1	399.250000	399.750000	0	0	noise	cluster_noise	0.0000
1599	Spectrogram 1	1	399.500000	400.000000	0	0	noise	cluster_noise	0.0000
1600	Spectrogram 1	1	399.750000	400.250000	0	0	noise	cluster_noise	0.0000
1601	Spectrogram 1	1	400.000000	400.500000	0	0	6	cluster_6	0.7077
1602	Spectrogram 1	1	400.250000	400.750000	0	0	6	cluster_6	1.0000
1603	Spectrogram 1	1	400.500000	401.000000	0	0	6	cluster_6	0.9385
1604	Spectrogram 1	1	400.750000	401.250000	0	0	6	cluster_6	0.6741
1605	Spectrogram 1	1	401.000000	401.500000	0	0	6	cluster_6	0.6420
1606	Spectrogram 1	1	401.250000	401.750000	0	0	6	cluster_6	0.6540
1607	Spectrogram 1	1	401.500000	402.000000	0	0	12	cluster_12	0.9357
1608	Spectrogram 1	1	401.750000	402.250000	0	0	12	cluster_12	0.7359
1609	Spectrogram 1	1	402.000000	402.500000	0	0	noise	cluster_noise	0.0000
1610	Spectrogram 1	1	402.250000	402.750000	0	0	6	cluster_6	1.0000
1611	Spectrogram 1	1	402.500000	403.000000	0	0	6	cluster_6	0.8915
1612	Spectrogram 1	1	402.750000	403.250000	0	0	6	cluster_6	0.8239
1613	Spectrogram 1	1	403.000000	403.500000	0	0	6	cluster_6	0.7751
1614	Spectrogram 1	1	403.250000	403.750000	0	0	6	cluster_6	1.0000
1615	Spectrogram 1	1	403.500000	404.000000	0	0	6	cluster_6	1.0000
1616	Spectrogram 1	1	403.750000	404.250000	0	0	noise	cluster_noise	0.0000
1617	Spectrogram 1	1	404.000000	404.500000	0	0	noise	cluster_noise	0.0000
1618	Spectrogram 1	1	404.250000	404.750000	0	0	3	cluster_3	0.8575
1619	Spectrogram 1	1	404.500000	405.000000	0	0	3	cluster_3	0.8678
1620	Spectrogram 1	1	404.750000	405.250000	0	0	3	cluster_3	1.0000
1621	Spectrogram 1	1	405.000000	405.500000	0	0	3	cluster_3	1.0000
1622	Spectrogram 1	1	405.250000	405.750000	0	0	3	cluster_3	1.0000
1623	Spectrogram 1	1	405.500000	406.000000	0	0	3	cluster_3	0.9009
1624	Spectrogram 1	1	405.750000	406.250000	0	0	3	cluster_3	0.9786
1625	Spectrogram 1	1	406.000000	406.500000	0	0	3	cluster_3	0.8213
1626	Spectrogram 1	1	406.250000	406.750000	0	0	3	cluster_3	0.5425
1627	Spectrogram 1	1	406.500000	407.000000	0	0	noise	cluster_noise	0.0000
1628	Spectrogram 1	1	406.750000	407.250000	0	0	5	cluster_5	0.6587
1629	Spectrogram 1	1	407.000000	407.500000	0	0	5	cluster_5	0.6415
1630	Spectrogram 1	1	407.250000	407.750000	0	0	6	cluster_6	1.0000
1631	Spectrogram 1	1	407.500000	408.000000	0	0	6	cluster_6	0.9686
1632	Spectrogram 1	1	407.750000	408.250000	0	0	6	cluster_6	1.0000
1633	Spectrogram 1	1	408.000000	408.500000	0	0	6	cluster_6	1.0000
1634	Spectrogram 1	1	408.250000	408.750000	0	0	6	cluster_6	1.0000
1635	Spectrogram 1	1	408.500000	409.000000	0	0	6	cluster_6	1.0000
1636	Spectrogram 1	1	408.750000	409.250000	0	0	6	cluster_6	1.0000
1637	Spectrogram 1	1	409.000000	409.500000	0	0	6	cluster_6	1.0000
1638	Spectrogram 1	1	409.250000	409.750000	0	0	6	cluster_6	1.0000
1639	Spectrogram 1	1	409.500000	410.000000	0	0	6	cluster_6	1.0000
1640	Spectrogram 1	1	409.750000	410.250000	0	0	6	cluster_6	1.0000
1641	Spectrogram 1	1	410.000000	410.500000	0	0	6	cluster_6	1.0000
1642	Spectrogram 1	1	410.250000	410.750000	0	0	6	cluster_6	1.0000
1643	Spectrogram 1	1	410.500000	411.000000	0	0	4	cluster_4	0.9247
1644	Spectrogram 1	1	410.750000	411.250000	0	0	4	cluster_4	1.0000
1645	Spectrogram 1	1	411.000000	411.500000	0	0	noise	cluster_noise	0.0000
1646	Spectrogram 1	1	411.250000	411.750000	0	0	noise	cluster_noise	0.0000
1647	Spectrogram 1	1	411.500000	412.000000	0	0	6	cluster_6	1.0000
1648	Spectrogram 1	1	411.750000	412.250000	0	0	6	cluster_6	0.7587
1649	Spectrogram 1	1	412.000000	412.500000	0	0	6	cluster_6	0.7522
1650	Spectrogram 1	1	412.250000	412.750000	0	0	0	cluster_0	0.4975
1651	Spectrogram 1	1	412.500000	413.000000	0	0	0	cluster_0	0.9723
1652	Spectrogram 1	1	412.750000	413.250000	0	0	0	cluster_0	1.0000
1653	Spectrogram 1	1	413.000000	413.500000	0	0	0	cluster_0	1.0000
1654	Spectrogram 1	1	413.250000	413.750000	0	0	0	cluster_0	1.0000
1655	Spectrogram 1	1	413.500000	414.000000	0	0	0	cluster_0	1.0000
1656	Spectrogram 1	1	413.750000	414.250000	0	0	0	cluster_0	0.6160
1657	Spectrogram 1	1	414.000000	414.500000	0	0	6	cluster_6	0.6699
1658	Spectrogram 1	1	414.250000	414.750000	0	0	6	cluster_6	1.0000
1659	Spectrogram 1	1	414.500000	415.000000	0	0	6	cluster_6	0.8209
1660	Spectrogram 1	1	414.750000	415.250000	0	0	6	cluster_6	1.0000
1661	Spectrogram 1	1	415.000000	415.500000	0	0	6	cluster_6	1.0000
1662	Spectrogram 1	1	415.250000	415.750000	0	0	6	cluster_6	1.0000
1663	Spectrogram 1	1	415.500000	416.000000	0	0	6	cluster_6	1.0000
1664	Spectrogram 1	1	415.750000	416.250000	0	0	6	cluster_6	0.9595
1665	Spectrogram 1	1	416.000000	416.500000	0	0	noise	cluster_noise	0.0000
1666	Spectrogram 1	1	416.250000	416.750000	0	0	3	cluster_3	0.5418
1667	Spectrogram 1	1	416.500000	417.000000	0	0	3	cluster_3	0.7675
1668	Spectrogram 1	1	416.750000	417.250000	0	0	3	cluster_3	0.9067
1669	Spectrogram 1	1	417.000000	417.500000	0	0	3	cluster_3	1.0000
1670	Spectrogram 1	1	417.250000	417.750000	0	0	3	cluster_3	0.8140
1671	Spectrogram 1	1	417.500000	418.000000	0	0	3	cluster_3	1.0000
1672	Spectrogram 1	1	417.750000	418.250000	0	0	3	cluster_3	0.7303
1673	Spectrogram 1	1	418.000000	418.500000	0	0	5	cluster_5	0.6744
1674	Spectrogram 1	1	418.250000	418.750000	0	0	5	cluster_5	0.5893
1675	Spectrogram 1	1	418.500000	419.000000	0	0	5	cluster_5	0.5821
1676	Spectrogram 1	1	418.750000	419.250000	0	0	6	cluster_6	1.0000
1677	Spectrogram 1	1	419.000000	419.500000	0	0	6	cluster_6	1.0000
1678	Spectrogram 1	1	419.250000	419.750000	0	0	6	cluster_6	1.0000
1679	Spectrogram 1	1	419.500000	420.000000	0	0	6	cluster_6	1.0000
1680	Spectrogram 1	1	419.750000	420.250000	0	0	6	cluster_6	1.0000
1681	Spectrogram 1	1	420.000000	420.500000	0	0	6	cluster_6	1.0000
1682	Spectrogram 1	1	420.250000	420.750000	0	0	6	cluster_6	1.0000
1683	Spectrogram 1	1	420.500000	421.000000	0	0	6	cluster_6	1.0000
1684	Spectrogram 1	1	420.750000	421.250000	0	0	6	cluster_6	1.0000
1685	Spectrogram 1	1	421.000000	421.500000	0	0	6	cluster_6	1.0000
1686	Spectrogram 1	1	421.250000	421.750000	0	0	6	cluster_6	0.7742
1687	Spectrogram 1	1	421.500000	422.000000	0	0	noise	cluster_noise	0.0000
1688	Spectrogram 1	1	421.750000	422.250000	0	0	4	cluster_4	1.0000
1689	Spectrogram 1	1	422.000000	422.500000	0	0	4	cluster_4	1.0000
1690	Spectrogram 1	1	422.250000	422.750000	0	0	4	cluster_4	1.0000
1691	Spectrogram 1	1	422.500000	423.000000	0	0	4	cluster_4	1.0000
1692	Spectrogram 1	1	422.750000	423.250000	0	0	4	cluster_4	1.0000
1693	Spectrogram 1	1	423.000000	423.500000	0	0	4	cluster_4	1.0000
1694	Spectrogram 1	1	423.250000	423.750000	0	0	4	cluster_4	0.9251
1695	Spectrogram 1	1	423.500000	424.000000	0	0	6	cluster_6	1.0000
1696	Spectrogram 1	1	423.750000	424.250000	0	0	0	cluster_0	0.4554
1697	Spectrogram 1	1	424.000000	424.500000	0	0	0	cluster_0	0.8150
1698	Spectrogram 1	1	424.250000	424.750000	0	0	0	cluster_0	1.0000
1699	Spectrogram 1	1	424.500000	425.000000	0	0	0	cluster_0	1.0000
1700	Spectrogram 1	1	424.750000	425.250000	0	0	0	cluster_0	1.0000
1701	Spectrogram 1	1	425.000000	425.500000	0	0	0	cluster_0	1.0000
1702	Spectrogram 1	1	425.250000	425.750000	0	0	0	cluster_0	0.9248
1703	Spectrogram 1	1	425.500000	426.000000	0	0	0	cluster_0	0.7295
1704	Spectrogram 1	1	425.750000	426.250000	0	0	6	cluster_6	0.9515
1705	Spectrogram 1	1	426.000000	426.500000	0	0	6	cluster_6	0.8058
1706	Spectrogram 1	1	426.250000	426.750000	0	0	6	cluster_6	1.0000
1707	Spectrogram 1	1	426.500000	427.000000	0	0	6	cluster_6	1.0000
1708	Spectrogram 1	1	426.750000	427.250000	0	0	6	cluster_6	1.0000
1709	Spectrogram 1	1	427.000000	427.500000	0	0	6	cluster_6	1.0000
1710	Spectrogram 1	1	427.250000	427.750000	0	0	6	cluster_6	1.0000
1711	Spectrogram 1	1	427.500000	428.000000	0	0	6	cluster_6	1.0000
1712	Spectrogram 1	1	427.750000	428.250000	0	0	6	cluster_6	1.0000
1713	Spectrogram 1	1	428.000000	428.500000	0	0	noise	cluster_noise	0.0000
1714	Spectrogram 1	1	428.250000	428.750000	0	0	3	cluster_3	0.7503
1715	Spectrogram 1	1	428.500000	429.000000	0	0	3	cluster_3	1.0000
1716	Spectrogram 1	1	428.750000	429.250000	0	0	3	cluster_3	1.0000
1717	Spectrogram 1	1	429.000000	429.500000	0	0	3	cluster_3	1.0000
1718	Spectrogram 1	1	429.250000	429.750000	0	0	3	cluster_3	0.9910
1719	Spectrogram 1	1	429.500000	430.000000	0	0	3	cluster_3	0.6884
1720	Spectrogram 1	1	429.750000	430.250000	0	0	5	cluster_5	0.7275
1721	Spectrogram 1	1	430.000000	430.500000	0	0	5	cluster_5	0.6587
1722	Spectrogram 1	1	430.250000	430.750000	0	0	5	cluster_5	0.6146
1723	Spectrogram 1	1	430.500000	431.000000	0	0	5	cluster_5	0.7769
1724	Spectrogram 1	1	430.750000	431.250000	0	0	6	cluster_6	1.0000
1725	Spectrogram 1	1	431.000000	431.500000	0	0	6	cluster_6	1.0000
1726	Spectrogram 1	1	431.250000	431.750000	0	0	6	cluster_6	1.0000
1727	Spectrogram 1	1	431.500000	432.000000	0	0	6	cluster_6	1.0000
1728	Spectrogram 1	1	431.750000	432.250000	0	0	6	cluster_6	1.0000
1729	Spectrogram 1	1	432.000000	432.500000	0	0	6	cluster_6	1.0000
1730	Spectrogram 1	1	432.250000	432.750000	0	0	6	cluster_6	1.0000
1731	Spectrogram 1	1	432.500000	433.000000	0	0	6	cluster_6	1.0000
1732	Spectrogram 1	1	432.750000	433.250000	0	0	6	cluster_6	0.9581
1733	Spectrogram 1	1	433.000000	433.500000	0	0	4	cluster_4	1.0000
1734	Spectrogram 1	1	433.250000	433.750000	0	0	4	cluster_4	1.0000
1735	Spectrogram 1	1	433.500000	434.000000	0	0	4	cluster_4	1.0000
1736	Spectrogram 1	1	433.750000	434.250000	0	0	4	cluster_4	1.0000
1737	Spectrogram 1	1	434.000000	434.500000	0	0	4	cluster_4	1.0000
1738	Spectrogram 1	1	434.250000	434.750000	0	0	4	cluster_4	1.0000
1739	Spectrogram 1	1	434.500000	435.000000	0	0	noise	cluster_noise	0.0000
1740	Spectrogram 1	1	434.750000	435.250000	0	0	noise	cluster_noise	0.0000
1741	Spectrogram 1	1	435.000000	435.500000	0	0	4	cluster_4	1.0000
1742	Spectrogram 1	1	435.250000	435.750000	0	0	6	cluster_6	0.7530
1743	Spectrogram 1	1	435.500000	436.000000	0	0	6	cluster_6	0.9724
1744	Spectrogram 1	1	435.750000	436.250000	0	0	noise	cluster_noise	0.0000
1745	Spectrogram 1	1	436.000000	436.500000	0	0	6	cluster_6	1.0000
1746	Spectrogram 1	1	436.250000	436.750000	0	0	4	cluster_4	1.0000
1747	Spectrogram 1	1	436.500000	437.000000	0	0	4	cluster_4	1.0000
1748	Spectrogram 1	1	436.750000	437.250000	0	0	4	cluster_4	1.0000
1749	Spectrogram 1	1	437.000000	437.500000	0	0	4	cluster_4	1.0000
1750	Spectrogram 1	1	437.250000	437.750000	0	0	4	cluster_4	1.0000
1751	Spectrogram 1	1	437.500000	438.000000	0	0	4	cluster_4	1.0000
1752	Spectrogram 1	1	437.750000	438.250000	0	0	4	cluster_4	1.0000
1753	Spectrogram 1	1	438.000000	438.500000	0	0	4	cluster_4	1.0000
1754	Spectrogram 1	1	438.250000	438.750000	0	0	noise	cluster_noise	0.0000
1755	Spectrogram 1	1	438.500000	439.000000	0	0	noise	cluster_noise	0.0000
1756	Spectrogram 1	1	438.750000	439.250000	0	0	4	cluster_4	1.0000
1757	Spectrogram 1	1	439.000000	439.500000	0	0	4	cluster_4	1.0000
1758	Spectrogram 1	1	439.250000	439.750000	0	0	4	cluster_4	1.0000
1759	Spectrogram 1	1	439.500000	440.000000	0	0	4	cluster_4	1.0000
1760	Spectrogram 1	1	439.750000	440.250000	0	0	noise	cluster_noise	0.0000
1761	Spectrogram 1	1	440.000000	440.500000	0	0	6	cluster_6	0.6139
1762	Spectrogram 1	1	440.250000	440.750000	0	0	6	cluster_6	0.9024
1763	Spectrogram 1	1	440.500000	441.000000	0	0	6	cluster_6	1.0000
1764	Spectrogram 1	1	440.750000	441.250000	0	0	6	cluster_6	0.9888
1765	Spectrogram 1	1	441.000000	441.500000	0	0	6	cluster_6	1.0000
1766	Spectrogram 1	1	441.250000	441.750000	0	0	11	cluster_11	0.9266
1767	Spectrogram 1	1	441.500000	442.000000	0	0	11	cluster_11	1.0000
1768	Spectrogram 1	1	441.750000	442.250000	0	0	noise	cluster_noise	0.0000
1769	Spectrogram 1	1	442.000000	442.500000	0	0	6	cluster_6	1.0000
1770	Spectrogram 1	1	442.250000	442.750000	0	0	noise	cluster_noise	0.0000
1771	Spectrogram 1	1	442.500000	443.000000	0	0	noise	cluster_noise	0.0000
1772	Spectrogram 1	1	442.750000	443.250000	0	0	5	cluster_5	0.5628
1773	Spectrogram 1	1	443.000000	443.500000	0	0	6	cluster_6	1.0000
1774	Spectrogram 1	1	443.250000	443.750000	0	0	12	cluster_12	0.8225
1775	Spectrogram 1	1	443.500000	444.000000	0	0	11	cluster_11	0.9071
1776	Spectrogram 1	1	443.750000	444.250000	0	0	noise	cluster_noise	0.0000
1777	Spectrogram 1	1	444.000000	444.500000	0	0	6	cluster_6	1.0000
1778	Spectrogram 1	1	444.250000	444.750000	0	0	noise	cluster_noise	0.0000
1779	Spectrogram 1	1	444.500000	445.000000	0	0	noise	cluster_noise	0.0000
1780	Spectrogram 1	1	444.750000	445.250000	0	0	5	cluster_5	0.5517
1781	Spectrogram 1	1	445.000000	445.500000	0	0	6	cluster_6	1.0000
1782	Spectrogram 1	1	445.250000	445.750000	0	0	5	cluster_5	0.5170
1783	Spectrogram 1	1	445.500000	446.000000	0	0	11	cluster_11	0.9400
1784	Spectrogram 1	1	445.750000	446.250000	0	0	11	cluster_11	0.9539
1785	Spectrogram 1	1	446.000000	446.500000	0	0	6	cluster_6	1.0000
1786	Spectrogram 1	1	446.250000	446.750000	0	0	6	cluster_6	1.0000
1787	Spectrogram 1	1	446.500000	447.000000	0	0	noise	cluster_noise	0.0000
1788	Spectrogram 1	1	446.750000	447.250000	0	0	noise	cluster_noise	0.0000
1789	Spectrogram 1	1	447.000000	447.500000	0	0	noise	cluster_noise	0.0000
1790	Spectrogram 1	1	447.250000	447.750000	0	0	6	cluster_6	1.0000
1791	Spectrogram 1	1	447.500000	448.000000	0	0	6	cluster_6	0.9991
1792	Spectrogram 1	1	447.750000	448.250000	0	0	4	cluster_4	0.8279
1793	Spectrogram 1	1	448.000000	448.500000	0	0	4	cluster_4	0.7875
1794	Spectrogram 1	1	448.250000	448.750000	0	0	noise	cluster_noise	0.0000
1795	Spectrogram 1	1	448.500000	449.000000	0	0	noise	cluster_noise	0.0000
1796	Spectrogram 1	1	448.750000	449.250000	0	0	noise	cluster_noise	0.0000
1797	Spectrogram 1	1	449.000000	449.500000	0	0	4	cluster_4	1.0000
1798	Spectrogram 1	1	449.250000	449.750000	0	0	4	cluster_4	1.0000
1799	Spectrogram 1	1	449.500000	450.000000	0	0	4	cluster_4	1.0000
1800	Spectrogram 1	1	449.750000	450.250000	0	0	6	cluster_6	1.0000
1801	Spectrogram 1	1	450.000000	450.500000	0	0	6	cluster_6	1.0000
1802	Spectrogram 1	1	450.250000	450.750000	0	0	6	cluster_6	1.0000
1803	Spectrogram 1	1	450.500000	451.000000	0	0	6	cluster_6	1.0000
1804	Spectrogram 1	1	450.750000	451.250000	0	0	6	cluster_6	1.0000
1805	Spectrogram 1	1	451.000000	451.500000	0	0	6	cluster_6	1.0000
1806	Spectrogram 1	1	451.250000	451.750000	0	0	6	cluster_6	0.9868
1807	Spectrogram 1	1	451.500000	452.000000	0	0	4	cluster_4	1.0000
1808	Spectrogram 1	1	451.750000	452.250000	0	0	4	cluster_4	1.0000
1809	Spectrogram 1	1	452.000000	452.500000	0	0	noise	cluster_noise	0.0000
1810	Spectrogram 1	1	452.250000	452.750000	0	0	noise	cluster_noise	0.0000
1811	Spectrogram 1	1	452.500000	453.000000	0	0	noise	cluster_noise	0.0000
1812	Spectrogram 1	1	452.750000	453.250000	0	0	noise	cluster_noise	0.0000
1813	Spectrogram 1	1	453.000000	453.500000	0	0	4	cluster_4	1.0000
1814	Spectrogram 1	1	453.250000	453.750000	0	0	4	cluster_4	1.0000
1815	Spectrogram 1	1	453.500000	454.000000	0	0	4	cluster_4	1.0000
1816	Spectrogram 1	1	453.750000	454.250000	0	0	4	cluster_4	1.0000
1817	Spectrogram 1	1	454.000000	454.500000	0	0	6	cluster_6	0.6621
1818	Spectrogram 1	1	454.250000	454.750000	0	0	6	cluster_6	0.8310
1819	Spectrogram 1	1	454.500000	455.000000	0	0	6	cluster_6	1.0000
1820	Spectrogram 1	1	454.750000	455.250000	0	0	6	cluster_6	1.0000
1821	Spectrogram 1	1	455.000000	455.500000	0	0	6	cluster_6	1.0000
1822	Spectrogram 1	1	455.250000	455.750000	0	0	6	cluster_6	0.9172
1823	Spectrogram 1	1	455.500000	456.000000	0	0	12	cluster_12	0.7406
1824	Spectrogram 1	1	455.750000	456.250000	0	0	11	cluster_11	0.7781
1825	Spectrogram 1	1	456.000000	456.500000	0	0	noise	cluster_noise	0.0000
1826	Spectrogram 1	1	456.250000	456.750000	0	0	6	cluster_6	1.0000
1827	Spectrogram 1	1	456.500000	457.000000	0	0	noise	cluster_noise	0.0000
1828	Spectrogram 1	1	456.750000	457.250000	0	0	noise	cluster_noise	0.0000
1829	Spectrogram 1	1	457.000000	457.500000	0	0	6	cluster_6	0.9644
1830	Spectrogram 1	1	457.250000	457.750000	0	0	6	cluster_6	0.9133
1831	Spectrogram 1	1	457.500000	458.000000	0	0	6	cluster_6	0.8792
1832	Spectrogram 1	1	457.750000	458.250000	0	0	11	cluster_11	0.9643
1833	Spectrogram 1	1	458.000000	458.500000	0	0	14	cluster_14	0.6374
1834	Spectrogram 1	1	458.250000	458.750000	0	0	14	cluster_14	0.7284
1835	Spectrogram 1	1	458.500000	459.000000	0	0	noise	cluster_noise	0.0000
1836	Spectrogram 1	1	458.750000	459.250000	0	0	noise	cluster_noise	0.0000
1837	Spectrogram 1	1	459.000000	459.500000	0	0	noise	cluster_noise	0.0000
1838	Spectrogram 1	1	459.250000	459.750000	0	0	6	cluster_6	1.0000
1839	Spectrogram 1	1	459.500000	460.000000	0	0	noise	cluster_noise	0.0000
1840	Spectrogram 1	1	459.750000	460.250000	0	0	14	cluster_14	0.7782
1841	Spectrogram 1	1	460.000000	460.500000	0	0	14	cluster_14	0.7453
1842	Spectrogram 1	1	460.250000	460.750000	0	0	12	cluster_12	0.8334
1843	Spectrogram 1	1	460.500000	461.000000	0	0	14	cluster_14	0.8280
1844	Spectrogram 1	1	460.750000	461.250000	0	0	12	cluster_12	0.7629
1845	Spectrogram 1	1	461.000000	461.500000	0	0	6	cluster_6	0.8340
1846	Spectrogram 1	1	461.250000	461.750000	0	0	noise	cluster_noise	0.0000
1847	Spectrogram 1	1	461.500000	462.000000	0	0	14	cluster_14	0.8919
1848	Spectrogram 1	1	461.750000	462.250000	0	0	14	cluster_14	1.0000
1849	Spectrogram 1	1	462.000000	462.500000	0	0	14	cluster_14	1.0000
1850	Spectrogram 1	1	462.250000	462.750000	0	0	14	cluster_14	0.9404
1851	Spectrogram 1	1	462.500000	463.000000	0	0	14	cluster_14	1.0000
1852	Spectrogram 1	1	462.750000	463.250000	0	0	14	cluster_14	0.8858
1853	Spectrogram 1	1	463.000000	463.500000	0	0	14	cluster_14	1.0000
1854	Spectrogram 1	1	463.250000	463.750000	0	0	14	cluster_14	1.0000
1855	Spectrogram 1	1	463.500000	464.000000	0	0	6	cluster_6	1.0000
1856	Spectrogram 1	1	463.750000	464.250000	0	0	noise	cluster_noise	0.0000
1857	Spectrogram 1	1	464.000000	464.500000	0	0	14	cluster_14	1.0000
1858	Spectrogram 1	1	464.250000	464.750000	0	0	14	cluster_14	1.0000
1859	Spectrogram 1	1	464.500000	465.000000	0	0	noise	cluster_noise	0.0000
1860	Spectrogram 1	1	464.750000	465.250000	0	0	14	cluster_14	0.8117
1861	Spectrogram 1	1	465.000000	465.500000	0	0	14	cluster_14	1.0000
1862	Spectrogram 1	1	465.250000	465.750000	0	0	14	cluster_14	0.9975
1863	Spectrogram 1	1	465.500000	466.000000	0	0	14	cluster_14	0.9033
1864	Spectrogram 1	1	465.750000	466.250000	0	0	14	cluster_14	1.0000
1865	Spectrogram 1	1	466.000000	466.500000	0	0	6	cluster_6	0.9701
1866	Spectrogram 1	1	466.250000	466.750000	0	0	6	cluster_6	0.9340
1867	Spectrogram 1	1	466.500000	467.000000	0	0	noise	cluster_noise	0.0000
1868	Spectrogram 1	1	466.750000	467.250000	0	0	noise	cluster_noise	0.0000
1869	Spectrogram 1	1	467.000000	467.500000	0	0	6	cluster_6	0.9938
1870	Spectrogram 1	1	467.250000	467.750000	0	0	6	cluster_6	0.9960
1871	Spectrogram 1	1	467.500000	468.000000	0	0	noise	cluster_noise	0.0000
1872	Spectrogram 1	1	467.750000	468.250000	0	0	4	cluster_4	1.0000
1873	Spectrogram 1	1	468.000000	468.500000	0	0	4	cluster_4	1.0000
1874	Spectrogram 1	1	468.250000	468.750000	0	0	4	cluster_4	1.0000
1875	Spectrogram 1	1	468.500000	469.000000	0	0	4	cluster_4	1.0000
1876	Spectrogram 1	1	468.750000	469.250000	0	0	noise	cluster_noise	0.0000
1877	Spectrogram 1	1	469.000000	469.500000	0	0	6	cluster_6	0.8426
1878	Spectrogram 1	1	469.250000	469.750000	0	0	6	cluster_6	1.0000
1879	Spectrogram 1	1	469.500000	470.000000	0	0	noise	cluster_noise	0.0000
1880	Spectrogram 1	1	469.750000	470.250000	0	0	6	cluster_6	0.9212
1881	Spectrogram 1	1	470.000000	470.500000	0	0	6	cluster_6	0.9193
1882	Spectrogram 1	1	470.250000	470.750000	0	0	6	cluster_6	0.8774
1883	Spectrogram 1	1	470.500000	471.000000	0	0	6	cluster_6	0.9613
1884	Spectrogram 1	1	470.750000	471.250000	0	0	6	cluster_6	0.9763
1885	Spectrogram 1	1	471.000000	471.500000	0	0	6	cluster_6	0.9974
1886	Spectrogram 1	1	471.250000	471.750000	0	0	4	cluster_4	0.7344
1887	Spectrogram 1	1	471.500000	472.000000	0	0	4	cluster_4	1.0000
1888	Spectrogram 1	1	471.750000	472.250000	0	0	4	cluster_4	1.0000
1889	Spectrogram 1	1	472.000000	472.500000	0	0	4	cluster_4	0.7198
1890	Spectrogram 1	1	472.250000	472.750000	0	0	4	cluster_4	1.0000
1891	Spectrogram 1	1	472.500000	473.000000	0	0	4	cluster_4	1.0000
1892	Spectrogram 1	1	472.750000	473.250000	0	0	12	cluster_12	0.7826
1893	Spectrogram 1	1	473.000000	473.500000	0	0	6	cluster_6	1.0000
1894	Spectrogram 1	1	473.250000	473.750000	0	0	6	cluster_6	1.0000
1895	Spectrogram 1	1	473.500000	474.000000	0	0	6	cluster_6	0.9537
1896	Spectrogram 1	1	473.750000	474.250000	0	0	6	cluster_6	1.0000
1897	Spectrogram 1	1	474.000000	474.500000	0	0	noise	cluster_noise	0.0000
1898	Spectrogram 1	1	474.250000	474.750000	0	0	noise	cluster_noise	0.0000
1899	Spectrogram 1	1	474.500000	475.000000	0	0	noise	cluster_noise	0.0000
1900	Spectrogram 1	1	474.750000	475.250000	0	0	noise	cluster_noise	0.0000
1901	Spectrogram 1	1	475.000000	475.500000	0	0	noise	cluster_noise	0.0000
1902	Spectrogram 1	1	475.250000	475.750000	0	0	noise	cluster_noise	0.0000
1903	Spectrogram 1	1	475.500000	476.000000	0	0	noise	cluster_noise	0.0000
1904	Spectrogram 1	1	475.750000	476.250000	0	0	6	cluster_6	1.0000
1905	Spectrogram 1	1	476.000000	476.500000	0	0	noise	cluster_noise	0.0000
1906	Spectrogram 1	1	476.250000	476.750000	0	0	14	cluster_14	0.6192
1907	Spectrogram 1	1	476.500000	477.000000	0	0	14	cluster_14	0.7527
1908	Spectrogram 1	1	476.750000	477.250000	0	0	14	cluster_14	0.7633
1909	Spectrogram 1	1	477.000000	477.500000	0	0	14	cluster_14	0.9612
1910	Spectrogram 1	1	477.250000	477.750000	0	0	14	cluster_14	0.9873
1911	Spectrogram 1	1	477.500000	478.000000	0	0	noise	cluster_noise	0.0000
1912	Spectrogram 1	1	477.750000	478.250000	0	0	6	cluster_6	0.9106
1913	Spectrogram 1	1	478.000000	478.500000	0	0	6	cluster_6	0.9865
1914	Spectrogram 1	1	478.250000	478.750000	0	0	noise	cluster_noise	0.0000
1915	Spectrogram 1	1	478.500000	479.000000	0	0	14	cluster_14	0.7453
1916	Spectrogram 1	1	478.750000	479.250000	0	0	14	cluster_14	0.7532
1917	Spectrogram 1	1	479.000000	479.500000	0	0	12	cluster_12	0.8972
1918	Spectrogram 1	1	479.250000	479.750000	0	0	14	cluster_14	1.0000
1919	Spectrogram 1	1	479.500000	480.000000	0	0	14	cluster_14	1.0000
1920	Spectrogram 1	1	479.750000	480.250000	0	0	noise	cluster_noise	0.0000
1921	Spectrogram 1	1	480.000000	480.500000	0	0	12	cluster_12	0.9374
1922	Spectrogram 1	1	480.250000	480.750000	0	0	14	cluster_14	0.8149
1923	Spectrogram 1	1	480.500000	481.000000	0	0	14	cluster_14	0.8906
1924	Spectrogram 1	1	480.750000	481.250000	0	0	6	cluster_6	0.8786
1925	Spectrogram 1	1	481.000000	481.500000	0	0	14	cluster_14	0.9782
1926	Spectrogram 1	1	481.250000	481.750000	0	0	14	cluster_14	1.0000
1927	Spectrogram 1	1	481.500000	482.000000	0	0	noise	cluster_noise	0.0000
1928	Spectrogram 1	1	481.750000	482.250000	0	0	noise	cluster_noise	0.0000
1929	Spectrogram 1	1	482.000000	482.500000	0	0	14	cluster_14	1.0000
1930	Spectrogram 1	1	482.250000	482.750000	0	0	14	cluster_14	1.0000
1931	Spectrogram 1	1	482.500000	483.000000	0	0	6	cluster_6	1.0000
1932	Spectrogram 1	1	482.750000	483.250000	0	0	noise	cluster_noise	0.0000
1933	Spectrogram 1	1	483.000000	483.500000	0	0	14	cluster_14	1.0000
1934	Spectrogram 1	1	483.250000	483.750000	0	0	14	cluster_14	1.0000
1935	Spectrogram 1	1	483.500000	484.000000	0	0	noise	cluster_noise	0.0000
1936	Spectrogram 1	1	483.750000	484.250000	0	0	14	cluster_14	1.0000
1937	Spectrogram 1	1	484.000000	484.500000	0	0	14	cluster_14	1.0000
1938	Spectrogram 1	1	484.250000	484.750000	0	0	14	cluster_14	1.0000
1939	Spectrogram 1	1	484.500000	485.000000	0	0	14	cluster_14	1.0000
1940	Spectrogram 1	1	484.750000	485.250000	0	0	14	cluster_14	1.0000
1941	Spectrogram 1	1	485.000000	485.500000	0	0	5	cluster_5	0.6076
1942	Spectrogram 1	1	485.250000	485.750000	0	0	5	cluster_5	0.5701
1943	Spectrogram 1	1	485.500000	486.000000	0	0	noise	cluster_noise	0.0000
1944	Spectrogram 1	1	485.750000	486.250000	0	0	6	cluster_6	1.0000
1945	Spectrogram 1	1	486.000000	486.500000	0	0	6	cluster_6	1.0000
1946	Spectrogram 1	1	486.250000	486.750000	0	0	6	cluster_6	1.0000
1947	Spectrogram 1	1	486.500000	487.000000	0	0	6	cluster_6	0.9720
1948	Spectrogram 1	1	486.750000	487.250000	0	0	6	cluster_6	0.9600
1949	Spectrogram 1	1	487.000000	487.500000	0	0	4	cluster_4	1.0000
1950	Spectrogram 1	1	487.250000	487.750000	0	0	4	cluster_4	1.0000
1951	Spectrogram 1	1	487.500000	488.000000	0	0	noise	cluster_noise	0.0000
1952	Spectrogram 1	1	487.750000	488.250000	0	0	4	cluster_4	1.0000
1953	Spectrogram 1	1	488.000000	488.500000	0	0	6	cluster_6	1.0000
1954	Spectrogram 1	1	488.250000	488.750000	0	0	6	cluster_6	0.9219
1955	Spectrogram 1	1	488.500000	489.000000	0	0	noise	cluster_noise	0.0000
1956	Spectrogram 1	1	488.750000	489.250000	0	0	noise	cluster_noise	0.0000
1957	Spectrogram 1	1	489.000000	489.500000	0	0	6	cluster_6	0.9800
1958	Spectrogram 1	1	489.250000	489.750000	0	0	6	cluster_6	1.0000
1959	Spectrogram 1	1	489.500000	490.000000	0	0	6	cluster_6	1.0000
1960	Spectrogram 1	1	489.750000	490.250000	0	0	6	cluster_6	1.0000
1961	Spectrogram 1	1	490.000000	490.500000	0	0	6	cluster_6	1.0000
1962	Spectrogram 1	1	490.250000	490.750000	0	0	6	cluster_6	1.0000
1963	Spectrogram 1	1	490.500000	491.000000	0	0	5	cluster_5	0.5487
1964	Spectrogram 1	1	490.750000	491.250000	0	0	4	cluster_4	0.9780
1965	Spectrogram 1	1	491.000000	491.500000	0	0	noise	cluster_noise	0.0000
1966	Spectrogram 1	1	491.250000	491.750000	0	0	4	cluster_4	0.9147
1967	Spectrogram 1	1	491.500000	492.000000	0	0	4	cluster_4	1.0000
1968	Spectrogram 1	1	491.750000	492.250000	0	0	6	cluster_6	1.0000
1969	Spectrogram 1	1	492.000000	492.500000	0	0	6	cluster_6	1.0000
1970	Spectrogram 1	1	492.250000	492.750000	0	0	noise	cluster_noise	0.0000
1971	Spectrogram 1	1	492.500000	493.000000	0	0	6	cluster_6	1.0000
1972	Spectrogram 1	1	492.750000	493.250000	0	0	6	cluster_6	0.9819
1973	Spectrogram 1	1	493.000000	493.500000	0	0	6	cluster_6	1.0000
1974	Spectrogram 1	1	493.250000	493.750000	0	0	11	cluster_11	0.7875
1975	Spectrogram 1	1	493.500000	494.000000	0	0	14	cluster_14	0.6272
1976	Spectrogram 1	1	493.750000	494.250000	0	0	15	cluster_15	0.9610
1977	Spectrogram 1	1	494.000000	494.500000	0	0	5	cluster_5	0.5207
1978	Spectrogram 1	1	494.250000	494.750000	0	0	noise	cluster_noise	0.0000
1979	Spectrogram 1	1	494.500000	495.000000	0	0	14	cluster_14	0.7611
1980	Spectrogram 1	1	494.750000	495.250000	0	0	6	cluster_6	1.0000
1981	Spectrogram 1	1	495.000000	495.500000	0	0	12	cluster_12	0.7759
1982	Spectrogram 1	1	495.250000	495.750000	0	0	14	cluster_14	0.5658
1983	Spectrogram 1	1	495.500000	496.000000	0	0	noise	cluster_noise	0.0000
1984	Spectrogram 1	1	495.750000	496.250000	0	0	6	cluster_6	1.0000
1985	Spectrogram 1	1	496.000000	496.500000	0	0	14	cluster_14	0.8009
1986	Spectrogram 1	1	496.250000	496.750000	0	0	14	cluster_14	1.0000
1987	Spectrogram 1	1	496.500000	497.000000	0	0	noise	cluster_noise	0.0000
1988	Spectrogram 1	1	496.750000	497.250000	0	0	6	cluster_6	1.0000
1989	Spectrogram 1	1	497.000000	497.500000	0	0	6	cluster_6	1.0000
1990	Spectrogram 1	1	497.250000	497.750000	0	0	6	cluster_6	1.0000
1991	Spectrogram 1	1	497.500000	498.000000	0	0	noise	cluster_noise	0.0000
1992	Spectrogram 1	1	497.750000	498.250000	0	0	14	cluster_14	0.5905
1993	Spectrogram 1	1	498.000000	498.500000	0	0	14	cluster_14	0.7369
1994	Spectrogram 1	1	498.250000	498.750000	0	0	noise	cluster_noise	0.0000
1995	Spectrogram 1	1	498.500000	499.000000	0	0	14	cluster_14	0.9412
1996	Spectrogram 1	1	498.750000	499.250000	0	0	14	cluster_14	1.0000
1997	Spectrogram 1	1	499.000000	499.500000	0	0	6	cluster_6	1.0000
1998	Spectrogram 1	1	499.250000	499.750000	0	0	6	cluster_6	1.0000
1999	Spectrogram 1	1	499.500000	500.000000	0	0	11	cluster_11	0.9091
2000	Spectrogram 1	1	499.750000	500.250000	0	0	noise	cluster_noise	0.0000
2001	Spectrogram 1	1	500.000000	500.500000	0	0	noise	cluster_noise	0.0000
2002	Spectrogram 1	1	500.250000	500.750000	0	0	14	cluster_14	0.8909
2003	Spectrogram 1	1	500.500000	501.000000	0	0	14	cluster_14	1.0000
2004	Spectrogram 1	1	500.750000	501.250000	0	0	noise	cluster_noise	0.0000
2005	Spectrogram 1	1	501.000000	501.500000	0	0	noise	cluster_noise	0.0000
2006	Spectrogram 1	1	501.250000	501.750000	0	0	14	cluster_14	1.0000
2007	Spectrogram 1	1	501.500000	502.000000	0	0	14	cluster_14	1.0000
2008	Spectrogram 1	1	501.750000	502.250000	0	0	14	cluster_14	1.0000
2009	Spectrogram 1	1	502.000000	502.500000	0	0	14	cluster_14	0.9518
2010	Spectrogram 1	1	502.250000	502.750000	0	0	14	cluster_14	0.7289
2011	Spectrogram 1	1	502.500000	503.000000	0	0	14	cluster_14	1.0000
2012	Spectrogram 1	1	502.750000	503.250000	0	0	14	cluster_14	1.0000
2013	Spectrogram 1	1	503.000000	503.500000	0	0	14	cluster_14	0.9772
2014	Spectrogram 1	1	503.250000	503.750000	0	0	noise	cluster_noise	0.0000
2015	Spectrogram 1	1	503.500000	504.000000	0	0	noise	cluster_noise	0.0000
2016	Spectrogram 1	1	503.750000	504.250000	0	0	noise	cluster_noise	0.0000
2017	Spectrogram 1	1	504.000000	504.500000	0	0	6	cluster_6	0.9444
2018	Spectrogram 1	1	504.250000	504.750000	0	0	6	cluster_6	1.0000
2019	Spectrogram 1	1	504.500000	505.000000	0	0	6	cluster_6	1.0000
2020	Spectrogram 1	1	504.750000	505.250000	0	0	6	cluster_6	1.0000
2021	Spectrogram 1	1	505.000000	505.500000	0	0	11	cluster_11	0.9993
2022	Spectrogram 1	1	505.250000	505.750000	0	0	14	cluster_14	0.5922
2023	Spectrogram 1	1	505.500000	506.000000	0	0	noise	cluster_noise	0.0000
2024	Spectrogram 1	1	505.750000	506.250000	0	0	noise	cluster_noise	0.0000
2025	Spectrogram 1	1	506.000000	506.500000	0	0	6	cluster_6	1.0000
2026	Spectrogram 1	1	506.250000	506.750000	0	0	6	cluster_6	0.9622
2027	Spectrogram 1	1	506.500000	507.000000	0	0	6	cluster_6	1.0000
2028	Spectrogram 1	1	506.750000	507.250000	0	0	6	cluster_6	1.0000
2029	Spectrogram 1	1	507.000000	507.500000	0	0	6	cluster_6	1.0000
2030	Spectrogram 1	1	507.250000	507.750000	0	0	6	cluster_6	1.0000
2031	Spectrogram 1	1	507.500000	508.000000	0	0	6	cluster_6	1.0000
2032	Spectrogram 1	1	507.750000	508.250000	0	0	6	cluster_6	0.8589
2033	Spectrogram 1	1	508.000000	508.500000	0	0	11	cluster_11	1.0000
2034	Spectrogram 1	1	508.250000	508.750000	0	0	noise	cluster_noise	0.0000
2035	Spectrogram 1	1	508.500000	509.000000	0	0	noise	cluster_noise	0.0000
2036	Spectrogram 1	1	508.750000	509.250000	0	0	6	cluster_6	1.0000
2037	Spectrogram 1	1	509.000000	509.500000	0	0	noise	cluster_noise	0.0000
2038	Spectrogram 1	1	509.250000	509.750000	0	0	noise	cluster_noise	0.0000
2039	Spectrogram 1	1	509.500000	510.000000	0	0	6	cluster_6	0.9024
2040	Spectrogram 1	1	509.750000	510.250000	0	0	6	cluster_6	1.0000
2041	Spectrogram 1	1	510.000000	510.500000	0	0	6	cluster_6	0.9653
2042	Spectrogram 1	1	510.250000	510.750000	0	0	6	cluster_6	1.0000
2043	Spectrogram 1	1	510.500000	511.000000	0	0	6	cluster_6	1.0000
2044	Spectrogram 1	1	510.750000	511.250000	0	0	11	cluster_11	1.0000
2045	Spectrogram 1	1	511.000000	511.500000	0	0	noise	cluster_noise	0.0000
2046	Spectrogram 1	1	511.250000	511.750000	0	0	15	cluster_15	0.9950
2047	Spectrogram 1	1	511.500000	512.000000	0	0	noise	cluster_noise	0.0000
2048	Spectrogram 1	1	511.750000	512.250000	0	0	noise	cluster_noise	0.0000
2049	Spectrogram 1	1	512.000000	512.500000	0	0	noise	cluster_noise	0.0000
2050	Spectrogram 1	1	512.250000	512.750000	0	0	6	cluster_6	1.0000
2051	Spectrogram 1	1	512.500000	513.000000	0	0	noise	cluster_noise	0.0000
2052	Spectrogram 1	1	512.750000	513.250000	0	0	7	cluster_7	0.8449
2053	Spectrogram 1	1	513.000000	513.500000	0	0	7	cluster_7	1.0000
2054	Spectrogram 1	1	513.250000	513.750000	0	0	7	cluster_7	1.0000
2055	Spectrogram 1	1	513.500000	514.000000	0	0	7	cluster_7	1.0000
2056	Spectrogram 1	1	513.750000	514.250000	0	0	7	cluster_7	0.7794
2057	Spectrogram 1	1	514.000000	514.500000	0	0	6	cluster_6	1.0000
2058	Spectrogram 1	1	514.250000	514.750000	0	0	6	cluster_6	1.0000
2059	Spectrogram 1	1	514.500000	515.000000	0	0	6	cluster_6	0.9505
2060	Spectrogram 1	1	514.750000	515.250000	0	0	6	cluster_6	0.9395
2061	Spectrogram 1	1	515.000000	515.500000	0	0	noise	cluster_noise	0.0000
2062	Spectrogram 1	1	515.250000	515.750000	0	0	7	cluster_7	0.6961
2063	Spectrogram 1	1	515.500000	516.000000	0	0	7	cluster_7	0.9544
2064	Spectrogram 1	1	515.750000	516.250000	0	0	7	cluster_7	1.0000
2065	Spectrogram 1	1	516.000000	516.500000	0	0	7	cluster_7	1.0000
2066	Spectrogram 1	1	516.250000	516.750000	0	0	7	cluster_7	1.0000
2067	Spectrogram 1	1	516.500000	517.000000	0	0	7	cluster_7	1.0000
2068	Spectrogram 1	1	516.750000	517.250000	0	0	7	cluster_7	1.0000
2069	Spectrogram 1	1	517.000000	517.500000	0	0	7	cluster_7	0.7151
2070	Spectrogram 1	1	517.250000	517.750000	0	0	6	cluster_6	0.9151
2071	Spectrogram 1	1	517.500000	518.000000	0	0	noise	cluster_noise	0.0000
2072	Spectrogram 1	1	517.750000	518.250000	0	0	noise	cluster_noise	0.0000
2073	Spectrogram 1	1	518.000000	518.500000	0	0	7	cluster_7	0.8106
2074	Spectrogram 1	1	518.250000	518.750000	0	0	7	cluster_7	1.0000
2075	Spectrogram 1	1	518.500000	519.000000	0	0	7	cluster_7	1.0000
2076	Spectrogram 1	1	518.750000	519.250000	0	0	7	cluster_7	0.9728
2077	Spectrogram 1	1	519.000000	519.500000	0	0	7	cluster_7	1.0000
2078	Spectrogram 1	1	519.250000	519.750000	0	0	7	cluster_7	1.0000
2079	Spectrogram 1	1	519.500000	520.000000	0	0	7	cluster_7	1.0000
2080	Spectrogram 1	1	519.750000	520.250000	0	0	7	cluster_7	1.0000
2081	Spectrogram 1	1	520.000000	520.500000	0	0	7	cluster_7	1.0000
2082	Spectrogram 1	1	520.250000	520.750000	0	0	7	cluster_7	1.0000
2083	Spectrogram 1	1	520.500000	521.000000	0	0	7	cluster_7	0.9933
2084	Spectrogram 1	1	520.750000	521.250000	0	0	7	cluster_7	1.0000
2085	Spectrogram 1	1	521.000000	521.500000	0	0	7	cluster_7	1.0000
2086	Spectrogram 1	1	521.250000	521.750000	0	0	7	cluster_7	1.0000
2087	Spectrogram 1	1	521.500000	522.000000	0	0	7	cluster_7	0.9527
2088	Spectrogram 1	1	521.750000	522.250000	0	0	7	cluster_7	1.0000
2089	Spectrogram 1	1	522.000000	522.500000	0	0	7	cluster_7	0.8770
2090	Spectrogram 1	1	522.250000	522.750000	0	0	7	cluster_7	0.9967
2091	Spectrogram 1	1	522.500000	523.000000	0	0	7	cluster_7	1.0000
2092	Spectrogram 1	1	522.750000	523.250000	0	0	noise	cluster_noise	0.0000
2093	Spectrogram 1	1	523.000000	523.500000	0	0	6	cluster_6	0.9942
2094	Spectrogram 1	1	523.250000	523.750000	0	0	6	cluster_6	1.0000
2095	Spectrogram 1	1	523.500000	524.000000	0	0	15	cluster_15	0.9718
2096	Spectrogram 1	1	523.750000	524.250000	0	0	15	cluster_15	1.0000
2097	Spectrogram 1	1	524.000000	524.500000	0	0	noise	cluster_noise	0.0000
2098	Spectrogram 1	1	524.250000	524.750000	0	0	6	cluster_6	1.0000
2099	Spectrogram 1	1	524.500000	525.000000	0	0	noise	cluster_noise	0.0000
2100	Spectrogram 1	1	524.750000	525.250000	0	0	15	cluster_15	0.9967
2101	Spectrogram 1	1	525.000000	525.500000	0	0	6	cluster_6	0.6813
2102	Spectrogram 1	1	525.250000	525.750000	0	0	6	cluster_6	1.0000
2103	Spectrogram 1	1	525.500000	526.000000	0	0	6	cluster_6	1.0000
2104	Spectrogram 1	1	525.750000	526.250000	0	0	6	cluster_6	1.0000
2105	Spectrogram 1	1	526.000000	526.500000	0	0	6	cluster_6	1.0000
2106	Spectrogram 1	1	526.250000	526.750000	0	0	15	cluster_15	1.0000
2107	Spectrogram 1	1	526.500000	527.000000	0	0	15	cluster_15	1.0000
2108	Spectrogram 1	1	526.750000	527.250000	0	0	noise	cluster_noise	0.0000
2109	Spectrogram 1	1	527.000000	527.500000	0	0	noise	cluster_noise	0.0000
2110	Spectrogram 1	1	527.250000	527.750000	0	0	15	cluster_15	1.0000
2111	Spectrogram 1	1	527.500000	528.000000	0	0	15	cluster_15	1.0000
2112	Spectrogram 1	1	527.750000	528.250000	0	0	6	cluster_6	1.0000
2113	Spectrogram 1	1	528.000000	528.500000	0	0	6	cluster_6	1.0000
2114	Spectrogram 1	1	528.250000	528.750000	0	0	6	cluster_6	1.0000
2115	Spectrogram 1	1	528.500000	529.000000	0	0	6	cluster_6	1.0000
2116	Spectrogram 1	1	528.750000	529.250000	0	0	6	cluster_6	1.0000
2117	Spectrogram 1	1	529.000000	529.500000	0	0	6	cluster_6	1.0000
2118	Spectrogram 1	1	529.250000	529.750000	0	0	noise	cluster_noise	0.0000
2119	Spectrogram 1	1	529.500000	530.000000	0	0	15	cluster_15	1.0000
2120	Spectrogram 1	1	529.750000	530.250000	0	0	noise	cluster_noise	0.0000
2121	Spectrogram 1	1	530.000000	530.500000	0	0	6	cluster_6	0.8081
2122	Spectrogram 1	1	530.250000	530.750000	0	0	6	cluster_6	0.9857
2123	Spectrogram 1	1	530.500000	531.000000	0	0	6	cluster_6	0.8473
2124	Spectrogram 1	1	530.750000	531.250000	0	0	6	cluster_6	1.0000
2125	Spectrogram 1	1	531.000000	531.500000	0	0	6	cluster_6	1.0000
2126	Spectrogram 1	1	531.250000	531.750000	0	0	6	cluster_6	1.0000
2127	Spectrogram 1	1	531.500000	532.000000	0	0	6	cluster_6	0.9687
2128	Spectrogram 1	1	531.750000	532.250000	0	0	noise	cluster_noise	0.0000
2129	Spectrogram 1	1	532.000000	532.500000	0	0	noise	cluster_noise	0.0000
2130	Spectrogram 1	1	532.250000	532.750000	0	0	noise	cluster_noise	0.0000
2131	Spectrogram 1	1	532.500000	533.000000	0	0	15	cluster_15	0.9833
2132	Spectrogram 1	1	532.750000	533.250000	0	0	6	cluster_6	1.0000
2133	Spectrogram 1	1	533.000000	533.500000	0	0	6	cluster_6	0.9715
2134	Spectrogram 1	1	533.250000	533.750000	0	0	6	cluster_6	1.0000
2135	Spectrogram 1	1	533.500000	534.000000	0	0	6	cluster_6	1.0000
2136	Spectrogram 1	1	533.750000	534.250000	0	0	7	cluster_7	0.8924
2137	Spectrogram 1	1	534.000000	534.500000	0	0	7	cluster_7	0.9528
2138	Spectrogram 1	1	534.250000	534.750000	0	0	7	cluster_7	0.9908
2139	Spectrogram 1	1	534.500000	535.000000	0	0	7	cluster_7	0.9896
2140	Spectrogram 1	1	534.750000	535.250000	0	0	7	cluster_7	1.0000
2141	Spectrogram 1	1	535.000000	535.500000	0	0	6	cluster_6	0.7378
2142	Spectrogram 1	1	535.250000	535.750000	0	0	6	cluster_6	1.0000
2143	Spectrogram 1	1	535.500000	536.000000	0	0	6	cluster_6	1.0000
2144	Spectrogram 1	1	535.750000	536.250000	0	0	6	cluster_6	1.0000
2145	Spectrogram 1	1	536.000000	536.500000	0	0	noise	cluster_noise	0.0000
2146	Spectrogram 1	1	536.250000	536.750000	0	0	7	cluster_7	0.8142
2147	Spectrogram 1	1	536.500000	537.000000	0	0	7	cluster_7	0.8803
2148	Spectrogram 1	1	536.750000	537.250000	0	0	7	cluster_7	0.7658
2149	Spectrogram 1	1	537.000000	537.500000	0	0	7	cluster_7	0.9874
2150	Spectrogram 1	1	537.250000	537.750000	0	0	7	cluster_7	0.9850
2151	Spectrogram 1	1	537.500000	538.000000	0	0	7	cluster_7	1.0000
2152	Spectrogram 1	1	537.750000	538.250000	0	0	7	cluster_7	1.0000
2153	Spectrogram 1	1	538.000000	538.500000	0	0	6	cluster_6	1.0000
2154	Spectrogram 1	1	538.250000	538.750000	0	0	6	cluster_6	1.0000
2155	Spectrogram 1	1	538.500000	539.000000	0	0	6	cluster_6	1.0000
2156	Spectrogram 1	1	538.750000	539.250000	0	0	7	cluster_7	0.6710
2157	Spectrogram 1	1	539.000000	539.500000	0	0	7	cluster_7	0.8172
2158	Spectrogram 1	1	539.250000	539.750000	0	0	7	cluster_7	0.9016
2159	Spectrogram 1	1	539.500000	540.000000	0	0	7	cluster_7	0.9940
2160	Spectrogram 1	1	539.750000	540.250000	0	0	7	cluster_7	0.9309
2161	Spectrogram 1	1	540.000000	540.500000	0	0	7	cluster_7	1.0000
2162	Spectrogram 1	1	540.250000	540.750000	0	0	7	cluster_7	0.9976
2163	Spectrogram 1	1	540.500000	541.000000	0	0	7	cluster_7	0.9313
2164	Spectrogram 1	1	540.750000	541.250000	0	0	7	cluster_7	0.9060
2165	Spectrogram 1	1	541.000000	541.500000	0	0	7	cluster_7	1.0000
2166	Spectrogram 1	1	541.250000	541.750000	0	0	7	cluster_7	0.9855
2167	Spectrogram 1	1	541.500000	542.000000	0	0	7	cluster_7	1.0000
2168	Spectrogram 1	1	541.750000	542.250000	0	0	7	cluster_7	0.9230
2169	Spectrogram 1	1	542.000000	542.500000	0	0	7	cluster_7	1.0000
2170	Spectrogram 1	1	542.250000	542.750000	0	0	7	cluster_7	1.0000
2171	Spectrogram 1	1	542.500000	543.000000	0	0	7	cluster_7	1.0000
2172	Spectrogram 1	1	542.750000	543.250000	0	0	7	cluster_7	1.0000
2173	Spectrogram 1	1	543.000000	543.500000	0	0	12	cluster_12	0.7571
2174	Spectrogram 1	1	543.250000	543.750000	0	0	6	cluster_6	0.9341
2175	Spectrogram 1	1	543.500000	544.000000	0	0	6	cluster_6	1.0000
2176	Spectrogram 1	1	543.750000	544.250000	0	0	6	cluster_6	0.9554
2177	Spectrogram 1	1	544.000000	544.500000	0	0	6	cluster_6	1.0000
2178	Spectrogram 1	1	544.250000	544.750000	0	0	6	cluster_6	1.0000
2179	Spectrogram 1	1	544.500000	545.000000	0	0	15	cluster_15	1.0000
2180	Spectrogram 1	1	544.750000	545.250000	0	0	15	cluster_15	1.0000
2181	Spectrogram 1	1	545.000000	545.500000	0	0	13	cluster_13	1.0000
2182	Spectrogram 1	1	545.250000	545.750000	0	0	13	cluster_13	0.9077
2183	Spectrogram 1	1	545.500000	546.000000	0	0	15	cluster_15	1.0000
2184	Spectrogram 1	1	545.750000	546.250000	0	0	15	cluster_15	1.0000
2185	Spectrogram 1	1	546.000000	546.500000	0	0	6	cluster_6	1.0000
2186	Spectrogram 1	1	546.250000	546.750000	0	0	6	cluster_6	1.0000
2187	Spectrogram 1	1	546.500000	547.000000	0	0	6	cluster_6	1.0000
2188	Spectrogram 1	1	546.750000	547.250000	0	0	6	cluster_6	1.0000
2189	Spectrogram 1	1	547.000000	547.500000	0	0	6	cluster_6	1.0000
2190	Spectrogram 1	1	547.250000	547.750000	0	0	15	cluster_15	0.9293
2191	Spectrogram 1	1	547.500000	548.000000	0	0	15	cluster_15	1.0000
2192	Spectrogram 1	1	547.750000	548.250000	0	0	13	cluster_13	0.7095
2193	Spectrogram 1	1	548.000000	548.500000	0	0	13	cluster_13	1.0000
2194	Spectrogram 1	1	548.250000	548.750000	0	0	noise	cluster_noise	0.0000
2195	Spectrogram 1	1	548.500000	549.000000	0	0	noise	cluster_noise	0.0000
2196	Spectrogram 1	1	548.750000	549.250000	0	0	13	cluster_13	0.8561
2197	Spectrogram 1	1	549.000000	549.500000	0	0	13	cluster_13	0.8859
2198	Spectrogram 1	1	549.250000	549.750000	0	0	6	cluster_6	1.0000
2199	Spectrogram 1	1	549.500000	550.000000	0	0	6	cluster_6	1.0000
2200	Spectrogram 1	1	549.750000	550.250000	0	0	6	cluster_6	1.0000
2201	Spectrogram 1	1	550.000000	550.500000	0	0	6	cluster_6	1.0000
2202	Spectrogram 1	1	550.250000	550.750000	0	0	15	cluster_15	1.0000
2203	Spectrogram 1	1	550.500000	551.000000	0	0	noise	cluster_noise	0.0000
2204	Spectrogram 1	1	550.750000	551.250000	0	0	13	cluster_13	1.0000
2205	Spectrogram 1	1	551.000000	551.500000	0	0	13	cluster_13	1.0000
2206	Spectrogram 1	1	551.250000	551.750000	0	0	10	cluster_10	0.8845
2207	Spectrogram 1	1	551.500000	552.000000	0	0	13	cluster_13	0.7601
2208	Spectrogram 1	1	551.750000	552.250000	0	0	13	cluster_13	1.0000
2209	Spectrogram 1	1	552.000000	552.500000	0	0	noise	cluster_noise	0.0000
2210	Spectrogram 1	1	552.250000	552.750000	0	0	6	cluster_6	0.9763
2211	Spectrogram 1	1	552.500000	553.000000	0	0	6	cluster_6	1.0000
2212	Spectrogram 1	1	552.750000	553.250000	0	0	6	cluster_6	0.9752
2213	Spectrogram 1	1	553.000000	553.500000	0	0	6	cluster_6	0.9733
2214	Spectrogram 1	1	553.250000	553.750000	0	0	noise	cluster_noise	0.0000
2215	Spectrogram 1	1	553.500000	554.000000	0	0	noise	cluster_noise	0.0000
2216	Spectrogram 1	1	553.750000	554.250000	0	0	13	cluster_13	1.0000
2217	Spectrogram 1	1	554.000000	554.500000	0	0	13	cluster_13	1.0000
2218	Spectrogram 1	1	554.250000	554.750000	0	0	noise	cluster_noise	0.0000
2219	Spectrogram 1	1	554.500000	555.000000	0	0	noise	cluster_noise	0.0000
2220	Spectrogram 1	1	554.750000	555.250000	0	0	13	cluster_13	0.7461
2221	Spectrogram 1	1	555.000000	555.500000	0	0	13	cluster_13	0.7760
2222	Spectrogram 1	1	555.250000	555.750000	0	0	6	cluster_6	1.0000
2223	Spectrogram 1	1	555.500000	556.000000	0	0	6	cluster_6	1.0000
2224	Spectrogram 1	1	555.750000	556.250000	0	0	6	cluster_6	1.0000
2225	Spectrogram 1	1	556.000000	556.500000	0	0	6	cluster_6	0.8041
2226	Spectrogram 1	1	556.250000	556.750000	0	0	6	cluster_6	0.8443
2227	Spectrogram 1	1	556.500000	557.000000	0	0	noise	cluster_noise	0.0000
2228	Spectrogram 1	1	556.750000	557.250000	0	0	13	cluster_13	0.9985
2229	Spectrogram 1	1	557.000000	557.500000	0	0	13	cluster_13	0.9232
2230	Spectrogram 1	1	557.250000	557.750000	0	0	9	cluster_9	0.6993
2231	Spectrogram 1	1	557.500000	558.000000	0	0	noise	cluster_noise	0.0000
2232	Spectrogram 1	1	557.750000	558.250000	0	0	noise	cluster_noise	0.0000
2233	Spectrogram 1	1	558.000000	558.500000	0	0	noise	cluster_noise	0.0000
2234	Spectrogram 1	1	558.250000	558.750000	0	0	noise	cluster_noise	0.0000
2235	Spectrogram 1	1	558.500000	559.000000	0	0	6	cluster_6	0.6928
2236	Spectrogram 1	1	558.750000	559.250000	0	0	6	cluster_6	0.9268
2237	Spectrogram 1	1	559.000000	559.500000	0	0	6	cluster_6	0.9627
2238	Spectrogram 1	1	559.250000	559.750000	0	0	15	cluster_15	1.0000
2239	Spectrogram 1	1	559.500000	560.000000	0	0	noise	cluster_noise	0.0000
2240	Spectrogram 1	1	559.750000	560.250000	0	0	13	cluster_13	1.0000
2241	Spectrogram 1	1	560.000000	560.500000	0	0	13	cluster_13	1.0000
2242	Spectrogram 1	1	560.250000	560.750000	0	0	noise	cluster_noise	0.0000
2243	Spectrogram 1	1	560.500000	561.000000	0	0	13	cluster_13	0.7965
2244	Spectrogram 1	1	560.750000	561.250000	0	0	13	cluster_13	1.0000
2245	Spectrogram 1	1	561.000000	561.500000	0	0	13	cluster_13	1.0000
2246	Spectrogram 1	1	561.250000	561.750000	0	0	6	cluster_6	0.9902
2247	Spectrogram 1	1	561.500000	562.000000	0	0	6	cluster_6	0.9924
2248	Spectrogram 1	1	561.750000	562.250000	0	0	6	cluster_6	1.0000
2249	Spectrogram 1	1	562.000000	562.500000	0	0	15	cluster_15	0.9501
2250	Spectrogram 1	1	562.250000	562.750000	0	0	13	cluster_13	1.0000
2251	Spectrogram 1	1	562.500000	563.000000	0	0	13	cluster_13	1.0000
2252	Spectrogram 1	1	562.750000	563.250000	0	0	noise	cluster_noise	0.0000
2253	Spectrogram 1	1	563.000000	563.500000	0	0	noise	cluster_noise	0.0000
2254	Spectrogram 1	1	563.250000	563.750000	0	0	9	cluster_9	0.7040
2255	Spectrogram 1	1	563.500000	564.000000	0	0	9	cluster_9	0.8226
2256	Spectrogram 1	1	563.750000	564.250000	0	0	9	cluster_9	0.8798
2257	Spectrogram 1	1	564.000000	564.500000	0	0	noise	cluster_noise	0.0000
2258	Spectrogram 1	1	564.250000	564.750000	0	0	6	cluster_6	0.7856
2259	Spectrogram 1	1	564.500000	565.000000	0	0	noise	cluster_noise	0.0000
2260	Spectrogram 1	1	564.750000	565.250000	0	0	13	cluster_13	0.9952
2261	Spectrogram 1	1	565.000000	565.500000	0	0	13	cluster_13	1.0000
2262	Spectrogram 1	1	565.250000	565.750000	0	0	13	cluster_13	0.9614
2263	Spectrogram 1	1	565.500000	566.000000	0	0	noise	cluster_noise	0.0000
2264	Spectrogram 1	1	565.750000	566.250000	0	0	noise	cluster_noise	0.0000
2265	Spectrogram 1	1	566.000000	566.500000	0	0	noise	cluster_noise	0.0000
2266	Spectrogram 1	1	566.250000	566.750000	0	0	noise	cluster_noise	0.0000
2267	Spectrogram 1	1	566.500000	567.000000	0	0	9	cluster_9	0.6563
2268	Spectrogram 1	1	566.750000	567.250000	0	0	noise	cluster_noise	0.0000
2269	Spectrogram 1	1	567.000000	567.500000	0	0	noise	cluster_noise	0.0000
2270	Spectrogram 1	1	567.250000	567.750000	0	0	9	cluster_9	0.5711
2271	Spectrogram 1	1	567.500000	568.000000	0	0	noise	cluster_noise	0.0000
2272	Spectrogram 1	1	567.750000	568.250000	0	0	6	cluster_6	1.0000
2273	Spectrogram 1	1	568.000000	568.500000	0	0	6	cluster_6	1.0000
2274	Spectrogram 1	1	568.250000	568.750000	0	0	6	cluster_6	1.0000
2275	Spectrogram 1	1	568.500000	569.000000	0	0	6	cluster_6	1.0000
2276	Spectrogram 1	1	568.750000	569.250000	0	0	6	cluster_6	1.0000
2277	Spectrogram 1	1	569.000000	569.500000	0	0	9	cluster_9	0.5959
2278	Spectrogram 1	1	569.250000	569.750000	0	0	9	cluster_9	0.8259
2279	Spectrogram 1	1	569.500000	570.000000	0	0	9	cluster_9	0.6439
2280	Spectrogram 1	1	569.750000	570.250000	0	0	9	cluster_9	0.7278
2281	Spectrogram 1	1	570.000000	570.500000	0	0	9	cluster_9	0.7463
2282	Spectrogram 1	1	570.250000	570.750000	0	0	9	cluster_9	0.6546
2283	Spectrogram 1	1	570.500000	571.000000	0	0	9	cluster_9	0.8868
2284	Spectrogram 1	1	570.750000	571.250000	0	0	9	cluster_9	0.8253
2285	Spectrogram 1	1	571.000000	571.500000	0	0	6	cluster_6	1.0000
2286	Spectrogram 1	1	571.250000	571.750000	0	0	6	cluster_6	1.0000
2287	Spectrogram 1	1	571.500000	572.000000	0	0	6	cluster_6	0.8945
2288	Spectrogram 1	1	571.750000	572.250000	0	0	6	cluster_6	1.0000
2289	Spectrogram 1	1	572.000000	572.500000	0	0	6	cluster_6	0.9986
2290	Spectrogram 1	1	572.250000	572.750000	0	0	6	cluster_6	1.0000
2291	Spectrogram 1	1	572.500000	573.000000	0	0	6	cluster_6	1.0000
2292	Spectrogram 1	1	572.750000	573.250000	0	0	6	cluster_6	0.9255
2293	Spectrogram 1	1	573.000000	573.500000	0	0	6	cluster_6	1.0000
2294	Spectrogram 1	1	573.250000	573.750000	0	0	noise	cluster_noise	0.0000
2295	Spectrogram 1	1	573.500000	574.000000	0	0	10	cluster_10	0.8837
2296	Spectrogram 1	1	573.750000	574.250000	0	0	10	cluster_10	0.8393
2297	Spectrogram 1	1	574.000000	574.500000	0	0	10	cluster_10	1.0000
2298	Spectrogram 1	1	574.250000	574.750000	0	0	10	cluster_10	0.9267
2299	Spectrogram 1	1	574.500000	575.000000	0	0	10	cluster_10	0.8434
2300	Spectrogram 1	1	574.750000	575.250000	0	0	10	cluster_10	0.8464
2301	Spectrogram 1	1	575.000000	575.500000	0	0	10	cluster_10	1.0000
2302	Spectrogram 1	1	575.250000	575.750000	0	0	10	cluster_10	1.0000
2303	Spectrogram 1	1	575.500000	576.000000	0	0	6	cluster_6	1.0000
2304	Spectrogram 1	1	575.750000	576.250000	0	0	6	cluster_6	1.0000
2305	Spectrogram 1	1	576.000000	576.500000	0	0	6	cluster_6	1.0000
2306	Spectrogram 1	1	576.250000	576.750000	0	0	6	cluster_6	1.0000
2307	Spectrogram 1	1	576.500000	577.000000	0	0	noise	cluster_noise	0.0000
2308	Spectrogram 1	1	576.750000	577.250000	0	0	10	cluster_10	0.8429
2309	Spectrogram 1	1	577.000000	577.500000	0	0	10	cluster_10	0.8728
2310	Spectrogram 1	1	577.250000	577.750000	0	0	10	cluster_10	0.8346
2311	Spectrogram 1	1	577.500000	578.000000	0	0	10	cluster_10	0.8678
2312	Spectrogram 1	1	577.750000	578.250000	0	0	10	cluster_10	0.9208
2313	Spectrogram 1	1	578.000000	578.500000	0	0	10	cluster_10	0.9585
2314	Spectrogram 1	1	578.250000	578.750000	0	0	10	cluster_10	1.0000
2315	Spectrogram 1	1	578.500000	579.000000	0	0	10	cluster_10	1.0000
2316	Spectrogram 1	1	578.750000	579.250000	0	0	6	cluster_6	1.0000
2317	Spectrogram 1	1	579.000000	579.500000	0	0	6	cluster_6	0.9027
2318	Spectrogram 1	1	579.250000	579.750000	0	0	6	cluster_6	1.0000
2319	Spectrogram 1	1	579.500000	580.000000	0	0	noise	cluster_noise	0.0000
2320	Spectrogram 1	1	579.750000	580.250000	0	0	noise	cluster_noise	0.0000
2321	Spectrogram 1	1	580.000000	580.500000	0	0	10	cluster_10	0.9181
2322	Spectrogram 1	1	580.250000	580.750000	0	0	10	cluster_10	0.8656
2323	Spectrogram 1	1	580.500000	581.000000	0	0	10	cluster_10	0.8467
2324	Spectrogram 1	1	580.750000	581.250000	0	0	10	cluster_10	1.0000
2325	Spectrogram 1	1	581.000000	581.500000	0	0	10	cluster_10	1.0000
2326	Spectrogram 1	1	581.250000	581.750000	0	0	10	cluster_10	1.0000
2327	Spectrogram 1	1	581.500000	582.000000	0	0	10	cluster_10	1.0000
2328	Spectrogram 1	1	581.750000	582.250000	0	0	10	cluster_10	1.0000
2329	Spectrogram 1	1	582.000000	582.500000	0	0	10	cluster_10	1.0000
2330	Spectrogram 1	1	582.250000	582.750000	0	0	6	cluster_6	0.8307
2331	Spectrogram 1	1	582.500000	583.000000	0	0	6	cluster_6	0.9903
2332	Spectrogram 1	1	582.750000	583.250000	0	0	6	cluster_6	1.0000
2333	Spectrogram 1	1	583.000000	583.500000	0	0	noise	cluster_noise	0.0000
2334	Spectrogram 1	1	583.250000	583.750000	0	0	6	cluster_6	0.9459
2335	Spectrogram 1	1	583.500000	584.000000	0	0	6	cluster_6	0.7858
2336	Spectrogram 1	1	583.750000	584.250000	0	0	9	cluster_9	0.6297
2337	Spectrogram 1	1	584.000000	584.500000	0	0	9	cluster_9	0.8026
2338	Spectrogram 1	1	584.250000	584.750000	0	0	9	cluster_9	0.8460
2339	Spectrogram 1	1	584.500000	585.000000	0	0	9	cluster_9	0.8458
2340	Spectrogram 1	1	584.750000	585.250000	0	0	9	cluster_9	0.9356
2341	Spectrogram 1	1	585.000000	585.500000	0	0	9	cluster_9	0.8753
2342	Spectrogram 1	1	585.250000	585.750000	0	0	9	cluster_9	1.0000
2343	Spectrogram 1	1	585.500000	586.000000	0	0	9	cluster_9	0.8689
2344	Spectrogram 1	1	585.750000	586.250000	0	0	9	cluster_9	0.7647
2345	Spectrogram 1	1	586.000000	586.500000	0	0	6	cluster_6	1.0000
2346	Spectrogram 1	1	586.250000	586.750000	0	0	6	cluster_6	1.0000
2347	Spectrogram 1	1	586.500000	587.000000	0	0	6	cluster_6	1.0000
2348	Spectrogram 1	1	586.750000	587.250000	0	0	6	cluster_6	1.0000
2349	Spectrogram 1	1	587.000000	587.500000	0	0	6	cluster_6	1.0000
2350	Spectrogram 1	1	587.250000	587.750000	0	0	6	cluster_6	1.0000
2351	Spectrogram 1	1	587.500000	588.000000	0	0	6	cluster_6	1.0000
2352	Spectrogram 1	1	587.750000	588.250000	0	0	6	cluster_6	1.0000
2353	Spectrogram 1	1	588.000000	588.500000	0	0	6	cluster_6	1.0000
2354	Spectrogram 1	1	588.250000	588.750000	0	0	10	cluster_10	0.7752
2355	Spectrogram 1	1	588.500000	589.000000	0	0	10	cluster_10	1.0000
2356	Spectrogram 1	1	588.750000	589.250000	0	0	10	cluster_10	1.0000
2357	Spectrogram 1	1	589.000000	589.500000	0	0	10	cluster_10	1.0000
2358	Spectrogram 1	1	589.250000	589.750000	0	0	10	cluster_10	1.0000
2359	Spectrogram 1	1	589.500000	590.000000	0	0	10	cluster_10	1.0000
2360	Spectrogram 1	1	589.750000	590.250000	0	0	10	cluster_10	1.0000
2361	Spectrogram 1	1	590.000000	590.500000	0	0	10	cluster_10	1.0000
2362	Spectrogram 1	1	590.250000	590.750000	0	0	10	cluster_10	1.0000
2363	Spectrogram 1	1	590.500000	591.000000	0	0	10	cluster_10	1.0000
2364	Spectrogram 1	1	590.750000	591.250000	0	0	10	cluster_10	1.0000
2365	Spectrogram 1	1	591.000000	591.500000	0	0	6	cluster_6	0.8434
2366	Spectrogram 1	1	591.250000	591.750000	0	0	6	cluster_6	0.9521
2367	Spectrogram 1	1	591.500000	592.000000	0	0	6	cluster_6	0.9944
2368	Spectrogram 1	1	591.750000	592.250000	0	0	6	cluster_6	1.0000
2369	Spectrogram 1	1	592.000000	592.500000	0	0	noise	cluster_noise	0.0000
2370	Spectrogram 1	1	592.250000	592.750000	0	0	9	cluster_9	1.0000
2371	Spectrogram 1	1	592.500000	593.000000	0	0	9	cluster_9	1.0000
2372	Spectrogram 1	1	592.750000	593.250000	0	0	9	cluster_9	1.0000
2373	Spectrogram 1	1	593.000000	593.500000	0	0	9	cluster_9	1.0000
2374	Spectrogram 1	1	593.250000	593.750000	0	0	9	cluster_9	1.0000
2375	Spectrogram 1	1	593.500000	594.000000	0	0	9	cluster_9	1.0000
2376	Spectrogram 1	1	593.750000	594.250000	0	0	9	cluster_9	1.0000
2377	Spectrogram 1	1	594.000000	594.500000	0	0	noise	cluster_noise	0.0000
2378	Spectrogram 1	1	594.250000	594.750000	0	0	6	cluster_6	1.0000
2379	Spectrogram 1	1	594.500000	595.000000	0	0	12	cluster_12	0.7404
2380	Spectrogram 1	1	594.750000	595.250000	0	0	noise	cluster_noise	0.0000
2381	Spectrogram 1	1	595.000000	595.500000	0	0	9	cluster_9	0.6928
2382	Spectrogram 1	1	595.250000	595.750000	0	0	9	cluster_9	0.8640
2383	Spectrogram 1	1	595.500000	596.000000	0	0	9	cluster_9	0.8001
2384	Spectrogram 1	1	595.750000	596.250000	0	0	9	cluster_9	0.9859
2385	Spectrogram 1	1	596.000000	596.500000	0	0	9	cluster_9	0.9993
2386	Spectrogram 1	1	596.250000	596.750000	0	0	9	cluster_9	1.0000
2387	Spectrogram 1	1	596.500000	597.000000	0	0	9	cluster_9	0.8510
2388	Spectrogram 1	1	596.750000	597.250000	0	0	9	cluster_9	0.7504
2389	Spectrogram 1	1	597.000000	597.500000	0	0	6	cluster_6	1.0000
2390	Spectrogram 1	1	597.250000	597.750000	0	0	6	cluster_6	1.0000
2391	Spectrogram 1	1	597.500000	598.000000	0	0	6	cluster_6	1.0000
2392	Spectrogram 1	1	597.750000	598.250000	0	0	6	cluster_6	1.0000
2393	Spectrogram 1	1	598.000000	598.500000	0	0	5	cluster_5	1.0000
2394	Spectrogram 1	1	598.250000	598.750000	0	0	9	cluster_9	0.7474
2395	Spectrogram 1	1	598.500000	599.000000	0	0	5	cluster_5	0.9004
2396	Spectrogram 1	1	598.750000	599.250000	0	0	5	cluster_5	0.8459
2397	Spectrogram 1	1	599.000000	599.500000	0	0	5	cluster_5	0.8615
2398	Spectrogram 1	1	599.250000	599.750000	0	0	5	cluster_5	0.9001
2399	Spectrogram 1	1	599.500000	600.000000	0	0	5	cluster_5	0.9094
2400	Spectrogram 1	1	599.750000	600.250000	0	0	5	cluster_5	0.9179
2401	Spectrogram 1	1	600.000000	600.500000	0	0	5	cluster_5	1.0000
2402	Spectrogram 1	1	600.250000	600.750000	0	0	5	cluster_5	0.5229
2403	Spectrogram 1	1	600.500000	601.000000	0	0	5	cluster_5	0.5282
2404	Spectrogram 1	1	600.750000	601.250000	0	0	6	cluster_6	0.8015
2405	Spectrogram 1	1	601.000000	601.500000	0	0	noise	cluster_noise	0.0000
2406	Spectrogram 1	1	601.250000	601.750000	0	0	6	cluster_6	1.0000
2407	Spectrogram 1	1	601.500000	602.000000	0	0	6	cluster_6	1.0000
2408	Spectrogram 1	1	601.750000	602.250000	0	0	6	cluster_6	0.9118
2409	Spectrogram 1	1	602.000000	602.500000	0	0	6	cluster_6	1.0000
2410	Spectrogram 1	1	602.250000	602.750000	0	0	10	cluster_10	1.0000
2411	Spectrogram 1	1	602.500000	603.000000	0	0	10	cluster_10	0.9274
2412	Spectrogram 1	1	602.750000	603.250000	0	0	10	cluster_10	1.0000
2413	Spectrogram 1	1	603.000000	603.500000	0	0	10	cluster_10	1.0000
2414	Spectrogram 1	1	603.250000	603.750000	0	0	10	cluster_10	0.9250
2415	Spectrogram 1	1	603.500000	604.000000	0	0	10	cluster_10	1.0000
2416	Spectrogram 1	1	603.750000	604.250000	0	0	6	cluster_6	1.0000
2417	Spectrogram 1	1	604.000000	604.500000	0	0	10	cluster_10	0.9953
2418	Spectrogram 1	1	604.250000	604.750000	0	0	10	cluster_10	0.9533
2419	Spectrogram 1	1	604.500000	605.000000	0	0	10	cluster_10	1.0000
2420	Spectrogram 1	1	604.750000	605.250000	0	0	noise	cluster_noise	0.0000
2421	Spectrogram 1	1	605.000000	605.500000	0	0	noise	cluster_noise	0.0000
2422	Spectrogram 1	1	605.250000	605.750000	0	0	5	cluster_5	0.5683
2423	Spectrogram 1	1	605.500000	606.000000	0	0	9	cluster_9	0.7474
2424	Spectrogram 1	1	605.750000	606.250000	0	0	9	cluster_9	0.7474
2425	Spectrogram 1	1	606.000000	606.500000	0	0	9	cluster_9	0.9734
2426	Spectrogram 1	1	606.250000	606.750000	0	0	9	cluster_9	0.8677
2427	Spectrogram 1	1	606.500000	607.000000	0	0	9	cluster_9	0.9448
2428	Spectrogram 1	1	606.750000	607.250000	0	0	9	cluster_9	0.9448
2429	Spectrogram 1	1	607.000000	607.500000	0	0	9	cluster_9	0.7516
2430	Spectrogram 1	1	607.250000	607.750000	0	0	9	cluster_9	0.7573
2431	Spectrogram 1	1	607.500000	608.000000	0	0	noise	cluster_noise	0.0000
2432	Spectrogram 1	1	607.750000	608.250000	0	0	noise	cluster_noise	0.0000
2433	Spectrogram 1	1	608.000000	608.500000	0	0	5	cluster_5	0.6026
2434	Spectrogram 1	1	608.250000	608.750000	0	0	9	cluster_9	0.6809
2435	Spectrogram 1	1	608.500000	609.000000	0	0	9	cluster_9	0.7474
2436	Spectrogram 1	1	608.750000	609.250000	0	0	9	cluster_9	0.7235
2437	Spectrogram 1	1	609.000000	609.500000	0	0	9	cluster_9	0.9909
2438	Spectrogram 1	1	609.250000	609.750000	0	0	9	cluster_9	0.9448
2439	Spectrogram 1	1	609.500000	610.000000	0	0	9	cluster_9	0.8360
2440	Spectrogram 1	1	609.750000	610.250000	0	0	9	cluster_9	0.8545
2441	Spectrogram 1	1	610.000000	610.500000	0	0	9	cluster_9	0.8970
2442	Spectrogram 1	1	610.250000	610.750000	0	0	noise	cluster_noise	0.0000
2443	Spectrogram 1	1	610.500000	611.000000	0	0	noise	cluster_noise	0.0000
2444	Spectrogram 1	1	610.750000	611.250000	0	0	noise	cluster_noise	0.0000
2445	Spectrogram 1	1	611.000000	611.500000	0	0	6	cluster_6	1.0000
2446	Spectrogram 1	1	611.250000	611.750000	0	0	6	cluster_6	1.0000
2447	Spectrogram 1	1	611.500000	612.000000	0	0	noise	cluster_noise	0.0000
2448	Spectrogram 1	1	611.750000	612.250000	0	0	5	cluster_5	1.0000
2449	Spectrogram 1	1	612.000000	612.500000	0	0	5	cluster_5	1.0000
2450	Spectrogram 1	1	612.250000	612.750000	0	0	5	cluster_5	1.0000
2451	Spectrogram 1	1	612.500000	613.000000	0	0	5	cluster_5	1.0000
2452	Spectrogram 1	1	612.750000	613.250000	0	0	5	cluster_5	1.0000
2453	Spectrogram 1	1	613.000000	613.500000	0	0	5	cluster_5	1.0000
2454	Spectrogram 1	1	613.250000	613.750000	0	0	5	cluster_5	1.0000
2455	Spectrogram 1	1	613.500000	614.000000	0	0	5	cluster_5	0.8621
2456	Spectrogram 1	1	613.750000	614.250000	0	0	5	cluster_5	0.6587
2457	Spectrogram 1	1	614.000000	614.500000	0	0	6	cluster_6	0.6820
2458	Spectrogram 1	1	614.250000	614.750000	0	0	6	cluster_6	0.8453
2459	Spectrogram 1	1	614.500000	615.000000	0	0	6	cluster_6	0.9320
2460	Spectrogram 1	1	614.750000	615.250000	0	0	6	cluster_6	0.8937
2461	Spectrogram 1	1	615.000000	615.500000	0	0	10	cluster_10	1.0000
2462	Spectrogram 1	1	615.250000	615.750000	0	0	noise	cluster_noise	0.0000
2463	Spectrogram 1	1	615.500000	616.000000	0	0	10	cluster_10	0.8297
2464	Spectrogram 1	1	615.750000	616.250000	0	0	10	cluster_10	1.0000
2465	Spectrogram 1	1	616.000000	616.500000	0	0	10	cluster_10	1.0000
2466	Spectrogram 1	1	616.250000	616.750000	0	0	10	cluster_10	1.0000
2467	Spectrogram 1	1	616.500000	617.000000	0	0	10	cluster_10	1.0000
2468	Spectrogram 1	1	616.750000	617.250000	0	0	10	cluster_10	1.0000
2469	Spectrogram 1	1	617.000000	617.500000	0	0	10	cluster_10	1.0000
2470	Spectrogram 1	1	617.250000	617.750000	0	0	10	cluster_10	1.0000
2471	Spectrogram 1	1	617.500000	618.000000	0	0	2	cluster_2	0.5452
2472	Spectrogram 1	1	617.750000	618.250000	0	0	6	cluster_6	1.0000
2473	Spectrogram 1	1	618.000000	618.500000	0	0	6	cluster_6	1.0000
2474	Spectrogram 1	1	618.250000	618.750000	0	0	6	cluster_6	1.0000
2475	Spectrogram 1	1	618.500000	619.000000	0	0	5	cluster_5	0.9483
2476	Spectrogram 1	1	618.750000	619.250000	0	0	noise	cluster_noise	0.0000
2477	Spectrogram 1	1	619.000000	619.500000	0	0	9	cluster_9	0.7474
2478	Spectrogram 1	1	619.250000	619.750000	0	0	9	cluster_9	0.8230
2479	Spectrogram 1	1	619.500000	620.000000	0	0	9	cluster_9	0.8839
2480	Spectrogram 1	1	619.750000	620.250000	0	0	9	cluster_9	0.9448
2481	Spectrogram 1	1	620.000000	620.500000	0	0	9	cluster_9	0.6415
2482	Spectrogram 1	1	620.250000	620.750000	0	0	9	cluster_9	0.8842
2483	Spectrogram 1	1	620.500000	621.000000	0	0	9	cluster_9	1.0000
2484	Spectrogram 1	1	620.750000	621.250000	0	0	noise	cluster_noise	0.0000
2485	Spectrogram 1	1	621.000000	621.500000	0	0	12	cluster_12	0.9458
2486	Spectrogram 1	1	621.250000	621.750000	0	0	5	cluster_5	1.0000
2487	Spectrogram 1	1	621.500000	622.000000	0	0	noise	cluster_noise	0.0000
2488	Spectrogram 1	1	621.750000	622.250000	0	0	9	cluster_9	0.7474
2489	Spectrogram 1	1	622.000000	622.500000	0	0	9	cluster_9	0.7804
2490	Spectrogram 1	1	622.250000	622.750000	0	0	9	cluster_9	0.8561
2491	Spectrogram 1	1	622.500000	623.000000	0	0	9	cluster_9	0.7973
2492	Spectrogram 1	1	622.750000	623.250000	0	0	9	cluster_9	0.7474
2493	Spectrogram 1	1	623.000000	623.500000	0	0	9	cluster_9	0.7722
2494	Spectrogram 1	1	623.250000	623.750000	0	0	9	cluster_9	0.5786
2495	Spectrogram 1	1	623.500000	624.000000	0	0	noise	cluster_noise	0.0000
2496	Spectrogram 1	1	623.750000	624.250000	0	0	8	cluster_8	0.9524
2497	Spectrogram 1	1	624.000000	624.500000	0	0	8	cluster_8	1.0000
2498	Spectrogram 1	1	624.250000	624.750000	0	0	8	cluster_8	1.0000
2499	Spectrogram 1	1	624.500000	625.000000	0	0	6	cluster_6	0.9331
2500	Spectrogram 1	1	624.750000	625.250000	0	0	5	cluster_5	0.6326
2501	Spectrogram 1	1	625.000000	625.500000	0	0	5	cluster_5	0.9609
2502	Spectrogram 1	1	625.250000	625.750000	0	0	5	cluster_5	1.0000
2503	Spectrogram 1	1	625.500000	626.000000	0	0	5	cluster_5	1.0000
2504	Spectrogram 1	1	625.750000	626.250000	0	0	5	cluster_5	1.0000
2505	Spectrogram 1	1	626.000000	626.500000	0	0	5	cluster_5	1.0000
2506	Spectrogram 1	1	626.250000	626.750000	0	0	5	cluster_5	1.0000
2507	Spectrogram 1	1	626.500000	627.000000	0	0	5	cluster_5	0.9387
2508	Spectrogram 1	1	626.750000	627.250000	0	0	5	cluster_5	0.9587
2509	Spectrogram 1	1	627.000000	627.500000	0	0	5	cluster_5	1.0000
2510	Spectrogram 1	1	627.250000	627.750000	0	0	5	cluster_5	0.6350
2511	Spectrogram 1	1	627.500000	628.000000	0	0	6	cluster_6	1.0000
2512	Spectrogram 1	1	627.750000	628.250000	0	0	noise	cluster_noise	0.0000
2513	Spectrogram 1	1	628.000000	628.500000	0	0	6	cluster_6	1.0000
2514	Spectrogram 1	1	628.250000	628.750000	0	0	10	cluster_10	0.7958
2515	Spectrogram 1	1	628.500000	629.000000	0	0	10	cluster_10	1.0000
2516	Spectrogram 1	1	628.750000	629.250000	0	0	10	cluster_10	1.0000
2517	Spectrogram 1	1	629.000000	629.500000	0	0	10	cluster_10	1.0000
2518	Spectrogram 1	1	629.250000	629.750000	0	0	10	cluster_10	1.0000
2519	Spectrogram 1	1	629.500000	630.000000	0	0	10	cluster_10	1.0000
2520	Spectrogram 1	1	629.750000	630.250000	0	0	10	cluster_10	1.0000
2521	Spectrogram 1	1	630.000000	630.500000	0	0	10	cluster_10	1.0000
2522	Spectrogram 1	1	630.250000	630.750000	0	0	noise	cluster_noise	0.0000
2523	Spectrogram 1	1	630.500000	631.000000	0	0	10	cluster_10	0.7796
2524	Spectrogram 1	1	630.750000	631.250000	0	0	6	cluster_6	0.8755
2525	Spectrogram 1	1	631.000000	631.500000	0	0	6	cluster_6	0.9010
2526	Spectrogram 1	1	631.250000	631.750000	0	0	6	cluster_6	1.0000
2527	Spectrogram 1	1	631.500000	632.000000	0	0	5	cluster_5	0.8560
2528	Spectrogram 1	1	631.750000	632.250000	0	0	9	cluster_9	0.6880
2529	Spectrogram 1	1	632.000000	632.500000	0	0	9	cluster_9	0.6972
2530	Spectrogram 1	1	632.250000	632.750000	0	0	9	cluster_9	0.9318
2531	Spectrogram 1	1	632.500000	633.000000	0	0	9	cluster_9	0.9354
2532	Spectrogram 1	1	632.750000	633.250000	0	0	9	cluster_9	0.9448
2533	Spectrogram 1	1	633.000000	633.500000	0	0	9	cluster_9	0.9448
2534	Spectrogram 1	1	633.250000	633.750000	0	0	9	cluster_9	0.8740
2535	Spectrogram 1	1	633.500000	634.000000	0	0	9	cluster_9	0.8809
2536	Spectrogram 1	1	633.750000	634.250000	0	0	5	cluster_5	0.6587
2537	Spectrogram 1	1	634.000000	634.500000	0	0	12	cluster_12	0.8049
2538	Spectrogram 1	1	634.250000	634.750000	0	0	noise	cluster_noise	0.0000
2539	Spectrogram 1	1	634.500000	635.000000	0	0	9	cluster_9	0.7474
2540	Spectrogram 1	1	634.750000	635.250000	0	0	9	cluster_9	0.8275
2541	Spectrogram 1	1	635.000000	635.500000	0	0	9	cluster_9	0.9150
2542	Spectrogram 1	1	635.250000	635.750000	0	0	9	cluster_9	0.9448
2543	Spectrogram 1	1	635.500000	636.000000	0	0	9	cluster_9	0.5873
2544	Spectrogram 1	1	635.750000	636.250000	0	0	9	cluster_9	0.7737
2545	Spectrogram 1	1	636.000000	636.500000	0	0	9	cluster_9	0.6409
2546	Spectrogram 1	1	636.250000	636.750000	0	0	6	cluster_6	0.8218
2547	Spectrogram 1	1	636.500000	637.000000	0	0	6	cluster_6	0.9138
2548	Spectrogram 1	1	636.750000	637.250000	0	0	6	cluster_6	1.0000
2549	Spectrogram 1	1	637.000000	637.500000	0	0	6	cluster_6	0.8687
2550	Spectrogram 1	1	637.250000	637.750000	0	0	6	cluster_6	0.9914
2551	Spectrogram 1	1	637.500000	638.000000	0	0	5	cluster_5	0.7446
2552	Spectrogram 1	1	637.750000	638.250000	0	0	5	cluster_5	0.9616
2553	Spectrogram 1	1	638.000000	638.500000	0	0	5	cluster_5	1.0000
2554	Spectrogram 1	1	638.250000	638.750000	0	0	5	cluster_5	1.0000
2555	Spectrogram 1	1	638.500000	639.000000	0	0	5	cluster_5	1.0000
2556	Spectrogram 1	1	638.750000	639.250000	0	0	5	cluster_5	1.0000
2557	Spectrogram 1	1	639.000000	639.500000	0	0	5	cluster_5	1.0000
2558	Spectrogram 1	1	639.250000	639.750000	0	0	5	cluster_5	1.0000
2559	Spectrogram 1	1	639.500000	640.000000	0	0	5	cluster_5	1.0000
2560	Spectrogram 1	1	639.750000	640.250000	0	0	5	cluster_5	1.0000
2561	Spectrogram 1	1	640.000000	640.500000	0	0	5	cluster_5	0.7244
2562	Spectrogram 1	1	640.250000	640.750000	0	0	6	cluster_6	0.9945
2563	Spectrogram 1	1	640.500000	641.000000	0	0	6	cluster_6	0.9547
2564	Spectrogram 1	1	640.750000	641.250000	0	0	6	cluster_6	0.9975
2565	Spectrogram 1	1	641.000000	641.500000	0	0	10	cluster_10	0.8278
2566	Spectrogram 1	1	641.250000	641.750000	0	0	10	cluster_10	1.0000
2567	Spectrogram 1	1	641.500000	642.000000	0	0	10	cluster_10	1.0000
2568	Spectrogram 1	1	641.750000	642.250000	0	0	10	cluster_10	1.0000
2569	Spectrogram 1	1	642.000000	642.500000	0	0	10	cluster_10	1.0000
2570	Spectrogram 1	1	642.250000	642.750000	0	0	10	cluster_10	1.0000
2571	Spectrogram 1	1	642.500000	643.000000	0	0	10	cluster_10	1.0000
2572	Spectrogram 1	1	642.750000	643.250000	0	0	10	cluster_10	1.0000
2573	Spectrogram 1	1	643.000000	643.500000	0	0	10	cluster_10	1.0000
2574	Spectrogram 1	1	643.250000	643.750000	0	0	10	cluster_10	1.0000
2575	Spectrogram 1	1	643.500000	644.000000	0	0	10	cluster_10	0.7794
2576	Spectrogram 1	1	643.750000	644.250000	0	0	noise	cluster_noise	0.0000
2577	Spectrogram 1	1	644.000000	644.500000	0	0	6	cluster_6	0.8587
2578	Spectrogram 1	1	644.250000	644.750000	0	0	5	cluster_5	0.5471
2579	Spectrogram 1	1	644.500000	645.000000	0	0	noise	cluster_noise	0.0000
2580	Spectrogram 1	1	644.750000	645.250000	0	0	9	cluster_9	0.7474
2581	Spectrogram 1	1	645.000000	645.500000	0	0	9	cluster_9	0.8106
2582	Spectrogram 1	1	645.250000	645.750000	0	0	9	cluster_9	0.9127
2583	Spectrogram 1	1	645.500000	646.000000	0	0	9	cluster_9	0.7798
2584	Spectrogram 1	1	645.750000	646.250000	0	0	9	cluster_9	0.7591
2585	Spectrogram 1	1	646.000000	646.500000	0	0	9	cluster_9	0.7295
2586	Spectrogram 1	1	646.250000	646.750000	0	0	9	cluster_9	0.8810
2587	Spectrogram 1	1	646.500000	647.000000	0	0	noise	cluster_noise	0.0000
2588	Spectrogram 1	1	646.750000	647.250000	0	0	12	cluster_12	0.9458
2589	Spectrogram 1	1	647.000000	647.500000	0	0	5	cluster_5	0.8494
2590	Spectrogram 1	1	647.250000	647.750000	0	0	9	cluster_9	0.5874
2591	Spectrogram 1	1	647.500000	648.000000	0	0	9	cluster_9	0.7474
2592	Spectrogram 1	1	647.750000	648.250000	0	0	9	cluster_9	0.8095
2593	Spectrogram 1	1	648.000000	648.500000	0	0	9	cluster_9	0.7432
2594	Spectrogram 1	1	648.250000	648.750000	0	0	9	cluster_9	0.8902
2595	Spectrogram 1	1	648.500000	649.000000	0	0	9	cluster_9	0.8812
2596	Spectrogram 1	1	648.750000	649.250000	0	0	9	cluster_9	0.7820
2597	Spectrogram 1	1	649.000000	649.500000	0	0	noise	cluster_noise	0.0000
2598	Spectrogram 1	1	649.250000	649.750000	0	0	noise	cluster_noise	0.0000
2599	Spectrogram 1	1	649.500000	650.000000	0	0	noise	cluster_noise	0.0000
2600	Spectrogram 1	1	649.750000	650.250000	0	0	6	cluster_6	0.8210
2601	Spectrogram 1	1	650.000000	650.500000	0	0	6	cluster_6	1.0000
2602	Spectrogram 1	1	650.250000	650.750000	0	0	5	cluster_5	0.6587
2603	Spectrogram 1	1	650.500000	651.000000	0	0	5	cluster_5	0.9381
2604	Spectrogram 1	1	650.750000	651.250000	0	0	5	cluster_5	1.0000
2605	Spectrogram 1	1	651.000000	651.500000	0	0	5	cluster_5	1.0000
2606	Spectrogram 1	1	651.250000	651.750000	0	0	5	cluster_5	1.0000
2607	Spectrogram 1	1	651.500000	652.000000	0	0	5	cluster_5	1.0000
2608	Spectrogram 1	1	651.750000	652.250000	0	0	5	cluster_5	1.0000
2609	Spectrogram 1	1	652.000000	652.500000	0	0	5	cluster_5	0.9744
2610	Spectrogram 1	1	652.250000	652.750000	0	0	5	cluster_5	1.0000
2611	Spectrogram 1	1	652.500000	653.000000	0	0	5	cluster_5	1.0000
2612	Spectrogram 1	1	652.750000	653.250000	0	0	5	cluster_5	0.5830
2613	Spectrogram 1	1	653.000000	653.500000	0	0	5	cluster_5	0.5879
2614	Spectrogram 1	1	653.250000	653.750000	0	0	6	cluster_6	0.7966
2615	Spectrogram 1	1	653.500000	654.000000	0	0	10	cluster_10	1.0000
2616	Spectrogram 1	1	653.750000	654.250000	0	0	10	cluster_10	0.9781
2617	Spectrogram 1	1	654.000000	654.500000	0	0	10	cluster_10	1.0000
2618	Spectrogram 1	1	654.250000	654.750000	0	0	10	cluster_10	0.9494
2619	Spectrogram 1	1	654.500000	655.000000	0	0	10	cluster_10	0.9931
2620	Spectrogram 1	1	654.750000	655.250000	0	0	10	cluster_10	1.0000
2621	Spectrogram 1	1	655.000000	655.500000	0	0	10	cluster_10	1.0000
2622	Spectrogram 1	1	655.250000	655.750000	0	0	noise	cluster_noise	0.0000
2623	Spectrogram 1	1	655.500000	656.000000	0	0	10	cluster_10	1.0000
2624	Spectrogram 1	1	655.750000	656.250000	0	0	10	cluster_10	0.9939
2625	Spectrogram 1	1	656.000000	656.500000	0	0	6	cluster_6	0.8743
2626	Spectrogram 1	1	656.250000	656.750000	0	0	6	cluster_6	1.0000
2627	Spectrogram 1	1	656.500000	657.000000	0	0	6	cluster_6	0.9653
2628	Spectrogram 1	1	656.750000	657.250000	0	0	6	cluster_6	0.8100
2629	Spectrogram 1	1	657.000000	657.500000	0	0	12	cluster_12	0.8215
2630	Spectrogram 1	1	657.250000	657.750000	0	0	5	cluster_5	0.8909
2631	Spectrogram 1	1	657.500000	658.000000	0	0	9	cluster_9	0.6610
2632	Spectrogram 1	1	657.750000	658.250000	0	0	9	cluster_9	0.7474
2633	Spectrogram 1	1	658.000000	658.500000	0	0	9	cluster_9	0.8263
2634	Spectrogram 1	1	658.250000	658.750000	0	0	9	cluster_9	0.9362
2635	Spectrogram 1	1	658.500000	659.000000	0	0	9	cluster_9	0.7474
2636	Spectrogram 1	1	658.750000	659.250000	0	0	9	cluster_9	0.7474
2637	Spectrogram 1	1	659.000000	659.500000	0	0	9	cluster_9	0.8451
2638	Spectrogram 1	1	659.250000	659.750000	0	0	9	cluster_9	0.5809
2639	Spectrogram 1	1	659.500000	660.000000	0	0	12	cluster_12	0.8063
2640	Spectrogram 1	1	659.750000	660.250000	0	0	5	cluster_5	0.5032
2641	Spectrogram 1	1	660.000000	660.500000	0	0	noise	cluster_noise	0.0000
2642	Spectrogram 1	1	660.250000	660.750000	0	0	9	cluster_9	0.7474
2643	Spectrogram 1	1	660.500000	661.000000	0	0	9	cluster_9	0.6114
2644	Spectrogram 1	1	660.750000	661.250000	0	0	9	cluster_9	0.8520
2645	Spectrogram 1	1	661.000000	661.500000	0	0	9	cluster_9	0.6397
2646	Spectrogram 1	1	661.250000	661.750000	0	0	9	cluster_9	0.5991
2647	Spectrogram 1	1	661.500000	662.000000	0	0	9	cluster_9	0.7525
2648	Spectrogram 1	1	661.750000	662.250000	0	0	8	cluster_8	1.0000
2649	Spectrogram 1	1	662.000000	662.500000	0	0	noise	cluster_noise	0.0000
2650	Spectrogram 1	1	662.250000	662.750000	0	0	noise	cluster_noise	0.0000
2651	Spectrogram 1	1	662.500000	663.000000	0	0	6	cluster_6	0.9172
2652	Spectrogram 1	1	662.750000	663.250000	0	0	6	cluster_6	0.8541
2653	Spectrogram 1	1	663.000000	663.500000	0	0	5	cluster_5	0.6352
2654	Spectrogram 1	1	663.250000	663.750000	0	0	5	cluster_5	0.9861
2655	Spectrogram 1	1	663.500000	664.000000	0	0	5	cluster_5	1.0000
2656	Spectrogram 1	1	663.750000	664.250000	0	0	5	cluster_5	1.0000
2657	Spectrogram 1	1	664.000000	664.500000	0	0	5	cluster_5	1.0000
2658	Spectrogram 1	1	664.250000	664.750000	0	0	5	cluster_5	1.0000
2659	Spectrogram 1	1	664.500000	665.000000	0	0	5	cluster_5	0.9150
2660	Spectrogram 1	1	664.750000	665.250000	0	0	5	cluster_5	0.5384
2661	Spectrogram 1	1	665.000000	665.500000	0	0	5	cluster_5	1.0000
2662	Spectrogram 1	1	665.250000	665.750000	0	0	5	cluster_5	0.8786
2663	Spectrogram 1	1	665.500000	666.000000	0	0	5	cluster_5	0.9407
2664	Spectrogram 1	1	665.750000	666.250000	0	0	5	cluster_5	0.9459
2665	Spectrogram 1	1	666.000000	666.500000	0	0	6	cluster_6	1.0000
2666	Spectrogram 1	1	666.250000	666.750000	0	0	10	cluster_10	1.0000
2667	Spectrogram 1	1	666.500000	667.000000	0	0	10	cluster_10	0.9755
2668	Spectrogram 1	1	666.750000	667.250000	0	0	10	cluster_10	1.0000
2669	Spectrogram 1	1	667.000000	667.500000	0	0	10	cluster_10	1.0000
2670	Spectrogram 1	1	667.250000	667.750000	0	0	10	cluster_10	1.0000
2671	Spectrogram 1	1	667.500000	668.000000	0	0	10	cluster_10	1.0000
2672	Spectrogram 1	1	667.750000	668.250000	0	0	10	cluster_10	1.0000
2673	Spectrogram 1	1	668.000000	668.500000	0	0	10	cluster_10	1.0000
2674	Spectrogram 1	1	668.250000	668.750000	0	0	10	cluster_10	1.0000
2675	Spectrogram 1	1	668.500000	669.000000	0	0	10	cluster_10	1.0000
2676	Spectrogram 1	1	668.750000	669.250000	0	0	6	cluster_6	0.8142
2677	Spectrogram 1	1	669.000000	669.500000	0	0	6	cluster_6	0.8479
2678	Spectrogram 1	1	669.250000	669.750000	0	0	6	cluster_6	1.0000
2679	Spectrogram 1	1	669.500000	670.000000	0	0	noise	cluster_noise	0.0000
2680	Spectrogram 1	1	669.750000	670.250000	0	0	6	cluster_6	1.0000
2681	Spectrogram 1	1	670.000000	670.500000	0	0	6	cluster_6	0.9254
2682	Spectrogram 1	1	670.250000	670.750000	0	0	6	cluster_6	0.9428
2683	Spectrogram 1	1	670.500000	671.000000	0	0	noise	cluster_noise	0.0000
2684	Spectrogram 1	1	670.750000	671.250000	0	0	noise	cluster_noise	0.0000
2685	Spectrogram 1	1	671.000000	671.500000	0	0	noise	cluster_noise	0.0000
2686	Spectrogram 1	1	671.250000	671.750000	0	0	noise	cluster_noise	0.0000
2687	Spectrogram 1	1	671.500000	672.000000	0	0	noise	cluster_noise	0.0000
2688	Spectrogram 1	1	671.750000	672.250000	0	0	3	cluster_3	1.0000
2689	Spectrogram 1	1	672.000000	672.500000	0	0	noise	cluster_noise	0.0000
2690	Spectrogram 1	1	672.250000	672.750000	0	0	noise	cluster_noise	0.0000
2691	Spectrogram 1	1	672.500000	673.000000	0	0	5	cluster_5	0.5428
2692	Spectrogram 1	1	672.750000	673.250000	0	0	5	cluster_5	0.5313
2693	Spectrogram 1	1	673.000000	673.500000	0	0	5	cluster_5	0.5154
2694	Spectrogram 1	1	673.250000	673.750000	0	0	noise	cluster_noise	0.0000
2695	Spectrogram 1	1	673.500000	674.000000	0	0	6	cluster_6	0.7973
2696	Spectrogram 1	1	673.750000	674.250000	0	0	6	cluster_6	1.0000
2697	Spectrogram 1	1	674.000000	674.500000	0	0	6	cluster_6	1.0000
2698	Spectrogram 1	1	674.250000	674.750000	0	0	6	cluster_6	1.0000
2699	Spectrogram 1	1	674.500000	675.000000	0	0	6	cluster_6	1.0000
2700	Spectrogram 1	1	674.750000	675.250000	0	0	5	cluster_5	0.6587
2701	Spectrogram 1	1	675.000000	675.500000	0	0	5	cluster_5	1.0000
2702	Spectrogram 1	1	675.250000	675.750000	0	0	5	cluster_5	1.0000
2703	Spectrogram 1	1	675.500000	676.000000	0	0	5	cluster_5	1.0000
2704	Spectrogram 1	1	675.750000	676.250000	0	0	5	cluster_5	1.0000
2705	Spectrogram 1	1	676.000000	676.500000	0	0	5	cluster_5	0.9731
2706	Spectrogram 1	1	676.250000	676.750000	0	0	5	cluster_5	1.0000
2707	Spectrogram 1	1	676.500000	677.000000	0	0	5	cluster_5	0.9691
2708	Spectrogram 1	1	676.750000	677.250000	0	0	5	cluster_5	0.6587
2709	Spectrogram 1	1	677.000000	677.500000	0	0	5	cluster_5	0.6514
2710	Spectrogram 1	1	677.250000	677.750000	0	0	10	cluster_10	1.0000
2711	Spectrogram 1	1	677.500000	678.000000	0	0	10	cluster_10	1.0000
2712	Spectrogram 1	1	677.750000	678.250000	0	0	10	cluster_10	0.8937
2713	Spectrogram 1	1	678.000000	678.500000	0	0	10	cluster_10	0.9949
2714	Spectrogram 1	1	678.250000	678.750000	0	0	10	cluster_10	1.0000
2715	Spectrogram 1	1	678.500000	679.000000	0	0	10	cluster_10	0.8358
2716	Spectrogram 1	1	678.750000	679.250000	0	0	9	cluster_9	0.6858
2717	Spectrogram 1	1	679.000000	679.500000	0	0	10	cluster_10	1.0000
2718	Spectrogram 1	1	679.250000	679.750000	0	0	10	cluster_10	1.0000
2719	Spectrogram 1	1	679.500000	680.000000	0	0	10	cluster_10	1.0000
2720	Spectrogram 1	1	679.750000	680.250000	0	0	10	cluster_10	1.0000
2721	Spectrogram 1	1	680.000000	680.500000	0	0	10	cluster_10	1.0000
2722	Spectrogram 1	1	680.250000	680.750000	0	0	noise	cluster_noise	0.0000
2723	Spectrogram 1	1	680.500000	681.000000	0	0	6	cluster_6	1.0000
2724	Spectrogram 1	1	680.750000	681.250000	0	0	6	cluster_6	1.0000
2725	Spectrogram 1	1	681.000000	681.500000	0	0	6	cluster_6	1.0000
2726	Spectrogram 1	1	681.250000	681.750000	0	0	6	cluster_6	1.0000
2727	Spectrogram 1	1	681.500000	682.000000	0	0	6	cluster_6	0.9687
2728	Spectrogram 1	1	681.750000	682.250000	0	0	6	cluster_6	1.0000
2729	Spectrogram 1	1	682.000000	682.500000	0	0	noise	cluster_noise	0.0000
2730	Spectrogram 1	1	682.250000	682.750000	0	0	noise	cluster_noise	0.0000
2731	Spectrogram 1	1	682.500000	683.000000	0	0	3	cluster_3	1.0000
2732	Spectrogram 1	1	682.750000	683.250000	0	0	3	cluster_3	1.0000
2733	Spectrogram 1	1	683.000000	683.500000	0	0	3	cluster_3	1.0000
2734	Spectrogram 1	1	683.250000	683.750000	0	0	3	cluster_3	1.0000
2735	Spectrogram 1	1	683.500000	684.000000	0	0	3	cluster_3	1.0000
2736	Spectrogram 1	1	683.750000	684.250000	0	0	3	cluster_3	1.0000
2737	Spectrogram 1	1	684.000000	684.500000	0	0	3	cluster_3	1.0000
2738	Spectrogram 1	1	684.250000	684.750000	0	0	5	cluster_5	0.5736
2739	Spectrogram 1	1	684.500000	685.000000	0	0	5	cluster_5	0.6115
2740	Spectrogram 1	1	684.750000	685.250000	0	0	6	cluster_6	1.0000
2741	Spectrogram 1	1	685.000000	685.500000	0	0	6	cluster_6	0.9009
2742	Spectrogram 1	1	685.250000	685.750000	0	0	6	cluster_6	1.0000
2743	Spectrogram 1	1	685.500000	686.000000	0	0	6	cluster_6	1.0000
2744	Spectrogram 1	1	685.750000	686.250000	0	0	6	cluster_6	1.0000
2745	Spectrogram 1	1	686.000000	686.500000	0	0	6	cluster_6	1.0000
2746	Spectrogram 1	1	686.250000	686.750000	0	0	6	cluster_6	1.0000
2747	Spectrogram 1	1	686.500000	687.000000	0	0	noise	cluster_noise	0.0000
2748	Spectrogram 1	1	686.750000	687.250000	0	0	5	cluster_5	0.9435
2749	Spectrogram 1	1	687.000000	687.500000	0	0	5	cluster_5	1.0000
2750	Spectrogram 1	1	687.250000	687.750000	0	0	5	cluster_5	1.0000
2751	Spectrogram 1	1	687.500000	688.000000	0	0	5	cluster_5	1.0000
2752	Spectrogram 1	1	687.750000	688.250000	0	0	5	cluster_5	1.0000
2753	Spectrogram 1	1	688.000000	688.500000	0	0	5	cluster_5	0.8749
2754	Spectrogram 1	1	688.250000	688.750000	0	0	5	cluster_5	0.8436
2755	Spectrogram 1	1	688.500000	689.000000	0	0	5	cluster_5	0.6351
2756	Spectrogram 1	1	688.750000	689.250000	0	0	5	cluster_5	0.6587
2757	Spectrogram 1	1	689.000000	689.500000	0	0	10	cluster_10	1.0000
2758	Spectrogram 1	1	689.250000	689.750000	0	0	noise	cluster_noise	0.0000
2759	Spectrogram 1	1	689.500000	690.000000	0	0	noise	cluster_noise	0.0000
2760	Spectrogram 1	1	689.750000	690.250000	0	0	10	cluster_10	1.0000
2761	Spectrogram 1	1	690.000000	690.500000	0	0	10	cluster_10	0.9398
2762	Spectrogram 1	1	690.250000	690.750000	0	0	6	cluster_6	0.8395
2763	Spectrogram 1	1	690.500000	691.000000	0	0	6	cluster_6	0.6945
2764	Spectrogram 1	1	690.750000	691.250000	0	0	6	cluster_6	0.7974
2765	Spectrogram 1	1	691.000000	691.500000	0	0	6	cluster_6	1.0000
2766	Spectrogram 1	1	691.250000	691.750000	0	0	6	cluster_6	0.9671
2767	Spectrogram 1	1	691.500000	692.000000	0	0	6	cluster_6	1.0000
2768	Spectrogram 1	1	691.750000	692.250000	0	0	6	cluster_6	1.0000
2769	Spectrogram 1	1	692.000000	692.500000	0	0	6	cluster_6	1.0000
2770	Spectrogram 1	1	692.250000	692.750000	0	0	6	cluster_6	0.7118
2771	Spectrogram 1	1	692.500000	693.000000	0	0	6	cluster_6	1.0000
2772	Spectrogram 1	1	692.750000	693.250000	0	0	6	cluster_6	1.0000
2773	Spectrogram 1	1	693.000000	693.500000	0	0	5	cluster_5	1.0000
2774	Spectrogram 1	1	693.250000	693.750000	0	0	noise	cluster_noise	0.0000
2775	Spectrogram 1	1	693.500000	694.000000	0	0	3	cluster_3	1.0000
2776	Spectrogram 1	1	693.750000	694.250000	0	0	3	cluster_3	1.0000
2777	Spectrogram 1	1	694.000000	694.500000	0	0	3	cluster_3	1.0000
2778	Spectrogram 1	1	694.250000	694.750000	0	0	3	cluster_3	1.0000
2779	Spectrogram 1	1	694.500000	695.000000	0	0	3	cluster_3	1.0000
2780	Spectrogram 1	1	694.750000	695.250000	0	0	3	cluster_3	0.6775
2781	Spectrogram 1	1	695.000000	695.500000	0	0	3	cluster_3	1.0000
2782	Spectrogram 1	1	695.250000	695.750000	0	0	3	cluster_3	0.8290
2783	Spectrogram 1	1	695.500000	696.000000	0	0	5	cluster_5	1.0000
2784	Spectrogram 1	1	695.750000	696.250000	0	0	5	cluster_5	1.0000
2785	Spectrogram 1	1	696.000000	696.500000	0	0	6	cluster_6	1.0000
2786	Spectrogram 1	1	696.250000	696.750000	0	0	6	cluster_6	0.9483
2787	Spectrogram 1	1	696.500000	697.000000	0	0	6	cluster_6	0.7845
2788	Spectrogram 1	1	696.750000	697.250000	0	0	6	cluster_6	0.7699
2789	Spectrogram 1	1	697.000000	697.500000	0	0	6	cluster_6	0.7409
2790	Spectrogram 1	1	697.250000	697.750000	0	0	5	cluster_5	1.0000
2791	Spectrogram 1	1	697.500000	698.000000	0	0	5	cluster_5	0.9282
2792	Spectrogram 1	1	697.750000	698.250000	0	0	5	cluster_5	1.0000
2793	Spectrogram 1	1	698.000000	698.500000	0	0	5	cluster_5	1.0000
2794	Spectrogram 1	1	698.250000	698.750000	0	0	5	cluster_5	1.0000
2795	Spectrogram 1	1	698.500000	699.000000	0	0	5	cluster_5	0.6653
2796	Spectrogram 1	1	698.750000	699.250000	0	0	5	cluster_5	0.8699
2797	Spectrogram 1	1	699.000000	699.500000	0	0	5	cluster_5	1.0000
2798	Spectrogram 1	1	699.250000	699.750000	0	0	5	cluster_5	0.6587
2799	Spectrogram 1	1	699.500000	700.000000	0	0	5	cluster_5	0.6587
2800	Spectrogram 1	1	699.750000	700.250000	0	0	noise	cluster_noise	0.0000
2801	Spectrogram 1	1	700.000000	700.500000	0	0	12	cluster_12	0.7379
2802	Spectrogram 1	1	700.250000	700.750000	0	0	12	cluster_12	0.8565
2803	Spectrogram 1	1	700.500000	701.000000	0	0	12	cluster_12	0.7626
2804	Spectrogram 1	1	700.750000	701.250000	0	0	6	cluster_6	1.0000
2805	Spectrogram 1	1	701.000000	701.500000	0	0	noise	cluster_noise	0.0000
2806	Spectrogram 1	1	701.250000	701.750000	0	0	5	cluster_5	0.5098
2807	Spectrogram 1	1	701.500000	702.000000	0	0	6	cluster_6	1.0000
2808	Spectrogram 1	1	701.750000	702.250000	0	0	noise	cluster_noise	0.0000
2809	Spectrogram 1	1	702.000000	702.500000	0	0	noise	cluster_noise	0.0000
2810	Spectrogram 1	1	702.250000	702.750000	0	0	12	cluster_12	0.7793
2811	Spectrogram 1	1	702.500000	703.000000	0	0	noise	cluster_noise	0.0000
2812	Spectrogram 1	1	702.750000	703.250000	0	0	noise	cluster_noise	0.0000
2813	Spectrogram 1	1	703.000000	703.500000	0	0	5	cluster_5	0.6379
2814	Spectrogram 1	1	703.250000	703.750000	0	0	5	cluster_5	0.6587
2815	Spectrogram 1	1	703.500000	704.000000	0	0	noise	cluster_noise	0.0000
2816	Spectrogram 1	1	703.750000	704.250000	0	0	4	cluster_4	0.7442
2817	Spectrogram 1	1	704.000000	704.500000	0	0	noise	cluster_noise	0.0000
2818	Spectrogram 1	1	704.250000	704.750000	0	0	noise	cluster_noise	0.0000
2819	Spectrogram 1	1	704.500000	705.000000	0	0	noise	cluster_noise	0.0000
2820	Spectrogram 1	1	704.750000	705.250000	0	0	noise	cluster_noise	0.0000
2821	Spectrogram 1	1	705.000000	705.500000	0	0	noise	cluster_noise	0.0000
2822	Spectrogram 1	1	705.250000	705.750000	0	0	6	cluster_6	0.6821
2823	Spectrogram 1	1	705.500000	706.000000	0	0	6	cluster_6	0.6183
2824	Spectrogram 1	1	705.750000	706.250000	0	0	noise	cluster_noise	0.0000
2825	Spectrogram 1	1	706.000000	706.500000	0	0	0	cluster_0	0.5003
2826	Spectrogram 1	1	706.250000	706.750000	0	0	4	cluster_4	0.7705
2827	Spectrogram 1	1	706.500000	707.000000	0	0	12	cluster_12	0.9972
2828	Spectrogram 1	1	706.750000	707.250000	0	0	12	cluster_12	1.0000
2829	Spectrogram 1	1	707.000000	707.500000	0	0	12	cluster_12	0.7700
2830	Spectrogram 1	1	707.250000	707.750000	0	0	5	cluster_5	0.5683
2831	Spectrogram 1	1	707.500000	708.000000	0	0	5	cluster_5	0.5498
2832	Spectrogram 1	1	707.750000	708.250000	0	0	noise	cluster_noise	0.0000
2833	Spectrogram 1	1	708.000000	708.500000	0	0	5	cluster_5	0.5439
2834	Spectrogram 1	1	708.250000	708.750000	0	0	6	cluster_6	1.0000
2835	Spectrogram 1	1	708.500000	709.000000	0	0	6	cluster_6	0.9613
2836	Spectrogram 1	1	708.750000	709.250000	0	0	noise	cluster_noise	0.0000
2837	Spectrogram 1	1	709.000000	709.500000	0	0	3	cluster_3	0.7151
2838	Spectrogram 1	1	709.250000	709.750000	0	0	3	cluster_3	1.0000
2839	Spectrogram 1	1	709.500000	710.000000	0	0	3	cluster_3	0.9004
2840	Spectrogram 1	1	709.750000	710.250000	0	0	3	cluster_3	0.9218
2841	Spectrogram 1	1	710.000000	710.500000	0	0	3	cluster_3	0.8895
2842	Spectrogram 1	1	710.250000	710.750000	0	0	3	cluster_3	0.9899
2843	Spectrogram 1	1	710.500000	711.000000	0	0	3	cluster_3	0.8848
2844	Spectrogram 1	1	710.750000	711.250000	0	0	3	cluster_3	0.7159
2845	Spectrogram 1	1	711.000000	711.500000	0	0	3	cluster_3	0.6220
2846	Spectrogram 1	1	711.250000	711.750000	0	0	5	cluster_5	1.0000
2847	Spectrogram 1	1	711.500000	712.000000	0	0	3	cluster_3	0.7064
2848	Spectrogram 1	1	711.750000	712.250000	0	0	5	cluster_5	0.6779
2849	Spectrogram 1	1	712.000000	712.500000	0	0	6	cluster_6	0.7889
2850	Spectrogram 1	1	712.250000	712.750000	0	0	6	cluster_6	0.7032
2851	Spectrogram 1	1	712.500000	713.000000	0	0	6	cluster_6	0.8545
2852	Spectrogram 1	1	712.750000	713.250000	0	0	6	cluster_6	0.8685
2853	Spectrogram 1	1	713.000000	713.500000	0	0	6	cluster_6	0.9231
2854	Spectrogram 1	1	713.250000	713.750000	0	0	5	cluster_5	0.9466
2855	Spectrogram 1	1	713.500000	714.000000	0	0	5	cluster_5	1.0000
2856	Spectrogram 1	1	713.750000	714.250000	0	0	5	cluster_5	1.0000
2857	Spectrogram 1	1	714.000000	714.500000	0	0	5	cluster_5	0.9207
2858	Spectrogram 1	1	714.250000	714.750000	0	0	5	cluster_5	0.9185
2859	Spectrogram 1	1	714.500000	715.000000	0	0	5	cluster_5	0.6206
2860	Spectrogram 1	1	714.750000	715.250000	0	0	5	cluster_5	0.6587
2861	Spectrogram 1	1	715.000000	715.500000	0	0	5	cluster_5	0.6587
2862	Spectrogram 1	1	715.250000	715.750000	0	0	6	cluster_6	0.8978
2863	Spectrogram 1	1	715.500000	716.000000	0	0	6	cluster_6	0.6449
2864	Spectrogram 1	1	715.750000	716.250000	0	0	12	cluster_12	0.9780
2865	Spectrogram 1	1	716.000000	716.500000	0	0	12	cluster_12	0.9507
2866	Spectrogram 1	1	716.250000	716.750000	0	0	12	cluster_12	0.9368
2867	Spectrogram 1	1	716.500000	717.000000	0	0	noise	cluster_noise	0.0000
2868	Spectrogram 1	1	716.750000	717.250000	0	0	12	cluster_12	0.9379
2869	Spectrogram 1	1	717.000000	717.500000	0	0	noise	cluster_noise	0.0000
2870	Spectrogram 1	1	717.250000	717.750000	0	0	noise	cluster_noise	0.0000
2871	Spectrogram 1	1	717.500000	718.000000	0	0	noise	cluster_noise	0.0000
2872	Spectrogram 1	1	717.750000	718.250000	0	0	noise	cluster_noise	0.0000
2873	Spectrogram 1	1	718.000000	718.500000	0	0	12	cluster_12	0.9472
2874	Spectrogram 1	1	718.250000	718.750000	0	0	12	cluster_12	1.0000
2875	Spectrogram 1	1	718.500000	719.000000	0	0	12	cluster_12	0.7340
2876	Spectrogram 1	1	718.750000	719.250000	0	0	12	cluster_12	0.9141
2877	Spectrogram 1	1	719.000000	719.500000	0	0	12	cluster_12	1.0000
2878	Spectrogram 1	1	719.250000	719.750000	0	0	noise	cluster_noise	0.0000
2879	Spectrogram 1	1	719.500000	720.000000	0	0	noise	cluster_noise	0.0000
2880	Spectrogram 1	1	719.750000	720.250000	0	0	noise	cluster_noise	0.0000
2881	Spectrogram 1	1	720.000000	720.500000	0	0	12	cluster_12	0.8854
2882	Spectrogram 1	1	720.250000	720.750000	0	0	12	cluster_12	0.9807
2883	Spectrogram 1	1	720.500000	721.000000	0	0	noise	cluster_noise	0.0000
2884	Spectrogram 1	1	720.750000	721.250000	0	0	12	cluster_12	0.8665
2885	Spectrogram 1	1	721.000000	721.500000	0	0	6	cluster_6	0.6392
2886	Spectrogram 1	1	721.250000	721.750000	0	0	noise	cluster_noise	0.0000
2887	Spectrogram 1	1	721.500000	722.000000	0	0	4	cluster_4	0.8777
2888	Spectrogram 1	1	721.750000	722.250000	0	0	12	cluster_12	0.9054
2889	Spectrogram 1	1	722.000000	722.500000	0	0	12	cluster_12	1.0000
2890	Spectrogram 1	1	722.250000	722.750000	0	0	noise	cluster_noise	0.0000
2891	Spectrogram 1	1	722.500000	723.000000	0	0	6	cluster_6	1.0000
2892	Spectrogram 1	1	722.750000	723.250000	0	0	noise	cluster_noise	0.0000
2893	Spectrogram 1	1	723.000000	723.500000	0	0	noise	cluster_noise	0.0000
2894	Spectrogram 1	1	723.250000	723.750000	0	0	12	cluster_12	0.7321
2895	Spectrogram 1	1	723.500000	724.000000	0	0	6	cluster_6	1.0000
2896	Spectrogram 1	1	723.750000	724.250000	0	0	6	cluster_6	0.8443
2897	Spectrogram 1	1	724.000000	724.500000	0	0	6	cluster_6	0.7848
2898	Spectrogram 1	1	724.250000	724.750000	0	0	6	cluster_6	0.6420
2899	Spectrogram 1	1	724.500000	725.000000	0	0	noise	cluster_noise	0.0000
2900	Spectrogram 1	1	724.750000	725.250000	0	0	3	cluster_3	0.7629
2901	Spectrogram 1	1	725.000000	725.500000	0	0	3	cluster_3	0.9063
2902	Spectrogram 1	1	725.250000	725.750000	0	0	3	cluster_3	1.0000
2903	Spectrogram 1	1	725.500000	726.000000	0	0	3	cluster_3	1.0000
2904	Spectrogram 1	1	725.750000	726.250000	0	0	3	cluster_3	1.0000
2905	Spectrogram 1	1	726.000000	726.500000	0	0	3	cluster_3	0.9714
2906	Spectrogram 1	1	726.250000	726.750000	0	0	3	cluster_3	0.9387
2907	Spectrogram 1	1	726.500000	727.000000	0	0	3	cluster_3	0.6167
2908	Spectrogram 1	1	726.750000	727.250000	0	0	3	cluster_3	0.6273
2909	Spectrogram 1	1	727.000000	727.500000	0	0	3	cluster_3	0.8296
2910	Spectrogram 1	1	727.250000	727.750000	0	0	3	cluster_3	0.7195
2911	Spectrogram 1	1	727.500000	728.000000	0	0	5	cluster_5	0.6587
2912	Spectrogram 1	1	727.750000	728.250000	0	0	6	cluster_6	0.6684
2913	Spectrogram 1	1	728.000000	728.500000	0	0	6	cluster_6	1.0000
2914	Spectrogram 1	1	728.250000	728.750000	0	0	6	cluster_6	1.0000
2915	Spectrogram 1	1	728.500000	729.000000	0	0	6	cluster_6	1.0000
2916	Spectrogram 1	1	728.750000	729.250000	0	0	6	cluster_6	0.9130
2917	Spectrogram 1	1	729.000000	729.500000	0	0	5	cluster_5	1.0000
2918	Spectrogram 1	1	729.250000	729.750000	0	0	5	cluster_5	0.9859
2919	Spectrogram 1	1	729.500000	730.000000	0	0	5	cluster_5	1.0000
2920	Spectrogram 1	1	729.750000	730.250000	0	0	5	cluster_5	1.0000
2921	Spectrogram 1	1	730.000000	730.500000	0	0	5	cluster_5	0.6418
2922	Spectrogram 1	1	730.250000	730.750000	0	0	5	cluster_5	0.5874
2923	Spectrogram 1	1	730.500000	731.000000	0	0	5	cluster_5	0.6046
2924	Spectrogram 1	1	730.750000	731.250000	0	0	5	cluster_5	1.0000
2925	Spectrogram 1	1	731.000000	731.500000	0	0	5	cluster_5	0.8882
2926	Spectrogram 1	1	731.250000	731.750000	0	0	6	cluster_6	0.9307
2927	Spectrogram 1	1	731.500000	732.000000	0	0	6	cluster_6	0.7207
2928	Spectrogram 1	1	731.750000	732.250000	0	0	12	cluster_12	0.8628
2929	Spectrogram 1	1	732.000000	732.500000	0	0	12	cluster_12	0.8257
2930	Spectrogram 1	1	732.250000	732.750000	0	0	12	cluster_12	0.9095
2931	Spectrogram 1	1	732.500000	733.000000	0	0	6	cluster_6	0.8413
2932	Spectrogram 1	1	732.750000	733.250000	0	0	5	cluster_5	0.6587
2933	Spectrogram 1	1	733.000000	733.500000	0	0	5	cluster_5	0.6447
2934	Spectrogram 1	1	733.250000	733.750000	0	0	12	cluster_12	0.7650
2935	Spectrogram 1	1	733.500000	734.000000	0	0	6	cluster_6	1.0000
2936	Spectrogram 1	1	733.750000	734.250000	0	0	noise	cluster_noise	0.0000
2937	Spectrogram 1	1	734.000000	734.500000	0	0	12	cluster_12	0.9188
2938	Spectrogram 1	1	734.250000	734.750000	0	0	12	cluster_12	0.9637
2939	Spectrogram 1	1	734.500000	735.000000	0	0	12	cluster_12	0.8076
2940	Spectrogram 1	1	734.750000	735.250000	0	0	noise	cluster_noise	0.0000
2941	Spectrogram 1	1	735.000000	735.500000	0	0	12	cluster_12	0.9577
2942	Spectrogram 1	1	735.250000	735.750000	0	0	noise	cluster_noise	0.0000
2943	Spectrogram 1	1	735.500000	736.000000	0	0	noise	cluster_noise	0.0000
2944	Spectrogram 1	1	735.750000	736.250000	0	0	noise	cluster_noise	0.0000
2945	Spectrogram 1	1	736.000000	736.500000	0	0	noise	cluster_noise	0.0000
2946	Spectrogram 1	1	736.250000	736.750000	0	0	noise	cluster_noise	0.0000
2947	Spectrogram 1	1	736.500000	737.000000	0	0	noise	cluster_noise	0.0000
2948	Spectrogram 1	1	736.750000	737.250000	0	0	5	cluster_5	0.5801
2949	Spectrogram 1	1	737.000000	737.500000	0	0	6	cluster_6	0.8730
2950	Spectrogram 1	1	737.250000	737.750000	0	0	5	cluster_5	0.6035
2951	Spectrogram 1	1	737.500000	738.000000	0	0	5	cluster_5	0.6045
2952	Spectrogram 1	1	737.750000	738.250000	0	0	6	cluster_6	1.0000
2953	Spectrogram 1	1	738.000000	738.500000	0	0	6	cluster_6	1.0000
2954	Spectrogram 1	1	738.250000	738.750000	0	0	6	cluster_6	0.9491
2955	Spectrogram 1	1	738.500000	739.000000	0	0	noise	cluster_noise	0.0000
2956	Spectrogram 1	1	738.750000	739.250000	0	0	3	cluster_3	0.5225
2957	Spectrogram 1	1	739.000000	739.500000	0	0	3	cluster_3	0.7772
2958	Spectrogram 1	1	739.250000	739.750000	0	0	3	cluster_3	1.0000
2959	Spectrogram 1	1	739.500000	740.000000	0	0	3	cluster_3	0.9904
2960	Spectrogram 1	1	739.750000	740.250000	0	0	3	cluster_3	0.9446
2961	Spectrogram 1	1	740.000000	740.500000	0	0	3	cluster_3	0.9945
2962	Spectrogram 1	1	740.250000	740.750000	0	0	3	cluster_3	1.0000
2963	Spectrogram 1	1	740.500000	741.000000	0	0	3	cluster_3	0.7373
2964	Spectrogram 1	1	740.750000	741.250000	0	0	3	cluster_3	0.6908
2965	Spectrogram 1	1	741.000000	741.500000	0	0	3	cluster_3	0.8428
2966	Spectrogram 1	1	741.250000	741.750000	0	0	5	cluster_5	0.5885
2967	Spectrogram 1	1	741.500000	742.000000	0	0	5	cluster_5	1.0000
2968	Spectrogram 1	1	741.750000	742.250000	0	0	noise	cluster_noise	0.0000
2969	Spectrogram 1	1	742.000000	742.500000	0	0	noise	cluster_noise	0.0000
2970	Spectrogram 1	1	742.250000	742.750000	0	0	6	cluster_6	0.8751
2971	Spectrogram 1	1	742.500000	743.000000	0	0	6	cluster_6	0.8279
2972	Spectrogram 1	1	742.750000	743.250000	0	0	6	cluster_6	1.0000
2973	Spectrogram 1	1	743.000000	743.500000	0	0	6	cluster_6	1.0000
2974	Spectrogram 1	1	743.250000	743.750000	0	0	6	cluster_6	1.0000
2975	Spectrogram 1	1	743.500000	744.000000	0	0	6	cluster_6	1.0000
2976	Spectrogram 1	1	743.750000	744.250000	0	0	6	cluster_6	0.6376
2977	Spectrogram 1	1	744.000000	744.500000	0	0	6	cluster_6	0.9618
2978	Spectrogram 1	1	744.250000	744.750000	0	0	noise	cluster_noise	0.0000
2979	Spectrogram 1	1	744.500000	745.000000	0	0	4	cluster_4	1.0000
2980	Spectrogram 1	1	744.750000	745.250000	0	0	4	cluster_4	1.0000
2981	Spectrogram 1	1	745.000000	745.500000	0	0	4	cluster_4	1.0000
2982	Spectrogram 1	1	745.250000	745.750000	0	0	4	cluster_4	1.0000
2983	Spectrogram 1	1	745.500000	746.000000	0	0	4	cluster_4	0.8219
2984	Spectrogram 1	1	745.750000	746.250000	0	0	noise	cluster_noise	0.0000
2985	Spectrogram 1	1	746.000000	746.500000	0	0	6	cluster_6	0.8341
2986	Spectrogram 1	1	746.250000	746.750000	0	0	0	cluster_0	0.5461
2987	Spectrogram 1	1	746.500000	747.000000	0	0	0	cluster_0	0.9343
2988	Spectrogram 1	1	746.750000	747.250000	0	0	0	cluster_0	1.0000
2989	Spectrogram 1	1	747.000000	747.500000	0	0	0	cluster_0	0.7649
2990	Spectrogram 1	1	747.250000	747.750000	0	0	0	cluster_0	0.5825
2991	Spectrogram 1	1	747.500000	748.000000	0	0	0	cluster_0	0.9976
2992	Spectrogram 1	1	747.750000	748.250000	0	0	0	cluster_0	1.0000
2993	Spectrogram 1	1	748.000000	748.500000	0	0	0	cluster_0	1.0000
2994	Spectrogram 1	1	748.250000	748.750000	0	0	0	cluster_0	1.0000
2995	Spectrogram 1	1	748.500000	749.000000	0	0	0	cluster_0	1.0000
2996	Spectrogram 1	1	748.750000	749.250000	0	0	0	cluster_0	0.7015
2997	Spectrogram 1	1	749.000000	749.500000	0	0	noise	cluster_noise	0.0000
2998	Spectrogram 1	1	749.250000	749.750000	0	0	noise	cluster_noise	0.0000
2999	Spectrogram 1	1	749.500000	750.000000	0	0	noise	cluster_noise	0.0000
3000	Spectrogram 1	1	749.750000	750.250000	0	0	5	cluster_5	1.0000
3001	Spectrogram 1	1	750.000000	750.500000	0	0	6	cluster_6	1.0000
3002	Spectrogram 1	1	750.250000	750.750000	0	0	6	cluster_6	1.0000
3003	Spectrogram 1	1	750.500000	751.000000	0	0	6	cluster_6	0.9350
3004	Spectrogram 1	1	750.750000	751.250000	0	0	5	cluster_5	0.5260
3005	Spectrogram 1	1	751.000000	751.500000	0	0	noise	cluster_noise	0.0000
3006	Spectrogram 1	1	751.250000	751.750000	0	0	3	cluster_3	0.6858
3007	Spectrogram 1	1	751.500000	752.000000	0	0	3	cluster_3	1.0000
3008	Spectrogram 1	1	751.750000	752.250000	0	0	3	cluster_3	1.0000
3009	Spectrogram 1	1	752.000000	752.500000	0	0	3	cluster_3	1.0000
3010	Spectrogram 1	1	752.250000	752.750000	0	0	3	cluster_3	1.0000
3011	Spectrogram 1	1	752.500000	753.000000	0	0	3	cluster_3	1.0000
3012	Spectrogram 1	1	752.750000	753.250000	0	0	3	cluster_3	0.7719
3013	Spectrogram 1	1	753.000000	753.500000	0	0	3	cluster_3	0.6351
3014	Spectrogram 1	1	753.250000	753.750000	0	0	noise	cluster_noise	0.0000
3015	Spectrogram 1	1	753.500000	754.000000	0	0	5	cluster_5	0.5739
3016	Spectrogram 1	1	753.750000	754.250000	0	0	5	cluster_5	0.6189
3017	Spectrogram 1	1	754.000000	754.500000	0	0	noise	cluster_noise	0.0000
3018	Spectrogram 1	1	754.250000	754.750000	0	0	6	cluster_6	1.0000
3019	Spectrogram 1	1	754.500000	755.000000	0	0	6	cluster_6	0.9662
3020	Spectrogram 1	1	754.750000	755.250000	0	0	6	cluster_6	0.9387
3021	Spectrogram 1	1	755.000000	755.500000	0	0	6	cluster_6	0.9815
3022	Spectrogram 1	1	755.250000	755.750000	0	0	6	cluster_6	0.9892
3023	Spectrogram 1	1	755.500000	756.000000	0	0	6	cluster_6	1.0000
3024	Spectrogram 1	1	755.750000	756.250000	0	0	6	cluster_6	1.0000
3025	Spectrogram 1	1	756.000000	756.500000	0	0	6	cluster_6	1.0000
3026	Spectrogram 1	1	756.250000	756.750000	0	0	6	cluster_6	1.0000
3027	Spectrogram 1	1	756.500000	757.000000	0	0	6	cluster_6	1.0000
3028	Spectrogram 1	1	756.750000	757.250000	0	0	6	cluster_6	0.9298
3029	Spectrogram 1	1	757.000000	757.500000	0	0	6	cluster_6	0.9142
3030	Spectrogram 1	1	757.250000	757.750000	0	0	6	cluster_6	0.9288
3031	Spectrogram 1	1	757.500000	758.000000	0	0	6	cluster_6	1.0000
3032	Spectrogram 1	1	757.750000	758.250000	0	0	6	cluster_6	0.9041
3033	Spectrogram 1	1	758.000000	758.500000	0	0	0	cluster_0	0.4354
3034	Spectrogram 1	1	758.250000	758.750000	0	0	0	cluster_0	0.6352
3035	Spectrogram 1	1	758.500000	759.000000	0	0	0	cluster_0	1.0000
3036	Spectrogram 1	1	758.750000	759.250000	0	0	0	cluster_0	1.0000
3037	Spectrogram 1	1	759.000000	759.500000	0	0	0	cluster_0	0.9381
3038	Spectrogram 1	1	759.250000	759.750000	0	0	0	cluster_0	0.8351
3039	Spectrogram 1	1	759.500000	760.000000	0	0	5	cluster_5	0.5860
3040	Spectrogram 1	1	759.750000	760.250000	0	0	6	cluster_6	0.7439
3041	Spectrogram 1	1	760.000000	760.500000	0	0	0	cluster_0	0.4893
3042	Spectrogram 1	1	760.250000	760.750000	0	0	0	cluster_0	0.7863
3043	Spectrogram 1	1	760.500000	761.000000	0	0	0	cluster_0	1.0000
3044	Spectrogram 1	1	760.750000	761.250000	0	0	0	cluster_0	1.0000
3045	Spectrogram 1	1	761.000000	761.500000	0	0	0	cluster_0	1.0000
3046	Spectrogram 1	1	761.250000	761.750000	0	0	0	cluster_0	0.6116
3047	Spectrogram 1	1	761.500000	762.000000	0	0	noise	cluster_noise	0.0000
3048	Spectrogram 1	1	761.750000	762.250000	0	0	6	cluster_6	0.6626
3049	Spectrogram 1	1	762.000000	762.500000	0	0	noise	cluster_noise	0.0000
3050	Spectrogram 1	1	762.250000	762.750000	0	0	6	cluster_6	1.0000
3051	Spectrogram 1	1	762.500000	763.000000	0	0	6	cluster_6	1.0000
3052	Spectrogram 1	1	762.750000	763.250000	0	0	6	cluster_6	0.9467
3053	Spectrogram 1	1	763.000000	763.500000	0	0	6	cluster_6	0.8621
3054	Spectrogram 1	1	763.250000	763.750000	0	0	6	cluster_6	0.9270
3055	Spectrogram 1	1	763.500000	764.000000	0	0	noise	cluster_noise	0.0000
3056	Spectrogram 1	1	763.750000	764.250000	0	0	3	cluster_3	0.5965
3057	Spectrogram 1	1	764.000000	764.500000	0	0	3	cluster_3	0.9713
3058	Spectrogram 1	1	764.250000	764.750000	0	0	3	cluster_3	1.0000
3059	Spectrogram 1	1	764.500000	765.000000	0	0	3	cluster_3	1.0000
3060	Spectrogram 1	1	764.750000	765.250000	0	0	3	cluster_3	1.0000
3061	Spectrogram 1	1	765.000000	765.500000	0	0	3	cluster_3	1.0000
3062	Spectrogram 1	1	765.250000	765.750000	0	0	3	cluster_3	0.7959
3063	Spectrogram 1	1	765.500000	766.000000	0	0	3	cluster_3	0.6308
3064	Spectrogram 1	1	765.750000	766.250000	0	0	5	cluster_5	0.8657
3065	Spectrogram 1	1	766.000000	766.500000	0	0	6	cluster_6	0.8203
3066	Spectrogram 1	1	766.250000	766.750000	0	0	5	cluster_5	0.5925
3067	Spectrogram 1	1	766.500000	767.000000	0	0	6	cluster_6	1.0000
3068	Spectrogram 1	1	766.750000	767.250000	0	0	6	cluster_6	0.9190
3069	Spectrogram 1	1	767.000000	767.500000	0	0	5	cluster_5	0.5345
3070	Spectrogram 1	1	767.250000	767.750000	0	0	6	cluster_6	1.0000
3071	Spectrogram 1	1	767.500000	768.000000	0	0	6	cluster_6	1.0000
3072	Spectrogram 1	1	767.750000	768.250000	0	0	6	cluster_6	1.0000
3073	Spectrogram 1	1	768.000000	768.500000	0	0	6	cluster_6	1.0000
3074	Spectrogram 1	1	768.250000	768.750000	0	0	6	cluster_6	1.0000
3075	Spectrogram 1	1	768.500000	769.000000	0	0	6	cluster_6	0.9963
3076	Spectrogram 1	1	768.750000	769.250000	0	0	noise	cluster_noise	0.0000
3077	Spectrogram 1	1	769.000000	769.500000	0	0	4	cluster_4	0.8127
3078	Spectrogram 1	1	769.250000	769.750000	0	0	4	cluster_4	0.8535
3079	Spectrogram 1	1	769.500000	770.000000	0	0	4	cluster_4	0.6661
3080	Spectrogram 1	1	769.750000	770.250000	0	0	noise	cluster_noise	0.0000
3081	Spectrogram 1	1	770.000000	770.500000	0	0	noise	cluster_noise	0.0000
3082	Spectrogram 1	1	770.250000	770.750000	0	0	6	cluster_6	1.0000
3083	Spectrogram 1	1	770.500000	771.000000	0	0	0	cluster_0	0.4629
3084	Spectrogram 1	1	770.750000	771.250000	0	0	0	cluster_0	0.7964
3085	Spectrogram 1	1	771.000000	771.500000	0	0	0	cluster_0	1.0000
3086	Spectrogram 1	1	771.250000	771.750000	0	0	0	cluster_0	1.0000
3087	Spectrogram 1	1	771.500000	772.000000	0	0	0	cluster_0	0.8491
3088	Spectrogram 1	1	771.750000	772.250000	0	0	6	cluster_6	0.6836
3089	Spectrogram 1	1	772.000000	772.500000	0	0	0	cluster_0	0.5634
3090	Spectrogram 1	1	772.250000	772.750000	0	0	0	cluster_0	0.8251
3091	Spectrogram 1	1	772.500000	773.000000	0	0	0	cluster_0	0.9780
3092	Spectrogram 1	1	772.750000	773.250000	0	0	0	cluster_0	0.9667
3093	Spectrogram 1	1	773.000000	773.500000	0	0	0	cluster_0	0.8565
3094	Spectrogram 1	1	773.250000	773.750000	0	0	0	cluster_0	0.7845
3095	Spectrogram 1	1	773.500000	774.000000	0	0	0	cluster_0	0.7310
3096	Spectrogram 1	1	773.750000	774.250000	0	0	6	cluster_6	1.0000
3097	Spectrogram 1	1	774.000000	774.500000	0	0	6	cluster_6	0.6425
3098	Spectrogram 1	1	774.250000	774.750000	0	0	6	cluster_6	0.6375
3099	Spectrogram 1	1	774.500000	775.000000	0	0	6	cluster_6	1.0000
3100	Spectrogram 1	1	774.750000	775.250000	0	0	6	cluster_6	1.0000
3101	Spectrogram 1	1	775.000000	775.500000	0	0	6	cluster_6	1.0000
3102	Spectrogram 1	1	775.250000	775.750000	0	0	6	cluster_6	1.0000
3103	Spectrogram 1	1	775.500000	776.000000	0	0	6	cluster_6	1.0000
3104	Spectrogram 1	1	775.750000	776.250000	0	0	noise	cluster_noise	0.0000
3105	Spectrogram 1	1	776.000000	776.500000	0	0	3	cluster_3	0.6356
3106	Spectrogram 1	1	776.250000	776.750000	0	0	3	cluster_3	1.0000
3107	Spectrogram 1	1	776.500000	777.000000	0	0	3	cluster_3	0.8141
3108	Spectrogram 1	1	776.750000	777.250000	0	0	3	cluster_3	1.0000
3109	Spectrogram 1	1	777.000000	777.500000	0	0	3	cluster_3	1.0000
3110	Spectrogram 1	1	777.250000	777.750000	0	0	3	cluster_3	0.9019
3111	Spectrogram 1	1	777.500000	778.000000	0	0	3	cluster_3	0.8780
3112	Spectrogram 1	1	777.750000	778.250000	0	0	3	cluster_3	0.6618
3113	Spectrogram 1	1	778.000000	778.500000	0	0	5	cluster_5	0.5469
3114	Spectrogram 1	1	778.250000	778.750000	0	0	5	cluster_5	0.8460
3115	Spectrogram 1	1	778.500000	779.000000	0	0	5	cluster_5	0.6405
3116	Spectrogram 1	1	778.750000	779.250000	0	0	5	cluster_5	0.6171
3117	Spectrogram 1	1	779.000000	779.500000	0	0	6	cluster_6	0.6775
3118	Spectrogram 1	1	779.250000	779.750000	0	0	6	cluster_6	1.0000
3119	Spectrogram 1	1	779.500000	780.000000	0	0	6	cluster_6	1.0000
3120	Spectrogram 1	1	779.750000	780.250000	0	0	6	cluster_6	1.0000
3121	Spectrogram 1	1	780.000000	780.500000	0	0	6	cluster_6	1.0000
3122	Spectrogram 1	1	780.250000	780.750000	0	0	6	cluster_6	0.9434
3123	Spectrogram 1	1	780.500000	781.000000	0	0	6	cluster_6	0.8845
3124	Spectrogram 1	1	780.750000	781.250000	0	0	6	cluster_6	1.0000
3125	Spectrogram 1	1	781.000000	781.500000	0	0	6	cluster_6	0.8137
3126	Spectrogram 1	1	781.250000	781.750000	0	0	6	cluster_6	1.0000
3127	Spectrogram 1	1	781.500000	782.000000	0	0	6	cluster_6	0.7265
3128	Spectrogram 1	1	781.750000	782.250000	0	0	6	cluster_6	0.6309
3129	Spectrogram 1	1	782.000000	782.500000	0	0	6	cluster_6	1.0000
3130	Spectrogram 1	1	782.250000	782.750000	0	0	6	cluster_6	0.6665
3131	Spectrogram 1	1	782.500000	783.000000	0	0	6	cluster_6	0.9011
3132	Spectrogram 1	1	782.750000	783.250000	0	0	noise	cluster_noise	0.0000
3133	Spectrogram 1	1	783.000000	783.500000	0	0	6	cluster_6	0.6373
3134	Spectrogram 1	1	783.250000	783.750000	0	0	0	cluster_0	0.7326
3135	Spectrogram 1	1	783.500000	784.000000	0	0	0	cluster_0	1.0000
3136	Spectrogram 1	1	783.750000	784.250000	0	0	0	cluster_0	0.9894
3137	Spectrogram 1	1	784.000000	784.500000	0	0	0	cluster_0	1.0000
3138	Spectrogram 1	1	784.250000	784.750000	0	0	0	cluster_0	1.0000
3139	Spectrogram 1	1	784.500000	785.000000	0	0	0	cluster_0	1.0000
3140	Spectrogram 1	1	784.750000	785.250000	0	0	0	cluster_0	1.0000
3141	Spectrogram 1	1	785.000000	785.500000	0	0	0	cluster_0	0.8618
3142	Spectrogram 1	1	785.250000	785.750000	0	0	0	cluster_0	1.0000
3143	Spectrogram 1	1	785.500000	786.000000	0	0	0	cluster_0	1.0000
3144	Spectrogram 1	1	785.750000	786.250000	0	0	0	cluster_0	0.7780
3145	Spectrogram 1	1	786.000000	786.500000	0	0	0	cluster_0	0.4364
3146	Spectrogram 1	1	786.250000	786.750000	0	0	6	cluster_6	1.0000
3147	Spectrogram 1	1	786.500000	787.000000	0	0	6	cluster_6	0.6983
3148	Spectrogram 1	1	786.750000	787.250000	0	0	6	cluster_6	0.6710
3149	Spectrogram 1	1	787.000000	787.500000	0	0	6	cluster_6	0.6756
3150	Spectrogram 1	1	787.250000	787.750000	0	0	6	cluster_6	0.9835
3151	Spectrogram 1	1	787.500000	788.000000	0	0	6	cluster_6	0.9431
3152	Spectrogram 1	1	787.750000	788.250000	0	0	6	cluster_6	0.8830
3153	Spectrogram 1	1	788.000000	788.500000	0	0	noise	cluster_noise	0.0000
3154	Spectrogram 1	1	788.250000	788.750000	0	0	3	cluster_3	0.5265
3155	Spectrogram 1	1	788.500000	789.000000	0	0	3	cluster_3	0.7287
3156	Spectrogram 1	1	788.750000	789.250000	0	0	3	cluster_3	1.0000
3157	Spectrogram 1	1	789.000000	789.500000	0	0	3	cluster_3	1.0000
3158	Spectrogram 1	1	789.250000	789.750000	0	0	3	cluster_3	1.0000
3159	Spectrogram 1	1	789.500000	790.000000	0	0	3	cluster_3	1.0000
3160	Spectrogram 1	1	789.750000	790.250000	0	0	3	cluster_3	1.0000
3161	Spectrogram 1	1	790.000000	790.500000	0	0	3	cluster_3	1.0000
3162	Spectrogram 1	1	790.250000	790.750000	0	0	3	cluster_3	0.7072
3163	Spectrogram 1	1	790.500000	791.000000	0	0	3	cluster_3	0.5602
3164	Spectrogram 1	1	790.750000	791.250000	0	0	5	cluster_5	0.8172
3165	Spectrogram 1	1	791.000000	791.500000	0	0	5	cluster_5	1.0000
3166	Spectrogram 1	1	791.250000	791.750000	0	0	5	cluster_5	0.5095
3167	Spectrogram 1	1	791.500000	792.000000	0	0	6	cluster_6	0.9419
3168	Spectrogram 1	1	791.750000	792.250000	0	0	6	cluster_6	1.0000
3169	Spectrogram 1	1	792.000000	792.500000	0	0	6	cluster_6	1.0000
3170	Spectrogram 1	1	792.250000	792.750000	0	0	6	cluster_6	1.0000
3171	Spectrogram 1	1	792.500000	793.000000	0	0	6	cluster_6	1.0000
3172	Spectrogram 1	1	792.750000	793.250000	0	0	6	cluster_6	1.0000
3173	Spectrogram 1	1	793.000000	793.500000	0	0	6	cluster_6	0.9540
3174	Spectrogram 1	1	793.250000	793.750000	0	0	6	cluster_6	0.9880
3175	Spectrogram 1	1	793.500000	794.000000	0	0	6	cluster_6	0.9213
3176	Spectrogram 1	1	793.750000	794.250000	0	0	6	cluster_6	0.8506
3177	Spectrogram 1	1	794.000000	794.500000	0	0	4	cluster_4	1.0000
3178	Spectrogram 1	1	794.250000	794.750000	0	0	4	cluster_4	1.0000
3179	Spectrogram 1	1	794.500000	795.000000	0	0	4	cluster_4	1.0000
3180	Spectrogram 1	1	794.750000	795.250000	0	0	4	cluster_4	1.0000
3181	Spectrogram 1	1	795.000000	795.500000	0	0	4	cluster_4	1.0000
3182	Spectrogram 1	1	795.250000	795.750000	0	0	6	cluster_6	0.7074
3183	Spectrogram 1	1	795.500000	796.000000	0	0	6	cluster_6	0.7699
3184	Spectrogram 1	1	795.750000	796.250000	0	0	0	cluster_0	0.5181
3185	Spectrogram 1	1	796.000000	796.500000	0	0	0	cluster_0	0.6312
3186	Spectrogram 1	1	796.250000	796.750000	0	0	0	cluster_0	1.0000
3187	Spectrogram 1	1	796.500000	797.000000	0	0	0	cluster_0	0.7693
3188	Spectrogram 1	1	796.750000	797.250000	0	0	0	cluster_0	0.7801
3189	Spectrogram 1	1	797.000000	797.500000	0	0	0	cluster_0	0.7935
3190	Spectrogram 1	1	797.250000	797.750000	0	0	0	cluster_0	0.7517
3191	Spectrogram 1	1	797.500000	798.000000	0	0	0	cluster_0	0.6725
3192	Spectrogram 1	1	797.750000	798.250000	0	0	0	cluster_0	0.6311
3193	Spectrogram 1	1	798.000000	798.500000	0	0	6	cluster_6	0.6169
3194	Spectrogram 1	1	798.250000	798.750000	0	0	6	cluster_6	0.6275
3195	Spectrogram 1	1	798.500000	799.000000	0	0	6	cluster_6	0.6388
3196	Spectrogram 1	1	798.750000	799.250000	0	0	6	cluster_6	1.0000
3197	Spectrogram 1	1	799.000000	799.500000	0	0	6	cluster_6	0.9628
3198	Spectrogram 1	1	799.250000	799.750000	0	0	6	cluster_6	0.9423
3199	Spectrogram 1	1	799.500000	800.000000	0	0	6	cluster_6	0.8824
3200	Spectrogram 1	1	799.750000	800.250000	0	0	6	cluster_6	1.0000
3201	Spectrogram 1	1	800.000000	800.500000	0	0	noise	cluster_noise	0.0000
3202	Spectrogram 1	1	800.250000	800.750000	0	0	noise	cluster_noise	0.0000
3203	Spectrogram 1	1	800.500000	801.000000	0	0	3	cluster_3	0.7441
3204	Spectrogram 1	1	800.750000	801.250000	0	0	3	cluster_3	1.0000
3205	Spectrogram 1	1	801.000000	801.500000	0	0	3	cluster_3	1.0000
3206	Spectrogram 1	1	801.250000	801.750000	0	0	3	cluster_3	1.0000
3207	Spectrogram 1	1	801.500000	802.000000	0	0	3	cluster_3	1.0000
3208	Spectrogram 1	1	801.750000	802.250000	0	0	3	cluster_3	1.0000
3209	Spectrogram 1	1	802.000000	802.500000	0	0	3	cluster_3	1.0000
3210	Spectrogram 1	1	802.250000	802.750000	0	0	5	cluster_5	0.5274
3211	Spectrogram 1	1	802.500000	803.000000	0	0	5	cluster_5	0.9532
3212	Spectrogram 1	1	802.750000	803.250000	0	0	5	cluster_5	1.0000
3213	Spectrogram 1	1	803.000000	803.500000	0	0	5	cluster_5	0.8438
3214	Spectrogram 1	1	803.250000	803.750000	0	0	5	cluster_5	0.5187
3215	Spectrogram 1	1	803.500000	804.000000	0	0	5	cluster_5	0.5127
3216	Spectrogram 1	1	803.750000	804.250000	0	0	6	cluster_6	0.9174
3217	Spectrogram 1	1	804.000000	804.500000	0	0	6	cluster_6	0.9299
3218	Spectrogram 1	1	804.250000	804.750000	0	0	6	cluster_6	1.0000
3219	Spectrogram 1	1	804.500000	805.000000	0	0	6	cluster_6	1.0000
3220	Spectrogram 1	1	804.750000	805.250000	0	0	6	cluster_6	1.0000
3221	Spectrogram 1	1	805.000000	805.500000	0	0	6	cluster_6	1.0000
3222	Spectrogram 1	1	805.250000	805.750000	0	0	6	cluster_6	1.0000
3223	Spectrogram 1	1	805.500000	806.000000	0	0	noise	cluster_noise	0.0000
3224	Spectrogram 1	1	805.750000	806.250000	0	0	4	cluster_4	1.0000
3225	Spectrogram 1	1	806.000000	806.500000	0	0	4	cluster_4	1.0000
3226	Spectrogram 1	1	806.250000	806.750000	0	0	4	cluster_4	1.0000
3227	Spectrogram 1	1	806.500000	807.000000	0	0	4	cluster_4	1.0000
3228	Spectrogram 1	1	806.750000	807.250000	0	0	4	cluster_4	1.0000
3229	Spectrogram 1	1	807.000000	807.500000	0	0	4	cluster_4	1.0000
3230	Spectrogram 1	1	807.250000	807.750000	0	0	4	cluster_4	0.8416
3231	Spectrogram 1	1	807.500000	808.000000	0	0	4	cluster_4	1.0000
3232	Spectrogram 1	1	807.750000	808.250000	0	0	4	cluster_4	1.0000
3233	Spectrogram 1	1	808.000000	808.500000	0	0	4	cluster_4	1.0000
3234	Spectrogram 1	1	808.250000	808.750000	0	0	4	cluster_4	1.0000
3235	Spectrogram 1	1	808.500000	809.000000	0	0	5	cluster_5	0.6166
3236	Spectrogram 1	1	808.750000	809.250000	0	0	noise	cluster_noise	0.0000
3237	Spectrogram 1	1	809.000000	809.500000	0	0	noise	cluster_noise	0.0000
3238	Spectrogram 1	1	809.250000	809.750000	0	0	6	cluster_6	1.0000
3239	Spectrogram 1	1	809.500000	810.000000	0	0	noise	cluster_noise	0.0000
3240	Spectrogram 1	1	809.750000	810.250000	0	0	4	cluster_4	1.0000
3241	Spectrogram 1	1	810.000000	810.500000	0	0	4	cluster_4	1.0000
3242	Spectrogram 1	1	810.250000	810.750000	0	0	4	cluster_4	1.0000
3243	Spectrogram 1	1	810.500000	811.000000	0	0	4	cluster_4	1.0000
3244	Spectrogram 1	1	810.750000	811.250000	0	0	4	cluster_4	1.0000
3245	Spectrogram 1	1	811.000000	811.500000	0	0	4	cluster_4	1.0000
3246	Spectrogram 1	1	811.250000	811.750000	0	0	4	cluster_4	1.0000
3247	Spectrogram 1	1	811.500000	812.000000	0	0	4	cluster_4	1.0000
3248	Spectrogram 1	1	811.750000	812.250000	0	0	4	cluster_4	1.0000
3249	Spectrogram 1	1	812.000000	812.500000	0	0	4	cluster_4	1.0000
3250	Spectrogram 1	1	812.250000	812.750000	0	0	4	cluster_4	1.0000
3251	Spectrogram 1	1	812.500000	813.000000	0	0	4	cluster_4	1.0000
3252	Spectrogram 1	1	812.750000	813.250000	0	0	4	cluster_4	1.0000
3253	Spectrogram 1	1	813.000000	813.500000	0	0	4	cluster_4	1.0000
3254	Spectrogram 1	1	813.250000	813.750000	0	0	5	cluster_5	0.5650
3255	Spectrogram 1	1	813.500000	814.000000	0	0	5	cluster_5	0.5996
3256	Spectrogram 1	1	813.750000	814.250000	0	0	12	cluster_12	0.8648
3257	Spectrogram 1	1	814.000000	814.500000	0	0	6	cluster_6	1.0000
3258	Spectrogram 1	1	814.250000	814.750000	0	0	12	cluster_12	0.8364
3259	Spectrogram 1	1	814.500000	815.000000	0	0	11	cluster_11	0.8995
3260	Spectrogram 1	1	814.750000	815.250000	0	0	11	cluster_11	1.0000
3261	Spectrogram 1	1	815.000000	815.500000	0	0	6	cluster_6	1.0000
3262	Spectrogram 1	1	815.250000	815.750000	0	0	8	cluster_8	1.0000
3263	Spectrogram 1	1	815.500000	816.000000	0	0	12	cluster_12	0.7896
3264	Spectrogram 1	1	815.750000	816.250000	0	0	12	cluster_12	0.8508
3265	Spectrogram 1	1	816.000000	816.500000	0	0	6	cluster_6	1.0000
3266	Spectrogram 1	1	816.250000	816.750000	0	0	6	cluster_6	1.0000
3267	Spectrogram 1	1	816.500000	817.000000	0	0	12	cluster_12	0.8232
3268	Spectrogram 1	1	816.750000	817.250000	0	0	noise	cluster_noise	0.0000
3269	Spectrogram 1	1	817.000000	817.500000	0	0	noise	cluster_noise	0.0000
3270	Spectrogram 1	1	817.250000	817.750000	0	0	6	cluster_6	1.0000
3271	Spectrogram 1	1	817.500000	818.000000	0	0	12	cluster_12	0.7989
3272	Spectrogram 1	1	817.750000	818.250000	0	0	noise	cluster_noise	0.0000
3273	Spectrogram 1	1	818.000000	818.500000	0	0	noise	cluster_noise	0.0000
3274	Spectrogram 1	1	818.250000	818.750000	0	0	6	cluster_6	0.7510
3275	Spectrogram 1	1	818.500000	819.000000	0	0	12	cluster_12	0.9458
3276	Spectrogram 1	1	818.750000	819.250000	0	0	11	cluster_11	0.7429
3277	Spectrogram 1	1	819.000000	819.500000	0	0	noise	cluster_noise	0.0000
3278	Spectrogram 1	1	819.250000	819.750000	0	0	6	cluster_6	0.8643
3279	Spectrogram 1	1	819.500000	820.000000	0	0	noise	cluster_noise	0.0000
3280	Spectrogram 1	1	819.750000	820.250000	0	0	noise	cluster_noise	0.0000
3281	Spectrogram 1	1	820.000000	820.500000	0	0	noise	cluster_noise	0.0000
3282	Spectrogram 1	1	820.250000	820.750000	0	0	6	cluster_6	1.0000
3283	Spectrogram 1	1	820.500000	821.000000	0	0	4	cluster_4	0.8402
3284	Spectrogram 1	1	820.750000	821.250000	0	0	4	cluster_4	1.0000
3285	Spectrogram 1	1	821.000000	821.500000	0	0	4	cluster_4	1.0000
3286	Spectrogram 1	1	821.250000	821.750000	0	0	4	cluster_4	1.0000
3287	Spectrogram 1	1	821.500000	822.000000	0	0	4	cluster_4	0.9268
3288	Spectrogram 1	1	821.750000	822.250000	0	0	4	cluster_4	1.0000
3289	Spectrogram 1	1	822.000000	822.500000	0	0	4	cluster_4	1.0000
3290	Spectrogram 1	1	822.250000	822.750000	0	0	4	cluster_4	1.0000
3291	Spectrogram 1	1	822.500000	823.000000	0	0	4	cluster_4	1.0000
3292	Spectrogram 1	1	822.750000	823.250000	0	0	4	cluster_4	1.0000
3293	Spectrogram 1	1	823.000000	823.500000	0	0	4	cluster_4	1.0000
3294	Spectrogram 1	1	823.250000	823.750000	0	0	6	cluster_6	0.9369
3295	Spectrogram 1	1	823.500000	824.000000	0	0	6	cluster_6	0.7472
3296	Spectrogram 1	1	823.750000	824.250000	0	0	6	cluster_6	0.7053
3297	Spectrogram 1	1	824.000000	824.500000	0	0	6	cluster_6	0.9631
3298	Spectrogram 1	1	824.250000	824.750000	0	0	6	cluster_6	1.0000
3299	Spectrogram 1	1	824.500000	825.000000	0	0	4	cluster_4	1.0000
3300	Spectrogram 1	1	824.750000	825.250000	0	0	4	cluster_4	1.0000
3301	Spectrogram 1	1	825.000000	825.500000	0	0	4	cluster_4	1.0000
3302	Spectrogram 1	1	825.250000	825.750000	0	0	4	cluster_4	1.0000
3303	Spectrogram 1	1	825.500000	826.000000	0	0	4	cluster_4	1.0000
3304	Spectrogram 1	1	825.750000	826.250000	0	0	4	cluster_4	0.8474
3305	Spectrogram 1	1	826.000000	826.500000	0	0	4	cluster_4	1.0000
3306	Spectrogram 1	1	826.250000	826.750000	0	0	4	cluster_4	1.0000
3307	Spectrogram 1	1	826.500000	827.000000	0	0	4	cluster_4	1.0000
3308	Spectrogram 1	1	826.750000	827.250000	0	0	4	cluster_4	1.0000
3309	Spectrogram 1	1	827.000000	827.500000	0	0	4	cluster_4	1.0000
3310	Spectrogram 1	1	827.250000	827.750000	0	0	4	cluster_4	1.0000
3311	Spectrogram 1	1	827.500000	828.000000	0	0	4	cluster_4	1.0000
3312	Spectrogram 1	1	827.750000	828.250000	0	0	noise	cluster_noise	0.0000
3313	Spectrogram 1	1	828.000000	828.500000	0	0	noise	cluster_noise	0.0000
3314	Spectrogram 1	1	828.250000	828.750000	0	0	noise	cluster_noise	0.0000
3315	Spectrogram 1	1	828.500000	829.000000	0	0	noise	cluster_noise	0.0000
3316	Spectrogram 1	1	828.750000	829.250000	0	0	6	cluster_6	1.0000
3317	Spectrogram 1	1	829.000000	829.500000	0	0	noise	cluster_noise	0.0000
3318	Spectrogram 1	1	829.250000	829.750000	0	0	11	cluster_11	0.7718
3319	Spectrogram 1	1	829.500000	830.000000	0	0	14	cluster_14	0.6300
3320	Spectrogram 1	1	829.750000	830.250000	0	0	14	cluster_14	0.7590
3321	Spectrogram 1	1	830.000000	830.500000	0	0	noise	cluster_noise	0.0000
3322	Spectrogram 1	1	830.250000	830.750000	0	0	noise	cluster_noise	0.0000
3323	Spectrogram 1	1	830.500000	831.000000	0	0	noise	cluster_noise	0.0000
3324	Spectrogram 1	1	830.750000	831.250000	0	0	noise	cluster_noise	0.0000
3325	Spectrogram 1	1	831.000000	831.500000	0	0	6	cluster_6	1.0000
3326	Spectrogram 1	1	831.250000	831.750000	0	0	noise	cluster_noise	0.0000
3327	Spectrogram 1	1	831.500000	832.000000	0	0	11	cluster_11	1.0000
3328	Spectrogram 1	1	831.750000	832.250000	0	0	14	cluster_14	0.5569
3329	Spectrogram 1	1	832.000000	832.500000	0	0	14	cluster_14	0.8867
3330	Spectrogram 1	1	832.250000	832.750000	0	0	noise	cluster_noise	0.0000
3331	Spectrogram 1	1	832.500000	833.000000	0	0	noise	cluster_noise	0.0000
3332	Spectrogram 1	1	832.750000	833.250000	0	0	noise	cluster_noise	0.0000
3333	Spectrogram 1	1	833.000000	833.500000	0	0	6	cluster_6	1.0000
3334	Spectrogram 1	1	833.250000	833.750000	0	0	noise	cluster_noise	0.0000
3335	Spectrogram 1	1	833.500000	834.000000	0	0	11	cluster_11	0.8477
3336	Spectrogram 1	1	833.750000	834.250000	0	0	14	cluster_14	0.7231
3337	Spectrogram 1	1	834.000000	834.500000	0	0	noise	cluster_noise	0.0000
3338	Spectrogram 1	1	834.250000	834.750000	0	0	noise	cluster_noise	0.0000
3339	Spectrogram 1	1	834.500000	835.000000	0	0	noise	cluster_noise	0.0000
3340	Spectrogram 1	1	834.750000	835.250000	0	0	noise	cluster_noise	0.0000
3341	Spectrogram 1	1	835.000000	835.500000	0	0	noise	cluster_noise	0.0000
3342	Spectrogram 1	1	835.250000	835.750000	0	0	noise	cluster_noise	0.0000
3343	Spectrogram 1	1	835.500000	836.000000	0	0	noise	cluster_noise	0.0000
3344	Spectrogram 1	1	835.750000	836.250000	0	0	4	cluster_4	1.0000
3345	Spectrogram 1	1	836.000000	836.500000	0	0	4	cluster_4	1.0000
3346	Spectrogram 1	1	836.250000	836.750000	0	0	4	cluster_4	0.9500
3347	Spectrogram 1	1	836.500000	837.000000	0	0	4	cluster_4	0.9557
3348	Spectrogram 1	1	836.750000	837.250000	0	0	4	cluster_4	0.9772
3349	Spectrogram 1	1	837.000000	837.500000	0	0	4	cluster_4	1.0000
3350	Spectrogram 1	1	837.250000	837.750000	0	0	4	cluster_4	1.0000
3351	Spectrogram 1	1	837.500000	838.000000	0	0	4	cluster_4	1.0000
3352	Spectrogram 1	1	837.750000	838.250000	0	0	4	cluster_4	1.0000
3353	Spectrogram 1	1	838.000000	838.500000	0	0	noise	cluster_noise	0.0000
3354	Spectrogram 1	1	838.250000	838.750000	0	0	noise	cluster_noise	0.0000
3355	Spectrogram 1	1	838.500000	839.000000	0	0	noise	cluster_noise	0.0000
3356	Spectrogram 1	1	838.750000	839.250000	0	0	noise	cluster_noise	0.0000
3357	Spectrogram 1	1	839.000000	839.500000	0	0	noise	cluster_noise	0.0000
3358	Spectrogram 1	1	839.250000	839.750000	0	0	4	cluster_4	1.0000
3359	Spectrogram 1	1	839.500000	840.000000	0	0	4	cluster_4	1.0000
3360	Spectrogram 1	1	839.750000	840.250000	0	0	4	cluster_4	1.0000
3361	Spectrogram 1	1	840.000000	840.500000	0	0	4	cluster_4	1.0000
3362	Spectrogram 1	1	840.250000	840.750000	0	0	4	cluster_4	1.0000
3363	Spectrogram 1	1	840.500000	841.000000	0	0	4	cluster_4	0.8475
3364	Spectrogram 1	1	840.750000	841.250000	0	0	4	cluster_4	0.8755
3365	Spectrogram 1	1	841.000000	841.500000	0	0	4	cluster_4	0.9552
3366	Spectrogram 1	1	841.250000	841.750000	0	0	4	cluster_4	1.0000
3367	Spectrogram 1	1	841.500000	842.000000	0	0	4	cluster_4	1.0000
3368	Spectrogram 1	1	841.750000	842.250000	0	0	4	cluster_4	1.0000
3369	Spectrogram 1	1	842.000000	842.500000	0	0	noise	cluster_noise	0.0000
3370	Spectrogram 1	1	842.250000	842.750000	0	0	6	cluster_6	1.0000
3371	Spectrogram 1	1	842.500000	843.000000	0	0	4	cluster_4	0.8549
3372	Spectrogram 1	1	842.750000	843.250000	0	0	noise	cluster_noise	0.0000
3373	Spectrogram 1	1	843.000000	843.500000	0	0	6	cluster_6	1.0000
3374	Spectrogram 1	1	843.250000	843.750000	0	0	11	cluster_11	0.9991
3375	Spectrogram 1	1	843.500000	844.000000	0	0	14	cluster_14	0.6055
3376	Spectrogram 1	1	843.750000	844.250000	0	0	noise	cluster_noise	0.0000
3377	Spectrogram 1	1	844.000000	844.500000	0	0	noise	cluster_noise	0.0000
3378	Spectrogram 1	1	844.250000	844.750000	0	0	noise	cluster_noise	0.0000
3379	Spectrogram 1	1	844.500000	845.000000	0	0	noise	cluster_noise	0.0000
3380	Spectrogram 1	1	844.750000	845.250000	0	0	15	cluster_15	1.0000
3381	Spectrogram 1	1	845.000000	845.500000	0	0	6	cluster_6	1.0000
3382	Spectrogram 1	1	845.250000	845.750000	0	0	6	cluster_6	1.0000
3383	Spectrogram 1	1	845.500000	846.000000	0	0	14	cluster_14	0.6641
3384	Spectrogram 1	1	845.750000	846.250000	0	0	14	cluster_14	0.6840
3385	Spectrogram 1	1	846.000000	846.500000	0	0	noise	cluster_noise	0.0000
3386	Spectrogram 1	1	846.250000	846.750000	0	0	14	cluster_14	1.0000
3387	Spectrogram 1	1	846.500000	847.000000	0	0	14	cluster_14	1.0000
3388	Spectrogram 1	1	846.750000	847.250000	0	0	noise	cluster_noise	0.0000
3389	Spectrogram 1	1	847.000000	847.500000	0	0	6	cluster_6	1.0000
3390	Spectrogram 1	1	847.250000	847.750000	0	0	15	cluster_15	1.0000
3391	Spectrogram 1	1	847.500000	848.000000	0	0	12	cluster_12	0.8614
3392	Spectrogram 1	1	847.750000	848.250000	0	0	14	cluster_14	1.0000
3393	Spectrogram 1	1	848.000000	848.500000	0	0	15	cluster_15	1.0000
3394	Spectrogram 1	1	848.250000	848.750000	0	0	12	cluster_12	0.9106
3395	Spectrogram 1	1	848.500000	849.000000	0	0	14	cluster_14	1.0000
3396	Spectrogram 1	1	848.750000	849.250000	0	0	14	cluster_14	0.7174
3397	Spectrogram 1	1	849.000000	849.500000	0	0	12	cluster_12	0.9458
3398	Spectrogram 1	1	849.250000	849.750000	0	0	14	cluster_14	0.9646
3399	Spectrogram 1	1	849.500000	850.000000	0	0	14	cluster_14	0.9014
3400	Spectrogram 1	1	849.750000	850.250000	0	0	6	cluster_6	1.0000
3401	Spectrogram 1	1	850.000000	850.500000	0	0	14	cluster_14	1.0000
3402	Spectrogram 1	1	850.250000	850.750000	0	0	14	cluster_14	1.0000
3403	Spectrogram 1	1	850.500000	851.000000	0	0	15	cluster_15	1.0000
3404	Spectrogram 1	1	850.750000	851.250000	0	0	6	cluster_6	1.0000
3405	Spectrogram 1	1	851.000000	851.500000	0	0	14	cluster_14	1.0000
3406	Spectrogram 1	1	851.250000	851.750000	0	0	14	cluster_14	1.0000
3407	Spectrogram 1	1	851.500000	852.000000	0	0	14	cluster_14	1.0000
3408	Spectrogram 1	1	851.750000	852.250000	0	0	14	cluster_14	1.0000
3409	Spectrogram 1	1	852.000000	852.500000	0	0	14	cluster_14	1.0000
3410	Spectrogram 1	1	852.250000	852.750000	0	0	noise	cluster_noise	0.0000
3411	Spectrogram 1	1	852.500000	853.000000	0	0	noise	cluster_noise	0.0000
3412	Spectrogram 1	1	852.750000	853.250000	0	0	15	cluster_15	1.0000
3413	Spectrogram 1	1	853.000000	853.500000	0	0	15	cluster_15	1.0000
3414	Spectrogram 1	1	853.250000	853.750000	0	0	6	cluster_6	0.8322
3415	Spectrogram 1	1	853.500000	854.000000	0	0	6	cluster_6	1.0000
3416	Spectrogram 1	1	853.750000	854.250000	0	0	6	cluster_6	0.9812
3417	Spectrogram 1	1	854.000000	854.500000	0	0	6	cluster_6	1.0000
3418	Spectrogram 1	1	854.250000	854.750000	0	0	6	cluster_6	1.0000
3419	Spectrogram 1	1	854.500000	855.000000	0	0	6	cluster_6	1.0000
3420	Spectrogram 1	1	854.750000	855.250000	0	0	6	cluster_6	0.7881
3421	Spectrogram 1	1	855.000000	855.500000	0	0	6	cluster_6	0.8188
3422	Spectrogram 1	1	855.250000	855.750000	0	0	11	cluster_11	0.8044
3423	Spectrogram 1	1	855.500000	856.000000	0	0	noise	cluster_noise	0.0000
3424	Spectrogram 1	1	855.750000	856.250000	0	0	15	cluster_15	1.0000
3425	Spectrogram 1	1	856.000000	856.500000	0	0	6	cluster_6	1.0000
3426	Spectrogram 1	1	856.250000	856.750000	0	0	15	cluster_15	0.9711
3427	Spectrogram 1	1	856.500000	857.000000	0	0	15	cluster_15	0.9924
3428	Spectrogram 1	1	856.750000	857.250000	0	0	6	cluster_6	1.0000
3429	Spectrogram 1	1	857.000000	857.500000	0	0	6	cluster_6	1.0000
3430	Spectrogram 1	1	857.250000	857.750000	0	0	6	cluster_6	1.0000
3431	Spectrogram 1	1	857.500000	858.000000	0	0	6	cluster_6	1.0000
3432	Spectrogram 1	1	857.750000	858.250000	0	0	12	cluster_12	0.8230
3433	Spectrogram 1	1	858.000000	858.500000	0	0	14	cluster_14	1.0000
3434	Spectrogram 1	1	858.250000	858.750000	0	0	14	cluster_14	0.9415
3435	Spectrogram 1	1	858.500000	859.000000	0	0	6	cluster_6	1.0000
3436	Spectrogram 1	1	858.750000	859.250000	0	0	6	cluster_6	1.0000
3437	Spectrogram 1	1	859.000000	859.500000	0	0	6	cluster_6	0.8826
3438	Spectrogram 1	1	859.250000	859.750000	0	0	noise	cluster_noise	0.0000
3439	Spectrogram 1	1	859.500000	860.000000	0	0	6	cluster_6	1.0000
3440	Spectrogram 1	1	859.750000	860.250000	0	0	6	cluster_6	1.0000
3441	Spectrogram 1	1	860.000000	860.500000	0	0	6	cluster_6	0.9299
3442	Spectrogram 1	1	860.250000	860.750000	0	0	6	cluster_6	0.9857
3443	Spectrogram 1	1	860.500000	861.000000	0	0	6	cluster_6	1.0000
3444	Spectrogram 1	1	860.750000	861.250000	0	0	6	cluster_6	1.0000
3445	Spectrogram 1	1	861.000000	861.500000	0	0	6	cluster_6	0.8974
3446	Spectrogram 1	1	861.250000	861.750000	0	0	6	cluster_6	0.8465
3447	Spectrogram 1	1	861.500000	862.000000	0	0	6	cluster_6	1.0000
3448	Spectrogram 1	1	861.750000	862.250000	0	0	6	cluster_6	0.9168
3449	Spectrogram 1	1	862.000000	862.500000	0	0	6	cluster_6	1.0000
3450	Spectrogram 1	1	862.250000	862.750000	0	0	6	cluster_6	1.0000
3451	Spectrogram 1	1	862.500000	863.000000	0	0	6	cluster_6	1.0000
3452	Spectrogram 1	1	862.750000	863.250000	0	0	6	cluster_6	1.0000
3453	Spectrogram 1	1	863.000000	863.500000	0	0	6	cluster_6	1.0000
3454	Spectrogram 1	1	863.250000	863.750000	0	0	6	cluster_6	1.0000
3455	Spectrogram 1	1	863.500000	864.000000	0	0	6	cluster_6	0.7292
3456	Spectrogram 1	1	863.750000	864.250000	0	0	6	cluster_6	1.0000
3457	Spectrogram 1	1	864.000000	864.500000	0	0	6	cluster_6	1.0000
3458	Spectrogram 1	1	864.250000	864.750000	0	0	6	cluster_6	1.0000
3459	Spectrogram 1	1	864.500000	865.000000	0	0	6	cluster_6	1.0000
3460	Spectrogram 1	1	864.750000	865.250000	0	0	6	cluster_6	1.0000
3461	Spectrogram 1	1	865.000000	865.500000	0	0	6	cluster_6	1.0000
3462	Spectrogram 1	1	865.250000	865.750000	0	0	6	cluster_6	1.0000
3463	Spectrogram 1	1	865.500000	866.000000	0	0	6	cluster_6	1.0000
3464	Spectrogram 1	1	865.750000	866.250000	0	0	6	cluster_6	0.9252
3465	Spectrogram 1	1	866.000000	866.500000	0	0	6	cluster_6	0.9261
3466	Spectrogram 1	1	866.250000	866.750000	0	0	6	cluster_6	0.9373
3467	Spectrogram 1	1	866.500000	867.000000	0	0	6	cluster_6	0.9442
3468	Spectrogram 1	1	866.750000	867.250000	0	0	6	cluster_6	0.7733
3469	Spectrogram 1	1	867.000000	867.500000	0	0	6	cluster_6	0.8394
3470	Spectrogram 1	1	867.250000	867.750000	0	0	6	cluster_6	1.0000
3471	Spectrogram 1	1	867.500000	868.000000	0	0	6	cluster_6	0.9795
3472	Spectrogram 1	1	867.750000	868.250000	0	0	6	cluster_6	0.8850
3473	Spectrogram 1	1	868.000000	868.500000	0	0	6	cluster_6	1.0000
3474	Spectrogram 1	1	868.250000	868.750000	0	0	6	cluster_6	1.0000
3475	Spectrogram 1	1	868.500000	869.000000	0	0	6	cluster_6	1.0000
3476	Spectrogram 1	1	868.750000	869.250000	0	0	6	cluster_6	1.0000
3477	Spectrogram 1	1	869.000000	869.500000	0	0	6	cluster_6	1.0000
3478	Spectrogram 1	1	869.250000	869.750000	0	0	6	cluster_6	1.0000
3479	Spectrogram 1	1	869.500000	870.000000	0	0	6	cluster_6	1.0000
3480	Spectrogram 1	1	869.750000	870.250000	0	0	noise	cluster_noise	0.0000
3481	Spectrogram 1	1	870.000000	870.500000	0	0	15	cluster_15	0.9904
3482	Spectrogram 1	1	870.250000	870.750000	0	0	13	cluster_13	0.8667
3483	Spectrogram 1	1	870.500000	871.000000	0	0	13	cluster_13	1.0000
3484	Spectrogram 1	1	870.750000	871.250000	0	0	9	cluster_9	0.7196
3485	Spectrogram 1	1	871.000000	871.500000	0	0	noise	cluster_noise	0.0000
3486	Spectrogram 1	1	871.250000	871.750000	0	0	noise	cluster_noise	0.0000
3487	Spectrogram 1	1	871.500000	872.000000	0	0	6	cluster_6	1.0000
3488	Spectrogram 1	1	871.750000	872.250000	0	0	6	cluster_6	1.0000
3489	Spectrogram 1	1	872.000000	872.500000	0	0	6	cluster_6	0.9200
3490	Spectrogram 1	1	872.250000	872.750000	0	0	6	cluster_6	1.0000
3491	Spectrogram 1	1	872.500000	873.000000	0	0	6	cluster_6	1.0000
3492	Spectrogram 1	1	872.750000	873.250000	0	0	6	cluster_6	1.0000
3493	Spectrogram 1	1	873.000000	873.500000	0	0	6	cluster_6	1.0000
3494	Spectrogram 1	1	873.250000	873.750000	0	0	15	cluster_15	1.0000
3495	Spectrogram 1	1	873.500000	874.000000	0	0	15	cluster_15	0.9824
3496	Spectrogram 1	1	873.750000	874.250000	0	0	13	cluster_13	1.0000
3497	Spectrogram 1	1	874.000000	874.500000	0	0	13	cluster_13	1.0000
3498	Spectrogram 1	1	874.250000	874.750000	0	0	noise	cluster_noise	0.0000
3499	Spectrogram 1	1	874.500000	875.000000	0	0	noise	cluster_noise	0.0000
3500	Spectrogram 1	1	874.750000	875.250000	0	0	noise	cluster_noise	0.0000
3501	Spectrogram 1	1	875.000000	875.500000	0	0	6	cluster_6	1.0000
3502	Spectrogram 1	1	875.250000	875.750000	0	0	6	cluster_6	1.0000
3503	Spectrogram 1	1	875.500000	876.000000	0	0	6	cluster_6	1.0000
3504	Spectrogram 1	1	875.750000	876.250000	0	0	6	cluster_6	1.0000
3505	Spectrogram 1	1	876.000000	876.500000	0	0	6	cluster_6	1.0000
3506	Spectrogram 1	1	876.250000	876.750000	0	0	noise	cluster_noise	0.0000
3507	Spectrogram 1	1	876.500000	877.000000	0	0	15	cluster_15	0.9761
3508	Spectrogram 1	1	876.750000	877.250000	0	0	15	cluster_15	0.9270
3509	Spectrogram 1	1	877.000000	877.500000	0	0	noise	cluster_noise	0.0000
3510	Spectrogram 1	1	877.250000	877.750000	0	0	15	cluster_15	0.9983
3511	Spectrogram 1	1	877.500000	878.000000	0	0	noise	cluster_noise	0.0000
3512	Spectrogram 1	1	877.750000	878.250000	0	0	noise	cluster_noise	0.0000
3513	Spectrogram 1	1	878.000000	878.500000	0	0	6	cluster_6	1.0000
3514	Spectrogram 1	1	878.250000	878.750000	0	0	6	cluster_6	1.0000
3515	Spectrogram 1	1	878.500000	879.000000	0	0	6	cluster_6	1.0000
3516	Spectrogram 1	1	878.750000	879.250000	0	0	6	cluster_6	1.0000
3517	Spectrogram 1	1	879.000000	879.500000	0	0	6	cluster_6	0.8812
3518	Spectrogram 1	1	879.250000	879.750000	0	0	6	cluster_6	1.0000
3519	Spectrogram 1	1	879.500000	880.000000	0	0	6	cluster_6	0.8548
3520	Spectrogram 1	1	879.750000	880.250000	0	0	6	cluster_6	1.0000
3521	Spectrogram 1	1	880.000000	880.500000	0	0	6	cluster_6	1.0000
3522	Spectrogram 1	1	880.250000	880.750000	0	0	6	cluster_6	1.0000
3523	Spectrogram 1	1	880.500000	881.000000	0	0	6	cluster_6	1.0000
3524	Spectrogram 1	1	880.750000	881.250000	0	0	6	cluster_6	1.0000
3525	Spectrogram 1	1	881.000000	881.500000	0	0	noise	cluster_noise	0.0000
3526	Spectrogram 1	1	881.250000	881.750000	0	0	6	cluster_6	0.6325
3527	Spectrogram 1	1	881.500000	882.000000	0	0	6	cluster_6	0.7504
3528	Spectrogram 1	1	881.750000	882.250000	0	0	6	cluster_6	0.8351
3529	Spectrogram 1	1	882.000000	882.500000	0	0	6	cluster_6	0.8112
3530	Spectrogram 1	1	882.250000	882.750000	0	0	6	cluster_6	0.8306
3531	Spectrogram 1	1	882.500000	883.000000	0	0	6	cluster_6	0.8809
3532	Spectrogram 1	1	882.750000	883.250000	0	0	6	cluster_6	0.8986
3533	Spectrogram 1	1	883.000000	883.500000	0	0	noise	cluster_noise	0.0000
3534	Spectrogram 1	1	883.250000	883.750000	0	0	6	cluster_6	1.0000
3535	Spectrogram 1	1	883.500000	884.000000	0	0	6	cluster_6	0.8973
3536	Spectrogram 1	1	883.750000	884.250000	0	0	6	cluster_6	0.7632
3537	Spectrogram 1	1	884.000000	884.500000	0	0	6	cluster_6	0.7623
3538	Spectrogram 1	1	884.250000	884.750000	0	0	1	cluster_1	0.6825
3539	Spectrogram 1	1	884.500000	885.000000	0	0	1	cluster_1	1.0000
3540	Spectrogram 1	1	884.750000	885.250000	0	0	1	cluster_1	0.9944
3541	Spectrogram 1	1	885.000000	885.500000	0	0	1	cluster_1	0.8681
3542	Spectrogram 1	1	885.250000	885.750000	0	0	1	cluster_1	0.9385
3543	Spectrogram 1	1	885.500000	886.000000	0	0	1	cluster_1	0.9592
3544	Spectrogram 1	1	885.750000	886.250000	0	0	1	cluster_1	0.9009
3545	Spectrogram 1	1	886.000000	886.500000	0	0	1	cluster_1	1.0000
3546	Spectrogram 1	1	886.250000	886.750000	0	0	6	cluster_6	0.8873
3547	Spectrogram 1	1	886.500000	887.000000	0	0	6	cluster_6	1.0000
3548	Spectrogram 1	1	886.750000	887.250000	0	0	11	cluster_11	0.8215
3549	Spectrogram 1	1	887.000000	887.500000	0	0	15	cluster_15	1.0000
3550	Spectrogram 1	1	887.250000	887.750000	0	0	noise	cluster_noise	0.0000
3551	Spectrogram 1	1	887.500000	888.000000	0	0	13	cluster_13	0.7258
3552	Spectrogram 1	1	887.750000	888.250000	0	0	15	cluster_15	0.9557
3553	Spectrogram 1	1	888.000000	888.500000	0	0	15	cluster_15	0.9229
3554	Spectrogram 1	1	888.250000	888.750000	0	0	noise	cluster_noise	0.0000
3555	Spectrogram 1	1	888.500000	889.000000	0	0	6	cluster_6	1.0000
3556	Spectrogram 1	1	888.750000	889.250000	0	0	6	cluster_6	1.0000
3557	Spectrogram 1	1	889.000000	889.500000	0	0	6	cluster_6	1.0000
3558	Spectrogram 1	1	889.250000	889.750000	0	0	6	cluster_6	0.9864
3559	Spectrogram 1	1	889.500000	890.000000	0	0	6	cluster_6	1.0000
3560	Spectrogram 1	1	889.750000	890.250000	0	0	6	cluster_6	0.9278
3561	Spectrogram 1	1	890.000000	890.500000	0	0	5	cluster_5	0.5282
3562	Spectrogram 1	1	890.250000	890.750000	0	0	15	cluster_15	1.0000
3563	Spectrogram 1	1	890.500000	891.000000	0	0	noise	cluster_noise	0.0000
3564	Spectrogram 1	1	890.750000	891.250000	0	0	13	cluster_13	0.9531
3565	Spectrogram 1	1	891.000000	891.500000	0	0	13	cluster_13	1.0000
3566	Spectrogram 1	1	891.250000	891.750000	0	0	15	cluster_15	0.9242
3567	Spectrogram 1	1	891.500000	892.000000	0	0	noise	cluster_noise	0.0000
3568	Spectrogram 1	1	891.750000	892.250000	0	0	6	cluster_6	1.0000
3569	Spectrogram 1	1	892.000000	892.500000	0	0	6	cluster_6	1.0000
3570	Spectrogram 1	1	892.250000	892.750000	0	0	6	cluster_6	1.0000
3571	Spectrogram 1	1	892.500000	893.000000	0	0	6	cluster_6	0.9525
3572	Spectrogram 1	1	892.750000	893.250000	0	0	6	cluster_6	1.0000
3573	Spectrogram 1	1	893.000000	893.500000	0	0	6	cluster_6	1.0000
3574	Spectrogram 1	1	893.250000	893.750000	0	0	6	cluster_6	0.9705
3575	Spectrogram 1	1	893.500000	894.000000	0	0	15	cluster_15	0.9268
3576	Spectrogram 1	1	893.750000	894.250000	0	0	15	cluster_15	1.0000
3577	Spectrogram 1	1	894.000000	894.500000	0	0	13	cluster_13	0.6539
3578	Spectrogram 1	1	894.250000	894.750000	0	0	13	cluster_13	0.8792
3579	Spectrogram 1	1	894.500000	895.000000	0	0	noise	cluster_noise	0.0000
3580	Spectrogram 1	1	894.750000	895.250000	0	0	noise	cluster_noise	0.0000
3581	Spectrogram 1	1	895.000000	895.500000	0	0	noise	cluster_noise	0.0000
3582	Spectrogram 1	1	895.250000	895.750000	0	0	6	cluster_6	1.0000
3583	Spectrogram 1	1	895.500000	896.000000	0	0	6	cluster_6	1.0000
3584	Spectrogram 1	1	895.750000	896.250000	0	0	6	cluster_6	1.0000
3585	Spectrogram 1	1	896.000000	896.500000	0	0	1	cluster_1	0.8754
3586	Spectrogram 1	1	896.250000	896.750000	0	0	1	cluster_1	1.0000
3587	Spectrogram 1	1	896.500000	897.000000	0	0	1	cluster_1	1.0000
3588	Spectrogram 1	1	896.750000	897.250000	0	0	1	cluster_1	1.0000
3589	Spectrogram 1	1	897.000000	897.500000	0	0	1	cluster_1	0.9005
3590	Spectrogram 1	1	897.250000	897.750000	0	0	6	cluster_6	0.9697
3591	Spectrogram 1	1	897.500000	898.000000	0	0	6	cluster_6	1.0000
3592	Spectrogram 1	1	897.750000	898.250000	0	0	6	cluster_6	1.0000
3593	Spectrogram 1	1	898.000000	898.500000	0	0	6	cluster_6	1.0000
3594	Spectrogram 1	1	898.250000	898.750000	0	0	6	cluster_6	1.0000
3595	Spectrogram 1	1	898.500000	899.000000	0	0	6	cluster_6	0.8392
3596	Spectrogram 1	1	898.750000	899.250000	0	0	1	cluster_1	1.0000
3597	Spectrogram 1	1	899.000000	899.500000	0	0	1	cluster_1	1.0000
3598	Spectrogram 1	1	899.250000	899.750000	0	0	1	cluster_1	1.0000
3599	Spectrogram 1	1	899.500000	900.000000	0	0	1	cluster_1	1.0000
3600	Spectrogram 1	1	899.750000	900.250000	0	0	1	cluster_1	1.0000
3601	Spectrogram 1	1	900.000000	900.500000	0	0	1	cluster_1	1.0000
3602	Spectrogram 1	1	900.250000	900.750000	0	0	1	cluster_1	1.0000
3603	Spectrogram 1	1	900.500000	901.000000	0	0	1	cluster_1	1.0000
3604	Spectrogram 1	1	900.750000	901.250000	0	0	1	cluster_1	1.0000
3605	Spectrogram 1	1	901.000000	901.500000	0	0	1	cluster_1	0.9863
3606	Spectrogram 1	1	901.250000	901.750000	0	0	1	cluster_1	1.0000
3607	Spectrogram 1	1	901.500000	902.000000	0	0	1	cluster_1	1.0000
3608	Spectrogram 1	1	901.750000	902.250000	0	0	1	cluster_1	1.0000
3609	Spectrogram 1	1	902.000000	902.500000	0	0	1	cluster_1	1.0000
3610	Spectrogram 1	1	902.250000	902.750000	0	0	6	cluster_6	0.9701
3611	Spectrogram 1	1	902.500000	903.000000	0	0	6	cluster_6	1.0000
3612	Spectrogram 1	1	902.750000	903.250000	0	0	6	cluster_6	1.0000
3613	Spectrogram 1	1	903.000000	903.500000	0	0	6	cluster_6	1.0000
3614	Spectrogram 1	1	903.250000	903.750000	0	0	15	cluster_15	1.0000
3615	Spectrogram 1	1	903.500000	904.000000	0	0	noise	cluster_noise	0.0000
3616	Spectrogram 1	1	903.750000	904.250000	0	0	13	cluster_13	1.0000
3617	Spectrogram 1	1	904.000000	904.500000	0	0	13	cluster_13	1.0000
3618	Spectrogram 1	1	904.250000	904.750000	0	0	6	cluster_6	0.9948
3619	Spectrogram 1	1	904.500000	905.000000	0	0	noise	cluster_noise	0.0000
3620	Spectrogram 1	1	904.750000	905.250000	0	0	noise	cluster_noise	0.0000
3621	Spectrogram 1	1	905.000000	905.500000	0	0	6	cluster_6	1.0000
3622	Spectrogram 1	1	905.250000	905.750000	0	0	6	cluster_6	1.0000
3623	Spectrogram 1	1	905.500000	906.000000	0	0	6	cluster_6	0.9119
3624	Spectrogram 1	1	905.750000	906.250000	0	0	6	cluster_6	1.0000
3625	Spectrogram 1	1	906.000000	906.500000	0	0	6	cluster_6	1.0000
3626	Spectrogram 1	1	906.250000	906.750000	0	0	6	cluster_6	1.0000
3627	Spectrogram 1	1	906.500000	907.000000	0	0	15	cluster_15	1.0000
3628	Spectrogram 1	1	906.750000	907.250000	0	0	15	cluster_15	0.9317
3629	Spectrogram 1	1	907.000000	907.500000	0	0	13	cluster_13	1.0000
3630	Spectrogram 1	1	907.250000	907.750000	0	0	13	cluster_13	1.0000
3631	Spectrogram 1	1	907.500000	908.000000	0	0	9	cluster_9	0.8656
3632	Spectrogram 1	1	907.750000	908.250000	0	0	13	cluster_13	1.0000
3633	Spectrogram 1	1	908.000000	908.500000	0	0	13	cluster_13	1.0000
3634	Spectrogram 1	1	908.250000	908.750000	0	0	6	cluster_6	1.0000
3635	Spectrogram 1	1	908.500000	909.000000	0	0	6	cluster_6	1.0000
3636	Spectrogram 1	1	908.750000	909.250000	0	0	6	cluster_6	1.0000
3637	Spectrogram 1	1	909.000000	909.500000	0	0	6	cluster_6	1.0000
3638	Spectrogram 1	1	909.250000	909.750000	0	0	6	cluster_6	1.0000
3639	Spectrogram 1	1	909.500000	910.000000	0	0	15	cluster_15	0.9934
3640	Spectrogram 1	1	909.750000	910.250000	0	0	15	cluster_15	1.0000
3641	Spectrogram 1	1	910.000000	910.500000	0	0	13	cluster_13	0.9511
3642	Spectrogram 1	1	910.250000	910.750000	0	0	13	cluster_13	1.0000
3643	Spectrogram 1	1	910.500000	911.000000	0	0	noise	cluster_noise	0.0000
3644	Spectrogram 1	1	910.750000	911.250000	0	0	noise	cluster_noise	0.0000
3645	Spectrogram 1	1	911.000000	911.500000	0	0	noise	cluster_noise	0.0000
3646	Spectrogram 1	1	911.250000	911.750000	0	0	2	cluster_2	0.4575
3647	Spectrogram 1	1	911.500000	912.000000	0	0	8	cluster_8	0.8981
3648	Spectrogram 1	1	911.750000	912.250000	0	0	6	cluster_6	0.7349
3649	Spectrogram 1	1	912.000000	912.500000	0	0	6	cluster_6	0.6772
3650	Spectrogram 1	1	912.250000	912.750000	0	0	6	cluster_6	1.0000
3651	Spectrogram 1	1	912.500000	913.000000	0	0	6	cluster_6	1.0000
3652	Spectrogram 1	1	912.750000	913.250000	0	0	6	cluster_6	0.9216
3653	Spectrogram 1	1	913.000000	913.500000	0	0	15	cluster_15	1.0000
3654	Spectrogram 1	1	913.250000	913.750000	0	0	15	cluster_15	0.9659
3655	Spectrogram 1	1	913.500000	914.000000	0	0	13	cluster_13	1.0000
3656	Spectrogram 1	1	913.750000	914.250000	0	0	13	cluster_13	1.0000
3657	Spectrogram 1	1	914.000000	914.500000	0	0	noise	cluster_noise	0.0000
3658	Spectrogram 1	1	914.250000	914.750000	0	0	noise	cluster_noise	0.0000
3659	Spectrogram 1	1	914.500000	915.000000	0	0	13	cluster_13	1.0000
3660	Spectrogram 1	1	914.750000	915.250000	0	0	9	cluster_9	0.6148
3661	Spectrogram 1	1	915.000000	915.500000	0	0	6	cluster_6	1.0000
3662	Spectrogram 1	1	915.250000	915.750000	0	0	6	cluster_6	0.9792
3663	Spectrogram 1	1	915.500000	916.000000	0	0	6	cluster_6	1.0000
3664	Spectrogram 1	1	915.750000	916.250000	0	0	15	cluster_15	1.0000
3665	Spectrogram 1	1	916.000000	916.500000	0	0	15	cluster_15	0.9168
3666	Spectrogram 1	1	916.250000	916.750000	0	0	13	cluster_13	1.0000
3667	Spectrogram 1	1	916.500000	917.000000	0	0	13	cluster_13	1.0000
3668	Spectrogram 1	1	916.750000	917.250000	0	0	noise	cluster_noise	0.0000
3669	Spectrogram 1	1	917.000000	917.500000	0	0	noise	cluster_noise	0.0000
3670	Spectrogram 1	1	917.250000	917.750000	0	0	13	cluster_13	0.7969
3671	Spectrogram 1	1	917.500000	918.000000	0	0	13	cluster_13	0.8908
3672	Spectrogram 1	1	917.750000	918.250000	0	0	6	cluster_6	1.0000
3673	Spectrogram 1	1	918.000000	918.500000	0	0	6	cluster_6	0.9146
3674	Spectrogram 1	1	918.250000	918.750000	0	0	6	cluster_6	1.0000
3675	Spectrogram 1	1	918.500000	919.000000	0	0	6	cluster_6	0.7774
3676	Spectrogram 1	1	918.750000	919.250000	0	0	6	cluster_6	1.0000
3677	Spectrogram 1	1	919.000000	919.500000	0	0	noise	cluster_noise	0.0000
3678	Spectrogram 1	1	919.250000	919.750000	0	0	15	cluster_15	1.0000
3679	Spectrogram 1	1	919.500000	920.000000	0	0	15	cluster_15	0.9398
3680	Spectrogram 1	1	919.750000	920.250000	0	0	noise	cluster_noise	0.0000
3681	Spectrogram 1	1	920.000000	920.500000	0	0	13	cluster_13	1.0000
3682	Spectrogram 1	1	920.250000	920.750000	0	0	13	cluster_13	1.0000
3683	Spectrogram 1	1	920.500000	921.000000	0	0	10	cluster_10	0.8065
3684	Spectrogram 1	1	920.750000	921.250000	0	0	13	cluster_13	0.7764
3685	Spectrogram 1	1	921.000000	921.500000	0	0	13	cluster_13	0.9223
3686	Spectrogram 1	1	921.250000	921.750000	0	0	6	cluster_6	1.0000
3687	Spectrogram 1	1	921.500000	922.000000	0	0	6	cluster_6	0.8307
3688	Spectrogram 1	1	921.750000	922.250000	0	0	noise	cluster_noise	0.0000
3689	Spectrogram 1	1	922.000000	922.500000	0	0	15	cluster_15	1.0000
3690	Spectrogram 1	1	922.250000	922.750000	0	0	noise	cluster_noise	0.0000
3691	Spectrogram 1	1	922.500000	923.000000	0	0	13	cluster_13	1.0000
3692	Spectrogram 1	1	922.750000	923.250000	0	0	13	cluster_13	1.0000
3693	Spectrogram 1	1	923.000000	923.500000	0	0	noise	cluster_noise	0.0000
3694	Spectrogram 1	1	923.250000	923.750000	0	0	13	cluster_13	0.7562
3695	Spectrogram 1	1	923.500000	924.000000	0	0	13	cluster_13	0.9438
3696	Spectrogram 1	1	923.750000	924.250000	0	0	6	cluster_6	0.8313
3697	Spectrogram 1	1	924.000000	924.500000	0	0	6	cluster_6	0.9491
3698	Spectrogram 1	1	924.250000	924.750000	0	0	15	cluster_15	1.0000
3699	Spectrogram 1	1	924.500000	925.000000	0	0	15	cluster_15	0.9292
3700	Spectrogram 1	1	924.750000	925.250000	0	0	noise	cluster_noise	0.0000
3701	Spectrogram 1	1	925.000000	925.500000	0	0	noise	cluster_noise	0.0000
3702	Spectrogram 1	1	925.250000	925.750000	0	0	noise	cluster_noise	0.0000
3703	Spectrogram 1	1	925.500000	926.000000	0	0	noise	cluster_noise	0.0000
3704	Spectrogram 1	1	925.750000	926.250000	0	0	noise	cluster_noise	0.0000
3705	Spectrogram 1	1	926.000000	926.500000	0	0	noise	cluster_noise	0.0000
3706	Spectrogram 1	1	926.250000	926.750000	0	0	noise	cluster_noise	0.0000
3707	Spectrogram 1	1	926.500000	927.000000	0	0	noise	cluster_noise	0.0000
3708	Spectrogram 1	1	926.750000	927.250000	0	0	noise	cluster_noise	0.0000
3709	Spectrogram 1	1	927.000000	927.500000	0	0	noise	cluster_noise	0.0000
3710	Spectrogram 1	1	927.250000	927.750000	0	0	noise	cluster_noise	0.0000
3711	Spectrogram 1	1	927.500000	928.000000	0	0	10	cluster_10	0.7993
3712	Spectrogram 1	1	927.750000	928.250000	0	0	10	cluster_10	0.8065
3713	Spectrogram 1	1	928.000000	928.500000	0	0	noise	cluster_noise	0.0000
3714	Spectrogram 1	1	928.250000	928.750000	0	0	noise	cluster_noise	0.0000
3715	Spectrogram 1	1	928.500000	929.000000	0	0	noise	cluster_noise	0.0000
3716	Spectrogram 1	1	928.750000	929.250000	0	0	noise	cluster_noise	0.0000
3717	Spectrogram 1	1	929.000000	929.500000	0	0	noise	cluster_noise	0.0000
3718	Spectrogram 1	1	929.250000	929.750000	0	0	10	cluster_10	0.8065
3719	Spectrogram 1	1	929.500000	930.000000	0	0	10	cluster_10	0.8065
3720	Spectrogram 1	1	929.750000	930.250000	0	0	10	cluster_10	0.8065
3721	Spectrogram 1	1	930.000000	930.500000	0	0	noise	cluster_noise	0.0000
3722	Spectrogram 1	1	930.250000	930.750000	0	0	noise	cluster_noise	0.0000
3723	Spectrogram 1	1	930.500000	931.000000	0	0	10	cluster_10	0.8065
3724	Spectrogram 1	1	930.750000	931.250000	0	0	10	cluster_10	0.8065
3725	Spectrogram 1	1	931.000000	931.500000	0	0	noise	cluster_noise	0.0000
3726	Spectrogram 1	1	931.250000	931.750000	0	0	6	cluster_6	0.8755
3727	Spectrogram 1	1	931.500000	932.000000	0	0	6	cluster_6	0.7822
3728	Spectrogram 1	1	931.750000	932.250000	0	0	6	cluster_6	1.0000
3729	Spectrogram 1	1	932.000000	932.500000	0	0	noise	cluster_noise	0.0000
3730	Spectrogram 1	1	932.250000	932.750000	0	0	9	cluster_9	0.8352
3731	Spectrogram 1	1	932.500000	933.000000	0	0	9	cluster_9	1.0000
3732	Spectrogram 1	1	932.750000	933.250000	0	0	9	cluster_9	1.0000
3733	Spectrogram 1	1	933.000000	933.500000	0	0	9	cluster_9	0.8694
3734	Spectrogram 1	1	933.250000	933.750000	0	0	9	cluster_9	0.9909
3735	Spectrogram 1	1	933.500000	934.000000	0	0	9	cluster_9	0.9684
3736	Spectrogram 1	1	933.750000	934.250000	0	0	9	cluster_9	0.8917
3737	Spectrogram 1	1	934.000000	934.500000	0	0	6	cluster_6	0.9780
3738	Spectrogram 1	1	934.250000	934.750000	0	0	6	cluster_6	1.0000
3739	Spectrogram 1	1	934.500000	935.000000	0	0	6	cluster_6	1.0000
3740	Spectrogram 1	1	934.750000	935.250000	0	0	6	cluster_6	0.9274
3741	Spectrogram 1	1	935.000000	935.500000	0	0	6	cluster_6	0.9663
3742	Spectrogram 1	1	935.250000	935.750000	0	0	6	cluster_6	1.0000
3743	Spectrogram 1	1	935.500000	936.000000	0	0	6	cluster_6	1.0000
3744	Spectrogram 1	1	935.750000	936.250000	0	0	6	cluster_6	1.0000
3745	Spectrogram 1	1	936.000000	936.500000	0	0	6	cluster_6	0.8758
3746	Spectrogram 1	1	936.250000	936.750000	0	0	noise	cluster_noise	0.0000
3747	Spectrogram 1	1	936.500000	937.000000	0	0	10	cluster_10	0.7815
3748	Spectrogram 1	1	936.750000	937.250000	0	0	10	cluster_10	0.8065
3749	Spectrogram 1	1	937.000000	937.500000	0	0	noise	cluster_noise	0.0000
3750	Spectrogram 1	1	937.250000	937.750000	0	0	noise	cluster_noise	0.0000
3751	Spectrogram 1	1	937.500000	938.000000	0	0	noise	cluster_noise	0.0000
3752	Spectrogram 1	1	937.750000	938.250000	0	0	13	cluster_13	0.7124
3753	Spectrogram 1	1	938.000000	938.500000	0	0	noise	cluster_noise	0.0000
3754	Spectrogram 1	1	938.250000	938.750000	0	0	noise	cluster_noise	0.0000
3755	Spectrogram 1	1	938.500000	939.000000	0	0	6	cluster_6	1.0000
3756	Spectrogram 1	1	938.750000	939.250000	0	0	6	cluster_6	0.7607
3757	Spectrogram 1	1	939.000000	939.500000	0	0	10	cluster_10	0.8065
3758	Spectrogram 1	1	939.250000	939.750000	0	0	noise	cluster_noise	0.0000
3759	Spectrogram 1	1	939.500000	940.000000	0	0	noise	cluster_noise	0.0000
3760	Spectrogram 1	1	939.750000	940.250000	0	0	noise	cluster_noise	0.0000
3761	Spectrogram 1	1	940.000000	940.500000	0	0	10	cluster_10	0.8065
3762	Spectrogram 1	1	940.250000	940.750000	0	0	10	cluster_10	0.8065
3763	Spectrogram 1	1	940.500000	941.000000	0	0	10	cluster_10	0.8065
3764	Spectrogram 1	1	940.750000	941.250000	0	0	10	cluster_10	0.8108
3765	Spectrogram 1	1	941.000000	941.500000	0	0	10	cluster_10	0.8065
3766	Spectrogram 1	1	941.250000	941.750000	0	0	10	cluster_10	0.8065
3767	Spectrogram 1	1	941.500000	942.000000	0	0	6	cluster_6	1.0000
3768	Spectrogram 1	1	941.750000	942.250000	0	0	6	cluster_6	0.6236
3769	Spectrogram 1	1	942.000000	942.500000	0	0	noise	cluster_noise	0.0000
3770	Spectrogram 1	1	942.250000	942.750000	0	0	6	cluster_6	0.6153
3771	Spectrogram 1	1	942.500000	943.000000	0	0	6	cluster_6	0.7972
3772	Spectrogram 1	1	942.750000	943.250000	0	0	10	cluster_10	0.8065
3773	Spectrogram 1	1	943.000000	943.500000	0	0	noise	cluster_noise	0.0000
3774	Spectrogram 1	1	943.250000	943.750000	0	0	noise	cluster_noise	0.0000
3775	Spectrogram 1	1	943.500000	944.000000	0	0	noise	cluster_noise	0.0000
3776	Spectrogram 1	1	943.750000	944.250000	0	0	noise	cluster_noise	0.0000
3777	Spectrogram 1	1	944.000000	944.500000	0	0	noise	cluster_noise	0.0000
3778	Spectrogram 1	1	944.250000	944.750000	0	0	noise	cluster_noise	0.0000
3779	Spectrogram 1	1	944.500000	945.000000	0	0	10	cluster_10	0.7754
3780	Spectrogram 1	1	944.750000	945.250000	0	0	10	cluster_10	0.7760
3781	Spectrogram 1	1	945.000000	945.500000	0	0	10	cluster_10	0.7888
3782	Spectrogram 1	1	945.250000	945.750000	0	0	10	cluster_10	0.8065
3783	Spectrogram 1	1	945.500000	946.000000	0	0	noise	cluster_noise	0.0000
3784	Spectrogram 1	1	945.750000	946.250000	0	0	noise	cluster_noise	0.0000
3785	Spectrogram 1	1	946.000000	946.500000	0	0	10	cluster_10	0.8065
3786	Spectrogram 1	1	946.250000	946.750000	0	0	10	cluster_10	0.8065
3787	Spectrogram 1	1	946.500000	947.000000	0	0	10	cluster_10	0.8065
3788	Spectrogram 1	1	946.750000	947.250000	0	0	10	cluster_10	0.8065
3789	Spectrogram 1	1	947.000000	947.500000	0	0	noise	cluster_noise	0.0000
3790	Spectrogram 1	1	947.250000	947.750000	0	0	10	cluster_10	0.8155
3791	Spectrogram 1	1	947.500000	948.000000	0	0	10	cluster_10	0.8136
3792	Spectrogram 1	1	947.750000	948.250000	0	0	noise	cluster_noise	0.0000
3793	Spectrogram 1	1	948.000000	948.500000	0	0	noise	cluster_noise	0.0000
3794	Spectrogram 1	1	948.250000	948.750000	0	0	noise	cluster_noise	0.0000
3795	Spectrogram 1	1	948.500000	949.000000	0	0	10	cluster_10	1.0000
3796	Spectrogram 1	1	948.750000	949.250000	0	0	6	cluster_6	1.0000
3797	Spectrogram 1	1	949.000000	949.500000	0	0	6	cluster_6	0.9789
3798	Spectrogram 1	1	949.250000	949.750000	0	0	6	cluster_6	1.0000
3799	Spectrogram 1	1	949.500000	950.000000	0	0	9	cluster_9	0.6820
3800	Spectrogram 1	1	949.750000	950.250000	0	0	9	cluster_9	0.8978
3801	Spectrogram 1	1	950.000000	950.500000	0	0	9	cluster_9	1.0000
3802	Spectrogram 1	1	950.250000	950.750000	0	0	9	cluster_9	1.0000
3803	Spectrogram 1	1	950.500000	951.000000	0	0	9	cluster_9	0.8548
3804	Spectrogram 1	1	950.750000	951.250000	0	0	9	cluster_9	0.8829
3805	Spectrogram 1	1	951.000000	951.500000	0	0	9	cluster_9	0.8137
3806	Spectrogram 1	1	951.250000	951.750000	0	0	noise	cluster_noise	0.0000
3807	Spectrogram 1	1	951.500000	952.000000	0	0	noise	cluster_noise	0.0000
3808	Spectrogram 1	1	951.750000	952.250000	0	0	6	cluster_6	0.9938
3809	Spectrogram 1	1	952.000000	952.500000	0	0	6	cluster_6	0.9691
3810	Spectrogram 1	1	952.250000	952.750000	0	0	6	cluster_6	0.9561
3811	Spectrogram 1	1	952.500000	953.000000	0	0	6	cluster_6	0.9572
3812	Spectrogram 1	1	952.750000	953.250000	0	0	6	cluster_6	1.0000
3813	Spectrogram 1	1	953.000000	953.500000	0	0	6	cluster_6	1.0000
3814	Spectrogram 1	1	953.250000	953.750000	0	0	6	cluster_6	1.0000
3815	Spectrogram 1	1	953.500000	954.000000	0	0	6	cluster_6	1.0000
3816	Spectrogram 1	1	953.750000	954.250000	0	0	6	cluster_6	1.0000
3817	Spectrogram 1	1	954.000000	954.500000	0	0	noise	cluster_noise	0.0000
3818	Spectrogram 1	1	954.250000	954.750000	0	0	10	cluster_10	0.8065
3819	Spectrogram 1	1	954.500000	955.000000	0	0	10	cluster_10	0.8065
3820	Spectrogram 1	1	954.750000	955.250000	0	0	noise	cluster_noise	0.0000
3821	Spectrogram 1	1	955.000000	955.500000	0	0	10	cluster_10	0.7892
3822	Spectrogram 1	1	955.250000	955.750000	0	0	10	cluster_10	0.8065
3823	Spectrogram 1	1	955.500000	956.000000	0	0	10	cluster_10	0.7719
3824	Spectrogram 1	1	955.750000	956.250000	0	0	10	cluster_10	0.8117
3825	Spectrogram 1	1	956.000000	956.500000	0	0	10	cluster_10	0.9284
3826	Spectrogram 1	1	956.250000	956.750000	0	0	10	cluster_10	0.9195
3827	Spectrogram 1	1	956.500000	957.000000	0	0	10	cluster_10	0.7894
3828	Spectrogram 1	1	956.750000	957.250000	0	0	10	cluster_10	0.8749
3829	Spectrogram 1	1	957.000000	957.500000	0	0	10	cluster_10	1.0000
3830	Spectrogram 1	1	957.250000	957.750000	0	0	10	cluster_10	0.8826
3831	Spectrogram 1	1	957.500000	958.000000	0	0	10	cluster_10	0.8065
3832	Spectrogram 1	1	957.750000	958.250000	0	0	noise	cluster_noise	0.0000
3833	Spectrogram 1	1	958.000000	958.500000	0	0	10	cluster_10	0.7903
3834	Spectrogram 1	1	958.250000	958.750000	0	0	10	cluster_10	0.8065
3835	Spectrogram 1	1	958.500000	959.000000	0	0	10	cluster_10	0.8065
3836	Spectrogram 1	1	958.750000	959.250000	0	0	10	cluster_10	0.7729
3837	Spectrogram 1	1	959.000000	959.500000	0	0	noise	cluster_noise	0.0000
3838	Spectrogram 1	1	959.250000	959.750000	0	0	10	cluster_10	0.8065
3839	Spectrogram 1	1	959.500000	960.000000	0	0	10	cluster_10	0.8065
3840	Spectrogram 1	1	959.750000	960.250000	0	0	noise	cluster_noise	0.0000
3841	Spectrogram 1	1	960.000000	960.500000	0	0	10	cluster_10	0.8133
3842	Spectrogram 1	1	960.250000	960.750000	0	0	10	cluster_10	0.8517
3843	Spectrogram 1	1	960.500000	961.000000	0	0	10	cluster_10	0.9405
3844	Spectrogram 1	1	960.750000	961.250000	0	0	noise	cluster_noise	0.0000
3845	Spectrogram 1	1	961.000000	961.500000	0	0	10	cluster_10	0.8460
3846	Spectrogram 1	1	961.250000	961.750000	0	0	10	cluster_10	1.0000
3847	Spectrogram 1	1	961.500000	962.000000	0	0	6	cluster_6	1.0000
3848	Spectrogram 1	1	961.750000	962.250000	0	0	6	cluster_6	0.7408
3849	Spectrogram 1	1	962.000000	962.500000	0	0	10	cluster_10	0.8065
3850	Spectrogram 1	1	962.250000	962.750000	0	0	10	cluster_10	0.8065
3851	Spectrogram 1	1	962.500000	963.000000	0	0	noise	cluster_noise	0.0000
3852	Spectrogram 1	1	962.750000	963.250000	0	0	noise	cluster_noise	0.0000
3853	Spectrogram 1	1	963.000000	963.500000	0	0	10	cluster_10	0.8046
3854	Spectrogram 1	1	963.250000	963.750000	0	0	10	cluster_10	0.9126
3855	Spectrogram 1	1	963.500000	964.000000	0	0	10	cluster_10	1.0000
3856	Spectrogram 1	1	963.750000	964.250000	0	0	10	cluster_10	0.8679
3857	Spectrogram 1	1	964.000000	964.500000	0	0	10	cluster_10	0.8196
3858	Spectrogram 1	1	964.250000	964.750000	0	0	10	cluster_10	1.0000
3859	Spectrogram 1	1	964.500000	965.000000	0	0	10	cluster_10	1.0000
3860	Spectrogram 1	1	964.750000	965.250000	0	0	10	cluster_10	1.0000
3861	Spectrogram 1	1	965.000000	965.500000	0	0	10	cluster_10	1.0000
3862	Spectrogram 1	1	965.250000	965.750000	0	0	10	cluster_10	1.0000
3863	Spectrogram 1	1	965.500000	966.000000	0	0	10	cluster_10	1.0000
3864	Spectrogram 1	1	965.750000	966.250000	0	0	10	cluster_10	1.0000
3865	Spectrogram 1	1	966.000000	966.500000	0	0	10	cluster_10	0.9735
3866	Spectrogram 1	1	966.250000	966.750000	0	0	10	cluster_10	1.0000
3867	Spectrogram 1	1	966.500000	967.000000	0	0	6	cluster_6	0.9659
3868	Spectrogram 1	1	966.750000	967.250000	0	0	6	cluster_6	0.8466
3869	Spectrogram 1	1	967.000000	967.500000	0	0	noise	cluster_noise	0.0000
3870	Spectrogram 1	1	967.250000	967.750000	0	0	9	cluster_9	0.6982
3871	Spectrogram 1	1	967.500000	968.000000	0	0	9	cluster_9	0.7585
3872	Spectrogram 1	1	967.750000	968.250000	0	0	9	cluster_9	0.7985
3873	Spectrogram 1	1	968.000000	968.500000	0	0	9	cluster_9	0.9603
3874	Spectrogram 1	1	968.250000	968.750000	0	0	9	cluster_9	1.0000
3875	Spectrogram 1	1	968.500000	969.000000	0	0	9	cluster_9	0.7696
3876	Spectrogram 1	1	968.750000	969.250000	0	0	9	cluster_9	0.9575
3877	Spectrogram 1	1	969.000000	969.500000	0	0	9	cluster_9	0.7895
3878	Spectrogram 1	1	969.250000	969.750000	0	0	noise	cluster_noise	0.0000
3879	Spectrogram 1	1	969.500000	970.000000	0	0	6	cluster_6	0.6755
3880	Spectrogram 1	1	969.750000	970.250000	0	0	6	cluster_6	0.9417
3881	Spectrogram 1	1	970.000000	970.500000	0	0	noise	cluster_noise	0.0000
3882	Spectrogram 1	1	970.250000	970.750000	0	0	9	cluster_9	0.6047
3883	Spectrogram 1	1	970.500000	971.000000	0	0	9	cluster_9	0.7048
3884	Spectrogram 1	1	970.750000	971.250000	0	0	9	cluster_9	0.9117
3885	Spectrogram 1	1	971.000000	971.500000	0	0	9	cluster_9	1.0000
3886	Spectrogram 1	1	971.250000	971.750000	0	0	9	cluster_9	1.0000
3887	Spectrogram 1	1	971.500000	972.000000	0	0	9	cluster_9	0.9171
3888	Spectrogram 1	1	971.750000	972.250000	0	0	9	cluster_9	0.9947
3889	Spectrogram 1	1	972.000000	972.500000	0	0	9	cluster_9	0.7425
3890	Spectrogram 1	1	972.250000	972.750000	0	0	8	cluster_8	0.8961
3891	Spectrogram 1	1	972.500000	973.000000	0	0	noise	cluster_noise	0.0000
3892	Spectrogram 1	1	972.750000	973.250000	0	0	6	cluster_6	0.7282
3893	Spectrogram 1	1	973.000000	973.500000	0	0	noise	cluster_noise	0.0000
3894	Spectrogram 1	1	973.250000	973.750000	0	0	5	cluster_5	0.5416
3895	Spectrogram 1	1	973.500000	974.000000	0	0	5	cluster_5	0.5204
3896	Spectrogram 1	1	973.750000	974.250000	0	0	5	cluster_5	0.5082
3897	Spectrogram 1	1	974.000000	974.500000	0	0	5	cluster_5	0.5260
3898	Spectrogram 1	1	974.250000	974.750000	0	0	noise	cluster_noise	0.0000
3899	Spectrogram 1	1	974.500000	975.000000	0	0	5	cluster_5	0.5308
3900	Spectrogram 1	1	974.750000	975.250000	0	0	5	cluster_5	0.5551
3901	Spectrogram 1	1	975.000000	975.500000	0	0	5	cluster_5	0.5710
3902	Spectrogram 1	1	975.250000	975.750000	0	0	5	cluster_5	0.9438
3903	Spectrogram 1	1	975.500000	976.000000	0	0	6	cluster_6	0.9110
3904	Spectrogram 1	1	975.750000	976.250000	0	0	6	cluster_6	0.8799
3905	Spectrogram 1	1	976.000000	976.500000	0	0	10	cluster_10	1.0000
3906	Spectrogram 1	1	976.250000	976.750000	0	0	6	cluster_6	1.0000
3907	Spectrogram 1	1	976.500000	977.000000	0	0	6	cluster_6	1.0000
3908	Spectrogram 1	1	976.750000	977.250000	0	0	6	cluster_6	1.0000
3909	Spectrogram 1	1	977.000000	977.500000	0	0	6	cluster_6	1.0000
3910	Spectrogram 1	1	977.250000	977.750000	0	0	6	cluster_6	1.0000
3911	Spectrogram 1	1	977.500000	978.000000	0	0	noise	cluster_noise	0.0000
3912	Spectrogram 1	1	977.750000	978.250000	0	0	10	cluster_10	1.0000
3913	Spectrogram 1	1	978.000000	978.500000	0	0	10	cluster_10	1.0000
3914	Spectrogram 1	1	978.250000	978.750000	0	0	10	cluster_10	1.0000
3915	Spectrogram 1	1	978.500000	979.000000	0	0	10	cluster_10	1.0000
3916	Spectrogram 1	1	978.750000	979.250000	0	0	10	cluster_10	1.0000
3917	Spectrogram 1	1	979.000000	979.500000	0	0	10	cluster_10	1.0000
3918	Spectrogram 1	1	979.250000	979.750000	0	0	10	cluster_10	1.0000
3919	Spectrogram 1	1	979.500000	980.000000	0	0	10	cluster_10	1.0000
3920	Spectrogram 1	1	979.750000	980.250000	0	0	10	cluster_10	1.0000
3921	Spectrogram 1	1	980.000000	980.500000	0	0	6	cluster_6	0.8719
3922	Spectrogram 1	1	980.250000	980.750000	0	0	6	cluster_6	0.8758
3923	Spectrogram 1	1	980.500000	981.000000	0	0	noise	cluster_noise	0.0000
3924	Spectrogram 1	1	980.750000	981.250000	0	0	noise	cluster_noise	0.0000
3925	Spectrogram 1	1	981.000000	981.500000	0	0	9	cluster_9	0.7087
3926	Spectrogram 1	1	981.250000	981.750000	0	0	9	cluster_9	0.9328
3927	Spectrogram 1	1	981.500000	982.000000	0	0	9	cluster_9	0.9989
3928	Spectrogram 1	1	981.750000	982.250000	0	0	9	cluster_9	1.0000
3929	Spectrogram 1	1	982.000000	982.500000	0	0	9	cluster_9	0.8750
3930	Spectrogram 1	1	982.250000	982.750000	0	0	9	cluster_9	1.0000
3931	Spectrogram 1	1	982.500000	983.000000	0	0	9	cluster_9	1.0000
3932	Spectrogram 1	1	982.750000	983.250000	0	0	noise	cluster_noise	0.0000
3933	Spectrogram 1	1	983.000000	983.500000	0	0	6	cluster_6	1.0000
3934	Spectrogram 1	1	983.250000	983.750000	0	0	noise	cluster_noise	0.0000
3935	Spectrogram 1	1	983.500000	984.000000	0	0	noise	cluster_noise	0.0000
3936	Spectrogram 1	1	983.750000	984.250000	0	0	9	cluster_9	0.8258
3937	Spectrogram 1	1	984.000000	984.500000	0	0	9	cluster_9	0.9662
3938	Spectrogram 1	1	984.250000	984.750000	0	0	9	cluster_9	1.0000
3939	Spectrogram 1	1	984.500000	985.000000	0	0	9	cluster_9	0.8048
3940	Spectrogram 1	1	984.750000	985.250000	0	0	9	cluster_9	0.8114
3941	Spectrogram 1	1	985.000000	985.500000	0	0	9	cluster_9	0.8289
3942	Spectrogram 1	1	985.250000	985.750000	0	0	9	cluster_9	0.5634
3943	Spectrogram 1	1	985.500000	986.000000	0	0	6	cluster_6	0.9856
3944	Spectrogram 1	1	985.750000	986.250000	0	0	6	cluster_6	1.0000
3945	Spectrogram 1	1	986.000000	986.500000	0	0	6	cluster_6	1.0000
3946	Spectrogram 1	1	986.250000	986.750000	0	0	6	cluster_6	1.0000
3947	Spectrogram 1	1	986.500000	987.000000	0	0	5	cluster_5	0.8684
3948	Spectrogram 1	1	986.750000	987.250000	0	0	5	cluster_5	1.0000
3949	Spectrogram 1	1	987.000000	987.500000	0	0	5	cluster_5	1.0000
3950	Spectrogram 1	1	987.250000	987.750000	0	0	5	cluster_5	0.9017
3951	Spectrogram 1	1	987.500000	988.000000	0	0	5	cluster_5	0.9263
3952	Spectrogram 1	1	987.750000	988.250000	0	0	5	cluster_5	0.8973
3953	Spectrogram 1	1	988.000000	988.500000	0	0	5	cluster_5	0.9570
3954	Spectrogram 1	1	988.250000	988.750000	0	0	5	cluster_5	0.9967
3955	Spectrogram 1	1	988.500000	989.000000	0	0	5	cluster_5	1.0000
3956	Spectrogram 1	1	988.750000	989.250000	0	0	5	cluster_5	0.9131
3957	Spectrogram 1	1	989.000000	989.500000	0	0	5	cluster_5	0.9874
3958	Spectrogram 1	1	989.250000	989.750000	0	0	5	cluster_5	1.0000
3959	Spectrogram 1	1	989.500000	990.000000	0	0	6	cluster_6	0.8100
3960	Spectrogram 1	1	989.750000	990.250000	0	0	6	cluster_6	1.0000
3961	Spectrogram 1	1	990.000000	990.500000	0	0	6	cluster_6	1.0000
3962	Spectrogram 1	1	990.250000	990.750000	0	0	6	cluster_6	0.9997
3963	Spectrogram 1	1	990.500000	991.000000	0	0	10	cluster_10	0.8304
3964	Spectrogram 1	1	990.750000	991.250000	0	0	10	cluster_10	1.0000
3965	Spectrogram 1	1	991.000000	991.500000	0	0	10	cluster_10	0.9339
3966	Spectrogram 1	1	991.250000	991.750000	0	0	10	cluster_10	1.0000
3967	Spectrogram 1	1	991.500000	992.000000	0	0	10	cluster_10	0.8430
3968	Spectrogram 1	1	991.750000	992.250000	0	0	10	cluster_10	1.0000
3969	Spectrogram 1	1	992.000000	992.500000	0	0	10	cluster_10	1.0000
3970	Spectrogram 1	1	992.250000	992.750000	0	0	10	cluster_10	1.0000
3971	Spectrogram 1	1	992.500000	993.000000	0	0	10	cluster_10	1.0000
3972	Spectrogram 1	1	992.750000	993.250000	0	0	10	cluster_10	1.0000
3973	Spectrogram 1	1	993.000000	993.500000	0	0	10	cluster_10	0.9582
3974	Spectrogram 1	1	993.250000	993.750000	0	0	10	cluster_10	1.0000
3975	Spectrogram 1	1	993.500000	994.000000	0	0	6	cluster_6	0.8606
3976	Spectrogram 1	1	993.750000	994.250000	0	0	6	cluster_6	1.0000
3977	Spectrogram 1	1	994.000000	994.500000	0	0	noise	cluster_noise	0.0000
3978	Spectrogram 1	1	994.250000	994.750000	0	0	noise	cluster_noise	0.0000
3979	Spectrogram 1	1	994.500000	995.000000	0	0	9	cluster_9	0.6356
3980	Spectrogram 1	1	994.750000	995.250000	0	0	9	cluster_9	1.0000
3981	Spectrogram 1	1	995.000000	995.500000	0	0	9	cluster_9	0.9500
3982	Spectrogram 1	1	995.250000	995.750000	0	0	9	cluster_9	0.8274
3983	Spectrogram 1	1	995.500000	996.000000	0	0	9	cluster_9	0.9376
3984	Spectrogram 1	1	995.750000	996.250000	0	0	9	cluster_9	0.9338
3985	Spectrogram 1	1	996.000000	996.500000	0	0	noise	cluster_noise	0.0000
3986	Spectrogram 1	1	996.250000	996.750000	0	0	6	cluster_6	1.0000
3987	Spectrogram 1	1	996.500000	997.000000	0	0	6	cluster_6	1.0000
3988	Spectrogram 1	1	996.750000	997.250000	0	0	noise	cluster_noise	0.0000
3989	Spectrogram 1	1	997.000000	997.500000	0	0	noise	cluster_noise	0.0000
3990	Spectrogram 1	1	997.250000	997.750000	0	0	9	cluster_9	0.8361
3991	Spectrogram 1	1	997.500000	998.000000	0	0	9	cluster_9	1.0000
3992	Spectrogram 1	1	997.750000	998.250000	0	0	9	cluster_9	0.8302
3993	Spectrogram 1	1	998.000000	998.500000	0	0	9	cluster_9	0.7678
3994	Spectrogram 1	1	998.250000	998.750000	0	0	9	cluster_9	0.7901
3995	Spectrogram 1	1	998.500000	999.000000	0	0	9	cluster_9	0.6754
3996	Spectrogram 1	1	998.750000	999.250000	0	0	noise	cluster_noise	0.0000
3997	Spectrogram 1	1	999.000000	999.500000	0	0	6	cluster_6	0.8765
3998	Spectrogram 1	1	999.250000	999.750000	0	0	6	cluster_6	1.0000
3999	Spectrogram 1	1	999.500000	1000.000000	0	0	6	cluster_6	1.0000
4000	Spectrogram 1	1	999.750000	1000.250000	0	0	6	cluster_6	0.9869
4001	Spectrogram 1	1	1000.000000	1000.500000	0	0	5	cluster_5	0.6587
4002	Spectrogram 1	1	1000.250000	1000.750000	0	0	5	cluster_5	0.6819
4003	Spectrogram 1	1	1000.500000	1001.000000	0	0	5	cluster_5	1.0000
4004	Spectrogram 1	1	1000.750000	1001.250000	0	0	5	cluster_5	1.0000
4005	Spectrogram 1	1	1001.000000	1001.500000	0	0	5	cluster_5	0.8627
4006	Spectrogram 1	1	1001.250000	1001.750000	0	0	5	cluster_5	1.0000
4007	Spectrogram 1	1	1001.500000	1002.000000	0	0	5	cluster_5	1.0000
4008	Spectrogram 1	1	1001.750000	1002.250000	0	0	5	cluster_5	0.9987
4009	Spectrogram 1	1	1002.000000	1002.500000	0	0	5	cluster_5	0.8277
4010	Spectrogram 1	1	1002.250000	1002.750000	0	0	5	cluster_5	1.0000
4011	Spectrogram 1	1	1002.500000	1003.000000	0	0	5	cluster_5	1.0000
4012	Spectrogram 1	1	1002.750000	1003.250000	0	0	6	cluster_6	0.8644
4013	Spectrogram 1	1	1003.000000	1003.500000	0	0	6	cluster_6	0.9446
4014	Spectrogram 1	1	1003.250000	1003.750000	0	0	6	cluster_6	0.9790
4015	Spectrogram 1	1	1003.500000	1004.000000	0	0	6	cluster_6	0.8888
4016	Spectrogram 1	1	1003.750000	1004.250000	0	0	noise	cluster_noise	0.0000
4017	Spectrogram 1	1	1004.000000	1004.500000	0	0	10	cluster_10	0.8231
4018	Spectrogram 1	1	1004.250000	1004.750000	0	0	10	cluster_10	1.0000
4019	Spectrogram 1	1	1004.500000	1005.000000	0	0	10	cluster_10	1.0000
4020	Spectrogram 1	1	1004.750000	1005.250000	0	0	10	cluster_10	1.0000
4021	Spectrogram 1	1	1005.000000	1005.500000	0	0	10	cluster_10	1.0000
4022	Spectrogram 1	1	1005.250000	1005.750000	0	0	10	cluster_10	1.0000
4023	Spectrogram 1	1	1005.500000	1006.000000	0	0	10	cluster_10	1.0000
4024	Spectrogram 1	1	1005.750000	1006.250000	0	0	10	cluster_10	1.0000
4025	Spectrogram 1	1	1006.000000	1006.500000	0	0	10	cluster_10	1.0000
4026	Spectrogram 1	1	1006.250000	1006.750000	0	0	6	cluster_6	1.0000
4027	Spectrogram 1	1	1006.500000	1007.000000	0	0	6	cluster_6	1.0000
4028	Spectrogram 1	1	1006.750000	1007.250000	0	0	6	cluster_6	1.0000
4029	Spectrogram 1	1	1007.000000	1007.500000	0	0	6	cluster_6	1.0000
4030	Spectrogram 1	1	1007.250000	1007.750000	0	0	9	cluster_9	0.6738
4031	Spectrogram 1	1	1007.500000	1008.000000	0	0	9	cluster_9	0.7474
4032	Spectrogram 1	1	1007.750000	1008.250000	0	0	9	cluster_9	1.0000
4033	Spectrogram 1	1	1008.000000	1008.500000	0	0	9	cluster_9	0.9843
4034	Spectrogram 1	1	1008.250000	1008.750000	0	0	9	cluster_9	0.9446
4035	Spectrogram 1	1	1008.500000	1009.000000	0	0	9	cluster_9	0.9358
4036	Spectrogram 1	1	1008.750000	1009.250000	0	0	9	cluster_9	0.8358
4037	Spectrogram 1	1	1009.000000	1009.500000	0	0	9	cluster_9	0.9181
4038	Spectrogram 1	1	1009.250000	1009.750000	0	0	9	cluster_9	0.7009
4039	Spectrogram 1	1	1009.500000	1010.000000	0	0	8	cluster_8	0.9902
4040	Spectrogram 1	1	1009.750000	1010.250000	0	0	5	cluster_5	0.5243
4041	Spectrogram 1	1	1010.000000	1010.500000	0	0	5	cluster_5	1.0000
4042	Spectrogram 1	1	1010.250000	1010.750000	0	0	9	cluster_9	0.7474
4043	Spectrogram 1	1	1010.500000	1011.000000	0	0	9	cluster_9	0.6216
4044	Spectrogram 1	1	1010.750000	1011.250000	0	0	9	cluster_9	0.8745
4045	Spectrogram 1	1	1011.000000	1011.500000	0	0	9	cluster_9	0.8966
4046	Spectrogram 1	1	1011.250000	1011.750000	0	0	9	cluster_9	0.7706
4047	Spectrogram 1	1	1011.500000	1012.000000	0	0	9	cluster_9	0.8665
4048	Spectrogram 1	1	1011.750000	1012.250000	0	0	8	cluster_8	1.0000
4049	Spectrogram 1	1	1012.000000	1012.500000	0	0	8	cluster_8	1.0000
4050	Spectrogram 1	1	1012.250000	1012.750000	0	0	6	cluster_6	0.9703
4051	Spectrogram 1	1	1012.500000	1013.000000	0	0	8	cluster_8	1.0000
4052	Spectrogram 1	1	1012.750000	1013.250000	0	0	8	cluster_8	1.0000
4053	Spectrogram 1	1	1013.000000	1013.500000	0	0	6	cluster_6	1.0000
4054	Spectrogram 1	1	1013.250000	1013.750000	0	0	6	cluster_6	1.0000
4055	Spectrogram 1	1	1013.500000	1014.000000	0	0	5	cluster_5	1.0000
4056	Spectrogram 1	1	1013.750000	1014.250000	0	0	5	cluster_5	0.9930
4057	Spectrogram 1	1	1014.000000	1014.500000	0	0	5	cluster_5	1.0000
4058	Spectrogram 1	1	1014.250000	1014.750000	0	0	5	cluster_5	1.0000
4059	Spectrogram 1	1	1014.500000	1015.000000	0	0	5	cluster_5	1.0000
4060	Spectrogram 1	1	1014.750000	1015.250000	0	0	5	cluster_5	0.8936
4061	Spectrogram 1	1	1015.000000	1015.500000	0	0	5	cluster_5	1.0000
4062	Spectrogram 1	1	1015.250000	1015.750000	0	0	5	cluster_5	0.9856
4063	Spectrogram 1	1	1015.500000	1016.000000	0	0	5	cluster_5	1.0000
4064	Spectrogram 1	1	1015.750000	1016.250000	0	0	5	cluster_5	0.9779
4065	Spectrogram 1	1	1016.000000	1016.500000	0	0	5	cluster_5	0.7023
4066	Spectrogram 1	1	1016.250000	1016.750000	0	0	6	cluster_6	0.9570
4067	Spectrogram 1	1	1016.500000	1017.000000	0	0	6	cluster_6	1.0000
4068	Spectrogram 1	1	1016.750000	1017.250000	0	0	6	cluster_6	1.0000
4069	Spectrogram 1	1	1017.000000	1017.500000	0	0	10	cluster_10	0.8111
4070	Spectrogram 1	1	1017.250000	1017.750000	0	0	10	cluster_10	1.0000
4071	Spectrogram 1	1	1017.500000	1018.000000	0	0	10	cluster_10	1.0000
4072	Spectrogram 1	1	1017.750000	1018.250000	0	0	10	cluster_10	1.0000
4073	Spectrogram 1	1	1018.000000	1018.500000	0	0	10	cluster_10	1.0000
4074	Spectrogram 1	1	1018.250000	1018.750000	0	0	10	cluster_10	1.0000
4075	Spectrogram 1	1	1018.500000	1019.000000	0	0	noise	cluster_noise	0.0000
4076	Spectrogram 1	1	1018.750000	1019.250000	0	0	10	cluster_10	1.0000
4077	Spectrogram 1	1	1019.000000	1019.500000	0	0	10	cluster_10	1.0000
4078	Spectrogram 1	1	1019.250000	1019.750000	0	0	6	cluster_6	0.7773
4079	Spectrogram 1	1	1019.500000	1020.000000	0	0	6	cluster_6	1.0000
4080	Spectrogram 1	1	1019.750000	1020.250000	0	0	6	cluster_6	0.8614
4081	Spectrogram 1	1	1020.000000	1020.500000	0	0	5	cluster_5	0.9429
4082	Spectrogram 1	1	1020.250000	1020.750000	0	0	noise	cluster_noise	0.0000
4083	Spectrogram 1	1	1020.500000	1021.000000	0	0	9	cluster_9	0.7474
4084	Spectrogram 1	1	1020.750000	1021.250000	0	0	9	cluster_9	0.9217
4085	Spectrogram 1	1	1021.000000	1021.500000	0	0	9	cluster_9	0.8822
4086	Spectrogram 1	1	1021.250000	1021.750000	0	0	9	cluster_9	0.9448
4087	Spectrogram 1	1	1021.500000	1022.000000	0	0	9	cluster_9	0.7933
4088	Spectrogram 1	1	1021.750000	1022.250000	0	0	9	cluster_9	0.7677
4089	Spectrogram 1	1	1022.000000	1022.500000	0	0	9	cluster_9	0.8438
4090	Spectrogram 1	1	1022.250000	1022.750000	0	0	noise	cluster_noise	0.0000
4091	Spectrogram 1	1	1022.500000	1023.000000	0	0	5	cluster_5	0.5249
4092	Spectrogram 1	1	1022.750000	1023.250000	0	0	5	cluster_5	1.0000
4093	Spectrogram 1	1	1023.000000	1023.500000	0	0	9	cluster_9	0.7474
4094	Spectrogram 1	1	1023.250000	1023.750000	0	0	9	cluster_9	0.6582
4095	Spectrogram 1	1	1023.500000	1024.000000	0	0	9	cluster_9	0.9448
4096	Spectrogram 1	1	1023.750000	1024.250000	0	0	9	cluster_9	0.9448
4097	Spectrogram 1	1	1024.000000	1024.500000	0	0	9	cluster_9	0.5839
4098	Spectrogram 1	1	1024.250000	1024.750000	0	0	9	cluster_9	0.7399
4099	Spectrogram 1	1	1024.500000	1025.000000	0	0	9	cluster_9	0.6575
4100	Spectrogram 1	1	1024.750000	1025.250000	0	0	noise	cluster_noise	0.0000
4101	Spectrogram 1	1	1025.000000	1025.500000	0	0	6	cluster_6	0.9433
4102	Spectrogram 1	1	1025.250000	1025.750000	0	0	noise	cluster_noise	0.0000
4103	Spectrogram 1	1	1025.500000	1026.000000	0	0	8	cluster_8	1.0000
4104	Spectrogram 1	1	1025.750000	1026.250000	0	0	8	cluster_8	0.8979
4105	Spectrogram 1	1	1026.000000	1026.500000	0	0	5	cluster_5	0.9318
4106	Spectrogram 1	1	1026.250000	1026.750000	0	0	5	cluster_5	1.0000
4107	Spectrogram 1	1	1026.500000	1027.000000	0	0	5	cluster_5	1.0000
4108	Spectrogram 1	1	1026.750000	1027.250000	0	0	5	cluster_5	1.0000
4109	Spectrogram 1	1	1027.000000	1027.500000	0	0	5	cluster_5	1.0000
4110	Spectrogram 1	1	1027.250000	1027.750000	0	0	5	cluster_5	1.0000
4111	Spectrogram 1	1	1027.500000	1028.000000	0	0	5	cluster_5	0.8305
4112	Spectrogram 1	1	1027.750000	1028.250000	0	0	5	cluster_5	0.9825
4113	Spectrogram 1	1	1028.000000	1028.500000	0	0	5	cluster_5	0.6167
4114	Spectrogram 1	1	1028.250000	1028.750000	0	0	5	cluster_5	0.6257
4115	Spectrogram 1	1	1028.500000	1029.000000	0	0	5	cluster_5	1.0000
4116	Spectrogram 1	1	1028.750000	1029.250000	0	0	6	cluster_6	0.6350
4117	Spectrogram 1	1	1029.000000	1029.500000	0	0	10	cluster_10	1.0000
4118	Spectrogram 1	1	1029.250000	1029.750000	0	0	10	cluster_10	1.0000
4119	Spectrogram 1	1	1029.500000	1030.000000	0	0	10	cluster_10	0.8878
4120	Spectrogram 1	1	1029.750000	1030.250000	0	0	noise	cluster_noise	0.0000
4121	Spectrogram 1	1	1030.000000	1030.500000	0	0	10	cluster_10	1.0000
4122	Spectrogram 1	1	1030.250000	1030.750000	0	0	10	cluster_10	0.9841
4123	Spectrogram 1	1	1030.500000	1031.000000	0	0	10	cluster_10	0.9925
4124	Spectrogram 1	1	1030.750000	1031.250000	0	0	10	cluster_10	1.0000
4125	Spectrogram 1	1	1031.000000	1031.500000	0	0	10	cluster_10	1.0000
4126	Spectrogram 1	1	1031.250000	1031.750000	0	0	10	cluster_10	0.9549
4127	Spectrogram 1	1	1031.500000	1032.000000	0	0	6	cluster_6	0.7440
4128	Spectrogram 1	1	1031.750000	1032.250000	0	0	6	cluster_6	0.9222
4129	Spectrogram 1	1	1032.000000	1032.500000	0	0	6	cluster_6	0.8796
4130	Spectrogram 1	1	1032.250000	1032.750000	0	0	6	cluster_6	1.0000
4131	Spectrogram 1	1	1032.500000	1033.000000	0	0	5	cluster_5	1.0000
4132	Spectrogram 1	1	1032.750000	1033.250000	0	0	noise	cluster_noise	0.0000
4133	Spectrogram 1	1	1033.000000	1033.500000	0	0	9	cluster_9	0.7474
4134	Spectrogram 1	1	1033.250000	1033.750000	0	0	9	cluster_9	0.5997
4135	Spectrogram 1	1	1033.500000	1034.000000	0	0	9	cluster_9	0.8664
4136	Spectrogram 1	1	1033.750000	1034.250000	0	0	9	cluster_9	0.8249
4137	Spectrogram 1	1	1034.000000	1034.500000	0	0	9	cluster_9	0.6112
4138	Spectrogram 1	1	1034.250000	1034.750000	0	0	9	cluster_9	0.7372
4139	Spectrogram 1	1	1034.500000	1035.000000	0	0	9	cluster_9	0.8593
4140	Spectrogram 1	1	1034.750000	1035.250000	0	0	8	cluster_8	0.9127
4141	Spectrogram 1	1	1035.000000	1035.500000	0	0	12	cluster_12	0.9096
4142	Spectrogram 1	1	1035.250000	1035.750000	0	0	5	cluster_5	1.0000
4143	Spectrogram 1	1	1035.500000	1036.000000	0	0	9	cluster_9	0.7474
4144	Spectrogram 1	1	1035.750000	1036.250000	0	0	9	cluster_9	0.7474
4145	Spectrogram 1	1	1036.000000	1036.500000	0	0	9	cluster_9	0.8048
4146	Spectrogram 1	1	1036.250000	1036.750000	0	0	9	cluster_9	0.9339
4147	Spectrogram 1	1	1036.500000	1037.000000	0	0	9	cluster_9	0.8751
4148	Spectrogram 1	1	1036.750000	1037.250000	0	0	9	cluster_9	0.7458
4149	Spectrogram 1	1	1037.000000	1037.500000	0	0	9	cluster_9	0.7872
4150	Spectrogram 1	1	1037.250000	1037.750000	0	0	9	cluster_9	0.5604
4151	Spectrogram 1	1	1037.500000	1038.000000	0	0	6	cluster_6	0.9429
4152	Spectrogram 1	1	1037.750000	1038.250000	0	0	9	cluster_9	0.5714
4153	Spectrogram 1	1	1038.000000	1038.500000	0	0	9	cluster_9	0.5756
4154	Spectrogram 1	1	1038.250000	1038.750000	0	0	9	cluster_9	0.5803
4155	Spectrogram 1	1	1038.500000	1039.000000	0	0	5	cluster_5	0.9226
4156	Spectrogram 1	1	1038.750000	1039.250000	0	0	5	cluster_5	1.0000
4157	Spectrogram 1	1	1039.000000	1039.500000	0	0	5	cluster_5	1.0000
4158	Spectrogram 1	1	1039.250000	1039.750000	0	0	5	cluster_5	1.0000
4159	Spectrogram 1	1	1039.500000	1040.000000	0	0	5	cluster_5	1.0000
4160	Spectrogram 1	1	1039.750000	1040.250000	0	0	5	cluster_5	1.0000
4161	Spectrogram 1	1	1040.000000	1040.500000	0	0	5	cluster_5	0.9915
4162	Spectrogram 1	1	1040.250000	1040.750000	0	0	5	cluster_5	1.0000
4163	Spectrogram 1	1	1040.500000	1041.000000	0	0	5	cluster_5	1.0000
4164	Spectrogram 1	1	1040.750000	1041.250000	0	0	5	cluster_5	1.0000
4165	Spectrogram 1	1	1041.000000	1041.500000	0	0	5	cluster_5	0.8483
4166	Spectrogram 1	1	1041.250000	1041.750000	0	0	6	cluster_6	0.7654
4167	Spectrogram 1	1	1041.500000	1042.000000	0	0	10	cluster_10	0.9636
4168	Spectrogram 1	1	1041.750000	1042.250000	0	0	10	cluster_10	0.9241
4169	Spectrogram 1	1	1042.000000	1042.500000	0	0	10	cluster_10	0.9536
4170	Spectrogram 1	1	1042.250000	1042.750000	0	0	10	cluster_10	1.0000
4171	Spectrogram 1	1	1042.500000	1043.000000	0	0	10	cluster_10	1.0000
4172	Spectrogram 1	1	1042.750000	1043.250000	0	0	10	cluster_10	0.8670
4173	Spectrogram 1	1	1043.000000	1043.500000	0	0	10	cluster_10	1.0000
4174	Spectrogram 1	1	1043.250000	1043.750000	0	0	10	cluster_10	1.0000
4175	Spectrogram 1	1	1043.500000	1044.000000	0	0	10	cluster_10	1.0000
4176	Spectrogram 1	1	1043.750000	1044.250000	0	0	10	cluster_10	1.0000
4177	Spectrogram 1	1	1044.000000	1044.500000	0	0	6	cluster_6	0.9309
4178	Spectrogram 1	1	1044.250000	1044.750000	0	0	6	cluster_6	1.0000
4179	Spectrogram 1	1	1044.500000	1045.000000	0	0	6	cluster_6	1.0000
4180	Spectrogram 1	1	1044.750000	1045.250000	0	0	6	cluster_6	0.6892
4181	Spectrogram 1	1	1045.000000	1045.500000	0	0	12	cluster_12	0.9708
4182	Spectrogram 1	1	1045.250000	1045.750000	0	0	5	cluster_5	1.0000
4183	Spectrogram 1	1	1045.500000	1046.000000	0	0	9	cluster_9	0.7474
4184	Spectrogram 1	1	1045.750000	1046.250000	0	0	9	cluster_9	0.6044
4185	Spectrogram 1	1	1046.000000	1046.500000	0	0	9	cluster_9	0.9084
4186	Spectrogram 1	1	1046.250000	1046.750000	0	0	9	cluster_9	0.8258
4187	Spectrogram 1	1	1046.500000	1047.000000	0	0	9	cluster_9	0.5623
4188	Spectrogram 1	1	1046.750000	1047.250000	0	0	9	cluster_9	0.7074
4189	Spectrogram 1	1	1047.000000	1047.500000	0	0	9	cluster_9	0.6867
4190	Spectrogram 1	1	1047.250000	1047.750000	0	0	12	cluster_12	0.8310
4191	Spectrogram 1	1	1047.500000	1048.000000	0	0	5	cluster_5	0.7817
4192	Spectrogram 1	1	1047.750000	1048.250000	0	0	5	cluster_5	0.6705
4193	Spectrogram 1	1	1048.000000	1048.500000	0	0	9	cluster_9	0.7474
4194	Spectrogram 1	1	1048.250000	1048.750000	0	0	9	cluster_9	0.6476
4195	Spectrogram 1	1	1048.500000	1049.000000	0	0	9	cluster_9	0.8993
4196	Spectrogram 1	1	1048.750000	1049.250000	0	0	9	cluster_9	0.9448
4197	Spectrogram 1	1	1049.000000	1049.500000	0	0	9	cluster_9	0.6378
4198	Spectrogram 1	1	1049.250000	1049.750000	0	0	9	cluster_9	0.7151
4199	Spectrogram 1	1	1049.500000	1050.000000	0	0	noise	cluster_noise	0.0000
4200	Spectrogram 1	1	1049.750000	1050.250000	0	0	6	cluster_6	0.9940
4201	Spectrogram 1	1	1050.000000	1050.500000	0	0	6	cluster_6	0.8790
4202	Spectrogram 1	1	1050.250000	1050.750000	0	0	8	cluster_8	1.0000
4203	Spectrogram 1	1	1050.500000	1051.000000	0	0	8	cluster_8	1.0000
4204	Spectrogram 1	1	1050.750000	1051.250000	0	0	5	cluster_5	0.8230
4205	Spectrogram 1	1	1051.000000	1051.500000	0	0	5	cluster_5	0.9721
4206	Spectrogram 1	1	1051.250000	1051.750000	0	0	5	cluster_5	1.0000
4207	Spectrogram 1	1	1051.500000	1052.000000	0	0	5	cluster_5	1.0000
4208	Spectrogram 1	1	1051.750000	1052.250000	0	0	5	cluster_5	1.0000
4209	Spectrogram 1	1	1052.000000	1052.500000	0	0	5	cluster_5	0.9845
4210	Spectrogram 1	1	1052.250000	1052.750000	0	0	5	cluster_5	1.0000
4211	Spectrogram 1	1	1052.500000	1053.000000	0	0	5	cluster_5	0.9432
4212	Spectrogram 1	1	1052.750000	1053.250000	0	0	5	cluster_5	0.9540
4213	Spectrogram 1	1	1053.000000	1053.500000	0	0	5	cluster_5	0.7243
4214	Spectrogram 1	1	1053.250000	1053.750000	0	0	5	cluster_5	0.6329
4215	Spectrogram 1	1	1053.500000	1054.000000	0	0	6	cluster_6	0.9296
4216	Spectrogram 1	1	1053.750000	1054.250000	0	0	10	cluster_10	0.9863
4217	Spectrogram 1	1	1054.000000	1054.500000	0	0	10	cluster_10	1.0000
4218	Spectrogram 1	1	1054.250000	1054.750000	0	0	10	cluster_10	0.9119
4219	Spectrogram 1	1	1054.500000	1055.000000	0	0	10	cluster_10	1.0000
4220	Spectrogram 1	1	1054.750000	1055.250000	0	0	10	cluster_10	1.0000
4221	Spectrogram 1	1	1055.000000	1055.500000	0	0	10	cluster_10	1.0000
4222	Spectrogram 1	1	1055.250000	1055.750000	0	0	10	cluster_10	1.0000
4223	Spectrogram 1	1	1055.500000	1056.000000	0	0	10	cluster_10	1.0000
4224	Spectrogram 1	1	1055.750000	1056.250000	0	0	10	cluster_10	1.0000
4225	Spectrogram 1	1	1056.000000	1056.500000	0	0	6	cluster_6	0.9228
4226	Spectrogram 1	1	1056.250000	1056.750000	0	0	6	cluster_6	1.0000
4227	Spectrogram 1	1	1056.500000	1057.000000	0	0	6	cluster_6	0.9207
4228	Spectrogram 1	1	1056.750000	1057.250000	0	0	6	cluster_6	0.9426
4229	Spectrogram 1	1	1057.000000	1057.500000	0	0	6	cluster_6	0.9357
4230	Spectrogram 1	1	1057.250000	1057.750000	0	0	12	cluster_12	0.8764
4231	Spectrogram 1	1	1057.500000	1058.000000	0	0	noise	cluster_noise	0.0000
4232	Spectrogram 1	1	1057.750000	1058.250000	0	0	9	cluster_9	0.6804
4233	Spectrogram 1	1	1058.000000	1058.500000	0	0	9	cluster_9	0.7405
4234	Spectrogram 1	1	1058.250000	1058.750000	0	0	9	cluster_9	0.8844
4235	Spectrogram 1	1	1058.500000	1059.000000	0	0	9	cluster_9	0.8660
4236	Spectrogram 1	1	1058.750000	1059.250000	0	0	9	cluster_9	0.7454
4237	Spectrogram 1	1	1059.000000	1059.500000	0	0	9	cluster_9	0.6581
4238	Spectrogram 1	1	1059.250000	1059.750000	0	0	9	cluster_9	0.7195
4239	Spectrogram 1	1	1059.500000	1060.000000	0	0	12	cluster_12	0.9269
4240	Spectrogram 1	1	1059.750000	1060.250000	0	0	12	cluster_12	0.7550
4241	Spectrogram 1	1	1060.000000	1060.500000	0	0	5	cluster_5	0.8484
4242	Spectrogram 1	1	1060.250000	1060.750000	0	0	9	cluster_9	0.7474
4243	Spectrogram 1	1	1060.500000	1061.000000	0	0	9	cluster_9	0.7474
4244	Spectrogram 1	1	1060.750000	1061.250000	0	0	9	cluster_9	0.8081
4245	Spectrogram 1	1	1061.000000	1061.500000	0	0	9	cluster_9	0.7474
4246	Spectrogram 1	1	1061.250000	1061.750000	0	0	9	cluster_9	0.6190
4247	Spectrogram 1	1	1061.500000	1062.000000	0	0	9	cluster_9	0.7787
4248	Spectrogram 1	1	1061.750000	1062.250000	0	0	8	cluster_8	1.0000
4249	Spectrogram 1	1	1062.000000	1062.500000	0	0	6	cluster_6	1.0000
4250	Spectrogram 1	1	1062.250000	1062.750000	0	0	6	cluster_6	1.0000
4251	Spectrogram 1	1	1062.500000	1063.000000	0	0	6	cluster_6	1.0000
4252	Spectrogram 1	1	1062.750000	1063.250000	0	0	6	cluster_6	1.0000
4253	Spectrogram 1	1	1063.000000	1063.500000	0	0	6	cluster_6	0.9802
4254	Spectrogram 1	1	1063.250000	1063.750000	0	0	5	cluster_5	1.0000
4255	Spectrogram 1	1	1063.500000	1064.000000	0	0	5	cluster_5	0.9952
4256	Spectrogram 1	1	1063.750000	1064.250000	0	0	5	cluster_5	1.0000
4257	Spectrogram 1	1	1064.000000	1064.500000	0	0	5	cluster_5	1.0000
4258	Spectrogram 1	1	1064.250000	1064.750000	0	0	5	cluster_5	1.0000
4259	Spectrogram 1	1	1064.500000	1065.000000	0	0	5	cluster_5	0.9465
4260	Spectrogram 1	1	1064.750000	1065.250000	0	0	5	cluster_5	0.9463
4261	Spectrogram 1	1	1065.000000	1065.500000	0	0	5	cluster_5	1.0000
4262	Spectrogram 1	1	1065.250000	1065.750000	0	0	5	cluster_5	1.0000
4263	Spectrogram 1	1	1065.500000	1066.000000	0	0	5	cluster_5	0.8926
4264	Spectrogram 1	1	1065.750000	1066.250000	0	0	noise	cluster_noise	0.0000
4265	Spectrogram 1	1	1066.000000	1066.500000	0	0	10	cluster_10	1.0000
4266	Spectrogram 1	1	1066.250000	1066.750000	0	0	10	cluster_10	1.0000
4267	Spectrogram 1	1	1066.500000	1067.000000	0	0	10	cluster_10	0.8274
4268	Spectrogram 1	1	1066.750000	1067.250000	0	0	noise	cluster_noise	0.0000
4269	Spectrogram 1	1	1067.000000	1067.500000	0	0	10	cluster_10	1.0000
4270	Spectrogram 1	1	1067.250000	1067.750000	0	0	10	cluster_10	0.9675
4271	Spectrogram 1	1	1067.500000	1068.000000	0	0	10	cluster_10	0.8868
4272	Spectrogram 1	1	1067.750000	1068.250000	0	0	6	cluster_6	1.0000
4273	Spectrogram 1	1	1068.000000	1068.500000	0	0	6	cluster_6	0.8005
4274	Spectrogram 1	1	1068.250000	1068.750000	0	0	10	cluster_10	0.7989
4275	Spectrogram 1	1	1068.500000	1069.000000	0	0	noise	cluster_noise	0.0000
4276	Spectrogram 1	1	1068.750000	1069.250000	0	0	noise	cluster_noise	0.0000
4277	Spectrogram 1	1	1069.000000	1069.500000	0	0	6	cluster_6	1.0000
4278	Spectrogram 1	1	1069.250000	1069.750000	0	0	6	cluster_6	1.0000
4279	Spectrogram 1	1	1069.500000	1070.000000	0	0	6	cluster_6	1.0000
4280	Spectrogram 1	1	1069.750000	1070.250000	0	0	6	cluster_6	1.0000
4281	Spectrogram 1	1	1070.000000	1070.500000	0	0	6	cluster_6	1.0000
4282	Spectrogram 1	1	1070.250000	1070.750000	0	0	6	cluster_6	1.0000
4283	Spectrogram 1	1	1070.500000	1071.000000	0	0	6	cluster_6	1.0000
4284	Spectrogram 1	1	1070.750000	1071.250000	0	0	noise	cluster_noise	0.0000
4285	Spectrogram 1	1	1071.000000	1071.500000	0	0	noise	cluster_noise	0.0000
4286	Spectrogram 1	1	1071.250000	1071.750000	0	0	noise	cluster_noise	0.0000
4287	Spectrogram 1	1	1071.500000	1072.000000	0	0	noise	cluster_noise	0.0000
4288	Spectrogram 1	1	1071.750000	1072.250000	0	0	noise	cluster_noise	0.0000
4289	Spectrogram 1	1	1072.000000	1072.500000	0	0	noise	cluster_noise	0.0000
4290	Spectrogram 1	1	1072.250000	1072.750000	0	0	noise	cluster_noise	0.0000
4291	Spectrogram 1	1	1072.500000	1073.000000	0	0	5	cluster_5	0.8501
4292	Spectrogram 1	1	1072.750000	1073.250000	0	0	noise	cluster_noise	0.0000
4293	Spectrogram 1	1	1073.000000	1073.500000	0	0	noise	cluster_noise	0.0000
4294	Spectrogram 1	1	1073.250000	1073.750000	0	0	5	cluster_5	0.6844
4295	Spectrogram 1	1	1073.500000	1074.000000	0	0	6	cluster_6	0.7008
4296	Spectrogram 1	1	1073.750000	1074.250000	0	0	6	cluster_6	0.7005
4297	Spectrogram 1	1	1074.000000	1074.500000	0	0	6	cluster_6	1.0000
4298	Spectrogram 1	1	1074.250000	1074.750000	0	0	6	cluster_6	1.0000
4299	Spectrogram 1	1	1074.500000	1075.000000	0	0	6	cluster_6	1.0000
4300	Spectrogram 1	1	1074.750000	1075.250000	0	0	6	cluster_6	0.9238
4301	Spectrogram 1	1	1075.000000	1075.500000	0	0	5	cluster_5	1.0000
4302	Spectrogram 1	1	1075.250000	1075.750000	0	0	5	cluster_5	1.0000
4303	Spectrogram 1	1	1075.500000	1076.000000	0	0	5	cluster_5	1.0000
4304	Spectrogram 1	1	1075.750000	1076.250000	0	0	5	cluster_5	1.0000
4305	Spectrogram 1	1	1076.000000	1076.500000	0	0	5	cluster_5	0.9014
4306	Spectrogram 1	1	1076.250000	1076.750000	0	0	5	cluster_5	0.9401
4307	Spectrogram 1	1	1076.500000	1077.000000	0	0	5	cluster_5	0.8658
4308	Spectrogram 1	1	1076.750000	1077.250000	0	0	5	cluster_5	1.0000
4309	Spectrogram 1	1	1077.000000	1077.500000	0	0	5	cluster_5	0.5591
4310	Spectrogram 1	1	1077.250000	1077.750000	0	0	noise	cluster_noise	0.0000
4311	Spectrogram 1	1	1077.500000	1078.000000	0	0	10	cluster_10	0.8595
4312	Spectrogram 1	1	1077.750000	1078.250000	0	0	9	cluster_9	0.5637
4313	Spectrogram 1	1	1078.000000	1078.500000	0	0	10	cluster_10	1.0000
4314	Spectrogram 1	1	1078.250000	1078.750000	0	0	10	cluster_10	0.9273
4315	Spectrogram 1	1	1078.500000	1079.000000	0	0	10	cluster_10	1.0000
4316	Spectrogram 1	1	1078.750000	1079.250000	0	0	10	cluster_10	1.0000
4317	Spectrogram 1	1	1079.000000	1079.500000	0	0	10	cluster_10	1.0000
4318	Spectrogram 1	1	1079.250000	1079.750000	0	0	noise	cluster_noise	0.0000
4319	Spectrogram 1	1	1079.500000	1080.000000	0	0	10	cluster_10	0.7763
4320	Spectrogram 1	1	1079.750000	1080.250000	0	0	noise	cluster_noise	0.0000
4321	Spectrogram 1	1	1080.000000	1080.500000	0	0	noise	cluster_noise	0.0000
4322	Spectrogram 1	1	1080.250000	1080.750000	0	0	6	cluster_6	1.0000
4323	Spectrogram 1	1	1080.500000	1081.000000	0	0	noise	cluster_noise	0.0000
4324	Spectrogram 1	1	1080.750000	1081.250000	0	0	noise	cluster_noise	0.0000
4325	Spectrogram 1	1	1081.000000	1081.500000	0	0	6	cluster_6	1.0000
4326	Spectrogram 1	1	1081.250000	1081.750000	0	0	6	cluster_6	1.0000
4327	Spectrogram 1	1	1081.500000	1082.000000	0	0	6	cluster_6	0.8421
4328	Spectrogram 1	1	1081.750000	1082.250000	0	0	6	cluster_6	0.9189
4329	Spectrogram 1	1	1082.000000	1082.500000	0	0	6	cluster_6	0.9702
4330	Spectrogram 1	1	1082.250000	1082.750000	0	0	noise	cluster_noise	0.0000
4331	Spectrogram 1	1	1082.500000	1083.000000	0	0	noise	cluster_noise	0.0000
4332	Spectrogram 1	1	1082.750000	1083.250000	0	0	noise	cluster_noise	0.0000
4333	Spectrogram 1	1	1083.000000	1083.500000	0	0	noise	cluster_noise	0.0000
4334	Spectrogram 1	1	1083.250000	1083.750000	0	0	noise	cluster_noise	0.0000
4335	Spectrogram 1	1	1083.500000	1084.000000	0	0	noise	cluster_noise	0.0000
4336	Spectrogram 1	1	1083.750000	1084.250000	0	0	noise	cluster_noise	0.0000
4337	Spectrogram 1	1	1084.000000	1084.500000	0	0	5	cluster_5	0.7488
4338	Spectrogram 1	1	1084.250000	1084.750000	0	0	6	cluster_6	0.8720
4339	Spectrogram 1	1	1084.500000	1085.000000	0	0	noise	cluster_noise	0.0000
4340	Spectrogram 1	1	1084.750000	1085.250000	0	0	5	cluster_5	0.6397
4341	Spectrogram 1	1	1085.000000	1085.500000	0	0	5	cluster_5	0.5628
4342	Spectrogram 1	1	1085.250000	1085.750000	0	0	6	cluster_6	1.0000
4343	Spectrogram 1	1	1085.500000	1086.000000	0	0	6	cluster_6	1.0000
4344	Spectrogram 1	1	1085.750000	1086.250000	0	0	6	cluster_6	1.0000
4345	Spectrogram 1	1	1086.000000	1086.500000	0	0	6	cluster_6	1.0000
4346	Spectrogram 1	1	1086.250000	1086.750000	0	0	6	cluster_6	1.0000
4347	Spectrogram 1	1	1086.500000	1087.000000	0	0	5	cluster_5	1.0000
4348	Spectrogram 1	1	1086.750000	1087.250000	0	0	5	cluster_5	0.9608
4349	Spectrogram 1	1	1087.000000	1087.500000	0	0	5	cluster_5	1.0000
4350	Spectrogram 1	1	1087.250000	1087.750000	0	0	5	cluster_5	1.0000
4351	Spectrogram 1	1	1087.500000	1088.000000	0	0	5	cluster_5	1.0000
4352	Spectrogram 1	1	1087.750000	1088.250000	0	0	5	cluster_5	1.0000
4353	Spectrogram 1	1	1088.000000	1088.500000	0	0	5	cluster_5	0.8083
4354	Spectrogram 1	1	1088.250000	1088.750000	0	0	5	cluster_5	0.8631
4355	Spectrogram 1	1	1088.500000	1089.000000	0	0	5	cluster_5	0.9209
4356	Spectrogram 1	1	1088.750000	1089.250000	0	0	6	cluster_6	0.9963
4357	Spectrogram 1	1	1089.000000	1089.500000	0	0	6	cluster_6	1.0000
4358	Spectrogram 1	1	1089.250000	1089.750000	0	0	10	cluster_10	1.0000
4359	Spectrogram 1	1	1089.500000	1090.000000	0	0	10	cluster_10	0.8276
4360	Spectrogram 1	1	1089.750000	1090.250000	0	0	10	cluster_10	1.0000
4361	Spectrogram 1	1	1090.000000	1090.500000	0	0	10	cluster_10	1.0000
4362	Spectrogram 1	1	1090.250000	1090.750000	0	0	6	cluster_6	0.7413
4363	Spectrogram 1	1	1090.500000	1091.000000	0	0	6	cluster_6	0.6985
4364	Spectrogram 1	1	1090.750000	1091.250000	0	0	noise	cluster_noise	0.0000
4365	Spectrogram 1	1	1091.000000	1091.500000	0	0	6	cluster_6	1.0000
4366	Spectrogram 1	1	1091.250000	1091.750000	0	0	6	cluster_6	1.0000
4367	Spectrogram 1	1	1091.500000	1092.000000	0	0	6	cluster_6	1.0000
4368	Spectrogram 1	1	1091.750000	1092.250000	0	0	6	cluster_6	1.0000
4369	Spectrogram 1	1	1092.000000	1092.500000	0	0	6	cluster_6	1.0000
4370	Spectrogram 1	1	1092.250000	1092.750000	0	0	6	cluster_6	1.0000
4371	Spectrogram 1	1	1092.500000	1093.000000	0	0	6	cluster_6	1.0000
4372	Spectrogram 1	1	1092.750000	1093.250000	0	0	6	cluster_6	0.9841
4373	Spectrogram 1	1	1093.000000	1093.500000	0	0	6	cluster_6	0.8244
4374	Spectrogram 1	1	1093.250000	1093.750000	0	0	12	cluster_12	0.8812
4375	Spectrogram 1	1	1093.500000	1094.000000	0	0	noise	cluster_noise	0.0000
4376	Spectrogram 1	1	1093.750000	1094.250000	0	0	noise	cluster_noise	0.0000
4377	Spectrogram 1	1	1094.000000	1094.500000	0	0	noise	cluster_noise	0.0000
4378	Spectrogram 1	1	1094.250000	1094.750000	0	0	noise	cluster_noise	0.0000
4379	Spectrogram 1	1	1094.500000	1095.000000	0	0	noise	cluster_noise	0.0000
4380	Spectrogram 1	1	1094.750000	1095.250000	0	0	12	cluster_12	0.7723
4381	Spectrogram 1	1	1095.000000	1095.500000	0	0	noise	cluster_noise	0.0000
4382	Spectrogram 1	1	1095.250000	1095.750000	0	0	noise	cluster_noise	0.0000
4383	Spectrogram 1	1	1095.500000	1096.000000	0	0	noise	cluster_noise	0.0000
4384	Spectrogram 1	1	1095.750000	1096.250000	0	0	noise	cluster_noise	0.0000
4385	Spectrogram 1	1	1096.000000	1096.500000	0	0	6	cluster_6	1.0000
4386	Spectrogram 1	1	1096.250000	1096.750000	0	0	6	cluster_6	1.0000
4387	Spectrogram 1	1	1096.500000	1097.000000	0	0	6	cluster_6	1.0000
4388	Spectrogram 1	1	1096.750000	1097.250000	0	0	6	cluster_6	1.0000
4389	Spectrogram 1	1	1097.000000	1097.500000	0	0	6	cluster_6	1.0000
4390	Spectrogram 1	1	1097.250000	1097.750000	0	0	6	cluster_6	1.0000
4391	Spectrogram 1	1	1097.500000	1098.000000	0	0	5	cluster_5	1.0000
4392	Spectrogram 1	1	1097.750000	1098.250000	0	0	5	cluster_5	1.0000
4393	Spectrogram 1	1	1098.000000	1098.500000	0	0	5	cluster_5	1.0000
4394	Spectrogram 1	1	1098.250000	1098.750000	0	0	5	cluster_5	1.0000
4395	Spectrogram 1	1	1098.500000	1099.000000	0	0	5	cluster_5	1.0000
4396	Spectrogram 1	1	1098.750000	1099.250000	0	0	5	cluster_5	0.9046
4397	Spectrogram 1	1	1099.000000	1099.500000	0	0	5	cluster_5	0.9602
4398	Spectrogram 1	1	1099.250000	1099.750000	0	0	5	cluster_5	1.0000
4399	Spectrogram 1	1	1099.500000	1100.000000	0	0	5	cluster_5	0.5588
4400	Spectrogram 1	1	1099.750000	1100.250000	0	0	noise	cluster_noise	0.0000
4401	Spectrogram 1	1	1100.000000	1100.500000	0	0	10	cluster_10	1.0000
4402	Spectrogram 1	1	1100.250000	1100.750000	0	0	10	cluster_10	1.0000
4403	Spectrogram 1	1	1100.500000	1101.000000	0	0	10	cluster_10	0.8672
4404	Spectrogram 1	1	1100.750000	1101.250000	0	0	10	cluster_10	1.0000
4405	Spectrogram 1	1	1101.000000	1101.500000	0	0	10	cluster_10	1.0000
4406	Spectrogram 1	1	1101.250000	1101.750000	0	0	10	cluster_10	1.0000
4407	Spectrogram 1	1	1101.500000	1102.000000	0	0	10	cluster_10	1.0000
4408	Spectrogram 1	1	1101.750000	1102.250000	0	0	10	cluster_10	1.0000
4409	Spectrogram 1	1	1102.000000	1102.500000	0	0	noise	cluster_noise	0.0000
4410	Spectrogram 1	1	1102.250000	1102.750000	0	0	10	cluster_10	1.0000
4411	Spectrogram 1	1	1102.500000	1103.000000	0	0	10	cluster_10	0.8836
4412	Spectrogram 1	1	1102.750000	1103.250000	0	0	6	cluster_6	1.0000
4413	Spectrogram 1	1	1103.000000	1103.500000	0	0	noise	cluster_noise	0.0000
4414	Spectrogram 1	1	1103.250000	1103.750000	0	0	noise	cluster_noise	0.0000
4415	Spectrogram 1	1	1103.500000	1104.000000	0	0	noise	cluster_noise	0.0000
4416	Spectrogram 1	1	1103.750000	1104.250000	0	0	6	cluster_6	0.8927
4417	Spectrogram 1	1	1104.000000	1104.500000	0	0	6	cluster_6	1.0000
4418	Spectrogram 1	1	1104.250000	1104.750000	0	0	6	cluster_6	1.0000
4419	Spectrogram 1	1	1104.500000	1105.000000	0	0	6	cluster_6	0.9610
4420	Spectrogram 1	1	1104.750000	1105.250000	0	0	12	cluster_12	0.9889
4421	Spectrogram 1	1	1105.000000	1105.500000	0	0	noise	cluster_noise	0.0000
4422	Spectrogram 1	1	1105.250000	1105.750000	0	0	noise	cluster_noise	0.0000
4423	Spectrogram 1	1	1105.500000	1106.000000	0	0	noise	cluster_noise	0.0000
4424	Spectrogram 1	1	1105.750000	1106.250000	0	0	noise	cluster_noise	0.0000
4425	Spectrogram 1	1	1106.000000	1106.500000	0	0	noise	cluster_noise	0.0000
4426	Spectrogram 1	1	1106.250000	1106.750000	0	0	noise	cluster_noise	0.0000
4427	Spectrogram 1	1	1106.500000	1107.000000	0	0	noise	cluster_noise	0.0000
4428	Spectrogram 1	1	1106.750000	1107.250000	0	0	noise	cluster_noise	0.0000
4429	Spectrogram 1	1	1107.000000	1107.500000	0	0	6	cluster_6	0.9507
4430	Spectrogram 1	1	1107.250000	1107.750000	0	0	6	cluster_6	1.0000
4431	Spectrogram 1	1	1107.500000	1108.000000	0	0	noise	cluster_noise	0.0000
4432	Spectrogram 1	1	1107.750000	1108.250000	0	0	6	cluster_6	1.0000
4433	Spectrogram 1	1	1108.000000	1108.500000	0	0	6	cluster_6	1.0000
4434	Spectrogram 1	1	1108.250000	1108.750000	0	0	6	cluster_6	1.0000
4435	Spectrogram 1	1	1108.500000	1109.000000	0	0	6	cluster_6	1.0000
4436	Spectrogram 1	1	1108.750000	1109.250000	0	0	6	cluster_6	1.0000
4437	Spectrogram 1	1	1109.000000	1109.500000	0	0	5	cluster_5	1.0000
4438	Spectrogram 1	1	1109.250000	1109.750000	0	0	5	cluster_5	0.9558
4439	Spectrogram 1	1	1109.500000	1110.000000	0	0	5	cluster_5	1.0000
4440	Spectrogram 1	1	1109.750000	1110.250000	0	0	5	cluster_5	1.0000
4441	Spectrogram 1	1	1110.000000	1110.500000	0	0	5	cluster_5	1.0000
4442	Spectrogram 1	1	1110.250000	1110.750000	0	0	5	cluster_5	1.0000
4443	Spectrogram 1	1	1110.500000	1111.000000	0	0	5	cluster_5	0.9639
4444	Spectrogram 1	1	1110.750000	1111.250000	0	0	5	cluster_5	0.6016
4445	Spectrogram 1	1	1111.000000	1111.500000	0	0	5	cluster_5	0.6587
4446	Spectrogram 1	1	1111.250000	1111.750000	0	0	5	cluster_5	0.6065
4447	Spectrogram 1	1	1111.500000	1112.000000	0	0	5	cluster_5	0.6334
4448	Spectrogram 1	1	1111.750000	1112.250000	0	0	10	cluster_10	1.0000
4449	Spectrogram 1	1	1112.000000	1112.500000	0	0	10	cluster_10	1.0000
4450	Spectrogram 1	1	1112.250000	1112.750000	0	0	10	cluster_10	0.9293
4451	Spectrogram 1	1	1112.500000	1113.000000	0	0	10	cluster_10	1.0000
4452	Spectrogram 1	1	1112.750000	1113.250000	0	0	10	cluster_10	1.0000
4453	Spectrogram 1	1	1113.000000	1113.500000	0	0	noise	cluster_noise	0.0000
4454	Spectrogram 1	1	1113.250000	1113.750000	0	0	noise	cluster_noise	0.0000
4455	Spectrogram 1	1	1113.500000	1114.000000	0	0	noise	cluster_noise	0.0000
4456	Spectrogram 1	1	1113.750000	1114.250000	0	0	6	cluster_6	0.8061
4457	Spectrogram 1	1	1114.000000	1114.500000	0	0	6	cluster_6	1.0000
4458	Spectrogram 1	1	1114.250000	1114.750000	0	0	6	cluster_6	1.0000
4459	Spectrogram 1	1	1114.500000	1115.000000	0	0	6	cluster_6	1.0000
4460	Spectrogram 1	1	1114.750000	1115.250000	0	0	6	cluster_6	1.0000
4461	Spectrogram 1	1	1115.000000	1115.500000	0	0	6	cluster_6	0.9886
4462	Spectrogram 1	1	1115.250000	1115.750000	0	0	6	cluster_6	1.0000
4463	Spectrogram 1	1	1115.500000	1116.000000	0	0	noise	cluster_noise	0.0000
4464	Spectrogram 1	1	1115.750000	1116.250000	0	0	noise	cluster_noise	0.0000
4465	Spectrogram 1	1	1116.000000	1116.500000	0	0	noise	cluster_noise	0.0000
4466	Spectrogram 1	1	1116.250000	1116.750000	0	0	noise	cluster_noise	0.0000
4467	Spectrogram 1	1	1116.500000	1117.000000	0	0	noise	cluster_noise	0.0000
4468	Spectrogram 1	1	1116.750000	1117.250000	0	0	noise	cluster_noise	0.0000
4469	Spectrogram 1	1	1117.000000	1117.500000	0	0	noise	cluster_noise	0.0000
4470	Spectrogram 1	1	1117.250000	1117.750000	0	0	noise	cluster_noise	0.0000
4471	Spectrogram 1	1	1117.500000	1118.000000	0	0	noise	cluster_noise	0.0000
4472	Spectrogram 1	1	1117.750000	1118.250000	0	0	6	cluster_6	0.6835
4473	Spectrogram 1	1	1118.000000	1118.500000	0	0	noise	cluster_noise	0.0000
4474	Spectrogram 1	1	1118.250000	1118.750000	0	0	noise	cluster_noise	0.0000
4475	Spectrogram 1	1	1118.500000	1119.000000	0	0	noise	cluster_noise	0.0000
4476	Spectrogram 1	1	1118.750000	1119.250000	0	0	6	cluster_6	1.0000
4477	Spectrogram 1	1	1119.000000	1119.500000	0	0	6	cluster_6	0.9110
4478	Spectrogram 1	1	1119.250000	1119.750000	0	0	6	cluster_6	1.0000
4479	Spectrogram 1	1	1119.500000	1120.000000	0	0	6	cluster_6	1.0000
4480	Spectrogram 1	1	1119.750000	1120.250000	0	0	6	cluster_6	1.0000
4481	Spectrogram 1	1	1120.000000	1120.500000	0	0	5	cluster_5	1.0000
4482	Spectrogram 1	1	1120.250000	1120.750000	0	0	5	cluster_5	0.9925
4483	Spectrogram 1	1	1120.500000	1121.000000	0	0	5	cluster_5	1.0000
4484	Spectrogram 1	1	1120.750000	1121.250000	0	0	5	cluster_5	1.0000
4485	Spectrogram 1	1	1121.000000	1121.500000	0	0	5	cluster_5	1.0000
4486	Spectrogram 1	1	1121.250000	1121.750000	0	0	5	cluster_5	1.0000
4487	Spectrogram 1	1	1121.500000	1122.000000	0	0	5	cluster_5	0.9046
4488	Spectrogram 1	1	1121.750000	1122.250000	0	0	5	cluster_5	1.0000
4489	Spectrogram 1	1	1122.000000	1122.500000	0	0	5	cluster_5	1.0000
4490	Spectrogram 1	1	1122.250000	1122.750000	0	0	5	cluster_5	0.7929
4491	Spectrogram 1	1	1122.500000	1123.000000	0	0	noise	cluster_noise	0.0000
4492	Spectrogram 1	1	1122.750000	1123.250000	0	0	9	cluster_9	0.5584
4493	Spectrogram 1	1	1123.000000	1123.500000	0	0	noise	cluster_noise	0.0000
4494	Spectrogram 1	1	1123.250000	1123.750000	0	0	10	cluster_10	1.0000
4495	Spectrogram 1	1	1123.500000	1124.000000	0	0	10	cluster_10	1.0000
4496	Spectrogram 1	1	1123.750000	1124.250000	0	0	10	cluster_10	0.8940
4497	Spectrogram 1	1	1124.000000	1124.500000	0	0	10	cluster_10	0.9529
4498	Spectrogram 1	1	1124.250000	1124.750000	0	0	10	cluster_10	1.0000
4499	Spectrogram 1	1	1124.500000	1125.000000	0	0	6	cluster_6	1.0000
4500	Spectrogram 1	1	1124.750000	1125.250000	0	0	6	cluster_6	1.0000
4501	Spectrogram 1	1	1125.000000	1125.500000	0	0	6	cluster_6	1.0000
4502	Spectrogram 1	1	1125.250000	1125.750000	0	0	6	cluster_6	1.0000
4503	Spectrogram 1	1	1125.500000	1126.000000	0	0	6	cluster_6	1.0000
4504	Spectrogram 1	1	1125.750000	1126.250000	0	0	6	cluster_6	1.0000
4505	Spectrogram 1	1	1126.000000	1126.500000	0	0	6	cluster_6	1.0000
4506	Spectrogram 1	1	1126.250000	1126.750000	0	0	6	cluster_6	1.0000
4507	Spectrogram 1	1	1126.500000	1127.000000	0	0	12	cluster_12	0.7463
4508	Spectrogram 1	1	1126.750000	1127.250000	0	0	noise	cluster_noise	0.0000
4509	Spectrogram 1	1	1127.000000	1127.500000	0	0	noise	cluster_noise	0.0000
4510	Spectrogram 1	1	1127.250000	1127.750000	0	0	noise	cluster_noise	0.0000
4511	Spectrogram 1	1	1127.500000	1128.000000	0	0	noise	cluster_noise	0.0000
4512	Spectrogram 1	1	1127.750000	1128.250000	0	0	noise	cluster_noise	0.0000
4513	Spectrogram 1	1	1128.000000	1128.500000	0	0	noise	cluster_noise	0.0000
4514	Spectrogram 1	1	1128.250000	1128.750000	0	0	noise	cluster_noise	0.0000
4515	Spectrogram 1	1	1128.500000	1129.000000	0	0	noise	cluster_noise	0.0000
4516	Spectrogram 1	1	1128.750000	1129.250000	0	0	noise	cluster_noise	0.0000
4517	Spectrogram 1	1	1129.000000	1129.500000	0	0	noise	cluster_noise	0.0000
4518	Spectrogram 1	1	1129.250000	1129.750000	0	0	6	cluster_6	0.9013
4519	Spectrogram 1	1	1129.500000	1130.000000	0	0	noise	cluster_noise	0.0000
4520	Spectrogram 1	1	1129.750000	1130.250000	0	0	6	cluster_6	1.0000
4521	Spectrogram 1	1	1130.000000	1130.500000	0	0	6	cluster_6	1.0000
4522	Spectrogram 1	1	1130.250000	1130.750000	0	0	6	cluster_6	1.0000
4523	Spectrogram 1	1	1130.500000	1131.000000	0	0	6	cluster_6	1.0000
4524	Spectrogram 1	1	1130.750000	1131.250000	0	0	6	cluster_6	1.0000
4525	Spectrogram 1	1	1131.000000	1131.500000	0	0	5	cluster_5	0.9708
4526	Spectrogram 1	1	1131.250000	1131.750000	0	0	5	cluster_5	1.0000
4527	Spectrogram 1	1	1131.500000	1132.000000	0	0	5	cluster_5	1.0000
4528	Spectrogram 1	1	1131.750000	1132.250000	0	0	5	cluster_5	1.0000
4529	Spectrogram 1	1	1132.000000	1132.500000	0	0	5	cluster_5	1.0000
4530	Spectrogram 1	1	1132.250000	1132.750000	0	0	5	cluster_5	0.9972
4531	Spectrogram 1	1	1132.500000	1133.000000	0	0	5	cluster_5	1.0000
4532	Spectrogram 1	1	1132.750000	1133.250000	0	0	5	cluster_5	0.9726
4533	Spectrogram 1	1	1133.000000	1133.500000	0	0	5	cluster_5	1.0000
4534	Spectrogram 1	1	1133.250000	1133.750000	0	0	5	cluster_5	1.0000
4535	Spectrogram 1	1	1133.500000	1134.000000	0	0	5	cluster_5	1.0000
4536	Spectrogram 1	1	1133.750000	1134.250000	0	0	10	cluster_10	1.0000
4537	Spectrogram 1	1	1134.000000	1134.500000	0	0	10	cluster_10	1.0000
4538	Spectrogram 1	1	1134.250000	1134.750000	0	0	10	cluster_10	1.0000
4539	Spectrogram 1	1	1134.500000	1135.000000	0	0	10	cluster_10	0.9088
4540	Spectrogram 1	1	1134.750000	1135.250000	0	0	noise	cluster_noise	0.0000
4541	Spectrogram 1	1	1135.000000	1135.500000	0	0	10	cluster_10	1.0000
4542	Spectrogram 1	1	1135.250000	1135.750000	0	0	10	cluster_10	1.0000
4543	Spectrogram 1	1	1135.500000	1136.000000	0	0	6	cluster_6	0.9672
4544	Spectrogram 1	1	1135.750000	1136.250000	0	0	6	cluster_6	1.0000
4545	Spectrogram 1	1	1136.000000	1136.500000	0	0	6	cluster_6	1.0000
4546	Spectrogram 1	1	1136.250000	1136.750000	0	0	6	cluster_6	1.0000
4547	Spectrogram 1	1	1136.500000	1137.000000	0	0	6	cluster_6	1.0000
4548	Spectrogram 1	1	1136.750000	1137.250000	0	0	6	cluster_6	1.0000
4549	Spectrogram 1	1	1137.000000	1137.500000	0	0	6	cluster_6	1.0000
4550	Spectrogram 1	1	1137.250000	1137.750000	0	0	6	cluster_6	1.0000
4551	Spectrogram 1	1	1137.500000	1138.000000	0	0	12	cluster_12	0.8565
4552	Spectrogram 1	1	1137.750000	1138.250000	0	0	noise	cluster_noise	0.0000
4553	Spectrogram 1	1	1138.000000	1138.500000	0	0	noise	cluster_noise	0.0000
4554	Spectrogram 1	1	1138.250000	1138.750000	0	0	noise	cluster_noise	0.0000
4555	Spectrogram 1	1	1138.500000	1139.000000	0	0	noise	cluster_noise	0.0000
4556	Spectrogram 1	1	1138.750000	1139.250000	0	0	noise	cluster_noise	0.0000
4557	Spectrogram 1	1	1139.000000	1139.500000	0	0	noise	cluster_noise	0.0000
4558	Spectrogram 1	1	1139.250000	1139.750000	0	0	noise	cluster_noise	0.0000
4559	Spectrogram 1	1	1139.500000	1140.000000	0	0	noise	cluster_noise	0.0000
4560	Spectrogram 1	1	1139.750000	1140.250000	0	0	6	cluster_6	0.6534
4561	Spectrogram 1	1	1140.000000	1140.500000	0	0	noise	cluster_noise	0.0000
4562	Spectrogram 1	1	1140.250000	1140.750000	0	0	noise	cluster_noise	0.0000
4563	Spectrogram 1	1	1140.500000	1141.000000	0	0	noise	cluster_noise	0.0000
4564	Spectrogram 1	1	1140.750000	1141.250000	0	0	6	cluster_6	1.0000
4565	Spectrogram 1	1	1141.000000	1141.500000	0	0	6	cluster_6	1.0000
4566	Spectrogram 1	1	1141.250000	1141.750000	0	0	6	cluster_6	1.0000
4567	Spectrogram 1	1	1141.500000	1142.000000	0	0	6	cluster_6	1.0000
4568	Spectrogram 1	1	1141.750000	1142.250000	0	0	5	cluster_5	0.8833
4569	Spectrogram 1	1	1142.000000	1142.500000	0	0	5	cluster_5	0.9757
4570	Spectrogram 1	1	1142.250000	1142.750000	0	0	5	cluster_5	1.0000
4571	Spectrogram 1	1	1142.500000	1143.000000	0	0	5	cluster_5	1.0000
4572	Spectrogram 1	1	1142.750000	1143.250000	0	0	5	cluster_5	1.0000
4573	Spectrogram 1	1	1143.000000	1143.500000	0	0	5	cluster_5	1.0000
4574	Spectrogram 1	1	1143.250000	1143.750000	0	0	5	cluster_5	1.0000
4575	Spectrogram 1	1	1143.500000	1144.000000	0	0	5	cluster_5	0.9167
4576	Spectrogram 1	1	1143.750000	1144.250000	0	0	5	cluster_5	1.0000
4577	Spectrogram 1	1	1144.000000	1144.500000	0	0	5	cluster_5	1.0000
4578	Spectrogram 1	1	1144.250000	1144.750000	0	0	5	cluster_5	1.0000
4579	Spectrogram 1	1	1144.500000	1145.000000	0	0	noise	cluster_noise	0.0000
4580	Spectrogram 1	1	1144.750000	1145.250000	0	0	10	cluster_10	1.0000
4581	Spectrogram 1	1	1145.000000	1145.500000	0	0	10	cluster_10	1.0000
4582	Spectrogram 1	1	1145.250000	1145.750000	0	0	10	cluster_10	0.9277
4583	Spectrogram 1	1	1145.500000	1146.000000	0	0	noise	cluster_noise	0.0000
4584	Spectrogram 1	1	1145.750000	1146.250000	0	0	6	cluster_6	0.9055
4585	Spectrogram 1	1	1146.000000	1146.500000	0	0	6	cluster_6	1.0000
4586	Spectrogram 1	1	1146.250000	1146.750000	0	0	6	cluster_6	1.0000
4587	Spectrogram 1	1	1146.500000	1147.000000	0	0	6	cluster_6	0.9516
4588	Spectrogram 1	1	1146.750000	1147.250000	0	0	6	cluster_6	1.0000
4589	Spectrogram 1	1	1147.000000	1147.500000	0	0	6	cluster_6	1.0000
4590	Spectrogram 1	1	1147.250000	1147.750000	0	0	6	cluster_6	1.0000
4591	Spectrogram 1	1	1147.500000	1148.000000	0	0	6	cluster_6	1.0000
4592	Spectrogram 1	1	1147.750000	1148.250000	0	0	6	cluster_6	1.0000
4593	Spectrogram 1	1	1148.000000	1148.500000	0	0	6	cluster_6	1.0000
4594	Spectrogram 1	1	1148.250000	1148.750000	0	0	noise	cluster_noise	0.0000
4595	Spectrogram 1	1	1148.500000	1149.000000	0	0	12	cluster_12	0.7619
4596	Spectrogram 1	1	1148.750000	1149.250000	0	0	noise	cluster_noise	0.0000
4597	Spectrogram 1	1	1149.000000	1149.500000	0	0	noise	cluster_noise	0.0000
4598	Spectrogram 1	1	1149.250000	1149.750000	0	0	noise	cluster_noise	0.0000
4599	Spectrogram 1	1	1149.500000	1150.000000	0	0	noise	cluster_noise	0.0000
4600	Spectrogram 1	1	1149.750000	1150.250000	0	0	noise	cluster_noise	0.0000
4601	Spectrogram 1	1	1150.000000	1150.500000	0	0	noise	cluster_noise	0.0000
4602	Spectrogram 1	1	1150.250000	1150.750000	0	0	5	cluster_5	0.6467
4603	Spectrogram 1	1	1150.500000	1151.000000	0	0	6	cluster_6	0.8901
4604	Spectrogram 1	1	1150.750000	1151.250000	0	0	noise	cluster_noise	0.0000
4605	Spectrogram 1	1	1151.000000	1151.500000	0	0	noise	cluster_noise	0.0000
4606	Spectrogram 1	1	1151.250000	1151.750000	0	0	6	cluster_6	1.0000
4607	Spectrogram 1	1	1151.500000	1152.000000	0	0	6	cluster_6	1.0000
4608	Spectrogram 1	1	1151.750000	1152.250000	0	0	6	cluster_6	1.0000
4609	Spectrogram 1	1	1152.000000	1152.500000	0	0	4	cluster_4	0.7696
4610	Spectrogram 1	1	1152.250000	1152.750000	0	0	4	cluster_4	0.7296
4611	Spectrogram 1	1	1152.500000	1153.000000	0	0	12	cluster_12	0.8237
4612	Spectrogram 1	1	1152.750000	1153.250000	0	0	5	cluster_5	1.0000
4613	Spectrogram 1	1	1153.000000	1153.500000	0	0	5	cluster_5	1.0000
4614	Spectrogram 1	1	1153.250000	1153.750000	0	0	5	cluster_5	1.0000
4615	Spectrogram 1	1	1153.500000	1154.000000	0	0	5	cluster_5	0.9880
4616	Spectrogram 1	1	1153.750000	1154.250000	0	0	5	cluster_5	0.9067
4617	Spectrogram 1	1	1154.000000	1154.500000	0	0	5	cluster_5	1.0000
4618	Spectrogram 1	1	1154.250000	1154.750000	0	0	5	cluster_5	1.0000
4619	Spectrogram 1	1	1154.500000	1155.000000	0	0	5	cluster_5	0.9489
4620	Spectrogram 1	1	1154.750000	1155.250000	0	0	5	cluster_5	1.0000
4621	Spectrogram 1	1	1155.000000	1155.500000	0	0	5	cluster_5	0.8769
4622	Spectrogram 1	1	1155.250000	1155.750000	0	0	10	cluster_10	1.0000
4623	Spectrogram 1	1	1155.500000	1156.000000	0	0	10	cluster_10	1.0000
4624	Spectrogram 1	1	1155.750000	1156.250000	0	0	10	cluster_10	0.9815
4625	Spectrogram 1	1	1156.000000	1156.500000	0	0	10	cluster_10	0.9708
4626	Spectrogram 1	1	1156.250000	1156.750000	0	0	10	cluster_10	1.0000
4627	Spectrogram 1	1	1156.500000	1157.000000	0	0	10	cluster_10	1.0000
4628	Spectrogram 1	1	1156.750000	1157.250000	0	0	10	cluster_10	0.7829
4629	Spectrogram 1	1	1157.000000	1157.500000	0	0	10	cluster_10	0.8677
4630	Spectrogram 1	1	1157.250000	1157.750000	0	0	6	cluster_6	0.8088
4631	Spectrogram 1	1	1157.500000	1158.000000	0	0	6	cluster_6	0.7779
4632	Spectrogram 1	1	1157.750000	1158.250000	0	0	6	cluster_6	0.9432
4633	Spectrogram 1	1	1158.000000	1158.500000	0	0	6	cluster_6	0.7674
4634	Spectrogram 1	1	1158.250000	1158.750000	0	0	6	cluster_6	1.0000
4635	Spectrogram 1	1	1158.500000	1159.000000	0	0	6	cluster_6	1.0000
4636	Spectrogram 1	1	1158.750000	1159.250000	0	0	6	cluster_6	1.0000
4637	Spectrogram 1	1	1159.000000	1159.500000	0	0	6	cluster_6	1.0000
4638	Spectrogram 1	1	1159.250000	1159.750000	0	0	6	cluster_6	1.0000
4639	Spectrogram 1	1	1159.500000	1160.000000	0	0	noise	cluster_noise	0.0000
4640	Spectrogram 1	1	1159.750000	1160.250000	0	0	noise	cluster_noise	0.0000
4641	Spectrogram 1	1	1160.000000	1160.500000	0	0	noise	cluster_noise	0.0000
4642	Spectrogram 1	1	1160.250000	1160.750000	0	0	noise	cluster_noise	0.0000
4643	Spectrogram 1	1	1160.500000	1161.000000	0	0	noise	cluster_noise	0.0000
4644	Spectrogram 1	1	1160.750000	1161.250000	0	0	noise	cluster_noise	0.0000
4645	Spectrogram 1	1	1161.000000	1161.500000	0	0	noise	cluster_noise	0.0000
4646	Spectrogram 1	1	1161.250000	1161.750000	0	0	noise	cluster_noise	0.0000
4647	Spectrogram 1	1	1161.500000	1162.000000	0	0	noise	cluster_noise	0.0000
4648	Spectrogram 1	1	1161.750000	1162.250000	0	0	noise	cluster_noise	0.0000
4649	Spectrogram 1	1	1162.000000	1162.500000	0	0	6	cluster_6	0.7982
4650	Spectrogram 1	1	1162.250000	1162.750000	0	0	6	cluster_6	1.0000
4651	Spectrogram 1	1	1162.500000	1163.000000	0	0	6	cluster_6	1.0000
4652	Spectrogram 1	1	1162.750000	1163.250000	0	0	6	cluster_6	1.0000
4653	Spectrogram 1	1	1163.000000	1163.500000	0	0	6	cluster_6	1.0000
4654	Spectrogram 1	1	1163.250000	1163.750000	0	0	6	cluster_6	0.9040
4655	Spectrogram 1	1	1163.500000	1164.000000	0	0	noise	cluster_noise	0.0000
4656	Spectrogram 1	1	1163.750000	1164.250000	0	0	5	cluster_5	0.9567
4657	Spectrogram 1	1	1164.000000	1164.500000	0	0	5	cluster_5	1.0000
4658	Spectrogram 1	1	1164.250000	1164.750000	0	0	5	cluster_5	1.0000
4659	Spectrogram 1	1	1164.500000	1165.000000	0	0	5	cluster_5	1.0000
4660	Spectrogram 1	1	1164.750000	1165.250000	0	0	5	cluster_5	0.9550
4661	Spectrogram 1	1	1165.000000	1165.500000	0	0	5	cluster_5	1.0000
4662	Spectrogram 1	1	1165.250000	1165.750000	0	0	5	cluster_5	0.9844
4663	Spectrogram 1	1	1165.500000	1166.000000	0	0	5	cluster_5	1.0000
4664	Spectrogram 1	1	1165.750000	1166.250000	0	0	5	cluster_5	1.0000
4665	Spectrogram 1	1	1166.000000	1166.500000	0	0	10	cluster_10	1.0000
4666	Spectrogram 1	1	1166.250000	1166.750000	0	0	10	cluster_10	0.9784
4667	Spectrogram 1	1	1166.500000	1167.000000	0	0	10	cluster_10	0.9113
4668	Spectrogram 1	1	1166.750000	1167.250000	0	0	10	cluster_10	0.9403
4669	Spectrogram 1	1	1167.000000	1167.500000	0	0	10	cluster_10	1.0000
4670	Spectrogram 1	1	1167.250000	1167.750000	0	0	10	cluster_10	1.0000
4671	Spectrogram 1	1	1167.500000	1168.000000	0	0	10	cluster_10	1.0000
4672	Spectrogram 1	1	1167.750000	1168.250000	0	0	noise	cluster_noise	0.0000
4673	Spectrogram 1	1	1168.000000	1168.500000	0	0	10	cluster_10	1.0000
4674	Spectrogram 1	1	1168.250000	1168.750000	0	0	10	cluster_10	0.9217
4675	Spectrogram 1	1	1168.500000	1169.000000	0	0	6	cluster_6	0.8357
4676	Spectrogram 1	1	1168.750000	1169.250000	0	0	6	cluster_6	0.8061
4677	Spectrogram 1	1	1169.000000	1169.500000	0	0	6	cluster_6	0.8405
4678	Spectrogram 1	1	1169.250000	1169.750000	0	0	6	cluster_6	1.0000
4679	Spectrogram 1	1	1169.500000	1170.000000	0	0	6	cluster_6	0.9403
4680	Spectrogram 1	1	1169.750000	1170.250000	0	0	6	cluster_6	0.9044
4681	Spectrogram 1	1	1170.000000	1170.500000	0	0	6	cluster_6	0.6806
4682	Spectrogram 1	1	1170.250000	1170.750000	0	0	noise	cluster_noise	0.0000
4683	Spectrogram 1	1	1170.500000	1171.000000	0	0	noise	cluster_noise	0.0000
4684	Spectrogram 1	1	1170.750000	1171.250000	0	0	noise	cluster_noise	0.0000
4685	Spectrogram 1	1	1171.000000	1171.500000	0	0	noise	cluster_noise	0.0000
4686	Spectrogram 1	1	1171.250000	1171.750000	0	0	noise	cluster_noise	0.0000
4687	Spectrogram 1	1	1171.500000	1172.000000	0	0	noise	cluster_noise	0.0000
4688	Spectrogram 1	1	1171.750000	1172.250000	0	0	noise	cluster_noise	0.0000
4689	Spectrogram 1	1	1172.000000	1172.500000	0	0	noise	cluster_noise	0.0000
4690	Spectrogram 1	1	1172.250000	1172.750000	0	0	noise	cluster_noise	0.0000
4691	Spectrogram 1	1	1172.500000	1173.000000	0	0	6	cluster_6	0.9830
4692	Spectrogram 1	1	1172.750000	1173.250000	0	0	6	cluster_6	1.0000
4693	Spectrogram 1	1	1173.000000	1173.500000	0	0	6	cluster_6	1.0000
4694	Spectrogram 1	1	1173.250000	1173.750000	0	0	6	cluster_6	0.8153
4695	Spectrogram 1	1	1173.500000	1174.000000	0	0	6	cluster_6	0.8951
4696	Spectrogram 1	1	1173.750000	1174.250000	0	0	6	cluster_6	0.9671
4697	Spectrogram 1	1	1174.000000	1174.500000	0	0	6	cluster_6	0.8822
4698	Spectrogram 1	1	1174.250000	1174.750000	0	0	6	cluster_6	0.8435
4699	Spectrogram 1	1	1174.500000	1175.000000	0	0	5	cluster_5	0.9080
4700	Spectrogram 1	1	1174.750000	1175.250000	0	0	5	cluster_5	1.0000
4701	Spectrogram 1	1	1175.000000	1175.500000	0	0	5	cluster_5	1.0000
4702	Spectrogram 1	1	1175.250000	1175.750000	0	0	5	cluster_5	1.0000
4703	Spectrogram 1	1	1175.500000	1176.000000	0	0	5	cluster_5	0.8439
4704	Spectrogram 1	1	1175.750000	1176.250000	0	0	5	cluster_5	1.0000
4705	Spectrogram 1	1	1176.000000	1176.500000	0	0	5	cluster_5	1.0000
4706	Spectrogram 1	1	1176.250000	1176.750000	0	0	5	cluster_5	1.0000
4707	Spectrogram 1	1	1176.500000	1177.000000	0	0	5	cluster_5	0.9650
4708	Spectrogram 1	1	1176.750000	1177.250000	0	0	5	cluster_5	1.0000
4709	Spectrogram 1	1	1177.000000	1177.500000	0	0	5	cluster_5	0.5395
4710	Spectrogram 1	1	1177.250000	1177.750000	0	0	10	cluster_10	1.0000
4711	Spectrogram 1	1	1177.500000	1178.000000	0	0	10	cluster_10	0.9762
4712	Spectrogram 1	1	1177.750000	1178.250000	0	0	noise	cluster_noise	0.0000
4713	Spectrogram 1	1	1178.000000	1178.500000	0	0	10	cluster_10	0.9788
4714	Spectrogram 1	1	1178.250000	1178.750000	0	0	10	cluster_10	1.0000
4715	Spectrogram 1	1	1178.500000	1179.000000	0	0	10	cluster_10	1.0000
4716	Spectrogram 1	1	1178.750000	1179.250000	0	0	noise	cluster_noise	0.0000
4717	Spectrogram 1	1	1179.000000	1179.500000	0	0	10	cluster_10	0.9530
4718	Spectrogram 1	1	1179.250000	1179.750000	0	0	noise	cluster_noise	0.0000
4719	Spectrogram 1	1	1179.500000	1180.000000	0	0	6	cluster_6	0.8343
4720	Spectrogram 1	1	1179.750000	1180.250000	0	0	6	cluster_6	1.0000
4721	Spectrogram 1	1	1180.000000	1180.500000	0	0	6	cluster_6	1.0000
4722	Spectrogram 1	1	1180.250000	1180.750000	0	0	6	cluster_6	1.0000
4723	Spectrogram 1	1	1180.500000	1181.000000	0	0	6	cluster_6	1.0000
4724	Spectrogram 1	1	1180.750000	1181.250000	0	0	6	cluster_6	1.0000
4725	Spectrogram 1	1	1181.000000	1181.500000	0	0	6	cluster_6	0.9493
4726	Spectrogram 1	1	1181.250000	1181.750000	0	0	12	cluster_12	0.7840
4727	Spectrogram 1	1	1181.500000	1182.000000	0	0	noise	cluster_noise	0.0000
4728	Spectrogram 1	1	1181.750000	1182.250000	0	0	noise	cluster_noise	0.0000
4729	Spectrogram 1	1	1182.000000	1182.500000	0	0	noise	cluster_noise	0.0000
4730	Spectrogram 1	1	1182.250000	1182.750000	0	0	noise	cluster_noise	0.0000
4731	Spectrogram 1	1	1182.500000	1183.000000	0	0	noise	cluster_noise	0.0000
4732	Spectrogram 1	1	1182.750000	1183.250000	0	0	noise	cluster_noise	0.0000
4733	Spectrogram 1	1	1183.000000	1183.500000	0	0	noise	cluster_noise	0.0000
4734	Spectrogram 1	1	1183.250000	1183.750000	0	0	noise	cluster_noise	0.0000
4735	Spectrogram 1	1	1183.500000	1184.000000	0	0	noise	cluster_noise	0.0000
4736	Spectrogram 1	1	1183.750000	1184.250000	0	0	noise	cluster_noise	0.0000
4737	Spectrogram 1	1	1184.000000	1184.500000	0	0	noise	cluster_noise	0.0000
4738	Spectrogram 1	1	1184.250000	1184.750000	0	0	noise	cluster_noise	0.0000
4739	Spectrogram 1	1	1184.500000	1185.000000	0	0	6	cluster_6	1.0000
4740	Spectrogram 1	1	1184.750000	1185.250000	0	0	6	cluster_6	1.0000
4741	Spectrogram 1	1	1185.000000	1185.500000	0	0	6	cluster_6	1.0000
4742	Spectrogram 1	1	1185.250000	1185.750000	0	0	6	cluster_6	0.9630
4743	Spectrogram 1	1	1185.500000	1186.000000	0	0	noise	cluster_noise	0.0000
4744	Spectrogram 1	1	1185.750000	1186.250000	0	0	5	cluster_5	0.9731
4745	Spectrogram 1	1	1186.000000	1186.500000	0	0	5	cluster_5	1.0000
4746	Spectrogram 1	1	1186.250000	1186.750000	0	0	5	cluster_5	1.0000
4747	Spectrogram 1	1	1186.500000	1187.000000	0	0	5	cluster_5	1.0000
4748	Spectrogram 1	1	1186.750000	1187.250000	0	0	5	cluster_5	0.9725
4749	Spectrogram 1	1	1187.000000	1187.500000	0	0	5	cluster_5	1.0000
4750	Spectrogram 1	1	1187.250000	1187.750000	0	0	5	cluster_5	0.9569
4751	Spectrogram 1	1	1187.500000	1188.000000	0	0	5	cluster_5	0.9011
4752	Spectrogram 1	1	1187.750000	1188.250000	0	0	5	cluster_5	0.9728
4753	Spectrogram 1	1	1188.000000	1188.500000	0	0	5	cluster_5	0.7284
4754	Spectrogram 1	1	1188.250000	1188.750000	0	0	10	cluster_10	1.0000
4755	Spectrogram 1	1	1188.500000	1189.000000	0	0	10	cluster_10	1.0000
4756	Spectrogram 1	1	1188.750000	1189.250000	0	0	10	cluster_10	0.9164
4757	Spectrogram 1	1	1189.000000	1189.500000	0	0	10	cluster_10	1.0000
4758	Spectrogram 1	1	1189.250000	1189.750000	0	0	10	cluster_10	1.0000
4759	Spectrogram 1	1	1189.500000	1190.000000	0	0	10	cluster_10	0.8992
4760	Spectrogram 1	1	1189.750000	1190.250000	0	0	10	cluster_10	0.8607
4761	Spectrogram 1	1	1190.000000	1190.500000	0	0	10	cluster_10	0.8581
4762	Spectrogram 1	1	1190.250000	1190.750000	0	0	6	cluster_6	1.0000
4763	Spectrogram 1	1	1190.500000	1191.000000	0	0	6	cluster_6	1.0000
4764	Spectrogram 1	1	1190.750000	1191.250000	0	0	6	cluster_6	1.0000
4765	Spectrogram 1	1	1191.000000	1191.500000	0	0	6	cluster_6	1.0000
4766	Spectrogram 1	1	1191.250000	1191.750000	0	0	6	cluster_6	0.8915
4767	Spectrogram 1	1	1191.500000	1192.000000	0	0	6	cluster_6	1.0000
4768	Spectrogram 1	1	1191.750000	1192.250000	0	0	6	cluster_6	1.0000
4769	Spectrogram 1	1	1192.000000	1192.500000	0	0	6	cluster_6	1.0000
4770	Spectrogram 1	1	1192.250000	1192.750000	0	0	12	cluster_12	0.7751
4771	Spectrogram 1	1	1192.500000	1193.000000	0	0	noise	cluster_noise	0.0000
4772	Spectrogram 1	1	1192.750000	1193.250000	0	0	noise	cluster_noise	0.0000
4773	Spectrogram 1	1	1193.000000	1193.500000	0	0	noise	cluster_noise	0.0000
4774	Spectrogram 1	1	1193.250000	1193.750000	0	0	noise	cluster_noise	0.0000
4775	Spectrogram 1	1	1193.500000	1194.000000	0	0	noise	cluster_noise	0.0000
4776	Spectrogram 1	1	1193.750000	1194.250000	0	0	noise	cluster_noise	0.0000
4777	Spectrogram 1	1	1194.000000	1194.500000	0	0	noise	cluster_noise	0.0000
4778	Spectrogram 1	1	1194.250000	1194.750000	0	0	noise	cluster_noise	0.0000
4779	Spectrogram 1	1	1194.500000	1195.000000	0	0	noise	cluster_noise	0.0000
4780	Spectrogram 1	1	1194.750000	1195.250000	0	0	noise	cluster_noise	0.0000
4781	Spectrogram 1	1	1195.000000	1195.500000	0	0	6	cluster_6	1.0000
4782	Spectrogram 1	1	1195.250000	1195.750000	0	0	6	cluster_6	1.0000
4783	Spectrogram 1	1	1195.500000	1196.000000	0	0	6	cluster_6	1.0000
4784	Spectrogram 1	1	1195.750000	1196.250000	0	0	6	cluster_6	1.0000
4785	Spectrogram 1	1	1196.000000	1196.500000	0	0	6	cluster_6	1.0000
4786	Spectrogram 1	1	1196.250000	1196.750000	0	0	6	cluster_6	0.7257
4787	Spectrogram 1	1	1196.500000	1197.000000	0	0	5	cluster_5	0.8547
4788	Spectrogram 1	1	1196.750000	1197.250000	0	0	5	cluster_5	0.9365
4789	Spectrogram 1	1	1197.000000	1197.500000	0	0	5	cluster_5	1.0000
4790	Spectrogram 1	1	1197.250000	1197.750000	0	0	5	cluster_5	0.9127
4791	Spectrogram 1	1	1197.500000	1198.000000	0	0	5	cluster_5	1.0000
4792	Spectrogram 1	1	1197.750000	1198.250000	0	0	5	cluster_5	0.6862
4793	Spectrogram 1	1	1198.000000	1198.500000	0	0	5	cluster_5	0.6587
4794	Spectrogram 1	1	1198.250000	1198.750000	0	0	5	cluster_5	0.6587
4795	Spectrogram 1	1	1198.500000	1199.000000	0	0	5	cluster_5	0.6587
4796	Spectrogram 1	1	1198.750000	1199.250000	0	0	noise	cluster_noise	0.0000
4797	Spectrogram 1	1	1199.000000	1199.500000	0	0	noise	cluster_noise	0.0000
4798	Spectrogram 1	1	1199.250000	1199.750000	0	0	5	cluster_5	0.9285
4799	Spectrogram 1	1	1199.500000	1200.000000	0	0	5	cluster_5	0.9132
4800	Spectrogram 1	1	1199.750000	1200.250000	0	0	5	cluster_5	0.5773
4801	Spectrogram 1	1	1200.000000	1200.500000	0	0	6	cluster_6	0.9050
4802	Spectrogram 1	1	1200.250000	1200.750000	0	0	noise	cluster_noise	0.0000
4803	Spectrogram 1	1	1200.500000	1201.000000	0	0	noise	cluster_noise	0.0000
4804	Spectrogram 1	1	1200.750000	1201.250000	0	0	noise	cluster_noise	0.0000
4805	Spectrogram 1	1	1201.000000	1201.500000	0	0	noise	cluster_noise	0.0000
4806	Spectrogram 1	1	1201.250000	1201.750000	0	0	noise	cluster_noise	0.0000
4807	Spectrogram 1	1	1201.500000	1202.000000	0	0	noise	cluster_noise	0.0000
4808	Spectrogram 1	1	1201.750000	1202.250000	0	0	6	cluster_6	1.0000
4809	Spectrogram 1	1	1202.000000	1202.500000	0	0	noise	cluster_noise	0.0000
4810	Spectrogram 1	1	1202.250000	1202.750000	0	0	12	cluster_12	0.9074
4811	Spectrogram 1	1	1202.500000	1203.000000	0	0	12	cluster_12	0.8951
4812	Spectrogram 1	1	1202.750000	1203.250000	0	0	12	cluster_12	0.9529
4813	Spectrogram 1	1	1203.000000	1203.500000	0	0	12	cluster_12	0.7370
4814	Spectrogram 1	1	1203.250000	1203.750000	0	0	6	cluster_6	1.0000
4815	Spectrogram 1	1	1203.500000	1204.000000	0	0	noise	cluster_noise	0.0000
4816	Spectrogram 1	1	1203.750000	1204.250000	0	0	noise	cluster_noise	0.0000
4817	Spectrogram 1	1	1204.000000	1204.500000	0	0	noise	cluster_noise	0.0000
4818	Spectrogram 1	1	1204.250000	1204.750000	0	0	noise	cluster_noise	0.0000
4819	Spectrogram 1	1	1204.500000	1205.000000	0	0	noise	cluster_noise	0.0000
4820	Spectrogram 1	1	1204.750000	1205.250000	0	0	noise	cluster_noise	0.0000
4821	Spectrogram 1	1	1205.000000	1205.500000	0	0	6	cluster_6	1.0000
4822	Spectrogram 1	1	1205.250000	1205.750000	0	0	noise	cluster_noise	0.0000
4823	Spectrogram 1	1	1205.500000	1206.000000	0	0	noise	cluster_noise	0.0000
4824	Spectrogram 1	1	1205.750000	1206.250000	0	0	12	cluster_12	1.0000
4825	Spectrogram 1	1	1206.000000	1206.500000	0	0	12	cluster_12	0.9816
4826	Spectrogram 1	1	1206.250000	1206.750000	0	0	12	cluster_12	1.0000
4827	Spectrogram 1	1	1206.500000	1207.000000	0	0	12	cluster_12	0.7615
4828	Spectrogram 1	1	1206.750000	1207.250000	0	0	6	cluster_6	0.6835
4829	Spectrogram 1	1	1207.000000	1207.500000	0	0	6	cluster_6	0.7348
4830	Spectrogram 1	1	1207.250000	1207.750000	0	0	12	cluster_12	0.8573
4831	Spectrogram 1	1	1207.500000	1208.000000	0	0	6	cluster_6	1.0000
4832	Spectrogram 1	1	1207.750000	1208.250000	0	0	6	cluster_6	0.9910
4833	Spectrogram 1	1	1208.000000	1208.500000	0	0	6	cluster_6	1.0000
4834	Spectrogram 1	1	1208.250000	1208.750000	0	0	noise	cluster_noise	0.0000
4835	Spectrogram 1	1	1208.500000	1209.000000	0	0	noise	cluster_noise	0.0000
4836	Spectrogram 1	1	1208.750000	1209.250000	0	0	3	cluster_3	0.5565
4837	Spectrogram 1	1	1209.000000	1209.500000	0	0	3	cluster_3	0.7662
4838	Spectrogram 1	1	1209.250000	1209.750000	0	0	3	cluster_3	1.0000
4839	Spectrogram 1	1	1209.500000	1210.000000	0	0	3	cluster_3	0.8579
4840	Spectrogram 1	1	1209.750000	1210.250000	0	0	3	cluster_3	0.7159
4841	Spectrogram 1	1	1210.000000	1210.500000	0	0	5	cluster_5	0.5478
4842	Spectrogram 1	1	1210.250000	1210.750000	0	0	6	cluster_6	0.9848
4843	Spectrogram 1	1	1210.500000	1211.000000	0	0	6	cluster_6	1.0000
4844	Spectrogram 1	1	1210.750000	1211.250000	0	0	6	cluster_6	1.0000
4845	Spectrogram 1	1	1211.000000	1211.500000	0	0	noise	cluster_noise	0.0000
4846	Spectrogram 1	1	1211.250000	1211.750000	0	0	noise	cluster_noise	0.0000
4847	Spectrogram 1	1	1211.500000	1212.000000	0	0	6	cluster_6	0.6559
4848	Spectrogram 1	1	1211.750000	1212.250000	0	0	6	cluster_6	1.0000
4849	Spectrogram 1	1	1212.000000	1212.500000	0	0	6	cluster_6	1.0000
4850	Spectrogram 1	1	1212.250000	1212.750000	0	0	5	cluster_5	1.0000
4851	Spectrogram 1	1	1212.500000	1213.000000	0	0	5	cluster_5	1.0000
4852	Spectrogram 1	1	1212.750000	1213.250000	0	0	5	cluster_5	1.0000
4853	Spectrogram 1	1	1213.000000	1213.500000	0	0	5	cluster_5	1.0000
4854	Spectrogram 1	1	1213.250000	1213.750000	0	0	5	cluster_5	1.0000
4855	Spectrogram 1	1	1213.500000	1214.000000	0	0	5	cluster_5	1.0000
4856	Spectrogram 1	1	1213.750000	1214.250000	0	0	5	cluster_5	1.0000
4857	Spectrogram 1	1	1214.000000	1214.500000	0	0	5	cluster_5	1.0000
4858	Spectrogram 1	1	1214.250000	1214.750000	0	0	5	cluster_5	0.5972
4859	Spectrogram 1	1	1214.500000	1215.000000	0	0	6	cluster_6	1.0000
4860	Spectrogram 1	1	1214.750000	1215.250000	0	0	noise	cluster_noise	0.0000
4861	Spectrogram 1	1	1215.000000	1215.500000	0	0	12	cluster_12	1.0000
4862	Spectrogram 1	1	1215.250000	1215.750000	0	0	12	cluster_12	1.0000
4863	Spectrogram 1	1	1215.500000	1216.000000	0	0	12	cluster_12	0.8495
4864	Spectrogram 1	1	1215.750000	1216.250000	0	0	6	cluster_6	1.0000
4865	Spectrogram 1	1	1216.000000	1216.500000	0	0	12	cluster_12	0.7854
4866	Spectrogram 1	1	1216.250000	1216.750000	0	0	5	cluster_5	0.5424
4867	Spectrogram 1	1	1216.500000	1217.000000	0	0	6	cluster_6	1.0000
4868	Spectrogram 1	1	1216.750000	1217.250000	0	0	noise	cluster_noise	0.0000
4869	Spectrogram 1	1	1217.000000	1217.500000	0	0	12	cluster_12	0.8185
4870	Spectrogram 1	1	1217.250000	1217.750000	0	0	12	cluster_12	1.0000
4871	Spectrogram 1	1	1217.500000	1218.000000	0	0	12	cluster_12	1.0000
4872	Spectrogram 1	1	1217.750000	1218.250000	0	0	12	cluster_12	0.8034
4873	Spectrogram 1	1	1218.000000	1218.500000	0	0	6	cluster_6	1.0000
4874	Spectrogram 1	1	1218.250000	1218.750000	0	0	12	cluster_12	0.7669
4875	Spectrogram 1	1	1218.500000	1219.000000	0	0	12	cluster_12	0.7879
4876	Spectrogram 1	1	1218.750000	1219.250000	0	0	6	cluster_6	0.9073
4877	Spectrogram 1	1	1219.000000	1219.500000	0	0	12	cluster_12	0.8246
4878	Spectrogram 1	1	1219.250000	1219.750000	0	0	12	cluster_12	0.8413
4879	Spectrogram 1	1	1219.500000	1220.000000	0	0	12	cluster_12	1.0000
4880	Spectrogram 1	1	1219.750000	1220.250000	0	0	12	cluster_12	0.7877
4881	Spectrogram 1	1	1220.000000	1220.500000	0	0	6	cluster_6	0.9379
4882	Spectrogram 1	1	1220.250000	1220.750000	0	0	noise	cluster_noise	0.0000
4883	Spectrogram 1	1	1220.500000	1221.000000	0	0	noise	cluster_noise	0.0000
4884	Spectrogram 1	1	1220.750000	1221.250000	0	0	6	cluster_6	1.0000
4885	Spectrogram 1	1	1221.000000	1221.500000	0	0	12	cluster_12	0.8774
4886	Spectrogram 1	1	1221.250000	1221.750000	0	0	12	cluster_12	0.9631
4887	Spectrogram 1	1	1221.500000	1222.000000	0	0	12	cluster_12	1.0000
4888	Spectrogram 1	1	1221.750000	1222.250000	0	0	noise	cluster_noise	0.0000
4889	Spectrogram 1	1	1222.000000	1222.500000	0	0	noise	cluster_noise	0.0000
4890	Spectrogram 1	1	1222.250000	1222.750000	0	0	12	cluster_12	0.7759
4891	Spectrogram 1	1	1222.500000	1223.000000	0	0	12	cluster_12	0.7637
4892	Spectrogram 1	1	1222.750000	1223.250000	0	0	12	cluster_12	0.7498
4893	Spectrogram 1	1	1223.000000	1223.500000	0	0	12	cluster_12	1.0000
4894	Spectrogram 1	1	1223.250000	1223.750000	0	0	12	cluster_12	0.9725
4895	Spectrogram 1	1	1223.500000	1224.000000	0	0	noise	cluster_noise	0.0000
4896	Spectrogram 1	1	1223.750000	1224.250000	0	0	6	cluster_6	1.0000
4897	Spectrogram 1	1	1224.000000	1224.500000	0	0	12	cluster_12	0.8354
4898	Spectrogram 1	1	1224.250000	1224.750000	0	0	noise	cluster_noise	0.0000
4899	Spectrogram 1	1	1224.500000	1225.000000	0	0	5	cluster_5	0.6587
4900	Spectrogram 1	1	1224.750000	1225.250000	0	0	6	cluster_6	1.0000
4901	Spectrogram 1	1	1225.000000	1225.500000	0	0	6	cluster_6	1.0000
4902	Spectrogram 1	1	1225.250000	1225.750000	0	0	noise	cluster_noise	0.0000
4903	Spectrogram 1	1	1225.500000	1226.000000	0	0	noise	cluster_noise	0.0000
4904	Spectrogram 1	1	1225.750000	1226.250000	0	0	3	cluster_3	0.7869
4905	Spectrogram 1	1	1226.000000	1226.500000	0	0	3	cluster_3	1.0000
4906	Spectrogram 1	1	1226.250000	1226.750000	0	0	3	cluster_3	1.0000
4907	Spectrogram 1	1	1226.500000	1227.000000	0	0	3	cluster_3	0.8594
4908	Spectrogram 1	1	1226.750000	1227.250000	0	0	3	cluster_3	0.8013
4909	Spectrogram 1	1	1227.000000	1227.500000	0	0	3	cluster_3	0.9173
4910	Spectrogram 1	1	1227.250000	1227.750000	0	0	3	cluster_3	0.7233
4911	Spectrogram 1	1	1227.500000	1228.000000	0	0	5	cluster_5	0.5366
4912	Spectrogram 1	1	1227.750000	1228.250000	0	0	6	cluster_6	0.6695
4913	Spectrogram 1	1	1228.000000	1228.500000	0	0	6	cluster_6	0.6793
4914	Spectrogram 1	1	1228.250000	1228.750000	0	0	5	cluster_5	0.9293
4915	Spectrogram 1	1	1228.500000	1229.000000	0	0	noise	cluster_noise	0.0000
4916	Spectrogram 1	1	1228.750000	1229.250000	0	0	6	cluster_6	0.9487
4917	Spectrogram 1	1	1229.000000	1229.500000	0	0	6	cluster_6	0.9325
4918	Spectrogram 1	1	1229.250000	1229.750000	0	0	6	cluster_6	1.0000
4919	Spectrogram 1	1	1229.500000	1230.000000	0	0	6	cluster_6	1.0000
4920	Spectrogram 1	1	1229.750000	1230.250000	0	0	5	cluster_5	1.0000
4921	Spectrogram 1	1	1230.000000	1230.500000	0	0	5	cluster_5	0.9857
4922	Spectrogram 1	1	1230.250000	1230.750000	0	0	5	cluster_5	1.0000
4923	Spectrogram 1	1	1230.500000	1231.000000	0	0	5	cluster_5	1.0000
4924	Spectrogram 1	1	1230.750000	1231.250000	0	0	5	cluster_5	0.8945
4925	Spectrogram 1	1	1231.000000	1231.500000	0	0	5	cluster_5	0.6189
4926	Spectrogram 1	1	1231.250000	1231.750000	0	0	5	cluster_5	0.5938
4927	Spectrogram 1	1	1231.500000	1232.000000	0	0	5	cluster_5	0.6587
4928	Spectrogram 1	1	1231.750000	1232.250000	0	0	5	cluster_5	0.6587
4929	Spectrogram 1	1	1232.000000	1232.500000	0	0	5	cluster_5	0.6096
4930	Spectrogram 1	1	1232.250000	1232.750000	0	0	noise	cluster_noise	0.0000
4931	Spectrogram 1	1	1232.500000	1233.000000	0	0	noise	cluster_noise	0.0000
4932	Spectrogram 1	1	1232.750000	1233.250000	0	0	12	cluster_12	0.9474
4933	Spectrogram 1	1	1233.000000	1233.500000	0	0	12	cluster_12	0.9505
4934	Spectrogram 1	1	1233.250000	1233.750000	0	0	noise	cluster_noise	0.0000
4935	Spectrogram 1	1	1233.500000	1234.000000	0	0	12	cluster_12	0.8858
4936	Spectrogram 1	1	1233.750000	1234.250000	0	0	12	cluster_12	0.7526
4937	Spectrogram 1	1	1234.000000	1234.500000	0	0	12	cluster_12	0.7505
4938	Spectrogram 1	1	1234.250000	1234.750000	0	0	6	cluster_6	1.0000
4939	Spectrogram 1	1	1234.500000	1235.000000	0	0	12	cluster_12	0.7577
4940	Spectrogram 1	1	1234.750000	1235.250000	0	0	12	cluster_12	0.9801
4941	Spectrogram 1	1	1235.000000	1235.500000	0	0	12	cluster_12	1.0000
4942	Spectrogram 1	1	1235.250000	1235.750000	0	0	12	cluster_12	0.9470
4943	Spectrogram 1	1	1235.500000	1236.000000	0	0	5	cluster_5	0.8476
4944	Spectrogram 1	1	1235.750000	1236.250000	0	0	12	cluster_12	0.8375
4945	Spectrogram 1	1	1236.000000	1236.500000	0	0	12	cluster_12	0.9176
4946	Spectrogram 1	1	1236.250000	1236.750000	0	0	12	cluster_12	0.7645
4947	Spectrogram 1	1	1236.500000	1237.000000	0	0	12	cluster_12	0.7704
4948	Spectrogram 1	1	1236.750000	1237.250000	0	0	12	cluster_12	0.8271
4949	Spectrogram 1	1	1237.000000	1237.500000	0	0	12	cluster_12	0.9311
4950	Spectrogram 1	1	1237.250000	1237.750000	0	0	12	cluster_12	1.0000
4951	Spectrogram 1	1	1237.500000	1238.000000	0	0	12	cluster_12	0.7489
4952	Spectrogram 1	1	1237.750000	1238.250000	0	0	12	cluster_12	0.8148
4953	Spectrogram 1	1	1238.000000	1238.500000	0	0	12	cluster_12	1.0000
4954	Spectrogram 1	1	1238.250000	1238.750000	0	0	12	cluster_12	0.8873
4955	Spectrogram 1	1	1238.500000	1239.000000	0	0	12	cluster_12	0.7384
4956	Spectrogram 1	1	1238.750000	1239.250000	0	0	12	cluster_12	1.0000
4957	Spectrogram 1	1	1239.000000	1239.500000	0	0	12	cluster_12	1.0000
4958	Spectrogram 1	1	1239.250000	1239.750000	0	0	12	cluster_12	0.8891
4959	Spectrogram 1	1	1239.500000	1240.000000	0	0	12	cluster_12	0.7384
4960	Spectrogram 1	1	1239.750000	1240.250000	0	0	noise	cluster_noise	0.0000
4961	Spectrogram 1	1	1240.000000	1240.500000	0	0	noise	cluster_noise	0.0000
4962	Spectrogram 1	1	1240.250000	1240.750000	0	0	12	cluster_12	0.8883
4963	Spectrogram 1	1	1240.500000	1241.000000	0	0	noise	cluster_noise	0.0000
4964	Spectrogram 1	1	1240.750000	1241.250000	0	0	12	cluster_12	0.8150
4965	Spectrogram 1	1	1241.000000	1241.500000	0	0	12	cluster_12	1.0000
4966	Spectrogram 1	1	1241.250000	1241.750000	0	0	noise	cluster_noise	0.0000
4967	Spectrogram 1	1	1241.500000	1242.000000	0	0	6	cluster_6	0.6587
4968	Spectrogram 1	1	1241.750000	1242.250000	0	0	noise	cluster_noise	0.0000
4969	Spectrogram 1	1	1242.000000	1242.500000	0	0	12	cluster_12	0.8323
4970	Spectrogram 1	1	1242.250000	1242.750000	0	0	6	cluster_6	0.9821
4971	Spectrogram 1	1	1242.500000	1243.000000	0	0	6	cluster_6	1.0000
4972	Spectrogram 1	1	1242.750000	1243.250000	0	0	noise	cluster_noise	0.0000
4973	Spectrogram 1	1	1243.000000	1243.500000	0	0	3	cluster_3	0.5157
4974	Spectrogram 1	1	1243.250000	1243.750000	0	0	3	cluster_3	0.7694
4975	Spectrogram 1	1	1243.500000	1244.000000	0	0	3	cluster_3	1.0000
4976	Spectrogram 1	1	1243.750000	1244.250000	0	0	3	cluster_3	1.0000
4977	Spectrogram 1	1	1244.000000	1244.500000	0	0	3	cluster_3	1.0000
4978	Spectrogram 1	1	1244.250000	1244.750000	0	0	3	cluster_3	0.9765
4979	Spectrogram 1	1	1244.500000	1245.000000	0	0	3	cluster_3	0.8720
4980	Spectrogram 1	1	1244.750000	1245.250000	0	0	3	cluster_3	0.7926
4981	Spectrogram 1	1	1245.000000	1245.500000	0	0	3	cluster_3	0.6788
4982	Spectrogram 1	1	1245.250000	1245.750000	0	0	5	cluster_5	0.5407
4983	Spectrogram 1	1	1245.500000	1246.000000	0	0	5	cluster_5	0.5394
4984	Spectrogram 1	1	1245.750000	1246.250000	0	0	5	cluster_5	0.6514
4985	Spectrogram 1	1	1246.000000	1246.500000	0	0	5	cluster_5	0.9609
4986	Spectrogram 1	1	1246.250000	1246.750000	0	0	noise	cluster_noise	0.0000
4987	Spectrogram 1	1	1246.500000	1247.000000	0	0	6	cluster_6	0.9898
4988	Spectrogram 1	1	1246.750000	1247.250000	0	0	6	cluster_6	0.6952
4989	Spectrogram 1	1	1247.000000	1247.500000	0	0	5	cluster_5	0.5433
4990	Spectrogram 1	1	1247.250000	1247.750000	0	0	5	cluster_5	1.0000
4991	Spectrogram 1	1	1247.500000	1248.000000	0	0	5	cluster_5	0.9810
4992	Spectrogram 1	1	1247.750000	1248.250000	0	0	5	cluster_5	1.0000
4993	Spectrogram 1	1	1248.000000	1248.500000	0	0	5	cluster_5	0.9363
4994	Spectrogram 1	1	1248.250000	1248.750000	0	0	5	cluster_5	1.0000
4995	Spectrogram 1	1	1248.500000	1249.000000	0	0	5	cluster_5	0.9413
4996	Spectrogram 1	1	1248.750000	1249.250000	0	0	5	cluster_5	1.0000
4997	Spectrogram 1	1	1249.000000	1249.500000	0	0	5	cluster_5	1.0000
4998	Spectrogram 1	1	1249.250000	1249.750000	0	0	5	cluster_5	1.0000
4999	Spectrogram 1	1	1249.500000	1250.000000	0	0	6	cluster_6	0.8441
5000	Spectrogram 1	1	1249.750000	1250.250000	0	0	12	cluster_12	0.8351
5001	Spectrogram 1	1	1250.000000	1250.500000	0	0	12	cluster_12	0.8280
5002	Spectrogram 1	1	1250.250000	1250.750000	0	0	12	cluster_12	0.9160
5003	Spectrogram 1	1	1250.500000	1251.000000	0	0	noise	cluster_noise	0.0000
5004	Spectrogram 1	1	1250.750000	1251.250000	0	0	12	cluster_12	0.8616
5005	Spectrogram 1	1	1251.000000	1251.500000	0	0	noise	cluster_noise	0.0000
5006	Spectrogram 1	1	1251.250000	1251.750000	0	0	6	cluster_6	0.6122
5007	Spectrogram 1	1	1251.500000	1252.000000	0	0	noise	cluster_noise	0.0000
5008	Spectrogram 1	1	1251.750000	1252.250000	0	0	12	cluster_12	0.8638
5009	Spectrogram 1	1	1252.000000	1252.500000	0	0	12	cluster_12	0.8539
5010	Spectrogram 1	1	1252.250000	1252.750000	0	0	12	cluster_12	0.9034
5011	Spectrogram 1	1	1252.500000	1253.000000	0	0	noise	cluster_noise	0.0000
5012	Spectrogram 1	1	1252.750000	1253.250000	0	0	12	cluster_12	0.8739
5013	Spectrogram 1	1	1253.000000	1253.500000	0	0	12	cluster_12	0.7931
5014	Spectrogram 1	1	1253.250000	1253.750000	0	0	noise	cluster_noise	0.0000
5015	Spectrogram 1	1	1253.500000	1254.000000	0	0	12	cluster_12	0.8109
5016	Spectrogram 1	1	1253.750000	1254.250000	0	0	12	cluster_12	0.9462
5017	Spectrogram 1	1	1254.000000	1254.500000	0	0	12	cluster_12	0.8869
5018	Spectrogram 1	1	1254.250000	1254.750000	0	0	noise	cluster_noise	0.0000
5019	Spectrogram 1	1	1254.500000	1255.000000	0	0	12	cluster_12	0.8173
5020	Spectrogram 1	1	1254.750000	1255.250000	0	0	noise	cluster_noise	0.0000
5021	Spectrogram 1	1	1255.000000	1255.500000	0	0	12	cluster_12	1.0000
5022	Spectrogram 1	1	1255.250000	1255.750000	0	0	12	cluster_12	1.0000
5023	Spectrogram 1	1	1255.500000	1256.000000	0	0	12	cluster_12	1.0000
5024	Spectrogram 1	1	1255.750000	1256.250000	0	0	12	cluster_12	0.7650
5025	Spectrogram 1	1	1256.000000	1256.500000	0	0	12	cluster_12	0.9004
5026	Spectrogram 1	1	1256.250000	1256.750000	0	0	5	cluster_5	0.5385
5027	Spectrogram 1	1	1256.500000	1257.000000	0	0	12	cluster_12	0.9464
5028	Spectrogram 1	1	1256.750000	1257.250000	0	0	12	cluster_12	1.0000
5029	Spectrogram 1	1	1257.000000	1257.500000	0	0	12	cluster_12	1.0000
5030	Spectrogram 1	1	1257.250000	1257.750000	0	0	12	cluster_12	0.8017
5031	Spectrogram 1	1	1257.500000	1258.000000	0	0	12	cluster_12	0.9302
5032	Spectrogram 1	1	1257.750000	1258.250000	0	0	5	cluster_5	0.6115
5033	Spectrogram 1	1	1258.000000	1258.500000	0	0	5	cluster_5	0.6575
5034	Spectrogram 1	1	1258.250000	1258.750000	0	0	5	cluster_5	0.5127
5035	Spectrogram 1	1	1258.500000	1259.000000	0	0	6	cluster_6	1.0000
5036	Spectrogram 1	1	1258.750000	1259.250000	0	0	noise	cluster_noise	0.0000
5037	Spectrogram 1	1	1259.000000	1259.500000	0	0	noise	cluster_noise	0.0000
5038	Spectrogram 1	1	1259.250000	1259.750000	0	0	3	cluster_3	0.7968
5039	Spectrogram 1	1	1259.500000	1260.000000	0	0	3	cluster_3	1.0000
5040	Spectrogram 1	1	1259.750000	1260.250000	0	0	3	cluster_3	1.0000
5041	Spectrogram 1	1	1260.000000	1260.500000	0	0	3	cluster_3	1.0000
5042	Spectrogram 1	1	1260.250000	1260.750000	0	0	3	cluster_3	1.0000
5043	Spectrogram 1	1	1260.500000	1261.000000	0	0	3	cluster_3	0.9219
5044	Spectrogram 1	1	1260.750000	1261.250000	0	0	3	cluster_3	0.7383
5045	Spectrogram 1	1	1261.000000	1261.500000	0	0	3	cluster_3	0.6670
5046	Spectrogram 1	1	1261.250000	1261.750000	0	0	noise	cluster_noise	0.0000
5047	Spectrogram 1	1	1261.500000	1262.000000	0	0	noise	cluster_noise	0.0000
5048	Spectrogram 1	1	1261.750000	1262.250000	0	0	noise	cluster_noise	0.0000
5049	Spectrogram 1	1	1262.000000	1262.500000	0	0	noise	cluster_noise	0.0000
5050	Spectrogram 1	1	1262.250000	1262.750000	0	0	6	cluster_6	0.6428
5051	Spectrogram 1	1	1262.500000	1263.000000	0	0	6	cluster_6	0.8555
5052	Spectrogram 1	1	1262.750000	1263.250000	0	0	6	cluster_6	0.9212
5053	Spectrogram 1	1	1263.000000	1263.500000	0	0	6	cluster_6	0.9003
5054	Spectrogram 1	1	1263.250000	1263.750000	0	0	5	cluster_5	1.0000
5055	Spectrogram 1	1	1263.500000	1264.000000	0	0	5	cluster_5	0.9644
5056	Spectrogram 1	1	1263.750000	1264.250000	0	0	5	cluster_5	1.0000
5057	Spectrogram 1	1	1264.000000	1264.500000	0	0	5	cluster_5	1.0000
5058	Spectrogram 1	1	1264.250000	1264.750000	0	0	5	cluster_5	1.0000
5059	Spectrogram 1	1	1264.500000	1265.000000	0	0	5	cluster_5	0.9370
5060	Spectrogram 1	1	1264.750000	1265.250000	0	0	5	cluster_5	0.8840
5061	Spectrogram 1	1	1265.000000	1265.500000	0	0	5	cluster_5	1.0000
5062	Spectrogram 1	1	1265.250000	1265.750000	0	0	5	cluster_5	1.0000
5063	Spectrogram 1	1	1265.500000	1266.000000	0	0	6	cluster_6	0.9014
5064	Spectrogram 1	1	1265.750000	1266.250000	0	0	12	cluster_12	0.8312
5065	Spectrogram 1	1	1266.000000	1266.500000	0	0	12	cluster_12	1.0000
5066	Spectrogram 1	1	1266.250000	1266.750000	0	0	12	cluster_12	0.9647
5067	Spectrogram 1	1	1266.500000	1267.000000	0	0	12	cluster_12	0.7564
5068	Spectrogram 1	1	1266.750000	1267.250000	0	0	6	cluster_6	1.0000
5069	Spectrogram 1	1	1267.000000	1267.500000	0	0	12	cluster_12	0.8193
5070	Spectrogram 1	1	1267.250000	1267.750000	0	0	noise	cluster_noise	0.0000
5071	Spectrogram 1	1	1267.500000	1268.000000	0	0	noise	cluster_noise	0.0000
5072	Spectrogram 1	1	1267.750000	1268.250000	0	0	12	cluster_12	0.8694
5073	Spectrogram 1	1	1268.000000	1268.500000	0	0	12	cluster_12	1.0000
5074	Spectrogram 1	1	1268.250000	1268.750000	0	0	12	cluster_12	0.7777
5075	Spectrogram 1	1	1268.500000	1269.000000	0	0	11	cluster_11	0.8862
5076	Spectrogram 1	1	1268.750000	1269.250000	0	0	noise	cluster_noise	0.0000
5077	Spectrogram 1	1	1269.000000	1269.500000	0	0	noise	cluster_noise	0.0000
5078	Spectrogram 1	1	1269.250000	1269.750000	0	0	noise	cluster_noise	0.0000
5079	Spectrogram 1	1	1269.500000	1270.000000	0	0	12	cluster_12	0.7711
5080	Spectrogram 1	1	1269.750000	1270.250000	0	0	noise	cluster_noise	0.0000
5081	Spectrogram 1	1	1270.000000	1270.500000	0	0	12	cluster_12	0.7437
5082	Spectrogram 1	1	1270.250000	1270.750000	0	0	12	cluster_12	0.7580
5083	Spectrogram 1	1	1270.500000	1271.000000	0	0	12	cluster_12	0.8359
5084	Spectrogram 1	1	1270.750000	1271.250000	0	0	noise	cluster_noise	0.0000
5085	Spectrogram 1	1	1271.000000	1271.500000	0	0	noise	cluster_noise	0.0000
5086	Spectrogram 1	1	1271.250000	1271.750000	0	0	12	cluster_12	0.7624
5087	Spectrogram 1	1	1271.500000	1272.000000	0	0	12	cluster_12	0.8511
5088	Spectrogram 1	1	1271.750000	1272.250000	0	0	12	cluster_12	0.8925
5089	Spectrogram 1	1	1272.000000	1272.500000	0	0	12	cluster_12	0.7522
5090	Spectrogram 1	1	1272.250000	1272.750000	0	0	12	cluster_12	0.8868
5091	Spectrogram 1	1	1272.500000	1273.000000	0	0	12	cluster_12	0.7358
5092	Spectrogram 1	1	1272.750000	1273.250000	0	0	noise	cluster_noise	0.0000
5093	Spectrogram 1	1	1273.000000	1273.500000	0	0	6	cluster_6	0.9879
5094	Spectrogram 1	1	1273.250000	1273.750000	0	0	6	cluster_6	1.0000
5095	Spectrogram 1	1	1273.500000	1274.000000	0	0	6	cluster_6	1.0000
5096	Spectrogram 1	1	1273.750000	1274.250000	0	0	noise	cluster_noise	0.0000
5097	Spectrogram 1	1	1274.000000	1274.500000	0	0	3	cluster_3	0.5083
5098	Spectrogram 1	1	1274.250000	1274.750000	0	0	3	cluster_3	0.6922
5099	Spectrogram 1	1	1274.500000	1275.000000	0	0	3	cluster_3	0.9690
5100	Spectrogram 1	1	1274.750000	1275.250000	0	0	3	cluster_3	1.0000
5101	Spectrogram 1	1	1275.000000	1275.500000	0	0	3	cluster_3	0.8995
5102	Spectrogram 1	1	1275.250000	1275.750000	0	0	3	cluster_3	0.8327
5103	Spectrogram 1	1	1275.500000	1276.000000	0	0	3	cluster_3	1.0000
5104	Spectrogram 1	1	1275.750000	1276.250000	0	0	3	cluster_3	1.0000
5105	Spectrogram 1	1	1276.000000	1276.500000	0	0	3	cluster_3	0.6739
5106	Spectrogram 1	1	1276.250000	1276.750000	0	0	5	cluster_5	0.7197
5107	Spectrogram 1	1	1276.500000	1277.000000	0	0	5	cluster_5	0.8860
5108	Spectrogram 1	1	1276.750000	1277.250000	0	0	5	cluster_5	0.8979
5109	Spectrogram 1	1	1277.000000	1277.500000	0	0	noise	cluster_noise	0.0000
5110	Spectrogram 1	1	1277.250000	1277.750000	0	0	6	cluster_6	1.0000
5111	Spectrogram 1	1	1277.500000	1278.000000	0	0	5	cluster_5	0.5913
5112	Spectrogram 1	1	1277.750000	1278.250000	0	0	noise	cluster_noise	0.0000
5113	Spectrogram 1	1	1278.000000	1278.500000	0	0	6	cluster_6	0.7381
5114	Spectrogram 1	1	1278.250000	1278.750000	0	0	6	cluster_6	0.6537
5115	Spectrogram 1	1	1278.500000	1279.000000	0	0	6	cluster_6	0.7383
5116	Spectrogram 1	1	1278.750000	1279.250000	0	0	6	cluster_6	1.0000
5117	Spectrogram 1	1	1279.000000	1279.500000	0	0	6	cluster_6	0.8828
5118	Spectrogram 1	1	1279.250000	1279.750000	0	0	6	cluster_6	0.8720
5119	Spectrogram 1	1	1279.500000	1280.000000	0	0	6	cluster_6	0.8388
5120	Spectrogram 1	1	1279.750000	1280.250000	0	0	noise	cluster_noise	0.0000
5121	Spectrogram 1	1	1280.000000	1280.500000	0	0	4	cluster_4	0.9950
5122	Spectrogram 1	1	1280.250000	1280.750000	0	0	4	cluster_4	1.0000
5123	Spectrogram 1	1	1280.500000	1281.000000	0	0	noise	cluster_noise	0.0000
5124	Spectrogram 1	1	1280.750000	1281.250000	0	0	12	cluster_12	0.7371
5125	Spectrogram 1	1	1281.000000	1281.500000	0	0	noise	cluster_noise	0.0000
5126	Spectrogram 1	1	1281.250000	1281.750000	0	0	noise	cluster_noise	0.0000
5127	Spectrogram 1	1	1281.500000	1282.000000	0	0	0	cluster_0	0.5967
5128	Spectrogram 1	1	1281.750000	1282.250000	0	0	0	cluster_0	0.9668
5129	Spectrogram 1	1	1282.000000	1282.500000	0	0	0	cluster_0	0.5972
5130	Spectrogram 1	1	1282.250000	1282.750000	0	0	12	cluster_12	0.7729
5131	Spectrogram 1	1	1282.500000	1283.000000	0	0	noise	cluster_noise	0.0000
5132	Spectrogram 1	1	1282.750000	1283.250000	0	0	noise	cluster_noise	0.0000
5133	Spectrogram 1	1	1283.000000	1283.500000	0	0	0	cluster_0	0.7571
5134	Spectrogram 1	1	1283.250000	1283.750000	0	0	0	cluster_0	0.9361
5135	Spectrogram 1	1	1283.500000	1284.000000	0	0	0	cluster_0	0.9613
5136	Spectrogram 1	1	1283.750000	1284.250000	0	0	0	cluster_0	0.7865
5137	Spectrogram 1	1	1284.000000	1284.500000	0	0	0	cluster_0	0.5637
5138	Spectrogram 1	1	1284.250000	1284.750000	0	0	6	cluster_6	0.6983
5139	Spectrogram 1	1	1284.500000	1285.000000	0	0	6	cluster_6	0.6583
5140	Spectrogram 1	1	1284.750000	1285.250000	0	0	noise	cluster_noise	0.0000
5141	Spectrogram 1	1	1285.000000	1285.500000	0	0	noise	cluster_noise	0.0000
5142	Spectrogram 1	1	1285.250000	1285.750000	0	0	6	cluster_6	1.0000
5143	Spectrogram 1	1	1285.500000	1286.000000	0	0	6	cluster_6	1.0000
5144	Spectrogram 1	1	1285.750000	1286.250000	0	0	6	cluster_6	1.0000
5145	Spectrogram 1	1	1286.000000	1286.500000	0	0	6	cluster_6	1.0000
5146	Spectrogram 1	1	1286.250000	1286.750000	0	0	5	cluster_5	0.5781
5147	Spectrogram 1	1	1286.500000	1287.000000	0	0	3	cluster_3	0.6683
5148	Spectrogram 1	1	1286.750000	1287.250000	0	0	3	cluster_3	1.0000
5149	Spectrogram 1	1	1287.000000	1287.500000	0	0	3	cluster_3	1.0000
5150	Spectrogram 1	1	1287.250000	1287.750000	0	0	3	cluster_3	1.0000
5151	Spectrogram 1	1	1287.500000	1288.000000	0	0	3	cluster_3	1.0000
5152	Spectrogram 1	1	1287.750000	1288.250000	0	0	3	cluster_3	0.5881
5153	Spectrogram 1	1	1288.000000	1288.500000	0	0	5	cluster_5	1.0000
5154	Spectrogram 1	1	1288.250000	1288.750000	0	0	5	cluster_5	1.0000
5155	Spectrogram 1	1	1288.500000	1289.000000	0	0	6	cluster_6	0.6536
5156	Spectrogram 1	1	1288.750000	1289.250000	0	0	5	cluster_5	0.6337
5157	Spectrogram 1	1	1289.000000	1289.500000	0	0	6	cluster_6	0.6303
5158	Spectrogram 1	1	1289.250000	1289.750000	0	0	6	cluster_6	0.9991
5159	Spectrogram 1	1	1289.500000	1290.000000	0	0	6	cluster_6	1.0000
5160	Spectrogram 1	1	1289.750000	1290.250000	0	0	6	cluster_6	1.0000
5161	Spectrogram 1	1	1290.000000	1290.500000	0	0	6	cluster_6	1.0000
5162	Spectrogram 1	1	1290.250000	1290.750000	0	0	6	cluster_6	1.0000
5163	Spectrogram 1	1	1290.500000	1291.000000	0	0	6	cluster_6	1.0000
5164	Spectrogram 1	1	1290.750000	1291.250000	0	0	6	cluster_6	1.0000
5165	Spectrogram 1	1	1291.000000	1291.500000	0	0	5	cluster_5	0.5317
5166	Spectrogram 1	1	1291.250000	1291.750000	0	0	5	cluster_5	0.5214
5167	Spectrogram 1	1	1291.500000	1292.000000	0	0	noise	cluster_noise	0.0000
5168	Spectrogram 1	1	1291.750000	1292.250000	0	0	noise	cluster_noise	0.0000
5169	Spectrogram 1	1	1292.000000	1292.500000	0	0	noise	cluster_noise	0.0000
5170	Spectrogram 1	1	1292.250000	1292.750000	0	0	noise	cluster_noise	0.0000
5171	Spectrogram 1	1	1292.500000	1293.000000	0	0	noise	cluster_noise	0.0000
5172	Spectrogram 1	1	1292.750000	1293.250000	0	0	noise	cluster_noise	0.0000
5173	Spectrogram 1	1	1293.000000	1293.500000	0	0	6	cluster_6	1.0000
5174	Spectrogram 1	1	1293.250000	1293.750000	0	0	6	cluster_6	1.0000
5175	Spectrogram 1	1	1293.500000	1294.000000	0	0	6	cluster_6	0.6753
5176	Spectrogram 1	1	1293.750000	1294.250000	0	0	6	cluster_6	1.0000
5177	Spectrogram 1	1	1294.000000	1294.500000	0	0	0	cluster_0	0.5148
5178	Spectrogram 1	1	1294.250000	1294.750000	0	0	0	cluster_0	0.6814
5179	Spectrogram 1	1	1294.500000	1295.000000	0	0	0	cluster_0	1.0000
5180	Spectrogram 1	1	1294.750000	1295.250000	0	0	0	cluster_0	1.0000
5181	Spectrogram 1	1	1295.000000	1295.500000	0	0	0	cluster_0	1.0000
5182	Spectrogram 1	1	1295.250000	1295.750000	0	0	0	cluster_0	0.4184
5183	Spectrogram 1	1	1295.500000	1296.000000	0	0	0	cluster_0	0.3793
5184	Spectrogram 1	1	1295.750000	1296.250000	0	0	noise	cluster_noise	0.0000
5185	Spectrogram 1	1	1296.000000	1296.500000	0	0	noise	cluster_noise	0.0000
5186	Spectrogram 1	1	1296.250000	1296.750000	0	0	6	cluster_6	0.6983
5187	Spectrogram 1	1	1296.500000	1297.000000	0	0	6	cluster_6	1.0000
5188	Spectrogram 1	1	1296.750000	1297.250000	0	0	6	cluster_6	1.0000
5189	Spectrogram 1	1	1297.000000	1297.500000	0	0	6	cluster_6	1.0000
5190	Spectrogram 1	1	1297.250000	1297.750000	0	0	6	cluster_6	1.0000
5191	Spectrogram 1	1	1297.500000	1298.000000	0	0	6	cluster_6	0.8276
5192	Spectrogram 1	1	1297.750000	1298.250000	0	0	noise	cluster_noise	0.0000
5193	Spectrogram 1	1	1298.000000	1298.500000	0	0	noise	cluster_noise	0.0000
5194	Spectrogram 1	1	1298.250000	1298.750000	0	0	3	cluster_3	0.6946
5195	Spectrogram 1	1	1298.500000	1299.000000	0	0	3	cluster_3	1.0000
5196	Spectrogram 1	1	1298.750000	1299.250000	0	0	3	cluster_3	1.0000
5197	Spectrogram 1	1	1299.000000	1299.500000	0	0	3	cluster_3	1.0000
5198	Spectrogram 1	1	1299.250000	1299.750000	0	0	3	cluster_3	0.6345
5199	Spectrogram 1	1	1299.500000	1300.000000	0	0	3	cluster_3	0.7164
5200	Spectrogram 1	1	1299.750000	1300.250000	0	0	5	cluster_5	0.9155
5201	Spectrogram 1	1	1300.000000	1300.500000	0	0	5	cluster_5	0.5311
5202	Spectrogram 1	1	1300.250000	1300.750000	0	0	noise	cluster_noise	0.0000
5203	Spectrogram 1	1	1300.500000	1301.000000	0	0	5	cluster_5	0.7768
5204	Spectrogram 1	1	1300.750000	1301.250000	0	0	5	cluster_5	0.5486
5205	Spectrogram 1	1	1301.000000	1301.500000	0	0	6	cluster_6	1.0000
5206	Spectrogram 1	1	1301.250000	1301.750000	0	0	6	cluster_6	0.8514
5207	Spectrogram 1	1	1301.500000	1302.000000	0	0	6	cluster_6	0.8710
5208	Spectrogram 1	1	1301.750000	1302.250000	0	0	6	cluster_6	1.0000
5209	Spectrogram 1	1	1302.000000	1302.500000	0	0	6	cluster_6	1.0000
5210	Spectrogram 1	1	1302.250000	1302.750000	0	0	6	cluster_6	1.0000
5211	Spectrogram 1	1	1302.500000	1303.000000	0	0	6	cluster_6	1.0000
5212	Spectrogram 1	1	1302.750000	1303.250000	0	0	6	cluster_6	0.6425
5213	Spectrogram 1	1	1303.000000	1303.500000	0	0	noise	cluster_noise	0.0000
5214	Spectrogram 1	1	1303.250000	1303.750000	0	0	noise	cluster_noise	0.0000
5215	Spectrogram 1	1	1303.500000	1304.000000	0	0	noise	cluster_noise	0.0000
5216	Spectrogram 1	1	1303.750000	1304.250000	0	0	4	cluster_4	0.7104
5217	Spectrogram 1	1	1304.000000	1304.500000	0	0	4	cluster_4	0.7383
5218	Spectrogram 1	1	1304.250000	1304.750000	0	0	4	cluster_4	0.6959
5219	Spectrogram 1	1	1304.500000	1305.000000	0	0	4	cluster_4	0.6662
5220	Spectrogram 1	1	1304.750000	1305.250000	0	0	noise	cluster_noise	0.0000
5221	Spectrogram 1	1	1305.000000	1305.500000	0	0	8	cluster_8	1.0000
5222	Spectrogram 1	1	1305.250000	1305.750000	0	0	6	cluster_6	0.8067
5223	Spectrogram 1	1	1305.500000	1306.000000	0	0	6	cluster_6	0.8596
5224	Spectrogram 1	1	1305.750000	1306.250000	0	0	0	cluster_0	0.4912
5225	Spectrogram 1	1	1306.000000	1306.500000	0	0	0	cluster_0	0.6583
5226	Spectrogram 1	1	1306.250000	1306.750000	0	0	0	cluster_0	1.0000
5227	Spectrogram 1	1	1306.500000	1307.000000	0	0	0	cluster_0	1.0000
5228	Spectrogram 1	1	1306.750000	1307.250000	0	0	0	cluster_0	1.0000
5229	Spectrogram 1	1	1307.000000	1307.500000	0	0	0	cluster_0	0.5835
5230	Spectrogram 1	1	1307.250000	1307.750000	0	0	0	cluster_0	0.3783
5231	Spectrogram 1	1	1307.500000	1308.000000	0	0	6	cluster_6	0.6983
5232	Spectrogram 1	1	1307.750000	1308.250000	0	0	6	cluster_6	0.6460
5233	Spectrogram 1	1	1308.000000	1308.500000	0	0	noise	cluster_noise	0.0000
5234	Spectrogram 1	1	1308.250000	1308.750000	0	0	6	cluster_6	0.8128
5235	Spectrogram 1	1	1308.500000	1309.000000	0	0	6	cluster_6	0.7636
5236	Spectrogram 1	1	1308.750000	1309.250000	0	0	6	cluster_6	1.0000
5237	Spectrogram 1	1	1309.000000	1309.500000	0	0	6	cluster_6	1.0000
5238	Spectrogram 1	1	1309.250000	1309.750000	0	0	6	cluster_6	0.6204
5239	Spectrogram 1	1	1309.500000	1310.000000	0	0	5	cluster_5	0.5630
5240	Spectrogram 1	1	1309.750000	1310.250000	0	0	noise	cluster_noise	0.0000
5241	Spectrogram 1	1	1310.000000	1310.500000	0	0	3	cluster_3	0.8595
5242	Spectrogram 1	1	1310.250000	1310.750000	0	0	3	cluster_3	1.0000
5243	Spectrogram 1	1	1310.500000	1311.000000	0	0	3	cluster_3	1.0000
5244	Spectrogram 1	1	1310.750000	1311.250000	0	0	3	cluster_3	1.0000
5245	Spectrogram 1	1	1311.000000	1311.500000	0	0	3	cluster_3	1.0000
5246	Spectrogram 1	1	1311.250000	1311.750000	0	0	3	cluster_3	1.0000
5247	Spectrogram 1	1	1311.500000	1312.000000	0	0	3	cluster_3	0.8679
5248	Spectrogram 1	1	1311.750000	1312.250000	0	0	5	cluster_5	0.7010
5249	Spectrogram 1	1	1312.000000	1312.500000	0	0	5	cluster_5	1.0000
5250	Spectrogram 1	1	1312.250000	1312.750000	0	0	5	cluster_5	1.0000
5251	Spectrogram 1	1	1312.500000	1313.000000	0	0	5	cluster_5	0.5943
5252	Spectrogram 1	1	1312.750000	1313.250000	0	0	6	cluster_6	0.7378
5253	Spectrogram 1	1	1313.000000	1313.500000	0	0	6	cluster_6	0.7162
5254	Spectrogram 1	1	1313.250000	1313.750000	0	0	6	cluster_6	0.6763
5255	Spectrogram 1	1	1313.500000	1314.000000	0	0	6	cluster_6	0.9870
5256	Spectrogram 1	1	1313.750000	1314.250000	0	0	6	cluster_6	1.0000
5257	Spectrogram 1	1	1314.000000	1314.500000	0	0	6	cluster_6	1.0000
5258	Spectrogram 1	1	1314.250000	1314.750000	0	0	6	cluster_6	1.0000
5259	Spectrogram 1	1	1314.500000	1315.000000	0	0	6	cluster_6	1.0000
5260	Spectrogram 1	1	1314.750000	1315.250000	0	0	noise	cluster_noise	0.0000
5261	Spectrogram 1	1	1315.000000	1315.500000	0	0	4	cluster_4	0.6399
5262	Spectrogram 1	1	1315.250000	1315.750000	0	0	4	cluster_4	1.0000
5263	Spectrogram 1	1	1315.500000	1316.000000	0	0	4	cluster_4	0.9989
5264	Spectrogram 1	1	1315.750000	1316.250000	0	0	4	cluster_4	1.0000
5265	Spectrogram 1	1	1316.000000	1316.500000	0	0	4	cluster_4	0.8703
5266	Spectrogram 1	1	1316.250000	1316.750000	0	0	noise	cluster_noise	0.0000
5267	Spectrogram 1	1	1316.500000	1317.000000	0	0	noise	cluster_noise	0.0000
5268	Spectrogram 1	1	1316.750000	1317.250000	0	0	6	cluster_6	1.0000
5269	Spectrogram 1	1	1317.000000	1317.500000	0	0	6	cluster_6	1.0000
5270	Spectrogram 1	1	1317.250000	1317.750000	0	0	0	cluster_0	0.5241
5271	Spectrogram 1	1	1317.500000	1318.000000	0	0	0	cluster_0	0.8159
5272	Spectrogram 1	1	1317.750000	1318.250000	0	0	0	cluster_0	1.0000
5273	Spectrogram 1	1	1318.000000	1318.500000	0	0	0	cluster_0	1.0000
5274	Spectrogram 1	1	1318.250000	1318.750000	0	0	0	cluster_0	1.0000
5275	Spectrogram 1	1	1318.500000	1319.000000	0	0	0	cluster_0	0.6481
5276	Spectrogram 1	1	1318.750000	1319.250000	0	0	0	cluster_0	0.3955
5277	Spectrogram 1	1	1319.000000	1319.500000	0	0	noise	cluster_noise	0.0000
5278	Spectrogram 1	1	1319.250000	1319.750000	0	0	noise	cluster_noise	0.0000
5279	Spectrogram 1	1	1319.500000	1320.000000	0	0	noise	cluster_noise	0.0000
5280	Spectrogram 1	1	1319.750000	1320.250000	0	0	6	cluster_6	1.0000
5281	Spectrogram 1	1	1320.000000	1320.500000	0	0	6	cluster_6	0.7832
5282	Spectrogram 1	1	1320.250000	1320.750000	0	0	6	cluster_6	0.8117
5283	Spectrogram 1	1	1320.500000	1321.000000	0	0	6	cluster_6	1.0000
5284	Spectrogram 1	1	1320.750000	1321.250000	0	0	6	cluster_6	0.9747
5285	Spectrogram 1	1	1321.000000	1321.500000	0	0	noise	cluster_noise	0.0000
5286	Spectrogram 1	1	1321.250000	1321.750000	0	0	noise	cluster_noise	0.0000
5287	Spectrogram 1	1	1321.500000	1322.000000	0	0	noise	cluster_noise	0.0000
5288	Spectrogram 1	1	1321.750000	1322.250000	0	0	3	cluster_3	1.0000
5289	Spectrogram 1	1	1322.000000	1322.500000	0	0	3	cluster_3	1.0000
5290	Spectrogram 1	1	1322.250000	1322.750000	0	0	3	cluster_3	1.0000
5291	Spectrogram 1	1	1322.500000	1323.000000	0	0	3	cluster_3	1.0000
5292	Spectrogram 1	1	1322.750000	1323.250000	0	0	3	cluster_3	1.0000
5293	Spectrogram 1	1	1323.000000	1323.500000	0	0	3	cluster_3	0.8990
5294	Spectrogram 1	1	1323.250000	1323.750000	0	0	3	cluster_3	0.7177
5295	Spectrogram 1	1	1323.500000	1324.000000	0	0	5	cluster_5	0.8591
5296	Spectrogram 1	1	1323.750000	1324.250000	0	0	5	cluster_5	1.0000
5297	Spectrogram 1	1	1324.000000	1324.500000	0	0	5	cluster_5	1.0000
5298	Spectrogram 1	1	1324.250000	1324.750000	0	0	6	cluster_6	0.8213
5299	Spectrogram 1	1	1324.500000	1325.000000	0	0	noise	cluster_noise	0.0000
5300	Spectrogram 1	1	1324.750000	1325.250000	0	0	6	cluster_6	1.0000
5301	Spectrogram 1	1	1325.000000	1325.500000	0	0	6	cluster_6	0.6736
5302	Spectrogram 1	1	1325.250000	1325.750000	0	0	6	cluster_6	0.7379
5303	Spectrogram 1	1	1325.500000	1326.000000	0	0	6	cluster_6	0.8354
5304	Spectrogram 1	1	1325.750000	1326.250000	0	0	6	cluster_6	0.9225
5305	Spectrogram 1	1	1326.000000	1326.500000	0	0	6	cluster_6	1.0000
5306	Spectrogram 1	1	1326.250000	1326.750000	0	0	6	cluster_6	1.0000
5307	Spectrogram 1	1	1326.500000	1327.000000	0	0	6	cluster_6	1.0000
5308	Spectrogram 1	1	1326.750000	1327.250000	0	0	noise	cluster_noise	0.0000
5309	Spectrogram 1	1	1327.000000	1327.500000	0	0	4	cluster_4	1.0000
5310	Spectrogram 1	1	1327.250000	1327.750000	0	0	4	cluster_4	1.0000
5311	Spectrogram 1	1	1327.500000	1328.000000	0	0	4	cluster_4	1.0000
5312	Spectrogram 1	1	1327.750000	1328.250000	0	0	4	cluster_4	1.0000
5313	Spectrogram 1	1	1328.000000	1328.500000	0	0	4	cluster_4	1.0000
5314	Spectrogram 1	1	1328.250000	1328.750000	0	0	4	cluster_4	1.0000
5315	Spectrogram 1	1	1328.500000	1329.000000	0	0	4	cluster_4	1.0000
5316	Spectrogram 1	1	1328.750000	1329.250000	0	0	noise	cluster_noise	0.0000
5317	Spectrogram 1	1	1329.000000	1329.500000	0	0	6	cluster_6	0.7847
5318	Spectrogram 1	1	1329.250000	1329.750000	0	0	6	cluster_6	0.9254
5319	Spectrogram 1	1	1329.500000	1330.000000	0	0	0	cluster_0	0.4616
5320	Spectrogram 1	1	1329.750000	1330.250000	0	0	0	cluster_0	0.6706
5321	Spectrogram 1	1	1330.000000	1330.500000	0	0	0	cluster_0	0.9700
5322	Spectrogram 1	1	1330.250000	1330.750000	0	0	0	cluster_0	0.8499
5323	Spectrogram 1	1	1330.500000	1331.000000	0	0	0	cluster_0	0.7835
5324	Spectrogram 1	1	1330.750000	1331.250000	0	0	0	cluster_0	0.7117
5325	Spectrogram 1	1	1331.000000	1331.500000	0	0	0	cluster_0	0.5144
5326	Spectrogram 1	1	1331.250000	1331.750000	0	0	6	cluster_6	0.7694
5327	Spectrogram 1	1	1331.500000	1332.000000	0	0	6	cluster_6	0.6885
5328	Spectrogram 1	1	1331.750000	1332.250000	0	0	noise	cluster_noise	0.0000
5329	Spectrogram 1	1	1332.000000	1332.500000	0	0	6	cluster_6	0.9844
5330	Spectrogram 1	1	1332.250000	1332.750000	0	0	6	cluster_6	0.9892
5331	Spectrogram 1	1	1332.500000	1333.000000	0	0	6	cluster_6	1.0000
5332	Spectrogram 1	1	1332.750000	1333.250000	0	0	6	cluster_6	0.6579
5333	Spectrogram 1	1	1333.000000	1333.500000	0	0	6	cluster_6	0.6207
5334	Spectrogram 1	1	1333.250000	1333.750000	0	0	noise	cluster_noise	0.0000
5335	Spectrogram 1	1	1333.500000	1334.000000	0	0	3	cluster_3	0.7138
5336	Spectrogram 1	1	1333.750000	1334.250000	0	0	3	cluster_3	1.0000
5337	Spectrogram 1	1	1334.000000	1334.500000	0	0	3	cluster_3	1.0000
5338	Spectrogram 1	1	1334.250000	1334.750000	0	0	3	cluster_3	1.0000
5339	Spectrogram 1	1	1334.500000	1335.000000	0	0	3	cluster_3	1.0000
5340	Spectrogram 1	1	1334.750000	1335.250000	0	0	3	cluster_3	1.0000
5341	Spectrogram 1	1	1335.000000	1335.500000	0	0	3	cluster_3	0.7027
5342	Spectrogram 1	1	1335.250000	1335.750000	0	0	3	cluster_3	0.5871
5343	Spectrogram 1	1	1335.500000	1336.000000	0	0	5	cluster_5	1.0000
5344	Spectrogram 1	1	1335.750000	1336.250000	0	0	5	cluster_5	1.0000
5345	Spectrogram 1	1	1336.000000	1336.500000	0	0	5	cluster_5	1.0000
5346	Spectrogram 1	1	1336.250000	1336.750000	0	0	6	cluster_6	0.7825
5347	Spectrogram 1	1	1336.500000	1337.000000	0	0	6	cluster_6	0.8304
5348	Spectrogram 1	1	1336.750000	1337.250000	0	0	6	cluster_6	0.7788
5349	Spectrogram 1	1	1337.000000	1337.500000	0	0	6	cluster_6	1.0000
5350	Spectrogram 1	1	1337.250000	1337.750000	0	0	6	cluster_6	0.9936
5351	Spectrogram 1	1	1337.500000	1338.000000	0	0	6	cluster_6	1.0000
5352	Spectrogram 1	1	1337.750000	1338.250000	0	0	6	cluster_6	1.0000
5353	Spectrogram 1	1	1338.000000	1338.500000	0	0	4	cluster_4	0.6636
5354	Spectrogram 1	1	1338.250000	1338.750000	0	0	6	cluster_6	0.6259
5355	Spectrogram 1	1	1338.500000	1339.000000	0	0	noise	cluster_noise	0.0000
5356	Spectrogram 1	1	1338.750000	1339.250000	0	0	noise	cluster_noise	0.0000
5357	Spectrogram 1	1	1339.000000	1339.500000	0	0	noise	cluster_noise	0.0000
5358	Spectrogram 1	1	1339.250000	1339.750000	0	0	4	cluster_4	0.6356
5359	Spectrogram 1	1	1339.500000	1340.000000	0	0	4	cluster_4	0.8366
5360	Spectrogram 1	1	1339.750000	1340.250000	0	0	4	cluster_4	0.9517
5361	Spectrogram 1	1	1340.000000	1340.500000	0	0	4	cluster_4	0.8738
5362	Spectrogram 1	1	1340.250000	1340.750000	0	0	noise	cluster_noise	0.0000
5363	Spectrogram 1	1	1340.500000	1341.000000	0	0	6	cluster_6	0.6454
5364	Spectrogram 1	1	1340.750000	1341.250000	0	0	6	cluster_6	0.6480
5365	Spectrogram 1	1	1341.000000	1341.500000	0	0	0	cluster_0	0.7064
5366	Spectrogram 1	1	1341.250000	1341.750000	0	0	0	cluster_0	1.0000
5367	Spectrogram 1	1	1341.500000	1342.000000	0	0	0	cluster_0	1.0000
5368	Spectrogram 1	1	1341.750000	1342.250000	0	0	0	cluster_0	1.0000
5369	Spectrogram 1	1	1342.000000	1342.500000	0	0	0	cluster_0	1.0000
5370	Spectrogram 1	1	1342.250000	1342.750000	0	0	0	cluster_0	1.0000
5371	Spectrogram 1	1	1342.500000	1343.000000	0	0	0	cluster_0	0.5721
5372	Spectrogram 1	1	1342.750000	1343.250000	0	0	6	cluster_6	0.6117
5373	Spectrogram 1	1	1343.000000	1343.500000	0	0	6	cluster_6	0.6140
5374	Spectrogram 1	1	1343.250000	1343.750000	0	0	6	cluster_6	0.6036
5375	Spectrogram 1	1	1343.500000	1344.000000	0	0	6	cluster_6	0.6062
5376	Spectrogram 1	1	1343.750000	1344.250000	0	0	6	cluster_6	1.0000
5377	Spectrogram 1	1	1344.000000	1344.500000	0	0	6	cluster_6	1.0000
5378	Spectrogram 1	1	1344.250000	1344.750000	0	0	6	cluster_6	1.0000
5379	Spectrogram 1	1	1344.500000	1345.000000	0	0	6	cluster_6	1.0000
5380	Spectrogram 1	1	1344.750000	1345.250000	0	0	noise	cluster_noise	0.0000
5381	Spectrogram 1	1	1345.000000	1345.500000	0	0	3	cluster_3	0.7048
5382	Spectrogram 1	1	1345.250000	1345.750000	0	0	3	cluster_3	1.0000
5383	Spectrogram 1	1	1345.500000	1346.000000	0	0	3	cluster_3	1.0000
5384	Spectrogram 1	1	1345.750000	1346.250000	0	0	3	cluster_3	1.0000
5385	Spectrogram 1	1	1346.000000	1346.500000	0	0	3	cluster_3	1.0000
5386	Spectrogram 1	1	1346.250000	1346.750000	0	0	3	cluster_3	1.0000
5387	Spectrogram 1	1	1346.500000	1347.000000	0	0	3	cluster_3	1.0000
5388	Spectrogram 1	1	1346.750000	1347.250000	0	0	3	cluster_3	0.7856
5389	Spectrogram 1	1	1347.000000	1347.500000	0	0	3	cluster_3	0.5786
5390	Spectrogram 1	1	1347.250000	1347.750000	0	0	5	cluster_5	0.8417
5391	Spectrogram 1	1	1347.500000	1348.000000	0	0	5	cluster_5	0.8450
5392	Spectrogram 1	1	1347.750000	1348.250000	0	0	5	cluster_5	0.7325
5393	Spectrogram 1	1	1348.000000	1348.500000	0	0	noise	cluster_noise	0.0000
5394	Spectrogram 1	1	1348.250000	1348.750000	0	0	noise	cluster_noise	0.0000
5395	Spectrogram 1	1	1348.500000	1349.000000	0	0	6	cluster_6	0.6241
5396	Spectrogram 1	1	1348.750000	1349.250000	0	0	6	cluster_6	1.0000
5397	Spectrogram 1	1	1349.000000	1349.500000	0	0	6	cluster_6	1.0000
5398	Spectrogram 1	1	1349.250000	1349.750000	0	0	6	cluster_6	0.7666
5399	Spectrogram 1	1	1349.500000	1350.000000	0	0	6	cluster_6	0.9947
5400	Spectrogram 1	1	1349.750000	1350.250000	0	0	6	cluster_6	1.0000
5401	Spectrogram 1	1	1350.000000	1350.500000	0	0	6	cluster_6	1.0000
5402	Spectrogram 1	1	1350.250000	1350.750000	0	0	noise	cluster_noise	0.0000
5403	Spectrogram 1	1	1350.500000	1351.000000	0	0	noise	cluster_noise	0.0000
5404	Spectrogram 1	1	1350.750000	1351.250000	0	0	4	cluster_4	0.6383
5405	Spectrogram 1	1	1351.000000	1351.500000	0	0	4	cluster_4	1.0000
5406	Spectrogram 1	1	1351.250000	1351.750000	0	0	4	cluster_4	1.0000
5407	Spectrogram 1	1	1351.500000	1352.000000	0	0	4	cluster_4	1.0000
5408	Spectrogram 1	1	1351.750000	1352.250000	0	0	4	cluster_4	1.0000
5409	Spectrogram 1	1	1352.000000	1352.500000	0	0	noise	cluster_noise	0.0000
5410	Spectrogram 1	1	1352.250000	1352.750000	0	0	3	cluster_3	0.6545
5411	Spectrogram 1	1	1352.500000	1353.000000	0	0	0	cluster_0	0.5553
5412	Spectrogram 1	1	1352.750000	1353.250000	0	0	0	cluster_0	0.9702
5413	Spectrogram 1	1	1353.000000	1353.500000	0	0	0	cluster_0	1.0000
5414	Spectrogram 1	1	1353.250000	1353.750000	0	0	0	cluster_0	1.0000
5415	Spectrogram 1	1	1353.500000	1354.000000	0	0	0	cluster_0	1.0000
5416	Spectrogram 1	1	1353.750000	1354.250000	0	0	0	cluster_0	1.0000
5417	Spectrogram 1	1	1354.000000	1354.500000	0	0	0	cluster_0	1.0000
5418	Spectrogram 1	1	1354.250000	1354.750000	0	0	0	cluster_0	0.6312
5419	Spectrogram 1	1	1354.500000	1355.000000	0	0	0	cluster_0	0.3605
5420	Spectrogram 1	1	1354.750000	1355.250000	0	0	6	cluster_6	0.6983
5421	Spectrogram 1	1	1355.000000	1355.500000	0	0	noise	cluster_noise	0.0000
5422	Spectrogram 1	1	1355.250000	1355.750000	0	0	noise	cluster_noise	0.0000
5423	Spectrogram 1	1	1355.500000	1356.000000	0	0	6	cluster_6	0.8392
5424	Spectrogram 1	1	1355.750000	1356.250000	0	0	6	cluster_6	1.0000
5425	Spectrogram 1	1	1356.000000	1356.500000	0	0	6	cluster_6	1.0000
5426	Spectrogram 1	1	1356.250000	1356.750000	0	0	6	cluster_6	1.0000
5427	Spectrogram 1	1	1356.500000	1357.000000	0	0	6	cluster_6	1.0000
5428	Spectrogram 1	1	1356.750000	1357.250000	0	0	noise	cluster_noise	0.0000
5429	Spectrogram 1	1	1357.000000	1357.500000	0	0	3	cluster_3	0.7513
5430	Spectrogram 1	1	1357.250000	1357.750000	0	0	3	cluster_3	1.0000
5431	Spectrogram 1	1	1357.500000	1358.000000	0	0	3	cluster_3	1.0000
5432	Spectrogram 1	1	1357.750000	1358.250000	0	0	3	cluster_3	1.0000
5433	Spectrogram 1	1	1358.000000	1358.500000	0	0	3	cluster_3	1.0000
5434	Spectrogram 1	1	1358.250000	1358.750000	0	0	3	cluster_3	1.0000
5435	Spectrogram 1	1	1358.500000	1359.000000	0	0	3	cluster_3	0.8211
5436	Spectrogram 1	1	1358.750000	1359.250000	0	0	3	cluster_3	0.7074
5437	Spectrogram 1	1	1359.000000	1359.500000	0	0	5	cluster_5	0.8125
5438	Spectrogram 1	1	1359.250000	1359.750000	0	0	5	cluster_5	0.8768
5439	Spectrogram 1	1	1359.500000	1360.000000	0	0	5	cluster_5	1.0000
5440	Spectrogram 1	1	1359.750000	1360.250000	0	0	5	cluster_5	0.5219
5441	Spectrogram 1	1	1360.000000	1360.500000	0	0	6	cluster_6	1.0000
5442	Spectrogram 1	1	1360.250000	1360.750000	0	0	6	cluster_6	0.8733
5443	Spectrogram 1	1	1360.500000	1361.000000	0	0	6	cluster_6	0.9253
5444	Spectrogram 1	1	1360.750000	1361.250000	0	0	6	cluster_6	1.0000
5445	Spectrogram 1	1	1361.000000	1361.500000	0	0	6	cluster_6	1.0000
5446	Spectrogram 1	1	1361.250000	1361.750000	0	0	6	cluster_6	1.0000
5447	Spectrogram 1	1	1361.500000	1362.000000	0	0	6	cluster_6	1.0000
5448	Spectrogram 1	1	1361.750000	1362.250000	0	0	6	cluster_6	0.8902
5449	Spectrogram 1	1	1362.000000	1362.500000	0	0	6	cluster_6	0.6421
5450	Spectrogram 1	1	1362.250000	1362.750000	0	0	4	cluster_4	0.6495
5451	Spectrogram 1	1	1362.500000	1363.000000	0	0	4	cluster_4	0.6422
5452	Spectrogram 1	1	1362.750000	1363.250000	0	0	4	cluster_4	0.6694
5453	Spectrogram 1	1	1363.000000	1363.500000	0	0	4	cluster_4	0.8737
5454	Spectrogram 1	1	1363.250000	1363.750000	0	0	noise	cluster_noise	0.0000
5455	Spectrogram 1	1	1363.500000	1364.000000	0	0	noise	cluster_noise	0.0000
5456	Spectrogram 1	1	1363.750000	1364.250000	0	0	6	cluster_6	1.0000
5457	Spectrogram 1	1	1364.000000	1364.500000	0	0	6	cluster_6	0.9405
5458	Spectrogram 1	1	1364.250000	1364.750000	0	0	0	cluster_0	0.5693
5459	Spectrogram 1	1	1364.500000	1365.000000	0	0	0	cluster_0	0.7870
5460	Spectrogram 1	1	1364.750000	1365.250000	0	0	0	cluster_0	1.0000
5461	Spectrogram 1	1	1365.000000	1365.500000	0	0	0	cluster_0	1.0000
5462	Spectrogram 1	1	1365.250000	1365.750000	0	0	0	cluster_0	1.0000
5463	Spectrogram 1	1	1365.500000	1366.000000	0	0	0	cluster_0	1.0000
5464	Spectrogram 1	1	1365.750000	1366.250000	0	0	0	cluster_0	1.0000
5465	Spectrogram 1	1	1366.000000	1366.500000	0	0	0	cluster_0	1.0000
5466	Spectrogram 1	1	1366.250000	1366.750000	0	0	0	cluster_0	0.7471
5467	Spectrogram 1	1	1366.500000	1367.000000	0	0	0	cluster_0	0.3651
5468	Spectrogram 1	1	1366.750000	1367.250000	0	0	6	cluster_6	0.6983
5469	Spectrogram 1	1	1367.000000	1367.500000	0	0	6	cluster_6	0.6044
5470	Spectrogram 1	1	1367.250000	1367.750000	0	0	6	cluster_6	0.6207
5471	Spectrogram 1	1	1367.500000	1368.000000	0	0	6	cluster_6	0.8517
5472	Spectrogram 1	1	1367.750000	1368.250000	0	0	6	cluster_6	1.0000
5473	Spectrogram 1	1	1368.000000	1368.500000	0	0	6	cluster_6	1.0000
5474	Spectrogram 1	1	1368.250000	1368.750000	0	0	6	cluster_6	1.0000
5475	Spectrogram 1	1	1368.500000	1369.000000	0	0	noise	cluster_noise	0.0000
5476	Spectrogram 1	1	1368.750000	1369.250000	0	0	3	cluster_3	1.0000
5477	Spectrogram 1	1	1369.000000	1369.500000	0	0	3	cluster_3	1.0000
5478	Spectrogram 1	1	1369.250000	1369.750000	0	0	3	cluster_3	1.0000
5479	Spectrogram 1	1	1369.500000	1370.000000	0	0	3	cluster_3	1.0000
5480	Spectrogram 1	1	1369.750000	1370.250000	0	0	3	cluster_3	1.0000
5481	Spectrogram 1	1	1370.000000	1370.500000	0	0	3	cluster_3	1.0000
5482	Spectrogram 1	1	1370.250000	1370.750000	0	0	3	cluster_3	1.0000
5483	Spectrogram 1	1	1370.500000	1371.000000	0	0	3	cluster_3	0.8887
5484	Spectrogram 1	1	1370.750000	1371.250000	0	0	3	cluster_3	0.6663
5485	Spectrogram 1	1	1371.000000	1371.500000	0	0	5	cluster_5	0.8617
5486	Spectrogram 1	1	1371.250000	1371.750000	0	0	5	cluster_5	1.0000
5487	Spectrogram 1	1	1371.500000	1372.000000	0	0	5	cluster_5	0.9447
5488	Spectrogram 1	1	1371.750000	1372.250000	0	0	6	cluster_6	0.8108
5489	Spectrogram 1	1	1372.000000	1372.500000	0	0	6	cluster_6	0.7702
5490	Spectrogram 1	1	1372.250000	1372.750000	0	0	noise	cluster_noise	0.0000
5491	Spectrogram 1	1	1372.500000	1373.000000	0	0	6	cluster_6	0.8900
5492	Spectrogram 1	1	1372.750000	1373.250000	0	0	6	cluster_6	1.0000
5493	Spectrogram 1	1	1373.000000	1373.500000	0	0	6	cluster_6	1.0000
5494	Spectrogram 1	1	1373.250000	1373.750000	0	0	6	cluster_6	0.9345
5495	Spectrogram 1	1	1373.500000	1374.000000	0	0	6	cluster_6	0.7820
5496	Spectrogram 1	1	1373.750000	1374.250000	0	0	6	cluster_6	1.0000
5497	Spectrogram 1	1	1374.000000	1374.500000	0	0	6	cluster_6	0.9698
5498	Spectrogram 1	1	1374.250000	1374.750000	0	0	6	cluster_6	0.8042
5499	Spectrogram 1	1	1374.500000	1375.000000	0	0	noise	cluster_noise	0.0000
5500	Spectrogram 1	1	1374.750000	1375.250000	0	0	noise	cluster_noise	0.0000
5501	Spectrogram 1	1	1375.000000	1375.500000	0	0	12	cluster_12	0.7813
5502	Spectrogram 1	1	1375.250000	1375.750000	0	0	6	cluster_6	1.0000
5503	Spectrogram 1	1	1375.500000	1376.000000	0	0	6	cluster_6	1.0000
5504	Spectrogram 1	1	1375.750000	1376.250000	0	0	0	cluster_0	0.4651
5505	Spectrogram 1	1	1376.000000	1376.500000	0	0	0	cluster_0	0.6777
5506	Spectrogram 1	1	1376.250000	1376.750000	0	0	0	cluster_0	1.0000
5507	Spectrogram 1	1	1376.500000	1377.000000	0	0	0	cluster_0	1.0000
5508	Spectrogram 1	1	1376.750000	1377.250000	0	0	0	cluster_0	1.0000
5509	Spectrogram 1	1	1377.000000	1377.500000	0	0	0	cluster_0	1.0000
5510	Spectrogram 1	1	1377.250000	1377.750000	0	0	0	cluster_0	1.0000
5511	Spectrogram 1	1	1377.500000	1378.000000	0	0	0	cluster_0	1.0000
5512	Spectrogram 1	1	1377.750000	1378.250000	0	0	0	cluster_0	1.0000
5513	Spectrogram 1	1	1378.000000	1378.500000	0	0	0	cluster_0	1.0000
5514	Spectrogram 1	1	1378.250000	1378.750000	0	0	0	cluster_0	1.0000
5515	Spectrogram 1	1	1378.500000	1379.000000	0	0	0	cluster_0	0.6942
5516	Spectrogram 1	1	1378.750000	1379.250000	0	0	0	cluster_0	0.5662
5517	Spectrogram 1	1	1379.000000	1379.500000	0	0	0	cluster_0	0.3310
5518	Spectrogram 1	1	1379.250000	1379.750000	0	0	6	cluster_6	0.6182
5519	Spectrogram 1	1	1379.500000	1380.000000	0	0	noise	cluster_noise	0.0000
5520	Spectrogram 1	1	1379.750000	1380.250000	0	0	noise	cluster_noise	0.0000
5521	Spectrogram 1	1	1380.000000	1380.500000	0	0	6	cluster_6	1.0000
5522	Spectrogram 1	1	1380.250000	1380.750000	0	0	6	cluster_6	0.9313
5523	Spectrogram 1	1	1380.500000	1381.000000	0	0	6	cluster_6	0.8533
5524	Spectrogram 1	1	1380.750000	1381.250000	0	0	6	cluster_6	0.8295
5525	Spectrogram 1	1	1381.000000	1381.500000	0	0	noise	cluster_noise	0.0000
5526	Spectrogram 1	1	1381.250000	1381.750000	0	0	3	cluster_3	0.6633
5527	Spectrogram 1	1	1381.500000	1382.000000	0	0	3	cluster_3	1.0000
5528	Spectrogram 1	1	1381.750000	1382.250000	0	0	3	cluster_3	1.0000
5529	Spectrogram 1	1	1382.000000	1382.500000	0	0	3	cluster_3	1.0000
5530	Spectrogram 1	1	1382.250000	1382.750000	0	0	3	cluster_3	1.0000
5531	Spectrogram 1	1	1382.500000	1383.000000	0	0	3	cluster_3	1.0000
5532	Spectrogram 1	1	1382.750000	1383.250000	0	0	3	cluster_3	0.8906
5533	Spectrogram 1	1	1383.000000	1383.500000	0	0	3	cluster_3	0.6040
5534	Spectrogram 1	1	1383.250000	1383.750000	0	0	5	cluster_5	0.6587
5535	Spectrogram 1	1	1383.500000	1384.000000	0	0	5	cluster_5	0.6587
5536	Spectrogram 1	1	1383.750000	1384.250000	0	0	5	cluster_5	0.8653
5537	Spectrogram 1	1	1384.000000	1384.500000	0	0	noise	cluster_noise	0.0000
5538	Spectrogram 1	1	1384.250000	1384.750000	0	0	6	cluster_6	0.7694
5539	Spectrogram 1	1	1384.500000	1385.000000	0	0	6	cluster_6	0.9164
5540	Spectrogram 1	1	1384.750000	1385.250000	0	0	6	cluster_6	0.6842
5541	Spectrogram 1	1	1385.000000	1385.500000	0	0	6	cluster_6	0.9110
5542	Spectrogram 1	1	1385.250000	1385.750000	0	0	6	cluster_6	1.0000
5543	Spectrogram 1	1	1385.500000	1386.000000	0	0	6	cluster_6	1.0000
5544	Spectrogram 1	1	1385.750000	1386.250000	0	0	6	cluster_6	1.0000
5545	Spectrogram 1	1	1386.000000	1386.500000	0	0	6	cluster_6	1.0000
5546	Spectrogram 1	1	1386.250000	1386.750000	0	0	6	cluster_6	0.8064
5547	Spectrogram 1	1	1386.500000	1387.000000	0	0	4	cluster_4	0.8412
5548	Spectrogram 1	1	1386.750000	1387.250000	0	0	6	cluster_6	0.8081
5549	Spectrogram 1	1	1387.000000	1387.500000	0	0	6	cluster_6	0.9295
5550	Spectrogram 1	1	1387.250000	1387.750000	0	0	noise	cluster_noise	0.0000
5551	Spectrogram 1	1	1387.500000	1388.000000	0	0	6	cluster_6	1.0000
5552	Spectrogram 1	1	1387.750000	1388.250000	0	0	6	cluster_6	1.0000
5553	Spectrogram 1	1	1388.000000	1388.500000	0	0	6	cluster_6	0.9645
5554	Spectrogram 1	1	1388.250000	1388.750000	0	0	0	cluster_0	0.4666
5555	Spectrogram 1	1	1388.500000	1389.000000	0	0	0	cluster_0	0.8400
5556	Spectrogram 1	1	1388.750000	1389.250000	0	0	0	cluster_0	0.8123
5557	Spectrogram 1	1	1389.000000	1389.500000	0	0	0	cluster_0	0.8088
5558	Spectrogram 1	1	1389.250000	1389.750000	0	0	0	cluster_0	0.7799
5559	Spectrogram 1	1	1389.500000	1390.000000	0	0	0	cluster_0	0.7178
5560	Spectrogram 1	1	1389.750000	1390.250000	0	0	0	cluster_0	0.8670
5561	Spectrogram 1	1	1390.000000	1390.500000	0	0	0	cluster_0	1.0000
5562	Spectrogram 1	1	1390.250000	1390.750000	0	0	0	cluster_0	1.0000
5563	Spectrogram 1	1	1390.500000	1391.000000	0	0	0	cluster_0	1.0000
5564	Spectrogram 1	1	1390.750000	1391.250000	0	0	0	cluster_0	1.0000
5565	Spectrogram 1	1	1391.000000	1391.500000	0	0	0	cluster_0	0.8110
5566	Spectrogram 1	1	1391.250000	1391.750000	0	0	0	cluster_0	0.5369
5567	Spectrogram 1	1	1391.500000	1392.000000	0	0	noise	cluster_noise	0.0000
5568	Spectrogram 1	1	1391.750000	1392.250000	0	0	noise	cluster_noise	0.0000
5569	Spectrogram 1	1	1392.000000	1392.500000	0	0	noise	cluster_noise	0.0000
5570	Spectrogram 1	1	1392.250000	1392.750000	0	0	6	cluster_6	0.7874
5571	Spectrogram 1	1	1392.500000	1393.000000	0	0	6	cluster_6	1.0000
5572	Spectrogram 1	1	1392.750000	1393.250000	0	0	6	cluster_6	1.0000
5573	Spectrogram 1	1	1393.000000	1393.500000	0	0	noise	cluster_noise	0.0000
5574	Spectrogram 1	1	1393.250000	1393.750000	0	0	noise	cluster_noise	0.0000
5575	Spectrogram 1	1	1393.500000	1394.000000	0	0	5	cluster_5	0.5700
5576	Spectrogram 1	1	1393.750000	1394.250000	0	0	3	cluster_3	1.0000
5577	Spectrogram 1	1	1394.000000	1394.500000	0	0	3	cluster_3	1.0000
5578	Spectrogram 1	1	1394.250000	1394.750000	0	0	3	cluster_3	1.0000
5579	Spectrogram 1	1	1394.500000	1395.000000	0	0	3	cluster_3	1.0000
5580	Spectrogram 1	1	1394.750000	1395.250000	0	0	3	cluster_3	1.0000
5581	Spectrogram 1	1	1395.000000	1395.500000	0	0	3	cluster_3	1.0000
5582	Spectrogram 1	1	1395.250000	1395.750000	0	0	3	cluster_3	1.0000
5583	Spectrogram 1	1	1395.500000	1396.000000	0	0	3	cluster_3	0.6638
5584	Spectrogram 1	1	1395.750000	1396.250000	0	0	5	cluster_5	0.9987
5585	Spectrogram 1	1	1396.000000	1396.500000	0	0	5	cluster_5	0.9179
5586	Spectrogram 1	1	1396.250000	1396.750000	0	0	5	cluster_5	0.8824
5587	Spectrogram 1	1	1396.500000	1397.000000	0	0	6	cluster_6	0.6476
5588	Spectrogram 1	1	1396.750000	1397.250000	0	0	6	cluster_6	0.9861
5589	Spectrogram 1	1	1397.000000	1397.500000	0	0	6	cluster_6	0.7702
5590	Spectrogram 1	1	1397.250000	1397.750000	0	0	6	cluster_6	0.6254
5591	Spectrogram 1	1	1397.500000	1398.000000	0	0	6	cluster_6	0.9511
5592	Spectrogram 1	1	1397.750000	1398.250000	0	0	6	cluster_6	1.0000
5593	Spectrogram 1	1	1398.000000	1398.500000	0	0	6	cluster_6	1.0000
5594	Spectrogram 1	1	1398.250000	1398.750000	0	0	noise	cluster_noise	0.0000
5595	Spectrogram 1	1	1398.500000	1399.000000	0	0	6	cluster_6	1.0000
5596	Spectrogram 1	1	1398.750000	1399.250000	0	0	4	cluster_4	0.6775
5597	Spectrogram 1	1	1399.000000	1399.500000	0	0	4	cluster_4	0.6779
5598	Spectrogram 1	1	1399.250000	1399.750000	0	0	4	cluster_4	0.6390
5599	Spectrogram 1	1	1399.500000	1400.000000	0	0	4	cluster_4	0.6294
5600	Spectrogram 1	1	1399.750000	1400.250000	0	0	12	cluster_12	0.7950
5601	Spectrogram 1	1	1400.000000	1400.500000	0	0	6	cluster_6	0.7743
5602	Spectrogram 1	1	1400.250000	1400.750000	0	0	6	cluster_6	0.6721
5603	Spectrogram 1	1	1400.500000	1401.000000	0	0	6	cluster_6	0.6326
5604	Spectrogram 1	1	1400.750000	1401.250000	0	0	noise	cluster_noise	0.0000
5605	Spectrogram 1	1	1401.000000	1401.500000	0	0	0	cluster_0	0.5673
5606	Spectrogram 1	1	1401.250000	1401.750000	0	0	0	cluster_0	0.7826
5607	Spectrogram 1	1	1401.500000	1402.000000	0	0	0	cluster_0	1.0000
5608	Spectrogram 1	1	1401.750000	1402.250000	0	0	0	cluster_0	1.0000
5609	Spectrogram 1	1	1402.000000	1402.500000	0	0	0	cluster_0	0.6648
5610	Spectrogram 1	1	1402.250000	1402.750000	0	0	0	cluster_0	0.7880
5611	Spectrogram 1	1	1402.500000	1403.000000	0	0	0	cluster_0	0.5335
5612	Spectrogram 1	1	1402.750000	1403.250000	0	0	0	cluster_0	0.3921
5613	Spectrogram 1	1	1403.000000	1403.500000	0	0	6	cluster_6	0.6917
5614	Spectrogram 1	1	1403.250000	1403.750000	0	0	noise	cluster_noise	0.0000
5615	Spectrogram 1	1	1403.500000	1404.000000	0	0	noise	cluster_noise	0.0000
5616	Spectrogram 1	1	1403.750000	1404.250000	0	0	noise	cluster_noise	0.0000
5617	Spectrogram 1	1	1404.000000	1404.500000	0	0	6	cluster_6	1.0000
5618	Spectrogram 1	1	1404.250000	1404.750000	0	0	6	cluster_6	1.0000
5619	Spectrogram 1	1	1404.500000	1405.000000	0	0	6	cluster_6	1.0000
5620	Spectrogram 1	1	1404.750000	1405.250000	0	0	6	cluster_6	0.6762
5621	Spectrogram 1	1	1405.000000	1405.500000	0	0	5	cluster_5	0.7892
5622	Spectrogram 1	1	1405.250000	1405.750000	0	0	3	cluster_3	0.9470
5623	Spectrogram 1	1	1405.500000	1406.000000	0	0	3	cluster_3	1.0000
5624	Spectrogram 1	1	1405.750000	1406.250000	0	0	3	cluster_3	1.0000
5625	Spectrogram 1	1	1406.000000	1406.500000	0	0	3	cluster_3	1.0000
5626	Spectrogram 1	1	1406.250000	1406.750000	0	0	3	cluster_3	1.0000
5627	Spectrogram 1	1	1406.500000	1407.000000	0	0	3	cluster_3	1.0000
5628	Spectrogram 1	1	1406.750000	1407.250000	0	0	3	cluster_3	1.0000
5629	Spectrogram 1	1	1407.000000	1407.500000	0	0	3	cluster_3	0.9639
5630	Spectrogram 1	1	1407.250000	1407.750000	0	0	3	cluster_3	0.6538
5631	Spectrogram 1	1	1407.500000	1408.000000	0	0	5	cluster_5	0.7985
5632	Spectrogram 1	1	1407.750000	1408.250000	0	0	5	cluster_5	0.9791
5633	Spectrogram 1	1	1408.000000	1408.500000	0	0	5	cluster_5	0.8735
5634	Spectrogram 1	1	1408.250000	1408.750000	0	0	5	cluster_5	0.7010
5635	Spectrogram 1	1	1408.500000	1409.000000	0	0	6	cluster_6	0.6586
5636	Spectrogram 1	1	1408.750000	1409.250000	0	0	6	cluster_6	0.7322
5637	Spectrogram 1	1	1409.000000	1409.500000	0	0	6	cluster_6	1.0000
5638	Spectrogram 1	1	1409.250000	1409.750000	0	0	6	cluster_6	0.8235
5639	Spectrogram 1	1	1409.500000	1410.000000	0	0	6	cluster_6	0.7386
5640	Spectrogram 1	1	1409.750000	1410.250000	0	0	6	cluster_6	1.0000
5641	Spectrogram 1	1	1410.000000	1410.500000	0	0	6	cluster_6	1.0000
5642	Spectrogram 1	1	1410.250000	1410.750000	0	0	noise	cluster_noise	0.0000
5643	Spectrogram 1	1	1410.500000	1411.000000	0	0	4	cluster_4	0.8195
5644	Spectrogram 1	1	1410.750000	1411.250000	0	0	4	cluster_4	1.0000
5645	Spectrogram 1	1	1411.000000	1411.500000	0	0	4	cluster_4	1.0000
5646	Spectrogram 1	1	1411.250000	1411.750000	0	0	4	cluster_4	1.0000
5647	Spectrogram 1	1	1411.500000	1412.000000	0	0	4	cluster_4	1.0000
5648	Spectrogram 1	1	1411.750000	1412.250000	0	0	4	cluster_4	0.8681
5649	Spectrogram 1	1	1412.000000	1412.500000	0	0	4	cluster_4	0.8435
5650	Spectrogram 1	1	1412.250000	1412.750000	0	0	noise	cluster_noise	0.0000
5651	Spectrogram 1	1	1412.500000	1413.000000	0	0	0	cluster_0	0.5893
5652	Spectrogram 1	1	1412.750000	1413.250000	0	0	0	cluster_0	0.6260
5653	Spectrogram 1	1	1413.000000	1413.500000	0	0	6	cluster_6	0.6627
5654	Spectrogram 1	1	1413.250000	1413.750000	0	0	0	cluster_0	0.5229
5655	Spectrogram 1	1	1413.500000	1414.000000	0	0	0	cluster_0	0.8186
5656	Spectrogram 1	1	1413.750000	1414.250000	0	0	0	cluster_0	1.0000
5657	Spectrogram 1	1	1414.000000	1414.500000	0	0	0	cluster_0	1.0000
5658	Spectrogram 1	1	1414.250000	1414.750000	0	0	0	cluster_0	1.0000
5659	Spectrogram 1	1	1414.500000	1415.000000	0	0	0	cluster_0	1.0000
5660	Spectrogram 1	1	1414.750000	1415.250000	0	0	0	cluster_0	0.6521
5661	Spectrogram 1	1	1415.000000	1415.500000	0	0	0	cluster_0	0.4156
5662	Spectrogram 1	1	1415.250000	1415.750000	0	0	6	cluster_6	0.6794
5663	Spectrogram 1	1	1415.500000	1416.000000	0	0	noise	cluster_noise	0.0000
5664	Spectrogram 1	1	1415.750000	1416.250000	0	0	noise	cluster_noise	0.0000
5665	Spectrogram 1	1	1416.000000	1416.500000	0	0	6	cluster_6	1.0000
5666	Spectrogram 1	1	1416.250000	1416.750000	0	0	6	cluster_6	1.0000
5667	Spectrogram 1	1	1416.500000	1417.000000	0	0	5	cluster_5	0.5682
5668	Spectrogram 1	1	1416.750000	1417.250000	0	0	noise	cluster_noise	0.0000
5669	Spectrogram 1	1	1417.000000	1417.500000	0	0	noise	cluster_noise	0.0000
5670	Spectrogram 1	1	1417.250000	1417.750000	0	0	3	cluster_3	1.0000
5671	Spectrogram 1	1	1417.500000	1418.000000	0	0	3	cluster_3	1.0000
5672	Spectrogram 1	1	1417.750000	1418.250000	0	0	3	cluster_3	1.0000
5673	Spectrogram 1	1	1418.000000	1418.500000	0	0	3	cluster_3	1.0000
5674	Spectrogram 1	1	1418.250000	1418.750000	0	0	3	cluster_3	1.0000
5675	Spectrogram 1	1	1418.500000	1419.000000	0	0	3	cluster_3	1.0000
5676	Spectrogram 1	1	1418.750000	1419.250000	0	0	3	cluster_3	1.0000
5677	Spectrogram 1	1	1419.000000	1419.500000	0	0	3	cluster_3	0.6766
5678	Spectrogram 1	1	1419.250000	1419.750000	0	0	5	cluster_5	0.6334
5679	Spectrogram 1	1	1419.500000	1420.000000	0	0	5	cluster_5	0.6530
5680	Spectrogram 1	1	1419.750000	1420.250000	0	0	5	cluster_5	0.8845
5681	Spectrogram 1	1	1420.000000	1420.500000	0	0	6	cluster_6	1.0000
5682	Spectrogram 1	1	1420.250000	1420.750000	0	0	6	cluster_6	0.8571
5683	Spectrogram 1	1	1420.500000	1421.000000	0	0	6	cluster_6	0.8476
5684	Spectrogram 1	1	1420.750000	1421.250000	0	0	6	cluster_6	1.0000
5685	Spectrogram 1	1	1421.000000	1421.500000	0	0	6	cluster_6	1.0000
5686	Spectrogram 1	1	1421.250000	1421.750000	0	0	6	cluster_6	1.0000
5687	Spectrogram 1	1	1421.500000	1422.000000	0	0	6	cluster_6	0.8675
5688	Spectrogram 1	1	1421.750000	1422.250000	0	0	6	cluster_6	1.0000
5689	Spectrogram 1	1	1422.000000	1422.500000	0	0	6	cluster_6	1.0000
5690	Spectrogram 1	1	1422.250000	1422.750000	0	0	4	cluster_4	1.0000
5691	Spectrogram 1	1	1422.500000	1423.000000	0	0	4	cluster_4	1.0000
5692	Spectrogram 1	1	1422.750000	1423.250000	0	0	4	cluster_4	1.0000
5693	Spectrogram 1	1	1423.000000	1423.500000	0	0	4	cluster_4	0.6429
5694	Spectrogram 1	1	1423.250000	1423.750000	0	0	4	cluster_4	0.6854
5695	Spectrogram 1	1	1423.500000	1424.000000	0	0	4	cluster_4	0.9950
5696	Spectrogram 1	1	1423.750000	1424.250000	0	0	4	cluster_4	1.0000
5697	Spectrogram 1	1	1424.000000	1424.500000	0	0	4	cluster_4	1.0000
5698	Spectrogram 1	1	1424.250000	1424.750000	0	0	noise	cluster_noise	0.0000
5699	Spectrogram 1	1	1424.500000	1425.000000	0	0	6	cluster_6	0.6983
5700	Spectrogram 1	1	1424.750000	1425.250000	0	0	0	cluster_0	0.5196
5701	Spectrogram 1	1	1425.000000	1425.500000	0	0	0	cluster_0	0.6600
5702	Spectrogram 1	1	1425.250000	1425.750000	0	0	0	cluster_0	1.0000
5703	Spectrogram 1	1	1425.500000	1426.000000	0	0	0	cluster_0	1.0000
5704	Spectrogram 1	1	1425.750000	1426.250000	0	0	0	cluster_0	0.6635
5705	Spectrogram 1	1	1426.000000	1426.500000	0	0	0	cluster_0	0.7037
5706	Spectrogram 1	1	1426.250000	1426.750000	0	0	0	cluster_0	0.5571
5707	Spectrogram 1	1	1426.500000	1427.000000	0	0	noise	cluster_noise	0.0000
5708	Spectrogram 1	1	1426.750000	1427.250000	0	0	6	cluster_6	0.6561
5709	Spectrogram 1	1	1427.000000	1427.500000	0	0	6	cluster_6	0.6206
5710	Spectrogram 1	1	1427.250000	1427.750000	0	0	noise	cluster_noise	0.0000
5711	Spectrogram 1	1	1427.500000	1428.000000	0	0	6	cluster_6	1.0000
5712	Spectrogram 1	1	1427.750000	1428.250000	0	0	6	cluster_6	1.0000
5713	Spectrogram 1	1	1428.000000	1428.500000	0	0	6	cluster_6	1.0000
5714	Spectrogram 1	1	1428.250000	1428.750000	0	0	6	cluster_6	1.0000
5715	Spectrogram 1	1	1428.500000	1429.000000	0	0	6	cluster_6	1.0000
5716	Spectrogram 1	1	1428.750000	1429.250000	0	0	5	cluster_5	0.5215
5717	Spectrogram 1	1	1429.000000	1429.500000	0	0	3	cluster_3	1.0000
5718	Spectrogram 1	1	1429.250000	1429.750000	0	0	3	cluster_3	1.0000
5719	Spectrogram 1	1	1429.500000	1430.000000	0	0	3	cluster_3	1.0000
5720	Spectrogram 1	1	1429.750000	1430.250000	0	0	3	cluster_3	1.0000
5721	Spectrogram 1	1	1430.000000	1430.500000	0	0	3	cluster_3	1.0000
5722	Spectrogram 1	1	1430.250000	1430.750000	0	0	3	cluster_3	1.0000
5723	Spectrogram 1	1	1430.500000	1431.000000	0	0	3	cluster_3	1.0000
5724	Spectrogram 1	1	1430.750000	1431.250000	0	0	3	cluster_3	0.7786
5725	Spectrogram 1	1	1431.000000	1431.500000	0	0	5	cluster_5	0.6511
5726	Spectrogram 1	1	1431.250000	1431.750000	0	0	5	cluster_5	0.6008
5727	Spectrogram 1	1	1431.500000	1432.000000	0	0	5	cluster_5	0.5879
5728	Spectrogram 1	1	1431.750000	1432.250000	0	0	noise	cluster_noise	0.0000
5729	Spectrogram 1	1	1432.000000	1432.500000	0	0	6	cluster_6	0.9616
5730	Spectrogram 1	1	1432.250000	1432.750000	0	0	6	cluster_6	1.0000
5731	Spectrogram 1	1	1432.500000	1433.000000	0	0	6	cluster_6	1.0000
5732	Spectrogram 1	1	1432.750000	1433.250000	0	0	6	cluster_6	0.9256
5733	Spectrogram 1	1	1433.000000	1433.500000	0	0	6	cluster_6	0.7856
5734	Spectrogram 1	1	1433.250000	1433.750000	0	0	8	cluster_8	1.0000
5735	Spectrogram 1	1	1433.500000	1434.000000	0	0	noise	cluster_noise	0.0000
5736	Spectrogram 1	1	1433.750000	1434.250000	0	0	6	cluster_6	0.6083
5737	Spectrogram 1	1	1434.000000	1434.500000	0	0	noise	cluster_noise	0.0000
5738	Spectrogram 1	1	1434.250000	1434.750000	0	0	6	cluster_6	0.6736
5739	Spectrogram 1	1	1434.500000	1435.000000	0	0	6	cluster_6	0.6439
5740	Spectrogram 1	1	1434.750000	1435.250000	0	0	4	cluster_4	0.9824
5741	Spectrogram 1	1	1435.000000	1435.500000	0	0	4	cluster_4	1.0000
5742	Spectrogram 1	1	1435.250000	1435.750000	0	0	4	cluster_4	1.0000
5743	Spectrogram 1	1	1435.500000	1436.000000	0	0	4	cluster_4	1.0000
5744	Spectrogram 1	1	1435.750000	1436.250000	0	0	noise	cluster_noise	0.0000
5745	Spectrogram 1	1	1436.000000	1436.500000	0	0	noise	cluster_noise	0.0000
5746	Spectrogram 1	1	1436.250000	1436.750000	0	0	6	cluster_6	0.6966
5747	Spectrogram 1	1	1436.500000	1437.000000	0	0	0	cluster_0	0.4642
5748	Spectrogram 1	1	1436.750000	1437.250000	0	0	0	cluster_0	0.8620
5749	Spectrogram 1	1	1437.000000	1437.500000	0	0	0	cluster_0	1.0000
5750	Spectrogram 1	1	1437.250000	1437.750000	0	0	0	cluster_0	1.0000
5751	Spectrogram 1	1	1437.500000	1438.000000	0	0	0	cluster_0	1.0000
5752	Spectrogram 1	1	1437.750000	1438.250000	0	0	0	cluster_0	0.9771
5753	Spectrogram 1	1	1438.000000	1438.500000	0	0	0	cluster_0	0.6890
5754	Spectrogram 1	1	1438.250000	1438.750000	0	0	0	cluster_0	0.3534
5755	Spectrogram 1	1	1438.500000	1439.000000	0	0	noise	cluster_noise	0.0000
5756	Spectrogram 1	1	1438.750000	1439.250000	0	0	noise	cluster_noise	0.0000
5757	Spectrogram 1	1	1439.000000	1439.500000	0	0	noise	cluster_noise	0.0000
5758	Spectrogram 1	1	1439.250000	1439.750000	0	0	6	cluster_6	0.7050
5759	Spectrogram 1	1	1439.500000	1440.000000	0	0	6	cluster_6	0.9274
5760	Spectrogram 1	1	1439.750000	1440.250000	0	0	6	cluster_6	1.0000
5761	Spectrogram 1	1	1440.000000	1440.500000	0	0	6	cluster_6	1.0000
5762	Spectrogram 1	1	1440.250000	1440.750000	0	0	5	cluster_5	0.6587
5763	Spectrogram 1	1	1440.500000	1441.000000	0	0	5	cluster_5	0.6587
5764	Spectrogram 1	1	1440.750000	1441.250000	0	0	3	cluster_3	0.8635
5765	Spectrogram 1	1	1441.000000	1441.500000	0	0	3	cluster_3	1.0000
5766	Spectrogram 1	1	1441.250000	1441.750000	0	0	3	cluster_3	1.0000
5767	Spectrogram 1	1	1441.500000	1442.000000	0	0	3	cluster_3	1.0000
5768	Spectrogram 1	1	1441.750000	1442.250000	0	0	3	cluster_3	1.0000
5769	Spectrogram 1	1	1442.000000	1442.500000	0	0	3	cluster_3	1.0000
5770	Spectrogram 1	1	1442.250000	1442.750000	0	0	3	cluster_3	1.0000
5771	Spectrogram 1	1	1442.500000	1443.000000	0	0	3	cluster_3	1.0000
5772	Spectrogram 1	1	1442.750000	1443.250000	0	0	3	cluster_3	0.5229
5773	Spectrogram 1	1	1443.000000	1443.500000	0	0	5	cluster_5	0.6541
5774	Spectrogram 1	1	1443.250000	1443.750000	0	0	5	cluster_5	0.6587
5775	Spectrogram 1	1	1443.500000	1444.000000	0	0	5	cluster_5	0.6587
5776	Spectrogram 1	1	1443.750000	1444.250000	0	0	5	cluster_5	0.5507
5777	Spectrogram 1	1	1444.000000	1444.500000	0	0	6	cluster_6	0.8025
5778	Spectrogram 1	1	1444.250000	1444.750000	0	0	6	cluster_6	1.0000
5779	Spectrogram 1	1	1444.500000	1445.000000	0	0	6	cluster_6	1.0000
5780	Spectrogram 1	1	1444.750000	1445.250000	0	0	6	cluster_6	1.0000
5781	Spectrogram 1	1	1445.000000	1445.500000	0	0	6	cluster_6	1.0000
5782	Spectrogram 1	1	1445.250000	1445.750000	0	0	6	cluster_6	1.0000
5783	Spectrogram 1	1	1445.500000	1446.000000	0	0	6	cluster_6	1.0000
5784	Spectrogram 1	1	1445.750000	1446.250000	0	0	6	cluster_6	0.8255
5785	Spectrogram 1	1	1446.000000	1446.500000	0	0	6	cluster_6	0.7404
5786	Spectrogram 1	1	1446.250000	1446.750000	0	0	4	cluster_4	1.0000
5787	Spectrogram 1	1	1446.500000	1447.000000	0	0	4	cluster_4	1.0000
5788	Spectrogram 1	1	1446.750000	1447.250000	0	0	4	cluster_4	1.0000
5789	Spectrogram 1	1	1447.000000	1447.500000	0	0	4	cluster_4	1.0000
5790	Spectrogram 1	1	1447.250000	1447.750000	0	0	4	cluster_4	1.0000
5791	Spectrogram 1	1	1447.500000	1448.000000	0	0	4	cluster_4	0.9779
5792	Spectrogram 1	1	1447.750000	1448.250000	0	0	6	cluster_6	0.6915
5793	Spectrogram 1	1	1448.000000	1448.500000	0	0	6	cluster_6	0.8838
5794	Spectrogram 1	1	1448.250000	1448.750000	0	0	0	cluster_0	0.5666
5795	Spectrogram 1	1	1448.500000	1449.000000	0	0	0	cluster_0	0.6450
5796	Spectrogram 1	1	1448.750000	1449.250000	0	0	0	cluster_0	0.7457
5797	Spectrogram 1	1	1449.000000	1449.500000	0	0	0	cluster_0	0.7003
5798	Spectrogram 1	1	1449.250000	1449.750000	0	0	0	cluster_0	0.6929
5799	Spectrogram 1	1	1449.500000	1450.000000	0	0	0	cluster_0	0.6910
5800	Spectrogram 1	1	1449.750000	1450.250000	0	0	0	cluster_0	0.7040
5801	Spectrogram 1	1	1450.000000	1450.500000	0	0	0	cluster_0	0.6278
5802	Spectrogram 1	1	1450.250000	1450.750000	0	0	0	cluster_0	0.7494
5803	Spectrogram 1	1	1450.500000	1451.000000	0	0	0	cluster_0	0.7261
5804	Spectrogram 1	1	1450.750000	1451.250000	0	0	6	cluster_6	0.8053
5805	Spectrogram 1	1	1451.000000	1451.500000	0	0	6	cluster_6	0.8196
5806	Spectrogram 1	1	1451.250000	1451.750000	0	0	6	cluster_6	0.9515
5807	Spectrogram 1	1	1451.500000	1452.000000	0	0	6	cluster_6	1.0000
5808	Spectrogram 1	1	1451.750000	1452.250000	0	0	6	cluster_6	1.0000
5809	Spectrogram 1	1	1452.000000	1452.500000	0	0	5	cluster_5	0.5342
5810	Spectrogram 1	1	1452.250000	1452.750000	0	0	5	cluster_5	0.6587
5811	Spectrogram 1	1	1452.500000	1453.000000	0	0	3	cluster_3	0.9957
5812	Spectrogram 1	1	1452.750000	1453.250000	0	0	3	cluster_3	1.0000
5813	Spectrogram 1	1	1453.000000	1453.500000	0	0	3	cluster_3	1.0000
5814	Spectrogram 1	1	1453.250000	1453.750000	0	0	3	cluster_3	1.0000
5815	Spectrogram 1	1	1453.500000	1454.000000	0	0	3	cluster_3	1.0000
5816	Spectrogram 1	1	1453.750000	1454.250000	0	0	3	cluster_3	1.0000
5817	Spectrogram 1	1	1454.000000	1454.500000	0	0	3	cluster_3	0.8523
5818	Spectrogram 1	1	1454.250000	1454.750000	0	0	3	cluster_3	0.6531
5819	Spectrogram 1	1	1454.500000	1455.000000	0	0	5	cluster_5	0.6144
5820	Spectrogram 1	1	1454.750000	1455.250000	0	0	5	cluster_5	0.6587
5821	Spectrogram 1	1	1455.000000	1455.500000	0	0	5	cluster_5	0.6587
5822	Spectrogram 1	1	1455.250000	1455.750000	0	0	5	cluster_5	0.6587
5823	Spectrogram 1	1	1455.500000	1456.000000	0	0	6	cluster_6	0.9780
5824	Spectrogram 1	1	1455.750000	1456.250000	0	0	noise	cluster_noise	0.0000
5825	Spectrogram 1	1	1456.000000	1456.500000	0	0	6	cluster_6	1.0000
5826	Spectrogram 1	1	1456.250000	1456.750000	0	0	6	cluster_6	1.0000
5827	Spectrogram 1	1	1456.500000	1457.000000	0	0	6	cluster_6	1.0000
5828	Spectrogram 1	1	1456.750000	1457.250000	0	0	6	cluster_6	1.0000
5829	Spectrogram 1	1	1457.000000	1457.500000	0	0	noise	cluster_noise	0.0000
5830	Spectrogram 1	1	1457.250000	1457.750000	0	0	4	cluster_4	1.0000
5831	Spectrogram 1	1	1457.500000	1458.000000	0	0	4	cluster_4	1.0000
5832	Spectrogram 1	1	1457.750000	1458.250000	0	0	4	cluster_4	1.0000
5833	Spectrogram 1	1	1458.000000	1458.500000	0	0	4	cluster_4	1.0000
5834	Spectrogram 1	1	1458.250000	1458.750000	0	0	4	cluster_4	1.0000
5835	Spectrogram 1	1	1458.500000	1459.000000	0	0	4	cluster_4	1.0000
5836	Spectrogram 1	1	1458.750000	1459.250000	0	0	4	cluster_4	1.0000
5837	Spectrogram 1	1	1459.000000	1459.500000	0	0	4	cluster_4	1.0000
5838	Spectrogram 1	1	1459.250000	1459.750000	0	0	4	cluster_4	0.9688
5839	Spectrogram 1	1	1459.500000	1460.000000	0	0	4	cluster_4	1.0000
5840	Spectrogram 1	1	1459.750000	1460.250000	0	0	4	cluster_4	1.0000
5841	Spectrogram 1	1	1460.000000	1460.500000	0	0	4	cluster_4	0.8538
5842	Spectrogram 1	1	1460.250000	1460.750000	0	0	noise	cluster_noise	0.0000
5843	Spectrogram 1	1	1460.500000	1461.000000	0	0	noise	cluster_noise	0.0000
5844	Spectrogram 1	1	1460.750000	1461.250000	0	0	noise	cluster_noise	0.0000
5845	Spectrogram 1	1	1461.000000	1461.500000	0	0	noise	cluster_noise	0.0000
5846	Spectrogram 1	1	1461.250000	1461.750000	0	0	4	cluster_4	1.0000
5847	Spectrogram 1	1	1461.500000	1462.000000	0	0	4	cluster_4	1.0000
5848	Spectrogram 1	1	1461.750000	1462.250000	0	0	4	cluster_4	1.0000
5849	Spectrogram 1	1	1462.000000	1462.500000	0	0	4	cluster_4	1.0000
5850	Spectrogram 1	1	1462.250000	1462.750000	0	0	4	cluster_4	1.0000
5851	Spectrogram 1	1	1462.500000	1463.000000	0	0	4	cluster_4	1.0000
5852	Spectrogram 1	1	1462.750000	1463.250000	0	0	4	cluster_4	1.0000
5853	Spectrogram 1	1	1463.000000	1463.500000	0	0	4	cluster_4	1.0000
5854	Spectrogram 1	1	1463.250000	1463.750000	0	0	4	cluster_4	1.0000
5855	Spectrogram 1	1	1463.500000	1464.000000	0	0	4	cluster_4	1.0000
5856	Spectrogram 1	1	1463.750000	1464.250000	0	0	4	cluster_4	1.0000
5857	Spectrogram 1	1	1464.000000	1464.500000	0	0	4	cluster_4	1.0000
5858	Spectrogram 1	1	1464.250000	1464.750000	0	0	4	cluster_4	1.0000
5859	Spectrogram 1	1	1464.500000	1465.000000	0	0	noise	cluster_noise	0.0000
5860	Spectrogram 1	1	1464.750000	1465.250000	0	0	6	cluster_6	0.6739
5861	Spectrogram 1	1	1465.000000	1465.500000	0	0	12	cluster_12	0.9940
5862	Spectrogram 1	1	1465.250000	1465.750000	0	0	noise	cluster_noise	0.0000
5863	Spectrogram 1	1	1465.500000	1466.000000	0	0	6	cluster_6	0.9437
5864	Spectrogram 1	1	1465.750000	1466.250000	0	0	12	cluster_12	0.7765
5865	Spectrogram 1	1	1466.000000	1466.500000	0	0	noise	cluster_noise	0.0000
5866	Spectrogram 1	1	1466.250000	1466.750000	0	0	noise	cluster_noise	0.0000
5867	Spectrogram 1	1	1466.500000	1467.000000	0	0	noise	cluster_noise	0.0000
5868	Spectrogram 1	1	1466.750000	1467.250000	0	0	8	cluster_8	0.9707
5869	Spectrogram 1	1	1467.000000	1467.500000	0	0	noise	cluster_noise	0.0000
5870	Spectrogram 1	1	1467.250000	1467.750000	0	0	noise	cluster_noise	0.0000
5871	Spectrogram 1	1	1467.500000	1468.000000	0	0	6	cluster_6	1.0000
5872	Spectrogram 1	1	1467.750000	1468.250000	0	0	12	cluster_12	0.9458
5873	Spectrogram 1	1	1468.000000	1468.500000	0	0	noise	cluster_noise	0.0000
5874	Spectrogram 1	1	1468.250000	1468.750000	0	0	noise	cluster_noise	0.0000
5875	Spectrogram 1	1	1468.500000	1469.000000	0	0	noise	cluster_noise	0.0000
5876	Spectrogram 1	1	1468.750000	1469.250000	0	0	noise	cluster_noise	0.0000
5877	Spectrogram 1	1	1469.000000	1469.500000	0	0	12	cluster_12	0.8516
5878	Spectrogram 1	1	1469.250000	1469.750000	0	0	12	cluster_12	0.9043
5879	Spectrogram 1	1	1469.500000	1470.000000	0	0	6	cluster_6	1.0000
5880	Spectrogram 1	1	1469.750000	1470.250000	0	0	6	cluster_6	0.9776
5881	Spectrogram 1	1	1470.000000	1470.500000	0	0	noise	cluster_noise	0.0000
5882	Spectrogram 1	1	1470.250000	1470.750000	0	0	11	cluster_11	1.0000
5883	Spectrogram 1	1	1470.500000	1471.000000	0	0	noise	cluster_noise	0.0000
5884	Spectrogram 1	1	1470.750000	1471.250000	0	0	6	cluster_6	1.0000
5885	Spectrogram 1	1	1471.000000	1471.500000	0	0	12	cluster_12	0.9105
5886	Spectrogram 1	1	1471.250000	1471.750000	0	0	12	cluster_12	0.8942
5887	Spectrogram 1	1	1471.500000	1472.000000	0	0	5	cluster_5	0.5882
5888	Spectrogram 1	1	1471.750000	1472.250000	0	0	5	cluster_5	0.6304
5889	Spectrogram 1	1	1472.000000	1472.500000	0	0	5	cluster_5	0.5557
5890	Spectrogram 1	1	1472.250000	1472.750000	0	0	5	cluster_5	0.6496
5891	Spectrogram 1	1	1472.500000	1473.000000	0	0	5	cluster_5	0.6394
5892	Spectrogram 1	1	1472.750000	1473.250000	0	0	5	cluster_5	0.5938
5893	Spectrogram 1	1	1473.000000	1473.500000	0	0	4	cluster_4	1.0000
5894	Spectrogram 1	1	1473.250000	1473.750000	0	0	4	cluster_4	1.0000
5895	Spectrogram 1	1	1473.500000	1474.000000	0	0	4	cluster_4	1.0000
5896	Spectrogram 1	1	1473.750000	1474.250000	0	0	4	cluster_4	1.0000
5897	Spectrogram 1	1	1474.000000	1474.500000	0	0	4	cluster_4	1.0000
5898	Spectrogram 1	1	1474.250000	1474.750000	0	0	4	cluster_4	1.0000
5899	Spectrogram 1	1	1474.500000	1475.000000	0	0	4	cluster_4	1.0000
5900	Spectrogram 1	1	1474.750000	1475.250000	0	0	4	cluster_4	1.0000
5901	Spectrogram 1	1	1475.000000	1475.500000	0	0	noise	cluster_noise	0.0000
5902	Spectrogram 1	1	1475.250000	1475.750000	0	0	noise	cluster_noise	0.0000
5903	Spectrogram 1	1	1475.500000	1476.000000	0	0	6	cluster_6	0.9504
5904	Spectrogram 1	1	1475.750000	1476.250000	0	0	4	cluster_4	1.0000
5905	Spectrogram 1	1	1476.000000	1476.500000	0	0	4	cluster_4	1.0000
5906	Spectrogram 1	1	1476.250000	1476.750000	0	0	4	cluster_4	0.8637
5907	Spectrogram 1	1	1476.500000	1477.000000	0	0	4	cluster_4	0.9791
5908	Spectrogram 1	1	1476.750000	1477.250000	0	0	4	cluster_4	0.8800
5909	Spectrogram 1	1	1477.000000	1477.500000	0	0	4	cluster_4	1.0000
5910	Spectrogram 1	1	1477.250000	1477.750000	0	0	4	cluster_4	1.0000
5911	Spectrogram 1	1	1477.500000	1478.000000	0	0	4	cluster_4	1.0000
5912	Spectrogram 1	1	1477.750000	1478.250000	0	0	4	cluster_4	1.0000
5913	Spectrogram 1	1	1478.000000	1478.500000	0	0	4	cluster_4	1.0000
5914	Spectrogram 1	1	1478.250000	1478.750000	0	0	4	cluster_4	1.0000
5915	Spectrogram 1	1	1478.500000	1479.000000	0	0	4	cluster_4	1.0000
5916	Spectrogram 1	1	1478.750000	1479.250000	0	0	4	cluster_4	1.0000
5917	Spectrogram 1	1	1479.000000	1479.500000	0	0	noise	cluster_noise	0.0000
5918	Spectrogram 1	1	1479.250000	1479.750000	0	0	noise	cluster_noise	0.0000
5919	Spectrogram 1	1	1479.500000	1480.000000	0	0	noise	cluster_noise	0.0000
5920	Spectrogram 1	1	1479.750000	1480.250000	0	0	noise	cluster_noise	0.0000
5921	Spectrogram 1	1	1480.000000	1480.500000	0	0	12	cluster_12	0.7994
5922	Spectrogram 1	1	1480.250000	1480.750000	0	0	14	cluster_14	0.7577
5923	Spectrogram 1	1	1480.500000	1481.000000	0	0	14	cluster_14	0.6932
5924	Spectrogram 1	1	1480.750000	1481.250000	0	0	6	cluster_6	1.0000
5925	Spectrogram 1	1	1481.000000	1481.500000	0	0	noise	cluster_noise	0.0000
5926	Spectrogram 1	1	1481.250000	1481.750000	0	0	noise	cluster_noise	0.0000
5927	Spectrogram 1	1	1481.500000	1482.000000	0	0	6	cluster_6	0.7297
5928	Spectrogram 1	1	1481.750000	1482.250000	0	0	6	cluster_6	0.9961
5929	Spectrogram 1	1	1482.000000	1482.500000	0	0	12	cluster_12	0.9458
5930	Spectrogram 1	1	1482.250000	1482.750000	0	0	11	cluster_11	0.9359
5931	Spectrogram 1	1	1482.500000	1483.000000	0	0	14	cluster_14	0.6580
5932	Spectrogram 1	1	1482.750000	1483.250000	0	0	noise	cluster_noise	0.0000
5933	Spectrogram 1	1	1483.000000	1483.500000	0	0	12	cluster_12	0.8673
5934	Spectrogram 1	1	1483.250000	1483.750000	0	0	noise	cluster_noise	0.0000
5935	Spectrogram 1	1	1483.500000	1484.000000	0	0	noise	cluster_noise	0.0000
5936	Spectrogram 1	1	1483.750000	1484.250000	0	0	6	cluster_6	1.0000
5937	Spectrogram 1	1	1484.000000	1484.500000	0	0	12	cluster_12	0.8856
5938	Spectrogram 1	1	1484.250000	1484.750000	0	0	noise	cluster_noise	0.0000
5939	Spectrogram 1	1	1484.500000	1485.000000	0	0	14	cluster_14	0.7231
5940	Spectrogram 1	1	1484.750000	1485.250000	0	0	noise	cluster_noise	0.0000
5941	Spectrogram 1	1	1485.000000	1485.500000	0	0	12	cluster_12	0.9458
5942	Spectrogram 1	1	1485.250000	1485.750000	0	0	noise	cluster_noise	0.0000
5943	Spectrogram 1	1	1485.500000	1486.000000	0	0	noise	cluster_noise	0.0000
5944	Spectrogram 1	1	1485.750000	1486.250000	0	0	noise	cluster_noise	0.0000
5945	Spectrogram 1	1	1486.000000	1486.500000	0	0	14	cluster_14	0.7251
5946	Spectrogram 1	1	1486.250000	1486.750000	0	0	14	cluster_14	0.7008
5947	Spectrogram 1	1	1486.500000	1487.000000	0	0	noise	cluster_noise	0.0000
5948	Spectrogram 1	1	1486.750000	1487.250000	0	0	14	cluster_14	0.7640
5949	Spectrogram 1	1	1487.000000	1487.500000	0	0	14	cluster_14	1.0000
5950	Spectrogram 1	1	1487.250000	1487.750000	0	0	noise	cluster_noise	0.0000
5951	Spectrogram 1	1	1487.500000	1488.000000	0	0	8	cluster_8	1.0000
5952	Spectrogram 1	1	1487.750000	1488.250000	0	0	12	cluster_12	0.8993
5953	Spectrogram 1	1	1488.000000	1488.500000	0	0	14	cluster_14	0.7554
5954	Spectrogram 1	1	1488.250000	1488.750000	0	0	14	cluster_14	0.7664
5955	Spectrogram 1	1	1488.500000	1489.000000	0	0	12	cluster_12	0.9458
5956	Spectrogram 1	1	1488.750000	1489.250000	0	0	14	cluster_14	1.0000
5957	Spectrogram 1	1	1489.000000	1489.500000	0	0	14	cluster_14	1.0000
5958	Spectrogram 1	1	1489.250000	1489.750000	0	0	noise	cluster_noise	0.0000
5959	Spectrogram 1	1	1489.500000	1490.000000	0	0	14	cluster_14	1.0000
5960	Spectrogram 1	1	1489.750000	1490.250000	0	0	14	cluster_14	1.0000
5961	Spectrogram 1	1	1490.000000	1490.500000	0	0	14	cluster_14	0.9143
5962	Spectrogram 1	1	1490.250000	1490.750000	0	0	14	cluster_14	0.9250
5963	Spectrogram 1	1	1490.500000	1491.000000	0	0	14	cluster_14	1.0000
5964	Spectrogram 1	1	1490.750000	1491.250000	0	0	noise	cluster_noise	0.0000
5965	Spectrogram 1	1	1491.000000	1491.500000	0	0	12	cluster_12	0.8343
5966	Spectrogram 1	1	1491.250000	1491.750000	0	0	12	cluster_12	0.8360
5967	Spectrogram 1	1	1491.500000	1492.000000	0	0	6	cluster_6	1.0000
5968	Spectrogram 1	1	1491.750000	1492.250000	0	0	6	cluster_6	1.0000
5969	Spectrogram 1	1	1492.000000	1492.500000	0	0	6	cluster_6	0.7238
5970	Spectrogram 1	1	1492.250000	1492.750000	0	0	4	cluster_4	0.9545
5971	Spectrogram 1	1	1492.500000	1493.000000	0	0	4	cluster_4	1.0000
5972	Spectrogram 1	1	1492.750000	1493.250000	0	0	4	cluster_4	1.0000
5973	Spectrogram 1	1	1493.000000	1493.500000	0	0	4	cluster_4	1.0000
5974	Spectrogram 1	1	1493.250000	1493.750000	0	0	4	cluster_4	1.0000
5975	Spectrogram 1	1	1493.500000	1494.000000	0	0	4	cluster_4	1.0000
5976	Spectrogram 1	1	1493.750000	1494.250000	0	0	6	cluster_6	1.0000
5977	Spectrogram 1	1	1494.000000	1494.500000	0	0	6	cluster_6	0.9797
5978	Spectrogram 1	1	1494.250000	1494.750000	0	0	5	cluster_5	0.6587
5979	Spectrogram 1	1	1494.500000	1495.000000	0	0	6	cluster_6	1.0000
5980	Spectrogram 1	1	1494.750000	1495.250000	0	0	6	cluster_6	1.0000
5981	Spectrogram 1	1	1495.000000	1495.500000	0	0	6	cluster_6	1.0000
5982	Spectrogram 1	1	1495.250000	1495.750000	0	0	6	cluster_6	1.0000
5983	Spectrogram 1	1	1495.500000	1496.000000	0	0	6	cluster_6	1.0000
5984	Spectrogram 1	1	1495.750000	1496.250000	0	0	4	cluster_4	1.0000
5985	Spectrogram 1	1	1496.000000	1496.500000	0	0	4	cluster_4	1.0000
5986	Spectrogram 1	1	1496.250000	1496.750000	0	0	4	cluster_4	0.8299
5987	Spectrogram 1	1	1496.500000	1497.000000	0	0	4	cluster_4	0.9877
5988	Spectrogram 1	1	1496.750000	1497.250000	0	0	4	cluster_4	1.0000
5989	Spectrogram 1	1	1497.000000	1497.500000	0	0	4	cluster_4	1.0000
5990	Spectrogram 1	1	1497.250000	1497.750000	0	0	4	cluster_4	1.0000
5991	Spectrogram 1	1	1497.500000	1498.000000	0	0	4	cluster_4	1.0000
5992	Spectrogram 1	1	1497.750000	1498.250000	0	0	6	cluster_6	0.9246
5993	Spectrogram 1	1	1498.000000	1498.500000	0	0	6	cluster_6	1.0000
5994	Spectrogram 1	1	1498.250000	1498.750000	0	0	6	cluster_6	1.0000
5995	Spectrogram 1	1	1498.500000	1499.000000	0	0	6	cluster_6	1.0000
5996	Spectrogram 1	1	1498.750000	1499.250000	0	0	12	cluster_12	0.8985
5997	Spectrogram 1	1	1499.000000	1499.500000	0	0	noise	cluster_noise	0.0000
5998	Spectrogram 1	1	1499.250000	1499.750000	0	0	noise	cluster_noise	0.0000
5999	Spectrogram 1	1	1499.500000	1500.000000	0	0	noise	cluster_noise	0.0000
6000	Spectrogram 1	1	1499.750000	1500.250000	0	0	noise	cluster_noise	0.0000
6001	Spectrogram 1	1	1500.000000	1500.500000	0	0	noise	cluster_noise	0.0000
6002	Spectrogram 1	1	1500.250000	1500.750000	0	0	15	cluster_15	1.0000
6003	Spectrogram 1	1	1500.500000	1501.000000	0	0	6	cluster_6	1.0000
6004	Spectrogram 1	1	1500.750000	1501.250000	0	0	11	cluster_11	0.8983
6005	Spectrogram 1	1	1501.000000	1501.500000	0	0	14	cluster_14	0.6623
6006	Spectrogram 1	1	1501.250000	1501.750000	0	0	14	cluster_14	0.6253
6007	Spectrogram 1	1	1501.500000	1502.000000	0	0	12	cluster_12	0.9458
6008	Spectrogram 1	1	1501.750000	1502.250000	0	0	14	cluster_14	0.8198
6009	Spectrogram 1	1	1502.000000	1502.500000	0	0	14	cluster_14	0.6090
6010	Spectrogram 1	1	1502.250000	1502.750000	0	0	noise	cluster_noise	0.0000
6011	Spectrogram 1	1	1502.500000	1503.000000	0	0	noise	cluster_noise	0.0000
6012	Spectrogram 1	1	1502.750000	1503.250000	0	0	14	cluster_14	0.6551
6013	Spectrogram 1	1	1503.000000	1503.500000	0	0	14	cluster_14	0.6694
6014	Spectrogram 1	1	1503.250000	1503.750000	0	0	noise	cluster_noise	0.0000
6015	Spectrogram 1	1	1503.500000	1504.000000	0	0	14	cluster_14	0.7480
6016	Spectrogram 1	1	1503.750000	1504.250000	0	0	14	cluster_14	0.9138
6017	Spectrogram 1	1	1504.000000	1504.500000	0	0	14	cluster_14	0.8858
6018	Spectrogram 1	1	1504.250000	1504.750000	0	0	14	cluster_14	1.0000
6019	Spectrogram 1	1	1504.500000	1505.000000	0	0	14	cluster_14	1.0000
6020	Spectrogram 1	1	1504.750000	1505.250000	0	0	noise	cluster_noise	0.0000
6021	Spectrogram 1	1	1505.000000	1505.500000	0	0	12	cluster_12	0.9458
6022	Spectrogram 1	1	1505.250000	1505.750000	0	0	14	cluster_14	0.7820
6023	Spectrogram 1	1	1505.500000	1506.000000	0	0	14	cluster_14	0.7363
6024	Spectrogram 1	1	1505.750000	1506.250000	0	0	14	cluster_14	0.8355
6025	Spectrogram 1	1	1506.000000	1506.500000	0	0	14	cluster_14	1.0000
6026	Spectrogram 1	1	1506.250000	1506.750000	0	0	14	cluster_14	0.8796
6027	Spectrogram 1	1	1506.500000	1507.000000	0	0	14	cluster_14	1.0000
6028	Spectrogram 1	1	1506.750000	1507.250000	0	0	14	cluster_14	1.0000
6029	Spectrogram 1	1	1507.000000	1507.500000	0	0	14	cluster_14	0.9811
6030	Spectrogram 1	1	1507.250000	1507.750000	0	0	15	cluster_15	1.0000
6031	Spectrogram 1	1	1507.500000	1508.000000	0	0	11	cluster_11	0.7722
6032	Spectrogram 1	1	1507.750000	1508.250000	0	0	14	cluster_14	0.7747
6033	Spectrogram 1	1	1508.000000	1508.500000	0	0	14	cluster_14	0.5838
6034	Spectrogram 1	1	1508.250000	1508.750000	0	0	12	cluster_12	0.9458
6035	Spectrogram 1	1	1508.500000	1509.000000	0	0	14	cluster_14	0.9624
6036	Spectrogram 1	1	1508.750000	1509.250000	0	0	14	cluster_14	1.0000
6037	Spectrogram 1	1	1509.000000	1509.500000	0	0	14	cluster_14	0.6203
6038	Spectrogram 1	1	1509.250000	1509.750000	0	0	14	cluster_14	1.0000
6039	Spectrogram 1	1	1509.500000	1510.000000	0	0	14	cluster_14	1.0000
6040	Spectrogram 1	1	1509.750000	1510.250000	0	0	noise	cluster_noise	0.0000
6041	Spectrogram 1	1	1510.000000	1510.500000	0	0	noise	cluster_noise	0.0000
6042	Spectrogram 1	1	1510.250000	1510.750000	0	0	noise	cluster_noise	0.0000
6043	Spectrogram 1	1	1510.500000	1511.000000	0	0	6	cluster_6	0.9025
6044	Spectrogram 1	1	1510.750000	1511.250000	0	0	6	cluster_6	1.0000
6045	Spectrogram 1	1	1511.000000	1511.500000	0	0	6	cluster_6	0.9455
6046	Spectrogram 1	1	1511.250000	1511.750000	0	0	4	cluster_4	1.0000
6047	Spectrogram 1	1	1511.500000	1512.000000	0	0	4	cluster_4	1.0000
6048	Spectrogram 1	1	1511.750000	1512.250000	0	0	4	cluster_4	1.0000
6049	Spectrogram 1	1	1512.000000	1512.500000	0	0	4	cluster_4	0.9396
6050	Spectrogram 1	1	1512.250000	1512.750000	0	0	4	cluster_4	0.9783
6051	Spectrogram 1	1	1512.500000	1513.000000	0	0	noise	cluster_noise	0.0000
6052	Spectrogram 1	1	1512.750000	1513.250000	0	0	6	cluster_6	1.0000
6053	Spectrogram 1	1	1513.000000	1513.500000	0	0	6	cluster_6	0.8558
6054	Spectrogram 1	1	1513.250000	1513.750000	0	0	6	cluster_6	1.0000
6055	Spectrogram 1	1	1513.500000	1514.000000	0	0	6	cluster_6	0.8717
6056	Spectrogram 1	1	1513.750000	1514.250000	0	0	6	cluster_6	1.0000
6057	Spectrogram 1	1	1514.000000	1514.500000	0	0	6	cluster_6	1.0000
6058	Spectrogram 1	1	1514.250000	1514.750000	0	0	6	cluster_6	0.7729
6059	Spectrogram 1	1	1514.500000	1515.000000	0	0	6	cluster_6	1.0000
6060	Spectrogram 1	1	1514.750000	1515.250000	0	0	6	cluster_6	0.8520
6061	Spectrogram 1	1	1515.000000	1515.500000	0	0	4	cluster_4	1.0000
6062	Spectrogram 1	1	1515.250000	1515.750000	0	0	4	cluster_4	1.0000
6063	Spectrogram 1	1	1515.500000	1516.000000	0	0	4	cluster_4	1.0000
6064	Spectrogram 1	1	1515.750000	1516.250000	0	0	4	cluster_4	1.0000
6065	Spectrogram 1	1	1516.000000	1516.500000	0	0	4	cluster_4	1.0000
6066	Spectrogram 1	1	1516.250000	1516.750000	0	0	6	cluster_6	0.8723
6067	Spectrogram 1	1	1516.500000	1517.000000	0	0	noise	cluster_noise	0.0000
6068	Spectrogram 1	1	1516.750000	1517.250000	0	0	8	cluster_8	0.9033
6069	Spectrogram 1	1	1517.000000	1517.500000	0	0	6	cluster_6	0.8484
6070	Spectrogram 1	1	1517.250000	1517.750000	0	0	6	cluster_6	0.7235
6071	Spectrogram 1	1	1517.500000	1518.000000	0	0	12	cluster_12	0.9403
6072	Spectrogram 1	1	1517.750000	1518.250000	0	0	14	cluster_14	0.5926
6073	Spectrogram 1	1	1518.000000	1518.500000	0	0	14	cluster_14	0.6388
6074	Spectrogram 1	1	1518.250000	1518.750000	0	0	14	cluster_14	1.0000
6075	Spectrogram 1	1	1518.500000	1519.000000	0	0	12	cluster_12	0.7331
6076	Spectrogram 1	1	1518.750000	1519.250000	0	0	14	cluster_14	0.6964
6077	Spectrogram 1	1	1519.000000	1519.500000	0	0	15	cluster_15	0.9404
6078	Spectrogram 1	1	1519.250000	1519.750000	0	0	6	cluster_6	1.0000
6079	Spectrogram 1	1	1519.500000	1520.000000	0	0	11	cluster_11	0.8343
6080	Spectrogram 1	1	1519.750000	1520.250000	0	0	14	cluster_14	0.6292
6081	Spectrogram 1	1	1520.000000	1520.500000	0	0	14	cluster_14	0.7488
6082	Spectrogram 1	1	1520.250000	1520.750000	0	0	12	cluster_12	0.7742
6083	Spectrogram 1	1	1520.500000	1521.000000	0	0	noise	cluster_noise	0.0000
6084	Spectrogram 1	1	1520.750000	1521.250000	0	0	noise	cluster_noise	0.0000
6085	Spectrogram 1	1	1521.000000	1521.500000	0	0	6	cluster_6	0.6988
6086	Spectrogram 1	1	1521.250000	1521.750000	0	0	11	cluster_11	1.0000
6087	Spectrogram 1	1	1521.500000	1522.000000	0	0	11	cluster_11	1.0000
6088	Spectrogram 1	1	1521.750000	1522.250000	0	0	6	cluster_6	1.0000
6089	Spectrogram 1	1	1522.000000	1522.500000	0	0	noise	cluster_noise	0.0000
6090	Spectrogram 1	1	1522.250000	1522.750000	0	0	noise	cluster_noise	0.0000
6091	Spectrogram 1	1	1522.500000	1523.000000	0	0	12	cluster_12	0.8956
6092	Spectrogram 1	1	1522.750000	1523.250000	0	0	14	cluster_14	1.0000
6093	Spectrogram 1	1	1523.000000	1523.500000	0	0	14	cluster_14	1.0000
6094	Spectrogram 1	1	1523.250000	1523.750000	0	0	6	cluster_6	0.6740
6095	Spectrogram 1	1	1523.500000	1524.000000	0	0	14	cluster_14	1.0000
6096	Spectrogram 1	1	1523.750000	1524.250000	0	0	14	cluster_14	0.9367
6097	Spectrogram 1	1	1524.000000	1524.500000	0	0	14	cluster_14	0.6808
6098	Spectrogram 1	1	1524.250000	1524.750000	0	0	14	cluster_14	1.0000
6099	Spectrogram 1	1	1524.500000	1525.000000	0	0	14	cluster_14	0.8507
6100	Spectrogram 1	1	1524.750000	1525.250000	0	0	noise	cluster_noise	0.0000
6101	Spectrogram 1	1	1525.000000	1525.500000	0	0	14	cluster_14	1.0000
6102	Spectrogram 1	1	1525.250000	1525.750000	0	0	14	cluster_14	1.0000
6103	Spectrogram 1	1	1525.500000	1526.000000	0	0	14	cluster_14	0.6742
6104	Spectrogram 1	1	1525.750000	1526.250000	0	0	14	cluster_14	1.0000
6105	Spectrogram 1	1	1526.000000	1526.500000	0	0	14	cluster_14	1.0000
6106	Spectrogram 1	1	1526.250000	1526.750000	0	0	12	cluster_12	0.8842
6107	Spectrogram 1	1	1526.500000	1527.000000	0	0	14	cluster_14	1.0000
6108	Spectrogram 1	1	1526.750000	1527.250000	0	0	14	cluster_14	1.0000
6109	Spectrogram 1	1	1527.000000	1527.500000	0	0	14	cluster_14	1.0000
6110	Spectrogram 1	1	1527.250000	1527.750000	0	0	14	cluster_14	1.0000
6111	Spectrogram 1	1	1527.500000	1528.000000	0	0	14	cluster_14	1.0000
6112	Spectrogram 1	1	1527.750000	1528.250000	0	0	14	cluster_14	1.0000
6113	Spectrogram 1	1	1528.000000	1528.500000	0	0	14	cluster_14	1.0000
6114	Spectrogram 1	1	1528.250000	1528.750000	0	0	15	cluster_15	0.9545
6115	Spectrogram 1	1	1528.500000	1529.000000	0	0	15	cluster_15	1.0000
6116	Spectrogram 1	1	1528.750000	1529.250000	0	0	15	cluster_15	1.0000
6117	Spectrogram 1	1	1529.000000	1529.500000	0	0	15	cluster_15	1.0000
6118	Spectrogram 1	1	1529.250000	1529.750000	0	0	noise	cluster_noise	0.0000
6119	Spectrogram 1	1	1529.500000	1530.000000	0	0	11	cluster_11	1.0000
6120	Spectrogram 1	1	1529.750000	1530.250000	0	0	14	cluster_14	0.6120
6121	Spectrogram 1	1	1530.000000	1530.500000	0	0	15	cluster_15	1.0000
6122	Spectrogram 1	1	1530.250000	1530.750000	0	0	noise	cluster_noise	0.0000
6123	Spectrogram 1	1	1530.500000	1531.000000	0	0	noise	cluster_noise	0.0000
6124	Spectrogram 1	1	1530.750000	1531.250000	0	0	14	cluster_14	0.6964
6125	Spectrogram 1	1	1531.000000	1531.500000	0	0	15	cluster_15	1.0000
6126	Spectrogram 1	1	1531.250000	1531.750000	0	0	6	cluster_6	1.0000
6127	Spectrogram 1	1	1531.500000	1532.000000	0	0	6	cluster_6	1.0000
6128	Spectrogram 1	1	1531.750000	1532.250000	0	0	6	cluster_6	0.9792
6129	Spectrogram 1	1	1532.000000	1532.500000	0	0	noise	cluster_noise	0.0000
6130	Spectrogram 1	1	1532.250000	1532.750000	0	0	noise	cluster_noise	0.0000
6131	Spectrogram 1	1	1532.500000	1533.000000	0	0	14	cluster_14	0.5738
6132	Spectrogram 1	1	1532.750000	1533.250000	0	0	noise	cluster_noise	0.0000
6133	Spectrogram 1	1	1533.000000	1533.500000	0	0	15	cluster_15	1.0000
6134	Spectrogram 1	1	1533.250000	1533.750000	0	0	noise	cluster_noise	0.0000
6135	Spectrogram 1	1	1533.500000	1534.000000	0	0	14	cluster_14	0.6272
6136	Spectrogram 1	1	1533.750000	1534.250000	0	0	15	cluster_15	0.9303
6137	Spectrogram 1	1	1534.000000	1534.500000	0	0	6	cluster_6	1.0000
6138	Spectrogram 1	1	1534.250000	1534.750000	0	0	6	cluster_6	0.9989
6139	Spectrogram 1	1	1534.500000	1535.000000	0	0	6	cluster_6	1.0000
6140	Spectrogram 1	1	1534.750000	1535.250000	0	0	noise	cluster_noise	0.0000
6141	Spectrogram 1	1	1535.000000	1535.500000	0	0	noise	cluster_noise	0.0000
6142	Spectrogram 1	1	1535.250000	1535.750000	0	0	noise	cluster_noise	0.0000
6143	Spectrogram 1	1	1535.500000	1536.000000	0	0	15	cluster_15	0.9243
6144	Spectrogram 1	1	1535.750000	1536.250000	0	0	6	cluster_6	1.0000
6145	Spectrogram 1	1	1536.000000	1536.500000	0	0	15	cluster_15	0.9418
6146	Spectrogram 1	1	1536.250000	1536.750000	0	0	15	cluster_15	0.9831
6147	Spectrogram 1	1	1536.500000	1537.000000	0	0	noise	cluster_noise	0.0000
6148	Spectrogram 1	1	1536.750000	1537.250000	0	0	noise	cluster_noise	0.0000
6149	Spectrogram 1	1	1537.000000	1537.500000	0	0	1	cluster_1	0.5168
6150	Spectrogram 1	1	1537.250000	1537.750000	0	0	1	cluster_1	0.6760
6151	Spectrogram 1	1	1537.500000	1538.000000	0	0	1	cluster_1	0.7130
6152	Spectrogram 1	1	1537.750000	1538.250000	0	0	1	cluster_1	0.4743
6153	Spectrogram 1	1	1538.000000	1538.500000	0	0	6	cluster_6	1.0000
6154	Spectrogram 1	1	1538.250000	1538.750000	0	0	6	cluster_6	0.9774
6155	Spectrogram 1	1	1538.500000	1539.000000	0	0	6	cluster_6	1.0000
6156	Spectrogram 1	1	1538.750000	1539.250000	0	0	6	cluster_6	1.0000
6157	Spectrogram 1	1	1539.000000	1539.500000	0	0	6	cluster_6	0.8951
6158	Spectrogram 1	1	1539.250000	1539.750000	0	0	1	cluster_1	0.4493
6159	Spectrogram 1	1	1539.500000	1540.000000	0	0	1	cluster_1	0.7011
6160	Spectrogram 1	1	1539.750000	1540.250000	0	0	1	cluster_1	1.0000
6161	Spectrogram 1	1	1540.000000	1540.500000	0	0	1	cluster_1	0.9026
6162	Spectrogram 1	1	1540.250000	1540.750000	0	0	1	cluster_1	0.7388
6163	Spectrogram 1	1	1540.500000	1541.000000	0	0	1	cluster_1	0.6741
6164	Spectrogram 1	1	1540.750000	1541.250000	0	0	1	cluster_1	0.5998
6165	Spectrogram 1	1	1541.000000	1541.500000	0	0	1	cluster_1	0.5422
6166	Spectrogram 1	1	1541.250000	1541.750000	0	0	noise	cluster_noise	0.0000
6167	Spectrogram 1	1	1541.500000	1542.000000	0	0	6	cluster_6	0.6293
6168	Spectrogram 1	1	1541.750000	1542.250000	0	0	6	cluster_6	0.6312
6169	Spectrogram 1	1	1542.000000	1542.500000	0	0	6	cluster_6	0.9591
6170	Spectrogram 1	1	1542.250000	1542.750000	0	0	1	cluster_1	0.7291
6171	Spectrogram 1	1	1542.500000	1543.000000	0	0	1	cluster_1	0.7194
6172	Spectrogram 1	1	1542.750000	1543.250000	0	0	1	cluster_1	0.7009
6173	Spectrogram 1	1	1543.000000	1543.500000	0	0	1	cluster_1	0.7572
6174	Spectrogram 1	1	1543.250000	1543.750000	0	0	1	cluster_1	0.8541
6175	Spectrogram 1	1	1543.500000	1544.000000	0	0	1	cluster_1	0.9934
6176	Spectrogram 1	1	1543.750000	1544.250000	0	0	1	cluster_1	0.7916
6177	Spectrogram 1	1	1544.000000	1544.500000	0	0	1	cluster_1	0.8684
6178	Spectrogram 1	1	1544.250000	1544.750000	0	0	6	cluster_6	0.8221
6179	Spectrogram 1	1	1544.500000	1545.000000	0	0	6	cluster_6	0.6734
6180	Spectrogram 1	1	1544.750000	1545.250000	0	0	1	cluster_1	0.3641
6181	Spectrogram 1	1	1545.000000	1545.500000	0	0	1	cluster_1	0.8908
6182	Spectrogram 1	1	1545.250000	1545.750000	0	0	1	cluster_1	1.0000
6183	Spectrogram 1	1	1545.500000	1546.000000	0	0	1	cluster_1	1.0000
6184	Spectrogram 1	1	1545.750000	1546.250000	0	0	1	cluster_1	1.0000
6185	Spectrogram 1	1	1546.000000	1546.500000	0	0	1	cluster_1	0.8588
6186	Spectrogram 1	1	1546.250000	1546.750000	0	0	1	cluster_1	0.8610
6187	Spectrogram 1	1	1546.500000	1547.000000	0	0	1	cluster_1	0.8715
6188	Spectrogram 1	1	1546.750000	1547.250000	0	0	1	cluster_1	0.6228
6189	Spectrogram 1	1	1547.000000	1547.500000	0	0	6	cluster_6	0.7812
6190	Spectrogram 1	1	1547.250000	1547.750000	0	0	6	cluster_6	0.9022
6191	Spectrogram 1	1	1547.500000	1548.000000	0	0	6	cluster_6	1.0000
6192	Spectrogram 1	1	1547.750000	1548.250000	0	0	6	cluster_6	1.0000
6193	Spectrogram 1	1	1548.000000	1548.500000	0	0	6	cluster_6	0.7027
6194	Spectrogram 1	1	1548.250000	1548.750000	0	0	6	cluster_6	0.8995
6195	Spectrogram 1	1	1548.500000	1549.000000	0	0	6	cluster_6	1.0000
6196	Spectrogram 1	1	1548.750000	1549.250000	0	0	6	cluster_6	0.9911
6197	Spectrogram 1	1	1549.000000	1549.500000	0	0	6	cluster_6	1.0000
6198	Spectrogram 1	1	1549.250000	1549.750000	0	0	6	cluster_6	1.0000
6199	Spectrogram 1	1	1549.500000	1550.000000	0	0	6	cluster_6	1.0000
6200	Spectrogram 1	1	1549.750000	1550.250000	0	0	15	cluster_15	1.0000
6201	Spectrogram 1	1	1550.000000	1550.500000	0	0	noise	cluster_noise	0.0000
6202	Spectrogram 1	1	1550.250000	1550.750000	0	0	noise	cluster_noise	0.0000
6203	Spectrogram 1	1	1550.500000	1551.000000	0	0	6	cluster_6	1.0000
6204	Spectrogram 1	1	1550.750000	1551.250000	0	0	15	cluster_15	1.0000
6205	Spectrogram 1	1	1551.000000	1551.500000	0	0	noise	cluster_noise	0.0000
6206	Spectrogram 1	1	1551.250000	1551.750000	0	0	noise	cluster_noise	0.0000
6207	Spectrogram 1	1	1551.500000	1552.000000	0	0	6	cluster_6	0.8469
6208	Spectrogram 1	1	1551.750000	1552.250000	0	0	6	cluster_6	0.8784
6209	Spectrogram 1	1	1552.000000	1552.500000	0	0	6	cluster_6	1.0000
6210	Spectrogram 1	1	1552.250000	1552.750000	0	0	6	cluster_6	1.0000
6211	Spectrogram 1	1	1552.500000	1553.000000	0	0	6	cluster_6	0.8293
6212	Spectrogram 1	1	1552.750000	1553.250000	0	0	noise	cluster_noise	0.0000
6213	Spectrogram 1	1	1553.000000	1553.500000	0	0	15	cluster_15	1.0000
6214	Spectrogram 1	1	1553.250000	1553.750000	0	0	noise	cluster_noise	0.0000
6215	Spectrogram 1	1	1553.500000	1554.000000	0	0	noise	cluster_noise	0.0000
6216	Spectrogram 1	1	1553.750000	1554.250000	0	0	15	cluster_15	1.0000
6217	Spectrogram 1	1	1554.000000	1554.500000	0	0	noise	cluster_noise	0.0000
6218	Spectrogram 1	1	1554.250000	1554.750000	0	0	noise	cluster_noise	0.0000
6219	Spectrogram 1	1	1554.500000	1555.000000	0	0	6	cluster_6	1.0000
6220	Spectrogram 1	1	1554.750000	1555.250000	0	0	6	cluster_6	1.0000
6221	Spectrogram 1	1	1555.000000	1555.500000	0	0	6	cluster_6	1.0000
6222	Spectrogram 1	1	1555.250000	1555.750000	0	0	noise	cluster_noise	0.0000
6223	Spectrogram 1	1	1555.500000	1556.000000	0	0	15	cluster_15	1.0000
6224	Spectrogram 1	1	1555.750000	1556.250000	0	0	15	cluster_15	1.0000
6225	Spectrogram 1	1	1556.000000	1556.500000	0	0	noise	cluster_noise	0.0000
6226	Spectrogram 1	1	1556.250000	1556.750000	0	0	noise	cluster_noise	0.0000
6227	Spectrogram 1	1	1556.500000	1557.000000	0	0	15	cluster_15	1.0000
6228	Spectrogram 1	1	1556.750000	1557.250000	0	0	15	cluster_15	1.0000
6229	Spectrogram 1	1	1557.000000	1557.500000	0	0	1	cluster_1	1.0000
6230	Spectrogram 1	1	1557.250000	1557.750000	0	0	1	cluster_1	1.0000
6231	Spectrogram 1	1	1557.500000	1558.000000	0	0	1	cluster_1	1.0000
6232	Spectrogram 1	1	1557.750000	1558.250000	0	0	1	cluster_1	1.0000
6233	Spectrogram 1	1	1558.000000	1558.500000	0	0	1	cluster_1	0.9127
6234	Spectrogram 1	1	1558.250000	1558.750000	0	0	1	cluster_1	0.9024
6235	Spectrogram 1	1	1558.500000	1559.000000	0	0	6	cluster_6	1.0000
6236	Spectrogram 1	1	1558.750000	1559.250000	0	0	6	cluster_6	1.0000
6237	Spectrogram 1	1	1559.000000	1559.500000	0	0	noise	cluster_noise	0.0000
6238	Spectrogram 1	1	1559.250000	1559.750000	0	0	6	cluster_6	0.8081
6239	Spectrogram 1	1	1559.500000	1560.000000	0	0	6	cluster_6	0.8381
6240	Spectrogram 1	1	1559.750000	1560.250000	0	0	1	cluster_1	1.0000
6241	Spectrogram 1	1	1560.000000	1560.500000	0	0	1	cluster_1	1.0000
6242	Spectrogram 1	1	1560.250000	1560.750000	0	0	1	cluster_1	0.8671
6243	Spectrogram 1	1	1560.500000	1561.000000	0	0	1	cluster_1	0.9523
6244	Spectrogram 1	1	1560.750000	1561.250000	0	0	1	cluster_1	1.0000
6245	Spectrogram 1	1	1561.000000	1561.500000	0	0	1	cluster_1	1.0000
6246	Spectrogram 1	1	1561.250000	1561.750000	0	0	1	cluster_1	1.0000
6247	Spectrogram 1	1	1561.500000	1562.000000	0	0	1	cluster_1	1.0000
6248	Spectrogram 1	1	1561.750000	1562.250000	0	0	1	cluster_1	0.9239
6249	Spectrogram 1	1	1562.000000	1562.500000	0	0	1	cluster_1	0.8946
6250	Spectrogram 1	1	1562.250000	1562.750000	0	0	1	cluster_1	0.8486
6251	Spectrogram 1	1	1562.500000	1563.000000	0	0	1	cluster_1	0.8508
6252	Spectrogram 1	1	1562.750000	1563.250000	0	0	1	cluster_1	1.0000
6253	Spectrogram 1	1	1563.000000	1563.500000	0	0	1	cluster_1	1.0000
6254	Spectrogram 1	1	1563.250000	1563.750000	0	0	1	cluster_1	0.8234
6255	Spectrogram 1	1	1563.500000	1564.000000	0	0	1	cluster_1	0.9585
6256	Spectrogram 1	1	1563.750000	1564.250000	0	0	1	cluster_1	0.9262
6257	Spectrogram 1	1	1564.000000	1564.500000	0	0	6	cluster_6	1.0000
6258	Spectrogram 1	1	1564.250000	1564.750000	0	0	6	cluster_6	1.0000
6259	Spectrogram 1	1	1564.500000	1565.000000	0	0	6	cluster_6	0.8886
6260	Spectrogram 1	1	1564.750000	1565.250000	0	0	noise	cluster_noise	0.0000
6261	Spectrogram 1	1	1565.000000	1565.500000	0	0	15	cluster_15	1.0000
6262	Spectrogram 1	1	1565.250000	1565.750000	0	0	15	cluster_15	1.0000
6263	Spectrogram 1	1	1565.500000	1566.000000	0	0	noise	cluster_noise	0.0000
6264	Spectrogram 1	1	1565.750000	1566.250000	0	0	14	cluster_14	0.6797
6265	Spectrogram 1	1	1566.000000	1566.500000	0	0	15	cluster_15	1.0000
6266	Spectrogram 1	1	1566.250000	1566.750000	0	0	15	cluster_15	1.0000
6267	Spectrogram 1	1	1566.500000	1567.000000	0	0	6	cluster_6	1.0000
6268	Spectrogram 1	1	1566.750000	1567.250000	0	0	6	cluster_6	1.0000
6269	Spectrogram 1	1	1567.000000	1567.500000	0	0	6	cluster_6	1.0000
6270	Spectrogram 1	1	1567.250000	1567.750000	0	0	6	cluster_6	0.9900
6271	Spectrogram 1	1	1567.500000	1568.000000	0	0	6	cluster_6	0.9646
6272	Spectrogram 1	1	1567.750000	1568.250000	0	0	6	cluster_6	1.0000
6273	Spectrogram 1	1	1568.000000	1568.500000	0	0	noise	cluster_noise	0.0000
6274	Spectrogram 1	1	1568.250000	1568.750000	0	0	15	cluster_15	1.0000
6275	Spectrogram 1	1	1568.500000	1569.000000	0	0	15	cluster_15	0.9192
6276	Spectrogram 1	1	1568.750000	1569.250000	0	0	13	cluster_13	1.0000
6277	Spectrogram 1	1	1569.000000	1569.500000	0	0	13	cluster_13	1.0000
6278	Spectrogram 1	1	1569.250000	1569.750000	0	0	15	cluster_15	1.0000
6279	Spectrogram 1	1	1569.500000	1570.000000	0	0	noise	cluster_noise	0.0000
6280	Spectrogram 1	1	1569.750000	1570.250000	0	0	13	cluster_13	1.0000
6281	Spectrogram 1	1	1570.000000	1570.500000	0	0	6	cluster_6	1.0000
6282	Spectrogram 1	1	1570.250000	1570.750000	0	0	6	cluster_6	0.9564
6283	Spectrogram 1	1	1570.500000	1571.000000	0	0	10	cluster_10	1.0000
6284	Spectrogram 1	1	1570.750000	1571.250000	0	0	10	cluster_10	1.0000
6285	Spectrogram 1	1	1571.000000	1571.500000	0	0	6	cluster_6	0.9903
6286	Spectrogram 1	1	1571.250000	1571.750000	0	0	noise	cluster_noise	0.0000
6287	Spectrogram 1	1	1571.500000	1572.000000	0	0	15	cluster_15	1.0000
6288	Spectrogram 1	1	1571.750000	1572.250000	0	0	noise	cluster_noise	0.0000
6289	Spectrogram 1	1	1572.000000	1572.500000	0	0	noise	cluster_noise	0.0000
6290	Spectrogram 1	1	1572.250000	1572.750000	0	0	15	cluster_15	0.9876
6291	Spectrogram 1	1	1572.500000	1573.000000	0	0	15	cluster_15	1.0000
6292	Spectrogram 1	1	1572.750000	1573.250000	0	0	noise	cluster_noise	0.0000
6293	Spectrogram 1	1	1573.000000	1573.500000	0	0	6	cluster_6	0.7407
6294	Spectrogram 1	1	1573.250000	1573.750000	0	0	1	cluster_1	0.3683
6295	Spectrogram 1	1	1573.500000	1574.000000	0	0	1	cluster_1	0.3482
6296	Spectrogram 1	1	1573.750000	1574.250000	0	0	1	cluster_1	0.3034
6297	Spectrogram 1	1	1574.000000	1574.500000	0	0	noise	cluster_noise	0.0000
6298	Spectrogram 1	1	1574.250000	1574.750000	0	0	6	cluster_6	0.8229
6299	Spectrogram 1	1	1574.500000	1575.000000	0	0	6	cluster_6	0.9054
6300	Spectrogram 1	1	1574.750000	1575.250000	0	0	6	cluster_6	1.0000
6301	Spectrogram 1	1	1575.000000	1575.500000	0	0	6	cluster_6	1.0000
6302	Spectrogram 1	1	1575.250000	1575.750000	0	0	6	cluster_6	1.0000
6303	Spectrogram 1	1	1575.500000	1576.000000	0	0	6	cluster_6	0.6097
6304	Spectrogram 1	1	1575.750000	1576.250000	0	0	6	cluster_6	1.0000
6305	Spectrogram 1	1	1576.000000	1576.500000	0	0	6	cluster_6	1.0000
6306	Spectrogram 1	1	1576.250000	1576.750000	0	0	6	cluster_6	1.0000
6307	Spectrogram 1	1	1576.500000	1577.000000	0	0	6	cluster_6	1.0000
6308	Spectrogram 1	1	1576.750000	1577.250000	0	0	1	cluster_1	0.7592
6309	Spectrogram 1	1	1577.000000	1577.500000	0	0	1	cluster_1	0.7105
6310	Spectrogram 1	1	1577.250000	1577.750000	0	0	noise	cluster_noise	0.0000
6311	Spectrogram 1	1	1577.500000	1578.000000	0	0	noise	cluster_noise	0.0000
6312	Spectrogram 1	1	1577.750000	1578.250000	0	0	6	cluster_6	0.8965
6313	Spectrogram 1	1	1578.000000	1578.500000	0	0	6	cluster_6	1.0000
6314	Spectrogram 1	1	1578.250000	1578.750000	0	0	6	cluster_6	1.0000
6315	Spectrogram 1	1	1578.500000	1579.000000	0	0	noise	cluster_noise	0.0000
6316	Spectrogram 1	1	1578.750000	1579.250000	0	0	6	cluster_6	1.0000
6317	Spectrogram 1	1	1579.000000	1579.500000	0	0	6	cluster_6	1.0000
6318	Spectrogram 1	1	1579.250000	1579.750000	0	0	6	cluster_6	1.0000
6319	Spectrogram 1	1	1579.500000	1580.000000	0	0	6	cluster_6	0.8978
6320	Spectrogram 1	1	1579.750000	1580.250000	0	0	6	cluster_6	0.7132
6321	Spectrogram 1	1	1580.000000	1580.500000	0	0	noise	cluster_noise	0.0000
6322	Spectrogram 1	1	1580.250000	1580.750000	0	0	noise	cluster_noise	0.0000
6323	Spectrogram 1	1	1580.500000	1581.000000	0	0	noise	cluster_noise	0.0000
6324	Spectrogram 1	1	1580.750000	1581.250000	0	0	6	cluster_6	1.0000
6325	Spectrogram 1	1	1581.000000	1581.500000	0	0	noise	cluster_noise	0.0000
6326	Spectrogram 1	1	1581.250000	1581.750000	0	0	noise	cluster_noise	0.0000
6327	Spectrogram 1	1	1581.500000	1582.000000	0	0	6	cluster_6	1.0000
6328	Spectrogram 1	1	1581.750000	1582.250000	0	0	6	cluster_6	1.0000
6329	Spectrogram 1	1	1582.000000	1582.500000	0	0	6	cluster_6	1.0000
6330	Spectrogram 1	1	1582.250000	1582.750000	0	0	6	cluster_6	1.0000
6331	Spectrogram 1	1	1582.500000	1583.000000	0	0	6	cluster_6	1.0000
6332	Spectrogram 1	1	1582.750000	1583.250000	0	0	6	cluster_6	1.0000
6333	Spectrogram 1	1	1583.000000	1583.500000	0	0	noise	cluster_noise	0.0000
6334	Spectrogram 1	1	1583.250000	1583.750000	0	0	15	cluster_15	1.0000
6335	Spectrogram 1	1	1583.500000	1584.000000	0	0	13	cluster_13	0.8243
6336	Spectrogram 1	1	1583.750000	1584.250000	0	0	13	cluster_13	1.0000
6337	Spectrogram 1	1	1584.000000	1584.500000	0	0	9	cluster_9	1.0000
6338	Spectrogram 1	1	1584.250000	1584.750000	0	0	noise	cluster_noise	0.0000
6339	Spectrogram 1	1	1584.500000	1585.000000	0	0	15	cluster_15	0.9483
6340	Spectrogram 1	1	1584.750000	1585.250000	0	0	8	cluster_8	1.0000
6341	Spectrogram 1	1	1585.000000	1585.500000	0	0	8	cluster_8	1.0000
6342	Spectrogram 1	1	1585.250000	1585.750000	0	0	6	cluster_6	1.0000
6343	Spectrogram 1	1	1585.500000	1586.000000	0	0	6	cluster_6	1.0000
6344	Spectrogram 1	1	1585.750000	1586.250000	0	0	6	cluster_6	1.0000
6345	Spectrogram 1	1	1586.000000	1586.500000	0	0	noise	cluster_noise	0.0000
6346	Spectrogram 1	1	1586.250000	1586.750000	0	0	noise	cluster_noise	0.0000
6347	Spectrogram 1	1	1586.500000	1587.000000	0	0	13	cluster_13	1.0000
6348	Spectrogram 1	1	1586.750000	1587.250000	0	0	noise	cluster_noise	0.0000
6349	Spectrogram 1	1	1587.000000	1587.500000	0	0	noise	cluster_noise	0.0000
6350	Spectrogram 1	1	1587.250000	1587.750000	0	0	13	cluster_13	0.7686
6351	Spectrogram 1	1	1587.500000	1588.000000	0	0	13	cluster_13	0.6797
6352	Spectrogram 1	1	1587.750000	1588.250000	0	0	8	cluster_8	0.9910
6353	Spectrogram 1	1	1588.000000	1588.500000	0	0	6	cluster_6	0.7969
6354	Spectrogram 1	1	1588.250000	1588.750000	0	0	6	cluster_6	0.7774
6355	Spectrogram 1	1	1588.500000	1589.000000	0	0	6	cluster_6	1.0000
6356	Spectrogram 1	1	1588.750000	1589.250000	0	0	6	cluster_6	0.8796
6357	Spectrogram 1	1	1589.000000	1589.500000	0	0	noise	cluster_noise	0.0000
6358	Spectrogram 1	1	1589.250000	1589.750000	0	0	15	cluster_15	1.0000
6359	Spectrogram 1	1	1589.500000	1590.000000	0	0	13	cluster_13	0.8444
6360	Spectrogram 1	1	1589.750000	1590.250000	0	0	13	cluster_13	1.0000
6361	Spectrogram 1	1	1590.000000	1590.500000	0	0	noise	cluster_noise	0.0000
6362	Spectrogram 1	1	1590.250000	1590.750000	0	0	15	cluster_15	0.9706
6363	Spectrogram 1	1	1590.500000	1591.000000	0	0	13	cluster_13	1.0000
6364	Spectrogram 1	1	1590.750000	1591.250000	0	0	13	cluster_13	0.7938
6365	Spectrogram 1	1	1591.000000	1591.500000	0	0	6	cluster_6	0.7464
6366	Spectrogram 1	1	1591.250000	1591.750000	0	0	6	cluster_6	0.9035
6367	Spectrogram 1	1	1591.500000	1592.000000	0	0	6	cluster_6	1.0000
6368	Spectrogram 1	1	1591.750000	1592.250000	0	0	noise	cluster_noise	0.0000
6369	Spectrogram 1	1	1592.000000	1592.500000	0	0	15	cluster_15	1.0000
6370	Spectrogram 1	1	1592.250000	1592.750000	0	0	13	cluster_13	0.8995
6371	Spectrogram 1	1	1592.500000	1593.000000	0	0	13	cluster_13	0.9940
6372	Spectrogram 1	1	1592.750000	1593.250000	0	0	noise	cluster_noise	0.0000
6373	Spectrogram 1	1	1593.000000	1593.500000	0	0	noise	cluster_noise	0.0000
6374	Spectrogram 1	1	1593.250000	1593.750000	0	0	13	cluster_13	0.9536
6375	Spectrogram 1	1	1593.500000	1594.000000	0	0	13	cluster_13	0.8503
6376	Spectrogram 1	1	1593.750000	1594.250000	0	0	8	cluster_8	0.9557
6377	Spectrogram 1	1	1594.000000	1594.500000	0	0	6	cluster_6	0.9947
6378	Spectrogram 1	1	1594.250000	1594.750000	0	0	noise	cluster_noise	0.0000
6379	Spectrogram 1	1	1594.500000	1595.000000	0	0	15	cluster_15	1.0000
6380	Spectrogram 1	1	1594.750000	1595.250000	0	0	13	cluster_13	0.8888
6381	Spectrogram 1	1	1595.000000	1595.500000	0	0	13	cluster_13	1.0000
6382	Spectrogram 1	1	1595.250000	1595.750000	0	0	noise	cluster_noise	0.0000
6383	Spectrogram 1	1	1595.500000	1596.000000	0	0	noise	cluster_noise	0.0000
6384	Spectrogram 1	1	1595.750000	1596.250000	0	0	13	cluster_13	0.7444
6385	Spectrogram 1	1	1596.000000	1596.500000	0	0	13	cluster_13	0.7160
6386	Spectrogram 1	1	1596.250000	1596.750000	0	0	6	cluster_6	1.0000
6387	Spectrogram 1	1	1596.500000	1597.000000	0	0	6	cluster_6	1.0000
6388	Spectrogram 1	1	1596.750000	1597.250000	0	0	6	cluster_6	1.0000
6389	Spectrogram 1	1	1597.000000	1597.500000	0	0	6	cluster_6	1.0000
6390	Spectrogram 1	1	1597.250000	1597.750000	0	0	6	cluster_6	1.0000
6391	Spectrogram 1	1	1597.500000	1598.000000	0	0	6	cluster_6	1.0000
6392	Spectrogram 1	1	1597.750000	1598.250000	0	0	6	cluster_6	1.0000
6393	Spectrogram 1	1	1598.000000	1598.500000	0	0	15	cluster_15	1.0000
6394	Spectrogram 1	1	1598.250000	1598.750000	0	0	13	cluster_13	0.8558
6395	Spectrogram 1	1	1598.500000	1599.000000	0	0	13	cluster_13	1.0000
6396	Spectrogram 1	1	1598.750000	1599.250000	0	0	9	cluster_9	0.8732
6397	Spectrogram 1	1	1599.000000	1599.500000	0	0	9	cluster_9	0.7687
6398	Spectrogram 1	1	1599.250000	1599.750000	0	0	noise	cluster_noise	0.0000
6399	Spectrogram 1	1	1599.500000	1600.000000	0	0	noise	cluster_noise	0.0000
6400	Spectrogram 1	1	1599.750000	1600.250000	0	0	8	cluster_8	0.9365
6401	Spectrogram 1	1	1600.000000	1600.500000	0	0	6	cluster_6	1.0000
6402	Spectrogram 1	1	1600.250000	1600.750000	0	0	6	cluster_6	1.0000
6403	Spectrogram 1	1	1600.500000	1601.000000	0	0	6	cluster_6	1.0000
6404	Spectrogram 1	1	1600.750000	1601.250000	0	0	noise	cluster_noise	0.0000
6405	Spectrogram 1	1	1601.000000	1601.500000	0	0	15	cluster_15	1.0000
6406	Spectrogram 1	1	1601.250000	1601.750000	0	0	13	cluster_13	0.7980
6407	Spectrogram 1	1	1601.500000	1602.000000	0	0	13	cluster_13	1.0000
6408	Spectrogram 1	1	1601.750000	1602.250000	0	0	noise	cluster_noise	0.0000
6409	Spectrogram 1	1	1602.000000	1602.500000	0	0	9	cluster_9	0.7153
6410	Spectrogram 1	1	1602.250000	1602.750000	0	0	13	cluster_13	1.0000
6411	Spectrogram 1	1	1602.500000	1603.000000	0	0	13	cluster_13	0.7776
6412	Spectrogram 1	1	1602.750000	1603.250000	0	0	8	cluster_8	1.0000
6413	Spectrogram 1	1	1603.000000	1603.500000	0	0	6	cluster_6	1.0000
6414	Spectrogram 1	1	1603.250000	1603.750000	0	0	6	cluster_6	0.9603
6415	Spectrogram 1	1	1603.500000	1604.000000	0	0	15	cluster_15	1.0000
6416	Spectrogram 1	1	1603.750000	1604.250000	0	0	13	cluster_13	1.0000
6417	Spectrogram 1	1	1604.000000	1604.500000	0	0	13	cluster_13	1.0000
6418	Spectrogram 1	1	1604.250000	1604.750000	0	0	9	cluster_9	0.6468
6419	Spectrogram 1	1	1604.500000	1605.000000	0	0	9	cluster_9	0.7119
6420	Spectrogram 1	1	1604.750000	1605.250000	0	0	9	cluster_9	0.7249
6421	Spectrogram 1	1	1605.000000	1605.500000	0	0	9	cluster_9	0.7249
6422	Spectrogram 1	1	1605.250000	1605.750000	0	0	9	cluster_9	0.7249
6423	Spectrogram 1	1	1605.500000	1606.000000	0	0	9	cluster_9	0.7249
6424	Spectrogram 1	1	1605.750000	1606.250000	0	0	9	cluster_9	0.7249
6425	Spectrogram 1	1	1606.000000	1606.500000	0	0	9	cluster_9	0.7249
6426	Spectrogram 1	1	1606.250000	1606.750000	0	0	9	cluster_9	0.7249
6427	Spectrogram 1	1	1606.500000	1607.000000	0	0	9	cluster_9	0.8590
6428	Spectrogram 1	1	1606.750000	1607.250000	0	0	9	cluster_9	0.6325
6429	Spectrogram 1	1	1607.000000	1607.500000	0	0	9	cluster_9	0.6996
6430	Spectrogram 1	1	1607.250000	1607.750000	0	0	9	cluster_9	0.6965
6431	Spectrogram 1	1	1607.500000	1608.000000	0	0	9	cluster_9	0.6158
6432	Spectrogram 1	1	1607.750000	1608.250000	0	0	9	cluster_9	0.5788
6433	Spectrogram 1	1	1608.000000	1608.500000	0	0	9	cluster_9	0.7249
6434	Spectrogram 1	1	1608.250000	1608.750000	0	0	9	cluster_9	0.7249
6435	Spectrogram 1	1	1608.500000	1609.000000	0	0	9	cluster_9	0.7249
6436	Spectrogram 1	1	1608.750000	1609.250000	0	0	9	cluster_9	0.7249
6437	Spectrogram 1	1	1609.000000	1609.500000	0	0	9	cluster_9	0.7249
6438	Spectrogram 1	1	1609.250000	1609.750000	0	0	9	cluster_9	0.7249
6439	Spectrogram 1	1	1609.500000	1610.000000	0	0	9	cluster_9	0.7167
6440	Spectrogram 1	1	1609.750000	1610.250000	0	0	9	cluster_9	0.6114
6441	Spectrogram 1	1	1610.000000	1610.500000	0	0	noise	cluster_noise	0.0000
6442	Spectrogram 1	1	1610.250000	1610.750000	0	0	10	cluster_10	1.0000
6443	Spectrogram 1	1	1610.500000	1611.000000	0	0	noise	cluster_noise	0.0000
6444	Spectrogram 1	1	1610.750000	1611.250000	0	0	noise	cluster_noise	0.0000
6445	Spectrogram 1	1	1611.000000	1611.500000	0	0	6	cluster_6	0.7760
6446	Spectrogram 1	1	1611.250000	1611.750000	0	0	15	cluster_15	0.9910
6447	Spectrogram 1	1	1611.500000	1612.000000	0	0	15	cluster_15	1.0000
6448	Spectrogram 1	1	1611.750000	1612.250000	0	0	13	cluster_13	0.8676
6449	Spectrogram 1	1	1612.000000	1612.500000	0	0	13	cluster_13	1.0000
6450	Spectrogram 1	1	1612.250000	1612.750000	0	0	9	cluster_9	0.7310
6451	Spectrogram 1	1	1612.500000	1613.000000	0	0	noise	cluster_noise	0.0000
6452	Spectrogram 1	1	1612.750000	1613.250000	0	0	noise	cluster_noise	0.0000
6453	Spectrogram 1	1	1613.000000	1613.500000	0	0	noise	cluster_noise	0.0000
6454	Spectrogram 1	1	1613.250000	1613.750000	0	0	noise	cluster_noise	0.0000
6455	Spectrogram 1	1	1613.500000	1614.000000	0	0	8	cluster_8	1.0000
6456	Spectrogram 1	1	1613.750000	1614.250000	0	0	8	cluster_8	1.0000
6457	Spectrogram 1	1	1614.000000	1614.500000	0	0	6	cluster_6	1.0000
6458	Spectrogram 1	1	1614.250000	1614.750000	0	0	6	cluster_6	0.9166
6459	Spectrogram 1	1	1614.500000	1615.000000	0	0	6	cluster_6	1.0000
6460	Spectrogram 1	1	1614.750000	1615.250000	0	0	6	cluster_6	1.0000
6461	Spectrogram 1	1	1615.000000	1615.500000	0	0	noise	cluster_noise	0.0000
6462	Spectrogram 1	1	1615.250000	1615.750000	0	0	15	cluster_15	1.0000
6463	Spectrogram 1	1	1615.500000	1616.000000	0	0	13	cluster_13	0.8635
6464	Spectrogram 1	1	1615.750000	1616.250000	0	0	13	cluster_13	1.0000
6465	Spectrogram 1	1	1616.000000	1616.500000	0	0	noise	cluster_noise	0.0000
6466	Spectrogram 1	1	1616.250000	1616.750000	0	0	9	cluster_9	0.5627
6467	Spectrogram 1	1	1616.500000	1617.000000	0	0	13	cluster_13	0.6980
6468	Spectrogram 1	1	1616.750000	1617.250000	0	0	13	cluster_13	0.6772
6469	Spectrogram 1	1	1617.000000	1617.500000	0	0	8	cluster_8	1.0000
6470	Spectrogram 1	1	1617.250000	1617.750000	0	0	6	cluster_6	1.0000
6471	Spectrogram 1	1	1617.500000	1618.000000	0	0	6	cluster_6	1.0000
6472	Spectrogram 1	1	1617.750000	1618.250000	0	0	6	cluster_6	1.0000
6473	Spectrogram 1	1	1618.000000	1618.500000	0	0	noise	cluster_noise	0.0000
6474	Spectrogram 1	1	1618.250000	1618.750000	0	0	15	cluster_15	0.9626
6475	Spectrogram 1	1	1618.500000	1619.000000	0	0	13	cluster_13	1.0000
6476	Spectrogram 1	1	1618.750000	1619.250000	0	0	13	cluster_13	0.9417
6477	Spectrogram 1	1	1619.000000	1619.500000	0	0	9	cluster_9	0.6980
6478	Spectrogram 1	1	1619.250000	1619.750000	0	0	9	cluster_9	0.6300
6479	Spectrogram 1	1	1619.500000	1620.000000	0	0	9	cluster_9	0.5890
6480	Spectrogram 1	1	1619.750000	1620.250000	0	0	noise	cluster_noise	0.0000
6481	Spectrogram 1	1	1620.000000	1620.500000	0	0	noise	cluster_noise	0.0000
6482	Spectrogram 1	1	1620.250000	1620.750000	0	0	noise	cluster_noise	0.0000
6483	Spectrogram 1	1	1620.500000	1621.000000	0	0	noise	cluster_noise	0.0000
6484	Spectrogram 1	1	1620.750000	1621.250000	0	0	6	cluster_6	1.0000
6485	Spectrogram 1	1	1621.000000	1621.500000	0	0	6	cluster_6	1.0000
6486	Spectrogram 1	1	1621.250000	1621.750000	0	0	13	cluster_13	0.7458
6487	Spectrogram 1	1	1621.500000	1622.000000	0	0	noise	cluster_noise	0.0000
6488	Spectrogram 1	1	1621.750000	1622.250000	0	0	10	cluster_10	0.8928
6489	Spectrogram 1	1	1622.000000	1622.500000	0	0	9	cluster_9	0.5639
6490	Spectrogram 1	1	1622.250000	1622.750000	0	0	9	cluster_9	0.6172
6491	Spectrogram 1	1	1622.500000	1623.000000	0	0	9	cluster_9	0.5750
6492	Spectrogram 1	1	1622.750000	1623.250000	0	0	9	cluster_9	0.6306
6493	Spectrogram 1	1	1623.000000	1623.500000	0	0	9	cluster_9	0.6476
6494	Spectrogram 1	1	1623.250000	1623.750000	0	0	9	cluster_9	0.5692
6495	Spectrogram 1	1	1623.500000	1624.000000	0	0	9	cluster_9	0.5872
6496	Spectrogram 1	1	1623.750000	1624.250000	0	0	9	cluster_9	0.6714
6497	Spectrogram 1	1	1624.000000	1624.500000	0	0	9	cluster_9	0.6730
6498	Spectrogram 1	1	1624.250000	1624.750000	0	0	9	cluster_9	0.6049
6499	Spectrogram 1	1	1624.500000	1625.000000	0	0	9	cluster_9	0.6034
6500	Spectrogram 1	1	1624.750000	1625.250000	0	0	9	cluster_9	0.6111
6501	Spectrogram 1	1	1625.000000	1625.500000	0	0	9	cluster_9	0.6315
6502	Spectrogram 1	1	1625.250000	1625.750000	0	0	9	cluster_9	0.6204
6503	Spectrogram 1	1	1625.500000	1626.000000	0	0	9	cluster_9	0.6239
6504	Spectrogram 1	1	1625.750000	1626.250000	0	0	9	cluster_9	0.6030
6505	Spectrogram 1	1	1626.000000	1626.500000	0	0	9	cluster_9	0.6714
6506	Spectrogram 1	1	1626.250000	1626.750000	0	0	9	cluster_9	0.6462
6507	Spectrogram 1	1	1626.500000	1627.000000	0	0	9	cluster_9	0.6183
6508	Spectrogram 1	1	1626.750000	1627.250000	0	0	9	cluster_9	0.6382
6509	Spectrogram 1	1	1627.000000	1627.500000	0	0	9	cluster_9	0.6507
6510	Spectrogram 1	1	1627.250000	1627.750000	0	0	9	cluster_9	0.6763
6511	Spectrogram 1	1	1627.500000	1628.000000	0	0	9	cluster_9	0.6739
6512	Spectrogram 1	1	1627.750000	1628.250000	0	0	9	cluster_9	0.7249
6513	Spectrogram 1	1	1628.000000	1628.500000	0	0	9	cluster_9	0.7249
6514	Spectrogram 1	1	1628.250000	1628.750000	0	0	9	cluster_9	0.5639
6515	Spectrogram 1	1	1628.500000	1629.000000	0	0	noise	cluster_noise	0.0000
6516	Spectrogram 1	1	1628.750000	1629.250000	0	0	noise	cluster_noise	0.0000
6517	Spectrogram 1	1	1629.000000	1629.500000	0	0	noise	cluster_noise	0.0000
6518	Spectrogram 1	1	1629.250000	1629.750000	0	0	6	cluster_6	0.9002
6519	Spectrogram 1	1	1629.500000	1630.000000	0	0	6	cluster_6	0.7389
6520	Spectrogram 1	1	1629.750000	1630.250000	0	0	noise	cluster_noise	0.0000
6521	Spectrogram 1	1	1630.000000	1630.500000	0	0	9	cluster_9	0.7094
6522	Spectrogram 1	1	1630.250000	1630.750000	0	0	9	cluster_9	1.0000
6523	Spectrogram 1	1	1630.500000	1631.000000	0	0	9	cluster_9	1.0000
6524	Spectrogram 1	1	1630.750000	1631.250000	0	0	9	cluster_9	1.0000
6525	Spectrogram 1	1	1631.000000	1631.500000	0	0	9	cluster_9	1.0000
6526	Spectrogram 1	1	1631.250000	1631.750000	0	0	9	cluster_9	0.9202
6527	Spectrogram 1	1	1631.500000	1632.000000	0	0	9	cluster_9	1.0000
6528	Spectrogram 1	1	1631.750000	1632.250000	0	0	9	cluster_9	0.7771
6529	Spectrogram 1	1	1632.000000	1632.500000	0	0	8	cluster_8	1.0000
6530	Spectrogram 1	1	1632.250000	1632.750000	0	0	6	cluster_6	1.0000
6531	Spectrogram 1	1	1632.500000	1633.000000	0	0	6	cluster_6	1.0000
6532	Spectrogram 1	1	1632.750000	1633.250000	0	0	6	cluster_6	0.7799
6533	Spectrogram 1	1	1633.000000	1633.500000	0	0	noise	cluster_noise	0.0000
6534	Spectrogram 1	1	1633.250000	1633.750000	0	0	6	cluster_6	0.9815
6535	Spectrogram 1	1	1633.500000	1634.000000	0	0	6	cluster_6	1.0000
6536	Spectrogram 1	1	1633.750000	1634.250000	0	0	6	cluster_6	1.0000
6537	Spectrogram 1	1	1634.000000	1634.500000	0	0	6	cluster_6	1.0000
6538	Spectrogram 1	1	1634.250000	1634.750000	0	0	10	cluster_10	0.7955
6539	Spectrogram 1	1	1634.500000	1635.000000	0	0	10	cluster_10	1.0000
6540	Spectrogram 1	1	1634.750000	1635.250000	0	0	10	cluster_10	1.0000
6541	Spectrogram 1	1	1635.000000	1635.500000	0	0	10	cluster_10	1.0000
6542	Spectrogram 1	1	1635.250000	1635.750000	0	0	10	cluster_10	1.0000
6543	Spectrogram 1	1	1635.500000	1636.000000	0	0	10	cluster_10	1.0000
6544	Spectrogram 1	1	1635.750000	1636.250000	0	0	10	cluster_10	1.0000
6545	Spectrogram 1	1	1636.000000	1636.500000	0	0	10	cluster_10	1.0000
6546	Spectrogram 1	1	1636.250000	1636.750000	0	0	10	cluster_10	1.0000
6547	Spectrogram 1	1	1636.500000	1637.000000	0	0	10	cluster_10	1.0000
6548	Spectrogram 1	1	1636.750000	1637.250000	0	0	6	cluster_6	1.0000
6549	Spectrogram 1	1	1637.000000	1637.500000	0	0	6	cluster_6	1.0000
6550	Spectrogram 1	1	1637.250000	1637.750000	0	0	6	cluster_6	0.6995
6551	Spectrogram 1	1	1637.500000	1638.000000	0	0	6	cluster_6	0.9299
6552	Spectrogram 1	1	1637.750000	1638.250000	0	0	10	cluster_10	0.9688
6553	Spectrogram 1	1	1638.000000	1638.500000	0	0	10	cluster_10	1.0000
6554	Spectrogram 1	1	1638.250000	1638.750000	0	0	10	cluster_10	1.0000
6555	Spectrogram 1	1	1638.500000	1639.000000	0	0	10	cluster_10	1.0000
6556	Spectrogram 1	1	1638.750000	1639.250000	0	0	10	cluster_10	1.0000
6557	Spectrogram 1	1	1639.000000	1639.500000	0	0	10	cluster_10	1.0000
6558	Spectrogram 1	1	1639.250000	1639.750000	0	0	10	cluster_10	1.0000
6559	Spectrogram 1	1	1639.500000	1640.000000	0	0	10	cluster_10	1.0000
6560	Spectrogram 1	1	1639.750000	1640.250000	0	0	6	cluster_6	1.0000
6561	Spectrogram 1	1	1640.000000	1640.500000	0	0	6	cluster_6	1.0000
6562	Spectrogram 1	1	1640.250000	1640.750000	0	0	6	cluster_6	1.0000
6563	Spectrogram 1	1	1640.500000	1641.000000	0	0	10	cluster_10	0.8556
6564	Spectrogram 1	1	1640.750000	1641.250000	0	0	10	cluster_10	1.0000
6565	Spectrogram 1	1	1641.000000	1641.500000	0	0	10	cluster_10	1.0000
6566	Spectrogram 1	1	1641.250000	1641.750000	0	0	10	cluster_10	0.8253
6567	Spectrogram 1	1	1641.500000	1642.000000	0	0	10	cluster_10	1.0000
6568	Spectrogram 1	1	1641.750000	1642.250000	0	0	10	cluster_10	1.0000
6569	Spectrogram 1	1	1642.000000	1642.500000	0	0	10	cluster_10	1.0000
6570	Spectrogram 1	1	1642.250000	1642.750000	0	0	10	cluster_10	0.9130
6571	Spectrogram 1	1	1642.500000	1643.000000	0	0	6	cluster_6	1.0000
6572	Spectrogram 1	1	1642.750000	1643.250000	0	0	10	cluster_10	0.9828
6573	Spectrogram 1	1	1643.000000	1643.500000	0	0	6	cluster_6	0.9247
6574	Spectrogram 1	1	1643.250000	1643.750000	0	0	10	cluster_10	0.8263
6575	Spectrogram 1	1	1643.500000	1644.000000	0	0	10	cluster_10	0.8724
6576	Spectrogram 1	1	1643.750000	1644.250000	0	0	10	cluster_10	1.0000
6577	Spectrogram 1	1	1644.000000	1644.500000	0	0	10	cluster_10	1.0000
6578	Spectrogram 1	1	1644.250000	1644.750000	0	0	10	cluster_10	1.0000
6579	Spectrogram 1	1	1644.500000	1645.000000	0	0	10	cluster_10	1.0000
6580	Spectrogram 1	1	1644.750000	1645.250000	0	0	10	cluster_10	1.0000
6581	Spectrogram 1	1	1645.000000	1645.500000	0	0	10	cluster_10	0.8569
6582	Spectrogram 1	1	1645.250000	1645.750000	0	0	10	cluster_10	0.8881
6583	Spectrogram 1	1	1645.500000	1646.000000	0	0	10	cluster_10	1.0000
6584	Spectrogram 1	1	1645.750000	1646.250000	0	0	noise	cluster_noise	0.0000
6585	Spectrogram 1	1	1646.000000	1646.500000	0	0	noise	cluster_noise	0.0000
6586	Spectrogram 1	1	1646.250000	1646.750000	0	0	noise	cluster_noise	0.0000
6587	Spectrogram 1	1	1646.500000	1647.000000	0	0	9	cluster_9	0.7659
6588	Spectrogram 1	1	1646.750000	1647.250000	0	0	9	cluster_9	0.9224
6589	Spectrogram 1	1	1647.000000	1647.500000	0	0	9	cluster_9	0.9914
6590	Spectrogram 1	1	1647.250000	1647.750000	0	0	9	cluster_9	0.9894
6591	Spectrogram 1	1	1647.500000	1648.000000	0	0	9	cluster_9	0.8237
6592	Spectrogram 1	1	1647.750000	1648.250000	0	0	9	cluster_9	0.9191
6593	Spectrogram 1	1	1648.000000	1648.500000	0	0	9	cluster_9	1.0000
6594	Spectrogram 1	1	1648.250000	1648.750000	0	0	9	cluster_9	0.6914
6595	Spectrogram 1	1	1648.500000	1649.000000	0	0	6	cluster_6	1.0000
6596	Spectrogram 1	1	1648.750000	1649.250000	0	0	6	cluster_6	1.0000
6597	Spectrogram 1	1	1649.000000	1649.500000	0	0	6	cluster_6	0.9059
6598	Spectrogram 1	1	1649.250000	1649.750000	0	0	6	cluster_6	1.0000
6599	Spectrogram 1	1	1649.500000	1650.000000	0	0	6	cluster_6	1.0000
6600	Spectrogram 1	1	1649.750000	1650.250000	0	0	6	cluster_6	1.0000
6601	Spectrogram 1	1	1650.000000	1650.500000	0	0	6	cluster_6	1.0000
6602	Spectrogram 1	1	1650.250000	1650.750000	0	0	6	cluster_6	0.9719
6603	Spectrogram 1	1	1650.500000	1651.000000	0	0	6	cluster_6	0.9796
6604	Spectrogram 1	1	1650.750000	1651.250000	0	0	6	cluster_6	0.6944
6605	Spectrogram 1	1	1651.000000	1651.500000	0	0	10	cluster_10	0.7820
6606	Spectrogram 1	1	1651.250000	1651.750000	0	0	10	cluster_10	0.9169
6607	Spectrogram 1	1	1651.500000	1652.000000	0	0	10	cluster_10	0.8785
6608	Spectrogram 1	1	1651.750000	1652.250000	0	0	10	cluster_10	1.0000
6609	Spectrogram 1	1	1652.000000	1652.500000	0	0	10	cluster_10	1.0000
6610	Spectrogram 1	1	1652.250000	1652.750000	0	0	10	cluster_10	1.0000
6611	Spectrogram 1	1	1652.500000	1653.000000	0	0	10	cluster_10	1.0000
6612	Spectrogram 1	1	1652.750000	1653.250000	0	0	10	cluster_10	1.0000
6613	Spectrogram 1	1	1653.000000	1653.500000	0	0	10	cluster_10	1.0000
6614	Spectrogram 1	1	1653.250000	1653.750000	0	0	10	cluster_10	1.0000
6615	Spectrogram 1	1	1653.500000	1654.000000	0	0	10	cluster_10	1.0000
6616	Spectrogram 1	1	1653.750000	1654.250000	0	0	6	cluster_6	1.0000
6617	Spectrogram 1	1	1654.000000	1654.500000	0	0	6	cluster_6	0.6618
6618	Spectrogram 1	1	1654.250000	1654.750000	0	0	6	cluster_6	0.6567
6619	Spectrogram 1	1	1654.500000	1655.000000	0	0	10	cluster_10	0.7722
6620	Spectrogram 1	1	1654.750000	1655.250000	0	0	10	cluster_10	0.9259
6621	Spectrogram 1	1	1655.000000	1655.500000	0	0	10	cluster_10	1.0000
6622	Spectrogram 1	1	1655.250000	1655.750000	0	0	10	cluster_10	1.0000
6623	Spectrogram 1	1	1655.500000	1656.000000	0	0	10	cluster_10	1.0000
6624	Spectrogram 1	1	1655.750000	1656.250000	0	0	10	cluster_10	0.9749
6625	Spectrogram 1	1	1656.000000	1656.500000	0	0	10	cluster_10	0.9629
6626	Spectrogram 1	1	1656.250000	1656.750000	0	0	10	cluster_10	1.0000
6627	Spectrogram 1	1	1656.500000	1657.000000	0	0	10	cluster_10	0.9099
6628	Spectrogram 1	1	1656.750000	1657.250000	0	0	10	cluster_10	1.0000
6629	Spectrogram 1	1	1657.000000	1657.500000	0	0	6	cluster_6	1.0000
6630	Spectrogram 1	1	1657.250000	1657.750000	0	0	noise	cluster_noise	0.0000
6631	Spectrogram 1	1	1657.500000	1658.000000	0	0	10	cluster_10	1.0000
6632	Spectrogram 1	1	1657.750000	1658.250000	0	0	10	cluster_10	1.0000
6633	Spectrogram 1	1	1658.000000	1658.500000	0	0	10	cluster_10	0.9311
6634	Spectrogram 1	1	1658.250000	1658.750000	0	0	10	cluster_10	0.8834
6635	Spectrogram 1	1	1658.500000	1659.000000	0	0	10	cluster_10	1.0000
6636	Spectrogram 1	1	1658.750000	1659.250000	0	0	10	cluster_10	1.0000
6637	Spectrogram 1	1	1659.000000	1659.500000	0	0	10	cluster_10	1.0000
6638	Spectrogram 1	1	1659.250000	1659.750000	0	0	10	cluster_10	1.0000
6639	Spectrogram 1	1	1659.500000	1660.000000	0	0	10	cluster_10	1.0000
6640	Spectrogram 1	1	1659.750000	1660.250000	0	0	10	cluster_10	1.0000
6641	Spectrogram 1	1	1660.000000	1660.500000	0	0	10	cluster_10	1.0000
6642	Spectrogram 1	1	1660.250000	1660.750000	0	0	10	cluster_10	1.0000
6643	Spectrogram 1	1	1660.500000	1661.000000	0	0	10	cluster_10	0.9827
6644	Spectrogram 1	1	1660.750000	1661.250000	0	0	10	cluster_10	1.0000
6645	Spectrogram 1	1	1661.000000	1661.500000	0	0	10	cluster_10	1.0000
6646	Spectrogram 1	1	1661.250000	1661.750000	0	0	6	cluster_6	1.0000
6647	Spectrogram 1	1	1661.500000	1662.000000	0	0	6	cluster_6	1.0000
6648	Spectrogram 1	1	1661.750000	1662.250000	0	0	noise	cluster_noise	0.0000
6649	Spectrogram 1	1	1662.000000	1662.500000	0	0	9	cluster_9	0.6136
6650	Spectrogram 1	1	1662.250000	1662.750000	0	0	9	cluster_9	0.7726
6651	Spectrogram 1	1	1662.500000	1663.000000	0	0	9	cluster_9	1.0000
6652	Spectrogram 1	1	1662.750000	1663.250000	0	0	9	cluster_9	1.0000
6653	Spectrogram 1	1	1663.000000	1663.500000	0	0	9	cluster_9	1.0000
6654	Spectrogram 1	1	1663.250000	1663.750000	0	0	9	cluster_9	0.8946
6655	Spectrogram 1	1	1663.500000	1664.000000	0	0	9	cluster_9	0.8860
6656	Spectrogram 1	1	1663.750000	1664.250000	0	0	9	cluster_9	0.7301
6657	Spectrogram 1	1	1664.000000	1664.500000	0	0	8	cluster_8	1.0000
6658	Spectrogram 1	1	1664.250000	1664.750000	0	0	6	cluster_6	1.0000
6659	Spectrogram 1	1	1664.500000	1665.000000	0	0	noise	cluster_noise	0.0000
6660	Spectrogram 1	1	1664.750000	1665.250000	0	0	noise	cluster_noise	0.0000
6661	Spectrogram 1	1	1665.000000	1665.500000	0	0	9	cluster_9	0.6642
6662	Spectrogram 1	1	1665.250000	1665.750000	0	0	9	cluster_9	1.0000
6663	Spectrogram 1	1	1665.500000	1666.000000	0	0	9	cluster_9	1.0000
6664	Spectrogram 1	1	1665.750000	1666.250000	0	0	9	cluster_9	1.0000
6665	Spectrogram 1	1	1666.000000	1666.500000	0	0	9	cluster_9	0.9811
6666	Spectrogram 1	1	1666.250000	1666.750000	0	0	9	cluster_9	0.9171
6667	Spectrogram 1	1	1666.500000	1667.000000	0	0	9	cluster_9	0.7523
6668	Spectrogram 1	1	1666.750000	1667.250000	0	0	noise	cluster_noise	0.0000
6669	Spectrogram 1	1	1667.000000	1667.500000	0	0	6	cluster_6	1.0000
6670	Spectrogram 1	1	1667.250000	1667.750000	0	0	6	cluster_6	1.0000
6671	Spectrogram 1	1	1667.500000	1668.000000	0	0	6	cluster_6	1.0000
6672	Spectrogram 1	1	1667.750000	1668.250000	0	0	6	cluster_6	1.0000
6673	Spectrogram 1	1	1668.000000	1668.500000	0	0	noise	cluster_noise	0.0000
6674	Spectrogram 1	1	1668.250000	1668.750000	0	0	5	cluster_5	0.5265
6675	Spectrogram 1	1	1668.500000	1669.000000	0	0	5	cluster_5	0.5371
6676	Spectrogram 1	1	1668.750000	1669.250000	0	0	5	cluster_5	0.5414
6677	Spectrogram 1	1	1669.000000	1669.500000	0	0	5	cluster_5	0.5581
6678	Spectrogram 1	1	1669.250000	1669.750000	0	0	5	cluster_5	0.5869
6679	Spectrogram 1	1	1669.500000	1670.000000	0	0	5	cluster_5	0.8452
6680	Spectrogram 1	1	1669.750000	1670.250000	0	0	5	cluster_5	0.8490
6681	Spectrogram 1	1	1670.000000	1670.500000	0	0	5	cluster_5	0.9196
6682	Spectrogram 1	1	1670.250000	1670.750000	0	0	6	cluster_6	1.0000
6683	Spectrogram 1	1	1670.500000	1671.000000	0	0	6	cluster_6	1.0000
6684	Spectrogram 1	1	1670.750000	1671.250000	0	0	6	cluster_6	1.0000
6685	Spectrogram 1	1	1671.000000	1671.500000	0	0	6	cluster_6	1.0000
6686	Spectrogram 1	1	1671.250000	1671.750000	0	0	6	cluster_6	0.9553
6687	Spectrogram 1	1	1671.500000	1672.000000	0	0	noise	cluster_noise	0.0000
6688	Spectrogram 1	1	1671.750000	1672.250000	0	0	10	cluster_10	1.0000
6689	Spectrogram 1	1	1672.000000	1672.500000	0	0	10	cluster_10	1.0000
6690	Spectrogram 1	1	1672.250000	1672.750000	0	0	10	cluster_10	1.0000
6691	Spectrogram 1	1	1672.500000	1673.000000	0	0	10	cluster_10	1.0000
6692	Spectrogram 1	1	1672.750000	1673.250000	0	0	10	cluster_10	1.0000
6693	Spectrogram 1	1	1673.000000	1673.500000	0	0	10	cluster_10	1.0000
6694	Spectrogram 1	1	1673.250000	1673.750000	0	0	10	cluster_10	1.0000
6695	Spectrogram 1	1	1673.500000	1674.000000	0	0	10	cluster_10	1.0000
6696	Spectrogram 1	1	1673.750000	1674.250000	0	0	10	cluster_10	1.0000
6697	Spectrogram 1	1	1674.000000	1674.500000	0	0	6	cluster_6	0.9556
6698	Spectrogram 1	1	1674.250000	1674.750000	0	0	6	cluster_6	0.9382
6699	Spectrogram 1	1	1674.500000	1675.000000	0	0	6	cluster_6	0.8058
6700	Spectrogram 1	1	1674.750000	1675.250000	0	0	noise	cluster_noise	0.0000
6701	Spectrogram 1	1	1675.000000	1675.500000	0	0	noise	cluster_noise	0.0000
6702	Spectrogram 1	1	1675.250000	1675.750000	0	0	9	cluster_9	0.6645
6703	Spectrogram 1	1	1675.500000	1676.000000	0	0	9	cluster_9	1.0000
6704	Spectrogram 1	1	1675.750000	1676.250000	0	0	9	cluster_9	1.0000
6705	Spectrogram 1	1	1676.000000	1676.500000	0	0	9	cluster_9	0.8480
6706	Spectrogram 1	1	1676.250000	1676.750000	0	0	9	cluster_9	0.9474
6707	Spectrogram 1	1	1676.500000	1677.000000	0	0	9	cluster_9	0.9292
6708	Spectrogram 1	1	1676.750000	1677.250000	0	0	9	cluster_9	0.8586
6709	Spectrogram 1	1	1677.000000	1677.500000	0	0	6	cluster_6	1.0000
6710	Spectrogram 1	1	1677.250000	1677.750000	0	0	noise	cluster_noise	0.0000
6711	Spectrogram 1	1	1677.500000	1678.000000	0	0	noise	cluster_noise	0.0000
6712	Spectrogram 1	1	1677.750000	1678.250000	0	0	noise	cluster_noise	0.0000
6713	Spectrogram 1	1	1678.000000	1678.500000	0	0	9	cluster_9	0.7931
6714	Spectrogram 1	1	1678.250000	1678.750000	0	0	9	cluster_9	1.0000
6715	Spectrogram 1	1	1678.500000	1679.000000	0	0	9	cluster_9	0.9466
6716	Spectrogram 1	1	1678.750000	1679.250000	0	0	9	cluster_9	0.8196
6717	Spectrogram 1	1	1679.000000	1679.500000	0	0	9	cluster_9	1.0000
6718	Spectrogram 1	1	1679.250000	1679.750000	0	0	9	cluster_9	0.8335
6719	Spectrogram 1	1	1679.500000	1680.000000	0	0	6	cluster_6	0.6873
6720	Spectrogram 1	1	1679.750000	1680.250000	0	0	6	cluster_6	1.0000
6721	Spectrogram 1	1	1680.000000	1680.500000	0	0	6	cluster_6	1.0000
6722	Spectrogram 1	1	1680.250000	1680.750000	0	0	6	cluster_6	0.7149
6723	Spectrogram 1	1	1680.500000	1681.000000	0	0	6	cluster_6	1.0000
6724	Spectrogram 1	1	1680.750000	1681.250000	0	0	5	cluster_5	0.7601
6725	Spectrogram 1	1	1681.000000	1681.500000	0	0	5	cluster_5	1.0000
6726	Spectrogram 1	1	1681.250000	1681.750000	0	0	5	cluster_5	1.0000
6727	Spectrogram 1	1	1681.500000	1682.000000	0	0	5	cluster_5	1.0000
6728	Spectrogram 1	1	1681.750000	1682.250000	0	0	5	cluster_5	1.0000
6729	Spectrogram 1	1	1682.000000	1682.500000	0	0	5	cluster_5	1.0000
6730	Spectrogram 1	1	1682.250000	1682.750000	0	0	5	cluster_5	1.0000
6731	Spectrogram 1	1	1682.500000	1683.000000	0	0	5	cluster_5	0.9862
6732	Spectrogram 1	1	1682.750000	1683.250000	0	0	5	cluster_5	1.0000
6733	Spectrogram 1	1	1683.000000	1683.500000	0	0	5	cluster_5	0.5666
6734	Spectrogram 1	1	1683.250000	1683.750000	0	0	6	cluster_6	0.7235
6735	Spectrogram 1	1	1683.500000	1684.000000	0	0	noise	cluster_noise	0.0000
6736	Spectrogram 1	1	1683.750000	1684.250000	0	0	noise	cluster_noise	0.0000
6737	Spectrogram 1	1	1684.000000	1684.500000	0	0	6	cluster_6	0.6636
6738	Spectrogram 1	1	1684.250000	1684.750000	0	0	noise	cluster_noise	0.0000
6739	Spectrogram 1	1	1684.500000	1685.000000	0	0	noise	cluster_noise	0.0000
6740	Spectrogram 1	1	1684.750000	1685.250000	0	0	10	cluster_10	1.0000
6741	Spectrogram 1	1	1685.000000	1685.500000	0	0	10	cluster_10	1.0000
6742	Spectrogram 1	1	1685.250000	1685.750000	0	0	10	cluster_10	1.0000
6743	Spectrogram 1	1	1685.500000	1686.000000	0	0	10	cluster_10	1.0000
6744	Spectrogram 1	1	1685.750000	1686.250000	0	0	10	cluster_10	1.0000
6745	Spectrogram 1	1	1686.000000	1686.500000	0	0	10	cluster_10	1.0000
6746	Spectrogram 1	1	1686.250000	1686.750000	0	0	10	cluster_10	1.0000
6747	Spectrogram 1	1	1686.500000	1687.000000	0	0	10	cluster_10	1.0000
6748	Spectrogram 1	1	1686.750000	1687.250000	0	0	10	cluster_10	1.0000
6749	Spectrogram 1	1	1687.000000	1687.500000	0	0	10	cluster_10	1.0000
6750	Spectrogram 1	1	1687.250000	1687.750000	0	0	6	cluster_6	1.0000
6751	Spectrogram 1	1	1687.500000	1688.000000	0	0	6	cluster_6	1.0000
6752	Spectrogram 1	1	1687.750000	1688.250000	0	0	6	cluster_6	0.8598
6753	Spectrogram 1	1	1688.000000	1688.500000	0	0	6	cluster_6	1.0000
6754	Spectrogram 1	1	1688.250000	1688.750000	0	0	noise	cluster_noise	0.0000
6755	Spectrogram 1	1	1688.500000	1689.000000	0	0	noise	cluster_noise	0.0000
6756	Spectrogram 1	1	1688.750000	1689.250000	0	0	9	cluster_9	0.6002
6757	Spectrogram 1	1	1689.000000	1689.500000	0	0	9	cluster_9	1.0000
6758	Spectrogram 1	1	1689.250000	1689.750000	0	0	9	cluster_9	1.0000
6759	Spectrogram 1	1	1689.500000	1690.000000	0	0	9	cluster_9	0.9452
6760	Spectrogram 1	1	1689.750000	1690.250000	0	0	9	cluster_9	0.8805
6761	Spectrogram 1	1	1690.000000	1690.500000	0	0	9	cluster_9	1.0000
6762	Spectrogram 1	1	1690.250000	1690.750000	0	0	9	cluster_9	1.0000
6763	Spectrogram 1	1	1690.500000	1691.000000	0	0	8	cluster_8	0.9032
6764	Spectrogram 1	1	1690.750000	1691.250000	0	0	6	cluster_6	1.0000
6765	Spectrogram 1	1	1691.000000	1691.500000	0	0	noise	cluster_noise	0.0000
6766	Spectrogram 1	1	1691.250000	1691.750000	0	0	noise	cluster_noise	0.0000
6767	Spectrogram 1	1	1691.500000	1692.000000	0	0	9	cluster_9	0.8358
6768	Spectrogram 1	1	1691.750000	1692.250000	0	0	9	cluster_9	0.9502
6769	Spectrogram 1	1	1692.000000	1692.500000	0	0	9	cluster_9	1.0000
6770	Spectrogram 1	1	1692.250000	1692.750000	0	0	9	cluster_9	0.8563
6771	Spectrogram 1	1	1692.500000	1693.000000	0	0	9	cluster_9	0.7004
6772	Spectrogram 1	1	1692.750000	1693.250000	0	0	9	cluster_9	0.9242
6773	Spectrogram 1	1	1693.000000	1693.500000	0	0	noise	cluster_noise	0.0000
6774	Spectrogram 1	1	1693.250000	1693.750000	0	0	6	cluster_6	0.8874
6775	Spectrogram 1	1	1693.500000	1694.000000	0	0	6	cluster_6	0.9361
6776	Spectrogram 1	1	1693.750000	1694.250000	0	0	6	cluster_6	1.0000
6777	Spectrogram 1	1	1694.000000	1694.500000	0	0	6	cluster_6	0.9116
6778	Spectrogram 1	1	1694.250000	1694.750000	0	0	5	cluster_5	1.0000
6779	Spectrogram 1	1	1694.500000	1695.000000	0	0	5	cluster_5	1.0000
6780	Spectrogram 1	1	1694.750000	1695.250000	0	0	5	cluster_5	0.9982
6781	Spectrogram 1	1	1695.000000	1695.500000	0	0	5	cluster_5	1.0000
6782	Spectrogram 1	1	1695.250000	1695.750000	0	0	5	cluster_5	1.0000
6783	Spectrogram 1	1	1695.500000	1696.000000	0	0	5	cluster_5	0.7938
6784	Spectrogram 1	1	1695.750000	1696.250000	0	0	5	cluster_5	0.7825
6785	Spectrogram 1	1	1696.000000	1696.500000	0	0	5	cluster_5	0.7940
6786	Spectrogram 1	1	1696.250000	1696.750000	0	0	5	cluster_5	0.8654
6787	Spectrogram 1	1	1696.500000	1697.000000	0	0	5	cluster_5	0.8758
6788	Spectrogram 1	1	1696.750000	1697.250000	0	0	5	cluster_5	0.8785
6789	Spectrogram 1	1	1697.000000	1697.500000	0	0	5	cluster_5	1.0000
6790	Spectrogram 1	1	1697.250000	1697.750000	0	0	5	cluster_5	1.0000
6791	Spectrogram 1	1	1697.500000	1698.000000	0	0	6	cluster_6	1.0000
6792	Spectrogram 1	1	1697.750000	1698.250000	0	0	6	cluster_6	1.0000
6793	Spectrogram 1	1	1698.000000	1698.500000	0	0	6	cluster_6	0.7192
6794	Spectrogram 1	1	1698.250000	1698.750000	0	0	noise	cluster_noise	0.0000
6795	Spectrogram 1	1	1698.500000	1699.000000	0	0	10	cluster_10	0.9246
6796	Spectrogram 1	1	1698.750000	1699.250000	0	0	10	cluster_10	1.0000
6797	Spectrogram 1	1	1699.000000	1699.500000	0	0	10	cluster_10	1.0000
6798	Spectrogram 1	1	1699.250000	1699.750000	0	0	10	cluster_10	1.0000
6799	Spectrogram 1	1	1699.500000	1700.000000	0	0	10	cluster_10	1.0000
6800	Spectrogram 1	1	1699.750000	1700.250000	0	0	10	cluster_10	1.0000
6801	Spectrogram 1	1	1700.000000	1700.500000	0	0	10	cluster_10	1.0000
6802	Spectrogram 1	1	1700.250000	1700.750000	0	0	10	cluster_10	1.0000
6803	Spectrogram 1	1	1700.500000	1701.000000	0	0	10	cluster_10	1.0000
6804	Spectrogram 1	1	1700.750000	1701.250000	0	0	6	cluster_6	1.0000
6805	Spectrogram 1	1	1701.000000	1701.500000	0	0	6	cluster_6	1.0000
6806	Spectrogram 1	1	1701.250000	1701.750000	0	0	noise	cluster_noise	0.0000
6807	Spectrogram 1	1	1701.500000	1702.000000	0	0	noise	cluster_noise	0.0000
6808	Spectrogram 1	1	1701.750000	1702.250000	0	0	9	cluster_9	0.7013
6809	Spectrogram 1	1	1702.000000	1702.500000	0	0	9	cluster_9	1.0000
6810	Spectrogram 1	1	1702.250000	1702.750000	0	0	9	cluster_9	1.0000
6811	Spectrogram 1	1	1702.500000	1703.000000	0	0	9	cluster_9	0.8284
6812	Spectrogram 1	1	1702.750000	1703.250000	0	0	9	cluster_9	0.8683
6813	Spectrogram 1	1	1703.000000	1703.500000	0	0	9	cluster_9	1.0000
6814	Spectrogram 1	1	1703.250000	1703.750000	0	0	noise	cluster_noise	0.0000
6815	Spectrogram 1	1	1703.500000	1704.000000	0	0	noise	cluster_noise	0.0000
6816	Spectrogram 1	1	1703.750000	1704.250000	0	0	8	cluster_8	1.0000
6817	Spectrogram 1	1	1704.000000	1704.500000	0	0	noise	cluster_noise	0.0000
6818	Spectrogram 1	1	1704.250000	1704.750000	0	0	noise	cluster_noise	0.0000
6819	Spectrogram 1	1	1704.500000	1705.000000	0	0	9	cluster_9	0.6633
6820	Spectrogram 1	1	1704.750000	1705.250000	0	0	9	cluster_9	0.8841
6821	Spectrogram 1	1	1705.000000	1705.500000	0	0	9	cluster_9	0.9924
6822	Spectrogram 1	1	1705.250000	1705.750000	0	0	9	cluster_9	0.8590
6823	Spectrogram 1	1	1705.500000	1706.000000	0	0	9	cluster_9	1.0000
6824	Spectrogram 1	1	1705.750000	1706.250000	0	0	9	cluster_9	1.0000
6825	Spectrogram 1	1	1706.000000	1706.500000	0	0	noise	cluster_noise	0.0000
6826	Spectrogram 1	1	1706.250000	1706.750000	0	0	noise	cluster_noise	0.0000
6827	Spectrogram 1	1	1706.500000	1707.000000	0	0	6	cluster_6	0.9389
6828	Spectrogram 1	1	1706.750000	1707.250000	0	0	6	cluster_6	0.9534
6829	Spectrogram 1	1	1707.000000	1707.500000	0	0	8	cluster_8	1.0000
6830	Spectrogram 1	1	1707.250000	1707.750000	0	0	5	cluster_5	0.9754
6831	Spectrogram 1	1	1707.500000	1708.000000	0	0	5	cluster_5	0.9688
6832	Spectrogram 1	1	1707.750000	1708.250000	0	0	5	cluster_5	1.0000
6833	Spectrogram 1	1	1708.000000	1708.500000	0	0	5	cluster_5	1.0000
6834	Spectrogram 1	1	1708.250000	1708.750000	0	0	5	cluster_5	0.8228
6835	Spectrogram 1	1	1708.500000	1709.000000	0	0	5	cluster_5	0.8020
6836	Spectrogram 1	1	1708.750000	1709.250000	0	0	5	cluster_5	0.8012
6837	Spectrogram 1	1	1709.000000	1709.500000	0	0	5	cluster_5	0.8862
6838	Spectrogram 1	1	1709.250000	1709.750000	0	0	5	cluster_5	0.8498
6839	Spectrogram 1	1	1709.500000	1710.000000	0	0	5	cluster_5	1.0000
6840	Spectrogram 1	1	1709.750000	1710.250000	0	0	5	cluster_5	0.7776
6841	Spectrogram 1	1	1710.000000	1710.500000	0	0	noise	cluster_noise	0.0000
6842	Spectrogram 1	1	1710.250000	1710.750000	0	0	5	cluster_5	0.6284
6843	Spectrogram 1	1	1710.500000	1711.000000	0	0	6	cluster_6	0.9855
6844	Spectrogram 1	1	1710.750000	1711.250000	0	0	6	cluster_6	0.8755
6845	Spectrogram 1	1	1711.000000	1711.500000	0	0	6	cluster_6	1.0000
6846	Spectrogram 1	1	1711.250000	1711.750000	0	0	noise	cluster_noise	0.0000
6847	Spectrogram 1	1	1711.500000	1712.000000	0	0	10	cluster_10	1.0000
6848	Spectrogram 1	1	1711.750000	1712.250000	0	0	10	cluster_10	1.0000
6849	Spectrogram 1	1	1712.000000	1712.500000	0	0	10	cluster_10	1.0000
6850	Spectrogram 1	1	1712.250000	1712.750000	0	0	10	cluster_10	1.0000
6851	Spectrogram 1	1	1712.500000	1713.000000	0	0	10	cluster_10	1.0000
6852	Spectrogram 1	1	1712.750000	1713.250000	0	0	10	cluster_10	1.0000
6853	Spectrogram 1	1	1713.000000	1713.500000	0	0	10	cluster_10	1.0000
6854	Spectrogram 1	1	1713.250000	1713.750000	0	0	10	cluster_10	1.0000
6855	Spectrogram 1	1	1713.500000	1714.000000	0	0	6	cluster_6	0.8904
6856	Spectrogram 1	1	1713.750000	1714.250000	0	0	6	cluster_6	1.0000
6857	Spectrogram 1	1	1714.000000	1714.500000	0	0	6	cluster_6	0.8860
6858	Spectrogram 1	1	1714.250000	1714.750000	0	0	6	cluster_6	0.9497
6859	Spectrogram 1	1	1714.500000	1715.000000	0	0	noise	cluster_noise	0.0000
6860	Spectrogram 1	1	1714.750000	1715.250000	0	0	noise	cluster_noise	0.0000
6861	Spectrogram 1	1	1715.000000	1715.500000	0	0	9	cluster_9	0.7203
6862	Spectrogram 1	1	1715.250000	1715.750000	0	0	9	cluster_9	1.0000
6863	Spectrogram 1	1	1715.500000	1716.000000	0	0	9	cluster_9	0.8161
6864	Spectrogram 1	1	1715.750000	1716.250000	0	0	9	cluster_9	0.8214
6865	Spectrogram 1	1	1716.000000	1716.500000	0	0	9	cluster_9	0.9300
6866	Spectrogram 1	1	1716.250000	1716.750000	0	0	9	cluster_9	0.7448
6867	Spectrogram 1	1	1716.500000	1717.000000	0	0	6	cluster_6	0.6093
6868	Spectrogram 1	1	1716.750000	1717.250000	0	0	8	cluster_8	1.0000
6869	Spectrogram 1	1	1717.000000	1717.500000	0	0	5	cluster_5	0.6012
6870	Spectrogram 1	1	1717.250000	1717.750000	0	0	noise	cluster_noise	0.0000
6871	Spectrogram 1	1	1717.500000	1718.000000	0	0	9	cluster_9	0.6731
6872	Spectrogram 1	1	1717.750000	1718.250000	0	0	9	cluster_9	0.7870
6873	Spectrogram 1	1	1718.000000	1718.500000	0	0	9	cluster_9	0.9534
6874	Spectrogram 1	1	1718.250000	1718.750000	0	0	9	cluster_9	0.7542
6875	Spectrogram 1	1	1718.500000	1719.000000	0	0	9	cluster_9	0.7861
6876	Spectrogram 1	1	1718.750000	1719.250000	0	0	9	cluster_9	0.9698
6877	Spectrogram 1	1	1719.000000	1719.500000	0	0	noise	cluster_noise	0.0000
6878	Spectrogram 1	1	1719.250000	1719.750000	0	0	noise	cluster_noise	0.0000
6879	Spectrogram 1	1	1719.500000	1720.000000	0	0	8	cluster_8	1.0000
6880	Spectrogram 1	1	1719.750000	1720.250000	0	0	6	cluster_6	0.7486
6881	Spectrogram 1	1	1720.000000	1720.500000	0	0	6	cluster_6	0.6312
6882	Spectrogram 1	1	1720.250000	1720.750000	0	0	6	cluster_6	1.0000
6883	Spectrogram 1	1	1720.500000	1721.000000	0	0	5	cluster_5	1.0000
6884	Spectrogram 1	1	1720.750000	1721.250000	0	0	5	cluster_5	0.8045
6885	Spectrogram 1	1	1721.000000	1721.500000	0	0	5	cluster_5	0.8123
6886	Spectrogram 1	1	1721.250000	1721.750000	0	0	5	cluster_5	0.7766
6887	Spectrogram 1	1	1721.500000	1722.000000	0	0	5	cluster_5	0.7782
6888	Spectrogram 1	1	1721.750000	1722.250000	0	0	5	cluster_5	0.7520
6889	Spectrogram 1	1	1722.000000	1722.500000	0	0	5	cluster_5	0.8383
6890	Spectrogram 1	1	1722.250000	1722.750000	0	0	5	cluster_5	0.8328
6891	Spectrogram 1	1	1722.500000	1723.000000	0	0	5	cluster_5	0.8979
6892	Spectrogram 1	1	1722.750000	1723.250000	0	0	5	cluster_5	1.0000
6893	Spectrogram 1	1	1723.000000	1723.500000	0	0	5	cluster_5	1.0000
6894	Spectrogram 1	1	1723.250000	1723.750000	0	0	5	cluster_5	0.5355
6895	Spectrogram 1	1	1723.500000	1724.000000	0	0	5	cluster_5	0.5223
6896	Spectrogram 1	1	1723.750000	1724.250000	0	0	5	cluster_5	0.5250
6897	Spectrogram 1	1	1724.000000	1724.500000	0	0	6	cluster_6	0.8964
6898	Spectrogram 1	1	1724.250000	1724.750000	0	0	noise	cluster_noise	0.0000
6899	Spectrogram 1	1	1724.500000	1725.000000	0	0	noise	cluster_noise	0.0000
6900	Spectrogram 1	1	1724.750000	1725.250000	0	0	10	cluster_10	0.7865
6901	Spectrogram 1	1	1725.000000	1725.500000	0	0	10	cluster_10	1.0000
6902	Spectrogram 1	1	1725.250000	1725.750000	0	0	10	cluster_10	1.0000
6903	Spectrogram 1	1	1725.500000	1726.000000	0	0	10	cluster_10	1.0000
6904	Spectrogram 1	1	1725.750000	1726.250000	0	0	10	cluster_10	1.0000
6905	Spectrogram 1	1	1726.000000	1726.500000	0	0	10	cluster_10	1.0000
6906	Spectrogram 1	1	1726.250000	1726.750000	0	0	10	cluster_10	1.0000
6907	Spectrogram 1	1	1726.500000	1727.000000	0	0	10	cluster_10	1.0000
6908	Spectrogram 1	1	1726.750000	1727.250000	0	0	10	cluster_10	1.0000
6909	Spectrogram 1	1	1727.000000	1727.500000	0	0	6	cluster_6	1.0000
6910	Spectrogram 1	1	1727.250000	1727.750000	0	0	6	cluster_6	1.0000
6911	Spectrogram 1	1	1727.500000	1728.000000	0	0	8	cluster_8	1.0000
6912	Spectrogram 1	1	1727.750000	1728.250000	0	0	5	cluster_5	0.8410
6913	Spectrogram 1	1	1728.000000	1728.500000	0	0	noise	cluster_noise	0.0000
6914	Spectrogram 1	1	1728.250000	1728.750000	0	0	9	cluster_9	0.6067
6915	Spectrogram 1	1	1728.500000	1729.000000	0	0	9	cluster_9	0.7092
6916	Spectrogram 1	1	1728.750000	1729.250000	0	0	9	cluster_9	1.0000
6917	Spectrogram 1	1	1729.000000	1729.500000	0	0	9	cluster_9	0.9379
6918	Spectrogram 1	1	1729.250000	1729.750000	0	0	9	cluster_9	0.8557
6919	Spectrogram 1	1	1729.500000	1730.000000	0	0	9	cluster_9	0.8687
6920	Spectrogram 1	1	1729.750000	1730.250000	0	0	9	cluster_9	0.6890
6921	Spectrogram 1	1	1730.000000	1730.500000	0	0	8	cluster_8	0.9382
6922	Spectrogram 1	1	1730.250000	1730.750000	0	0	noise	cluster_noise	0.0000
6923	Spectrogram 1	1	1730.500000	1731.000000	0	0	5	cluster_5	1.0000
6924	Spectrogram 1	1	1730.750000	1731.250000	0	0	9	cluster_9	0.6856
6925	Spectrogram 1	1	1731.000000	1731.500000	0	0	9	cluster_9	0.6582
6926	Spectrogram 1	1	1731.250000	1731.750000	0	0	9	cluster_9	0.6095
6927	Spectrogram 1	1	1731.500000	1732.000000	0	0	9	cluster_9	0.8645
6928	Spectrogram 1	1	1731.750000	1732.250000	0	0	9	cluster_9	0.9448
6929	Spectrogram 1	1	1732.000000	1732.500000	0	0	9	cluster_9	0.5991
6930	Spectrogram 1	1	1732.250000	1732.750000	0	0	noise	cluster_noise	0.0000
6931	Spectrogram 1	1	1732.500000	1733.000000	0	0	noise	cluster_noise	0.0000
6932	Spectrogram 1	1	1732.750000	1733.250000	0	0	6	cluster_6	0.9318
6933	Spectrogram 1	1	1733.000000	1733.500000	0	0	6	cluster_6	0.9473
6934	Spectrogram 1	1	1733.250000	1733.750000	0	0	6	cluster_6	1.0000
6935	Spectrogram 1	1	1733.500000	1734.000000	0	0	noise	cluster_noise	0.0000
6936	Spectrogram 1	1	1733.750000	1734.250000	0	0	noise	cluster_noise	0.0000
6937	Spectrogram 1	1	1734.000000	1734.500000	0	0	5	cluster_5	0.9542
6938	Spectrogram 1	1	1734.250000	1734.750000	0	0	5	cluster_5	0.7013
6939	Spectrogram 1	1	1734.500000	1735.000000	0	0	5	cluster_5	0.8086
6940	Spectrogram 1	1	1734.750000	1735.250000	0	0	5	cluster_5	0.8196
6941	Spectrogram 1	1	1735.000000	1735.500000	0	0	5	cluster_5	0.8013
6942	Spectrogram 1	1	1735.250000	1735.750000	0	0	3	cluster_3	0.8043
6943	Spectrogram 1	1	1735.500000	1736.000000	0	0	5	cluster_5	0.9067
6944	Spectrogram 1	1	1735.750000	1736.250000	0	0	5	cluster_5	1.0000
6945	Spectrogram 1	1	1736.000000	1736.500000	0	0	5	cluster_5	0.9294
6946	Spectrogram 1	1	1736.250000	1736.750000	0	0	5	cluster_5	1.0000
6947	Spectrogram 1	1	1736.500000	1737.000000	0	0	5	cluster_5	1.0000
6948	Spectrogram 1	1	1736.750000	1737.250000	0	0	noise	cluster_noise	0.0000
6949	Spectrogram 1	1	1737.000000	1737.500000	0	0	6	cluster_6	0.7902
6950	Spectrogram 1	1	1737.250000	1737.750000	0	0	6	cluster_6	1.0000
6951	Spectrogram 1	1	1737.500000	1738.000000	0	0	10	cluster_10	1.0000
6952	Spectrogram 1	1	1737.750000	1738.250000	0	0	10	cluster_10	0.8776
6953	Spectrogram 1	1	1738.000000	1738.500000	0	0	10	cluster_10	1.0000
6954	Spectrogram 1	1	1738.250000	1738.750000	0	0	10	cluster_10	1.0000
6955	Spectrogram 1	1	1738.500000	1739.000000	0	0	10	cluster_10	1.0000
6956	Spectrogram 1	1	1738.750000	1739.250000	0	0	10	cluster_10	1.0000
6957	Spectrogram 1	1	1739.000000	1739.500000	0	0	10	cluster_10	1.0000
6958	Spectrogram 1	1	1739.250000	1739.750000	0	0	10	cluster_10	1.0000
6959	Spectrogram 1	1	1739.500000	1740.000000	0	0	10	cluster_10	1.0000
6960	Spectrogram 1	1	1739.750000	1740.250000	0	0	10	cluster_10	1.0000
6961	Spectrogram 1	1	1740.000000	1740.500000	0	0	noise	cluster_noise	0.0000
6962	Spectrogram 1	1	1740.250000	1740.750000	0	0	10	cluster_10	0.8081
6963	Spectrogram 1	1	1740.500000	1741.000000	0	0	6	cluster_6	1.0000
6964	Spectrogram 1	1	1740.750000	1741.250000	0	0	5	cluster_5	1.0000
6965	Spectrogram 1	1	1741.000000	1741.500000	0	0	noise	cluster_noise	0.0000
6966	Spectrogram 1	1	1741.250000	1741.750000	0	0	9	cluster_9	0.7474
6967	Spectrogram 1	1	1741.500000	1742.000000	0	0	9	cluster_9	0.9383
6968	Spectrogram 1	1	1741.750000	1742.250000	0	0	9	cluster_9	0.9142
6969	Spectrogram 1	1	1742.000000	1742.500000	0	0	9	cluster_9	0.9448
6970	Spectrogram 1	1	1742.250000	1742.750000	0	0	9	cluster_9	0.7917
6971	Spectrogram 1	1	1742.500000	1743.000000	0	0	9	cluster_9	0.8563
6972	Spectrogram 1	1	1742.750000	1743.250000	0	0	noise	cluster_noise	0.0000
6973	Spectrogram 1	1	1743.000000	1743.500000	0	0	8	cluster_8	1.0000
6974	Spectrogram 1	1	1743.250000	1743.750000	0	0	noise	cluster_noise	0.0000
6975	Spectrogram 1	1	1743.500000	1744.000000	0	0	5	cluster_5	1.0000
6976	Spectrogram 1	1	1743.750000	1744.250000	0	0	9	cluster_9	0.7474
6977	Spectrogram 1	1	1744.000000	1744.500000	0	0	9	cluster_9	0.7474
6978	Spectrogram 1	1	1744.250000	1744.750000	0	0	9	cluster_9	0.8741
6979	Spectrogram 1	1	1744.500000	1745.000000	0	0	9	cluster_9	0.8792
6980	Spectrogram 1	1	1744.750000	1745.250000	0	0	9	cluster_9	0.9448
6981	Spectrogram 1	1	1745.000000	1745.500000	0	0	noise	cluster_noise	0.0000
6982	Spectrogram 1	1	1745.250000	1745.750000	0	0	9	cluster_9	0.7800
6983	Spectrogram 1	1	1745.500000	1746.000000	0	0	9	cluster_9	0.7396
6984	Spectrogram 1	1	1745.750000	1746.250000	0	0	noise	cluster_noise	0.0000
6985	Spectrogram 1	1	1746.000000	1746.500000	0	0	8	cluster_8	1.0000
6986	Spectrogram 1	1	1746.250000	1746.750000	0	0	noise	cluster_noise	0.0000
6987	Spectrogram 1	1	1746.500000	1747.000000	0	0	6	cluster_6	1.0000
6988	Spectrogram 1	1	1746.750000	1747.250000	0	0	5	cluster_5	0.6995
6989	Spectrogram 1	1	1747.000000	1747.500000	0	0	5	cluster_5	0.9856
6990	Spectrogram 1	1	1747.250000	1747.750000	0	0	5	cluster_5	1.0000
6991	Spectrogram 1	1	1747.500000	1748.000000	0	0	5	cluster_5	1.0000
6992	Spectrogram 1	1	1747.750000	1748.250000	0	0	5	cluster_5	1.0000
6993	Spectrogram 1	1	1748.000000	1748.500000	0	0	5	cluster_5	1.0000
6994	Spectrogram 1	1	1748.250000	1748.750000	0	0	5	cluster_5	0.9006
6995	Spectrogram 1	1	1748.500000	1749.000000	0	0	5	cluster_5	0.9415
6996	Spectrogram 1	1	1748.750000	1749.250000	0	0	5	cluster_5	1.0000
6997	Spectrogram 1	1	1749.000000	1749.500000	0	0	5	cluster_5	1.0000
6998	Spectrogram 1	1	1749.250000	1749.750000	0	0	5	cluster_5	0.7260
6999	Spectrogram 1	1	1749.500000	1750.000000	0	0	6	cluster_6	1.0000
7000	Spectrogram 1	1	1749.750000	1750.250000	0	0	10	cluster_10	0.9741
7001	Spectrogram 1	1	1750.000000	1750.500000	0	0	10	cluster_10	1.0000
7002	Spectrogram 1	1	1750.250000	1750.750000	0	0	10	cluster_10	1.0000
7003	Spectrogram 1	1	1750.500000	1751.000000	0	0	10	cluster_10	1.0000
7004	Spectrogram 1	1	1750.750000	1751.250000	0	0	10	cluster_10	1.0000
7005	Spectrogram 1	1	1751.000000	1751.500000	0	0	10	cluster_10	1.0000
7006	Spectrogram 1	1	1751.250000	1751.750000	0	0	10	cluster_10	1.0000
7007	Spectrogram 1	1	1751.500000	1752.000000	0	0	10	cluster_10	1.0000
7008	Spectrogram 1	1	1751.750000	1752.250000	0	0	10	cluster_10	1.0000
7009	Spectrogram 1	1	1752.000000	1752.500000	0	0	10	cluster_10	1.0000
7010	Spectrogram 1	1	1752.250000	1752.750000	0	0	6	cluster_6	0.7893
7011	Spectrogram 1	1	1752.500000	1753.000000	0	0	6	cluster_6	1.0000
7012	Spectrogram 1	1	1752.750000	1753.250000	0	0	6	cluster_6	1.0000
7013	Spectrogram 1	1	1753.000000	1753.500000	0	0	6	cluster_6	1.0000
7014	Spectrogram 1	1	1753.250000	1753.750000	0	0	5	cluster_5	1.0000
7015	Spectrogram 1	1	1753.500000	1754.000000	0	0	9	cluster_9	0.7125
7016	Spectrogram 1	1	1753.750000	1754.250000	0	0	9	cluster_9	0.7474
7017	Spectrogram 1	1	1754.000000	1754.500000	0	0	9	cluster_9	0.8646
7018	Spectrogram 1	1	1754.250000	1754.750000	0	0	9	cluster_9	0.9448
7019	Spectrogram 1	1	1754.500000	1755.000000	0	0	9	cluster_9	0.9448
7020	Spectrogram 1	1	1754.750000	1755.250000	0	0	9	cluster_9	0.9804
7021	Spectrogram 1	1	1755.000000	1755.500000	0	0	9	cluster_9	1.0000
7022	Spectrogram 1	1	1755.250000	1755.750000	0	0	8	cluster_8	1.0000
7023	Spectrogram 1	1	1755.500000	1756.000000	0	0	8	cluster_8	1.0000
7024	Spectrogram 1	1	1755.750000	1756.250000	0	0	5	cluster_5	0.5855
7025	Spectrogram 1	1	1756.000000	1756.500000	0	0	9	cluster_9	0.6561
7026	Spectrogram 1	1	1756.250000	1756.750000	0	0	9	cluster_9	0.6586
7027	Spectrogram 1	1	1756.500000	1757.000000	0	0	9	cluster_9	0.8603
7028	Spectrogram 1	1	1756.750000	1757.250000	0	0	9	cluster_9	0.8828
7029	Spectrogram 1	1	1757.000000	1757.500000	0	0	9	cluster_9	0.6968
7030	Spectrogram 1	1	1757.250000	1757.750000	0	0	9	cluster_9	0.6905
7031	Spectrogram 1	1	1757.500000	1758.000000	0	0	8	cluster_8	1.0000
7032	Spectrogram 1	1	1757.750000	1758.250000	0	0	6	cluster_6	0.7703
7033	Spectrogram 1	1	1758.000000	1758.500000	0	0	6	cluster_6	1.0000
7034	Spectrogram 1	1	1758.250000	1758.750000	0	0	6	cluster_6	1.0000
7035	Spectrogram 1	1	1758.500000	1759.000000	0	0	6	cluster_6	1.0000
7036	Spectrogram 1	1	1758.750000	1759.250000	0	0	6	cluster_6	1.0000
7037	Spectrogram 1	1	1759.000000	1759.500000	0	0	5	cluster_5	1.0000
7038	Spectrogram 1	1	1759.250000	1759.750000	0	0	5	cluster_5	0.9909
7039	Spectrogram 1	1	1759.500000	1760.000000	0	0	5	cluster_5	1.0000
7040	Spectrogram 1	1	1759.750000	1760.250000	0	0	5	cluster_5	1.0000
7041	Spectrogram 1	1	1760.000000	1760.500000	0	0	5	cluster_5	1.0000
7042	Spectrogram 1	1	1760.250000	1760.750000	0	0	5	cluster_5	1.0000
7043	Spectrogram 1	1	1760.500000	1761.000000	0	0	5	cluster_5	0.9391
7044	Spectrogram 1	1	1760.750000	1761.250000	0	0	5	cluster_5	1.0000
7045	Spectrogram 1	1	1761.000000	1761.500000	0	0	5	cluster_5	1.0000
7046	Spectrogram 1	1	1761.250000	1761.750000	0	0	5	cluster_5	1.0000
7047	Spectrogram 1	1	1761.500000	1762.000000	0	0	6	cluster_6	0.9002
7048	Spectrogram 1	1	1761.750000	1762.250000	0	0	6	cluster_6	0.6795
7049	Spectrogram 1	1	1762.000000	1762.500000	0	0	10	cluster_10	0.7852
7050	Spectrogram 1	1	1762.250000	1762.750000	0	0	10	cluster_10	1.0000
7051	Spectrogram 1	1	1762.500000	1763.000000	0	0	10	cluster_10	0.9849
7052	Spectrogram 1	1	1762.750000	1763.250000	0	0	10	cluster_10	1.0000
7053	Spectrogram 1	1	1763.000000	1763.500000	0	0	10	cluster_10	1.0000
7054	Spectrogram 1	1	1763.250000	1763.750000	0	0	10	cluster_10	1.0000
7055	Spectrogram 1	1	1763.500000	1764.000000	0	0	10	cluster_10	1.0000
7056	Spectrogram 1	1	1763.750000	1764.250000	0	0	10	cluster_10	1.0000
7057	Spectrogram 1	1	1764.000000	1764.500000	0	0	10	cluster_10	1.0000
7058	Spectrogram 1	1	1764.250000	1764.750000	0	0	noise	cluster_noise	0.0000
7059	Spectrogram 1	1	1764.500000	1765.000000	0	0	6	cluster_6	1.0000
7060	Spectrogram 1	1	1764.750000	1765.250000	0	0	6	cluster_6	0.7078
7061	Spectrogram 1	1	1765.000000	1765.500000	0	0	12	cluster_12	0.8198
7062	Spectrogram 1	1	1765.250000	1765.750000	0	0	5	cluster_5	0.7739
7063	Spectrogram 1	1	1765.500000	1766.000000	0	0	9	cluster_9	0.6193
7064	Spectrogram 1	1	1765.750000	1766.250000	0	0	9	cluster_9	0.6736
7065	Spectrogram 1	1	1766.000000	1766.500000	0	0	9	cluster_9	0.8574
7066	Spectrogram 1	1	1766.250000	1766.750000	0	0	9	cluster_9	0.8454
7067	Spectrogram 1	1	1766.500000	1767.000000	0	0	9	cluster_9	0.8617
7068	Spectrogram 1	1	1766.750000	1767.250000	0	0	9	cluster_9	0.7133
7069	Spectrogram 1	1	1767.000000	1767.500000	0	0	9	cluster_9	0.7648
7070	Spectrogram 1	1	1767.250000	1767.750000	0	0	6	cluster_6	1.0000
7071	Spectrogram 1	1	1767.500000	1768.000000	0	0	6	cluster_6	0.9815
7072	Spectrogram 1	1	1767.750000	1768.250000	0	0	5	cluster_5	0.8836
7073	Spectrogram 1	1	1768.000000	1768.500000	0	0	9	cluster_9	0.5826
7074	Spectrogram 1	1	1768.250000	1768.750000	0	0	9	cluster_9	0.7474
7075	Spectrogram 1	1	1768.500000	1769.000000	0	0	9	cluster_9	0.8284
7076	Spectrogram 1	1	1768.750000	1769.250000	0	0	9	cluster_9	0.8196
7077	Spectrogram 1	1	1769.000000	1769.500000	0	0	noise	cluster_noise	0.0000
7078	Spectrogram 1	1	1769.250000	1769.750000	0	0	noise	cluster_noise	0.0000
7079	Spectrogram 1	1	1769.500000	1770.000000	0	0	8	cluster_8	1.0000
7080	Spectrogram 1	1	1769.750000	1770.250000	0	0	noise	cluster_noise	0.0000
7081	Spectrogram 1	1	1770.000000	1770.500000	0	0	5	cluster_5	0.6412
7082	Spectrogram 1	1	1770.250000	1770.750000	0	0	5	cluster_5	0.6239
7083	Spectrogram 1	1	1770.500000	1771.000000	0	0	6	cluster_6	1.0000
7084	Spectrogram 1	1	1770.750000	1771.250000	0	0	6	cluster_6	1.0000
7085	Spectrogram 1	1	1771.000000	1771.500000	0	0	5	cluster_5	1.0000
7086	Spectrogram 1	1	1771.250000	1771.750000	0	0	5	cluster_5	0.9377
7087	Spectrogram 1	1	1771.500000	1772.000000	0	0	5	cluster_5	1.0000
7088	Spectrogram 1	1	1771.750000	1772.250000	0	0	5	cluster_5	1.0000
7089	Spectrogram 1	1	1772.000000	1772.500000	0	0	5	cluster_5	1.0000
7090	Spectrogram 1	1	1772.250000	1772.750000	0	0	5	cluster_5	0.8983
7091	Spectrogram 1	1	1772.500000	1773.000000	0	0	5	cluster_5	1.0000
7092	Spectrogram 1	1	1772.750000	1773.250000	0	0	5	cluster_5	0.9858
7093	Spectrogram 1	1	1773.000000	1773.500000	0	0	5	cluster_5	0.9769
7094	Spectrogram 1	1	1773.250000	1773.750000	0	0	5	cluster_5	1.0000
7095	Spectrogram 1	1	1773.500000	1774.000000	0	0	5	cluster_5	1.0000
7096	Spectrogram 1	1	1773.750000	1774.250000	0	0	6	cluster_6	0.6685
7097	Spectrogram 1	1	1774.000000	1774.500000	0	0	6	cluster_6	1.0000
7098	Spectrogram 1	1	1774.250000	1774.750000	0	0	10	cluster_10	1.0000
7099	Spectrogram 1	1	1774.500000	1775.000000	0	0	10	cluster_10	0.8446
7100	Spectrogram 1	1	1774.750000	1775.250000	0	0	10	cluster_10	1.0000
7101	Spectrogram 1	1	1775.000000	1775.500000	0	0	10	cluster_10	1.0000
7102	Spectrogram 1	1	1775.250000	1775.750000	0	0	10	cluster_10	1.0000
7103	Spectrogram 1	1	1775.500000	1776.000000	0	0	10	cluster_10	1.0000
7104	Spectrogram 1	1	1775.750000	1776.250000	0	0	10	cluster_10	1.0000
7105	Spectrogram 1	1	1776.000000	1776.500000	0	0	10	cluster_10	1.0000
7106	Spectrogram 1	1	1776.250000	1776.750000	0	0	10	cluster_10	1.0000
7107	Spectrogram 1	1	1776.500000	1777.000000	0	0	10	cluster_10	1.0000
7108	Spectrogram 1	1	1776.750000	1777.250000	0	0	6	cluster_6	0.7244
7109	Spectrogram 1	1	1777.000000	1777.500000	0	0	6	cluster_6	0.8491
7110	Spectrogram 1	1	1777.250000	1777.750000	0	0	6	cluster_6	1.0000
7111	Spectrogram 1	1	1777.500000	1778.000000	0	0	12	cluster_12	0.8207
7112	Spectrogram 1	1	1777.750000	1778.250000	0	0	5	cluster_5	0.9520
7113	Spectrogram 1	1	1778.000000	1778.500000	0	0	9	cluster_9	0.6672
7114	Spectrogram 1	1	1778.250000	1778.750000	0	0	9	cluster_9	0.7474
7115	Spectrogram 1	1	1778.500000	1779.000000	0	0	9	cluster_9	0.8046
7116	Spectrogram 1	1	1778.750000	1779.250000	0	0	9	cluster_9	0.9448
7117	Spectrogram 1	1	1779.000000	1779.500000	0	0	9	cluster_9	0.8904
7118	Spectrogram 1	1	1779.250000	1779.750000	0	0	9	cluster_9	0.6509
7119	Spectrogram 1	1	1779.500000	1780.000000	0	0	noise	cluster_noise	0.0000
7120	Spectrogram 1	1	1779.750000	1780.250000	0	0	8	cluster_8	1.0000
7121	Spectrogram 1	1	1780.000000	1780.500000	0	0	12	cluster_12	0.9458
7122	Spectrogram 1	1	1780.250000	1780.750000	0	0	5	cluster_5	0.9501
7123	Spectrogram 1	1	1780.500000	1781.000000	0	0	noise	cluster_noise	0.0000
7124	Spectrogram 1	1	1780.750000	1781.250000	0	0	9	cluster_9	0.7474
7125	Spectrogram 1	1	1781.000000	1781.500000	0	0	9	cluster_9	0.8621
7126	Spectrogram 1	1	1781.250000	1781.750000	0	0	9	cluster_9	0.7803
7127	Spectrogram 1	1	1781.500000	1782.000000	0	0	9	cluster_9	0.7075
7128	Spectrogram 1	1	1781.750000	1782.250000	0	0	noise	cluster_noise	0.0000
7129	Spectrogram 1	1	1782.000000	1782.500000	0	0	9	cluster_9	0.7384
7130	Spectrogram 1	1	1782.250000	1782.750000	0	0	8	cluster_8	1.0000
7131	Spectrogram 1	1	1782.500000	1783.000000	0	0	6	cluster_6	1.0000
7132	Spectrogram 1	1	1782.750000	1783.250000	0	0	6	cluster_6	1.0000
7133	Spectrogram 1	1	1783.000000	1783.500000	0	0	6	cluster_6	1.0000
7134	Spectrogram 1	1	1783.250000	1783.750000	0	0	6	cluster_6	1.0000
7135	Spectrogram 1	1	1783.500000	1784.000000	0	0	5	cluster_5	0.9377
7136	Spectrogram 1	1	1783.750000	1784.250000	0	0	5	cluster_5	0.9316
7137	Spectrogram 1	1	1784.000000	1784.500000	0	0	5	cluster_5	1.0000
7138	Spectrogram 1	1	1784.250000	1784.750000	0	0	5	cluster_5	1.0000
7139	Spectrogram 1	1	1784.500000	1785.000000	0	0	5	cluster_5	1.0000
7140	Spectrogram 1	1	1784.750000	1785.250000	0	0	5	cluster_5	0.9291
7141	Spectrogram 1	1	1785.000000	1785.500000	0	0	5	cluster_5	0.9420
7142	Spectrogram 1	1	1785.250000	1785.750000	0	0	5	cluster_5	1.0000
7143	Spectrogram 1	1	1785.500000	1786.000000	0	0	6	cluster_6	0.9522
7144	Spectrogram 1	1	1785.750000	1786.250000	0	0	6	cluster_6	0.9954
7145	Spectrogram 1	1	1786.000000	1786.500000	0	0	6	cluster_6	0.6237
7146	Spectrogram 1	1	1786.250000	1786.750000	0	0	6	cluster_6	0.9581
7147	Spectrogram 1	1	1786.500000	1787.000000	0	0	10	cluster_10	0.8518
7148	Spectrogram 1	1	1786.750000	1787.250000	0	0	10	cluster_10	1.0000
7149	Spectrogram 1	1	1787.000000	1787.500000	0	0	10	cluster_10	1.0000
7150	Spectrogram 1	1	1787.250000	1787.750000	0	0	10	cluster_10	1.0000
7151	Spectrogram 1	1	1787.500000	1788.000000	0	0	10	cluster_10	1.0000
7152	Spectrogram 1	1	1787.750000	1788.250000	0	0	10	cluster_10	1.0000
7153	Spectrogram 1	1	1788.000000	1788.500000	0	0	10	cluster_10	1.0000
7154	Spectrogram 1	1	1788.250000	1788.750000	0	0	10	cluster_10	1.0000
7155	Spectrogram 1	1	1788.500000	1789.000000	0	0	10	cluster_10	1.0000
7156	Spectrogram 1	1	1788.750000	1789.250000	0	0	10	cluster_10	1.0000
7157	Spectrogram 1	1	1789.000000	1789.500000	0	0	noise	cluster_noise	0.0000
7158	Spectrogram 1	1	1789.250000	1789.750000	0	0	6	cluster_6	1.0000
7159	Spectrogram 1	1	1789.500000	1790.000000	0	0	6	cluster_6	1.0000
7160	Spectrogram 1	1	1789.750000	1790.250000	0	0	12	cluster_12	0.7605
7161	Spectrogram 1	1	1790.000000	1790.500000	0	0	5	cluster_5	0.8201
7162	Spectrogram 1	1	1790.250000	1790.750000	0	0	noise	cluster_noise	0.0000
7163	Spectrogram 1	1	1790.500000	1791.000000	0	0	9	cluster_9	0.7474
7164	Spectrogram 1	1	1790.750000	1791.250000	0	0	9	cluster_9	0.6129
7165	Spectrogram 1	1	1791.000000	1791.500000	0	0	9	cluster_9	0.9766
7166	Spectrogram 1	1	1791.250000	1791.750000	0	0	9	cluster_9	0.8438
7167	Spectrogram 1	1	1791.500000	1792.000000	0	0	9	cluster_9	0.9448
7168	Spectrogram 1	1	1791.750000	1792.250000	0	0	9	cluster_9	0.7678
7169	Spectrogram 1	1	1792.000000	1792.500000	0	0	9	cluster_9	0.8043
7170	Spectrogram 1	1	1792.250000	1792.750000	0	0	noise	cluster_noise	0.0000
7171	Spectrogram 1	1	1792.500000	1793.000000	0	0	8	cluster_8	1.0000
7172	Spectrogram 1	1	1792.750000	1793.250000	0	0	6	cluster_6	1.0000
7173	Spectrogram 1	1	1793.000000	1793.500000	0	0	6	cluster_6	1.0000
7174	Spectrogram 1	1	1793.250000	1793.750000	0	0	6	cluster_6	1.0000
7175	Spectrogram 1	1	1793.500000	1794.000000	0	0	6	cluster_6	1.0000
7176	Spectrogram 1	1	1793.750000	1794.250000	0	0	6	cluster_6	1.0000
7177	Spectrogram 1	1	1794.000000	1794.500000	0	0	5	cluster_5	0.5068
7178	Spectrogram 1	1	1794.250000	1794.750000	0	0	5	cluster_5	1.0000
7179	Spectrogram 1	1	1794.500000	1795.000000	0	0	5	cluster_5	0.9697
7180	Spectrogram 1	1	1794.750000	1795.250000	0	0	5	cluster_5	1.0000
7181	Spectrogram 1	1	1795.000000	1795.500000	0	0	5	cluster_5	0.5371
7182	Spectrogram 1	1	1795.250000	1795.750000	0	0	5	cluster_5	1.0000
7183	Spectrogram 1	1	1795.500000	1796.000000	0	0	5	cluster_5	1.0000
7184	Spectrogram 1	1	1795.750000	1796.250000	0	0	5	cluster_5	1.0000
7185	Spectrogram 1	1	1796.000000	1796.500000	0	0	5	cluster_5	1.0000
7186	Spectrogram 1	1	1796.250000	1796.750000	0	0	5	cluster_5	1.0000
7187	Spectrogram 1	1	1796.500000	1797.000000	0	0	6	cluster_6	0.6117
7188	Spectrogram 1	1	1796.750000	1797.250000	0	0	6	cluster_6	0.6591
7189	Spectrogram 1	1	1797.000000	1797.500000	0	0	10	cluster_10	1.0000
7190	Spectrogram 1	1	1797.250000	1797.750000	0	0	10	cluster_10	0.7926
7191	Spectrogram 1	1	1797.500000	1798.000000	0	0	10	cluster_10	1.0000
7192	Spectrogram 1	1	1797.750000	1798.250000	0	0	10	cluster_10	1.0000
7193	Spectrogram 1	1	1798.000000	1798.500000	0	0	10	cluster_10	1.0000
7194	Spectrogram 1	1	1798.250000	1798.750000	0	0	10	cluster_10	0.9723
7195	Spectrogram 1	1	1798.500000	1799.000000	0	0	10	cluster_10	1.0000
7196	Spectrogram 1	1	1798.750000	1799.250000	0	0	10	cluster_10	1.0000
7197	Spectrogram 1	1	1799.000000	1799.500000	0	0	10	cluster_10	1.0000
7198	Spectrogram 1	1	1799.250000	1799.750000	0	0	10	cluster_10	1.0000
7199	Spectrogram 1	1	1799.500000	1800.000000	0	0	10	cluster_10	1.0000
7200	Spectrogram 1	1	1799.750000	1800.250000	0	0	noise	cluster_noise	0.0000
7201	Spectrogram 1	1	1800.000000	1800.500000	0	0	10	cluster_10	0.7787
7202	Spectrogram 1	1	1800.250000	1800.750000	0	0	12	cluster_12	0.9257
7203	Spectrogram 1	1	1800.500000	1801.000000	0	0	5	cluster_5	0.8585
7204	Spectrogram 1	1	1800.750000	1801.250000	0	0	5	cluster_5	0.8120
7205	Spectrogram 1	1	1801.000000	1801.500000	0	0	9	cluster_9	0.7474
7206	Spectrogram 1	1	1801.250000	1801.750000	0	0	9	cluster_9	0.6023
7207	Spectrogram 1	1	1801.500000	1802.000000	0	0	9	cluster_9	0.8780
7208	Spectrogram 1	1	1801.750000	1802.250000	0	0	9	cluster_9	0.9014
7209	Spectrogram 1	1	1802.000000	1802.500000	0	0	9	cluster_9	0.7871
7210	Spectrogram 1	1	1802.250000	1802.750000	0	0	9	cluster_9	0.8477
7211	Spectrogram 1	1	1802.500000	1803.000000	0	0	9	cluster_9	0.9242
7212	Spectrogram 1	1	1802.750000	1803.250000	0	0	noise	cluster_noise	0.0000
7213	Spectrogram 1	1	1803.000000	1803.500000	0	0	noise	cluster_noise	0.0000
7214	Spectrogram 1	1	1803.250000	1803.750000	0	0	noise	cluster_noise	0.0000
7215	Spectrogram 1	1	1803.500000	1804.000000	0	0	6	cluster_6	1.0000
7216	Spectrogram 1	1	1803.750000	1804.250000	0	0	6	cluster_6	1.0000
7217	Spectrogram 1	1	1804.000000	1804.500000	0	0	noise	cluster_noise	0.0000
7218	Spectrogram 1	1	1804.250000	1804.750000	0	0	noise	cluster_noise	0.0000
7219	Spectrogram 1	1	1804.500000	1805.000000	0	0	5	cluster_5	0.7033
7220	Spectrogram 1	1	1804.750000	1805.250000	0	0	5	cluster_5	1.0000
7221	Spectrogram 1	1	1805.000000	1805.500000	0	0	5	cluster_5	0.6091
7222	Spectrogram 1	1	1805.250000	1805.750000	0	0	5	cluster_5	0.7624
7223	Spectrogram 1	1	1805.500000	1806.000000	0	0	5	cluster_5	0.7606
7224	Spectrogram 1	1	1805.750000	1806.250000	0	0	5	cluster_5	1.0000
7225	Spectrogram 1	1	1806.000000	1806.500000	0	0	5	cluster_5	0.8721
7226	Spectrogram 1	1	1806.250000	1806.750000	0	0	5	cluster_5	0.9119
7227	Spectrogram 1	1	1806.500000	1807.000000	0	0	5	cluster_5	0.7816
7228	Spectrogram 1	1	1806.750000	1807.250000	0	0	10	cluster_10	1.0000
7229	Spectrogram 1	1	1807.000000	1807.500000	0	0	10	cluster_10	1.0000
7230	Spectrogram 1	1	1807.250000	1807.750000	0	0	10	cluster_10	1.0000
7231	Spectrogram 1	1	1807.500000	1808.000000	0	0	10	cluster_10	0.9632
7232	Spectrogram 1	1	1807.750000	1808.250000	0	0	10	cluster_10	1.0000
7233	Spectrogram 1	1	1808.000000	1808.500000	0	0	10	cluster_10	1.0000
7234	Spectrogram 1	1	1808.250000	1808.750000	0	0	10	cluster_10	1.0000
7235	Spectrogram 1	1	1808.500000	1809.000000	0	0	10	cluster_10	1.0000
7236	Spectrogram 1	1	1808.750000	1809.250000	0	0	10	cluster_10	1.0000
7237	Spectrogram 1	1	1809.000000	1809.500000	0	0	10	cluster_10	1.0000
7238	Spectrogram 1	1	1809.250000	1809.750000	0	0	10	cluster_10	1.0000
7239	Spectrogram 1	1	1809.500000	1810.000000	0	0	10	cluster_10	1.0000
7240	Spectrogram 1	1	1809.750000	1810.250000	0	0	10	cluster_10	1.0000
7241	Spectrogram 1	1	1810.000000	1810.500000	0	0	10	cluster_10	0.7705
7242	Spectrogram 1	1	1810.250000	1810.750000	0	0	6	cluster_6	1.0000
7243	Spectrogram 1	1	1810.500000	1811.000000	0	0	noise	cluster_noise	0.0000
7244	Spectrogram 1	1	1810.750000	1811.250000	0	0	5	cluster_5	0.9957
7245	Spectrogram 1	1	1811.000000	1811.500000	0	0	5	cluster_5	1.0000
7246	Spectrogram 1	1	1811.250000	1811.750000	0	0	noise	cluster_noise	0.0000
7247	Spectrogram 1	1	1811.500000	1812.000000	0	0	9	cluster_9	0.7474
7248	Spectrogram 1	1	1811.750000	1812.250000	0	0	9	cluster_9	0.5773
7249	Spectrogram 1	1	1812.000000	1812.500000	0	0	9	cluster_9	0.8813
7250	Spectrogram 1	1	1812.250000	1812.750000	0	0	9	cluster_9	0.9448
7251	Spectrogram 1	1	1812.500000	1813.000000	0	0	9	cluster_9	0.6191
7252	Spectrogram 1	1	1812.750000	1813.250000	0	0	9	cluster_9	0.8096
7253	Spectrogram 1	1	1813.000000	1813.500000	0	0	9	cluster_9	0.8002
7254	Spectrogram 1	1	1813.250000	1813.750000	0	0	noise	cluster_noise	0.0000
7255	Spectrogram 1	1	1813.500000	1814.000000	0	0	8	cluster_8	1.0000
7256	Spectrogram 1	1	1813.750000	1814.250000	0	0	8	cluster_8	0.8804
7257	Spectrogram 1	1	1814.000000	1814.500000	0	0	8	cluster_8	1.0000
7258	Spectrogram 1	1	1814.250000	1814.750000	0	0	6	cluster_6	1.0000
7259	Spectrogram 1	1	1814.500000	1815.000000	0	0	6	cluster_6	0.9231
7260	Spectrogram 1	1	1814.750000	1815.250000	0	0	noise	cluster_noise	0.0000
7261	Spectrogram 1	1	1815.000000	1815.500000	0	0	5	cluster_5	1.0000
7262	Spectrogram 1	1	1815.250000	1815.750000	0	0	5	cluster_5	0.8726
7263	Spectrogram 1	1	1815.500000	1816.000000	0	0	5	cluster_5	0.6065
7264	Spectrogram 1	1	1815.750000	1816.250000	0	0	5	cluster_5	0.6979
7265	Spectrogram 1	1	1816.000000	1816.500000	0	0	5	cluster_5	0.7821
7266	Spectrogram 1	1	1816.250000	1816.750000	0	0	5	cluster_5	1.0000
7267	Spectrogram 1	1	1816.500000	1817.000000	0	0	5	cluster_5	0.8963
7268	Spectrogram 1	1	1816.750000	1817.250000	0	0	5	cluster_5	0.7216
7269	Spectrogram 1	1	1817.000000	1817.500000	0	0	5	cluster_5	0.7867
7270	Spectrogram 1	1	1817.250000	1817.750000	0	0	10	cluster_10	1.0000
7271	Spectrogram 1	1	1817.500000	1818.000000	0	0	10	cluster_10	1.0000
7272	Spectrogram 1	1	1817.750000	1818.250000	0	0	noise	cluster_noise	0.0000
7273	Spectrogram 1	1	1818.000000	1818.500000	0	0	noise	cluster_noise	0.0000
7274	Spectrogram 1	1	1818.250000	1818.750000	0	0	10	cluster_10	1.0000
7275	Spectrogram 1	1	1818.500000	1819.000000	0	0	10	cluster_10	1.0000
7276	Spectrogram 1	1	1818.750000	1819.250000	0	0	10	cluster_10	1.0000
7277	Spectrogram 1	1	1819.000000	1819.500000	0	0	10	cluster_10	1.0000
7278	Spectrogram 1	1	1819.250000	1819.750000	0	0	10	cluster_10	1.0000
7279	Spectrogram 1	1	1819.500000	1820.000000	0	0	10	cluster_10	1.0000
7280	Spectrogram 1	1	1819.750000	1820.250000	0	0	10	cluster_10	1.0000
7281	Spectrogram 1	1	1820.000000	1820.500000	0	0	10	cluster_10	1.0000
7282	Spectrogram 1	1	1820.250000	1820.750000	0	0	10	cluster_10	1.0000
7283	Spectrogram 1	1	1820.500000	1821.000000	0	0	10	cluster_10	1.0000
7284	Spectrogram 1	1	1820.750000	1821.250000	0	0	6	cluster_6	1.0000
7285	Spectrogram 1	1	1821.000000	1821.500000	0	0	10	cluster_10	0.8566
7286	Spectrogram 1	1	1821.250000	1821.750000	0	0	12	cluster_12	0.7613
7287	Spectrogram 1	1	1821.500000	1822.000000	0	0	5	cluster_5	1.0000
7288	Spectrogram 1	1	1821.750000	1822.250000	0	0	9	cluster_9	0.7108
7289	Spectrogram 1	1	1822.000000	1822.500000	0	0	9	cluster_9	0.7474
7290	Spectrogram 1	1	1822.250000	1822.750000	0	0	9	cluster_9	0.7733
7291	Spectrogram 1	1	1822.500000	1823.000000	0	0	9	cluster_9	0.7705
7292	Spectrogram 1	1	1822.750000	1823.250000	0	0	9	cluster_9	0.8187
7293	Spectrogram 1	1	1823.000000	1823.500000	0	0	9	cluster_9	0.6074
7294	Spectrogram 1	1	1823.250000	1823.750000	0	0	9	cluster_9	0.8432
7295	Spectrogram 1	1	1823.500000	1824.000000	0	0	9	cluster_9	0.6043
7296	Spectrogram 1	1	1823.750000	1824.250000	0	0	noise	cluster_noise	0.0000
7297	Spectrogram 1	1	1824.000000	1824.500000	0	0	5	cluster_5	0.8823
7298	Spectrogram 1	1	1824.250000	1824.750000	0	0	5	cluster_5	0.9783
7299	Spectrogram 1	1	1824.500000	1825.000000	0	0	9	cluster_9	0.7474
7300	Spectrogram 1	1	1824.750000	1825.250000	0	0	9	cluster_9	0.6066
7301	Spectrogram 1	1	1825.000000	1825.500000	0	0	9	cluster_9	0.8867
7302	Spectrogram 1	1	1825.250000	1825.750000	0	0	9	cluster_9	0.9448
7303	Spectrogram 1	1	1825.500000	1826.000000	0	0	9	cluster_9	0.6586
7304	Spectrogram 1	1	1825.750000	1826.250000	0	0	9	cluster_9	0.7750
7305	Spectrogram 1	1	1826.000000	1826.500000	0	0	8	cluster_8	1.0000
7306	Spectrogram 1	1	1826.250000	1826.750000	0	0	8	cluster_8	1.0000
7307	Spectrogram 1	1	1826.500000	1827.000000	0	0	8	cluster_8	1.0000
7308	Spectrogram 1	1	1826.750000	1827.250000	0	0	6	cluster_6	0.8465
7309	Spectrogram 1	1	1827.000000	1827.500000	0	0	8	cluster_8	0.8871
7310	Spectrogram 1	1	1827.250000	1827.750000	0	0	noise	cluster_noise	0.0000
7311	Spectrogram 1	1	1827.500000	1828.000000	0	0	5	cluster_5	1.0000
7312	Spectrogram 1	1	1827.750000	1828.250000	0	0	5	cluster_5	1.0000
7313	Spectrogram 1	1	1828.000000	1828.500000	0	0	5	cluster_5	0.6429
7314	Spectrogram 1	1	1828.250000	1828.750000	0	0	5	cluster_5	0.7305
7315	Spectrogram 1	1	1828.500000	1829.000000	0	0	5	cluster_5	0.8820
7316	Spectrogram 1	1	1828.750000	1829.250000	0	0	5	cluster_5	0.8603
7317	Spectrogram 1	1	1829.000000	1829.500000	0	0	5	cluster_5	0.9965
7318	Spectrogram 1	1	1829.250000	1829.750000	0	0	5	cluster_5	0.9822
7319	Spectrogram 1	1	1829.500000	1830.000000	0	0	5	cluster_5	1.0000
7320	Spectrogram 1	1	1829.750000	1830.250000	0	0	5	cluster_5	1.0000
7321	Spectrogram 1	1	1830.000000	1830.500000	0	0	6	cluster_6	0.9939
7322	Spectrogram 1	1	1830.250000	1830.750000	0	0	6	cluster_6	0.7573
7323	Spectrogram 1	1	1830.500000	1831.000000	0	0	10	cluster_10	1.0000
7324	Spectrogram 1	1	1830.750000	1831.250000	0	0	10	cluster_10	1.0000
7325	Spectrogram 1	1	1831.000000	1831.500000	0	0	10	cluster_10	0.8053
7326	Spectrogram 1	1	1831.250000	1831.750000	0	0	noise	cluster_noise	0.0000
7327	Spectrogram 1	1	1831.500000	1832.000000	0	0	10	cluster_10	1.0000
7328	Spectrogram 1	1	1831.750000	1832.250000	0	0	10	cluster_10	1.0000
7329	Spectrogram 1	1	1832.000000	1832.500000	0	0	10	cluster_10	0.9967
7330	Spectrogram 1	1	1832.250000	1832.750000	0	0	6	cluster_6	0.7532
7331	Spectrogram 1	1	1832.500000	1833.000000	0	0	6	cluster_6	0.6973
7332	Spectrogram 1	1	1832.750000	1833.250000	0	0	6	cluster_6	0.9978
7333	Spectrogram 1	1	1833.000000	1833.500000	0	0	noise	cluster_noise	0.0000
7334	Spectrogram 1	1	1833.250000	1833.750000	0	0	12	cluster_12	0.9866
7335	Spectrogram 1	1	1833.500000	1834.000000	0	0	5	cluster_5	1.0000
7336	Spectrogram 1	1	1833.750000	1834.250000	0	0	9	cluster_9	0.7474
7337	Spectrogram 1	1	1834.000000	1834.500000	0	0	9	cluster_9	0.6386
7338	Spectrogram 1	1	1834.250000	1834.750000	0	0	9	cluster_9	0.8620
7339	Spectrogram 1	1	1834.500000	1835.000000	0	0	9	cluster_9	0.9448
7340	Spectrogram 1	1	1834.750000	1835.250000	0	0	9	cluster_9	0.6036
7341	Spectrogram 1	1	1835.000000	1835.500000	0	0	9	cluster_9	0.7489
7342	Spectrogram 1	1	1835.250000	1835.750000	0	0	noise	cluster_noise	0.0000
7343	Spectrogram 1	1	1835.500000	1836.000000	0	0	12	cluster_12	0.9362
7344	Spectrogram 1	1	1835.750000	1836.250000	0	0	12	cluster_12	0.9019
7345	Spectrogram 1	1	1836.000000	1836.500000	0	0	5	cluster_5	1.0000
7346	Spectrogram 1	1	1836.250000	1836.750000	0	0	9	cluster_9	0.7474
7347	Spectrogram 1	1	1836.500000	1837.000000	0	0	9	cluster_9	0.6486
7348	Spectrogram 1	1	1836.750000	1837.250000	0	0	9	cluster_9	0.8579
7349	Spectrogram 1	1	1837.000000	1837.500000	0	0	9	cluster_9	0.9448
7350	Spectrogram 1	1	1837.250000	1837.750000	0	0	9	cluster_9	0.7474
7351	Spectrogram 1	1	1837.500000	1838.000000	0	0	9	cluster_9	0.6487
7352	Spectrogram 1	1	1837.750000	1838.250000	0	0	9	cluster_9	0.5718
7353	Spectrogram 1	1	1838.000000	1838.500000	0	0	6	cluster_6	0.8822
7354	Spectrogram 1	1	1838.250000	1838.750000	0	0	6	cluster_6	0.8293
7355	Spectrogram 1	1	1838.500000	1839.000000	0	0	6	cluster_6	1.0000
7356	Spectrogram 1	1	1838.750000	1839.250000	0	0	6	cluster_6	1.0000
7357	Spectrogram 1	1	1839.000000	1839.500000	0	0	6	cluster_6	1.0000
7358	Spectrogram 1	1	1839.250000	1839.750000	0	0	5	cluster_5	0.7873
7359	Spectrogram 1	1	1839.500000	1840.000000	0	0	5	cluster_5	1.0000
7360	Spectrogram 1	1	1839.750000	1840.250000	0	0	5	cluster_5	0.5813
7361	Spectrogram 1	1	1840.000000	1840.500000	0	0	5	cluster_5	0.6319
7362	Spectrogram 1	1	1840.250000	1840.750000	0	0	5	cluster_5	0.6357
7363	Spectrogram 1	1	1840.500000	1841.000000	0	0	5	cluster_5	0.7680
7364	Spectrogram 1	1	1840.750000	1841.250000	0	0	5	cluster_5	0.9288
7365	Spectrogram 1	1	1841.000000	1841.500000	0	0	5	cluster_5	1.0000
7366	Spectrogram 1	1	1841.250000	1841.750000	0	0	5	cluster_5	0.9598
7367	Spectrogram 1	1	1841.500000	1842.000000	0	0	5	cluster_5	1.0000
7368	Spectrogram 1	1	1841.750000	1842.250000	0	0	6	cluster_6	0.7453
7369	Spectrogram 1	1	1842.000000	1842.500000	0	0	noise	cluster_noise	0.0000
7370	Spectrogram 1	1	1842.250000	1842.750000	0	0	10	cluster_10	1.0000
7371	Spectrogram 1	1	1842.500000	1843.000000	0	0	10	cluster_10	0.9590
7372	Spectrogram 1	1	1842.750000	1843.250000	0	0	noise	cluster_noise	0.0000
7373	Spectrogram 1	1	1843.000000	1843.500000	0	0	noise	cluster_noise	0.0000
7374	Spectrogram 1	1	1843.250000	1843.750000	0	0	10	cluster_10	1.0000
7375	Spectrogram 1	1	1843.500000	1844.000000	0	0	10	cluster_10	1.0000
7376	Spectrogram 1	1	1843.750000	1844.250000	0	0	noise	cluster_noise	0.0000
7377	Spectrogram 1	1	1844.000000	1844.500000	0	0	noise	cluster_noise	0.0000
7378	Spectrogram 1	1	1844.250000	1844.750000	0	0	noise	cluster_noise	0.0000
7379	Spectrogram 1	1	1844.500000	1845.000000	0	0	6	cluster_6	1.0000
7380	Spectrogram 1	1	1844.750000	1845.250000	0	0	noise	cluster_noise	0.0000
7381	Spectrogram 1	1	1845.000000	1845.500000	0	0	6	cluster_6	1.0000
7382	Spectrogram 1	1	1845.250000	1845.750000	0	0	6	cluster_6	1.0000
7383	Spectrogram 1	1	1845.500000	1846.000000	0	0	12	cluster_12	0.8612
7384	Spectrogram 1	1	1845.750000	1846.250000	0	0	12	cluster_12	1.0000
7385	Spectrogram 1	1	1846.000000	1846.500000	0	0	12	cluster_12	0.9600
7386	Spectrogram 1	1	1846.250000	1846.750000	0	0	12	cluster_12	0.8431
7387	Spectrogram 1	1	1846.500000	1847.000000	0	0	12	cluster_12	0.7614
7388	Spectrogram 1	1	1846.750000	1847.250000	0	0	9	cluster_9	0.7474
7389	Spectrogram 1	1	1847.000000	1847.500000	0	0	9	cluster_9	0.7474
7390	Spectrogram 1	1	1847.250000	1847.750000	0	0	9	cluster_9	0.9332
7391	Spectrogram 1	1	1847.500000	1848.000000	0	0	noise	cluster_noise	0.0000
7392	Spectrogram 1	1	1847.750000	1848.250000	0	0	noise	cluster_noise	0.0000
7393	Spectrogram 1	1	1848.000000	1848.500000	0	0	5	cluster_5	0.6085
7394	Spectrogram 1	1	1848.250000	1848.750000	0	0	6	cluster_6	0.7268
7395	Spectrogram 1	1	1848.500000	1849.000000	0	0	6	cluster_6	0.6920
7396	Spectrogram 1	1	1848.750000	1849.250000	0	0	6	cluster_6	0.7984
7397	Spectrogram 1	1	1849.000000	1849.500000	0	0	6	cluster_6	1.0000
7398	Spectrogram 1	1	1849.250000	1849.750000	0	0	6	cluster_6	1.0000
7399	Spectrogram 1	1	1849.500000	1850.000000	0	0	noise	cluster_noise	0.0000
7400	Spectrogram 1	1	1849.750000	1850.250000	0	0	5	cluster_5	1.0000
7401	Spectrogram 1	1	1850.000000	1850.500000	0	0	5	cluster_5	1.0000
7402	Spectrogram 1	1	1850.250000	1850.750000	0	0	5	cluster_5	0.6389
7403	Spectrogram 1	1	1850.500000	1851.000000	0	0	5	cluster_5	1.0000
7404	Spectrogram 1	1	1850.750000	1851.250000	0	0	5	cluster_5	0.9679
7405	Spectrogram 1	1	1851.000000	1851.500000	0	0	5	cluster_5	0.9377
7406	Spectrogram 1	1	1851.250000	1851.750000	0	0	5	cluster_5	0.5848
7407	Spectrogram 1	1	1851.500000	1852.000000	0	0	5	cluster_5	0.5226
7408	Spectrogram 1	1	1851.750000	1852.250000	0	0	6	cluster_6	1.0000
7409	Spectrogram 1	1	1852.000000	1852.500000	0	0	10	cluster_10	1.0000
7410	Spectrogram 1	1	1852.250000	1852.750000	0	0	10	cluster_10	0.9878
7411	Spectrogram 1	1	1852.500000	1853.000000	0	0	10	cluster_10	0.9429
7412	Spectrogram 1	1	1852.750000	1853.250000	0	0	10	cluster_10	0.9807
7413	Spectrogram 1	1	1853.000000	1853.500000	0	0	10	cluster_10	1.0000
7414	Spectrogram 1	1	1853.250000	1853.750000	0	0	noise	cluster_noise	0.0000
7415	Spectrogram 1	1	1853.500000	1854.000000	0	0	10	cluster_10	1.0000
7416	Spectrogram 1	1	1853.750000	1854.250000	0	0	6	cluster_6	1.0000
7417	Spectrogram 1	1	1854.000000	1854.500000	0	0	6	cluster_6	0.8413
7418	Spectrogram 1	1	1854.250000	1854.750000	0	0	6	cluster_6	1.0000
7419	Spectrogram 1	1	1854.500000	1855.000000	0	0	noise	cluster_noise	0.0000
7420	Spectrogram 1	1	1854.750000	1855.250000	0	0	10	cluster_10	0.8123
7421	Spectrogram 1	1	1855.000000	1855.500000	0	0	6	cluster_6	1.0000
7422	Spectrogram 1	1	1855.250000	1855.750000	0	0	6	cluster_6	1.0000
7423	Spectrogram 1	1	1855.500000	1856.000000	0	0	6	cluster_6	1.0000
7424	Spectrogram 1	1	1855.750000	1856.250000	0	0	6	cluster_6	0.9920
7425	Spectrogram 1	1	1856.000000	1856.500000	0	0	6	cluster_6	1.0000
7426	Spectrogram 1	1	1856.250000	1856.750000	0	0	6	cluster_6	1.0000
7427	Spectrogram 1	1	1856.500000	1857.000000	0	0	6	cluster_6	1.0000
7428	Spectrogram 1	1	1856.750000	1857.250000	0	0	12	cluster_12	0.7340
7429	Spectrogram 1	1	1857.000000	1857.500000	0	0	12	cluster_12	0.8052
7430	Spectrogram 1	1	1857.250000	1857.750000	0	0	noise	cluster_noise	0.0000
7431	Spectrogram 1	1	1857.500000	1858.000000	0	0	noise	cluster_noise	0.0000
7432	Spectrogram 1	1	1857.750000	1858.250000	0	0	noise	cluster_noise	0.0000
7433	Spectrogram 1	1	1858.000000	1858.500000	0	0	noise	cluster_noise	0.0000
7434	Spectrogram 1	1	1858.250000	1858.750000	0	0	noise	cluster_noise	0.0000
7435	Spectrogram 1	1	1858.500000	1859.000000	0	0	5	cluster_5	0.8165
7436	Spectrogram 1	1	1858.750000	1859.250000	0	0	noise	cluster_noise	0.0000
7437	Spectrogram 1	1	1859.000000	1859.500000	0	0	5	cluster_5	0.6100
7438	Spectrogram 1	1	1859.250000	1859.750000	0	0	5	cluster_5	0.5320
7439	Spectrogram 1	1	1859.500000	1860.000000	0	0	6	cluster_6	0.8882
7440	Spectrogram 1	1	1859.750000	1860.250000	0	0	6	cluster_6	1.0000
7441	Spectrogram 1	1	1860.000000	1860.500000	0	0	6	cluster_6	1.0000
7442	Spectrogram 1	1	1860.250000	1860.750000	0	0	6	cluster_6	0.8060
7443	Spectrogram 1	1	1860.500000	1861.000000	0	0	6	cluster_6	1.0000
7444	Spectrogram 1	1	1860.750000	1861.250000	0	0	6	cluster_6	1.0000
7445	Spectrogram 1	1	1861.000000	1861.500000	0	0	5	cluster_5	0.5453
7446	Spectrogram 1	1	1861.250000	1861.750000	0	0	5	cluster_5	0.9652
7447	Spectrogram 1	1	1861.500000	1862.000000	0	0	5	cluster_5	1.0000
7448	Spectrogram 1	1	1861.750000	1862.250000	0	0	5	cluster_5	1.0000
7449	Spectrogram 1	1	1862.000000	1862.500000	0	0	5	cluster_5	0.9682
7450	Spectrogram 1	1	1862.250000	1862.750000	0	0	5	cluster_5	0.8934
7451	Spectrogram 1	1	1862.500000	1863.000000	0	0	12	cluster_12	0.8054
7452	Spectrogram 1	1	1862.750000	1863.250000	0	0	5	cluster_5	1.0000
7453	Spectrogram 1	1	1863.000000	1863.500000	0	0	5	cluster_5	0.5863
7454	Spectrogram 1	1	1863.250000	1863.750000	0	0	5	cluster_5	0.5741
7455	Spectrogram 1	1	1863.500000	1864.000000	0	0	noise	cluster_noise	0.0000
7456	Spectrogram 1	1	1863.750000	1864.250000	0	0	10	cluster_10	1.0000
7457	Spectrogram 1	1	1864.000000	1864.500000	0	0	10	cluster_10	0.8634
7458	Spectrogram 1	1	1864.250000	1864.750000	0	0	noise	cluster_noise	0.0000
7459	Spectrogram 1	1	1864.500000	1865.000000	0	0	noise	cluster_noise	0.0000
7460	Spectrogram 1	1	1864.750000	1865.250000	0	0	10	cluster_10	1.0000
7461	Spectrogram 1	1	1865.000000	1865.500000	0	0	10	cluster_10	1.0000
7462	Spectrogram 1	1	1865.250000	1865.750000	0	0	6	cluster_6	0.6596
7463	Spectrogram 1	1	1865.500000	1866.000000	0	0	noise	cluster_noise	0.0000
7464	Spectrogram 1	1	1865.750000	1866.250000	0	0	noise	cluster_noise	0.0000
7465	Spectrogram 1	1	1866.000000	1866.500000	0	0	noise	cluster_noise	0.0000
7466	Spectrogram 1	1	1866.250000	1866.750000	0	0	6	cluster_6	1.0000
7467	Spectrogram 1	1	1866.500000	1867.000000	0	0	6	cluster_6	1.0000
7468	Spectrogram 1	1	1866.750000	1867.250000	0	0	6	cluster_6	1.0000
7469	Spectrogram 1	1	1867.000000	1867.500000	0	0	6	cluster_6	1.0000
7470	Spectrogram 1	1	1867.250000	1867.750000	0	0	6	cluster_6	1.0000
7471	Spectrogram 1	1	1867.500000	1868.000000	0	0	6	cluster_6	1.0000
7472	Spectrogram 1	1	1867.750000	1868.250000	0	0	6	cluster_6	0.9899
7473	Spectrogram 1	1	1868.000000	1868.500000	0	0	6	cluster_6	0.9701
7474	Spectrogram 1	1	1868.250000	1868.750000	0	0	12	cluster_12	0.9352
7475	Spectrogram 1	1	1868.500000	1869.000000	0	0	noise	cluster_noise	0.0000
7476	Spectrogram 1	1	1868.750000	1869.250000	0	0	noise	cluster_noise	0.0000
7477	Spectrogram 1	1	1869.000000	1869.500000	0	0	noise	cluster_noise	0.0000
7478	Spectrogram 1	1	1869.250000	1869.750000	0	0	12	cluster_12	0.7845
7479	Spectrogram 1	1	1869.500000	1870.000000	0	0	noise	cluster_noise	0.0000
7480	Spectrogram 1	1	1869.750000	1870.250000	0	0	5	cluster_5	0.7543
7481	Spectrogram 1	1	1870.000000	1870.500000	0	0	noise	cluster_noise	0.0000
7482	Spectrogram 1	1	1870.250000	1870.750000	0	0	12	cluster_12	0.8697
7483	Spectrogram 1	1	1870.500000	1871.000000	0	0	5	cluster_5	0.5184
7484	Spectrogram 1	1	1870.750000	1871.250000	0	0	6	cluster_6	1.0000
7485	Spectrogram 1	1	1871.000000	1871.500000	0	0	6	cluster_6	1.0000
7486	Spectrogram 1	1	1871.250000	1871.750000	0	0	6	cluster_6	1.0000
7487	Spectrogram 1	1	1871.500000	1872.000000	0	0	6	cluster_6	1.0000
7488	Spectrogram 1	1	1871.750000	1872.250000	0	0	6	cluster_6	1.0000
7489	Spectrogram 1	1	1872.000000	1872.500000	0	0	6	cluster_6	0.9498
7490	Spectrogram 1	1	1872.250000	1872.750000	0	0	5	cluster_5	0.7739
7491	Spectrogram 1	1	1872.500000	1873.000000	0	0	5	cluster_5	0.9728
7492	Spectrogram 1	1	1872.750000	1873.250000	0	0	5	cluster_5	1.0000
7493	Spectrogram 1	1	1873.000000	1873.500000	0	0	5	cluster_5	1.0000
7494	Spectrogram 1	1	1873.250000	1873.750000	0	0	5	cluster_5	0.9995
7495	Spectrogram 1	1	1873.500000	1874.000000	0	0	5	cluster_5	0.8669
7496	Spectrogram 1	1	1873.750000	1874.250000	0	0	5	cluster_5	0.8695
7497	Spectrogram 1	1	1874.000000	1874.500000	0	0	5	cluster_5	0.5136
7498	Spectrogram 1	1	1874.250000	1874.750000	0	0	5	cluster_5	0.9877
7499	Spectrogram 1	1	1874.500000	1875.000000	0	0	5	cluster_5	1.0000
7500	Spectrogram 1	1	1874.750000	1875.250000	0	0	noise	cluster_noise	0.0000
7501	Spectrogram 1	1	1875.000000	1875.500000	0	0	noise	cluster_noise	0.0000
7502	Spectrogram 1	1	1875.250000	1875.750000	0	0	noise	cluster_noise	0.0000
7503	Spectrogram 1	1	1875.500000	1876.000000	0	0	6	cluster_6	0.7919
7504	Spectrogram 1	1	1875.750000	1876.250000	0	0	6	cluster_6	0.6876
7505	Spectrogram 1	1	1876.000000	1876.500000	0	0	noise	cluster_noise	0.0000
7506	Spectrogram 1	1	1876.250000	1876.750000	0	0	6	cluster_6	1.0000
7507	Spectrogram 1	1	1876.500000	1877.000000	0	0	noise	cluster_noise	0.0000
7508	Spectrogram 1	1	1876.750000	1877.250000	0	0	noise	cluster_noise	0.0000
7509	Spectrogram 1	1	1877.000000	1877.500000	0	0	6	cluster_6	0.7061
7510	Spectrogram 1	1	1877.250000	1877.750000	0	0	6	cluster_6	0.7660
7511	Spectrogram 1	1	1877.500000	1878.000000	0	0	noise	cluster_noise	0.0000
7512	Spectrogram 1	1	1877.750000	1878.250000	0	0	noise	cluster_noise	0.0000
7513	Spectrogram 1	1	1878.000000	1878.500000	0	0	6	cluster_6	0.8255
7514	Spectrogram 1	1	1878.250000	1878.750000	0	0	12	cluster_12	0.7567
7515	Spectrogram 1	1	1878.500000	1879.000000	0	0	6	cluster_6	1.0000
7516	Spectrogram 1	1	1878.750000	1879.250000	0	0	6	cluster_6	0.9356
7517	Spectrogram 1	1	1879.000000	1879.500000	0	0	6	cluster_6	0.9515
7518	Spectrogram 1	1	1879.250000	1879.750000	0	0	6	cluster_6	1.0000
7519	Spectrogram 1	1	1879.500000	1880.000000	0	0	6	cluster_6	1.0000
7520	Spectrogram 1	1	1879.750000	1880.250000	0	0	6	cluster_6	0.8563
7521	Spectrogram 1	1	1880.000000	1880.500000	0	0	noise	cluster_noise	0.0000
7522	Spectrogram 1	1	1880.250000	1880.750000	0	0	noise	cluster_noise	0.0000
7523	Spectrogram 1	1	1880.500000	1881.000000	0	0	noise	cluster_noise	0.0000
7524	Spectrogram 1	1	1880.750000	1881.250000	0	0	noise	cluster_noise	0.0000
7525	Spectrogram 1	1	1881.000000	1881.500000	0	0	noise	cluster_noise	0.0000
7526	Spectrogram 1	1	1881.250000	1881.750000	0	0	12	cluster_12	0.7925
7527	Spectrogram 1	1	1881.500000	1882.000000	0	0	noise	cluster_noise	0.0000
7528	Spectrogram 1	1	1881.750000	1882.250000	0	0	noise	cluster_noise	0.0000
7529	Spectrogram 1	1	1882.000000	1882.500000	0	0	12	cluster_12	0.8691
7530	Spectrogram 1	1	1882.250000	1882.750000	0	0	noise	cluster_noise	0.0000
7531	Spectrogram 1	1	1882.500000	1883.000000	0	0	6	cluster_6	1.0000
7532	Spectrogram 1	1	1882.750000	1883.250000	0	0	6	cluster_6	1.0000
7533	Spectrogram 1	1	1883.000000	1883.500000	0	0	6	cluster_6	1.0000
7534	Spectrogram 1	1	1883.250000	1883.750000	0	0	6	cluster_6	1.0000
7535	Spectrogram 1	1	1883.500000	1884.000000	0	0	6	cluster_6	1.0000
7536	Spectrogram 1	1	1883.750000	1884.250000	0	0	6	cluster_6	1.0000
7537	Spectrogram 1	1	1884.000000	1884.500000	0	0	5	cluster_5	1.0000
7538	Spectrogram 1	1	1884.250000	1884.750000	0	0	5	cluster_5	0.9815
7539	Spectrogram 1	1	1884.500000	1885.000000	0	0	5	cluster_5	1.0000
7540	Spectrogram 1	1	1884.750000	1885.250000	0	0	5	cluster_5	1.0000
7541	Spectrogram 1	1	1885.000000	1885.500000	0	0	5	cluster_5	1.0000
7542	Spectrogram 1	1	1885.250000	1885.750000	0	0	5	cluster_5	1.0000
7543	Spectrogram 1	1	1885.500000	1886.000000	0	0	5	cluster_5	0.6587
7544	Spectrogram 1	1	1885.750000	1886.250000	0	0	5	cluster_5	0.6587
7545	Spectrogram 1	1	1886.000000	1886.500000	0	0	5	cluster_5	1.0000
7546	Spectrogram 1	1	1886.250000	1886.750000	0	0	5	cluster_5	0.5311
7547	Spectrogram 1	1	1886.500000	1887.000000	0	0	5	cluster_5	0.5036
7548	Spectrogram 1	1	1886.750000	1887.250000	0	0	noise	cluster_noise	0.0000
7549	Spectrogram 1	1	1887.000000	1887.500000	0	0	noise	cluster_noise	0.0000
7550	Spectrogram 1	1	1887.250000	1887.750000	0	0	6	cluster_6	0.8064
7551	Spectrogram 1	1	1887.500000	1888.000000	0	0	noise	cluster_noise	0.0000
7552	Spectrogram 1	1	1887.750000	1888.250000	0	0	6	cluster_6	0.7738
7553	Spectrogram 1	1	1888.000000	1888.500000	0	0	6	cluster_6	1.0000
7554	Spectrogram 1	1	1888.250000	1888.750000	0	0	noise	cluster_noise	0.0000
7555	Spectrogram 1	1	1888.500000	1889.000000	0	0	noise	cluster_noise	0.0000
7556	Spectrogram 1	1	1888.750000	1889.250000	0	0	noise	cluster_noise	0.0000
7557	Spectrogram 1	1	1889.000000	1889.500000	0	0	12	cluster_12	0.8017
7558	Spectrogram 1	1	1889.250000	1889.750000	0	0	noise	cluster_noise	0.0000
7559	Spectrogram 1	1	1889.500000	1890.000000	0	0	6	cluster_6	0.9893
7560	Spectrogram 1	1	1889.750000	1890.250000	0	0	6	cluster_6	1.0000
7561	Spectrogram 1	1	1890.000000	1890.500000	0	0	6	cluster_6	1.0000
7562	Spectrogram 1	1	1890.250000	1890.750000	0	0	6	cluster_6	1.0000
7563	Spectrogram 1	1	1890.500000	1891.000000	0	0	6	cluster_6	1.0000
7564	Spectrogram 1	1	1890.750000	1891.250000	0	0	6	cluster_6	1.0000
7565	Spectrogram 1	1	1891.000000	1891.500000	0	0	6	cluster_6	1.0000
7566	Spectrogram 1	1	1891.250000	1891.750000	0	0	6	cluster_6	1.0000
7567	Spectrogram 1	1	1891.500000	1892.000000	0	0	10	cluster_10	0.8220
7568	Spectrogram 1	1	1891.750000	1892.250000	0	0	12	cluster_12	0.7398
7569	Spectrogram 1	1	1892.000000	1892.500000	0	0	noise	cluster_noise	0.0000
7570	Spectrogram 1	1	1892.250000	1892.750000	0	0	noise	cluster_noise	0.0000
7571	Spectrogram 1	1	1892.500000	1893.000000	0	0	noise	cluster_noise	0.0000
7572	Spectrogram 1	1	1892.750000	1893.250000	0	0	noise	cluster_noise	0.0000
7573	Spectrogram 1	1	1893.000000	1893.500000	0	0	noise	cluster_noise	0.0000
7574	Spectrogram 1	1	1893.250000	1893.750000	0	0	noise	cluster_noise	0.0000
7575	Spectrogram 1	1	1893.500000	1894.000000	0	0	noise	cluster_noise	0.0000
7576	Spectrogram 1	1	1893.750000	1894.250000	0	0	6	cluster_6	0.6461
7577	Spectrogram 1	1	1894.000000	1894.500000	0	0	6	cluster_6	0.8047
7578	Spectrogram 1	1	1894.250000	1894.750000	0	0	6	cluster_6	0.9464
7579	Spectrogram 1	1	1894.500000	1895.000000	0	0	6	cluster_6	1.0000
7580	Spectrogram 1	1	1894.750000	1895.250000	0	0	6	cluster_6	1.0000
7581	Spectrogram 1	1	1895.000000	1895.500000	0	0	6	cluster_6	1.0000
7582	Spectrogram 1	1	1895.250000	1895.750000	0	0	6	cluster_6	1.0000
7583	Spectrogram 1	1	1895.500000	1896.000000	0	0	6	cluster_6	1.0000
7584	Spectrogram 1	1	1895.750000	1896.250000	0	0	5	cluster_5	1.0000
7585	Spectrogram 1	1	1896.000000	1896.500000	0	0	5	cluster_5	1.0000
7586	Spectrogram 1	1	1896.250000	1896.750000	0	0	5	cluster_5	1.0000
7587	Spectrogram 1	1	1896.500000	1897.000000	0	0	5	cluster_5	1.0000
7588	Spectrogram 1	1	1896.750000	1897.250000	0	0	5	cluster_5	1.0000
7589	Spectrogram 1	1	1897.000000	1897.500000	0	0	5	cluster_5	0.9639
7590	Spectrogram 1	1	1897.250000	1897.750000	0	0	5	cluster_5	1.0000
7591	Spectrogram 1	1	1897.500000	1898.000000	0	0	5	cluster_5	0.9115
7592	Spectrogram 1	1	1897.750000	1898.250000	0	0	5	cluster_5	1.0000
7593	Spectrogram 1	1	1898.000000	1898.500000	0	0	5	cluster_5	0.5133
7594	Spectrogram 1	1	1898.250000	1898.750000	0	0	6	cluster_6	0.7827
7595	Spectrogram 1	1	1898.500000	1899.000000	0	0	noise	cluster_noise	0.0000
7596	Spectrogram 1	1	1898.750000	1899.250000	0	0	noise	cluster_noise	0.0000
7597	Spectrogram 1	1	1899.000000	1899.500000	0	0	5	cluster_5	0.5147
7598	Spectrogram 1	1	1899.250000	1899.750000	0	0	noise	cluster_noise	0.0000
7599	Spectrogram 1	1	1899.500000	1900.000000	0	0	noise	cluster_noise	0.0000
7600	Spectrogram 1	1	1899.750000	1900.250000	0	0	6	cluster_6	1.0000
7601	Spectrogram 1	1	1900.000000	1900.500000	0	0	noise	cluster_noise	0.0000
7602	Spectrogram 1	1	1900.250000	1900.750000	0	0	noise	cluster_noise	0.0000
7603	Spectrogram 1	1	1900.500000	1901.000000	0	0	6	cluster_6	1.0000
7604	Spectrogram 1	1	1900.750000	1901.250000	0	0	6	cluster_6	1.0000
7605	Spectrogram 1	1	1901.000000	1901.500000	0	0	noise	cluster_noise	0.0000
7606	Spectrogram 1	1	1901.250000	1901.750000	0	0	noise	cluster_noise	0.0000
7607	Spectrogram 1	1	1901.500000	1902.000000	0	0	6	cluster_6	1.0000
7608	Spectrogram 1	1	1901.750000	1902.250000	0	0	6	cluster_6	1.0000
7609	Spectrogram 1	1	1902.000000	1902.500000	0	0	6	cluster_6	1.0000
7610	Spectrogram 1	1	1902.250000	1902.750000	0	0	6	cluster_6	1.0000
7611	Spectrogram 1	1	1902.500000	1903.000000	0	0	6	cluster_6	1.0000
7612	Spectrogram 1	1	1902.750000	1903.250000	0	0	noise	cluster_noise	0.0000
7613	Spectrogram 1	1	1903.000000	1903.500000	0	0	noise	cluster_noise	0.0000
7614	Spectrogram 1	1	1903.250000	1903.750000	0	0	noise	cluster_noise	0.0000
7615	Spectrogram 1	1	1903.500000	1904.000000	0	0	noise	cluster_noise	0.0000
7616	Spectrogram 1	1	1903.750000	1904.250000	0	0	noise	cluster_noise	0.0000
7617	Spectrogram 1	1	1904.000000	1904.500000	0	0	noise	cluster_noise	0.0000
7618	Spectrogram 1	1	1904.250000	1904.750000	0	0	noise	cluster_noise	0.0000
7619	Spectrogram 1	1	1904.500000	1905.000000	0	0	noise	cluster_noise	0.0000
7620	Spectrogram 1	1	1904.750000	1905.250000	0	0	noise	cluster_noise	0.0000
7621	Spectrogram 1	1	1905.000000	1905.500000	0	0	noise	cluster_noise	0.0000
7622	Spectrogram 1	1	1905.250000	1905.750000	0	0	noise	cluster_noise	0.0000
7623	Spectrogram 1	1	1905.500000	1906.000000	0	0	6	cluster_6	0.8735
7624	Spectrogram 1	1	1905.750000	1906.250000	0	0	6	cluster_6	1.0000
7625	Spectrogram 1	1	1906.000000	1906.500000	0	0	6	cluster_6	1.0000
7626	Spectrogram 1	1	1906.250000	1906.750000	0	0	6	cluster_6	1.0000
7627	Spectrogram 1	1	1906.500000	1907.000000	0	0	6	cluster_6	1.0000
7628	Spectrogram 1	1	1906.750000	1907.250000	0	0	6	cluster_6	1.0000
7629	Spectrogram 1	1	1907.000000	1907.500000	0	0	12	cluster_12	0.8507
7630	Spectrogram 1	1	1907.250000	1907.750000	0	0	5	cluster_5	0.8682
7631	Spectrogram 1	1	1907.500000	1908.000000	0	0	5	cluster_5	1.0000
7632	Spectrogram 1	1	1907.750000	1908.250000	0	0	5	cluster_5	1.0000
7633	Spectrogram 1	1	1908.000000	1908.500000	0	0	5	cluster_5	1.0000
7634	Spectrogram 1	1	1908.250000	1908.750000	0	0	5	cluster_5	1.0000
7635	Spectrogram 1	1	1908.500000	1909.000000	0	0	5	cluster_5	1.0000
7636	Spectrogram 1	1	1908.750000	1909.250000	0	0	5	cluster_5	1.0000
7637	Spectrogram 1	1	1909.000000	1909.500000	0	0	5	cluster_5	0.9275
7638	Spectrogram 1	1	1909.250000	1909.750000	0	0	5	cluster_5	1.0000
7639	Spectrogram 1	1	1909.500000	1910.000000	0	0	6	cluster_6	0.9248
7640	Spectrogram 1	1	1909.750000	1910.250000	0	0	noise	cluster_noise	0.0000
7641	Spectrogram 1	1	1910.000000	1910.500000	0	0	noise	cluster_noise	0.0000
7642	Spectrogram 1	1	1910.250000	1910.750000	0	0	noise	cluster_noise	0.0000
7643	Spectrogram 1	1	1910.500000	1911.000000	0	0	8	cluster_8	1.0000
7644	Spectrogram 1	1	1910.750000	1911.250000	0	0	6	cluster_6	0.9472
7645	Spectrogram 1	1	1911.000000	1911.500000	0	0	6	cluster_6	1.0000
7646	Spectrogram 1	1	1911.250000	1911.750000	0	0	noise	cluster_noise	0.0000
7647	Spectrogram 1	1	1911.500000	1912.000000	0	0	noise	cluster_noise	0.0000
7648	Spectrogram 1	1	1911.750000	1912.250000	0	0	noise	cluster_noise	0.0000
7649	Spectrogram 1	1	1912.000000	1912.500000	0	0	6	cluster_6	1.0000
7650	Spectrogram 1	1	1912.250000	1912.750000	0	0	6	cluster_6	0.9416
7651	Spectrogram 1	1	1912.500000	1913.000000	0	0	6	cluster_6	0.9727
7652	Spectrogram 1	1	1912.750000	1913.250000	0	0	6	cluster_6	1.0000
7653	Spectrogram 1	1	1913.000000	1913.500000	0	0	6	cluster_6	1.0000
7654	Spectrogram 1	1	1913.250000	1913.750000	0	0	6	cluster_6	0.9408
7655	Spectrogram 1	1	1913.500000	1914.000000	0	0	5	cluster_5	0.5038
7656	Spectrogram 1	1	1913.750000	1914.250000	0	0	noise	cluster_noise	0.0000
7657	Spectrogram 1	1	1914.000000	1914.500000	0	0	noise	cluster_noise	0.0000
7658	Spectrogram 1	1	1914.250000	1914.750000	0	0	noise	cluster_noise	0.0000
7659	Spectrogram 1	1	1914.500000	1915.000000	0	0	noise	cluster_noise	0.0000
7660	Spectrogram 1	1	1914.750000	1915.250000	0	0	noise	cluster_noise	0.0000
7661	Spectrogram 1	1	1915.000000	1915.500000	0	0	noise	cluster_noise	0.0000
7662	Spectrogram 1	1	1915.250000	1915.750000	0	0	noise	cluster_noise	0.0000
7663	Spectrogram 1	1	1915.500000	1916.000000	0	0	noise	cluster_noise	0.0000
7664	Spectrogram 1	1	1915.750000	1916.250000	0	0	noise	cluster_noise	0.0000
7665	Spectrogram 1	1	1916.000000	1916.500000	0	0	noise	cluster_noise	0.0000
7666	Spectrogram 1	1	1916.250000	1916.750000	0	0	noise	cluster_noise	0.0000
7667	Spectrogram 1	1	1916.500000	1917.000000	0	0	6	cluster_6	0.9546
7668	Spectrogram 1	1	1916.750000	1917.250000	0	0	6	cluster_6	1.0000
7669	Spectrogram 1	1	1917.000000	1917.500000	0	0	6	cluster_6	1.0000
7670	Spectrogram 1	1	1917.250000	1917.750000	0	0	6	cluster_6	1.0000
7671	Spectrogram 1	1	1917.500000	1918.000000	0	0	6	cluster_6	1.0000
7672	Spectrogram 1	1	1917.750000	1918.250000	0	0	6	cluster_6	1.0000
7673	Spectrogram 1	1	1918.000000	1918.500000	0	0	6	cluster_6	0.8511
7674	Spectrogram 1	1	1918.250000	1918.750000	0	0	5	cluster_5	0.9108
7675	Spectrogram 1	1	1918.500000	1919.000000	0	0	5	cluster_5	1.0000
7676	Spectrogram 1	1	1918.750000	1919.250000	0	0	5	cluster_5	1.0000
7677	Spectrogram 1	1	1919.000000	1919.500000	0	0	5	cluster_5	1.0000
7678	Spectrogram 1	1	1919.250000	1919.750000	0	0	5	cluster_5	0.9169
7679	Spectrogram 1	1	1919.500000	1920.000000	0	0	5	cluster_5	0.9219
7680	Spectrogram 1	1	1919.750000	1920.250000	0	0	5	cluster_5	0.6028
7681	Spectrogram 1	1	1920.000000	1920.500000	0	0	5	cluster_5	0.6587
7682	Spectrogram 1	1	1920.250000	1920.750000	0	0	5	cluster_5	0.6344
7683	Spectrogram 1	1	1920.500000	1921.000000	0	0	5	cluster_5	0.6587
7684	Spectrogram 1	1	1920.750000	1921.250000	0	0	noise	cluster_noise	0.0000
7685	Spectrogram 1	1	1921.000000	1921.500000	0	0	noise	cluster_noise	0.0000
7686	Spectrogram 1	1	1921.250000	1921.750000	0	0	noise	cluster_noise	0.0000
7687	Spectrogram 1	1	1921.500000	1922.000000	0	0	6	cluster_6	1.0000
7688	Spectrogram 1	1	1921.750000	1922.250000	0	0	6	cluster_6	1.0000
7689	Spectrogram 1	1	1922.000000	1922.500000	0	0	6	cluster_6	0.8770
7690	Spectrogram 1	1	1922.250000	1922.750000	0	0	6	cluster_6	0.8578
7691	Spectrogram 1	1	1922.500000	1923.000000	0	0	noise	cluster_noise	0.0000
7692	Spectrogram 1	1	1922.750000	1923.250000	0	0	noise	cluster_noise	0.0000
7693	Spectrogram 1	1	1923.000000	1923.500000	0	0	6	cluster_6	1.0000
7694	Spectrogram 1	1	1923.250000	1923.750000	0	0	6	cluster_6	1.0000
7695	Spectrogram 1	1	1923.500000	1924.000000	0	0	6	cluster_6	1.0000
7696	Spectrogram 1	1	1923.750000	1924.250000	0	0	6	cluster_6	0.9266
7697	Spectrogram 1	1	1924.000000	1924.500000	0	0	6	cluster_6	0.8713
7698	Spectrogram 1	1	1924.250000	1924.750000	0	0	6	cluster_6	0.8545
7699	Spectrogram 1	1	1924.500000	1925.000000	0	0	6	cluster_6	0.9977
7700	Spectrogram 1	1	1924.750000	1925.250000	0	0	6	cluster_6	1.0000
7701	Spectrogram 1	1	1925.000000	1925.500000	0	0	noise	cluster_noise	0.0000
7702	Spectrogram 1	1	1925.250000	1925.750000	0	0	noise	cluster_noise	0.0000
7703	Spectrogram 1	1	1925.500000	1926.000000	0	0	noise	cluster_noise	0.0000
7704	Spectrogram 1	1	1925.750000	1926.250000	0	0	noise	cluster_noise	0.0000
7705	Spectrogram 1	1	1926.000000	1926.500000	0	0	noise	cluster_noise	0.0000
7706	Spectrogram 1	1	1926.250000	1926.750000	0	0	noise	cluster_noise	0.0000
7707	Spectrogram 1	1	1926.500000	1927.000000	0	0	noise	cluster_noise	0.0000
7708	Spectrogram 1	1	1926.750000	1927.250000	0	0	noise	cluster_noise	0.0000
7709	Spectrogram 1	1	1927.000000	1927.500000	0	0	noise	cluster_noise	0.0000
7710	Spectrogram 1	1	1927.250000	1927.750000	0	0	6	cluster_6	1.0000
7711	Spectrogram 1	1	1927.500000	1928.000000	0	0	6	cluster_6	1.0000
7712	Spectrogram 1	1	1927.750000	1928.250000	0	0	6	cluster_6	1.0000
7713	Spectrogram 1	1	1928.000000	1928.500000	0	0	6	cluster_6	1.0000
7714	Spectrogram 1	1	1928.250000	1928.750000	0	0	6	cluster_6	1.0000
7715	Spectrogram 1	1	1928.500000	1929.000000	0	0	6	cluster_6	1.0000
7716	Spectrogram 1	1	1928.750000	1929.250000	0	0	6	cluster_6	1.0000
7717	Spectrogram 1	1	1929.000000	1929.500000	0	0	6	cluster_6	0.9765
7718	Spectrogram 1	1	1929.250000	1929.750000	0	0	5	cluster_5	0.5796
7719	Spectrogram 1	1	1929.500000	1930.000000	0	0	5	cluster_5	0.9498
7720	Spectrogram 1	1	1929.750000	1930.250000	0	0	5	cluster_5	1.0000
7721	Spectrogram 1	1	1930.000000	1930.500000	0	0	5	cluster_5	1.0000
7722	Spectrogram 1	1	1930.250000	1930.750000	0	0	5	cluster_5	1.0000
7723	Spectrogram 1	1	1930.500000	1931.000000	0	0	5	cluster_5	1.0000
7724	Spectrogram 1	1	1930.750000	1931.250000	0	0	5	cluster_5	1.0000
7725	Spectrogram 1	1	1931.000000	1931.500000	0	0	5	cluster_5	0.8858
7726	Spectrogram 1	1	1931.250000	1931.750000	0	0	5	cluster_5	1.0000
7727	Spectrogram 1	1	1931.500000	1932.000000	0	0	5	cluster_5	1.0000
7728	Spectrogram 1	1	1931.750000	1932.250000	0	0	5	cluster_5	1.0000
7729	Spectrogram 1	1	1932.000000	1932.500000	0	0	6	cluster_6	1.0000
7730	Spectrogram 1	1	1932.250000	1932.750000	0	0	noise	cluster_noise	0.0000
7731	Spectrogram 1	1	1932.500000	1933.000000	0	0	10	cluster_10	1.0000
7732	Spectrogram 1	1	1932.750000	1933.250000	0	0	10	cluster_10	0.8473
7733	Spectrogram 1	1	1933.000000	1933.500000	0	0	noise	cluster_noise	0.0000
7734	Spectrogram 1	1	1933.250000	1933.750000	0	0	10	cluster_10	1.0000
7735	Spectrogram 1	1	1933.500000	1934.000000	0	0	10	cluster_10	1.0000
7736	Spectrogram 1	1	1933.750000	1934.250000	0	0	10	cluster_10	1.0000
7737	Spectrogram 1	1	1934.000000	1934.500000	0	0	6	cluster_6	1.0000
7738	Spectrogram 1	1	1934.250000	1934.750000	0	0	6	cluster_6	1.0000
7739	Spectrogram 1	1	1934.500000	1935.000000	0	0	6	cluster_6	1.0000
7740	Spectrogram 1	1	1934.750000	1935.250000	0	0	6	cluster_6	1.0000
7741	Spectrogram 1	1	1935.000000	1935.500000	0	0	6	cluster_6	0.6849
7742	Spectrogram 1	1	1935.250000	1935.750000	0	0	6	cluster_6	0.9606
7743	Spectrogram 1	1	1935.500000	1936.000000	0	0	6	cluster_6	1.0000
7744	Spectrogram 1	1	1935.750000	1936.250000	0	0	6	cluster_6	1.0000
7745	Spectrogram 1	1	1936.000000	1936.500000	0	0	noise	cluster_noise	0.0000
7746	Spectrogram 1	1	1936.250000	1936.750000	0	0	noise	cluster_noise	0.0000
7747	Spectrogram 1	1	1936.500000	1937.000000	0	0	noise	cluster_noise	0.0000
7748	Spectrogram 1	1	1936.750000	1937.250000	0	0	noise	cluster_noise	0.0000
7749	Spectrogram 1	1	1937.000000	1937.500000	0	0	noise	cluster_noise	0.0000
7750	Spectrogram 1	1	1937.250000	1937.750000	0	0	noise	cluster_noise	0.0000
7751	Spectrogram 1	1	1937.500000	1938.000000	0	0	noise	cluster_noise	0.0000
7752	Spectrogram 1	1	1937.750000	1938.250000	0	0	noise	cluster_noise	0.0000
7753	Spectrogram 1	1	1938.000000	1938.500000	0	0	5	cluster_5	0.5338
7754	Spectrogram 1	1	1938.250000	1938.750000	0	0	6	cluster_6	0.8392
7755	Spectrogram 1	1	1938.500000	1939.000000	0	0	noise	cluster_noise	0.0000
7756	Spectrogram 1	1	1938.750000	1939.250000	0	0	6	cluster_6	0.6882
7757	Spectrogram 1	1	1939.000000	1939.500000	0	0	6	cluster_6	1.0000
7758	Spectrogram 1	1	1939.250000	1939.750000	0	0	6	cluster_6	1.0000
7759	Spectrogram 1	1	1939.500000	1940.000000	0	0	6	cluster_6	1.0000
7760	Spectrogram 1	1	1939.750000	1940.250000	0	0	6	cluster_6	0.9817
7761	Spectrogram 1	1	1940.000000	1940.500000	0	0	6	cluster_6	1.0000
7762	Spectrogram 1	1	1940.250000	1940.750000	0	0	5	cluster_5	0.9452
7763	Spectrogram 1	1	1940.500000	1941.000000	0	0	5	cluster_5	1.0000
7764	Spectrogram 1	1	1940.750000	1941.250000	0	0	5	cluster_5	1.0000
7765	Spectrogram 1	1	1941.000000	1941.500000	0	0	5	cluster_5	0.9887
7766	Spectrogram 1	1	1941.250000	1941.750000	0	0	5	cluster_5	1.0000
7767	Spectrogram 1	1	1941.500000	1942.000000	0	0	5	cluster_5	1.0000
7768	Spectrogram 1	1	1941.750000	1942.250000	0	0	5	cluster_5	0.8976
7769	Spectrogram 1	1	1942.000000	1942.500000	0	0	5	cluster_5	0.8960
7770	Spectrogram 1	1	1942.250000	1942.750000	0	0	5	cluster_5	0.7922
7771	Spectrogram 1	1	1942.500000	1943.000000	0	0	6	cluster_6	0.7195
7772	Spectrogram 1	1	1942.750000	1943.250000	0	0	6	cluster_6	1.0000
7773	Spectrogram 1	1	1943.000000	1943.500000	0	0	9	cluster_9	0.6820
7774	Spectrogram 1	1	1943.250000	1943.750000	0	0	9	cluster_9	0.7075
7775	Spectrogram 1	1	1943.500000	1944.000000	0	0	10	cluster_10	1.0000
7776	Spectrogram 1	1	1943.750000	1944.250000	0	0	5	cluster_5	0.6587
7777	Spectrogram 1	1	1944.000000	1944.500000	0	0	10	cluster_10	1.0000
7778	Spectrogram 1	1	1944.250000	1944.750000	0	0	10	cluster_10	1.0000
7779	Spectrogram 1	1	1944.500000	1945.000000	0	0	noise	cluster_noise	0.0000
7780	Spectrogram 1	1	1944.750000	1945.250000	0	0	6	cluster_6	0.9280
7781	Spectrogram 1	1	1945.000000	1945.500000	0	0	6	cluster_6	1.0000
7782	Spectrogram 1	1	1945.250000	1945.750000	0	0	6	cluster_6	1.0000
7783	Spectrogram 1	1	1945.500000	1946.000000	0	0	6	cluster_6	1.0000
7784	Spectrogram 1	1	1945.750000	1946.250000	0	0	6	cluster_6	1.0000
7785	Spectrogram 1	1	1946.000000	1946.500000	0	0	6	cluster_6	1.0000
7786	Spectrogram 1	1	1946.250000	1946.750000	0	0	6	cluster_6	0.6228
7787	Spectrogram 1	1	1946.500000	1947.000000	0	0	6	cluster_6	1.0000
7788	Spectrogram 1	1	1946.750000	1947.250000	0	0	6	cluster_6	1.0000
7789	Spectrogram 1	1	1947.000000	1947.500000	0	0	12	cluster_12	0.8762
7790	Spectrogram 1	1	1947.250000	1947.750000	0	0	noise	cluster_noise	0.0000
7791	Spectrogram 1	1	1947.500000	1948.000000	0	0	noise	cluster_noise	0.0000
7792	Spectrogram 1	1	1947.750000	1948.250000	0	0	noise	cluster_noise	0.0000
7793	Spectrogram 1	1	1948.000000	1948.500000	0	0	noise	cluster_noise	0.0000
7794	Spectrogram 1	1	1948.250000	1948.750000	0	0	noise	cluster_noise	0.0000
7795	Spectrogram 1	1	1948.500000	1949.000000	0	0	12	cluster_12	0.8281
7796	Spectrogram 1	1	1948.750000	1949.250000	0	0	noise	cluster_noise	0.0000
7797	Spectrogram 1	1	1949.000000	1949.500000	0	0	noise	cluster_noise	0.0000
7798	Spectrogram 1	1	1949.250000	1949.750000	0	0	noise	cluster_noise	0.0000
7799	Spectrogram 1	1	1949.500000	1950.000000	0	0	6	cluster_6	0.8989
7800	Spectrogram 1	1	1949.750000	1950.250000	0	0	6	cluster_6	1.0000
7801	Spectrogram 1	1	1950.000000	1950.500000	0	0	6	cluster_6	1.0000
7802	Spectrogram 1	1	1950.250000	1950.750000	0	0	6	cluster_6	1.0000
7803	Spectrogram 1	1	1950.500000	1951.000000	0	0	6	cluster_6	1.0000
7804	Spectrogram 1	1	1950.750000	1951.250000	0	0	6	cluster_6	1.0000
7805	Spectrogram 1	1	1951.000000	1951.500000	0	0	5	cluster_5	1.0000
7806	Spectrogram 1	1	1951.250000	1951.750000	0	0	5	cluster_5	0.9137
7807	Spectrogram 1	1	1951.500000	1952.000000	0	0	5	cluster_5	1.0000
7808	Spectrogram 1	1	1951.750000	1952.250000	0	0	5	cluster_5	1.0000
7809	Spectrogram 1	1	1952.000000	1952.500000	0	0	5	cluster_5	1.0000
7810	Spectrogram 1	1	1952.250000	1952.750000	0	0	5	cluster_5	0.9934
7811	Spectrogram 1	1	1952.500000	1953.000000	0	0	5	cluster_5	0.5381
7812	Spectrogram 1	1	1952.750000	1953.250000	0	0	5	cluster_5	1.0000
7813	Spectrogram 1	1	1953.000000	1953.500000	0	0	5	cluster_5	1.0000
7814	Spectrogram 1	1	1953.250000	1953.750000	0	0	noise	cluster_noise	0.0000
7815	Spectrogram 1	1	1953.500000	1954.000000	0	0	12	cluster_12	0.9458
7816	Spectrogram 1	1	1953.750000	1954.250000	0	0	12	cluster_12	1.0000
7817	Spectrogram 1	1	1954.000000	1954.500000	0	0	12	cluster_12	0.9512
7818	Spectrogram 1	1	1954.250000	1954.750000	0	0	12	cluster_12	0.7337
7819	Spectrogram 1	1	1954.500000	1955.000000	0	0	5	cluster_5	0.5262
7820	Spectrogram 1	1	1954.750000	1955.250000	0	0	noise	cluster_noise	0.0000
7821	Spectrogram 1	1	1955.000000	1955.500000	0	0	noise	cluster_noise	0.0000
7822	Spectrogram 1	1	1955.250000	1955.750000	0	0	noise	cluster_noise	0.0000
7823	Spectrogram 1	1	1955.500000	1956.000000	0	0	12	cluster_12	0.7763
7824	Spectrogram 1	1	1955.750000	1956.250000	0	0	12	cluster_12	0.9457
7825	Spectrogram 1	1	1956.000000	1956.500000	0	0	12	cluster_12	0.8677
7826	Spectrogram 1	1	1956.250000	1956.750000	0	0	12	cluster_12	0.9309
7827	Spectrogram 1	1	1956.500000	1957.000000	0	0	12	cluster_12	0.8394
7828	Spectrogram 1	1	1956.750000	1957.250000	0	0	12	cluster_12	0.7400
7829	Spectrogram 1	1	1957.000000	1957.500000	0	0	noise	cluster_noise	0.0000
7830	Spectrogram 1	1	1957.250000	1957.750000	0	0	noise	cluster_noise	0.0000
7831	Spectrogram 1	1	1957.500000	1958.000000	0	0	12	cluster_12	0.7306
7832	Spectrogram 1	1	1957.750000	1958.250000	0	0	12	cluster_12	0.8785
7833	Spectrogram 1	1	1958.000000	1958.500000	0	0	12	cluster_12	0.9656
7834	Spectrogram 1	1	1958.250000	1958.750000	0	0	12	cluster_12	0.9485
7835	Spectrogram 1	1	1958.500000	1959.000000	0	0	12	cluster_12	0.7421
7836	Spectrogram 1	1	1958.750000	1959.250000	0	0	5	cluster_5	0.5693
7837	Spectrogram 1	1	1959.000000	1959.500000	0	0	noise	cluster_noise	0.0000
7838	Spectrogram 1	1	1959.250000	1959.750000	0	0	noise	cluster_noise	0.0000
7839	Spectrogram 1	1	1959.500000	1960.000000	0	0	noise	cluster_noise	0.0000
7840	Spectrogram 1	1	1959.750000	1960.250000	0	0	noise	cluster_noise	0.0000
7841	Spectrogram 1	1	1960.000000	1960.500000	0	0	noise	cluster_noise	0.0000
7842	Spectrogram 1	1	1960.250000	1960.750000	0	0	12	cluster_12	1.0000
7843	Spectrogram 1	1	1960.500000	1961.000000	0	0	noise	cluster_noise	0.0000
7844	Spectrogram 1	1	1960.750000	1961.250000	0	0	6	cluster_6	0.9392
7845	Spectrogram 1	1	1961.000000	1961.500000	0	0	6	cluster_6	0.9439
7846	Spectrogram 1	1	1961.250000	1961.750000	0	0	noise	cluster_noise	0.0000
7847	Spectrogram 1	1	1961.500000	1962.000000	0	0	6	cluster_6	1.0000
7848	Spectrogram 1	1	1961.750000	1962.250000	0	0	6	cluster_6	1.0000
7849	Spectrogram 1	1	1962.000000	1962.500000	0	0	6	cluster_6	1.0000
7850	Spectrogram 1	1	1962.250000	1962.750000	0	0	5	cluster_5	0.7695
7851	Spectrogram 1	1	1962.500000	1963.000000	0	0	noise	cluster_noise	0.0000
7852	Spectrogram 1	1	1962.750000	1963.250000	0	0	3	cluster_3	0.8662
7853	Spectrogram 1	1	1963.000000	1963.500000	0	0	3	cluster_3	1.0000
7854	Spectrogram 1	1	1963.250000	1963.750000	0	0	3	cluster_3	1.0000
7855	Spectrogram 1	1	1963.500000	1964.000000	0	0	3	cluster_3	0.8253
7856	Spectrogram 1	1	1963.750000	1964.250000	0	0	3	cluster_3	0.9830
7857	Spectrogram 1	1	1964.000000	1964.500000	0	0	3	cluster_3	0.8661
7858	Spectrogram 1	1	1964.250000	1964.750000	0	0	5	cluster_5	0.7293
7859	Spectrogram 1	1	1964.500000	1965.000000	0	0	5	cluster_5	0.6924
7860	Spectrogram 1	1	1964.750000	1965.250000	0	0	5	cluster_5	0.5683
7861	Spectrogram 1	1	1965.000000	1965.500000	0	0	5	cluster_5	0.5494
7862	Spectrogram 1	1	1965.250000	1965.750000	0	0	6	cluster_6	0.9695
7863	Spectrogram 1	1	1965.500000	1966.000000	0	0	6	cluster_6	1.0000
7864	Spectrogram 1	1	1965.750000	1966.250000	0	0	6	cluster_6	0.9474
7865	Spectrogram 1	1	1966.000000	1966.500000	0	0	6	cluster_6	0.9805
7866	Spectrogram 1	1	1966.250000	1966.750000	0	0	6	cluster_6	1.0000
7867	Spectrogram 1	1	1966.500000	1967.000000	0	0	5	cluster_5	0.9459
7868	Spectrogram 1	1	1966.750000	1967.250000	0	0	5	cluster_5	1.0000
7869	Spectrogram 1	1	1967.000000	1967.500000	0	0	5	cluster_5	1.0000
7870	Spectrogram 1	1	1967.250000	1967.750000	0	0	5	cluster_5	1.0000
7871	Spectrogram 1	1	1967.500000	1968.000000	0	0	5	cluster_5	0.9924
7872	Spectrogram 1	1	1967.750000	1968.250000	0	0	5	cluster_5	0.8469
7873	Spectrogram 1	1	1968.000000	1968.500000	0	0	5	cluster_5	0.9740
7874	Spectrogram 1	1	1968.250000	1968.750000	0	0	5	cluster_5	0.5542
7875	Spectrogram 1	1	1968.500000	1969.000000	0	0	noise	cluster_noise	0.0000
7876	Spectrogram 1	1	1968.750000	1969.250000	0	0	12	cluster_12	0.9458
7877	Spectrogram 1	1	1969.000000	1969.500000	0	0	12	cluster_12	0.8089
7878	Spectrogram 1	1	1969.250000	1969.750000	0	0	12	cluster_12	1.0000
7879	Spectrogram 1	1	1969.500000	1970.000000	0	0	12	cluster_12	0.9509
7880	Spectrogram 1	1	1969.750000	1970.250000	0	0	6	cluster_6	0.6122
7881	Spectrogram 1	1	1970.000000	1970.500000	0	0	6	cluster_6	0.7495
7882	Spectrogram 1	1	1970.250000	1970.750000	0	0	6	cluster_6	0.6333
7883	Spectrogram 1	1	1970.500000	1971.000000	0	0	6	cluster_6	0.6560
7884	Spectrogram 1	1	1970.750000	1971.250000	0	0	6	cluster_6	0.9710
7885	Spectrogram 1	1	1971.000000	1971.500000	0	0	noise	cluster_noise	0.0000
7886	Spectrogram 1	1	1971.250000	1971.750000	0	0	12	cluster_12	0.8075
7887	Spectrogram 1	1	1971.500000	1972.000000	0	0	12	cluster_12	1.0000
7888	Spectrogram 1	1	1971.750000	1972.250000	0	0	12	cluster_12	0.7457
7889	Spectrogram 1	1	1972.000000	1972.500000	0	0	noise	cluster_noise	0.0000
7890	Spectrogram 1	1	1972.250000	1972.750000	0	0	noise	cluster_noise	0.0000
7891	Spectrogram 1	1	1972.500000	1973.000000	0	0	6	cluster_6	0.6134
7892	Spectrogram 1	1	1972.750000	1973.250000	0	0	12	cluster_12	0.8554
7893	Spectrogram 1	1	1973.000000	1973.500000	0	0	4	cluster_4	0.6554
7894	Spectrogram 1	1	1973.250000	1973.750000	0	0	12	cluster_12	0.9458
7895	Spectrogram 1	1	1973.500000	1974.000000	0	0	12	cluster_12	0.9011
7896	Spectrogram 1	1	1973.750000	1974.250000	0	0	12	cluster_12	0.7555
7897	Spectrogram 1	1	1974.000000	1974.500000	0	0	6	cluster_6	0.9855
7898	Spectrogram 1	1	1974.250000	1974.750000	0	0	noise	cluster_noise	0.0000
7899	Spectrogram 1	1	1974.500000	1975.000000	0	0	noise	cluster_noise	0.0000
7900	Spectrogram 1	1	1974.750000	1975.250000	0	0	6	cluster_6	0.8452
7901	Spectrogram 1	1	1975.000000	1975.500000	0	0	12	cluster_12	0.8240
7902	Spectrogram 1	1	1975.250000	1975.750000	0	0	12	cluster_12	0.7450
7903	Spectrogram 1	1	1975.500000	1976.000000	0	0	12	cluster_12	0.8903
7904	Spectrogram 1	1	1975.750000	1976.250000	0	0	noise	cluster_noise	0.0000
7905	Spectrogram 1	1	1976.000000	1976.500000	0	0	6	cluster_6	0.8179
7906	Spectrogram 1	1	1976.250000	1976.750000	0	0	5	cluster_5	0.5808
7907	Spectrogram 1	1	1976.500000	1977.000000	0	0	6	cluster_6	1.0000
7908	Spectrogram 1	1	1976.750000	1977.250000	0	0	6	cluster_6	0.8535
7909	Spectrogram 1	1	1977.000000	1977.500000	0	0	6	cluster_6	0.8936
7910	Spectrogram 1	1	1977.250000	1977.750000	0	0	6	cluster_6	0.9751
7911	Spectrogram 1	1	1977.500000	1978.000000	0	0	5	cluster_5	0.5050
7912	Spectrogram 1	1	1977.750000	1978.250000	0	0	5	cluster_5	0.9086
7913	Spectrogram 1	1	1978.000000	1978.500000	0	0	3	cluster_3	0.5457
7914	Spectrogram 1	1	1978.250000	1978.750000	0	0	3	cluster_3	1.0000
7915	Spectrogram 1	1	1978.500000	1979.000000	0	0	3	cluster_3	1.0000
7916	Spectrogram 1	1	1978.750000	1979.250000	0	0	3	cluster_3	0.8927
7917	Spectrogram 1	1	1979.000000	1979.500000	0	0	3	cluster_3	1.0000
7918	Spectrogram 1	1	1979.250000	1979.750000	0	0	3	cluster_3	1.0000
7919	Spectrogram 1	1	1979.500000	1980.000000	0	0	3	cluster_3	0.6739
7920	Spectrogram 1	1	1979.750000	1980.250000	0	0	5	cluster_5	0.7082
7921	Spectrogram 1	1	1980.000000	1980.500000	0	0	5	cluster_5	1.0000
7922	Spectrogram 1	1	1980.250000	1980.750000	0	0	5	cluster_5	0.6499
7923	Spectrogram 1	1	1980.500000	1981.000000	0	0	noise	cluster_noise	0.0000
7924	Spectrogram 1	1	1980.750000	1981.250000	0	0	6	cluster_6	0.7942
7925	Spectrogram 1	1	1981.000000	1981.500000	0	0	6	cluster_6	0.9942
7926	Spectrogram 1	1	1981.250000	1981.750000	0	0	6	cluster_6	0.9970
7927	Spectrogram 1	1	1981.500000	1982.000000	0	0	6	cluster_6	0.8801
7928	Spectrogram 1	1	1981.750000	1982.250000	0	0	6	cluster_6	0.7410
7929	Spectrogram 1	1	1982.000000	1982.500000	0	0	5	cluster_5	1.0000
7930	Spectrogram 1	1	1982.250000	1982.750000	0	0	5	cluster_5	0.9520
7931	Spectrogram 1	1	1982.500000	1983.000000	0	0	5	cluster_5	1.0000
7932	Spectrogram 1	1	1982.750000	1983.250000	0	0	5	cluster_5	1.0000
7933	Spectrogram 1	1	1983.000000	1983.500000	0	0	5	cluster_5	1.0000
7934	Spectrogram 1	1	1983.250000	1983.750000	0	0	5	cluster_5	0.8307
7935	Spectrogram 1	1	1983.500000	1984.000000	0	0	5	cluster_5	0.8315
7936	Spectrogram 1	1	1983.750000	1984.250000	0	0	5	cluster_5	1.0000
7937	Spectrogram 1	1	1984.000000	1984.500000	0	0	5	cluster_5	0.6212
7938	Spectrogram 1	1	1984.250000	1984.750000	0	0	noise	cluster_noise	0.0000
7939	Spectrogram 1	1	1984.500000	1985.000000	0	0	noise	cluster_noise	0.0000
7940	Spectrogram 1	1	1984.750000	1985.250000	0	0	12	cluster_12	0.8379
7941	Spectrogram 1	1	1985.000000	1985.500000	0	0	12	cluster_12	0.9049
7942	Spectrogram 1	1	1985.250000	1985.750000	0	0	12	cluster_12	0.8819
7943	Spectrogram 1	1	1985.500000	1986.000000	0	0	noise	cluster_noise	0.0000
7944	Spectrogram 1	1	1985.750000	1986.250000	0	0	12	cluster_12	0.9435
7945	Spectrogram 1	1	1986.000000	1986.500000	0	0	noise	cluster_noise	0.0000
7946	Spectrogram 1	1	1986.250000	1986.750000	0	0	noise	cluster_noise	0.0000
7947	Spectrogram 1	1	1986.500000	1987.000000	0	0	noise	cluster_noise	0.0000
7948	Spectrogram 1	1	1986.750000	1987.250000	0	0	12	cluster_12	0.8430
7949	Spectrogram 1	1	1987.000000	1987.500000	0	0	12	cluster_12	1.0000
7950	Spectrogram 1	1	1987.250000	1987.750000	0	0	12	cluster_12	1.0000
7951	Spectrogram 1	1	1987.500000	1988.000000	0	0	noise	cluster_noise	0.0000
7952	Spectrogram 1	1	1987.750000	1988.250000	0	0	6	cluster_6	0.8140
7953	Spectrogram 1	1	1988.000000	1988.500000	0	0	noise	cluster_noise	0.0000
7954	Spectrogram 1	1	1988.250000	1988.750000	0	0	6	cluster_6	0.6174
7955	Spectrogram 1	1	1988.500000	1989.000000	0	0	6	cluster_6	1.0000
7956	Spectrogram 1	1	1988.750000	1989.250000	0	0	noise	cluster_noise	0.0000
7957	Spectrogram 1	1	1989.000000	1989.500000	0	0	noise	cluster_noise	0.0000
7958	Spectrogram 1	1	1989.250000	1989.750000	0	0	noise	cluster_noise	0.0000
7959	Spectrogram 1	1	1989.500000	1990.000000	0	0	noise	cluster_noise	0.0000
7960	Spectrogram 1	1	1989.750000	1990.250000	0	0	6	cluster_6	1.0000
7961	Spectrogram 1	1	1990.000000	1990.500000	0	0	noise	cluster_noise	0.0000
7962	Spectrogram 1	1	1990.250000	1990.750000	0	0	6	cluster_6	0.6302
7963	Spectrogram 1	1	1990.500000	1991.000000	0	0	6	cluster_6	0.7376
7964	Spectrogram 1	1	1990.750000	1991.250000	0	0	noise	cluster_noise	0.0000
7965	Spectrogram 1	1	1991.000000	1991.500000	0	0	12	cluster_12	0.8215
7966	Spectrogram 1	1	1991.250000	1991.750000	0	0	12	cluster_12	0.8649
7967	Spectrogram 1	1	1991.500000	1992.000000	0	0	noise	cluster_noise	0.0000
7968	Spectrogram 1	1	1991.750000	1992.250000	0	0	noise	cluster_noise	0.0000
7969	Spectrogram 1	1	1992.000000	1992.500000	0	0	noise	cluster_noise	0.0000
7970	Spectrogram 1	1	1992.250000	1992.750000	0	0	12	cluster_12	0.8366
7971	Spectrogram 1	1	1992.500000	1993.000000	0	0	6	cluster_6	0.9929
7972	Spectrogram 1	1	1992.750000	1993.250000	0	0	noise	cluster_noise	0.0000
7973	Spectrogram 1	1	1993.000000	1993.500000	0	0	noise	cluster_noise	0.0000
7974	Spectrogram 1	1	1993.250000	1993.750000	0	0	3	cluster_3	0.6468
7975	Spectrogram 1	1	1993.500000	1994.000000	0	0	3	cluster_3	1.0000
7976	Spectrogram 1	1	1993.750000	1994.250000	0	0	3	cluster_3	1.0000
7977	Spectrogram 1	1	1994.000000	1994.500000	0	0	3	cluster_3	1.0000
7978	Spectrogram 1	1	1994.250000	1994.750000	0	0	3	cluster_3	1.0000
7979	Spectrogram 1	1	1994.500000	1995.000000	0	0	3	cluster_3	0.8915
7980	Spectrogram 1	1	1994.750000	1995.250000	0	0	3	cluster_3	1.0000
7981	Spectrogram 1	1	1995.000000	1995.500000	0	0	3	cluster_3	1.0000
7982	Spectrogram 1	1	1995.250000	1995.750000	0	0	3	cluster_3	1.0000
7983	Spectrogram 1	1	1995.500000	1996.000000	0	0	3	cluster_3	0.6920
7984	Spectrogram 1	1	1995.750000	1996.250000	0	0	5	cluster_5	0.7756
7985	Spectrogram 1	1	1996.000000	1996.500000	0	0	5	cluster_5	1.0000
7986	Spectrogram 1	1	1996.250000	1996.750000	0	0	5	cluster_5	0.8820
7987	Spectrogram 1	1	1996.500000	1997.000000	0	0	5	cluster_5	0.5229
7988	Spectrogram 1	1	1996.750000	1997.250000	0	0	6	cluster_6	1.0000
7989	Spectrogram 1	1	1997.000000	1997.500000	0	0	6	cluster_6	1.0000
7990	Spectrogram 1	1	1997.250000	1997.750000	0	0	6	cluster_6	1.0000
7991	Spectrogram 1	1	1997.500000	1998.000000	0	0	noise	cluster_noise	0.0000
7992	Spectrogram 1	1	1997.750000	1998.250000	0	0	5	cluster_5	0.8595
7993	Spectrogram 1	1	1998.000000	1998.500000	0	0	5	cluster_5	1.0000
7994	Spectrogram 1	1	1998.250000	1998.750000	0	0	5	cluster_5	1.0000
7995	Spectrogram 1	1	1998.500000	1999.000000	0	0	5	cluster_5	0.8561
7996	Spectrogram 1	1	1998.750000	1999.250000	0	0	5	cluster_5	0.8589
7997	Spectrogram 1	1	1999.000000	1999.500000	0	0	6	cluster_6	0.7804
7998	Spectrogram 1	1	1999.250000	1999.750000	0	0	5	cluster_5	0.8607
7999	Spectrogram 1	1	1999.500000	2000.000000	0	0	5	cluster_5	0.6883
8000	Spectrogram 1	1	1999.750000	2000.250000	0	0	6	cluster_6	0.8644
8001	Spectrogram 1	1	2000.000000	2000.500000	0	0	6	cluster_6	1.0000
8002	Spectrogram 1	1	2000.250000	2000.750000	0	0	12	cluster_12	0.8537
8003	Spectrogram 1	1	2000.500000	2001.000000	0	0	12	cluster_12	0.7611
8004	Spectrogram 1	1	2000.750000	2001.250000	0	0	12	cluster_12	1.0000
8005	Spectrogram 1	1	2001.000000	2001.500000	0	0	12	cluster_12	1.0000
8006	Spectrogram 1	1	2001.250000	2001.750000	0	0	6	cluster_6	1.0000
8007	Spectrogram 1	1	2001.500000	2002.000000	0	0	6	cluster_6	0.8376
8008	Spectrogram 1	1	2001.750000	2002.250000	0	0	6	cluster_6	0.7458
8009	Spectrogram 1	1	2002.000000	2002.500000	0	0	6	cluster_6	0.8948
8010	Spectrogram 1	1	2002.250000	2002.750000	0	0	6	cluster_6	0.8247
8011	Spectrogram 1	1	2002.500000	2003.000000	0	0	12	cluster_12	0.8943
8012	Spectrogram 1	1	2002.750000	2003.250000	0	0	12	cluster_12	0.8599
8013	Spectrogram 1	1	2003.000000	2003.500000	0	0	12	cluster_12	0.9458
8014	Spectrogram 1	1	2003.250000	2003.750000	0	0	12	cluster_12	0.8381
8015	Spectrogram 1	1	2003.500000	2004.000000	0	0	11	cluster_11	0.8603
8016	Spectrogram 1	1	2003.750000	2004.250000	0	0	6	cluster_6	0.9261
8017	Spectrogram 1	1	2004.000000	2004.500000	0	0	6	cluster_6	1.0000
8018	Spectrogram 1	1	2004.250000	2004.750000	0	0	noise	cluster_noise	0.0000
8019	Spectrogram 1	1	2004.500000	2005.000000	0	0	noise	cluster_noise	0.0000
8020	Spectrogram 1	1	2004.750000	2005.250000	0	0	4	cluster_4	0.9453
8021	Spectrogram 1	1	2005.000000	2005.500000	0	0	4	cluster_4	1.0000
8022	Spectrogram 1	1	2005.250000	2005.750000	0	0	12	cluster_12	0.8348
8023	Spectrogram 1	1	2005.500000	2006.000000	0	0	12	cluster_12	0.8425
8024	Spectrogram 1	1	2005.750000	2006.250000	0	0	noise	cluster_noise	0.0000
8025	Spectrogram 1	1	2006.000000	2006.500000	0	0	6	cluster_6	0.7350
8026	Spectrogram 1	1	2006.250000	2006.750000	0	0	6	cluster_6	0.6680
8027	Spectrogram 1	1	2006.500000	2007.000000	0	0	6	cluster_6	0.9664
8028	Spectrogram 1	1	2006.750000	2007.250000	0	0	6	cluster_6	0.9886
8029	Spectrogram 1	1	2007.000000	2007.500000	0	0	6	cluster_6	0.7977
8030	Spectrogram 1	1	2007.250000	2007.750000	0	0	noise	cluster_noise	0.0000
8031	Spectrogram 1	1	2007.500000	2008.000000	0	0	noise	cluster_noise	0.0000
8032	Spectrogram 1	1	2007.750000	2008.250000	0	0	noise	cluster_noise	0.0000
8033	Spectrogram 1	1	2008.000000	2008.500000	0	0	3	cluster_3	0.7713
8034	Spectrogram 1	1	2008.250000	2008.750000	0	0	3	cluster_3	1.0000
8035	Spectrogram 1	1	2008.500000	2009.000000	0	0	3	cluster_3	1.0000
8036	Spectrogram 1	1	2008.750000	2009.250000	0	0	3	cluster_3	1.0000
8037	Spectrogram 1	1	2009.000000	2009.500000	0	0	3	cluster_3	1.0000
8038	Spectrogram 1	1	2009.250000	2009.750000	0	0	3	cluster_3	1.0000
8039	Spectrogram 1	1	2009.500000	2010.000000	0	0	3	cluster_3	0.7590
8040	Spectrogram 1	1	2009.750000	2010.250000	0	0	3	cluster_3	0.6452
8041	Spectrogram 1	1	2010.000000	2010.500000	0	0	5	cluster_5	0.5608
8042	Spectrogram 1	1	2010.250000	2010.750000	0	0	5	cluster_5	0.5317
8043	Spectrogram 1	1	2010.500000	2011.000000	0	0	5	cluster_5	0.6587
8044	Spectrogram 1	1	2010.750000	2011.250000	0	0	5	cluster_5	0.5227
8045	Spectrogram 1	1	2011.000000	2011.500000	0	0	6	cluster_6	0.9324
8046	Spectrogram 1	1	2011.250000	2011.750000	0	0	6	cluster_6	0.7887
8047	Spectrogram 1	1	2011.500000	2012.000000	0	0	6	cluster_6	0.8209
8048	Spectrogram 1	1	2011.750000	2012.250000	0	0	6	cluster_6	0.9319
8049	Spectrogram 1	1	2012.000000	2012.500000	0	0	6	cluster_6	1.0000
8050	Spectrogram 1	1	2012.250000	2012.750000	0	0	6	cluster_6	1.0000
8051	Spectrogram 1	1	2012.500000	2013.000000	0	0	6	cluster_6	0.9677
8052	Spectrogram 1	1	2012.750000	2013.250000	0	0	6	cluster_6	1.0000
8053	Spectrogram 1	1	2013.000000	2013.500000	0	0	6	cluster_6	0.9193
8054	Spectrogram 1	1	2013.250000	2013.750000	0	0	6	cluster_6	0.9802
8055	Spectrogram 1	1	2013.500000	2014.000000	0	0	6	cluster_6	0.8850
8056	Spectrogram 1	1	2013.750000	2014.250000	0	0	4	cluster_4	1.0000
8057	Spectrogram 1	1	2014.000000	2014.500000	0	0	4	cluster_4	1.0000
8058	Spectrogram 1	1	2014.250000	2014.750000	0	0	4	cluster_4	0.7147
8059	Spectrogram 1	1	2014.500000	2015.000000	0	0	noise	cluster_noise	0.0000
8060	Spectrogram 1	1	2014.750000	2015.250000	0	0	noise	cluster_noise	0.0000
8061	Spectrogram 1	1	2015.000000	2015.500000	0	0	0	cluster_0	0.3925
8062	Spectrogram 1	1	2015.250000	2015.750000	0	0	0	cluster_0	0.7263
8063	Spectrogram 1	1	2015.500000	2016.000000	0	0	0	cluster_0	0.9432
8064	Spectrogram 1	1	2015.750000	2016.250000	0	0	0	cluster_0	0.9633
8065	Spectrogram 1	1	2016.000000	2016.500000	0	0	0	cluster_0	0.8489
8066	Spectrogram 1	1	2016.250000	2016.750000	0	0	0	cluster_0	0.8740
8067	Spectrogram 1	1	2016.500000	2017.000000	0	0	0	cluster_0	0.7862
8068	Spectrogram 1	1	2016.750000	2017.250000	0	0	0	cluster_0	0.7025
8069	Spectrogram 1	1	2017.000000	2017.500000	0	0	0	cluster_0	0.6950
8070	Spectrogram 1	1	2017.250000	2017.750000	0	0	0	cluster_0	0.5883
8071	Spectrogram 1	1	2017.500000	2018.000000	0	0	0	cluster_0	0.8409
8072	Spectrogram 1	1	2017.750000	2018.250000	0	0	0	cluster_0	1.0000
8073	Spectrogram 1	1	2018.000000	2018.500000	0	0	0	cluster_0	1.0000
8074	Spectrogram 1	1	2018.250000	2018.750000	0	0	0	cluster_0	1.0000
8075	Spectrogram 1	1	2018.500000	2019.000000	0	0	0	cluster_0	0.6224
8076	Spectrogram 1	1	2018.750000	2019.250000	0	0	6	cluster_6	0.9451
8077	Spectrogram 1	1	2019.000000	2019.500000	0	0	6	cluster_6	0.9843
8078	Spectrogram 1	1	2019.250000	2019.750000	0	0	6	cluster_6	1.0000
8079	Spectrogram 1	1	2019.500000	2020.000000	0	0	6	cluster_6	0.7994
8080	Spectrogram 1	1	2019.750000	2020.250000	0	0	6	cluster_6	0.7661
8081	Spectrogram 1	1	2020.000000	2020.500000	0	0	6	cluster_6	1.0000
8082	Spectrogram 1	1	2020.250000	2020.750000	0	0	6	cluster_6	0.7708
8083	Spectrogram 1	1	2020.500000	2021.000000	0	0	5	cluster_5	0.5579
8084	Spectrogram 1	1	2020.750000	2021.250000	0	0	noise	cluster_noise	0.0000
8085	Spectrogram 1	1	2021.000000	2021.500000	0	0	3	cluster_3	1.0000
8086	Spectrogram 1	1	2021.250000	2021.750000	0	0	3	cluster_3	0.7923
8087	Spectrogram 1	1	2021.500000	2022.000000	0	0	3	cluster_3	0.9629
8088	Spectrogram 1	1	2021.750000	2022.250000	0	0	3	cluster_3	1.0000
8089	Spectrogram 1	1	2022.000000	2022.500000	0	0	3	cluster_3	0.7039
8090	Spectrogram 1	1	2022.250000	2022.750000	0	0	3	cluster_3	0.6517
8091	Spectrogram 1	1	2022.500000	2023.000000	0	0	5	cluster_5	0.7994
8092	Spectrogram 1	1	2022.750000	2023.250000	0	0	5	cluster_5	0.9201
8093	Spectrogram 1	1	2023.000000	2023.500000	0	0	5	cluster_5	0.5424
8094	Spectrogram 1	1	2023.250000	2023.750000	0	0	6	cluster_6	0.8723
8095	Spectrogram 1	1	2023.500000	2024.000000	0	0	6	cluster_6	0.7072
8096	Spectrogram 1	1	2023.750000	2024.250000	0	0	6	cluster_6	0.9701
8097	Spectrogram 1	1	2024.000000	2024.500000	0	0	6	cluster_6	0.8445
8098	Spectrogram 1	1	2024.250000	2024.750000	0	0	6	cluster_6	0.9951
8099	Spectrogram 1	1	2024.500000	2025.000000	0	0	6	cluster_6	1.0000
8100	Spectrogram 1	1	2024.750000	2025.250000	0	0	6	cluster_6	0.7045
8101	Spectrogram 1	1	2025.000000	2025.500000	0	0	6	cluster_6	1.0000
8102	Spectrogram 1	1	2025.250000	2025.750000	0	0	6	cluster_6	1.0000
8103	Spectrogram 1	1	2025.500000	2026.000000	0	0	6	cluster_6	0.8262
8104	Spectrogram 1	1	2025.750000	2026.250000	0	0	6	cluster_6	1.0000
8105	Spectrogram 1	1	2026.000000	2026.500000	0	0	noise	cluster_noise	0.0000
8106	Spectrogram 1	1	2026.250000	2026.750000	0	0	6	cluster_6	0.7019
8107	Spectrogram 1	1	2026.500000	2027.000000	0	0	noise	cluster_noise	0.0000
8108	Spectrogram 1	1	2026.750000	2027.250000	0	0	noise	cluster_noise	0.0000
8109	Spectrogram 1	1	2027.000000	2027.500000	0	0	noise	cluster_noise	0.0000
8110	Spectrogram 1	1	2027.250000	2027.750000	0	0	0	cluster_0	0.6160
8111	Spectrogram 1	1	2027.500000	2028.000000	0	0	0	cluster_0	0.8637
8112	Spectrogram 1	1	2027.750000	2028.250000	0	0	0	cluster_0	0.8330
8113	Spectrogram 1	1	2028.000000	2028.500000	0	0	0	cluster_0	0.7427
8114	Spectrogram 1	1	2028.250000	2028.750000	0	0	0	cluster_0	1.0000
8115	Spectrogram 1	1	2028.500000	2029.000000	0	0	0	cluster_0	0.6484
8116	Spectrogram 1	1	2028.750000	2029.250000	0	0	0	cluster_0	0.5902
8117	Spectrogram 1	1	2029.000000	2029.500000	0	0	0	cluster_0	0.7982
8118	Spectrogram 1	1	2029.250000	2029.750000	0	0	0	cluster_0	0.8048
8119	Spectrogram 1	1	2029.500000	2030.000000	0	0	0	cluster_0	0.8067
8120	Spectrogram 1	1	2029.750000	2030.250000	0	0	0	cluster_0	1.0000
8121	Spectrogram 1	1	2030.000000	2030.500000	0	0	0	cluster_0	1.0000
8122	Spectrogram 1	1	2030.250000	2030.750000	0	0	0	cluster_0	0.8357
8123	Spectrogram 1	1	2030.500000	2031.000000	0	0	0	cluster_0	0.7345
8124	Spectrogram 1	1	2030.750000	2031.250000	0	0	0	cluster_0	0.7827
8125	Spectrogram 1	1	2031.000000	2031.500000	0	0	0	cluster_0	0.6530
8126	Spectrogram 1	1	2031.250000	2031.750000	0	0	6	cluster_6	0.6761
8127	Spectrogram 1	1	2031.500000	2032.000000	0	0	6	cluster_6	0.8036
8128	Spectrogram 1	1	2031.750000	2032.250000	0	0	6	cluster_6	0.8346
8129	Spectrogram 1	1	2032.000000	2032.500000	0	0	6	cluster_6	1.0000
8130	Spectrogram 1	1	2032.250000	2032.750000	0	0	6	cluster_6	1.0000
8131	Spectrogram 1	1	2032.500000	2033.000000	0	0	6	cluster_6	1.0000
8132	Spectrogram 1	1	2032.750000	2033.250000	0	0	6	cluster_6	1.0000
8133	Spectrogram 1	1	2033.000000	2033.500000	0	0	5	cluster_5	0.5539
8134	Spectrogram 1	1	2033.250000	2033.750000	0	0	noise	cluster_noise	0.0000
8135	Spectrogram 1	1	2033.500000	2034.000000	0	0	3	cluster_3	1.0000
8136	Spectrogram 1	1	2033.750000	2034.250000	0	0	3	cluster_3	1.0000
8137	Spectrogram 1	1	2034.000000	2034.500000	0	0	3	cluster_3	1.0000
8138	Spectrogram 1	1	2034.250000	2034.750000	0	0	3	cluster_3	1.0000
8139	Spectrogram 1	1	2034.500000	2035.000000	0	0	3	cluster_3	1.0000
8140	Spectrogram 1	1	2034.750000	2035.250000	0	0	3	cluster_3	0.7386
8141	Spectrogram 1	1	2035.000000	2035.500000	0	0	5	cluster_5	0.6913
8142	Spectrogram 1	1	2035.250000	2035.750000	0	0	5	cluster_5	1.0000
8143	Spectrogram 1	1	2035.500000	2036.000000	0	0	5	cluster_5	1.0000
8144	Spectrogram 1	1	2035.750000	2036.250000	0	0	5	cluster_5	0.6256
8145	Spectrogram 1	1	2036.000000	2036.500000	0	0	6	cluster_6	1.0000
8146	Spectrogram 1	1	2036.250000	2036.750000	0	0	6	cluster_6	1.0000
8147	Spectrogram 1	1	2036.500000	2037.000000	0	0	6	cluster_6	1.0000
8148	Spectrogram 1	1	2036.750000	2037.250000	0	0	6	cluster_6	1.0000
8149	Spectrogram 1	1	2037.000000	2037.500000	0	0	noise	cluster_noise	0.0000
8150	Spectrogram 1	1	2037.250000	2037.750000	0	0	6	cluster_6	1.0000
8151	Spectrogram 1	1	2037.500000	2038.000000	0	0	noise	cluster_noise	0.0000
8152	Spectrogram 1	1	2037.750000	2038.250000	0	0	6	cluster_6	1.0000
8153	Spectrogram 1	1	2038.000000	2038.500000	0	0	6	cluster_6	1.0000
8154	Spectrogram 1	1	2038.250000	2038.750000	0	0	6	cluster_6	1.0000
8155	Spectrogram 1	1	2038.500000	2039.000000	0	0	6	cluster_6	0.8284
8156	Spectrogram 1	1	2038.750000	2039.250000	0	0	6	cluster_6	0.8941
8157	Spectrogram 1	1	2039.000000	2039.500000	0	0	6	cluster_6	0.7292
8158	Spectrogram 1	1	2039.250000	2039.750000	0	0	6	cluster_6	0.6726
8159	Spectrogram 1	1	2039.500000	2040.000000	0	0	6	cluster_6	0.7876
8160	Spectrogram 1	1	2039.750000	2040.250000	0	0	0	cluster_0	0.4951
8161	Spectrogram 1	1	2040.000000	2040.500000	0	0	0	cluster_0	0.6945
8162	Spectrogram 1	1	2040.250000	2040.750000	0	0	0	cluster_0	0.8595
8163	Spectrogram 1	1	2040.500000	2041.000000	0	0	0	cluster_0	1.0000
8164	Spectrogram 1	1	2040.750000	2041.250000	0	0	0	cluster_0	1.0000
8165	Spectrogram 1	1	2041.000000	2041.500000	0	0	0	cluster_0	0.6556
8166	Spectrogram 1	1	2041.250000	2041.750000	0	0	0	cluster_0	0.5904
8167	Spectrogram 1	1	2041.500000	2042.000000	0	0	0	cluster_0	0.9132
8168	Spectrogram 1	1	2041.750000	2042.250000	0	0	0	cluster_0	1.0000
8169	Spectrogram 1	1	2042.000000	2042.500000	0	0	0	cluster_0	0.8353
8170	Spectrogram 1	1	2042.250000	2042.750000	0	0	0	cluster_0	1.0000
8171	Spectrogram 1	1	2042.500000	2043.000000	0	0	0	cluster_0	0.7323
8172	Spectrogram 1	1	2042.750000	2043.250000	0	0	0	cluster_0	0.7186
8173	Spectrogram 1	1	2043.000000	2043.500000	0	0	0	cluster_0	0.5793
8174	Spectrogram 1	1	2043.250000	2043.750000	0	0	0	cluster_0	0.4172
8175	Spectrogram 1	1	2043.500000	2044.000000	0	0	6	cluster_6	0.6983
8176	Spectrogram 1	1	2043.750000	2044.250000	0	0	noise	cluster_noise	0.0000
8177	Spectrogram 1	1	2044.000000	2044.500000	0	0	noise	cluster_noise	0.0000
8178	Spectrogram 1	1	2044.250000	2044.750000	0	0	6	cluster_6	0.6978
8179	Spectrogram 1	1	2044.500000	2045.000000	0	0	6	cluster_6	1.0000
8180	Spectrogram 1	1	2044.750000	2045.250000	0	0	6	cluster_6	1.0000
8181	Spectrogram 1	1	2045.000000	2045.500000	0	0	6	cluster_6	1.0000
8182	Spectrogram 1	1	2045.250000	2045.750000	0	0	noise	cluster_noise	0.0000
8183	Spectrogram 1	1	2045.500000	2046.000000	0	0	noise	cluster_noise	0.0000
8184	Spectrogram 1	1	2045.750000	2046.250000	0	0	3	cluster_3	1.0000
8185	Spectrogram 1	1	2046.000000	2046.500000	0	0	3	cluster_3	1.0000
8186	Spectrogram 1	1	2046.250000	2046.750000	0	0	3	cluster_3	1.0000
8187	Spectrogram 1	1	2046.500000	2047.000000	0	0	3	cluster_3	1.0000
8188	Spectrogram 1	1	2046.750000	2047.250000	0	0	3	cluster_3	0.8588
8189	Spectrogram 1	1	2047.000000	2047.500000	0	0	3	cluster_3	0.6946
8190	Spectrogram 1	1	2047.250000	2047.750000	0	0	5	cluster_5	0.5454
8191	Spectrogram 1	1	2047.500000	2048.000000	0	0	5	cluster_5	0.9816
8192	Spectrogram 1	1	2047.750000	2048.250000	0	0	5	cluster_5	0.9776
8193	Spectrogram 1	1	2048.000000	2048.500000	0	0	5	cluster_5	0.5191
8194	Spectrogram 1	1	2048.250000	2048.750000	0	0	6	cluster_6	1.0000
8195	Spectrogram 1	1	2048.500000	2049.000000	0	0	6	cluster_6	1.0000
8196	Spectrogram 1	1	2048.750000	2049.250000	0	0	6	cluster_6	1.0000
8197	Spectrogram 1	1	2049.000000	2049.500000	0	0	6	cluster_6	1.0000
8198	Spectrogram 1	1	2049.250000	2049.750000	0	0	6	cluster_6	0.7615
8199	Spectrogram 1	1	2049.500000	2050.000000	0	0	6	cluster_6	0.9611
8200	Spectrogram 1	1	2049.750000	2050.250000	0	0	6	cluster_6	0.9995
8201	Spectrogram 1	1	2050.000000	2050.500000	0	0	6	cluster_6	1.0000
8202	Spectrogram 1	1	2050.250000	2050.750000	0	0	6	cluster_6	1.0000
8203	Spectrogram 1	1	2050.500000	2051.000000	0	0	6	cluster_6	1.0000
8204	Spectrogram 1	1	2050.750000	2051.250000	0	0	6	cluster_6	1.0000
8205	Spectrogram 1	1	2051.000000	2051.500000	0	0	noise	cluster_noise	0.0000
8206	Spectrogram 1	1	2051.250000	2051.750000	0	0	noise	cluster_noise	0.0000
8207	Spectrogram 1	1	2051.500000	2052.000000	0	0	noise	cluster_noise	0.0000
8208	Spectrogram 1	1	2051.750000	2052.250000	0	0	noise	cluster_noise	0.0000
8209	Spectrogram 1	1	2052.000000	2052.500000	0	0	6	cluster_6	1.0000
8210	Spectrogram 1	1	2052.250000	2052.750000	0	0	6	cluster_6	0.8496
8211	Spectrogram 1	1	2052.500000	2053.000000	0	0	0	cluster_0	0.4843
8212	Spectrogram 1	1	2052.750000	2053.250000	0	0	0	cluster_0	0.6464
8213	Spectrogram 1	1	2053.000000	2053.500000	0	0	0	cluster_0	1.0000
8214	Spectrogram 1	1	2053.250000	2053.750000	0	0	0	cluster_0	0.8119
8215	Spectrogram 1	1	2053.500000	2054.000000	0	0	0	cluster_0	1.0000
8216	Spectrogram 1	1	2053.750000	2054.250000	0	0	0	cluster_0	0.7255
8217	Spectrogram 1	1	2054.000000	2054.500000	0	0	0	cluster_0	0.5053
8218	Spectrogram 1	1	2054.250000	2054.750000	0	0	0	cluster_0	0.8383
8219	Spectrogram 1	1	2054.500000	2055.000000	0	0	0	cluster_0	1.0000
8220	Spectrogram 1	1	2054.750000	2055.250000	0	0	0	cluster_0	1.0000
8221	Spectrogram 1	1	2055.000000	2055.500000	0	0	0	cluster_0	0.8752
8222	Spectrogram 1	1	2055.250000	2055.750000	0	0	0	cluster_0	1.0000
8223	Spectrogram 1	1	2055.500000	2056.000000	0	0	0	cluster_0	0.7018
8224	Spectrogram 1	1	2055.750000	2056.250000	0	0	0	cluster_0	0.4677
8225	Spectrogram 1	1	2056.000000	2056.500000	0	0	6	cluster_6	0.6983
8226	Spectrogram 1	1	2056.250000	2056.750000	0	0	6	cluster_6	0.6720
8227	Spectrogram 1	1	2056.500000	2057.000000	0	0	noise	cluster_noise	0.0000
8228	Spectrogram 1	1	2056.750000	2057.250000	0	0	6	cluster_6	0.8455
8229	Spectrogram 1	1	2057.000000	2057.500000	0	0	6	cluster_6	1.0000
8230	Spectrogram 1	1	2057.250000	2057.750000	0	0	6	cluster_6	1.0000
8231	Spectrogram 1	1	2057.500000	2058.000000	0	0	6	cluster_6	1.0000
8232	Spectrogram 1	1	2057.750000	2058.250000	0	0	6	cluster_6	1.0000
8233	Spectrogram 1	1	2058.000000	2058.500000	0	0	noise	cluster_noise	0.0000
8234	Spectrogram 1	1	2058.250000	2058.750000	0	0	3	cluster_3	1.0000
8235	Spectrogram 1	1	2058.500000	2059.000000	0	0	3	cluster_3	1.0000
8236	Spectrogram 1	1	2058.750000	2059.250000	0	0	3	cluster_3	1.0000
8237	Spectrogram 1	1	2059.000000	2059.500000	0	0	3	cluster_3	1.0000
8238	Spectrogram 1	1	2059.250000	2059.750000	0	0	3	cluster_3	1.0000
8239	Spectrogram 1	1	2059.500000	2060.000000	0	0	3	cluster_3	1.0000
8240	Spectrogram 1	1	2059.750000	2060.250000	0	0	3	cluster_3	1.0000
8241	Spectrogram 1	1	2060.000000	2060.500000	0	0	3	cluster_3	0.6897
8242	Spectrogram 1	1	2060.250000	2060.750000	0	0	3	cluster_3	0.5562
8243	Spectrogram 1	1	2060.500000	2061.000000	0	0	5	cluster_5	0.9434
8244	Spectrogram 1	1	2060.750000	2061.250000	0	0	5	cluster_5	0.9498
8245	Spectrogram 1	1	2061.000000	2061.500000	0	0	6	cluster_6	1.0000
8246	Spectrogram 1	1	2061.250000	2061.750000	0	0	6	cluster_6	1.0000
8247	Spectrogram 1	1	2061.500000	2062.000000	0	0	6	cluster_6	1.0000
8248	Spectrogram 1	1	2061.750000	2062.250000	0	0	5	cluster_5	0.6001
8249	Spectrogram 1	1	2062.000000	2062.500000	0	0	5	cluster_5	0.5915
8250	Spectrogram 1	1	2062.250000	2062.750000	0	0	6	cluster_6	0.9147
8251	Spectrogram 1	1	2062.500000	2063.000000	0	0	6	cluster_6	1.0000
8252	Spectrogram 1	1	2062.750000	2063.250000	0	0	6	cluster_6	1.0000
8253	Spectrogram 1	1	2063.000000	2063.500000	0	0	6	cluster_6	0.6437
8254	Spectrogram 1	1	2063.250000	2063.750000	0	0	6	cluster_6	0.7057
8255	Spectrogram 1	1	2063.500000	2064.000000	0	0	6	cluster_6	0.7978
8256	Spectrogram 1	1	2063.750000	2064.250000	0	0	6	cluster_6	0.9573
8257	Spectrogram 1	1	2064.000000	2064.500000	0	0	noise	cluster_noise	0.0000
8258	Spectrogram 1	1	2064.250000	2064.750000	0	0	6	cluster_6	0.6816
8259	Spectrogram 1	1	2064.500000	2065.000000	0	0	6	cluster_6	0.9779
8260	Spectrogram 1	1	2064.750000	2065.250000	0	0	6	cluster_6	1.0000
8261	Spectrogram 1	1	2065.000000	2065.500000	0	0	6	cluster_6	0.6845
8262	Spectrogram 1	1	2065.250000	2065.750000	0	0	0	cluster_0	0.5037
8263	Spectrogram 1	1	2065.500000	2066.000000	0	0	0	cluster_0	0.6140
8264	Spectrogram 1	1	2065.750000	2066.250000	0	0	0	cluster_0	0.6560
8265	Spectrogram 1	1	2066.000000	2066.500000	0	0	0	cluster_0	0.7664
8266	Spectrogram 1	1	2066.250000	2066.750000	0	0	0	cluster_0	0.7743
8267	Spectrogram 1	1	2066.500000	2067.000000	0	0	0	cluster_0	0.7035
8268	Spectrogram 1	1	2066.750000	2067.250000	0	0	0	cluster_0	0.6202
8269	Spectrogram 1	1	2067.000000	2067.500000	0	0	0	cluster_0	0.6990
8270	Spectrogram 1	1	2067.250000	2067.750000	0	0	0	cluster_0	0.5894
8271	Spectrogram 1	1	2067.500000	2068.000000	0	0	6	cluster_6	0.6983
8272	Spectrogram 1	1	2067.750000	2068.250000	0	0	6	cluster_6	0.6983
8273	Spectrogram 1	1	2068.000000	2068.500000	0	0	noise	cluster_noise	0.0000
8274	Spectrogram 1	1	2068.250000	2068.750000	0	0	noise	cluster_noise	0.0000
8275	Spectrogram 1	1	2068.500000	2069.000000	0	0	6	cluster_6	1.0000
8276	Spectrogram 1	1	2068.750000	2069.250000	0	0	6	cluster_6	0.9262
8277	Spectrogram 1	1	2069.000000	2069.500000	0	0	6	cluster_6	1.0000
8278	Spectrogram 1	1	2069.250000	2069.750000	0	0	6	cluster_6	0.9874
8279	Spectrogram 1	1	2069.500000	2070.000000	0	0	noise	cluster_noise	0.0000
8280	Spectrogram 1	1	2069.750000	2070.250000	0	0	noise	cluster_noise	0.0000
8281	Spectrogram 1	1	2070.000000	2070.500000	0	0	3	cluster_3	1.0000
8282	Spectrogram 1	1	2070.250000	2070.750000	0	0	3	cluster_3	1.0000
8283	Spectrogram 1	1	2070.500000	2071.000000	0	0	3	cluster_3	1.0000
8284	Spectrogram 1	1	2070.750000	2071.250000	0	0	3	cluster_3	1.0000
8285	Spectrogram 1	1	2071.000000	2071.500000	0	0	3	cluster_3	1.0000
8286	Spectrogram 1	1	2071.250000	2071.750000	0	0	3	cluster_3	1.0000
8287	Spectrogram 1	1	2071.500000	2072.000000	0	0	3	cluster_3	1.0000
8288	Spectrogram 1	1	2071.750000	2072.250000	0	0	3	cluster_3	0.6984
8289	Spectrogram 1	1	2072.000000	2072.500000	0	0	3	cluster_3	0.6263
8290	Spectrogram 1	1	2072.250000	2072.750000	0	0	5	cluster_5	0.8519
8291	Spectrogram 1	1	2072.500000	2073.000000	0	0	5	cluster_5	0.8267
8292	Spectrogram 1	1	2072.750000	2073.250000	0	0	5	cluster_5	0.8492
8293	Spectrogram 1	1	2073.000000	2073.500000	0	0	6	cluster_6	0.8765
8294	Spectrogram 1	1	2073.250000	2073.750000	0	0	6	cluster_6	0.8705
8295	Spectrogram 1	1	2073.500000	2074.000000	0	0	6	cluster_6	0.8249
8296	Spectrogram 1	1	2073.750000	2074.250000	0	0	6	cluster_6	0.9010
8297	Spectrogram 1	1	2074.000000	2074.500000	0	0	6	cluster_6	0.9422
8298	Spectrogram 1	1	2074.250000	2074.750000	0	0	6	cluster_6	0.8608
8299	Spectrogram 1	1	2074.500000	2075.000000	0	0	6	cluster_6	0.9096
8300	Spectrogram 1	1	2074.750000	2075.250000	0	0	noise	cluster_noise	0.0000
8301	Spectrogram 1	1	2075.000000	2075.500000	0	0	6	cluster_6	0.7426
8302	Spectrogram 1	1	2075.250000	2075.750000	0	0	noise	cluster_noise	0.0000
8303	Spectrogram 1	1	2075.500000	2076.000000	0	0	4	cluster_4	0.6334
8304	Spectrogram 1	1	2075.750000	2076.250000	0	0	4	cluster_4	0.9023
8305	Spectrogram 1	1	2076.000000	2076.500000	0	0	noise	cluster_noise	0.0000
8306	Spectrogram 1	1	2076.250000	2076.750000	0	0	noise	cluster_noise	0.0000
8307	Spectrogram 1	1	2076.500000	2077.000000	0	0	6	cluster_6	0.8973
8308	Spectrogram 1	1	2076.750000	2077.250000	0	0	6	cluster_6	0.9246
8309	Spectrogram 1	1	2077.000000	2077.500000	0	0	6	cluster_6	1.0000
8310	Spectrogram 1	1	2077.250000	2077.750000	0	0	noise	cluster_noise	0.0000
8311	Spectrogram 1	1	2077.500000	2078.000000	0	0	0	cluster_0	0.6235
8312	Spectrogram 1	1	2077.750000	2078.250000	0	0	0	cluster_0	1.0000
8313	Spectrogram 1	1	2078.000000	2078.500000	0	0	0	cluster_0	1.0000
8314	Spectrogram 1	1	2078.250000	2078.750000	0	0	0	cluster_0	1.0000
8315	Spectrogram 1	1	2078.500000	2079.000000	0	0	0	cluster_0	0.8359
8316	Spectrogram 1	1	2078.750000	2079.250000	0	0	0	cluster_0	1.0000
8317	Spectrogram 1	1	2079.000000	2079.500000	0	0	0	cluster_0	0.7382
8318	Spectrogram 1	1	2079.250000	2079.750000	0	0	0	cluster_0	0.5181
8319	Spectrogram 1	1	2079.500000	2080.000000	0	0	0	cluster_0	0.3969
8320	Spectrogram 1	1	2079.750000	2080.250000	0	0	6	cluster_6	0.6983
8321	Spectrogram 1	1	2080.000000	2080.500000	0	0	noise	cluster_noise	0.0000
8322	Spectrogram 1	1	2080.250000	2080.750000	0	0	noise	cluster_noise	0.0000
8323	Spectrogram 1	1	2080.500000	2081.000000	0	0	6	cluster_6	1.0000
8324	Spectrogram 1	1	2080.750000	2081.250000	0	0	6	cluster_6	1.0000
8325	Spectrogram 1	1	2081.000000	2081.500000	0	0	6	cluster_6	0.9399
8326	Spectrogram 1	1	2081.250000	2081.750000	0	0	5	cluster_5	0.5514
8327	Spectrogram 1	1	2081.500000	2082.000000	0	0	5	cluster_5	0.7608
8328	Spectrogram 1	1	2081.750000	2082.250000	0	0	3	cluster_3	1.0000
8329	Spectrogram 1	1	2082.000000	2082.500000	0	0	3	cluster_3	1.0000
8330	Spectrogram 1	1	2082.250000	2082.750000	0	0	3	cluster_3	1.0000
8331	Spectrogram 1	1	2082.500000	2083.000000	0	0	3	cluster_3	1.0000
8332	Spectrogram 1	1	2082.750000	2083.250000	0	0	3	cluster_3	1.0000
8333	Spectrogram 1	1	2083.000000	2083.500000	0	0	3	cluster_3	1.0000
8334	Spectrogram 1	1	2083.250000	2083.750000	0	0	3	cluster_3	1.0000
8335	Spectrogram 1	1	2083.500000	2084.000000	0	0	3	cluster_3	0.8277
8336	Spectrogram 1	1	2083.750000	2084.250000	0	0	3	cluster_3	0.6872
8337	Spectrogram 1	1	2084.000000	2084.500000	0	0	5	cluster_5	0.5364
8338	Spectrogram 1	1	2084.250000	2084.750000	0	0	5	cluster_5	1.0000
8339	Spectrogram 1	1	2084.500000	2085.000000	0	0	5	cluster_5	0.9129
8340	Spectrogram 1	1	2084.750000	2085.250000	0	0	5	cluster_5	0.7186
8341	Spectrogram 1	1	2085.000000	2085.500000	0	0	6	cluster_6	1.0000
8342	Spectrogram 1	1	2085.250000	2085.750000	0	0	6	cluster_6	1.0000
8343	Spectrogram 1	1	2085.500000	2086.000000	0	0	6	cluster_6	1.0000
8344	Spectrogram 1	1	2085.750000	2086.250000	0	0	6	cluster_6	0.8675
8345	Spectrogram 1	1	2086.000000	2086.500000	0	0	6	cluster_6	0.8998
8346	Spectrogram 1	1	2086.250000	2086.750000	0	0	6	cluster_6	0.8809
8347	Spectrogram 1	1	2086.500000	2087.000000	0	0	6	cluster_6	0.8874
8348	Spectrogram 1	1	2086.750000	2087.250000	0	0	6	cluster_6	0.8978
8349	Spectrogram 1	1	2087.000000	2087.500000	0	0	6	cluster_6	1.0000
8350	Spectrogram 1	1	2087.250000	2087.750000	0	0	8	cluster_8	1.0000
8351	Spectrogram 1	1	2087.500000	2088.000000	0	0	4	cluster_4	0.6685
8352	Spectrogram 1	1	2087.750000	2088.250000	0	0	4	cluster_4	1.0000
8353	Spectrogram 1	1	2088.000000	2088.500000	0	0	4	cluster_4	1.0000
8354	Spectrogram 1	1	2088.250000	2088.750000	0	0	4	cluster_4	1.0000
8355	Spectrogram 1	1	2088.500000	2089.000000	0	0	4	cluster_4	0.8821
8356	Spectrogram 1	1	2088.750000	2089.250000	0	0	noise	cluster_noise	0.0000
8357	Spectrogram 1	1	2089.000000	2089.500000	0	0	6	cluster_6	0.8715
8358	Spectrogram 1	1	2089.250000	2089.750000	0	0	6	cluster_6	0.8901
8359	Spectrogram 1	1	2089.500000	2090.000000	0	0	6	cluster_6	0.7776
8360	Spectrogram 1	1	2089.750000	2090.250000	0	0	0	cluster_0	0.6177
8361	Spectrogram 1	1	2090.000000	2090.500000	0	0	0	cluster_0	0.5947
8362	Spectrogram 1	1	2090.250000	2090.750000	0	0	0	cluster_0	0.8651
8363	Spectrogram 1	1	2090.500000	2091.000000	0	0	0	cluster_0	0.7551
8364	Spectrogram 1	1	2090.750000	2091.250000	0	0	0	cluster_0	0.6489
8365	Spectrogram 1	1	2091.000000	2091.500000	0	0	0	cluster_0	0.5890
8366	Spectrogram 1	1	2091.250000	2091.750000	0	0	0	cluster_0	0.4468
8367	Spectrogram 1	1	2091.500000	2092.000000	0	0	5	cluster_5	0.8382
8368	Spectrogram 1	1	2091.750000	2092.250000	0	0	noise	cluster_noise	0.0000
8369	Spectrogram 1	1	2092.000000	2092.500000	0	0	noise	cluster_noise	0.0000
8370	Spectrogram 1	1	2092.250000	2092.750000	0	0	6	cluster_6	0.6933
8371	Spectrogram 1	1	2092.500000	2093.000000	0	0	6	cluster_6	1.0000
8372	Spectrogram 1	1	2092.750000	2093.250000	0	0	noise	cluster_noise	0.0000
8373	Spectrogram 1	1	2093.000000	2093.500000	0	0	5	cluster_5	0.5199
8374	Spectrogram 1	1	2093.250000	2093.750000	0	0	5	cluster_5	0.5174
8375	Spectrogram 1	1	2093.500000	2094.000000	0	0	3	cluster_3	0.6067
8376	Spectrogram 1	1	2093.750000	2094.250000	0	0	3	cluster_3	1.0000
8377	Spectrogram 1	1	2094.000000	2094.500000	0	0	3	cluster_3	1.0000
8378	Spectrogram 1	1	2094.250000	2094.750000	0	0	3	cluster_3	1.0000
8379	Spectrogram 1	1	2094.500000	2095.000000	0	0	3	cluster_3	1.0000
8380	Spectrogram 1	1	2094.750000	2095.250000	0	0	3	cluster_3	1.0000
8381	Spectrogram 1	1	2095.000000	2095.500000	0	0	3	cluster_3	1.0000
8382	Spectrogram 1	1	2095.250000	2095.750000	0	0	3	cluster_3	1.0000
8383	Spectrogram 1	1	2095.500000	2096.000000	0	0	3	cluster_3	0.7131
8384	Spectrogram 1	1	2095.750000	2096.250000	0	0	3	cluster_3	0.6302
8385	Spectrogram 1	1	2096.000000	2096.500000	0	0	5	cluster_5	1.0000
8386	Spectrogram 1	1	2096.250000	2096.750000	0	0	5	cluster_5	0.9387
8387	Spectrogram 1	1	2096.500000	2097.000000	0	0	5	cluster_5	0.7657
8388	Spectrogram 1	1	2096.750000	2097.250000	0	0	noise	cluster_noise	0.0000
8389	Spectrogram 1	1	2097.000000	2097.500000	0	0	noise	cluster_noise	0.0000
8390	Spectrogram 1	1	2097.250000	2097.750000	0	0	noise	cluster_noise	0.0000
8391	Spectrogram 1	1	2097.500000	2098.000000	0	0	6	cluster_6	1.0000
8392	Spectrogram 1	1	2097.750000	2098.250000	0	0	6	cluster_6	1.0000
8393	Spectrogram 1	1	2098.000000	2098.500000	0	0	6	cluster_6	0.8790
8394	Spectrogram 1	1	2098.250000	2098.750000	0	0	6	cluster_6	1.0000
8395	Spectrogram 1	1	2098.500000	2099.000000	0	0	6	cluster_6	1.0000
8396	Spectrogram 1	1	2098.750000	2099.250000	0	0	6	cluster_6	1.0000
8397	Spectrogram 1	1	2099.000000	2099.500000	0	0	6	cluster_6	0.9979
8398	Spectrogram 1	1	2099.250000	2099.750000	0	0	6	cluster_6	0.7276
8399	Spectrogram 1	1	2099.500000	2100.000000	0	0	noise	cluster_noise	0.0000
8400	Spectrogram 1	1	2099.750000	2100.250000	0	0	noise	cluster_noise	0.0000
8401	Spectrogram 1	1	2100.000000	2100.500000	0	0	6	cluster_6	1.0000
8402	Spectrogram 1	1	2100.250000	2100.750000	0	0	6	cluster_6	1.0000
8403	Spectrogram 1	1	2100.500000	2101.000000	0	0	6	cluster_6	1.0000
8404	Spectrogram 1	1	2100.750000	2101.250000	0	0	6	cluster_6	0.9146
8405	Spectrogram 1	1	2101.000000	2101.500000	0	0	0	cluster_0	0.5029
8406	Spectrogram 1	1	2101.250000	2101.750000	0	0	0	cluster_0	0.7524
8407	Spectrogram 1	1	2101.500000	2102.000000	0	0	0	cluster_0	0.7933
8408	Spectrogram 1	1	2101.750000	2102.250000	0	0	0	cluster_0	0.6837
8409	Spectrogram 1	1	2102.000000	2102.500000	0	0	0	cluster_0	0.7093
8410	Spectrogram 1	1	2102.250000	2102.750000	0	0	0	cluster_0	0.6235
8411	Spectrogram 1	1	2102.500000	2103.000000	0	0	0	cluster_0	0.5435
8412	Spectrogram 1	1	2102.750000	2103.250000	0	0	0	cluster_0	0.3315
8413	Spectrogram 1	1	2103.000000	2103.500000	0	0	noise	cluster_noise	0.0000
8414	Spectrogram 1	1	2103.250000	2103.750000	0	0	noise	cluster_noise	0.0000
8415	Spectrogram 1	1	2103.500000	2104.000000	0	0	6	cluster_6	0.9483
8416	Spectrogram 1	1	2103.750000	2104.250000	0	0	6	cluster_6	1.0000
8417	Spectrogram 1	1	2104.000000	2104.500000	0	0	6	cluster_6	1.0000
8418	Spectrogram 1	1	2104.250000	2104.750000	0	0	6	cluster_6	1.0000
8419	Spectrogram 1	1	2104.500000	2105.000000	0	0	6	cluster_6	1.0000
8420	Spectrogram 1	1	2104.750000	2105.250000	0	0	6	cluster_6	1.0000
8421	Spectrogram 1	1	2105.000000	2105.500000	0	0	5	cluster_5	0.9944
8422	Spectrogram 1	1	2105.250000	2105.750000	0	0	3	cluster_3	1.0000
8423	Spectrogram 1	1	2105.500000	2106.000000	0	0	3	cluster_3	1.0000
8424	Spectrogram 1	1	2105.750000	2106.250000	0	0	3	cluster_3	1.0000
8425	Spectrogram 1	1	2106.000000	2106.500000	0	0	3	cluster_3	1.0000
8426	Spectrogram 1	1	2106.250000	2106.750000	0	0	3	cluster_3	1.0000
8427	Spectrogram 1	1	2106.500000	2107.000000	0	0	3	cluster_3	1.0000
8428	Spectrogram 1	1	2106.750000	2107.250000	0	0	3	cluster_3	1.0000
8429	Spectrogram 1	1	2107.000000	2107.500000	0	0	3	cluster_3	1.0000
8430	Spectrogram 1	1	2107.250000	2107.750000	0	0	3	cluster_3	0.6479
8431	Spectrogram 1	1	2107.500000	2108.000000	0	0	3	cluster_3	0.5897
8432	Spectrogram 1	1	2107.750000	2108.250000	0	0	5	cluster_5	0.8921
8433	Spectrogram 1	1	2108.000000	2108.500000	0	0	5	cluster_5	0.9137
8434	Spectrogram 1	1	2108.250000	2108.750000	0	0	5	cluster_5	0.6386
8435	Spectrogram 1	1	2108.500000	2109.000000	0	0	6	cluster_6	0.9040
8436	Spectrogram 1	1	2108.750000	2109.250000	0	0	6	cluster_6	0.8188
8437	Spectrogram 1	1	2109.000000	2109.500000	0	0	6	cluster_6	0.8122
8438	Spectrogram 1	1	2109.250000	2109.750000	0	0	5	cluster_5	0.5341
8439	Spectrogram 1	1	2109.500000	2110.000000	0	0	6	cluster_6	1.0000
8440	Spectrogram 1	1	2109.750000	2110.250000	0	0	noise	cluster_noise	0.0000
8441	Spectrogram 1	1	2110.000000	2110.500000	0	0	noise	cluster_noise	0.0000
8442	Spectrogram 1	1	2110.250000	2110.750000	0	0	6	cluster_6	1.0000
8443	Spectrogram 1	1	2110.500000	2111.000000	0	0	6	cluster_6	1.0000
8444	Spectrogram 1	1	2110.750000	2111.250000	0	0	6	cluster_6	0.9098
8445	Spectrogram 1	1	2111.000000	2111.500000	0	0	4	cluster_4	1.0000
8446	Spectrogram 1	1	2111.250000	2111.750000	0	0	4	cluster_4	1.0000
8447	Spectrogram 1	1	2111.500000	2112.000000	0	0	4	cluster_4	1.0000
8448	Spectrogram 1	1	2111.750000	2112.250000	0	0	4	cluster_4	1.0000
8449	Spectrogram 1	1	2112.000000	2112.500000	0	0	noise	cluster_noise	0.0000
8450	Spectrogram 1	1	2112.250000	2112.750000	0	0	noise	cluster_noise	0.0000
8451	Spectrogram 1	1	2112.500000	2113.000000	0	0	noise	cluster_noise	0.0000
8452	Spectrogram 1	1	2112.750000	2113.250000	0	0	6	cluster_6	1.0000
8453	Spectrogram 1	1	2113.000000	2113.500000	0	0	0	cluster_0	0.4476
8454	Spectrogram 1	1	2113.250000	2113.750000	0	0	0	cluster_0	0.5477
8455	Spectrogram 1	1	2113.500000	2114.000000	0	0	0	cluster_0	1.0000
8456	Spectrogram 1	1	2113.750000	2114.250000	0	0	0	cluster_0	0.9943
8457	Spectrogram 1	1	2114.000000	2114.500000	0	0	0	cluster_0	1.0000
8458	Spectrogram 1	1	2114.250000	2114.750000	0	0	12	cluster_12	0.9465
8459	Spectrogram 1	1	2114.500000	2115.000000	0	0	6	cluster_6	0.6422
8460	Spectrogram 1	1	2114.750000	2115.250000	0	0	6	cluster_6	0.6243
8461	Spectrogram 1	1	2115.000000	2115.500000	0	0	6	cluster_6	0.6687
8462	Spectrogram 1	1	2115.250000	2115.750000	0	0	6	cluster_6	1.0000
8463	Spectrogram 1	1	2115.500000	2116.000000	0	0	6	cluster_6	1.0000
8464	Spectrogram 1	1	2115.750000	2116.250000	0	0	6	cluster_6	0.9143
8465	Spectrogram 1	1	2116.000000	2116.500000	0	0	6	cluster_6	1.0000
8466	Spectrogram 1	1	2116.250000	2116.750000	0	0	5	cluster_5	0.8313
8467	Spectrogram 1	1	2116.500000	2117.000000	0	0	3	cluster_3	1.0000
8468	Spectrogram 1	1	2116.750000	2117.250000	0	0	3	cluster_3	1.0000
8469	Spectrogram 1	1	2117.000000	2117.500000	0	0	3	cluster_3	1.0000
8470	Spectrogram 1	1	2117.250000	2117.750000	0	0	3	cluster_3	1.0000
8471	Spectrogram 1	1	2117.500000	2118.000000	0	0	3	cluster_3	1.0000
8472	Spectrogram 1	1	2117.750000	2118.250000	0	0	3	cluster_3	1.0000
8473	Spectrogram 1	1	2118.000000	2118.500000	0	0	3	cluster_3	1.0000
8474	Spectrogram 1	1	2118.250000	2118.750000	0	0	3	cluster_3	1.0000
8475	Spectrogram 1	1	2118.500000	2119.000000	0	0	3	cluster_3	0.7570
8476	Spectrogram 1	1	2118.750000	2119.250000	0	0	3	cluster_3	0.5746
8477	Spectrogram 1	1	2119.000000	2119.500000	0	0	5	cluster_5	0.6205
8478	Spectrogram 1	1	2119.250000	2119.750000	0	0	noise	cluster_noise	0.0000
8479	Spectrogram 1	1	2119.500000	2120.000000	0	0	5	cluster_5	1.0000
8480	Spectrogram 1	1	2119.750000	2120.250000	0	0	5	cluster_5	0.5313
8481	Spectrogram 1	1	2120.000000	2120.500000	0	0	6	cluster_6	1.0000
8482	Spectrogram 1	1	2120.250000	2120.750000	0	0	noise	cluster_noise	0.0000
8483	Spectrogram 1	1	2120.500000	2121.000000	0	0	5	cluster_5	0.5579
8484	Spectrogram 1	1	2120.750000	2121.250000	0	0	6	cluster_6	0.9807
8485	Spectrogram 1	1	2121.000000	2121.500000	0	0	6	cluster_6	1.0000
8486	Spectrogram 1	1	2121.250000	2121.750000	0	0	6	cluster_6	0.9486
8487	Spectrogram 1	1	2121.500000	2122.000000	0	0	6	cluster_6	0.9914
8488	Spectrogram 1	1	2121.750000	2122.250000	0	0	6	cluster_6	1.0000
8489	Spectrogram 1	1	2122.000000	2122.500000	0	0	noise	cluster_noise	0.0000
8490	Spectrogram 1	1	2122.250000	2122.750000	0	0	noise	cluster_noise	0.0000
8491	Spectrogram 1	1	2122.500000	2123.000000	0	0	noise	cluster_noise	0.0000
8492	Spectrogram 1	1	2122.750000	2123.250000	0	0	noise	cluster_noise	0.0000
8493	Spectrogram 1	1	2123.000000	2123.500000	0	0	noise	cluster_noise	0.0000
8494	Spectrogram 1	1	2123.250000	2123.750000	0	0	6	cluster_6	0.6061
8495	Spectrogram 1	1	2123.500000	2124.000000	0	0	6	cluster_6	1.0000
8496	Spectrogram 1	1	2123.750000	2124.250000	0	0	6	cluster_6	1.0000
8497	Spectrogram 1	1	2124.000000	2124.500000	0	0	0	cluster_0	0.7462
8498	Spectrogram 1	1	2124.250000	2124.750000	0	0	0	cluster_0	1.0000
8499	Spectrogram 1	1	2124.500000	2125.000000	0	0	0	cluster_0	1.0000
8500	Spectrogram 1	1	2124.750000	2125.250000	0	0	0	cluster_0	0.9898
8501	Spectrogram 1	1	2125.000000	2125.500000	0	0	0	cluster_0	0.9188
8502	Spectrogram 1	1	2125.250000	2125.750000	0	0	0	cluster_0	0.4333
8503	Spectrogram 1	1	2125.500000	2126.000000	0	0	0	cluster_0	0.3598
8504	Spectrogram 1	1	2125.750000	2126.250000	0	0	noise	cluster_noise	0.0000
8505	Spectrogram 1	1	2126.000000	2126.500000	0	0	noise	cluster_noise	0.0000
8506	Spectrogram 1	1	2126.250000	2126.750000	0	0	8	cluster_8	0.9761
8507	Spectrogram 1	1	2126.500000	2127.000000	0	0	6	cluster_6	0.8471
8508	Spectrogram 1	1	2126.750000	2127.250000	0	0	noise	cluster_noise	0.0000
8509	Spectrogram 1	1	2127.000000	2127.500000	0	0	noise	cluster_noise	0.0000
8510	Spectrogram 1	1	2127.250000	2127.750000	0	0	5	cluster_5	0.6949
8511	Spectrogram 1	1	2127.500000	2128.000000	0	0	5	cluster_5	0.6727
8512	Spectrogram 1	1	2127.750000	2128.250000	0	0	3	cluster_3	1.0000
8513	Spectrogram 1	1	2128.000000	2128.500000	0	0	3	cluster_3	1.0000
8514	Spectrogram 1	1	2128.250000	2128.750000	0	0	3	cluster_3	1.0000
8515	Spectrogram 1	1	2128.500000	2129.000000	0	0	3	cluster_3	1.0000
8516	Spectrogram 1	1	2128.750000	2129.250000	0	0	3	cluster_3	1.0000
8517	Spectrogram 1	1	2129.000000	2129.500000	0	0	3	cluster_3	1.0000
8518	Spectrogram 1	1	2129.250000	2129.750000	0	0	3	cluster_3	1.0000
8519	Spectrogram 1	1	2129.500000	2130.000000	0	0	3	cluster_3	0.9800
8520	Spectrogram 1	1	2129.750000	2130.250000	0	0	3	cluster_3	0.7041
8521	Spectrogram 1	1	2130.000000	2130.500000	0	0	5	cluster_5	0.5278
8522	Spectrogram 1	1	2130.250000	2130.750000	0	0	5	cluster_5	0.7422
8523	Spectrogram 1	1	2130.500000	2131.000000	0	0	5	cluster_5	0.8327
8524	Spectrogram 1	1	2130.750000	2131.250000	0	0	5	cluster_5	0.7485
8525	Spectrogram 1	1	2131.000000	2131.500000	0	0	6	cluster_6	0.7005
8526	Spectrogram 1	1	2131.250000	2131.750000	0	0	6	cluster_6	0.8427
8527	Spectrogram 1	1	2131.500000	2132.000000	0	0	6	cluster_6	0.6071
8528	Spectrogram 1	1	2131.750000	2132.250000	0	0	6	cluster_6	0.8408
8529	Spectrogram 1	1	2132.000000	2132.500000	0	0	6	cluster_6	1.0000
8530	Spectrogram 1	1	2132.250000	2132.750000	0	0	6	cluster_6	1.0000
8531	Spectrogram 1	1	2132.500000	2133.000000	0	0	6	cluster_6	0.9703
8532	Spectrogram 1	1	2132.750000	2133.250000	0	0	12	cluster_12	0.8546
8533	Spectrogram 1	1	2133.000000	2133.500000	0	0	noise	cluster_noise	0.0000
8534	Spectrogram 1	1	2133.250000	2133.750000	0	0	noise	cluster_noise	0.0000
8535	Spectrogram 1	1	2133.500000	2134.000000	0	0	noise	cluster_noise	0.0000
8536	Spectrogram 1	1	2133.750000	2134.250000	0	0	noise	cluster_noise	0.0000
8537	Spectrogram 1	1	2134.000000	2134.500000	0	0	4	cluster_4	0.8564
8538	Spectrogram 1	1	2134.250000	2134.750000	0	0	4	cluster_4	1.0000
8539	Spectrogram 1	1	2134.500000	2135.000000	0	0	4	cluster_4	1.0000
8540	Spectrogram 1	1	2134.750000	2135.250000	0	0	4	cluster_4	0.9535
8541	Spectrogram 1	1	2135.000000	2135.500000	0	0	12	cluster_12	0.7371
8542	Spectrogram 1	1	2135.250000	2135.750000	0	0	6	cluster_6	1.0000
8543	Spectrogram 1	1	2135.500000	2136.000000	0	0	noise	cluster_noise	0.0000
8544	Spectrogram 1	1	2135.750000	2136.250000	0	0	6	cluster_6	0.7185
8545	Spectrogram 1	1	2136.000000	2136.500000	0	0	6	cluster_6	0.9838
8546	Spectrogram 1	1	2136.250000	2136.750000	0	0	6	cluster_6	0.7284
8547	Spectrogram 1	1	2136.500000	2137.000000	0	0	4	cluster_4	0.8086
8548	Spectrogram 1	1	2136.750000	2137.250000	0	0	4	cluster_4	1.0000
8549	Spectrogram 1	1	2137.000000	2137.500000	0	0	4	cluster_4	0.8918
8550	Spectrogram 1	1	2137.250000	2137.750000	0	0	4	cluster_4	0.8922
8551	Spectrogram 1	1	2137.500000	2138.000000	0	0	4	cluster_4	1.0000
8552	Spectrogram 1	1	2137.750000	2138.250000	0	0	4	cluster_4	1.0000
8553	Spectrogram 1	1	2138.000000	2138.500000	0	0	4	cluster_4	1.0000
8554	Spectrogram 1	1	2138.250000	2138.750000	0	0	4	cluster_4	0.9546
8555	Spectrogram 1	1	2138.500000	2139.000000	0	0	4	cluster_4	1.0000
8556	Spectrogram 1	1	2138.750000	2139.250000	0	0	4	cluster_4	1.0000
8557	Spectrogram 1	1	2139.000000	2139.500000	0	0	4	cluster_4	1.0000
8558	Spectrogram 1	1	2139.250000	2139.750000	0	0	4	cluster_4	1.0000
8559	Spectrogram 1	1	2139.500000	2140.000000	0	0	4	cluster_4	1.0000
8560	Spectrogram 1	1	2139.750000	2140.250000	0	0	4	cluster_4	1.0000
8561	Spectrogram 1	1	2140.000000	2140.500000	0	0	6	cluster_6	0.6472
8562	Spectrogram 1	1	2140.250000	2140.750000	0	0	noise	cluster_noise	0.0000
8563	Spectrogram 1	1	2140.500000	2141.000000	0	0	noise	cluster_noise	0.0000
8564	Spectrogram 1	1	2140.750000	2141.250000	0	0	6	cluster_6	1.0000
8565	Spectrogram 1	1	2141.000000	2141.500000	0	0	12	cluster_12	0.9321
8566	Spectrogram 1	1	2141.250000	2141.750000	0	0	12	cluster_12	0.8141
8567	Spectrogram 1	1	2141.500000	2142.000000	0	0	noise	cluster_noise	0.0000
8568	Spectrogram 1	1	2141.750000	2142.250000	0	0	noise	cluster_noise	0.0000
8569	Spectrogram 1	1	2142.000000	2142.500000	0	0	12	cluster_12	0.8569
8570	Spectrogram 1	1	2142.250000	2142.750000	0	0	12	cluster_12	0.8352
8571	Spectrogram 1	1	2142.500000	2143.000000	0	0	12	cluster_12	0.8145
8572	Spectrogram 1	1	2142.750000	2143.250000	0	0	6	cluster_6	1.0000
8573	Spectrogram 1	1	2143.000000	2143.500000	0	0	noise	cluster_noise	0.0000
8574	Spectrogram 1	1	2143.250000	2143.750000	0	0	12	cluster_12	0.8000
8575	Spectrogram 1	1	2143.500000	2144.000000	0	0	11	cluster_11	1.0000
8576	Spectrogram 1	1	2143.750000	2144.250000	0	0	11	cluster_11	1.0000
8577	Spectrogram 1	1	2144.000000	2144.500000	0	0	noise	cluster_noise	0.0000
8578	Spectrogram 1	1	2144.250000	2144.750000	0	0	12	cluster_12	0.8681
8579	Spectrogram 1	1	2144.500000	2145.000000	0	0	12	cluster_12	0.8378
8580	Spectrogram 1	1	2144.750000	2145.250000	0	0	6	cluster_6	1.0000
8581	Spectrogram 1	1	2145.000000	2145.500000	0	0	6	cluster_6	0.9926
8582	Spectrogram 1	1	2145.250000	2145.750000	0	0	12	cluster_12	0.9253
8583	Spectrogram 1	1	2145.500000	2146.000000	0	0	noise	cluster_noise	0.0000
8584	Spectrogram 1	1	2145.750000	2146.250000	0	0	noise	cluster_noise	0.0000
8585	Spectrogram 1	1	2146.000000	2146.500000	0	0	6	cluster_6	0.9668
8586	Spectrogram 1	1	2146.250000	2146.750000	0	0	12	cluster_12	0.7787
8587	Spectrogram 1	1	2146.500000	2147.000000	0	0	12	cluster_12	0.8782
8588	Spectrogram 1	1	2146.750000	2147.250000	0	0	12	cluster_12	0.8134
8589	Spectrogram 1	1	2147.000000	2147.500000	0	0	6	cluster_6	1.0000
8590	Spectrogram 1	1	2147.250000	2147.750000	0	0	6	cluster_6	1.0000
8591	Spectrogram 1	1	2147.500000	2148.000000	0	0	noise	cluster_noise	0.0000
8592	Spectrogram 1	1	2147.750000	2148.250000	0	0	4	cluster_4	0.6776
8593	Spectrogram 1	1	2148.000000	2148.500000	0	0	4	cluster_4	0.6531
8594	Spectrogram 1	1	2148.250000	2148.750000	0	0	4	cluster_4	1.0000
8595	Spectrogram 1	1	2148.500000	2149.000000	0	0	4	cluster_4	1.0000
8596	Spectrogram 1	1	2148.750000	2149.250000	0	0	4	cluster_4	1.0000
8597	Spectrogram 1	1	2149.000000	2149.500000	0	0	4	cluster_4	1.0000
8598	Spectrogram 1	1	2149.250000	2149.750000	0	0	4	cluster_4	1.0000
8599	Spectrogram 1	1	2149.500000	2150.000000	0	0	12	cluster_12	0.8272
8600	Spectrogram 1	1	2149.750000	2150.250000	0	0	6	cluster_6	0.9111
8601	Spectrogram 1	1	2150.000000	2150.500000	0	0	6	cluster_6	1.0000
8602	Spectrogram 1	1	2150.250000	2150.750000	0	0	6	cluster_6	1.0000
8603	Spectrogram 1	1	2150.500000	2151.000000	0	0	6	cluster_6	1.0000
8604	Spectrogram 1	1	2150.750000	2151.250000	0	0	6	cluster_6	1.0000
8605	Spectrogram 1	1	2151.000000	2151.500000	0	0	6	cluster_6	0.6387
8606	Spectrogram 1	1	2151.250000	2151.750000	0	0	4	cluster_4	1.0000
8607	Spectrogram 1	1	2151.500000	2152.000000	0	0	4	cluster_4	0.8732
8608	Spectrogram 1	1	2151.750000	2152.250000	0	0	4	cluster_4	0.9077
8609	Spectrogram 1	1	2152.000000	2152.500000	0	0	4	cluster_4	1.0000
8610	Spectrogram 1	1	2152.250000	2152.750000	0	0	4	cluster_4	1.0000
8611	Spectrogram 1	1	2152.500000	2153.000000	0	0	4	cluster_4	1.0000
8612	Spectrogram 1	1	2152.750000	2153.250000	0	0	4	cluster_4	1.0000
8613	Spectrogram 1	1	2153.000000	2153.500000	0	0	4	cluster_4	1.0000
8614	Spectrogram 1	1	2153.250000	2153.750000	0	0	4	cluster_4	1.0000
8615	Spectrogram 1	1	2153.500000	2154.000000	0	0	4	cluster_4	1.0000
8616	Spectrogram 1	1	2153.750000	2154.250000	0	0	noise	cluster_noise	0.0000
8617	Spectrogram 1	1	2154.000000	2154.500000	0	0	noise	cluster_noise	0.0000
8618	Spectrogram 1	1	2154.250000	2154.750000	0	0	6	cluster_6	0.6107
8619	Spectrogram 1	1	2154.500000	2155.000000	0	0	6	cluster_6	1.0000
8620	Spectrogram 1	1	2154.750000	2155.250000	0	0	6	cluster_6	1.0000
8621	Spectrogram 1	1	2155.000000	2155.500000	0	0	12	cluster_12	0.7648
8622	Spectrogram 1	1	2155.250000	2155.750000	0	0	11	cluster_11	1.0000
8623	Spectrogram 1	1	2155.500000	2156.000000	0	0	11	cluster_11	0.7324
8624	Spectrogram 1	1	2155.750000	2156.250000	0	0	6	cluster_6	0.9772
8625	Spectrogram 1	1	2156.000000	2156.500000	0	0	noise	cluster_noise	0.0000
8626	Spectrogram 1	1	2156.250000	2156.750000	0	0	noise	cluster_noise	0.0000
8627	Spectrogram 1	1	2156.500000	2157.000000	0	0	6	cluster_6	0.7801
8628	Spectrogram 1	1	2156.750000	2157.250000	0	0	6	cluster_6	1.0000
8629	Spectrogram 1	1	2157.000000	2157.500000	0	0	12	cluster_12	0.9091
8630	Spectrogram 1	1	2157.250000	2157.750000	0	0	11	cluster_11	1.0000
8631	Spectrogram 1	1	2157.500000	2158.000000	0	0	11	cluster_11	1.0000
8632	Spectrogram 1	1	2157.750000	2158.250000	0	0	6	cluster_6	1.0000
8633	Spectrogram 1	1	2158.000000	2158.500000	0	0	12	cluster_12	0.8396
8634	Spectrogram 1	1	2158.250000	2158.750000	0	0	noise	cluster_noise	0.0000
8635	Spectrogram 1	1	2158.500000	2159.000000	0	0	noise	cluster_noise	0.0000
8636	Spectrogram 1	1	2158.750000	2159.250000	0	0	6	cluster_6	1.0000
8637	Spectrogram 1	1	2159.000000	2159.500000	0	0	noise	cluster_noise	0.0000
8638	Spectrogram 1	1	2159.250000	2159.750000	0	0	11	cluster_11	1.0000
8639	Spectrogram 1	1	2159.500000	2160.000000	0	0	noise	cluster_noise	0.0000
8640	Spectrogram 1	1	2159.750000	2160.250000	0	0	6	cluster_6	0.9777
8641	Spectrogram 1	1	2160.000000	2160.500000	0	0	noise	cluster_noise	0.0000
8642	Spectrogram 1	1	2160.250000	2160.750000	0	0	noise	cluster_noise	0.0000
8643	Spectrogram 1	1	2160.500000	2161.000000	0	0	12	cluster_12	0.8974
8644	Spectrogram 1	1	2160.750000	2161.250000	0	0	11	cluster_11	1.0000
8645	Spectrogram 1	1	2161.000000	2161.500000	0	0	noise	cluster_noise	0.0000
8646	Spectrogram 1	1	2161.250000	2161.750000	0	0	12	cluster_12	0.8228
8647	Spectrogram 1	1	2161.500000	2162.000000	0	0	11	cluster_11	1.0000
8648	Spectrogram 1	1	2161.750000	2162.250000	0	0	11	cluster_11	1.0000
8649	Spectrogram 1	1	2162.000000	2162.500000	0	0	6	cluster_6	1.0000
8650	Spectrogram 1	1	2162.250000	2162.750000	0	0	noise	cluster_noise	0.0000
8651	Spectrogram 1	1	2162.500000	2163.000000	0	0	noise	cluster_noise	0.0000
8652	Spectrogram 1	1	2162.750000	2163.250000	0	0	11	cluster_11	0.9590
8653	Spectrogram 1	1	2163.000000	2163.500000	0	0	noise	cluster_noise	0.0000
8654	Spectrogram 1	1	2163.250000	2163.750000	0	0	12	cluster_12	0.9010
8655	Spectrogram 1	1	2163.500000	2164.000000	0	0	12	cluster_12	0.8990
8656	Spectrogram 1	1	2163.750000	2164.250000	0	0	12	cluster_12	0.9306
8657	Spectrogram 1	1	2164.000000	2164.500000	0	0	6	cluster_6	1.0000
8658	Spectrogram 1	1	2164.250000	2164.750000	0	0	6	cluster_6	1.0000
8659	Spectrogram 1	1	2164.500000	2165.000000	0	0	6	cluster_6	1.0000
8660	Spectrogram 1	1	2164.750000	2165.250000	0	0	6	cluster_6	1.0000
8661	Spectrogram 1	1	2165.000000	2165.500000	0	0	6	cluster_6	1.0000
8662	Spectrogram 1	1	2165.250000	2165.750000	0	0	4	cluster_4	1.0000
8663	Spectrogram 1	1	2165.500000	2166.000000	0	0	4	cluster_4	1.0000
8664	Spectrogram 1	1	2165.750000	2166.250000	0	0	4	cluster_4	1.0000
8665	Spectrogram 1	1	2166.000000	2166.500000	0	0	4	cluster_4	1.0000
8666	Spectrogram 1	1	2166.250000	2166.750000	0	0	4	cluster_4	1.0000
8667	Spectrogram 1	1	2166.500000	2167.000000	0	0	noise	cluster_noise	0.0000
8668	Spectrogram 1	1	2166.750000	2167.250000	0	0	6	cluster_6	0.7757
8669	Spectrogram 1	1	2167.000000	2167.500000	0	0	6	cluster_6	0.7855
8670	Spectrogram 1	1	2167.250000	2167.750000	0	0	6	cluster_6	0.7866
8671	Spectrogram 1	1	2167.500000	2168.000000	0	0	6	cluster_6	1.0000
8672	Spectrogram 1	1	2167.750000	2168.250000	0	0	6	cluster_6	1.0000
8673	Spectrogram 1	1	2168.000000	2168.500000	0	0	6	cluster_6	1.0000
8674	Spectrogram 1	1	2168.250000	2168.750000	0	0	6	cluster_6	1.0000
8675	Spectrogram 1	1	2168.500000	2169.000000	0	0	6	cluster_6	0.9956
8676	Spectrogram 1	1	2168.750000	2169.250000	0	0	noise	cluster_noise	0.0000
8677	Spectrogram 1	1	2169.000000	2169.500000	0	0	4	cluster_4	1.0000
8678	Spectrogram 1	1	2169.250000	2169.750000	0	0	4	cluster_4	1.0000
8679	Spectrogram 1	1	2169.500000	2170.000000	0	0	4	cluster_4	1.0000
8680	Spectrogram 1	1	2169.750000	2170.250000	0	0	4	cluster_4	1.0000
8681	Spectrogram 1	1	2170.000000	2170.500000	0	0	4	cluster_4	1.0000
8682	Spectrogram 1	1	2170.250000	2170.750000	0	0	4	cluster_4	1.0000
8683	Spectrogram 1	1	2170.500000	2171.000000	0	0	6	cluster_6	0.9166
8684	Spectrogram 1	1	2170.750000	2171.250000	0	0	6	cluster_6	0.8600
8685	Spectrogram 1	1	2171.000000	2171.500000	0	0	6	cluster_6	0.9865
8686	Spectrogram 1	1	2171.250000	2171.750000	0	0	6	cluster_6	1.0000
8687	Spectrogram 1	1	2171.500000	2172.000000	0	0	6	cluster_6	1.0000
8688	Spectrogram 1	1	2171.750000	2172.250000	0	0	12	cluster_12	0.9077
8689	Spectrogram 1	1	2172.000000	2172.500000	0	0	11	cluster_11	0.9663
8690	Spectrogram 1	1	2172.250000	2172.750000	0	0	11	cluster_11	0.9954
8691	Spectrogram 1	1	2172.500000	2173.000000	0	0	6	cluster_6	1.0000
8692	Spectrogram 1	1	2172.750000	2173.250000	0	0	12	cluster_12	0.9458
8693	Spectrogram 1	1	2173.000000	2173.500000	0	0	12	cluster_12	0.9240
8694	Spectrogram 1	1	2173.250000	2173.750000	0	0	noise	cluster_noise	0.0000
8695	Spectrogram 1	1	2173.500000	2174.000000	0	0	12	cluster_12	0.8030
8696	Spectrogram 1	1	2173.750000	2174.250000	0	0	11	cluster_11	1.0000
8697	Spectrogram 1	1	2174.000000	2174.500000	0	0	11	cluster_11	1.0000
8698	Spectrogram 1	1	2174.250000	2174.750000	0	0	noise	cluster_noise	0.0000
8699	Spectrogram 1	1	2174.500000	2175.000000	0	0	11	cluster_11	1.0000
8700	Spectrogram 1	1	2174.750000	2175.250000	0	0	11	cluster_11	1.0000
8701	Spectrogram 1	1	2175.000000	2175.500000	0	0	noise	cluster_noise	0.0000
8702	Spectrogram 1	1	2175.250000	2175.750000	0	0	12	cluster_12	0.8076
8703	Spectrogram 1	1	2175.500000	2176.000000	0	0	11	cluster_11	1.0000
8704	Spectrogram 1	1	2175.750000	2176.250000	0	0	11	cluster_11	1.0000
8705	Spectrogram 1	1	2176.000000	2176.500000	0	0	6	cluster_6	1.0000
8706	Spectrogram 1	1	2176.250000	2176.750000	0	0	noise	cluster_noise	0.0000
8707	Spectrogram 1	1	2176.500000	2177.000000	0	0	noise	cluster_noise	0.0000
8708	Spectrogram 1	1	2176.750000	2177.250000	0	0	noise	cluster_noise	0.0000
8709	Spectrogram 1	1	2177.000000	2177.500000	0	0	11	cluster_11	1.0000
8710	Spectrogram 1	1	2177.250000	2177.750000	0	0	noise	cluster_noise	0.0000
8711	Spectrogram 1	1	2177.500000	2178.000000	0	0	6	cluster_6	1.0000
8712	Spectrogram 1	1	2177.750000	2178.250000	0	0	12	cluster_12	0.8352
8713	Spectrogram 1	1	2178.000000	2178.500000	0	0	11	cluster_11	1.0000
8714	Spectrogram 1	1	2178.250000	2178.750000	0	0	11	cluster_11	1.0000
8715	Spectrogram 1	1	2178.500000	2179.000000	0	0	6	cluster_6	1.0000
8716	Spectrogram 1	1	2178.750000	2179.250000	0	0	12	cluster_12	0.9246
8717	Spectrogram 1	1	2179.000000	2179.500000	0	0	noise	cluster_noise	0.0000
8718	Spectrogram 1	1	2179.250000	2179.750000	0	0	noise	cluster_noise	0.0000
8719	Spectrogram 1	1	2179.500000	2180.000000	0	0	11	cluster_11	1.0000
8720	Spectrogram 1	1	2179.750000	2180.250000	0	0	noise	cluster_noise	0.0000
8721	Spectrogram 1	1	2180.000000	2180.500000	0	0	12	cluster_12	0.9108
8722	Spectrogram 1	1	2180.250000	2180.750000	0	0	11	cluster_11	1.0000
8723	Spectrogram 1	1	2180.500000	2181.000000	0	0	noise	cluster_noise	0.0000
8724	Spectrogram 1	1	2180.750000	2181.250000	0	0	noise	cluster_noise	0.0000
8725	Spectrogram 1	1	2181.000000	2181.500000	0	0	12	cluster_12	0.8710
8726	Spectrogram 1	1	2181.250000	2181.750000	0	0	11	cluster_11	1.0000
8727	Spectrogram 1	1	2181.500000	2182.000000	0	0	11	cluster_11	1.0000
8728	Spectrogram 1	1	2181.750000	2182.250000	0	0	12	cluster_12	0.9246
8729	Spectrogram 1	1	2182.000000	2182.500000	0	0	11	cluster_11	1.0000
8730	Spectrogram 1	1	2182.250000	2182.750000	0	0	11	cluster_11	0.8728
8731	Spectrogram 1	1	2182.500000	2183.000000	0	0	12	cluster_12	0.8050
8732	Spectrogram 1	1	2182.750000	2183.250000	0	0	11	cluster_11	0.8624
8733	Spectrogram 1	1	2183.000000	2183.500000	0	0	noise	cluster_noise	0.0000
8734	Spectrogram 1	1	2183.250000	2183.750000	0	0	6	cluster_6	1.0000
8735	Spectrogram 1	1	2183.500000	2184.000000	0	0	6	cluster_6	1.0000
8736	Spectrogram 1	1	2183.750000	2184.250000	0	0	6	cluster_6	0.6149
8737	Spectrogram 1	1	2184.000000	2184.500000	0	0	6	cluster_6	1.0000
8738	Spectrogram 1	1	2184.250000	2184.750000	0	0	noise	cluster_noise	0.0000
8739	Spectrogram 1	1	2184.500000	2185.000000	0	0	4	cluster_4	1.0000
8740	Spectrogram 1	1	2184.750000	2185.250000	0	0	4	cluster_4	1.0000
8741	Spectrogram 1	1	2185.000000	2185.500000	0	0	4	cluster_4	1.0000
8742	Spectrogram 1	1	2185.250000	2185.750000	0	0	4	cluster_4	1.0000
8743	Spectrogram 1	1	2185.500000	2186.000000	0	0	noise	cluster_noise	0.0000
8744	Spectrogram 1	1	2185.750000	2186.250000	0	0	6	cluster_6	1.0000
8745	Spectrogram 1	1	2186.000000	2186.500000	0	0	noise	cluster_noise	0.0000
8746	Spectrogram 1	1	2186.250000	2186.750000	0	0	6	cluster_6	0.7883
8747	Spectrogram 1	1	2186.500000	2187.000000	0	0	6	cluster_6	1.0000
8748	Spectrogram 1	1	2186.750000	2187.250000	0	0	6	cluster_6	1.0000
8749	Spectrogram 1	1	2187.000000	2187.500000	0	0	noise	cluster_noise	0.0000
8750	Spectrogram 1	1	2187.250000	2187.750000	0	0	6	cluster_6	1.0000
8751	Spectrogram 1	1	2187.500000	2188.000000	0	0	6	cluster_6	1.0000
8752	Spectrogram 1	1	2187.750000	2188.250000	0	0	6	cluster_6	1.0000
8753	Spectrogram 1	1	2188.000000	2188.500000	0	0	4	cluster_4	1.0000
8754	Spectrogram 1	1	2188.250000	2188.750000	0	0	4	cluster_4	1.0000
8755	Spectrogram 1	1	2188.500000	2189.000000	0	0	4	cluster_4	1.0000
8756	Spectrogram 1	1	2188.750000	2189.250000	0	0	4	cluster_4	1.0000
8757	Spectrogram 1	1	2189.000000	2189.500000	0	0	4	cluster_4	1.0000
8758	Spectrogram 1	1	2189.250000	2189.750000	0	0	4	cluster_4	1.0000
8759	Spectrogram 1	1	2189.500000	2190.000000	0	0	6	cluster_6	1.0000
8760	Spectrogram 1	1	2189.750000	2190.250000	0	0	6	cluster_6	0.9883
8761	Spectrogram 1	1	2190.000000	2190.500000	0	0	6	cluster_6	0.9359
8762	Spectrogram 1	1	2190.250000	2190.750000	0	0	6	cluster_6	0.9468
8763	Spectrogram 1	1	2190.500000	2191.000000	0	0	6	cluster_6	0.9666
8764	Spectrogram 1	1	2190.750000	2191.250000	0	0	11	cluster_11	1.0000
8765	Spectrogram 1	1	2191.000000	2191.500000	0	0	11	cluster_11	0.9514
8766	Spectrogram 1	1	2191.250000	2191.750000	0	0	6	cluster_6	0.9363
8767	Spectrogram 1	1	2191.500000	2192.000000	0	0	12	cluster_12	0.9056
8768	Spectrogram 1	1	2191.750000	2192.250000	0	0	12	cluster_12	0.9061
8769	Spectrogram 1	1	2192.000000	2192.500000	0	0	12	cluster_12	0.7333
8770	Spectrogram 1	1	2192.250000	2192.750000	0	0	6	cluster_6	0.6393
8771	Spectrogram 1	1	2192.500000	2193.000000	0	0	6	cluster_6	1.0000
8772	Spectrogram 1	1	2192.750000	2193.250000	0	0	11	cluster_11	1.0000
8773	Spectrogram 1	1	2193.000000	2193.500000	0	0	14	cluster_14	0.5614
8774	Spectrogram 1	1	2193.250000	2193.750000	0	0	14	cluster_14	0.7028
8775	Spectrogram 1	1	2193.500000	2194.000000	0	0	6	cluster_6	1.0000
8776	Spectrogram 1	1	2193.750000	2194.250000	0	0	12	cluster_12	0.8457
8777	Spectrogram 1	1	2194.000000	2194.500000	0	0	noise	cluster_noise	0.0000
8778	Spectrogram 1	1	2194.250000	2194.750000	0	0	14	cluster_14	0.6171
8779	Spectrogram 1	1	2194.500000	2195.000000	0	0	noise	cluster_noise	0.0000
8780	Spectrogram 1	1	2194.750000	2195.250000	0	0	12	cluster_12	0.9321
8781	Spectrogram 1	1	2195.000000	2195.500000	0	0	14	cluster_14	0.8491
8782	Spectrogram 1	1	2195.250000	2195.750000	0	0	14	cluster_14	0.7700
8783	Spectrogram 1	1	2195.500000	2196.000000	0	0	noise	cluster_noise	0.0000
8784	Spectrogram 1	1	2195.750000	2196.250000	0	0	12	cluster_12	0.9054
8785	Spectrogram 1	1	2196.000000	2196.500000	0	0	14	cluster_14	0.7845
8786	Spectrogram 1	1	2196.250000	2196.750000	0	0	14	cluster_14	0.7776
8787	Spectrogram 1	1	2196.500000	2197.000000	0	0	12	cluster_12	0.9458
8788	Spectrogram 1	1	2196.750000	2197.250000	0	0	14	cluster_14	0.8790
8789	Spectrogram 1	1	2197.000000	2197.500000	0	0	14	cluster_14	0.8921
8790	Spectrogram 1	1	2197.250000	2197.750000	0	0	6	cluster_6	0.6064
8791	Spectrogram 1	1	2197.500000	2198.000000	0	0	12	cluster_12	0.9292
8792	Spectrogram 1	1	2197.750000	2198.250000	0	0	14	cluster_14	0.9978
8793	Spectrogram 1	1	2198.000000	2198.500000	0	0	14	cluster_14	0.6537
8794	Spectrogram 1	1	2198.250000	2198.750000	0	0	12	cluster_12	0.9439
8795	Spectrogram 1	1	2198.500000	2199.000000	0	0	14	cluster_14	1.0000
8796	Spectrogram 1	1	2198.750000	2199.250000	0	0	14	cluster_14	1.0000
8797	Spectrogram 1	1	2199.000000	2199.500000	0	0	noise	cluster_noise	0.0000
8798	Spectrogram 1	1	2199.250000	2199.750000	0	0	12	cluster_12	0.9458
8799	Spectrogram 1	1	2199.500000	2200.000000	0	0	14	cluster_14	0.9908
8800	Spectrogram 1	1	2199.750000	2200.250000	0	0	14	cluster_14	0.8766
8801	Spectrogram 1	1	2200.000000	2200.500000	0	0	12	cluster_12	0.9458
8802	Spectrogram 1	1	2200.250000	2200.750000	0	0	14	cluster_14	1.0000
8803	Spectrogram 1	1	2200.500000	2201.000000	0	0	14	cluster_14	1.0000
8804	Spectrogram 1	1	2200.750000	2201.250000	0	0	14	cluster_14	1.0000
8805	Spectrogram 1	1	2201.000000	2201.500000	0	0	14	cluster_14	0.8382
8806	Spectrogram 1	1	2201.250000	2201.750000	0	0	14	cluster_14	0.6629
8807	Spectrogram 1	1	2201.500000	2202.000000	0	0	6	cluster_6	0.6068
8808	Spectrogram 1	1	2201.750000	2202.250000	0	0	noise	cluster_noise	0.0000
8809	Spectrogram 1	1	2202.000000	2202.500000	0	0	noise	cluster_noise	0.0000
8810	Spectrogram 1	1	2202.250000	2202.750000	0	0	6	cluster_6	1.0000
8811	Spectrogram 1	1	2202.500000	2203.000000	0	0	6	cluster_6	1.0000
8812	Spectrogram 1	1	2202.750000	2203.250000	0	0	6	cluster_6	1.0000
8813	Spectrogram 1	1	2203.000000	2203.500000	0	0	noise	cluster_noise	0.0000
8814	Spectrogram 1	1	2203.250000	2203.750000	0	0	4	cluster_4	1.0000
8815	Spectrogram 1	1	2203.500000	2204.000000	0	0	4	cluster_4	1.0000
8816	Spectrogram 1	1	2203.750000	2204.250000	0	0	4	cluster_4	1.0000
8817	Spectrogram 1	1	2204.000000	2204.500000	0	0	4	cluster_4	1.0000
8818	Spectrogram 1	1	2204.250000	2204.750000	0	0	5	cluster_5	0.5196
8819	Spectrogram 1	1	2204.500000	2205.000000	0	0	6	cluster_6	0.8946
8820	Spectrogram 1	1	2204.750000	2205.250000	0	0	6	cluster_6	0.9219
8821	Spectrogram 1	1	2205.000000	2205.500000	0	0	noise	cluster_noise	0.0000
8822	Spectrogram 1	1	2205.250000	2205.750000	0	0	6	cluster_6	0.9647
8823	Spectrogram 1	1	2205.500000	2206.000000	0	0	6	cluster_6	0.9839
8824	Spectrogram 1	1	2205.750000	2206.250000	0	0	6	cluster_6	0.9781
8825	Spectrogram 1	1	2206.000000	2206.500000	0	0	6	cluster_6	1.0000
8826	Spectrogram 1	1	2206.250000	2206.750000	0	0	6	cluster_6	1.0000
8827	Spectrogram 1	1	2206.500000	2207.000000	0	0	4	cluster_4	0.6374
8828	Spectrogram 1	1	2206.750000	2207.250000	0	0	4	cluster_4	1.0000
8829	Spectrogram 1	1	2207.000000	2207.500000	0	0	4	cluster_4	1.0000
8830	Spectrogram 1	1	2207.250000	2207.750000	0	0	4	cluster_4	1.0000
8831	Spectrogram 1	1	2207.500000	2208.000000	0	0	4	cluster_4	0.8292
8832	Spectrogram 1	1	2207.750000	2208.250000	0	0	4	cluster_4	0.8340
8833	Spectrogram 1	1	2208.000000	2208.500000	0	0	6	cluster_6	0.8230
8834	Spectrogram 1	1	2208.250000	2208.750000	0	0	6	cluster_6	1.0000
8835	Spectrogram 1	1	2208.500000	2209.000000	0	0	noise	cluster_noise	0.0000
8836	Spectrogram 1	1	2208.750000	2209.250000	0	0	6	cluster_6	1.0000
8837	Spectrogram 1	1	2209.000000	2209.500000	0	0	6	cluster_6	1.0000
8838	Spectrogram 1	1	2209.250000	2209.750000	0	0	12	cluster_12	0.7489
8839	Spectrogram 1	1	2209.500000	2210.000000	0	0	14	cluster_14	0.5814
8840	Spectrogram 1	1	2209.750000	2210.250000	0	0	14	cluster_14	0.6609
8841	Spectrogram 1	1	2210.000000	2210.500000	0	0	6	cluster_6	0.8828
8842	Spectrogram 1	1	2210.250000	2210.750000	0	0	noise	cluster_noise	0.0000
8843	Spectrogram 1	1	2210.500000	2211.000000	0	0	noise	cluster_noise	0.0000
8844	Spectrogram 1	1	2210.750000	2211.250000	0	0	noise	cluster_noise	0.0000
8845	Spectrogram 1	1	2211.000000	2211.500000	0	0	6	cluster_6	1.0000
8846	Spectrogram 1	1	2211.250000	2211.750000	0	0	11	cluster_11	0.7189
8847	Spectrogram 1	1	2211.500000	2212.000000	0	0	14	cluster_14	0.6497
8848	Spectrogram 1	1	2211.750000	2212.250000	0	0	14	cluster_14	0.7224
8849	Spectrogram 1	1	2212.000000	2212.500000	0	0	6	cluster_6	0.7571
8850	Spectrogram 1	1	2212.250000	2212.750000	0	0	noise	cluster_noise	0.0000
8851	Spectrogram 1	1	2212.500000	2213.000000	0	0	noise	cluster_noise	0.0000
8852	Spectrogram 1	1	2212.750000	2213.250000	0	0	noise	cluster_noise	0.0000
8853	Spectrogram 1	1	2213.000000	2213.500000	0	0	11	cluster_11	1.0000
8854	Spectrogram 1	1	2213.250000	2213.750000	0	0	14	cluster_14	0.5625
8855	Spectrogram 1	1	2213.500000	2214.000000	0	0	noise	cluster_noise	0.0000
8856	Spectrogram 1	1	2213.750000	2214.250000	0	0	noise	cluster_noise	0.0000
8857	Spectrogram 1	1	2214.000000	2214.500000	0	0	14	cluster_14	1.0000
8858	Spectrogram 1	1	2214.250000	2214.750000	0	0	noise	cluster_noise	0.0000
8859	Spectrogram 1	1	2214.500000	2215.000000	0	0	6	cluster_6	1.0000
8860	Spectrogram 1	1	2214.750000	2215.250000	0	0	noise	cluster_noise	0.0000
8861	Spectrogram 1	1	2215.000000	2215.500000	0	0	noise	cluster_noise	0.0000
8862	Spectrogram 1	1	2215.250000	2215.750000	0	0	noise	cluster_noise	0.0000
8863	Spectrogram 1	1	2215.500000	2216.000000	0	0	noise	cluster_noise	0.0000
8864	Spectrogram 1	1	2215.750000	2216.250000	0	0	14	cluster_14	1.0000
8865	Spectrogram 1	1	2216.000000	2216.500000	0	0	14	cluster_14	1.0000
8866	Spectrogram 1	1	2216.250000	2216.750000	0	0	14	cluster_14	0.9037
8867	Spectrogram 1	1	2216.500000	2217.000000	0	0	14	cluster_14	1.0000
8868	Spectrogram 1	1	2216.750000	2217.250000	0	0	14	cluster_14	1.0000
8869	Spectrogram 1	1	2217.000000	2217.500000	0	0	14	cluster_14	0.9879
8870	Spectrogram 1	1	2217.250000	2217.750000	0	0	14	cluster_14	0.9465
8871	Spectrogram 1	1	2217.500000	2218.000000	0	0	noise	cluster_noise	0.0000
8872	Spectrogram 1	1	2217.750000	2218.250000	0	0	14	cluster_14	1.0000
8873	Spectrogram 1	1	2218.000000	2218.500000	0	0	14	cluster_14	1.0000
8874	Spectrogram 1	1	2218.250000	2218.750000	0	0	14	cluster_14	1.0000
8875	Spectrogram 1	1	2218.500000	2219.000000	0	0	14	cluster_14	1.0000
8876	Spectrogram 1	1	2218.750000	2219.250000	0	0	14	cluster_14	1.0000
8877	Spectrogram 1	1	2219.000000	2219.500000	0	0	noise	cluster_noise	0.0000
8878	Spectrogram 1	1	2219.250000	2219.750000	0	0	noise	cluster_noise	0.0000
8879	Spectrogram 1	1	2219.500000	2220.000000	0	0	noise	cluster_noise	0.0000
8880	Spectrogram 1	1	2219.750000	2220.250000	0	0	6	cluster_6	0.6280
8881	Spectrogram 1	1	2220.000000	2220.500000	0	0	12	cluster_12	0.8634
8882	Spectrogram 1	1	2220.250000	2220.750000	0	0	noise	cluster_noise	0.0000
8883	Spectrogram 1	1	2220.500000	2221.000000	0	0	noise	cluster_noise	0.0000
8884	Spectrogram 1	1	2220.750000	2221.250000	0	0	6	cluster_6	1.0000
8885	Spectrogram 1	1	2221.000000	2221.500000	0	0	noise	cluster_noise	0.0000
8886	Spectrogram 1	1	2221.250000	2221.750000	0	0	noise	cluster_noise	0.0000
8887	Spectrogram 1	1	2221.500000	2222.000000	0	0	15	cluster_15	0.9342
8888	Spectrogram 1	1	2221.750000	2222.250000	0	0	2	cluster_2	0.4877
8889	Spectrogram 1	1	2222.000000	2222.500000	0	0	6	cluster_6	1.0000
8890	Spectrogram 1	1	2222.250000	2222.750000	0	0	6	cluster_6	1.0000
8891	Spectrogram 1	1	2222.500000	2223.000000	0	0	6	cluster_6	1.0000
8892	Spectrogram 1	1	2222.750000	2223.250000	0	0	11	cluster_11	0.7357
8893	Spectrogram 1	1	2223.000000	2223.500000	0	0	noise	cluster_noise	0.0000
8894	Spectrogram 1	1	2223.250000	2223.750000	0	0	14	cluster_14	0.6189
8895	Spectrogram 1	1	2223.500000	2224.000000	0	0	15	cluster_15	0.9676
8896	Spectrogram 1	1	2223.750000	2224.250000	0	0	noise	cluster_noise	0.0000
8897	Spectrogram 1	1	2224.000000	2224.500000	0	0	noise	cluster_noise	0.0000
8898	Spectrogram 1	1	2224.250000	2224.750000	0	0	noise	cluster_noise	0.0000
8899	Spectrogram 1	1	2224.500000	2225.000000	0	0	6	cluster_6	1.0000
8900	Spectrogram 1	1	2224.750000	2225.250000	0	0	6	cluster_6	1.0000
8901	Spectrogram 1	1	2225.000000	2225.500000	0	0	6	cluster_6	1.0000
8902	Spectrogram 1	1	2225.250000	2225.750000	0	0	6	cluster_6	1.0000
8903	Spectrogram 1	1	2225.500000	2226.000000	0	0	noise	cluster_noise	0.0000
8904	Spectrogram 1	1	2225.750000	2226.250000	0	0	noise	cluster_noise	0.0000
8905	Spectrogram 1	1	2226.000000	2226.500000	0	0	15	cluster_15	1.0000
8906	Spectrogram 1	1	2226.250000	2226.750000	0	0	6	cluster_6	0.9271
8907	Spectrogram 1	1	2226.500000	2227.000000	0	0	noise	cluster_noise	0.0000
8908	Spectrogram 1	1	2226.750000	2227.250000	0	0	noise	cluster_noise	0.0000
8909	Spectrogram 1	1	2227.000000	2227.500000	0	0	6	cluster_6	0.9027
8910	Spectrogram 1	1	2227.250000	2227.750000	0	0	6	cluster_6	0.9869
8911	Spectrogram 1	1	2227.500000	2228.000000	0	0	1	cluster_1	0.6125
8912	Spectrogram 1	1	2227.750000	2228.250000	0	0	1	cluster_1	0.5861
8913	Spectrogram 1	1	2228.000000	2228.500000	0	0	1	cluster_1	0.5461
8914	Spectrogram 1	1	2228.250000	2228.750000	0	0	1	cluster_1	0.6214
8915	Spectrogram 1	1	2228.500000	2229.000000	0	0	6	cluster_6	0.7373
8916	Spectrogram 1	1	2228.750000	2229.250000	0	0	6	cluster_6	0.8556
8917	Spectrogram 1	1	2229.000000	2229.500000	0	0	6	cluster_6	1.0000
8918	Spectrogram 1	1	2229.250000	2229.750000	0	0	6	cluster_6	1.0000
8919	Spectrogram 1	1	2229.500000	2230.000000	0	0	6	cluster_6	1.0000
8920	Spectrogram 1	1	2229.750000	2230.250000	0	0	1	cluster_1	0.7673
8921	Spectrogram 1	1	2230.000000	2230.500000	0	0	4	cluster_4	0.9794
8922	Spectrogram 1	1	2230.250000	2230.750000	0	0	4	cluster_4	1.0000
8923	Spectrogram 1	1	2230.500000	2231.000000	0	0	4	cluster_4	1.0000
8924	Spectrogram 1	1	2230.750000	2231.250000	0	0	4	cluster_4	0.9753
8925	Spectrogram 1	1	2231.000000	2231.500000	0	0	4	cluster_4	1.0000
8926	Spectrogram 1	1	2231.250000	2231.750000	0	0	4	cluster_4	1.0000
8927	Spectrogram 1	1	2231.500000	2232.000000	0	0	1	cluster_1	0.8142
8928	Spectrogram 1	1	2231.750000	2232.250000	0	0	6	cluster_6	0.7292
8929	Spectrogram 1	1	2232.000000	2232.500000	0	0	6	cluster_6	0.7636
8930	Spectrogram 1	1	2232.250000	2232.750000	0	0	1	cluster_1	0.5901
8931	Spectrogram 1	1	2232.500000	2233.000000	0	0	1	cluster_1	0.8304
8932	Spectrogram 1	1	2232.750000	2233.250000	0	0	1	cluster_1	0.8209
8933	Spectrogram 1	1	2233.000000	2233.500000	0	0	1	cluster_1	0.7622
8934	Spectrogram 1	1	2233.250000	2233.750000	0	0	1	cluster_1	0.8587
8935	Spectrogram 1	1	2233.500000	2234.000000	0	0	1	cluster_1	0.8465
8936	Spectrogram 1	1	2233.750000	2234.250000	0	0	1	cluster_1	0.7982
8937	Spectrogram 1	1	2234.000000	2234.500000	0	0	1	cluster_1	0.8911
8938	Spectrogram 1	1	2234.250000	2234.750000	0	0	1	cluster_1	0.9685
8939	Spectrogram 1	1	2234.500000	2235.000000	0	0	1	cluster_1	1.0000
8940	Spectrogram 1	1	2234.750000	2235.250000	0	0	1	cluster_1	1.0000
8941	Spectrogram 1	1	2235.000000	2235.500000	0	0	1	cluster_1	1.0000
8942	Spectrogram 1	1	2235.250000	2235.750000	0	0	1	cluster_1	1.0000
8943	Spectrogram 1	1	2235.500000	2236.000000	0	0	1	cluster_1	0.9445
8944	Spectrogram 1	1	2235.750000	2236.250000	0	0	1	cluster_1	1.0000
8945	Spectrogram 1	1	2236.000000	2236.500000	0	0	1	cluster_1	1.0000
8946	Spectrogram 1	1	2236.250000	2236.750000	0	0	1	cluster_1	1.0000
8947	Spectrogram 1	1	2236.500000	2237.000000	0	0	1	cluster_1	1.0000
8948	Spectrogram 1	1	2236.750000	2237.250000	0	0	1	cluster_1	0.6698
8949	Spectrogram 1	1	2237.000000	2237.500000	0	0	6	cluster_6	1.0000
8950	Spectrogram 1	1	2237.250000	2237.750000	0	0	6	cluster_6	1.0000
8951	Spectrogram 1	1	2237.500000	2238.000000	0	0	6	cluster_6	1.0000
8952	Spectrogram 1	1	2237.750000	2238.250000	0	0	6	cluster_6	1.0000
8953	Spectrogram 1	1	2238.000000	2238.500000	0	0	noise	cluster_noise	0.0000
8954	Spectrogram 1	1	2238.250000	2238.750000	0	0	15	cluster_15	1.0000
8955	Spectrogram 1	1	2238.500000	2239.000000	0	0	15	cluster_15	0.9166
8956	Spectrogram 1	1	2238.750000	2239.250000	0	0	13	cluster_13	1.0000
8957	Spectrogram 1	1	2239.000000	2239.500000	0	0	13	cluster_13	1.0000
8958	Spectrogram 1	1	2239.250000	2239.750000	0	0	15	cluster_15	1.0000
8959	Spectrogram 1	1	2239.500000	2240.000000	0	0	noise	cluster_noise	0.0000
8960	Spectrogram 1	1	2239.750000	2240.250000	0	0	13	cluster_13	0.9329
8961	Spectrogram 1	1	2240.000000	2240.500000	0	0	6	cluster_6	1.0000
8962	Spectrogram 1	1	2240.250000	2240.750000	0	0	6	cluster_6	1.0000
8963	Spectrogram 1	1	2240.500000	2241.000000	0	0	6	cluster_6	1.0000
8964	Spectrogram 1	1	2240.750000	2241.250000	0	0	6	cluster_6	1.0000
8965	Spectrogram 1	1	2241.000000	2241.500000	0	0	15	cluster_15	1.0000
8966	Spectrogram 1	1	2241.250000	2241.750000	0	0	15	cluster_15	0.9611
8967	Spectrogram 1	1	2241.500000	2242.000000	0	0	13	cluster_13	1.0000
8968	Spectrogram 1	1	2241.750000	2242.250000	0	0	13	cluster_13	1.0000
8969	Spectrogram 1	1	2242.000000	2242.500000	0	0	15	cluster_15	0.9424
8970	Spectrogram 1	1	2242.250000	2242.750000	0	0	noise	cluster_noise	0.0000
8971	Spectrogram 1	1	2242.500000	2243.000000	0	0	13	cluster_13	0.8375
8972	Spectrogram 1	1	2242.750000	2243.250000	0	0	13	cluster_13	0.9093
8973	Spectrogram 1	1	2243.000000	2243.500000	0	0	6	cluster_6	1.0000
8974	Spectrogram 1	1	2243.250000	2243.750000	0	0	6	cluster_6	1.0000
8975	Spectrogram 1	1	2243.500000	2244.000000	0	0	6	cluster_6	1.0000
8976	Spectrogram 1	1	2243.750000	2244.250000	0	0	6	cluster_6	1.0000
8977	Spectrogram 1	1	2244.000000	2244.500000	0	0	15	cluster_15	1.0000
8978	Spectrogram 1	1	2244.250000	2244.750000	0	0	15	cluster_15	0.9539
8979	Spectrogram 1	1	2244.500000	2245.000000	0	0	13	cluster_13	1.0000
8980	Spectrogram 1	1	2244.750000	2245.250000	0	0	13	cluster_13	1.0000
8981	Spectrogram 1	1	2245.000000	2245.500000	0	0	noise	cluster_noise	0.0000
8982	Spectrogram 1	1	2245.250000	2245.750000	0	0	noise	cluster_noise	0.0000
8983	Spectrogram 1	1	2245.500000	2246.000000	0	0	13	cluster_13	0.9867
8984	Spectrogram 1	1	2245.750000	2246.250000	0	0	13	cluster_13	0.9950
8985	Spectrogram 1	1	2246.000000	2246.500000	0	0	6	cluster_6	1.0000
8986	Spectrogram 1	1	2246.250000	2246.750000	0	0	6	cluster_6	1.0000
8987	Spectrogram 1	1	2246.500000	2247.000000	0	0	6	cluster_6	1.0000
8988	Spectrogram 1	1	2246.750000	2247.250000	0	0	noise	cluster_noise	0.0000
8989	Spectrogram 1	1	2247.000000	2247.500000	0	0	15	cluster_15	0.9846
8990	Spectrogram 1	1	2247.250000	2247.750000	0	0	13	cluster_13	0.7931
8991	Spectrogram 1	1	2247.500000	2248.000000	0	0	13	cluster_13	1.0000
8992	Spectrogram 1	1	2247.750000	2248.250000	0	0	noise	cluster_noise	0.0000
8993	Spectrogram 1	1	2248.000000	2248.500000	0	0	15	cluster_15	0.9154
8994	Spectrogram 1	1	2248.250000	2248.750000	0	0	13	cluster_13	0.9992
8995	Spectrogram 1	1	2248.500000	2249.000000	0	0	13	cluster_13	0.9544
8996	Spectrogram 1	1	2248.750000	2249.250000	0	0	1	cluster_1	0.8842
8997	Spectrogram 1	1	2249.000000	2249.500000	0	0	1	cluster_1	1.0000
8998	Spectrogram 1	1	2249.250000	2249.750000	0	0	1	cluster_1	1.0000
8999	Spectrogram 1	1	2249.500000	2250.000000	0	0	1	cluster_1	1.0000
9000	Spectrogram 1	1	2249.750000	2250.250000	0	0	1	cluster_1	1.0000
9001	Spectrogram 1	1	2250.000000	2250.500000	0	0	1	cluster_1	0.7917
9002	Spectrogram 1	1	2250.250000	2250.750000	0	0	6	cluster_6	1.0000
9003	Spectrogram 1	1	2250.500000	2251.000000	0	0	6	cluster_6	0.8571
9004	Spectrogram 1	1	2250.750000	2251.250000	0	0	6	cluster_6	1.0000
9005	Spectrogram 1	1	2251.000000	2251.500000	0	0	1	cluster_1	0.5593
9006	Spectrogram 1	1	2251.250000	2251.750000	0	0	1	cluster_1	0.6885
9007	Spectrogram 1	1	2251.500000	2252.000000	0	0	1	cluster_1	1.0000
9008	Spectrogram 1	1	2251.750000	2252.250000	0	0	1	cluster_1	1.0000
9009	Spectrogram 1	1	2252.000000	2252.500000	0	0	1	cluster_1	1.0000
9010	Spectrogram 1	1	2252.250000	2252.750000	0	0	1	cluster_1	1.0000
9011	Spectrogram 1	1	2252.500000	2253.000000	0	0	1	cluster_1	1.0000
9012	Spectrogram 1	1	2252.750000	2253.250000	0	0	1	cluster_1	1.0000
9013	Spectrogram 1	1	2253.000000	2253.500000	0	0	1	cluster_1	1.0000
9014	Spectrogram 1	1	2253.250000	2253.750000	0	0	1	cluster_1	0.9737
9015	Spectrogram 1	1	2253.500000	2254.000000	0	0	1	cluster_1	1.0000
9016	Spectrogram 1	1	2253.750000	2254.250000	0	0	1	cluster_1	1.0000
9017	Spectrogram 1	1	2254.000000	2254.500000	0	0	1	cluster_1	1.0000
9018	Spectrogram 1	1	2254.250000	2254.750000	0	0	1	cluster_1	1.0000
9019	Spectrogram 1	1	2254.500000	2255.000000	0	0	1	cluster_1	1.0000
9020	Spectrogram 1	1	2254.750000	2255.250000	0	0	1	cluster_1	1.0000
9021	Spectrogram 1	1	2255.000000	2255.500000	0	0	1	cluster_1	1.0000
9022	Spectrogram 1	1	2255.250000	2255.750000	0	0	1	cluster_1	0.9857
9023	Spectrogram 1	1	2255.500000	2256.000000	0	0	1	cluster_1	1.0000
9024	Spectrogram 1	1	2255.750000	2256.250000	0	0	1	cluster_1	0.8495
9025	Spectrogram 1	1	2256.000000	2256.500000	0	0	6	cluster_6	1.0000
9026	Spectrogram 1	1	2256.250000	2256.750000	0	0	1	cluster_1	0.5352
9027	Spectrogram 1	1	2256.500000	2257.000000	0	0	1	cluster_1	1.0000
9028	Spectrogram 1	1	2256.750000	2257.250000	0	0	1	cluster_1	1.0000
9029	Spectrogram 1	1	2257.000000	2257.500000	0	0	1	cluster_1	1.0000
9030	Spectrogram 1	1	2257.250000	2257.750000	0	0	1	cluster_1	1.0000
9031	Spectrogram 1	1	2257.500000	2258.000000	0	0	1	cluster_1	1.0000
9032	Spectrogram 1	1	2257.750000	2258.250000	0	0	1	cluster_1	1.0000
9033	Spectrogram 1	1	2258.000000	2258.500000	0	0	1	cluster_1	0.9255
9034	Spectrogram 1	1	2258.250000	2258.750000	0	0	1	cluster_1	1.0000
9035	Spectrogram 1	1	2258.500000	2259.000000	0	0	1	cluster_1	0.9486
9036	Spectrogram 1	1	2258.750000	2259.250000	0	0	1	cluster_1	0.7718
9037	Spectrogram 1	1	2259.000000	2259.500000	0	0	6	cluster_6	0.9858
9038	Spectrogram 1	1	2259.250000	2259.750000	0	0	6	cluster_6	1.0000
9039	Spectrogram 1	1	2259.500000	2260.000000	0	0	6	cluster_6	0.9382
9040	Spectrogram 1	1	2259.750000	2260.250000	0	0	6	cluster_6	1.0000
9041	Spectrogram 1	1	2260.000000	2260.500000	0	0	6	cluster_6	1.0000
9042	Spectrogram 1	1	2260.250000	2260.750000	0	0	15	cluster_15	1.0000
9043	Spectrogram 1	1	2260.500000	2261.000000	0	0	15	cluster_15	1.0000
9044	Spectrogram 1	1	2260.750000	2261.250000	0	0	13	cluster_13	1.0000
9045	Spectrogram 1	1	2261.000000	2261.500000	0	0	13	cluster_13	1.0000
9046	Spectrogram 1	1	2261.250000	2261.750000	0	0	13	cluster_13	0.8037
9047	Spectrogram 1	1	2261.500000	2262.000000	0	0	noise	cluster_noise	0.0000
9048	Spectrogram 1	1	2261.750000	2262.250000	0	0	13	cluster_13	0.9407
9049	Spectrogram 1	1	2262.000000	2262.500000	0	0	13	cluster_13	0.8936
9050	Spectrogram 1	1	2262.250000	2262.750000	0	0	6	cluster_6	1.0000
9051	Spectrogram 1	1	2262.500000	2263.000000	0	0	6	cluster_6	1.0000
9052	Spectrogram 1	1	2262.750000	2263.250000	0	0	6	cluster_6	1.0000
9053	Spectrogram 1	1	2263.000000	2263.500000	0	0	6	cluster_6	1.0000
9054	Spectrogram 1	1	2263.250000	2263.750000	0	0	6	cluster_6	1.0000
9055	Spectrogram 1	1	2263.500000	2264.000000	0	0	6	cluster_6	1.0000
9056	Spectrogram 1	1	2263.750000	2264.250000	0	0	6	cluster_6	1.0000
9057	Spectrogram 1	1	2264.000000	2264.500000	0	0	noise	cluster_noise	0.0000
9058	Spectrogram 1	1	2264.250000	2264.750000	0	0	15	cluster_15	1.0000
9059	Spectrogram 1	1	2264.500000	2265.000000	0	0	noise	cluster_noise	0.0000
9060	Spectrogram 1	1	2264.750000	2265.250000	0	0	13	cluster_13	1.0000
9061	Spectrogram 1	1	2265.000000	2265.500000	0	0	noise	cluster_noise	0.0000
9062	Spectrogram 1	1	2265.250000	2265.750000	0	0	15	cluster_15	0.9262
9063	Spectrogram 1	1	2265.500000	2266.000000	0	0	noise	cluster_noise	0.0000
9064	Spectrogram 1	1	2265.750000	2266.250000	0	0	13	cluster_13	0.8286
9065	Spectrogram 1	1	2266.000000	2266.500000	0	0	6	cluster_6	1.0000
9066	Spectrogram 1	1	2266.250000	2266.750000	0	0	6	cluster_6	0.9799
9067	Spectrogram 1	1	2266.500000	2267.000000	0	0	6	cluster_6	0.9978
9068	Spectrogram 1	1	2266.750000	2267.250000	0	0	6	cluster_6	1.0000
9069	Spectrogram 1	1	2267.000000	2267.500000	0	0	noise	cluster_noise	0.0000
9070	Spectrogram 1	1	2267.250000	2267.750000	0	0	15	cluster_15	1.0000
9071	Spectrogram 1	1	2267.500000	2268.000000	0	0	15	cluster_15	0.9930
9072	Spectrogram 1	1	2267.750000	2268.250000	0	0	noise	cluster_noise	0.0000
9073	Spectrogram 1	1	2268.000000	2268.500000	0	0	6	cluster_6	0.7901
9074	Spectrogram 1	1	2268.250000	2268.750000	0	0	15	cluster_15	0.9505
9075	Spectrogram 1	1	2268.500000	2269.000000	0	0	15	cluster_15	1.0000
9076	Spectrogram 1	1	2268.750000	2269.250000	0	0	1	cluster_1	0.7968
9077	Spectrogram 1	1	2269.000000	2269.500000	0	0	1	cluster_1	1.0000
9078	Spectrogram 1	1	2269.250000	2269.750000	0	0	1	cluster_1	1.0000
9079	Spectrogram 1	1	2269.500000	2270.000000	0	0	1	cluster_1	0.8842
9080	Spectrogram 1	1	2269.750000	2270.250000	0	0	1	cluster_1	1.0000
9081	Spectrogram 1	1	2270.000000	2270.500000	0	0	1	cluster_1	0.8180
9082	Spectrogram 1	1	2270.250000	2270.750000	0	0	6	cluster_6	1.0000
9083	Spectrogram 1	1	2270.500000	2271.000000	0	0	6	cluster_6	1.0000
9084	Spectrogram 1	1	2270.750000	2271.250000	0	0	6	cluster_6	1.0000
9085	Spectrogram 1	1	2271.000000	2271.500000	0	0	6	cluster_6	1.0000
9086	Spectrogram 1	1	2271.250000	2271.750000	0	0	1	cluster_1	1.0000
9087	Spectrogram 1	1	2271.500000	2272.000000	0	0	1	cluster_1	1.0000
9088	Spectrogram 1	1	2271.750000	2272.250000	0	0	1	cluster_1	0.9087
9089	Spectrogram 1	1	2272.000000	2272.500000	0	0	1	cluster_1	0.8928
9090	Spectrogram 1	1	2272.250000	2272.750000	0	0	1	cluster_1	1.0000
9091	Spectrogram 1	1	2272.500000	2273.000000	0	0	1	cluster_1	1.0000
9092	Spectrogram 1	1	2272.750000	2273.250000	0	0	1	cluster_1	0.9403
9093	Spectrogram 1	1	2273.000000	2273.500000	0	0	1	cluster_1	1.0000
9094	Spectrogram 1	1	2273.250000	2273.750000	0	0	1	cluster_1	1.0000
9095	Spectrogram 1	1	2273.500000	2274.000000	0	0	1	cluster_1	1.0000
9096	Spectrogram 1	1	2273.750000	2274.250000	0	0	1	cluster_1	1.0000
9097	Spectrogram 1	1	2274.000000	2274.500000	0	0	1	cluster_1	1.0000
9098	Spectrogram 1	1	2274.250000	2274.750000	0	0	1	cluster_1	1.0000
9099	Spectrogram 1	1	2274.500000	2275.000000	0	0	1	cluster_1	1.0000
9100	Spectrogram 1	1	2274.750000	2275.250000	0	0	1	cluster_1	1.0000
9101	Spectrogram 1	1	2275.000000	2275.500000	0	0	1	cluster_1	1.0000
9102	Spectrogram 1	1	2275.250000	2275.750000	0	0	1	cluster_1	1.0000
9103	Spectrogram 1	1	2275.500000	2276.000000	0	0	noise	cluster_noise	0.0000
9104	Spectrogram 1	1	2275.750000	2276.250000	0	0	noise	cluster_noise	0.0000
9105	Spectrogram 1	1	2276.000000	2276.500000	0	0	1	cluster_1	0.9961
9106	Spectrogram 1	1	2276.250000	2276.750000	0	0	1	cluster_1	0.9474
9107	Spectrogram 1	1	2276.500000	2277.000000	0	0	1	cluster_1	1.0000
9108	Spectrogram 1	1	2276.750000	2277.250000	0	0	1	cluster_1	1.0000
9109	Spectrogram 1	1	2277.000000	2277.500000	0	0	6	cluster_6	0.6157
9110	Spectrogram 1	1	2277.250000	2277.750000	0	0	6	cluster_6	0.6297
9111	Spectrogram 1	1	2277.500000	2278.000000	0	0	6	cluster_6	0.7050
9112	Spectrogram 1	1	2277.750000	2278.250000	0	0	6	cluster_6	0.8970
9113	Spectrogram 1	1	2278.000000	2278.500000	0	0	15	cluster_15	1.0000
9114	Spectrogram 1	1	2278.250000	2278.750000	0	0	15	cluster_15	1.0000
9115	Spectrogram 1	1	2278.500000	2279.000000	0	0	noise	cluster_noise	0.0000
9116	Spectrogram 1	1	2278.750000	2279.250000	0	0	noise	cluster_noise	0.0000
9117	Spectrogram 1	1	2279.000000	2279.500000	0	0	15	cluster_15	1.0000
9118	Spectrogram 1	1	2279.250000	2279.750000	0	0	15	cluster_15	0.9563
9119	Spectrogram 1	1	2279.500000	2280.000000	0	0	6	cluster_6	1.0000
9120	Spectrogram 1	1	2279.750000	2280.250000	0	0	6	cluster_6	1.0000
9121	Spectrogram 1	1	2280.000000	2280.500000	0	0	6	cluster_6	1.0000
9122	Spectrogram 1	1	2280.250000	2280.750000	0	0	6	cluster_6	1.0000
9123	Spectrogram 1	1	2280.500000	2281.000000	0	0	6	cluster_6	1.0000
9124	Spectrogram 1	1	2280.750000	2281.250000	0	0	6	cluster_6	1.0000
9125	Spectrogram 1	1	2281.000000	2281.500000	0	0	noise	cluster_noise	0.0000
9126	Spectrogram 1	1	2281.250000	2281.750000	0	0	15	cluster_15	1.0000
9127	Spectrogram 1	1	2281.500000	2282.000000	0	0	noise	cluster_noise	0.0000
9128	Spectrogram 1	1	2281.750000	2282.250000	0	0	13	cluster_13	1.0000
9129	Spectrogram 1	1	2282.000000	2282.500000	0	0	13	cluster_13	1.0000
9130	Spectrogram 1	1	2282.250000	2282.750000	0	0	noise	cluster_noise	0.0000
9131	Spectrogram 1	1	2282.500000	2283.000000	0	0	noise	cluster_noise	0.0000
9132	Spectrogram 1	1	2282.750000	2283.250000	0	0	noise	cluster_noise	0.0000
9133	Spectrogram 1	1	2283.000000	2283.500000	0	0	8	cluster_8	1.0000
9134	Spectrogram 1	1	2283.250000	2283.750000	0	0	6	cluster_6	1.0000
9135	Spectrogram 1	1	2283.500000	2284.000000	0	0	6	cluster_6	1.0000
9136	Spectrogram 1	1	2283.750000	2284.250000	0	0	6	cluster_6	1.0000
9137	Spectrogram 1	1	2284.000000	2284.500000	0	0	noise	cluster_noise	0.0000
9138	Spectrogram 1	1	2284.250000	2284.750000	0	0	15	cluster_15	1.0000
9139	Spectrogram 1	1	2284.500000	2285.000000	0	0	noise	cluster_noise	0.0000
9140	Spectrogram 1	1	2284.750000	2285.250000	0	0	noise	cluster_noise	0.0000
9141	Spectrogram 1	1	2285.000000	2285.500000	0	0	15	cluster_15	1.0000
9142	Spectrogram 1	1	2285.250000	2285.750000	0	0	15	cluster_15	1.0000
9143	Spectrogram 1	1	2285.500000	2286.000000	0	0	15	cluster_15	0.9785
9144	Spectrogram 1	1	2285.750000	2286.250000	0	0	1	cluster_1	0.6709
9145	Spectrogram 1	1	2286.000000	2286.500000	0	0	1	cluster_1	0.7958
9146	Spectrogram 1	1	2286.250000	2286.750000	0	0	1	cluster_1	0.8373
9147	Spectrogram 1	1	2286.500000	2287.000000	0	0	1	cluster_1	0.8991
9148	Spectrogram 1	1	2286.750000	2287.250000	0	0	1	cluster_1	0.9107
9149	Spectrogram 1	1	2287.000000	2287.500000	0	0	1	cluster_1	1.0000
9150	Spectrogram 1	1	2287.250000	2287.750000	0	0	1	cluster_1	1.0000
9151	Spectrogram 1	1	2287.500000	2288.000000	0	0	4	cluster_4	0.6674
9152	Spectrogram 1	1	2287.750000	2288.250000	0	0	noise	cluster_noise	0.0000
9153	Spectrogram 1	1	2288.000000	2288.500000	0	0	6	cluster_6	1.0000
9154	Spectrogram 1	1	2288.250000	2288.750000	0	0	1	cluster_1	0.6841
9155	Spectrogram 1	1	2288.500000	2289.000000	0	0	1	cluster_1	0.8303
9156	Spectrogram 1	1	2288.750000	2289.250000	0	0	1	cluster_1	0.8394
9157	Spectrogram 1	1	2289.000000	2289.500000	0	0	1	cluster_1	0.8092
9158	Spectrogram 1	1	2289.250000	2289.750000	0	0	1	cluster_1	0.8527
9159	Spectrogram 1	1	2289.500000	2290.000000	0	0	1	cluster_1	0.8238
9160	Spectrogram 1	1	2289.750000	2290.250000	0	0	1	cluster_1	0.7926
9161	Spectrogram 1	1	2290.000000	2290.500000	0	0	1	cluster_1	0.7715
9162	Spectrogram 1	1	2290.250000	2290.750000	0	0	1	cluster_1	0.7966
9163	Spectrogram 1	1	2290.500000	2291.000000	0	0	1	cluster_1	0.8100
9164	Spectrogram 1	1	2290.750000	2291.250000	0	0	1	cluster_1	0.7303
9165	Spectrogram 1	1	2291.000000	2291.500000	0	0	1	cluster_1	0.7983
9166	Spectrogram 1	1	2291.250000	2291.750000	0	0	1	cluster_1	0.7946
9167	Spectrogram 1	1	2291.500000	2292.000000	0	0	1	cluster_1	0.7490
9168	Spectrogram 1	1	2291.750000	2292.250000	0	0	1	cluster_1	1.0000
9169	Spectrogram 1	1	2292.000000	2292.500000	0	0	1	cluster_1	1.0000
9170	Spectrogram 1	1	2292.250000	2292.750000	0	0	1	cluster_1	1.0000
9171	Spectrogram 1	1	2292.500000	2293.000000	0	0	1	cluster_1	0.9231
9172	Spectrogram 1	1	2292.750000	2293.250000	0	0	1	cluster_1	0.8669
9173	Spectrogram 1	1	2293.000000	2293.500000	0	0	1	cluster_1	0.8161
9174	Spectrogram 1	1	2293.250000	2293.750000	0	0	1	cluster_1	0.9307
9175	Spectrogram 1	1	2293.500000	2294.000000	0	0	1	cluster_1	1.0000
9176	Spectrogram 1	1	2293.750000	2294.250000	0	0	1	cluster_1	0.7507
9177	Spectrogram 1	1	2294.000000	2294.500000	0	0	1	cluster_1	1.0000
9178	Spectrogram 1	1	2294.250000	2294.750000	0	0	6	cluster_6	0.9917
9179	Spectrogram 1	1	2294.500000	2295.000000	0	0	6	cluster_6	1.0000
9180	Spectrogram 1	1	2294.750000	2295.250000	0	0	6	cluster_6	0.8698
9181	Spectrogram 1	1	2295.000000	2295.500000	0	0	6	cluster_6	1.0000
9182	Spectrogram 1	1	2295.250000	2295.750000	0	0	15	cluster_15	1.0000
9183	Spectrogram 1	1	2295.500000	2296.000000	0	0	15	cluster_15	0.9447
9184	Spectrogram 1	1	2295.750000	2296.250000	0	0	13	cluster_13	1.0000
9185	Spectrogram 1	1	2296.000000	2296.500000	0	0	13	cluster_13	1.0000
9186	Spectrogram 1	1	2296.250000	2296.750000	0	0	13	cluster_13	0.8179
9187	Spectrogram 1	1	2296.500000	2297.000000	0	0	noise	cluster_noise	0.0000
9188	Spectrogram 1	1	2296.750000	2297.250000	0	0	13	cluster_13	1.0000
9189	Spectrogram 1	1	2297.000000	2297.500000	0	0	13	cluster_13	0.8104
9190	Spectrogram 1	1	2297.250000	2297.750000	0	0	6	cluster_6	1.0000
9191	Spectrogram 1	1	2297.500000	2298.000000	0	0	6	cluster_6	0.9775
9192	Spectrogram 1	1	2297.750000	2298.250000	0	0	15	cluster_15	1.0000
9193	Spectrogram 1	1	2298.000000	2298.500000	0	0	15	cluster_15	1.0000
9194	Spectrogram 1	1	2298.250000	2298.750000	0	0	13	cluster_13	0.7318
9195	Spectrogram 1	1	2298.500000	2299.000000	0	0	13	cluster_13	1.0000
9196	Spectrogram 1	1	2298.750000	2299.250000	0	0	15	cluster_15	0.9779
9197	Spectrogram 1	1	2299.000000	2299.500000	0	0	15	cluster_15	0.9724
9198	Spectrogram 1	1	2299.250000	2299.750000	0	0	6	cluster_6	0.7069
9199	Spectrogram 1	1	2299.500000	2300.000000	0	0	6	cluster_6	0.8621
9200	Spectrogram 1	1	2299.750000	2300.250000	0	0	6	cluster_6	1.0000
9201	Spectrogram 1	1	2300.000000	2300.500000	0	0	6	cluster_6	1.0000
9202	Spectrogram 1	1	2300.250000	2300.750000	0	0	6	cluster_6	1.0000
9203	Spectrogram 1	1	2300.500000	2301.000000	0	0	6	cluster_6	0.8795
9204	Spectrogram 1	1	2300.750000	2301.250000	0	0	6	cluster_6	1.0000
9205	Spectrogram 1	1	2301.000000	2301.500000	0	0	6	cluster_6	1.0000
9206	Spectrogram 1	1	2301.250000	2301.750000	0	0	6	cluster_6	1.0000
9207	Spectrogram 1	1	2301.500000	2302.000000	0	0	15	cluster_15	1.0000
9208	Spectrogram 1	1	2301.750000	2302.250000	0	0	15	cluster_15	0.9923
9209	Spectrogram 1	1	2302.000000	2302.500000	0	0	noise	cluster_noise	0.0000
9210	Spectrogram 1	1	2302.250000	2302.750000	0	0	noise	cluster_noise	0.0000
9211	Spectrogram 1	1	2302.500000	2303.000000	0	0	noise	cluster_noise	0.0000
9212	Spectrogram 1	1	2302.750000	2303.250000	0	0	noise	cluster_noise	0.0000
9213	Spectrogram 1	1	2303.000000	2303.500000	0	0	6	cluster_6	0.8485
9214	Spectrogram 1	1	2303.250000	2303.750000	0	0	1	cluster_1	1.0000
9215	Spectrogram 1	1	2303.500000	2304.000000	0	0	1	cluster_1	0.8441
9216	Spectrogram 1	1	2303.750000	2304.250000	0	0	1	cluster_1	1.0000
9217	Spectrogram 1	1	2304.000000	2304.500000	0	0	1	cluster_1	0.9621
9218	Spectrogram 1	1	2304.250000	2304.750000	0	0	1	cluster_1	0.8052
9219	Spectrogram 1	1	2304.500000	2305.000000	0	0	1	cluster_1	0.7988
9220	Spectrogram 1	1	2304.750000	2305.250000	0	0	1	cluster_1	1.0000
9221	Spectrogram 1	1	2305.000000	2305.500000	0	0	1	cluster_1	0.9727
9222	Spectrogram 1	1	2305.250000	2305.750000	0	0	1	cluster_1	1.0000
9223	Spectrogram 1	1	2305.500000	2306.000000	0	0	1	cluster_1	0.9178
9224	Spectrogram 1	1	2305.750000	2306.250000	0	0	1	cluster_1	0.8166
9225	Spectrogram 1	1	2306.000000	2306.500000	0	0	1	cluster_1	0.8152
9226	Spectrogram 1	1	2306.250000	2306.750000	0	0	1	cluster_1	0.7908
9227	Spectrogram 1	1	2306.500000	2307.000000	0	0	1	cluster_1	0.8047
9228	Spectrogram 1	1	2306.750000	2307.250000	0	0	1	cluster_1	0.7650
9229	Spectrogram 1	1	2307.000000	2307.500000	0	0	1	cluster_1	0.9260
9230	Spectrogram 1	1	2307.250000	2307.750000	0	0	1	cluster_1	0.8285
9231	Spectrogram 1	1	2307.500000	2308.000000	0	0	1	cluster_1	0.7607
9232	Spectrogram 1	1	2307.750000	2308.250000	0	0	1	cluster_1	0.6991
9233	Spectrogram 1	1	2308.000000	2308.500000	0	0	1	cluster_1	0.6824
9234	Spectrogram 1	1	2308.250000	2308.750000	0	0	1	cluster_1	0.7556
9235	Spectrogram 1	1	2308.500000	2309.000000	0	0	1	cluster_1	0.7929
9236	Spectrogram 1	1	2308.750000	2309.250000	0	0	1	cluster_1	0.7994
9237	Spectrogram 1	1	2309.000000	2309.500000	0	0	1	cluster_1	0.7569
9238	Spectrogram 1	1	2309.250000	2309.750000	0	0	1	cluster_1	0.8519
9239	Spectrogram 1	1	2309.500000	2310.000000	0	0	1	cluster_1	0.8320
9240	Spectrogram 1	1	2309.750000	2310.250000	0	0	6	cluster_6	1.0000
9241	Spectrogram 1	1	2310.000000	2310.500000	0	0	6	cluster_6	0.9895
9242	Spectrogram 1	1	2310.250000	2310.750000	0	0	1	cluster_1	1.0000
9243	Spectrogram 1	1	2310.500000	2311.000000	0	0	1	cluster_1	1.0000
9244	Spectrogram 1	1	2310.750000	2311.250000	0	0	1	cluster_1	0.8968
9245	Spectrogram 1	1	2311.000000	2311.500000	0	0	1	cluster_1	0.8710
9246	Spectrogram 1	1	2311.250000	2311.750000	0	0	1	cluster_1	0.7140
9247	Spectrogram 1	1	2311.500000	2312.000000	0	0	1	cluster_1	0.7547
9248	Spectrogram 1	1	2311.750000	2312.250000	0	0	1	cluster_1	0.8330
9249	Spectrogram 1	1	2312.000000	2312.500000	0	0	1	cluster_1	0.9912
9250	Spectrogram 1	1	2312.250000	2312.750000	0	0	1	cluster_1	0.7625
9251	Spectrogram 1	1	2312.500000	2313.000000	0	0	1	cluster_1	0.3895
9252	Spectrogram 1	1	2312.750000	2313.250000	0	0	1	cluster_1	0.3652
9253	Spectrogram 1	1	2313.000000	2313.500000	0	0	4	cluster_4	0.6289
9254	Spectrogram 1	1	2313.250000	2313.750000	0	0	noise	cluster_noise	0.0000
9255	Spectrogram 1	1	2313.500000	2314.000000	0	0	15	cluster_15	1.0000
9256	Spectrogram 1	1	2313.750000	2314.250000	0	0	13	cluster_13	0.9125
9257	Spectrogram 1	1	2314.000000	2314.500000	0	0	13	cluster_13	1.0000
9258	Spectrogram 1	1	2314.250000	2314.750000	0	0	9	cluster_9	0.7775
9259	Spectrogram 1	1	2314.500000	2315.000000	0	0	noise	cluster_noise	0.0000
9260	Spectrogram 1	1	2314.750000	2315.250000	0	0	13	cluster_13	1.0000
9261	Spectrogram 1	1	2315.000000	2315.500000	0	0	13	cluster_13	0.6708
9262	Spectrogram 1	1	2315.250000	2315.750000	0	0	8	cluster_8	0.9490
9263	Spectrogram 1	1	2315.500000	2316.000000	0	0	6	cluster_6	1.0000
9264	Spectrogram 1	1	2315.750000	2316.250000	0	0	6	cluster_6	1.0000
9265	Spectrogram 1	1	2316.000000	2316.500000	0	0	6	cluster_6	1.0000
9266	Spectrogram 1	1	2316.250000	2316.750000	0	0	noise	cluster_noise	0.0000
9267	Spectrogram 1	1	2316.500000	2317.000000	0	0	15	cluster_15	1.0000
9268	Spectrogram 1	1	2316.750000	2317.250000	0	0	13	cluster_13	0.8392
9269	Spectrogram 1	1	2317.000000	2317.500000	0	0	13	cluster_13	1.0000
9270	Spectrogram 1	1	2317.250000	2317.750000	0	0	13	cluster_13	0.8859
9271	Spectrogram 1	1	2317.500000	2318.000000	0	0	9	cluster_9	0.7247
9272	Spectrogram 1	1	2317.750000	2318.250000	0	0	noise	cluster_noise	0.0000
9273	Spectrogram 1	1	2318.000000	2318.500000	0	0	noise	cluster_noise	0.0000
9274	Spectrogram 1	1	2318.250000	2318.750000	0	0	noise	cluster_noise	0.0000
9275	Spectrogram 1	1	2318.500000	2319.000000	0	0	noise	cluster_noise	0.0000
9276	Spectrogram 1	1	2318.750000	2319.250000	0	0	6	cluster_6	1.0000
9277	Spectrogram 1	1	2319.000000	2319.500000	0	0	6	cluster_6	1.0000
9278	Spectrogram 1	1	2319.250000	2319.750000	0	0	6	cluster_6	1.0000
9279	Spectrogram 1	1	2319.500000	2320.000000	0	0	6	cluster_6	1.0000
9280	Spectrogram 1	1	2319.750000	2320.250000	0	0	6	cluster_6	1.0000
9281	Spectrogram 1	1	2320.000000	2320.500000	0	0	6	cluster_6	1.0000
9282	Spectrogram 1	1	2320.250000	2320.750000	0	0	6	cluster_6	1.0000
9283	Spectrogram 1	1	2320.500000	2321.000000	0	0	6	cluster_6	1.0000
9284	Spectrogram 1	1	2320.750000	2321.250000	0	0	noise	cluster_noise	0.0000
9285	Spectrogram 1	1	2321.000000	2321.500000	0	0	15	cluster_15	1.0000
9286	Spectrogram 1	1	2321.250000	2321.750000	0	0	13	cluster_13	0.9907
9287	Spectrogram 1	1	2321.500000	2322.000000	0	0	13	cluster_13	1.0000
9288	Spectrogram 1	1	2321.750000	2322.250000	0	0	9	cluster_9	0.6022
9289	Spectrogram 1	1	2322.000000	2322.500000	0	0	noise	cluster_noise	0.0000
9290	Spectrogram 1	1	2322.250000	2322.750000	0	0	noise	cluster_noise	0.0000
9291	Spectrogram 1	1	2322.500000	2323.000000	0	0	noise	cluster_noise	0.0000
9292	Spectrogram 1	1	2322.750000	2323.250000	0	0	8	cluster_8	1.0000
9293	Spectrogram 1	1	2323.000000	2323.500000	0	0	6	cluster_6	1.0000
9294	Spectrogram 1	1	2323.250000	2323.750000	0	0	6	cluster_6	1.0000
9295	Spectrogram 1	1	2323.500000	2324.000000	0	0	6	cluster_6	1.0000
9296	Spectrogram 1	1	2323.750000	2324.250000	0	0	6	cluster_6	0.9611
9297	Spectrogram 1	1	2324.000000	2324.500000	0	0	15	cluster_15	1.0000
9298	Spectrogram 1	1	2324.250000	2324.750000	0	0	noise	cluster_noise	0.0000
9299	Spectrogram 1	1	2324.500000	2325.000000	0	0	13	cluster_13	1.0000
9300	Spectrogram 1	1	2324.750000	2325.250000	0	0	13	cluster_13	0.9140
9301	Spectrogram 1	1	2325.000000	2325.500000	0	0	9	cluster_9	0.5916
9302	Spectrogram 1	1	2325.250000	2325.750000	0	0	13	cluster_13	0.6993
9303	Spectrogram 1	1	2325.500000	2326.000000	0	0	13	cluster_13	0.7062
9304	Spectrogram 1	1	2325.750000	2326.250000	0	0	noise	cluster_noise	0.0000
9305	Spectrogram 1	1	2326.000000	2326.500000	0	0	6	cluster_6	1.0000
9306	Spectrogram 1	1	2326.250000	2326.750000	0	0	6	cluster_6	1.0000
9307	Spectrogram 1	1	2326.500000	2327.000000	0	0	6	cluster_6	0.9955
9308	Spectrogram 1	1	2326.750000	2327.250000	0	0	6	cluster_6	1.0000
9309	Spectrogram 1	1	2327.000000	2327.500000	0	0	15	cluster_15	1.0000
9310	Spectrogram 1	1	2327.250000	2327.750000	0	0	13	cluster_13	0.8743
9311	Spectrogram 1	1	2327.500000	2328.000000	0	0	13	cluster_13	1.0000
9312	Spectrogram 1	1	2327.750000	2328.250000	0	0	13	cluster_13	1.0000
9313	Spectrogram 1	1	2328.000000	2328.500000	0	0	9	cluster_9	0.7249
9314	Spectrogram 1	1	2328.250000	2328.750000	0	0	13	cluster_13	0.7099
9315	Spectrogram 1	1	2328.500000	2329.000000	0	0	noise	cluster_noise	0.0000
9316	Spectrogram 1	1	2328.750000	2329.250000	0	0	noise	cluster_noise	0.0000
9317	Spectrogram 1	1	2329.000000	2329.500000	0	0	noise	cluster_noise	0.0000
9318	Spectrogram 1	1	2329.250000	2329.750000	0	0	8	cluster_8	1.0000
9319	Spectrogram 1	1	2329.500000	2330.000000	0	0	noise	cluster_noise	0.0000
9320	Spectrogram 1	1	2329.750000	2330.250000	0	0	15	cluster_15	1.0000
9321	Spectrogram 1	1	2330.000000	2330.500000	0	0	13	cluster_13	1.0000
9322	Spectrogram 1	1	2330.250000	2330.750000	0	0	13	cluster_13	0.9498
9323	Spectrogram 1	1	2330.500000	2331.000000	0	0	noise	cluster_noise	0.0000
9324	Spectrogram 1	1	2330.750000	2331.250000	0	0	9	cluster_9	0.7107
9325	Spectrogram 1	1	2331.000000	2331.500000	0	0	13	cluster_13	0.8129
9326	Spectrogram 1	1	2331.250000	2331.750000	0	0	13	cluster_13	0.7026
9327	Spectrogram 1	1	2331.500000	2332.000000	0	0	9	cluster_9	0.8058
9328	Spectrogram 1	1	2331.750000	2332.250000	0	0	9	cluster_9	0.7128
9329	Spectrogram 1	1	2332.000000	2332.500000	0	0	15	cluster_15	1.0000
9330	Spectrogram 1	1	2332.250000	2332.750000	0	0	15	cluster_15	1.0000
9331	Spectrogram 1	1	2332.500000	2333.000000	0	0	13	cluster_13	0.8266
9332	Spectrogram 1	1	2332.750000	2333.250000	0	0	9	cluster_9	0.6062
9333	Spectrogram 1	1	2333.000000	2333.500000	0	0	9	cluster_9	0.5728
9334	Spectrogram 1	1	2333.250000	2333.750000	0	0	9	cluster_9	0.7052
9335	Spectrogram 1	1	2333.500000	2334.000000	0	0	9	cluster_9	0.6793
9336	Spectrogram 1	1	2333.750000	2334.250000	0	0	9	cluster_9	0.6289
9337	Spectrogram 1	1	2334.000000	2334.500000	0	0	13	cluster_13	0.8134
9338	Spectrogram 1	1	2334.250000	2334.750000	0	0	9	cluster_9	0.7117
9339	Spectrogram 1	1	2334.500000	2335.000000	0	0	9	cluster_9	0.6523
9340	Spectrogram 1	1	2334.750000	2335.250000	0	0	9	cluster_9	0.6302
9341	Spectrogram 1	1	2335.000000	2335.500000	0	0	9	cluster_9	0.5863
9342	Spectrogram 1	1	2335.250000	2335.750000	0	0	noise	cluster_noise	0.0000
9343	Spectrogram 1	1	2335.500000	2336.000000	0	0	noise	cluster_noise	0.0000
9344	Spectrogram 1	1	2335.750000	2336.250000	0	0	10	cluster_10	0.9012
9345	Spectrogram 1	1	2336.000000	2336.500000	0	0	6	cluster_6	0.9713
9346	Spectrogram 1	1	2336.250000	2336.750000	0	0	6	cluster_6	1.0000
9347	Spectrogram 1	1	2336.500000	2337.000000	0	0	6	cluster_6	1.0000
9348	Spectrogram 1	1	2336.750000	2337.250000	0	0	6	cluster_6	1.0000
9349	Spectrogram 1	1	2337.000000	2337.500000	0	0	6	cluster_6	1.0000
9350	Spectrogram 1	1	2337.250000	2337.750000	0	0	6	cluster_6	1.0000
9351	Spectrogram 1	1	2337.500000	2338.000000	0	0	6	cluster_6	1.0000
9352	Spectrogram 1	1	2337.750000	2338.250000	0	0	6	cluster_6	1.0000
9353	Spectrogram 1	1	2338.000000	2338.500000	0	0	6	cluster_6	1.0000
9354	Spectrogram 1	1	2338.250000	2338.750000	0	0	6	cluster_6	1.0000
9355	Spectrogram 1	1	2338.500000	2339.000000	0	0	8	cluster_8	0.9174
9356	Spectrogram 1	1	2338.750000	2339.250000	0	0	15	cluster_15	0.9489
9357	Spectrogram 1	1	2339.000000	2339.500000	0	0	13	cluster_13	1.0000
9358	Spectrogram 1	1	2339.250000	2339.750000	0	0	13	cluster_13	1.0000
9359	Spectrogram 1	1	2339.500000	2340.000000	0	0	9	cluster_9	0.9610
9360	Spectrogram 1	1	2339.750000	2340.250000	0	0	9	cluster_9	1.0000
9361	Spectrogram 1	1	2340.000000	2340.500000	0	0	9	cluster_9	0.6433
9362	Spectrogram 1	1	2340.250000	2340.750000	0	0	6	cluster_6	0.6962
9363	Spectrogram 1	1	2340.500000	2341.000000	0	0	noise	cluster_noise	0.0000
9364	Spectrogram 1	1	2340.750000	2341.250000	0	0	8	cluster_8	1.0000
9365	Spectrogram 1	1	2341.000000	2341.500000	0	0	6	cluster_6	1.0000
9366	Spectrogram 1	1	2341.250000	2341.750000	0	0	6	cluster_6	1.0000
9367	Spectrogram 1	1	2341.500000	2342.000000	0	0	6	cluster_6	0.9658
9368	Spectrogram 1	1	2341.750000	2342.250000	0	0	noise	cluster_noise	0.0000
9369	Spectrogram 1	1	2342.000000	2342.500000	0	0	13	cluster_13	1.0000
9370	Spectrogram 1	1	2342.250000	2342.750000	0	0	13	cluster_13	1.0000
9371	Spectrogram 1	1	2342.500000	2343.000000	0	0	13	cluster_13	1.0000
9372	Spectrogram 1	1	2342.750000	2343.250000	0	0	9	cluster_9	0.6040
9373	Spectrogram 1	1	2343.000000	2343.500000	0	0	9	cluster_9	0.7249
9374	Spectrogram 1	1	2343.250000	2343.750000	0	0	9	cluster_9	0.6538
9375	Spectrogram 1	1	2343.500000	2344.000000	0	0	noise	cluster_noise	0.0000
9376	Spectrogram 1	1	2343.750000	2344.250000	0	0	6	cluster_6	1.0000
9377	Spectrogram 1	1	2344.000000	2344.500000	0	0	8	cluster_8	1.0000
9378	Spectrogram 1	1	2344.250000	2344.750000	0	0	8	cluster_8	1.0000
9379	Spectrogram 1	1	2344.500000	2345.000000	0	0	6	cluster_6	1.0000
9380	Spectrogram 1	1	2344.750000	2345.250000	0	0	10	cluster_10	0.8795
9381	Spectrogram 1	1	2345.000000	2345.500000	0	0	13	cluster_13	1.0000
9382	Spectrogram 1	1	2345.250000	2345.750000	0	0	13	cluster_13	0.7787
9383	Spectrogram 1	1	2345.500000	2346.000000	0	0	9	cluster_9	0.6217
9384	Spectrogram 1	1	2345.750000	2346.250000	0	0	9	cluster_9	0.7951
9385	Spectrogram 1	1	2346.000000	2346.500000	0	0	9	cluster_9	0.8570
9386	Spectrogram 1	1	2346.250000	2346.750000	0	0	9	cluster_9	0.7249
9387	Spectrogram 1	1	2346.500000	2347.000000	0	0	noise	cluster_noise	0.0000
9388	Spectrogram 1	1	2346.750000	2347.250000	0	0	9	cluster_9	0.7249
9389	Spectrogram 1	1	2347.000000	2347.500000	0	0	9	cluster_9	0.7249
9390	Spectrogram 1	1	2347.250000	2347.750000	0	0	9	cluster_9	0.7249
9391	Spectrogram 1	1	2347.500000	2348.000000	0	0	9	cluster_9	0.7249
9392	Spectrogram 1	1	2347.750000	2348.250000	0	0	9	cluster_9	0.7972
9393	Spectrogram 1	1	2348.000000	2348.500000	0	0	9	cluster_9	0.7271
9394	Spectrogram 1	1	2348.250000	2348.750000	0	0	noise	cluster_noise	0.0000
9395	Spectrogram 1	1	2348.500000	2349.000000	0	0	noise	cluster_noise	0.0000
9396	Spectrogram 1	1	2348.750000	2349.250000	0	0	9	cluster_9	0.6497
9397	Spectrogram 1	1	2349.000000	2349.500000	0	0	9	cluster_9	0.6300
9398	Spectrogram 1	1	2349.250000	2349.750000	0	0	9	cluster_9	0.7249
9399	Spectrogram 1	1	2349.500000	2350.000000	0	0	9	cluster_9	0.5835
9400	Spectrogram 1	1	2349.750000	2350.250000	0	0	noise	cluster_noise	0.0000
9401	Spectrogram 1	1	2350.000000	2350.500000	0	0	9	cluster_9	0.5881
9402	Spectrogram 1	1	2350.250000	2350.750000	0	0	9	cluster_9	0.6602
9403	Spectrogram 1	1	2350.500000	2351.000000	0	0	9	cluster_9	0.6367
9404	Spectrogram 1	1	2350.750000	2351.250000	0	0	9	cluster_9	0.6461
9405	Spectrogram 1	1	2351.000000	2351.500000	0	0	9	cluster_9	0.7035
9406	Spectrogram 1	1	2351.250000	2351.750000	0	0	9	cluster_9	0.7249
9407	Spectrogram 1	1	2351.500000	2352.000000	0	0	9	cluster_9	0.7197
9408	Spectrogram 1	1	2351.750000	2352.250000	0	0	9	cluster_9	0.7023
9409	Spectrogram 1	1	2352.000000	2352.500000	0	0	9	cluster_9	0.6221
9410	Spectrogram 1	1	2352.250000	2352.750000	0	0	9	cluster_9	0.6052
9411	Spectrogram 1	1	2352.500000	2353.000000	0	0	noise	cluster_noise	0.0000
9412	Spectrogram 1	1	2352.750000	2353.250000	0	0	9	cluster_9	0.5658
9413	Spectrogram 1	1	2353.000000	2353.500000	0	0	noise	cluster_noise	0.0000
9414	Spectrogram 1	1	2353.250000	2353.750000	0	0	noise	cluster_noise	0.0000
9415	Spectrogram 1	1	2353.500000	2354.000000	0	0	9	cluster_9	0.6053
9416	Spectrogram 1	1	2353.750000	2354.250000	0	0	9	cluster_9	0.6338
9417	Spectrogram 1	1	2354.000000	2354.500000	0	0	noise	cluster_noise	0.0000
9418	Spectrogram 1	1	2354.250000	2354.750000	0	0	noise	cluster_noise	0.0000
9419	Spectrogram 1	1	2354.500000	2355.000000	0	0	noise	cluster_noise	0.0000
9420	Spectrogram 1	1	2354.750000	2355.250000	0	0	6	cluster_6	1.0000
9421	Spectrogram 1	1	2355.000000	2355.500000	0	0	6	cluster_6	1.0000
9422	Spectrogram 1	1	2355.250000	2355.750000	0	0	6	cluster_6	1.0000
9423	Spectrogram 1	1	2355.500000	2356.000000	0	0	noise	cluster_noise	0.0000
9424	Spectrogram 1	1	2355.750000	2356.250000	0	0	9	cluster_9	0.7103
9425	Spectrogram 1	1	2356.000000	2356.500000	0	0	9	cluster_9	1.0000
9426	Spectrogram 1	1	2356.250000	2356.750000	0	0	9	cluster_9	1.0000
9427	Spectrogram 1	1	2356.500000	2357.000000	0	0	9	cluster_9	0.8194
9428	Spectrogram 1	1	2356.750000	2357.250000	0	0	9	cluster_9	0.9144
9429	Spectrogram 1	1	2357.000000	2357.500000	0	0	9	cluster_9	0.8298
9430	Spectrogram 1	1	2357.250000	2357.750000	0	0	noise	cluster_noise	0.0000
9431	Spectrogram 1	1	2357.500000	2358.000000	0	0	8	cluster_8	1.0000
9432	Spectrogram 1	1	2357.750000	2358.250000	0	0	8	cluster_8	1.0000
9433	Spectrogram 1	1	2358.000000	2358.500000	0	0	6	cluster_6	0.6176
9434	Spectrogram 1	1	2358.250000	2358.750000	0	0	8	cluster_8	1.0000
9435	Spectrogram 1	1	2358.500000	2359.000000	0	0	6	cluster_6	1.0000
9436	Spectrogram 1	1	2358.750000	2359.250000	0	0	6	cluster_6	1.0000
9437	Spectrogram 1	1	2359.000000	2359.500000	0	0	noise	cluster_noise	0.0000
9438	Spectrogram 1	1	2359.250000	2359.750000	0	0	10	cluster_10	0.8608
9439	Spectrogram 1	1	2359.500000	2360.000000	0	0	10	cluster_10	0.8917
9440	Spectrogram 1	1	2359.750000	2360.250000	0	0	10	cluster_10	0.8435
9441	Spectrogram 1	1	2360.000000	2360.500000	0	0	10	cluster_10	0.9269
9442	Spectrogram 1	1	2360.250000	2360.750000	0	0	10	cluster_10	0.9846
9443	Spectrogram 1	1	2360.500000	2361.000000	0	0	noise	cluster_noise	0.0000
9444	Spectrogram 1	1	2360.750000	2361.250000	0	0	10	cluster_10	1.0000
9445	Spectrogram 1	1	2361.000000	2361.500000	0	0	10	cluster_10	1.0000
9446	Spectrogram 1	1	2361.250000	2361.750000	0	0	10	cluster_10	0.9324
9447	Spectrogram 1	1	2361.500000	2362.000000	0	0	6	cluster_6	1.0000
9448	Spectrogram 1	1	2361.750000	2362.250000	0	0	noise	cluster_noise	0.0000
9449	Spectrogram 1	1	2362.000000	2362.500000	0	0	10	cluster_10	0.9217
9450	Spectrogram 1	1	2362.250000	2362.750000	0	0	10	cluster_10	0.8533
9451	Spectrogram 1	1	2362.500000	2363.000000	0	0	10	cluster_10	0.8416
9452	Spectrogram 1	1	2362.750000	2363.250000	0	0	10	cluster_10	1.0000
9453	Spectrogram 1	1	2363.000000	2363.500000	0	0	10	cluster_10	0.8137
9454	Spectrogram 1	1	2363.250000	2363.750000	0	0	10	cluster_10	0.8393
9455	Spectrogram 1	1	2363.500000	2364.000000	0	0	10	cluster_10	1.0000
9456	Spectrogram 1	1	2363.750000	2364.250000	0	0	10	cluster_10	1.0000
9457	Spectrogram 1	1	2364.000000	2364.500000	0	0	10	cluster_10	1.0000
9458	Spectrogram 1	1	2364.250000	2364.750000	0	0	6	cluster_6	0.6631
9459	Spectrogram 1	1	2364.500000	2365.000000	0	0	10	cluster_10	0.8944
9460	Spectrogram 1	1	2364.750000	2365.250000	0	0	10	cluster_10	0.8300
9461	Spectrogram 1	1	2365.000000	2365.500000	0	0	noise	cluster_noise	0.0000
9462	Spectrogram 1	1	2365.250000	2365.750000	0	0	10	cluster_10	0.8922
9463	Spectrogram 1	1	2365.500000	2366.000000	0	0	10	cluster_10	0.8728
9464	Spectrogram 1	1	2365.750000	2366.250000	0	0	10	cluster_10	0.8358
9465	Spectrogram 1	1	2366.000000	2366.500000	0	0	10	cluster_10	0.8449
9466	Spectrogram 1	1	2366.250000	2366.750000	0	0	10	cluster_10	0.8294
9467	Spectrogram 1	1	2366.500000	2367.000000	0	0	10	cluster_10	0.9416
9468	Spectrogram 1	1	2366.750000	2367.250000	0	0	10	cluster_10	0.9873
9469	Spectrogram 1	1	2367.000000	2367.500000	0	0	10	cluster_10	1.0000
9470	Spectrogram 1	1	2367.250000	2367.750000	0	0	10	cluster_10	1.0000
9471	Spectrogram 1	1	2367.500000	2368.000000	0	0	10	cluster_10	1.0000
9472	Spectrogram 1	1	2367.750000	2368.250000	0	0	6	cluster_6	1.0000
9473	Spectrogram 1	1	2368.000000	2368.500000	0	0	noise	cluster_noise	0.0000
9474	Spectrogram 1	1	2368.250000	2368.750000	0	0	noise	cluster_noise	0.0000
9475	Spectrogram 1	1	2368.500000	2369.000000	0	0	9	cluster_9	0.8386
9476	Spectrogram 1	1	2368.750000	2369.250000	0	0	9	cluster_9	0.8030
9477	Spectrogram 1	1	2369.000000	2369.500000	0	0	9	cluster_9	1.0000
9478	Spectrogram 1	1	2369.250000	2369.750000	0	0	9	cluster_9	0.9106
9479	Spectrogram 1	1	2369.500000	2370.000000	0	0	9	cluster_9	0.7465
9480	Spectrogram 1	1	2369.750000	2370.250000	0	0	9	cluster_9	0.9145
9481	Spectrogram 1	1	2370.000000	2370.500000	0	0	noise	cluster_noise	0.0000
9482	Spectrogram 1	1	2370.250000	2370.750000	0	0	6	cluster_6	1.0000
9483	Spectrogram 1	1	2370.500000	2371.000000	0	0	6	cluster_6	1.0000
9484	Spectrogram 1	1	2370.750000	2371.250000	0	0	6	cluster_6	1.0000
9485	Spectrogram 1	1	2371.000000	2371.500000	0	0	noise	cluster_noise	0.0000
9486	Spectrogram 1	1	2371.250000	2371.750000	0	0	9	cluster_9	0.6097
9487	Spectrogram 1	1	2371.500000	2372.000000	0	0	9	cluster_9	0.9333
9488	Spectrogram 1	1	2371.750000	2372.250000	0	0	9	cluster_9	1.0000
9489	Spectrogram 1	1	2372.000000	2372.500000	0	0	9	cluster_9	0.8387
9490	Spectrogram 1	1	2372.250000	2372.750000	0	0	9	cluster_9	0.9266
9491	Spectrogram 1	1	2372.500000	2373.000000	0	0	9	cluster_9	0.8045
9492	Spectrogram 1	1	2372.750000	2373.250000	0	0	noise	cluster_noise	0.0000
9493	Spectrogram 1	1	2373.000000	2373.500000	0	0	8	cluster_8	1.0000
9494	Spectrogram 1	1	2373.250000	2373.750000	0	0	8	cluster_8	0.9251
9495	Spectrogram 1	1	2373.500000	2374.000000	0	0	8	cluster_8	1.0000
9496	Spectrogram 1	1	2373.750000	2374.250000	0	0	6	cluster_6	1.0000
9497	Spectrogram 1	1	2374.000000	2374.500000	0	0	5	cluster_5	0.5504
9498	Spectrogram 1	1	2374.250000	2374.750000	0	0	5	cluster_5	0.5177
9499	Spectrogram 1	1	2374.500000	2375.000000	0	0	5	cluster_5	0.5055
9500	Spectrogram 1	1	2374.750000	2375.250000	0	0	5	cluster_5	0.5100
9501	Spectrogram 1	1	2375.000000	2375.500000	0	0	5	cluster_5	0.5185
9502	Spectrogram 1	1	2375.250000	2375.750000	0	0	5	cluster_5	0.5669
9503	Spectrogram 1	1	2375.500000	2376.000000	0	0	5	cluster_5	0.7225
9504	Spectrogram 1	1	2375.750000	2376.250000	0	0	5	cluster_5	0.5977
9505	Spectrogram 1	1	2376.000000	2376.500000	0	0	noise	cluster_noise	0.0000
9506	Spectrogram 1	1	2376.250000	2376.750000	0	0	2	cluster_2	0.3484
9507	Spectrogram 1	1	2376.500000	2377.000000	0	0	noise	cluster_noise	0.0000
9508	Spectrogram 1	1	2376.750000	2377.250000	0	0	noise	cluster_noise	0.0000
9509	Spectrogram 1	1	2377.000000	2377.500000	0	0	6	cluster_6	0.8151
9510	Spectrogram 1	1	2377.250000	2377.750000	0	0	6	cluster_6	0.7181
9511	Spectrogram 1	1	2377.500000	2378.000000	0	0	6	cluster_6	0.9644
9512	Spectrogram 1	1	2377.750000	2378.250000	0	0	6	cluster_6	1.0000
9513	Spectrogram 1	1	2378.000000	2378.500000	0	0	6	cluster_6	0.9019
9514	Spectrogram 1	1	2378.250000	2378.750000	0	0	10	cluster_10	0.7907
9515	Spectrogram 1	1	2378.500000	2379.000000	0	0	10	cluster_10	0.9516
9516	Spectrogram 1	1	2378.750000	2379.250000	0	0	10	cluster_10	1.0000
9517	Spectrogram 1	1	2379.000000	2379.500000	0	0	10	cluster_10	1.0000
9518	Spectrogram 1	1	2379.250000	2379.750000	0	0	10	cluster_10	1.0000
9519	Spectrogram 1	1	2379.500000	2380.000000	0	0	10	cluster_10	1.0000
9520	Spectrogram 1	1	2379.750000	2380.250000	0	0	10	cluster_10	0.9146
9521	Spectrogram 1	1	2380.000000	2380.500000	0	0	10	cluster_10	0.8923
9522	Spectrogram 1	1	2380.250000	2380.750000	0	0	10	cluster_10	1.0000
9523	Spectrogram 1	1	2380.500000	2381.000000	0	0	10	cluster_10	0.7887
9524	Spectrogram 1	1	2380.750000	2381.250000	0	0	6	cluster_6	0.9940
9525	Spectrogram 1	1	2381.000000	2381.500000	0	0	6	cluster_6	1.0000
9526	Spectrogram 1	1	2381.250000	2381.750000	0	0	6	cluster_6	1.0000
9527	Spectrogram 1	1	2381.500000	2382.000000	0	0	noise	cluster_noise	0.0000
9528	Spectrogram 1	1	2381.750000	2382.250000	0	0	noise	cluster_noise	0.0000
9529	Spectrogram 1	1	2382.000000	2382.500000	0	0	9	cluster_9	0.8283
9530	Spectrogram 1	1	2382.250000	2382.750000	0	0	9	cluster_9	0.9704
9531	Spectrogram 1	1	2382.500000	2383.000000	0	0	9	cluster_9	0.8492
9532	Spectrogram 1	1	2382.750000	2383.250000	0	0	9	cluster_9	0.8211
9533	Spectrogram 1	1	2383.000000	2383.500000	0	0	8	cluster_8	1.0000
9534	Spectrogram 1	1	2383.250000	2383.750000	0	0	9	cluster_9	0.8577
9535	Spectrogram 1	1	2383.500000	2384.000000	0	0	8	cluster_8	0.9171
9536	Spectrogram 1	1	2383.750000	2384.250000	0	0	noise	cluster_noise	0.0000
9537	Spectrogram 1	1	2384.000000	2384.500000	0	0	6	cluster_6	0.9323
9538	Spectrogram 1	1	2384.250000	2384.750000	0	0	noise	cluster_noise	0.0000
9539	Spectrogram 1	1	2384.500000	2385.000000	0	0	9	cluster_9	0.5644
9540	Spectrogram 1	1	2384.750000	2385.250000	0	0	9	cluster_9	0.9217
9541	Spectrogram 1	1	2385.000000	2385.500000	0	0	9	cluster_9	1.0000
9542	Spectrogram 1	1	2385.250000	2385.750000	0	0	9	cluster_9	0.8466
9543	Spectrogram 1	1	2385.500000	2386.000000	0	0	9	cluster_9	0.7743
9544	Spectrogram 1	1	2385.750000	2386.250000	0	0	9	cluster_9	0.8826
9545	Spectrogram 1	1	2386.000000	2386.500000	0	0	9	cluster_9	0.8551
9546	Spectrogram 1	1	2386.250000	2386.750000	0	0	noise	cluster_noise	0.0000
9547	Spectrogram 1	1	2386.500000	2387.000000	0	0	8	cluster_8	1.0000
9548	Spectrogram 1	1	2386.750000	2387.250000	0	0	8	cluster_8	1.0000
9549	Spectrogram 1	1	2387.000000	2387.500000	0	0	8	cluster_8	1.0000
9550	Spectrogram 1	1	2387.250000	2387.750000	0	0	6	cluster_6	0.9382
9551	Spectrogram 1	1	2387.500000	2388.000000	0	0	5	cluster_5	0.8154
9552	Spectrogram 1	1	2387.750000	2388.250000	0	0	5	cluster_5	0.9014
9553	Spectrogram 1	1	2388.000000	2388.500000	0	0	5	cluster_5	1.0000
9554	Spectrogram 1	1	2388.250000	2388.750000	0	0	5	cluster_5	0.9461
9555	Spectrogram 1	1	2388.500000	2389.000000	0	0	5	cluster_5	1.0000
9556	Spectrogram 1	1	2388.750000	2389.250000	0	0	5	cluster_5	0.9769
9557	Spectrogram 1	1	2389.000000	2389.500000	0	0	5	cluster_5	1.0000
9558	Spectrogram 1	1	2389.250000	2389.750000	0	0	5	cluster_5	0.9172
9559	Spectrogram 1	1	2389.500000	2390.000000	0	0	5	cluster_5	0.6590
9560	Spectrogram 1	1	2389.750000	2390.250000	0	0	5	cluster_5	0.9413
9561	Spectrogram 1	1	2390.000000	2390.500000	0	0	5	cluster_5	0.8949
9562	Spectrogram 1	1	2390.250000	2390.750000	0	0	5	cluster_5	1.0000
9563	Spectrogram 1	1	2390.500000	2391.000000	0	0	6	cluster_6	0.8813
9564	Spectrogram 1	1	2390.750000	2391.250000	0	0	6	cluster_6	1.0000
9565	Spectrogram 1	1	2391.000000	2391.500000	0	0	6	cluster_6	1.0000
9566	Spectrogram 1	1	2391.250000	2391.750000	0	0	6	cluster_6	1.0000
9567	Spectrogram 1	1	2391.500000	2392.000000	0	0	10	cluster_10	0.8717
9568	Spectrogram 1	1	2391.750000	2392.250000	0	0	10	cluster_10	1.0000
9569	Spectrogram 1	1	2392.000000	2392.500000	0	0	10	cluster_10	1.0000
9570	Spectrogram 1	1	2392.250000	2392.750000	0	0	10	cluster_10	1.0000
9571	Spectrogram 1	1	2392.500000	2393.000000	0	0	10	cluster_10	1.0000
9572	Spectrogram 1	1	2392.750000	2393.250000	0	0	10	cluster_10	1.0000
9573	Spectrogram 1	1	2393.000000	2393.500000	0	0	10	cluster_10	1.0000
9574	Spectrogram 1	1	2393.250000	2393.750000	0	0	10	cluster_10	0.9638
9575	Spectrogram 1	1	2393.500000	2394.000000	0	0	10	cluster_10	1.0000
9576	Spectrogram 1	1	2393.750000	2394.250000	0	0	10	cluster_10	1.0000
9577	Spectrogram 1	1	2394.000000	2394.500000	0	0	6	cluster_6	0.7947
9578	Spectrogram 1	1	2394.250000	2394.750000	0	0	6	cluster_6	1.0000
9579	Spectrogram 1	1	2394.500000	2395.000000	0	0	noise	cluster_noise	0.0000
9580	Spectrogram 1	1	2394.750000	2395.250000	0	0	noise	cluster_noise	0.0000
9581	Spectrogram 1	1	2395.000000	2395.500000	0	0	9	cluster_9	0.6689
9582	Spectrogram 1	1	2395.250000	2395.750000	0	0	9	cluster_9	1.0000
9583	Spectrogram 1	1	2395.500000	2396.000000	0	0	9	cluster_9	1.0000
9584	Spectrogram 1	1	2395.750000	2396.250000	0	0	9	cluster_9	0.8218
9585	Spectrogram 1	1	2396.000000	2396.500000	0	0	9	cluster_9	0.9272
9586	Spectrogram 1	1	2396.250000	2396.750000	0	0	9	cluster_9	0.8697
9587	Spectrogram 1	1	2396.500000	2397.000000	0	0	noise	cluster_noise	0.0000
9588	Spectrogram 1	1	2396.750000	2397.250000	0	0	noise	cluster_noise	0.0000
9589	Spectrogram 1	1	2397.000000	2397.500000	0	0	noise	cluster_noise	0.0000
9590	Spectrogram 1	1	2397.250000	2397.750000	0	0	noise	cluster_noise	0.0000
9591	Spectrogram 1	1	2397.500000	2398.000000	0	0	9	cluster_9	0.5568
9592	Spectrogram 1	1	2397.750000	2398.250000	0	0	9	cluster_9	0.8244
9593	Spectrogram 1	1	2398.000000	2398.500000	0	0	9	cluster_9	1.0000
9594	Spectrogram 1	1	2398.250000	2398.750000	0	0	9	cluster_9	0.8688
9595	Spectrogram 1	1	2398.500000	2399.000000	0	0	9	cluster_9	0.8037
9596	Spectrogram 1	1	2398.750000	2399.250000	0	0	9	cluster_9	0.7934
9597	Spectrogram 1	1	2399.000000	2399.500000	0	0	9	cluster_9	0.8240
9598	Spectrogram 1	1	2399.250000	2399.750000	0	0	8	cluster_8	0.9229
9599	Spectrogram 1	1	2399.500000	2400.000000	0	0	6	cluster_6	0.6131
9600	Spectrogram 1	1	2399.750000	2400.250000	0	0	9	cluster_9	0.7071
9601	Spectrogram 1	1	2400.000000	2400.500000	0	0	9	cluster_9	0.7272
9602	Spectrogram 1	1	2400.250000	2400.750000	0	0	5	cluster_5	0.5316
9603	Spectrogram 1	1	2400.500000	2401.000000	0	0	5	cluster_5	0.9875
9604	Spectrogram 1	1	2400.750000	2401.250000	0	0	5	cluster_5	0.9595
9605	Spectrogram 1	1	2401.000000	2401.500000	0	0	5	cluster_5	1.0000
9606	Spectrogram 1	1	2401.250000	2401.750000	0	0	5	cluster_5	1.0000
9607	Spectrogram 1	1	2401.500000	2402.000000	0	0	5	cluster_5	0.9190
9608	Spectrogram 1	1	2401.750000	2402.250000	0	0	5	cluster_5	0.8973
9609	Spectrogram 1	1	2402.000000	2402.500000	0	0	5	cluster_5	0.9032
9610	Spectrogram 1	1	2402.250000	2402.750000	0	0	5	cluster_5	0.9987
9611	Spectrogram 1	1	2402.500000	2403.000000	0	0	5	cluster_5	1.0000
9612	Spectrogram 1	1	2402.750000	2403.250000	0	0	5	cluster_5	1.0000
9613	Spectrogram 1	1	2403.000000	2403.500000	0	0	5	cluster_5	1.0000
9614	Spectrogram 1	1	2403.250000	2403.750000	0	0	6	cluster_6	1.0000
9615	Spectrogram 1	1	2403.500000	2404.000000	0	0	6	cluster_6	0.9726
9616	Spectrogram 1	1	2403.750000	2404.250000	0	0	6	cluster_6	0.9839
9617	Spectrogram 1	1	2404.000000	2404.500000	0	0	10	cluster_10	0.8299
9618	Spectrogram 1	1	2404.250000	2404.750000	0	0	10	cluster_10	1.0000
9619	Spectrogram 1	1	2404.500000	2405.000000	0	0	10	cluster_10	1.0000
9620	Spectrogram 1	1	2404.750000	2405.250000	0	0	10	cluster_10	1.0000
9621	Spectrogram 1	1	2405.000000	2405.500000	0	0	10	cluster_10	1.0000
9622	Spectrogram 1	1	2405.250000	2405.750000	0	0	10	cluster_10	1.0000
9623	Spectrogram 1	1	2405.500000	2406.000000	0	0	10	cluster_10	1.0000
9624	Spectrogram 1	1	2405.750000	2406.250000	0	0	10	cluster_10	1.0000
9625	Spectrogram 1	1	2406.000000	2406.500000	0	0	10	cluster_10	1.0000
9626	Spectrogram 1	1	2406.250000	2406.750000	0	0	10	cluster_10	1.0000
9627	Spectrogram 1	1	2406.500000	2407.000000	0	0	10	cluster_10	1.0000
9628	Spectrogram 1	1	2406.750000	2407.250000	0	0	10	cluster_10	0.8391
9629	Spectrogram 1	1	2407.000000	2407.500000	0	0	6	cluster_6	1.0000
9630	Spectrogram 1	1	2407.250000	2407.750000	0	0	6	cluster_6	1.0000
9631	Spectrogram 1	1	2407.500000	2408.000000	0	0	noise	cluster_noise	0.0000
9632	Spectrogram 1	1	2407.750000	2408.250000	0	0	noise	cluster_noise	0.0000
9633	Spectrogram 1	1	2408.000000	2408.500000	0	0	9	cluster_9	0.6056
9634	Spectrogram 1	1	2408.250000	2408.750000	0	0	9	cluster_9	1.0000
9635	Spectrogram 1	1	2408.500000	2409.000000	0	0	9	cluster_9	1.0000
9636	Spectrogram 1	1	2408.750000	2409.250000	0	0	9	cluster_9	0.8327
9637	Spectrogram 1	1	2409.000000	2409.500000	0	0	9	cluster_9	0.8893
9638	Spectrogram 1	1	2409.250000	2409.750000	0	0	9	cluster_9	0.8333
9639	Spectrogram 1	1	2409.500000	2410.000000	0	0	noise	cluster_noise	0.0000
9640	Spectrogram 1	1	2409.750000	2410.250000	0	0	8	cluster_8	1.0000
9641	Spectrogram 1	1	2410.000000	2410.500000	0	0	8	cluster_8	0.8793
9642	Spectrogram 1	1	2410.250000	2410.750000	0	0	5	cluster_5	1.0000
9643	Spectrogram 1	1	2410.500000	2411.000000	0	0	9	cluster_9	0.7474
9644	Spectrogram 1	1	2410.750000	2411.250000	0	0	9	cluster_9	0.6522
9645	Spectrogram 1	1	2411.000000	2411.500000	0	0	9	cluster_9	0.8050
9646	Spectrogram 1	1	2411.250000	2411.750000	0	0	9	cluster_9	0.8112
9647	Spectrogram 1	1	2411.500000	2412.000000	0	0	9	cluster_9	0.9441
9648	Spectrogram 1	1	2411.750000	2412.250000	0	0	9	cluster_9	0.6483
9649	Spectrogram 1	1	2412.000000	2412.500000	0	0	9	cluster_9	0.8302
9650	Spectrogram 1	1	2412.250000	2412.750000	0	0	8	cluster_8	1.0000
9651	Spectrogram 1	1	2412.500000	2413.000000	0	0	noise	cluster_noise	0.0000
9652	Spectrogram 1	1	2412.750000	2413.250000	0	0	8	cluster_8	1.0000
9653	Spectrogram 1	1	2413.000000	2413.500000	0	0	8	cluster_8	1.0000
9654	Spectrogram 1	1	2413.250000	2413.750000	0	0	8	cluster_8	1.0000
9655	Spectrogram 1	1	2413.500000	2414.000000	0	0	6	cluster_6	1.0000
9656	Spectrogram 1	1	2413.750000	2414.250000	0	0	5	cluster_5	0.7753
9657	Spectrogram 1	1	2414.000000	2414.500000	0	0	5	cluster_5	1.0000
9658	Spectrogram 1	1	2414.250000	2414.750000	0	0	5	cluster_5	1.0000
9659	Spectrogram 1	1	2414.500000	2415.000000	0	0	5	cluster_5	0.8187
9660	Spectrogram 1	1	2414.750000	2415.250000	0	0	5	cluster_5	0.8700
9661	Spectrogram 1	1	2415.000000	2415.500000	0	0	5	cluster_5	0.9529
9662	Spectrogram 1	1	2415.250000	2415.750000	0	0	5	cluster_5	1.0000
9663	Spectrogram 1	1	2415.500000	2416.000000	0	0	5	cluster_5	1.0000
9664	Spectrogram 1	1	2415.750000	2416.250000	0	0	5	cluster_5	1.0000
9665	Spectrogram 1	1	2416.000000	2416.500000	0	0	5	cluster_5	1.0000
9666	Spectrogram 1	1	2416.250000	2416.750000	0	0	5	cluster_5	1.0000
9667	Spectrogram 1	1	2416.500000	2417.000000	0	0	6	cluster_6	0.7906
9668	Spectrogram 1	1	2416.750000	2417.250000	0	0	6	cluster_6	0.9108
9669	Spectrogram 1	1	2417.000000	2417.500000	0	0	6	cluster_6	0.6227
9670	Spectrogram 1	1	2417.250000	2417.750000	0	0	10	cluster_10	0.8120
9671	Spectrogram 1	1	2417.500000	2418.000000	0	0	10	cluster_10	1.0000
9672	Spectrogram 1	1	2417.750000	2418.250000	0	0	10	cluster_10	1.0000
9673	Spectrogram 1	1	2418.000000	2418.500000	0	0	10	cluster_10	1.0000
9674	Spectrogram 1	1	2418.250000	2418.750000	0	0	10	cluster_10	1.0000
9675	Spectrogram 1	1	2418.500000	2419.000000	0	0	10	cluster_10	1.0000
9676	Spectrogram 1	1	2418.750000	2419.250000	0	0	10	cluster_10	1.0000
9677	Spectrogram 1	1	2419.000000	2419.500000	0	0	10	cluster_10	0.8636
9678	Spectrogram 1	1	2419.250000	2419.750000	0	0	10	cluster_10	1.0000
9679	Spectrogram 1	1	2419.500000	2420.000000	0	0	10	cluster_10	1.0000
9680	Spectrogram 1	1	2419.750000	2420.250000	0	0	10	cluster_10	1.0000
9681	Spectrogram 1	1	2420.000000	2420.500000	0	0	noise	cluster_noise	0.0000
9682	Spectrogram 1	1	2420.250000	2420.750000	0	0	6	cluster_6	1.0000
9683	Spectrogram 1	1	2420.500000	2421.000000	0	0	5	cluster_5	0.7682
9684	Spectrogram 1	1	2420.750000	2421.250000	0	0	noise	cluster_noise	0.0000
9685	Spectrogram 1	1	2421.000000	2421.500000	0	0	9	cluster_9	0.7474
9686	Spectrogram 1	1	2421.250000	2421.750000	0	0	9	cluster_9	0.7882
9687	Spectrogram 1	1	2421.500000	2422.000000	0	0	9	cluster_9	0.8942
9688	Spectrogram 1	1	2421.750000	2422.250000	0	0	9	cluster_9	0.8768
9689	Spectrogram 1	1	2422.000000	2422.500000	0	0	9	cluster_9	0.6491
9690	Spectrogram 1	1	2422.250000	2422.750000	0	0	9	cluster_9	0.7591
9691	Spectrogram 1	1	2422.500000	2423.000000	0	0	9	cluster_9	0.7053
9692	Spectrogram 1	1	2422.750000	2423.250000	0	0	8	cluster_8	0.9907
9693	Spectrogram 1	1	2423.000000	2423.500000	0	0	8	cluster_8	1.0000
9694	Spectrogram 1	1	2423.250000	2423.750000	0	0	5	cluster_5	1.0000
9695	Spectrogram 1	1	2423.500000	2424.000000	0	0	9	cluster_9	0.7474
9696	Spectrogram 1	1	2423.750000	2424.250000	0	0	9	cluster_9	0.7474
9697	Spectrogram 1	1	2424.000000	2424.500000	0	0	9	cluster_9	0.8301
9698	Spectrogram 1	1	2424.250000	2424.750000	0	0	9	cluster_9	0.9023
9699	Spectrogram 1	1	2424.500000	2425.000000	0	0	9	cluster_9	0.8722
9700	Spectrogram 1	1	2424.750000	2425.250000	0	0	9	cluster_9	0.6263
9701	Spectrogram 1	1	2425.000000	2425.500000	0	0	9	cluster_9	0.5788
9702	Spectrogram 1	1	2425.250000	2425.750000	0	0	noise	cluster_noise	0.0000
9703	Spectrogram 1	1	2425.500000	2426.000000	0	0	6	cluster_6	1.0000
9704	Spectrogram 1	1	2425.750000	2426.250000	0	0	8	cluster_8	1.0000
9705	Spectrogram 1	1	2426.000000	2426.500000	0	0	8	cluster_8	1.0000
9706	Spectrogram 1	1	2426.250000	2426.750000	0	0	5	cluster_5	0.5295
9707	Spectrogram 1	1	2426.500000	2427.000000	0	0	5	cluster_5	1.0000
9708	Spectrogram 1	1	2426.750000	2427.250000	0	0	5	cluster_5	0.9607
9709	Spectrogram 1	1	2427.000000	2427.500000	0	0	5	cluster_5	1.0000
9710	Spectrogram 1	1	2427.250000	2427.750000	0	0	5	cluster_5	1.0000
9711	Spectrogram 1	1	2427.500000	2428.000000	0	0	5	cluster_5	1.0000
9712	Spectrogram 1	1	2427.750000	2428.250000	0	0	5	cluster_5	1.0000
9713	Spectrogram 1	1	2428.000000	2428.500000	0	0	5	cluster_5	1.0000
9714	Spectrogram 1	1	2428.250000	2428.750000	0	0	5	cluster_5	1.0000
9715	Spectrogram 1	1	2428.500000	2429.000000	0	0	5	cluster_5	0.8628
9716	Spectrogram 1	1	2428.750000	2429.250000	0	0	5	cluster_5	1.0000
9717	Spectrogram 1	1	2429.000000	2429.500000	0	0	5	cluster_5	1.0000
9718	Spectrogram 1	1	2429.250000	2429.750000	0	0	5	cluster_5	1.0000
9719	Spectrogram 1	1	2429.500000	2430.000000	0	0	10	cluster_10	1.0000
9720	Spectrogram 1	1	2429.750000	2430.250000	0	0	10	cluster_10	1.0000
9721	Spectrogram 1	1	2430.000000	2430.500000	0	0	10	cluster_10	1.0000
9722	Spectrogram 1	1	2430.250000	2430.750000	0	0	10	cluster_10	1.0000
9723	Spectrogram 1	1	2430.500000	2431.000000	0	0	10	cluster_10	1.0000
9724	Spectrogram 1	1	2430.750000	2431.250000	0	0	10	cluster_10	1.0000
9725	Spectrogram 1	1	2431.000000	2431.500000	0	0	10	cluster_10	1.0000
9726	Spectrogram 1	1	2431.250000	2431.750000	0	0	10	cluster_10	1.0000
9727	Spectrogram 1	1	2431.500000	2432.000000	0	0	10	cluster_10	1.0000
9728	Spectrogram 1	1	2431.750000	2432.250000	0	0	10	cluster_10	1.0000
9729	Spectrogram 1	1	2432.000000	2432.500000	0	0	10	cluster_10	1.0000
9730	Spectrogram 1	1	2432.250000	2432.750000	0	0	10	cluster_10	0.9122
9731	Spectrogram 1	1	2432.500000	2433.000000	0	0	6	cluster_6	1.0000
9732	Spectrogram 1	1	2432.750000	2433.250000	0	0	6	cluster_6	1.0000
9733	Spectrogram 1	1	2433.000000	2433.500000	0	0	5	cluster_5	0.8758
9734	Spectrogram 1	1	2433.250000	2433.750000	0	0	9	cluster_9	0.5662
9735	Spectrogram 1	1	2433.500000	2434.000000	0	0	9	cluster_9	0.7474
9736	Spectrogram 1	1	2433.750000	2434.250000	0	0	9	cluster_9	0.7316
9737	Spectrogram 1	1	2434.000000	2434.500000	0	0	9	cluster_9	0.8893
9738	Spectrogram 1	1	2434.250000	2434.750000	0	0	9	cluster_9	0.8379
9739	Spectrogram 1	1	2434.500000	2435.000000	0	0	9	cluster_9	0.6368
9740	Spectrogram 1	1	2434.750000	2435.250000	0	0	9	cluster_9	0.7257
9741	Spectrogram 1	1	2435.000000	2435.500000	0	0	9	cluster_9	0.6946
9742	Spectrogram 1	1	2435.250000	2435.750000	0	0	8	cluster_8	1.0000
9743	Spectrogram 1	1	2435.500000	2436.000000	0	0	5	cluster_5	0.5185
9744	Spectrogram 1	1	2435.750000	2436.250000	0	0	5	cluster_5	1.0000
9745	Spectrogram 1	1	2436.000000	2436.500000	0	0	9	cluster_9	0.7036
9746	Spectrogram 1	1	2436.250000	2436.750000	0	0	9	cluster_9	0.7474
9747	Spectrogram 1	1	2436.500000	2437.000000	0	0	9	cluster_9	0.7385
9748	Spectrogram 1	1	2436.750000	2437.250000	0	0	9	cluster_9	0.8550
9749	Spectrogram 1	1	2437.000000	2437.500000	0	0	9	cluster_9	0.7295
9750	Spectrogram 1	1	2437.250000	2437.750000	0	0	9	cluster_9	0.6276
9751	Spectrogram 1	1	2437.500000	2438.000000	0	0	9	cluster_9	0.5655
9752	Spectrogram 1	1	2437.750000	2438.250000	0	0	8	cluster_8	1.0000
9753	Spectrogram 1	1	2438.000000	2438.500000	0	0	6	cluster_6	1.0000
9754	Spectrogram 1	1	2438.250000	2438.750000	0	0	8	cluster_8	1.0000
9755	Spectrogram 1	1	2438.500000	2439.000000	0	0	8	cluster_8	1.0000
9756	Spectrogram 1	1	2438.750000	2439.250000	0	0	6	cluster_6	0.9122
9757	Spectrogram 1	1	2439.000000	2439.500000	0	0	5	cluster_5	1.0000
9758	Spectrogram 1	1	2439.250000	2439.750000	0	0	5	cluster_5	0.9508
9759	Spectrogram 1	1	2439.500000	2440.000000	0	0	5	cluster_5	1.0000
9760	Spectrogram 1	1	2439.750000	2440.250000	0	0	5	cluster_5	1.0000
9761	Spectrogram 1	1	2440.000000	2440.500000	0	0	5	cluster_5	1.0000
9762	Spectrogram 1	1	2440.250000	2440.750000	0	0	5	cluster_5	1.0000
9763	Spectrogram 1	1	2440.500000	2441.000000	0	0	5	cluster_5	1.0000
9764	Spectrogram 1	1	2440.750000	2441.250000	0	0	5	cluster_5	0.9478
9765	Spectrogram 1	1	2441.000000	2441.500000	0	0	5	cluster_5	1.0000
9766	Spectrogram 1	1	2441.250000	2441.750000	0	0	5	cluster_5	0.7926
9767	Spectrogram 1	1	2441.500000	2442.000000	0	0	5	cluster_5	0.8584
9768	Spectrogram 1	1	2441.750000	2442.250000	0	0	10	cluster_10	1.0000
9769	Spectrogram 1	1	2442.000000	2442.500000	0	0	10	cluster_10	1.0000
9770	Spectrogram 1	1	2442.250000	2442.750000	0	0	10	cluster_10	0.7978
9771	Spectrogram 1	1	2442.500000	2443.000000	0	0	10	cluster_10	0.8964
9772	Spectrogram 1	1	2442.750000	2443.250000	0	0	10	cluster_10	0.9844
9773	Spectrogram 1	1	2443.000000	2443.500000	0	0	10	cluster_10	1.0000
9774	Spectrogram 1	1	2443.250000	2443.750000	0	0	10	cluster_10	1.0000
9775	Spectrogram 1	1	2443.500000	2444.000000	0	0	10	cluster_10	1.0000
9776	Spectrogram 1	1	2443.750000	2444.250000	0	0	10	cluster_10	0.9548
9777	Spectrogram 1	1	2444.000000	2444.500000	0	0	10	cluster_10	1.0000
9778	Spectrogram 1	1	2444.250000	2444.750000	0	0	10	cluster_10	1.0000
9779	Spectrogram 1	1	2444.500000	2445.000000	0	0	10	cluster_10	0.9574
9780	Spectrogram 1	1	2444.750000	2445.250000	0	0	6	cluster_6	1.0000
9781	Spectrogram 1	1	2445.000000	2445.500000	0	0	noise	cluster_noise	0.0000
9782	Spectrogram 1	1	2445.250000	2445.750000	0	0	noise	cluster_noise	0.0000
9783	Spectrogram 1	1	2445.500000	2446.000000	0	0	5	cluster_5	0.9882
9784	Spectrogram 1	1	2445.750000	2446.250000	0	0	9	cluster_9	0.6975
9785	Spectrogram 1	1	2446.000000	2446.500000	0	0	9	cluster_9	0.7474
9786	Spectrogram 1	1	2446.250000	2446.750000	0	0	9	cluster_9	0.7640
9787	Spectrogram 1	1	2446.500000	2447.000000	0	0	9	cluster_9	0.8584
9788	Spectrogram 1	1	2446.750000	2447.250000	0	0	9	cluster_9	0.9109
9789	Spectrogram 1	1	2447.000000	2447.500000	0	0	9	cluster_9	0.6103
9790	Spectrogram 1	1	2447.250000	2447.750000	0	0	9	cluster_9	0.7839
9791	Spectrogram 1	1	2447.500000	2448.000000	0	0	9	cluster_9	0.5793
9792	Spectrogram 1	1	2447.750000	2448.250000	0	0	6	cluster_6	0.6280
9793	Spectrogram 1	1	2448.000000	2448.500000	0	0	5	cluster_5	0.8574
9794	Spectrogram 1	1	2448.250000	2448.750000	0	0	noise	cluster_noise	0.0000
9795	Spectrogram 1	1	2448.500000	2449.000000	0	0	9	cluster_9	0.7474
9796	Spectrogram 1	1	2448.750000	2449.250000	0	0	9	cluster_9	0.5648
9797	Spectrogram 1	1	2449.000000	2449.500000	0	0	9	cluster_9	0.8373
9798	Spectrogram 1	1	2449.250000	2449.750000	0	0	9	cluster_9	0.7670
9799	Spectrogram 1	1	2449.500000	2450.000000	0	0	9	cluster_9	0.5937
9800	Spectrogram 1	1	2449.750000	2450.250000	0	0	9	cluster_9	0.7880
9801	Spectrogram 1	1	2450.000000	2450.500000	0	0	9	cluster_9	0.5665
9802	Spectrogram 1	1	2450.250000	2450.750000	0	0	8	cluster_8	1.0000
9803	Spectrogram 1	1	2450.500000	2451.000000	0	0	8	cluster_8	1.0000
9804	Spectrogram 1	1	2450.750000	2451.250000	0	0	8	cluster_8	0.8678
9805	Spectrogram 1	1	2451.000000	2451.500000	0	0	8	cluster_8	1.0000
9806	Spectrogram 1	1	2451.250000	2451.750000	0	0	6	cluster_6	1.0000
9807	Spectrogram 1	1	2451.500000	2452.000000	0	0	5	cluster_5	1.0000
9808	Spectrogram 1	1	2451.750000	2452.250000	0	0	5	cluster_5	0.9697
9809	Spectrogram 1	1	2452.000000	2452.500000	0	0	5	cluster_5	1.0000
9810	Spectrogram 1	1	2452.250000	2452.750000	0	0	5	cluster_5	1.0000
9811	Spectrogram 1	1	2452.500000	2453.000000	0	0	5	cluster_5	1.0000
9812	Spectrogram 1	1	2452.750000	2453.250000	0	0	5	cluster_5	1.0000
9813	Spectrogram 1	1	2453.000000	2453.500000	0	0	5	cluster_5	0.8896
9814	Spectrogram 1	1	2453.250000	2453.750000	0	0	5	cluster_5	1.0000
9815	Spectrogram 1	1	2453.500000	2454.000000	0	0	5	cluster_5	1.0000
9816	Spectrogram 1	1	2453.750000	2454.250000	0	0	5	cluster_5	1.0000
9817	Spectrogram 1	1	2454.000000	2454.500000	0	0	5	cluster_5	0.5718
9818	Spectrogram 1	1	2454.250000	2454.750000	0	0	10	cluster_10	1.0000
9819	Spectrogram 1	1	2454.500000	2455.000000	0	0	10	cluster_10	1.0000
9820	Spectrogram 1	1	2454.750000	2455.250000	0	0	10	cluster_10	1.0000
9821	Spectrogram 1	1	2455.000000	2455.500000	0	0	10	cluster_10	1.0000
9822	Spectrogram 1	1	2455.250000	2455.750000	0	0	10	cluster_10	1.0000
9823	Spectrogram 1	1	2455.500000	2456.000000	0	0	10	cluster_10	1.0000
9824	Spectrogram 1	1	2455.750000	2456.250000	0	0	10	cluster_10	1.0000
9825	Spectrogram 1	1	2456.000000	2456.500000	0	0	10	cluster_10	1.0000
9826	Spectrogram 1	1	2456.250000	2456.750000	0	0	10	cluster_10	1.0000
9827	Spectrogram 1	1	2456.500000	2457.000000	0	0	10	cluster_10	1.0000
9828	Spectrogram 1	1	2456.750000	2457.250000	0	0	10	cluster_10	0.8585
9829	Spectrogram 1	1	2457.000000	2457.500000	0	0	6	cluster_6	1.0000
9830	Spectrogram 1	1	2457.250000	2457.750000	0	0	6	cluster_6	0.9911
9831	Spectrogram 1	1	2457.500000	2458.000000	0	0	noise	cluster_noise	0.0000
9832	Spectrogram 1	1	2457.750000	2458.250000	0	0	5	cluster_5	1.0000
9833	Spectrogram 1	1	2458.000000	2458.500000	0	0	9	cluster_9	0.6121
9834	Spectrogram 1	1	2458.250000	2458.750000	0	0	9	cluster_9	0.7474
9835	Spectrogram 1	1	2458.500000	2459.000000	0	0	9	cluster_9	0.7888
9836	Spectrogram 1	1	2458.750000	2459.250000	0	0	9	cluster_9	0.8794
9837	Spectrogram 1	1	2459.000000	2459.500000	0	0	9	cluster_9	0.7608
9838	Spectrogram 1	1	2459.250000	2459.750000	0	0	9	cluster_9	0.6537
9839	Spectrogram 1	1	2459.500000	2460.000000	0	0	9	cluster_9	0.7403
9840	Spectrogram 1	1	2459.750000	2460.250000	0	0	9	cluster_9	0.5640
9841	Spectrogram 1	1	2460.000000	2460.500000	0	0	noise	cluster_noise	0.0000
9842	Spectrogram 1	1	2460.250000	2460.750000	0	0	5	cluster_5	0.8732
9843	Spectrogram 1	1	2460.500000	2461.000000	0	0	noise	cluster_noise	0.0000
9844	Spectrogram 1	1	2460.750000	2461.250000	0	0	9	cluster_9	0.7474
9845	Spectrogram 1	1	2461.000000	2461.500000	0	0	9	cluster_9	0.8375
9846	Spectrogram 1	1	2461.250000	2461.750000	0	0	9	cluster_9	0.8012
9847	Spectrogram 1	1	2461.500000	2462.000000	0	0	9	cluster_9	0.9448
9848	Spectrogram 1	1	2461.750000	2462.250000	0	0	9	cluster_9	0.6128
9849	Spectrogram 1	1	2462.000000	2462.500000	0	0	9	cluster_9	0.7396
9850	Spectrogram 1	1	2462.250000	2462.750000	0	0	9	cluster_9	0.6619
9851	Spectrogram 1	1	2462.500000	2463.000000	0	0	8	cluster_8	1.0000
9852	Spectrogram 1	1	2462.750000	2463.250000	0	0	6	cluster_6	1.0000
9853	Spectrogram 1	1	2463.000000	2463.500000	0	0	8	cluster_8	1.0000
9854	Spectrogram 1	1	2463.250000	2463.750000	0	0	8	cluster_8	1.0000
9855	Spectrogram 1	1	2463.500000	2464.000000	0	0	5	cluster_5	0.5201
9856	Spectrogram 1	1	2463.750000	2464.250000	0	0	5	cluster_5	1.0000
9857	Spectrogram 1	1	2464.000000	2464.500000	0	0	5	cluster_5	1.0000
9858	Spectrogram 1	1	2464.250000	2464.750000	0	0	5	cluster_5	1.0000
9859	Spectrogram 1	1	2464.500000	2465.000000	0	0	5	cluster_5	1.0000
9860	Spectrogram 1	1	2464.750000	2465.250000	0	0	5	cluster_5	1.0000
9861	Spectrogram 1	1	2465.000000	2465.500000	0	0	5	cluster_5	1.0000
9862	Spectrogram 1	1	2465.250000	2465.750000	0	0	5	cluster_5	0.9307
9863	Spectrogram 1	1	2465.500000	2466.000000	0	0	5	cluster_5	1.0000
9864	Spectrogram 1	1	2465.750000	2466.250000	0	0	5	cluster_5	1.0000
9865	Spectrogram 1	1	2466.000000	2466.500000	0	0	5	cluster_5	1.0000
9866	Spectrogram 1	1	2466.250000	2466.750000	0	0	5	cluster_5	0.8554
9867	Spectrogram 1	1	2466.500000	2467.000000	0	0	6	cluster_6	0.9887
9868	Spectrogram 1	1	2466.750000	2467.250000	0	0	noise	cluster_noise	0.0000
9869	Spectrogram 1	1	2467.000000	2467.500000	0	0	10	cluster_10	0.8333
9870	Spectrogram 1	1	2467.250000	2467.750000	0	0	10	cluster_10	1.0000
9871	Spectrogram 1	1	2467.500000	2468.000000	0	0	10	cluster_10	1.0000
9872	Spectrogram 1	1	2467.750000	2468.250000	0	0	10	cluster_10	1.0000
9873	Spectrogram 1	1	2468.000000	2468.500000	0	0	10	cluster_10	1.0000
9874	Spectrogram 1	1	2468.250000	2468.750000	0	0	10	cluster_10	1.0000
9875	Spectrogram 1	1	2468.500000	2469.000000	0	0	10	cluster_10	0.9780
9876	Spectrogram 1	1	2468.750000	2469.250000	0	0	10	cluster_10	1.0000
9877	Spectrogram 1	1	2469.000000	2469.500000	0	0	10	cluster_10	1.0000
9878	Spectrogram 1	1	2469.250000	2469.750000	0	0	6	cluster_6	0.7850
9879	Spectrogram 1	1	2469.500000	2470.000000	0	0	6	cluster_6	0.6665
9880	Spectrogram 1	1	2469.750000	2470.250000	0	0	6	cluster_6	1.0000
9881	Spectrogram 1	1	2470.000000	2470.500000	0	0	6	cluster_6	0.7390
9882	Spectrogram 1	1	2470.250000	2470.750000	0	0	5	cluster_5	1.0000
9883	Spectrogram 1	1	2470.500000	2471.000000	0	0	9	cluster_9	0.7474
9884	Spectrogram 1	1	2470.750000	2471.250000	0	0	9	cluster_9	0.6833
9885	Spectrogram 1	1	2471.000000	2471.500000	0	0	9	cluster_9	0.8929
9886	Spectrogram 1	1	2471.250000	2471.750000	0	0	9	cluster_9	0.8378
9887	Spectrogram 1	1	2471.500000	2472.000000	0	0	9	cluster_9	0.8137
9888	Spectrogram 1	1	2471.750000	2472.250000	0	0	9	cluster_9	0.6854
9889	Spectrogram 1	1	2472.000000	2472.500000	0	0	9	cluster_9	0.8627
9890	Spectrogram 1	1	2472.250000	2472.750000	0	0	noise	cluster_noise	0.0000
9891	Spectrogram 1	1	2472.500000	2473.000000	0	0	12	cluster_12	0.7406
9892	Spectrogram 1	1	2472.750000	2473.250000	0	0	5	cluster_5	0.9746
9893	Spectrogram 1	1	2473.000000	2473.500000	0	0	9	cluster_9	0.6235
9894	Spectrogram 1	1	2473.250000	2473.750000	0	0	9	cluster_9	0.7474
9895	Spectrogram 1	1	2473.500000	2474.000000	0	0	9	cluster_9	0.6844
9896	Spectrogram 1	1	2473.750000	2474.250000	0	0	9	cluster_9	0.7540
9897	Spectrogram 1	1	2474.000000	2474.500000	0	0	9	cluster_9	0.7278
9898	Spectrogram 1	1	2474.250000	2474.750000	0	0	9	cluster_9	0.6038
9899	Spectrogram 1	1	2474.500000	2475.000000	0	0	9	cluster_9	0.7687
9900	Spectrogram 1	1	2474.750000	2475.250000	0	0	8	cluster_8	1.0000
9901	Spectrogram 1	1	2475.000000	2475.500000	0	0	6	cluster_6	1.0000
9902	Spectrogram 1	1	2475.250000	2475.750000	0	0	8	cluster_8	1.0000
9903	Spectrogram 1	1	2475.500000	2476.000000	0	0	8	cluster_8	1.0000
9904	Spectrogram 1	1	2475.750000	2476.250000	0	0	8	cluster_8	1.0000
9905	Spectrogram 1	1	2476.000000	2476.500000	0	0	5	cluster_5	0.5622
9906	Spectrogram 1	1	2476.250000	2476.750000	0	0	5	cluster_5	1.0000
9907	Spectrogram 1	1	2476.500000	2477.000000	0	0	5	cluster_5	0.9733
9908	Spectrogram 1	1	2476.750000	2477.250000	0	0	5	cluster_5	1.0000
9909	Spectrogram 1	1	2477.000000	2477.500000	0	0	5	cluster_5	1.0000
9910	Spectrogram 1	1	2477.250000	2477.750000	0	0	5	cluster_5	1.0000
9911	Spectrogram 1	1	2477.500000	2478.000000	0	0	5	cluster_5	0.9374
9912	Spectrogram 1	1	2477.750000	2478.250000	0	0	5	cluster_5	0.9970
9913	Spectrogram 1	1	2478.000000	2478.500000	0	0	5	cluster_5	1.0000
9914	Spectrogram 1	1	2478.250000	2478.750000	0	0	5	cluster_5	1.0000
9915	Spectrogram 1	1	2478.500000	2479.000000	0	0	5	cluster_5	0.5730
9916	Spectrogram 1	1	2478.750000	2479.250000	0	0	6	cluster_6	0.6117
9917	Spectrogram 1	1	2479.000000	2479.500000	0	0	6	cluster_6	0.8457
9918	Spectrogram 1	1	2479.250000	2479.750000	0	0	6	cluster_6	0.9420
9919	Spectrogram 1	1	2479.500000	2480.000000	0	0	10	cluster_10	0.9156
9920	Spectrogram 1	1	2479.750000	2480.250000	0	0	10	cluster_10	1.0000
9921	Spectrogram 1	1	2480.000000	2480.500000	0	0	10	cluster_10	1.0000
9922	Spectrogram 1	1	2480.250000	2480.750000	0	0	10	cluster_10	1.0000
9923	Spectrogram 1	1	2480.500000	2481.000000	0	0	10	cluster_10	1.0000
9924	Spectrogram 1	1	2480.750000	2481.250000	0	0	10	cluster_10	1.0000
9925	Spectrogram 1	1	2481.000000	2481.500000	0	0	10	cluster_10	1.0000
9926	Spectrogram 1	1	2481.250000	2481.750000	0	0	10	cluster_10	1.0000
9927	Spectrogram 1	1	2481.500000	2482.000000	0	0	10	cluster_10	1.0000
9928	Spectrogram 1	1	2481.750000	2482.250000	0	0	10	cluster_10	1.0000
9929	Spectrogram 1	1	2482.000000	2482.500000	0	0	6	cluster_6	1.0000
9930	Spectrogram 1	1	2482.250000	2482.750000	0	0	6	cluster_6	1.0000
9931	Spectrogram 1	1	2482.500000	2483.000000	0	0	6	cluster_6	1.0000
9932	Spectrogram 1	1	2482.750000	2483.250000	0	0	5	cluster_5	0.8287
9933	Spectrogram 1	1	2483.000000	2483.500000	0	0	noise	cluster_noise	0.0000
9934	Spectrogram 1	1	2483.250000	2483.750000	0	0	9	cluster_9	0.7474
9935	Spectrogram 1	1	2483.500000	2484.000000	0	0	9	cluster_9	0.7442
9936	Spectrogram 1	1	2483.750000	2484.250000	0	0	9	cluster_9	0.7599
9937	Spectrogram 1	1	2484.000000	2484.500000	0	0	9	cluster_9	0.7497
9938	Spectrogram 1	1	2484.250000	2484.750000	0	0	9	cluster_9	0.6583
9939	Spectrogram 1	1	2484.500000	2485.000000	0	0	9	cluster_9	0.7936
9940	Spectrogram 1	1	2484.750000	2485.250000	0	0	noise	cluster_noise	0.0000
9941	Spectrogram 1	1	2485.000000	2485.500000	0	0	6	cluster_6	1.0000
9942	Spectrogram 1	1	2485.250000	2485.750000	0	0	5	cluster_5	0.6587
9943	Spectrogram 1	1	2485.500000	2486.000000	0	0	5	cluster_5	1.0000
9944	Spectrogram 1	1	2485.750000	2486.250000	0	0	9	cluster_9	0.6551
9945	Spectrogram 1	1	2486.000000	2486.500000	0	0	9	cluster_9	0.7474
9946	Spectrogram 1	1	2486.250000	2486.750000	0	0	9	cluster_9	0.9877
9947	Spectrogram 1	1	2486.500000	2487.000000	0	0	9	cluster_9	0.8451
9948	Spectrogram 1	1	2486.750000	2487.250000	0	0	9	cluster_9	0.6583
9949	Spectrogram 1	1	2487.000000	2487.500000	0	0	9	cluster_9	0.6547
9950	Spectrogram 1	1	2487.250000	2487.750000	0	0	9	cluster_9	0.7356
9951	Spectrogram 1	1	2487.500000	2488.000000	0	0	6	cluster_6	0.6601
9952	Spectrogram 1	1	2487.750000	2488.250000	0	0	6	cluster_6	0.9244
9953	Spectrogram 1	1	2488.000000	2488.500000	0	0	6	cluster_6	0.9536
9954	Spectrogram 1	1	2488.250000	2488.750000	0	0	6	cluster_6	0.8690
9955	Spectrogram 1	1	2488.500000	2489.000000	0	0	6	cluster_6	0.8881
9956	Spectrogram 1	1	2488.750000	2489.250000	0	0	5	cluster_5	0.5355
9957	Spectrogram 1	1	2489.000000	2489.500000	0	0	5	cluster_5	1.0000
9958	Spectrogram 1	1	2489.250000	2489.750000	0	0	5	cluster_5	0.9908
9959	Spectrogram 1	1	2489.500000	2490.000000	0	0	5	cluster_5	1.0000
9960	Spectrogram 1	1	2489.750000	2490.250000	0	0	5	cluster_5	1.0000
9961	Spectrogram 1	1	2490.000000	2490.500000	0	0	5	cluster_5	1.0000
9962	Spectrogram 1	1	2490.250000	2490.750000	0	0	5	cluster_5	1.0000
9963	Spectrogram 1	1	2490.500000	2491.000000	0	0	5	cluster_5	0.9710
9964	Spectrogram 1	1	2490.750000	2491.250000	0	0	5	cluster_5	1.0000
9965	Spectrogram 1	1	2491.000000	2491.500000	0	0	5	cluster_5	1.0000
9966	Spectrogram 1	1	2491.250000	2491.750000	0	0	5	cluster_5	0.9892
9967	Spectrogram 1	1	2491.500000	2492.000000	0	0	6	cluster_6	0.8215
9968	Spectrogram 1	1	2491.750000	2492.250000	0	0	6	cluster_6	0.8576
9969	Spectrogram 1	1	2492.000000	2492.500000	0	0	10	cluster_10	0.8568
9970	Spectrogram 1	1	2492.250000	2492.750000	0	0	10	cluster_10	1.0000
9971	Spectrogram 1	1	2492.500000	2493.000000	0	0	10	cluster_10	1.0000
9972	Spectrogram 1	1	2492.750000	2493.250000	0	0	10	cluster_10	1.0000
9973	Spectrogram 1	1	2493.000000	2493.500000	0	0	10	cluster_10	1.0000
9974	Spectrogram 1	1	2493.250000	2493.750000	0	0	10	cluster_10	1.0000
9975	Spectrogram 1	1	2493.500000	2494.000000	0	0	10	cluster_10	1.0000
9976	Spectrogram 1	1	2493.750000	2494.250000	0	0	10	cluster_10	1.0000
9977	Spectrogram 1	1	2494.000000	2494.500000	0	0	10	cluster_10	1.0000
9978	Spectrogram 1	1	2494.250000	2494.750000	0	0	10	cluster_10	1.0000
9979	Spectrogram 1	1	2494.500000	2495.000000	0	0	6	cluster_6	0.6136
9980	Spectrogram 1	1	2494.750000	2495.250000	0	0	6	cluster_6	0.8607
9981	Spectrogram 1	1	2495.000000	2495.500000	0	0	6	cluster_6	1.0000
9982	Spectrogram 1	1	2495.250000	2495.750000	0	0	12	cluster_12	0.8012
9983	Spectrogram 1	1	2495.500000	2496.000000	0	0	noise	cluster_noise	0.0000
9984	Spectrogram 1	1	2495.750000	2496.250000	0	0	9	cluster_9	0.7474
9985	Spectrogram 1	1	2496.000000	2496.500000	0	0	9	cluster_9	0.5680
9986	Spectrogram 1	1	2496.250000	2496.750000	0	0	9	cluster_9	0.7439
9987	Spectrogram 1	1	2496.500000	2497.000000	0	0	9	cluster_9	0.9088
9988	Spectrogram 1	1	2496.750000	2497.250000	0	0	9	cluster_9	0.9448
9989	Spectrogram 1	1	2497.000000	2497.500000	0	0	9	cluster_9	0.8402
9990	Spectrogram 1	1	2497.250000	2497.750000	0	0	8	cluster_8	1.0000
9991	Spectrogram 1	1	2497.500000	2498.000000	0	0	6	cluster_6	0.9045
9992	Spectrogram 1	1	2497.750000	2498.250000	0	0	noise	cluster_noise	0.0000
9993	Spectrogram 1	1	2498.000000	2498.500000	0	0	5	cluster_5	0.8936
9994	Spectrogram 1	1	2498.250000	2498.750000	0	0	9	cluster_9	0.6163
9995	Spectrogram 1	1	2498.500000	2499.000000	0	0	9	cluster_9	0.7474
9996	Spectrogram 1	1	2498.750000	2499.250000	0	0	9	cluster_9	0.7311
9997	Spectrogram 1	1	2499.000000	2499.500000	0	0	9	cluster_9	0.7404
9998	Spectrogram 1	1	2499.250000	2499.750000	0	0	9	cluster_9	0.8890
9999	Spectrogram 1	1	2499.500000	2500.000000	0	0	noise	cluster_noise	0.0000
10000	Spectrogram 1	1	2499.750000	2500.250000	0	0	9	cluster_9	0.6972
10001	Spectrogram 1	1	2500.000000	2500.500000	0	0	8	cluster_8	1.0000
10002	Spectrogram 1	1	2500.250000	2500.750000	0	0	6	cluster_6	1.0000
10003	Spectrogram 1	1	2500.500000	2501.000000	0	0	6	cluster_6	1.0000
10004	Spectrogram 1	1	2500.750000	2501.250000	0	0	6	cluster_6	0.9994
10005	Spectrogram 1	1	2501.000000	2501.500000	0	0	6	cluster_6	0.9376
10006	Spectrogram 1	1	2501.250000	2501.750000	0	0	6	cluster_6	0.9749
10007	Spectrogram 1	1	2501.500000	2502.000000	0	0	5	cluster_5	1.0000
10008	Spectrogram 1	1	2501.750000	2502.250000	0	0	5	cluster_5	1.0000
10009	Spectrogram 1	1	2502.000000	2502.500000	0	0	5	cluster_5	1.0000
10010	Spectrogram 1	1	2502.250000	2502.750000	0	0	5	cluster_5	1.0000
10011	Spectrogram 1	1	2502.500000	2503.000000	0	0	5	cluster_5	1.0000
10012	Spectrogram 1	1	2502.750000	2503.250000	0	0	5	cluster_5	1.0000
10013	Spectrogram 1	1	2503.000000	2503.500000	0	0	5	cluster_5	1.0000
10014	Spectrogram 1	1	2503.250000	2503.750000	0	0	5	cluster_5	1.0000
10015	Spectrogram 1	1	2503.500000	2504.000000	0	0	5	cluster_5	1.0000
10016	Spectrogram 1	1	2503.750000	2504.250000	0	0	5	cluster_5	0.6187
10017	Spectrogram 1	1	2504.000000	2504.500000	0	0	10	cluster_10	0.8680
10018	Spectrogram 1	1	2504.250000	2504.750000	0	0	10	cluster_10	1.0000
10019	Spectrogram 1	1	2504.500000	2505.000000	0	0	10	cluster_10	1.0000
10020	Spectrogram 1	1	2504.750000	2505.250000	0	0	noise	cluster_noise	0.0000
10021	Spectrogram 1	1	2505.000000	2505.500000	0	0	noise	cluster_noise	0.0000
10022	Spectrogram 1	1	2505.250000	2505.750000	0	0	10	cluster_10	1.0000
10023	Spectrogram 1	1	2505.500000	2506.000000	0	0	10	cluster_10	0.9848
10024	Spectrogram 1	1	2505.750000	2506.250000	0	0	10	cluster_10	1.0000
10025	Spectrogram 1	1	2506.000000	2506.500000	0	0	10	cluster_10	1.0000
10026	Spectrogram 1	1	2506.250000	2506.750000	0	0	10	cluster_10	1.0000
10027	Spectrogram 1	1	2506.500000	2507.000000	0	0	noise	cluster_noise	0.0000
10028	Spectrogram 1	1	2506.750000	2507.250000	0	0	6	cluster_6	1.0000
10029	Spectrogram 1	1	2507.000000	2507.500000	0	0	6	cluster_6	1.0000
10030	Spectrogram 1	1	2507.250000	2507.750000	0	0	6	cluster_6	1.0000
10031	Spectrogram 1	1	2507.500000	2508.000000	0	0	5	cluster_5	0.9118
10032	Spectrogram 1	1	2507.750000	2508.250000	0	0	noise	cluster_noise	0.0000
10033	Spectrogram 1	1	2508.000000	2508.500000	0	0	9	cluster_9	0.7474
10034	Spectrogram 1	1	2508.250000	2508.750000	0	0	9	cluster_9	0.5697
10035	Spectrogram 1	1	2508.500000	2509.000000	0	0	9	cluster_9	0.7428
10036	Spectrogram 1	1	2508.750000	2509.250000	0	0	9	cluster_9	0.8289
10037	Spectrogram 1	1	2509.000000	2509.500000	0	0	9	cluster_9	0.8208
10038	Spectrogram 1	1	2509.250000	2509.750000	0	0	9	cluster_9	0.7259
10039	Spectrogram 1	1	2509.500000	2510.000000	0	0	9	cluster_9	0.7551
10040	Spectrogram 1	1	2509.750000	2510.250000	0	0	8	cluster_8	0.9645
10041	Spectrogram 1	1	2510.000000	2510.500000	0	0	12	cluster_12	0.9886
10042	Spectrogram 1	1	2510.250000	2510.750000	0	0	5	cluster_5	1.0000
10043	Spectrogram 1	1	2510.500000	2511.000000	0	0	noise	cluster_noise	0.0000
10044	Spectrogram 1	1	2510.750000	2511.250000	0	0	9	cluster_9	0.7474
10045	Spectrogram 1	1	2511.000000	2511.500000	0	0	9	cluster_9	0.7182
10046	Spectrogram 1	1	2511.250000	2511.750000	0	0	9	cluster_9	0.7284
10047	Spectrogram 1	1	2511.500000	2512.000000	0	0	9	cluster_9	0.8046
10048	Spectrogram 1	1	2511.750000	2512.250000	0	0	9	cluster_9	0.6535
10049	Spectrogram 1	1	2512.000000	2512.500000	0	0	noise	cluster_noise	0.0000
10050	Spectrogram 1	1	2512.250000	2512.750000	0	0	8	cluster_8	1.0000
10051	Spectrogram 1	1	2512.500000	2513.000000	0	0	6	cluster_6	1.0000
10052	Spectrogram 1	1	2512.750000	2513.250000	0	0	6	cluster_6	1.0000
10053	Spectrogram 1	1	2513.000000	2513.500000	0	0	6	cluster_6	1.0000
10054	Spectrogram 1	1	2513.250000	2513.750000	0	0	6	cluster_6	0.7699
10055	Spectrogram 1	1	2513.500000	2514.000000	0	0	noise	cluster_noise	0.0000
10056	Spectrogram 1	1	2513.750000	2514.250000	0	0	5	cluster_5	1.0000
10057	Spectrogram 1	1	2514.000000	2514.500000	0	0	5	cluster_5	1.0000
10058	Spectrogram 1	1	2514.250000	2514.750000	0	0	5	cluster_5	1.0000
10059	Spectrogram 1	1	2514.500000	2515.000000	0	0	5	cluster_5	1.0000
10060	Spectrogram 1	1	2514.750000	2515.250000	0	0	5	cluster_5	1.0000
10061	Spectrogram 1	1	2515.000000	2515.500000	0	0	5	cluster_5	0.9062
10062	Spectrogram 1	1	2515.250000	2515.750000	0	0	5	cluster_5	0.9252
10063	Spectrogram 1	1	2515.500000	2516.000000	0	0	5	cluster_5	0.9666
10064	Spectrogram 1	1	2515.750000	2516.250000	0	0	5	cluster_5	1.0000
10065	Spectrogram 1	1	2516.000000	2516.500000	0	0	5	cluster_5	1.0000
10066	Spectrogram 1	1	2516.250000	2516.750000	0	0	noise	cluster_noise	0.0000
10067	Spectrogram 1	1	2516.500000	2517.000000	0	0	10	cluster_10	0.9426
10068	Spectrogram 1	1	2516.750000	2517.250000	0	0	10	cluster_10	1.0000
10069	Spectrogram 1	1	2517.000000	2517.500000	0	0	10	cluster_10	1.0000
10070	Spectrogram 1	1	2517.250000	2517.750000	0	0	10	cluster_10	1.0000
10071	Spectrogram 1	1	2517.500000	2518.000000	0	0	10	cluster_10	0.9972
10072	Spectrogram 1	1	2517.750000	2518.250000	0	0	10	cluster_10	1.0000
10073	Spectrogram 1	1	2518.000000	2518.500000	0	0	10	cluster_10	1.0000
10074	Spectrogram 1	1	2518.250000	2518.750000	0	0	10	cluster_10	1.0000
10075	Spectrogram 1	1	2518.500000	2519.000000	0	0	10	cluster_10	1.0000
10076	Spectrogram 1	1	2518.750000	2519.250000	0	0	10	cluster_10	1.0000
10077	Spectrogram 1	1	2519.000000	2519.500000	0	0	10	cluster_10	1.0000
10078	Spectrogram 1	1	2519.250000	2519.750000	0	0	10	cluster_10	0.8633
10079	Spectrogram 1	1	2519.500000	2520.000000	0	0	6	cluster_6	1.0000
10080	Spectrogram 1	1	2519.750000	2520.250000	0	0	6	cluster_6	1.0000
10081	Spectrogram 1	1	2520.000000	2520.500000	0	0	6	cluster_6	1.0000
10082	Spectrogram 1	1	2520.250000	2520.750000	0	0	6	cluster_6	1.0000
10083	Spectrogram 1	1	2520.500000	2521.000000	0	0	12	cluster_12	0.9146
10084	Spectrogram 1	1	2520.750000	2521.250000	0	0	5	cluster_5	0.5206
10085	Spectrogram 1	1	2521.000000	2521.500000	0	0	5	cluster_5	0.8818
10086	Spectrogram 1	1	2521.250000	2521.750000	0	0	9	cluster_9	0.7474
10087	Spectrogram 1	1	2521.500000	2522.000000	0	0	9	cluster_9	0.7474
10088	Spectrogram 1	1	2521.750000	2522.250000	0	0	9	cluster_9	0.7919
10089	Spectrogram 1	1	2522.000000	2522.500000	0	0	9	cluster_9	0.8792
10090	Spectrogram 1	1	2522.250000	2522.750000	0	0	noise	cluster_noise	0.0000
10091	Spectrogram 1	1	2522.500000	2523.000000	0	0	8	cluster_8	1.0000
10092	Spectrogram 1	1	2522.750000	2523.250000	0	0	8	cluster_8	1.0000
10093	Spectrogram 1	1	2523.000000	2523.500000	0	0	6	cluster_6	1.0000
10094	Spectrogram 1	1	2523.250000	2523.750000	0	0	6	cluster_6	1.0000
10095	Spectrogram 1	1	2523.500000	2524.000000	0	0	noise	cluster_noise	0.0000
10096	Spectrogram 1	1	2523.750000	2524.250000	0	0	6	cluster_6	1.0000
10097	Spectrogram 1	1	2524.000000	2524.500000	0	0	6	cluster_6	1.0000
10098	Spectrogram 1	1	2524.250000	2524.750000	0	0	6	cluster_6	0.6902
10099	Spectrogram 1	1	2524.500000	2525.000000	0	0	5	cluster_5	1.0000
10100	Spectrogram 1	1	2524.750000	2525.250000	0	0	5	cluster_5	0.9816
10101	Spectrogram 1	1	2525.000000	2525.500000	0	0	5	cluster_5	0.7038
10102	Spectrogram 1	1	2525.250000	2525.750000	0	0	5	cluster_5	0.6898
10103	Spectrogram 1	1	2525.500000	2526.000000	0	0	5	cluster_5	0.8513
10104	Spectrogram 1	1	2525.750000	2526.250000	0	0	5	cluster_5	1.0000
10105	Spectrogram 1	1	2526.000000	2526.500000	0	0	5	cluster_5	1.0000
10106	Spectrogram 1	1	2526.250000	2526.750000	0	0	5	cluster_5	1.0000
10107	Spectrogram 1	1	2526.500000	2527.000000	0	0	5	cluster_5	1.0000
10108	Spectrogram 1	1	2526.750000	2527.250000	0	0	noise	cluster_noise	0.0000
10109	Spectrogram 1	1	2527.000000	2527.500000	0	0	10	cluster_10	1.0000
10110	Spectrogram 1	1	2527.250000	2527.750000	0	0	10	cluster_10	0.8729
10111	Spectrogram 1	1	2527.500000	2528.000000	0	0	noise	cluster_noise	0.0000
10112	Spectrogram 1	1	2527.750000	2528.250000	0	0	noise	cluster_noise	0.0000
10113	Spectrogram 1	1	2528.000000	2528.500000	0	0	10	cluster_10	0.9648
10114	Spectrogram 1	1	2528.250000	2528.750000	0	0	10	cluster_10	0.9265
10115	Spectrogram 1	1	2528.500000	2529.000000	0	0	10	cluster_10	1.0000
10116	Spectrogram 1	1	2528.750000	2529.250000	0	0	noise	cluster_noise	0.0000
10117	Spectrogram 1	1	2529.000000	2529.500000	0	0	noise	cluster_noise	0.0000
10118	Spectrogram 1	1	2529.250000	2529.750000	0	0	10	cluster_10	0.8399
10119	Spectrogram 1	1	2529.500000	2530.000000	0	0	6	cluster_6	0.8497
10120	Spectrogram 1	1	2529.750000	2530.250000	0	0	6	cluster_6	1.0000
10121	Spectrogram 1	1	2530.000000	2530.500000	0	0	6	cluster_6	1.0000
10122	Spectrogram 1	1	2530.250000	2530.750000	0	0	2	cluster_2	0.6024
10123	Spectrogram 1	1	2530.500000	2531.000000	0	0	6	cluster_6	1.0000
10124	Spectrogram 1	1	2530.750000	2531.250000	0	0	12	cluster_12	0.8934
10125	Spectrogram 1	1	2531.000000	2531.500000	0	0	12	cluster_12	1.0000
10126	Spectrogram 1	1	2531.250000	2531.750000	0	0	5	cluster_5	1.0000
10127	Spectrogram 1	1	2531.500000	2532.000000	0	0	9	cluster_9	0.7474
10128	Spectrogram 1	1	2531.750000	2532.250000	0	0	9	cluster_9	0.7474
10129	Spectrogram 1	1	2532.000000	2532.500000	0	0	9	cluster_9	0.7734
10130	Spectrogram 1	1	2532.250000	2532.750000	0	0	9	cluster_9	0.8599
10131	Spectrogram 1	1	2532.500000	2533.000000	0	0	noise	cluster_noise	0.0000
10132	Spectrogram 1	1	2532.750000	2533.250000	0	0	9	cluster_9	0.5969
10133	Spectrogram 1	1	2533.000000	2533.500000	0	0	9	cluster_9	0.5725
10134	Spectrogram 1	1	2533.250000	2533.750000	0	0	noise	cluster_noise	0.0000
10135	Spectrogram 1	1	2533.500000	2534.000000	0	0	6	cluster_6	0.9445
10136	Spectrogram 1	1	2533.750000	2534.250000	0	0	8	cluster_8	0.8808
10137	Spectrogram 1	1	2534.000000	2534.500000	0	0	8	cluster_8	1.0000
10138	Spectrogram 1	1	2534.250000	2534.750000	0	0	6	cluster_6	1.0000
10139	Spectrogram 1	1	2534.500000	2535.000000	0	0	6	cluster_6	0.9404
10140	Spectrogram 1	1	2534.750000	2535.250000	0	0	5	cluster_5	0.5728
10141	Spectrogram 1	1	2535.000000	2535.500000	0	0	5	cluster_5	0.9657
10142	Spectrogram 1	1	2535.250000	2535.750000	0	0	5	cluster_5	0.9589
10143	Spectrogram 1	1	2535.500000	2536.000000	0	0	5	cluster_5	0.7846
10144	Spectrogram 1	1	2535.750000	2536.250000	0	0	5	cluster_5	0.7689
10145	Spectrogram 1	1	2536.000000	2536.500000	0	0	5	cluster_5	0.8239
10146	Spectrogram 1	1	2536.250000	2536.750000	0	0	5	cluster_5	0.9006
10147	Spectrogram 1	1	2536.500000	2537.000000	0	0	5	cluster_5	0.9767
10148	Spectrogram 1	1	2536.750000	2537.250000	0	0	5	cluster_5	1.0000
10149	Spectrogram 1	1	2537.000000	2537.500000	0	0	5	cluster_5	0.7425
10150	Spectrogram 1	1	2537.250000	2537.750000	0	0	10	cluster_10	0.9606
10151	Spectrogram 1	1	2537.500000	2538.000000	0	0	noise	cluster_noise	0.0000
10152	Spectrogram 1	1	2537.750000	2538.250000	0	0	noise	cluster_noise	0.0000
10153	Spectrogram 1	1	2538.000000	2538.500000	0	0	10	cluster_10	0.8776
10154	Spectrogram 1	1	2538.250000	2538.750000	0	0	10	cluster_10	0.8435
10155	Spectrogram 1	1	2538.500000	2539.000000	0	0	10	cluster_10	1.0000
10156	Spectrogram 1	1	2538.750000	2539.250000	0	0	10	cluster_10	1.0000
10157	Spectrogram 1	1	2539.000000	2539.500000	0	0	10	cluster_10	1.0000
10158	Spectrogram 1	1	2539.250000	2539.750000	0	0	10	cluster_10	1.0000
10159	Spectrogram 1	1	2539.500000	2540.000000	0	0	10	cluster_10	1.0000
10160	Spectrogram 1	1	2539.750000	2540.250000	0	0	10	cluster_10	1.0000
10161	Spectrogram 1	1	2540.000000	2540.500000	0	0	10	cluster_10	1.0000
10162	Spectrogram 1	1	2540.250000	2540.750000	0	0	10	cluster_10	1.0000
10163	Spectrogram 1	1	2540.500000	2541.000000	0	0	10	cluster_10	0.9904
10164	Spectrogram 1	1	2540.750000	2541.250000	0	0	6	cluster_6	1.0000
10165	Spectrogram 1	1	2541.000000	2541.500000	0	0	6	cluster_6	1.0000
10166	Spectrogram 1	1	2541.250000	2541.750000	0	0	6	cluster_6	1.0000
10167	Spectrogram 1	1	2541.500000	2542.000000	0	0	6	cluster_6	1.0000
10168	Spectrogram 1	1	2541.750000	2542.250000	0	0	12	cluster_12	0.8989
10169	Spectrogram 1	1	2542.000000	2542.500000	0	0	noise	cluster_noise	0.0000
10170	Spectrogram 1	1	2542.250000	2542.750000	0	0	5	cluster_5	0.7868
10171	Spectrogram 1	1	2542.500000	2543.000000	0	0	5	cluster_5	0.9083
10172	Spectrogram 1	1	2542.750000	2543.250000	0	0	9	cluster_9	0.7474
10173	Spectrogram 1	1	2543.000000	2543.500000	0	0	9	cluster_9	0.7474
10174	Spectrogram 1	1	2543.250000	2543.750000	0	0	9	cluster_9	0.9448
10175	Spectrogram 1	1	2543.500000	2544.000000	0	0	9	cluster_9	0.8670
10176	Spectrogram 1	1	2543.750000	2544.250000	0	0	5	cluster_5	1.0000
10177	Spectrogram 1	1	2544.000000	2544.500000	0	0	5	cluster_5	1.0000
10178	Spectrogram 1	1	2544.250000	2544.750000	0	0	noise	cluster_noise	0.0000
10179	Spectrogram 1	1	2544.500000	2545.000000	0	0	6	cluster_6	1.0000
10180	Spectrogram 1	1	2544.750000	2545.250000	0	0	noise	cluster_noise	0.0000
10181	Spectrogram 1	1	2545.000000	2545.500000	0	0	8	cluster_8	1.0000
10182	Spectrogram 1	1	2545.250000	2545.750000	0	0	8	cluster_8	1.0000
10183	Spectrogram 1	1	2545.500000	2546.000000	0	0	6	cluster_6	1.0000
10184	Spectrogram 1	1	2545.750000	2546.250000	0	0	noise	cluster_noise	0.0000
10185	Spectrogram 1	1	2546.000000	2546.500000	0	0	5	cluster_5	1.0000
10186	Spectrogram 1	1	2546.250000	2546.750000	0	0	5	cluster_5	1.0000
10187	Spectrogram 1	1	2546.500000	2547.000000	0	0	5	cluster_5	0.9000
10188	Spectrogram 1	1	2546.750000	2547.250000	0	0	5	cluster_5	0.9418
10189	Spectrogram 1	1	2547.000000	2547.500000	0	0	5	cluster_5	1.0000
10190	Spectrogram 1	1	2547.250000	2547.750000	0	0	5	cluster_5	0.8894
10191	Spectrogram 1	1	2547.500000	2548.000000	0	0	5	cluster_5	0.9695
10192	Spectrogram 1	1	2547.750000	2548.250000	0	0	5	cluster_5	1.0000
10193	Spectrogram 1	1	2548.000000	2548.500000	0	0	5	cluster_5	0.7660
10194	Spectrogram 1	1	2548.250000	2548.750000	0	0	noise	cluster_noise	0.0000
10195	Spectrogram 1	1	2548.500000	2549.000000	0	0	10	cluster_10	0.8570
10196	Spectrogram 1	1	2548.750000	2549.250000	0	0	10	cluster_10	1.0000
10197	Spectrogram 1	1	2549.000000	2549.500000	0	0	10	cluster_10	1.0000
10198	Spectrogram 1	1	2549.250000	2549.750000	0	0	10	cluster_10	1.0000
10199	Spectrogram 1	1	2549.500000	2550.000000	0	0	10	cluster_10	1.0000
10200	Spectrogram 1	1	2549.750000	2550.250000	0	0	10	cluster_10	1.0000
10201	Spectrogram 1	1	2550.000000	2550.500000	0	0	10	cluster_10	1.0000
10202	Spectrogram 1	1	2550.250000	2550.750000	0	0	10	cluster_10	1.0000
10203	Spectrogram 1	1	2550.500000	2551.000000	0	0	10	cluster_10	1.0000
10204	Spectrogram 1	1	2550.750000	2551.250000	0	0	10	cluster_10	1.0000
10205	Spectrogram 1	1	2551.000000	2551.500000	0	0	10	cluster_10	1.0000
10206	Spectrogram 1	1	2551.250000	2551.750000	0	0	6	cluster_6	0.8782
10207	Spectrogram 1	1	2551.500000	2552.000000	0	0	6	cluster_6	1.0000
10208	Spectrogram 1	1	2551.750000	2552.250000	0	0	6	cluster_6	1.0000
10209	Spectrogram 1	1	2552.000000	2552.500000	0	0	6	cluster_6	0.9529
10210	Spectrogram 1	1	2552.250000	2552.750000	0	0	6	cluster_6	0.9270
10211	Spectrogram 1	1	2552.500000	2553.000000	0	0	6	cluster_6	1.0000
10212	Spectrogram 1	1	2552.750000	2553.250000	0	0	12	cluster_12	0.8725
10213	Spectrogram 1	1	2553.000000	2553.500000	0	0	noise	cluster_noise	0.0000
10214	Spectrogram 1	1	2553.250000	2553.750000	0	0	noise	cluster_noise	0.0000
10215	Spectrogram 1	1	2553.500000	2554.000000	0	0	noise	cluster_noise	0.0000
10216	Spectrogram 1	1	2553.750000	2554.250000	0	0	noise	cluster_noise	0.0000
10217	Spectrogram 1	1	2554.000000	2554.500000	0	0	5	cluster_5	0.9657
10218	Spectrogram 1	1	2554.250000	2554.750000	0	0	5	cluster_5	0.8218
10219	Spectrogram 1	1	2554.500000	2555.000000	0	0	noise	cluster_noise	0.0000
10220	Spectrogram 1	1	2554.750000	2555.250000	0	0	5	cluster_5	0.7126
10221	Spectrogram 1	1	2555.000000	2555.500000	0	0	5	cluster_5	0.8567
10222	Spectrogram 1	1	2555.250000	2555.750000	0	0	6	cluster_6	0.6718
10223	Spectrogram 1	1	2555.500000	2556.000000	0	0	6	cluster_6	1.0000
10224	Spectrogram 1	1	2555.750000	2556.250000	0	0	6	cluster_6	1.0000
10225	Spectrogram 1	1	2556.000000	2556.500000	0	0	6	cluster_6	1.0000
10226	Spectrogram 1	1	2556.250000	2556.750000	0	0	6	cluster_6	1.0000
10227	Spectrogram 1	1	2556.500000	2557.000000	0	0	noise	cluster_noise	0.0000
10228	Spectrogram 1	1	2556.750000	2557.250000	0	0	5	cluster_5	0.6321
10229	Spectrogram 1	1	2557.000000	2557.500000	0	0	5	cluster_5	0.9549
10230	Spectrogram 1	1	2557.250000	2557.750000	0	0	5	cluster_5	1.0000
10231	Spectrogram 1	1	2557.500000	2558.000000	0	0	5	cluster_5	0.8238
10232	Spectrogram 1	1	2557.750000	2558.250000	0	0	5	cluster_5	0.9283
10233	Spectrogram 1	1	2558.000000	2558.500000	0	0	5	cluster_5	1.0000
10234	Spectrogram 1	1	2558.250000	2558.750000	0	0	5	cluster_5	0.9696
10235	Spectrogram 1	1	2558.500000	2559.000000	0	0	5	cluster_5	0.9495
10236	Spectrogram 1	1	2558.750000	2559.250000	0	0	noise	cluster_noise	0.0000
10237	Spectrogram 1	1	2559.000000	2559.500000	0	0	5	cluster_5	0.5612
10238	Spectrogram 1	1	2559.250000	2559.750000	0	0	10	cluster_10	1.0000
10239	Spectrogram 1	1	2559.500000	2560.000000	0	0	10	cluster_10	0.9921
10240	Spectrogram 1	1	2559.750000	2560.250000	0	0	10	cluster_10	0.8967
10241	Spectrogram 1	1	2560.000000	2560.500000	0	0	10	cluster_10	0.9047
10242	Spectrogram 1	1	2560.250000	2560.750000	0	0	10	cluster_10	1.0000
10243	Spectrogram 1	1	2560.500000	2561.000000	0	0	10	cluster_10	1.0000
10244	Spectrogram 1	1	2560.750000	2561.250000	0	0	10	cluster_10	1.0000
10245	Spectrogram 1	1	2561.000000	2561.500000	0	0	10	cluster_10	0.9212
10246	Spectrogram 1	1	2561.250000	2561.750000	0	0	10	cluster_10	1.0000
10247	Spectrogram 1	1	2561.500000	2562.000000	0	0	10	cluster_10	1.0000
10248	Spectrogram 1	1	2561.750000	2562.250000	0	0	6	cluster_6	1.0000
10249	Spectrogram 1	1	2562.000000	2562.500000	0	0	6	cluster_6	1.0000
10250	Spectrogram 1	1	2562.250000	2562.750000	0	0	6	cluster_6	1.0000
10251	Spectrogram 1	1	2562.500000	2563.000000	0	0	6	cluster_6	1.0000
10252	Spectrogram 1	1	2562.750000	2563.250000	0	0	6	cluster_6	1.0000
10253	Spectrogram 1	1	2563.000000	2563.500000	0	0	6	cluster_6	1.0000
10254	Spectrogram 1	1	2563.250000	2563.750000	0	0	6	cluster_6	1.0000
10255	Spectrogram 1	1	2563.500000	2564.000000	0	0	6	cluster_6	1.0000
10256	Spectrogram 1	1	2563.750000	2564.250000	0	0	12	cluster_12	1.0000
10257	Spectrogram 1	1	2564.000000	2564.500000	0	0	12	cluster_12	0.7526
10258	Spectrogram 1	1	2564.250000	2564.750000	0	0	noise	cluster_noise	0.0000
10259	Spectrogram 1	1	2564.500000	2565.000000	0	0	noise	cluster_noise	0.0000
10260	Spectrogram 1	1	2564.750000	2565.250000	0	0	noise	cluster_noise	0.0000
10261	Spectrogram 1	1	2565.000000	2565.500000	0	0	noise	cluster_noise	0.0000
10262	Spectrogram 1	1	2565.250000	2565.750000	0	0	noise	cluster_noise	0.0000
10263	Spectrogram 1	1	2565.500000	2566.000000	0	0	noise	cluster_noise	0.0000
10264	Spectrogram 1	1	2565.750000	2566.250000	0	0	noise	cluster_noise	0.0000
10265	Spectrogram 1	1	2566.000000	2566.500000	0	0	6	cluster_6	0.6510
10266	Spectrogram 1	1	2566.250000	2566.750000	0	0	noise	cluster_noise	0.0000
10267	Spectrogram 1	1	2566.500000	2567.000000	0	0	6	cluster_6	1.0000
10268	Spectrogram 1	1	2566.750000	2567.250000	0	0	6	cluster_6	1.0000
10269	Spectrogram 1	1	2567.000000	2567.500000	0	0	6	cluster_6	1.0000
10270	Spectrogram 1	1	2567.250000	2567.750000	0	0	6	cluster_6	1.0000
10271	Spectrogram 1	1	2567.500000	2568.000000	0	0	6	cluster_6	1.0000
10272	Spectrogram 1	1	2567.750000	2568.250000	0	0	6	cluster_6	1.0000
10273	Spectrogram 1	1	2568.000000	2568.500000	0	0	5	cluster_5	1.0000
10274	Spectrogram 1	1	2568.250000	2568.750000	0	0	5	cluster_5	1.0000
10275	Spectrogram 1	1	2568.500000	2569.000000	0	0	5	cluster_5	1.0000
10276	Spectrogram 1	1	2568.750000	2569.250000	0	0	5	cluster_5	1.0000
10277	Spectrogram 1	1	2569.000000	2569.500000	0	0	5	cluster_5	1.0000
10278	Spectrogram 1	1	2569.250000	2569.750000	0	0	5	cluster_5	0.8041
10279	Spectrogram 1	1	2569.500000	2570.000000	0	0	5	cluster_5	1.0000
10280	Spectrogram 1	1	2569.750000	2570.250000	0	0	5	cluster_5	1.0000
10281	Spectrogram 1	1	2570.000000	2570.500000	0	0	5	cluster_5	1.0000
10282	Spectrogram 1	1	2570.250000	2570.750000	0	0	5	cluster_5	0.5395
10283	Spectrogram 1	1	2570.500000	2571.000000	0	0	noise	cluster_noise	0.0000
10284	Spectrogram 1	1	2570.750000	2571.250000	0	0	10	cluster_10	1.0000
10285	Spectrogram 1	1	2571.000000	2571.500000	0	0	10	cluster_10	0.9260
10286	Spectrogram 1	1	2571.250000	2571.750000	0	0	10	cluster_10	0.7789
10287	Spectrogram 1	1	2571.500000	2572.000000	0	0	noise	cluster_noise	0.0000
10288	Spectrogram 1	1	2571.750000	2572.250000	0	0	10	cluster_10	1.0000
10289	Spectrogram 1	1	2572.000000	2572.500000	0	0	10	cluster_10	0.9854
10290	Spectrogram 1	1	2572.250000	2572.750000	0	0	noise	cluster_noise	0.0000
10291	Spectrogram 1	1	2572.500000	2573.000000	0	0	6	cluster_6	1.0000
10292	Spectrogram 1	1	2572.750000	2573.250000	0	0	6	cluster_6	1.0000
10293	Spectrogram 1	1	2573.000000	2573.500000	0	0	6	cluster_6	1.0000
10294	Spectrogram 1	1	2573.250000	2573.750000	0	0	6	cluster_6	1.0000
10295	Spectrogram 1	1	2573.500000	2574.000000	0	0	6	cluster_6	1.0000
10296	Spectrogram 1	1	2573.750000	2574.250000	0	0	6	cluster_6	1.0000
10297	Spectrogram 1	1	2574.000000	2574.500000	0	0	6	cluster_6	1.0000
10298	Spectrogram 1	1	2574.250000	2574.750000	0	0	6	cluster_6	1.0000
10299	Spectrogram 1	1	2574.500000	2575.000000	0	0	12	cluster_12	0.8318
10300	Spectrogram 1	1	2574.750000	2575.250000	0	0	noise	cluster_noise	0.0000
10301	Spectrogram 1	1	2575.000000	2575.500000	0	0	noise	cluster_noise	0.0000
10302	Spectrogram 1	1	2575.250000	2575.750000	0	0	noise	cluster_noise	0.0000
10303	Spectrogram 1	1	2575.500000	2576.000000	0	0	noise	cluster_noise	0.0000
10304	Spectrogram 1	1	2575.750000	2576.250000	0	0	noise	cluster_noise	0.0000
10305	Spectrogram 1	1	2576.000000	2576.500000	0	0	noise	cluster_noise	0.0000
10306	Spectrogram 1	1	2576.250000	2576.750000	0	0	noise	cluster_noise	0.0000
10307	Spectrogram 1	1	2576.500000	2577.000000	0	0	noise	cluster_noise	0.0000
10308	Spectrogram 1	1	2576.750000	2577.250000	0	0	6	cluster_6	0.6461
10309	Spectrogram 1	1	2577.000000	2577.500000	0	0	12	cluster_12	0.7319
10310	Spectrogram 1	1	2577.250000	2577.750000	0	0	noise	cluster_noise	0.0000
10311	Spectrogram 1	1	2577.500000	2578.000000	0	0	6	cluster_6	0.7136
10312	Spectrogram 1	1	2577.750000	2578.250000	0	0	6	cluster_6	0.9017
10313	Spectrogram 1	1	2578.000000	2578.500000	0	0	6	cluster_6	1.0000
10314	Spectrogram 1	1	2578.250000	2578.750000	0	0	6	cluster_6	1.0000
10315	Spectrogram 1	1	2578.500000	2579.000000	0	0	6	cluster_6	1.0000
10316	Spectrogram 1	1	2578.750000	2579.250000	0	0	6	cluster_6	1.0000
10317	Spectrogram 1	1	2579.000000	2579.500000	0	0	5	cluster_5	1.0000
10318	Spectrogram 1	1	2579.250000	2579.750000	0	0	5	cluster_5	0.9409
10319	Spectrogram 1	1	2579.500000	2580.000000	0	0	5	cluster_5	1.0000
10320	Spectrogram 1	1	2579.750000	2580.250000	0	0	5	cluster_5	1.0000
10321	Spectrogram 1	1	2580.000000	2580.500000	0	0	5	cluster_5	0.9346
10322	Spectrogram 1	1	2580.250000	2580.750000	0	0	5	cluster_5	1.0000
10323	Spectrogram 1	1	2580.500000	2581.000000	0	0	5	cluster_5	0.9608
10324	Spectrogram 1	1	2580.750000	2581.250000	0	0	5	cluster_5	0.8480
10325	Spectrogram 1	1	2581.000000	2581.500000	0	0	5	cluster_5	0.8403
10326	Spectrogram 1	1	2581.250000	2581.750000	0	0	5	cluster_5	1.0000
10327	Spectrogram 1	1	2581.500000	2582.000000	0	0	noise	cluster_noise	0.0000
10328	Spectrogram 1	1	2581.750000	2582.250000	0	0	10	cluster_10	1.0000
10329	Spectrogram 1	1	2582.000000	2582.500000	0	0	10	cluster_10	0.8227
10330	Spectrogram 1	1	2582.250000	2582.750000	0	0	10	cluster_10	0.7992
10331	Spectrogram 1	1	2582.500000	2583.000000	0	0	10	cluster_10	1.0000
10332	Spectrogram 1	1	2582.750000	2583.250000	0	0	10	cluster_10	1.0000
10333	Spectrogram 1	1	2583.000000	2583.500000	0	0	10	cluster_10	1.0000
10334	Spectrogram 1	1	2583.250000	2583.750000	0	0	6	cluster_6	0.8955
10335	Spectrogram 1	1	2583.500000	2584.000000	0	0	6	cluster_6	1.0000
10336	Spectrogram 1	1	2583.750000	2584.250000	0	0	6	cluster_6	1.0000
10337	Spectrogram 1	1	2584.000000	2584.500000	0	0	6	cluster_6	1.0000
10338	Spectrogram 1	1	2584.250000	2584.750000	0	0	6	cluster_6	0.9030
10339	Spectrogram 1	1	2584.500000	2585.000000	0	0	6	cluster_6	0.8498
10340	Spectrogram 1	1	2584.750000	2585.250000	0	0	6	cluster_6	1.0000
10341	Spectrogram 1	1	2585.000000	2585.500000	0	0	6	cluster_6	1.0000
10342	Spectrogram 1	1	2585.250000	2585.750000	0	0	6	cluster_6	1.0000
10343	Spectrogram 1	1	2585.500000	2586.000000	0	0	12	cluster_12	0.9162
10344	Spectrogram 1	1	2585.750000	2586.250000	0	0	noise	cluster_noise	0.0000
10345	Spectrogram 1	1	2586.000000	2586.500000	0	0	noise	cluster_noise	0.0000
10346	Spectrogram 1	1	2586.250000	2586.750000	0	0	noise	cluster_noise	0.0000
10347	Spectrogram 1	1	2586.500000	2587.000000	0	0	noise	cluster_noise	0.0000
10348	Spectrogram 1	1	2586.750000	2587.250000	0	0	noise	cluster_noise	0.0000
10349	Spectrogram 1	1	2587.000000	2587.500000	0	0	noise	cluster_noise	0.0000
10350	Spectrogram 1	1	2587.250000	2587.750000	0	0	noise	cluster_noise	0.0000
10351	Spectrogram 1	1	2587.500000	2588.000000	0	0	noise	cluster_noise	0.0000
10352	Spectrogram 1	1	2587.750000	2588.250000	0	0	12	cluster_12	0.7505
10353	Spectrogram 1	1	2588.000000	2588.500000	0	0	noise	cluster_noise	0.0000
10354	Spectrogram 1	1	2588.250000	2588.750000	0	0	6	cluster_6	0.9726
10355	Spectrogram 1	1	2588.500000	2589.000000	0	0	6	cluster_6	0.9863
10356	Spectrogram 1	1	2588.750000	2589.250000	0	0	6	cluster_6	0.8193
10357	Spectrogram 1	1	2589.000000	2589.500000	0	0	6	cluster_6	0.9300
10358	Spectrogram 1	1	2589.250000	2589.750000	0	0	6	cluster_6	1.0000
10359	Spectrogram 1	1	2589.500000	2590.000000	0	0	6	cluster_6	1.0000
10360	Spectrogram 1	1	2589.750000	2590.250000	0	0	5	cluster_5	1.0000
10361	Spectrogram 1	1	2590.000000	2590.500000	0	0	5	cluster_5	0.9402
10362	Spectrogram 1	1	2590.250000	2590.750000	0	0	5	cluster_5	1.0000
10363	Spectrogram 1	1	2590.500000	2591.000000	0	0	5	cluster_5	1.0000
10364	Spectrogram 1	1	2590.750000	2591.250000	0	0	5	cluster_5	1.0000
10365	Spectrogram 1	1	2591.000000	2591.500000	0	0	5	cluster_5	0.7550
10366	Spectrogram 1	1	2591.250000	2591.750000	0	0	5	cluster_5	1.0000
10367	Spectrogram 1	1	2591.500000	2592.000000	0	0	5	cluster_5	1.0000
10368	Spectrogram 1	1	2591.750000	2592.250000	0	0	5	cluster_5	1.0000
10369	Spectrogram 1	1	2592.000000	2592.500000	0	0	5	cluster_5	1.0000
10370	Spectrogram 1	1	2592.250000	2592.750000	0	0	6	cluster_6	1.0000
10371	Spectrogram 1	1	2592.500000	2593.000000	0	0	10	cluster_10	0.8616
10372	Spectrogram 1	1	2592.750000	2593.250000	0	0	9	cluster_9	0.6774
10373	Spectrogram 1	1	2593.000000	2593.500000	0	0	10	cluster_10	0.9208
10374	Spectrogram 1	1	2593.250000	2593.750000	0	0	noise	cluster_noise	0.0000
10375	Spectrogram 1	1	2593.500000	2594.000000	0	0	10	cluster_10	1.0000
10376	Spectrogram 1	1	2593.750000	2594.250000	0	0	10	cluster_10	1.0000
10377	Spectrogram 1	1	2594.000000	2594.500000	0	0	noise	cluster_noise	0.0000
10378	Spectrogram 1	1	2594.250000	2594.750000	0	0	6	cluster_6	1.0000
10379	Spectrogram 1	1	2594.500000	2595.000000	0	0	6	cluster_6	1.0000
10380	Spectrogram 1	1	2594.750000	2595.250000	0	0	6	cluster_6	1.0000
10381	Spectrogram 1	1	2595.000000	2595.500000	0	0	6	cluster_6	1.0000
10382	Spectrogram 1	1	2595.250000	2595.750000	0	0	6	cluster_6	1.0000
10383	Spectrogram 1	1	2595.500000	2596.000000	0	0	6	cluster_6	1.0000
10384	Spectrogram 1	1	2595.750000	2596.250000	0	0	6	cluster_6	1.0000
10385	Spectrogram 1	1	2596.000000	2596.500000	0	0	6	cluster_6	0.9636
10386	Spectrogram 1	1	2596.250000	2596.750000	0	0	6	cluster_6	1.0000
10387	Spectrogram 1	1	2596.500000	2597.000000	0	0	noise	cluster_noise	0.0000
10388	Spectrogram 1	1	2596.750000	2597.250000	0	0	noise	cluster_noise	0.0000
10389	Spectrogram 1	1	2597.000000	2597.500000	0	0	noise	cluster_noise	0.0000
10390	Spectrogram 1	1	2597.250000	2597.750000	0	0	noise	cluster_noise	0.0000
10391	Spectrogram 1	1	2597.500000	2598.000000	0	0	noise	cluster_noise	0.0000
10392	Spectrogram 1	1	2597.750000	2598.250000	0	0	noise	cluster_noise	0.0000
10393	Spectrogram 1	1	2598.000000	2598.500000	0	0	noise	cluster_noise	0.0000
10394	Spectrogram 1	1	2598.250000	2598.750000	0	0	12	cluster_12	0.7823
10395	Spectrogram 1	1	2598.500000	2599.000000	0	0	5	cluster_5	0.8189
10396	Spectrogram 1	1	2598.750000	2599.250000	0	0	6	cluster_6	0.7858
10397	Spectrogram 1	1	2599.000000	2599.500000	0	0	noise	cluster_noise	0.0000
10398	Spectrogram 1	1	2599.250000	2599.750000	0	0	6	cluster_6	0.8676
10399	Spectrogram 1	1	2599.500000	2600.000000	0	0	6	cluster_6	1.0000
10400	Spectrogram 1	1	2599.750000	2600.250000	0	0	6	cluster_6	1.0000
10401	Spectrogram 1	1	2600.000000	2600.500000	0	0	6	cluster_6	1.0000
10402	Spectrogram 1	1	2600.250000	2600.750000	0	0	6	cluster_6	0.8238
10403	Spectrogram 1	1	2600.500000	2601.000000	0	0	6	cluster_6	1.0000
10404	Spectrogram 1	1	2600.750000	2601.250000	0	0	5	cluster_5	0.5583
10405	Spectrogram 1	1	2601.000000	2601.500000	0	0	5	cluster_5	0.9477
10406	Spectrogram 1	1	2601.250000	2601.750000	0	0	5	cluster_5	0.9832
10407	Spectrogram 1	1	2601.500000	2602.000000	0	0	5	cluster_5	1.0000
10408	Spectrogram 1	1	2601.750000	2602.250000	0	0	5	cluster_5	1.0000
10409	Spectrogram 1	1	2602.000000	2602.500000	0	0	5	cluster_5	1.0000
10410	Spectrogram 1	1	2602.250000	2602.750000	0	0	5	cluster_5	0.9538
10411	Spectrogram 1	1	2602.500000	2603.000000	0	0	5	cluster_5	1.0000
10412	Spectrogram 1	1	2602.750000	2603.250000	0	0	5	cluster_5	1.0000
10413	Spectrogram 1	1	2603.000000	2603.500000	0	0	5	cluster_5	1.0000
10414	Spectrogram 1	1	2603.250000	2603.750000	0	0	4	cluster_4	0.8262
10415	Spectrogram 1	1	2603.500000	2604.000000	0	0	12	cluster_12	0.9364
10416	Spectrogram 1	1	2603.750000	2604.250000	0	0	12	cluster_12	0.9119
10417	Spectrogram 1	1	2604.000000	2604.500000	0	0	noise	cluster_noise	0.0000
10418	Spectrogram 1	1	2604.250000	2604.750000	0	0	6	cluster_6	1.0000
10419	Spectrogram 1	1	2604.500000	2605.000000	0	0	12	cluster_12	0.9056
10420	Spectrogram 1	1	2604.750000	2605.250000	0	0	12	cluster_12	0.8999
10421	Spectrogram 1	1	2605.000000	2605.500000	0	0	noise	cluster_noise	0.0000
10422	Spectrogram 1	1	2605.250000	2605.750000	0	0	12	cluster_12	0.8227
10423	Spectrogram 1	1	2605.500000	2606.000000	0	0	12	cluster_12	1.0000
10424	Spectrogram 1	1	2605.750000	2606.250000	0	0	12	cluster_12	0.9457
10425	Spectrogram 1	1	2606.000000	2606.500000	0	0	noise	cluster_noise	0.0000
10426	Spectrogram 1	1	2606.250000	2606.750000	0	0	6	cluster_6	1.0000
10427	Spectrogram 1	1	2606.500000	2607.000000	0	0	12	cluster_12	0.8056
10428	Spectrogram 1	1	2606.750000	2607.250000	0	0	12	cluster_12	0.8056
10429	Spectrogram 1	1	2607.000000	2607.500000	0	0	noise	cluster_noise	0.0000
10430	Spectrogram 1	1	2607.250000	2607.750000	0	0	12	cluster_12	0.8702
10431	Spectrogram 1	1	2607.500000	2608.000000	0	0	noise	cluster_noise	0.0000
10432	Spectrogram 1	1	2607.750000	2608.250000	0	0	12	cluster_12	0.9330
10433	Spectrogram 1	1	2608.000000	2608.500000	0	0	12	cluster_12	1.0000
10434	Spectrogram 1	1	2608.250000	2608.750000	0	0	noise	cluster_noise	0.0000
10435	Spectrogram 1	1	2608.500000	2609.000000	0	0	6	cluster_6	0.7768
10436	Spectrogram 1	1	2608.750000	2609.250000	0	0	12	cluster_12	0.8246
10437	Spectrogram 1	1	2609.000000	2609.500000	0	0	12	cluster_12	0.8244
10438	Spectrogram 1	1	2609.250000	2609.750000	0	0	6	cluster_6	1.0000
10439	Spectrogram 1	1	2609.500000	2610.000000	0	0	6	cluster_6	1.0000
10440	Spectrogram 1	1	2609.750000	2610.250000	0	0	6	cluster_6	1.0000
10441	Spectrogram 1	1	2610.000000	2610.500000	0	0	noise	cluster_noise	0.0000
10442	Spectrogram 1	1	2610.250000	2610.750000	0	0	noise	cluster_noise	0.0000
10443	Spectrogram 1	1	2610.500000	2611.000000	0	0	3	cluster_3	1.0000
10444	Spectrogram 1	1	2610.750000	2611.250000	0	0	3	cluster_3	0.9119
10445	Spectrogram 1	1	2611.000000	2611.500000	0	0	3	cluster_3	1.0000
10446	Spectrogram 1	1	2611.250000	2611.750000	0	0	3	cluster_3	1.0000
10447	Spectrogram 1	1	2611.500000	2612.000000	0	0	3	cluster_3	0.8135
10448	Spectrogram 1	1	2611.750000	2612.250000	0	0	3	cluster_3	0.6823
10449	Spectrogram 1	1	2612.000000	2612.500000	0	0	noise	cluster_noise	0.0000
10450	Spectrogram 1	1	2612.250000	2612.750000	0	0	noise	cluster_noise	0.0000
10451	Spectrogram 1	1	2612.500000	2613.000000	0	0	5	cluster_5	0.9231
10452	Spectrogram 1	1	2612.750000	2613.250000	0	0	noise	cluster_noise	0.0000
10453	Spectrogram 1	1	2613.000000	2613.500000	0	0	6	cluster_6	0.9036
10454	Spectrogram 1	1	2613.250000	2613.750000	0	0	6	cluster_6	0.9493
10455	Spectrogram 1	1	2613.500000	2614.000000	0	0	6	cluster_6	1.0000
10456	Spectrogram 1	1	2613.750000	2614.250000	0	0	6	cluster_6	1.0000
10457	Spectrogram 1	1	2614.000000	2614.500000	0	0	5	cluster_5	0.7813
10458	Spectrogram 1	1	2614.250000	2614.750000	0	0	5	cluster_5	1.0000
10459	Spectrogram 1	1	2614.500000	2615.000000	0	0	5	cluster_5	0.9774
10460	Spectrogram 1	1	2614.750000	2615.250000	0	0	5	cluster_5	1.0000
10461	Spectrogram 1	1	2615.000000	2615.500000	0	0	5	cluster_5	0.9602
10462	Spectrogram 1	1	2615.250000	2615.750000	0	0	5	cluster_5	0.8237
10463	Spectrogram 1	1	2615.500000	2616.000000	0	0	5	cluster_5	1.0000
10464	Spectrogram 1	1	2615.750000	2616.250000	0	0	5	cluster_5	1.0000
10465	Spectrogram 1	1	2616.000000	2616.500000	0	0	5	cluster_5	0.9253
10466	Spectrogram 1	1	2616.250000	2616.750000	0	0	12	cluster_12	0.8805
10467	Spectrogram 1	1	2616.500000	2617.000000	0	0	12	cluster_12	0.9498
10468	Spectrogram 1	1	2616.750000	2617.250000	0	0	12	cluster_12	0.9665
10469	Spectrogram 1	1	2617.000000	2617.500000	0	0	12	cluster_12	0.7500
10470	Spectrogram 1	1	2617.250000	2617.750000	0	0	noise	cluster_noise	0.0000
10471	Spectrogram 1	1	2617.500000	2618.000000	0	0	12	cluster_12	0.8374
10472	Spectrogram 1	1	2617.750000	2618.250000	0	0	12	cluster_12	0.8185
10473	Spectrogram 1	1	2618.000000	2618.500000	0	0	6	cluster_6	0.9055
10474	Spectrogram 1	1	2618.250000	2618.750000	0	0	12	cluster_12	0.8710
10475	Spectrogram 1	1	2618.500000	2619.000000	0	0	12	cluster_12	1.0000
10476	Spectrogram 1	1	2618.750000	2619.250000	0	0	12	cluster_12	1.0000
10477	Spectrogram 1	1	2619.000000	2619.500000	0	0	noise	cluster_noise	0.0000
10478	Spectrogram 1	1	2619.250000	2619.750000	0	0	noise	cluster_noise	0.0000
10479	Spectrogram 1	1	2619.500000	2620.000000	0	0	noise	cluster_noise	0.0000
10480	Spectrogram 1	1	2619.750000	2620.250000	0	0	noise	cluster_noise	0.0000
10481	Spectrogram 1	1	2620.000000	2620.500000	0	0	12	cluster_12	0.9458
10482	Spectrogram 1	1	2620.250000	2620.750000	0	0	12	cluster_12	0.8659
10483	Spectrogram 1	1	2620.500000	2621.000000	0	0	12	cluster_12	1.0000
10484	Spectrogram 1	1	2620.750000	2621.250000	0	0	12	cluster_12	0.7734
10485	Spectrogram 1	1	2621.000000	2621.500000	0	0	noise	cluster_noise	0.0000
10486	Spectrogram 1	1	2621.250000	2621.750000	0	0	12	cluster_12	0.7830
10487	Spectrogram 1	1	2621.500000	2622.000000	0	0	noise	cluster_noise	0.0000
10488	Spectrogram 1	1	2621.750000	2622.250000	0	0	12	cluster_12	0.9027
10489	Spectrogram 1	1	2622.000000	2622.500000	0	0	12	cluster_12	1.0000
10490	Spectrogram 1	1	2622.250000	2622.750000	0	0	12	cluster_12	0.7676
10491	Spectrogram 1	1	2622.500000	2623.000000	0	0	12	cluster_12	0.8143
10492	Spectrogram 1	1	2622.750000	2623.250000	0	0	noise	cluster_noise	0.0000
10493	Spectrogram 1	1	2623.000000	2623.500000	0	0	12	cluster_12	1.0000
10494	Spectrogram 1	1	2623.250000	2623.750000	0	0	12	cluster_12	1.0000
10495	Spectrogram 1	1	2623.500000	2624.000000	0	0	12	cluster_12	1.0000
10496	Spectrogram 1	1	2623.750000	2624.250000	0	0	12	cluster_12	0.7931
10497	Spectrogram 1	1	2624.000000	2624.500000	0	0	6	cluster_6	1.0000
10498	Spectrogram 1	1	2624.250000	2624.750000	0	0	12	cluster_12	0.8384
10499	Spectrogram 1	1	2624.500000	2625.000000	0	0	noise	cluster_noise	0.0000
10500	Spectrogram 1	1	2624.750000	2625.250000	0	0	12	cluster_12	0.8210
10501	Spectrogram 1	1	2625.000000	2625.500000	0	0	12	cluster_12	1.0000
10502	Spectrogram 1	1	2625.250000	2625.750000	0	0	12	cluster_12	0.8920
10503	Spectrogram 1	1	2625.500000	2626.000000	0	0	noise	cluster_noise	0.0000
10504	Spectrogram 1	1	2625.750000	2626.250000	0	0	noise	cluster_noise	0.0000
10505	Spectrogram 1	1	2626.000000	2626.500000	0	0	6	cluster_6	0.8487
10506	Spectrogram 1	1	2626.250000	2626.750000	0	0	noise	cluster_noise	0.0000
10507	Spectrogram 1	1	2626.500000	2627.000000	0	0	6	cluster_6	1.0000
10508	Spectrogram 1	1	2626.750000	2627.250000	0	0	6	cluster_6	1.0000
10509	Spectrogram 1	1	2627.000000	2627.500000	0	0	noise	cluster_noise	0.0000
10510	Spectrogram 1	1	2627.250000	2627.750000	0	0	noise	cluster_noise	0.0000
10511	Spectrogram 1	1	2627.500000	2628.000000	0	0	3	cluster_3	0.5377
10512	Spectrogram 1	1	2627.750000	2628.250000	0	0	3	cluster_3	1.0000
10513	Spectrogram 1	1	2628.000000	2628.500000	0	0	3	cluster_3	0.9156
10514	Spectrogram 1	1	2628.250000	2628.750000	0	0	3	cluster_3	0.8338
10515	Spectrogram 1	1	2628.500000	2629.000000	0	0	3	cluster_3	0.6362
10516	Spectrogram 1	1	2628.750000	2629.250000	0	0	3	cluster_3	0.6251
10517	Spectrogram 1	1	2629.000000	2629.500000	0	0	noise	cluster_noise	0.0000
10518	Spectrogram 1	1	2629.250000	2629.750000	0	0	noise	cluster_noise	0.0000
10519	Spectrogram 1	1	2629.500000	2630.000000	0	0	5	cluster_5	0.5194
10520	Spectrogram 1	1	2629.750000	2630.250000	0	0	noise	cluster_noise	0.0000
10521	Spectrogram 1	1	2630.000000	2630.500000	0	0	6	cluster_6	0.9388
10522	Spectrogram 1	1	2630.250000	2630.750000	0	0	6	cluster_6	1.0000
10523	Spectrogram 1	1	2630.500000	2631.000000	0	0	6	cluster_6	1.0000
10524	Spectrogram 1	1	2630.750000	2631.250000	0	0	6	cluster_6	1.0000
10525	Spectrogram 1	1	2631.000000	2631.500000	0	0	5	cluster_5	0.8872
10526	Spectrogram 1	1	2631.250000	2631.750000	0	0	5	cluster_5	0.8832
10527	Spectrogram 1	1	2631.500000	2632.000000	0	0	5	cluster_5	1.0000
10528	Spectrogram 1	1	2631.750000	2632.250000	0	0	5	cluster_5	1.0000
10529	Spectrogram 1	1	2632.000000	2632.500000	0	0	5	cluster_5	0.5647
10530	Spectrogram 1	1	2632.250000	2632.750000	0	0	noise	cluster_noise	0.0000
10531	Spectrogram 1	1	2632.500000	2633.000000	0	0	5	cluster_5	1.0000
10532	Spectrogram 1	1	2632.750000	2633.250000	0	0	5	cluster_5	1.0000
10533	Spectrogram 1	1	2633.000000	2633.500000	0	0	6	cluster_6	0.8913
10534	Spectrogram 1	1	2633.250000	2633.750000	0	0	6	cluster_6	1.0000
10535	Spectrogram 1	1	2633.500000	2634.000000	0	0	12	cluster_12	0.8309
10536	Spectrogram 1	1	2633.750000	2634.250000	0	0	12	cluster_12	1.0000
10537	Spectrogram 1	1	2634.000000	2634.500000	0	0	12	cluster_12	1.0000
10538	Spectrogram 1	1	2634.250000	2634.750000	0	0	12	cluster_12	0.7660
10539	Spectrogram 1	1	2634.500000	2635.000000	0	0	12	cluster_12	0.9458
10540	Spectrogram 1	1	2634.750000	2635.250000	0	0	12	cluster_12	0.8473
10541	Spectrogram 1	1	2635.000000	2635.500000	0	0	noise	cluster_noise	0.0000
10542	Spectrogram 1	1	2635.250000	2635.750000	0	0	12	cluster_12	0.9787
10543	Spectrogram 1	1	2635.500000	2636.000000	0	0	12	cluster_12	1.0000
10544	Spectrogram 1	1	2635.750000	2636.250000	0	0	12	cluster_12	0.9534
10545	Spectrogram 1	1	2636.000000	2636.500000	0	0	6	cluster_6	0.9463
10546	Spectrogram 1	1	2636.250000	2636.750000	0	0	12	cluster_12	0.7540
10547	Spectrogram 1	1	2636.500000	2637.000000	0	0	12	cluster_12	0.7843
10548	Spectrogram 1	1	2636.750000	2637.250000	0	0	12	cluster_12	0.9452
10549	Spectrogram 1	1	2637.000000	2637.500000	0	0	12	cluster_12	1.0000
10550	Spectrogram 1	1	2637.250000	2637.750000	0	0	12	cluster_12	0.8639
10551	Spectrogram 1	1	2637.500000	2638.000000	0	0	12	cluster_12	0.7416
10552	Spectrogram 1	1	2637.750000	2638.250000	0	0	12	cluster_12	0.8082
10553	Spectrogram 1	1	2638.000000	2638.500000	0	0	noise	cluster_noise	0.0000
10554	Spectrogram 1	1	2638.250000	2638.750000	0	0	12	cluster_12	0.8010
10555	Spectrogram 1	1	2638.500000	2639.000000	0	0	12	cluster_12	1.0000
10556	Spectrogram 1	1	2638.750000	2639.250000	0	0	12	cluster_12	1.0000
10557	Spectrogram 1	1	2639.000000	2639.500000	0	0	12	cluster_12	0.8741
10558	Spectrogram 1	1	2639.250000	2639.750000	0	0	6	cluster_6	1.0000
10559	Spectrogram 1	1	2639.500000	2640.000000	0	0	12	cluster_12	0.9738
10560	Spectrogram 1	1	2639.750000	2640.250000	0	0	12	cluster_12	0.9942
10561	Spectrogram 1	1	2640.000000	2640.500000	0	0	12	cluster_12	1.0000
10562	Spectrogram 1	1	2640.250000	2640.750000	0	0	12	cluster_12	1.0000
10563	Spectrogram 1	1	2640.500000	2641.000000	0	0	12	cluster_12	0.8219
10564	Spectrogram 1	1	2640.750000	2641.250000	0	0	6	cluster_6	1.0000
10565	Spectrogram 1	1	2641.000000	2641.500000	0	0	noise	cluster_noise	0.0000
10566	Spectrogram 1	1	2641.250000	2641.750000	0	0	noise	cluster_noise	0.0000
10567	Spectrogram 1	1	2641.500000	2642.000000	0	0	noise	cluster_noise	0.0000
10568	Spectrogram 1	1	2641.750000	2642.250000	0	0	6	cluster_6	1.0000
10569	Spectrogram 1	1	2642.000000	2642.500000	0	0	6	cluster_6	1.0000
10570	Spectrogram 1	1	2642.250000	2642.750000	0	0	6	cluster_6	1.0000
10571	Spectrogram 1	1	2642.500000	2643.000000	0	0	noise	cluster_noise	0.0000
10572	Spectrogram 1	1	2642.750000	2643.250000	0	0	noise	cluster_noise	0.0000
10573	Spectrogram 1	1	2643.000000	2643.500000	0	0	3	cluster_3	0.7026
10574	Spectrogram 1	1	2643.250000	2643.750000	0	0	3	cluster_3	1.0000
10575	Spectrogram 1	1	2643.500000	2644.000000	0	0	3	cluster_3	1.0000
10576	Spectrogram 1	1	2643.750000	2644.250000	0	0	3	cluster_3	0.7098
10577	Spectrogram 1	1	2644.000000	2644.500000	0	0	3	cluster_3	0.7181
10578	Spectrogram 1	1	2644.250000	2644.750000	0	0	5	cluster_5	0.5542
10579	Spectrogram 1	1	2644.500000	2645.000000	0	0	5	cluster_5	0.8483
10580	Spectrogram 1	1	2644.750000	2645.250000	0	0	5	cluster_5	1.0000
10581	Spectrogram 1	1	2645.000000	2645.500000	0	0	5	cluster_5	0.5775
10582	Spectrogram 1	1	2645.250000	2645.750000	0	0	noise	cluster_noise	0.0000
10583	Spectrogram 1	1	2645.500000	2646.000000	0	0	6	cluster_6	0.9715
10584	Spectrogram 1	1	2645.750000	2646.250000	0	0	6	cluster_6	1.0000
10585	Spectrogram 1	1	2646.000000	2646.500000	0	0	6	cluster_6	1.0000
10586	Spectrogram 1	1	2646.250000	2646.750000	0	0	6	cluster_6	0.9359
10587	Spectrogram 1	1	2646.500000	2647.000000	0	0	6	cluster_6	0.9768
10588	Spectrogram 1	1	2646.750000	2647.250000	0	0	5	cluster_5	1.0000
10589	Spectrogram 1	1	2647.000000	2647.500000	0	0	5	cluster_5	0.9604
10590	Spectrogram 1	1	2647.250000	2647.750000	0	0	5	cluster_5	0.9631
10591	Spectrogram 1	1	2647.500000	2648.000000	0	0	5	cluster_5	1.0000
10592	Spectrogram 1	1	2647.750000	2648.250000	0	0	5	cluster_5	0.7302
10593	Spectrogram 1	1	2648.000000	2648.500000	0	0	5	cluster_5	1.0000
10594	Spectrogram 1	1	2648.250000	2648.750000	0	0	5	cluster_5	1.0000
10595	Spectrogram 1	1	2648.500000	2649.000000	0	0	5	cluster_5	0.9637
10596	Spectrogram 1	1	2648.750000	2649.250000	0	0	noise	cluster_noise	0.0000
10597	Spectrogram 1	1	2649.000000	2649.500000	0	0	noise	cluster_noise	0.0000
10598	Spectrogram 1	1	2649.250000	2649.750000	0	0	12	cluster_12	0.7575
10599	Spectrogram 1	1	2649.500000	2650.000000	0	0	12	cluster_12	0.9585
10600	Spectrogram 1	1	2649.750000	2650.250000	0	0	12	cluster_12	0.9412
10601	Spectrogram 1	1	2650.000000	2650.500000	0	0	noise	cluster_noise	0.0000
10602	Spectrogram 1	1	2650.250000	2650.750000	0	0	noise	cluster_noise	0.0000
10603	Spectrogram 1	1	2650.500000	2651.000000	0	0	12	cluster_12	0.8196
10604	Spectrogram 1	1	2650.750000	2651.250000	0	0	12	cluster_12	0.8481
10605	Spectrogram 1	1	2651.000000	2651.500000	0	0	noise	cluster_noise	0.0000
10606	Spectrogram 1	1	2651.250000	2651.750000	0	0	12	cluster_12	1.0000
10607	Spectrogram 1	1	2651.500000	2652.000000	0	0	12	cluster_12	1.0000
10608	Spectrogram 1	1	2651.750000	2652.250000	0	0	12	cluster_12	1.0000
10609	Spectrogram 1	1	2652.000000	2652.500000	0	0	noise	cluster_noise	0.0000
10610	Spectrogram 1	1	2652.250000	2652.750000	0	0	noise	cluster_noise	0.0000
10611	Spectrogram 1	1	2652.500000	2653.000000	0	0	12	cluster_12	0.7676
10612	Spectrogram 1	1	2652.750000	2653.250000	0	0	noise	cluster_noise	0.0000
10613	Spectrogram 1	1	2653.000000	2653.500000	0	0	12	cluster_12	0.8974
10614	Spectrogram 1	1	2653.250000	2653.750000	0	0	12	cluster_12	1.0000
10615	Spectrogram 1	1	2653.500000	2654.000000	0	0	12	cluster_12	1.0000
10616	Spectrogram 1	1	2653.750000	2654.250000	0	0	12	cluster_12	0.8529
10617	Spectrogram 1	1	2654.000000	2654.500000	0	0	noise	cluster_noise	0.0000
10618	Spectrogram 1	1	2654.250000	2654.750000	0	0	noise	cluster_noise	0.0000
10619	Spectrogram 1	1	2654.500000	2655.000000	0	0	12	cluster_12	0.8281
10620	Spectrogram 1	1	2654.750000	2655.250000	0	0	12	cluster_12	1.0000
10621	Spectrogram 1	1	2655.000000	2655.500000	0	0	12	cluster_12	1.0000
10622	Spectrogram 1	1	2655.250000	2655.750000	0	0	12	cluster_12	0.7402
10623	Spectrogram 1	1	2655.500000	2656.000000	0	0	noise	cluster_noise	0.0000
10624	Spectrogram 1	1	2655.750000	2656.250000	0	0	6	cluster_6	0.8297
10625	Spectrogram 1	1	2656.000000	2656.500000	0	0	12	cluster_12	0.8329
10626	Spectrogram 1	1	2656.250000	2656.750000	0	0	12	cluster_12	1.0000
10627	Spectrogram 1	1	2656.500000	2657.000000	0	0	12	cluster_12	0.9224
10628	Spectrogram 1	1	2656.750000	2657.250000	0	0	12	cluster_12	0.7668
10629	Spectrogram 1	1	2657.000000	2657.500000	0	0	noise	cluster_noise	0.0000
10630	Spectrogram 1	1	2657.250000	2657.750000	0	0	6	cluster_6	0.6678
10631	Spectrogram 1	1	2657.500000	2658.000000	0	0	noise	cluster_noise	0.0000
10632	Spectrogram 1	1	2657.750000	2658.250000	0	0	6	cluster_6	1.0000
10633	Spectrogram 1	1	2658.000000	2658.500000	0	0	noise	cluster_noise	0.0000
10634	Spectrogram 1	1	2658.250000	2658.750000	0	0	noise	cluster_noise	0.0000
10635	Spectrogram 1	1	2658.500000	2659.000000	0	0	3	cluster_3	0.6582
10636	Spectrogram 1	1	2658.750000	2659.250000	0	0	3	cluster_3	1.0000
10637	Spectrogram 1	1	2659.000000	2659.500000	0	0	3	cluster_3	1.0000
10638	Spectrogram 1	1	2659.250000	2659.750000	0	0	3	cluster_3	1.0000
10639	Spectrogram 1	1	2659.500000	2660.000000	0	0	3	cluster_3	0.7994
10640	Spectrogram 1	1	2659.750000	2660.250000	0	0	3	cluster_3	0.7106
10641	Spectrogram 1	1	2660.000000	2660.500000	0	0	3	cluster_3	0.6461
10642	Spectrogram 1	1	2660.250000	2660.750000	0	0	5	cluster_5	0.9561
10643	Spectrogram 1	1	2660.500000	2661.000000	0	0	5	cluster_5	1.0000
10644	Spectrogram 1	1	2660.750000	2661.250000	0	0	5	cluster_5	0.9319
10645	Spectrogram 1	1	2661.000000	2661.500000	0	0	6	cluster_6	0.8890
10646	Spectrogram 1	1	2661.250000	2661.750000	0	0	2	cluster_2	0.3283
10647	Spectrogram 1	1	2661.500000	2662.000000	0	0	noise	cluster_noise	0.0000
10648	Spectrogram 1	1	2661.750000	2662.250000	0	0	6	cluster_6	1.0000
10649	Spectrogram 1	1	2662.000000	2662.500000	0	0	6	cluster_6	1.0000
10650	Spectrogram 1	1	2662.250000	2662.750000	0	0	6	cluster_6	1.0000
10651	Spectrogram 1	1	2662.500000	2663.000000	0	0	5	cluster_5	1.0000
10652	Spectrogram 1	1	2662.750000	2663.250000	0	0	5	cluster_5	0.8988
10653	Spectrogram 1	1	2663.000000	2663.500000	0	0	5	cluster_5	1.0000
10654	Spectrogram 1	1	2663.250000	2663.750000	0	0	5	cluster_5	1.0000
10655	Spectrogram 1	1	2663.500000	2664.000000	0	0	5	cluster_5	0.8398
10656	Spectrogram 1	1	2663.750000	2664.250000	0	0	5	cluster_5	0.5301
10657	Spectrogram 1	1	2664.000000	2664.500000	0	0	5	cluster_5	0.5960
10658	Spectrogram 1	1	2664.250000	2664.750000	0	0	5	cluster_5	0.6355
10659	Spectrogram 1	1	2664.500000	2665.000000	0	0	6	cluster_6	0.6664
10660	Spectrogram 1	1	2664.750000	2665.250000	0	0	12	cluster_12	0.8602
10661	Spectrogram 1	1	2665.000000	2665.500000	0	0	12	cluster_12	1.0000
10662	Spectrogram 1	1	2665.250000	2665.750000	0	0	12	cluster_12	0.9215
10663	Spectrogram 1	1	2665.500000	2666.000000	0	0	noise	cluster_noise	0.0000
10664	Spectrogram 1	1	2665.750000	2666.250000	0	0	12	cluster_12	0.8664
10665	Spectrogram 1	1	2666.000000	2666.500000	0	0	12	cluster_12	0.8582
10666	Spectrogram 1	1	2666.250000	2666.750000	0	0	12	cluster_12	0.7572
10667	Spectrogram 1	1	2666.500000	2667.000000	0	0	noise	cluster_noise	0.0000
10668	Spectrogram 1	1	2666.750000	2667.250000	0	0	12	cluster_12	0.9450
10669	Spectrogram 1	1	2667.000000	2667.500000	0	0	12	cluster_12	1.0000
10670	Spectrogram 1	1	2667.250000	2667.750000	0	0	12	cluster_12	0.9837
10671	Spectrogram 1	1	2667.500000	2668.000000	0	0	12	cluster_12	0.7760
10672	Spectrogram 1	1	2667.750000	2668.250000	0	0	6	cluster_6	1.0000
10673	Spectrogram 1	1	2668.000000	2668.500000	0	0	6	cluster_6	0.9816
10674	Spectrogram 1	1	2668.250000	2668.750000	0	0	12	cluster_12	1.0000
10675	Spectrogram 1	1	2668.500000	2669.000000	0	0	12	cluster_12	1.0000
10676	Spectrogram 1	1	2668.750000	2669.250000	0	0	12	cluster_12	1.0000
10677	Spectrogram 1	1	2669.000000	2669.500000	0	0	noise	cluster_noise	0.0000
10678	Spectrogram 1	1	2669.250000	2669.750000	0	0	5	cluster_5	0.5819
10679	Spectrogram 1	1	2669.500000	2670.000000	0	0	noise	cluster_noise	0.0000
10680	Spectrogram 1	1	2669.750000	2670.250000	0	0	noise	cluster_noise	0.0000
10681	Spectrogram 1	1	2670.000000	2670.500000	0	0	12	cluster_12	0.8352
10682	Spectrogram 1	1	2670.250000	2670.750000	0	0	12	cluster_12	1.0000
10683	Spectrogram 1	1	2670.500000	2671.000000	0	0	12	cluster_12	1.0000
10684	Spectrogram 1	1	2670.750000	2671.250000	0	0	12	cluster_12	0.7796
10685	Spectrogram 1	1	2671.000000	2671.500000	0	0	noise	cluster_noise	0.0000
10686	Spectrogram 1	1	2671.250000	2671.750000	0	0	noise	cluster_noise	0.0000
10687	Spectrogram 1	1	2671.500000	2672.000000	0	0	12	cluster_12	0.8098
10688	Spectrogram 1	1	2671.750000	2672.250000	0	0	12	cluster_12	1.0000
10689	Spectrogram 1	1	2672.000000	2672.500000	0	0	12	cluster_12	0.8873
10690	Spectrogram 1	1	2672.250000	2672.750000	0	0	noise	cluster_noise	0.0000
10691	Spectrogram 1	1	2672.500000	2673.000000	0	0	12	cluster_12	0.7700
10692	Spectrogram 1	1	2672.750000	2673.250000	0	0	12	cluster_12	0.8899
10693	Spectrogram 1	1	2673.000000	2673.500000	0	0	12	cluster_12	0.7786
10694	Spectrogram 1	1	2673.250000	2673.750000	0	0	6	cluster_6	0.8810
10695	Spectrogram 1	1	2673.500000	2674.000000	0	0	6	cluster_6	0.8769
10696	Spectrogram 1	1	2673.750000	2674.250000	0	0	3	cluster_3	0.5302
10697	Spectrogram 1	1	2674.000000	2674.500000	0	0	3	cluster_3	0.7509
10698	Spectrogram 1	1	2674.250000	2674.750000	0	0	3	cluster_3	1.0000
10699	Spectrogram 1	1	2674.500000	2675.000000	0	0	3	cluster_3	1.0000
10700	Spectrogram 1	1	2674.750000	2675.250000	0	0	3	cluster_3	1.0000
10701	Spectrogram 1	1	2675.000000	2675.500000	0	0	3	cluster_3	0.9438
10702	Spectrogram 1	1	2675.250000	2675.750000	0	0	3	cluster_3	0.7385
10703	Spectrogram 1	1	2675.500000	2676.000000	0	0	3	cluster_3	0.6838
10704	Spectrogram 1	1	2675.750000	2676.250000	0	0	3	cluster_3	0.7029
10705	Spectrogram 1	1	2676.000000	2676.500000	0	0	noise	cluster_noise	0.0000
10706	Spectrogram 1	1	2676.250000	2676.750000	0	0	5	cluster_5	0.7285
10707	Spectrogram 1	1	2676.500000	2677.000000	0	0	6	cluster_6	0.7584
10708	Spectrogram 1	1	2676.750000	2677.250000	0	0	6	cluster_6	0.7806
10709	Spectrogram 1	1	2677.000000	2677.500000	0	0	noise	cluster_noise	0.0000
10710	Spectrogram 1	1	2677.250000	2677.750000	0	0	noise	cluster_noise	0.0000
10711	Spectrogram 1	1	2677.500000	2678.000000	0	0	6	cluster_6	1.0000
10712	Spectrogram 1	1	2677.750000	2678.250000	0	0	6	cluster_6	0.9550
10713	Spectrogram 1	1	2678.000000	2678.500000	0	0	5	cluster_5	1.0000
10714	Spectrogram 1	1	2678.250000	2678.750000	0	0	5	cluster_5	1.0000
10715	Spectrogram 1	1	2678.500000	2679.000000	0	0	5	cluster_5	1.0000
10716	Spectrogram 1	1	2678.750000	2679.250000	0	0	5	cluster_5	0.9914
10717	Spectrogram 1	1	2679.000000	2679.500000	0	0	5	cluster_5	1.0000
10718	Spectrogram 1	1	2679.250000	2679.750000	0	0	5	cluster_5	1.0000
10719	Spectrogram 1	1	2679.500000	2680.000000	0	0	5	cluster_5	1.0000
10720	Spectrogram 1	1	2679.750000	2680.250000	0	0	5	cluster_5	1.0000
10721	Spectrogram 1	1	2680.000000	2680.500000	0	0	5	cluster_5	1.0000
10722	Spectrogram 1	1	2680.250000	2680.750000	0	0	6	cluster_6	0.6902
10723	Spectrogram 1	1	2680.500000	2681.000000	0	0	12	cluster_12	0.8662
10724	Spectrogram 1	1	2680.750000	2681.250000	0	0	12	cluster_12	0.9142
10725	Spectrogram 1	1	2681.000000	2681.500000	0	0	12	cluster_12	0.9923
10726	Spectrogram 1	1	2681.250000	2681.750000	0	0	noise	cluster_noise	0.0000
10727	Spectrogram 1	1	2681.500000	2682.000000	0	0	12	cluster_12	0.9204
10728	Spectrogram 1	1	2681.750000	2682.250000	0	0	12	cluster_12	0.7650
10729	Spectrogram 1	1	2682.000000	2682.500000	0	0	12	cluster_12	0.8034
10730	Spectrogram 1	1	2682.250000	2682.750000	0	0	12	cluster_12	0.7607
10731	Spectrogram 1	1	2682.500000	2683.000000	0	0	12	cluster_12	0.9539
10732	Spectrogram 1	1	2682.750000	2683.250000	0	0	12	cluster_12	0.9328
10733	Spectrogram 1	1	2683.000000	2683.500000	0	0	12	cluster_12	0.7626
10734	Spectrogram 1	1	2683.250000	2683.750000	0	0	6	cluster_6	0.7576
10735	Spectrogram 1	1	2683.500000	2684.000000	0	0	12	cluster_12	0.8234
10736	Spectrogram 1	1	2683.750000	2684.250000	0	0	12	cluster_12	0.7529
10737	Spectrogram 1	1	2684.000000	2684.500000	0	0	12	cluster_12	0.8498
10738	Spectrogram 1	1	2684.250000	2684.750000	0	0	noise	cluster_noise	0.0000
10739	Spectrogram 1	1	2684.500000	2685.000000	0	0	noise	cluster_noise	0.0000
10740	Spectrogram 1	1	2684.750000	2685.250000	0	0	12	cluster_12	0.7350
10741	Spectrogram 1	1	2685.000000	2685.500000	0	0	noise	cluster_noise	0.0000
10742	Spectrogram 1	1	2685.250000	2685.750000	0	0	noise	cluster_noise	0.0000
10743	Spectrogram 1	1	2685.500000	2686.000000	0	0	noise	cluster_noise	0.0000
10744	Spectrogram 1	1	2685.750000	2686.250000	0	0	12	cluster_12	0.9038
10745	Spectrogram 1	1	2686.000000	2686.500000	0	0	12	cluster_12	1.0000
10746	Spectrogram 1	1	2686.250000	2686.750000	0	0	12	cluster_12	0.8443
10747	Spectrogram 1	1	2686.500000	2687.000000	0	0	12	cluster_12	0.7500
10748	Spectrogram 1	1	2686.750000	2687.250000	0	0	noise	cluster_noise	0.0000
10749	Spectrogram 1	1	2687.000000	2687.500000	0	0	noise	cluster_noise	0.0000
10750	Spectrogram 1	1	2687.250000	2687.750000	0	0	12	cluster_12	1.0000
10751	Spectrogram 1	1	2687.500000	2688.000000	0	0	12	cluster_12	0.9444
10752	Spectrogram 1	1	2687.750000	2688.250000	0	0	12	cluster_12	0.7440
10753	Spectrogram 1	1	2688.000000	2688.500000	0	0	5	cluster_5	0.5749
10754	Spectrogram 1	1	2688.250000	2688.750000	0	0	5	cluster_5	0.6064
10755	Spectrogram 1	1	2688.500000	2689.000000	0	0	5	cluster_5	0.6018
10756	Spectrogram 1	1	2688.750000	2689.250000	0	0	6	cluster_6	0.9247
10757	Spectrogram 1	1	2689.000000	2689.500000	0	0	6	cluster_6	1.0000
10758	Spectrogram 1	1	2689.250000	2689.750000	0	0	noise	cluster_noise	0.0000
10759	Spectrogram 1	1	2689.500000	2690.000000	0	0	3	cluster_3	0.6655
10760	Spectrogram 1	1	2689.750000	2690.250000	0	0	3	cluster_3	1.0000
10761	Spectrogram 1	1	2690.000000	2690.500000	0	0	3	cluster_3	1.0000
10762	Spectrogram 1	1	2690.250000	2690.750000	0	0	3	cluster_3	1.0000
10763	Spectrogram 1	1	2690.500000	2691.000000	0	0	3	cluster_3	1.0000
10764	Spectrogram 1	1	2690.750000	2691.250000	0	0	3	cluster_3	0.9553
10765	Spectrogram 1	1	2691.000000	2691.500000	0	0	3	cluster_3	0.8489
10766	Spectrogram 1	1	2691.250000	2691.750000	0	0	3	cluster_3	0.5761
10767	Spectrogram 1	1	2691.500000	2692.000000	0	0	3	cluster_3	0.6455
10768	Spectrogram 1	1	2691.750000	2692.250000	0	0	noise	cluster_noise	0.0000
10769	Spectrogram 1	1	2692.000000	2692.500000	0	0	noise	cluster_noise	0.0000
10770	Spectrogram 1	1	2692.250000	2692.750000	0	0	5	cluster_5	0.7618
10771	Spectrogram 1	1	2692.500000	2693.000000	0	0	6	cluster_6	0.7475
10772	Spectrogram 1	1	2692.750000	2693.250000	0	0	6	cluster_6	0.6077
10773	Spectrogram 1	1	2693.000000	2693.500000	0	0	noise	cluster_noise	0.0000
10774	Spectrogram 1	1	2693.250000	2693.750000	0	0	noise	cluster_noise	0.0000
10775	Spectrogram 1	1	2693.500000	2694.000000	0	0	5	cluster_5	0.9860
10776	Spectrogram 1	1	2693.750000	2694.250000	0	0	5	cluster_5	0.8621
10777	Spectrogram 1	1	2694.000000	2694.500000	0	0	5	cluster_5	1.0000
10778	Spectrogram 1	1	2694.250000	2694.750000	0	0	5	cluster_5	1.0000
10779	Spectrogram 1	1	2694.500000	2695.000000	0	0	5	cluster_5	1.0000
10780	Spectrogram 1	1	2694.750000	2695.250000	0	0	5	cluster_5	1.0000
10781	Spectrogram 1	1	2695.000000	2695.500000	0	0	5	cluster_5	1.0000
10782	Spectrogram 1	1	2695.250000	2695.750000	0	0	5	cluster_5	1.0000
10783	Spectrogram 1	1	2695.500000	2696.000000	0	0	5	cluster_5	0.8858
10784	Spectrogram 1	1	2695.750000	2696.250000	0	0	noise	cluster_noise	0.0000
10785	Spectrogram 1	1	2696.000000	2696.500000	0	0	12	cluster_12	1.0000
10786	Spectrogram 1	1	2696.250000	2696.750000	0	0	12	cluster_12	1.0000
10787	Spectrogram 1	1	2696.500000	2697.000000	0	0	12	cluster_12	0.9527
10788	Spectrogram 1	1	2696.750000	2697.250000	0	0	12	cluster_12	0.8109
10789	Spectrogram 1	1	2697.000000	2697.500000	0	0	9	cluster_9	0.6223
10790	Spectrogram 1	1	2697.250000	2697.750000	0	0	6	cluster_6	0.8688
10791	Spectrogram 1	1	2697.500000	2698.000000	0	0	12	cluster_12	0.7636
10792	Spectrogram 1	1	2697.750000	2698.250000	0	0	12	cluster_12	1.0000
10793	Spectrogram 1	1	2698.000000	2698.500000	0	0	12	cluster_12	1.0000
10794	Spectrogram 1	1	2698.250000	2698.750000	0	0	12	cluster_12	0.8632
10795	Spectrogram 1	1	2698.500000	2699.000000	0	0	12	cluster_12	0.7458
10796	Spectrogram 1	1	2698.750000	2699.250000	0	0	6	cluster_6	1.0000
10797	Spectrogram 1	1	2699.000000	2699.500000	0	0	noise	cluster_noise	0.0000
10798	Spectrogram 1	1	2699.250000	2699.750000	0	0	6	cluster_6	0.6344
10799	Spectrogram 1	1	2699.500000	2700.000000	0	0	12	cluster_12	1.0000
10800	Spectrogram 1	1	2699.750000	2700.250000	0	0	12	cluster_12	1.0000
10801	Spectrogram 1	1	2700.000000	2700.500000	0	0	12	cluster_12	1.0000
10802	Spectrogram 1	1	2700.250000	2700.750000	0	0	6	cluster_6	1.0000
10803	Spectrogram 1	1	2700.500000	2701.000000	0	0	6	cluster_6	1.0000
10804	Spectrogram 1	1	2700.750000	2701.250000	0	0	6	cluster_6	0.9779
10805	Spectrogram 1	1	2701.000000	2701.500000	0	0	noise	cluster_noise	0.0000
10806	Spectrogram 1	1	2701.250000	2701.750000	0	0	noise	cluster_noise	0.0000
10807	Spectrogram 1	1	2701.500000	2702.000000	0	0	12	cluster_12	0.9261
10808	Spectrogram 1	1	2701.750000	2702.250000	0	0	12	cluster_12	0.7906
10809	Spectrogram 1	1	2702.000000	2702.500000	0	0	6	cluster_6	1.0000
10810	Spectrogram 1	1	2702.250000	2702.750000	0	0	6	cluster_6	1.0000
10811	Spectrogram 1	1	2702.500000	2703.000000	0	0	noise	cluster_noise	0.0000
10812	Spectrogram 1	1	2702.750000	2703.250000	0	0	12	cluster_12	1.0000
10813	Spectrogram 1	1	2703.000000	2703.500000	0	0	12	cluster_12	0.7760
10814	Spectrogram 1	1	2703.250000	2703.750000	0	0	12	cluster_12	0.8626
10815	Spectrogram 1	1	2703.500000	2704.000000	0	0	noise	cluster_noise	0.0000
10816	Spectrogram 1	1	2703.750000	2704.250000	0	0	noise	cluster_noise	0.0000
10817	Spectrogram 1	1	2704.000000	2704.500000	0	0	noise	cluster_noise	0.0000
10818	Spectrogram 1	1	2704.250000	2704.750000	0	0	6	cluster_6	0.7215
10819	Spectrogram 1	1	2704.500000	2705.000000	0	0	noise	cluster_noise	0.0000
10820	Spectrogram 1	1	2704.750000	2705.250000	0	0	noise	cluster_noise	0.0000
10821	Spectrogram 1	1	2705.000000	2705.500000	0	0	3	cluster_3	0.5803
10822	Spectrogram 1	1	2705.250000	2705.750000	0	0	3	cluster_3	0.6664
10823	Spectrogram 1	1	2705.500000	2706.000000	0	0	3	cluster_3	1.0000
10824	Spectrogram 1	1	2705.750000	2706.250000	0	0	3	cluster_3	1.0000
10825	Spectrogram 1	1	2706.000000	2706.500000	0	0	3	cluster_3	1.0000
10826	Spectrogram 1	1	2706.250000	2706.750000	0	0	3	cluster_3	1.0000
10827	Spectrogram 1	1	2706.500000	2707.000000	0	0	3	cluster_3	1.0000
10828	Spectrogram 1	1	2706.750000	2707.250000	0	0	3	cluster_3	0.9657
10829	Spectrogram 1	1	2707.000000	2707.500000	0	0	3	cluster_3	0.8276
10830	Spectrogram 1	1	2707.250000	2707.750000	0	0	3	cluster_3	0.7409
10831	Spectrogram 1	1	2707.500000	2708.000000	0	0	3	cluster_3	0.6852
10832	Spectrogram 1	1	2707.750000	2708.250000	0	0	noise	cluster_noise	0.0000
10833	Spectrogram 1	1	2708.000000	2708.500000	0	0	5	cluster_5	0.6479
10834	Spectrogram 1	1	2708.250000	2708.750000	0	0	6	cluster_6	0.8901
10835	Spectrogram 1	1	2708.500000	2709.000000	0	0	6	cluster_6	0.9966
10836	Spectrogram 1	1	2708.750000	2709.250000	0	0	6	cluster_6	1.0000
10837	Spectrogram 1	1	2709.000000	2709.500000	0	0	6	cluster_6	1.0000
10838	Spectrogram 1	1	2709.250000	2709.750000	0	0	6	cluster_6	1.0000
10839	Spectrogram 1	1	2709.500000	2710.000000	0	0	6	cluster_6	0.9880
10840	Spectrogram 1	1	2709.750000	2710.250000	0	0	6	cluster_6	0.9980
10841	Spectrogram 1	1	2710.000000	2710.500000	0	0	12	cluster_12	0.8858
10842	Spectrogram 1	1	2710.250000	2710.750000	0	0	12	cluster_12	1.0000
10843	Spectrogram 1	1	2710.500000	2711.000000	0	0	12	cluster_12	0.8609
10844	Spectrogram 1	1	2710.750000	2711.250000	0	0	12	cluster_12	1.0000
10845	Spectrogram 1	1	2711.000000	2711.500000	0	0	noise	cluster_noise	0.0000
10846	Spectrogram 1	1	2711.250000	2711.750000	0	0	12	cluster_12	0.8420
10847	Spectrogram 1	1	2711.500000	2712.000000	0	0	6	cluster_6	1.0000
10848	Spectrogram 1	1	2711.750000	2712.250000	0	0	6	cluster_6	1.0000
10849	Spectrogram 1	1	2712.000000	2712.500000	0	0	noise	cluster_noise	0.0000
10850	Spectrogram 1	1	2712.250000	2712.750000	0	0	noise	cluster_noise	0.0000
10851	Spectrogram 1	1	2712.500000	2713.000000	0	0	12	cluster_12	0.8595
10852	Spectrogram 1	1	2712.750000	2713.250000	0	0	12	cluster_12	0.8098
10853	Spectrogram 1	1	2713.000000	2713.500000	0	0	12	cluster_12	0.7441
10854	Spectrogram 1	1	2713.250000	2713.750000	0	0	noise	cluster_noise	0.0000
10855	Spectrogram 1	1	2713.500000	2714.000000	0	0	noise	cluster_noise	0.0000
10856	Spectrogram 1	1	2713.750000	2714.250000	0	0	12	cluster_12	0.9428
10857	Spectrogram 1	1	2714.000000	2714.500000	0	0	12	cluster_12	1.0000
10858	Spectrogram 1	1	2714.250000	2714.750000	0	0	12	cluster_12	1.0000
10859	Spectrogram 1	1	2714.500000	2715.000000	0	0	12	cluster_12	0.8366
10860	Spectrogram 1	1	2714.750000	2715.250000	0	0	8	cluster_8	0.9911
10861	Spectrogram 1	1	2715.000000	2715.500000	0	0	5	cluster_5	0.5067
10862	Spectrogram 1	1	2715.250000	2715.750000	0	0	12	cluster_12	1.0000
10863	Spectrogram 1	1	2715.500000	2716.000000	0	0	12	cluster_12	1.0000
10864	Spectrogram 1	1	2715.750000	2716.250000	0	0	12	cluster_12	0.7673
10865	Spectrogram 1	1	2716.000000	2716.500000	0	0	6	cluster_6	0.9476
10866	Spectrogram 1	1	2716.250000	2716.750000	0	0	noise	cluster_noise	0.0000
10867	Spectrogram 1	1	2716.500000	2717.000000	0	0	12	cluster_12	0.9360
10868	Spectrogram 1	1	2716.750000	2717.250000	0	0	12	cluster_12	1.0000
10869	Spectrogram 1	1	2717.000000	2717.500000	0	0	12	cluster_12	0.7588
10870	Spectrogram 1	1	2717.250000	2717.750000	0	0	noise	cluster_noise	0.0000
10871	Spectrogram 1	1	2717.500000	2718.000000	0	0	noise	cluster_noise	0.0000
10872	Spectrogram 1	1	2717.750000	2718.250000	0	0	12	cluster_12	1.0000
10873	Spectrogram 1	1	2718.000000	2718.500000	0	0	12	cluster_12	1.0000
10874	Spectrogram 1	1	2718.250000	2718.750000	0	0	12	cluster_12	0.7967
10875	Spectrogram 1	1	2718.500000	2719.000000	0	0	6	cluster_6	0.8042
10876	Spectrogram 1	1	2718.750000	2719.250000	0	0	6	cluster_6	0.8978
10877	Spectrogram 1	1	2719.000000	2719.500000	0	0	6	cluster_6	0.8394
10878	Spectrogram 1	1	2719.250000	2719.750000	0	0	6	cluster_6	0.8819
10879	Spectrogram 1	1	2719.500000	2720.000000	0	0	2	cluster_2	0.3748
10880	Spectrogram 1	1	2719.750000	2720.250000	0	0	noise	cluster_noise	0.0000
10881	Spectrogram 1	1	2720.000000	2720.500000	0	0	3	cluster_3	0.5106
10882	Spectrogram 1	1	2720.250000	2720.750000	0	0	3	cluster_3	1.0000
10883	Spectrogram 1	1	2720.500000	2721.000000	0	0	3	cluster_3	1.0000
10884	Spectrogram 1	1	2720.750000	2721.250000	0	0	3	cluster_3	1.0000
10885	Spectrogram 1	1	2721.000000	2721.500000	0	0	3	cluster_3	1.0000
10886	Spectrogram 1	1	2721.250000	2721.750000	0	0	3	cluster_3	1.0000
10887	Spectrogram 1	1	2721.500000	2722.000000	0	0	3	cluster_3	1.0000
10888	Spectrogram 1	1	2721.750000	2722.250000	0	0	3	cluster_3	0.9484
10889	Spectrogram 1	1	2722.000000	2722.500000	0	0	3	cluster_3	0.5859
10890	Spectrogram 1	1	2722.250000	2722.750000	0	0	3	cluster_3	0.6273
10891	Spectrogram 1	1	2722.500000	2723.000000	0	0	noise	cluster_noise	0.0000
10892	Spectrogram 1	1	2722.750000	2723.250000	0	0	noise	cluster_noise	0.0000
10893	Spectrogram 1	1	2723.000000	2723.500000	0	0	5	cluster_5	0.5547
10894	Spectrogram 1	1	2723.250000	2723.750000	0	0	6	cluster_6	0.6906
10895	Spectrogram 1	1	2723.500000	2724.000000	0	0	6	cluster_6	0.7658
10896	Spectrogram 1	1	2723.750000	2724.250000	0	0	6	cluster_6	0.8576
10897	Spectrogram 1	1	2724.000000	2724.500000	0	0	6	cluster_6	1.0000
10898	Spectrogram 1	1	2724.250000	2724.750000	0	0	6	cluster_6	1.0000
10899	Spectrogram 1	1	2724.500000	2725.000000	0	0	6	cluster_6	1.0000
10900	Spectrogram 1	1	2724.750000	2725.250000	0	0	6	cluster_6	1.0000
10901	Spectrogram 1	1	2725.000000	2725.500000	0	0	6	cluster_6	1.0000
10902	Spectrogram 1	1	2725.250000	2725.750000	0	0	12	cluster_12	0.7896
10903	Spectrogram 1	1	2725.500000	2726.000000	0	0	6	cluster_6	0.7388
10904	Spectrogram 1	1	2725.750000	2726.250000	0	0	6	cluster_6	0.6042
10905	Spectrogram 1	1	2726.000000	2726.500000	0	0	5	cluster_5	0.5697
10906	Spectrogram 1	1	2726.250000	2726.750000	0	0	12	cluster_12	0.8624
10907	Spectrogram 1	1	2726.500000	2727.000000	0	0	6	cluster_6	0.7558
10908	Spectrogram 1	1	2726.750000	2727.250000	0	0	6	cluster_6	0.6123
10909	Spectrogram 1	1	2727.000000	2727.500000	0	0	noise	cluster_noise	0.0000
10910	Spectrogram 1	1	2727.250000	2727.750000	0	0	6	cluster_6	1.0000
10911	Spectrogram 1	1	2727.500000	2728.000000	0	0	12	cluster_12	0.8766
10912	Spectrogram 1	1	2727.750000	2728.250000	0	0	12	cluster_12	0.8781
10913	Spectrogram 1	1	2728.000000	2728.500000	0	0	12	cluster_12	0.8368
10914	Spectrogram 1	1	2728.250000	2728.750000	0	0	12	cluster_12	0.7379
10915	Spectrogram 1	1	2728.500000	2729.000000	0	0	6	cluster_6	0.8655
10916	Spectrogram 1	1	2728.750000	2729.250000	0	0	6	cluster_6	0.9022
10917	Spectrogram 1	1	2729.000000	2729.500000	0	0	6	cluster_6	0.8636
10918	Spectrogram 1	1	2729.250000	2729.750000	0	0	12	cluster_12	0.9625
10919	Spectrogram 1	1	2729.500000	2730.000000	0	0	12	cluster_12	1.0000
10920	Spectrogram 1	1	2729.750000	2730.250000	0	0	12	cluster_12	0.8952
10921	Spectrogram 1	1	2730.000000	2730.500000	0	0	12	cluster_12	0.8189
10922	Spectrogram 1	1	2730.250000	2730.750000	0	0	6	cluster_6	0.7912
10923	Spectrogram 1	1	2730.500000	2731.000000	0	0	6	cluster_6	0.8596
10924	Spectrogram 1	1	2730.750000	2731.250000	0	0	noise	cluster_noise	0.0000
10925	Spectrogram 1	1	2731.000000	2731.500000	0	0	12	cluster_12	0.7702
10926	Spectrogram 1	1	2731.250000	2731.750000	0	0	12	cluster_12	0.7785
10927	Spectrogram 1	1	2731.500000	2732.000000	0	0	6	cluster_6	1.0000
10928	Spectrogram 1	1	2731.750000	2732.250000	0	0	6	cluster_6	1.0000
10929	Spectrogram 1	1	2732.000000	2732.500000	0	0	6	cluster_6	0.8501
10930	Spectrogram 1	1	2732.250000	2732.750000	0	0	6	cluster_6	0.6824
10931	Spectrogram 1	1	2732.500000	2733.000000	0	0	8	cluster_8	1.0000
10932	Spectrogram 1	1	2732.750000	2733.250000	0	0	8	cluster_8	1.0000
10933	Spectrogram 1	1	2733.000000	2733.500000	0	0	5	cluster_5	0.5228
10934	Spectrogram 1	1	2733.250000	2733.750000	0	0	noise	cluster_noise	0.0000
10935	Spectrogram 1	1	2733.500000	2734.000000	0	0	3	cluster_3	0.5827
10936	Spectrogram 1	1	2733.750000	2734.250000	0	0	3	cluster_3	0.8291
10937	Spectrogram 1	1	2734.000000	2734.500000	0	0	3	cluster_3	1.0000
10938	Spectrogram 1	1	2734.250000	2734.750000	0	0	3	cluster_3	1.0000
10939	Spectrogram 1	1	2734.500000	2735.000000	0	0	3	cluster_3	1.0000
10940	Spectrogram 1	1	2734.750000	2735.250000	0	0	3	cluster_3	1.0000
10941	Spectrogram 1	1	2735.000000	2735.500000	0	0	3	cluster_3	1.0000
10942	Spectrogram 1	1	2735.250000	2735.750000	0	0	3	cluster_3	1.0000
10943	Spectrogram 1	1	2735.500000	2736.000000	0	0	3	cluster_3	0.8624
10944	Spectrogram 1	1	2735.750000	2736.250000	0	0	3	cluster_3	0.5091
10945	Spectrogram 1	1	2736.000000	2736.500000	0	0	3	cluster_3	0.5911
10946	Spectrogram 1	1	2736.250000	2736.750000	0	0	noise	cluster_noise	0.0000
10947	Spectrogram 1	1	2736.500000	2737.000000	0	0	noise	cluster_noise	0.0000
10948	Spectrogram 1	1	2736.750000	2737.250000	0	0	noise	cluster_noise	0.0000
10949	Spectrogram 1	1	2737.000000	2737.500000	0	0	noise	cluster_noise	0.0000
10950	Spectrogram 1	1	2737.250000	2737.750000	0	0	noise	cluster_noise	0.0000
10951	Spectrogram 1	1	2737.500000	2738.000000	0	0	noise	cluster_noise	0.0000
10952	Spectrogram 1	1	2737.750000	2738.250000	0	0	6	cluster_6	1.0000
10953	Spectrogram 1	1	2738.000000	2738.500000	0	0	6	cluster_6	1.0000
10954	Spectrogram 1	1	2738.250000	2738.750000	0	0	6	cluster_6	1.0000
10955	Spectrogram 1	1	2738.500000	2739.000000	0	0	noise	cluster_noise	0.0000
10956	Spectrogram 1	1	2738.750000	2739.250000	0	0	2	cluster_2	0.5570
10957	Spectrogram 1	1	2739.000000	2739.500000	0	0	12	cluster_12	0.7614
10958	Spectrogram 1	1	2739.250000	2739.750000	0	0	12	cluster_12	0.7892
10959	Spectrogram 1	1	2739.500000	2740.000000	0	0	12	cluster_12	0.8302
10960	Spectrogram 1	1	2739.750000	2740.250000	0	0	4	cluster_4	1.0000
10961	Spectrogram 1	1	2740.000000	2740.500000	0	0	4	cluster_4	1.0000
10962	Spectrogram 1	1	2740.250000	2740.750000	0	0	4	cluster_4	1.0000
10963	Spectrogram 1	1	2740.500000	2741.000000	0	0	6	cluster_6	0.8711
10964	Spectrogram 1	1	2740.750000	2741.250000	0	0	2	cluster_2	0.3804
10965	Spectrogram 1	1	2741.000000	2741.500000	0	0	6	cluster_6	1.0000
10966	Spectrogram 1	1	2741.250000	2741.750000	0	0	6	cluster_6	0.9663
10967	Spectrogram 1	1	2741.500000	2742.000000	0	0	2	cluster_2	0.4580
10968	Spectrogram 1	1	2741.750000	2742.250000	0	0	2	cluster_2	0.4483
10969	Spectrogram 1	1	2742.000000	2742.500000	0	0	2	cluster_2	0.3816
10970	Spectrogram 1	1	2742.250000	2742.750000	0	0	6	cluster_6	0.7897
10971	Spectrogram 1	1	2742.500000	2743.000000	0	0	8	cluster_8	1.0000
10972	Spectrogram 1	1	2742.750000	2743.250000	0	0	4	cluster_4	0.8782
10973	Spectrogram 1	1	2743.000000	2743.500000	0	0	4	cluster_4	1.0000
10974	Spectrogram 1	1	2743.250000	2743.750000	0	0	4	cluster_4	1.0000
10975	Spectrogram 1	1	2743.500000	2744.000000	0	0	4	cluster_4	1.0000
10976	Spectrogram 1	1	2743.750000	2744.250000	0	0	4	cluster_4	1.0000
10977	Spectrogram 1	1	2744.000000	2744.500000	0	0	4	cluster_4	1.0000
10978	Spectrogram 1	1	2744.250000	2744.750000	0	0	12	cluster_12	0.7633
10979	Spectrogram 1	1	2744.500000	2745.000000	0	0	noise	cluster_noise	0.0000
10980	Spectrogram 1	1	2744.750000	2745.250000	0	0	2	cluster_2	0.5225
10981	Spectrogram 1	1	2745.000000	2745.500000	0	0	noise	cluster_noise	0.0000
10982	Spectrogram 1	1	2745.250000	2745.750000	0	0	2	cluster_2	0.5486
10983	Spectrogram 1	1	2745.500000	2746.000000	0	0	noise	cluster_noise	0.0000
10984	Spectrogram 1	1	2745.750000	2746.250000	0	0	noise	cluster_noise	0.0000
10985	Spectrogram 1	1	2746.000000	2746.500000	0	0	11	cluster_11	0.8585
10986	Spectrogram 1	1	2746.250000	2746.750000	0	0	noise	cluster_noise	0.0000
10987	Spectrogram 1	1	2746.500000	2747.000000	0	0	noise	cluster_noise	0.0000
10988	Spectrogram 1	1	2746.750000	2747.250000	0	0	12	cluster_12	0.8993
10989	Spectrogram 1	1	2747.000000	2747.500000	0	0	12	cluster_12	0.8825
10990	Spectrogram 1	1	2747.250000	2747.750000	0	0	2	cluster_2	0.3267
10991	Spectrogram 1	1	2747.500000	2748.000000	0	0	noise	cluster_noise	0.0000
10992	Spectrogram 1	1	2747.750000	2748.250000	0	0	12	cluster_12	0.9053
10993	Spectrogram 1	1	2748.000000	2748.500000	0	0	11	cluster_11	1.0000
10994	Spectrogram 1	1	2748.250000	2748.750000	0	0	11	cluster_11	1.0000
10995	Spectrogram 1	1	2748.500000	2749.000000	0	0	2	cluster_2	0.3554
10996	Spectrogram 1	1	2748.750000	2749.250000	0	0	12	cluster_12	0.8898
10997	Spectrogram 1	1	2749.000000	2749.500000	0	0	12	cluster_12	0.7644
10998	Spectrogram 1	1	2749.250000	2749.750000	0	0	noise	cluster_noise	0.0000
10999	Spectrogram 1	1	2749.500000	2750.000000	0	0	12	cluster_12	0.9458
11000	Spectrogram 1	1	2749.750000	2750.250000	0	0	11	cluster_11	1.0000
11001	Spectrogram 1	1	2750.000000	2750.500000	0	0	11	cluster_11	1.0000
11002	Spectrogram 1	1	2750.250000	2750.750000	0	0	6	cluster_6	0.8505
11003	Spectrogram 1	1	2750.500000	2751.000000	0	0	12	cluster_12	0.9458
11004	Spectrogram 1	1	2750.750000	2751.250000	0	0	12	cluster_12	0.8539
11005	Spectrogram 1	1	2751.000000	2751.500000	0	0	12	cluster_12	0.8131
11006	Spectrogram 1	1	2751.250000	2751.750000	0	0	12	cluster_12	0.9458
11007	Spectrogram 1	1	2751.500000	2752.000000	0	0	11	cluster_11	1.0000
11008	Spectrogram 1	1	2751.750000	2752.250000	0	0	11	cluster_11	1.0000
11009	Spectrogram 1	1	2752.000000	2752.500000	0	0	6	cluster_6	1.0000
11010	Spectrogram 1	1	2752.250000	2752.750000	0	0	12	cluster_12	0.8240
11011	Spectrogram 1	1	2752.500000	2753.000000	0	0	12	cluster_12	0.9054
11012	Spectrogram 1	1	2752.750000	2753.250000	0	0	noise	cluster_noise	0.0000
11013	Spectrogram 1	1	2753.000000	2753.500000	0	0	6	cluster_6	1.0000
11014	Spectrogram 1	1	2753.250000	2753.750000	0	0	6	cluster_6	0.8468
11015	Spectrogram 1	1	2753.500000	2754.000000	0	0	6	cluster_6	1.0000
11016	Spectrogram 1	1	2753.750000	2754.250000	0	0	6	cluster_6	0.9702
11017	Spectrogram 1	1	2754.000000	2754.500000	0	0	4	cluster_4	1.0000
11018	Spectrogram 1	1	2754.250000	2754.750000	0	0	4	cluster_4	1.0000
11019	Spectrogram 1	1	2754.500000	2755.000000	0	0	4	cluster_4	1.0000
11020	Spectrogram 1	1	2754.750000	2755.250000	0	0	noise	cluster_noise	0.0000
11021	Spectrogram 1	1	2755.000000	2755.500000	0	0	4	cluster_4	1.0000
11022	Spectrogram 1	1	2755.250000	2755.750000	0	0	4	cluster_4	1.0000
11023	Spectrogram 1	1	2755.500000	2756.000000	0	0	6	cluster_6	0.8380
11024	Spectrogram 1	1	2755.750000	2756.250000	0	0	6	cluster_6	0.6789
11025	Spectrogram 1	1	2756.000000	2756.500000	0	0	6	cluster_6	0.6401
11026	Spectrogram 1	1	2756.250000	2756.750000	0	0	noise	cluster_noise	0.0000
11027	Spectrogram 1	1	2756.500000	2757.000000	0	0	noise	cluster_noise	0.0000
11028	Spectrogram 1	1	2756.750000	2757.250000	0	0	6	cluster_6	1.0000
11029	Spectrogram 1	1	2757.000000	2757.500000	0	0	noise	cluster_noise	0.0000
11030	Spectrogram 1	1	2757.250000	2757.750000	0	0	noise	cluster_noise	0.0000
11031	Spectrogram 1	1	2757.500000	2758.000000	0	0	noise	cluster_noise	0.0000
11032	Spectrogram 1	1	2757.750000	2758.250000	0	0	4	cluster_4	1.0000
11033	Spectrogram 1	1	2758.000000	2758.500000	0	0	4	cluster_4	1.0000
11034	Spectrogram 1	1	2758.250000	2758.750000	0	0	4	cluster_4	1.0000
11035	Spectrogram 1	1	2758.500000	2759.000000	0	0	4	cluster_4	1.0000
11036	Spectrogram 1	1	2758.750000	2759.250000	0	0	4	cluster_4	1.0000
11037	Spectrogram 1	1	2759.000000	2759.500000	0	0	4	cluster_4	1.0000
11038	Spectrogram 1	1	2759.250000	2759.750000	0	0	5	cluster_5	0.5603
11039	Spectrogram 1	1	2759.500000	2760.000000	0	0	2	cluster_2	0.5383
11040	Spectrogram 1	1	2759.750000	2760.250000	0	0	2	cluster_2	0.3333
11041	Spectrogram 1	1	2760.000000	2760.500000	0	0	6	cluster_6	0.7109
11042	Spectrogram 1	1	2760.250000	2760.750000	0	0	2	cluster_2	0.8165
11043	Spectrogram 1	1	2760.500000	2761.000000	0	0	12	cluster_12	0.9225
11044	Spectrogram 1	1	2760.750000	2761.250000	0	0	11	cluster_11	1.0000
11045	Spectrogram 1	1	2761.000000	2761.500000	0	0	11	cluster_11	1.0000
11046	Spectrogram 1	1	2761.250000	2761.750000	0	0	2	cluster_2	0.3884
11047	Spectrogram 1	1	2761.500000	2762.000000	0	0	12	cluster_12	0.8697
11048	Spectrogram 1	1	2761.750000	2762.250000	0	0	12	cluster_12	0.8408
11049	Spectrogram 1	1	2762.000000	2762.500000	0	0	12	cluster_12	0.7377
11050	Spectrogram 1	1	2762.250000	2762.750000	0	0	2	cluster_2	0.5968
11051	Spectrogram 1	1	2762.500000	2763.000000	0	0	12	cluster_12	0.9458
11052	Spectrogram 1	1	2762.750000	2763.250000	0	0	11	cluster_11	1.0000
11053	Spectrogram 1	1	2763.000000	2763.500000	0	0	11	cluster_11	1.0000
11054	Spectrogram 1	1	2763.250000	2763.750000	0	0	2	cluster_2	0.6134
11055	Spectrogram 1	1	2763.500000	2764.000000	0	0	11	cluster_11	0.7272
11056	Spectrogram 1	1	2763.750000	2764.250000	0	0	11	cluster_11	0.7424
11057	Spectrogram 1	1	2764.000000	2764.500000	0	0	6	cluster_6	0.9625
11058	Spectrogram 1	1	2764.250000	2764.750000	0	0	noise	cluster_noise	0.0000
11059	Spectrogram 1	1	2764.500000	2765.000000	0	0	12	cluster_12	0.8099
11060	Spectrogram 1	1	2764.750000	2765.250000	0	0	11	cluster_11	1.0000
11061	Spectrogram 1	1	2765.000000	2765.500000	0	0	noise	cluster_noise	0.0000
11062	Spectrogram 1	1	2765.250000	2765.750000	0	0	12	cluster_12	0.8510
11063	Spectrogram 1	1	2765.500000	2766.000000	0	0	12	cluster_12	0.8765
11064	Spectrogram 1	1	2765.750000	2766.250000	0	0	12	cluster_12	0.8278
11065	Spectrogram 1	1	2766.000000	2766.500000	0	0	noise	cluster_noise	0.0000
11066	Spectrogram 1	1	2766.250000	2766.750000	0	0	12	cluster_12	0.7585
11067	Spectrogram 1	1	2766.500000	2767.000000	0	0	noise	cluster_noise	0.0000
11068	Spectrogram 1	1	2766.750000	2767.250000	0	0	noise	cluster_noise	0.0000
11069	Spectrogram 1	1	2767.000000	2767.500000	0	0	noise	cluster_noise	0.0000
11070	Spectrogram 1	1	2767.250000	2767.750000	0	0	12	cluster_12	0.8429
11071	Spectrogram 1	1	2767.500000	2768.000000	0	0	12	cluster_12	0.8761
11072	Spectrogram 1	1	2767.750000	2768.250000	0	0	noise	cluster_noise	0.0000
11073	Spectrogram 1	1	2768.000000	2768.500000	0	0	12	cluster_12	0.7686
11074	Spectrogram 1	1	2768.250000	2768.750000	0	0	11	cluster_11	1.0000
11075	Spectrogram 1	1	2768.500000	2769.000000	0	0	11	cluster_11	1.0000
11076	Spectrogram 1	1	2768.750000	2769.250000	0	0	12	cluster_12	0.8715
11077	Spectrogram 1	1	2769.000000	2769.500000	0	0	12	cluster_12	0.8904
11078	Spectrogram 1	1	2769.250000	2769.750000	0	0	12	cluster_12	0.8715
11079	Spectrogram 1	1	2769.500000	2770.000000	0	0	noise	cluster_noise	0.0000
11080	Spectrogram 1	1	2769.750000	2770.250000	0	0	12	cluster_12	0.7336
11081	Spectrogram 1	1	2770.000000	2770.500000	0	0	noise	cluster_noise	0.0000
11082	Spectrogram 1	1	2770.250000	2770.750000	0	0	2	cluster_2	0.4186
11083	Spectrogram 1	1	2770.500000	2771.000000	0	0	2	cluster_2	0.4389
11084	Spectrogram 1	1	2770.750000	2771.250000	0	0	2	cluster_2	0.4639
11085	Spectrogram 1	1	2771.000000	2771.500000	0	0	noise	cluster_noise	0.0000
11086	Spectrogram 1	1	2771.250000	2771.750000	0	0	4	cluster_4	1.0000
11087	Spectrogram 1	1	2771.500000	2772.000000	0	0	4	cluster_4	1.0000
11088	Spectrogram 1	1	2771.750000	2772.250000	0	0	4	cluster_4	1.0000
11089	Spectrogram 1	1	2772.000000	2772.500000	0	0	4	cluster_4	1.0000
11090	Spectrogram 1	1	2772.250000	2772.750000	0	0	noise	cluster_noise	0.0000
11091	Spectrogram 1	1	2772.500000	2773.000000	0	0	6	cluster_6	0.6531
11092	Spectrogram 1	1	2772.750000	2773.250000	0	0	6	cluster_6	0.6544
11093	Spectrogram 1	1	2773.000000	2773.500000	0	0	noise	cluster_noise	0.0000
11094	Spectrogram 1	1	2773.250000	2773.750000	0	0	noise	cluster_noise	0.0000
11095	Spectrogram 1	1	2773.500000	2774.000000	0	0	2	cluster_2	0.4915
11096	Spectrogram 1	1	2773.750000	2774.250000	0	0	2	cluster_2	0.4690
11097	Spectrogram 1	1	2774.000000	2774.500000	0	0	2	cluster_2	0.5104
11098	Spectrogram 1	1	2774.250000	2774.750000	0	0	2	cluster_2	0.3349
11099	Spectrogram 1	1	2774.500000	2775.000000	0	0	6	cluster_6	1.0000
11100	Spectrogram 1	1	2774.750000	2775.250000	0	0	6	cluster_6	1.0000
11101	Spectrogram 1	1	2775.000000	2775.500000	0	0	4	cluster_4	1.0000
11102	Spectrogram 1	1	2775.250000	2775.750000	0	0	4	cluster_4	1.0000
11103	Spectrogram 1	1	2775.500000	2776.000000	0	0	4	cluster_4	1.0000
11104	Spectrogram 1	1	2775.750000	2776.250000	0	0	4	cluster_4	1.0000
11105	Spectrogram 1	1	2776.000000	2776.500000	0	0	noise	cluster_noise	0.0000
11106	Spectrogram 1	1	2776.250000	2776.750000	0	0	noise	cluster_noise	0.0000
11107	Spectrogram 1	1	2776.500000	2777.000000	0	0	noise	cluster_noise	0.0000
11108	Spectrogram 1	1	2776.750000	2777.250000	0	0	6	cluster_6	0.7834
11109	Spectrogram 1	1	2777.000000	2777.500000	0	0	6	cluster_6	0.8748
11110	Spectrogram 1	1	2777.250000	2777.750000	0	0	6	cluster_6	0.8410
11111	Spectrogram 1	1	2777.500000	2778.000000	0	0	noise	cluster_noise	0.0000
11112	Spectrogram 1	1	2777.750000	2778.250000	0	0	noise	cluster_noise	0.0000
11113	Spectrogram 1	1	2778.000000	2778.500000	0	0	noise	cluster_noise	0.0000
11114	Spectrogram 1	1	2778.250000	2778.750000	0	0	2	cluster_2	0.5511
11115	Spectrogram 1	1	2778.500000	2779.000000	0	0	11	cluster_11	1.0000
11116	Spectrogram 1	1	2778.750000	2779.250000	0	0	noise	cluster_noise	0.0000
11117	Spectrogram 1	1	2779.000000	2779.500000	0	0	6	cluster_6	0.9894
11118	Spectrogram 1	1	2779.250000	2779.750000	0	0	noise	cluster_noise	0.0000
11119	Spectrogram 1	1	2779.500000	2780.000000	0	0	14	cluster_14	0.6573
11120	Spectrogram 1	1	2779.750000	2780.250000	0	0	14	cluster_14	0.6430
11121	Spectrogram 1	1	2780.000000	2780.500000	0	0	noise	cluster_noise	0.0000
11122	Spectrogram 1	1	2780.250000	2780.750000	0	0	noise	cluster_noise	0.0000
11123	Spectrogram 1	1	2780.500000	2781.000000	0	0	noise	cluster_noise	0.0000
11124	Spectrogram 1	1	2780.750000	2781.250000	0	0	6	cluster_6	0.6586
11125	Spectrogram 1	1	2781.000000	2781.500000	0	0	noise	cluster_noise	0.0000
11126	Spectrogram 1	1	2781.250000	2781.750000	0	0	14	cluster_14	0.7685
11127	Spectrogram 1	1	2781.500000	2782.000000	0	0	14	cluster_14	0.7214
11128	Spectrogram 1	1	2781.750000	2782.250000	0	0	2	cluster_2	0.5944
11129	Spectrogram 1	1	2782.000000	2782.500000	0	0	14	cluster_14	0.5588
11130	Spectrogram 1	1	2782.250000	2782.750000	0	0	14	cluster_14	0.6883
11131	Spectrogram 1	1	2782.500000	2783.000000	0	0	noise	cluster_noise	0.0000
11132	Spectrogram 1	1	2782.750000	2783.250000	0	0	2	cluster_2	0.5763
11133	Spectrogram 1	1	2783.000000	2783.500000	0	0	12	cluster_12	0.9247
11134	Spectrogram 1	1	2783.250000	2783.750000	0	0	noise	cluster_noise	0.0000
11135	Spectrogram 1	1	2783.500000	2784.000000	0	0	14	cluster_14	0.6452
11136	Spectrogram 1	1	2783.750000	2784.250000	0	0	10	cluster_10	1.0000
11137	Spectrogram 1	1	2784.000000	2784.500000	0	0	14	cluster_14	1.0000
11138	Spectrogram 1	1	2784.250000	2784.750000	0	0	14	cluster_14	0.9289
11139	Spectrogram 1	1	2784.500000	2785.000000	0	0	noise	cluster_noise	0.0000
11140	Spectrogram 1	1	2784.750000	2785.250000	0	0	2	cluster_2	0.4172
11141	Spectrogram 1	1	2785.000000	2785.500000	0	0	12	cluster_12	0.9176
11142	Spectrogram 1	1	2785.250000	2785.750000	0	0	14	cluster_14	0.7417
11143	Spectrogram 1	1	2785.500000	2786.000000	0	0	14	cluster_14	1.0000
11144	Spectrogram 1	1	2785.750000	2786.250000	0	0	12	cluster_12	0.8461
11145	Spectrogram 1	1	2786.000000	2786.500000	0	0	14	cluster_14	0.9635
11146	Spectrogram 1	1	2786.250000	2786.750000	0	0	14	cluster_14	0.9462
11147	Spectrogram 1	1	2786.500000	2787.000000	0	0	2	cluster_2	0.7296
11148	Spectrogram 1	1	2786.750000	2787.250000	0	0	12	cluster_12	0.9102
11149	Spectrogram 1	1	2787.000000	2787.500000	0	0	noise	cluster_noise	0.0000
11150	Spectrogram 1	1	2787.250000	2787.750000	0	0	14	cluster_14	0.6127
11151	Spectrogram 1	1	2787.500000	2788.000000	0	0	14	cluster_14	0.9794
11152	Spectrogram 1	1	2787.750000	2788.250000	0	0	14	cluster_14	1.0000
11153	Spectrogram 1	1	2788.000000	2788.500000	0	0	14	cluster_14	1.0000
11154	Spectrogram 1	1	2788.250000	2788.750000	0	0	noise	cluster_noise	0.0000
11155	Spectrogram 1	1	2788.500000	2789.000000	0	0	noise	cluster_noise	0.0000
11156	Spectrogram 1	1	2788.750000	2789.250000	0	0	noise	cluster_noise	0.0000
11157	Spectrogram 1	1	2789.000000	2789.500000	0	0	6	cluster_6	1.0000
11158	Spectrogram 1	1	2789.250000	2789.750000	0	0	2	cluster_2	0.6288
11159	Spectrogram 1	1	2789.500000	2790.000000	0	0	2	cluster_2	0.6562
11160	Spectrogram 1	1	2789.750000	2790.250000	0	0	2	cluster_2	0.6100
11161	Spectrogram 1	1	2790.000000	2790.500000	0	0	4	cluster_4	0.7420
11162	Spectrogram 1	1	2790.250000	2790.750000	0	0	4	cluster_4	1.0000
11163	Spectrogram 1	1	2790.500000	2791.000000	0	0	4	cluster_4	1.0000
11164	Spectrogram 1	1	2790.750000	2791.250000	0	0	4	cluster_4	1.0000
11165	Spectrogram 1	1	2791.000000	2791.500000	0	0	4	cluster_4	1.0000
11166	Spectrogram 1	1	2791.250000	2791.750000	0	0	noise	cluster_noise	0.0000
11167	Spectrogram 1	1	2791.500000	2792.000000	0	0	noise	cluster_noise	0.0000
11168	Spectrogram 1	1	2791.750000	2792.250000	0	0	noise	cluster_noise	0.0000
11169	Spectrogram 1	1	2792.000000	2792.500000	0	0	2	cluster_2	0.5539
11170	Spectrogram 1	1	2792.250000	2792.750000	0	0	2	cluster_2	0.4347
11171	Spectrogram 1	1	2792.500000	2793.000000	0	0	2	cluster_2	0.3246
11172	Spectrogram 1	1	2792.750000	2793.250000	0	0	8	cluster_8	1.0000
11173	Spectrogram 1	1	2793.000000	2793.500000	0	0	8	cluster_8	1.0000
11174	Spectrogram 1	1	2793.250000	2793.750000	0	0	2	cluster_2	0.7566
11175	Spectrogram 1	1	2793.500000	2794.000000	0	0	noise	cluster_noise	0.0000
11176	Spectrogram 1	1	2793.750000	2794.250000	0	0	4	cluster_4	1.0000
11177	Spectrogram 1	1	2794.000000	2794.500000	0	0	4	cluster_4	1.0000
11178	Spectrogram 1	1	2794.250000	2794.750000	0	0	4	cluster_4	1.0000
11179	Spectrogram 1	1	2794.500000	2795.000000	0	0	4	cluster_4	1.0000
11180	Spectrogram 1	1	2794.750000	2795.250000	0	0	2	cluster_2	0.8813
11181	Spectrogram 1	1	2795.000000	2795.500000	0	0	2	cluster_2	0.6635
11182	Spectrogram 1	1	2795.250000	2795.750000	0	0	2	cluster_2	0.5563
11183	Spectrogram 1	1	2795.500000	2796.000000	0	0	2	cluster_2	0.6149
11184	Spectrogram 1	1	2795.750000	2796.250000	0	0	noise	cluster_noise	0.0000
11185	Spectrogram 1	1	2796.000000	2796.500000	0	0	11	cluster_11	1.0000
11186	Spectrogram 1	1	2796.250000	2796.750000	0	0	14	cluster_14	0.5582
11187	Spectrogram 1	1	2796.500000	2797.000000	0	0	noise	cluster_noise	0.0000
11188	Spectrogram 1	1	2796.750000	2797.250000	0	0	2	cluster_2	0.3620
11189	Spectrogram 1	1	2797.000000	2797.500000	0	0	5	cluster_5	0.5100
11190	Spectrogram 1	1	2797.250000	2797.750000	0	0	noise	cluster_noise	0.0000
11191	Spectrogram 1	1	2797.500000	2798.000000	0	0	noise	cluster_noise	0.0000
11192	Spectrogram 1	1	2797.750000	2798.250000	0	0	noise	cluster_noise	0.0000
11193	Spectrogram 1	1	2798.000000	2798.500000	0	0	14	cluster_14	0.6109
11194	Spectrogram 1	1	2798.250000	2798.750000	0	0	2	cluster_2	0.7515
11195	Spectrogram 1	1	2798.500000	2799.000000	0	0	12	cluster_12	0.8641
11196	Spectrogram 1	1	2798.750000	2799.250000	0	0	12	cluster_12	0.9458
11197	Spectrogram 1	1	2799.000000	2799.500000	0	0	noise	cluster_noise	0.0000
11198	Spectrogram 1	1	2799.250000	2799.750000	0	0	14	cluster_14	0.6290
11199	Spectrogram 1	1	2799.500000	2800.000000	0	0	2	cluster_2	0.6742
11200	Spectrogram 1	1	2799.750000	2800.250000	0	0	12	cluster_12	0.9458
11201	Spectrogram 1	1	2800.000000	2800.500000	0	0	14	cluster_14	0.9014
11202	Spectrogram 1	1	2800.250000	2800.750000	0	0	14	cluster_14	0.6291
11203	Spectrogram 1	1	2800.500000	2801.000000	0	0	2	cluster_2	0.8313
11204	Spectrogram 1	1	2800.750000	2801.250000	0	0	12	cluster_12	0.9219
11205	Spectrogram 1	1	2801.000000	2801.500000	0	0	noise	cluster_noise	0.0000
11206	Spectrogram 1	1	2801.250000	2801.750000	0	0	14	cluster_14	0.6363
11207	Spectrogram 1	1	2801.500000	2802.000000	0	0	noise	cluster_noise	0.0000
11208	Spectrogram 1	1	2801.750000	2802.250000	0	0	2	cluster_2	0.3335
11209	Spectrogram 1	1	2802.000000	2802.500000	0	0	noise	cluster_noise	0.0000
11210	Spectrogram 1	1	2802.250000	2802.750000	0	0	14	cluster_14	0.5916
11211	Spectrogram 1	1	2802.500000	2803.000000	0	0	noise	cluster_noise	0.0000
11212	Spectrogram 1	1	2802.750000	2803.250000	0	0	12	cluster_12	0.9168
11213	Spectrogram 1	1	2803.000000	2803.500000	0	0	14	cluster_14	1.0000
11214	Spectrogram 1	1	2803.250000	2803.750000	0	0	noise	cluster_noise	0.0000
11215	Spectrogram 1	1	2803.500000	2804.000000	0	0	2	cluster_2	0.9176
11216	Spectrogram 1	1	2803.750000	2804.250000	0	0	12	cluster_12	0.9109
11217	Spectrogram 1	1	2804.000000	2804.500000	0	0	14	cluster_14	0.7962
11218	Spectrogram 1	1	2804.250000	2804.750000	0	0	14	cluster_14	0.7942
11219	Spectrogram 1	1	2804.500000	2805.000000	0	0	12	cluster_12	0.8746
11220	Spectrogram 1	1	2804.750000	2805.250000	0	0	14	cluster_14	1.0000
11221	Spectrogram 1	1	2805.000000	2805.500000	0	0	14	cluster_14	1.0000
11222	Spectrogram 1	1	2805.250000	2805.750000	0	0	noise	cluster_noise	0.0000
11223	Spectrogram 1	1	2805.500000	2806.000000	0	0	12	cluster_12	0.9458
11224	Spectrogram 1	1	2805.750000	2806.250000	0	0	11	cluster_11	1.0000
11225	Spectrogram 1	1	2806.000000	2806.500000	0	0	14	cluster_14	0.5698
11226	Spectrogram 1	1	2806.250000	2806.750000	0	0	14	cluster_14	0.7060
11227	Spectrogram 1	1	2806.500000	2807.000000	0	0	12	cluster_12	0.9458
11228	Spectrogram 1	1	2806.750000	2807.250000	0	0	14	cluster_14	0.9145
11229	Spectrogram 1	1	2807.000000	2807.500000	0	0	14	cluster_14	0.7877
11230	Spectrogram 1	1	2807.250000	2807.750000	0	0	2	cluster_2	0.8151
11231	Spectrogram 1	1	2807.500000	2808.000000	0	0	noise	cluster_noise	0.0000
11232	Spectrogram 1	1	2807.750000	2808.250000	0	0	noise	cluster_noise	0.0000
11233	Spectrogram 1	1	2808.000000	2808.500000	0	0	2	cluster_2	0.4597
11234	Spectrogram 1	1	2808.250000	2808.750000	0	0	2	cluster_2	0.4840
11235	Spectrogram 1	1	2808.500000	2809.000000	0	0	2	cluster_2	0.8030
11236	Spectrogram 1	1	2808.750000	2809.250000	0	0	noise	cluster_noise	0.0000
11237	Spectrogram 1	1	2809.000000	2809.500000	0	0	11	cluster_11	0.9725
11238	Spectrogram 1	1	2809.250000	2809.750000	0	0	noise	cluster_noise	0.0000
11239	Spectrogram 1	1	2809.500000	2810.000000	0	0	14	cluster_14	0.6239
11240	Spectrogram 1	1	2809.750000	2810.250000	0	0	2	cluster_2	0.7680
11241	Spectrogram 1	1	2810.000000	2810.500000	0	0	noise	cluster_noise	0.0000
11242	Spectrogram 1	1	2810.250000	2810.750000	0	0	noise	cluster_noise	0.0000
11243	Spectrogram 1	1	2810.500000	2811.000000	0	0	noise	cluster_noise	0.0000
11244	Spectrogram 1	1	2810.750000	2811.250000	0	0	2	cluster_2	0.7191
11245	Spectrogram 1	1	2811.000000	2811.500000	0	0	2	cluster_2	0.5437
11246	Spectrogram 1	1	2811.250000	2811.750000	0	0	2	cluster_2	0.6002
11247	Spectrogram 1	1	2811.500000	2812.000000	0	0	2	cluster_2	0.7929
11248	Spectrogram 1	1	2811.750000	2812.250000	0	0	11	cluster_11	1.0000
11249	Spectrogram 1	1	2812.000000	2812.500000	0	0	14	cluster_14	0.6670
11250	Spectrogram 1	1	2812.250000	2812.750000	0	0	14	cluster_14	0.6715
11251	Spectrogram 1	1	2812.500000	2813.000000	0	0	noise	cluster_noise	0.0000
11252	Spectrogram 1	1	2812.750000	2813.250000	0	0	noise	cluster_noise	0.0000
11253	Spectrogram 1	1	2813.000000	2813.500000	0	0	noise	cluster_noise	0.0000
11254	Spectrogram 1	1	2813.250000	2813.750000	0	0	noise	cluster_noise	0.0000
11255	Spectrogram 1	1	2813.500000	2814.000000	0	0	2	cluster_2	0.5742
11256	Spectrogram 1	1	2813.750000	2814.250000	0	0	2	cluster_2	0.5555
11257	Spectrogram 1	1	2814.000000	2814.500000	0	0	2	cluster_2	0.7854
11258	Spectrogram 1	1	2814.250000	2814.750000	0	0	12	cluster_12	0.8056
11259	Spectrogram 1	1	2814.500000	2815.000000	0	0	11	cluster_11	0.9609
11260	Spectrogram 1	1	2814.750000	2815.250000	0	0	noise	cluster_noise	0.0000
11261	Spectrogram 1	1	2815.000000	2815.500000	0	0	noise	cluster_noise	0.0000
11262	Spectrogram 1	1	2815.250000	2815.750000	0	0	12	cluster_12	0.7460
11263	Spectrogram 1	1	2815.500000	2816.000000	0	0	noise	cluster_noise	0.0000
11264	Spectrogram 1	1	2815.750000	2816.250000	0	0	noise	cluster_noise	0.0000
11265	Spectrogram 1	1	2816.000000	2816.500000	0	0	noise	cluster_noise	0.0000
11266	Spectrogram 1	1	2816.250000	2816.750000	0	0	7	cluster_7	1.0000
11267	Spectrogram 1	1	2816.500000	2817.000000	0	0	7	cluster_7	1.0000
11268	Spectrogram 1	1	2816.750000	2817.250000	0	0	7	cluster_7	1.0000
11269	Spectrogram 1	1	2817.000000	2817.500000	0	0	7	cluster_7	1.0000
11270	Spectrogram 1	1	2817.250000	2817.750000	0	0	12	cluster_12	0.7545
11271	Spectrogram 1	1	2817.500000	2818.000000	0	0	2	cluster_2	0.6573
11272	Spectrogram 1	1	2817.750000	2818.250000	0	0	2	cluster_2	0.6270
11273	Spectrogram 1	1	2818.000000	2818.500000	0	0	2	cluster_2	0.6188
11274	Spectrogram 1	1	2818.250000	2818.750000	0	0	2	cluster_2	0.7763
11275	Spectrogram 1	1	2818.500000	2819.000000	0	0	7	cluster_7	0.6343
11276	Spectrogram 1	1	2818.750000	2819.250000	0	0	7	cluster_7	0.6642
11277	Spectrogram 1	1	2819.000000	2819.500000	0	0	7	cluster_7	1.0000
11278	Spectrogram 1	1	2819.250000	2819.750000	0	0	7	cluster_7	1.0000
11279	Spectrogram 1	1	2819.500000	2820.000000	0	0	7	cluster_7	0.9960
11280	Spectrogram 1	1	2819.750000	2820.250000	0	0	7	cluster_7	1.0000
11281	Spectrogram 1	1	2820.000000	2820.500000	0	0	7	cluster_7	1.0000
11282	Spectrogram 1	1	2820.250000	2820.750000	0	0	noise	cluster_noise	0.0000
11283	Spectrogram 1	1	2820.500000	2821.000000	0	0	2	cluster_2	0.6882
11284	Spectrogram 1	1	2820.750000	2821.250000	0	0	2	cluster_2	0.7518
11285	Spectrogram 1	1	2821.000000	2821.500000	0	0	2	cluster_2	0.7808
11286	Spectrogram 1	1	2821.250000	2821.750000	0	0	2	cluster_2	0.7555
11287	Spectrogram 1	1	2821.500000	2822.000000	0	0	noise	cluster_noise	0.0000
11288	Spectrogram 1	1	2821.750000	2822.250000	0	0	7	cluster_7	0.9063
11289	Spectrogram 1	1	2822.000000	2822.500000	0	0	7	cluster_7	1.0000
11290	Spectrogram 1	1	2822.250000	2822.750000	0	0	7	cluster_7	1.0000
11291	Spectrogram 1	1	2822.500000	2823.000000	0	0	7	cluster_7	1.0000
11292	Spectrogram 1	1	2822.750000	2823.250000	0	0	7	cluster_7	1.0000
11293	Spectrogram 1	1	2823.000000	2823.500000	0	0	7	cluster_7	1.0000
11294	Spectrogram 1	1	2823.250000	2823.750000	0	0	7	cluster_7	1.0000
11295	Spectrogram 1	1	2823.500000	2824.000000	0	0	2	cluster_2	0.5634
11296	Spectrogram 1	1	2823.750000	2824.250000	0	0	2	cluster_2	0.6687
11297	Spectrogram 1	1	2824.000000	2824.500000	0	0	noise	cluster_noise	0.0000
11298	Spectrogram 1	1	2824.250000	2824.750000	0	0	7	cluster_7	0.6732
11299	Spectrogram 1	1	2824.500000	2825.000000	0	0	7	cluster_7	0.9682
11300	Spectrogram 1	1	2824.750000	2825.250000	0	0	7	cluster_7	0.8655
11301	Spectrogram 1	1	2825.000000	2825.500000	0	0	7	cluster_7	0.9937
11302	Spectrogram 1	1	2825.250000	2825.750000	0	0	7	cluster_7	0.8663
11303	Spectrogram 1	1	2825.500000	2826.000000	0	0	7	cluster_7	1.0000
11304	Spectrogram 1	1	2825.750000	2826.250000	0	0	7	cluster_7	1.0000
11305	Spectrogram 1	1	2826.000000	2826.500000	0	0	7	cluster_7	1.0000
11306	Spectrogram 1	1	2826.250000	2826.750000	0	0	7	cluster_7	0.6222
11307	Spectrogram 1	1	2826.500000	2827.000000	0	0	7	cluster_7	0.7672
11308	Spectrogram 1	1	2826.750000	2827.250000	0	0	7	cluster_7	0.8816
11309	Spectrogram 1	1	2827.000000	2827.500000	0	0	7	cluster_7	0.7568
11310	Spectrogram 1	1	2827.250000	2827.750000	0	0	7	cluster_7	0.8032
11311	Spectrogram 1	1	2827.500000	2828.000000	0	0	7	cluster_7	1.0000
11312	Spectrogram 1	1	2827.750000	2828.250000	0	0	7	cluster_7	0.9536
11313	Spectrogram 1	1	2828.000000	2828.500000	0	0	7	cluster_7	1.0000
11314	Spectrogram 1	1	2828.250000	2828.750000	0	0	7	cluster_7	0.9077
11315	Spectrogram 1	1	2828.500000	2829.000000	0	0	2	cluster_2	0.6717
11316	Spectrogram 1	1	2828.750000	2829.250000	0	0	2	cluster_2	0.7934
11317	Spectrogram 1	1	2829.000000	2829.500000	0	0	2	cluster_2	0.8451
11318	Spectrogram 1	1	2829.250000	2829.750000	0	0	noise	cluster_noise	0.0000
11319	Spectrogram 1	1	2829.500000	2830.000000	0	0	15	cluster_15	1.0000
11320	Spectrogram 1	1	2829.750000	2830.250000	0	0	15	cluster_15	1.0000
11321	Spectrogram 1	1	2830.000000	2830.500000	0	0	noise	cluster_noise	0.0000
11322	Spectrogram 1	1	2830.250000	2830.750000	0	0	noise	cluster_noise	0.0000
11323	Spectrogram 1	1	2830.500000	2831.000000	0	0	15	cluster_15	1.0000
11324	Spectrogram 1	1	2830.750000	2831.250000	0	0	15	cluster_15	0.9714
11325	Spectrogram 1	1	2831.000000	2831.500000	0	0	2	cluster_2	0.7472
11326	Spectrogram 1	1	2831.250000	2831.750000	0	0	2	cluster_2	0.8062
11327	Spectrogram 1	1	2831.500000	2832.000000	0	0	2	cluster_2	0.9809
11328	Spectrogram 1	1	2831.750000	2832.250000	0	0	2	cluster_2	1.0000
11329	Spectrogram 1	1	2832.000000	2832.500000	0	0	2	cluster_2	0.9340
11330	Spectrogram 1	1	2832.250000	2832.750000	0	0	15	cluster_15	1.0000
11331	Spectrogram 1	1	2832.500000	2833.000000	0	0	15	cluster_15	1.0000
11332	Spectrogram 1	1	2832.750000	2833.250000	0	0	noise	cluster_noise	0.0000
11333	Spectrogram 1	1	2833.000000	2833.500000	0	0	2	cluster_2	0.3928
11334	Spectrogram 1	1	2833.250000	2833.750000	0	0	15	cluster_15	1.0000
11335	Spectrogram 1	1	2833.500000	2834.000000	0	0	15	cluster_15	1.0000
11336	Spectrogram 1	1	2833.750000	2834.250000	0	0	2	cluster_2	0.5211
11337	Spectrogram 1	1	2834.000000	2834.500000	0	0	2	cluster_2	0.8405
11338	Spectrogram 1	1	2834.250000	2834.750000	0	0	2	cluster_2	0.8672
11339	Spectrogram 1	1	2834.500000	2835.000000	0	0	2	cluster_2	0.7870
11340	Spectrogram 1	1	2834.750000	2835.250000	0	0	noise	cluster_noise	0.0000
11341	Spectrogram 1	1	2835.000000	2835.500000	0	0	15	cluster_15	1.0000
11342	Spectrogram 1	1	2835.250000	2835.750000	0	0	15	cluster_15	0.9720
11343	Spectrogram 1	1	2835.500000	2836.000000	0	0	noise	cluster_noise	0.0000
11344	Spectrogram 1	1	2835.750000	2836.250000	0	0	noise	cluster_noise	0.0000
11345	Spectrogram 1	1	2836.000000	2836.500000	0	0	15	cluster_15	0.9271
11346	Spectrogram 1	1	2836.250000	2836.750000	0	0	6	cluster_6	0.6625
11347	Spectrogram 1	1	2836.500000	2837.000000	0	0	2	cluster_2	0.4981
11348	Spectrogram 1	1	2836.750000	2837.250000	0	0	2	cluster_2	0.4795
11349	Spectrogram 1	1	2837.000000	2837.500000	0	0	2	cluster_2	0.5938
11350	Spectrogram 1	1	2837.250000	2837.750000	0	0	2	cluster_2	0.5243
11351	Spectrogram 1	1	2837.500000	2838.000000	0	0	11	cluster_11	0.9981
11352	Spectrogram 1	1	2837.750000	2838.250000	0	0	noise	cluster_noise	0.0000
11353	Spectrogram 1	1	2838.000000	2838.500000	0	0	15	cluster_15	1.0000
11354	Spectrogram 1	1	2838.250000	2838.750000	0	0	2	cluster_2	0.5913
11355	Spectrogram 1	1	2838.500000	2839.000000	0	0	noise	cluster_noise	0.0000
11356	Spectrogram 1	1	2838.750000	2839.250000	0	0	noise	cluster_noise	0.0000
11357	Spectrogram 1	1	2839.000000	2839.500000	0	0	2	cluster_2	0.8218
11358	Spectrogram 1	1	2839.250000	2839.750000	0	0	noise	cluster_noise	0.0000
11359	Spectrogram 1	1	2839.500000	2840.000000	0	0	7	cluster_7	1.0000
11360	Spectrogram 1	1	2839.750000	2840.250000	0	0	7	cluster_7	1.0000
11361	Spectrogram 1	1	2840.000000	2840.500000	0	0	7	cluster_7	1.0000
11362	Spectrogram 1	1	2840.250000	2840.750000	0	0	7	cluster_7	1.0000
11363	Spectrogram 1	1	2840.500000	2841.000000	0	0	5	cluster_5	0.5649
11364	Spectrogram 1	1	2840.750000	2841.250000	0	0	6	cluster_6	1.0000
11365	Spectrogram 1	1	2841.000000	2841.500000	0	0	2	cluster_2	1.0000
11366	Spectrogram 1	1	2841.250000	2841.750000	0	0	2	cluster_2	0.7542
11367	Spectrogram 1	1	2841.500000	2842.000000	0	0	noise	cluster_noise	0.0000
11368	Spectrogram 1	1	2841.750000	2842.250000	0	0	7	cluster_7	1.0000
11369	Spectrogram 1	1	2842.000000	2842.500000	0	0	7	cluster_7	0.9370
11370	Spectrogram 1	1	2842.250000	2842.750000	0	0	7	cluster_7	0.7241
11371	Spectrogram 1	1	2842.500000	2843.000000	0	0	7	cluster_7	1.0000
11372	Spectrogram 1	1	2842.750000	2843.250000	0	0	7	cluster_7	1.0000
11373	Spectrogram 1	1	2843.000000	2843.500000	0	0	7	cluster_7	1.0000
11374	Spectrogram 1	1	2843.250000	2843.750000	0	0	7	cluster_7	1.0000
11375	Spectrogram 1	1	2843.500000	2844.000000	0	0	7	cluster_7	0.6154
11376	Spectrogram 1	1	2843.750000	2844.250000	0	0	2	cluster_2	0.4068
11377	Spectrogram 1	1	2844.000000	2844.500000	0	0	2	cluster_2	0.9882
11378	Spectrogram 1	1	2844.250000	2844.750000	0	0	2	cluster_2	0.3867
11379	Spectrogram 1	1	2844.500000	2845.000000	0	0	noise	cluster_noise	0.0000
11380	Spectrogram 1	1	2844.750000	2845.250000	0	0	7	cluster_7	0.9146
11381	Spectrogram 1	1	2845.000000	2845.500000	0	0	7	cluster_7	0.9528
11382	Spectrogram 1	1	2845.250000	2845.750000	0	0	7	cluster_7	0.9212
11383	Spectrogram 1	1	2845.500000	2846.000000	0	0	7	cluster_7	1.0000
11384	Spectrogram 1	1	2845.750000	2846.250000	0	0	7	cluster_7	0.9988
11385	Spectrogram 1	1	2846.000000	2846.500000	0	0	7	cluster_7	0.8872
11386	Spectrogram 1	1	2846.250000	2846.750000	0	0	7	cluster_7	0.8756
11387	Spectrogram 1	1	2846.500000	2847.000000	0	0	7	cluster_7	1.0000
11388	Spectrogram 1	1	2846.750000	2847.250000	0	0	7	cluster_7	1.0000
11389	Spectrogram 1	1	2847.000000	2847.500000	0	0	7	cluster_7	1.0000
11390	Spectrogram 1	1	2847.250000	2847.750000	0	0	7	cluster_7	1.0000
11391	Spectrogram 1	1	2847.500000	2848.000000	0	0	7	cluster_7	0.9184
11392	Spectrogram 1	1	2847.750000	2848.250000	0	0	7	cluster_7	0.6661
11393	Spectrogram 1	1	2848.000000	2848.500000	0	0	7	cluster_7	0.8687
11394	Spectrogram 1	1	2848.250000	2848.750000	0	0	7	cluster_7	1.0000
11395	Spectrogram 1	1	2848.500000	2849.000000	0	0	7	cluster_7	1.0000
11396	Spectrogram 1	1	2848.750000	2849.250000	0	0	7	cluster_7	1.0000
11397	Spectrogram 1	1	2849.000000	2849.500000	0	0	7	cluster_7	0.9941
11398	Spectrogram 1	1	2849.250000	2849.750000	0	0	2	cluster_2	0.6313
11399	Spectrogram 1	1	2849.500000	2850.000000	0	0	5	cluster_5	0.6587
11400	Spectrogram 1	1	2849.750000	2850.250000	0	0	noise	cluster_noise	0.0000
11401	Spectrogram 1	1	2850.000000	2850.500000	0	0	15	cluster_15	1.0000
11402	Spectrogram 1	1	2850.250000	2850.750000	0	0	noise	cluster_noise	0.0000
11403	Spectrogram 1	1	2850.500000	2851.000000	0	0	13	cluster_13	1.0000
11404	Spectrogram 1	1	2850.750000	2851.250000	0	0	13	cluster_13	0.6892
11405	Spectrogram 1	1	2851.000000	2851.500000	0	0	15	cluster_15	1.0000
11406	Spectrogram 1	1	2851.250000	2851.750000	0	0	15	cluster_15	0.9402
11407	Spectrogram 1	1	2851.500000	2852.000000	0	0	6	cluster_6	1.0000
11408	Spectrogram 1	1	2851.750000	2852.250000	0	0	2	cluster_2	0.5595
11409	Spectrogram 1	1	2852.000000	2852.500000	0	0	6	cluster_6	0.8758
11410	Spectrogram 1	1	2852.250000	2852.750000	0	0	6	cluster_6	0.8420
11411	Spectrogram 1	1	2852.500000	2853.000000	0	0	noise	cluster_noise	0.0000
11412	Spectrogram 1	1	2852.750000	2853.250000	0	0	15	cluster_15	1.0000
11413	Spectrogram 1	1	2853.000000	2853.500000	0	0	13	cluster_13	1.0000
11414	Spectrogram 1	1	2853.250000	2853.750000	0	0	13	cluster_13	1.0000
11415	Spectrogram 1	1	2853.500000	2854.000000	0	0	15	cluster_15	0.9652
11416	Spectrogram 1	1	2853.750000	2854.250000	0	0	15	cluster_15	0.9672
11417	Spectrogram 1	1	2854.000000	2854.500000	0	0	noise	cluster_noise	0.0000
11418	Spectrogram 1	1	2854.250000	2854.750000	0	0	noise	cluster_noise	0.0000
11419	Spectrogram 1	1	2854.500000	2855.000000	0	0	2	cluster_2	0.4059
11420	Spectrogram 1	1	2854.750000	2855.250000	0	0	2	cluster_2	0.3907
11421	Spectrogram 1	1	2855.000000	2855.500000	0	0	2	cluster_2	0.3747
11422	Spectrogram 1	1	2855.250000	2855.750000	0	0	2	cluster_2	0.4493
11423	Spectrogram 1	1	2855.500000	2856.000000	0	0	15	cluster_15	1.0000
11424	Spectrogram 1	1	2855.750000	2856.250000	0	0	15	cluster_15	1.0000
11425	Spectrogram 1	1	2856.000000	2856.500000	0	0	13	cluster_13	0.9482
11426	Spectrogram 1	1	2856.250000	2856.750000	0	0	13	cluster_13	0.9335
11427	Spectrogram 1	1	2856.500000	2857.000000	0	0	15	cluster_15	1.0000
11428	Spectrogram 1	1	2856.750000	2857.250000	0	0	15	cluster_15	1.0000
11429	Spectrogram 1	1	2857.000000	2857.500000	0	0	6	cluster_6	0.7532
11430	Spectrogram 1	1	2857.250000	2857.750000	0	0	2	cluster_2	0.3888
11431	Spectrogram 1	1	2857.500000	2858.000000	0	0	2	cluster_2	0.4039
11432	Spectrogram 1	1	2857.750000	2858.250000	0	0	2	cluster_2	0.4557
11433	Spectrogram 1	1	2858.000000	2858.500000	0	0	noise	cluster_noise	0.0000
11434	Spectrogram 1	1	2858.250000	2858.750000	0	0	15	cluster_15	1.0000
11435	Spectrogram 1	1	2858.500000	2859.000000	0	0	noise	cluster_noise	0.0000
11436	Spectrogram 1	1	2858.750000	2859.250000	0	0	13	cluster_13	1.0000
11437	Spectrogram 1	1	2859.000000	2859.500000	0	0	13	cluster_13	1.0000
11438	Spectrogram 1	1	2859.250000	2859.750000	0	0	15	cluster_15	0.9382
11439	Spectrogram 1	1	2859.500000	2860.000000	0	0	noise	cluster_noise	0.0000
11440	Spectrogram 1	1	2859.750000	2860.250000	0	0	13	cluster_13	0.7847
11441	Spectrogram 1	1	2860.000000	2860.500000	0	0	2	cluster_2	0.6535
11442	Spectrogram 1	1	2860.250000	2860.750000	0	0	2	cluster_2	0.6817
11443	Spectrogram 1	1	2860.500000	2861.000000	0	0	noise	cluster_noise	0.0000
11444	Spectrogram 1	1	2860.750000	2861.250000	0	0	15	cluster_15	1.0000
11445	Spectrogram 1	1	2861.000000	2861.500000	0	0	noise	cluster_noise	0.0000
11446	Spectrogram 1	1	2861.250000	2861.750000	0	0	13	cluster_13	1.0000
11447	Spectrogram 1	1	2861.500000	2862.000000	0	0	13	cluster_13	0.9597
11448	Spectrogram 1	1	2861.750000	2862.250000	0	0	15	cluster_15	0.9334
11449	Spectrogram 1	1	2862.000000	2862.500000	0	0	noise	cluster_noise	0.0000
11450	Spectrogram 1	1	2862.250000	2862.750000	0	0	13	cluster_13	0.6766
11451	Spectrogram 1	1	2862.500000	2863.000000	0	0	15	cluster_15	1.0000
11452	Spectrogram 1	1	2862.750000	2863.250000	0	0	15	cluster_15	1.0000
11453	Spectrogram 1	1	2863.000000	2863.500000	0	0	noise	cluster_noise	0.0000
11454	Spectrogram 1	1	2863.250000	2863.750000	0	0	noise	cluster_noise	0.0000
11455	Spectrogram 1	1	2863.500000	2864.000000	0	0	noise	cluster_noise	0.0000
11456	Spectrogram 1	1	2863.750000	2864.250000	0	0	noise	cluster_noise	0.0000
11457	Spectrogram 1	1	2864.000000	2864.500000	0	0	noise	cluster_noise	0.0000
11458	Spectrogram 1	1	2864.250000	2864.750000	0	0	noise	cluster_noise	0.0000
11459	Spectrogram 1	1	2864.500000	2865.000000	0	0	noise	cluster_noise	0.0000
11460	Spectrogram 1	1	2864.750000	2865.250000	0	0	noise	cluster_noise	0.0000
11461	Spectrogram 1	1	2865.000000	2865.500000	0	0	noise	cluster_noise	0.0000
11462	Spectrogram 1	1	2865.250000	2865.750000	0	0	noise	cluster_noise	0.0000
11463	Spectrogram 1	1	2865.500000	2866.000000	0	0	noise	cluster_noise	0.0000
11464	Spectrogram 1	1	2865.750000	2866.250000	0	0	noise	cluster_noise	0.0000
11465	Spectrogram 1	1	2866.000000	2866.500000	0	0	noise	cluster_noise	0.0000
11466	Spectrogram 1	1	2866.250000	2866.750000	0	0	noise	cluster_noise	0.0000
11467	Spectrogram 1	1	2866.500000	2867.000000	0	0	noise	cluster_noise	0.0000
11468	Spectrogram 1	1	2866.750000	2867.250000	0	0	noise	cluster_noise	0.0000
11469	Spectrogram 1	1	2867.000000	2867.500000	0	0	noise	cluster_noise	0.0000
11470	Spectrogram 1	1	2867.250000	2867.750000	0	0	noise	cluster_noise	0.0000
11471	Spectrogram 1	1	2867.500000	2868.000000	0	0	noise	cluster_noise	0.0000
11472	Spectrogram 1	1	2867.750000	2868.250000	0	0	noise	cluster_noise	0.0000
11473	Spectrogram 1	1	2868.000000	2868.500000	0	0	noise	cluster_noise	0.0000
11474	Spectrogram 1	1	2868.250000	2868.750000	0	0	noise	cluster_noise	0.0000
11475	Spectrogram 1	1	2868.500000	2869.000000	0	0	noise	cluster_noise	0.0000
11476	Spectrogram 1	1	2868.750000	2869.250000	0	0	noise	cluster_noise	0.0000
11477	Spectrogram 1	1	2869.000000	2869.500000	0	0	noise	cluster_noise	0.0000
11478	Spectrogram 1	1	2869.250000	2869.750000	0	0	noise	cluster_noise	0.0000
11479	Spectrogram 1	1	2869.500000	2870.000000	0	0	noise	cluster_noise	0.0000
11480	Spectrogram 1	1	2869.750000	2870.250000	0	0	noise	cluster_noise	0.0000
11481	Spectrogram 1	1	2870.000000	2870.500000	0	0	noise	cluster_noise	0.0000
11482	Spectrogram 1	1	2870.250000	2870.750000	0	0	noise	cluster_noise	0.0000
11483	Spectrogram 1	1	2870.500000	2871.000000	0	0	noise	cluster_noise	0.0000
11484	Spectrogram 1	1	2870.750000	2871.250000	0	0	noise	cluster_noise	0.0000
11485	Spectrogram 1	1	2871.000000	2871.500000	0	0	10	cluster_10	0.8065
11486	Spectrogram 1	1	2871.250000	2871.750000	0	0	10	cluster_10	0.7739
11487	Spectrogram 1	1	2871.500000	2872.000000	0	0	10	cluster_10	0.8976
11488	Spectrogram 1	1	2871.750000	2872.250000	0	0	10	cluster_10	0.8249
11489	Spectrogram 1	1	2872.000000	2872.500000	0	0	10	cluster_10	0.8278
11490	Spectrogram 1	1	2872.250000	2872.750000	0	0	10	cluster_10	1.0000
11491	Spectrogram 1	1	2872.500000	2873.000000	0	0	noise	cluster_noise	0.0000
11492	Spectrogram 1	1	2872.750000	2873.250000	0	0	10	cluster_10	0.8067
11493	Spectrogram 1	1	2873.000000	2873.500000	0	0	10	cluster_10	0.9110
11494	Spectrogram 1	1	2873.250000	2873.750000	0	0	10	cluster_10	1.0000
11495	Spectrogram 1	1	2873.500000	2874.000000	0	0	2	cluster_2	1.0000
11496	Spectrogram 1	1	2873.750000	2874.250000	0	0	2	cluster_2	0.9015
11497	Spectrogram 1	1	2874.000000	2874.500000	0	0	2	cluster_2	0.5757
11498	Spectrogram 1	1	2874.250000	2874.750000	0	0	noise	cluster_noise	0.0000
11499	Spectrogram 1	1	2874.500000	2875.000000	0	0	9	cluster_9	0.5746
11500	Spectrogram 1	1	2874.750000	2875.250000	0	0	9	cluster_9	1.0000
11501	Spectrogram 1	1	2875.000000	2875.500000	0	0	9	cluster_9	1.0000
11502	Spectrogram 1	1	2875.250000	2875.750000	0	0	9	cluster_9	1.0000
11503	Spectrogram 1	1	2875.500000	2876.000000	0	0	9	cluster_9	1.0000
11504	Spectrogram 1	1	2875.750000	2876.250000	0	0	9	cluster_9	1.0000
11505	Spectrogram 1	1	2876.000000	2876.500000	0	0	noise	cluster_noise	0.0000
11506	Spectrogram 1	1	2876.250000	2876.750000	0	0	noise	cluster_noise	0.0000
11507	Spectrogram 1	1	2876.500000	2877.000000	0	0	2	cluster_2	0.4909
11508	Spectrogram 1	1	2876.750000	2877.250000	0	0	2	cluster_2	0.4760
11509	Spectrogram 1	1	2877.000000	2877.500000	0	0	2	cluster_2	0.4935
11510	Spectrogram 1	1	2877.250000	2877.750000	0	0	2	cluster_2	0.4645
11511	Spectrogram 1	1	2877.500000	2878.000000	0	0	2	cluster_2	0.5183
11512	Spectrogram 1	1	2877.750000	2878.250000	0	0	2	cluster_2	0.4055
11513	Spectrogram 1	1	2878.000000	2878.500000	0	0	noise	cluster_noise	0.0000
11514	Spectrogram 1	1	2878.250000	2878.750000	0	0	10	cluster_10	0.8065
11515	Spectrogram 1	1	2878.500000	2879.000000	0	0	10	cluster_10	0.8065
11516	Spectrogram 1	1	2878.750000	2879.250000	0	0	noise	cluster_noise	0.0000
11517	Spectrogram 1	1	2879.000000	2879.500000	0	0	10	cluster_10	0.8220
11518	Spectrogram 1	1	2879.250000	2879.750000	0	0	10	cluster_10	0.8519
11519	Spectrogram 1	1	2879.500000	2880.000000	0	0	10	cluster_10	1.0000
11520	Spectrogram 1	1	2879.750000	2880.250000	0	0	10	cluster_10	0.8021
11521	Spectrogram 1	1	2880.000000	2880.500000	0	0	10	cluster_10	0.8460
11522	Spectrogram 1	1	2880.250000	2880.750000	0	0	10	cluster_10	0.8431
11523	Spectrogram 1	1	2880.500000	2881.000000	0	0	10	cluster_10	1.0000
11524	Spectrogram 1	1	2880.750000	2881.250000	0	0	2	cluster_2	0.7342
11525	Spectrogram 1	1	2881.000000	2881.500000	0	0	noise	cluster_noise	0.0000
11526	Spectrogram 1	1	2881.250000	2881.750000	0	0	10	cluster_10	0.8065
11527	Spectrogram 1	1	2881.500000	2882.000000	0	0	10	cluster_10	0.7993
11528	Spectrogram 1	1	2881.750000	2882.250000	0	0	10	cluster_10	0.8065
11529	Spectrogram 1	1	2882.000000	2882.500000	0	0	10	cluster_10	0.8065
11530	Spectrogram 1	1	2882.250000	2882.750000	0	0	noise	cluster_noise	0.0000
11531	Spectrogram 1	1	2882.500000	2883.000000	0	0	10	cluster_10	0.8260
11532	Spectrogram 1	1	2882.750000	2883.250000	0	0	10	cluster_10	0.9346
11533	Spectrogram 1	1	2883.000000	2883.500000	0	0	10	cluster_10	0.9506
11534	Spectrogram 1	1	2883.250000	2883.750000	0	0	10	cluster_10	0.8643
11535	Spectrogram 1	1	2883.500000	2884.000000	0	0	10	cluster_10	0.8435
11536	Spectrogram 1	1	2883.750000	2884.250000	0	0	noise	cluster_noise	0.0000
11537	Spectrogram 1	1	2884.000000	2884.500000	0	0	noise	cluster_noise	0.0000
11538	Spectrogram 1	1	2884.250000	2884.750000	0	0	10	cluster_10	0.8065
11539	Spectrogram 1	1	2884.500000	2885.000000	0	0	10	cluster_10	0.8065
11540	Spectrogram 1	1	2884.750000	2885.250000	0	0	10	cluster_10	0.8065
11541	Spectrogram 1	1	2885.000000	2885.500000	0	0	noise	cluster_noise	0.0000
11542	Spectrogram 1	1	2885.250000	2885.750000	0	0	noise	cluster_noise	0.0000
11543	Spectrogram 1	1	2885.500000	2886.000000	0	0	10	cluster_10	0.8034
11544	Spectrogram 1	1	2885.750000	2886.250000	0	0	10	cluster_10	0.7962
11545	Spectrogram 1	1	2886.000000	2886.500000	0	0	10	cluster_10	0.8477
11546	Spectrogram 1	1	2886.250000	2886.750000	0	0	10	cluster_10	0.8476
11547	Spectrogram 1	1	2886.500000	2887.000000	0	0	10	cluster_10	0.8189
11548	Spectrogram 1	1	2886.750000	2887.250000	0	0	10	cluster_10	0.9285
11549	Spectrogram 1	1	2887.000000	2887.500000	0	0	10	cluster_10	1.0000
11550	Spectrogram 1	1	2887.250000	2887.750000	0	0	10	cluster_10	1.0000
11551	Spectrogram 1	1	2887.500000	2888.000000	0	0	10	cluster_10	0.8053
11552	Spectrogram 1	1	2887.750000	2888.250000	0	0	10	cluster_10	0.8065
11553	Spectrogram 1	1	2888.000000	2888.500000	0	0	10	cluster_10	0.8065
11554	Spectrogram 1	1	2888.250000	2888.750000	0	0	noise	cluster_noise	0.0000
11555	Spectrogram 1	1	2888.500000	2889.000000	0	0	10	cluster_10	0.8709
11556	Spectrogram 1	1	2888.750000	2889.250000	0	0	10	cluster_10	0.7862
11557	Spectrogram 1	1	2889.000000	2889.500000	0	0	10	cluster_10	1.0000
11558	Spectrogram 1	1	2889.250000	2889.750000	0	0	10	cluster_10	1.0000
11559	Spectrogram 1	1	2889.500000	2890.000000	0	0	10	cluster_10	0.7742
11560	Spectrogram 1	1	2889.750000	2890.250000	0	0	10	cluster_10	0.8459
11561	Spectrogram 1	1	2890.000000	2890.500000	0	0	10	cluster_10	0.9397
11562	Spectrogram 1	1	2890.250000	2890.750000	0	0	10	cluster_10	1.0000
11563	Spectrogram 1	1	2890.500000	2891.000000	0	0	2	cluster_2	0.6096
11564	Spectrogram 1	1	2890.750000	2891.250000	0	0	2	cluster_2	0.4672
11565	Spectrogram 1	1	2891.000000	2891.500000	0	0	2	cluster_2	0.6518
11566	Spectrogram 1	1	2891.250000	2891.750000	0	0	2	cluster_2	0.5725
11567	Spectrogram 1	1	2891.500000	2892.000000	0	0	noise	cluster_noise	0.0000
11568	Spectrogram 1	1	2891.750000	2892.250000	0	0	9	cluster_9	0.6724
11569	Spectrogram 1	1	2892.000000	2892.500000	0	0	9	cluster_9	0.7642
11570	Spectrogram 1	1	2892.250000	2892.750000	0	0	9	cluster_9	1.0000
11571	Spectrogram 1	1	2892.500000	2893.000000	0	0	9	cluster_9	1.0000
11572	Spectrogram 1	1	2892.750000	2893.250000	0	0	9	cluster_9	1.0000
11573	Spectrogram 1	1	2893.000000	2893.500000	0	0	9	cluster_9	1.0000
11574	Spectrogram 1	1	2893.250000	2893.750000	0	0	9	cluster_9	0.8467
11575	Spectrogram 1	1	2893.500000	2894.000000	0	0	8	cluster_8	0.9070
11576	Spectrogram 1	1	2893.750000	2894.250000	0	0	8	cluster_8	1.0000
11577	Spectrogram 1	1	2894.000000	2894.500000	0	0	2	cluster_2	0.4216
11578	Spectrogram 1	1	2894.250000	2894.750000	0	0	8	cluster_8	0.9385
11579	Spectrogram 1	1	2894.500000	2895.000000	0	0	8	cluster_8	0.9671
11580	Spectrogram 1	1	2894.750000	2895.250000	0	0	2	cluster_2	0.6780
11581	Spectrogram 1	1	2895.000000	2895.500000	0	0	2	cluster_2	0.9304
11582	Spectrogram 1	1	2895.250000	2895.750000	0	0	15	cluster_15	1.0000
11583	Spectrogram 1	1	2895.500000	2896.000000	0	0	noise	cluster_noise	0.0000
11584	Spectrogram 1	1	2895.750000	2896.250000	0	0	10	cluster_10	0.8629
11585	Spectrogram 1	1	2896.000000	2896.500000	0	0	10	cluster_10	0.8510
11586	Spectrogram 1	1	2896.250000	2896.750000	0	0	10	cluster_10	1.0000
11587	Spectrogram 1	1	2896.500000	2897.000000	0	0	10	cluster_10	0.9506
11588	Spectrogram 1	1	2896.750000	2897.250000	0	0	10	cluster_10	0.8753
11589	Spectrogram 1	1	2897.000000	2897.500000	0	0	10	cluster_10	1.0000
11590	Spectrogram 1	1	2897.250000	2897.750000	0	0	10	cluster_10	1.0000
11591	Spectrogram 1	1	2897.500000	2898.000000	0	0	10	cluster_10	1.0000
11592	Spectrogram 1	1	2897.750000	2898.250000	0	0	2	cluster_2	0.8479
11593	Spectrogram 1	1	2898.000000	2898.500000	0	0	2	cluster_2	0.5805
11594	Spectrogram 1	1	2898.250000	2898.750000	0	0	2	cluster_2	0.6793
11595	Spectrogram 1	1	2898.500000	2899.000000	0	0	noise	cluster_noise	0.0000
11596	Spectrogram 1	1	2898.750000	2899.250000	0	0	10	cluster_10	0.7747
11597	Spectrogram 1	1	2899.000000	2899.500000	0	0	10	cluster_10	0.8065
11598	Spectrogram 1	1	2899.250000	2899.750000	0	0	noise	cluster_noise	0.0000
11599	Spectrogram 1	1	2899.500000	2900.000000	0	0	noise	cluster_noise	0.0000
11600	Spectrogram 1	1	2899.750000	2900.250000	0	0	10	cluster_10	0.8384
11601	Spectrogram 1	1	2900.000000	2900.500000	0	0	10	cluster_10	0.8252
11602	Spectrogram 1	1	2900.250000	2900.750000	0	0	10	cluster_10	0.8017
11603	Spectrogram 1	1	2900.500000	2901.000000	0	0	noise	cluster_noise	0.0000
11604	Spectrogram 1	1	2900.750000	2901.250000	0	0	10	cluster_10	0.8032
11605	Spectrogram 1	1	2901.000000	2901.500000	0	0	10	cluster_10	1.0000
11606	Spectrogram 1	1	2901.250000	2901.750000	0	0	noise	cluster_noise	0.0000
11607	Spectrogram 1	1	2901.500000	2902.000000	0	0	10	cluster_10	0.8065
11608	Spectrogram 1	1	2901.750000	2902.250000	0	0	10	cluster_10	0.8065
11609	Spectrogram 1	1	2902.000000	2902.500000	0	0	noise	cluster_noise	0.0000
11610	Spectrogram 1	1	2902.250000	2902.750000	0	0	noise	cluster_noise	0.0000
11611	Spectrogram 1	1	2902.500000	2903.000000	0	0	10	cluster_10	0.8512
11612	Spectrogram 1	1	2902.750000	2903.250000	0	0	10	cluster_10	0.9502
11613	Spectrogram 1	1	2903.000000	2903.500000	0	0	10	cluster_10	0.7798
11614	Spectrogram 1	1	2903.250000	2903.750000	0	0	noise	cluster_noise	0.0000
11615	Spectrogram 1	1	2903.500000	2904.000000	0	0	10	cluster_10	0.7928
11616	Spectrogram 1	1	2903.750000	2904.250000	0	0	10	cluster_10	1.0000
11617	Spectrogram 1	1	2904.000000	2904.500000	0	0	2	cluster_2	0.6652
11618	Spectrogram 1	1	2904.250000	2904.750000	0	0	2	cluster_2	0.7271
11619	Spectrogram 1	1	2904.500000	2905.000000	0	0	2	cluster_2	0.6686
11620	Spectrogram 1	1	2904.750000	2905.250000	0	0	2	cluster_2	0.4432
11621	Spectrogram 1	1	2905.000000	2905.500000	0	0	noise	cluster_noise	0.0000
11622	Spectrogram 1	1	2905.250000	2905.750000	0	0	9	cluster_9	0.8267
11623	Spectrogram 1	1	2905.500000	2906.000000	0	0	9	cluster_9	0.9581
11624	Spectrogram 1	1	2905.750000	2906.250000	0	0	9	cluster_9	0.9355
11625	Spectrogram 1	1	2906.000000	2906.500000	0	0	9	cluster_9	1.0000
11626	Spectrogram 1	1	2906.250000	2906.750000	0	0	9	cluster_9	1.0000
11627	Spectrogram 1	1	2906.500000	2907.000000	0	0	9	cluster_9	1.0000
11628	Spectrogram 1	1	2906.750000	2907.250000	0	0	9	cluster_9	0.8372
11629	Spectrogram 1	1	2907.000000	2907.500000	0	0	noise	cluster_noise	0.0000
11630	Spectrogram 1	1	2907.250000	2907.750000	0	0	noise	cluster_noise	0.0000
11631	Spectrogram 1	1	2907.500000	2908.000000	0	0	2	cluster_2	0.7969
11632	Spectrogram 1	1	2907.750000	2908.250000	0	0	2	cluster_2	0.7636
11633	Spectrogram 1	1	2908.000000	2908.500000	0	0	2	cluster_2	0.8096
11634	Spectrogram 1	1	2908.250000	2908.750000	0	0	2	cluster_2	0.6504
11635	Spectrogram 1	1	2908.500000	2909.000000	0	0	2	cluster_2	0.7987
11636	Spectrogram 1	1	2908.750000	2909.250000	0	0	2	cluster_2	0.7758
11637	Spectrogram 1	1	2909.000000	2909.500000	0	0	2	cluster_2	0.7125
11638	Spectrogram 1	1	2909.250000	2909.750000	0	0	10	cluster_10	0.7847
11639	Spectrogram 1	1	2909.500000	2910.000000	0	0	noise	cluster_noise	0.0000
11640	Spectrogram 1	1	2909.750000	2910.250000	0	0	10	cluster_10	0.8680
11641	Spectrogram 1	1	2910.000000	2910.500000	0	0	10	cluster_10	0.8244
11642	Spectrogram 1	1	2910.250000	2910.750000	0	0	10	cluster_10	1.0000
11643	Spectrogram 1	1	2910.500000	2911.000000	0	0	10	cluster_10	1.0000
11644	Spectrogram 1	1	2910.750000	2911.250000	0	0	10	cluster_10	1.0000
11645	Spectrogram 1	1	2911.000000	2911.500000	0	0	10	cluster_10	1.0000
11646	Spectrogram 1	1	2911.250000	2911.750000	0	0	10	cluster_10	0.9784
11647	Spectrogram 1	1	2911.500000	2912.000000	0	0	10	cluster_10	1.0000
11648	Spectrogram 1	1	2911.750000	2912.250000	0	0	2	cluster_2	0.9326
11649	Spectrogram 1	1	2912.000000	2912.500000	0	0	2	cluster_2	0.9441
11650	Spectrogram 1	1	2912.250000	2912.750000	0	0	noise	cluster_noise	0.0000
11651	Spectrogram 1	1	2912.500000	2913.000000	0	0	15	cluster_15	0.9184
11652	Spectrogram 1	1	2912.750000	2913.250000	0	0	noise	cluster_noise	0.0000
11653	Spectrogram 1	1	2913.000000	2913.500000	0	0	noise	cluster_noise	0.0000
11654	Spectrogram 1	1	2913.250000	2913.750000	0	0	noise	cluster_noise	0.0000
11655	Spectrogram 1	1	2913.500000	2914.000000	0	0	noise	cluster_noise	0.0000
11656	Spectrogram 1	1	2913.750000	2914.250000	0	0	10	cluster_10	1.0000
11657	Spectrogram 1	1	2914.000000	2914.500000	0	0	10	cluster_10	1.0000
11658	Spectrogram 1	1	2914.250000	2914.750000	0	0	10	cluster_10	1.0000
11659	Spectrogram 1	1	2914.500000	2915.000000	0	0	10	cluster_10	1.0000
11660	Spectrogram 1	1	2914.750000	2915.250000	0	0	10	cluster_10	1.0000
11661	Spectrogram 1	1	2915.000000	2915.500000	0	0	10	cluster_10	0.9394
11662	Spectrogram 1	1	2915.250000	2915.750000	0	0	10	cluster_10	0.8807
11663	Spectrogram 1	1	2915.500000	2916.000000	0	0	10	cluster_10	0.8823
11664	Spectrogram 1	1	2915.750000	2916.250000	0	0	10	cluster_10	0.9338
11665	Spectrogram 1	1	2916.000000	2916.500000	0	0	2	cluster_2	0.9938
11666	Spectrogram 1	1	2916.250000	2916.750000	0	0	2	cluster_2	0.7732
11667	Spectrogram 1	1	2916.500000	2917.000000	0	0	noise	cluster_noise	0.0000
11668	Spectrogram 1	1	2916.750000	2917.250000	0	0	9	cluster_9	1.0000
11669	Spectrogram 1	1	2917.000000	2917.500000	0	0	9	cluster_9	1.0000
11670	Spectrogram 1	1	2917.250000	2917.750000	0	0	9	cluster_9	1.0000
11671	Spectrogram 1	1	2917.500000	2918.000000	0	0	9	cluster_9	1.0000
11672	Spectrogram 1	1	2917.750000	2918.250000	0	0	9	cluster_9	1.0000
11673	Spectrogram 1	1	2918.000000	2918.500000	0	0	9	cluster_9	0.5643
11674	Spectrogram 1	1	2918.250000	2918.750000	0	0	noise	cluster_noise	0.0000
11675	Spectrogram 1	1	2918.500000	2919.000000	0	0	noise	cluster_noise	0.0000
11676	Spectrogram 1	1	2918.750000	2919.250000	0	0	noise	cluster_noise	0.0000
11677	Spectrogram 1	1	2919.000000	2919.500000	0	0	9	cluster_9	0.6165
11678	Spectrogram 1	1	2919.250000	2919.750000	0	0	9	cluster_9	0.8991
11679	Spectrogram 1	1	2919.500000	2920.000000	0	0	9	cluster_9	1.0000
11680	Spectrogram 1	1	2919.750000	2920.250000	0	0	9	cluster_9	1.0000
11681	Spectrogram 1	1	2920.000000	2920.500000	0	0	9	cluster_9	1.0000
11682	Spectrogram 1	1	2920.250000	2920.750000	0	0	9	cluster_9	1.0000
11683	Spectrogram 1	1	2920.500000	2921.000000	0	0	9	cluster_9	1.0000
11684	Spectrogram 1	1	2920.750000	2921.250000	0	0	9	cluster_9	0.9898
11685	Spectrogram 1	1	2921.000000	2921.500000	0	0	noise	cluster_noise	0.0000
11686	Spectrogram 1	1	2921.250000	2921.750000	0	0	noise	cluster_noise	0.0000
11687	Spectrogram 1	1	2921.500000	2922.000000	0	0	8	cluster_8	0.9858
11688	Spectrogram 1	1	2921.750000	2922.250000	0	0	8	cluster_8	1.0000
11689	Spectrogram 1	1	2922.000000	2922.500000	0	0	8	cluster_8	1.0000
11690	Spectrogram 1	1	2922.250000	2922.750000	0	0	5	cluster_5	0.7370
11691	Spectrogram 1	1	2922.500000	2923.000000	0	0	5	cluster_5	0.8687
11692	Spectrogram 1	1	2922.750000	2923.250000	0	0	5	cluster_5	0.8476
11693	Spectrogram 1	1	2923.000000	2923.500000	0	0	5	cluster_5	0.8312
11694	Spectrogram 1	1	2923.250000	2923.750000	0	0	5	cluster_5	0.7977
11695	Spectrogram 1	1	2923.500000	2924.000000	0	0	5	cluster_5	0.8430
11696	Spectrogram 1	1	2923.750000	2924.250000	0	0	5	cluster_5	0.9208
11697	Spectrogram 1	1	2924.000000	2924.500000	0	0	5	cluster_5	0.9693
11698	Spectrogram 1	1	2924.250000	2924.750000	0	0	noise	cluster_noise	0.0000
11699	Spectrogram 1	1	2924.500000	2925.000000	0	0	5	cluster_5	0.8900
11700	Spectrogram 1	1	2924.750000	2925.250000	0	0	noise	cluster_noise	0.0000
11701	Spectrogram 1	1	2925.000000	2925.500000	0	0	2	cluster_2	0.8471
11702	Spectrogram 1	1	2925.250000	2925.750000	0	0	2	cluster_2	0.8423
11703	Spectrogram 1	1	2925.500000	2926.000000	0	0	2	cluster_2	0.8129
11704	Spectrogram 1	1	2925.750000	2926.250000	0	0	2	cluster_2	0.8174
11705	Spectrogram 1	1	2926.000000	2926.500000	0	0	2	cluster_2	0.4993
11706	Spectrogram 1	1	2926.250000	2926.750000	0	0	10	cluster_10	0.7716
11707	Spectrogram 1	1	2926.500000	2927.000000	0	0	10	cluster_10	1.0000
11708	Spectrogram 1	1	2926.750000	2927.250000	0	0	10	cluster_10	1.0000
11709	Spectrogram 1	1	2927.000000	2927.500000	0	0	10	cluster_10	1.0000
11710	Spectrogram 1	1	2927.250000	2927.750000	0	0	10	cluster_10	1.0000
11711	Spectrogram 1	1	2927.500000	2928.000000	0	0	10	cluster_10	1.0000
11712	Spectrogram 1	1	2927.750000	2928.250000	0	0	10	cluster_10	1.0000
11713	Spectrogram 1	1	2928.000000	2928.500000	0	0	10	cluster_10	1.0000
11714	Spectrogram 1	1	2928.250000	2928.750000	0	0	10	cluster_10	0.9798
11715	Spectrogram 1	1	2928.500000	2929.000000	0	0	10	cluster_10	0.9378
11716	Spectrogram 1	1	2928.750000	2929.250000	0	0	10	cluster_10	0.9407
11717	Spectrogram 1	1	2929.000000	2929.500000	0	0	10	cluster_10	0.9398
11718	Spectrogram 1	1	2929.250000	2929.750000	0	0	2	cluster_2	1.0000
11719	Spectrogram 1	1	2929.500000	2930.000000	0	0	2	cluster_2	0.8537
11720	Spectrogram 1	1	2929.750000	2930.250000	0	0	2	cluster_2	0.5297
11721	Spectrogram 1	1	2930.000000	2930.500000	0	0	noise	cluster_noise	0.0000
11722	Spectrogram 1	1	2930.250000	2930.750000	0	0	9	cluster_9	0.6859
11723	Spectrogram 1	1	2930.500000	2931.000000	0	0	9	cluster_9	1.0000
11724	Spectrogram 1	1	2930.750000	2931.250000	0	0	9	cluster_9	1.0000
11725	Spectrogram 1	1	2931.000000	2931.500000	0	0	9	cluster_9	0.9585
11726	Spectrogram 1	1	2931.250000	2931.750000	0	0	9	cluster_9	0.8207
11727	Spectrogram 1	1	2931.500000	2932.000000	0	0	9	cluster_9	0.7865
11728	Spectrogram 1	1	2931.750000	2932.250000	0	0	9	cluster_9	0.8873
11729	Spectrogram 1	1	2932.000000	2932.500000	0	0	noise	cluster_noise	0.0000
11730	Spectrogram 1	1	2932.250000	2932.750000	0	0	8	cluster_8	0.9537
11731	Spectrogram 1	1	2932.500000	2933.000000	0	0	noise	cluster_noise	0.0000
11732	Spectrogram 1	1	2932.750000	2933.250000	0	0	9	cluster_9	0.6162
11733	Spectrogram 1	1	2933.000000	2933.500000	0	0	9	cluster_9	0.8621
11734	Spectrogram 1	1	2933.250000	2933.750000	0	0	9	cluster_9	0.9919
11735	Spectrogram 1	1	2933.500000	2934.000000	0	0	9	cluster_9	0.9576
11736	Spectrogram 1	1	2933.750000	2934.250000	0	0	9	cluster_9	0.6399
11737	Spectrogram 1	1	2934.000000	2934.500000	0	0	9	cluster_9	0.6332
11738	Spectrogram 1	1	2934.250000	2934.750000	0	0	9	cluster_9	0.7055
11739	Spectrogram 1	1	2934.500000	2935.000000	0	0	noise	cluster_noise	0.0000
11740	Spectrogram 1	1	2934.750000	2935.250000	0	0	2	cluster_2	1.0000
11741	Spectrogram 1	1	2935.000000	2935.500000	0	0	2	cluster_2	0.6157
11742	Spectrogram 1	1	2935.250000	2935.750000	0	0	2	cluster_2	0.8448
11743	Spectrogram 1	1	2935.500000	2936.000000	0	0	2	cluster_2	0.7412
11744	Spectrogram 1	1	2935.750000	2936.250000	0	0	2	cluster_2	0.4459
11745	Spectrogram 1	1	2936.000000	2936.500000	0	0	5	cluster_5	0.6253
11746	Spectrogram 1	1	2936.250000	2936.750000	0	0	5	cluster_5	0.6058
11747	Spectrogram 1	1	2936.500000	2937.000000	0	0	5	cluster_5	0.6028
11748	Spectrogram 1	1	2936.750000	2937.250000	0	0	5	cluster_5	0.7358
11749	Spectrogram 1	1	2937.000000	2937.500000	0	0	5	cluster_5	0.8480
11750	Spectrogram 1	1	2937.250000	2937.750000	0	0	5	cluster_5	0.8485
11751	Spectrogram 1	1	2937.500000	2938.000000	0	0	5	cluster_5	0.9902
11752	Spectrogram 1	1	2937.750000	2938.250000	0	0	5	cluster_5	0.8598
11753	Spectrogram 1	1	2938.000000	2938.500000	0	0	noise	cluster_noise	0.0000
11754	Spectrogram 1	1	2938.250000	2938.750000	0	0	2	cluster_2	0.4383
11755	Spectrogram 1	1	2938.500000	2939.000000	0	0	2	cluster_2	0.4627
11756	Spectrogram 1	1	2938.750000	2939.250000	0	0	2	cluster_2	0.6439
11757	Spectrogram 1	1	2939.000000	2939.500000	0	0	2	cluster_2	0.6744
11758	Spectrogram 1	1	2939.250000	2939.750000	0	0	10	cluster_10	0.8998
11759	Spectrogram 1	1	2939.500000	2940.000000	0	0	10	cluster_10	0.9847
11760	Spectrogram 1	1	2939.750000	2940.250000	0	0	10	cluster_10	1.0000
11761	Spectrogram 1	1	2940.000000	2940.500000	0	0	10	cluster_10	1.0000
11762	Spectrogram 1	1	2940.250000	2940.750000	0	0	10	cluster_10	1.0000
11763	Spectrogram 1	1	2940.500000	2941.000000	0	0	10	cluster_10	1.0000
11764	Spectrogram 1	1	2940.750000	2941.250000	0	0	10	cluster_10	1.0000
11765	Spectrogram 1	1	2941.000000	2941.500000	0	0	10	cluster_10	1.0000
11766	Spectrogram 1	1	2941.250000	2941.750000	0	0	10	cluster_10	1.0000
11767	Spectrogram 1	1	2941.500000	2942.000000	0	0	10	cluster_10	1.0000
11768	Spectrogram 1	1	2941.750000	2942.250000	0	0	10	cluster_10	1.0000
11769	Spectrogram 1	1	2942.000000	2942.500000	0	0	2	cluster_2	0.5019
11770	Spectrogram 1	1	2942.250000	2942.750000	0	0	2	cluster_2	0.7981
11771	Spectrogram 1	1	2942.500000	2943.000000	0	0	2	cluster_2	0.6624
11772	Spectrogram 1	1	2942.750000	2943.250000	0	0	noise	cluster_noise	0.0000
11773	Spectrogram 1	1	2943.000000	2943.500000	0	0	noise	cluster_noise	0.0000
11774	Spectrogram 1	1	2943.250000	2943.750000	0	0	9	cluster_9	0.6323
11775	Spectrogram 1	1	2943.500000	2944.000000	0	0	9	cluster_9	0.8708
11776	Spectrogram 1	1	2943.750000	2944.250000	0	0	9	cluster_9	1.0000
11777	Spectrogram 1	1	2944.000000	2944.500000	0	0	9	cluster_9	0.6333
11778	Spectrogram 1	1	2944.250000	2944.750000	0	0	2	cluster_2	0.4892
11779	Spectrogram 1	1	2944.500000	2945.000000	0	0	9	cluster_9	0.7356
11780	Spectrogram 1	1	2944.750000	2945.250000	0	0	9	cluster_9	0.7438
11781	Spectrogram 1	1	2945.000000	2945.500000	0	0	2	cluster_2	0.5884
11782	Spectrogram 1	1	2945.250000	2945.750000	0	0	5	cluster_5	0.7247
11783	Spectrogram 1	1	2945.500000	2946.000000	0	0	9	cluster_9	0.7474
11784	Spectrogram 1	1	2945.750000	2946.250000	0	0	9	cluster_9	0.7474
11785	Spectrogram 1	1	2946.000000	2946.500000	0	0	9	cluster_9	1.0000
11786	Spectrogram 1	1	2946.250000	2946.750000	0	0	9	cluster_9	0.9874
11787	Spectrogram 1	1	2946.500000	2947.000000	0	0	9	cluster_9	0.6621
11788	Spectrogram 1	1	2946.750000	2947.250000	0	0	8	cluster_8	0.8999
11789	Spectrogram 1	1	2947.000000	2947.500000	0	0	9	cluster_9	0.7482
11790	Spectrogram 1	1	2947.250000	2947.750000	0	0	9	cluster_9	0.7164
11791	Spectrogram 1	1	2947.500000	2948.000000	0	0	2	cluster_2	1.0000
11792	Spectrogram 1	1	2947.750000	2948.250000	0	0	2	cluster_2	1.0000
11793	Spectrogram 1	1	2948.000000	2948.500000	0	0	2	cluster_2	0.9796
11794	Spectrogram 1	1	2948.250000	2948.750000	0	0	2	cluster_2	1.0000
11795	Spectrogram 1	1	2948.500000	2949.000000	0	0	5	cluster_5	0.5055
11796	Spectrogram 1	1	2948.750000	2949.250000	0	0	5	cluster_5	0.9141
11797	Spectrogram 1	1	2949.000000	2949.500000	0	0	5	cluster_5	1.0000
11798	Spectrogram 1	1	2949.250000	2949.750000	0	0	5	cluster_5	1.0000
11799	Spectrogram 1	1	2949.500000	2950.000000	0	0	5	cluster_5	1.0000
11800	Spectrogram 1	1	2949.750000	2950.250000	0	0	5	cluster_5	1.0000
11801	Spectrogram 1	1	2950.000000	2950.500000	0	0	5	cluster_5	0.9875
11802	Spectrogram 1	1	2950.250000	2950.750000	0	0	5	cluster_5	0.6587
11803	Spectrogram 1	1	2950.500000	2951.000000	0	0	5	cluster_5	0.6550
11804	Spectrogram 1	1	2950.750000	2951.250000	0	0	2	cluster_2	0.5332
11805	Spectrogram 1	1	2951.000000	2951.500000	0	0	2	cluster_2	0.5263
11806	Spectrogram 1	1	2951.250000	2951.750000	0	0	2	cluster_2	0.7179
11807	Spectrogram 1	1	2951.500000	2952.000000	0	0	2	cluster_2	0.7138
11808	Spectrogram 1	1	2951.750000	2952.250000	0	0	2	cluster_2	0.5375
11809	Spectrogram 1	1	2952.000000	2952.500000	0	0	2	cluster_2	0.5255
11810	Spectrogram 1	1	2952.250000	2952.750000	0	0	2	cluster_2	0.5898
11811	Spectrogram 1	1	2952.500000	2953.000000	0	0	2	cluster_2	0.8592
11812	Spectrogram 1	1	2952.750000	2953.250000	0	0	2	cluster_2	0.8553
11813	Spectrogram 1	1	2953.000000	2953.500000	0	0	noise	cluster_noise	0.0000
11814	Spectrogram 1	1	2953.250000	2953.750000	0	0	10	cluster_10	1.0000
11815	Spectrogram 1	1	2953.500000	2954.000000	0	0	10	cluster_10	1.0000
11816	Spectrogram 1	1	2953.750000	2954.250000	0	0	10	cluster_10	0.9767
11817	Spectrogram 1	1	2954.000000	2954.500000	0	0	10	cluster_10	1.0000
11818	Spectrogram 1	1	2954.250000	2954.750000	0	0	10	cluster_10	1.0000
11819	Spectrogram 1	1	2954.500000	2955.000000	0	0	10	cluster_10	1.0000
11820	Spectrogram 1	1	2954.750000	2955.250000	0	0	10	cluster_10	1.0000
11821	Spectrogram 1	1	2955.000000	2955.500000	0	0	2	cluster_2	0.7189
11822	Spectrogram 1	1	2955.250000	2955.750000	0	0	2	cluster_2	0.8971
11823	Spectrogram 1	1	2955.500000	2956.000000	0	0	2	cluster_2	1.0000
11824	Spectrogram 1	1	2955.750000	2956.250000	0	0	2	cluster_2	1.0000
11825	Spectrogram 1	1	2956.000000	2956.500000	0	0	2	cluster_2	0.6047
11826	Spectrogram 1	1	2956.250000	2956.750000	0	0	noise	cluster_noise	0.0000
11827	Spectrogram 1	1	2956.500000	2957.000000	0	0	9	cluster_9	0.7474
11828	Spectrogram 1	1	2956.750000	2957.250000	0	0	9	cluster_9	0.6595
11829	Spectrogram 1	1	2957.000000	2957.500000	0	0	9	cluster_9	1.0000
11830	Spectrogram 1	1	2957.250000	2957.750000	0	0	9	cluster_9	0.5949
11831	Spectrogram 1	1	2957.500000	2958.000000	0	0	noise	cluster_noise	0.0000
11832	Spectrogram 1	1	2957.750000	2958.250000	0	0	2	cluster_2	0.5329
11833	Spectrogram 1	1	2958.000000	2958.500000	0	0	noise	cluster_noise	0.0000
11834	Spectrogram 1	1	2958.250000	2958.750000	0	0	noise	cluster_noise	0.0000
11835	Spectrogram 1	1	2958.500000	2959.000000	0	0	2	cluster_2	1.0000
11836	Spectrogram 1	1	2958.750000	2959.250000	0	0	2	cluster_2	1.0000
11837	Spectrogram 1	1	2959.000000	2959.500000	0	0	5	cluster_5	1.0000
11838	Spectrogram 1	1	2959.250000	2959.750000	0	0	9	cluster_9	0.7390
11839	Spectrogram 1	1	2959.500000	2960.000000	0	0	9	cluster_9	0.7435
11840	Spectrogram 1	1	2959.750000	2960.250000	0	0	9	cluster_9	0.8327
11841	Spectrogram 1	1	2960.000000	2960.500000	0	0	9	cluster_9	1.0000
11842	Spectrogram 1	1	2960.250000	2960.750000	0	0	9	cluster_9	0.6371
11843	Spectrogram 1	1	2960.500000	2961.000000	0	0	2	cluster_2	0.5250
11844	Spectrogram 1	1	2960.750000	2961.250000	0	0	9	cluster_9	0.7917
11845	Spectrogram 1	1	2961.000000	2961.500000	0	0	9	cluster_9	0.6006
11846	Spectrogram 1	1	2961.250000	2961.750000	0	0	8	cluster_8	0.9411
11847	Spectrogram 1	1	2961.500000	2962.000000	0	0	2	cluster_2	0.3372
11848	Spectrogram 1	1	2961.750000	2962.250000	0	0	2	cluster_2	0.3655
11849	Spectrogram 1	1	2962.000000	2962.500000	0	0	2	cluster_2	0.4401
11850	Spectrogram 1	1	2962.250000	2962.750000	0	0	5	cluster_5	0.6510
11851	Spectrogram 1	1	2962.500000	2963.000000	0	0	noise	cluster_noise	0.0000
11852	Spectrogram 1	1	2962.750000	2963.250000	0	0	5	cluster_5	0.8902
11853	Spectrogram 1	1	2963.000000	2963.500000	0	0	5	cluster_5	0.7512
11854	Spectrogram 1	1	2963.250000	2963.750000	0	0	noise	cluster_noise	0.0000
11855	Spectrogram 1	1	2963.500000	2964.000000	0	0	5	cluster_5	0.6585
11856	Spectrogram 1	1	2963.750000	2964.250000	0	0	5	cluster_5	0.7101
11857	Spectrogram 1	1	2964.000000	2964.500000	0	0	5	cluster_5	0.9051
11858	Spectrogram 1	1	2964.250000	2964.750000	0	0	5	cluster_5	0.8246
11859	Spectrogram 1	1	2964.500000	2965.000000	0	0	5	cluster_5	0.9955
11860	Spectrogram 1	1	2964.750000	2965.250000	0	0	5	cluster_5	0.9699
11861	Spectrogram 1	1	2965.000000	2965.500000	0	0	2	cluster_2	0.3755
11862	Spectrogram 1	1	2965.250000	2965.750000	0	0	2	cluster_2	0.3282
11863	Spectrogram 1	1	2965.500000	2966.000000	0	0	2	cluster_2	0.6545
11864	Spectrogram 1	1	2965.750000	2966.250000	0	0	2	cluster_2	0.8654
11865	Spectrogram 1	1	2966.000000	2966.500000	0	0	2	cluster_2	0.5611
11866	Spectrogram 1	1	2966.250000	2966.750000	0	0	10	cluster_10	0.8526
11867	Spectrogram 1	1	2966.500000	2967.000000	0	0	10	cluster_10	1.0000
11868	Spectrogram 1	1	2966.750000	2967.250000	0	0	10	cluster_10	0.9393
11869	Spectrogram 1	1	2967.000000	2967.500000	0	0	10	cluster_10	1.0000
11870	Spectrogram 1	1	2967.250000	2967.750000	0	0	10	cluster_10	1.0000
11871	Spectrogram 1	1	2967.500000	2968.000000	0	0	10	cluster_10	0.9812
11872	Spectrogram 1	1	2967.750000	2968.250000	0	0	10	cluster_10	0.9981
11873	Spectrogram 1	1	2968.000000	2968.500000	0	0	10	cluster_10	1.0000
11874	Spectrogram 1	1	2968.250000	2968.750000	0	0	2	cluster_2	0.7146
11875	Spectrogram 1	1	2968.500000	2969.000000	0	0	2	cluster_2	0.6944
11876	Spectrogram 1	1	2968.750000	2969.250000	0	0	2	cluster_2	1.0000
11877	Spectrogram 1	1	2969.000000	2969.500000	0	0	2	cluster_2	0.8966
11878	Spectrogram 1	1	2969.250000	2969.750000	0	0	2	cluster_2	0.9436
11879	Spectrogram 1	1	2969.500000	2970.000000	0	0	2	cluster_2	0.9999
11880	Spectrogram 1	1	2969.750000	2970.250000	0	0	2	cluster_2	0.9173
11881	Spectrogram 1	1	2970.000000	2970.500000	0	0	2	cluster_2	0.9541
11882	Spectrogram 1	1	2970.250000	2970.750000	0	0	2	cluster_2	0.3703
11883	Spectrogram 1	1	2970.500000	2971.000000	0	0	noise	cluster_noise	0.0000
11884	Spectrogram 1	1	2970.750000	2971.250000	0	0	noise	cluster_noise	0.0000
11885	Spectrogram 1	1	2971.000000	2971.500000	0	0	noise	cluster_noise	0.0000
11886	Spectrogram 1	1	2971.250000	2971.750000	0	0	noise	cluster_noise	0.0000
11887	Spectrogram 1	1	2971.500000	2972.000000	0	0	noise	cluster_noise	0.0000
11888	Spectrogram 1	1	2971.750000	2972.250000	0	0	5	cluster_5	0.7219
11889	Spectrogram 1	1	2972.000000	2972.500000	0	0	5	cluster_5	0.9523
11890	Spectrogram 1	1	2972.250000	2972.750000	0	0	noise	cluster_noise	0.0000
11891	Spectrogram 1	1	2972.500000	2973.000000	0	0	noise	cluster_noise	0.0000
11892	Spectrogram 1	1	2972.750000	2973.250000	0	0	2	cluster_2	0.8650
11893	Spectrogram 1	1	2973.000000	2973.500000	0	0	2	cluster_2	0.8549
11894	Spectrogram 1	1	2973.250000	2973.750000	0	0	2	cluster_2	0.8478
11895	Spectrogram 1	1	2973.500000	2974.000000	0	0	2	cluster_2	0.8451
11896	Spectrogram 1	1	2973.750000	2974.250000	0	0	2	cluster_2	0.9982
11897	Spectrogram 1	1	2974.000000	2974.500000	0	0	2	cluster_2	0.8954
11898	Spectrogram 1	1	2974.250000	2974.750000	0	0	2	cluster_2	0.8660
11899	Spectrogram 1	1	2974.500000	2975.000000	0	0	2	cluster_2	0.5774
11900	Spectrogram 1	1	2974.750000	2975.250000	0	0	2	cluster_2	0.6248
11901	Spectrogram 1	1	2975.000000	2975.500000	0	0	5	cluster_5	0.5186
11902	Spectrogram 1	1	2975.250000	2975.750000	0	0	5	cluster_5	0.7029
11903	Spectrogram 1	1	2975.500000	2976.000000	0	0	5	cluster_5	0.6927
11904	Spectrogram 1	1	2975.750000	2976.250000	0	0	noise	cluster_noise	0.0000
11905	Spectrogram 1	1	2976.000000	2976.500000	0	0	5	cluster_5	0.8888
11906	Spectrogram 1	1	2976.250000	2976.750000	0	0	5	cluster_5	0.8172
11907	Spectrogram 1	1	2976.500000	2977.000000	0	0	5	cluster_5	0.8649
11908	Spectrogram 1	1	2976.750000	2977.250000	0	0	2	cluster_2	0.5874
11909	Spectrogram 1	1	2977.000000	2977.500000	0	0	noise	cluster_noise	0.0000
11910	Spectrogram 1	1	2977.250000	2977.750000	0	0	2	cluster_2	0.6478
11911	Spectrogram 1	1	2977.500000	2978.000000	0	0	10	cluster_10	0.8454
11912	Spectrogram 1	1	2977.750000	2978.250000	0	0	noise	cluster_noise	0.0000
11913	Spectrogram 1	1	2978.000000	2978.500000	0	0	noise	cluster_noise	0.0000
11914	Spectrogram 1	1	2978.250000	2978.750000	0	0	10	cluster_10	1.0000
11915	Spectrogram 1	1	2978.500000	2979.000000	0	0	10	cluster_10	0.8630
11916	Spectrogram 1	1	2978.750000	2979.250000	0	0	10	cluster_10	1.0000
11917	Spectrogram 1	1	2979.000000	2979.500000	0	0	10	cluster_10	1.0000
11918	Spectrogram 1	1	2979.250000	2979.750000	0	0	10	cluster_10	0.9008
11919	Spectrogram 1	1	2979.500000	2980.000000	0	0	2	cluster_2	0.8760
11920	Spectrogram 1	1	2979.750000	2980.250000	0	0	2	cluster_2	0.9024
11921	Spectrogram 1	1	2980.000000	2980.500000	0	0	2	cluster_2	0.8520
11922	Spectrogram 1	1	2980.250000	2980.750000	0	0	2	cluster_2	0.8583
11923	Spectrogram 1	1	2980.500000	2981.000000	0	0	2	cluster_2	0.8237
11924	Spectrogram 1	1	2980.750000	2981.250000	0	0	2	cluster_2	0.9678
11925	Spectrogram 1	1	2981.000000	2981.500000	0	0	2	cluster_2	1.0000
11926	Spectrogram 1	1	2981.250000	2981.750000	0	0	2	cluster_2	0.8156
11927	Spectrogram 1	1	2981.500000	2982.000000	0	0	2	cluster_2	0.9569
11928	Spectrogram 1	1	2981.750000	2982.250000	0	0	5	cluster_5	0.5259
11929	Spectrogram 1	1	2982.000000	2982.500000	0	0	5	cluster_5	0.5411
11930	Spectrogram 1	1	2982.250000	2982.750000	0	0	noise	cluster_noise	0.0000
11931	Spectrogram 1	1	2982.500000	2983.000000	0	0	noise	cluster_noise	0.0000
11932	Spectrogram 1	1	2982.750000	2983.250000	0	0	noise	cluster_noise	0.0000
11933	Spectrogram 1	1	2983.000000	2983.500000	0	0	12	cluster_12	0.7829
11934	Spectrogram 1	1	2983.250000	2983.750000	0	0	noise	cluster_noise	0.0000
11935	Spectrogram 1	1	2983.500000	2984.000000	0	0	6	cluster_6	0.6065
11936	Spectrogram 1	1	2983.750000	2984.250000	0	0	2	cluster_2	0.6721
11937	Spectrogram 1	1	2984.000000	2984.500000	0	0	2	cluster_2	0.7461
11938	Spectrogram 1	1	2984.250000	2984.750000	0	0	2	cluster_2	0.6034
11939	Spectrogram 1	1	2984.500000	2985.000000	0	0	2	cluster_2	0.6851
11940	Spectrogram 1	1	2984.750000	2985.250000	0	0	2	cluster_2	1.0000
11941	Spectrogram 1	1	2985.000000	2985.500000	0	0	2	cluster_2	0.8710
11942	Spectrogram 1	1	2985.250000	2985.750000	0	0	2	cluster_2	0.7186
11943	Spectrogram 1	1	2985.500000	2986.000000	0	0	2	cluster_2	0.7727
11944	Spectrogram 1	1	2985.750000	2986.250000	0	0	2	cluster_2	0.9306
11945	Spectrogram 1	1	2986.000000	2986.500000	0	0	2	cluster_2	0.7844
11946	Spectrogram 1	1	2986.250000	2986.750000	0	0	2	cluster_2	0.5825
11947	Spectrogram 1	1	2986.500000	2987.000000	0	0	noise	cluster_noise	0.0000
11948	Spectrogram 1	1	2986.750000	2987.250000	0	0	9	cluster_9	0.6545
11949	Spectrogram 1	1	2987.000000	2987.500000	0	0	5	cluster_5	0.5920
11950	Spectrogram 1	1	2987.250000	2987.750000	0	0	5	cluster_5	0.5880
11951	Spectrogram 1	1	2987.500000	2988.000000	0	0	5	cluster_5	0.6437
11952	Spectrogram 1	1	2987.750000	2988.250000	0	0	5	cluster_5	0.7135
11953	Spectrogram 1	1	2988.000000	2988.500000	0	0	5	cluster_5	0.7933
11954	Spectrogram 1	1	2988.250000	2988.750000	0	0	5	cluster_5	1.0000
11955	Spectrogram 1	1	2988.500000	2989.000000	0	0	5	cluster_5	0.5356
11956	Spectrogram 1	1	2988.750000	2989.250000	0	0	5	cluster_5	0.5097
11957	Spectrogram 1	1	2989.000000	2989.500000	0	0	2	cluster_2	0.3343
11958	Spectrogram 1	1	2989.250000	2989.750000	0	0	2	cluster_2	0.7534
11959	Spectrogram 1	1	2989.500000	2990.000000	0	0	9	cluster_9	0.7737
11960	Spectrogram 1	1	2989.750000	2990.250000	0	0	10	cluster_10	0.9707
11961	Spectrogram 1	1	2990.000000	2990.500000	0	0	10	cluster_10	0.9484
11962	Spectrogram 1	1	2990.250000	2990.750000	0	0	10	cluster_10	1.0000
11963	Spectrogram 1	1	2990.500000	2991.000000	0	0	noise	cluster_noise	0.0000
11964	Spectrogram 1	1	2990.750000	2991.250000	0	0	noise	cluster_noise	0.0000
11965	Spectrogram 1	1	2991.000000	2991.500000	0	0	noise	cluster_noise	0.0000
11966	Spectrogram 1	1	2991.250000	2991.750000	0	0	2	cluster_2	0.7067
11967	Spectrogram 1	1	2991.500000	2992.000000	0	0	2	cluster_2	0.8180
11968	Spectrogram 1	1	2991.750000	2992.250000	0	0	noise	cluster_noise	0.0000
11969	Spectrogram 1	1	2992.000000	2992.500000	0	0	2	cluster_2	0.4041
11970	Spectrogram 1	1	2992.250000	2992.750000	0	0	2	cluster_2	0.3859
11971	Spectrogram 1	1	2992.500000	2993.000000	0	0	2	cluster_2	0.6596
11972	Spectrogram 1	1	2992.750000	2993.250000	0	0	2	cluster_2	0.9933
11973	Spectrogram 1	1	2993.000000	2993.500000	0	0	2	cluster_2	0.6814
11974	Spectrogram 1	1	2993.250000	2993.750000	0	0	noise	cluster_noise	0.0000
11975	Spectrogram 1	1	2993.500000	2994.000000	0	0	noise	cluster_noise	0.0000
11976	Spectrogram 1	1	2993.750000	2994.250000	0	0	noise	cluster_noise	0.0000
11977	Spectrogram 1	1	2994.000000	2994.500000	0	0	noise	cluster_noise	0.0000
11978	Spectrogram 1	1	2994.250000	2994.750000	0	0	noise	cluster_noise	0.0000
11979	Spectrogram 1	1	2994.500000	2995.000000	0	0	noise	cluster_noise	0.0000
11980	Spectrogram 1	1	2994.750000	2995.250000	0	0	noise	cluster_noise	0.0000
11981	Spectrogram 1	1	2995.000000	2995.500000	0	0	noise	cluster_noise	0.0000
11982	Spectrogram 1	1	2995.250000	2995.750000	0	0	noise	cluster_noise	0.0000
11983	Spectrogram 1	1	2995.500000	2996.000000	0	0	noise	cluster_noise	0.0000
11984	Spectrogram 1	1	2995.750000	2996.250000	0	0	2	cluster_2	0.3981
11985	Spectrogram 1	1	2996.000000	2996.500000	0	0	2	cluster_2	0.6956
11986	Spectrogram 1	1	2996.250000	2996.750000	0	0	2	cluster_2	0.7048
11987	Spectrogram 1	1	2996.500000	2997.000000	0	0	2	cluster_2	0.8605
11988	Spectrogram 1	1	2996.750000	2997.250000	0	0	2	cluster_2	0.6976
11989	Spectrogram 1	1	2997.000000	2997.500000	0	0	2	cluster_2	0.6543
11990	Spectrogram 1	1	2997.250000	2997.750000	0	0	2	cluster_2	0.8754
11991	Spectrogram 1	1	2997.500000	2998.000000	0	0	2	cluster_2	0.8229
11992	Spectrogram 1	1	2997.750000	2998.250000	0	0	5	cluster_5	0.5705
11993	Spectrogram 1	1	2998.000000	2998.500000	0	0	5	cluster_5	0.6297
11994	Spectrogram 1	1	2998.250000	2998.750000	0	0	5	cluster_5	1.0000
11995	Spectrogram 1	1	2998.500000	2999.000000	0	0	5	cluster_5	1.0000
11996	Spectrogram 1	1	2998.750000	2999.250000	0	0	5	cluster_5	1.0000
11997	Spectrogram 1	1	2999.000000	2999.500000	0	0	5	cluster_5	0.7563
11998	Spectrogram 1	1	2999.250000	2999.750000	0	0	5	cluster_5	1.0000
11999	Spectrogram 1	1	2999.500000	3000.000000	0	0	2	cluster_2	0.4349
12000	Spectrogram 1	1	2999.750000	3000.250000	0	0	2	cluster_2	0.4285
12001	Spectrogram 1	1	3000.000000	3000.500000	0	0	2	cluster_2	0.3608
12002	Spectrogram 1	1	3000.250000	3000.750000	0	0	2	cluster_2	0.9395
12003	Spectrogram 1	1	3000.500000	3001.000000	0	0	2	cluster_2	0.8775
12004	Spectrogram 1	1	3000.750000	3001.250000	0	0	noise	cluster_noise	0.0000
12005	Spectrogram 1	1	3001.000000	3001.500000	0	0	noise	cluster_noise	0.0000
12006	Spectrogram 1	1	3001.250000	3001.750000	0	0	noise	cluster_noise	0.0000
12007	Spectrogram 1	1	3001.500000	3002.000000	0	0	6	cluster_6	0.9900
12008	Spectrogram 1	1	3001.750000	3002.250000	0	0	10	cluster_10	0.8596
12009	Spectrogram 1	1	3002.000000	3002.500000	0	0	10	cluster_10	0.8013
12010	Spectrogram 1	1	3002.250000	3002.750000	0	0	2	cluster_2	0.4433
12011	Spectrogram 1	1	3002.500000	3003.000000	0	0	2	cluster_2	0.9462
12012	Spectrogram 1	1	3002.750000	3003.250000	0	0	2	cluster_2	1.0000
12013	Spectrogram 1	1	3003.000000	3003.500000	0	0	2	cluster_2	0.9429
12014	Spectrogram 1	1	3003.250000	3003.750000	0	0	2	cluster_2	1.0000
12015	Spectrogram 1	1	3003.500000	3004.000000	0	0	2	cluster_2	1.0000
12016	Spectrogram 1	1	3003.750000	3004.250000	0	0	2	cluster_2	1.0000
12017	Spectrogram 1	1	3004.000000	3004.500000	0	0	2	cluster_2	1.0000
12018	Spectrogram 1	1	3004.250000	3004.750000	0	0	2	cluster_2	0.8846
12019	Spectrogram 1	1	3004.500000	3005.000000	0	0	2	cluster_2	0.8443
12020	Spectrogram 1	1	3004.750000	3005.250000	0	0	2	cluster_2	1.0000
12021	Spectrogram 1	1	3005.000000	3005.500000	0	0	2	cluster_2	0.9102
12022	Spectrogram 1	1	3005.250000	3005.750000	0	0	noise	cluster_noise	0.0000
12023	Spectrogram 1	1	3005.500000	3006.000000	0	0	noise	cluster_noise	0.0000
12024	Spectrogram 1	1	3005.750000	3006.250000	0	0	noise	cluster_noise	0.0000
12025	Spectrogram 1	1	3006.000000	3006.500000	0	0	noise	cluster_noise	0.0000
12026	Spectrogram 1	1	3006.250000	3006.750000	0	0	noise	cluster_noise	0.0000
12027	Spectrogram 1	1	3006.500000	3007.000000	0	0	noise	cluster_noise	0.0000
12028	Spectrogram 1	1	3006.750000	3007.250000	0	0	noise	cluster_noise	0.0000
12029	Spectrogram 1	1	3007.000000	3007.500000	0	0	noise	cluster_noise	0.0000
12030	Spectrogram 1	1	3007.250000	3007.750000	0	0	noise	cluster_noise	0.0000
12031	Spectrogram 1	1	3007.500000	3008.000000	0	0	noise	cluster_noise	0.0000
12032	Spectrogram 1	1	3007.750000	3008.250000	0	0	12	cluster_12	0.7443
12033	Spectrogram 1	1	3008.000000	3008.500000	0	0	2	cluster_2	1.0000
12034	Spectrogram 1	1	3008.250000	3008.750000	0	0	2	cluster_2	0.8959
12035	Spectrogram 1	1	3008.500000	3009.000000	0	0	2	cluster_2	0.9124
12036	Spectrogram 1	1	3008.750000	3009.250000	0	0	2	cluster_2	0.8465
12037	Spectrogram 1	1	3009.000000	3009.500000	0	0	2	cluster_2	1.0000
12038	Spectrogram 1	1	3009.250000	3009.750000	0	0	2	cluster_2	1.0000
12039	Spectrogram 1	1	3009.500000	3010.000000	0	0	2	cluster_2	0.8622
12040	Spectrogram 1	1	3009.750000	3010.250000	0	0	2	cluster_2	0.4717
12041	Spectrogram 1	1	3010.000000	3010.500000	0	0	5	cluster_5	0.9128
12042	Spectrogram 1	1	3010.250000	3010.750000	0	0	5	cluster_5	0.7391
12043	Spectrogram 1	1	3010.500000	3011.000000	0	0	5	cluster_5	0.9306
12044	Spectrogram 1	1	3010.750000	3011.250000	0	0	5	cluster_5	0.6560
12045	Spectrogram 1	1	3011.000000	3011.500000	0	0	5	cluster_5	0.6099
12046	Spectrogram 1	1	3011.250000	3011.750000	0	0	5	cluster_5	0.7301
12047	Spectrogram 1	1	3011.500000	3012.000000	0	0	5	cluster_5	0.7916
12048	Spectrogram 1	1	3011.750000	3012.250000	0	0	5	cluster_5	0.6651
12049	Spectrogram 1	1	3012.000000	3012.500000	0	0	noise	cluster_noise	0.0000
12050	Spectrogram 1	1	3012.250000	3012.750000	0	0	2	cluster_2	0.8424
12051	Spectrogram 1	1	3012.500000	3013.000000	0	0	noise	cluster_noise	0.0000
12052	Spectrogram 1	1	3012.750000	3013.250000	0	0	10	cluster_10	1.0000
12053	Spectrogram 1	1	3013.000000	3013.500000	0	0	10	cluster_10	1.0000
12054	Spectrogram 1	1	3013.250000	3013.750000	0	0	10	cluster_10	1.0000
12055	Spectrogram 1	1	3013.500000	3014.000000	0	0	2	cluster_2	0.4904
12056	Spectrogram 1	1	3013.750000	3014.250000	0	0	noise	cluster_noise	0.0000
12057	Spectrogram 1	1	3014.000000	3014.500000	0	0	noise	cluster_noise	0.0000
12058	Spectrogram 1	1	3014.250000	3014.750000	0	0	10	cluster_10	0.7800
12059	Spectrogram 1	1	3014.500000	3015.000000	0	0	noise	cluster_noise	0.0000
12060	Spectrogram 1	1	3014.750000	3015.250000	0	0	noise	cluster_noise	0.0000
12061	Spectrogram 1	1	3015.000000	3015.500000	0	0	2	cluster_2	0.9705
12062	Spectrogram 1	1	3015.250000	3015.750000	0	0	2	cluster_2	0.5077
12063	Spectrogram 1	1	3015.500000	3016.000000	0	0	2	cluster_2	0.4912
12064	Spectrogram 1	1	3015.750000	3016.250000	0	0	2	cluster_2	0.9198
12065	Spectrogram 1	1	3016.000000	3016.500000	0	0	2	cluster_2	0.3806
12066	Spectrogram 1	1	3016.250000	3016.750000	0	0	2	cluster_2	0.3814
12067	Spectrogram 1	1	3016.500000	3017.000000	0	0	2	cluster_2	0.9399
12068	Spectrogram 1	1	3016.750000	3017.250000	0	0	2	cluster_2	0.6808
12069	Spectrogram 1	1	3017.000000	3017.500000	0	0	2	cluster_2	0.7123
12070	Spectrogram 1	1	3017.250000	3017.750000	0	0	2	cluster_2	0.6551
12071	Spectrogram 1	1	3017.500000	3018.000000	0	0	2	cluster_2	0.5579
12072	Spectrogram 1	1	3017.750000	3018.250000	0	0	noise	cluster_noise	0.0000
12073	Spectrogram 1	1	3018.000000	3018.500000	0	0	noise	cluster_noise	0.0000
12074	Spectrogram 1	1	3018.250000	3018.750000	0	0	noise	cluster_noise	0.0000
12075	Spectrogram 1	1	3018.500000	3019.000000	0	0	noise	cluster_noise	0.0000
12076	Spectrogram 1	1	3018.750000	3019.250000	0	0	noise	cluster_noise	0.0000
12077	Spectrogram 1	1	3019.000000	3019.500000	0	0	noise	cluster_noise	0.0000
12078	Spectrogram 1	1	3019.250000	3019.750000	0	0	noise	cluster_noise	0.0000
12079	Spectrogram 1	1	3019.500000	3020.000000	0	0	noise	cluster_noise	0.0000
12080	Spectrogram 1	1	3019.750000	3020.250000	0	0	noise	cluster_noise	0.0000
12081	Spectrogram 1	1	3020.000000	3020.500000	0	0	2	cluster_2	0.5956
12082	Spectrogram 1	1	3020.250000	3020.750000	0	0	2	cluster_2	0.7276
12083	Spectrogram 1	1	3020.500000	3021.000000	0	0	2	cluster_2	0.6836
12084	Spectrogram 1	1	3020.750000	3021.250000	0	0	2	cluster_2	0.5826
12085	Spectrogram 1	1	3021.000000	3021.500000	0	0	2	cluster_2	1.0000
12086	Spectrogram 1	1	3021.250000	3021.750000	0	0	2	cluster_2	0.7950
12087	Spectrogram 1	1	3021.500000	3022.000000	0	0	2	cluster_2	0.9968
12088	Spectrogram 1	1	3021.750000	3022.250000	0	0	2	cluster_2	1.0000
12089	Spectrogram 1	1	3022.000000	3022.500000	0	0	2	cluster_2	1.0000
12090	Spectrogram 1	1	3022.250000	3022.750000	0	0	2	cluster_2	1.0000
12091	Spectrogram 1	1	3022.500000	3023.000000	0	0	2	cluster_2	0.8114
12092	Spectrogram 1	1	3022.750000	3023.250000	0	0	noise	cluster_noise	0.0000
12093	Spectrogram 1	1	3023.000000	3023.500000	0	0	noise	cluster_noise	0.0000
12094	Spectrogram 1	1	3023.250000	3023.750000	0	0	3	cluster_3	1.0000
12095	Spectrogram 1	1	3023.500000	3024.000000	0	0	3	cluster_3	1.0000
12096	Spectrogram 1	1	3023.750000	3024.250000	0	0	5	cluster_5	0.5161
12097	Spectrogram 1	1	3024.000000	3024.500000	0	0	5	cluster_5	0.7949
12098	Spectrogram 1	1	3024.250000	3024.750000	0	0	5	cluster_5	0.7349
12099	Spectrogram 1	1	3024.500000	3025.000000	0	0	2	cluster_2	0.3433
12100	Spectrogram 1	1	3024.750000	3025.250000	0	0	2	cluster_2	0.3598
12101	Spectrogram 1	1	3025.000000	3025.500000	0	0	2	cluster_2	0.8075
12102	Spectrogram 1	1	3025.250000	3025.750000	0	0	2	cluster_2	0.9004
12103	Spectrogram 1	1	3025.500000	3026.000000	0	0	noise	cluster_noise	0.0000
12104	Spectrogram 1	1	3025.750000	3026.250000	0	0	noise	cluster_noise	0.0000
12105	Spectrogram 1	1	3026.000000	3026.500000	0	0	noise	cluster_noise	0.0000
12106	Spectrogram 1	1	3026.250000	3026.750000	0	0	2	cluster_2	0.8001
12107	Spectrogram 1	1	3026.500000	3027.000000	0	0	2	cluster_2	0.6571
12108	Spectrogram 1	1	3026.750000	3027.250000	0	0	noise	cluster_noise	0.0000
12109	Spectrogram 1	1	3027.000000	3027.500000	0	0	noise	cluster_noise	0.0000
12110	Spectrogram 1	1	3027.250000	3027.750000	0	0	2	cluster_2	0.5315
12111	Spectrogram 1	1	3027.500000	3028.000000	0	0	2	cluster_2	1.0000
12112	Spectrogram 1	1	3027.750000	3028.250000	0	0	2	cluster_2	0.8099
12113	Spectrogram 1	1	3028.000000	3028.500000	0	0	2	cluster_2	0.8974
12114	Spectrogram 1	1	3028.250000	3028.750000	0	0	2	cluster_2	1.0000
12115	Spectrogram 1	1	3028.500000	3029.000000	0	0	2	cluster_2	1.0000
12116	Spectrogram 1	1	3028.750000	3029.250000	0	0	2	cluster_2	1.0000
12117	Spectrogram 1	1	3029.000000	3029.500000	0	0	2	cluster_2	0.8689
12118	Spectrogram 1	1	3029.250000	3029.750000	0	0	2	cluster_2	1.0000
12119	Spectrogram 1	1	3029.500000	3030.000000	0	0	2	cluster_2	1.0000
12120	Spectrogram 1	1	3029.750000	3030.250000	0	0	2	cluster_2	1.0000
12121	Spectrogram 1	1	3030.000000	3030.500000	0	0	2	cluster_2	1.0000
12122	Spectrogram 1	1	3030.250000	3030.750000	0	0	noise	cluster_noise	0.0000
12123	Spectrogram 1	1	3030.500000	3031.000000	0	0	noise	cluster_noise	0.0000
12124	Spectrogram 1	1	3030.750000	3031.250000	0	0	noise	cluster_noise	0.0000
12125	Spectrogram 1	1	3031.000000	3031.500000	0	0	noise	cluster_noise	0.0000
12126	Spectrogram 1	1	3031.250000	3031.750000	0	0	noise	cluster_noise	0.0000
12127	Spectrogram 1	1	3031.500000	3032.000000	0	0	noise	cluster_noise	0.0000
12128	Spectrogram 1	1	3031.750000	3032.250000	0	0	noise	cluster_noise	0.0000
12129	Spectrogram 1	1	3032.000000	3032.500000	0	0	noise	cluster_noise	0.0000
12130	Spectrogram 1	1	3032.250000	3032.750000	0	0	noise	cluster_noise	0.0000
12131	Spectrogram 1	1	3032.500000	3033.000000	0	0	noise	cluster_noise	0.0000
12132	Spectrogram 1	1	3032.750000	3033.250000	0	0	noise	cluster_noise	0.0000
12133	Spectrogram 1	1	3033.000000	3033.500000	0	0	2	cluster_2	0.9869
12134	Spectrogram 1	1	3033.250000	3033.750000	0	0	2	cluster_2	0.8684
12135	Spectrogram 1	1	3033.500000	3034.000000	0	0	2	cluster_2	0.7907
12136	Spectrogram 1	1	3033.750000	3034.250000	0	0	2	cluster_2	0.9305
12137	Spectrogram 1	1	3034.000000	3034.500000	0	0	2	cluster_2	1.0000
12138	Spectrogram 1	1	3034.250000	3034.750000	0	0	2	cluster_2	0.7532
12139	Spectrogram 1	1	3034.500000	3035.000000	0	0	2	cluster_2	0.9267
12140	Spectrogram 1	1	3034.750000	3035.250000	0	0	2	cluster_2	0.7462
12141	Spectrogram 1	1	3035.000000	3035.500000	0	0	5	cluster_5	0.5111
12142	Spectrogram 1	1	3035.250000	3035.750000	0	0	noise	cluster_noise	0.0000
12143	Spectrogram 1	1	3035.500000	3036.000000	0	0	noise	cluster_noise	0.0000
12144	Spectrogram 1	1	3035.750000	3036.250000	0	0	5	cluster_5	0.6066
12145	Spectrogram 1	1	3036.000000	3036.500000	0	0	5	cluster_5	0.5238
12146	Spectrogram 1	1	3036.250000	3036.750000	0	0	5	cluster_5	0.7991
12147	Spectrogram 1	1	3036.500000	3037.000000	0	0	2	cluster_2	0.4775
12148	Spectrogram 1	1	3036.750000	3037.250000	0	0	2	cluster_2	0.6526
12149	Spectrogram 1	1	3037.000000	3037.500000	0	0	2	cluster_2	0.6277
12150	Spectrogram 1	1	3037.250000	3037.750000	0	0	2	cluster_2	1.0000
12151	Spectrogram 1	1	3037.500000	3038.000000	0	0	10	cluster_10	0.8778
12152	Spectrogram 1	1	3037.750000	3038.250000	0	0	noise	cluster_noise	0.0000
12153	Spectrogram 1	1	3038.000000	3038.500000	0	0	noise	cluster_noise	0.0000
12154	Spectrogram 1	1	3038.250000	3038.750000	0	0	noise	cluster_noise	0.0000
12155	Spectrogram 1	1	3038.500000	3039.000000	0	0	noise	cluster_noise	0.0000
12156	Spectrogram 1	1	3038.750000	3039.250000	0	0	noise	cluster_noise	0.0000
12157	Spectrogram 1	1	3039.000000	3039.500000	0	0	2	cluster_2	0.3576
12158	Spectrogram 1	1	3039.250000	3039.750000	0	0	2	cluster_2	0.7601
12159	Spectrogram 1	1	3039.500000	3040.000000	0	0	2	cluster_2	1.0000
12160	Spectrogram 1	1	3039.750000	3040.250000	0	0	2	cluster_2	0.6280
12161	Spectrogram 1	1	3040.000000	3040.500000	0	0	2	cluster_2	0.7076
12162	Spectrogram 1	1	3040.250000	3040.750000	0	0	2	cluster_2	0.9735
12163	Spectrogram 1	1	3040.500000	3041.000000	0	0	2	cluster_2	0.9929
12164	Spectrogram 1	1	3040.750000	3041.250000	0	0	2	cluster_2	1.0000
12165	Spectrogram 1	1	3041.000000	3041.500000	0	0	2	cluster_2	0.9757
12166	Spectrogram 1	1	3041.250000	3041.750000	0	0	2	cluster_2	1.0000
12167	Spectrogram 1	1	3041.500000	3042.000000	0	0	2	cluster_2	0.9611
12168	Spectrogram 1	1	3041.750000	3042.250000	0	0	2	cluster_2	0.8982
12169	Spectrogram 1	1	3042.000000	3042.500000	0	0	2	cluster_2	0.5776
12170	Spectrogram 1	1	3042.250000	3042.750000	0	0	5	cluster_5	0.5076
12171	Spectrogram 1	1	3042.500000	3043.000000	0	0	noise	cluster_noise	0.0000
12172	Spectrogram 1	1	3042.750000	3043.250000	0	0	noise	cluster_noise	0.0000
12173	Spectrogram 1	1	3043.000000	3043.500000	0	0	3	cluster_3	1.0000
12174	Spectrogram 1	1	3043.250000	3043.750000	0	0	noise	cluster_noise	0.0000
12175	Spectrogram 1	1	3043.500000	3044.000000	0	0	noise	cluster_noise	0.0000
12176	Spectrogram 1	1	3043.750000	3044.250000	0	0	noise	cluster_noise	0.0000
12177	Spectrogram 1	1	3044.000000	3044.500000	0	0	noise	cluster_noise	0.0000
12178	Spectrogram 1	1	3044.250000	3044.750000	0	0	noise	cluster_noise	0.0000
12179	Spectrogram 1	1	3044.500000	3045.000000	0	0	noise	cluster_noise	0.0000
12180	Spectrogram 1	1	3044.750000	3045.250000	0	0	noise	cluster_noise	0.0000
12181	Spectrogram 1	1	3045.000000	3045.500000	0	0	12	cluster_12	0.7324
12182	Spectrogram 1	1	3045.250000	3045.750000	0	0	2	cluster_2	0.3947
12183	Spectrogram 1	1	3045.500000	3046.000000	0	0	2	cluster_2	0.4073
12184	Spectrogram 1	1	3045.750000	3046.250000	0	0	2	cluster_2	0.3880
12185	Spectrogram 1	1	3046.000000	3046.500000	0	0	2	cluster_2	0.7942
12186	Spectrogram 1	1	3046.250000	3046.750000	0	0	2	cluster_2	0.8115
12187	Spectrogram 1	1	3046.500000	3047.000000	0	0	2	cluster_2	0.5920
12188	Spectrogram 1	1	3046.750000	3047.250000	0	0	2	cluster_2	0.7146
12189	Spectrogram 1	1	3047.000000	3047.500000	0	0	noise	cluster_noise	0.0000
12190	Spectrogram 1	1	3047.250000	3047.750000	0	0	5	cluster_5	0.7815
12191	Spectrogram 1	1	3047.500000	3048.000000	0	0	5	cluster_5	0.9300
12192	Spectrogram 1	1	3047.750000	3048.250000	0	0	5	cluster_5	1.0000
12193	Spectrogram 1	1	3048.000000	3048.500000	0	0	5	cluster_5	1.0000
12194	Spectrogram 1	1	3048.250000	3048.750000	0	0	5	cluster_5	1.0000
12195	Spectrogram 1	1	3048.500000	3049.000000	0	0	5	cluster_5	0.6299
12196	Spectrogram 1	1	3048.750000	3049.250000	0	0	5	cluster_5	0.7262
12197	Spectrogram 1	1	3049.000000	3049.500000	0	0	noise	cluster_noise	0.0000
12198	Spectrogram 1	1	3049.250000	3049.750000	0	0	noise	cluster_noise	0.0000
12199	Spectrogram 1	1	3049.500000	3050.000000	0	0	noise	cluster_noise	0.0000
12200	Spectrogram 1	1	3049.750000	3050.250000	0	0	2	cluster_2	0.6802
12201	Spectrogram 1	1	3050.000000	3050.500000	0	0	10	cluster_10	0.9050
12202	Spectrogram 1	1	3050.250000	3050.750000	0	0	noise	cluster_noise	0.0000
12203	Spectrogram 1	1	3050.500000	3051.000000	0	0	2	cluster_2	0.4047
12204	Spectrogram 1	1	3050.750000	3051.250000	0	0	2	cluster_2	0.5976
12205	Spectrogram 1	1	3051.000000	3051.500000	0	0	2	cluster_2	0.9097
12206	Spectrogram 1	1	3051.250000	3051.750000	0	0	2	cluster_2	0.5341
12207	Spectrogram 1	1	3051.500000	3052.000000	0	0	2	cluster_2	0.5008
12208	Spectrogram 1	1	3051.750000	3052.250000	0	0	2	cluster_2	0.4335
12209	Spectrogram 1	1	3052.000000	3052.500000	0	0	noise	cluster_noise	0.0000
12210	Spectrogram 1	1	3052.250000	3052.750000	0	0	noise	cluster_noise	0.0000
12211	Spectrogram 1	1	3052.500000	3053.000000	0	0	2	cluster_2	1.0000
12212	Spectrogram 1	1	3052.750000	3053.250000	0	0	2	cluster_2	1.0000
12213	Spectrogram 1	1	3053.000000	3053.500000	0	0	2	cluster_2	1.0000
12214	Spectrogram 1	1	3053.250000	3053.750000	0	0	2	cluster_2	1.0000
12215	Spectrogram 1	1	3053.500000	3054.000000	0	0	2	cluster_2	0.7025
12216	Spectrogram 1	1	3053.750000	3054.250000	0	0	2	cluster_2	0.6729
12217	Spectrogram 1	1	3054.000000	3054.500000	0	0	2	cluster_2	0.7237
12218	Spectrogram 1	1	3054.250000	3054.750000	0	0	noise	cluster_noise	0.0000
12219	Spectrogram 1	1	3054.500000	3055.000000	0	0	5	cluster_5	0.7148
12220	Spectrogram 1	1	3054.750000	3055.250000	0	0	noise	cluster_noise	0.0000
12221	Spectrogram 1	1	3055.000000	3055.500000	0	0	3	cluster_3	1.0000
12222	Spectrogram 1	1	3055.250000	3055.750000	0	0	3	cluster_3	1.0000
12223	Spectrogram 1	1	3055.500000	3056.000000	0	0	3	cluster_3	1.0000
12224	Spectrogram 1	1	3055.750000	3056.250000	0	0	3	cluster_3	1.0000
12225	Spectrogram 1	1	3056.000000	3056.500000	0	0	3	cluster_3	0.8978
12226	Spectrogram 1	1	3056.250000	3056.750000	0	0	noise	cluster_noise	0.0000
12227	Spectrogram 1	1	3056.500000	3057.000000	0	0	2	cluster_2	0.6134
12228	Spectrogram 1	1	3056.750000	3057.250000	0	0	2	cluster_2	0.3411
12229	Spectrogram 1	1	3057.000000	3057.500000	0	0	2	cluster_2	0.3828
12230	Spectrogram 1	1	3057.250000	3057.750000	0	0	2	cluster_2	0.7409
12231	Spectrogram 1	1	3057.500000	3058.000000	0	0	2	cluster_2	1.0000
12232	Spectrogram 1	1	3057.750000	3058.250000	0	0	2	cluster_2	0.8553
12233	Spectrogram 1	1	3058.000000	3058.500000	0	0	2	cluster_2	0.6930
12234	Spectrogram 1	1	3058.250000	3058.750000	0	0	2	cluster_2	0.5544
12235	Spectrogram 1	1	3058.500000	3059.000000	0	0	5	cluster_5	0.5325
12236	Spectrogram 1	1	3058.750000	3059.250000	0	0	5	cluster_5	0.9951
12237	Spectrogram 1	1	3059.000000	3059.500000	0	0	5	cluster_5	1.0000
12238	Spectrogram 1	1	3059.250000	3059.750000	0	0	5	cluster_5	1.0000
12239	Spectrogram 1	1	3059.500000	3060.000000	0	0	5	cluster_5	1.0000
12240	Spectrogram 1	1	3059.750000	3060.250000	0	0	5	cluster_5	0.9921
12241	Spectrogram 1	1	3060.000000	3060.500000	0	0	2	cluster_2	0.4093
12242	Spectrogram 1	1	3060.250000	3060.750000	0	0	2	cluster_2	0.4246
12243	Spectrogram 1	1	3060.500000	3061.000000	0	0	2	cluster_2	0.4884
12244	Spectrogram 1	1	3060.750000	3061.250000	0	0	10	cluster_10	1.0000
12245	Spectrogram 1	1	3061.000000	3061.500000	0	0	10	cluster_10	0.9625
12246	Spectrogram 1	1	3061.250000	3061.750000	0	0	0	cluster_0	0.4150
12247	Spectrogram 1	1	3061.500000	3062.000000	0	0	2	cluster_2	0.8083
12248	Spectrogram 1	1	3061.750000	3062.250000	0	0	2	cluster_2	0.5558
12249	Spectrogram 1	1	3062.000000	3062.500000	0	0	2	cluster_2	0.7406
12250	Spectrogram 1	1	3062.250000	3062.750000	0	0	0	cluster_0	0.4316
12251	Spectrogram 1	1	3062.500000	3063.000000	0	0	0	cluster_0	0.4487
12252	Spectrogram 1	1	3062.750000	3063.250000	0	0	0	cluster_0	0.4090
12253	Spectrogram 1	1	3063.000000	3063.500000	0	0	2	cluster_2	0.7769
12254	Spectrogram 1	1	3063.250000	3063.750000	0	0	2	cluster_2	0.6241
12255	Spectrogram 1	1	3063.500000	3064.000000	0	0	0	cluster_0	0.4039
12256	Spectrogram 1	1	3063.750000	3064.250000	0	0	0	cluster_0	0.4539
12257	Spectrogram 1	1	3064.000000	3064.500000	0	0	0	cluster_0	0.4577
12258	Spectrogram 1	1	3064.250000	3064.750000	0	0	noise	cluster_noise	0.0000
12259	Spectrogram 1	1	3064.500000	3065.000000	0	0	2	cluster_2	0.7177
12260	Spectrogram 1	1	3064.750000	3065.250000	0	0	2	cluster_2	0.8043
12261	Spectrogram 1	1	3065.000000	3065.500000	0	0	2	cluster_2	0.7866
12262	Spectrogram 1	1	3065.250000	3065.750000	0	0	2	cluster_2	0.7387
12263	Spectrogram 1	1	3065.500000	3066.000000	0	0	2	cluster_2	0.7236
12264	Spectrogram 1	1	3065.750000	3066.250000	0	0	noise	cluster_noise	0.0000
12265	Spectrogram 1	1	3066.000000	3066.500000	0	0	noise	cluster_noise	0.0000
12266	Spectrogram 1	1	3066.250000	3066.750000	0	0	3	cluster_3	0.6873
12267	Spectrogram 1	1	3066.500000	3067.000000	0	0	3	cluster_3	1.0000
12268	Spectrogram 1	1	3066.750000	3067.250000	0	0	3	cluster_3	1.0000
12269	Spectrogram 1	1	3067.000000	3067.500000	0	0	3	cluster_3	1.0000
12270	Spectrogram 1	1	3067.250000	3067.750000	0	0	3	cluster_3	0.8530
12271	Spectrogram 1	1	3067.500000	3068.000000	0	0	3	cluster_3	0.5972
12272	Spectrogram 1	1	3067.750000	3068.250000	0	0	2	cluster_2	0.4188
12273	Spectrogram 1	1	3068.000000	3068.500000	0	0	2	cluster_2	0.4991
12274	Spectrogram 1	1	3068.250000	3068.750000	0	0	2	cluster_2	0.4551
12275	Spectrogram 1	1	3068.500000	3069.000000	0	0	2	cluster_2	0.4528
12276	Spectrogram 1	1	3068.750000	3069.250000	0	0	2	cluster_2	0.6866
12277	Spectrogram 1	1	3069.000000	3069.500000	0	0	2	cluster_2	0.6349
12278	Spectrogram 1	1	3069.250000	3069.750000	0	0	2	cluster_2	0.6974
12279	Spectrogram 1	1	3069.500000	3070.000000	0	0	2	cluster_2	0.6388
12280	Spectrogram 1	1	3069.750000	3070.250000	0	0	2	cluster_2	0.9638
12281	Spectrogram 1	1	3070.000000	3070.500000	0	0	0	cluster_0	0.3103
12282	Spectrogram 1	1	3070.250000	3070.750000	0	0	5	cluster_5	0.9621
12283	Spectrogram 1	1	3070.500000	3071.000000	0	0	5	cluster_5	1.0000
12284	Spectrogram 1	1	3070.750000	3071.250000	0	0	5	cluster_5	1.0000
12285	Spectrogram 1	1	3071.000000	3071.500000	0	0	5	cluster_5	1.0000
12286	Spectrogram 1	1	3071.250000	3071.750000	0	0	5	cluster_5	1.0000
12287	Spectrogram 1	1	3071.500000	3072.000000	0	0	2	cluster_2	0.4460
12288	Spectrogram 1	1	3071.750000	3072.250000	0	0	2	cluster_2	0.4059
12289	Spectrogram 1	1	3072.000000	3072.500000	0	0	noise	cluster_noise	0.0000
12290	Spectrogram 1	1	3072.250000	3072.750000	0	0	0	cluster_0	0.5083
12291	Spectrogram 1	1	3072.500000	3073.000000	0	0	0	cluster_0	0.5416
12292	Spectrogram 1	1	3072.750000	3073.250000	0	0	0	cluster_0	0.7284
12293	Spectrogram 1	1	3073.000000	3073.500000	0	0	0	cluster_0	0.7092
12294	Spectrogram 1	1	3073.250000	3073.750000	0	0	2	cluster_2	0.6295
12295	Spectrogram 1	1	3073.500000	3074.000000	0	0	2	cluster_2	0.8780
12296	Spectrogram 1	1	3073.750000	3074.250000	0	0	0	cluster_0	0.4302
12297	Spectrogram 1	1	3074.000000	3074.500000	0	0	0	cluster_0	0.4347
12298	Spectrogram 1	1	3074.250000	3074.750000	0	0	0	cluster_0	0.4250
12299	Spectrogram 1	1	3074.500000	3075.000000	0	0	10	cluster_10	0.9971
12300	Spectrogram 1	1	3074.750000	3075.250000	0	0	noise	cluster_noise	0.0000
12301	Spectrogram 1	1	3075.000000	3075.500000	0	0	noise	cluster_noise	0.0000
12302	Spectrogram 1	1	3075.250000	3075.750000	0	0	noise	cluster_noise	0.0000
12303	Spectrogram 1	1	3075.500000	3076.000000	0	0	noise	cluster_noise	0.0000
12304	Spectrogram 1	1	3075.750000	3076.250000	0	0	2	cluster_2	0.7751
12305	Spectrogram 1	1	3076.000000	3076.500000	0	0	2	cluster_2	0.9382
12306	Spectrogram 1	1	3076.250000	3076.750000	0	0	2	cluster_2	1.0000
12307	Spectrogram 1	1	3076.500000	3077.000000	0	0	2	cluster_2	0.8872
12308	Spectrogram 1	1	3076.750000	3077.250000	0	0	noise	cluster_noise	0.0000
12309	Spectrogram 1	1	3077.000000	3077.500000	0	0	3	cluster_3	0.6502
12310	Spectrogram 1	1	3077.250000	3077.750000	0	0	3	cluster_3	0.9452
12311	Spectrogram 1	1	3077.500000	3078.000000	0	0	3	cluster_3	1.0000
12312	Spectrogram 1	1	3077.750000	3078.250000	0	0	3	cluster_3	1.0000
12313	Spectrogram 1	1	3078.000000	3078.500000	0	0	3	cluster_3	1.0000
12314	Spectrogram 1	1	3078.250000	3078.750000	0	0	3	cluster_3	1.0000
12315	Spectrogram 1	1	3078.500000	3079.000000	0	0	3	cluster_3	0.9297
12316	Spectrogram 1	1	3078.750000	3079.250000	0	0	3	cluster_3	0.5126
12317	Spectrogram 1	1	3079.000000	3079.500000	0	0	2	cluster_2	0.3313
12318	Spectrogram 1	1	3079.250000	3079.750000	0	0	noise	cluster_noise	0.0000
12319	Spectrogram 1	1	3079.500000	3080.000000	0	0	noise	cluster_noise	0.0000
12320	Spectrogram 1	1	3079.750000	3080.250000	0	0	2	cluster_2	1.0000
12321	Spectrogram 1	1	3080.000000	3080.500000	0	0	2	cluster_2	0.7901
12322	Spectrogram 1	1	3080.250000	3080.750000	0	0	2	cluster_2	0.8537
12323	Spectrogram 1	1	3080.500000	3081.000000	0	0	2	cluster_2	0.9252
12324	Spectrogram 1	1	3080.750000	3081.250000	0	0	2	cluster_2	0.9119
12325	Spectrogram 1	1	3081.000000	3081.500000	0	0	5	cluster_5	0.6492
12326	Spectrogram 1	1	3081.250000	3081.750000	0	0	5	cluster_5	0.9825
12327	Spectrogram 1	1	3081.500000	3082.000000	0	0	5	cluster_5	1.0000
12328	Spectrogram 1	1	3081.750000	3082.250000	0	0	5	cluster_5	1.0000
12329	Spectrogram 1	1	3082.000000	3082.500000	0	0	5	cluster_5	1.0000
12330	Spectrogram 1	1	3082.250000	3082.750000	0	0	5	cluster_5	1.0000
12331	Spectrogram 1	1	3082.500000	3083.000000	0	0	5	cluster_5	0.6099
12332	Spectrogram 1	1	3082.750000	3083.250000	0	0	2	cluster_2	0.4074
12333	Spectrogram 1	1	3083.000000	3083.500000	0	0	5	cluster_5	0.5432
12334	Spectrogram 1	1	3083.250000	3083.750000	0	0	5	cluster_5	0.9802
12335	Spectrogram 1	1	3083.500000	3084.000000	0	0	5	cluster_5	1.0000
12336	Spectrogram 1	1	3083.750000	3084.250000	0	0	5	cluster_5	1.0000
12337	Spectrogram 1	1	3084.000000	3084.500000	0	0	5	cluster_5	0.6679
12338	Spectrogram 1	1	3084.250000	3084.750000	0	0	5	cluster_5	0.8510
12339	Spectrogram 1	1	3084.500000	3085.000000	0	0	noise	cluster_noise	0.0000
12340	Spectrogram 1	1	3084.750000	3085.250000	0	0	noise	cluster_noise	0.0000
12341	Spectrogram 1	1	3085.000000	3085.500000	0	0	12	cluster_12	0.7501
12342	Spectrogram 1	1	3085.250000	3085.750000	0	0	5	cluster_5	0.9796
12343	Spectrogram 1	1	3085.500000	3086.000000	0	0	5	cluster_5	1.0000
12344	Spectrogram 1	1	3085.750000	3086.250000	0	0	5	cluster_5	0.8917
12345	Spectrogram 1	1	3086.000000	3086.500000	0	0	5	cluster_5	0.6885
12346	Spectrogram 1	1	3086.250000	3086.750000	0	0	noise	cluster_noise	0.0000
12347	Spectrogram 1	1	3086.500000	3087.000000	0	0	noise	cluster_noise	0.0000
12348	Spectrogram 1	1	3086.750000	3087.250000	0	0	12	cluster_12	0.7717
12349	Spectrogram 1	1	3087.000000	3087.500000	0	0	5	cluster_5	0.6740
12350	Spectrogram 1	1	3087.250000	3087.750000	0	0	5	cluster_5	1.0000
12351	Spectrogram 1	1	3087.500000	3088.000000	0	0	5	cluster_5	0.8551
12352	Spectrogram 1	1	3087.750000	3088.250000	0	0	5	cluster_5	0.5185
12353	Spectrogram 1	1	3088.000000	3088.500000	0	0	2	cluster_2	0.4858
12354	Spectrogram 1	1	3088.250000	3088.750000	0	0	5	cluster_5	0.5796
12355	Spectrogram 1	1	3088.500000	3089.000000	0	0	5	cluster_5	0.5831
12356	Spectrogram 1	1	3088.750000	3089.250000	0	0	12	cluster_12	0.7721
12357	Spectrogram 1	1	3089.000000	3089.500000	0	0	12	cluster_12	0.8349
12358	Spectrogram 1	1	3089.250000	3089.750000	0	0	noise	cluster_noise	0.0000
12359	Spectrogram 1	1	3089.500000	3090.000000	0	0	noise	cluster_noise	0.0000
12360	Spectrogram 1	1	3089.750000	3090.250000	0	0	noise	cluster_noise	0.0000
12361	Spectrogram 1	1	3090.000000	3090.500000	0	0	noise	cluster_noise	0.0000
12362	Spectrogram 1	1	3090.250000	3090.750000	0	0	noise	cluster_noise	0.0000
12363	Spectrogram 1	1	3090.500000	3091.000000	0	0	2	cluster_2	1.0000
12364	Spectrogram 1	1	3090.750000	3091.250000	0	0	2	cluster_2	0.9840
12365	Spectrogram 1	1	3091.000000	3091.500000	0	0	2	cluster_2	0.4537
12366	Spectrogram 1	1	3091.250000	3091.750000	0	0	noise	cluster_noise	0.0000
12367	Spectrogram 1	1	3091.500000	3092.000000	0	0	3	cluster_3	0.5767
12368	Spectrogram 1	1	3091.750000	3092.250000	0	0	3	cluster_3	1.0000
12369	Spectrogram 1	1	3092.000000	3092.500000	0	0	3	cluster_3	1.0000
12370	Spectrogram 1	1	3092.250000	3092.750000	0	0	3	cluster_3	1.0000
12371	Spectrogram 1	1	3092.500000	3093.000000	0	0	3	cluster_3	0.8883
12372	Spectrogram 1	1	3092.750000	3093.250000	0	0	3	cluster_3	0.9371
12373	Spectrogram 1	1	3093.000000	3093.500000	0	0	3	cluster_3	1.0000
12374	Spectrogram 1	1	3093.250000	3093.750000	0	0	3	cluster_3	0.8187
12375	Spectrogram 1	1	3093.500000	3094.000000	0	0	3	cluster_3	0.6868
12376	Spectrogram 1	1	3093.750000	3094.250000	0	0	5	cluster_5	0.5861
12377	Spectrogram 1	1	3094.000000	3094.500000	0	0	5	cluster_5	0.8721
12378	Spectrogram 1	1	3094.250000	3094.750000	0	0	5	cluster_5	0.7957
12379	Spectrogram 1	1	3094.500000	3095.000000	0	0	2	cluster_2	0.4011
12380	Spectrogram 1	1	3094.750000	3095.250000	0	0	2	cluster_2	0.8025
12381	Spectrogram 1	1	3095.000000	3095.500000	0	0	2	cluster_2	0.8295
12382	Spectrogram 1	1	3095.250000	3095.750000	0	0	2	cluster_2	0.5625
12383	Spectrogram 1	1	3095.500000	3096.000000	0	0	2	cluster_2	0.6319
12384	Spectrogram 1	1	3095.750000	3096.250000	0	0	5	cluster_5	1.0000
12385	Spectrogram 1	1	3096.000000	3096.500000	0	0	5	cluster_5	0.9839
12386	Spectrogram 1	1	3096.250000	3096.750000	0	0	5	cluster_5	1.0000
12387	Spectrogram 1	1	3096.500000	3097.000000	0	0	5	cluster_5	1.0000
12388	Spectrogram 1	1	3096.750000	3097.250000	0	0	5	cluster_5	1.0000
12389	Spectrogram 1	1	3097.000000	3097.500000	0	0	5	cluster_5	0.5948
12390	Spectrogram 1	1	3097.250000	3097.750000	0	0	2	cluster_2	0.4049
12391	Spectrogram 1	1	3097.500000	3098.000000	0	0	noise	cluster_noise	0.0000
12392	Spectrogram 1	1	3097.750000	3098.250000	0	0	noise	cluster_noise	0.0000
12393	Spectrogram 1	1	3098.000000	3098.500000	0	0	12	cluster_12	0.8363
12394	Spectrogram 1	1	3098.250000	3098.750000	0	0	12	cluster_12	1.0000
12395	Spectrogram 1	1	3098.500000	3099.000000	0	0	noise	cluster_noise	0.0000
12396	Spectrogram 1	1	3098.750000	3099.250000	0	0	12	cluster_12	0.9100
12397	Spectrogram 1	1	3099.000000	3099.500000	0	0	noise	cluster_noise	0.0000
12398	Spectrogram 1	1	3099.250000	3099.750000	0	0	2	cluster_2	0.4047
12399	Spectrogram 1	1	3099.500000	3100.000000	0	0	12	cluster_12	0.9392
12400	Spectrogram 1	1	3099.750000	3100.250000	0	0	12	cluster_12	0.9110
12401	Spectrogram 1	1	3100.000000	3100.500000	0	0	12	cluster_12	0.8615
12402	Spectrogram 1	1	3100.250000	3100.750000	0	0	12	cluster_12	0.8580
12403	Spectrogram 1	1	3100.500000	3101.000000	0	0	12	cluster_12	0.9099
12404	Spectrogram 1	1	3100.750000	3101.250000	0	0	noise	cluster_noise	0.0000
12405	Spectrogram 1	1	3101.000000	3101.500000	0	0	2	cluster_2	0.9428
12406	Spectrogram 1	1	3101.250000	3101.750000	0	0	noise	cluster_noise	0.0000
12407	Spectrogram 1	1	3101.500000	3102.000000	0	0	noise	cluster_noise	0.0000
12408	Spectrogram 1	1	3101.750000	3102.250000	0	0	12	cluster_12	0.7640
12409	Spectrogram 1	1	3102.000000	3102.500000	0	0	12	cluster_12	0.8805
12410	Spectrogram 1	1	3102.250000	3102.750000	0	0	12	cluster_12	0.9620
12411	Spectrogram 1	1	3102.500000	3103.000000	0	0	12	cluster_12	0.8443
12412	Spectrogram 1	1	3102.750000	3103.250000	0	0	2	cluster_2	0.8467
12413	Spectrogram 1	1	3103.000000	3103.500000	0	0	2	cluster_2	0.3649
12414	Spectrogram 1	1	3103.250000	3103.750000	0	0	12	cluster_12	0.9718
12415	Spectrogram 1	1	3103.500000	3104.000000	0	0	12	cluster_12	0.9267
12416	Spectrogram 1	1	3103.750000	3104.250000	0	0	12	cluster_12	1.0000
12417	Spectrogram 1	1	3104.000000	3104.500000	0	0	noise	cluster_noise	0.0000
12418	Spectrogram 1	1	3104.250000	3104.750000	0	0	noise	cluster_noise	0.0000
12419	Spectrogram 1	1	3104.500000	3105.000000	0	0	noise	cluster_noise	0.0000
12420	Spectrogram 1	1	3104.750000	3105.250000	0	0	12	cluster_12	0.8450
12421	Spectrogram 1	1	3105.000000	3105.500000	0	0	2	cluster_2	1.0000
12422	Spectrogram 1	1	3105.250000	3105.750000	0	0	2	cluster_2	0.8920
12423	Spectrogram 1	1	3105.500000	3106.000000	0	0	2	cluster_2	0.7202
12424	Spectrogram 1	1	3105.750000	3106.250000	0	0	2	cluster_2	0.3511
12425	Spectrogram 1	1	3106.000000	3106.500000	0	0	3	cluster_3	0.5659
12426	Spectrogram 1	1	3106.250000	3106.750000	0	0	3	cluster_3	0.9653
12427	Spectrogram 1	1	3106.500000	3107.000000	0	0	3	cluster_3	1.0000
12428	Spectrogram 1	1	3106.750000	3107.250000	0	0	3	cluster_3	1.0000
12429	Spectrogram 1	1	3107.000000	3107.500000	0	0	3	cluster_3	1.0000
12430	Spectrogram 1	1	3107.250000	3107.750000	0	0	3	cluster_3	1.0000
12431	Spectrogram 1	1	3107.500000	3108.000000	0	0	3	cluster_3	1.0000
12432	Spectrogram 1	1	3107.750000	3108.250000	0	0	3	cluster_3	0.7286
12433	Spectrogram 1	1	3108.000000	3108.500000	0	0	3	cluster_3	0.7792
12434	Spectrogram 1	1	3108.250000	3108.750000	0	0	3	cluster_3	0.5391
12435	Spectrogram 1	1	3108.500000	3109.000000	0	0	noise	cluster_noise	0.0000
12436	Spectrogram 1	1	3108.750000	3109.250000	0	0	noise	cluster_noise	0.0000
12437	Spectrogram 1	1	3109.000000	3109.500000	0	0	noise	cluster_noise	0.0000
12438	Spectrogram 1	1	3109.250000	3109.750000	0	0	2	cluster_2	0.3971
12439	Spectrogram 1	1	3109.500000	3110.000000	0	0	2	cluster_2	0.6982
12440	Spectrogram 1	1	3109.750000	3110.250000	0	0	2	cluster_2	0.9826
12441	Spectrogram 1	1	3110.000000	3110.500000	0	0	2	cluster_2	0.7013
12442	Spectrogram 1	1	3110.250000	3110.750000	0	0	2	cluster_2	0.6137
12443	Spectrogram 1	1	3110.500000	3111.000000	0	0	2	cluster_2	0.6123
12444	Spectrogram 1	1	3110.750000	3111.250000	0	0	2	cluster_2	0.8007
12445	Spectrogram 1	1	3111.000000	3111.500000	0	0	12	cluster_12	0.9317
12446	Spectrogram 1	1	3111.250000	3111.750000	0	0	12	cluster_12	0.9922
12447	Spectrogram 1	1	3111.500000	3112.000000	0	0	12	cluster_12	0.9002
12448	Spectrogram 1	1	3111.750000	3112.250000	0	0	12	cluster_12	0.8347
12449	Spectrogram 1	1	3112.000000	3112.500000	0	0	noise	cluster_noise	0.0000
12450	Spectrogram 1	1	3112.250000	3112.750000	0	0	2	cluster_2	0.6619
12451	Spectrogram 1	1	3112.500000	3113.000000	0	0	2	cluster_2	0.5891
12452	Spectrogram 1	1	3112.750000	3113.250000	0	0	2	cluster_2	0.4583
12453	Spectrogram 1	1	3113.000000	3113.500000	0	0	noise	cluster_noise	0.0000
12454	Spectrogram 1	1	3113.250000	3113.750000	0	0	12	cluster_12	0.7976
12455	Spectrogram 1	1	3113.500000	3114.000000	0	0	12	cluster_12	0.9377
12456	Spectrogram 1	1	3113.750000	3114.250000	0	0	12	cluster_12	0.8196
12457	Spectrogram 1	1	3114.000000	3114.500000	0	0	noise	cluster_noise	0.0000
12458	Spectrogram 1	1	3114.250000	3114.750000	0	0	2	cluster_2	0.3454
12459	Spectrogram 1	1	3114.500000	3115.000000	0	0	2	cluster_2	0.5226
12460	Spectrogram 1	1	3114.750000	3115.250000	0	0	noise	cluster_noise	0.0000
12461	Spectrogram 1	1	3115.000000	3115.500000	0	0	noise	cluster_noise	0.0000
12462	Spectrogram 1	1	3115.250000	3115.750000	0	0	12	cluster_12	0.8613
12463	Spectrogram 1	1	3115.500000	3116.000000	0	0	noise	cluster_noise	0.0000
12464	Spectrogram 1	1	3115.750000	3116.250000	0	0	2	cluster_2	0.8002
12465	Spectrogram 1	1	3116.000000	3116.500000	0	0	12	cluster_12	0.8305
12466	Spectrogram 1	1	3116.250000	3116.750000	0	0	12	cluster_12	0.9312
12467	Spectrogram 1	1	3116.500000	3117.000000	0	0	12	cluster_12	0.9102
12468	Spectrogram 1	1	3116.750000	3117.250000	0	0	12	cluster_12	0.8828
12469	Spectrogram 1	1	3117.000000	3117.500000	0	0	noise	cluster_noise	0.0000
12470	Spectrogram 1	1	3117.250000	3117.750000	0	0	2	cluster_2	0.7576
12471	Spectrogram 1	1	3117.500000	3118.000000	0	0	noise	cluster_noise	0.0000
12472	Spectrogram 1	1	3117.750000	3118.250000	0	0	12	cluster_12	0.8811
12473	Spectrogram 1	1	3118.000000	3118.500000	0	0	12	cluster_12	0.9796
12474	Spectrogram 1	1	3118.250000	3118.750000	0	0	12	cluster_12	0.9728
12475	Spectrogram 1	1	3118.500000	3119.000000	0	0	12	cluster_12	0.8451
12476	Spectrogram 1	1	3118.750000	3119.250000	0	0	2	cluster_2	0.8548
12477	Spectrogram 1	1	3119.000000	3119.500000	0	0	2	cluster_2	0.8273
12478	Spectrogram 1	1	3119.250000	3119.750000	0	0	2	cluster_2	0.3558
12479	Spectrogram 1	1	3119.500000	3120.000000	0	0	2	cluster_2	0.6383
12480	Spectrogram 1	1	3119.750000	3120.250000	0	0	2	cluster_2	0.6594
12481	Spectrogram 1	1	3120.000000	3120.500000	0	0	2	cluster_2	0.8109
12482	Spectrogram 1	1	3120.250000	3120.750000	0	0	2	cluster_2	0.8528
12483	Spectrogram 1	1	3120.500000	3121.000000	0	0	2	cluster_2	0.3659
12484	Spectrogram 1	1	3120.750000	3121.250000	0	0	noise	cluster_noise	0.0000
12485	Spectrogram 1	1	3121.000000	3121.500000	0	0	3	cluster_3	0.5777
12486	Spectrogram 1	1	3121.250000	3121.750000	0	0	3	cluster_3	1.0000
12487	Spectrogram 1	1	3121.500000	3122.000000	0	0	3	cluster_3	1.0000
12488	Spectrogram 1	1	3121.750000	3122.250000	0	0	3	cluster_3	1.0000
12489	Spectrogram 1	1	3122.000000	3122.500000	0	0	3	cluster_3	1.0000
12490	Spectrogram 1	1	3122.250000	3122.750000	0	0	3	cluster_3	1.0000
12491	Spectrogram 1	1	3122.500000	3123.000000	0	0	3	cluster_3	1.0000
12492	Spectrogram 1	1	3122.750000	3123.250000	0	0	3	cluster_3	1.0000
12493	Spectrogram 1	1	3123.000000	3123.500000	0	0	3	cluster_3	0.5392
12494	Spectrogram 1	1	3123.250000	3123.750000	0	0	3	cluster_3	0.5185
12495	Spectrogram 1	1	3123.500000	3124.000000	0	0	3	cluster_3	0.5167
12496	Spectrogram 1	1	3123.750000	3124.250000	0	0	noise	cluster_noise	0.0000
12497	Spectrogram 1	1	3124.000000	3124.500000	0	0	2	cluster_2	0.7346
12498	Spectrogram 1	1	3124.250000	3124.750000	0	0	2	cluster_2	0.3530
12499	Spectrogram 1	1	3124.500000	3125.000000	0	0	2	cluster_2	0.3926
12500	Spectrogram 1	1	3124.750000	3125.250000	0	0	2	cluster_2	0.4630
12501	Spectrogram 1	1	3125.000000	3125.500000	0	0	2	cluster_2	0.5115
12502	Spectrogram 1	1	3125.250000	3125.750000	0	0	2	cluster_2	0.7403
12503	Spectrogram 1	1	3125.500000	3126.000000	0	0	2	cluster_2	0.8422
12504	Spectrogram 1	1	3125.750000	3126.250000	0	0	2	cluster_2	0.8424
12505	Spectrogram 1	1	3126.000000	3126.500000	0	0	2	cluster_2	0.8752
12506	Spectrogram 1	1	3126.250000	3126.750000	0	0	2	cluster_2	0.9012
12507	Spectrogram 1	1	3126.500000	3127.000000	0	0	noise	cluster_noise	0.0000
12508	Spectrogram 1	1	3126.750000	3127.250000	0	0	noise	cluster_noise	0.0000
12509	Spectrogram 1	1	3127.000000	3127.500000	0	0	noise	cluster_noise	0.0000
12510	Spectrogram 1	1	3127.250000	3127.750000	0	0	2	cluster_2	0.3962
12511	Spectrogram 1	1	3127.500000	3128.000000	0	0	2	cluster_2	0.3563
12512	Spectrogram 1	1	3127.750000	3128.250000	0	0	noise	cluster_noise	0.0000
12513	Spectrogram 1	1	3128.000000	3128.500000	0	0	2	cluster_2	0.8137
12514	Spectrogram 1	1	3128.250000	3128.750000	0	0	2	cluster_2	0.6817
12515	Spectrogram 1	1	3128.500000	3129.000000	0	0	2	cluster_2	0.6460
12516	Spectrogram 1	1	3128.750000	3129.250000	0	0	noise	cluster_noise	0.0000
12517	Spectrogram 1	1	3129.000000	3129.500000	0	0	12	cluster_12	0.8784
12518	Spectrogram 1	1	3129.250000	3129.750000	0	0	12	cluster_12	0.9444
12519	Spectrogram 1	1	3129.500000	3130.000000	0	0	noise	cluster_noise	0.0000
12520	Spectrogram 1	1	3129.750000	3130.250000	0	0	2	cluster_2	0.9857
12521	Spectrogram 1	1	3130.000000	3130.500000	0	0	2	cluster_2	0.7602
12522	Spectrogram 1	1	3130.250000	3130.750000	0	0	2	cluster_2	0.7699
12523	Spectrogram 1	1	3130.500000	3131.000000	0	0	noise	cluster_noise	0.0000
12524	Spectrogram 1	1	3130.750000	3131.250000	0	0	12	cluster_12	0.8867
12525	Spectrogram 1	1	3131.000000	3131.500000	0	0	12	cluster_12	0.8605
12526	Spectrogram 1	1	3131.250000	3131.750000	0	0	noise	cluster_noise	0.0000
12527	Spectrogram 1	1	3131.500000	3132.000000	0	0	2	cluster_2	0.7333
12528	Spectrogram 1	1	3131.750000	3132.250000	0	0	2	cluster_2	0.7408
12529	Spectrogram 1	1	3132.000000	3132.500000	0	0	2	cluster_2	0.7084
12530	Spectrogram 1	1	3132.250000	3132.750000	0	0	12	cluster_12	0.8952
12531	Spectrogram 1	1	3132.500000	3133.000000	0	0	12	cluster_12	0.9187
12532	Spectrogram 1	1	3132.750000	3133.250000	0	0	12	cluster_12	0.9252
12533	Spectrogram 1	1	3133.000000	3133.500000	0	0	noise	cluster_noise	0.0000
12534	Spectrogram 1	1	3133.250000	3133.750000	0	0	2	cluster_2	0.6806
12535	Spectrogram 1	1	3133.500000	3134.000000	0	0	2	cluster_2	0.7927
12536	Spectrogram 1	1	3133.750000	3134.250000	0	0	2	cluster_2	0.9600
12537	Spectrogram 1	1	3134.000000	3134.500000	0	0	2	cluster_2	0.8346
12538	Spectrogram 1	1	3134.250000	3134.750000	0	0	2	cluster_2	0.9964
12539	Spectrogram 1	1	3134.500000	3135.000000	0	0	2	cluster_2	0.9869
12540	Spectrogram 1	1	3134.750000	3135.250000	0	0	noise	cluster_noise	0.0000
12541	Spectrogram 1	1	3135.000000	3135.500000	0	0	noise	cluster_noise	0.0000
12542	Spectrogram 1	1	3135.250000	3135.750000	0	0	3	cluster_3	0.6915
12543	Spectrogram 1	1	3135.500000	3136.000000	0	0	3	cluster_3	1.0000
12544	Spectrogram 1	1	3135.750000	3136.250000	0	0	3	cluster_3	1.0000
12545	Spectrogram 1	1	3136.000000	3136.500000	0	0	3	cluster_3	1.0000
12546	Spectrogram 1	1	3136.250000	3136.750000	0	0	3	cluster_3	1.0000
12547	Spectrogram 1	1	3136.500000	3137.000000	0	0	3	cluster_3	1.0000
12548	Spectrogram 1	1	3136.750000	3137.250000	0	0	3	cluster_3	1.0000
12549	Spectrogram 1	1	3137.000000	3137.500000	0	0	3	cluster_3	1.0000
12550	Spectrogram 1	1	3137.250000	3137.750000	0	0	3	cluster_3	1.0000
12551	Spectrogram 1	1	3137.500000	3138.000000	0	0	3	cluster_3	0.5165
12552	Spectrogram 1	1	3137.750000	3138.250000	0	0	noise	cluster_noise	0.0000
12553	Spectrogram 1	1	3138.000000	3138.500000	0	0	2	cluster_2	0.3276
12554	Spectrogram 1	1	3138.250000	3138.750000	0	0	noise	cluster_noise	0.0000
12555	Spectrogram 1	1	3138.500000	3139.000000	0	0	2	cluster_2	0.3686
12556	Spectrogram 1	1	3138.750000	3139.250000	0	0	2	cluster_2	0.5453
12557	Spectrogram 1	1	3139.000000	3139.500000	0	0	2	cluster_2	0.5149
12558	Spectrogram 1	1	3139.250000	3139.750000	0	0	2	cluster_2	0.5023
12559	Spectrogram 1	1	3139.500000	3140.000000	0	0	2	cluster_2	0.3687
12560	Spectrogram 1	1	3139.750000	3140.250000	0	0	2	cluster_2	1.0000
12561	Spectrogram 1	1	3140.000000	3140.500000	0	0	2	cluster_2	1.0000
12562	Spectrogram 1	1	3140.250000	3140.750000	0	0	2	cluster_2	0.8846
12563	Spectrogram 1	1	3140.500000	3141.000000	0	0	2	cluster_2	1.0000
12564	Spectrogram 1	1	3140.750000	3141.250000	0	0	2	cluster_2	1.0000
12565	Spectrogram 1	1	3141.000000	3141.500000	0	0	2	cluster_2	0.4492
12566	Spectrogram 1	1	3141.250000	3141.750000	0	0	noise	cluster_noise	0.0000
12567	Spectrogram 1	1	3141.500000	3142.000000	0	0	noise	cluster_noise	0.0000
12568	Spectrogram 1	1	3141.750000	3142.250000	0	0	noise	cluster_noise	0.0000
12569	Spectrogram 1	1	3142.000000	3142.500000	0	0	12	cluster_12	0.9293
12570	Spectrogram 1	1	3142.250000	3142.750000	0	0	2	cluster_2	0.7349
12571	Spectrogram 1	1	3142.500000	3143.000000	0	0	2	cluster_2	0.8750
12572	Spectrogram 1	1	3142.750000	3143.250000	0	0	2	cluster_2	0.8622
12573	Spectrogram 1	1	3143.000000	3143.500000	0	0	12	cluster_12	0.8217
12574	Spectrogram 1	1	3143.250000	3143.750000	0	0	12	cluster_12	0.9721
12575	Spectrogram 1	1	3143.500000	3144.000000	0	0	12	cluster_12	0.9736
12576	Spectrogram 1	1	3143.750000	3144.250000	0	0	12	cluster_12	0.9056
12577	Spectrogram 1	1	3144.000000	3144.500000	0	0	noise	cluster_noise	0.0000
12578	Spectrogram 1	1	3144.250000	3144.750000	0	0	2	cluster_2	0.8739
12579	Spectrogram 1	1	3144.500000	3145.000000	0	0	2	cluster_2	0.7100
12580	Spectrogram 1	1	3144.750000	3145.250000	0	0	12	cluster_12	0.8180
12581	Spectrogram 1	1	3145.000000	3145.500000	0	0	2	cluster_2	0.3867
12582	Spectrogram 1	1	3145.250000	3145.750000	0	0	2	cluster_2	0.4578
12583	Spectrogram 1	1	3145.500000	3146.000000	0	0	noise	cluster_noise	0.0000
12584	Spectrogram 1	1	3145.750000	3146.250000	0	0	12	cluster_12	0.9207
12585	Spectrogram 1	1	3146.000000	3146.500000	0	0	2	cluster_2	0.9147
12586	Spectrogram 1	1	3146.250000	3146.750000	0	0	2	cluster_2	0.9501
12587	Spectrogram 1	1	3146.500000	3147.000000	0	0	2	cluster_2	0.6857
12588	Spectrogram 1	1	3146.750000	3147.250000	0	0	12	cluster_12	0.9014
12589	Spectrogram 1	1	3147.000000	3147.500000	0	0	12	cluster_12	0.8952
12590	Spectrogram 1	1	3147.250000	3147.750000	0	0	noise	cluster_noise	0.0000
12591	Spectrogram 1	1	3147.500000	3148.000000	0	0	2	cluster_2	0.8529
12592	Spectrogram 1	1	3147.750000	3148.250000	0	0	2	cluster_2	0.9652
12593	Spectrogram 1	1	3148.000000	3148.500000	0	0	2	cluster_2	0.8366
12594	Spectrogram 1	1	3148.250000	3148.750000	0	0	2	cluster_2	0.7747
12595	Spectrogram 1	1	3148.500000	3149.000000	0	0	2	cluster_2	1.0000
12596	Spectrogram 1	1	3148.750000	3149.250000	0	0	2	cluster_2	1.0000
12597	Spectrogram 1	1	3149.000000	3149.500000	0	0	2	cluster_2	0.7486
12598	Spectrogram 1	1	3149.250000	3149.750000	0	0	noise	cluster_noise	0.0000
12599	Spectrogram 1	1	3149.500000	3150.000000	0	0	3	cluster_3	0.5556
12600	Spectrogram 1	1	3149.750000	3150.250000	0	0	3	cluster_3	1.0000
12601	Spectrogram 1	1	3150.000000	3150.500000	0	0	3	cluster_3	1.0000
12602	Spectrogram 1	1	3150.250000	3150.750000	0	0	3	cluster_3	1.0000
12603	Spectrogram 1	1	3150.500000	3151.000000	0	0	3	cluster_3	1.0000
12604	Spectrogram 1	1	3150.750000	3151.250000	0	0	3	cluster_3	1.0000
12605	Spectrogram 1	1	3151.000000	3151.500000	0	0	3	cluster_3	1.0000
12606	Spectrogram 1	1	3151.250000	3151.750000	0	0	3	cluster_3	1.0000
12607	Spectrogram 1	1	3151.500000	3152.000000	0	0	3	cluster_3	1.0000
12608	Spectrogram 1	1	3151.750000	3152.250000	0	0	3	cluster_3	1.0000
12609	Spectrogram 1	1	3152.000000	3152.500000	0	0	3	cluster_3	0.5239
12610	Spectrogram 1	1	3152.250000	3152.750000	0	0	noise	cluster_noise	0.0000
12611	Spectrogram 1	1	3152.500000	3153.000000	0	0	2	cluster_2	0.3863
12612	Spectrogram 1	1	3152.750000	3153.250000	0	0	2	cluster_2	0.3643
12613	Spectrogram 1	1	3153.000000	3153.500000	0	0	2	cluster_2	0.3642
12614	Spectrogram 1	1	3153.250000	3153.750000	0	0	2	cluster_2	0.6880
12615	Spectrogram 1	1	3153.500000	3154.000000	0	0	2	cluster_2	0.6572
12616	Spectrogram 1	1	3153.750000	3154.250000	0	0	2	cluster_2	0.8846
12617	Spectrogram 1	1	3154.000000	3154.500000	0	0	2	cluster_2	1.0000
12618	Spectrogram 1	1	3154.250000	3154.750000	0	0	2	cluster_2	1.0000
12619	Spectrogram 1	1	3154.500000	3155.000000	0	0	2	cluster_2	0.9334
12620	Spectrogram 1	1	3154.750000	3155.250000	0	0	2	cluster_2	0.9738
12621	Spectrogram 1	1	3155.000000	3155.500000	0	0	noise	cluster_noise	0.0000
12622	Spectrogram 1	1	3155.250000	3155.750000	0	0	noise	cluster_noise	0.0000
12623	Spectrogram 1	1	3155.500000	3156.000000	0	0	noise	cluster_noise	0.0000
12624	Spectrogram 1	1	3155.750000	3156.250000	0	0	2	cluster_2	0.4081
12625	Spectrogram 1	1	3156.000000	3156.500000	0	0	noise	cluster_noise	0.0000
12626	Spectrogram 1	1	3156.250000	3156.750000	0	0	noise	cluster_noise	0.0000
12627	Spectrogram 1	1	3156.500000	3157.000000	0	0	2	cluster_2	0.6778
12628	Spectrogram 1	1	3156.750000	3157.250000	0	0	2	cluster_2	0.3912
12629	Spectrogram 1	1	3157.000000	3157.500000	0	0	noise	cluster_noise	0.0000
12630	Spectrogram 1	1	3157.250000	3157.750000	0	0	2	cluster_2	0.9277
12631	Spectrogram 1	1	3157.500000	3158.000000	0	0	12	cluster_12	0.9133
12632	Spectrogram 1	1	3157.750000	3158.250000	0	0	12	cluster_12	0.9094
12633	Spectrogram 1	1	3158.000000	3158.500000	0	0	12	cluster_12	0.7998
12634	Spectrogram 1	1	3158.250000	3158.750000	0	0	noise	cluster_noise	0.0000
12635	Spectrogram 1	1	3158.500000	3159.000000	0	0	2	cluster_2	0.3578
12636	Spectrogram 1	1	3158.750000	3159.250000	0	0	2	cluster_2	0.7596
12637	Spectrogram 1	1	3159.000000	3159.500000	0	0	2	cluster_2	0.6848
12638	Spectrogram 1	1	3159.250000	3159.750000	0	0	12	cluster_12	0.7555
12639	Spectrogram 1	1	3159.500000	3160.000000	0	0	12	cluster_12	0.8810
12640	Spectrogram 1	1	3159.750000	3160.250000	0	0	12	cluster_12	0.7633
12641	Spectrogram 1	1	3160.000000	3160.500000	0	0	2	cluster_2	0.9999
12642	Spectrogram 1	1	3160.250000	3160.750000	0	0	2	cluster_2	0.7824
12643	Spectrogram 1	1	3160.500000	3161.000000	0	0	12	cluster_12	0.8541
12644	Spectrogram 1	1	3160.750000	3161.250000	0	0	noise	cluster_noise	0.0000
12645	Spectrogram 1	1	3161.000000	3161.500000	0	0	12	cluster_12	0.8445
12646	Spectrogram 1	1	3161.250000	3161.750000	0	0	noise	cluster_noise	0.0000
12647	Spectrogram 1	1	3161.500000	3162.000000	0	0	2	cluster_2	0.6456
12648	Spectrogram 1	1	3161.750000	3162.250000	0	0	2	cluster_2	0.9430
12649	Spectrogram 1	1	3162.000000	3162.500000	0	0	2	cluster_2	0.9616
12650	Spectrogram 1	1	3162.250000	3162.750000	0	0	2	cluster_2	0.7317
12651	Spectrogram 1	1	3162.500000	3163.000000	0	0	2	cluster_2	0.6825
12652	Spectrogram 1	1	3162.750000	3163.250000	0	0	2	cluster_2	1.0000
12653	Spectrogram 1	1	3163.000000	3163.500000	0	0	2	cluster_2	0.7982
12654	Spectrogram 1	1	3163.250000	3163.750000	0	0	noise	cluster_noise	0.0000
12655	Spectrogram 1	1	3163.500000	3164.000000	0	0	noise	cluster_noise	0.0000
12656	Spectrogram 1	1	3163.750000	3164.250000	0	0	3	cluster_3	0.7838
12657	Spectrogram 1	1	3164.000000	3164.500000	0	0	3	cluster_3	1.0000
12658	Spectrogram 1	1	3164.250000	3164.750000	0	0	3	cluster_3	1.0000
12659	Spectrogram 1	1	3164.500000	3165.000000	0	0	3	cluster_3	1.0000
12660	Spectrogram 1	1	3164.750000	3165.250000	0	0	3	cluster_3	1.0000
12661	Spectrogram 1	1	3165.000000	3165.500000	0	0	3	cluster_3	1.0000
12662	Spectrogram 1	1	3165.250000	3165.750000	0	0	3	cluster_3	1.0000
12663	Spectrogram 1	1	3165.500000	3166.000000	0	0	3	cluster_3	1.0000
12664	Spectrogram 1	1	3165.750000	3166.250000	0	0	3	cluster_3	0.9712
12665	Spectrogram 1	1	3166.000000	3166.500000	0	0	3	cluster_3	0.5207
12666	Spectrogram 1	1	3166.250000	3166.750000	0	0	3	cluster_3	0.5333
12667	Spectrogram 1	1	3166.500000	3167.000000	0	0	noise	cluster_noise	0.0000
12668	Spectrogram 1	1	3166.750000	3167.250000	0	0	noise	cluster_noise	0.0000
12669	Spectrogram 1	1	3167.000000	3167.500000	0	0	noise	cluster_noise	0.0000
12670	Spectrogram 1	1	3167.250000	3167.750000	0	0	2	cluster_2	0.4247
12671	Spectrogram 1	1	3167.500000	3168.000000	0	0	2	cluster_2	0.3689
12672	Spectrogram 1	1	3167.750000	3168.250000	0	0	2	cluster_2	0.8054
12673	Spectrogram 1	1	3168.000000	3168.500000	0	0	2	cluster_2	0.7763
12674	Spectrogram 1	1	3168.250000	3168.750000	0	0	2	cluster_2	0.6946
12675	Spectrogram 1	1	3168.500000	3169.000000	0	0	2	cluster_2	0.8810
12676	Spectrogram 1	1	3168.750000	3169.250000	0	0	2	cluster_2	0.9507
12677	Spectrogram 1	1	3169.000000	3169.500000	0	0	12	cluster_12	0.8287
12678	Spectrogram 1	1	3169.250000	3169.750000	0	0	noise	cluster_noise	0.0000
12679	Spectrogram 1	1	3169.500000	3170.000000	0	0	noise	cluster_noise	0.0000
12680	Spectrogram 1	1	3169.750000	3170.250000	0	0	8	cluster_8	0.9039
12681	Spectrogram 1	1	3170.000000	3170.500000	0	0	noise	cluster_noise	0.0000
12682	Spectrogram 1	1	3170.250000	3170.750000	0	0	noise	cluster_noise	0.0000
12683	Spectrogram 1	1	3170.500000	3171.000000	0	0	2	cluster_2	0.7061
12684	Spectrogram 1	1	3170.750000	3171.250000	0	0	2	cluster_2	0.6828
12685	Spectrogram 1	1	3171.000000	3171.500000	0	0	2	cluster_2	0.7712
12686	Spectrogram 1	1	3171.250000	3171.750000	0	0	12	cluster_12	0.7958
12687	Spectrogram 1	1	3171.500000	3172.000000	0	0	12	cluster_12	0.8512
12688	Spectrogram 1	1	3171.750000	3172.250000	0	0	12	cluster_12	0.8923
12689	Spectrogram 1	1	3172.000000	3172.500000	0	0	12	cluster_12	0.8283
12690	Spectrogram 1	1	3172.250000	3172.750000	0	0	noise	cluster_noise	0.0000
12691	Spectrogram 1	1	3172.500000	3173.000000	0	0	2	cluster_2	0.3554
12692	Spectrogram 1	1	3172.750000	3173.250000	0	0	2	cluster_2	0.7513
12693	Spectrogram 1	1	3173.000000	3173.500000	0	0	12	cluster_12	0.9161
12694	Spectrogram 1	1	3173.250000	3173.750000	0	0	12	cluster_12	0.9498
12695	Spectrogram 1	1	3173.500000	3174.000000	0	0	12	cluster_12	0.8169
12696	Spectrogram 1	1	3173.750000	3174.250000	0	0	12	cluster_12	0.7496
12697	Spectrogram 1	1	3174.000000	3174.500000	0	0	2	cluster_2	0.8360
12698	Spectrogram 1	1	3174.250000	3174.750000	0	0	2	cluster_2	0.9234
12699	Spectrogram 1	1	3174.500000	3175.000000	0	0	12	cluster_12	0.8840
12700	Spectrogram 1	1	3174.750000	3175.250000	0	0	12	cluster_12	0.8553
12701	Spectrogram 1	1	3175.000000	3175.500000	0	0	12	cluster_12	0.7968
12702	Spectrogram 1	1	3175.250000	3175.750000	0	0	noise	cluster_noise	0.0000
12703	Spectrogram 1	1	3175.500000	3176.000000	0	0	2	cluster_2	0.6731
12704	Spectrogram 1	1	3175.750000	3176.250000	0	0	2	cluster_2	0.7092
12705	Spectrogram 1	1	3176.000000	3176.500000	0	0	12	cluster_12	0.8982
12706	Spectrogram 1	1	3176.250000	3176.750000	0	0	12	cluster_12	0.9294
12707	Spectrogram 1	1	3176.500000	3177.000000	0	0	12	cluster_12	0.9615
12708	Spectrogram 1	1	3176.750000	3177.250000	0	0	noise	cluster_noise	0.0000
12709	Spectrogram 1	1	3177.000000	3177.500000	0	0	12	cluster_12	0.8284
12710	Spectrogram 1	1	3177.250000	3177.750000	0	0	12	cluster_12	0.8275
12711	Spectrogram 1	1	3177.500000	3178.000000	0	0	noise	cluster_noise	0.0000
12712	Spectrogram 1	1	3177.750000	3178.250000	0	0	2	cluster_2	0.7905
12713	Spectrogram 1	1	3178.000000	3178.500000	0	0	2	cluster_2	0.7560
12714	Spectrogram 1	1	3178.250000	3178.750000	0	0	2	cluster_2	0.6732
12715	Spectrogram 1	1	3178.500000	3179.000000	0	0	3	cluster_3	0.6524
12716	Spectrogram 1	1	3178.750000	3179.250000	0	0	3	cluster_3	0.5965
12717	Spectrogram 1	1	3179.000000	3179.500000	0	0	3	cluster_3	1.0000
12718	Spectrogram 1	1	3179.250000	3179.750000	0	0	3	cluster_3	1.0000
12719	Spectrogram 1	1	3179.500000	3180.000000	0	0	3	cluster_3	1.0000
12720	Spectrogram 1	1	3179.750000	3180.250000	0	0	3	cluster_3	1.0000
12721	Spectrogram 1	1	3180.000000	3180.500000	0	0	3	cluster_3	1.0000
12722	Spectrogram 1	1	3180.250000	3180.750000	0	0	3	cluster_3	1.0000
12723	Spectrogram 1	1	3180.500000	3181.000000	0	0	3	cluster_3	1.0000
12724	Spectrogram 1	1	3180.750000	3181.250000	0	0	3	cluster_3	1.0000
12725	Spectrogram 1	1	3181.000000	3181.500000	0	0	3	cluster_3	0.5661
12726	Spectrogram 1	1	3181.250000	3181.750000	0	0	noise	cluster_noise	0.0000
12727	Spectrogram 1	1	3181.500000	3182.000000	0	0	noise	cluster_noise	0.0000
12728	Spectrogram 1	1	3181.750000	3182.250000	0	0	noise	cluster_noise	0.0000
12729	Spectrogram 1	1	3182.000000	3182.500000	0	0	2	cluster_2	0.4273
12730	Spectrogram 1	1	3182.250000	3182.750000	0	0	2	cluster_2	0.6902
12731	Spectrogram 1	1	3182.500000	3183.000000	0	0	2	cluster_2	0.6618
12732	Spectrogram 1	1	3182.750000	3183.250000	0	0	2	cluster_2	0.6343
12733	Spectrogram 1	1	3183.000000	3183.500000	0	0	2	cluster_2	0.6898
12734	Spectrogram 1	1	3183.250000	3183.750000	0	0	2	cluster_2	1.0000
12735	Spectrogram 1	1	3183.500000	3184.000000	0	0	2	cluster_2	0.8632
12736	Spectrogram 1	1	3183.750000	3184.250000	0	0	2	cluster_2	0.7986
12737	Spectrogram 1	1	3184.000000	3184.500000	0	0	noise	cluster_noise	0.0000
12738	Spectrogram 1	1	3184.250000	3184.750000	0	0	noise	cluster_noise	0.0000
12739	Spectrogram 1	1	3184.500000	3185.000000	0	0	12	cluster_12	0.7638
12740	Spectrogram 1	1	3184.750000	3185.250000	0	0	noise	cluster_noise	0.0000
12741	Spectrogram 1	1	3185.000000	3185.500000	0	0	12	cluster_12	0.7384
12742	Spectrogram 1	1	3185.250000	3185.750000	0	0	noise	cluster_noise	0.0000
12743	Spectrogram 1	1	3185.500000	3186.000000	0	0	noise	cluster_noise	0.0000
12744	Spectrogram 1	1	3185.750000	3186.250000	0	0	2	cluster_2	0.6209
12745	Spectrogram 1	1	3186.000000	3186.500000	0	0	2	cluster_2	0.3280
12746	Spectrogram 1	1	3186.250000	3186.750000	0	0	2	cluster_2	0.8495
12747	Spectrogram 1	1	3186.500000	3187.000000	0	0	12	cluster_12	0.7965
12748	Spectrogram 1	1	3186.750000	3187.250000	0	0	noise	cluster_noise	0.0000
12749	Spectrogram 1	1	3187.000000	3187.500000	0	0	12	cluster_12	0.9514
12750	Spectrogram 1	1	3187.250000	3187.750000	0	0	noise	cluster_noise	0.0000
12751	Spectrogram 1	1	3187.500000	3188.000000	0	0	2	cluster_2	0.9677
12752	Spectrogram 1	1	3187.750000	3188.250000	0	0	2	cluster_2	1.0000
12753	Spectrogram 1	1	3188.000000	3188.500000	0	0	2	cluster_2	0.6214
12754	Spectrogram 1	1	3188.250000	3188.750000	0	0	2	cluster_2	0.4454
12755	Spectrogram 1	1	3188.500000	3189.000000	0	0	noise	cluster_noise	0.0000
12756	Spectrogram 1	1	3188.750000	3189.250000	0	0	12	cluster_12	0.9514
12757	Spectrogram 1	1	3189.000000	3189.500000	0	0	noise	cluster_noise	0.0000
12758	Spectrogram 1	1	3189.250000	3189.750000	0	0	2	cluster_2	0.5443
12759	Spectrogram 1	1	3189.500000	3190.000000	0	0	2	cluster_2	0.8209
12760	Spectrogram 1	1	3189.750000	3190.250000	0	0	2	cluster_2	0.7099
12761	Spectrogram 1	1	3190.000000	3190.500000	0	0	12	cluster_12	0.9176
12762	Spectrogram 1	1	3190.250000	3190.750000	0	0	12	cluster_12	0.9384
12763	Spectrogram 1	1	3190.500000	3191.000000	0	0	12	cluster_12	0.7641
12764	Spectrogram 1	1	3190.750000	3191.250000	0	0	2	cluster_2	0.9310
12765	Spectrogram 1	1	3191.000000	3191.500000	0	0	12	cluster_12	0.8656
12766	Spectrogram 1	1	3191.250000	3191.750000	0	0	12	cluster_12	0.9458
12767	Spectrogram 1	1	3191.500000	3192.000000	0	0	12	cluster_12	0.7773
12768	Spectrogram 1	1	3191.750000	3192.250000	0	0	noise	cluster_noise	0.0000
12769	Spectrogram 1	1	3192.000000	3192.500000	0	0	2	cluster_2	0.7626
12770	Spectrogram 1	1	3192.250000	3192.750000	0	0	2	cluster_2	0.6333
12771	Spectrogram 1	1	3192.500000	3193.000000	0	0	2	cluster_2	0.6317
12772	Spectrogram 1	1	3192.750000	3193.250000	0	0	2	cluster_2	0.7946
12773	Spectrogram 1	1	3193.000000	3193.500000	0	0	2	cluster_2	0.7990
12774	Spectrogram 1	1	3193.250000	3193.750000	0	0	2	cluster_2	0.7835
12775	Spectrogram 1	1	3193.500000	3194.000000	0	0	noise	cluster_noise	0.0000
12776	Spectrogram 1	1	3193.750000	3194.250000	0	0	3	cluster_3	0.6410
12777	Spectrogram 1	1	3194.000000	3194.500000	0	0	3	cluster_3	0.7961
12778	Spectrogram 1	1	3194.250000	3194.750000	0	0	3	cluster_3	1.0000
12779	Spectrogram 1	1	3194.500000	3195.000000	0	0	3	cluster_3	1.0000
12780	Spectrogram 1	1	3194.750000	3195.250000	0	0	3	cluster_3	1.0000
12781	Spectrogram 1	1	3195.000000	3195.500000	0	0	3	cluster_3	1.0000
12782	Spectrogram 1	1	3195.250000	3195.750000	0	0	3	cluster_3	1.0000
12783	Spectrogram 1	1	3195.500000	3196.000000	0	0	3	cluster_3	1.0000
12784	Spectrogram 1	1	3195.750000	3196.250000	0	0	3	cluster_3	1.0000
12785	Spectrogram 1	1	3196.000000	3196.500000	0	0	3	cluster_3	0.5509
12786	Spectrogram 1	1	3196.250000	3196.750000	0	0	3	cluster_3	0.5164
12787	Spectrogram 1	1	3196.500000	3197.000000	0	0	noise	cluster_noise	0.0000
12788	Spectrogram 1	1	3196.750000	3197.250000	0	0	noise	cluster_noise	0.0000
12789	Spectrogram 1	1	3197.000000	3197.500000	0	0	2	cluster_2	0.4128
12790	Spectrogram 1	1	3197.250000	3197.750000	0	0	2	cluster_2	0.4989
12791	Spectrogram 1	1	3197.500000	3198.000000	0	0	2	cluster_2	0.4851
12792	Spectrogram 1	1	3197.750000	3198.250000	0	0	2	cluster_2	0.7096
12793	Spectrogram 1	1	3198.000000	3198.500000	0	0	2	cluster_2	0.6595
12794	Spectrogram 1	1	3198.250000	3198.750000	0	0	2	cluster_2	0.9477
12795	Spectrogram 1	1	3198.500000	3199.000000	0	0	2	cluster_2	1.0000
12796	Spectrogram 1	1	3198.750000	3199.250000	0	0	2	cluster_2	0.8865
12797	Spectrogram 1	1	3199.000000	3199.500000	0	0	2	cluster_2	0.8249
12798	Spectrogram 1	1	3199.250000	3199.750000	0	0	noise	cluster_noise	0.0000
12799	Spectrogram 1	1	3199.500000	3200.000000	0	0	noise	cluster_noise	0.0000
12800	Spectrogram 1	1	3199.750000	3200.250000	0	0	2	cluster_2	0.3864
12801	Spectrogram 1	1	3200.000000	3200.500000	0	0	noise	cluster_noise	0.0000
12802	Spectrogram 1	1	3200.250000	3200.750000	0	0	noise	cluster_noise	0.0000
12803	Spectrogram 1	1	3200.500000	3201.000000	0	0	2	cluster_2	0.3705
12804	Spectrogram 1	1	3200.750000	3201.250000	0	0	2	cluster_2	0.6336
12805	Spectrogram 1	1	3201.000000	3201.500000	0	0	2	cluster_2	0.7178
12806	Spectrogram 1	1	3201.250000	3201.750000	0	0	2	cluster_2	0.7521
12807	Spectrogram 1	1	3201.500000	3202.000000	0	0	12	cluster_12	0.7573
12808	Spectrogram 1	1	3201.750000	3202.250000	0	0	12	cluster_12	0.8212
12809	Spectrogram 1	1	3202.000000	3202.500000	0	0	12	cluster_12	0.7314
12810	Spectrogram 1	1	3202.250000	3202.750000	0	0	2	cluster_2	0.7650
12811	Spectrogram 1	1	3202.500000	3203.000000	0	0	2	cluster_2	0.7407
12812	Spectrogram 1	1	3202.750000	3203.250000	0	0	2	cluster_2	0.7851
12813	Spectrogram 1	1	3203.000000	3203.500000	0	0	noise	cluster_noise	0.0000
12814	Spectrogram 1	1	3203.250000	3203.750000	0	0	12	cluster_12	1.0000
12815	Spectrogram 1	1	3203.500000	3204.000000	0	0	12	cluster_12	0.9620
12816	Spectrogram 1	1	3203.750000	3204.250000	0	0	12	cluster_12	0.7330
12817	Spectrogram 1	1	3204.000000	3204.500000	0	0	2	cluster_2	0.8868
12818	Spectrogram 1	1	3204.250000	3204.750000	0	0	2	cluster_2	0.9337
12819	Spectrogram 1	1	3204.500000	3205.000000	0	0	12	cluster_12	0.8386
12820	Spectrogram 1	1	3204.750000	3205.250000	0	0	12	cluster_12	0.8862
12821	Spectrogram 1	1	3205.000000	3205.500000	0	0	12	cluster_12	0.8607
12822	Spectrogram 1	1	3205.250000	3205.750000	0	0	2	cluster_2	0.3282
12823	Spectrogram 1	1	3205.500000	3206.000000	0	0	2	cluster_2	0.7750
12824	Spectrogram 1	1	3205.750000	3206.250000	0	0	12	cluster_12	0.8598
12825	Spectrogram 1	1	3206.000000	3206.500000	0	0	12	cluster_12	0.9362
12826	Spectrogram 1	1	3206.250000	3206.750000	0	0	12	cluster_12	0.8314
12827	Spectrogram 1	1	3206.500000	3207.000000	0	0	noise	cluster_noise	0.0000
12828	Spectrogram 1	1	3206.750000	3207.250000	0	0	2	cluster_2	0.8397
12829	Spectrogram 1	1	3207.000000	3207.500000	0	0	2	cluster_2	0.4998
12830	Spectrogram 1	1	3207.250000	3207.750000	0	0	2	cluster_2	0.6845
12831	Spectrogram 1	1	3207.500000	3208.000000	0	0	2	cluster_2	0.7772
12832	Spectrogram 1	1	3207.750000	3208.250000	0	0	2	cluster_2	0.8727
12833	Spectrogram 1	1	3208.000000	3208.500000	0	0	2	cluster_2	0.4831
12834	Spectrogram 1	1	3208.250000	3208.750000	0	0	noise	cluster_noise	0.0000
12835	Spectrogram 1	1	3208.500000	3209.000000	0	0	3	cluster_3	0.6575
12836	Spectrogram 1	1	3208.750000	3209.250000	0	0	3	cluster_3	1.0000
12837	Spectrogram 1	1	3209.000000	3209.500000	0	0	3	cluster_3	1.0000
12838	Spectrogram 1	1	3209.250000	3209.750000	0	0	3	cluster_3	1.0000
12839	Spectrogram 1	1	3209.500000	3210.000000	0	0	3	cluster_3	1.0000
12840	Spectrogram 1	1	3209.750000	3210.250000	0	0	3	cluster_3	1.0000
12841	Spectrogram 1	1	3210.000000	3210.500000	0	0	3	cluster_3	1.0000
12842	Spectrogram 1	1	3210.250000	3210.750000	0	0	3	cluster_3	1.0000
12843	Spectrogram 1	1	3210.500000	3211.000000	0	0	3	cluster_3	1.0000
12844	Spectrogram 1	1	3210.750000	3211.250000	0	0	3	cluster_3	1.0000
12845	Spectrogram 1	1	3211.000000	3211.500000	0	0	3	cluster_3	0.5552
12846	Spectrogram 1	1	3211.250000	3211.750000	0	0	3	cluster_3	0.5499
12847	Spectrogram 1	1	3211.500000	3212.000000	0	0	noise	cluster_noise	0.0000
12848	Spectrogram 1	1	3211.750000	3212.250000	0	0	noise	cluster_noise	0.0000
12849	Spectrogram 1	1	3212.000000	3212.500000	0	0	noise	cluster_noise	0.0000
12850	Spectrogram 1	1	3212.250000	3212.750000	0	0	noise	cluster_noise	0.0000
12851	Spectrogram 1	1	3212.500000	3213.000000	0	0	2	cluster_2	0.4557
12852	Spectrogram 1	1	3212.750000	3213.250000	0	0	2	cluster_2	0.4001
12853	Spectrogram 1	1	3213.000000	3213.500000	0	0	2	cluster_2	0.8769
12854	Spectrogram 1	1	3213.250000	3213.750000	0	0	2	cluster_2	0.8498
12855	Spectrogram 1	1	3213.500000	3214.000000	0	0	2	cluster_2	0.8898
12856	Spectrogram 1	1	3213.750000	3214.250000	0	0	2	cluster_2	0.8724
12857	Spectrogram 1	1	3214.000000	3214.500000	0	0	2	cluster_2	0.9343
12858	Spectrogram 1	1	3214.250000	3214.750000	0	0	noise	cluster_noise	0.0000
12859	Spectrogram 1	1	3214.500000	3215.000000	0	0	noise	cluster_noise	0.0000
12860	Spectrogram 1	1	3214.750000	3215.250000	0	0	12	cluster_12	0.7640
12861	Spectrogram 1	1	3215.000000	3215.500000	0	0	12	cluster_12	0.8297
12862	Spectrogram 1	1	3215.250000	3215.750000	0	0	12	cluster_12	0.8422
12863	Spectrogram 1	1	3215.500000	3216.000000	0	0	2	cluster_2	0.6492
12864	Spectrogram 1	1	3215.750000	3216.250000	0	0	2	cluster_2	0.4042
12865	Spectrogram 1	1	3216.000000	3216.500000	0	0	2	cluster_2	0.3741
12866	Spectrogram 1	1	3216.250000	3216.750000	0	0	noise	cluster_noise	0.0000
12867	Spectrogram 1	1	3216.500000	3217.000000	0	0	12	cluster_12	0.8434
12868	Spectrogram 1	1	3216.750000	3217.250000	0	0	12	cluster_12	1.0000
12869	Spectrogram 1	1	3217.000000	3217.500000	0	0	12	cluster_12	1.0000
12870	Spectrogram 1	1	3217.250000	3217.750000	0	0	noise	cluster_noise	0.0000
12871	Spectrogram 1	1	3217.500000	3218.000000	0	0	2	cluster_2	0.7312
12872	Spectrogram 1	1	3217.750000	3218.250000	0	0	2	cluster_2	0.6679
12873	Spectrogram 1	1	3218.000000	3218.500000	0	0	2	cluster_2	0.5429
12874	Spectrogram 1	1	3218.250000	3218.750000	0	0	12	cluster_12	0.8701
12875	Spectrogram 1	1	3218.500000	3219.000000	0	0	12	cluster_12	0.8696
12876	Spectrogram 1	1	3218.750000	3219.250000	0	0	12	cluster_12	0.8836
12877	Spectrogram 1	1	3219.000000	3219.500000	0	0	noise	cluster_noise	0.0000
12878	Spectrogram 1	1	3219.250000	3219.750000	0	0	2	cluster_2	0.8771
12879	Spectrogram 1	1	3219.500000	3220.000000	0	0	2	cluster_2	0.7766
12880	Spectrogram 1	1	3219.750000	3220.250000	0	0	2	cluster_2	0.7918
12881	Spectrogram 1	1	3220.000000	3220.500000	0	0	12	cluster_12	0.8868
12882	Spectrogram 1	1	3220.250000	3220.750000	0	0	12	cluster_12	0.8892
12883	Spectrogram 1	1	3220.500000	3221.000000	0	0	12	cluster_12	0.8396
12884	Spectrogram 1	1	3220.750000	3221.250000	0	0	noise	cluster_noise	0.0000
12885	Spectrogram 1	1	3221.000000	3221.500000	0	0	noise	cluster_noise	0.0000
12886	Spectrogram 1	1	3221.250000	3221.750000	0	0	noise	cluster_noise	0.0000
12887	Spectrogram 1	1	3221.500000	3222.000000	0	0	2	cluster_2	0.8987
12888	Spectrogram 1	1	3221.750000	3222.250000	0	0	2	cluster_2	1.0000
12889	Spectrogram 1	1	3222.000000	3222.500000	0	0	2	cluster_2	0.7763
12890	Spectrogram 1	1	3222.250000	3222.750000	0	0	2	cluster_2	0.7575
12891	Spectrogram 1	1	3222.500000	3223.000000	0	0	2	cluster_2	0.3766
12892	Spectrogram 1	1	3222.750000	3223.250000	0	0	3	cluster_3	0.6513
12893	Spectrogram 1	1	3223.000000	3223.500000	0	0	3	cluster_3	0.7718
12894	Spectrogram 1	1	3223.250000	3223.750000	0	0	3	cluster_3	1.0000
12895	Spectrogram 1	1	3223.500000	3224.000000	0	0	3	cluster_3	1.0000
12896	Spectrogram 1	1	3223.750000	3224.250000	0	0	3	cluster_3	1.0000
12897	Spectrogram 1	1	3224.000000	3224.500000	0	0	3	cluster_3	1.0000
12898	Spectrogram 1	1	3224.250000	3224.750000	0	0	3	cluster_3	1.0000
12899	Spectrogram 1	1	3224.500000	3225.000000	0	0	3	cluster_3	1.0000
12900	Spectrogram 1	1	3224.750000	3225.250000	0	0	3	cluster_3	0.9491
12901	Spectrogram 1	1	3225.000000	3225.500000	0	0	3	cluster_3	0.7512
12902	Spectrogram 1	1	3225.250000	3225.750000	0	0	3	cluster_3	0.5220
12903	Spectrogram 1	1	3225.500000	3226.000000	0	0	3	cluster_3	0.5605
12904	Spectrogram 1	1	3225.750000	3226.250000	0	0	2	cluster_2	0.3777
12905	Spectrogram 1	1	3226.000000	3226.500000	0	0	2	cluster_2	0.4278
12906	Spectrogram 1	1	3226.250000	3226.750000	0	0	2	cluster_2	0.4866
12907	Spectrogram 1	1	3226.500000	3227.000000	0	0	2	cluster_2	0.5189
12908	Spectrogram 1	1	3226.750000	3227.250000	0	0	2	cluster_2	0.7152
12909	Spectrogram 1	1	3227.000000	3227.500000	0	0	2	cluster_2	0.3911
12910	Spectrogram 1	1	3227.250000	3227.750000	0	0	noise	cluster_noise	0.0000
12911	Spectrogram 1	1	3227.500000	3228.000000	0	0	noise	cluster_noise	0.0000
12912	Spectrogram 1	1	3227.750000	3228.250000	0	0	2	cluster_2	0.7500
12913	Spectrogram 1	1	3228.000000	3228.500000	0	0	2	cluster_2	0.7903
12914	Spectrogram 1	1	3228.250000	3228.750000	0	0	noise	cluster_noise	0.0000
12915	Spectrogram 1	1	3228.500000	3229.000000	0	0	noise	cluster_noise	0.0000
12916	Spectrogram 1	1	3228.750000	3229.250000	0	0	noise	cluster_noise	0.0000
12917	Spectrogram 1	1	3229.000000	3229.500000	0	0	2	cluster_2	0.3785
12918	Spectrogram 1	1	3229.250000	3229.750000	0	0	noise	cluster_noise	0.0000
12919	Spectrogram 1	1	3229.500000	3230.000000	0	0	noise	cluster_noise	0.0000
12920	Spectrogram 1	1	3229.750000	3230.250000	0	0	2	cluster_2	0.8045
12921	Spectrogram 1	1	3230.000000	3230.500000	0	0	2	cluster_2	0.7320
12922	Spectrogram 1	1	3230.250000	3230.750000	0	0	2	cluster_2	0.7938
12923	Spectrogram 1	1	3230.500000	3231.000000	0	0	12	cluster_12	0.8694
12924	Spectrogram 1	1	3230.750000	3231.250000	0	0	12	cluster_12	0.9339
12925	Spectrogram 1	1	3231.000000	3231.500000	0	0	12	cluster_12	0.8595
12926	Spectrogram 1	1	3231.250000	3231.750000	0	0	noise	cluster_noise	0.0000
12927	Spectrogram 1	1	3231.500000	3232.000000	0	0	2	cluster_2	0.7594
12928	Spectrogram 1	1	3231.750000	3232.250000	0	0	noise	cluster_noise	0.0000
12929	Spectrogram 1	1	3232.000000	3232.500000	0	0	12	cluster_12	0.8842
12930	Spectrogram 1	1	3232.250000	3232.750000	0	0	12	cluster_12	0.8542
12931	Spectrogram 1	1	3232.500000	3233.000000	0	0	12	cluster_12	0.8660
12932	Spectrogram 1	1	3232.750000	3233.250000	0	0	noise	cluster_noise	0.0000
12933	Spectrogram 1	1	3233.000000	3233.500000	0	0	2	cluster_2	0.5672
12934	Spectrogram 1	1	3233.250000	3233.750000	0	0	2	cluster_2	0.5536
12935	Spectrogram 1	1	3233.500000	3234.000000	0	0	12	cluster_12	0.8270
12936	Spectrogram 1	1	3233.750000	3234.250000	0	0	12	cluster_12	0.8004
12937	Spectrogram 1	1	3234.000000	3234.500000	0	0	12	cluster_12	0.8859
12938	Spectrogram 1	1	3234.250000	3234.750000	0	0	noise	cluster_noise	0.0000
12939	Spectrogram 1	1	3234.500000	3235.000000	0	0	2	cluster_2	0.8644
12940	Spectrogram 1	1	3234.750000	3235.250000	0	0	12	cluster_12	1.0000
12941	Spectrogram 1	1	3235.000000	3235.500000	0	0	12	cluster_12	0.8243
12942	Spectrogram 1	1	3235.250000	3235.750000	0	0	12	cluster_12	0.7832
12943	Spectrogram 1	1	3235.500000	3236.000000	0	0	2	cluster_2	0.6203
12944	Spectrogram 1	1	3235.750000	3236.250000	0	0	2	cluster_2	0.7229
12945	Spectrogram 1	1	3236.000000	3236.500000	0	0	2	cluster_2	0.7868
12946	Spectrogram 1	1	3236.250000	3236.750000	0	0	2	cluster_2	1.0000
12947	Spectrogram 1	1	3236.500000	3237.000000	0	0	2	cluster_2	0.6857
12948	Spectrogram 1	1	3236.750000	3237.250000	0	0	2	cluster_2	0.7972
12949	Spectrogram 1	1	3237.000000	3237.500000	0	0	2	cluster_2	0.3397
12950	Spectrogram 1	1	3237.250000	3237.750000	0	0	noise	cluster_noise	0.0000
12951	Spectrogram 1	1	3237.500000	3238.000000	0	0	3	cluster_3	0.7580
12952	Spectrogram 1	1	3237.750000	3238.250000	0	0	3	cluster_3	0.9004
12953	Spectrogram 1	1	3238.000000	3238.500000	0	0	3	cluster_3	1.0000
12954	Spectrogram 1	1	3238.250000	3238.750000	0	0	3	cluster_3	1.0000
12955	Spectrogram 1	1	3238.500000	3239.000000	0	0	3	cluster_3	1.0000
12956	Spectrogram 1	1	3238.750000	3239.250000	0	0	3	cluster_3	1.0000
12957	Spectrogram 1	1	3239.000000	3239.500000	0	0	3	cluster_3	1.0000
12958	Spectrogram 1	1	3239.250000	3239.750000	0	0	3	cluster_3	1.0000
12959	Spectrogram 1	1	3239.500000	3240.000000	0	0	3	cluster_3	1.0000
12960	Spectrogram 1	1	3239.750000	3240.250000	0	0	3	cluster_3	1.0000
12961	Spectrogram 1	1	3240.000000	3240.500000	0	0	noise	cluster_noise	0.0000
12962	Spectrogram 1	1	3240.250000	3240.750000	0	0	noise	cluster_noise	0.0000
12963	Spectrogram 1	1	3240.500000	3241.000000	0	0	noise	cluster_noise	0.0000
12964	Spectrogram 1	1	3240.750000	3241.250000	0	0	noise	cluster_noise	0.0000
12965	Spectrogram 1	1	3241.000000	3241.500000	0	0	2	cluster_2	0.4809
12966	Spectrogram 1	1	3241.250000	3241.750000	0	0	2	cluster_2	0.4934
12967	Spectrogram 1	1	3241.500000	3242.000000	0	0	2	cluster_2	0.4931
12968	Spectrogram 1	1	3241.750000	3242.250000	0	0	2	cluster_2	0.3628
12969	Spectrogram 1	1	3242.000000	3242.500000	0	0	2	cluster_2	0.8335
12970	Spectrogram 1	1	3242.250000	3242.750000	0	0	2	cluster_2	0.8435
12971	Spectrogram 1	1	3242.500000	3243.000000	0	0	2	cluster_2	0.7614
12972	Spectrogram 1	1	3242.750000	3243.250000	0	0	2	cluster_2	0.9931
12973	Spectrogram 1	1	3243.000000	3243.500000	0	0	2	cluster_2	0.7366
12974	Spectrogram 1	1	3243.250000	3243.750000	0	0	noise	cluster_noise	0.0000
12975	Spectrogram 1	1	3243.500000	3244.000000	0	0	noise	cluster_noise	0.0000
12976	Spectrogram 1	1	3243.750000	3244.250000	0	0	noise	cluster_noise	0.0000
12977	Spectrogram 1	1	3244.000000	3244.500000	0	0	noise	cluster_noise	0.0000
12978	Spectrogram 1	1	3244.250000	3244.750000	0	0	noise	cluster_noise	0.0000
12979	Spectrogram 1	1	3244.500000	3245.000000	0	0	2	cluster_2	0.5911
12980	Spectrogram 1	1	3244.750000	3245.250000	0	0	2	cluster_2	0.6557
12981	Spectrogram 1	1	3245.000000	3245.500000	0	0	2	cluster_2	0.6696
12982	Spectrogram 1	1	3245.250000	3245.750000	0	0	2	cluster_2	0.7089
12983	Spectrogram 1	1	3245.500000	3246.000000	0	0	12	cluster_12	0.8646
12984	Spectrogram 1	1	3245.750000	3246.250000	0	0	12	cluster_12	0.8671
12985	Spectrogram 1	1	3246.000000	3246.500000	0	0	12	cluster_12	1.0000
12986	Spectrogram 1	1	3246.250000	3246.750000	0	0	12	cluster_12	0.9291
12987	Spectrogram 1	1	3246.500000	3247.000000	0	0	2	cluster_2	0.4990
12988	Spectrogram 1	1	3246.750000	3247.250000	0	0	2	cluster_2	0.4625
12989	Spectrogram 1	1	3247.000000	3247.500000	0	0	2	cluster_2	0.5490
12990	Spectrogram 1	1	3247.250000	3247.750000	0	0	2	cluster_2	1.0000
12991	Spectrogram 1	1	3247.500000	3248.000000	0	0	12	cluster_12	0.8921
12992	Spectrogram 1	1	3247.750000	3248.250000	0	0	12	cluster_12	1.0000
12993	Spectrogram 1	1	3248.000000	3248.500000	0	0	12	cluster_12	0.9919
12994	Spectrogram 1	1	3248.250000	3248.750000	0	0	noise	cluster_noise	0.0000
12995	Spectrogram 1	1	3248.500000	3249.000000	0	0	2	cluster_2	0.4747
12996	Spectrogram 1	1	3248.750000	3249.250000	0	0	2	cluster_2	0.6304
12997	Spectrogram 1	1	3249.000000	3249.500000	0	0	2	cluster_2	0.5692
12998	Spectrogram 1	1	3249.250000	3249.750000	0	0	12	cluster_12	0.8184
12999	Spectrogram 1	1	3249.500000	3250.000000	0	0	12	cluster_12	0.8732
13000	Spectrogram 1	1	3249.750000	3250.250000	0	0	noise	cluster_noise	0.0000
13001	Spectrogram 1	1	3250.000000	3250.500000	0	0	2	cluster_2	0.9673
13002	Spectrogram 1	1	3250.250000	3250.750000	0	0	12	cluster_12	0.8634
13003	Spectrogram 1	1	3250.500000	3251.000000	0	0	12	cluster_12	0.8793
13004	Spectrogram 1	1	3250.750000	3251.250000	0	0	12	cluster_12	0.8894
13005	Spectrogram 1	1	3251.000000	3251.500000	0	0	noise	cluster_noise	0.0000
13006	Spectrogram 1	1	3251.250000	3251.750000	0	0	6	cluster_6	1.0000
13007	Spectrogram 1	1	3251.500000	3252.000000	0	0	6	cluster_6	1.0000
13008	Spectrogram 1	1	3251.750000	3252.250000	0	0	noise	cluster_noise	0.0000
13009	Spectrogram 1	1	3252.000000	3252.500000	0	0	2	cluster_2	0.7999
13010	Spectrogram 1	1	3252.250000	3252.750000	0	0	2	cluster_2	0.7960
13011	Spectrogram 1	1	3252.500000	3253.000000	0	0	2	cluster_2	0.7144
13012	Spectrogram 1	1	3252.750000	3253.250000	0	0	2	cluster_2	0.3796
13013	Spectrogram 1	1	3253.000000	3253.500000	0	0	noise	cluster_noise	0.0000
13014	Spectrogram 1	1	3253.250000	3253.750000	0	0	3	cluster_3	0.8924
13015	Spectrogram 1	1	3253.500000	3254.000000	0	0	3	cluster_3	1.0000
13016	Spectrogram 1	1	3253.750000	3254.250000	0	0	3	cluster_3	1.0000
13017	Spectrogram 1	1	3254.000000	3254.500000	0	0	3	cluster_3	1.0000
13018	Spectrogram 1	1	3254.250000	3254.750000	0	0	3	cluster_3	1.0000
13019	Spectrogram 1	1	3254.500000	3255.000000	0	0	3	cluster_3	1.0000
13020	Spectrogram 1	1	3254.750000	3255.250000	0	0	3	cluster_3	1.0000
13021	Spectrogram 1	1	3255.000000	3255.500000	0	0	3	cluster_3	1.0000
13022	Spectrogram 1	1	3255.250000	3255.750000	0	0	3	cluster_3	0.5216
13023	Spectrogram 1	1	3255.500000	3256.000000	0	0	noise	cluster_noise	0.0000
13024	Spectrogram 1	1	3255.750000	3256.250000	0	0	noise	cluster_noise	0.0000
13025	Spectrogram 1	1	3256.000000	3256.500000	0	0	noise	cluster_noise	0.0000
13026	Spectrogram 1	1	3256.250000	3256.750000	0	0	2	cluster_2	0.3428
13027	Spectrogram 1	1	3256.500000	3257.000000	0	0	2	cluster_2	0.9451
13028	Spectrogram 1	1	3256.750000	3257.250000	0	0	2	cluster_2	0.3340
13029	Spectrogram 1	1	3257.000000	3257.500000	0	0	2	cluster_2	0.3294
13030	Spectrogram 1	1	3257.250000	3257.750000	0	0	2	cluster_2	0.5281
13031	Spectrogram 1	1	3257.500000	3258.000000	0	0	2	cluster_2	0.5863
13032	Spectrogram 1	1	3257.750000	3258.250000	0	0	2	cluster_2	0.5572
13033	Spectrogram 1	1	3258.000000	3258.500000	0	0	2	cluster_2	0.9547
13034	Spectrogram 1	1	3258.250000	3258.750000	0	0	noise	cluster_noise	0.0000
13035	Spectrogram 1	1	3258.500000	3259.000000	0	0	noise	cluster_noise	0.0000
13036	Spectrogram 1	1	3258.750000	3259.250000	0	0	noise	cluster_noise	0.0000
13037	Spectrogram 1	1	3259.000000	3259.500000	0	0	noise	cluster_noise	0.0000
13038	Spectrogram 1	1	3259.250000	3259.750000	0	0	noise	cluster_noise	0.0000
13039	Spectrogram 1	1	3259.500000	3260.000000	0	0	noise	cluster_noise	0.0000
13040	Spectrogram 1	1	3259.750000	3260.250000	0	0	2	cluster_2	0.8067
13041	Spectrogram 1	1	3260.000000	3260.500000	0	0	2	cluster_2	0.8299
13042	Spectrogram 1	1	3260.250000	3260.750000	0	0	2	cluster_2	0.6716
13043	Spectrogram 1	1	3260.500000	3261.000000	0	0	2	cluster_2	1.0000
13044	Spectrogram 1	1	3260.750000	3261.250000	0	0	12	cluster_12	0.8685
13045	Spectrogram 1	1	3261.000000	3261.500000	0	0	12	cluster_12	0.8842
13046	Spectrogram 1	1	3261.250000	3261.750000	0	0	12	cluster_12	0.8095
13047	Spectrogram 1	1	3261.500000	3262.000000	0	0	2	cluster_2	0.8753
13048	Spectrogram 1	1	3261.750000	3262.250000	0	0	2	cluster_2	0.6779
13049	Spectrogram 1	1	3262.000000	3262.500000	0	0	2	cluster_2	0.7096
13050	Spectrogram 1	1	3262.250000	3262.750000	0	0	2	cluster_2	0.5269
13051	Spectrogram 1	1	3262.500000	3263.000000	0	0	6	cluster_6	0.6576
13052	Spectrogram 1	1	3262.750000	3263.250000	0	0	noise	cluster_noise	0.0000
13053	Spectrogram 1	1	3263.000000	3263.500000	0	0	12	cluster_12	0.9641
13054	Spectrogram 1	1	3263.250000	3263.750000	0	0	12	cluster_12	0.8865
13055	Spectrogram 1	1	3263.500000	3264.000000	0	0	2	cluster_2	0.7012
13056	Spectrogram 1	1	3263.750000	3264.250000	0	0	2	cluster_2	0.6776
13057	Spectrogram 1	1	3264.000000	3264.500000	0	0	2	cluster_2	0.7123
13058	Spectrogram 1	1	3264.250000	3264.750000	0	0	2	cluster_2	0.8201
13059	Spectrogram 1	1	3264.500000	3265.000000	0	0	12	cluster_12	0.8969
13060	Spectrogram 1	1	3264.750000	3265.250000	0	0	12	cluster_12	0.9244
13061	Spectrogram 1	1	3265.000000	3265.500000	0	0	12	cluster_12	0.7876
13062	Spectrogram 1	1	3265.250000	3265.750000	0	0	2	cluster_2	0.8381
13063	Spectrogram 1	1	3265.500000	3266.000000	0	0	noise	cluster_noise	0.0000
13064	Spectrogram 1	1	3265.750000	3266.250000	0	0	2	cluster_2	0.4176
13065	Spectrogram 1	1	3266.000000	3266.500000	0	0	2	cluster_2	0.4261
13066	Spectrogram 1	1	3266.250000	3266.750000	0	0	2	cluster_2	0.5035
13067	Spectrogram 1	1	3266.500000	3267.000000	0	0	2	cluster_2	0.6370
13068	Spectrogram 1	1	3266.750000	3267.250000	0	0	2	cluster_2	0.8710
13069	Spectrogram 1	1	3267.000000	3267.500000	0	0	noise	cluster_noise	0.0000
13070	Spectrogram 1	1	3267.250000	3267.750000	0	0	noise	cluster_noise	0.0000
13071	Spectrogram 1	1	3267.500000	3268.000000	0	0	3	cluster_3	1.0000
13072	Spectrogram 1	1	3267.750000	3268.250000	0	0	3	cluster_3	1.0000
13073	Spectrogram 1	1	3268.000000	3268.500000	0	0	3	cluster_3	1.0000
13074	Spectrogram 1	1	3268.250000	3268.750000	0	0	3	cluster_3	1.0000
13075	Spectrogram 1	1	3268.500000	3269.000000	0	0	3	cluster_3	1.0000
13076	Spectrogram 1	1	3268.750000	3269.250000	0	0	3	cluster_3	1.0000
13077	Spectrogram 1	1	3269.000000	3269.500000	0	0	3	cluster_3	1.0000
13078	Spectrogram 1	1	3269.250000	3269.750000	0	0	3	cluster_3	1.0000
13079	Spectrogram 1	1	3269.500000	3270.000000	0	0	3	cluster_3	0.5656
13080	Spectrogram 1	1	3269.750000	3270.250000	0	0	3	cluster_3	0.5541
13081	Spectrogram 1	1	3270.000000	3270.500000	0	0	noise	cluster_noise	0.0000
13082	Spectrogram 1	1	3270.250000	3270.750000	0	0	noise	cluster_noise	0.0000
13083	Spectrogram 1	1	3270.500000	3271.000000	0	0	2	cluster_2	0.3446
13084	Spectrogram 1	1	3270.750000	3271.250000	0	0	2	cluster_2	0.5007
13085	Spectrogram 1	1	3271.000000	3271.500000	0	0	2	cluster_2	0.3507
13086	Spectrogram 1	1	3271.250000	3271.750000	0	0	2	cluster_2	0.3357
13087	Spectrogram 1	1	3271.500000	3272.000000	0	0	2	cluster_2	1.0000
13088	Spectrogram 1	1	3271.750000	3272.250000	0	0	2	cluster_2	0.5460
13089	Spectrogram 1	1	3272.000000	3272.500000	0	0	2	cluster_2	0.6928
13090	Spectrogram 1	1	3272.250000	3272.750000	0	0	2	cluster_2	0.5452
13091	Spectrogram 1	1	3272.500000	3273.000000	0	0	2	cluster_2	0.3597
13092	Spectrogram 1	1	3272.750000	3273.250000	0	0	noise	cluster_noise	0.0000
13093	Spectrogram 1	1	3273.000000	3273.500000	0	0	12	cluster_12	0.9371
13094	Spectrogram 1	1	3273.250000	3273.750000	0	0	12	cluster_12	0.8802
13095	Spectrogram 1	1	3273.500000	3274.000000	0	0	12	cluster_12	0.8142
13096	Spectrogram 1	1	3273.750000	3274.250000	0	0	noise	cluster_noise	0.0000
13097	Spectrogram 1	1	3274.000000	3274.500000	0	0	noise	cluster_noise	0.0000
13098	Spectrogram 1	1	3274.250000	3274.750000	0	0	2	cluster_2	0.6650
13099	Spectrogram 1	1	3274.500000	3275.000000	0	0	noise	cluster_noise	0.0000
13100	Spectrogram 1	1	3274.750000	3275.250000	0	0	2	cluster_2	0.8221
13101	Spectrogram 1	1	3275.000000	3275.500000	0	0	2	cluster_2	0.9225
13102	Spectrogram 1	1	3275.250000	3275.750000	0	0	2	cluster_2	0.7059
13103	Spectrogram 1	1	3275.500000	3276.000000	0	0	2	cluster_2	0.6846
13104	Spectrogram 1	1	3275.750000	3276.250000	0	0	2	cluster_2	0.8068
13105	Spectrogram 1	1	3276.000000	3276.500000	0	0	2	cluster_2	0.8376
13106	Spectrogram 1	1	3276.250000	3276.750000	0	0	noise	cluster_noise	0.0000
13107	Spectrogram 1	1	3276.500000	3277.000000	0	0	noise	cluster_noise	0.0000
13108	Spectrogram 1	1	3276.750000	3277.250000	0	0	4	cluster_4	1.0000
13109	Spectrogram 1	1	3277.000000	3277.500000	0	0	4	cluster_4	1.0000
13110	Spectrogram 1	1	3277.250000	3277.750000	0	0	4	cluster_4	0.9214
13111	Spectrogram 1	1	3277.500000	3278.000000	0	0	4	cluster_4	1.0000
13112	Spectrogram 1	1	3277.750000	3278.250000	0	0	2	cluster_2	0.7471
13113	Spectrogram 1	1	3278.000000	3278.500000	0	0	2	cluster_2	0.7579
13114	Spectrogram 1	1	3278.250000	3278.750000	0	0	noise	cluster_noise	0.0000
13115	Spectrogram 1	1	3278.500000	3279.000000	0	0	2	cluster_2	0.8094
13116	Spectrogram 1	1	3278.750000	3279.250000	0	0	2	cluster_2	0.6731
13117	Spectrogram 1	1	3279.000000	3279.500000	0	0	6	cluster_6	1.0000
13118	Spectrogram 1	1	3279.250000	3279.750000	0	0	11	cluster_11	1.0000
13119	Spectrogram 1	1	3279.500000	3280.000000	0	0	11	cluster_11	1.0000
13120	Spectrogram 1	1	3279.750000	3280.250000	0	0	2	cluster_2	0.9586
13121	Spectrogram 1	1	3280.000000	3280.500000	0	0	12	cluster_12	0.9104
13122	Spectrogram 1	1	3280.250000	3280.750000	0	0	12	cluster_12	0.7773
13123	Spectrogram 1	1	3280.500000	3281.000000	0	0	noise	cluster_noise	0.0000
13124	Spectrogram 1	1	3280.750000	3281.250000	0	0	2	cluster_2	0.8278
13125	Spectrogram 1	1	3281.000000	3281.500000	0	0	12	cluster_12	0.8983
13126	Spectrogram 1	1	3281.250000	3281.750000	0	0	11	cluster_11	1.0000
13127	Spectrogram 1	1	3281.500000	3282.000000	0	0	11	cluster_11	1.0000
13128	Spectrogram 1	1	3281.750000	3282.250000	0	0	noise	cluster_noise	0.0000
13129	Spectrogram 1	1	3282.000000	3282.500000	0	0	noise	cluster_noise	0.0000
13130	Spectrogram 1	1	3282.250000	3282.750000	0	0	12	cluster_12	0.8402
13131	Spectrogram 1	1	3282.500000	3283.000000	0	0	12	cluster_12	0.8032
13132	Spectrogram 1	1	3282.750000	3283.250000	0	0	2	cluster_2	0.6722
13133	Spectrogram 1	1	3283.000000	3283.500000	0	0	12	cluster_12	0.9082
13134	Spectrogram 1	1	3283.250000	3283.750000	0	0	11	cluster_11	1.0000
13135	Spectrogram 1	1	3283.500000	3284.000000	0	0	11	cluster_11	1.0000
13136	Spectrogram 1	1	3283.750000	3284.250000	0	0	2	cluster_2	0.8934
13137	Spectrogram 1	1	3284.000000	3284.500000	0	0	12	cluster_12	0.9241
13138	Spectrogram 1	1	3284.250000	3284.750000	0	0	12	cluster_12	0.8286
13139	Spectrogram 1	1	3284.500000	3285.000000	0	0	2	cluster_2	0.8608
13140	Spectrogram 1	1	3284.750000	3285.250000	0	0	2	cluster_2	0.9348
13141	Spectrogram 1	1	3285.000000	3285.500000	0	0	11	cluster_11	0.7982
13142	Spectrogram 1	1	3285.250000	3285.750000	0	0	11	cluster_11	1.0000
13143	Spectrogram 1	1	3285.500000	3286.000000	0	0	noise	cluster_noise	0.0000
13144	Spectrogram 1	1	3285.750000	3286.250000	0	0	noise	cluster_noise	0.0000
13145	Spectrogram 1	1	3286.000000	3286.500000	0	0	noise	cluster_noise	0.0000
13146	Spectrogram 1	1	3286.250000	3286.750000	0	0	noise	cluster_noise	0.0000
13147	Spectrogram 1	1	3286.500000	3287.000000	0	0	2	cluster_2	0.5943
13148	Spectrogram 1	1	3286.750000	3287.250000	0	0	2	cluster_2	0.8761
13149	Spectrogram 1	1	3287.000000	3287.500000	0	0	12	cluster_12	0.9458
13150	Spectrogram 1	1	3287.250000	3287.750000	0	0	11	cluster_11	1.0000
13151	Spectrogram 1	1	3287.500000	3288.000000	0	0	11	cluster_11	1.0000
13152	Spectrogram 1	1	3287.750000	3288.250000	0	0	2	cluster_2	0.6445
13153	Spectrogram 1	1	3288.000000	3288.500000	0	0	12	cluster_12	0.8996
13154	Spectrogram 1	1	3288.250000	3288.750000	0	0	12	cluster_12	0.8740
13155	Spectrogram 1	1	3288.500000	3289.000000	0	0	noise	cluster_noise	0.0000
13156	Spectrogram 1	1	3288.750000	3289.250000	0	0	2	cluster_2	0.8142
13157	Spectrogram 1	1	3289.000000	3289.500000	0	0	2	cluster_2	0.7888
13158	Spectrogram 1	1	3289.250000	3289.750000	0	0	2	cluster_2	0.8707
13159	Spectrogram 1	1	3289.500000	3290.000000	0	0	noise	cluster_noise	0.0000
13160	Spectrogram 1	1	3289.750000	3290.250000	0	0	4	cluster_4	1.0000
13161	Spectrogram 1	1	3290.000000	3290.500000	0	0	4	cluster_4	1.0000
13162	Spectrogram 1	1	3290.250000	3290.750000	0	0	4	cluster_4	1.0000
13163	Spectrogram 1	1	3290.500000	3291.000000	0	0	4	cluster_4	1.0000
13164	Spectrogram 1	1	3290.750000	3291.250000	0	0	4	cluster_4	1.0000
13165	Spectrogram 1	1	3291.000000	3291.500000	0	0	2	cluster_2	0.6671
13166	Spectrogram 1	1	3291.250000	3291.750000	0	0	2	cluster_2	0.8320
13167	Spectrogram 1	1	3291.500000	3292.000000	0	0	2	cluster_2	0.9396
13168	Spectrogram 1	1	3291.750000	3292.250000	0	0	2	cluster_2	0.9717
13169	Spectrogram 1	1	3292.000000	3292.500000	0	0	2	cluster_2	0.7015
13170	Spectrogram 1	1	3292.250000	3292.750000	0	0	2	cluster_2	0.7363
13171	Spectrogram 1	1	3292.500000	3293.000000	0	0	2	cluster_2	0.8457
13172	Spectrogram 1	1	3292.750000	3293.250000	0	0	2	cluster_2	0.7452
13173	Spectrogram 1	1	3293.000000	3293.500000	0	0	2	cluster_2	0.9199
13174	Spectrogram 1	1	3293.250000	3293.750000	0	0	noise	cluster_noise	0.0000
13175	Spectrogram 1	1	3293.500000	3294.000000	0	0	4	cluster_4	1.0000
13176	Spectrogram 1	1	3293.750000	3294.250000	0	0	4	cluster_4	1.0000
13177	Spectrogram 1	1	3294.000000	3294.500000	0	0	4	cluster_4	1.0000
13178	Spectrogram 1	1	3294.250000	3294.750000	0	0	4	cluster_4	1.0000
13179	Spectrogram 1	1	3294.500000	3295.000000	0	0	4	cluster_4	1.0000
13180	Spectrogram 1	1	3294.750000	3295.250000	0	0	2	cluster_2	0.7774
13181	Spectrogram 1	1	3295.000000	3295.500000	0	0	2	cluster_2	0.9386
13182	Spectrogram 1	1	3295.250000	3295.750000	0	0	2	cluster_2	0.7886
13183	Spectrogram 1	1	3295.500000	3296.000000	0	0	2	cluster_2	0.7394
13184	Spectrogram 1	1	3295.750000	3296.250000	0	0	2	cluster_2	0.7388
13185	Spectrogram 1	1	3296.000000	3296.500000	0	0	noise	cluster_noise	0.0000
13186	Spectrogram 1	1	3296.250000	3296.750000	0	0	11	cluster_11	1.0000
13187	Spectrogram 1	1	3296.500000	3297.000000	0	0	11	cluster_11	0.8481
13188	Spectrogram 1	1	3296.750000	3297.250000	0	0	6	cluster_6	0.9689
13189	Spectrogram 1	1	3297.000000	3297.500000	0	0	11	cluster_11	0.9849
13190	Spectrogram 1	1	3297.250000	3297.750000	0	0	11	cluster_11	1.0000
13191	Spectrogram 1	1	3297.500000	3298.000000	0	0	noise	cluster_noise	0.0000
13192	Spectrogram 1	1	3297.750000	3298.250000	0	0	2	cluster_2	1.0000
13193	Spectrogram 1	1	3298.000000	3298.500000	0	0	noise	cluster_noise	0.0000
13194	Spectrogram 1	1	3298.250000	3298.750000	0	0	11	cluster_11	1.0000
13195	Spectrogram 1	1	3298.500000	3299.000000	0	0	11	cluster_11	1.0000
13196	Spectrogram 1	1	3298.750000	3299.250000	0	0	2	cluster_2	0.7119
13197	Spectrogram 1	1	3299.000000	3299.500000	0	0	12	cluster_12	0.8114
13198	Spectrogram 1	1	3299.250000	3299.750000	0	0	11	cluster_11	1.0000
13199	Spectrogram 1	1	3299.500000	3300.000000	0	0	noise	cluster_noise	0.0000
13200	Spectrogram 1	1	3299.750000	3300.250000	0	0	2	cluster_2	0.8240
13201	Spectrogram 1	1	3300.000000	3300.500000	0	0	noise	cluster_noise	0.0000
13202	Spectrogram 1	1	3300.250000	3300.750000	0	0	noise	cluster_noise	0.0000
13203	Spectrogram 1	1	3300.500000	3301.000000	0	0	11	cluster_11	1.0000
13204	Spectrogram 1	1	3300.750000	3301.250000	0	0	11	cluster_11	1.0000
13205	Spectrogram 1	1	3301.000000	3301.500000	0	0	2	cluster_2	0.9224
13206	Spectrogram 1	1	3301.250000	3301.750000	0	0	11	cluster_11	1.0000
13207	Spectrogram 1	1	3301.500000	3302.000000	0	0	11	cluster_11	1.0000
13208	Spectrogram 1	1	3301.750000	3302.250000	0	0	noise	cluster_noise	0.0000
13209	Spectrogram 1	1	3302.000000	3302.500000	0	0	2	cluster_2	0.8864
13210	Spectrogram 1	1	3302.250000	3302.750000	0	0	11	cluster_11	0.9888
13211	Spectrogram 1	1	3302.500000	3303.000000	0	0	11	cluster_11	1.0000
13212	Spectrogram 1	1	3302.750000	3303.250000	0	0	2	cluster_2	0.9357
13213	Spectrogram 1	1	3303.000000	3303.500000	0	0	noise	cluster_noise	0.0000
13214	Spectrogram 1	1	3303.250000	3303.750000	0	0	noise	cluster_noise	0.0000
13215	Spectrogram 1	1	3303.500000	3304.000000	0	0	2	cluster_2	0.6608
13216	Spectrogram 1	1	3303.750000	3304.250000	0	0	11	cluster_11	1.0000
13217	Spectrogram 1	1	3304.000000	3304.500000	0	0	11	cluster_11	1.0000
13218	Spectrogram 1	1	3304.250000	3304.750000	0	0	2	cluster_2	1.0000
13219	Spectrogram 1	1	3304.500000	3305.000000	0	0	11	cluster_11	1.0000
13220	Spectrogram 1	1	3304.750000	3305.250000	0	0	11	cluster_11	1.0000
13221	Spectrogram 1	1	3305.000000	3305.500000	0	0	2	cluster_2	0.5672
13222	Spectrogram 1	1	3305.250000	3305.750000	0	0	2	cluster_2	0.6428
13223	Spectrogram 1	1	3305.500000	3306.000000	0	0	2	cluster_2	0.9119
13224	Spectrogram 1	1	3305.750000	3306.250000	0	0	2	cluster_2	0.8816
13225	Spectrogram 1	1	3306.000000	3306.500000	0	0	2	cluster_2	0.7592
13226	Spectrogram 1	1	3306.250000	3306.750000	0	0	noise	cluster_noise	0.0000
13227	Spectrogram 1	1	3306.500000	3307.000000	0	0	4	cluster_4	1.0000
13228	Spectrogram 1	1	3306.750000	3307.250000	0	0	4	cluster_4	1.0000
13229	Spectrogram 1	1	3307.000000	3307.500000	0	0	4	cluster_4	1.0000
13230	Spectrogram 1	1	3307.250000	3307.750000	0	0	4	cluster_4	1.0000
13231	Spectrogram 1	1	3307.500000	3308.000000	0	0	2	cluster_2	0.4617
13232	Spectrogram 1	1	3307.750000	3308.250000	0	0	2	cluster_2	0.5623
13233	Spectrogram 1	1	3308.000000	3308.500000	0	0	2	cluster_2	0.8919
13234	Spectrogram 1	1	3308.250000	3308.750000	0	0	2	cluster_2	0.4392
13235	Spectrogram 1	1	3308.500000	3309.000000	0	0	2	cluster_2	0.4314
13236	Spectrogram 1	1	3308.750000	3309.250000	0	0	2	cluster_2	0.9311
13237	Spectrogram 1	1	3309.000000	3309.500000	0	0	2	cluster_2	0.9448
13238	Spectrogram 1	1	3309.250000	3309.750000	0	0	2	cluster_2	0.5340
13239	Spectrogram 1	1	3309.500000	3310.000000	0	0	2	cluster_2	0.5229
13240	Spectrogram 1	1	3309.750000	3310.250000	0	0	2	cluster_2	0.5426
13241	Spectrogram 1	1	3310.000000	3310.500000	0	0	2	cluster_2	0.4843
13242	Spectrogram 1	1	3310.250000	3310.750000	0	0	4	cluster_4	1.0000
13243	Spectrogram 1	1	3310.500000	3311.000000	0	0	4	cluster_4	1.0000
13244	Spectrogram 1	1	3310.750000	3311.250000	0	0	4	cluster_4	1.0000
13245	Spectrogram 1	1	3311.000000	3311.500000	0	0	4	cluster_4	1.0000
13246	Spectrogram 1	1	3311.250000	3311.750000	0	0	noise	cluster_noise	0.0000
13247	Spectrogram 1	1	3311.500000	3312.000000	0	0	2	cluster_2	0.8448
13248	Spectrogram 1	1	3311.750000	3312.250000	0	0	2	cluster_2	0.7664
13249	Spectrogram 1	1	3312.000000	3312.500000	0	0	6	cluster_6	0.7900
13250	Spectrogram 1	1	3312.250000	3312.750000	0	0	6	cluster_6	0.8500
13251	Spectrogram 1	1	3312.500000	3313.000000	0	0	2	cluster_2	0.6087
13252	Spectrogram 1	1	3312.750000	3313.250000	0	0	11	cluster_11	1.0000
13253	Spectrogram 1	1	3313.000000	3313.500000	0	0	11	cluster_11	1.0000
13254	Spectrogram 1	1	3313.250000	3313.750000	0	0	2	cluster_2	1.0000
13255	Spectrogram 1	1	3313.500000	3314.000000	0	0	12	cluster_12	0.8470
13256	Spectrogram 1	1	3313.750000	3314.250000	0	0	12	cluster_12	0.7953
13257	Spectrogram 1	1	3314.000000	3314.500000	0	0	noise	cluster_noise	0.0000
13258	Spectrogram 1	1	3314.250000	3314.750000	0	0	11	cluster_11	0.9730
13259	Spectrogram 1	1	3314.500000	3315.000000	0	0	11	cluster_11	1.0000
13260	Spectrogram 1	1	3314.750000	3315.250000	0	0	2	cluster_2	1.0000
13261	Spectrogram 1	1	3315.000000	3315.500000	0	0	2	cluster_2	0.4542
13262	Spectrogram 1	1	3315.250000	3315.750000	0	0	noise	cluster_noise	0.0000
13263	Spectrogram 1	1	3315.500000	3316.000000	0	0	11	cluster_11	1.0000
13264	Spectrogram 1	1	3315.750000	3316.250000	0	0	11	cluster_11	1.0000
13265	Spectrogram 1	1	3316.000000	3316.500000	0	0	noise	cluster_noise	0.0000
13266	Spectrogram 1	1	3316.250000	3316.750000	0	0	2	cluster_2	0.9184
13267	Spectrogram 1	1	3316.500000	3317.000000	0	0	noise	cluster_noise	0.0000
13268	Spectrogram 1	1	3316.750000	3317.250000	0	0	11	cluster_11	0.9945
13269	Spectrogram 1	1	3317.000000	3317.500000	0	0	11	cluster_11	1.0000
13270	Spectrogram 1	1	3317.250000	3317.750000	0	0	2	cluster_2	0.8597
13271	Spectrogram 1	1	3317.500000	3318.000000	0	0	noise	cluster_noise	0.0000
13272	Spectrogram 1	1	3317.750000	3318.250000	0	0	12	cluster_12	0.8281
13273	Spectrogram 1	1	3318.000000	3318.500000	0	0	11	cluster_11	1.0000
13274	Spectrogram 1	1	3318.250000	3318.750000	0	0	11	cluster_11	1.0000
13275	Spectrogram 1	1	3318.500000	3319.000000	0	0	12	cluster_12	0.7737
13276	Spectrogram 1	1	3318.750000	3319.250000	0	0	11	cluster_11	1.0000
13277	Spectrogram 1	1	3319.000000	3319.500000	0	0	11	cluster_11	1.0000
13278	Spectrogram 1	1	3319.250000	3319.750000	0	0	2	cluster_2	0.6782
13279	Spectrogram 1	1	3319.500000	3320.000000	0	0	noise	cluster_noise	0.0000
13280	Spectrogram 1	1	3319.750000	3320.250000	0	0	12	cluster_12	0.8753
13281	Spectrogram 1	1	3320.000000	3320.500000	0	0	11	cluster_11	1.0000
13282	Spectrogram 1	1	3320.250000	3320.750000	0	0	11	cluster_11	0.7533
13283	Spectrogram 1	1	3320.500000	3321.000000	0	0	2	cluster_2	0.8253
13284	Spectrogram 1	1	3320.750000	3321.250000	0	0	11	cluster_11	1.0000
13285	Spectrogram 1	1	3321.000000	3321.500000	0	0	11	cluster_11	0.9985
13286	Spectrogram 1	1	3321.250000	3321.750000	0	0	2	cluster_2	0.9920
13287	Spectrogram 1	1	3321.500000	3322.000000	0	0	noise	cluster_noise	0.0000
13288	Spectrogram 1	1	3321.750000	3322.250000	0	0	11	cluster_11	1.0000
13289	Spectrogram 1	1	3322.000000	3322.500000	0	0	11	cluster_11	1.0000
13290	Spectrogram 1	1	3322.250000	3322.750000	0	0	noise	cluster_noise	0.0000
13291	Spectrogram 1	1	3322.500000	3323.000000	0	0	noise	cluster_noise	0.0000
13292	Spectrogram 1	1	3322.750000	3323.250000	0	0	noise	cluster_noise	0.0000
13293	Spectrogram 1	1	3323.000000	3323.500000	0	0	noise	cluster_noise	0.0000
13294	Spectrogram 1	1	3323.250000	3323.750000	0	0	2	cluster_2	0.9843
13295	Spectrogram 1	1	3323.500000	3324.000000	0	0	2	cluster_2	0.9233
13296	Spectrogram 1	1	3323.750000	3324.250000	0	0	2	cluster_2	1.0000
13297	Spectrogram 1	1	3324.000000	3324.500000	0	0	2	cluster_2	0.9646
13298	Spectrogram 1	1	3324.250000	3324.750000	0	0	4	cluster_4	1.0000
13299	Spectrogram 1	1	3324.500000	3325.000000	0	0	4	cluster_4	1.0000
13300	Spectrogram 1	1	3324.750000	3325.250000	0	0	4	cluster_4	1.0000
13301	Spectrogram 1	1	3325.000000	3325.500000	0	0	4	cluster_4	1.0000
13302	Spectrogram 1	1	3325.250000	3325.750000	0	0	4	cluster_4	0.8995
13303	Spectrogram 1	1	3325.500000	3326.000000	0	0	2	cluster_2	0.7909
13304	Spectrogram 1	1	3325.750000	3326.250000	0	0	2	cluster_2	0.7757
13305	Spectrogram 1	1	3326.000000	3326.500000	0	0	2	cluster_2	0.8956
13306	Spectrogram 1	1	3326.250000	3326.750000	0	0	2	cluster_2	0.8146
13307	Spectrogram 1	1	3326.500000	3327.000000	0	0	2	cluster_2	0.8283
13308	Spectrogram 1	1	3326.750000	3327.250000	0	0	2	cluster_2	0.8229
13309	Spectrogram 1	1	3327.000000	3327.500000	0	0	2	cluster_2	0.7908
13310	Spectrogram 1	1	3327.250000	3327.750000	0	0	2	cluster_2	0.9799
13311	Spectrogram 1	1	3327.500000	3328.000000	0	0	2	cluster_2	0.8264
13312	Spectrogram 1	1	3327.750000	3328.250000	0	0	2	cluster_2	0.8191
13313	Spectrogram 1	1	3328.000000	3328.500000	0	0	noise	cluster_noise	0.0000
13314	Spectrogram 1	1	3328.250000	3328.750000	0	0	4	cluster_4	1.0000
13315	Spectrogram 1	1	3328.500000	3329.000000	0	0	4	cluster_4	1.0000
13316	Spectrogram 1	1	3328.750000	3329.250000	0	0	4	cluster_4	1.0000
13317	Spectrogram 1	1	3329.000000	3329.500000	0	0	4	cluster_4	1.0000
13318	Spectrogram 1	1	3329.250000	3329.750000	0	0	2	cluster_2	0.6929
13319	Spectrogram 1	1	3329.500000	3330.000000	0	0	2	cluster_2	0.6454
13320	Spectrogram 1	1	3329.750000	3330.250000	0	0	2	cluster_2	0.6696
13321	Spectrogram 1	1	3330.000000	3330.500000	0	0	2	cluster_2	0.8671
13322	Spectrogram 1	1	3330.250000	3330.750000	0	0	2	cluster_2	0.7905
13323	Spectrogram 1	1	3330.500000	3331.000000	0	0	12	cluster_12	0.7856
13324	Spectrogram 1	1	3330.750000	3331.250000	0	0	11	cluster_11	1.0000
13325	Spectrogram 1	1	3331.000000	3331.500000	0	0	11	cluster_11	0.9121
13326	Spectrogram 1	1	3331.250000	3331.750000	0	0	2	cluster_2	0.8958
13327	Spectrogram 1	1	3331.500000	3332.000000	0	0	12	cluster_12	0.8162
13328	Spectrogram 1	1	3331.750000	3332.250000	0	0	12	cluster_12	0.8019
13329	Spectrogram 1	1	3332.000000	3332.500000	0	0	2	cluster_2	0.7800
13330	Spectrogram 1	1	3332.250000	3332.750000	0	0	11	cluster_11	0.9374
13331	Spectrogram 1	1	3332.500000	3333.000000	0	0	11	cluster_11	0.9691
13332	Spectrogram 1	1	3332.750000	3333.250000	0	0	2	cluster_2	0.7463
13333	Spectrogram 1	1	3333.000000	3333.500000	0	0	12	cluster_12	0.9372
13334	Spectrogram 1	1	3333.250000	3333.750000	0	0	11	cluster_11	1.0000
13335	Spectrogram 1	1	3333.500000	3334.000000	0	0	11	cluster_11	1.0000
13336	Spectrogram 1	1	3333.750000	3334.250000	0	0	noise	cluster_noise	0.0000
13337	Spectrogram 1	1	3334.000000	3334.500000	0	0	noise	cluster_noise	0.0000
13338	Spectrogram 1	1	3334.250000	3334.750000	0	0	noise	cluster_noise	0.0000
13339	Spectrogram 1	1	3334.500000	3335.000000	0	0	11	cluster_11	1.0000
13340	Spectrogram 1	1	3334.750000	3335.250000	0	0	11	cluster_11	1.0000
13341	Spectrogram 1	1	3335.000000	3335.500000	0	0	2	cluster_2	0.5769
13342	Spectrogram 1	1	3335.250000	3335.750000	0	0	11	cluster_11	1.0000
13343	Spectrogram 1	1	3335.500000	3336.000000	0	0	11	cluster_11	1.0000
13344	Spectrogram 1	1	3335.750000	3336.250000	0	0	noise	cluster_noise	0.0000
13345	Spectrogram 1	1	3336.000000	3336.500000	0	0	noise	cluster_noise	0.0000
13346	Spectrogram 1	1	3336.250000	3336.750000	0	0	noise	cluster_noise	0.0000
13347	Spectrogram 1	1	3336.500000	3337.000000	0	0	11	cluster_11	1.0000
13348	Spectrogram 1	1	3336.750000	3337.250000	0	0	11	cluster_11	1.0000
13349	Spectrogram 1	1	3337.000000	3337.500000	0	0	12	cluster_12	0.9212
13350	Spectrogram 1	1	3337.250000	3337.750000	0	0	12	cluster_12	0.8223
13351	Spectrogram 1	1	3337.500000	3338.000000	0	0	noise	cluster_noise	0.0000
13352	Spectrogram 1	1	3337.750000	3338.250000	0	0	2	cluster_2	0.7951
13353	Spectrogram 1	1	3338.000000	3338.500000	0	0	12	cluster_12	0.8360
13354	Spectrogram 1	1	3338.250000	3338.750000	0	0	11	cluster_11	1.0000
13355	Spectrogram 1	1	3338.500000	3339.000000	0	0	11	cluster_11	0.9517
13356	Spectrogram 1	1	3338.750000	3339.250000	0	0	12	cluster_12	0.7812
13357	Spectrogram 1	1	3339.000000	3339.500000	0	0	14	cluster_14	1.0000
13358	Spectrogram 1	1	3339.250000	3339.750000	0	0	14	cluster_14	1.0000
13359	Spectrogram 1	1	3339.500000	3340.000000	0	0	2	cluster_2	0.7982
13360	Spectrogram 1	1	3339.750000	3340.250000	0	0	2	cluster_2	0.3712
13361	Spectrogram 1	1	3340.000000	3340.500000	0	0	2	cluster_2	0.4587
13362	Spectrogram 1	1	3340.250000	3340.750000	0	0	2	cluster_2	0.7868
13363	Spectrogram 1	1	3340.500000	3341.000000	0	0	2	cluster_2	0.5479
13364	Spectrogram 1	1	3340.750000	3341.250000	0	0	2	cluster_2	0.7714
13365	Spectrogram 1	1	3341.000000	3341.500000	0	0	noise	cluster_noise	0.0000
13366	Spectrogram 1	1	3341.250000	3341.750000	0	0	4	cluster_4	1.0000
13367	Spectrogram 1	1	3341.500000	3342.000000	0	0	4	cluster_4	1.0000
13368	Spectrogram 1	1	3341.750000	3342.250000	0	0	4	cluster_4	1.0000
13369	Spectrogram 1	1	3342.000000	3342.500000	0	0	4	cluster_4	1.0000
13370	Spectrogram 1	1	3342.250000	3342.750000	0	0	2	cluster_2	0.4883
13371	Spectrogram 1	1	3342.500000	3343.000000	0	0	2	cluster_2	0.7035
13372	Spectrogram 1	1	3342.750000	3343.250000	0	0	2	cluster_2	0.6829
13373	Spectrogram 1	1	3343.000000	3343.500000	0	0	2	cluster_2	0.9024
13374	Spectrogram 1	1	3343.250000	3343.750000	0	0	2	cluster_2	0.9565
13375	Spectrogram 1	1	3343.500000	3344.000000	0	0	2	cluster_2	1.0000
13376	Spectrogram 1	1	3343.750000	3344.250000	0	0	2	cluster_2	0.8679
13377	Spectrogram 1	1	3344.000000	3344.500000	0	0	2	cluster_2	0.7280
13378	Spectrogram 1	1	3344.250000	3344.750000	0	0	2	cluster_2	0.8331
13379	Spectrogram 1	1	3344.500000	3345.000000	0	0	2	cluster_2	0.8176
13380	Spectrogram 1	1	3344.750000	3345.250000	0	0	noise	cluster_noise	0.0000
13381	Spectrogram 1	1	3345.000000	3345.500000	0	0	4	cluster_4	1.0000
13382	Spectrogram 1	1	3345.250000	3345.750000	0	0	4	cluster_4	1.0000
13383	Spectrogram 1	1	3345.500000	3346.000000	0	0	4	cluster_4	1.0000
13384	Spectrogram 1	1	3345.750000	3346.250000	0	0	4	cluster_4	1.0000
13385	Spectrogram 1	1	3346.000000	3346.500000	0	0	2	cluster_2	0.9774
13386	Spectrogram 1	1	3346.250000	3346.750000	0	0	2	cluster_2	0.7742
13387	Spectrogram 1	1	3346.500000	3347.000000	0	0	2	cluster_2	0.5184
13388	Spectrogram 1	1	3346.750000	3347.250000	0	0	2	cluster_2	0.9765
13389	Spectrogram 1	1	3347.000000	3347.500000	0	0	2	cluster_2	0.9590
13390	Spectrogram 1	1	3347.250000	3347.750000	0	0	12	cluster_12	0.9201
13391	Spectrogram 1	1	3347.500000	3348.000000	0	0	14	cluster_14	0.5580
13392	Spectrogram 1	1	3347.750000	3348.250000	0	0	noise	cluster_noise	0.0000
13393	Spectrogram 1	1	3348.000000	3348.500000	0	0	14	cluster_14	1.0000
13394	Spectrogram 1	1	3348.250000	3348.750000	0	0	12	cluster_12	0.7621
13395	Spectrogram 1	1	3348.500000	3349.000000	0	0	noise	cluster_noise	0.0000
13396	Spectrogram 1	1	3348.750000	3349.250000	0	0	2	cluster_2	0.8871
13397	Spectrogram 1	1	3349.000000	3349.500000	0	0	2	cluster_2	0.6091
13398	Spectrogram 1	1	3349.250000	3349.750000	0	0	2	cluster_2	0.6889
13399	Spectrogram 1	1	3349.500000	3350.000000	0	0	11	cluster_11	1.0000
13400	Spectrogram 1	1	3349.750000	3350.250000	0	0	14	cluster_14	0.6401
13401	Spectrogram 1	1	3350.000000	3350.500000	0	0	14	cluster_14	0.8547
13402	Spectrogram 1	1	3350.250000	3350.750000	0	0	14	cluster_14	0.8091
13403	Spectrogram 1	1	3350.500000	3351.000000	0	0	14	cluster_14	1.0000
13404	Spectrogram 1	1	3350.750000	3351.250000	0	0	noise	cluster_noise	0.0000
13405	Spectrogram 1	1	3351.000000	3351.500000	0	0	2	cluster_2	0.9871
13406	Spectrogram 1	1	3351.250000	3351.750000	0	0	12	cluster_12	0.8121
13407	Spectrogram 1	1	3351.500000	3352.000000	0	0	12	cluster_12	0.8509
13408	Spectrogram 1	1	3351.750000	3352.250000	0	0	noise	cluster_noise	0.0000
13409	Spectrogram 1	1	3352.000000	3352.500000	0	0	2	cluster_2	1.0000
13410	Spectrogram 1	1	3352.250000	3352.750000	0	0	12	cluster_12	0.9176
13411	Spectrogram 1	1	3352.500000	3353.000000	0	0	14	cluster_14	0.9051
13412	Spectrogram 1	1	3352.750000	3353.250000	0	0	14	cluster_14	0.9247
13413	Spectrogram 1	1	3353.000000	3353.500000	0	0	12	cluster_12	0.8620
13414	Spectrogram 1	1	3353.250000	3353.750000	0	0	14	cluster_14	0.9877
13415	Spectrogram 1	1	3353.500000	3354.000000	0	0	14	cluster_14	0.9556
13416	Spectrogram 1	1	3353.750000	3354.250000	0	0	2	cluster_2	0.7614
13417	Spectrogram 1	1	3354.000000	3354.500000	0	0	12	cluster_12	0.7888
13418	Spectrogram 1	1	3354.250000	3354.750000	0	0	noise	cluster_noise	0.0000
13419	Spectrogram 1	1	3354.500000	3355.000000	0	0	14	cluster_14	0.6807
13420	Spectrogram 1	1	3354.750000	3355.250000	0	0	14	cluster_14	1.0000
13421	Spectrogram 1	1	3355.000000	3355.500000	0	0	14	cluster_14	1.0000
13422	Spectrogram 1	1	3355.250000	3355.750000	0	0	14	cluster_14	0.9342
13423	Spectrogram 1	1	3355.500000	3356.000000	0	0	12	cluster_12	0.8058
13424	Spectrogram 1	1	3355.750000	3356.250000	0	0	14	cluster_14	1.0000
13425	Spectrogram 1	1	3356.000000	3356.500000	0	0	14	cluster_14	0.7826
13426	Spectrogram 1	1	3356.250000	3356.750000	0	0	noise	cluster_noise	0.0000
13427	Spectrogram 1	1	3356.500000	3357.000000	0	0	14	cluster_14	0.7465
13428	Spectrogram 1	1	3356.750000	3357.250000	0	0	14	cluster_14	0.7699
13429	Spectrogram 1	1	3357.000000	3357.500000	0	0	2	cluster_2	0.8459
13430	Spectrogram 1	1	3357.250000	3357.750000	0	0	2	cluster_2	0.8649
13431	Spectrogram 1	1	3357.500000	3358.000000	0	0	2	cluster_2	0.8259
13432	Spectrogram 1	1	3357.750000	3358.250000	0	0	2	cluster_2	0.8948
13433	Spectrogram 1	1	3358.000000	3358.500000	0	0	2	cluster_2	0.9260
13434	Spectrogram 1	1	3358.250000	3358.750000	0	0	12	cluster_12	0.7463
13435	Spectrogram 1	1	3358.500000	3359.000000	0	0	14	cluster_14	0.5575
13436	Spectrogram 1	1	3358.750000	3359.250000	0	0	noise	cluster_noise	0.0000
13437	Spectrogram 1	1	3359.000000	3359.500000	0	0	noise	cluster_noise	0.0000
13438	Spectrogram 1	1	3359.250000	3359.750000	0	0	2	cluster_2	0.5432
13439	Spectrogram 1	1	3359.500000	3360.000000	0	0	2	cluster_2	0.3836
13440	Spectrogram 1	1	3359.750000	3360.250000	0	0	2	cluster_2	0.4281
13441	Spectrogram 1	1	3360.000000	3360.500000	0	0	2	cluster_2	0.8271
13442	Spectrogram 1	1	3360.250000	3360.750000	0	0	2	cluster_2	0.9449
13443	Spectrogram 1	1	3360.500000	3361.000000	0	0	2	cluster_2	0.9293
13444	Spectrogram 1	1	3360.750000	3361.250000	0	0	2	cluster_2	1.0000
13445	Spectrogram 1	1	3361.000000	3361.500000	0	0	2	cluster_2	0.9235
13446	Spectrogram 1	1	3361.250000	3361.750000	0	0	11	cluster_11	0.9425
13447	Spectrogram 1	1	3361.500000	3362.000000	0	0	noise	cluster_noise	0.0000
13448	Spectrogram 1	1	3361.750000	3362.250000	0	0	noise	cluster_noise	0.0000
13449	Spectrogram 1	1	3362.000000	3362.500000	0	0	noise	cluster_noise	0.0000
13450	Spectrogram 1	1	3362.250000	3362.750000	0	0	noise	cluster_noise	0.0000
13451	Spectrogram 1	1	3362.500000	3363.000000	0	0	noise	cluster_noise	0.0000
13452	Spectrogram 1	1	3362.750000	3363.250000	0	0	2	cluster_2	0.8518
13453	Spectrogram 1	1	3363.000000	3363.500000	0	0	2	cluster_2	0.9091
13454	Spectrogram 1	1	3363.250000	3363.750000	0	0	2	cluster_2	0.6936
13455	Spectrogram 1	1	3363.500000	3364.000000	0	0	2	cluster_2	0.7090
13456	Spectrogram 1	1	3363.750000	3364.250000	0	0	2	cluster_2	0.8240
13457	Spectrogram 1	1	3364.000000	3364.500000	0	0	11	cluster_11	0.8491
13458	Spectrogram 1	1	3364.250000	3364.750000	0	0	noise	cluster_noise	0.0000
13459	Spectrogram 1	1	3364.500000	3365.000000	0	0	noise	cluster_noise	0.0000
13460	Spectrogram 1	1	3364.750000	3365.250000	0	0	noise	cluster_noise	0.0000
13461	Spectrogram 1	1	3365.000000	3365.500000	0	0	noise	cluster_noise	0.0000
13462	Spectrogram 1	1	3365.250000	3365.750000	0	0	noise	cluster_noise	0.0000
13463	Spectrogram 1	1	3365.500000	3366.000000	0	0	2	cluster_2	1.0000
13464	Spectrogram 1	1	3365.750000	3366.250000	0	0	2	cluster_2	1.0000
13465	Spectrogram 1	1	3366.000000	3366.500000	0	0	2	cluster_2	0.3444
13466	Spectrogram 1	1	3366.250000	3366.750000	0	0	noise	cluster_noise	0.0000
13467	Spectrogram 1	1	3366.500000	3367.000000	0	0	7	cluster_7	0.9785
13468	Spectrogram 1	1	3366.750000	3367.250000	0	0	7	cluster_7	1.0000
13469	Spectrogram 1	1	3367.000000	3367.500000	0	0	7	cluster_7	0.9940
13470	Spectrogram 1	1	3367.250000	3367.750000	0	0	noise	cluster_noise	0.0000
13471	Spectrogram 1	1	3367.500000	3368.000000	0	0	2	cluster_2	0.8375
13472	Spectrogram 1	1	3367.750000	3368.250000	0	0	2	cluster_2	0.7122
13473	Spectrogram 1	1	3368.000000	3368.500000	0	0	2	cluster_2	0.6408
13474	Spectrogram 1	1	3368.250000	3368.750000	0	0	2	cluster_2	0.7353
13475	Spectrogram 1	1	3368.500000	3369.000000	0	0	2	cluster_2	0.6421
13476	Spectrogram 1	1	3368.750000	3369.250000	0	0	noise	cluster_noise	0.0000
13477	Spectrogram 1	1	3369.000000	3369.500000	0	0	7	cluster_7	1.0000
13478	Spectrogram 1	1	3369.250000	3369.750000	0	0	7	cluster_7	1.0000
13479	Spectrogram 1	1	3369.500000	3370.000000	0	0	7	cluster_7	1.0000
13480	Spectrogram 1	1	3369.750000	3370.250000	0	0	7	cluster_7	1.0000
13481	Spectrogram 1	1	3370.000000	3370.500000	0	0	7	cluster_7	1.0000
13482	Spectrogram 1	1	3370.250000	3370.750000	0	0	noise	cluster_noise	0.0000
13483	Spectrogram 1	1	3370.500000	3371.000000	0	0	2	cluster_2	0.7554
13484	Spectrogram 1	1	3370.750000	3371.250000	0	0	2	cluster_2	0.7229
13485	Spectrogram 1	1	3371.000000	3371.500000	0	0	2	cluster_2	0.6457
13486	Spectrogram 1	1	3371.250000	3371.750000	0	0	2	cluster_2	0.6301
13487	Spectrogram 1	1	3371.500000	3372.000000	0	0	7	cluster_7	0.8990
13488	Spectrogram 1	1	3371.750000	3372.250000	0	0	7	cluster_7	1.0000
13489	Spectrogram 1	1	3372.000000	3372.500000	0	0	7	cluster_7	1.0000
13490	Spectrogram 1	1	3372.250000	3372.750000	0	0	7	cluster_7	1.0000
13491	Spectrogram 1	1	3372.500000	3373.000000	0	0	7	cluster_7	1.0000
13492	Spectrogram 1	1	3372.750000	3373.250000	0	0	7	cluster_7	1.0000
13493	Spectrogram 1	1	3373.000000	3373.500000	0	0	7	cluster_7	1.0000
13494	Spectrogram 1	1	3373.250000	3373.750000	0	0	7	cluster_7	1.0000
13495	Spectrogram 1	1	3373.500000	3374.000000	0	0	7	cluster_7	1.0000
13496	Spectrogram 1	1	3373.750000	3374.250000	0	0	7	cluster_7	1.0000
13497	Spectrogram 1	1	3374.000000	3374.500000	0	0	7	cluster_7	1.0000
13498	Spectrogram 1	1	3374.250000	3374.750000	0	0	7	cluster_7	1.0000
13499	Spectrogram 1	1	3374.500000	3375.000000	0	0	noise	cluster_noise	0.0000
13500	Spectrogram 1	1	3374.750000	3375.250000	0	0	2	cluster_2	0.8057
13501	Spectrogram 1	1	3375.000000	3375.500000	0	0	2	cluster_2	0.9289
13502	Spectrogram 1	1	3375.250000	3375.750000	0	0	2	cluster_2	0.8069
13503	Spectrogram 1	1	3375.500000	3376.000000	0	0	15	cluster_15	0.9705
13504	Spectrogram 1	1	3375.750000	3376.250000	0	0	15	cluster_15	1.0000
13505	Spectrogram 1	1	3376.000000	3376.500000	0	0	noise	cluster_noise	0.0000
13506	Spectrogram 1	1	3376.250000	3376.750000	0	0	2	cluster_2	1.0000
13507	Spectrogram 1	1	3376.500000	3377.000000	0	0	15	cluster_15	1.0000
13508	Spectrogram 1	1	3376.750000	3377.250000	0	0	15	cluster_15	1.0000
13509	Spectrogram 1	1	3377.000000	3377.500000	0	0	2	cluster_2	1.0000
13510	Spectrogram 1	1	3377.250000	3377.750000	0	0	2	cluster_2	1.0000
13511	Spectrogram 1	1	3377.500000	3378.000000	0	0	2	cluster_2	0.6181
13512	Spectrogram 1	1	3377.750000	3378.250000	0	0	2	cluster_2	0.8578
13513	Spectrogram 1	1	3378.000000	3378.500000	0	0	2	cluster_2	0.6999
13514	Spectrogram 1	1	3378.250000	3378.750000	0	0	noise	cluster_noise	0.0000
13515	Spectrogram 1	1	3378.500000	3379.000000	0	0	15	cluster_15	1.0000
13516	Spectrogram 1	1	3378.750000	3379.250000	0	0	15	cluster_15	0.9846
13517	Spectrogram 1	1	3379.000000	3379.500000	0	0	noise	cluster_noise	0.0000
13518	Spectrogram 1	1	3379.250000	3379.750000	0	0	15	cluster_15	1.0000
13519	Spectrogram 1	1	3379.500000	3380.000000	0	0	15	cluster_15	1.0000
13520	Spectrogram 1	1	3379.750000	3380.250000	0	0	2	cluster_2	0.8948
13521	Spectrogram 1	1	3380.000000	3380.500000	0	0	2	cluster_2	0.8040
13522	Spectrogram 1	1	3380.250000	3380.750000	0	0	2	cluster_2	0.9329
13523	Spectrogram 1	1	3380.500000	3381.000000	0	0	2	cluster_2	0.9039
13524	Spectrogram 1	1	3380.750000	3381.250000	0	0	2	cluster_2	0.7746
13525	Spectrogram 1	1	3381.000000	3381.500000	0	0	2	cluster_2	0.9821
13526	Spectrogram 1	1	3381.250000	3381.750000	0	0	noise	cluster_noise	0.0000
13527	Spectrogram 1	1	3381.500000	3382.000000	0	0	14	cluster_14	0.7698
13528	Spectrogram 1	1	3381.750000	3382.250000	0	0	14	cluster_14	0.7528
13529	Spectrogram 1	1	3382.000000	3382.500000	0	0	noise	cluster_noise	0.0000
13530	Spectrogram 1	1	3382.250000	3382.750000	0	0	noise	cluster_noise	0.0000
13531	Spectrogram 1	1	3382.500000	3383.000000	0	0	noise	cluster_noise	0.0000
13532	Spectrogram 1	1	3382.750000	3383.250000	0	0	2	cluster_2	0.9745
13533	Spectrogram 1	1	3383.000000	3383.500000	0	0	2	cluster_2	0.8636
13534	Spectrogram 1	1	3383.250000	3383.750000	0	0	2	cluster_2	0.9016
13535	Spectrogram 1	1	3383.500000	3384.000000	0	0	2	cluster_2	0.7715
13536	Spectrogram 1	1	3383.750000	3384.250000	0	0	2	cluster_2	0.9689
13537	Spectrogram 1	1	3384.000000	3384.500000	0	0	15	cluster_15	0.9143
13538	Spectrogram 1	1	3384.250000	3384.750000	0	0	15	cluster_15	0.9651
13539	Spectrogram 1	1	3384.500000	3385.000000	0	0	noise	cluster_noise	0.0000
13540	Spectrogram 1	1	3384.750000	3385.250000	0	0	2	cluster_2	0.7555
13541	Spectrogram 1	1	3385.000000	3385.500000	0	0	15	cluster_15	1.0000
13542	Spectrogram 1	1	3385.250000	3385.750000	0	0	15	cluster_15	0.9595
13543	Spectrogram 1	1	3385.500000	3386.000000	0	0	2	cluster_2	1.0000
13544	Spectrogram 1	1	3385.750000	3386.250000	0	0	noise	cluster_noise	0.0000
13545	Spectrogram 1	1	3386.000000	3386.500000	0	0	7	cluster_7	1.0000
13546	Spectrogram 1	1	3386.250000	3386.750000	0	0	7	cluster_7	1.0000
13547	Spectrogram 1	1	3386.500000	3387.000000	0	0	7	cluster_7	1.0000
13548	Spectrogram 1	1	3386.750000	3387.250000	0	0	7	cluster_7	1.0000
13549	Spectrogram 1	1	3387.000000	3387.500000	0	0	8	cluster_8	0.9299
13550	Spectrogram 1	1	3387.250000	3387.750000	0	0	8	cluster_8	0.9478
13551	Spectrogram 1	1	3387.500000	3388.000000	0	0	2	cluster_2	0.8421
13552	Spectrogram 1	1	3387.750000	3388.250000	0	0	2	cluster_2	0.9805
13553	Spectrogram 1	1	3388.000000	3388.500000	0	0	7	cluster_7	0.7307
13554	Spectrogram 1	1	3388.250000	3388.750000	0	0	7	cluster_7	1.0000
13555	Spectrogram 1	1	3388.500000	3389.000000	0	0	7	cluster_7	1.0000
13556	Spectrogram 1	1	3388.750000	3389.250000	0	0	7	cluster_7	1.0000
13557	Spectrogram 1	1	3389.000000	3389.500000	0	0	7	cluster_7	1.0000
13558	Spectrogram 1	1	3389.250000	3389.750000	0	0	7	cluster_7	1.0000
13559	Spectrogram 1	1	3389.500000	3390.000000	0	0	7	cluster_7	0.9559
13560	Spectrogram 1	1	3389.750000	3390.250000	0	0	7	cluster_7	0.7122
13561	Spectrogram 1	1	3390.000000	3390.500000	0	0	noise	cluster_noise	0.0000
13562	Spectrogram 1	1	3390.250000	3390.750000	0	0	2	cluster_2	0.7265
13563	Spectrogram 1	1	3390.500000	3391.000000	0	0	2	cluster_2	0.8602
13564	Spectrogram 1	1	3390.750000	3391.250000	0	0	2	cluster_2	1.0000
13565	Spectrogram 1	1	3391.000000	3391.500000	0	0	2	cluster_2	0.7979
13566	Spectrogram 1	1	3391.250000	3391.750000	0	0	7	cluster_7	1.0000
13567	Spectrogram 1	1	3391.500000	3392.000000	0	0	7	cluster_7	1.0000
13568	Spectrogram 1	1	3391.750000	3392.250000	0	0	7	cluster_7	1.0000
13569	Spectrogram 1	1	3392.000000	3392.500000	0	0	7	cluster_7	0.5869
13570	Spectrogram 1	1	3392.250000	3392.750000	0	0	noise	cluster_noise	0.0000
13571	Spectrogram 1	1	3392.500000	3393.000000	0	0	7	cluster_7	1.0000
13572	Spectrogram 1	1	3392.750000	3393.250000	0	0	7	cluster_7	1.0000
13573	Spectrogram 1	1	3393.000000	3393.500000	0	0	7	cluster_7	1.0000
13574	Spectrogram 1	1	3393.250000	3393.750000	0	0	7	cluster_7	1.0000
13575	Spectrogram 1	1	3393.500000	3394.000000	0	0	7	cluster_7	0.9746
13576	Spectrogram 1	1	3393.750000	3394.250000	0	0	noise	cluster_noise	0.0000
13577	Spectrogram 1	1	3394.000000	3394.500000	0	0	2	cluster_2	0.7776
13578	Spectrogram 1	1	3394.250000	3394.750000	0	0	2	cluster_2	0.6658
13579	Spectrogram 1	1	3394.500000	3395.000000	0	0	2	cluster_2	0.7127
13580	Spectrogram 1	1	3394.750000	3395.250000	0	0	15	cluster_15	1.0000
13581	Spectrogram 1	1	3395.000000	3395.500000	0	0	15	cluster_15	1.0000
13582	Spectrogram 1	1	3395.250000	3395.750000	0	0	13	cluster_13	1.0000
13583	Spectrogram 1	1	3395.500000	3396.000000	0	0	13	cluster_13	1.0000
13584	Spectrogram 1	1	3395.750000	3396.250000	0	0	2	cluster_2	0.4553
13585	Spectrogram 1	1	3396.000000	3396.500000	0	0	2	cluster_2	0.4419
13586	Spectrogram 1	1	3396.250000	3396.750000	0	0	2	cluster_2	0.8596
13587	Spectrogram 1	1	3396.500000	3397.000000	0	0	2	cluster_2	0.7571
13588	Spectrogram 1	1	3396.750000	3397.250000	0	0	2	cluster_2	0.8816
13589	Spectrogram 1	1	3397.000000	3397.500000	0	0	2	cluster_2	1.0000
13590	Spectrogram 1	1	3397.250000	3397.750000	0	0	2	cluster_2	0.9343
13591	Spectrogram 1	1	3397.500000	3398.000000	0	0	2	cluster_2	0.7420
13592	Spectrogram 1	1	3397.750000	3398.250000	0	0	15	cluster_15	1.0000
13593	Spectrogram 1	1	3398.000000	3398.500000	0	0	noise	cluster_noise	0.0000
13594	Spectrogram 1	1	3398.250000	3398.750000	0	0	13	cluster_13	1.0000
13595	Spectrogram 1	1	3398.500000	3399.000000	0	0	13	cluster_13	1.0000
13596	Spectrogram 1	1	3398.750000	3399.250000	0	0	noise	cluster_noise	0.0000
13597	Spectrogram 1	1	3399.000000	3399.500000	0	0	noise	cluster_noise	0.0000
13598	Spectrogram 1	1	3399.250000	3399.750000	0	0	2	cluster_2	0.6380
13599	Spectrogram 1	1	3399.500000	3400.000000	0	0	2	cluster_2	0.7202
13600	Spectrogram 1	1	3399.750000	3400.250000	0	0	2	cluster_2	1.0000
13601	Spectrogram 1	1	3400.000000	3400.500000	0	0	2	cluster_2	1.0000
13602	Spectrogram 1	1	3400.250000	3400.750000	0	0	2	cluster_2	1.0000
13603	Spectrogram 1	1	3400.500000	3401.000000	0	0	noise	cluster_noise	0.0000
13604	Spectrogram 1	1	3400.750000	3401.250000	0	0	15	cluster_15	0.9565
13605	Spectrogram 1	1	3401.000000	3401.500000	0	0	13	cluster_13	1.0000
13606	Spectrogram 1	1	3401.250000	3401.750000	0	0	13	cluster_13	1.0000
13607	Spectrogram 1	1	3401.500000	3402.000000	0	0	noise	cluster_noise	0.0000
13608	Spectrogram 1	1	3401.750000	3402.250000	0	0	10	cluster_10	0.8065
13609	Spectrogram 1	1	3402.000000	3402.500000	0	0	noise	cluster_noise	0.0000
13610	Spectrogram 1	1	3402.250000	3402.750000	0	0	2	cluster_2	0.6013
13611	Spectrogram 1	1	3402.500000	3403.000000	0	0	2	cluster_2	0.8694
13612	Spectrogram 1	1	3402.750000	3403.250000	0	0	2	cluster_2	0.7742
13613	Spectrogram 1	1	3403.000000	3403.500000	0	0	2	cluster_2	0.8710
13614	Spectrogram 1	1	3403.250000	3403.750000	0	0	2	cluster_2	0.9561
13615	Spectrogram 1	1	3403.500000	3404.000000	0	0	2	cluster_2	0.6688
13616	Spectrogram 1	1	3403.750000	3404.250000	0	0	noise	cluster_noise	0.0000
13617	Spectrogram 1	1	3404.000000	3404.500000	0	0	noise	cluster_noise	0.0000
13618	Spectrogram 1	1	3404.250000	3404.750000	0	0	13	cluster_13	1.0000
13619	Spectrogram 1	1	3404.500000	3405.000000	0	0	13	cluster_13	1.0000
13620	Spectrogram 1	1	3404.750000	3405.250000	0	0	noise	cluster_noise	0.0000
13621	Spectrogram 1	1	3405.000000	3405.500000	0	0	noise	cluster_noise	0.0000
13622	Spectrogram 1	1	3405.250000	3405.750000	0	0	noise	cluster_noise	0.0000
13623	Spectrogram 1	1	3405.500000	3406.000000	0	0	2	cluster_2	0.6932
13624	Spectrogram 1	1	3405.750000	3406.250000	0	0	2	cluster_2	1.0000
13625	Spectrogram 1	1	3406.000000	3406.500000	0	0	2	cluster_2	0.9803
13626	Spectrogram 1	1	3406.250000	3406.750000	0	0	2	cluster_2	0.8244
13627	Spectrogram 1	1	3406.500000	3407.000000	0	0	2	cluster_2	0.3610
13628	Spectrogram 1	1	3406.750000	3407.250000	0	0	15	cluster_15	0.9566
13629	Spectrogram 1	1	3407.000000	3407.500000	0	0	noise	cluster_noise	0.0000
13630	Spectrogram 1	1	3407.250000	3407.750000	0	0	13	cluster_13	1.0000
13631	Spectrogram 1	1	3407.500000	3408.000000	0	0	noise	cluster_noise	0.0000
13632	Spectrogram 1	1	3407.750000	3408.250000	0	0	9	cluster_9	0.5997
13633	Spectrogram 1	1	3408.000000	3408.500000	0	0	noise	cluster_noise	0.0000
13634	Spectrogram 1	1	3408.250000	3408.750000	0	0	noise	cluster_noise	0.0000
13635	Spectrogram 1	1	3408.500000	3409.000000	0	0	10	cluster_10	0.7731
13636	Spectrogram 1	1	3408.750000	3409.250000	0	0	2	cluster_2	0.7614
13637	Spectrogram 1	1	3409.000000	3409.500000	0	0	2	cluster_2	0.8248
13638	Spectrogram 1	1	3409.250000	3409.750000	0	0	2	cluster_2	0.9353
13639	Spectrogram 1	1	3409.500000	3410.000000	0	0	15	cluster_15	1.0000
13640	Spectrogram 1	1	3409.750000	3410.250000	0	0	15	cluster_15	0.9834
13641	Spectrogram 1	1	3410.000000	3410.500000	0	0	13	cluster_13	1.0000
13642	Spectrogram 1	1	3410.250000	3410.750000	0	0	noise	cluster_noise	0.0000
13643	Spectrogram 1	1	3410.500000	3411.000000	0	0	9	cluster_9	0.6789
13644	Spectrogram 1	1	3410.750000	3411.250000	0	0	9	cluster_9	0.5990
13645	Spectrogram 1	1	3411.000000	3411.500000	0	0	noise	cluster_noise	0.0000
13646	Spectrogram 1	1	3411.250000	3411.750000	0	0	noise	cluster_noise	0.0000
13647	Spectrogram 1	1	3411.500000	3412.000000	0	0	2	cluster_2	0.3318
13648	Spectrogram 1	1	3411.750000	3412.250000	0	0	noise	cluster_noise	0.0000
13649	Spectrogram 1	1	3412.000000	3412.500000	0	0	15	cluster_15	1.0000
13650	Spectrogram 1	1	3412.250000	3412.750000	0	0	13	cluster_13	1.0000
13651	Spectrogram 1	1	3412.500000	3413.000000	0	0	13	cluster_13	1.0000
13652	Spectrogram 1	1	3412.750000	3413.250000	0	0	noise	cluster_noise	0.0000
13653	Spectrogram 1	1	3413.000000	3413.500000	0	0	noise	cluster_noise	0.0000
13654	Spectrogram 1	1	3413.250000	3413.750000	0	0	9	cluster_9	0.7027
13655	Spectrogram 1	1	3413.500000	3414.000000	0	0	9	cluster_9	0.6986
13656	Spectrogram 1	1	3413.750000	3414.250000	0	0	9	cluster_9	0.7249
13657	Spectrogram 1	1	3414.000000	3414.500000	0	0	9	cluster_9	0.7249
13658	Spectrogram 1	1	3414.250000	3414.750000	0	0	9	cluster_9	0.6205
13659	Spectrogram 1	1	3414.500000	3415.000000	0	0	9	cluster_9	0.7249
13660	Spectrogram 1	1	3414.750000	3415.250000	0	0	noise	cluster_noise	0.0000
13661	Spectrogram 1	1	3415.000000	3415.500000	0	0	9	cluster_9	0.7249
13662	Spectrogram 1	1	3415.250000	3415.750000	0	0	9	cluster_9	0.5813
13663	Spectrogram 1	1	3415.500000	3416.000000	0	0	9	cluster_9	0.5565
13664	Spectrogram 1	1	3415.750000	3416.250000	0	0	9	cluster_9	0.6370
13665	Spectrogram 1	1	3416.000000	3416.500000	0	0	9	cluster_9	0.6107
13666	Spectrogram 1	1	3416.250000	3416.750000	0	0	9	cluster_9	0.5602
13667	Spectrogram 1	1	3416.500000	3417.000000	0	0	noise	cluster_noise	0.0000
13668	Spectrogram 1	1	3416.750000	3417.250000	0	0	9	cluster_9	0.6122
13669	Spectrogram 1	1	3417.000000	3417.500000	0	0	9	cluster_9	0.6000
13670	Spectrogram 1	1	3417.250000	3417.750000	0	0	noise	cluster_noise	0.0000
13671	Spectrogram 1	1	3417.500000	3418.000000	0	0	10	cluster_10	0.8501
13672	Spectrogram 1	1	3417.750000	3418.250000	0	0	noise	cluster_noise	0.0000
13673	Spectrogram 1	1	3418.000000	3418.500000	0	0	2	cluster_2	0.5907
13674	Spectrogram 1	1	3418.250000	3418.750000	0	0	2	cluster_2	1.0000
13675	Spectrogram 1	1	3418.500000	3419.000000	0	0	2	cluster_2	0.8891
13676	Spectrogram 1	1	3418.750000	3419.250000	0	0	2	cluster_2	0.7888
13677	Spectrogram 1	1	3419.000000	3419.500000	0	0	15	cluster_15	1.0000
13678	Spectrogram 1	1	3419.250000	3419.750000	0	0	noise	cluster_noise	0.0000
13679	Spectrogram 1	1	3419.500000	3420.000000	0	0	13	cluster_13	1.0000
13680	Spectrogram 1	1	3419.750000	3420.250000	0	0	13	cluster_13	0.9445
13681	Spectrogram 1	1	3420.000000	3420.500000	0	0	10	cluster_10	1.0000
13682	Spectrogram 1	1	3420.250000	3420.750000	0	0	2	cluster_2	0.4911
13683	Spectrogram 1	1	3420.500000	3421.000000	0	0	2	cluster_2	0.5059
13684	Spectrogram 1	1	3420.750000	3421.250000	0	0	2	cluster_2	0.5365
13685	Spectrogram 1	1	3421.000000	3421.500000	0	0	2	cluster_2	0.9100
13686	Spectrogram 1	1	3421.250000	3421.750000	0	0	2	cluster_2	0.9511
13687	Spectrogram 1	1	3421.500000	3422.000000	0	0	2	cluster_2	0.9253
13688	Spectrogram 1	1	3421.750000	3422.250000	0	0	2	cluster_2	0.5987
13689	Spectrogram 1	1	3422.000000	3422.500000	0	0	2	cluster_2	0.9234
13690	Spectrogram 1	1	3422.250000	3422.750000	0	0	15	cluster_15	1.0000
13691	Spectrogram 1	1	3422.500000	3423.000000	0	0	noise	cluster_noise	0.0000
13692	Spectrogram 1	1	3422.750000	3423.250000	0	0	noise	cluster_noise	0.0000
13693	Spectrogram 1	1	3423.000000	3423.500000	0	0	9	cluster_9	0.6443
13694	Spectrogram 1	1	3423.250000	3423.750000	0	0	9	cluster_9	0.6190
13695	Spectrogram 1	1	3423.500000	3424.000000	0	0	2	cluster_2	0.3547
13696	Spectrogram 1	1	3423.750000	3424.250000	0	0	2	cluster_2	0.4311
13697	Spectrogram 1	1	3424.000000	3424.500000	0	0	2	cluster_2	0.4377
13698	Spectrogram 1	1	3424.250000	3424.750000	0	0	2	cluster_2	0.3995
13699	Spectrogram 1	1	3424.500000	3425.000000	0	0	2	cluster_2	0.4479
13700	Spectrogram 1	1	3424.750000	3425.250000	0	0	2	cluster_2	0.6954
13701	Spectrogram 1	1	3425.000000	3425.500000	0	0	2	cluster_2	0.4125
13702	Spectrogram 1	1	3425.250000	3425.750000	0	0	15	cluster_15	0.9338
13703	Spectrogram 1	1	3425.500000	3426.000000	0	0	noise	cluster_noise	0.0000
13704	Spectrogram 1	1	3425.750000	3426.250000	0	0	13	cluster_13	1.0000
13705	Spectrogram 1	1	3426.000000	3426.500000	0	0	9	cluster_9	0.6433
13706	Spectrogram 1	1	3426.250000	3426.750000	0	0	9	cluster_9	0.5945
13707	Spectrogram 1	1	3426.500000	3427.000000	0	0	2	cluster_2	0.5161
13708	Spectrogram 1	1	3426.750000	3427.250000	0	0	2	cluster_2	0.3622
13709	Spectrogram 1	1	3427.000000	3427.500000	0	0	2	cluster_2	0.4594
13710	Spectrogram 1	1	3427.250000	3427.750000	0	0	noise	cluster_noise	0.0000
13711	Spectrogram 1	1	3427.500000	3428.000000	0	0	15	cluster_15	1.0000
13712	Spectrogram 1	1	3427.750000	3428.250000	0	0	noise	cluster_noise	0.0000
13713	Spectrogram 1	1	3428.000000	3428.500000	0	0	noise	cluster_noise	0.0000
13714	Spectrogram 1	1	3428.250000	3428.750000	0	0	9	cluster_9	0.5640
13715	Spectrogram 1	1	3428.500000	3429.000000	0	0	noise	cluster_noise	0.0000
13716	Spectrogram 1	1	3428.750000	3429.250000	0	0	9	cluster_9	0.7204
13717	Spectrogram 1	1	3429.000000	3429.500000	0	0	9	cluster_9	0.7249
13718	Spectrogram 1	1	3429.250000	3429.750000	0	0	9	cluster_9	0.7249
13719	Spectrogram 1	1	3429.500000	3430.000000	0	0	9	cluster_9	0.7249
13720	Spectrogram 1	1	3429.750000	3430.250000	0	0	9	cluster_9	0.7249
13721	Spectrogram 1	1	3430.000000	3430.500000	0	0	9	cluster_9	0.6989
13722	Spectrogram 1	1	3430.250000	3430.750000	0	0	9	cluster_9	0.6942
13723	Spectrogram 1	1	3430.500000	3431.000000	0	0	9	cluster_9	0.6353
13724	Spectrogram 1	1	3430.750000	3431.250000	0	0	9	cluster_9	0.6038
13725	Spectrogram 1	1	3431.000000	3431.500000	0	0	9	cluster_9	0.7249
13726	Spectrogram 1	1	3431.250000	3431.750000	0	0	9	cluster_9	0.7249
13727	Spectrogram 1	1	3431.500000	3432.000000	0	0	9	cluster_9	0.7249
13728	Spectrogram 1	1	3431.750000	3432.250000	0	0	9	cluster_9	0.6982
13729	Spectrogram 1	1	3432.000000	3432.500000	0	0	9	cluster_9	0.6255
13730	Spectrogram 1	1	3432.250000	3432.750000	0	0	noise	cluster_noise	0.0000
13731	Spectrogram 1	1	3432.500000	3433.000000	0	0	9	cluster_9	0.6702
13732	Spectrogram 1	1	3432.750000	3433.250000	0	0	9	cluster_9	0.6788
13733	Spectrogram 1	1	3433.000000	3433.500000	0	0	9	cluster_9	0.6820
13734	Spectrogram 1	1	3433.250000	3433.750000	0	0	noise	cluster_noise	0.0000
13735	Spectrogram 1	1	3433.500000	3434.000000	0	0	9	cluster_9	0.6166
13736	Spectrogram 1	1	3433.750000	3434.250000	0	0	9	cluster_9	0.6030
13737	Spectrogram 1	1	3434.000000	3434.500000	0	0	noise	cluster_noise	0.0000
13738	Spectrogram 1	1	3434.250000	3434.750000	0	0	noise	cluster_noise	0.0000
13739	Spectrogram 1	1	3434.500000	3435.000000	0	0	2	cluster_2	0.9184
13740	Spectrogram 1	1	3434.750000	3435.250000	0	0	2	cluster_2	0.9850
13741	Spectrogram 1	1	3435.000000	3435.500000	0	0	2	cluster_2	0.9967
13742	Spectrogram 1	1	3435.250000	3435.750000	0	0	2	cluster_2	0.9069
13743	Spectrogram 1	1	3435.500000	3436.000000	0	0	2	cluster_2	0.3888
13744	Spectrogram 1	1	3435.750000	3436.250000	0	0	noise	cluster_noise	0.0000
13745	Spectrogram 1	1	3436.000000	3436.500000	0	0	9	cluster_9	0.5718
13746	Spectrogram 1	1	3436.250000	3436.750000	0	0	9	cluster_9	0.9803
13747	Spectrogram 1	1	3436.500000	3437.000000	0	0	9	cluster_9	0.8929
13748	Spectrogram 1	1	3436.750000	3437.250000	0	0	9	cluster_9	1.0000
13749	Spectrogram 1	1	3437.000000	3437.500000	0	0	9	cluster_9	0.9046
13750	Spectrogram 1	1	3437.250000	3437.750000	0	0	9	cluster_9	0.6754
13751	Spectrogram 1	1	3437.500000	3438.000000	0	0	2	cluster_2	0.6227
13752	Spectrogram 1	1	3437.750000	3438.250000	0	0	2	cluster_2	0.5833
13753	Spectrogram 1	1	3438.000000	3438.500000	0	0	2	cluster_2	1.0000
13754	Spectrogram 1	1	3438.250000	3438.750000	0	0	2	cluster_2	0.4216
13755	Spectrogram 1	1	3438.500000	3439.000000	0	0	2	cluster_2	0.4485
13756	Spectrogram 1	1	3438.750000	3439.250000	0	0	2	cluster_2	0.9353
13757	Spectrogram 1	1	3439.000000	3439.500000	0	0	2	cluster_2	0.5787
13758	Spectrogram 1	1	3439.250000	3439.750000	0	0	2	cluster_2	0.5513
13759	Spectrogram 1	1	3439.500000	3440.000000	0	0	2	cluster_2	1.0000
13760	Spectrogram 1	1	3439.750000	3440.250000	0	0	6	cluster_6	1.0000
13761	Spectrogram 1	1	3440.000000	3440.500000	0	0	noise	cluster_noise	0.0000
13762	Spectrogram 1	1	3440.250000	3440.750000	0	0	10	cluster_10	1.0000
13763	Spectrogram 1	1	3440.500000	3441.000000	0	0	10	cluster_10	1.0000
13764	Spectrogram 1	1	3440.750000	3441.250000	0	0	10	cluster_10	1.0000
13765	Spectrogram 1	1	3441.000000	3441.500000	0	0	10	cluster_10	0.9247
13766	Spectrogram 1	1	3441.250000	3441.750000	0	0	10	cluster_10	0.9421
13767	Spectrogram 1	1	3441.500000	3442.000000	0	0	10	cluster_10	1.0000
13768	Spectrogram 1	1	3441.750000	3442.250000	0	0	2	cluster_2	0.8205
13769	Spectrogram 1	1	3442.000000	3442.500000	0	0	2	cluster_2	0.5326
13770	Spectrogram 1	1	3442.250000	3442.750000	0	0	2	cluster_2	0.5635
13771	Spectrogram 1	1	3442.500000	3443.000000	0	0	2	cluster_2	1.0000
13772	Spectrogram 1	1	3442.750000	3443.250000	0	0	2	cluster_2	0.9645
13773	Spectrogram 1	1	3443.000000	3443.500000	0	0	10	cluster_10	0.9736
13774	Spectrogram 1	1	3443.250000	3443.750000	0	0	10	cluster_10	0.8716
13775	Spectrogram 1	1	3443.500000	3444.000000	0	0	10	cluster_10	1.0000
13776	Spectrogram 1	1	3443.750000	3444.250000	0	0	10	cluster_10	1.0000
13777	Spectrogram 1	1	3444.000000	3444.500000	0	0	10	cluster_10	1.0000
13778	Spectrogram 1	1	3444.250000	3444.750000	0	0	10	cluster_10	1.0000
13779	Spectrogram 1	1	3444.500000	3445.000000	0	0	10	cluster_10	0.8783
13780	Spectrogram 1	1	3444.750000	3445.250000	0	0	10	cluster_10	0.8128
13781	Spectrogram 1	1	3445.000000	3445.500000	0	0	10	cluster_10	0.7742
13782	Spectrogram 1	1	3445.250000	3445.750000	0	0	2	cluster_2	0.9875
13783	Spectrogram 1	1	3445.500000	3446.000000	0	0	2	cluster_2	1.0000
13784	Spectrogram 1	1	3445.750000	3446.250000	0	0	2	cluster_2	0.3688
13785	Spectrogram 1	1	3446.000000	3446.500000	0	0	noise	cluster_noise	0.0000
13786	Spectrogram 1	1	3446.250000	3446.750000	0	0	10	cluster_10	0.8256
13787	Spectrogram 1	1	3446.500000	3447.000000	0	0	10	cluster_10	1.0000
13788	Spectrogram 1	1	3446.750000	3447.250000	0	0	10	cluster_10	1.0000
13789	Spectrogram 1	1	3447.000000	3447.500000	0	0	10	cluster_10	1.0000
13790	Spectrogram 1	1	3447.250000	3447.750000	0	0	10	cluster_10	1.0000
13791	Spectrogram 1	1	3447.500000	3448.000000	0	0	10	cluster_10	0.8735
13792	Spectrogram 1	1	3447.750000	3448.250000	0	0	10	cluster_10	0.8983
13793	Spectrogram 1	1	3448.000000	3448.500000	0	0	10	cluster_10	0.8753
13794	Spectrogram 1	1	3448.250000	3448.750000	0	0	2	cluster_2	0.8151
13795	Spectrogram 1	1	3448.500000	3449.000000	0	0	2	cluster_2	0.9658
13796	Spectrogram 1	1	3448.750000	3449.250000	0	0	2	cluster_2	0.7470
13797	Spectrogram 1	1	3449.000000	3449.500000	0	0	2	cluster_2	1.0000
13798	Spectrogram 1	1	3449.250000	3449.750000	0	0	2	cluster_2	0.7405
13799	Spectrogram 1	1	3449.500000	3450.000000	0	0	noise	cluster_noise	0.0000
13800	Spectrogram 1	1	3449.750000	3450.250000	0	0	9	cluster_9	0.8296
13801	Spectrogram 1	1	3450.000000	3450.500000	0	0	9	cluster_9	0.9298
13802	Spectrogram 1	1	3450.250000	3450.750000	0	0	9	cluster_9	0.8397
13803	Spectrogram 1	1	3450.500000	3451.000000	0	0	9	cluster_9	0.6418
13804	Spectrogram 1	1	3450.750000	3451.250000	0	0	9	cluster_9	0.6206
13805	Spectrogram 1	1	3451.000000	3451.500000	0	0	9	cluster_9	0.6493
13806	Spectrogram 1	1	3451.250000	3451.750000	0	0	noise	cluster_noise	0.0000
13807	Spectrogram 1	1	3451.500000	3452.000000	0	0	2	cluster_2	0.5266
13808	Spectrogram 1	1	3451.750000	3452.250000	0	0	2	cluster_2	0.7645
13809	Spectrogram 1	1	3452.000000	3452.500000	0	0	2	cluster_2	0.5540
13810	Spectrogram 1	1	3452.250000	3452.750000	0	0	2	cluster_2	0.6966
13811	Spectrogram 1	1	3452.500000	3453.000000	0	0	2	cluster_2	0.9662
13812	Spectrogram 1	1	3452.750000	3453.250000	0	0	2	cluster_2	0.8675
13813	Spectrogram 1	1	3453.000000	3453.500000	0	0	2	cluster_2	0.9330
13814	Spectrogram 1	1	3453.250000	3453.750000	0	0	2	cluster_2	0.8680
13815	Spectrogram 1	1	3453.500000	3454.000000	0	0	2	cluster_2	0.9892
13816	Spectrogram 1	1	3453.750000	3454.250000	0	0	10	cluster_10	0.8238
13817	Spectrogram 1	1	3454.000000	3454.500000	0	0	noise	cluster_noise	0.0000
13818	Spectrogram 1	1	3454.250000	3454.750000	0	0	10	cluster_10	0.8991
13819	Spectrogram 1	1	3454.500000	3455.000000	0	0	10	cluster_10	1.0000
13820	Spectrogram 1	1	3454.750000	3455.250000	0	0	10	cluster_10	1.0000
13821	Spectrogram 1	1	3455.000000	3455.500000	0	0	10	cluster_10	1.0000
13822	Spectrogram 1	1	3455.250000	3455.750000	0	0	10	cluster_10	1.0000
13823	Spectrogram 1	1	3455.500000	3456.000000	0	0	10	cluster_10	1.0000
13824	Spectrogram 1	1	3455.750000	3456.250000	0	0	10	cluster_10	1.0000
13825	Spectrogram 1	1	3456.000000	3456.500000	0	0	10	cluster_10	0.8103
13826	Spectrogram 1	1	3456.250000	3456.750000	0	0	10	cluster_10	0.8801
13827	Spectrogram 1	1	3456.500000	3457.000000	0	0	noise	cluster_noise	0.0000
13828	Spectrogram 1	1	3456.750000	3457.250000	0	0	2	cluster_2	0.5725
13829	Spectrogram 1	1	3457.000000	3457.500000	0	0	2	cluster_2	0.8975
13830	Spectrogram 1	1	3457.250000	3457.750000	0	0	2	cluster_2	0.9861
13831	Spectrogram 1	1	3457.500000	3458.000000	0	0	2	cluster_2	0.6907
13832	Spectrogram 1	1	3457.750000	3458.250000	0	0	noise	cluster_noise	0.0000
13833	Spectrogram 1	1	3458.000000	3458.500000	0	0	9	cluster_9	0.6312
13834	Spectrogram 1	1	3458.250000	3458.750000	0	0	9	cluster_9	1.0000
13835	Spectrogram 1	1	3458.500000	3459.000000	0	0	9	cluster_9	1.0000
13836	Spectrogram 1	1	3458.750000	3459.250000	0	0	9	cluster_9	0.8935
13837	Spectrogram 1	1	3459.000000	3459.500000	0	0	9	cluster_9	0.7745
13838	Spectrogram 1	1	3459.250000	3459.750000	0	0	9	cluster_9	0.7610
13839	Spectrogram 1	1	3459.500000	3460.000000	0	0	8	cluster_8	0.8837
13840	Spectrogram 1	1	3459.750000	3460.250000	0	0	2	cluster_2	0.9215
13841	Spectrogram 1	1	3460.000000	3460.500000	0	0	2	cluster_2	1.0000
13842	Spectrogram 1	1	3460.250000	3460.750000	0	0	2	cluster_2	0.9548
13843	Spectrogram 1	1	3460.500000	3461.000000	0	0	noise	cluster_noise	0.0000
13844	Spectrogram 1	1	3460.750000	3461.250000	0	0	9	cluster_9	0.6151
13845	Spectrogram 1	1	3461.000000	3461.500000	0	0	9	cluster_9	1.0000
13846	Spectrogram 1	1	3461.250000	3461.750000	0	0	9	cluster_9	1.0000
13847	Spectrogram 1	1	3461.500000	3462.000000	0	0	9	cluster_9	0.9016
13848	Spectrogram 1	1	3461.750000	3462.250000	0	0	9	cluster_9	0.7577
13849	Spectrogram 1	1	3462.000000	3462.500000	0	0	9	cluster_9	0.6878
13850	Spectrogram 1	1	3462.250000	3462.750000	0	0	noise	cluster_noise	0.0000
13851	Spectrogram 1	1	3462.500000	3463.000000	0	0	2	cluster_2	0.8643
13852	Spectrogram 1	1	3462.750000	3463.250000	0	0	2	cluster_2	0.8234
13853	Spectrogram 1	1	3463.000000	3463.500000	0	0	2	cluster_2	0.9770
13854	Spectrogram 1	1	3463.250000	3463.750000	0	0	2	cluster_2	0.9419
13855	Spectrogram 1	1	3463.500000	3464.000000	0	0	2	cluster_2	0.7966
13856	Spectrogram 1	1	3463.750000	3464.250000	0	0	2	cluster_2	0.7530
13857	Spectrogram 1	1	3464.000000	3464.500000	0	0	5	cluster_5	0.7888
13858	Spectrogram 1	1	3464.250000	3464.750000	0	0	5	cluster_5	1.0000
13859	Spectrogram 1	1	3464.500000	3465.000000	0	0	5	cluster_5	0.8870
13860	Spectrogram 1	1	3464.750000	3465.250000	0	0	5	cluster_5	0.8209
13861	Spectrogram 1	1	3465.000000	3465.500000	0	0	5	cluster_5	0.8624
13862	Spectrogram 1	1	3465.250000	3465.750000	0	0	5	cluster_5	0.7284
13863	Spectrogram 1	1	3465.500000	3466.000000	0	0	2	cluster_2	0.4836
13864	Spectrogram 1	1	3465.750000	3466.250000	0	0	2	cluster_2	0.7089
13865	Spectrogram 1	1	3466.000000	3466.500000	0	0	2	cluster_2	0.6466
13866	Spectrogram 1	1	3466.250000	3466.750000	0	0	2	cluster_2	0.9110
13867	Spectrogram 1	1	3466.500000	3467.000000	0	0	2	cluster_2	0.9897
13868	Spectrogram 1	1	3466.750000	3467.250000	0	0	2	cluster_2	0.9774
13869	Spectrogram 1	1	3467.000000	3467.500000	0	0	2	cluster_2	0.8846
13870	Spectrogram 1	1	3467.250000	3467.750000	0	0	2	cluster_2	0.8455
13871	Spectrogram 1	1	3467.500000	3468.000000	0	0	2	cluster_2	0.9606
13872	Spectrogram 1	1	3467.750000	3468.250000	0	0	10	cluster_10	0.8880
13873	Spectrogram 1	1	3468.000000	3468.500000	0	0	10	cluster_10	1.0000
13874	Spectrogram 1	1	3468.250000	3468.750000	0	0	10	cluster_10	1.0000
13875	Spectrogram 1	1	3468.500000	3469.000000	0	0	10	cluster_10	1.0000
13876	Spectrogram 1	1	3468.750000	3469.250000	0	0	10	cluster_10	1.0000
13877	Spectrogram 1	1	3469.000000	3469.500000	0	0	10	cluster_10	1.0000
13878	Spectrogram 1	1	3469.250000	3469.750000	0	0	10	cluster_10	1.0000
13879	Spectrogram 1	1	3469.500000	3470.000000	0	0	10	cluster_10	1.0000
13880	Spectrogram 1	1	3469.750000	3470.250000	0	0	10	cluster_10	0.9117
13881	Spectrogram 1	1	3470.000000	3470.500000	0	0	noise	cluster_noise	0.0000
13882	Spectrogram 1	1	3470.250000	3470.750000	0	0	noise	cluster_noise	0.0000
13883	Spectrogram 1	1	3470.500000	3471.000000	0	0	2	cluster_2	1.0000
13884	Spectrogram 1	1	3470.750000	3471.250000	0	0	2	cluster_2	1.0000
13885	Spectrogram 1	1	3471.000000	3471.500000	0	0	2	cluster_2	0.8412
13886	Spectrogram 1	1	3471.250000	3471.750000	0	0	2	cluster_2	0.7486
13887	Spectrogram 1	1	3471.500000	3472.000000	0	0	5	cluster_5	1.0000
13888	Spectrogram 1	1	3471.750000	3472.250000	0	0	9	cluster_9	0.7474
13889	Spectrogram 1	1	3472.000000	3472.500000	0	0	9	cluster_9	0.8130
13890	Spectrogram 1	1	3472.250000	3472.750000	0	0	9	cluster_9	0.9356
13891	Spectrogram 1	1	3472.500000	3473.000000	0	0	9	cluster_9	0.9177
13892	Spectrogram 1	1	3472.750000	3473.250000	0	0	9	cluster_9	0.6569
13893	Spectrogram 1	1	3473.000000	3473.500000	0	0	9	cluster_9	0.7056
13894	Spectrogram 1	1	3473.250000	3473.750000	0	0	noise	cluster_noise	0.0000
13895	Spectrogram 1	1	3473.500000	3474.000000	0	0	noise	cluster_noise	0.0000
13896	Spectrogram 1	1	3473.750000	3474.250000	0	0	noise	cluster_noise	0.0000
13897	Spectrogram 1	1	3474.000000	3474.500000	0	0	2	cluster_2	0.4902
13898	Spectrogram 1	1	3474.250000	3474.750000	0	0	5	cluster_5	1.0000
13899	Spectrogram 1	1	3474.500000	3475.000000	0	0	9	cluster_9	0.7474
13900	Spectrogram 1	1	3474.750000	3475.250000	0	0	9	cluster_9	0.7506
13901	Spectrogram 1	1	3475.000000	3475.500000	0	0	9	cluster_9	0.9659
13902	Spectrogram 1	1	3475.250000	3475.750000	0	0	9	cluster_9	0.9980
13903	Spectrogram 1	1	3475.500000	3476.000000	0	0	9	cluster_9	0.6515
13904	Spectrogram 1	1	3475.750000	3476.250000	0	0	9	cluster_9	0.6761
13905	Spectrogram 1	1	3476.000000	3476.500000	0	0	8	cluster_8	0.8961
13906	Spectrogram 1	1	3476.250000	3476.750000	0	0	8	cluster_8	0.9571
13907	Spectrogram 1	1	3476.500000	3477.000000	0	0	8	cluster_8	0.9396
13908	Spectrogram 1	1	3476.750000	3477.250000	0	0	2	cluster_2	0.3757
13909	Spectrogram 1	1	3477.000000	3477.500000	0	0	2	cluster_2	0.7439
13910	Spectrogram 1	1	3477.250000	3477.750000	0	0	2	cluster_2	0.8692
13911	Spectrogram 1	1	3477.500000	3478.000000	0	0	2	cluster_2	0.8037
13912	Spectrogram 1	1	3477.750000	3478.250000	0	0	5	cluster_5	0.5153
13913	Spectrogram 1	1	3478.000000	3478.500000	0	0	5	cluster_5	1.0000
13914	Spectrogram 1	1	3478.250000	3478.750000	0	0	5	cluster_5	1.0000
13915	Spectrogram 1	1	3478.500000	3479.000000	0	0	5	cluster_5	1.0000
13916	Spectrogram 1	1	3478.750000	3479.250000	0	0	5	cluster_5	1.0000
13917	Spectrogram 1	1	3479.000000	3479.500000	0	0	5	cluster_5	1.0000
13918	Spectrogram 1	1	3479.250000	3479.750000	0	0	5	cluster_5	1.0000
13919	Spectrogram 1	1	3479.500000	3480.000000	0	0	5	cluster_5	0.8527
13920	Spectrogram 1	1	3479.750000	3480.250000	0	0	2	cluster_2	0.4778
13921	Spectrogram 1	1	3480.000000	3480.500000	0	0	2	cluster_2	0.4518
13922	Spectrogram 1	1	3480.250000	3480.750000	0	0	2	cluster_2	0.6856
13923	Spectrogram 1	1	3480.500000	3481.000000	0	0	2	cluster_2	0.9013
13924	Spectrogram 1	1	3480.750000	3481.250000	0	0	2	cluster_2	0.9332
13925	Spectrogram 1	1	3481.000000	3481.500000	0	0	2	cluster_2	0.5235
13926	Spectrogram 1	1	3481.250000	3481.750000	0	0	10	cluster_10	1.0000
13927	Spectrogram 1	1	3481.500000	3482.000000	0	0	10	cluster_10	1.0000
13928	Spectrogram 1	1	3481.750000	3482.250000	0	0	10	cluster_10	1.0000
13929	Spectrogram 1	1	3482.000000	3482.500000	0	0	10	cluster_10	1.0000
13930	Spectrogram 1	1	3482.250000	3482.750000	0	0	10	cluster_10	1.0000
13931	Spectrogram 1	1	3482.500000	3483.000000	0	0	10	cluster_10	1.0000
13932	Spectrogram 1	1	3482.750000	3483.250000	0	0	15	cluster_15	0.9560
13933	Spectrogram 1	1	3483.000000	3483.500000	0	0	10	cluster_10	0.8186
13934	Spectrogram 1	1	3483.250000	3483.750000	0	0	10	cluster_10	0.7996
13935	Spectrogram 1	1	3483.500000	3484.000000	0	0	10	cluster_10	0.8571
13936	Spectrogram 1	1	3483.750000	3484.250000	0	0	2	cluster_2	0.3393
13937	Spectrogram 1	1	3484.000000	3484.500000	0	0	2	cluster_2	0.6487
13938	Spectrogram 1	1	3484.250000	3484.750000	0	0	2	cluster_2	0.6608
13939	Spectrogram 1	1	3484.500000	3485.000000	0	0	5	cluster_5	1.0000
13940	Spectrogram 1	1	3484.750000	3485.250000	0	0	9	cluster_9	0.7474
13941	Spectrogram 1	1	3485.000000	3485.500000	0	0	9	cluster_9	0.7474
13942	Spectrogram 1	1	3485.250000	3485.750000	0	0	9	cluster_9	1.0000
13943	Spectrogram 1	1	3485.500000	3486.000000	0	0	9	cluster_9	0.8721
13944	Spectrogram 1	1	3485.750000	3486.250000	0	0	noise	cluster_noise	0.0000
13945	Spectrogram 1	1	3486.000000	3486.500000	0	0	9	cluster_9	0.6682
13946	Spectrogram 1	1	3486.250000	3486.750000	0	0	9	cluster_9	0.6432
13947	Spectrogram 1	1	3486.500000	3487.000000	0	0	8	cluster_8	0.8774
13948	Spectrogram 1	1	3486.750000	3487.250000	0	0	2	cluster_2	0.7715
13949	Spectrogram 1	1	3487.000000	3487.500000	0	0	5	cluster_5	0.5395
13950	Spectrogram 1	1	3487.250000	3487.750000	0	0	noise	cluster_noise	0.0000
13951	Spectrogram 1	1	3487.500000	3488.000000	0	0	9	cluster_9	0.7474
13952	Spectrogram 1	1	3487.750000	3488.250000	0	0	9	cluster_9	0.7150
13953	Spectrogram 1	1	3488.000000	3488.500000	0	0	9	cluster_9	0.9562
13954	Spectrogram 1	1	3488.250000	3488.750000	0	0	9	cluster_9	0.9074
13955	Spectrogram 1	1	3488.500000	3489.000000	0	0	9	cluster_9	0.5836
13956	Spectrogram 1	1	3488.750000	3489.250000	0	0	9	cluster_9	0.6341
13957	Spectrogram 1	1	3489.000000	3489.500000	0	0	noise	cluster_noise	0.0000
13958	Spectrogram 1	1	3489.250000	3489.750000	0	0	noise	cluster_noise	0.0000
13959	Spectrogram 1	1	3489.500000	3490.000000	0	0	2	cluster_2	0.7896
13960	Spectrogram 1	1	3489.750000	3490.250000	0	0	2	cluster_2	0.5382
13961	Spectrogram 1	1	3490.000000	3490.500000	0	0	2	cluster_2	0.5678
13962	Spectrogram 1	1	3490.250000	3490.750000	0	0	2	cluster_2	0.8193
13963	Spectrogram 1	1	3490.500000	3491.000000	0	0	5	cluster_5	1.0000
13964	Spectrogram 1	1	3490.750000	3491.250000	0	0	5	cluster_5	1.0000
13965	Spectrogram 1	1	3491.000000	3491.500000	0	0	5	cluster_5	1.0000
13966	Spectrogram 1	1	3491.250000	3491.750000	0	0	5	cluster_5	1.0000
13967	Spectrogram 1	1	3491.500000	3492.000000	0	0	5	cluster_5	0.9901
13968	Spectrogram 1	1	3491.750000	3492.250000	0	0	5	cluster_5	1.0000
13969	Spectrogram 1	1	3492.000000	3492.500000	0	0	5	cluster_5	0.9373
13970	Spectrogram 1	1	3492.250000	3492.750000	0	0	noise	cluster_noise	0.0000
13971	Spectrogram 1	1	3492.500000	3493.000000	0	0	5	cluster_5	0.9841
13972	Spectrogram 1	1	3492.750000	3493.250000	0	0	2	cluster_2	0.5348
13973	Spectrogram 1	1	3493.000000	3493.500000	0	0	2	cluster_2	0.9363
13974	Spectrogram 1	1	3493.250000	3493.750000	0	0	2	cluster_2	0.9501
13975	Spectrogram 1	1	3493.500000	3494.000000	0	0	10	cluster_10	0.9437
13976	Spectrogram 1	1	3493.750000	3494.250000	0	0	10	cluster_10	1.0000
13977	Spectrogram 1	1	3494.000000	3494.500000	0	0	10	cluster_10	1.0000
13978	Spectrogram 1	1	3494.250000	3494.750000	0	0	10	cluster_10	1.0000
13979	Spectrogram 1	1	3494.500000	3495.000000	0	0	10	cluster_10	1.0000
13980	Spectrogram 1	1	3494.750000	3495.250000	0	0	10	cluster_10	1.0000
13981	Spectrogram 1	1	3495.000000	3495.500000	0	0	10	cluster_10	1.0000
13982	Spectrogram 1	1	3495.250000	3495.750000	0	0	10	cluster_10	1.0000
13983	Spectrogram 1	1	3495.500000	3496.000000	0	0	10	cluster_10	0.8221
13984	Spectrogram 1	1	3495.750000	3496.250000	0	0	10	cluster_10	0.7926
13985	Spectrogram 1	1	3496.000000	3496.500000	0	0	noise	cluster_noise	0.0000
13986	Spectrogram 1	1	3496.250000	3496.750000	0	0	2	cluster_2	0.6841
13987	Spectrogram 1	1	3496.500000	3497.000000	0	0	2	cluster_2	0.5764
13988	Spectrogram 1	1	3496.750000	3497.250000	0	0	2	cluster_2	0.7186
13989	Spectrogram 1	1	3497.000000	3497.500000	0	0	5	cluster_5	1.0000
13990	Spectrogram 1	1	3497.250000	3497.750000	0	0	9	cluster_9	0.7474
13991	Spectrogram 1	1	3497.500000	3498.000000	0	0	9	cluster_9	0.7474
13992	Spectrogram 1	1	3497.750000	3498.250000	0	0	9	cluster_9	0.7252
13993	Spectrogram 1	1	3498.000000	3498.500000	0	0	9	cluster_9	0.8219
13994	Spectrogram 1	1	3498.250000	3498.750000	0	0	noise	cluster_noise	0.0000
13995	Spectrogram 1	1	3498.500000	3499.000000	0	0	9	cluster_9	0.6415
13996	Spectrogram 1	1	3498.750000	3499.250000	0	0	8	cluster_8	0.9285
13997	Spectrogram 1	1	3499.000000	3499.500000	0	0	8	cluster_8	0.9064
13998	Spectrogram 1	1	3499.250000	3499.750000	0	0	2	cluster_2	0.4757
13999	Spectrogram 1	1	3499.500000	3500.000000	0	0	5	cluster_5	0.9070
14000	Spectrogram 1	1	3499.750000	3500.250000	0	0	9	cluster_9	0.7474
14001	Spectrogram 1	1	3500.000000	3500.500000	0	0	9	cluster_9	0.7474
14002	Spectrogram 1	1	3500.250000	3500.750000	0	0	9	cluster_9	0.8939
14003	Spectrogram 1	1	3500.500000	3501.000000	0	0	9	cluster_9	0.9448
14004	Spectrogram 1	1	3500.750000	3501.250000	0	0	9	cluster_9	0.7220
14005	Spectrogram 1	1	3501.000000	3501.500000	0	0	9	cluster_9	0.7946
14006	Spectrogram 1	1	3501.250000	3501.750000	0	0	9	cluster_9	0.7060
14007	Spectrogram 1	1	3501.500000	3502.000000	0	0	8	cluster_8	0.9115
14008	Spectrogram 1	1	3501.750000	3502.250000	0	0	2	cluster_2	0.6262
14009	Spectrogram 1	1	3502.000000	3502.500000	0	0	8	cluster_8	1.0000
14010	Spectrogram 1	1	3502.250000	3502.750000	0	0	8	cluster_8	1.0000
14011	Spectrogram 1	1	3502.500000	3503.000000	0	0	2	cluster_2	0.6776
14012	Spectrogram 1	1	3502.750000	3503.250000	0	0	2	cluster_2	0.6378
14013	Spectrogram 1	1	3503.000000	3503.500000	0	0	noise	cluster_noise	0.0000
14014	Spectrogram 1	1	3503.250000	3503.750000	0	0	5	cluster_5	0.5995
14015	Spectrogram 1	1	3503.500000	3504.000000	0	0	5	cluster_5	0.9942
14016	Spectrogram 1	1	3503.750000	3504.250000	0	0	5	cluster_5	1.0000
14017	Spectrogram 1	1	3504.000000	3504.500000	0	0	5	cluster_5	1.0000
14018	Spectrogram 1	1	3504.250000	3504.750000	0	0	5	cluster_5	0.9713
14019	Spectrogram 1	1	3504.500000	3505.000000	0	0	5	cluster_5	0.9836
14020	Spectrogram 1	1	3504.750000	3505.250000	0	0	noise	cluster_noise	0.0000
14021	Spectrogram 1	1	3505.000000	3505.500000	0	0	2	cluster_2	0.5967
14022	Spectrogram 1	1	3505.250000	3505.750000	0	0	noise	cluster_noise	0.0000
14023	Spectrogram 1	1	3505.500000	3506.000000	0	0	2	cluster_2	0.7031
14024	Spectrogram 1	1	3505.750000	3506.250000	0	0	2	cluster_2	0.4505
14025	Spectrogram 1	1	3506.000000	3506.500000	0	0	2	cluster_2	0.5847
14026	Spectrogram 1	1	3506.250000	3506.750000	0	0	10	cluster_10	0.9806
14027	Spectrogram 1	1	3506.500000	3507.000000	0	0	10	cluster_10	1.0000
14028	Spectrogram 1	1	3506.750000	3507.250000	0	0	10	cluster_10	1.0000
14029	Spectrogram 1	1	3507.000000	3507.500000	0	0	10	cluster_10	1.0000
14030	Spectrogram 1	1	3507.250000	3507.750000	0	0	10	cluster_10	1.0000
14031	Spectrogram 1	1	3507.500000	3508.000000	0	0	10	cluster_10	1.0000
14032	Spectrogram 1	1	3507.750000	3508.250000	0	0	15	cluster_15	1.0000
14033	Spectrogram 1	1	3508.000000	3508.500000	0	0	2	cluster_2	0.5136
14034	Spectrogram 1	1	3508.250000	3508.750000	0	0	2	cluster_2	0.5579
14035	Spectrogram 1	1	3508.500000	3509.000000	0	0	2	cluster_2	0.6253
14036	Spectrogram 1	1	3508.750000	3509.250000	0	0	2	cluster_2	0.7501
14037	Spectrogram 1	1	3509.000000	3509.500000	0	0	2	cluster_2	0.5606
14038	Spectrogram 1	1	3509.250000	3509.750000	0	0	2	cluster_2	0.5460
14039	Spectrogram 1	1	3509.500000	3510.000000	0	0	2	cluster_2	0.8499
14040	Spectrogram 1	1	3509.750000	3510.250000	0	0	12	cluster_12	0.9111
14041	Spectrogram 1	1	3510.000000	3510.500000	0	0	noise	cluster_noise	0.0000
14042	Spectrogram 1	1	3510.250000	3510.750000	0	0	9	cluster_9	0.7474
14043	Spectrogram 1	1	3510.500000	3511.000000	0	0	9	cluster_9	0.9602
14044	Spectrogram 1	1	3510.750000	3511.250000	0	0	9	cluster_9	0.9014
14045	Spectrogram 1	1	3511.000000	3511.500000	0	0	9	cluster_9	0.8739
14046	Spectrogram 1	1	3511.250000	3511.750000	0	0	9	cluster_9	0.7036
14047	Spectrogram 1	1	3511.500000	3512.000000	0	0	9	cluster_9	0.7169
14048	Spectrogram 1	1	3511.750000	3512.250000	0	0	8	cluster_8	0.9550
14049	Spectrogram 1	1	3512.000000	3512.500000	0	0	12	cluster_12	0.7877
14050	Spectrogram 1	1	3512.250000	3512.750000	0	0	5	cluster_5	1.0000
14051	Spectrogram 1	1	3512.500000	3513.000000	0	0	9	cluster_9	0.6751
14052	Spectrogram 1	1	3512.750000	3513.250000	0	0	9	cluster_9	0.7474
14053	Spectrogram 1	1	3513.000000	3513.500000	0	0	9	cluster_9	0.9202
14054	Spectrogram 1	1	3513.250000	3513.750000	0	0	9	cluster_9	0.9448
14055	Spectrogram 1	1	3513.500000	3514.000000	0	0	9	cluster_9	0.7206
14056	Spectrogram 1	1	3513.750000	3514.250000	0	0	9	cluster_9	0.5609
14057	Spectrogram 1	1	3514.000000	3514.500000	0	0	8	cluster_8	0.9027
14058	Spectrogram 1	1	3514.250000	3514.750000	0	0	noise	cluster_noise	0.0000
14059	Spectrogram 1	1	3514.500000	3515.000000	0	0	2	cluster_2	0.5541
14060	Spectrogram 1	1	3514.750000	3515.250000	0	0	2	cluster_2	0.8769
14061	Spectrogram 1	1	3515.000000	3515.500000	0	0	2	cluster_2	0.7867
14062	Spectrogram 1	1	3515.250000	3515.750000	0	0	2	cluster_2	0.5607
14063	Spectrogram 1	1	3515.500000	3516.000000	0	0	2	cluster_2	0.5259
14064	Spectrogram 1	1	3515.750000	3516.250000	0	0	5	cluster_5	1.0000
14065	Spectrogram 1	1	3516.000000	3516.500000	0	0	5	cluster_5	1.0000
14066	Spectrogram 1	1	3516.250000	3516.750000	0	0	5	cluster_5	1.0000
14067	Spectrogram 1	1	3516.500000	3517.000000	0	0	5	cluster_5	1.0000
14068	Spectrogram 1	1	3516.750000	3517.250000	0	0	5	cluster_5	1.0000
14069	Spectrogram 1	1	3517.000000	3517.500000	0	0	5	cluster_5	0.7512
14070	Spectrogram 1	1	3517.250000	3517.750000	0	0	5	cluster_5	0.6826
14071	Spectrogram 1	1	3517.500000	3518.000000	0	0	2	cluster_2	0.6204
14072	Spectrogram 1	1	3517.750000	3518.250000	0	0	2	cluster_2	0.6141
14073	Spectrogram 1	1	3518.000000	3518.500000	0	0	2	cluster_2	0.5912
14074	Spectrogram 1	1	3518.250000	3518.750000	0	0	2	cluster_2	0.6843
14075	Spectrogram 1	1	3518.500000	3519.000000	0	0	2	cluster_2	0.8355
14076	Spectrogram 1	1	3518.750000	3519.250000	0	0	10	cluster_10	0.8190
14077	Spectrogram 1	1	3519.000000	3519.500000	0	0	10	cluster_10	1.0000
14078	Spectrogram 1	1	3519.250000	3519.750000	0	0	10	cluster_10	1.0000
14079	Spectrogram 1	1	3519.500000	3520.000000	0	0	10	cluster_10	1.0000
14080	Spectrogram 1	1	3519.750000	3520.250000	0	0	10	cluster_10	1.0000
14081	Spectrogram 1	1	3520.000000	3520.500000	0	0	10	cluster_10	1.0000
14082	Spectrogram 1	1	3520.250000	3520.750000	0	0	10	cluster_10	1.0000
14083	Spectrogram 1	1	3520.500000	3521.000000	0	0	10	cluster_10	0.9699
14084	Spectrogram 1	1	3520.750000	3521.250000	0	0	noise	cluster_noise	0.0000
14085	Spectrogram 1	1	3521.000000	3521.500000	0	0	noise	cluster_noise	0.0000
14086	Spectrogram 1	1	3521.250000	3521.750000	0	0	2	cluster_2	1.0000
14087	Spectrogram 1	1	3521.500000	3522.000000	0	0	2	cluster_2	0.9930
14088	Spectrogram 1	1	3521.750000	3522.250000	0	0	2	cluster_2	0.5636
14089	Spectrogram 1	1	3522.000000	3522.500000	0	0	2	cluster_2	0.4652
14090	Spectrogram 1	1	3522.250000	3522.750000	0	0	noise	cluster_noise	0.0000
14091	Spectrogram 1	1	3522.500000	3523.000000	0	0	5	cluster_5	0.5720
14092	Spectrogram 1	1	3522.750000	3523.250000	0	0	9	cluster_9	0.7474
14093	Spectrogram 1	1	3523.000000	3523.500000	0	0	9	cluster_9	0.7474
14094	Spectrogram 1	1	3523.250000	3523.750000	0	0	9	cluster_9	0.9605
14095	Spectrogram 1	1	3523.500000	3524.000000	0	0	9	cluster_9	0.9448
14096	Spectrogram 1	1	3523.750000	3524.250000	0	0	9	cluster_9	0.6516
14097	Spectrogram 1	1	3524.000000	3524.500000	0	0	9	cluster_9	0.7648
14098	Spectrogram 1	1	3524.250000	3524.750000	0	0	9	cluster_9	0.7471
14099	Spectrogram 1	1	3524.500000	3525.000000	0	0	8	cluster_8	0.9342
14100	Spectrogram 1	1	3524.750000	3525.250000	0	0	noise	cluster_noise	0.0000
14101	Spectrogram 1	1	3525.000000	3525.500000	0	0	5	cluster_5	0.8724
14102	Spectrogram 1	1	3525.250000	3525.750000	0	0	5	cluster_5	0.8343
14103	Spectrogram 1	1	3525.500000	3526.000000	0	0	9	cluster_9	0.7474
14104	Spectrogram 1	1	3525.750000	3526.250000	0	0	9	cluster_9	0.7474
14105	Spectrogram 1	1	3526.000000	3526.500000	0	0	9	cluster_9	0.9864
14106	Spectrogram 1	1	3526.250000	3526.750000	0	0	9	cluster_9	0.5913
14107	Spectrogram 1	1	3526.500000	3527.000000	0	0	9	cluster_9	0.5688
14108	Spectrogram 1	1	3526.750000	3527.250000	0	0	9	cluster_9	0.7634
14109	Spectrogram 1	1	3527.000000	3527.500000	0	0	9	cluster_9	0.6400
14110	Spectrogram 1	1	3527.250000	3527.750000	0	0	8	cluster_8	0.9146
14111	Spectrogram 1	1	3527.500000	3528.000000	0	0	2	cluster_2	0.9044
14112	Spectrogram 1	1	3527.750000	3528.250000	0	0	2	cluster_2	0.9270
14113	Spectrogram 1	1	3528.000000	3528.500000	0	0	8	cluster_8	0.8845
14114	Spectrogram 1	1	3528.250000	3528.750000	0	0	2	cluster_2	0.4884
14115	Spectrogram 1	1	3528.500000	3529.000000	0	0	noise	cluster_noise	0.0000
14116	Spectrogram 1	1	3528.750000	3529.250000	0	0	5	cluster_5	0.9704
14117	Spectrogram 1	1	3529.000000	3529.500000	0	0	5	cluster_5	1.0000
14118	Spectrogram 1	1	3529.250000	3529.750000	0	0	5	cluster_5	1.0000
14119	Spectrogram 1	1	3529.500000	3530.000000	0	0	5	cluster_5	1.0000
14120	Spectrogram 1	1	3529.750000	3530.250000	0	0	5	cluster_5	1.0000
14121	Spectrogram 1	1	3530.000000	3530.500000	0	0	5	cluster_5	0.5174
14122	Spectrogram 1	1	3530.250000	3530.750000	0	0	2	cluster_2	0.4809
14123	Spectrogram 1	1	3530.500000	3531.000000	0	0	2	cluster_2	0.4348
14124	Spectrogram 1	1	3530.750000	3531.250000	0	0	2	cluster_2	0.5713
14125	Spectrogram 1	1	3531.000000	3531.500000	0	0	10	cluster_10	1.0000
14126	Spectrogram 1	1	3531.250000	3531.750000	0	0	10	cluster_10	1.0000
14127	Spectrogram 1	1	3531.500000	3532.000000	0	0	noise	cluster_noise	0.0000
14128	Spectrogram 1	1	3531.750000	3532.250000	0	0	10	cluster_10	0.8610
14129	Spectrogram 1	1	3532.000000	3532.500000	0	0	10	cluster_10	0.8978
14130	Spectrogram 1	1	3532.250000	3532.750000	0	0	10	cluster_10	0.9087
14131	Spectrogram 1	1	3532.500000	3533.000000	0	0	10	cluster_10	1.0000
14132	Spectrogram 1	1	3532.750000	3533.250000	0	0	10	cluster_10	1.0000
14133	Spectrogram 1	1	3533.000000	3533.500000	0	0	10	cluster_10	1.0000
14134	Spectrogram 1	1	3533.250000	3533.750000	0	0	10	cluster_10	0.9902
14135	Spectrogram 1	1	3533.500000	3534.000000	0	0	10	cluster_10	0.9117
14136	Spectrogram 1	1	3533.750000	3534.250000	0	0	10	cluster_10	0.9816
14137	Spectrogram 1	1	3534.000000	3534.500000	0	0	10	cluster_10	0.9685
14138	Spectrogram 1	1	3534.250000	3534.750000	0	0	2	cluster_2	0.9625
14139	Spectrogram 1	1	3534.500000	3535.000000	0	0	2	cluster_2	0.9234
14140	Spectrogram 1	1	3534.750000	3535.250000	0	0	2	cluster_2	0.9938
14141	Spectrogram 1	1	3535.000000	3535.500000	0	0	12	cluster_12	0.7703
14142	Spectrogram 1	1	3535.250000	3535.750000	0	0	12	cluster_12	0.7460
14143	Spectrogram 1	1	3535.500000	3536.000000	0	0	5	cluster_5	1.0000
14144	Spectrogram 1	1	3535.750000	3536.250000	0	0	noise	cluster_noise	0.0000
14145	Spectrogram 1	1	3536.000000	3536.500000	0	0	9	cluster_9	0.7474
14146	Spectrogram 1	1	3536.250000	3536.750000	0	0	9	cluster_9	1.0000
14147	Spectrogram 1	1	3536.500000	3537.000000	0	0	9	cluster_9	0.9160
14148	Spectrogram 1	1	3536.750000	3537.250000	0	0	9	cluster_9	0.8911
14149	Spectrogram 1	1	3537.000000	3537.500000	0	0	9	cluster_9	0.6729
14150	Spectrogram 1	1	3537.250000	3537.750000	0	0	9	cluster_9	0.5943
14151	Spectrogram 1	1	3537.500000	3538.000000	0	0	8	cluster_8	0.9353
14152	Spectrogram 1	1	3537.750000	3538.250000	0	0	8	cluster_8	0.9255
14153	Spectrogram 1	1	3538.000000	3538.500000	0	0	8	cluster_8	0.9287
14154	Spectrogram 1	1	3538.250000	3538.750000	0	0	2	cluster_2	0.4825
14155	Spectrogram 1	1	3538.500000	3539.000000	0	0	8	cluster_8	0.9140
14156	Spectrogram 1	1	3538.750000	3539.250000	0	0	2	cluster_2	0.9227
14157	Spectrogram 1	1	3539.000000	3539.500000	0	0	2	cluster_2	0.6638
14158	Spectrogram 1	1	3539.250000	3539.750000	0	0	5	cluster_5	1.0000
14159	Spectrogram 1	1	3539.500000	3540.000000	0	0	5	cluster_5	0.8333
14160	Spectrogram 1	1	3539.750000	3540.250000	0	0	5	cluster_5	0.5790
14161	Spectrogram 1	1	3540.000000	3540.500000	0	0	5	cluster_5	0.6960
14162	Spectrogram 1	1	3540.250000	3540.750000	0	0	5	cluster_5	0.8487
14163	Spectrogram 1	1	3540.500000	3541.000000	0	0	5	cluster_5	0.6427
14164	Spectrogram 1	1	3540.750000	3541.250000	0	0	noise	cluster_noise	0.0000
14165	Spectrogram 1	1	3541.000000	3541.500000	0	0	noise	cluster_noise	0.0000
14166	Spectrogram 1	1	3541.250000	3541.750000	0	0	5	cluster_5	0.7512
14167	Spectrogram 1	1	3541.500000	3542.000000	0	0	10	cluster_10	1.0000
14168	Spectrogram 1	1	3541.750000	3542.250000	0	0	10	cluster_10	1.0000
14169	Spectrogram 1	1	3542.000000	3542.500000	0	0	10	cluster_10	1.0000
14170	Spectrogram 1	1	3542.250000	3542.750000	0	0	10	cluster_10	1.0000
14171	Spectrogram 1	1	3542.500000	3543.000000	0	0	10	cluster_10	0.8749
14172	Spectrogram 1	1	3542.750000	3543.250000	0	0	10	cluster_10	0.9658
14173	Spectrogram 1	1	3543.000000	3543.500000	0	0	10	cluster_10	1.0000
14174	Spectrogram 1	1	3543.250000	3543.750000	0	0	10	cluster_10	1.0000
14175	Spectrogram 1	1	3543.500000	3544.000000	0	0	10	cluster_10	1.0000
14176	Spectrogram 1	1	3543.750000	3544.250000	0	0	10	cluster_10	1.0000
14177	Spectrogram 1	1	3544.000000	3544.500000	0	0	10	cluster_10	0.9544
14178	Spectrogram 1	1	3544.250000	3544.750000	0	0	2	cluster_2	0.5637
14179	Spectrogram 1	1	3544.500000	3545.000000	0	0	2	cluster_2	0.3382
14180	Spectrogram 1	1	3544.750000	3545.250000	0	0	2	cluster_2	0.8529
14181	Spectrogram 1	1	3545.000000	3545.500000	0	0	2	cluster_2	0.7603
14182	Spectrogram 1	1	3545.250000	3545.750000	0	0	2	cluster_2	0.8646
14183	Spectrogram 1	1	3545.500000	3546.000000	0	0	2	cluster_2	0.9286
14184	Spectrogram 1	1	3545.750000	3546.250000	0	0	2	cluster_2	0.5662
14185	Spectrogram 1	1	3546.000000	3546.500000	0	0	12	cluster_12	0.8586
14186	Spectrogram 1	1	3546.250000	3546.750000	0	0	12	cluster_12	0.9176
14187	Spectrogram 1	1	3546.500000	3547.000000	0	0	5	cluster_5	0.9958
14188	Spectrogram 1	1	3546.750000	3547.250000	0	0	noise	cluster_noise	0.0000
14189	Spectrogram 1	1	3547.000000	3547.500000	0	0	5	cluster_5	0.6587
14190	Spectrogram 1	1	3547.250000	3547.750000	0	0	9	cluster_9	0.7474
14191	Spectrogram 1	1	3547.500000	3548.000000	0	0	9	cluster_9	0.7474
14192	Spectrogram 1	1	3547.750000	3548.250000	0	0	9	cluster_9	0.8569
14193	Spectrogram 1	1	3548.000000	3548.500000	0	0	9	cluster_9	0.8475
14194	Spectrogram 1	1	3548.250000	3548.750000	0	0	noise	cluster_noise	0.0000
14195	Spectrogram 1	1	3548.500000	3549.000000	0	0	2	cluster_2	0.3871
14196	Spectrogram 1	1	3548.750000	3549.250000	0	0	2	cluster_2	0.6682
14197	Spectrogram 1	1	3549.000000	3549.500000	0	0	2	cluster_2	0.7481
14198	Spectrogram 1	1	3549.250000	3549.750000	0	0	2	cluster_2	0.8569
14199	Spectrogram 1	1	3549.500000	3550.000000	0	0	2	cluster_2	0.9284
14200	Spectrogram 1	1	3549.750000	3550.250000	0	0	2	cluster_2	0.9199
14201	Spectrogram 1	1	3550.000000	3550.500000	0	0	2	cluster_2	0.9078
14202	Spectrogram 1	1	3550.250000	3550.750000	0	0	noise	cluster_noise	0.0000
14203	Spectrogram 1	1	3550.500000	3551.000000	0	0	5	cluster_5	1.0000
14204	Spectrogram 1	1	3550.750000	3551.250000	0	0	5	cluster_5	0.8829
14205	Spectrogram 1	1	3551.000000	3551.500000	0	0	5	cluster_5	0.6020
14206	Spectrogram 1	1	3551.250000	3551.750000	0	0	5	cluster_5	0.8462
14207	Spectrogram 1	1	3551.500000	3552.000000	0	0	5	cluster_5	0.9088
14208	Spectrogram 1	1	3551.750000	3552.250000	0	0	5	cluster_5	0.8973
14209	Spectrogram 1	1	3552.000000	3552.500000	0	0	2	cluster_2	0.4114
14210	Spectrogram 1	1	3552.250000	3552.750000	0	0	noise	cluster_noise	0.0000
14211	Spectrogram 1	1	3552.500000	3553.000000	0	0	10	cluster_10	1.0000
14212	Spectrogram 1	1	3552.750000	3553.250000	0	0	10	cluster_10	1.0000
14213	Spectrogram 1	1	3553.000000	3553.500000	0	0	10	cluster_10	0.9265
14214	Spectrogram 1	1	3553.250000	3553.750000	0	0	noise	cluster_noise	0.0000
14215	Spectrogram 1	1	3553.500000	3554.000000	0	0	10	cluster_10	0.9930
14216	Spectrogram 1	1	3553.750000	3554.250000	0	0	10	cluster_10	0.8312
14217	Spectrogram 1	1	3554.000000	3554.500000	0	0	10	cluster_10	1.0000
14218	Spectrogram 1	1	3554.250000	3554.750000	0	0	10	cluster_10	1.0000
14219	Spectrogram 1	1	3554.500000	3555.000000	0	0	10	cluster_10	1.0000
14220	Spectrogram 1	1	3554.750000	3555.250000	0	0	10	cluster_10	1.0000
14221	Spectrogram 1	1	3555.000000	3555.500000	0	0	noise	cluster_noise	0.0000
14222	Spectrogram 1	1	3555.250000	3555.750000	0	0	10	cluster_10	0.9856
14223	Spectrogram 1	1	3555.500000	3556.000000	0	0	10	cluster_10	0.9641
14224	Spectrogram 1	1	3555.750000	3556.250000	0	0	2	cluster_2	0.4072
14225	Spectrogram 1	1	3556.000000	3556.500000	0	0	2	cluster_2	0.8896
14226	Spectrogram 1	1	3556.250000	3556.750000	0	0	2	cluster_2	0.9594
14227	Spectrogram 1	1	3556.500000	3557.000000	0	0	2	cluster_2	0.6480
14228	Spectrogram 1	1	3556.750000	3557.250000	0	0	2	cluster_2	0.7331
14229	Spectrogram 1	1	3557.000000	3557.500000	0	0	2	cluster_2	0.8426
14230	Spectrogram 1	1	3557.250000	3557.750000	0	0	12	cluster_12	0.8915
14231	Spectrogram 1	1	3557.500000	3558.000000	0	0	12	cluster_12	0.8646
14232	Spectrogram 1	1	3557.750000	3558.250000	0	0	noise	cluster_noise	0.0000
14233	Spectrogram 1	1	3558.000000	3558.500000	0	0	noise	cluster_noise	0.0000
14234	Spectrogram 1	1	3558.250000	3558.750000	0	0	noise	cluster_noise	0.0000
14235	Spectrogram 1	1	3558.500000	3559.000000	0	0	noise	cluster_noise	0.0000
14236	Spectrogram 1	1	3558.750000	3559.250000	0	0	5	cluster_5	0.8417
14237	Spectrogram 1	1	3559.000000	3559.500000	0	0	2	cluster_2	0.6861
14238	Spectrogram 1	1	3559.250000	3559.750000	0	0	12	cluster_12	0.8329
14239	Spectrogram 1	1	3559.500000	3560.000000	0	0	2	cluster_2	0.4917
14240	Spectrogram 1	1	3559.750000	3560.250000	0	0	2	cluster_2	0.8148
14241	Spectrogram 1	1	3560.000000	3560.500000	0	0	2	cluster_2	0.7836
14242	Spectrogram 1	1	3560.250000	3560.750000	0	0	2	cluster_2	0.7557
14243	Spectrogram 1	1	3560.500000	3561.000000	0	0	2	cluster_2	0.8656
14244	Spectrogram 1	1	3560.750000	3561.250000	0	0	2	cluster_2	0.8526
14245	Spectrogram 1	1	3561.000000	3561.500000	0	0	2	cluster_2	1.0000
14246	Spectrogram 1	1	3561.250000	3561.750000	0	0	5	cluster_5	0.6733
14247	Spectrogram 1	1	3561.500000	3562.000000	0	0	5	cluster_5	0.9269
14248	Spectrogram 1	1	3561.750000	3562.250000	0	0	5	cluster_5	0.8737
14249	Spectrogram 1	1	3562.000000	3562.500000	0	0	5	cluster_5	0.9972
14250	Spectrogram 1	1	3562.250000	3562.750000	0	0	5	cluster_5	0.9467
14251	Spectrogram 1	1	3562.500000	3563.000000	0	0	5	cluster_5	0.7400
14252	Spectrogram 1	1	3562.750000	3563.250000	0	0	noise	cluster_noise	0.0000
14253	Spectrogram 1	1	3563.000000	3563.500000	0	0	noise	cluster_noise	0.0000
14254	Spectrogram 1	1	3563.250000	3563.750000	0	0	noise	cluster_noise	0.0000
14255	Spectrogram 1	1	3563.500000	3564.000000	0	0	10	cluster_10	1.0000
14256	Spectrogram 1	1	3563.750000	3564.250000	0	0	10	cluster_10	1.0000
14257	Spectrogram 1	1	3564.000000	3564.500000	0	0	10	cluster_10	1.0000
14258	Spectrogram 1	1	3564.250000	3564.750000	0	0	10	cluster_10	0.8545
14259	Spectrogram 1	1	3564.500000	3565.000000	0	0	10	cluster_10	0.8838
14260	Spectrogram 1	1	3564.750000	3565.250000	0	0	10	cluster_10	0.9511
14261	Spectrogram 1	1	3565.000000	3565.500000	0	0	10	cluster_10	1.0000
14262	Spectrogram 1	1	3565.250000	3565.750000	0	0	10	cluster_10	0.8065
14263	Spectrogram 1	1	3565.500000	3566.000000	0	0	10	cluster_10	0.8019
14264	Spectrogram 1	1	3565.750000	3566.250000	0	0	noise	cluster_noise	0.0000
14265	Spectrogram 1	1	3566.000000	3566.500000	0	0	10	cluster_10	0.8065
14266	Spectrogram 1	1	3566.250000	3566.750000	0	0	noise	cluster_noise	0.0000
14267	Spectrogram 1	1	3566.500000	3567.000000	0	0	2	cluster_2	0.8041
14268	Spectrogram 1	1	3566.750000	3567.250000	0	0	2	cluster_2	0.7888
14269	Spectrogram 1	1	3567.000000	3567.500000	0	0	2	cluster_2	0.6915
14270	Spectrogram 1	1	3567.250000	3567.750000	0	0	2	cluster_2	0.7845
14271	Spectrogram 1	1	3567.500000	3568.000000	0	0	2	cluster_2	0.8400
14272	Spectrogram 1	1	3567.750000	3568.250000	0	0	2	cluster_2	0.8430
14273	Spectrogram 1	1	3568.000000	3568.500000	0	0	2	cluster_2	0.9892
14274	Spectrogram 1	1	3568.250000	3568.750000	0	0	2	cluster_2	0.8538
14275	Spectrogram 1	1	3568.500000	3569.000000	0	0	12	cluster_12	0.8088
14276	Spectrogram 1	1	3568.750000	3569.250000	0	0	noise	cluster_noise	0.0000
14277	Spectrogram 1	1	3569.000000	3569.500000	0	0	noise	cluster_noise	0.0000
14278	Spectrogram 1	1	3569.250000	3569.750000	0	0	noise	cluster_noise	0.0000
14279	Spectrogram 1	1	3569.500000	3570.000000	0	0	noise	cluster_noise	0.0000
14280	Spectrogram 1	1	3569.750000	3570.250000	0	0	12	cluster_12	0.8569
14281	Spectrogram 1	1	3570.000000	3570.500000	0	0	noise	cluster_noise	0.0000
14282	Spectrogram 1	1	3570.250000	3570.750000	0	0	2	cluster_2	0.3252
14283	Spectrogram 1	1	3570.500000	3571.000000	0	0	2	cluster_2	0.8776
14284	Spectrogram 1	1	3570.750000	3571.250000	0	0	2	cluster_2	0.7206
14285	Spectrogram 1	1	3571.000000	3571.500000	0	0	2	cluster_2	0.7129
14286	Spectrogram 1	1	3571.250000	3571.750000	0	0	2	cluster_2	0.5618
14287	Spectrogram 1	1	3571.500000	3572.000000	0	0	2	cluster_2	0.7213
14288	Spectrogram 1	1	3571.750000	3572.250000	0	0	2	cluster_2	0.8770
14289	Spectrogram 1	1	3572.000000	3572.500000	0	0	2	cluster_2	0.7679
14290	Spectrogram 1	1	3572.250000	3572.750000	0	0	2	cluster_2	0.9154
14291	Spectrogram 1	1	3572.500000	3573.000000	0	0	5	cluster_5	0.5647
14292	Spectrogram 1	1	3572.750000	3573.250000	0	0	5	cluster_5	0.9452
14293	Spectrogram 1	1	3573.000000	3573.500000	0	0	5	cluster_5	1.0000
14294	Spectrogram 1	1	3573.250000	3573.750000	0	0	5	cluster_5	1.0000
14295	Spectrogram 1	1	3573.500000	3574.000000	0	0	5	cluster_5	1.0000
14296	Spectrogram 1	1	3573.750000	3574.250000	0	0	5	cluster_5	0.9861
14297	Spectrogram 1	1	3574.000000	3574.500000	0	0	5	cluster_5	1.0000
14298	Spectrogram 1	1	3574.250000	3574.750000	0	0	5	cluster_5	0.5701
14299	Spectrogram 1	1	3574.500000	3575.000000	0	0	2	cluster_2	0.3745
14300	Spectrogram 1	1	3574.750000	3575.250000	0	0	2	cluster_2	0.3346
14301	Spectrogram 1	1	3575.000000	3575.500000	0	0	10	cluster_10	1.0000
14302	Spectrogram 1	1	3575.250000	3575.750000	0	0	10	cluster_10	1.0000
14303	Spectrogram 1	1	3575.500000	3576.000000	0	0	10	cluster_10	1.0000
14304	Spectrogram 1	1	3575.750000	3576.250000	0	0	10	cluster_10	0.8920
14305	Spectrogram 1	1	3576.000000	3576.500000	0	0	10	cluster_10	0.9812
14306	Spectrogram 1	1	3576.250000	3576.750000	0	0	10	cluster_10	0.8854
14307	Spectrogram 1	1	3576.500000	3577.000000	0	0	noise	cluster_noise	0.0000
14308	Spectrogram 1	1	3576.750000	3577.250000	0	0	noise	cluster_noise	0.0000
14309	Spectrogram 1	1	3577.000000	3577.500000	0	0	2	cluster_2	0.3473
14310	Spectrogram 1	1	3577.250000	3577.750000	0	0	2	cluster_2	0.5072
14311	Spectrogram 1	1	3577.500000	3578.000000	0	0	2	cluster_2	0.5210
14312	Spectrogram 1	1	3577.750000	3578.250000	0	0	2	cluster_2	0.5445
14313	Spectrogram 1	1	3578.000000	3578.500000	0	0	2	cluster_2	0.6902
14314	Spectrogram 1	1	3578.250000	3578.750000	0	0	2	cluster_2	0.7607
14315	Spectrogram 1	1	3578.500000	3579.000000	0	0	2	cluster_2	0.8332
14316	Spectrogram 1	1	3578.750000	3579.250000	0	0	2	cluster_2	1.0000
14317	Spectrogram 1	1	3579.000000	3579.500000	0	0	2	cluster_2	0.9567
14318	Spectrogram 1	1	3579.250000	3579.750000	0	0	2	cluster_2	0.6146
14319	Spectrogram 1	1	3579.500000	3580.000000	0	0	12	cluster_12	0.9023
14320	Spectrogram 1	1	3579.750000	3580.250000	0	0	noise	cluster_noise	0.0000
14321	Spectrogram 1	1	3580.000000	3580.500000	0	0	noise	cluster_noise	0.0000
14322	Spectrogram 1	1	3580.250000	3580.750000	0	0	noise	cluster_noise	0.0000
14323	Spectrogram 1	1	3580.500000	3581.000000	0	0	noise	cluster_noise	0.0000
14324	Spectrogram 1	1	3580.750000	3581.250000	0	0	noise	cluster_noise	0.0000
14325	Spectrogram 1	1	3581.000000	3581.500000	0	0	noise	cluster_noise	0.0000
14326	Spectrogram 1	1	3581.250000	3581.750000	0	0	2	cluster_2	0.5293
14327	Spectrogram 1	1	3581.500000	3582.000000	0	0	2	cluster_2	0.6806
14328	Spectrogram 1	1	3581.750000	3582.250000	0	0	2	cluster_2	0.7723
14329	Spectrogram 1	1	3582.000000	3582.500000	0	0	2	cluster_2	0.6357
14330	Spectrogram 1	1	3582.250000	3582.750000	0	0	2	cluster_2	0.6549
14331	Spectrogram 1	1	3582.500000	3583.000000	0	0	2	cluster_2	0.6588
14332	Spectrogram 1	1	3582.750000	3583.250000	0	0	2	cluster_2	0.7008
14333	Spectrogram 1	1	3583.000000	3583.500000	0	0	2	cluster_2	0.6611
14334	Spectrogram 1	1	3583.250000	3583.750000	0	0	2	cluster_2	0.6882
14335	Spectrogram 1	1	3583.500000	3584.000000	0	0	5	cluster_5	1.0000
14336	Spectrogram 1	1	3583.750000	3584.250000	0	0	5	cluster_5	0.9749
14337	Spectrogram 1	1	3584.000000	3584.500000	0	0	5	cluster_5	1.0000
14338	Spectrogram 1	1	3584.250000	3584.750000	0	0	5	cluster_5	1.0000
14339	Spectrogram 1	1	3584.500000	3585.000000	0	0	5	cluster_5	1.0000
14340	Spectrogram 1	1	3584.750000	3585.250000	0	0	5	cluster_5	0.9314
14341	Spectrogram 1	1	3585.000000	3585.500000	0	0	5	cluster_5	0.9528
14342	Spectrogram 1	1	3585.250000	3585.750000	0	0	noise	cluster_noise	0.0000
14343	Spectrogram 1	1	3585.500000	3586.000000	0	0	5	cluster_5	0.8192
14344	Spectrogram 1	1	3585.750000	3586.250000	0	0	2	cluster_2	0.3501
14345	Spectrogram 1	1	3586.000000	3586.500000	0	0	noise	cluster_noise	0.0000
14346	Spectrogram 1	1	3586.250000	3586.750000	0	0	10	cluster_10	1.0000
14347	Spectrogram 1	1	3586.500000	3587.000000	0	0	10	cluster_10	0.9227
14348	Spectrogram 1	1	3586.750000	3587.250000	0	0	10	cluster_10	1.0000
14349	Spectrogram 1	1	3587.000000	3587.500000	0	0	10	cluster_10	0.9020
14350	Spectrogram 1	1	3587.250000	3587.750000	0	0	noise	cluster_noise	0.0000
14351	Spectrogram 1	1	3587.500000	3588.000000	0	0	noise	cluster_noise	0.0000
14352	Spectrogram 1	1	3587.750000	3588.250000	0	0	2	cluster_2	0.4472
14353	Spectrogram 1	1	3588.000000	3588.500000	0	0	2	cluster_2	1.0000
14354	Spectrogram 1	1	3588.250000	3588.750000	0	0	2	cluster_2	0.9855
14355	Spectrogram 1	1	3588.500000	3589.000000	0	0	2	cluster_2	0.9101
14356	Spectrogram 1	1	3588.750000	3589.250000	0	0	2	cluster_2	0.9585
14357	Spectrogram 1	1	3589.000000	3589.500000	0	0	2	cluster_2	0.8665
14358	Spectrogram 1	1	3589.250000	3589.750000	0	0	2	cluster_2	0.7956
14359	Spectrogram 1	1	3589.500000	3590.000000	0	0	2	cluster_2	0.5296
14360	Spectrogram 1	1	3589.750000	3590.250000	0	0	2	cluster_2	0.5204
14361	Spectrogram 1	1	3590.000000	3590.500000	0	0	2	cluster_2	0.7170
14362	Spectrogram 1	1	3590.250000	3590.750000	0	0	12	cluster_12	0.7933
14363	Spectrogram 1	1	3590.500000	3591.000000	0	0	noise	cluster_noise	0.0000
14364	Spectrogram 1	1	3590.750000	3591.250000	0	0	noise	cluster_noise	0.0000
14365	Spectrogram 1	1	3591.000000	3591.500000	0	0	noise	cluster_noise	0.0000
14366	Spectrogram 1	1	3591.250000	3591.750000	0	0	noise	cluster_noise	0.0000
14367	Spectrogram 1	1	3591.500000	3592.000000	0	0	noise	cluster_noise	0.0000
14368	Spectrogram 1	1	3591.750000	3592.250000	0	0	noise	cluster_noise	0.0000
14369	Spectrogram 1	1	3592.000000	3592.500000	0	0	noise	cluster_noise	0.0000
14370	Spectrogram 1	1	3592.250000	3592.750000	0	0	2	cluster_2	0.6310
14371	Spectrogram 1	1	3592.500000	3593.000000	0	0	2	cluster_2	0.6388
14372	Spectrogram 1	1	3592.750000	3593.250000	0	0	2	cluster_2	0.8702
14373	Spectrogram 1	1	3593.000000	3593.500000	0	0	2	cluster_2	0.5446
14374	Spectrogram 1	1	3593.250000	3593.750000	0	0	2	cluster_2	0.6258
14375	Spectrogram 1	1	3593.500000	3594.000000	0	0	2	cluster_2	0.6462
14376	Spectrogram 1	1	3593.750000	3594.250000	0	0	2	cluster_2	0.7790
14377	Spectrogram 1	1	3594.000000	3594.500000	0	0	2	cluster_2	0.6613
14378	Spectrogram 1	1	3594.250000	3594.750000	0	0	5	cluster_5	0.6093
14379	Spectrogram 1	1	3594.500000	3595.000000	0	0	5	cluster_5	0.9581
14380	Spectrogram 1	1	3594.750000	3595.250000	0	0	5	cluster_5	1.0000
14381	Spectrogram 1	1	3595.000000	3595.500000	0	0	5	cluster_5	0.9889
14382	Spectrogram 1	1	3595.250000	3595.750000	0	0	5	cluster_5	1.0000
14383	Spectrogram 1	1	3595.500000	3596.000000	0	0	5	cluster_5	1.0000
14384	Spectrogram 1	1	3595.750000	3596.250000	0	0	5	cluster_5	1.0000
14385	Spectrogram 1	1	3596.000000	3596.500000	0	0	5	cluster_5	0.9555
14386	Spectrogram 1	1	3596.250000	3596.750000	0	0	2	cluster_2	0.3377
14387	Spectrogram 1	1	3596.500000	3597.000000	0	0	noise	cluster_noise	0.0000
14388	Spectrogram 1	1	3596.750000	3597.250000	0	0	2	cluster_2	0.6385
14389	Spectrogram 1	1	3597.000000	3597.500000	0	0	noise	cluster_noise	0.0000
14390	Spectrogram 1	1	3597.250000	3597.750000	0	0	10	cluster_10	1.0000
14391	Spectrogram 1	1	3597.500000	3598.000000	0	0	10	cluster_10	0.8002
14392	Spectrogram 1	1	3597.750000	3598.250000	0	0	noise	cluster_noise	0.0000
14393	Spectrogram 1	1	3598.000000	3598.500000	0	0	noise	cluster_noise	0.0000
14394	Spectrogram 1	1	3598.250000	3598.750000	0	0	noise	cluster_noise	0.0000
14395	Spectrogram 1	1	3598.500000	3599.000000	0	0	2	cluster_2	0.7612
14396	Spectrogram 1	1	3598.750000	3599.250000	0	0	2	cluster_2	0.6761
14397	Spectrogram 1	1	3599.000000	3599.500000	0	0	2	cluster_2	0.7141
14398	Spectrogram 1	1	3599.250000	3599.750000	0	0	2	cluster_2	0.8566
14399	Spectrogram 1	1	3599.500000	3600.000000	0	0	2	cluster_2	0.9086
