Selection	View	Channel	Begin Time (s)	End Time (s)	Low Freq (Hz)	High Freq (Hz)	Cluster	Label	Score
1	Spectrogram 1	1	0.000000	0.750000	0	0	noise	cluster_noise	0.0000
2	Spectrogram 1	1	0.500000	55.750000	0	0	6	cluster_6	0.9546
3	Spectrogram 1	1	55.500000	56.000000	0	0	noise	cluster_noise	0.0000
4	Spectrogram 1	1	55.750000	61.250000	0	0	6	cluster_6	0.9465
5	Spectrogram 1	1	61.000000	61.500000	0	0	noise	cluster_noise	0.0000
6	Spectrogram 1	1	61.250000	72.750000	0	0	6	cluster_6	0.9455
7	Spectrogram 1	1	72.500000	73.000000	0	0	noise	cluster_noise	0.0000
8	Spectrogram 1	1	72.750000	98.750000	0	0	6	cluster_6	0.9908
9	Spectrogram 1	1	98.500000	99.000000	0	0	noise	cluster_noise	0.0000
10	Spectrogram 1	1	98.750000	99.500000	0	0	6	cluster_6	1.0000
11	Spectrogram 1	1	99.250000	99.750000	0	0	noise	cluster_noise	0.0000
12	Spectrogram 1	1	99.500000	113.000000	0	0	6	cluster_6	0.9961
13	Spectrogram 1	1	112.750000	113.250000	0	0	5	cluster_5	0.5719
14	Spectrogram 1	1	113.000000	137.000000	0	0	6	cluster_6	0.9937
15	Spectrogram 1	1	136.750000	137.500000	0	0	5	cluster_5	0.6587
16	Spectrogram 1	1	137.250000	232.250000	0	0	6	cluster_6	0.9916
17	Spectrogram 1	1	232.000000	232.500000	0	0	5	cluster_5	0.5966
18	Spectrogram 1	1	232.250000	263.250000	0	0	6	cluster_6	0.9955
19	Spectrogram 1	1	263.000000	263.750000	0	0	noise	cluster_noise	0.0000
20	Spectrogram 1	1	263.500000	265.500000	0	0	5	cluster_5	0.6143
21	Spectrogram 1	1	265.250000	265.750000	0	0	noise	cluster_noise	0.0000
22	Spectrogram 1	1	265.500000	266.000000	0	0	6	cluster_6	1.0000
23	Spectrogram 1	1	265.750000	267.000000	0	0	10	cluster_10	0.9825
24	Spectrogram 1	1	266.750000	268.750000	0	0	6	cluster_6	1.0000
25	Spectrogram 1	1	268.500000	269.000000	0	0	5	cluster_5	0.6970
26	Spectrogram 1	1	268.750000	270.750000	0	0	9	cluster_9	0.7600
27	Spectrogram 1	1	270.500000	271.500000	0	0	6	cluster_6	1.0000
28	Spectrogram 1	1	271.250000	271.750000	0	0	5	cluster_5	1.0000
29	Spectrogram 1	1	271.500000	273.750000	0	0	9	cluster_9	0.7637
30	Spectrogram 1	1	273.500000	274.500000	0	0	6	cluster_6	0.9329
31	Spectrogram 1	1	274.250000	274.750000	0	0	9	cluster_9	0.5626
32	Spectrogram 1	1	274.500000	275.000000	0	0	6	cluster_6	1.0000
33	Spectrogram 1	1	274.750000	278.000000	0	0	5	cluster_5	0.7673
34	Spectrogram 1	1	277.750000	278.500000	0	0	6	cluster_6	1.0000
35	Spectrogram 1	1	278.250000	279.750000	0	0	10	cluster_10	0.9605
36	Spectrogram 1	1	279.500000	280.250000	0	0	6	cluster_6	1.0000
37	Spectrogram 1	1	280.000000	280.500000	0	0	10	cluster_10	0.8233
38	Spectrogram 1	1	280.250000	281.500000	0	0	6	cluster_6	1.0000
39	Spectrogram 1	1	281.250000	281.750000	0	0	5	cluster_5	0.8550
40	Spectrogram 1	1	281.500000	283.750000	0	0	9	cluster_9	0.8627
41	Spectrogram 1	1	283.500000	284.250000	0	0	6	cluster_6	1.0000
42	Spectrogram 1	1	284.000000	284.500000	0	0	5	cluster_5	0.9128
43	Spectrogram 1	1	284.250000	286.500000	0	0	9	cluster_9	0.8663
44	Spectrogram 1	1	286.250000	287.000000	0	0	noise	cluster_noise	0.0000
45	Spectrogram 1	1	286.750000	287.500000	0	0	6	cluster_6	1.0000
46	Spectrogram 1	1	287.250000	291.000000	0	0	5	cluster_5	0.7805
47	Spectrogram 1	1	290.750000	293.500000	0	0	10	cluster_10	0.9657
48	Spectrogram 1	1	293.250000	294.250000	0	0	6	cluster_6	1.0000
49	Spectrogram 1	1	294.000000	294.500000	0	0	5	cluster_5	0.5875
50	Spectrogram 1	1	294.250000	296.500000	0	0	9	cluster_9	0.8156
51	Spectrogram 1	1	296.250000	296.750000	0	0	noise	cluster_noise	0.0000
52	Spectrogram 1	1	296.500000	297.000000	0	0	6	cluster_6	1.0000
53	Spectrogram 1	1	296.750000	297.250000	0	0	5	cluster_5	0.6865
54	Spectrogram 1	1	297.000000	299.000000	0	0	9	cluster_9	0.7837
55	Spectrogram 1	1	298.750000	299.250000	0	0	noise	cluster_noise	0.0000
56	Spectrogram 1	1	299.000000	300.250000	0	0	6	cluster_6	1.0000
57	Spectrogram 1	1	300.000000	303.000000	0	0	5	cluster_5	0.8402
58	Spectrogram 1	1	302.750000	303.500000	0	0	6	cluster_6	1.0000
59	Spectrogram 1	1	303.250000	305.250000	0	0	10	cluster_10	0.9922
60	Spectrogram 1	1	305.000000	305.750000	0	0	6	cluster_6	1.0000
61	Spectrogram 1	1	305.500000	306.000000	0	0	10	cluster_10	0.8510
62	Spectrogram 1	1	305.750000	306.750000	0	0	6	cluster_6	1.0000
63	Spectrogram 1	1	306.500000	307.250000	0	0	5	cluster_5	0.6931
64	Spectrogram 1	1	307.000000	308.750000	0	0	9	cluster_9	0.8409
65	Spectrogram 1	1	308.500000	309.500000	0	0	noise	cluster_noise	0.0000
66	Spectrogram 1	1	309.250000	309.750000	0	0	5	cluster_5	0.5916
67	Spectrogram 1	1	309.500000	311.750000	0	0	9	cluster_9	0.8047
68	Spectrogram 1	1	311.500000	312.000000	0	0	noise	cluster_noise	0.0000
69	Spectrogram 1	1	311.750000	313.000000	0	0	6	cluster_6	0.8109
70	Spectrogram 1	1	312.750000	316.000000	0	0	5	cluster_5	0.8693
71	Spectrogram 1	1	315.750000	316.500000	0	0	6	cluster_6	1.0000
72	Spectrogram 1	1	316.250000	318.250000	0	0	10	cluster_10	1.0000
73	Spectrogram 1	1	318.000000	318.500000	0	0	15	cluster_15	0.9502
74	Spectrogram 1	1	318.250000	319.000000	0	0	10	cluster_10	0.9723
75	Spectrogram 1	1	318.750000	319.750000	0	0	6	cluster_6	0.9054
76	Spectrogram 1	1	319.500000	320.000000	0	0	5	cluster_5	1.0000
77	Spectrogram 1	1	319.750000	322.000000	0	0	9	cluster_9	0.8080
78	Spectrogram 1	1	321.750000	322.250000	0	0	noise	cluster_noise	0.0000
79	Spectrogram 1	1	322.000000	322.750000	0	0	5	cluster_5	0.7757
80	Spectrogram 1	1	322.500000	324.500000	0	0	9	cluster_9	0.7916
81	Spectrogram 1	1	324.250000	324.750000	0	0	noise	cluster_noise	0.0000
82	Spectrogram 1	1	324.500000	325.000000	0	0	8	cluster_8	1.0000
83	Spectrogram 1	1	324.750000	326.000000	0	0	6	cluster_6	0.9140
84	Spectrogram 1	1	325.750000	329.000000	0	0	5	cluster_5	0.8792
85	Spectrogram 1	1	328.750000	331.500000	0	0	10	cluster_10	1.0000
86	Spectrogram 1	1	331.250000	333.000000	0	0	6	cluster_6	1.0000
87	Spectrogram 1	1	332.750000	333.250000	0	0	5	cluster_5	0.6606
88	Spectrogram 1	1	333.000000	334.750000	0	0	3	cluster_3	0.9383
89	Spectrogram 1	1	334.500000	335.250000	0	0	noise	cluster_noise	0.0000
90	Spectrogram 1	1	335.000000	336.000000	0	0	5	cluster_5	0.7765
91	Spectrogram 1	1	335.750000	337.500000	0	0	6	cluster_6	0.9621
92	Spectrogram 1	1	337.250000	339.500000	0	0	5	cluster_5	0.9732
93	Spectrogram 1	1	339.250000	340.250000	0	0	6	cluster_6	0.9782
94	Spectrogram 1	1	340.000000	342.750000	0	0	10	cluster_10	0.9701
95	Spectrogram 1	1	342.500000	344.250000	0	0	6	cluster_6	1.0000
96	Spectrogram 1	1	344.000000	345.000000	0	0	5	cluster_5	0.8862
97	Spectrogram 1	1	344.750000	346.250000	0	0	3	cluster_3	0.9241
98	Spectrogram 1	1	346.000000	346.500000	0	0	noise	cluster_noise	0.0000
99	Spectrogram 1	1	346.250000	347.000000	0	0	5	cluster_5	0.7241
100	Spectrogram 1	1	346.750000	347.250000	0	0	6	cluster_6	1.0000
101	Spectrogram 1	1	347.000000	347.750000	0	0	noise	cluster_noise	0.0000
102	Spectrogram 1	1	347.500000	348.750000	0	0	6	cluster_6	0.9791
103	Spectrogram 1	1	348.500000	351.250000	0	0	5	cluster_5	0.8360
104	Spectrogram 1	1	351.000000	351.500000	0	0	6	cluster_6	1.0000
105	Spectrogram 1	1	351.250000	352.750000	0	0	10	cluster_10	0.9726
106	Spectrogram 1	1	352.500000	355.250000	0	0	6	cluster_6	1.0000
107	Spectrogram 1	1	355.000000	355.500000	0	0	5	cluster_5	0.5399
108	Spectrogram 1	1	355.250000	355.750000	0	0	noise	cluster_noise	0.0000
109	Spectrogram 1	1	355.500000	357.750000	0	0	3	cluster_3	0.9116
110	Spectrogram 1	1	357.500000	358.000000	0	0	5	cluster_5	0.7974
111	Spectrogram 1	1	357.750000	358.250000	0	0	noise	cluster_noise	0.0000
112	Spectrogram 1	1	358.000000	358.500000	0	0	5	cluster_5	0.9952
113	Spectrogram 1	1	358.250000	360.000000	0	0	6	cluster_6	0.9642
114	Spectrogram 1	1	359.750000	362.500000	0	0	5	cluster_5	0.8556
115	Spectrogram 1	1	362.250000	363.250000	0	0	noise	cluster_noise	0.0000
116	Spectrogram 1	1	363.000000	363.500000	0	0	5	cluster_5	0.6587
117	Spectrogram 1	1	363.250000	363.750000	0	0	6	cluster_6	1.0000
118	Spectrogram 1	1	363.500000	364.250000	0	0	5	cluster_5	0.6475
119	Spectrogram 1	1	364.000000	364.500000	0	0	noise	cluster_noise	0.0000
120	Spectrogram 1	1	364.250000	365.000000	0	0	12	cluster_12	0.8202
121	Spectrogram 1	1	364.750000	365.500000	0	0	noise	cluster_noise	0.0000
122	Spectrogram 1	1	365.250000	365.750000	0	0	6	cluster_6	1.0000
123	Spectrogram 1	1	365.500000	366.000000	0	0	noise	cluster_noise	0.0000
124	Spectrogram 1	1	365.750000	366.250000	0	0	12	cluster_12	0.9288
125	Spectrogram 1	1	366.000000	367.000000	0	0	noise	cluster_noise	0.0000
126	Spectrogram 1	1	366.750000	367.250000	0	0	12	cluster_12	0.8465
127	Spectrogram 1	1	367.000000	367.500000	0	0	noise	cluster_noise	0.0000
128	Spectrogram 1	1	367.250000	368.000000	0	0	5	cluster_5	0.5638
129	Spectrogram 1	1	367.750000	368.250000	0	0	noise	cluster_noise	0.0000
130	Spectrogram 1	1	368.000000	368.500000	0	0	5	cluster_5	0.5505
131	Spectrogram 1	1	368.250000	368.750000	0	0	noise	cluster_noise	0.0000
132	Spectrogram 1	1	368.500000	369.000000	0	0	12	cluster_12	0.7922
133	Spectrogram 1	1	368.750000	369.250000	0	0	noise	cluster_noise	0.0000
134	Spectrogram 1	1	369.000000	369.500000	0	0	12	cluster_12	0.9204
135	Spectrogram 1	1	369.250000	369.750000	0	0	noise	cluster_noise	0.0000
136	Spectrogram 1	1	369.500000	370.000000	0	0	5	cluster_5	0.5507
137	Spectrogram 1	1	369.750000	370.250000	0	0	6	cluster_6	1.0000
138	Spectrogram 1	1	370.000000	370.500000	0	0	5	cluster_5	0.5128
139	Spectrogram 1	1	370.250000	371.250000	0	0	6	cluster_6	1.0000
140	Spectrogram 1	1	371.000000	371.750000	0	0	noise	cluster_noise	0.0000
141	Spectrogram 1	1	371.500000	374.000000	0	0	3	cluster_3	0.9061
142	Spectrogram 1	1	373.750000	374.750000	0	0	5	cluster_5	0.6587
143	Spectrogram 1	1	374.500000	376.000000	0	0	6	cluster_6	1.0000
144	Spectrogram 1	1	375.750000	378.250000	0	0	5	cluster_5	0.9033
145	Spectrogram 1	1	378.000000	378.750000	0	0	6	cluster_6	0.9390
146	Spectrogram 1	1	378.500000	379.000000	0	0	12	cluster_12	0.7742
147	Spectrogram 1	1	378.750000	379.250000	0	0	noise	cluster_noise	0.0000
148	Spectrogram 1	1	379.000000	379.500000	0	0	12	cluster_12	0.8537
149	Spectrogram 1	1	379.250000	379.750000	0	0	noise	cluster_noise	0.0000
150	Spectrogram 1	1	379.500000	380.250000	0	0	5	cluster_5	0.6082
151	Spectrogram 1	1	380.000000	380.750000	0	0	6	cluster_6	1.0000
152	Spectrogram 1	1	380.500000	381.250000	0	0	noise	cluster_noise	0.0000
153	Spectrogram 1	1	381.000000	381.750000	0	0	12	cluster_12	0.9527
154	Spectrogram 1	1	381.500000	382.000000	0	0	noise	cluster_noise	0.0000
155	Spectrogram 1	1	381.750000	382.250000	0	0	5	cluster_5	0.5561
156	Spectrogram 1	1	382.000000	382.500000	0	0	6	cluster_6	0.9199
157	Spectrogram 1	1	382.250000	382.750000	0	0	12	cluster_12	0.8680
158	Spectrogram 1	1	382.500000	383.500000	0	0	noise	cluster_noise	0.0000
159	Spectrogram 1	1	383.250000	383.750000	0	0	12	cluster_12	0.8590
160	Spectrogram 1	1	383.500000	384.000000	0	0	noise	cluster_noise	0.0000
161	Spectrogram 1	1	383.750000	384.250000	0	0	6	cluster_6	1.0000
162	Spectrogram 1	1	384.000000	385.750000	0	0	noise	cluster_noise	0.0000
163	Spectrogram 1	1	385.500000	386.000000	0	0	12	cluster_12	0.9868
164	Spectrogram 1	1	385.750000	386.250000	0	0	noise	cluster_noise	0.0000
165	Spectrogram 1	1	386.000000	388.000000	0	0	6	cluster_6	0.8352
166	Spectrogram 1	1	387.750000	388.250000	0	0	noise	cluster_noise	0.0000
167	Spectrogram 1	1	388.000000	390.000000	0	0	3	cluster_3	0.9308
168	Spectrogram 1	1	389.750000	390.250000	0	0	noise	cluster_noise	0.0000
169	Spectrogram 1	1	390.000000	391.000000	0	0	5	cluster_5	0.6309
170	Spectrogram 1	1	390.750000	391.500000	0	0	6	cluster_6	1.0000
171	Spectrogram 1	1	391.250000	392.000000	0	0	5	cluster_5	0.6481
172	Spectrogram 1	1	391.750000	392.500000	0	0	6	cluster_6	0.8308
173	Spectrogram 1	1	392.250000	394.750000	0	0	5	cluster_5	0.8321
174	Spectrogram 1	1	394.500000	395.000000	0	0	6	cluster_6	1.0000
175	Spectrogram 1	1	394.750000	395.250000	0	0	5	cluster_5	0.5036
176	Spectrogram 1	1	395.000000	396.000000	0	0	noise	cluster_noise	0.0000
177	Spectrogram 1	1	395.750000	396.250000	0	0	6	cluster_6	0.8491
178	Spectrogram 1	1	396.000000	397.000000	0	0	5	cluster_5	0.5611
179	Spectrogram 1	1	396.750000	397.250000	0	0	6	cluster_6	1.0000
180	Spectrogram 1	1	397.000000	397.750000	0	0	noise	cluster_noise	0.0000
181	Spectrogram 1	1	397.500000	398.000000	0	0	12	cluster_12	0.8745
182	Spectrogram 1	1	397.750000	398.250000	0	0	noise	cluster_noise	0.0000
183	Spectrogram 1	1	398.000000	399.250000	0	0	6	cluster_6	0.8032
184	Spectrogram 1	1	399.000000	400.250000	0	0	noise	cluster_noise	0.0000
185	Spectrogram 1	1	400.000000	401.750000	0	0	6	cluster_6	0.7694
186	Spectrogram 1	1	401.500000	402.250000	0	0	12	cluster_12	0.8358
187	Spectrogram 1	1	402.000000	402.500000	0	0	noise	cluster_noise	0.0000
188	Spectrogram 1	1	402.250000	404.000000	0	0	6	cluster_6	0.9151
189	Spectrogram 1	1	403.750000	404.500000	0	0	noise	cluster_noise	0.0000
190	Spectrogram 1	1	404.250000	406.750000	0	0	3	cluster_3	0.8854
191	Spectrogram 1	1	406.500000	407.000000	0	0	noise	cluster_noise	0.0000
192	Spectrogram 1	1	406.750000	407.500000	0	0	5	cluster_5	0.6501
193	Spectrogram 1	1	407.250000	410.750000	0	0	6	cluster_6	0.9976
194	Spectrogram 1	1	410.500000	411.250000	0	0	4	cluster_4	0.9624
195	Spectrogram 1	1	411.000000	411.750000	0	0	noise	cluster_noise	0.0000
196	Spectrogram 1	1	411.500000	412.500000	0	0	6	cluster_6	0.8370
197	Spectrogram 1	1	412.250000	414.250000	0	0	0	cluster_0	0.8694
198	Spectrogram 1	1	414.000000	416.250000	0	0	6	cluster_6	0.9313
199	Spectrogram 1	1	416.000000	416.500000	0	0	noise	cluster_noise	0.0000
200	Spectrogram 1	1	416.250000	418.250000	0	0	3	cluster_3	0.8229
201	Spectrogram 1	1	418.000000	419.000000	0	0	5	cluster_5	0.6153
202	Spectrogram 1	1	418.750000	421.750000	0	0	6	cluster_6	0.9795
203	Spectrogram 1	1	421.500000	422.000000	0	0	noise	cluster_noise	0.0000
204	Spectrogram 1	1	421.750000	423.750000	0	0	4	cluster_4	0.9893
205	Spectrogram 1	1	423.500000	424.000000	0	0	6	cluster_6	1.0000
206	Spectrogram 1	1	423.750000	426.000000	0	0	0	cluster_0	0.8656
207	Spectrogram 1	1	425.750000	428.250000	0	0	6	cluster_6	0.9730
208	Spectrogram 1	1	428.000000	428.500000	0	0	noise	cluster_noise	0.0000
209	Spectrogram 1	1	428.250000	430.000000	0	0	3	cluster_3	0.9049
210	Spectrogram 1	1	429.750000	431.000000	0	0	5	cluster_5	0.6944
211	Spectrogram 1	1	430.750000	433.250000	0	0	6	cluster_6	0.9953
212	Spectrogram 1	1	433.000000	434.750000	0	0	4	cluster_4	1.0000
213	Spectrogram 1	1	434.500000	435.250000	0	0	noise	cluster_noise	0.0000
214	Spectrogram 1	1	435.000000	435.500000	0	0	4	cluster_4	1.0000
215	Spectrogram 1	1	435.250000	436.000000	0	0	6	cluster_6	0.8627
216	Spectrogram 1	1	435.750000	436.250000	0	0	noise	cluster_noise	0.0000
217	Spectrogram 1	1	436.000000	436.500000	0	0	6	cluster_6	1.0000
218	Spectrogram 1	1	436.250000	438.500000	0	0	4	cluster_4	1.0000
219	Spectrogram 1	1	438.250000	439.000000	0	0	noise	cluster_noise	0.0000
220	Spectrogram 1	1	438.750000	440.000000	0	0	4	cluster_4	1.0000
221	Spectrogram 1	1	439.750000	440.250000	0	0	noise	cluster_noise	0.0000
222	Spectrogram 1	1	440.000000	441.500000	0	0	6	cluster_6	0.9010
223	Spectrogram 1	1	441.250000	442.000000	0	0	11	cluster_11	0.9633
224	Spectrogram 1	1	441.750000	442.250000	0	0	noise	cluster_noise	0.0000
225	Spectrogram 1	1	442.000000	442.500000	0	0	6	cluster_6	1.0000
226	Spectrogram 1	1	442.250000	443.000000	0	0	noise	cluster_noise	0.0000
227	Spectrogram 1	1	442.750000	443.250000	0	0	5	cluster_5	0.5628
228	Spectrogram 1	1	443.000000	443.500000	0	0	6	cluster_6	1.0000
229	Spectrogram 1	1	443.250000	443.750000	0	0	12	cluster_12	0.8225
230	Spectrogram 1	1	443.500000	444.000000	0	0	11	cluster_11	0.9071
231	Spectrogram 1	1	443.750000	444.250000	0	0	noise	cluster_noise	0.0000
232	Spectrogram 1	1	444.000000	444.500000	0	0	6	cluster_6	1.0000
233	Spectrogram 1	1	444.250000	445.000000	0	0	noise	cluster_noise	0.0000
234	Spectrogram 1	1	444.750000	445.250000	0	0	5	cluster_5	0.5517
235	Spectrogram 1	1	445.000000	445.500000	0	0	6	cluster_6	1.0000
236	Spectrogram 1	1	445.250000	445.750000	0	0	5	cluster_5	0.5170
237	Spectrogram 1	1	445.500000	446.250000	0	0	11	cluster_11	0.9469
238	Spectrogram 1	1	446.000000	446.750000	0	0	6	cluster_6	1.0000
239	Spectrogram 1	1	446.500000	447.500000	0	0	noise	cluster_noise	0.0000
240	Spectrogram 1	1	447.250000	448.000000	0	0	6	cluster_6	0.9995
241	Spectrogram 1	1	447.750000	448.500000	0	0	4	cluster_4	0.8077
242	Spectrogram 1	1	448.250000	449.250000	0	0	noise	cluster_noise	0.0000
243	Spectrogram 1	1	449.000000	450.000000	0	0	4	cluster_4	1.0000
244	Spectrogram 1	1	449.750000	451.750000	0	0	6	cluster_6	0.9981
245	Spectrogram 1	1	451.500000	452.250000	0	0	4	cluster_4	1.0000
246	Spectrogram 1	1	452.000000	453.250000	0	0	noise	cluster_noise	0.0000
247	Spectrogram 1	1	453.000000	454.250000	0	0	4	cluster_4	1.0000
248	Spectrogram 1	1	454.000000	455.750000	0	0	6	cluster_6	0.9017
249	Spectrogram 1	1	455.500000	456.000000	0	0	12	cluster_12	0.7406
250	Spectrogram 1	1	455.750000	456.250000	0	0	11	cluster_11	0.7781
251	Spectrogram 1	1	456.000000	456.500000	0	0	noise	cluster_noise	0.0000
252	Spectrogram 1	1	456.250000	456.750000	0	0	6	cluster_6	1.0000
253	Spectrogram 1	1	456.500000	457.250000	0	0	noise	cluster_noise	0.0000
254	Spectrogram 1	1	457.000000	458.000000	0	0	6	cluster_6	0.9190
255	Spectrogram 1	1	457.750000	458.250000	0	0	11	cluster_11	0.9643
256	Spectrogram 1	1	458.000000	458.750000	0	0	14	cluster_14	0.6829
257	Spectrogram 1	1	458.500000	459.500000	0	0	noise	cluster_noise	0.0000
258	Spectrogram 1	1	459.250000	459.750000	0	0	6	cluster_6	1.0000
259	Spectrogram 1	1	459.500000	460.000000	0	0	noise	cluster_noise	0.0000
260	Spectrogram 1	1	459.750000	460.500000	0	0	14	cluster_14	0.7617
261	Spectrogram 1	1	460.250000	460.750000	0	0	12	cluster_12	0.8334
262	Spectrogram 1	1	460.500000	461.000000	0	0	14	cluster_14	0.8280
263	Spectrogram 1	1	460.750000	461.250000	0	0	12	cluster_12	0.7629
264	Spectrogram 1	1	461.000000	461.500000	0	0	6	cluster_6	0.8340
265	Spectrogram 1	1	461.250000	461.750000	0	0	noise	cluster_noise	0.0000
266	Spectrogram 1	1	461.500000	463.750000	0	0	14	cluster_14	0.9648
267	Spectrogram 1	1	463.500000	464.000000	0	0	6	cluster_6	1.0000
268	Spectrogram 1	1	463.750000	464.250000	0	0	noise	cluster_noise	0.0000
269	Spectrogram 1	1	464.000000	464.750000	0	0	14	cluster_14	1.0000
270	Spectrogram 1	1	464.500000	465.000000	0	0	noise	cluster_noise	0.0000
271	Spectrogram 1	1	464.750000	466.250000	0	0	14	cluster_14	0.9425
272	Spectrogram 1	1	466.000000	466.750000	0	0	6	cluster_6	0.9521
273	Spectrogram 1	1	466.500000	467.250000	0	0	noise	cluster_noise	0.0000
274	Spectrogram 1	1	467.000000	467.750000	0	0	6	cluster_6	0.9949
275	Spectrogram 1	1	467.500000	468.000000	0	0	noise	cluster_noise	0.0000
276	Spectrogram 1	1	467.750000	469.000000	0	0	4	cluster_4	1.0000
277	Spectrogram 1	1	468.750000	469.250000	0	0	noise	cluster_noise	0.0000
278	Spectrogram 1	1	469.000000	469.750000	0	0	6	cluster_6	0.9213
279	Spectrogram 1	1	469.500000	470.000000	0	0	noise	cluster_noise	0.0000
280	Spectrogram 1	1	469.750000	471.500000	0	0	6	cluster_6	0.9421
281	Spectrogram 1	1	471.250000	473.000000	0	0	4	cluster_4	0.9090
282	Spectrogram 1	1	472.750000	473.250000	0	0	12	cluster_12	0.7826
283	Spectrogram 1	1	473.000000	474.250000	0	0	6	cluster_6	0.9884
284	Spectrogram 1	1	474.000000	476.000000	0	0	noise	cluster_noise	0.0000
285	Spectrogram 1	1	475.750000	476.250000	0	0	6	cluster_6	1.0000
286	Spectrogram 1	1	476.000000	476.500000	0	0	noise	cluster_noise	0.0000
287	Spectrogram 1	1	476.250000	477.750000	0	0	14	cluster_14	0.8167
288	Spectrogram 1	1	477.500000	478.000000	0	0	noise	cluster_noise	0.0000
289	Spectrogram 1	1	477.750000	478.500000	0	0	6	cluster_6	0.9486
290	Spectrogram 1	1	478.250000	478.750000	0	0	noise	cluster_noise	0.0000
291	Spectrogram 1	1	478.500000	479.250000	0	0	14	cluster_14	0.7492
292	Spectrogram 1	1	479.000000	479.500000	0	0	12	cluster_12	0.8972
293	Spectrogram 1	1	479.250000	480.000000	0	0	14	cluster_14	1.0000
294	Spectrogram 1	1	479.750000	480.250000	0	0	noise	cluster_noise	0.0000
295	Spectrogram 1	1	480.000000	480.500000	0	0	12	cluster_12	0.9374
296	Spectrogram 1	1	480.250000	481.000000	0	0	14	cluster_14	0.8527
297	Spectrogram 1	1	480.750000	481.250000	0	0	6	cluster_6	0.8786
298	Spectrogram 1	1	481.000000	481.750000	0	0	14	cluster_14	0.9891
299	Spectrogram 1	1	481.500000	482.250000	0	0	noise	cluster_noise	0.0000
300	Spectrogram 1	1	482.000000	482.750000	0	0	14	cluster_14	1.0000
301	Spectrogram 1	1	482.500000	483.000000	0	0	6	cluster_6	1.0000
302	Spectrogram 1	1	482.750000	483.250000	0	0	noise	cluster_noise	0.0000
303	Spectrogram 1	1	483.000000	483.750000	0	0	14	cluster_14	1.0000
304	Spectrogram 1	1	483.500000	484.000000	0	0	noise	cluster_noise	0.0000
305	Spectrogram 1	1	483.750000	485.250000	0	0	14	cluster_14	1.0000
306	Spectrogram 1	1	485.000000	485.750000	0	0	5	cluster_5	0.5889
307	Spectrogram 1	1	485.500000	486.000000	0	0	noise	cluster_noise	0.0000
308	Spectrogram 1	1	485.750000	487.250000	0	0	6	cluster_6	0.9864
309	Spectrogram 1	1	487.000000	487.750000	0	0	4	cluster_4	1.0000
310	Spectrogram 1	1	487.500000	488.000000	0	0	noise	cluster_noise	0.0000
311	Spectrogram 1	1	487.750000	488.250000	0	0	4	cluster_4	1.0000
312	Spectrogram 1	1	488.000000	488.750000	0	0	6	cluster_6	0.9609
313	Spectrogram 1	1	488.500000	489.250000	0	0	noise	cluster_noise	0.0000
314	Spectrogram 1	1	489.000000	490.750000	0	0	6	cluster_6	0.9967
315	Spectrogram 1	1	490.500000	491.000000	0	0	5	cluster_5	0.5487
316	Spectrogram 1	1	490.750000	491.250000	0	0	4	cluster_4	0.9780
317	Spectrogram 1	1	491.000000	491.500000	0	0	noise	cluster_noise	0.0000
318	Spectrogram 1	1	491.250000	492.000000	0	0	4	cluster_4	0.9573
319	Spectrogram 1	1	491.750000	492.500000	0	0	6	cluster_6	1.0000
320	Spectrogram 1	1	492.250000	492.750000	0	0	noise	cluster_noise	0.0000
321	Spectrogram 1	1	492.500000	493.500000	0	0	6	cluster_6	0.9940
322	Spectrogram 1	1	493.250000	493.750000	0	0	11	cluster_11	0.7875
323	Spectrogram 1	1	493.500000	494.000000	0	0	14	cluster_14	0.6272
324	Spectrogram 1	1	493.750000	494.250000	0	0	15	cluster_15	0.9610
325	Spectrogram 1	1	494.000000	494.500000	0	0	5	cluster_5	0.5207
326	Spectrogram 1	1	494.250000	494.750000	0	0	noise	cluster_noise	0.0000
327	Spectrogram 1	1	494.500000	495.000000	0	0	14	cluster_14	0.7611
328	Spectrogram 1	1	494.750000	495.250000	0	0	6	cluster_6	1.0000
329	Spectrogram 1	1	495.000000	495.500000	0	0	12	cluster_12	0.7759
330	Spectrogram 1	1	495.250000	495.750000	0	0	14	cluster_14	0.5658
331	Spectrogram 1	1	495.500000	496.000000	0	0	noise	cluster_noise	0.0000
332	Spectrogram 1	1	495.750000	496.250000	0	0	6	cluster_6	1.0000
333	Spectrogram 1	1	496.000000	496.750000	0	0	14	cluster_14	0.9004
334	Spectrogram 1	1	496.500000	497.000000	0	0	noise	cluster_noise	0.0000
335	Spectrogram 1	1	496.750000	497.750000	0	0	6	cluster_6	1.0000
336	Spectrogram 1	1	497.500000	498.000000	0	0	noise	cluster_noise	0.0000
337	Spectrogram 1	1	497.750000	498.500000	0	0	14	cluster_14	0.6637
338	Spectrogram 1	1	498.250000	498.750000	0	0	noise	cluster_noise	0.0000
339	Spectrogram 1	1	498.500000	499.250000	0	0	14	cluster_14	0.9706
340	Spectrogram 1	1	499.000000	499.750000	0	0	6	cluster_6	1.0000
341	Spectrogram 1	1	499.500000	500.000000	0	0	11	cluster_11	0.9091
342	Spectrogram 1	1	499.750000	500.500000	0	0	noise	cluster_noise	0.0000
343	Spectrogram 1	1	500.250000	501.000000	0	0	14	cluster_14	0.9455
344	Spectrogram 1	1	500.750000	501.500000	0	0	noise	cluster_noise	0.0000
345	Spectrogram 1	1	501.250000	503.500000	0	0	14	cluster_14	0.9572
346	Spectrogram 1	1	503.250000	504.250000	0	0	noise	cluster_noise	0.0000
347	Spectrogram 1	1	504.000000	505.250000	0	0	6	cluster_6	0.9861
348	Spectrogram 1	1	505.000000	505.500000	0	0	11	cluster_11	0.9993
349	Spectrogram 1	1	505.250000	505.750000	0	0	14	cluster_14	0.5922
350	Spectrogram 1	1	505.500000	506.250000	0	0	noise	cluster_noise	0.0000
351	Spectrogram 1	1	506.000000	508.250000	0	0	6	cluster_6	0.9776
352	Spectrogram 1	1	508.000000	508.500000	0	0	11	cluster_11	1.0000
353	Spectrogram 1	1	508.250000	509.000000	0	0	noise	cluster_noise	0.0000
354	Spectrogram 1	1	508.750000	509.250000	0	0	6	cluster_6	1.0000
355	Spectrogram 1	1	509.000000	509.750000	0	0	noise	cluster_noise	0.0000
356	Spectrogram 1	1	509.500000	511.000000	0	0	6	cluster_6	0.9735
357	Spectrogram 1	1	510.750000	511.250000	0	0	11	cluster_11	1.0000
358	Spectrogram 1	1	511.000000	511.500000	0	0	noise	cluster_noise	0.0000
359	Spectrogram 1	1	511.250000	511.750000	0	0	15	cluster_15	0.9950
360	Spectrogram 1	1	511.500000	512.500000	0	0	noise	cluster_noise	0.0000
361	Spectrogram 1	1	512.250000	512.750000	0	0	6	cluster_6	1.0000
362	Spectrogram 1	1	512.500000	513.000000	0	0	noise	cluster_noise	0.0000
363	Spectrogram 1	1	512.750000	514.250000	0	0	7	cluster_7	0.9249
364	Spectrogram 1	1	514.000000	515.250000	0	0	6	cluster_6	0.9725
365	Spectrogram 1	1	515.000000	515.500000	0	0	noise	cluster_noise	0.0000
366	Spectrogram 1	1	515.250000	517.500000	0	0	7	cluster_7	0.9207
367	Spectrogram 1	1	517.250000	517.750000	0	0	6	cluster_6	0.9151
368	Spectrogram 1	1	517.500000	518.250000	0	0	noise	cluster_noise	0.0000
369	Spectrogram 1	1	518.000000	523.000000	0	0	7	cluster_7	0.9791
370	Spectrogram 1	1	522.750000	523.250000	0	0	noise	cluster_noise	0.0000
371	Spectrogram 1	1	523.000000	523.750000	0	0	6	cluster_6	0.9971
372	Spectrogram 1	1	523.500000	524.250000	0	0	15	cluster_15	0.9859
373	Spectrogram 1	1	524.000000	524.500000	0	0	noise	cluster_noise	0.0000
374	Spectrogram 1	1	524.250000	524.750000	0	0	6	cluster_6	1.0000
375	Spectrogram 1	1	524.500000	525.000000	0	0	noise	cluster_noise	0.0000
376	Spectrogram 1	1	524.750000	525.250000	0	0	15	cluster_15	0.9967
377	Spectrogram 1	1	525.000000	526.500000	0	0	6	cluster_6	0.9363
378	Spectrogram 1	1	526.250000	527.000000	0	0	15	cluster_15	1.0000
379	Spectrogram 1	1	526.750000	527.500000	0	0	noise	cluster_noise	0.0000
380	Spectrogram 1	1	527.250000	528.000000	0	0	15	cluster_15	1.0000
381	Spectrogram 1	1	527.750000	529.500000	0	0	6	cluster_6	1.0000
382	Spectrogram 1	1	529.250000	529.750000	0	0	noise	cluster_noise	0.0000
383	Spectrogram 1	1	529.500000	530.000000	0	0	15	cluster_15	1.0000
384	Spectrogram 1	1	529.750000	530.250000	0	0	noise	cluster_noise	0.0000
385	Spectrogram 1	1	530.000000	532.000000	0	0	6	cluster_6	0.9443
386	Spectrogram 1	1	531.750000	532.750000	0	0	noise	cluster_noise	0.0000
387	Spectrogram 1	1	532.500000	533.000000	0	0	15	cluster_15	0.9833
388	Spectrogram 1	1	532.750000	534.000000	0	0	6	cluster_6	0.9929
389	Spectrogram 1	1	533.750000	535.250000	0	0	7	cluster_7	0.9651
390	Spectrogram 1	1	535.000000	536.250000	0	0	6	cluster_6	0.9345
391	Spectrogram 1	1	536.000000	536.500000	0	0	noise	cluster_noise	0.0000
392	Spectrogram 1	1	536.250000	538.250000	0	0	7	cluster_7	0.9190
393	Spectrogram 1	1	538.000000	539.000000	0	0	6	cluster_6	1.0000
394	Spectrogram 1	1	538.750000	543.250000	0	0	7	cluster_7	0.9446
395	Spectrogram 1	1	543.000000	543.500000	0	0	12	cluster_12	0.7571
396	Spectrogram 1	1	543.250000	544.750000	0	0	6	cluster_6	0.9779
397	Spectrogram 1	1	544.500000	545.250000	0	0	15	cluster_15	1.0000
398	Spectrogram 1	1	545.000000	545.750000	0	0	13	cluster_13	0.9538
399	Spectrogram 1	1	545.500000	546.250000	0	0	15	cluster_15	1.0000
400	Spectrogram 1	1	546.000000	547.500000	0	0	6	cluster_6	1.0000
401	Spectrogram 1	1	547.250000	548.000000	0	0	15	cluster_15	0.9647
402	Spectrogram 1	1	547.750000	548.500000	0	0	13	cluster_13	0.8548
403	Spectrogram 1	1	548.250000	549.000000	0	0	noise	cluster_noise	0.0000
404	Spectrogram 1	1	548.750000	549.500000	0	0	13	cluster_13	0.8710
405	Spectrogram 1	1	549.250000	550.500000	0	0	6	cluster_6	1.0000
406	Spectrogram 1	1	550.250000	550.750000	0	0	15	cluster_15	1.0000
407	Spectrogram 1	1	550.500000	551.000000	0	0	noise	cluster_noise	0.0000
408	Spectrogram 1	1	550.750000	551.500000	0	0	13	cluster_13	1.0000
409	Spectrogram 1	1	551.250000	551.750000	0	0	10	cluster_10	0.8845
410	Spectrogram 1	1	551.500000	552.250000	0	0	13	cluster_13	0.8800
411	Spectrogram 1	1	552.000000	552.500000	0	0	noise	cluster_noise	0.0000
412	Spectrogram 1	1	552.250000	553.500000	0	0	6	cluster_6	0.9812
413	Spectrogram 1	1	553.250000	554.000000	0	0	noise	cluster_noise	0.0000
414	Spectrogram 1	1	553.750000	554.500000	0	0	13	cluster_13	1.0000
415	Spectrogram 1	1	554.250000	555.000000	0	0	noise	cluster_noise	0.0000
416	Spectrogram 1	1	554.750000	555.500000	0	0	13	cluster_13	0.7611
417	Spectrogram 1	1	555.250000	556.750000	0	0	6	cluster_6	0.9297
418	Spectrogram 1	1	556.500000	557.000000	0	0	noise	cluster_noise	0.0000
419	Spectrogram 1	1	556.750000	557.500000	0	0	13	cluster_13	0.9608
420	Spectrogram 1	1	557.250000	557.750000	0	0	9	cluster_9	0.6993
421	Spectrogram 1	1	557.500000	558.750000	0	0	noise	cluster_noise	0.0000
422	Spectrogram 1	1	558.500000	559.500000	0	0	6	cluster_6	0.8608
423	Spectrogram 1	1	559.250000	559.750000	0	0	15	cluster_15	1.0000
424	Spectrogram 1	1	559.500000	560.000000	0	0	noise	cluster_noise	0.0000
425	Spectrogram 1	1	559.750000	560.500000	0	0	13	cluster_13	1.0000
426	Spectrogram 1	1	560.250000	560.750000	0	0	noise	cluster_noise	0.0000
427	Spectrogram 1	1	560.500000	561.500000	0	0	13	cluster_13	0.9322
428	Spectrogram 1	1	561.250000	562.250000	0	0	6	cluster_6	0.9942
429	Spectrogram 1	1	562.000000	562.500000	0	0	15	cluster_15	0.9501
430	Spectrogram 1	1	562.250000	563.000000	0	0	13	cluster_13	1.0000
431	Spectrogram 1	1	562.750000	563.500000	0	0	noise	cluster_noise	0.0000
432	Spectrogram 1	1	563.250000	564.250000	0	0	9	cluster_9	0.8021
433	Spectrogram 1	1	564.000000	564.500000	0	0	noise	cluster_noise	0.0000
434	Spectrogram 1	1	564.250000	564.750000	0	0	6	cluster_6	0.7856
435	Spectrogram 1	1	564.500000	565.000000	0	0	noise	cluster_noise	0.0000
436	Spectrogram 1	1	564.750000	565.750000	0	0	13	cluster_13	0.9855
437	Spectrogram 1	1	565.500000	566.750000	0	0	noise	cluster_noise	0.0000
438	Spectrogram 1	1	566.500000	567.000000	0	0	9	cluster_9	0.6563
439	Spectrogram 1	1	566.750000	567.500000	0	0	noise	cluster_noise	0.0000
440	Spectrogram 1	1	567.250000	567.750000	0	0	9	cluster_9	0.5711
441	Spectrogram 1	1	567.500000	568.000000	0	0	noise	cluster_noise	0.0000
442	Spectrogram 1	1	567.750000	569.250000	0	0	6	cluster_6	1.0000
443	Spectrogram 1	1	569.000000	571.250000	0	0	9	cluster_9	0.7383
444	Spectrogram 1	1	571.000000	573.500000	0	0	6	cluster_6	0.9798
445	Spectrogram 1	1	573.250000	573.750000	0	0	noise	cluster_noise	0.0000
446	Spectrogram 1	1	573.500000	575.750000	0	0	10	cluster_10	0.9174
447	Spectrogram 1	1	575.500000	576.750000	0	0	6	cluster_6	1.0000
448	Spectrogram 1	1	576.500000	577.000000	0	0	noise	cluster_noise	0.0000
449	Spectrogram 1	1	576.750000	579.000000	0	0	10	cluster_10	0.9122
450	Spectrogram 1	1	578.750000	579.750000	0	0	6	cluster_6	0.9676
451	Spectrogram 1	1	579.500000	580.250000	0	0	noise	cluster_noise	0.0000
452	Spectrogram 1	1	580.000000	582.500000	0	0	10	cluster_10	0.9589
453	Spectrogram 1	1	582.250000	583.250000	0	0	6	cluster_6	0.9403
454	Spectrogram 1	1	583.000000	583.500000	0	0	noise	cluster_noise	0.0000
455	Spectrogram 1	1	583.250000	584.000000	0	0	6	cluster_6	0.8659
456	Spectrogram 1	1	583.750000	586.250000	0	0	9	cluster_9	0.8410
457	Spectrogram 1	1	586.000000	588.500000	0	0	6	cluster_6	1.0000
458	Spectrogram 1	1	588.250000	591.250000	0	0	10	cluster_10	0.9796
459	Spectrogram 1	1	591.000000	592.250000	0	0	6	cluster_6	0.9475
460	Spectrogram 1	1	592.000000	592.500000	0	0	noise	cluster_noise	0.0000
461	Spectrogram 1	1	592.250000	594.250000	0	0	9	cluster_9	1.0000
462	Spectrogram 1	1	594.000000	594.500000	0	0	noise	cluster_noise	0.0000
463	Spectrogram 1	1	594.250000	594.750000	0	0	6	cluster_6	1.0000
464	Spectrogram 1	1	594.500000	595.000000	0	0	12	cluster_12	0.7404
465	Spectrogram 1	1	594.750000	595.250000	0	0	noise	cluster_noise	0.0000
466	Spectrogram 1	1	595.000000	597.250000	0	0	9	cluster_9	0.8679
467	Spectrogram 1	1	597.000000	598.250000	0	0	6	cluster_6	1.0000
468	Spectrogram 1	1	598.000000	598.500000	0	0	5	cluster_5	1.0000
469	Spectrogram 1	1	598.250000	598.750000	0	0	9	cluster_9	0.7474
470	Spectrogram 1	1	598.500000	601.000000	0	0	5	cluster_5	0.8207
471	Spectrogram 1	1	600.750000	601.250000	0	0	6	cluster_6	0.8015
472	Spectrogram 1	1	601.000000	601.500000	0	0	noise	cluster_noise	0.0000
473	Spectrogram 1	1	601.250000	602.500000	0	0	6	cluster_6	0.9779
474	Spectrogram 1	1	602.250000	604.000000	0	0	10	cluster_10	0.9754
475	Spectrogram 1	1	603.750000	604.250000	0	0	6	cluster_6	1.0000
476	Spectrogram 1	1	604.000000	605.000000	0	0	10	cluster_10	0.9829
477	Spectrogram 1	1	604.750000	605.500000	0	0	noise	cluster_noise	0.0000
478	Spectrogram 1	1	605.250000	605.750000	0	0	5	cluster_5	0.5683
479	Spectrogram 1	1	605.500000	607.750000	0	0	9	cluster_9	0.8418
480	Spectrogram 1	1	607.500000	608.250000	0	0	noise	cluster_noise	0.0000
481	Spectrogram 1	1	608.000000	608.500000	0	0	5	cluster_5	0.6026
482	Spectrogram 1	1	608.250000	610.500000	0	0	9	cluster_9	0.8344
483	Spectrogram 1	1	610.250000	611.250000	0	0	noise	cluster_noise	0.0000
484	Spectrogram 1	1	611.000000	611.750000	0	0	6	cluster_6	1.0000
485	Spectrogram 1	1	611.500000	612.000000	0	0	noise	cluster_noise	0.0000
486	Spectrogram 1	1	611.750000	614.250000	0	0	5	cluster_5	0.9468
487	Spectrogram 1	1	614.000000	615.250000	0	0	6	cluster_6	0.8383
488	Spectrogram 1	1	615.000000	615.500000	0	0	10	cluster_10	1.0000
489	Spectrogram 1	1	615.250000	615.750000	0	0	noise	cluster_noise	0.0000
490	Spectrogram 1	1	615.500000	617.750000	0	0	10	cluster_10	0.9787
491	Spectrogram 1	1	617.500000	618.000000	0	0	2	cluster_2	0.5452
492	Spectrogram 1	1	617.750000	618.750000	0	0	6	cluster_6	1.0000
493	Spectrogram 1	1	618.500000	619.000000	0	0	5	cluster_5	0.9483
494	Spectrogram 1	1	618.750000	619.250000	0	0	noise	cluster_noise	0.0000
495	Spectrogram 1	1	619.000000	621.000000	0	0	9	cluster_9	0.8464
496	Spectrogram 1	1	620.750000	621.250000	0	0	noise	cluster_noise	0.0000
497	Spectrogram 1	1	621.000000	621.500000	0	0	12	cluster_12	0.9458
498	Spectrogram 1	1	621.250000	621.750000	0	0	5	cluster_5	1.0000
499	Spectrogram 1	1	621.500000	622.000000	0	0	noise	cluster_noise	0.0000
500	Spectrogram 1	1	621.750000	623.750000	0	0	9	cluster_9	0.7542
501	Spectrogram 1	1	623.500000	624.000000	0	0	noise	cluster_noise	0.0000
502	Spectrogram 1	1	623.750000	624.750000	0	0	8	cluster_8	0.9841
503	Spectrogram 1	1	624.500000	625.000000	0	0	6	cluster_6	0.9331
504	Spectrogram 1	1	624.750000	627.750000	0	0	5	cluster_5	0.9205
505	Spectrogram 1	1	627.500000	628.000000	0	0	6	cluster_6	1.0000
506	Spectrogram 1	1	627.750000	628.250000	0	0	noise	cluster_noise	0.0000
507	Spectrogram 1	1	628.000000	628.500000	0	0	6	cluster_6	1.0000
508	Spectrogram 1	1	628.250000	630.500000	0	0	10	cluster_10	0.9745
509	Spectrogram 1	1	630.250000	630.750000	0	0	noise	cluster_noise	0.0000
510	Spectrogram 1	1	630.500000	631.000000	0	0	10	cluster_10	0.7796
511	Spectrogram 1	1	630.750000	631.750000	0	0	6	cluster_6	0.9255
512	Spectrogram 1	1	631.500000	632.000000	0	0	5	cluster_5	0.8560
513	Spectrogram 1	1	631.750000	634.000000	0	0	9	cluster_9	0.8621
514	Spectrogram 1	1	633.750000	634.250000	0	0	5	cluster_5	0.6587
515	Spectrogram 1	1	634.000000	634.500000	0	0	12	cluster_12	0.8049
516	Spectrogram 1	1	634.250000	634.750000	0	0	noise	cluster_noise	0.0000
517	Spectrogram 1	1	634.500000	636.500000	0	0	9	cluster_9	0.7767
518	Spectrogram 1	1	636.250000	637.750000	0	0	6	cluster_6	0.9191
519	Spectrogram 1	1	637.500000	640.500000	0	0	5	cluster_5	0.9482
520	Spectrogram 1	1	640.250000	641.250000	0	0	6	cluster_6	0.9822
521	Spectrogram 1	1	641.000000	644.000000	0	0	10	cluster_10	0.9643
522	Spectrogram 1	1	643.750000	644.250000	0	0	noise	cluster_noise	0.0000
523	Spectrogram 1	1	644.000000	644.500000	0	0	6	cluster_6	0.8587
524	Spectrogram 1	1	644.250000	644.750000	0	0	5	cluster_5	0.5471
525	Spectrogram 1	1	644.500000	645.000000	0	0	noise	cluster_noise	0.0000
526	Spectrogram 1	1	644.750000	646.750000	0	0	9	cluster_9	0.8029
527	Spectrogram 1	1	646.500000	647.000000	0	0	noise	cluster_noise	0.0000
528	Spectrogram 1	1	646.750000	647.250000	0	0	12	cluster_12	0.9458
529	Spectrogram 1	1	647.000000	647.500000	0	0	5	cluster_5	0.8494
530	Spectrogram 1	1	647.250000	649.250000	0	0	9	cluster_9	0.7773
531	Spectrogram 1	1	649.000000	650.000000	0	0	noise	cluster_noise	0.0000
532	Spectrogram 1	1	649.750000	650.500000	0	0	6	cluster_6	0.9105
533	Spectrogram 1	1	650.250000	653.500000	0	0	5	cluster_5	0.8952
534	Spectrogram 1	1	653.250000	653.750000	0	0	6	cluster_6	0.7966
535	Spectrogram 1	1	653.500000	655.500000	0	0	10	cluster_10	0.9887
536	Spectrogram 1	1	655.250000	655.750000	0	0	noise	cluster_noise	0.0000
537	Spectrogram 1	1	655.500000	656.250000	0	0	10	cluster_10	0.9970
538	Spectrogram 1	1	656.000000	657.250000	0	0	6	cluster_6	0.9124
539	Spectrogram 1	1	657.000000	657.500000	0	0	12	cluster_12	0.8215
540	Spectrogram 1	1	657.250000	657.750000	0	0	5	cluster_5	0.8909
541	Spectrogram 1	1	657.500000	659.750000	0	0	9	cluster_9	0.7615
542	Spectrogram 1	1	659.500000	660.000000	0	0	12	cluster_12	0.8063
543	Spectrogram 1	1	659.750000	660.250000	0	0	5	cluster_5	0.5032
544	Spectrogram 1	1	660.000000	660.500000	0	0	noise	cluster_noise	0.0000
545	Spectrogram 1	1	660.250000	662.000000	0	0	9	cluster_9	0.7003
546	Spectrogram 1	1	661.750000	662.250000	0	0	8	cluster_8	1.0000
547	Spectrogram 1	1	662.000000	662.750000	0	0	noise	cluster_noise	0.0000
548	Spectrogram 1	1	662.500000	663.250000	0	0	6	cluster_6	0.8857
549	Spectrogram 1	1	663.000000	666.250000	0	0	5	cluster_5	0.9033
550	Spectrogram 1	1	666.000000	666.500000	0	0	6	cluster_6	1.0000
551	Spectrogram 1	1	666.250000	669.000000	0	0	10	cluster_10	0.9976
552	Spectrogram 1	1	668.750000	669.750000	0	0	6	cluster_6	0.8874
553	Spectrogram 1	1	669.500000	670.000000	0	0	noise	cluster_noise	0.0000
554	Spectrogram 1	1	669.750000	670.750000	0	0	6	cluster_6	0.9561
555	Spectrogram 1	1	670.500000	672.000000	0	0	noise	cluster_noise	0.0000
556	Spectrogram 1	1	671.750000	672.250000	0	0	3	cluster_3	1.0000
557	Spectrogram 1	1	672.000000	672.750000	0	0	noise	cluster_noise	0.0000
558	Spectrogram 1	1	672.500000	673.500000	0	0	5	cluster_5	0.5298
559	Spectrogram 1	1	673.250000	673.750000	0	0	noise	cluster_noise	0.0000
560	Spectrogram 1	1	673.500000	675.000000	0	0	6	cluster_6	0.9595
561	Spectrogram 1	1	674.750000	677.500000	0	0	5	cluster_5	0.8911
562	Spectrogram 1	1	677.250000	679.000000	0	0	10	cluster_10	0.9541
563	Spectrogram 1	1	678.750000	679.250000	0	0	9	cluster_9	0.6858
564	Spectrogram 1	1	679.000000	680.500000	0	0	10	cluster_10	1.0000
565	Spectrogram 1	1	680.250000	680.750000	0	0	noise	cluster_noise	0.0000
566	Spectrogram 1	1	680.500000	682.250000	0	0	6	cluster_6	0.9948
567	Spectrogram 1	1	682.000000	682.750000	0	0	noise	cluster_noise	0.0000
568	Spectrogram 1	1	682.500000	684.500000	0	0	3	cluster_3	1.0000
569	Spectrogram 1	1	684.250000	685.000000	0	0	5	cluster_5	0.5926
570	Spectrogram 1	1	684.750000	686.750000	0	0	6	cluster_6	0.9858
571	Spectrogram 1	1	686.500000	687.000000	0	0	noise	cluster_noise	0.0000
572	Spectrogram 1	1	686.750000	689.250000	0	0	5	cluster_5	0.8840
573	Spectrogram 1	1	689.000000	689.500000	0	0	10	cluster_10	1.0000
574	Spectrogram 1	1	689.250000	690.000000	0	0	noise	cluster_noise	0.0000
575	Spectrogram 1	1	689.750000	690.500000	0	0	10	cluster_10	0.9699
576	Spectrogram 1	1	690.250000	693.250000	0	0	6	cluster_6	0.9100
577	Spectrogram 1	1	693.000000	693.500000	0	0	5	cluster_5	1.0000
578	Spectrogram 1	1	693.250000	693.750000	0	0	noise	cluster_noise	0.0000
579	Spectrogram 1	1	693.500000	695.750000	0	0	3	cluster_3	0.9383
580	Spectrogram 1	1	695.500000	696.250000	0	0	5	cluster_5	1.0000
581	Spectrogram 1	1	696.000000	697.500000	0	0	6	cluster_6	0.8487
582	Spectrogram 1	1	697.250000	700.000000	0	0	5	cluster_5	0.8781
583	Spectrogram 1	1	699.750000	700.250000	0	0	noise	cluster_noise	0.0000
584	Spectrogram 1	1	700.000000	701.000000	0	0	12	cluster_12	0.7857
585	Spectrogram 1	1	700.750000	701.250000	0	0	6	cluster_6	1.0000
586	Spectrogram 1	1	701.000000	701.500000	0	0	noise	cluster_noise	0.0000
587	Spectrogram 1	1	701.250000	701.750000	0	0	5	cluster_5	0.5098
588	Spectrogram 1	1	701.500000	702.000000	0	0	6	cluster_6	1.0000
589	Spectrogram 1	1	701.750000	702.500000	0	0	noise	cluster_noise	0.0000
590	Spectrogram 1	1	702.250000	702.750000	0	0	12	cluster_12	0.7793
591	Spectrogram 1	1	702.500000	703.250000	0	0	noise	cluster_noise	0.0000
592	Spectrogram 1	1	703.000000	703.750000	0	0	5	cluster_5	0.6483
593	Spectrogram 1	1	703.500000	704.000000	0	0	noise	cluster_noise	0.0000
594	Spectrogram 1	1	703.750000	704.250000	0	0	4	cluster_4	0.7442
595	Spectrogram 1	1	704.000000	705.500000	0	0	noise	cluster_noise	0.0000
596	Spectrogram 1	1	705.250000	706.000000	0	0	6	cluster_6	0.6502
597	Spectrogram 1	1	705.750000	706.250000	0	0	noise	cluster_noise	0.0000
598	Spectrogram 1	1	706.000000	706.500000	0	0	0	cluster_0	0.5003
599	Spectrogram 1	1	706.250000	706.750000	0	0	4	cluster_4	0.7705
600	Spectrogram 1	1	706.500000	707.500000	0	0	12	cluster_12	0.9224
601	Spectrogram 1	1	707.250000	708.000000	0	0	5	cluster_5	0.5591
602	Spectrogram 1	1	707.750000	708.250000	0	0	noise	cluster_noise	0.0000
603	Spectrogram 1	1	708.000000	708.500000	0	0	5	cluster_5	0.5439
604	Spectrogram 1	1	708.250000	709.000000	0	0	6	cluster_6	0.9807
605	Spectrogram 1	1	708.750000	709.250000	0	0	noise	cluster_noise	0.0000
606	Spectrogram 1	1	709.000000	711.500000	0	0	3	cluster_3	0.8488
607	Spectrogram 1	1	711.250000	711.750000	0	0	5	cluster_5	1.0000
608	Spectrogram 1	1	711.500000	712.000000	0	0	3	cluster_3	0.7064
609	Spectrogram 1	1	711.750000	712.250000	0	0	5	cluster_5	0.6779
610	Spectrogram 1	1	712.000000	713.500000	0	0	6	cluster_6	0.8276
611	Spectrogram 1	1	713.250000	715.500000	0	0	5	cluster_5	0.8405
612	Spectrogram 1	1	715.250000	716.000000	0	0	6	cluster_6	0.7713
613	Spectrogram 1	1	715.750000	716.750000	0	0	12	cluster_12	0.9552
614	Spectrogram 1	1	716.500000	717.000000	0	0	noise	cluster_noise	0.0000
615	Spectrogram 1	1	716.750000	717.250000	0	0	12	cluster_12	0.9379
616	Spectrogram 1	1	717.000000	718.250000	0	0	noise	cluster_noise	0.0000
617	Spectrogram 1	1	718.000000	719.500000	0	0	12	cluster_12	0.9191
618	Spectrogram 1	1	719.250000	720.250000	0	0	noise	cluster_noise	0.0000
619	Spectrogram 1	1	720.000000	720.750000	0	0	12	cluster_12	0.9330
620	Spectrogram 1	1	720.500000	721.000000	0	0	noise	cluster_noise	0.0000
621	Spectrogram 1	1	720.750000	721.250000	0	0	12	cluster_12	0.8665
622	Spectrogram 1	1	721.000000	721.500000	0	0	6	cluster_6	0.6392
623	Spectrogram 1	1	721.250000	721.750000	0	0	noise	cluster_noise	0.0000
624	Spectrogram 1	1	721.500000	722.000000	0	0	4	cluster_4	0.8777
625	Spectrogram 1	1	721.750000	722.500000	0	0	12	cluster_12	0.9527
626	Spectrogram 1	1	722.250000	722.750000	0	0	noise	cluster_noise	0.0000
627	Spectrogram 1	1	722.500000	723.000000	0	0	6	cluster_6	1.0000
628	Spectrogram 1	1	722.750000	723.500000	0	0	noise	cluster_noise	0.0000
629	Spectrogram 1	1	723.250000	723.750000	0	0	12	cluster_12	0.7321
630	Spectrogram 1	1	723.500000	724.750000	0	0	6	cluster_6	0.8178
631	Spectrogram 1	1	724.500000	725.000000	0	0	noise	cluster_noise	0.0000
632	Spectrogram 1	1	724.750000	727.750000	0	0	3	cluster_3	0.8520
633	Spectrogram 1	1	727.500000	728.000000	0	0	5	cluster_5	0.6587
634	Spectrogram 1	1	727.750000	729.250000	0	0	6	cluster_6	0.9163
635	Spectrogram 1	1	729.000000	731.500000	0	0	5	cluster_5	0.8564
636	Spectrogram 1	1	731.250000	732.000000	0	0	6	cluster_6	0.8257
637	Spectrogram 1	1	731.750000	732.750000	0	0	12	cluster_12	0.8660
638	Spectrogram 1	1	732.500000	733.000000	0	0	6	cluster_6	0.8413
639	Spectrogram 1	1	732.750000	733.500000	0	0	5	cluster_5	0.6517
640	Spectrogram 1	1	733.250000	733.750000	0	0	12	cluster_12	0.7650
641	Spectrogram 1	1	733.500000	734.000000	0	0	6	cluster_6	1.0000
642	Spectrogram 1	1	733.750000	734.250000	0	0	noise	cluster_noise	0.0000
643	Spectrogram 1	1	734.000000	735.000000	0	0	12	cluster_12	0.8967
644	Spectrogram 1	1	734.750000	735.250000	0	0	noise	cluster_noise	0.0000
645	Spectrogram 1	1	735.000000	735.500000	0	0	12	cluster_12	0.9577
646	Spectrogram 1	1	735.250000	737.000000	0	0	noise	cluster_noise	0.0000
647	Spectrogram 1	1	736.750000	737.250000	0	0	5	cluster_5	0.5801
648	Spectrogram 1	1	737.000000	737.500000	0	0	6	cluster_6	0.8730
649	Spectrogram 1	1	737.250000	738.000000	0	0	5	cluster_5	0.6040
650	Spectrogram 1	1	737.750000	738.750000	0	0	6	cluster_6	0.9830
651	Spectrogram 1	1	738.500000	739.000000	0	0	noise	cluster_noise	0.0000
652	Spectrogram 1	1	738.750000	741.500000	0	0	3	cluster_3	0.8500
653	Spectrogram 1	1	741.250000	742.000000	0	0	5	cluster_5	0.7943
654	Spectrogram 1	1	741.750000	742.500000	0	0	noise	cluster_noise	0.0000
655	Spectrogram 1	1	742.250000	744.500000	0	0	6	cluster_6	0.9128
656	Spectrogram 1	1	744.250000	744.750000	0	0	noise	cluster_noise	0.0000
657	Spectrogram 1	1	744.500000	746.000000	0	0	4	cluster_4	0.9644
658	Spectrogram 1	1	745.750000	746.250000	0	0	noise	cluster_noise	0.0000
659	Spectrogram 1	1	746.000000	746.500000	0	0	6	cluster_6	0.8341
660	Spectrogram 1	1	746.250000	749.250000	0	0	0	cluster_0	0.8661
661	Spectrogram 1	1	749.000000	750.000000	0	0	noise	cluster_noise	0.0000
662	Spectrogram 1	1	749.750000	750.250000	0	0	5	cluster_5	1.0000
663	Spectrogram 1	1	750.000000	751.000000	0	0	6	cluster_6	0.9783
664	Spectrogram 1	1	750.750000	751.250000	0	0	5	cluster_5	0.5260
665	Spectrogram 1	1	751.000000	751.500000	0	0	noise	cluster_noise	0.0000
666	Spectrogram 1	1	751.250000	753.500000	0	0	3	cluster_3	0.8866
667	Spectrogram 1	1	753.250000	753.750000	0	0	noise	cluster_noise	0.0000
668	Spectrogram 1	1	753.500000	754.250000	0	0	5	cluster_5	0.5964
669	Spectrogram 1	1	754.000000	754.500000	0	0	noise	cluster_noise	0.0000
670	Spectrogram 1	1	754.250000	758.250000	0	0	6	cluster_6	0.9702
671	Spectrogram 1	1	758.000000	759.750000	0	0	0	cluster_0	0.8073
672	Spectrogram 1	1	759.500000	760.000000	0	0	5	cluster_5	0.5860
673	Spectrogram 1	1	759.750000	760.250000	0	0	6	cluster_6	0.7439
674	Spectrogram 1	1	760.000000	761.750000	0	0	0	cluster_0	0.8145
675	Spectrogram 1	1	761.500000	762.000000	0	0	noise	cluster_noise	0.0000
676	Spectrogram 1	1	761.750000	762.250000	0	0	6	cluster_6	0.6626
677	Spectrogram 1	1	762.000000	762.500000	0	0	noise	cluster_noise	0.0000
678	Spectrogram 1	1	762.250000	763.750000	0	0	6	cluster_6	0.9472
679	Spectrogram 1	1	763.500000	764.000000	0	0	noise	cluster_noise	0.0000
680	Spectrogram 1	1	763.750000	766.000000	0	0	3	cluster_3	0.8743
681	Spectrogram 1	1	765.750000	766.250000	0	0	5	cluster_5	0.8657
682	Spectrogram 1	1	766.000000	766.500000	0	0	6	cluster_6	0.8203
683	Spectrogram 1	1	766.250000	766.750000	0	0	5	cluster_5	0.5925
684	Spectrogram 1	1	766.500000	767.250000	0	0	6	cluster_6	0.9595
685	Spectrogram 1	1	767.000000	767.500000	0	0	5	cluster_5	0.5345
686	Spectrogram 1	1	767.250000	769.000000	0	0	6	cluster_6	0.9994
687	Spectrogram 1	1	768.750000	769.250000	0	0	noise	cluster_noise	0.0000
688	Spectrogram 1	1	769.000000	770.000000	0	0	4	cluster_4	0.7774
689	Spectrogram 1	1	769.750000	770.500000	0	0	noise	cluster_noise	0.0000
690	Spectrogram 1	1	770.250000	770.750000	0	0	6	cluster_6	1.0000
691	Spectrogram 1	1	770.500000	772.000000	0	0	0	cluster_0	0.8217
692	Spectrogram 1	1	771.750000	772.250000	0	0	6	cluster_6	0.6836
693	Spectrogram 1	1	772.000000	774.000000	0	0	0	cluster_0	0.8150
694	Spectrogram 1	1	773.750000	776.000000	0	0	6	cluster_6	0.9100
695	Spectrogram 1	1	775.750000	776.250000	0	0	noise	cluster_noise	0.0000
696	Spectrogram 1	1	776.000000	778.250000	0	0	3	cluster_3	0.8614
697	Spectrogram 1	1	778.000000	779.250000	0	0	5	cluster_5	0.6626
698	Spectrogram 1	1	779.000000	783.000000	0	0	6	cluster_6	0.8829
699	Spectrogram 1	1	782.750000	783.250000	0	0	noise	cluster_noise	0.0000
700	Spectrogram 1	1	783.000000	783.500000	0	0	6	cluster_6	0.6373
701	Spectrogram 1	1	783.250000	786.500000	0	0	0	cluster_0	0.8999
702	Spectrogram 1	1	786.250000	788.250000	0	0	6	cluster_6	0.8364
703	Spectrogram 1	1	788.000000	788.500000	0	0	noise	cluster_noise	0.0000
704	Spectrogram 1	1	788.250000	791.000000	0	0	3	cluster_3	0.8523
705	Spectrogram 1	1	790.750000	791.750000	0	0	5	cluster_5	0.7756
706	Spectrogram 1	1	791.500000	794.250000	0	0	6	cluster_6	0.9656
707	Spectrogram 1	1	794.000000	795.500000	0	0	4	cluster_4	1.0000
708	Spectrogram 1	1	795.250000	796.000000	0	0	6	cluster_6	0.7387
709	Spectrogram 1	1	795.750000	798.250000	0	0	0	cluster_0	0.7275
710	Spectrogram 1	1	798.000000	800.250000	0	0	6	cluster_6	0.8338
711	Spectrogram 1	1	800.000000	800.750000	0	0	noise	cluster_noise	0.0000
712	Spectrogram 1	1	800.500000	802.500000	0	0	3	cluster_3	0.9634
713	Spectrogram 1	1	802.250000	804.000000	0	0	5	cluster_5	0.7260
714	Spectrogram 1	1	803.750000	805.750000	0	0	6	cluster_6	0.9782
715	Spectrogram 1	1	805.500000	806.000000	0	0	noise	cluster_noise	0.0000
716	Spectrogram 1	1	805.750000	808.750000	0	0	4	cluster_4	0.9856
717	Spectrogram 1	1	808.500000	809.000000	0	0	5	cluster_5	0.6166
718	Spectrogram 1	1	808.750000	809.500000	0	0	noise	cluster_noise	0.0000
719	Spectrogram 1	1	809.250000	809.750000	0	0	6	cluster_6	1.0000
720	Spectrogram 1	1	809.500000	810.000000	0	0	noise	cluster_noise	0.0000
721	Spectrogram 1	1	809.750000	813.500000	0	0	4	cluster_4	1.0000
722	Spectrogram 1	1	813.250000	814.000000	0	0	5	cluster_5	0.5823
723	Spectrogram 1	1	813.750000	814.250000	0	0	12	cluster_12	0.8648
724	Spectrogram 1	1	814.000000	814.500000	0	0	6	cluster_6	1.0000
725	Spectrogram 1	1	814.250000	814.750000	0	0	12	cluster_12	0.8364
726	Spectrogram 1	1	814.500000	815.250000	0	0	11	cluster_11	0.9497
727	Spectrogram 1	1	815.000000	815.500000	0	0	6	cluster_6	1.0000
728	Spectrogram 1	1	815.250000	815.750000	0	0	8	cluster_8	1.0000
729	Spectrogram 1	1	815.500000	816.250000	0	0	12	cluster_12	0.8202
730	Spectrogram 1	1	816.000000	816.750000	0	0	6	cluster_6	1.0000
731	Spectrogram 1	1	816.500000	817.000000	0	0	12	cluster_12	0.8232
732	Spectrogram 1	1	816.750000	817.500000	0	0	noise	cluster_noise	0.0000
733	Spectrogram 1	1	817.250000	817.750000	0	0	6	cluster_6	1.0000
734	Spectrogram 1	1	817.500000	818.000000	0	0	12	cluster_12	0.7989
735	Spectrogram 1	1	817.750000	818.500000	0	0	noise	cluster_noise	0.0000
736	Spectrogram 1	1	818.250000	818.750000	0	0	6	cluster_6	0.7510
737	Spectrogram 1	1	818.500000	819.000000	0	0	12	cluster_12	0.9458
738	Spectrogram 1	1	818.750000	819.250000	0	0	11	cluster_11	0.7429
739	Spectrogram 1	1	819.000000	819.500000	0	0	noise	cluster_noise	0.0000
740	Spectrogram 1	1	819.250000	819.750000	0	0	6	cluster_6	0.8643
741	Spectrogram 1	1	819.500000	820.500000	0	0	noise	cluster_noise	0.0000
742	Spectrogram 1	1	820.250000	820.750000	0	0	6	cluster_6	1.0000
743	Spectrogram 1	1	820.500000	823.500000	0	0	4	cluster_4	0.9788
744	Spectrogram 1	1	823.250000	824.750000	0	0	6	cluster_6	0.8705
745	Spectrogram 1	1	824.500000	828.000000	0	0	4	cluster_4	0.9883
746	Spectrogram 1	1	827.750000	829.000000	0	0	noise	cluster_noise	0.0000
747	Spectrogram 1	1	828.750000	829.250000	0	0	6	cluster_6	1.0000
748	Spectrogram 1	1	829.000000	829.500000	0	0	noise	cluster_noise	0.0000
749	Spectrogram 1	1	829.250000	829.750000	0	0	11	cluster_11	0.7718
750	Spectrogram 1	1	829.500000	830.250000	0	0	14	cluster_14	0.6945
751	Spectrogram 1	1	830.000000	831.250000	0	0	noise	cluster_noise	0.0000
752	Spectrogram 1	1	831.000000	831.500000	0	0	6	cluster_6	1.0000
753	Spectrogram 1	1	831.250000	831.750000	0	0	noise	cluster_noise	0.0000
754	Spectrogram 1	1	831.500000	832.000000	0	0	11	cluster_11	1.0000
755	Spectrogram 1	1	831.750000	832.500000	0	0	14	cluster_14	0.7218
756	Spectrogram 1	1	832.250000	833.250000	0	0	noise	cluster_noise	0.0000
757	Spectrogram 1	1	833.000000	833.500000	0	0	6	cluster_6	1.0000
758	Spectrogram 1	1	833.250000	833.750000	0	0	noise	cluster_noise	0.0000
759	Spectrogram 1	1	833.500000	834.000000	0	0	11	cluster_11	0.8477
760	Spectrogram 1	1	833.750000	834.250000	0	0	14	cluster_14	0.7231
761	Spectrogram 1	1	834.000000	836.000000	0	0	noise	cluster_noise	0.0000
762	Spectrogram 1	1	835.750000	838.250000	0	0	4	cluster_4	0.9870
763	Spectrogram 1	1	838.000000	839.500000	0	0	noise	cluster_noise	0.0000
764	Spectrogram 1	1	839.250000	842.250000	0	0	4	cluster_4	0.9707
765	Spectrogram 1	1	842.000000	842.500000	0	0	noise	cluster_noise	0.0000
766	Spectrogram 1	1	842.250000	842.750000	0	0	6	cluster_6	1.0000
767	Spectrogram 1	1	842.500000	843.000000	0	0	4	cluster_4	0.8549
768	Spectrogram 1	1	842.750000	843.250000	0	0	noise	cluster_noise	0.0000
769	Spectrogram 1	1	843.000000	843.500000	0	0	6	cluster_6	1.0000
770	Spectrogram 1	1	843.250000	843.750000	0	0	11	cluster_11	0.9991
771	Spectrogram 1	1	843.500000	844.000000	0	0	14	cluster_14	0.6055
772	Spectrogram 1	1	843.750000	845.000000	0	0	noise	cluster_noise	0.0000
773	Spectrogram 1	1	844.750000	845.250000	0	0	15	cluster_15	1.0000
774	Spectrogram 1	1	845.000000	845.750000	0	0	6	cluster_6	1.0000
775	Spectrogram 1	1	845.500000	846.250000	0	0	14	cluster_14	0.6741
776	Spectrogram 1	1	846.000000	846.500000	0	0	noise	cluster_noise	0.0000
777	Spectrogram 1	1	846.250000	847.000000	0	0	14	cluster_14	1.0000
778	Spectrogram 1	1	846.750000	847.250000	0	0	noise	cluster_noise	0.0000
779	Spectrogram 1	1	847.000000	847.500000	0	0	6	cluster_6	1.0000
780	Spectrogram 1	1	847.250000	847.750000	0	0	15	cluster_15	1.0000
781	Spectrogram 1	1	847.500000	848.000000	0	0	12	cluster_12	0.8614
782	Spectrogram 1	1	847.750000	848.250000	0	0	14	cluster_14	1.0000
783	Spectrogram 1	1	848.000000	848.500000	0	0	15	cluster_15	1.0000
784	Spectrogram 1	1	848.250000	848.750000	0	0	12	cluster_12	0.9106
785	Spectrogram 1	1	848.500000	849.250000	0	0	14	cluster_14	0.8587
786	Spectrogram 1	1	849.000000	849.500000	0	0	12	cluster_12	0.9458
787	Spectrogram 1	1	849.250000	850.000000	0	0	14	cluster_14	0.9330
788	Spectrogram 1	1	849.750000	850.250000	0	0	6	cluster_6	1.0000
789	Spectrogram 1	1	850.000000	850.750000	0	0	14	cluster_14	1.0000
790	Spectrogram 1	1	850.500000	851.000000	0	0	15	cluster_15	1.0000
791	Spectrogram 1	1	850.750000	851.250000	0	0	6	cluster_6	1.0000
792	Spectrogram 1	1	851.000000	852.500000	0	0	14	cluster_14	1.0000
793	Spectrogram 1	1	852.250000	853.000000	0	0	noise	cluster_noise	0.0000
794	Spectrogram 1	1	852.750000	853.500000	0	0	15	cluster_15	1.0000
795	Spectrogram 1	1	853.250000	855.500000	0	0	6	cluster_6	0.9275
796	Spectrogram 1	1	855.250000	855.750000	0	0	11	cluster_11	0.8044
797	Spectrogram 1	1	855.500000	856.000000	0	0	noise	cluster_noise	0.0000
798	Spectrogram 1	1	855.750000	856.250000	0	0	15	cluster_15	1.0000
799	Spectrogram 1	1	856.000000	856.500000	0	0	6	cluster_6	1.0000
800	Spectrogram 1	1	856.250000	857.000000	0	0	15	cluster_15	0.9817
801	Spectrogram 1	1	856.750000	858.000000	0	0	6	cluster_6	1.0000
802	Spectrogram 1	1	857.750000	858.250000	0	0	12	cluster_12	0.8230
803	Spectrogram 1	1	858.000000	858.750000	0	0	14	cluster_14	0.9708
804	Spectrogram 1	1	858.500000	859.500000	0	0	6	cluster_6	0.9609
805	Spectrogram 1	1	859.250000	859.750000	0	0	noise	cluster_noise	0.0000
806	Spectrogram 1	1	859.500000	870.000000	0	0	6	cluster_6	0.9638
807	Spectrogram 1	1	869.750000	870.250000	0	0	noise	cluster_noise	0.0000
808	Spectrogram 1	1	870.000000	870.500000	0	0	15	cluster_15	0.9904
809	Spectrogram 1	1	870.250000	871.000000	0	0	13	cluster_13	0.9334
810	Spectrogram 1	1	870.750000	871.250000	0	0	9	cluster_9	0.7196
811	Spectrogram 1	1	871.000000	871.750000	0	0	noise	cluster_noise	0.0000
812	Spectrogram 1	1	871.500000	873.500000	0	0	6	cluster_6	0.9886
813	Spectrogram 1	1	873.250000	874.000000	0	0	15	cluster_15	0.9912
814	Spectrogram 1	1	873.750000	874.500000	0	0	13	cluster_13	1.0000
815	Spectrogram 1	1	874.250000	875.250000	0	0	noise	cluster_noise	0.0000
816	Spectrogram 1	1	875.000000	876.500000	0	0	6	cluster_6	1.0000
817	Spectrogram 1	1	876.250000	876.750000	0	0	noise	cluster_noise	0.0000
818	Spectrogram 1	1	876.500000	877.250000	0	0	15	cluster_15	0.9516
819	Spectrogram 1	1	877.000000	877.500000	0	0	noise	cluster_noise	0.0000
820	Spectrogram 1	1	877.250000	877.750000	0	0	15	cluster_15	0.9983
821	Spectrogram 1	1	877.500000	878.250000	0	0	noise	cluster_noise	0.0000
822	Spectrogram 1	1	878.000000	881.250000	0	0	6	cluster_6	0.9780
823	Spectrogram 1	1	881.000000	881.500000	0	0	noise	cluster_noise	0.0000
824	Spectrogram 1	1	881.250000	883.250000	0	0	6	cluster_6	0.8056
825	Spectrogram 1	1	883.000000	883.500000	0	0	noise	cluster_noise	0.0000
826	Spectrogram 1	1	883.250000	884.500000	0	0	6	cluster_6	0.8557
827	Spectrogram 1	1	884.250000	886.500000	0	0	1	cluster_1	0.9180
828	Spectrogram 1	1	886.250000	887.000000	0	0	6	cluster_6	0.9436
829	Spectrogram 1	1	886.750000	887.250000	0	0	11	cluster_11	0.8215
830	Spectrogram 1	1	887.000000	887.500000	0	0	15	cluster_15	1.0000
831	Spectrogram 1	1	887.250000	887.750000	0	0	noise	cluster_noise	0.0000
832	Spectrogram 1	1	887.500000	888.000000	0	0	13	cluster_13	0.7258
833	Spectrogram 1	1	887.750000	888.500000	0	0	15	cluster_15	0.9393
834	Spectrogram 1	1	888.250000	888.750000	0	0	noise	cluster_noise	0.0000
835	Spectrogram 1	1	888.500000	890.250000	0	0	6	cluster_6	0.9857
836	Spectrogram 1	1	890.000000	890.500000	0	0	5	cluster_5	0.5282
837	Spectrogram 1	1	890.250000	890.750000	0	0	15	cluster_15	1.0000
838	Spectrogram 1	1	890.500000	891.000000	0	0	noise	cluster_noise	0.0000
839	Spectrogram 1	1	890.750000	891.500000	0	0	13	cluster_13	0.9766
840	Spectrogram 1	1	891.250000	891.750000	0	0	15	cluster_15	0.9242
841	Spectrogram 1	1	891.500000	892.000000	0	0	noise	cluster_noise	0.0000
842	Spectrogram 1	1	891.750000	893.750000	0	0	6	cluster_6	0.9890
843	Spectrogram 1	1	893.500000	894.250000	0	0	15	cluster_15	0.9634
844	Spectrogram 1	1	894.000000	894.750000	0	0	13	cluster_13	0.7666
845	Spectrogram 1	1	894.500000	895.500000	0	0	noise	cluster_noise	0.0000
846	Spectrogram 1	1	895.250000	896.250000	0	0	6	cluster_6	1.0000
847	Spectrogram 1	1	896.000000	897.500000	0	0	1	cluster_1	0.9552
848	Spectrogram 1	1	897.250000	899.000000	0	0	6	cluster_6	0.9681
849	Spectrogram 1	1	898.750000	902.500000	0	0	1	cluster_1	0.9990
850	Spectrogram 1	1	902.250000	903.500000	0	0	6	cluster_6	0.9925
851	Spectrogram 1	1	903.250000	903.750000	0	0	15	cluster_15	1.0000
852	Spectrogram 1	1	903.500000	904.000000	0	0	noise	cluster_noise	0.0000
853	Spectrogram 1	1	903.750000	904.500000	0	0	13	cluster_13	1.0000
854	Spectrogram 1	1	904.250000	904.750000	0	0	6	cluster_6	0.9948
855	Spectrogram 1	1	904.500000	905.250000	0	0	noise	cluster_noise	0.0000
856	Spectrogram 1	1	905.000000	906.750000	0	0	6	cluster_6	0.9853
857	Spectrogram 1	1	906.500000	907.250000	0	0	15	cluster_15	0.9658
858	Spectrogram 1	1	907.000000	907.750000	0	0	13	cluster_13	1.0000
859	Spectrogram 1	1	907.500000	908.000000	0	0	9	cluster_9	0.8656
860	Spectrogram 1	1	907.750000	908.500000	0	0	13	cluster_13	1.0000
861	Spectrogram 1	1	908.250000	909.750000	0	0	6	cluster_6	1.0000
862	Spectrogram 1	1	909.500000	910.250000	0	0	15	cluster_15	0.9967
863	Spectrogram 1	1	910.000000	910.750000	0	0	13	cluster_13	0.9755
864	Spectrogram 1	1	910.500000	911.500000	0	0	noise	cluster_noise	0.0000
865	Spectrogram 1	1	911.250000	911.750000	0	0	2	cluster_2	0.4575
866	Spectrogram 1	1	911.500000	912.000000	0	0	8	cluster_8	0.8981
867	Spectrogram 1	1	911.750000	913.250000	0	0	6	cluster_6	0.8667
868	Spectrogram 1	1	913.000000	913.750000	0	0	15	cluster_15	0.9829
869	Spectrogram 1	1	913.500000	914.250000	0	0	13	cluster_13	1.0000
870	Spectrogram 1	1	914.000000	914.750000	0	0	noise	cluster_noise	0.0000
871	Spectrogram 1	1	914.500000	915.000000	0	0	13	cluster_13	1.0000
872	Spectrogram 1	1	914.750000	915.250000	0	0	9	cluster_9	0.6148
873	Spectrogram 1	1	915.000000	916.000000	0	0	6	cluster_6	0.9931
874	Spectrogram 1	1	915.750000	916.500000	0	0	15	cluster_15	0.9584
875	Spectrogram 1	1	916.250000	917.000000	0	0	13	cluster_13	1.0000
876	Spectrogram 1	1	916.750000	917.500000	0	0	noise	cluster_noise	0.0000
877	Spectrogram 1	1	917.250000	918.000000	0	0	13	cluster_13	0.8438
878	Spectrogram 1	1	917.750000	919.250000	0	0	6	cluster_6	0.9384
879	Spectrogram 1	1	919.000000	919.500000	0	0	noise	cluster_noise	0.0000
880	Spectrogram 1	1	919.250000	920.000000	0	0	15	cluster_15	0.9699
881	Spectrogram 1	1	919.750000	920.250000	0	0	noise	cluster_noise	0.0000
882	Spectrogram 1	1	920.000000	920.750000	0	0	13	cluster_13	1.0000
883	Spectrogram 1	1	920.500000	921.000000	0	0	10	cluster_10	0.8065
884	Spectrogram 1	1	920.750000	921.500000	0	0	13	cluster_13	0.8494
885	Spectrogram 1	1	921.250000	922.000000	0	0	6	cluster_6	0.9153
886	Spectrogram 1	1	921.750000	922.250000	0	0	noise	cluster_noise	0.0000
887	Spectrogram 1	1	922.000000	922.500000	0	0	15	cluster_15	1.0000
888	Spectrogram 1	1	922.250000	922.750000	0	0	noise	cluster_noise	0.0000
889	Spectrogram 1	1	922.500000	923.250000	0	0	13	cluster_13	1.0000
890	Spectrogram 1	1	923.000000	923.500000	0	0	noise	cluster_noise	0.0000
891	Spectrogram 1	1	923.250000	924.000000	0	0	13	cluster_13	0.8500
892	Spectrogram 1	1	923.750000	924.500000	0	0	6	cluster_6	0.8902
893	Spectrogram 1	1	924.250000	925.000000	0	0	15	cluster_15	0.9646
894	Spectrogram 1	1	924.750000	927.750000	0	0	noise	cluster_noise	0.0000
895	Spectrogram 1	1	927.500000	928.250000	0	0	10	cluster_10	0.8029
896	Spectrogram 1	1	928.000000	929.500000	0	0	noise	cluster_noise	0.0000
897	Spectrogram 1	1	929.250000	930.250000	0	0	10	cluster_10	0.8065
898	Spectrogram 1	1	930.000000	930.750000	0	0	noise	cluster_noise	0.0000
899	Spectrogram 1	1	930.500000	931.250000	0	0	10	cluster_10	0.8065
900	Spectrogram 1	1	931.000000	931.500000	0	0	noise	cluster_noise	0.0000
901	Spectrogram 1	1	931.250000	932.250000	0	0	6	cluster_6	0.8859
902	Spectrogram 1	1	932.000000	932.500000	0	0	noise	cluster_noise	0.0000
903	Spectrogram 1	1	932.250000	934.250000	0	0	9	cluster_9	0.9365
904	Spectrogram 1	1	934.000000	936.500000	0	0	6	cluster_6	0.9719
905	Spectrogram 1	1	936.250000	936.750000	0	0	noise	cluster_noise	0.0000
906	Spectrogram 1	1	936.500000	937.250000	0	0	10	cluster_10	0.7940
907	Spectrogram 1	1	937.000000	938.000000	0	0	noise	cluster_noise	0.0000
908	Spectrogram 1	1	937.750000	938.250000	0	0	13	cluster_13	0.7124
909	Spectrogram 1	1	938.000000	938.750000	0	0	noise	cluster_noise	0.0000
910	Spectrogram 1	1	938.500000	939.250000	0	0	6	cluster_6	0.8803
911	Spectrogram 1	1	939.000000	939.500000	0	0	10	cluster_10	0.8065
912	Spectrogram 1	1	939.250000	940.250000	0	0	noise	cluster_noise	0.0000
913	Spectrogram 1	1	940.000000	941.750000	0	0	10	cluster_10	0.8072
914	Spectrogram 1	1	941.500000	942.250000	0	0	6	cluster_6	0.8118
915	Spectrogram 1	1	942.000000	942.500000	0	0	noise	cluster_noise	0.0000
916	Spectrogram 1	1	942.250000	943.000000	0	0	6	cluster_6	0.7063
917	Spectrogram 1	1	942.750000	943.250000	0	0	10	cluster_10	0.8065
918	Spectrogram 1	1	943.000000	944.750000	0	0	noise	cluster_noise	0.0000
919	Spectrogram 1	1	944.500000	945.750000	0	0	10	cluster_10	0.7867
920	Spectrogram 1	1	945.500000	946.250000	0	0	noise	cluster_noise	0.0000
921	Spectrogram 1	1	946.000000	947.250000	0	0	10	cluster_10	0.8065
922	Spectrogram 1	1	947.000000	947.500000	0	0	noise	cluster_noise	0.0000
923	Spectrogram 1	1	947.250000	948.000000	0	0	10	cluster_10	0.8145
924	Spectrogram 1	1	947.750000	948.750000	0	0	noise	cluster_noise	0.0000
925	Spectrogram 1	1	948.500000	949.000000	0	0	10	cluster_10	1.0000
926	Spectrogram 1	1	948.750000	949.750000	0	0	6	cluster_6	0.9930
927	Spectrogram 1	1	949.500000	951.500000	0	0	9	cluster_9	0.8759
928	Spectrogram 1	1	951.250000	952.000000	0	0	noise	cluster_noise	0.0000
929	Spectrogram 1	1	951.750000	954.250000	0	0	6	cluster_6	0.9862
930	Spectrogram 1	1	954.000000	954.500000	0	0	noise	cluster_noise	0.0000
931	Spectrogram 1	1	954.250000	955.000000	0	0	10	cluster_10	0.8065
932	Spectrogram 1	1	954.750000	955.250000	0	0	noise	cluster_noise	0.0000
933	Spectrogram 1	1	955.000000	958.000000	0	0	10	cluster_10	0.8528
934	Spectrogram 1	1	957.750000	958.250000	0	0	noise	cluster_noise	0.0000
935	Spectrogram 1	1	958.000000	959.250000	0	0	10	cluster_10	0.7940
936	Spectrogram 1	1	959.000000	959.500000	0	0	noise	cluster_noise	0.0000
937	Spectrogram 1	1	959.250000	960.000000	0	0	10	cluster_10	0.8065
938	Spectrogram 1	1	959.750000	960.250000	0	0	noise	cluster_noise	0.0000
939	Spectrogram 1	1	960.000000	961.000000	0	0	10	cluster_10	0.8685
940	Spectrogram 1	1	960.750000	961.250000	0	0	noise	cluster_noise	0.0000
941	Spectrogram 1	1	961.000000	961.750000	0	0	10	cluster_10	0.9230
942	Spectrogram 1	1	961.500000	962.250000	0	0	6	cluster_6	0.8704
943	Spectrogram 1	1	962.000000	962.750000	0	0	10	cluster_10	0.8065
944	Spectrogram 1	1	962.500000	963.250000	0	0	noise	cluster_noise	0.0000
945	Spectrogram 1	1	963.000000	966.750000	0	0	10	cluster_10	0.9556
946	Spectrogram 1	1	966.500000	967.250000	0	0	6	cluster_6	0.9062
947	Spectrogram 1	1	967.000000	967.500000	0	0	noise	cluster_noise	0.0000
948	Spectrogram 1	1	967.250000	969.500000	0	0	9	cluster_9	0.8415
949	Spectrogram 1	1	969.250000	969.750000	0	0	noise	cluster_noise	0.0000
950	Spectrogram 1	1	969.500000	970.250000	0	0	6	cluster_6	0.8086
951	Spectrogram 1	1	970.000000	970.500000	0	0	noise	cluster_noise	0.0000
952	Spectrogram 1	1	970.250000	972.500000	0	0	9	cluster_9	0.8594
953	Spectrogram 1	1	972.250000	972.750000	0	0	8	cluster_8	0.8961
954	Spectrogram 1	1	972.500000	973.000000	0	0	noise	cluster_noise	0.0000
955	Spectrogram 1	1	972.750000	973.250000	0	0	6	cluster_6	0.7282
956	Spectrogram 1	1	973.000000	973.500000	0	0	noise	cluster_noise	0.0000
957	Spectrogram 1	1	973.250000	974.500000	0	0	5	cluster_5	0.5240
958	Spectrogram 1	1	974.250000	974.750000	0	0	noise	cluster_noise	0.0000
959	Spectrogram 1	1	974.500000	975.750000	0	0	5	cluster_5	0.6502
960	Spectrogram 1	1	975.500000	976.250000	0	0	6	cluster_6	0.8955
961	Spectrogram 1	1	976.000000	976.500000	0	0	10	cluster_10	1.0000
962	Spectrogram 1	1	976.250000	977.750000	0	0	6	cluster_6	1.0000
963	Spectrogram 1	1	977.500000	978.000000	0	0	noise	cluster_noise	0.0000
964	Spectrogram 1	1	977.750000	980.250000	0	0	10	cluster_10	1.0000
965	Spectrogram 1	1	980.000000	980.750000	0	0	6	cluster_6	0.8739
966	Spectrogram 1	1	980.500000	981.250000	0	0	noise	cluster_noise	0.0000
967	Spectrogram 1	1	981.000000	983.000000	0	0	9	cluster_9	0.9308
968	Spectrogram 1	1	982.750000	983.250000	0	0	noise	cluster_noise	0.0000
969	Spectrogram 1	1	983.000000	983.500000	0	0	6	cluster_6	1.0000
970	Spectrogram 1	1	983.250000	984.000000	0	0	noise	cluster_noise	0.0000
971	Spectrogram 1	1	983.750000	985.750000	0	0	9	cluster_9	0.8286
972	Spectrogram 1	1	985.500000	986.750000	0	0	6	cluster_6	0.9964
973	Spectrogram 1	1	986.500000	989.750000	0	0	5	cluster_5	0.9540
974	Spectrogram 1	1	989.500000	990.750000	0	0	6	cluster_6	0.9524
975	Spectrogram 1	1	990.500000	993.750000	0	0	10	cluster_10	0.9638
976	Spectrogram 1	1	993.500000	994.250000	0	0	6	cluster_6	0.9303
977	Spectrogram 1	1	994.000000	994.750000	0	0	noise	cluster_noise	0.0000
978	Spectrogram 1	1	994.500000	996.250000	0	0	9	cluster_9	0.8807
979	Spectrogram 1	1	996.000000	996.500000	0	0	noise	cluster_noise	0.0000
980	Spectrogram 1	1	996.250000	997.000000	0	0	6	cluster_6	1.0000
981	Spectrogram 1	1	996.750000	997.500000	0	0	noise	cluster_noise	0.0000
982	Spectrogram 1	1	997.250000	999.000000	0	0	9	cluster_9	0.8166
983	Spectrogram 1	1	998.750000	999.250000	0	0	noise	cluster_noise	0.0000
984	Spectrogram 1	1	999.000000	1000.250000	0	0	6	cluster_6	0.9658
985	Spectrogram 1	1	1000.000000	1003.000000	0	0	5	cluster_5	0.9118
986	Spectrogram 1	1	1002.750000	1004.000000	0	0	6	cluster_6	0.9192
987	Spectrogram 1	1	1003.750000	1004.250000	0	0	noise	cluster_noise	0.0000
988	Spectrogram 1	1	1004.000000	1006.500000	0	0	10	cluster_10	0.9803
989	Spectrogram 1	1	1006.250000	1007.500000	0	0	6	cluster_6	1.0000
990	Spectrogram 1	1	1007.250000	1009.750000	0	0	9	cluster_9	0.8601
991	Spectrogram 1	1	1009.500000	1010.000000	0	0	8	cluster_8	0.9902
992	Spectrogram 1	1	1009.750000	1010.500000	0	0	5	cluster_5	0.7621
993	Spectrogram 1	1	1010.250000	1012.000000	0	0	9	cluster_9	0.7962
994	Spectrogram 1	1	1011.750000	1012.500000	0	0	8	cluster_8	1.0000
995	Spectrogram 1	1	1012.250000	1012.750000	0	0	6	cluster_6	0.9703
996	Spectrogram 1	1	1012.500000	1013.250000	0	0	8	cluster_8	1.0000
997	Spectrogram 1	1	1013.000000	1013.750000	0	0	6	cluster_6	1.0000
998	Spectrogram 1	1	1013.500000	1016.500000	0	0	5	cluster_5	0.9593
999	Spectrogram 1	1	1016.250000	1017.250000	0	0	6	cluster_6	0.9857
1000	Spectrogram 1	1	1017.000000	1018.750000	0	0	10	cluster_10	0.9685
1001	Spectrogram 1	1	1018.500000	1019.000000	0	0	noise	cluster_noise	0.0000
1002	Spectrogram 1	1	1018.750000	1019.500000	0	0	10	cluster_10	1.0000
1003	Spectrogram 1	1	1019.250000	1020.250000	0	0	6	cluster_6	0.8796
1004	Spectrogram 1	1	1020.000000	1020.500000	0	0	5	cluster_5	0.9429
1005	Spectrogram 1	1	1020.250000	1020.750000	0	0	noise	cluster_noise	0.0000
1006	Spectrogram 1	1	1020.500000	1022.500000	0	0	9	cluster_9	0.8430
1007	Spectrogram 1	1	1022.250000	1022.750000	0	0	noise	cluster_noise	0.0000
1008	Spectrogram 1	1	1022.500000	1023.250000	0	0	5	cluster_5	0.7625
1009	Spectrogram 1	1	1023.000000	1025.000000	0	0	9	cluster_9	0.7538
1010	Spectrogram 1	1	1024.750000	1025.250000	0	0	noise	cluster_noise	0.0000
1011	Spectrogram 1	1	1025.000000	1025.500000	0	0	6	cluster_6	0.9433
1012	Spectrogram 1	1	1025.250000	1025.750000	0	0	noise	cluster_noise	0.0000
1013	Spectrogram 1	1	1025.500000	1026.250000	0	0	8	cluster_8	0.9489
1014	Spectrogram 1	1	1026.000000	1029.000000	0	0	5	cluster_5	0.9079
1015	Spectrogram 1	1	1028.750000	1029.250000	0	0	6	cluster_6	0.6350
1016	Spectrogram 1	1	1029.000000	1030.000000	0	0	10	cluster_10	0.9626
1017	Spectrogram 1	1	1029.750000	1030.250000	0	0	noise	cluster_noise	0.0000
1018	Spectrogram 1	1	1030.000000	1031.750000	0	0	10	cluster_10	0.9886
1019	Spectrogram 1	1	1031.500000	1032.750000	0	0	6	cluster_6	0.8864
1020	Spectrogram 1	1	1032.500000	1033.000000	0	0	5	cluster_5	1.0000
1021	Spectrogram 1	1	1032.750000	1033.250000	0	0	noise	cluster_noise	0.0000
1022	Spectrogram 1	1	1033.000000	1035.000000	0	0	9	cluster_9	0.7494
1023	Spectrogram 1	1	1034.750000	1035.250000	0	0	8	cluster_8	0.9127
1024	Spectrogram 1	1	1035.000000	1035.500000	0	0	12	cluster_12	0.9096
1025	Spectrogram 1	1	1035.250000	1035.750000	0	0	5	cluster_5	1.0000
1026	Spectrogram 1	1	1035.500000	1037.750000	0	0	9	cluster_9	0.7752
1027	Spectrogram 1	1	1037.500000	1038.000000	0	0	6	cluster_6	0.9429
1028	Spectrogram 1	1	1037.750000	1038.750000	0	0	9	cluster_9	0.5758
1029	Spectrogram 1	1	1038.500000	1041.500000	0	0	5	cluster_5	0.9784
1030	Spectrogram 1	1	1041.250000	1041.750000	0	0	6	cluster_6	0.7654
1031	Spectrogram 1	1	1041.500000	1044.250000	0	0	10	cluster_10	0.9708
1032	Spectrogram 1	1	1044.000000	1045.250000	0	0	6	cluster_6	0.9050
1033	Spectrogram 1	1	1045.000000	1045.500000	0	0	12	cluster_12	0.9708
1034	Spectrogram 1	1	1045.250000	1045.750000	0	0	5	cluster_5	1.0000
1035	Spectrogram 1	1	1045.500000	1047.500000	0	0	9	cluster_9	0.7203
1036	Spectrogram 1	1	1047.250000	1047.750000	0	0	12	cluster_12	0.8310
1037	Spectrogram 1	1	1047.500000	1048.250000	0	0	5	cluster_5	0.7261
1038	Spectrogram 1	1	1048.000000	1049.750000	0	0	9	cluster_9	0.7653
1039	Spectrogram 1	1	1049.500000	1050.000000	0	0	noise	cluster_noise	0.0000
1040	Spectrogram 1	1	1049.750000	1050.500000	0	0	6	cluster_6	0.9365
1041	Spectrogram 1	1	1050.250000	1051.000000	0	0	8	cluster_8	1.0000
1042	Spectrogram 1	1	1050.750000	1053.750000	0	0	5	cluster_5	0.9122
1043	Spectrogram 1	1	1053.500000	1054.000000	0	0	6	cluster_6	0.9296
1044	Spectrogram 1	1	1053.750000	1056.250000	0	0	10	cluster_10	0.9887
1045	Spectrogram 1	1	1056.000000	1057.500000	0	0	6	cluster_6	0.9444
1046	Spectrogram 1	1	1057.250000	1057.750000	0	0	12	cluster_12	0.8764
1047	Spectrogram 1	1	1057.500000	1058.000000	0	0	noise	cluster_noise	0.0000
1048	Spectrogram 1	1	1057.750000	1059.750000	0	0	9	cluster_9	0.7563
1049	Spectrogram 1	1	1059.500000	1060.250000	0	0	12	cluster_12	0.8409
1050	Spectrogram 1	1	1060.000000	1060.500000	0	0	5	cluster_5	0.8484
1051	Spectrogram 1	1	1060.250000	1062.000000	0	0	9	cluster_9	0.7413
1052	Spectrogram 1	1	1061.750000	1062.250000	0	0	8	cluster_8	1.0000
1053	Spectrogram 1	1	1062.000000	1063.500000	0	0	6	cluster_6	0.9960
1054	Spectrogram 1	1	1063.250000	1066.000000	0	0	5	cluster_5	0.9781
1055	Spectrogram 1	1	1065.750000	1066.250000	0	0	noise	cluster_noise	0.0000
1056	Spectrogram 1	1	1066.000000	1067.000000	0	0	10	cluster_10	0.9425
1057	Spectrogram 1	1	1066.750000	1067.250000	0	0	noise	cluster_noise	0.0000
1058	Spectrogram 1	1	1067.000000	1068.000000	0	0	10	cluster_10	0.9514
1059	Spectrogram 1	1	1067.750000	1068.500000	0	0	6	cluster_6	0.9002
1060	Spectrogram 1	1	1068.250000	1068.750000	0	0	10	cluster_10	0.7989
1061	Spectrogram 1	1	1068.500000	1069.250000	0	0	noise	cluster_noise	0.0000
1062	Spectrogram 1	1	1069.000000	1071.000000	0	0	6	cluster_6	1.0000
1063	Spectrogram 1	1	1070.750000	1072.750000	0	0	noise	cluster_noise	0.0000
1064	Spectrogram 1	1	1072.500000	1073.000000	0	0	5	cluster_5	0.8501
1065	Spectrogram 1	1	1072.750000	1073.500000	0	0	noise	cluster_noise	0.0000
1066	Spectrogram 1	1	1073.250000	1073.750000	0	0	5	cluster_5	0.6844
1067	Spectrogram 1	1	1073.500000	1075.250000	0	0	6	cluster_6	0.8875
1068	Spectrogram 1	1	1075.000000	1077.500000	0	0	5	cluster_5	0.9185
1069	Spectrogram 1	1	1077.250000	1077.750000	0	0	noise	cluster_noise	0.0000
1070	Spectrogram 1	1	1077.500000	1078.000000	0	0	10	cluster_10	0.8595
1071	Spectrogram 1	1	1077.750000	1078.250000	0	0	9	cluster_9	0.5637
1072	Spectrogram 1	1	1078.000000	1079.500000	0	0	10	cluster_10	0.9855
1073	Spectrogram 1	1	1079.250000	1079.750000	0	0	noise	cluster_noise	0.0000
1074	Spectrogram 1	1	1079.500000	1080.000000	0	0	10	cluster_10	0.7763
1075	Spectrogram 1	1	1079.750000	1080.500000	0	0	noise	cluster_noise	0.0000
1076	Spectrogram 1	1	1080.250000	1080.750000	0	0	6	cluster_6	1.0000
1077	Spectrogram 1	1	1080.500000	1081.250000	0	0	noise	cluster_noise	0.0000
1078	Spectrogram 1	1	1081.000000	1082.500000	0	0	6	cluster_6	0.9462
1079	Spectrogram 1	1	1082.250000	1084.250000	0	0	noise	cluster_noise	0.0000
1080	Spectrogram 1	1	1084.000000	1084.500000	0	0	5	cluster_5	0.7488
1081	Spectrogram 1	1	1084.250000	1084.750000	0	0	6	cluster_6	0.8720
1082	Spectrogram 1	1	1084.500000	1085.000000	0	0	noise	cluster_noise	0.0000
1083	Spectrogram 1	1	1084.750000	1085.500000	0	0	5	cluster_5	0.6013
1084	Spectrogram 1	1	1085.250000	1086.750000	0	0	6	cluster_6	1.0000
1085	Spectrogram 1	1	1086.500000	1089.000000	0	0	5	cluster_5	0.9503
1086	Spectrogram 1	1	1088.750000	1089.500000	0	0	6	cluster_6	0.9981
1087	Spectrogram 1	1	1089.250000	1090.500000	0	0	10	cluster_10	0.9569
1088	Spectrogram 1	1	1090.250000	1091.000000	0	0	6	cluster_6	0.7199
1089	Spectrogram 1	1	1090.750000	1091.250000	0	0	noise	cluster_noise	0.0000
1090	Spectrogram 1	1	1091.000000	1093.500000	0	0	6	cluster_6	0.9787
1091	Spectrogram 1	1	1093.250000	1093.750000	0	0	12	cluster_12	0.8812
1092	Spectrogram 1	1	1093.500000	1095.000000	0	0	noise	cluster_noise	0.0000
1093	Spectrogram 1	1	1094.750000	1095.250000	0	0	12	cluster_12	0.7723
1094	Spectrogram 1	1	1095.000000	1096.250000	0	0	noise	cluster_noise	0.0000
1095	Spectrogram 1	1	1096.000000	1097.750000	0	0	6	cluster_6	1.0000
1096	Spectrogram 1	1	1097.500000	1100.000000	0	0	5	cluster_5	0.9360
1097	Spectrogram 1	1	1099.750000	1100.250000	0	0	noise	cluster_noise	0.0000
1098	Spectrogram 1	1	1100.000000	1102.250000	0	0	10	cluster_10	0.9834
1099	Spectrogram 1	1	1102.000000	1102.500000	0	0	noise	cluster_noise	0.0000
1100	Spectrogram 1	1	1102.250000	1103.000000	0	0	10	cluster_10	0.9418
1101	Spectrogram 1	1	1102.750000	1103.250000	0	0	6	cluster_6	1.0000
1102	Spectrogram 1	1	1103.000000	1104.000000	0	0	noise	cluster_noise	0.0000
1103	Spectrogram 1	1	1103.750000	1105.000000	0	0	6	cluster_6	0.9634
1104	Spectrogram 1	1	1104.750000	1105.250000	0	0	12	cluster_12	0.9889
1105	Spectrogram 1	1	1105.000000	1107.250000	0	0	noise	cluster_noise	0.0000
1106	Spectrogram 1	1	1107.000000	1107.750000	0	0	6	cluster_6	0.9753
1107	Spectrogram 1	1	1107.500000	1108.000000	0	0	noise	cluster_noise	0.0000
1108	Spectrogram 1	1	1107.750000	1109.250000	0	0	6	cluster_6	1.0000
1109	Spectrogram 1	1	1109.000000	1112.000000	0	0	5	cluster_5	0.8564
1110	Spectrogram 1	1	1111.750000	1113.250000	0	0	10	cluster_10	0.9859
1111	Spectrogram 1	1	1113.000000	1114.000000	0	0	noise	cluster_noise	0.0000
1112	Spectrogram 1	1	1113.750000	1115.750000	0	0	6	cluster_6	0.9707
1113	Spectrogram 1	1	1115.500000	1118.000000	0	0	noise	cluster_noise	0.0000
1114	Spectrogram 1	1	1117.750000	1118.250000	0	0	6	cluster_6	0.6835
1115	Spectrogram 1	1	1118.000000	1119.000000	0	0	noise	cluster_noise	0.0000
1116	Spectrogram 1	1	1118.750000	1120.250000	0	0	6	cluster_6	0.9822
1117	Spectrogram 1	1	1120.000000	1122.750000	0	0	5	cluster_5	0.9690
1118	Spectrogram 1	1	1122.500000	1123.000000	0	0	noise	cluster_noise	0.0000
1119	Spectrogram 1	1	1122.750000	1123.250000	0	0	9	cluster_9	0.5584
1120	Spectrogram 1	1	1123.000000	1123.500000	0	0	noise	cluster_noise	0.0000
1121	Spectrogram 1	1	1123.250000	1124.750000	0	0	10	cluster_10	0.9694
1122	Spectrogram 1	1	1124.500000	1126.750000	0	0	6	cluster_6	1.0000
1123	Spectrogram 1	1	1126.500000	1127.000000	0	0	12	cluster_12	0.7463
1124	Spectrogram 1	1	1126.750000	1129.500000	0	0	noise	cluster_noise	0.0000
1125	Spectrogram 1	1	1129.250000	1129.750000	0	0	6	cluster_6	0.9013
1126	Spectrogram 1	1	1129.500000	1130.000000	0	0	noise	cluster_noise	0.0000
1127	Spectrogram 1	1	1129.750000	1131.250000	0	0	6	cluster_6	1.0000
1128	Spectrogram 1	1	1131.000000	1134.000000	0	0	5	cluster_5	0.9946
1129	Spectrogram 1	1	1133.750000	1135.000000	0	0	10	cluster_10	0.9772
1130	Spectrogram 1	1	1134.750000	1135.250000	0	0	noise	cluster_noise	0.0000
1131	Spectrogram 1	1	1135.000000	1135.750000	0	0	10	cluster_10	1.0000
1132	Spectrogram 1	1	1135.500000	1137.750000	0	0	6	cluster_6	0.9959
1133	Spectrogram 1	1	1137.500000	1138.000000	0	0	12	cluster_12	0.8565
1134	Spectrogram 1	1	1137.750000	1140.000000	0	0	noise	cluster_noise	0.0000
1135	Spectrogram 1	1	1139.750000	1140.250000	0	0	6	cluster_6	0.6534
1136	Spectrogram 1	1	1140.000000	1141.000000	0	0	noise	cluster_noise	0.0000
1137	Spectrogram 1	1	1140.750000	1142.000000	0	0	6	cluster_6	1.0000
1138	Spectrogram 1	1	1141.750000	1144.750000	0	0	5	cluster_5	0.9796
1139	Spectrogram 1	1	1144.500000	1145.000000	0	0	noise	cluster_noise	0.0000
1140	Spectrogram 1	1	1144.750000	1145.750000	0	0	10	cluster_10	0.9759
1141	Spectrogram 1	1	1145.500000	1146.000000	0	0	noise	cluster_noise	0.0000
1142	Spectrogram 1	1	1145.750000	1148.500000	0	0	6	cluster_6	0.9857
1143	Spectrogram 1	1	1148.250000	1148.750000	0	0	noise	cluster_noise	0.0000
1144	Spectrogram 1	1	1148.500000	1149.000000	0	0	12	cluster_12	0.7619
1145	Spectrogram 1	1	1148.750000	1150.500000	0	0	noise	cluster_noise	0.0000
1146	Spectrogram 1	1	1150.250000	1150.750000	0	0	5	cluster_5	0.6467
1147	Spectrogram 1	1	1150.500000	1151.000000	0	0	6	cluster_6	0.8901
1148	Spectrogram 1	1	1150.750000	1151.500000	0	0	noise	cluster_noise	0.0000
1149	Spectrogram 1	1	1151.250000	1152.250000	0	0	6	cluster_6	1.0000
1150	Spectrogram 1	1	1152.000000	1152.750000	0	0	4	cluster_4	0.7496
1151	Spectrogram 1	1	1152.500000	1153.000000	0	0	12	cluster_12	0.8237
1152	Spectrogram 1	1	1152.750000	1155.500000	0	0	5	cluster_5	0.9721
1153	Spectrogram 1	1	1155.250000	1157.500000	0	0	10	cluster_10	0.9504
1154	Spectrogram 1	1	1157.250000	1159.750000	0	0	6	cluster_6	0.9219
1155	Spectrogram 1	1	1159.500000	1162.250000	0	0	noise	cluster_noise	0.0000
1156	Spectrogram 1	1	1162.000000	1163.750000	0	0	6	cluster_6	0.9504
1157	Spectrogram 1	1	1163.500000	1164.000000	0	0	noise	cluster_noise	0.0000
1158	Spectrogram 1	1	1163.750000	1166.250000	0	0	5	cluster_5	0.9885
1159	Spectrogram 1	1	1166.000000	1168.000000	0	0	10	cluster_10	0.9757
1160	Spectrogram 1	1	1167.750000	1168.250000	0	0	noise	cluster_noise	0.0000
1161	Spectrogram 1	1	1168.000000	1168.750000	0	0	10	cluster_10	0.9608
1162	Spectrogram 1	1	1168.500000	1170.500000	0	0	6	cluster_6	0.8582
1163	Spectrogram 1	1	1170.250000	1172.750000	0	0	noise	cluster_noise	0.0000
1164	Spectrogram 1	1	1172.500000	1174.750000	0	0	6	cluster_6	0.9233
1165	Spectrogram 1	1	1174.500000	1177.500000	0	0	5	cluster_5	0.9324
1166	Spectrogram 1	1	1177.250000	1178.000000	0	0	10	cluster_10	0.9881
1167	Spectrogram 1	1	1177.750000	1178.250000	0	0	noise	cluster_noise	0.0000
1168	Spectrogram 1	1	1178.000000	1179.000000	0	0	10	cluster_10	0.9929
1169	Spectrogram 1	1	1178.750000	1179.250000	0	0	noise	cluster_noise	0.0000
1170	Spectrogram 1	1	1179.000000	1179.500000	0	0	10	cluster_10	0.9530
1171	Spectrogram 1	1	1179.250000	1179.750000	0	0	noise	cluster_noise	0.0000
1172	Spectrogram 1	1	1179.500000	1181.500000	0	0	6	cluster_6	0.9691
1173	Spectrogram 1	1	1181.250000	1181.750000	0	0	12	cluster_12	0.7840
1174	Spectrogram 1	1	1181.500000	1184.750000	0	0	noise	cluster_noise	0.0000
1175	Spectrogram 1	1	1184.500000	1185.750000	0	0	6	cluster_6	0.9908
1176	Spectrogram 1	1	1185.500000	1186.000000	0	0	noise	cluster_noise	0.0000
1177	Spectrogram 1	1	1185.750000	1188.500000	0	0	5	cluster_5	0.9505
1178	Spectrogram 1	1	1188.250000	1190.500000	0	0	10	cluster_10	0.9418
1179	Spectrogram 1	1	1190.250000	1192.500000	0	0	6	cluster_6	0.9864
1180	Spectrogram 1	1	1192.250000	1192.750000	0	0	12	cluster_12	0.7751
1181	Spectrogram 1	1	1192.500000	1195.250000	0	0	noise	cluster_noise	0.0000
1182	Spectrogram 1	1	1195.000000	1196.750000	0	0	6	cluster_6	0.9543
1183	Spectrogram 1	1	1196.500000	1199.000000	0	0	5	cluster_5	0.8185
1184	Spectrogram 1	1	1198.750000	1199.500000	0	0	noise	cluster_noise	0.0000
1185	Spectrogram 1	1	1199.250000	1200.250000	0	0	5	cluster_5	0.8063
1186	Spectrogram 1	1	1200.000000	1200.500000	0	0	6	cluster_6	0.9050
1187	Spectrogram 1	1	1200.250000	1202.000000	0	0	noise	cluster_noise	0.0000
1188	Spectrogram 1	1	1201.750000	1202.250000	0	0	6	cluster_6	1.0000
1189	Spectrogram 1	1	1202.000000	1202.500000	0	0	noise	cluster_noise	0.0000
1190	Spectrogram 1	1	1202.250000	1203.500000	0	0	12	cluster_12	0.8731
1191	Spectrogram 1	1	1203.250000	1203.750000	0	0	6	cluster_6	1.0000
1192	Spectrogram 1	1	1203.500000	1205.250000	0	0	noise	cluster_noise	0.0000
1193	Spectrogram 1	1	1205.000000	1205.500000	0	0	6	cluster_6	1.0000
1194	Spectrogram 1	1	1205.250000	1206.000000	0	0	noise	cluster_noise	0.0000
1195	Spectrogram 1	1	1205.750000	1207.000000	0	0	12	cluster_12	0.9358
1196	Spectrogram 1	1	1206.750000	1207.500000	0	0	6	cluster_6	0.7091
1197	Spectrogram 1	1	1207.250000	1207.750000	0	0	12	cluster_12	0.8573
1198	Spectrogram 1	1	1207.500000	1208.500000	0	0	6	cluster_6	0.9970
1199	Spectrogram 1	1	1208.250000	1209.000000	0	0	noise	cluster_noise	0.0000
1200	Spectrogram 1	1	1208.750000	1210.250000	0	0	3	cluster_3	0.7793
1201	Spectrogram 1	1	1210.000000	1210.500000	0	0	5	cluster_5	0.5478
1202	Spectrogram 1	1	1210.250000	1211.250000	0	0	6	cluster_6	0.9949
1203	Spectrogram 1	1	1211.000000	1211.750000	0	0	noise	cluster_noise	0.0000
1204	Spectrogram 1	1	1211.500000	1212.500000	0	0	6	cluster_6	0.8853
1205	Spectrogram 1	1	1212.250000	1214.750000	0	0	5	cluster_5	0.9552
1206	Spectrogram 1	1	1214.500000	1215.000000	0	0	6	cluster_6	1.0000
1207	Spectrogram 1	1	1214.750000	1215.250000	0	0	noise	cluster_noise	0.0000
1208	Spectrogram 1	1	1215.000000	1216.000000	0	0	12	cluster_12	0.9498
1209	Spectrogram 1	1	1215.750000	1216.250000	0	0	6	cluster_6	1.0000
1210	Spectrogram 1	1	1216.000000	1216.500000	0	0	12	cluster_12	0.7854
1211	Spectrogram 1	1	1216.250000	1216.750000	0	0	5	cluster_5	0.5424
1212	Spectrogram 1	1	1216.500000	1217.000000	0	0	6	cluster_6	1.0000
1213	Spectrogram 1	1	1216.750000	1217.250000	0	0	noise	cluster_noise	0.0000
1214	Spectrogram 1	1	1217.000000	1218.250000	0	0	12	cluster_12	0.9055
1215	Spectrogram 1	1	1218.000000	1218.500000	0	0	6	cluster_6	1.0000
1216	Spectrogram 1	1	1218.250000	1219.000000	0	0	12	cluster_12	0.7774
1217	Spectrogram 1	1	1218.750000	1219.250000	0	0	6	cluster_6	0.9073
1218	Spectrogram 1	1	1219.000000	1220.250000	0	0	12	cluster_12	0.8634
1219	Spectrogram 1	1	1220.000000	1220.500000	0	0	6	cluster_6	0.9379
1220	Spectrogram 1	1	1220.250000	1221.000000	0	0	noise	cluster_noise	0.0000
1221	Spectrogram 1	1	1220.750000	1221.250000	0	0	6	cluster_6	1.0000
1222	Spectrogram 1	1	1221.000000	1222.000000	0	0	12	cluster_12	0.9468
1223	Spectrogram 1	1	1221.750000	1222.500000	0	0	noise	cluster_noise	0.0000
1224	Spectrogram 1	1	1222.250000	1223.750000	0	0	12	cluster_12	0.8524
1225	Spectrogram 1	1	1223.500000	1224.000000	0	0	noise	cluster_noise	0.0000
1226	Spectrogram 1	1	1223.750000	1224.250000	0	0	6	cluster_6	1.0000
1227	Spectrogram 1	1	1224.000000	1224.500000	0	0	12	cluster_12	0.8354
1228	Spectrogram 1	1	1224.250000	1224.750000	0	0	noise	cluster_noise	0.0000
1229	Spectrogram 1	1	1224.500000	1225.000000	0	0	5	cluster_5	0.6587
1230	Spectrogram 1	1	1224.750000	1225.500000	0	0	6	cluster_6	1.0000
1231	Spectrogram 1	1	1225.250000	1226.000000	0	0	noise	cluster_noise	0.0000
1232	Spectrogram 1	1	1225.750000	1227.750000	0	0	3	cluster_3	0.8697
1233	Spectrogram 1	1	1227.500000	1228.000000	0	0	5	cluster_5	0.5366
1234	Spectrogram 1	1	1227.750000	1228.500000	0	0	6	cluster_6	0.6744
1235	Spectrogram 1	1	1228.250000	1228.750000	0	0	5	cluster_5	0.9293
1236	Spectrogram 1	1	1228.500000	1229.000000	0	0	noise	cluster_noise	0.0000
1237	Spectrogram 1	1	1228.750000	1230.000000	0	0	6	cluster_6	0.9703
1238	Spectrogram 1	1	1229.750000	1232.500000	0	0	5	cluster_5	0.8020
1239	Spectrogram 1	1	1232.250000	1233.000000	0	0	noise	cluster_noise	0.0000
1240	Spectrogram 1	1	1232.750000	1233.500000	0	0	12	cluster_12	0.9489
1241	Spectrogram 1	1	1233.250000	1233.750000	0	0	noise	cluster_noise	0.0000
1242	Spectrogram 1	1	1233.500000	1234.500000	0	0	12	cluster_12	0.7963
1243	Spectrogram 1	1	1234.250000	1234.750000	0	0	6	cluster_6	1.0000
1244	Spectrogram 1	1	1234.500000	1235.750000	0	0	12	cluster_12	0.9212
1245	Spectrogram 1	1	1235.500000	1236.000000	0	0	5	cluster_5	0.8476
1246	Spectrogram 1	1	1235.750000	1240.000000	0	0	12	cluster_12	0.8666
1247	Spectrogram 1	1	1239.750000	1240.500000	0	0	noise	cluster_noise	0.0000
1248	Spectrogram 1	1	1240.250000	1240.750000	0	0	12	cluster_12	0.8883
1249	Spectrogram 1	1	1240.500000	1241.000000	0	0	noise	cluster_noise	0.0000
1250	Spectrogram 1	1	1240.750000	1241.500000	0	0	12	cluster_12	0.9075
1251	Spectrogram 1	1	1241.250000	1241.750000	0	0	noise	cluster_noise	0.0000
1252	Spectrogram 1	1	1241.500000	1242.000000	0	0	6	cluster_6	0.6587
1253	Spectrogram 1	1	1241.750000	1242.250000	0	0	noise	cluster_noise	0.0000
1254	Spectrogram 1	1	1242.000000	1242.500000	0	0	12	cluster_12	0.8323
1255	Spectrogram 1	1	1242.250000	1243.000000	0	0	6	cluster_6	0.9910
1256	Spectrogram 1	1	1242.750000	1243.250000	0	0	noise	cluster_noise	0.0000
1257	Spectrogram 1	1	1243.000000	1245.500000	0	0	3	cluster_3	0.8450
1258	Spectrogram 1	1	1245.250000	1246.500000	0	0	5	cluster_5	0.6731
1259	Spectrogram 1	1	1246.250000	1246.750000	0	0	noise	cluster_noise	0.0000
1260	Spectrogram 1	1	1246.500000	1247.250000	0	0	6	cluster_6	0.8425
1261	Spectrogram 1	1	1247.000000	1249.750000	0	0	5	cluster_5	0.9402
1262	Spectrogram 1	1	1249.500000	1250.000000	0	0	6	cluster_6	0.8441
1263	Spectrogram 1	1	1249.750000	1250.750000	0	0	12	cluster_12	0.8597
1264	Spectrogram 1	1	1250.500000	1251.000000	0	0	noise	cluster_noise	0.0000
1265	Spectrogram 1	1	1250.750000	1251.250000	0	0	12	cluster_12	0.8616
1266	Spectrogram 1	1	1251.000000	1251.500000	0	0	noise	cluster_noise	0.0000
1267	Spectrogram 1	1	1251.250000	1251.750000	0	0	6	cluster_6	0.6122
1268	Spectrogram 1	1	1251.500000	1252.000000	0	0	noise	cluster_noise	0.0000
1269	Spectrogram 1	1	1251.750000	1252.750000	0	0	12	cluster_12	0.8737
1270	Spectrogram 1	1	1252.500000	1253.000000	0	0	noise	cluster_noise	0.0000
1271	Spectrogram 1	1	1252.750000	1253.500000	0	0	12	cluster_12	0.8335
1272	Spectrogram 1	1	1253.250000	1253.750000	0	0	noise	cluster_noise	0.0000
1273	Spectrogram 1	1	1253.500000	1254.500000	0	0	12	cluster_12	0.8813
1274	Spectrogram 1	1	1254.250000	1254.750000	0	0	noise	cluster_noise	0.0000
1275	Spectrogram 1	1	1254.500000	1255.000000	0	0	12	cluster_12	0.8173
1276	Spectrogram 1	1	1254.750000	1255.250000	0	0	noise	cluster_noise	0.0000
1277	Spectrogram 1	1	1255.000000	1256.500000	0	0	12	cluster_12	0.9331
1278	Spectrogram 1	1	1256.250000	1256.750000	0	0	5	cluster_5	0.5385
1279	Spectrogram 1	1	1256.500000	1258.000000	0	0	12	cluster_12	0.9357
1280	Spectrogram 1	1	1257.750000	1258.750000	0	0	5	cluster_5	0.5939
1281	Spectrogram 1	1	1258.500000	1259.000000	0	0	6	cluster_6	1.0000
1282	Spectrogram 1	1	1258.750000	1259.500000	0	0	noise	cluster_noise	0.0000
1283	Spectrogram 1	1	1259.250000	1261.500000	0	0	3	cluster_3	0.8905
1284	Spectrogram 1	1	1261.250000	1262.500000	0	0	noise	cluster_noise	0.0000
1285	Spectrogram 1	1	1262.250000	1263.500000	0	0	6	cluster_6	0.8300
1286	Spectrogram 1	1	1263.250000	1265.750000	0	0	5	cluster_5	0.9762
1287	Spectrogram 1	1	1265.500000	1266.000000	0	0	6	cluster_6	0.9014
1288	Spectrogram 1	1	1265.750000	1267.000000	0	0	12	cluster_12	0.8881
1289	Spectrogram 1	1	1266.750000	1267.250000	0	0	6	cluster_6	1.0000
1290	Spectrogram 1	1	1267.000000	1267.500000	0	0	12	cluster_12	0.8193
1291	Spectrogram 1	1	1267.250000	1268.000000	0	0	noise	cluster_noise	0.0000
1292	Spectrogram 1	1	1267.750000	1268.750000	0	0	12	cluster_12	0.8824
1293	Spectrogram 1	1	1268.500000	1269.000000	0	0	11	cluster_11	0.8862
1294	Spectrogram 1	1	1268.750000	1269.750000	0	0	noise	cluster_noise	0.0000
1295	Spectrogram 1	1	1269.500000	1270.000000	0	0	12	cluster_12	0.7711
1296	Spectrogram 1	1	1269.750000	1270.250000	0	0	noise	cluster_noise	0.0000
1297	Spectrogram 1	1	1270.000000	1271.000000	0	0	12	cluster_12	0.7792
1298	Spectrogram 1	1	1270.750000	1271.500000	0	0	noise	cluster_noise	0.0000
1299	Spectrogram 1	1	1271.250000	1273.000000	0	0	12	cluster_12	0.8135
1300	Spectrogram 1	1	1272.750000	1273.250000	0	0	noise	cluster_noise	0.0000
1301	Spectrogram 1	1	1273.000000	1274.000000	0	0	6	cluster_6	0.9960
1302	Spectrogram 1	1	1273.750000	1274.250000	0	0	noise	cluster_noise	0.0000
1303	Spectrogram 1	1	1274.000000	1276.500000	0	0	3	cluster_3	0.8417
1304	Spectrogram 1	1	1276.250000	1277.250000	0	0	5	cluster_5	0.8345
1305	Spectrogram 1	1	1277.000000	1277.500000	0	0	noise	cluster_noise	0.0000
1306	Spectrogram 1	1	1277.250000	1277.750000	0	0	6	cluster_6	1.0000
1307	Spectrogram 1	1	1277.500000	1278.000000	0	0	5	cluster_5	0.5913
1308	Spectrogram 1	1	1277.750000	1278.250000	0	0	noise	cluster_noise	0.0000
1309	Spectrogram 1	1	1278.000000	1280.000000	0	0	6	cluster_6	0.8177
1310	Spectrogram 1	1	1279.750000	1280.250000	0	0	noise	cluster_noise	0.0000
1311	Spectrogram 1	1	1280.000000	1280.750000	0	0	4	cluster_4	0.9975
1312	Spectrogram 1	1	1280.500000	1281.000000	0	0	noise	cluster_noise	0.0000
1313	Spectrogram 1	1	1280.750000	1281.250000	0	0	12	cluster_12	0.7371
1314	Spectrogram 1	1	1281.000000	1281.750000	0	0	noise	cluster_noise	0.0000
1315	Spectrogram 1	1	1281.500000	1282.500000	0	0	0	cluster_0	0.7202
1316	Spectrogram 1	1	1282.250000	1282.750000	0	0	12	cluster_12	0.7729
1317	Spectrogram 1	1	1282.500000	1283.250000	0	0	noise	cluster_noise	0.0000
1318	Spectrogram 1	1	1283.000000	1284.500000	0	0	0	cluster_0	0.8009
1319	Spectrogram 1	1	1284.250000	1285.000000	0	0	6	cluster_6	0.6783
1320	Spectrogram 1	1	1284.750000	1285.500000	0	0	noise	cluster_noise	0.0000
1321	Spectrogram 1	1	1285.250000	1286.500000	0	0	6	cluster_6	1.0000
1322	Spectrogram 1	1	1286.250000	1286.750000	0	0	5	cluster_5	0.5781
1323	Spectrogram 1	1	1286.500000	1288.250000	0	0	3	cluster_3	0.8761
1324	Spectrogram 1	1	1288.000000	1288.750000	0	0	5	cluster_5	1.0000
1325	Spectrogram 1	1	1288.500000	1289.000000	0	0	6	cluster_6	0.6536
1326	Spectrogram 1	1	1288.750000	1289.250000	0	0	5	cluster_5	0.6337
1327	Spectrogram 1	1	1289.000000	1291.250000	0	0	6	cluster_6	0.9537
1328	Spectrogram 1	1	1291.000000	1291.750000	0	0	5	cluster_5	0.5265
1329	Spectrogram 1	1	1291.500000	1293.250000	0	0	noise	cluster_noise	0.0000
1330	Spectrogram 1	1	1293.000000	1294.250000	0	0	6	cluster_6	0.9188
1331	Spectrogram 1	1	1294.000000	1296.000000	0	0	0	cluster_0	0.7134
1332	Spectrogram 1	1	1295.750000	1296.500000	0	0	noise	cluster_noise	0.0000
1333	Spectrogram 1	1	1296.250000	1298.000000	0	0	6	cluster_6	0.9210
1334	Spectrogram 1	1	1297.750000	1298.500000	0	0	noise	cluster_noise	0.0000
1335	Spectrogram 1	1	1298.250000	1300.000000	0	0	3	cluster_3	0.8409
1336	Spectrogram 1	1	1299.750000	1300.500000	0	0	5	cluster_5	0.7233
1337	Spectrogram 1	1	1300.250000	1300.750000	0	0	noise	cluster_noise	0.0000
1338	Spectrogram 1	1	1300.500000	1301.250000	0	0	5	cluster_5	0.6627
1339	Spectrogram 1	1	1301.000000	1303.250000	0	0	6	cluster_6	0.9206
1340	Spectrogram 1	1	1303.000000	1304.000000	0	0	noise	cluster_noise	0.0000
1341	Spectrogram 1	1	1303.750000	1305.000000	0	0	4	cluster_4	0.7027
1342	Spectrogram 1	1	1304.750000	1305.250000	0	0	noise	cluster_noise	0.0000
1343	Spectrogram 1	1	1305.000000	1305.500000	0	0	8	cluster_8	1.0000
1344	Spectrogram 1	1	1305.250000	1306.000000	0	0	6	cluster_6	0.8332
1345	Spectrogram 1	1	1305.750000	1307.750000	0	0	0	cluster_0	0.7302
1346	Spectrogram 1	1	1307.500000	1308.250000	0	0	6	cluster_6	0.6722
1347	Spectrogram 1	1	1308.000000	1308.500000	0	0	noise	cluster_noise	0.0000
1348	Spectrogram 1	1	1308.250000	1309.750000	0	0	6	cluster_6	0.8394
1349	Spectrogram 1	1	1309.500000	1310.000000	0	0	5	cluster_5	0.5630
1350	Spectrogram 1	1	1309.750000	1310.250000	0	0	noise	cluster_noise	0.0000
1351	Spectrogram 1	1	1310.000000	1312.000000	0	0	3	cluster_3	0.9611
1352	Spectrogram 1	1	1311.750000	1313.000000	0	0	5	cluster_5	0.8238
1353	Spectrogram 1	1	1312.750000	1315.000000	0	0	6	cluster_6	0.8897
1354	Spectrogram 1	1	1314.750000	1315.250000	0	0	noise	cluster_noise	0.0000
1355	Spectrogram 1	1	1315.000000	1316.500000	0	0	4	cluster_4	0.9018
1356	Spectrogram 1	1	1316.250000	1317.000000	0	0	noise	cluster_noise	0.0000
1357	Spectrogram 1	1	1316.750000	1317.500000	0	0	6	cluster_6	1.0000
1358	Spectrogram 1	1	1317.250000	1319.250000	0	0	0	cluster_0	0.7691
1359	Spectrogram 1	1	1319.000000	1320.000000	0	0	noise	cluster_noise	0.0000
1360	Spectrogram 1	1	1319.750000	1321.250000	0	0	6	cluster_6	0.9139
1361	Spectrogram 1	1	1321.000000	1322.000000	0	0	noise	cluster_noise	0.0000
1362	Spectrogram 1	1	1321.750000	1323.750000	0	0	3	cluster_3	0.9452
1363	Spectrogram 1	1	1323.500000	1324.500000	0	0	5	cluster_5	0.9530
1364	Spectrogram 1	1	1324.250000	1324.750000	0	0	6	cluster_6	0.8213
1365	Spectrogram 1	1	1324.500000	1325.000000	0	0	noise	cluster_noise	0.0000
1366	Spectrogram 1	1	1324.750000	1327.000000	0	0	6	cluster_6	0.8962
1367	Spectrogram 1	1	1326.750000	1327.250000	0	0	noise	cluster_noise	0.0000
1368	Spectrogram 1	1	1327.000000	1329.000000	0	0	4	cluster_4	1.0000
1369	Spectrogram 1	1	1328.750000	1329.250000	0	0	noise	cluster_noise	0.0000
1370	Spectrogram 1	1	1329.000000	1329.750000	0	0	6	cluster_6	0.8550
1371	Spectrogram 1	1	1329.500000	1331.500000	0	0	0	cluster_0	0.7088
1372	Spectrogram 1	1	1331.250000	1332.000000	0	0	6	cluster_6	0.7289
1373	Spectrogram 1	1	1331.750000	1332.250000	0	0	noise	cluster_noise	0.0000
1374	Spectrogram 1	1	1332.000000	1333.500000	0	0	6	cluster_6	0.8504
1375	Spectrogram 1	1	1333.250000	1333.750000	0	0	noise	cluster_noise	0.0000
1376	Spectrogram 1	1	1333.500000	1335.750000	0	0	3	cluster_3	0.8755
1377	Spectrogram 1	1	1335.500000	1336.500000	0	0	5	cluster_5	1.0000
1378	Spectrogram 1	1	1336.250000	1338.250000	0	0	6	cluster_6	0.9122
1379	Spectrogram 1	1	1338.000000	1338.500000	0	0	4	cluster_4	0.6636
1380	Spectrogram 1	1	1338.250000	1338.750000	0	0	6	cluster_6	0.6259
1381	Spectrogram 1	1	1338.500000	1339.500000	0	0	noise	cluster_noise	0.0000
1382	Spectrogram 1	1	1339.250000	1340.500000	0	0	4	cluster_4	0.8244
1383	Spectrogram 1	1	1340.250000	1340.750000	0	0	noise	cluster_noise	0.0000
1384	Spectrogram 1	1	1340.500000	1341.250000	0	0	6	cluster_6	0.6467
1385	Spectrogram 1	1	1341.000000	1343.000000	0	0	0	cluster_0	0.8969
1386	Spectrogram 1	1	1342.750000	1345.000000	0	0	6	cluster_6	0.8044
1387	Spectrogram 1	1	1344.750000	1345.250000	0	0	noise	cluster_noise	0.0000
1388	Spectrogram 1	1	1345.000000	1347.500000	0	0	3	cluster_3	0.8966
1389	Spectrogram 1	1	1347.250000	1348.250000	0	0	5	cluster_5	0.8064
1390	Spectrogram 1	1	1348.000000	1348.750000	0	0	noise	cluster_noise	0.0000
1391	Spectrogram 1	1	1348.500000	1350.500000	0	0	6	cluster_6	0.9122
1392	Spectrogram 1	1	1350.250000	1351.000000	0	0	noise	cluster_noise	0.0000
1393	Spectrogram 1	1	1350.750000	1352.250000	0	0	4	cluster_4	0.9277
1394	Spectrogram 1	1	1352.000000	1352.500000	0	0	noise	cluster_noise	0.0000
1395	Spectrogram 1	1	1352.250000	1352.750000	0	0	3	cluster_3	0.6545
1396	Spectrogram 1	1	1352.500000	1355.000000	0	0	0	cluster_0	0.8352
1397	Spectrogram 1	1	1354.750000	1355.250000	0	0	6	cluster_6	0.6983
1398	Spectrogram 1	1	1355.000000	1355.750000	0	0	noise	cluster_noise	0.0000
1399	Spectrogram 1	1	1355.500000	1357.000000	0	0	6	cluster_6	0.9678
1400	Spectrogram 1	1	1356.750000	1357.250000	0	0	noise	cluster_noise	0.0000
1401	Spectrogram 1	1	1357.000000	1359.250000	0	0	3	cluster_3	0.9100
1402	Spectrogram 1	1	1359.000000	1360.250000	0	0	5	cluster_5	0.8028
1403	Spectrogram 1	1	1360.000000	1362.500000	0	0	6	cluster_6	0.9257
1404	Spectrogram 1	1	1362.250000	1363.500000	0	0	4	cluster_4	0.7087
1405	Spectrogram 1	1	1363.250000	1364.000000	0	0	noise	cluster_noise	0.0000
1406	Spectrogram 1	1	1363.750000	1364.500000	0	0	6	cluster_6	0.9703
1407	Spectrogram 1	1	1364.250000	1367.000000	0	0	0	cluster_0	0.8469
1408	Spectrogram 1	1	1366.750000	1368.750000	0	0	6	cluster_6	0.8250
1409	Spectrogram 1	1	1368.500000	1369.000000	0	0	noise	cluster_noise	0.0000
1410	Spectrogram 1	1	1368.750000	1371.250000	0	0	3	cluster_3	0.9506
1411	Spectrogram 1	1	1371.000000	1372.000000	0	0	5	cluster_5	0.9355
1412	Spectrogram 1	1	1371.750000	1372.500000	0	0	6	cluster_6	0.7905
1413	Spectrogram 1	1	1372.250000	1372.750000	0	0	noise	cluster_noise	0.0000
1414	Spectrogram 1	1	1372.500000	1374.750000	0	0	6	cluster_6	0.9226
1415	Spectrogram 1	1	1374.500000	1375.250000	0	0	noise	cluster_noise	0.0000
1416	Spectrogram 1	1	1375.000000	1375.500000	0	0	12	cluster_12	0.7813
1417	Spectrogram 1	1	1375.250000	1376.000000	0	0	6	cluster_6	1.0000
1418	Spectrogram 1	1	1375.750000	1379.500000	0	0	0	cluster_0	0.8382
1419	Spectrogram 1	1	1379.250000	1379.750000	0	0	6	cluster_6	0.6182
1420	Spectrogram 1	1	1379.500000	1380.250000	0	0	noise	cluster_noise	0.0000
1421	Spectrogram 1	1	1380.000000	1381.250000	0	0	6	cluster_6	0.9035
1422	Spectrogram 1	1	1381.000000	1381.500000	0	0	noise	cluster_noise	0.0000
1423	Spectrogram 1	1	1381.250000	1383.500000	0	0	3	cluster_3	0.8947
1424	Spectrogram 1	1	1383.250000	1384.250000	0	0	5	cluster_5	0.7276
1425	Spectrogram 1	1	1384.000000	1384.500000	0	0	noise	cluster_noise	0.0000
1426	Spectrogram 1	1	1384.250000	1386.750000	0	0	6	cluster_6	0.8986
1427	Spectrogram 1	1	1386.500000	1387.000000	0	0	4	cluster_4	0.8412
1428	Spectrogram 1	1	1386.750000	1387.500000	0	0	6	cluster_6	0.8688
1429	Spectrogram 1	1	1387.250000	1387.750000	0	0	noise	cluster_noise	0.0000
1430	Spectrogram 1	1	1387.500000	1388.500000	0	0	6	cluster_6	0.9882
1431	Spectrogram 1	1	1388.250000	1391.750000	0	0	0	cluster_0	0.8185
1432	Spectrogram 1	1	1391.500000	1392.500000	0	0	noise	cluster_noise	0.0000
1433	Spectrogram 1	1	1392.250000	1393.250000	0	0	6	cluster_6	0.9291
1434	Spectrogram 1	1	1393.000000	1393.750000	0	0	noise	cluster_noise	0.0000
1435	Spectrogram 1	1	1393.500000	1394.000000	0	0	5	cluster_5	0.5700
1436	Spectrogram 1	1	1393.750000	1396.000000	0	0	3	cluster_3	0.9580
1437	Spectrogram 1	1	1395.750000	1396.750000	0	0	5	cluster_5	0.9330
1438	Spectrogram 1	1	1396.500000	1398.500000	0	0	6	cluster_6	0.8543
1439	Spectrogram 1	1	1398.250000	1398.750000	0	0	noise	cluster_noise	0.0000
1440	Spectrogram 1	1	1398.500000	1399.000000	0	0	6	cluster_6	1.0000
1441	Spectrogram 1	1	1398.750000	1400.000000	0	0	4	cluster_4	0.6560
1442	Spectrogram 1	1	1399.750000	1400.250000	0	0	12	cluster_12	0.7950
1443	Spectrogram 1	1	1400.000000	1401.000000	0	0	6	cluster_6	0.6930
1444	Spectrogram 1	1	1400.750000	1401.250000	0	0	noise	cluster_noise	0.0000
1445	Spectrogram 1	1	1401.000000	1403.250000	0	0	0	cluster_0	0.7160
1446	Spectrogram 1	1	1403.000000	1403.500000	0	0	6	cluster_6	0.6917
1447	Spectrogram 1	1	1403.250000	1404.250000	0	0	noise	cluster_noise	0.0000
1448	Spectrogram 1	1	1404.000000	1405.250000	0	0	6	cluster_6	0.9191
1449	Spectrogram 1	1	1405.000000	1405.500000	0	0	5	cluster_5	0.7892
1450	Spectrogram 1	1	1405.250000	1407.750000	0	0	3	cluster_3	0.9516
1451	Spectrogram 1	1	1407.500000	1408.750000	0	0	5	cluster_5	0.8380
1452	Spectrogram 1	1	1408.500000	1410.500000	0	0	6	cluster_6	0.8504
1453	Spectrogram 1	1	1410.250000	1410.750000	0	0	noise	cluster_noise	0.0000
1454	Spectrogram 1	1	1410.500000	1412.500000	0	0	4	cluster_4	0.9330
1455	Spectrogram 1	1	1412.250000	1412.750000	0	0	noise	cluster_noise	0.0000
1456	Spectrogram 1	1	1412.500000	1413.250000	0	0	0	cluster_0	0.6077
1457	Spectrogram 1	1	1413.000000	1413.500000	0	0	6	cluster_6	0.6627
1458	Spectrogram 1	1	1413.250000	1415.500000	0	0	0	cluster_0	0.8012
1459	Spectrogram 1	1	1415.250000	1415.750000	0	0	6	cluster_6	0.6794
1460	Spectrogram 1	1	1415.500000	1416.250000	0	0	noise	cluster_noise	0.0000
1461	Spectrogram 1	1	1416.000000	1416.750000	0	0	6	cluster_6	1.0000
1462	Spectrogram 1	1	1416.500000	1417.000000	0	0	5	cluster_5	0.5682
1463	Spectrogram 1	1	1416.750000	1417.500000	0	0	noise	cluster_noise	0.0000
1464	Spectrogram 1	1	1417.250000	1419.500000	0	0	3	cluster_3	0.9596
1465	Spectrogram 1	1	1419.250000	1420.250000	0	0	5	cluster_5	0.7236
1466	Spectrogram 1	1	1420.000000	1422.500000	0	0	6	cluster_6	0.9525
1467	Spectrogram 1	1	1422.250000	1424.500000	0	0	4	cluster_4	0.9154
1468	Spectrogram 1	1	1424.250000	1424.750000	0	0	noise	cluster_noise	0.0000
1469	Spectrogram 1	1	1424.500000	1425.000000	0	0	6	cluster_6	0.6983
1470	Spectrogram 1	1	1424.750000	1426.750000	0	0	0	cluster_0	0.7291
1471	Spectrogram 1	1	1426.500000	1427.000000	0	0	noise	cluster_noise	0.0000
1472	Spectrogram 1	1	1426.750000	1427.500000	0	0	6	cluster_6	0.6383
1473	Spectrogram 1	1	1427.250000	1427.750000	0	0	noise	cluster_noise	0.0000
1474	Spectrogram 1	1	1427.500000	1429.000000	0	0	6	cluster_6	1.0000
1475	Spectrogram 1	1	1428.750000	1429.250000	0	0	5	cluster_5	0.5215
1476	Spectrogram 1	1	1429.000000	1431.250000	0	0	3	cluster_3	0.9723
1477	Spectrogram 1	1	1431.000000	1432.000000	0	0	5	cluster_5	0.6133
1478	Spectrogram 1	1	1431.750000	1432.250000	0	0	noise	cluster_noise	0.0000
1479	Spectrogram 1	1	1432.000000	1433.500000	0	0	6	cluster_6	0.9346
1480	Spectrogram 1	1	1433.250000	1433.750000	0	0	8	cluster_8	1.0000
1481	Spectrogram 1	1	1433.500000	1434.000000	0	0	noise	cluster_noise	0.0000
1482	Spectrogram 1	1	1433.750000	1434.250000	0	0	6	cluster_6	0.6083
1483	Spectrogram 1	1	1434.000000	1434.500000	0	0	noise	cluster_noise	0.0000
1484	Spectrogram 1	1	1434.250000	1435.000000	0	0	6	cluster_6	0.6587
1485	Spectrogram 1	1	1434.750000	1436.000000	0	0	4	cluster_4	0.9956
1486	Spectrogram 1	1	1435.750000	1436.500000	0	0	noise	cluster_noise	0.0000
1487	Spectrogram 1	1	1436.250000	1436.750000	0	0	6	cluster_6	0.6966
1488	Spectrogram 1	1	1436.500000	1438.750000	0	0	0	cluster_0	0.7932
1489	Spectrogram 1	1	1438.500000	1439.500000	0	0	noise	cluster_noise	0.0000
1490	Spectrogram 1	1	1439.250000	1440.500000	0	0	6	cluster_6	0.9081
1491	Spectrogram 1	1	1440.250000	1441.000000	0	0	5	cluster_5	0.6587
1492	Spectrogram 1	1	1440.750000	1443.250000	0	0	3	cluster_3	0.9318
1493	Spectrogram 1	1	1443.000000	1444.250000	0	0	5	cluster_5	0.6305
1494	Spectrogram 1	1	1444.000000	1446.500000	0	0	6	cluster_6	0.9298
1495	Spectrogram 1	1	1446.250000	1448.000000	0	0	4	cluster_4	0.9963
1496	Spectrogram 1	1	1447.750000	1448.500000	0	0	6	cluster_6	0.7876
1497	Spectrogram 1	1	1448.250000	1451.000000	0	0	0	cluster_0	0.6849
1498	Spectrogram 1	1	1450.750000	1452.250000	0	0	6	cluster_6	0.9153
1499	Spectrogram 1	1	1452.000000	1452.750000	0	0	5	cluster_5	0.5964
1500	Spectrogram 1	1	1452.500000	1454.750000	0	0	3	cluster_3	0.9376
1501	Spectrogram 1	1	1454.500000	1455.750000	0	0	5	cluster_5	0.6476
1502	Spectrogram 1	1	1455.500000	1456.000000	0	0	6	cluster_6	0.9780
1503	Spectrogram 1	1	1455.750000	1456.250000	0	0	noise	cluster_noise	0.0000
1504	Spectrogram 1	1	1456.000000	1457.250000	0	0	6	cluster_6	1.0000
1505	Spectrogram 1	1	1457.000000	1457.500000	0	0	noise	cluster_noise	0.0000
1506	Spectrogram 1	1	1457.250000	1460.500000	0	0	4	cluster_4	0.9852
1507	Spectrogram 1	1	1460.250000	1461.500000	0	0	noise	cluster_noise	0.0000
1508	Spectrogram 1	1	1461.250000	1464.750000	0	0	4	cluster_4	1.0000
1509	Spectrogram 1	1	1464.500000	1465.000000	0	0	noise	cluster_noise	0.0000
1510	Spectrogram 1	1	1464.750000	1465.250000	0	0	6	cluster_6	0.6739
1511	Spectrogram 1	1	1465.000000	1465.500000	0	0	12	cluster_12	0.9940
1512	Spectrogram 1	1	1465.250000	1465.750000	0	0	noise	cluster_noise	0.0000
1513	Spectrogram 1	1	1465.500000	1466.000000	0	0	6	cluster_6	0.9437
1514	Spectrogram 1	1	1465.750000	1466.250000	0	0	12	cluster_12	0.7765
1515	Spectrogram 1	1	1466.000000	1467.000000	0	0	noise	cluster_noise	0.0000
1516	Spectrogram 1	1	1466.750000	1467.250000	0	0	8	cluster_8	0.9707
1517	Spectrogram 1	1	1467.000000	1467.750000	0	0	noise	cluster_noise	0.0000
1518	Spectrogram 1	1	1467.500000	1468.000000	0	0	6	cluster_6	1.0000
1519	Spectrogram 1	1	1467.750000	1468.250000	0	0	12	cluster_12	0.9458
1520	Spectrogram 1	1	1468.000000	1469.250000	0	0	noise	cluster_noise	0.0000
1521	Spectrogram 1	1	1469.000000	1469.750000	0	0	12	cluster_12	0.8780
1522	Spectrogram 1	1	1469.500000	1470.250000	0	0	6	cluster_6	0.9888
1523	Spectrogram 1	1	1470.000000	1470.500000	0	0	noise	cluster_noise	0.0000
1524	Spectrogram 1	1	1470.250000	1470.750000	0	0	11	cluster_11	1.0000
1525	Spectrogram 1	1	1470.500000	1471.000000	0	0	noise	cluster_noise	0.0000
1526	Spectrogram 1	1	1470.750000	1471.250000	0	0	6	cluster_6	1.0000
1527	Spectrogram 1	1	1471.000000	1471.750000	0	0	12	cluster_12	0.9023
1528	Spectrogram 1	1	1471.500000	1473.250000	0	0	5	cluster_5	0.6095
1529	Spectrogram 1	1	1473.000000	1475.250000	0	0	4	cluster_4	1.0000
1530	Spectrogram 1	1	1475.000000	1475.750000	0	0	noise	cluster_noise	0.0000
1531	Spectrogram 1	1	1475.500000	1476.000000	0	0	6	cluster_6	0.9504
1532	Spectrogram 1	1	1475.750000	1479.250000	0	0	4	cluster_4	0.9787
1533	Spectrogram 1	1	1479.000000	1480.250000	0	0	noise	cluster_noise	0.0000
1534	Spectrogram 1	1	1480.000000	1480.500000	0	0	12	cluster_12	0.7994
1535	Spectrogram 1	1	1480.250000	1481.000000	0	0	14	cluster_14	0.7255
1536	Spectrogram 1	1	1480.750000	1481.250000	0	0	6	cluster_6	1.0000
1537	Spectrogram 1	1	1481.000000	1481.750000	0	0	noise	cluster_noise	0.0000
1538	Spectrogram 1	1	1481.500000	1482.250000	0	0	6	cluster_6	0.8629
1539	Spectrogram 1	1	1482.000000	1482.500000	0	0	12	cluster_12	0.9458
1540	Spectrogram 1	1	1482.250000	1482.750000	0	0	11	cluster_11	0.9359
1541	Spectrogram 1	1	1482.500000	1483.000000	0	0	14	cluster_14	0.6580
1542	Spectrogram 1	1	1482.750000	1483.250000	0	0	noise	cluster_noise	0.0000
1543	Spectrogram 1	1	1483.000000	1483.500000	0	0	12	cluster_12	0.8673
1544	Spectrogram 1	1	1483.250000	1484.000000	0	0	noise	cluster_noise	0.0000
1545	Spectrogram 1	1	1483.750000	1484.250000	0	0	6	cluster_6	1.0000
1546	Spectrogram 1	1	1484.000000	1484.500000	0	0	12	cluster_12	0.8856
1547	Spectrogram 1	1	1484.250000	1484.750000	0	0	noise	cluster_noise	0.0000
1548	Spectrogram 1	1	1484.500000	1485.000000	0	0	14	cluster_14	0.7231
1549	Spectrogram 1	1	1484.750000	1485.250000	0	0	noise	cluster_noise	0.0000
1550	Spectrogram 1	1	1485.000000	1485.500000	0	0	12	cluster_12	0.9458
1551	Spectrogram 1	1	1485.250000	1486.250000	0	0	noise	cluster_noise	0.0000
1552	Spectrogram 1	1	1486.000000	1486.750000	0	0	14	cluster_14	0.7129
1553	Spectrogram 1	1	1486.500000	1487.000000	0	0	noise	cluster_noise	0.0000
1554	Spectrogram 1	1	1486.750000	1487.500000	0	0	14	cluster_14	0.8820
1555	Spectrogram 1	1	1487.250000	1487.750000	0	0	noise	cluster_noise	0.0000
1556	Spectrogram 1	1	1487.500000	1488.000000	0	0	8	cluster_8	1.0000
1557	Spectrogram 1	1	1487.750000	1488.250000	0	0	12	cluster_12	0.8993
1558	Spectrogram 1	1	1488.000000	1488.750000	0	0	14	cluster_14	0.7609
1559	Spectrogram 1	1	1488.500000	1489.000000	0	0	12	cluster_12	0.9458
1560	Spectrogram 1	1	1488.750000	1489.500000	0	0	14	cluster_14	1.0000
1561	Spectrogram 1	1	1489.250000	1489.750000	0	0	noise	cluster_noise	0.0000
1562	Spectrogram 1	1	1489.500000	1491.000000	0	0	14	cluster_14	0.9679
1563	Spectrogram 1	1	1490.750000	1491.250000	0	0	noise	cluster_noise	0.0000
1564	Spectrogram 1	1	1491.000000	1491.750000	0	0	12	cluster_12	0.8352
1565	Spectrogram 1	1	1491.500000	1492.500000	0	0	6	cluster_6	0.9079
1566	Spectrogram 1	1	1492.250000	1494.000000	0	0	4	cluster_4	0.9924
1567	Spectrogram 1	1	1493.750000	1494.500000	0	0	6	cluster_6	0.9899
1568	Spectrogram 1	1	1494.250000	1494.750000	0	0	5	cluster_5	0.6587
1569	Spectrogram 1	1	1494.500000	1496.000000	0	0	6	cluster_6	1.0000
1570	Spectrogram 1	1	1495.750000	1498.000000	0	0	4	cluster_4	0.9772
1571	Spectrogram 1	1	1497.750000	1499.000000	0	0	6	cluster_6	0.9811
1572	Spectrogram 1	1	1498.750000	1499.250000	0	0	12	cluster_12	0.8985
1573	Spectrogram 1	1	1499.000000	1500.500000	0	0	noise	cluster_noise	0.0000
1574	Spectrogram 1	1	1500.250000	1500.750000	0	0	15	cluster_15	1.0000
1575	Spectrogram 1	1	1500.500000	1501.000000	0	0	6	cluster_6	1.0000
1576	Spectrogram 1	1	1500.750000	1501.250000	0	0	11	cluster_11	0.8983
1577	Spectrogram 1	1	1501.000000	1501.750000	0	0	14	cluster_14	0.6438
1578	Spectrogram 1	1	1501.500000	1502.000000	0	0	12	cluster_12	0.9458
1579	Spectrogram 1	1	1501.750000	1502.500000	0	0	14	cluster_14	0.7144
1580	Spectrogram 1	1	1502.250000	1503.000000	0	0	noise	cluster_noise	0.0000
1581	Spectrogram 1	1	1502.750000	1503.500000	0	0	14	cluster_14	0.6623
1582	Spectrogram 1	1	1503.250000	1503.750000	0	0	noise	cluster_noise	0.0000
1583	Spectrogram 1	1	1503.500000	1505.000000	0	0	14	cluster_14	0.9095
1584	Spectrogram 1	1	1504.750000	1505.250000	0	0	noise	cluster_noise	0.0000
1585	Spectrogram 1	1	1505.000000	1505.500000	0	0	12	cluster_12	0.9458
1586	Spectrogram 1	1	1505.250000	1507.500000	0	0	14	cluster_14	0.9018
1587	Spectrogram 1	1	1507.250000	1507.750000	0	0	15	cluster_15	1.0000
1588	Spectrogram 1	1	1507.500000	1508.000000	0	0	11	cluster_11	0.7722
1589	Spectrogram 1	1	1507.750000	1508.500000	0	0	14	cluster_14	0.6793
1590	Spectrogram 1	1	1508.250000	1508.750000	0	0	12	cluster_12	0.9458
1591	Spectrogram 1	1	1508.500000	1510.000000	0	0	14	cluster_14	0.9165
1592	Spectrogram 1	1	1509.750000	1510.750000	0	0	noise	cluster_noise	0.0000
1593	Spectrogram 1	1	1510.500000	1511.500000	0	0	6	cluster_6	0.9493
1594	Spectrogram 1	1	1511.250000	1512.750000	0	0	4	cluster_4	0.9836
1595	Spectrogram 1	1	1512.500000	1513.000000	0	0	noise	cluster_noise	0.0000
1596	Spectrogram 1	1	1512.750000	1515.250000	0	0	6	cluster_6	0.9280
1597	Spectrogram 1	1	1515.000000	1516.500000	0	0	4	cluster_4	1.0000
1598	Spectrogram 1	1	1516.250000	1516.750000	0	0	6	cluster_6	0.8723
1599	Spectrogram 1	1	1516.500000	1517.000000	0	0	noise	cluster_noise	0.0000
1600	Spectrogram 1	1	1516.750000	1517.250000	0	0	8	cluster_8	0.9033
1601	Spectrogram 1	1	1517.000000	1517.750000	0	0	6	cluster_6	0.7860
1602	Spectrogram 1	1	1517.500000	1518.000000	0	0	12	cluster_12	0.9403
1603	Spectrogram 1	1	1517.750000	1518.750000	0	0	14	cluster_14	0.7438
1604	Spectrogram 1	1	1518.500000	1519.000000	0	0	12	cluster_12	0.7331
1605	Spectrogram 1	1	1518.750000	1519.250000	0	0	14	cluster_14	0.6964
1606	Spectrogram 1	1	1519.000000	1519.500000	0	0	15	cluster_15	0.9404
1607	Spectrogram 1	1	1519.250000	1519.750000	0	0	6	cluster_6	1.0000
1608	Spectrogram 1	1	1519.500000	1520.000000	0	0	11	cluster_11	0.8343
1609	Spectrogram 1	1	1519.750000	1520.500000	0	0	14	cluster_14	0.6890
1610	Spectrogram 1	1	1520.250000	1520.750000	0	0	12	cluster_12	0.7742
1611	Spectrogram 1	1	1520.500000	1521.250000	0	0	noise	cluster_noise	0.0000
1612	Spectrogram 1	1	1521.000000	1521.500000	0	0	6	cluster_6	0.6988
1613	Spectrogram 1	1	1521.250000	1522.000000	0	0	11	cluster_11	1.0000
1614	Spectrogram 1	1	1521.750000	1522.250000	0	0	6	cluster_6	1.0000
1615	Spectrogram 1	1	1522.000000	1522.750000	0	0	noise	cluster_noise	0.0000
1616	Spectrogram 1	1	1522.500000	1523.000000	0	0	12	cluster_12	0.8956
1617	Spectrogram 1	1	1522.750000	1523.500000	0	0	14	cluster_14	1.0000
1618	Spectrogram 1	1	1523.250000	1523.750000	0	0	6	cluster_6	0.6740
1619	Spectrogram 1	1	1523.500000	1525.000000	0	0	14	cluster_14	0.8936
1620	Spectrogram 1	1	1524.750000	1525.250000	0	0	noise	cluster_noise	0.0000
1621	Spectrogram 1	1	1525.000000	1526.500000	0	0	14	cluster_14	0.9348
1622	Spectrogram 1	1	1526.250000	1526.750000	0	0	12	cluster_12	0.8842
1623	Spectrogram 1	1	1526.500000	1528.500000	0	0	14	cluster_14	1.0000
1624	Spectrogram 1	1	1528.250000	1529.500000	0	0	15	cluster_15	0.9886
1625	Spectrogram 1	1	1529.250000	1529.750000	0	0	noise	cluster_noise	0.0000
1626	Spectrogram 1	1	1529.500000	1530.000000	0	0	11	cluster_11	1.0000
1627	Spectrogram 1	1	1529.750000	1530.250000	0	0	14	cluster_14	0.6120
1628	Spectrogram 1	1	1530.000000	1530.500000	0	0	15	cluster_15	1.0000
1629	Spectrogram 1	1	1530.250000	1531.000000	0	0	noise	cluster_noise	0.0000
1630	Spectrogram 1	1	1530.750000	1531.250000	0	0	14	cluster_14	0.6964
1631	Spectrogram 1	1	1531.000000	1531.500000	0	0	15	cluster_15	1.0000
1632	Spectrogram 1	1	1531.250000	1532.250000	0	0	6	cluster_6	0.9931
1633	Spectrogram 1	1	1532.000000	1532.750000	0	0	noise	cluster_noise	0.0000
1634	Spectrogram 1	1	1532.500000	1533.000000	0	0	14	cluster_14	0.5738
1635	Spectrogram 1	1	1532.750000	1533.250000	0	0	noise	cluster_noise	0.0000
1636	Spectrogram 1	1	1533.000000	1533.500000	0	0	15	cluster_15	1.0000
1637	Spectrogram 1	1	1533.250000	1533.750000	0	0	noise	cluster_noise	0.0000
1638	Spectrogram 1	1	1533.500000	1534.000000	0	0	14	cluster_14	0.6272
1639	Spectrogram 1	1	1533.750000	1534.250000	0	0	15	cluster_15	0.9303
1640	Spectrogram 1	1	1534.000000	1535.000000	0	0	6	cluster_6	0.9996
1641	Spectrogram 1	1	1534.750000	1535.750000	0	0	noise	cluster_noise	0.0000
1642	Spectrogram 1	1	1535.500000	1536.000000	0	0	15	cluster_15	0.9243
1643	Spectrogram 1	1	1535.750000	1536.250000	0	0	6	cluster_6	1.0000
1644	Spectrogram 1	1	1536.000000	1536.750000	0	0	15	cluster_15	0.9625
1645	Spectrogram 1	1	1536.500000	1537.250000	0	0	noise	cluster_noise	0.0000
1646	Spectrogram 1	1	1537.000000	1538.250000	0	0	1	cluster_1	0.5950
1647	Spectrogram 1	1	1538.000000	1539.500000	0	0	6	cluster_6	0.9745
1648	Spectrogram 1	1	1539.250000	1541.500000	0	0	1	cluster_1	0.7010
1649	Spectrogram 1	1	1541.250000	1541.750000	0	0	noise	cluster_noise	0.0000
1650	Spectrogram 1	1	1541.500000	1542.500000	0	0	6	cluster_6	0.7399
1651	Spectrogram 1	1	1542.250000	1544.500000	0	0	1	cluster_1	0.8018
1652	Spectrogram 1	1	1544.250000	1545.000000	0	0	6	cluster_6	0.7478
1653	Spectrogram 1	1	1544.750000	1547.250000	0	0	1	cluster_1	0.8299
1654	Spectrogram 1	1	1547.000000	1550.000000	0	0	6	cluster_6	0.9342
1655	Spectrogram 1	1	1549.750000	1550.250000	0	0	15	cluster_15	1.0000
1656	Spectrogram 1	1	1550.000000	1550.750000	0	0	noise	cluster_noise	0.0000
1657	Spectrogram 1	1	1550.500000	1551.000000	0	0	6	cluster_6	1.0000
1658	Spectrogram 1	1	1550.750000	1551.250000	0	0	15	cluster_15	1.0000
1659	Spectrogram 1	1	1551.000000	1551.750000	0	0	noise	cluster_noise	0.0000
1660	Spectrogram 1	1	1551.500000	1553.000000	0	0	6	cluster_6	0.9109
1661	Spectrogram 1	1	1552.750000	1553.250000	0	0	noise	cluster_noise	0.0000
1662	Spectrogram 1	1	1553.000000	1553.500000	0	0	15	cluster_15	1.0000
1663	Spectrogram 1	1	1553.250000	1554.000000	0	0	noise	cluster_noise	0.0000
1664	Spectrogram 1	1	1553.750000	1554.250000	0	0	15	cluster_15	1.0000
1665	Spectrogram 1	1	1554.000000	1554.750000	0	0	noise	cluster_noise	0.0000
1666	Spectrogram 1	1	1554.500000	1555.500000	0	0	6	cluster_6	1.0000
1667	Spectrogram 1	1	1555.250000	1555.750000	0	0	noise	cluster_noise	0.0000
1668	Spectrogram 1	1	1555.500000	1556.250000	0	0	15	cluster_15	1.0000
1669	Spectrogram 1	1	1556.000000	1556.750000	0	0	noise	cluster_noise	0.0000
1670	Spectrogram 1	1	1556.500000	1557.250000	0	0	15	cluster_15	1.0000
1671	Spectrogram 1	1	1557.000000	1558.750000	0	0	1	cluster_1	0.9692
1672	Spectrogram 1	1	1558.500000	1559.250000	0	0	6	cluster_6	1.0000
1673	Spectrogram 1	1	1559.000000	1559.500000	0	0	noise	cluster_noise	0.0000
1674	Spectrogram 1	1	1559.250000	1560.000000	0	0	6	cluster_6	0.8231
1675	Spectrogram 1	1	1559.750000	1564.250000	0	0	1	cluster_1	0.9438
1676	Spectrogram 1	1	1564.000000	1565.000000	0	0	6	cluster_6	0.9629
1677	Spectrogram 1	1	1564.750000	1565.250000	0	0	noise	cluster_noise	0.0000
1678	Spectrogram 1	1	1565.000000	1565.750000	0	0	15	cluster_15	1.0000
1679	Spectrogram 1	1	1565.500000	1566.000000	0	0	noise	cluster_noise	0.0000
1680	Spectrogram 1	1	1565.750000	1566.250000	0	0	14	cluster_14	0.6797
1681	Spectrogram 1	1	1566.000000	1566.750000	0	0	15	cluster_15	1.0000
1682	Spectrogram 1	1	1566.500000	1568.250000	0	0	6	cluster_6	0.9924
1683	Spectrogram 1	1	1568.000000	1568.500000	0	0	noise	cluster_noise	0.0000
1684	Spectrogram 1	1	1568.250000	1569.000000	0	0	15	cluster_15	0.9596
1685	Spectrogram 1	1	1568.750000	1569.500000	0	0	13	cluster_13	1.0000
1686	Spectrogram 1	1	1569.250000	1569.750000	0	0	15	cluster_15	1.0000
1687	Spectrogram 1	1	1569.500000	1570.000000	0	0	noise	cluster_noise	0.0000
1688	Spectrogram 1	1	1569.750000	1570.250000	0	0	13	cluster_13	1.0000
1689	Spectrogram 1	1	1570.000000	1570.750000	0	0	6	cluster_6	0.9782
1690	Spectrogram 1	1	1570.500000	1571.250000	0	0	10	cluster_10	1.0000
1691	Spectrogram 1	1	1571.000000	1571.500000	0	0	6	cluster_6	0.9903
1692	Spectrogram 1	1	1571.250000	1571.750000	0	0	noise	cluster_noise	0.0000
1693	Spectrogram 1	1	1571.500000	1572.000000	0	0	15	cluster_15	1.0000
1694	Spectrogram 1	1	1571.750000	1572.500000	0	0	noise	cluster_noise	0.0000
1695	Spectrogram 1	1	1572.250000	1573.000000	0	0	15	cluster_15	0.9938
1696	Spectrogram 1	1	1572.750000	1573.250000	0	0	noise	cluster_noise	0.0000
1697	Spectrogram 1	1	1573.000000	1573.500000	0	0	6	cluster_6	0.7407
1698	Spectrogram 1	1	1573.250000	1574.250000	0	0	1	cluster_1	0.3400
1699	Spectrogram 1	1	1574.000000	1574.500000	0	0	noise	cluster_noise	0.0000
1700	Spectrogram 1	1	1574.250000	1577.000000	0	0	6	cluster_6	0.9338
1701	Spectrogram 1	1	1576.750000	1577.500000	0	0	1	cluster_1	0.7349
1702	Spectrogram 1	1	1577.250000	1578.000000	0	0	noise	cluster_noise	0.0000
1703	Spectrogram 1	1	1577.750000	1578.750000	0	0	6	cluster_6	0.9655
1704	Spectrogram 1	1	1578.500000	1579.000000	0	0	noise	cluster_noise	0.0000
1705	Spectrogram 1	1	1578.750000	1580.250000	0	0	6	cluster_6	0.9222
1706	Spectrogram 1	1	1580.000000	1581.000000	0	0	noise	cluster_noise	0.0000
1707	Spectrogram 1	1	1580.750000	1581.250000	0	0	6	cluster_6	1.0000
1708	Spectrogram 1	1	1581.000000	1581.750000	0	0	noise	cluster_noise	0.0000
1709	Spectrogram 1	1	1581.500000	1583.250000	0	0	6	cluster_6	1.0000
1710	Spectrogram 1	1	1583.000000	1583.500000	0	0	noise	cluster_noise	0.0000
1711	Spectrogram 1	1	1583.250000	1583.750000	0	0	15	cluster_15	1.0000
1712	Spectrogram 1	1	1583.500000	1584.250000	0	0	13	cluster_13	0.9122
1713	Spectrogram 1	1	1584.000000	1584.500000	0	0	9	cluster_9	1.0000
1714	Spectrogram 1	1	1584.250000	1584.750000	0	0	noise	cluster_noise	0.0000
1715	Spectrogram 1	1	1584.500000	1585.000000	0	0	15	cluster_15	0.9483
1716	Spectrogram 1	1	1584.750000	1585.500000	0	0	8	cluster_8	1.0000
1717	Spectrogram 1	1	1585.250000	1586.250000	0	0	6	cluster_6	1.0000
1718	Spectrogram 1	1	1586.000000	1586.750000	0	0	noise	cluster_noise	0.0000
1719	Spectrogram 1	1	1586.500000	1587.000000	0	0	13	cluster_13	1.0000
1720	Spectrogram 1	1	1586.750000	1587.500000	0	0	noise	cluster_noise	0.0000
1721	Spectrogram 1	1	1587.250000	1588.000000	0	0	13	cluster_13	0.7241
1722	Spectrogram 1	1	1587.750000	1588.250000	0	0	8	cluster_8	0.9910
1723	Spectrogram 1	1	1588.000000	1589.250000	0	0	6	cluster_6	0.8635
1724	Spectrogram 1	1	1589.000000	1589.500000	0	0	noise	cluster_noise	0.0000
1725	Spectrogram 1	1	1589.250000	1589.750000	0	0	15	cluster_15	1.0000
1726	Spectrogram 1	1	1589.500000	1590.250000	0	0	13	cluster_13	0.9222
1727	Spectrogram 1	1	1590.000000	1590.500000	0	0	noise	cluster_noise	0.0000
1728	Spectrogram 1	1	1590.250000	1590.750000	0	0	15	cluster_15	0.9706
1729	Spectrogram 1	1	1590.500000	1591.250000	0	0	13	cluster_13	0.8969
1730	Spectrogram 1	1	1591.000000	1592.000000	0	0	6	cluster_6	0.8833
1731	Spectrogram 1	1	1591.750000	1592.250000	0	0	noise	cluster_noise	0.0000
1732	Spectrogram 1	1	1592.000000	1592.500000	0	0	15	cluster_15	1.0000
1733	Spectrogram 1	1	1592.250000	1593.000000	0	0	13	cluster_13	0.9467
1734	Spectrogram 1	1	1592.750000	1593.500000	0	0	noise	cluster_noise	0.0000
1735	Spectrogram 1	1	1593.250000	1594.000000	0	0	13	cluster_13	0.9020
1736	Spectrogram 1	1	1593.750000	1594.250000	0	0	8	cluster_8	0.9557
1737	Spectrogram 1	1	1594.000000	1594.500000	0	0	6	cluster_6	0.9947
1738	Spectrogram 1	1	1594.250000	1594.750000	0	0	noise	cluster_noise	0.0000
1739	Spectrogram 1	1	1594.500000	1595.000000	0	0	15	cluster_15	1.0000
1740	Spectrogram 1	1	1594.750000	1595.500000	0	0	13	cluster_13	0.9444
1741	Spectrogram 1	1	1595.250000	1596.000000	0	0	noise	cluster_noise	0.0000
1742	Spectrogram 1	1	1595.750000	1596.500000	0	0	13	cluster_13	0.7302
1743	Spectrogram 1	1	1596.250000	1598.250000	0	0	6	cluster_6	1.0000
1744	Spectrogram 1	1	1598.000000	1598.500000	0	0	15	cluster_15	1.0000
1745	Spectrogram 1	1	1598.250000	1599.000000	0	0	13	cluster_13	0.9279
1746	Spectrogram 1	1	1598.750000	1599.500000	0	0	9	cluster_9	0.8210
1747	Spectrogram 1	1	1599.250000	1600.000000	0	0	noise	cluster_noise	0.0000
1748	Spectrogram 1	1	1599.750000	1600.250000	0	0	8	cluster_8	0.9365
1749	Spectrogram 1	1	1600.000000	1601.000000	0	0	6	cluster_6	1.0000
1750	Spectrogram 1	1	1600.750000	1601.250000	0	0	noise	cluster_noise	0.0000
1751	Spectrogram 1	1	1601.000000	1601.500000	0	0	15	cluster_15	1.0000
1752	Spectrogram 1	1	1601.250000	1602.000000	0	0	13	cluster_13	0.8990
1753	Spectrogram 1	1	1601.750000	1602.250000	0	0	noise	cluster_noise	0.0000
1754	Spectrogram 1	1	1602.000000	1602.500000	0	0	9	cluster_9	0.7153
1755	Spectrogram 1	1	1602.250000	1603.000000	0	0	13	cluster_13	0.8888
1756	Spectrogram 1	1	1602.750000	1603.250000	0	0	8	cluster_8	1.0000
1757	Spectrogram 1	1	1603.000000	1603.750000	0	0	6	cluster_6	0.9802
1758	Spectrogram 1	1	1603.500000	1604.000000	0	0	15	cluster_15	1.0000
1759	Spectrogram 1	1	1603.750000	1604.500000	0	0	13	cluster_13	1.0000
1760	Spectrogram 1	1	1604.250000	1610.250000	0	0	9	cluster_9	0.7040
1761	Spectrogram 1	1	1610.000000	1610.500000	0	0	noise	cluster_noise	0.0000
1762	Spectrogram 1	1	1610.250000	1610.750000	0	0	10	cluster_10	1.0000
1763	Spectrogram 1	1	1610.500000	1611.250000	0	0	noise	cluster_noise	0.0000
1764	Spectrogram 1	1	1611.000000	1611.500000	0	0	6	cluster_6	0.7760
1765	Spectrogram 1	1	1611.250000	1612.000000	0	0	15	cluster_15	0.9955
1766	Spectrogram 1	1	1611.750000	1612.500000	0	0	13	cluster_13	0.9338
1767	Spectrogram 1	1	1612.250000	1612.750000	0	0	9	cluster_9	0.7310
1768	Spectrogram 1	1	1612.500000	1613.750000	0	0	noise	cluster_noise	0.0000
1769	Spectrogram 1	1	1613.500000	1614.250000	0	0	8	cluster_8	1.0000
1770	Spectrogram 1	1	1614.000000	1615.250000	0	0	6	cluster_6	0.9791
1771	Spectrogram 1	1	1615.000000	1615.500000	0	0	noise	cluster_noise	0.0000
1772	Spectrogram 1	1	1615.250000	1615.750000	0	0	15	cluster_15	1.0000
1773	Spectrogram 1	1	1615.500000	1616.250000	0	0	13	cluster_13	0.9318
1774	Spectrogram 1	1	1616.000000	1616.500000	0	0	noise	cluster_noise	0.0000
1775	Spectrogram 1	1	1616.250000	1616.750000	0	0	9	cluster_9	0.5627
1776	Spectrogram 1	1	1616.500000	1617.250000	0	0	13	cluster_13	0.6876
1777	Spectrogram 1	1	1617.000000	1617.500000	0	0	8	cluster_8	1.0000
1778	Spectrogram 1	1	1617.250000	1618.250000	0	0	6	cluster_6	1.0000
1779	Spectrogram 1	1	1618.000000	1618.500000	0	0	noise	cluster_noise	0.0000
1780	Spectrogram 1	1	1618.250000	1618.750000	0	0	15	cluster_15	0.9626
1781	Spectrogram 1	1	1618.500000	1619.250000	0	0	13	cluster_13	0.9708
1782	Spectrogram 1	1	1619.000000	1620.000000	0	0	9	cluster_9	0.6390
1783	Spectrogram 1	1	1619.750000	1621.000000	0	0	noise	cluster_noise	0.0000
1784	Spectrogram 1	1	1620.750000	1621.500000	0	0	6	cluster_6	1.0000
1785	Spectrogram 1	1	1621.250000	1621.750000	0	0	13	cluster_13	0.7458
1786	Spectrogram 1	1	1621.500000	1622.000000	0	0	noise	cluster_noise	0.0000
1787	Spectrogram 1	1	1621.750000	1622.250000	0	0	10	cluster_10	0.8928
1788	Spectrogram 1	1	1622.000000	1628.750000	0	0	9	cluster_9	0.6316
1789	Spectrogram 1	1	1628.500000	1629.500000	0	0	noise	cluster_noise	0.0000
1790	Spectrogram 1	1	1629.250000	1630.000000	0	0	6	cluster_6	0.8196
1791	Spectrogram 1	1	1629.750000	1630.250000	0	0	noise	cluster_noise	0.0000
1792	Spectrogram 1	1	1630.000000	1632.250000	0	0	9	cluster_9	0.9258
1793	Spectrogram 1	1	1632.000000	1632.500000	0	0	8	cluster_8	1.0000
1794	Spectrogram 1	1	1632.250000	1633.250000	0	0	6	cluster_6	0.9266
1795	Spectrogram 1	1	1633.000000	1633.500000	0	0	noise	cluster_noise	0.0000
1796	Spectrogram 1	1	1633.250000	1634.500000	0	0	6	cluster_6	0.9954
1797	Spectrogram 1	1	1634.250000	1637.000000	0	0	10	cluster_10	0.9796
1798	Spectrogram 1	1	1636.750000	1638.000000	0	0	6	cluster_6	0.9073
1799	Spectrogram 1	1	1637.750000	1640.000000	0	0	10	cluster_10	0.9961
1800	Spectrogram 1	1	1639.750000	1640.750000	0	0	6	cluster_6	1.0000
1801	Spectrogram 1	1	1640.500000	1642.750000	0	0	10	cluster_10	0.9492
1802	Spectrogram 1	1	1642.500000	1643.000000	0	0	6	cluster_6	1.0000
1803	Spectrogram 1	1	1642.750000	1643.250000	0	0	10	cluster_10	0.9828
1804	Spectrogram 1	1	1643.000000	1643.500000	0	0	6	cluster_6	0.9247
1805	Spectrogram 1	1	1643.250000	1646.000000	0	0	10	cluster_10	0.9444
1806	Spectrogram 1	1	1645.750000	1646.750000	0	0	noise	cluster_noise	0.0000
1807	Spectrogram 1	1	1646.500000	1648.750000	0	0	9	cluster_9	0.8879
1808	Spectrogram 1	1	1648.500000	1651.250000	0	0	6	cluster_6	0.9552
1809	Spectrogram 1	1	1651.000000	1654.000000	0	0	10	cluster_10	0.9616
1810	Spectrogram 1	1	1653.750000	1654.750000	0	0	6	cluster_6	0.7728
1811	Spectrogram 1	1	1654.500000	1657.250000	0	0	10	cluster_10	0.9546
1812	Spectrogram 1	1	1657.000000	1657.500000	0	0	6	cluster_6	1.0000
1813	Spectrogram 1	1	1657.250000	1657.750000	0	0	noise	cluster_noise	0.0000
1814	Spectrogram 1	1	1657.500000	1661.500000	0	0	10	cluster_10	0.9865
1815	Spectrogram 1	1	1661.250000	1662.000000	0	0	6	cluster_6	1.0000
1816	Spectrogram 1	1	1661.750000	1662.250000	0	0	noise	cluster_noise	0.0000
1817	Spectrogram 1	1	1662.000000	1664.250000	0	0	9	cluster_9	0.8621
1818	Spectrogram 1	1	1664.000000	1664.500000	0	0	8	cluster_8	1.0000
1819	Spectrogram 1	1	1664.250000	1664.750000	0	0	6	cluster_6	1.0000
1820	Spectrogram 1	1	1664.500000	1665.250000	0	0	noise	cluster_noise	0.0000
1821	Spectrogram 1	1	1665.000000	1667.000000	0	0	9	cluster_9	0.9021
1822	Spectrogram 1	1	1666.750000	1667.250000	0	0	noise	cluster_noise	0.0000
1823	Spectrogram 1	1	1667.000000	1668.250000	0	0	6	cluster_6	1.0000
1824	Spectrogram 1	1	1668.000000	1668.500000	0	0	noise	cluster_noise	0.0000
1825	Spectrogram 1	1	1668.250000	1670.500000	0	0	5	cluster_5	0.6705
1826	Spectrogram 1	1	1670.250000	1671.750000	0	0	6	cluster_6	0.9911
1827	Spectrogram 1	1	1671.500000	1672.000000	0	0	noise	cluster_noise	0.0000
1828	Spectrogram 1	1	1671.750000	1674.250000	0	0	10	cluster_10	1.0000
1829	Spectrogram 1	1	1674.000000	1675.000000	0	0	6	cluster_6	0.8999
1830	Spectrogram 1	1	1674.750000	1675.500000	0	0	noise	cluster_noise	0.0000
1831	Spectrogram 1	1	1675.250000	1677.250000	0	0	9	cluster_9	0.8925
1832	Spectrogram 1	1	1677.000000	1677.500000	0	0	6	cluster_6	1.0000
1833	Spectrogram 1	1	1677.250000	1678.250000	0	0	noise	cluster_noise	0.0000
1834	Spectrogram 1	1	1678.000000	1679.750000	0	0	9	cluster_9	0.8988
1835	Spectrogram 1	1	1679.500000	1681.000000	0	0	6	cluster_6	0.8804
1836	Spectrogram 1	1	1680.750000	1683.500000	0	0	5	cluster_5	0.9313
1837	Spectrogram 1	1	1683.250000	1683.750000	0	0	6	cluster_6	0.7235
1838	Spectrogram 1	1	1683.500000	1684.250000	0	0	noise	cluster_noise	0.0000
1839	Spectrogram 1	1	1684.000000	1684.500000	0	0	6	cluster_6	0.6636
1840	Spectrogram 1	1	1684.250000	1685.000000	0	0	noise	cluster_noise	0.0000
1841	Spectrogram 1	1	1684.750000	1687.500000	0	0	10	cluster_10	1.0000
1842	Spectrogram 1	1	1687.250000	1688.500000	0	0	6	cluster_6	0.9649
1843	Spectrogram 1	1	1688.250000	1689.000000	0	0	noise	cluster_noise	0.0000
1844	Spectrogram 1	1	1688.750000	1690.750000	0	0	9	cluster_9	0.9180
1845	Spectrogram 1	1	1690.500000	1691.000000	0	0	8	cluster_8	0.9032
1846	Spectrogram 1	1	1690.750000	1691.250000	0	0	6	cluster_6	1.0000
1847	Spectrogram 1	1	1691.000000	1691.750000	0	0	noise	cluster_noise	0.0000
1848	Spectrogram 1	1	1691.500000	1693.250000	0	0	9	cluster_9	0.8778
1849	Spectrogram 1	1	1693.000000	1693.500000	0	0	noise	cluster_noise	0.0000
1850	Spectrogram 1	1	1693.250000	1694.500000	0	0	6	cluster_6	0.9338
1851	Spectrogram 1	1	1694.250000	1697.750000	0	0	5	cluster_5	0.9222
1852	Spectrogram 1	1	1697.500000	1698.500000	0	0	6	cluster_6	0.9064
1853	Spectrogram 1	1	1698.250000	1698.750000	0	0	noise	cluster_noise	0.0000
1854	Spectrogram 1	1	1698.500000	1701.000000	0	0	10	cluster_10	0.9916
1855	Spectrogram 1	1	1700.750000	1701.500000	0	0	6	cluster_6	1.0000
1856	Spectrogram 1	1	1701.250000	1702.000000	0	0	noise	cluster_noise	0.0000
1857	Spectrogram 1	1	1701.750000	1703.500000	0	0	9	cluster_9	0.8997
1858	Spectrogram 1	1	1703.250000	1704.000000	0	0	noise	cluster_noise	0.0000
1859	Spectrogram 1	1	1703.750000	1704.250000	0	0	8	cluster_8	1.0000
1860	Spectrogram 1	1	1704.000000	1704.750000	0	0	noise	cluster_noise	0.0000
1861	Spectrogram 1	1	1704.500000	1706.250000	0	0	9	cluster_9	0.8998
1862	Spectrogram 1	1	1706.000000	1706.750000	0	0	noise	cluster_noise	0.0000
1863	Spectrogram 1	1	1706.500000	1707.250000	0	0	6	cluster_6	0.9462
1864	Spectrogram 1	1	1707.000000	1707.500000	0	0	8	cluster_8	1.0000
1865	Spectrogram 1	1	1707.250000	1710.250000	0	0	5	cluster_5	0.8985
1866	Spectrogram 1	1	1710.000000	1710.500000	0	0	noise	cluster_noise	0.0000
1867	Spectrogram 1	1	1710.250000	1710.750000	0	0	5	cluster_5	0.6284
1868	Spectrogram 1	1	1710.500000	1711.500000	0	0	6	cluster_6	0.9537
1869	Spectrogram 1	1	1711.250000	1711.750000	0	0	noise	cluster_noise	0.0000
1870	Spectrogram 1	1	1711.500000	1713.750000	0	0	10	cluster_10	1.0000
1871	Spectrogram 1	1	1713.500000	1714.750000	0	0	6	cluster_6	0.9315
1872	Spectrogram 1	1	1714.500000	1715.250000	0	0	noise	cluster_noise	0.0000
1873	Spectrogram 1	1	1715.000000	1716.750000	0	0	9	cluster_9	0.8388
1874	Spectrogram 1	1	1716.500000	1717.000000	0	0	6	cluster_6	0.6093
1875	Spectrogram 1	1	1716.750000	1717.250000	0	0	8	cluster_8	1.0000
1876	Spectrogram 1	1	1717.000000	1717.500000	0	0	5	cluster_5	0.6012
1877	Spectrogram 1	1	1717.250000	1717.750000	0	0	noise	cluster_noise	0.0000
1878	Spectrogram 1	1	1717.500000	1719.250000	0	0	9	cluster_9	0.8206
1879	Spectrogram 1	1	1719.000000	1719.750000	0	0	noise	cluster_noise	0.0000
1880	Spectrogram 1	1	1719.500000	1720.000000	0	0	8	cluster_8	1.0000
1881	Spectrogram 1	1	1719.750000	1720.750000	0	0	6	cluster_6	0.7933
1882	Spectrogram 1	1	1720.500000	1724.250000	0	0	5	cluster_5	0.7911
1883	Spectrogram 1	1	1724.000000	1724.500000	0	0	6	cluster_6	0.8964
1884	Spectrogram 1	1	1724.250000	1725.000000	0	0	noise	cluster_noise	0.0000
1885	Spectrogram 1	1	1724.750000	1727.250000	0	0	10	cluster_10	0.9763
1886	Spectrogram 1	1	1727.000000	1727.750000	0	0	6	cluster_6	1.0000
1887	Spectrogram 1	1	1727.500000	1728.000000	0	0	8	cluster_8	1.0000
1888	Spectrogram 1	1	1727.750000	1728.250000	0	0	5	cluster_5	0.8410
1889	Spectrogram 1	1	1728.000000	1728.500000	0	0	noise	cluster_noise	0.0000
1890	Spectrogram 1	1	1728.250000	1730.250000	0	0	9	cluster_9	0.8096
1891	Spectrogram 1	1	1730.000000	1730.500000	0	0	8	cluster_8	0.9382
1892	Spectrogram 1	1	1730.250000	1730.750000	0	0	noise	cluster_noise	0.0000
1893	Spectrogram 1	1	1730.500000	1731.000000	0	0	5	cluster_5	1.0000
1894	Spectrogram 1	1	1730.750000	1732.500000	0	0	9	cluster_9	0.7269
1895	Spectrogram 1	1	1732.250000	1733.000000	0	0	noise	cluster_noise	0.0000
1896	Spectrogram 1	1	1732.750000	1733.750000	0	0	6	cluster_6	0.9597
1897	Spectrogram 1	1	1733.500000	1734.250000	0	0	noise	cluster_noise	0.0000
1898	Spectrogram 1	1	1734.000000	1735.500000	0	0	5	cluster_5	0.8170
1899	Spectrogram 1	1	1735.250000	1735.750000	0	0	3	cluster_3	0.8043
1900	Spectrogram 1	1	1735.500000	1737.000000	0	0	5	cluster_5	0.9672
1901	Spectrogram 1	1	1736.750000	1737.250000	0	0	noise	cluster_noise	0.0000
1902	Spectrogram 1	1	1737.000000	1737.750000	0	0	6	cluster_6	0.8951
1903	Spectrogram 1	1	1737.500000	1740.250000	0	0	10	cluster_10	0.9878
1904	Spectrogram 1	1	1740.000000	1740.500000	0	0	noise	cluster_noise	0.0000
1905	Spectrogram 1	1	1740.250000	1740.750000	0	0	10	cluster_10	0.8081
1906	Spectrogram 1	1	1740.500000	1741.000000	0	0	6	cluster_6	1.0000
1907	Spectrogram 1	1	1740.750000	1741.250000	0	0	5	cluster_5	1.0000
1908	Spectrogram 1	1	1741.000000	1741.500000	0	0	noise	cluster_noise	0.0000
1909	Spectrogram 1	1	1741.250000	1743.000000	0	0	9	cluster_9	0.8654
1910	Spectrogram 1	1	1742.750000	1743.250000	0	0	noise	cluster_noise	0.0000
1911	Spectrogram 1	1	1743.000000	1743.500000	0	0	8	cluster_8	1.0000
1912	Spectrogram 1	1	1743.250000	1743.750000	0	0	noise	cluster_noise	0.0000
1913	Spectrogram 1	1	1743.500000	1744.000000	0	0	5	cluster_5	1.0000
1914	Spectrogram 1	1	1743.750000	1745.250000	0	0	9	cluster_9	0.8386
1915	Spectrogram 1	1	1745.000000	1745.500000	0	0	noise	cluster_noise	0.0000
1916	Spectrogram 1	1	1745.250000	1746.000000	0	0	9	cluster_9	0.7598
1917	Spectrogram 1	1	1745.750000	1746.250000	0	0	noise	cluster_noise	0.0000
1918	Spectrogram 1	1	1746.000000	1746.500000	0	0	8	cluster_8	1.0000
1919	Spectrogram 1	1	1746.250000	1746.750000	0	0	noise	cluster_noise	0.0000
1920	Spectrogram 1	1	1746.500000	1747.000000	0	0	6	cluster_6	1.0000
1921	Spectrogram 1	1	1746.750000	1749.750000	0	0	5	cluster_5	0.9321
1922	Spectrogram 1	1	1749.500000	1750.000000	0	0	6	cluster_6	1.0000
1923	Spectrogram 1	1	1749.750000	1752.500000	0	0	10	cluster_10	0.9974
1924	Spectrogram 1	1	1752.250000	1753.500000	0	0	6	cluster_6	0.9473
1925	Spectrogram 1	1	1753.250000	1753.750000	0	0	5	cluster_5	1.0000
1926	Spectrogram 1	1	1753.500000	1755.500000	0	0	9	cluster_9	0.8849
1927	Spectrogram 1	1	1755.250000	1756.000000	0	0	8	cluster_8	1.0000
1928	Spectrogram 1	1	1755.750000	1756.250000	0	0	5	cluster_5	0.5855
1929	Spectrogram 1	1	1756.000000	1757.750000	0	0	9	cluster_9	0.7409
1930	Spectrogram 1	1	1757.500000	1758.000000	0	0	8	cluster_8	1.0000
1931	Spectrogram 1	1	1757.750000	1759.250000	0	0	6	cluster_6	0.9541
1932	Spectrogram 1	1	1759.000000	1761.750000	0	0	5	cluster_5	0.9930
1933	Spectrogram 1	1	1761.500000	1762.250000	0	0	6	cluster_6	0.7898
1934	Spectrogram 1	1	1762.000000	1764.500000	0	0	10	cluster_10	0.9745
1935	Spectrogram 1	1	1764.250000	1764.750000	0	0	noise	cluster_noise	0.0000
1936	Spectrogram 1	1	1764.500000	1765.250000	0	0	6	cluster_6	0.8539
1937	Spectrogram 1	1	1765.000000	1765.500000	0	0	12	cluster_12	0.8198
1938	Spectrogram 1	1	1765.250000	1765.750000	0	0	5	cluster_5	0.7739
1939	Spectrogram 1	1	1765.500000	1767.500000	0	0	9	cluster_9	0.7622
1940	Spectrogram 1	1	1767.250000	1768.000000	0	0	6	cluster_6	0.9908
1941	Spectrogram 1	1	1767.750000	1768.250000	0	0	5	cluster_5	0.8836
1942	Spectrogram 1	1	1768.000000	1769.250000	0	0	9	cluster_9	0.7445
1943	Spectrogram 1	1	1769.000000	1769.750000	0	0	noise	cluster_noise	0.0000
1944	Spectrogram 1	1	1769.500000	1770.000000	0	0	8	cluster_8	1.0000
1945	Spectrogram 1	1	1769.750000	1770.250000	0	0	noise	cluster_noise	0.0000
1946	Spectrogram 1	1	1770.000000	1770.750000	0	0	5	cluster_5	0.6325
1947	Spectrogram 1	1	1770.500000	1771.250000	0	0	6	cluster_6	1.0000
1948	Spectrogram 1	1	1771.000000	1774.000000	0	0	5	cluster_5	0.9817
1949	Spectrogram 1	1	1773.750000	1774.500000	0	0	6	cluster_6	0.8342
1950	Spectrogram 1	1	1774.250000	1777.000000	0	0	10	cluster_10	0.9845
1951	Spectrogram 1	1	1776.750000	1777.750000	0	0	6	cluster_6	0.8578
1952	Spectrogram 1	1	1777.500000	1778.000000	0	0	12	cluster_12	0.8207
1953	Spectrogram 1	1	1777.750000	1778.250000	0	0	5	cluster_5	0.9520
1954	Spectrogram 1	1	1778.000000	1779.750000	0	0	9	cluster_9	0.7842
1955	Spectrogram 1	1	1779.500000	1780.000000	0	0	noise	cluster_noise	0.0000
1956	Spectrogram 1	1	1779.750000	1780.250000	0	0	8	cluster_8	1.0000
1957	Spectrogram 1	1	1780.000000	1780.500000	0	0	12	cluster_12	0.9458
1958	Spectrogram 1	1	1780.250000	1780.750000	0	0	5	cluster_5	0.9501
1959	Spectrogram 1	1	1780.500000	1781.000000	0	0	noise	cluster_noise	0.0000
1960	Spectrogram 1	1	1780.750000	1782.000000	0	0	9	cluster_9	0.7743
1961	Spectrogram 1	1	1781.750000	1782.250000	0	0	noise	cluster_noise	0.0000
1962	Spectrogram 1	1	1782.000000	1782.500000	0	0	9	cluster_9	0.7384
1963	Spectrogram 1	1	1782.250000	1782.750000	0	0	8	cluster_8	1.0000
1964	Spectrogram 1	1	1782.500000	1783.750000	0	0	6	cluster_6	1.0000
1965	Spectrogram 1	1	1783.500000	1785.750000	0	0	5	cluster_5	0.9676
1966	Spectrogram 1	1	1785.500000	1786.750000	0	0	6	cluster_6	0.8823
1967	Spectrogram 1	1	1786.500000	1789.250000	0	0	10	cluster_10	0.9852
1968	Spectrogram 1	1	1789.000000	1789.500000	0	0	noise	cluster_noise	0.0000
1969	Spectrogram 1	1	1789.250000	1790.000000	0	0	6	cluster_6	1.0000
1970	Spectrogram 1	1	1789.750000	1790.250000	0	0	12	cluster_12	0.7605
1971	Spectrogram 1	1	1790.000000	1790.500000	0	0	5	cluster_5	0.8201
1972	Spectrogram 1	1	1790.250000	1790.750000	0	0	noise	cluster_noise	0.0000
1973	Spectrogram 1	1	1790.500000	1792.500000	0	0	9	cluster_9	0.8139
1974	Spectrogram 1	1	1792.250000	1792.750000	0	0	noise	cluster_noise	0.0000
1975	Spectrogram 1	1	1792.500000	1793.000000	0	0	8	cluster_8	1.0000
1976	Spectrogram 1	1	1792.750000	1794.250000	0	0	6	cluster_6	1.0000
1977	Spectrogram 1	1	1794.000000	1796.750000	0	0	5	cluster_5	0.9014
1978	Spectrogram 1	1	1796.500000	1797.250000	0	0	6	cluster_6	0.6354
1979	Spectrogram 1	1	1797.000000	1800.000000	0	0	10	cluster_10	0.9786
1980	Spectrogram 1	1	1799.750000	1800.250000	0	0	noise	cluster_noise	0.0000
1981	Spectrogram 1	1	1800.000000	1800.500000	0	0	10	cluster_10	0.7787
1982	Spectrogram 1	1	1800.250000	1800.750000	0	0	12	cluster_12	0.9257
1983	Spectrogram 1	1	1800.500000	1801.250000	0	0	5	cluster_5	0.8353
1984	Spectrogram 1	1	1801.000000	1803.000000	0	0	9	cluster_9	0.8126
1985	Spectrogram 1	1	1802.750000	1803.750000	0	0	noise	cluster_noise	0.0000
1986	Spectrogram 1	1	1803.500000	1804.250000	0	0	6	cluster_6	1.0000
1987	Spectrogram 1	1	1804.000000	1804.750000	0	0	noise	cluster_noise	0.0000
1988	Spectrogram 1	1	1804.500000	1807.000000	0	0	5	cluster_5	0.8223
1989	Spectrogram 1	1	1806.750000	1810.500000	0	0	10	cluster_10	0.9810
1990	Spectrogram 1	1	1810.250000	1810.750000	0	0	6	cluster_6	1.0000
1991	Spectrogram 1	1	1810.500000	1811.000000	0	0	noise	cluster_noise	0.0000
1992	Spectrogram 1	1	1810.750000	1811.500000	0	0	5	cluster_5	0.9979
1993	Spectrogram 1	1	1811.250000	1811.750000	0	0	noise	cluster_noise	0.0000
1994	Spectrogram 1	1	1811.500000	1813.500000	0	0	9	cluster_9	0.7685
1995	Spectrogram 1	1	1813.250000	1813.750000	0	0	noise	cluster_noise	0.0000
1996	Spectrogram 1	1	1813.500000	1814.500000	0	0	8	cluster_8	0.9601
1997	Spectrogram 1	1	1814.250000	1815.000000	0	0	6	cluster_6	0.9616
1998	Spectrogram 1	1	1814.750000	1815.250000	0	0	noise	cluster_noise	0.0000
1999	Spectrogram 1	1	1815.000000	1817.500000	0	0	5	cluster_5	0.8182
2000	Spectrogram 1	1	1817.250000	1818.000000	0	0	10	cluster_10	1.0000
2001	Spectrogram 1	1	1817.750000	1818.500000	0	0	noise	cluster_noise	0.0000
2002	Spectrogram 1	1	1818.250000	1821.000000	0	0	10	cluster_10	1.0000
2003	Spectrogram 1	1	1820.750000	1821.250000	0	0	6	cluster_6	1.0000
2004	Spectrogram 1	1	1821.000000	1821.500000	0	0	10	cluster_10	0.8566
2005	Spectrogram 1	1	1821.250000	1821.750000	0	0	12	cluster_12	0.7613
2006	Spectrogram 1	1	1821.500000	1822.000000	0	0	5	cluster_5	1.0000
2007	Spectrogram 1	1	1821.750000	1824.000000	0	0	9	cluster_9	0.7345
2008	Spectrogram 1	1	1823.750000	1824.250000	0	0	noise	cluster_noise	0.0000
2009	Spectrogram 1	1	1824.000000	1824.750000	0	0	5	cluster_5	0.9303
2010	Spectrogram 1	1	1824.500000	1826.250000	0	0	9	cluster_9	0.7699
2011	Spectrogram 1	1	1826.000000	1827.000000	0	0	8	cluster_8	1.0000
2012	Spectrogram 1	1	1826.750000	1827.250000	0	0	6	cluster_6	0.8465
2013	Spectrogram 1	1	1827.000000	1827.500000	0	0	8	cluster_8	0.8871
2014	Spectrogram 1	1	1827.250000	1827.750000	0	0	noise	cluster_noise	0.0000
2015	Spectrogram 1	1	1827.500000	1830.250000	0	0	5	cluster_5	0.9094
2016	Spectrogram 1	1	1830.000000	1830.750000	0	0	6	cluster_6	0.8756
2017	Spectrogram 1	1	1830.500000	1831.500000	0	0	10	cluster_10	0.9351
2018	Spectrogram 1	1	1831.250000	1831.750000	0	0	noise	cluster_noise	0.0000
2019	Spectrogram 1	1	1831.500000	1832.500000	0	0	10	cluster_10	0.9989
2020	Spectrogram 1	1	1832.250000	1833.250000	0	0	6	cluster_6	0.8161
2021	Spectrogram 1	1	1833.000000	1833.500000	0	0	noise	cluster_noise	0.0000
2022	Spectrogram 1	1	1833.250000	1833.750000	0	0	12	cluster_12	0.9866
2023	Spectrogram 1	1	1833.500000	1834.000000	0	0	5	cluster_5	1.0000
2024	Spectrogram 1	1	1833.750000	1835.500000	0	0	9	cluster_9	0.7576
2025	Spectrogram 1	1	1835.250000	1835.750000	0	0	noise	cluster_noise	0.0000
2026	Spectrogram 1	1	1835.500000	1836.250000	0	0	12	cluster_12	0.9191
2027	Spectrogram 1	1	1836.000000	1836.500000	0	0	5	cluster_5	1.0000
2028	Spectrogram 1	1	1836.250000	1838.250000	0	0	9	cluster_9	0.7381
2029	Spectrogram 1	1	1838.000000	1839.500000	0	0	6	cluster_6	0.9423
2030	Spectrogram 1	1	1839.250000	1842.000000	0	0	5	cluster_5	0.8293
2031	Spectrogram 1	1	1841.750000	1842.250000	0	0	6	cluster_6	0.7453
2032	Spectrogram 1	1	1842.000000	1842.500000	0	0	noise	cluster_noise	0.0000
2033	Spectrogram 1	1	1842.250000	1843.000000	0	0	10	cluster_10	0.9795
2034	Spectrogram 1	1	1842.750000	1843.500000	0	0	noise	cluster_noise	0.0000
2035	Spectrogram 1	1	1843.250000	1844.000000	0	0	10	cluster_10	1.0000
2036	Spectrogram 1	1	1843.750000	1844.750000	0	0	noise	cluster_noise	0.0000
2037	Spectrogram 1	1	1844.500000	1845.000000	0	0	6	cluster_6	1.0000
2038	Spectrogram 1	1	1844.750000	1845.250000	0	0	noise	cluster_noise	0.0000
2039	Spectrogram 1	1	1845.000000	1845.750000	0	0	6	cluster_6	1.0000
2040	Spectrogram 1	1	1845.500000	1847.000000	0	0	12	cluster_12	0.8851
2041	Spectrogram 1	1	1846.750000	1847.750000	0	0	9	cluster_9	0.8093
2042	Spectrogram 1	1	1847.500000	1848.250000	0	0	noise	cluster_noise	0.0000
2043	Spectrogram 1	1	1848.000000	1848.500000	0	0	5	cluster_5	0.6085
2044	Spectrogram 1	1	1848.250000	1849.750000	0	0	6	cluster_6	0.8434
2045	Spectrogram 1	1	1849.500000	1850.000000	0	0	noise	cluster_noise	0.0000
2046	Spectrogram 1	1	1849.750000	1852.000000	0	0	5	cluster_5	0.8315
2047	Spectrogram 1	1	1851.750000	1852.250000	0	0	6	cluster_6	1.0000
2048	Spectrogram 1	1	1852.000000	1853.500000	0	0	10	cluster_10	0.9823
2049	Spectrogram 1	1	1853.250000	1853.750000	0	0	noise	cluster_noise	0.0000
2050	Spectrogram 1	1	1853.500000	1854.000000	0	0	10	cluster_10	1.0000
2051	Spectrogram 1	1	1853.750000	1854.750000	0	0	6	cluster_6	0.9471
2052	Spectrogram 1	1	1854.500000	1855.000000	0	0	noise	cluster_noise	0.0000
2053	Spectrogram 1	1	1854.750000	1855.250000	0	0	10	cluster_10	0.8123
2054	Spectrogram 1	1	1855.000000	1857.000000	0	0	6	cluster_6	0.9989
2055	Spectrogram 1	1	1856.750000	1857.500000	0	0	12	cluster_12	0.7696
2056	Spectrogram 1	1	1857.250000	1858.750000	0	0	noise	cluster_noise	0.0000
2057	Spectrogram 1	1	1858.500000	1859.000000	0	0	5	cluster_5	0.8165
2058	Spectrogram 1	1	1858.750000	1859.250000	0	0	noise	cluster_noise	0.0000
2059	Spectrogram 1	1	1859.000000	1859.750000	0	0	5	cluster_5	0.5710
2060	Spectrogram 1	1	1859.500000	1861.250000	0	0	6	cluster_6	0.9490
2061	Spectrogram 1	1	1861.000000	1862.750000	0	0	5	cluster_5	0.8953
2062	Spectrogram 1	1	1862.500000	1863.000000	0	0	12	cluster_12	0.8054
2063	Spectrogram 1	1	1862.750000	1863.750000	0	0	5	cluster_5	0.7201
2064	Spectrogram 1	1	1863.500000	1864.000000	0	0	noise	cluster_noise	0.0000
2065	Spectrogram 1	1	1863.750000	1864.500000	0	0	10	cluster_10	0.9317
2066	Spectrogram 1	1	1864.250000	1865.000000	0	0	noise	cluster_noise	0.0000
2067	Spectrogram 1	1	1864.750000	1865.500000	0	0	10	cluster_10	1.0000
2068	Spectrogram 1	1	1865.250000	1865.750000	0	0	6	cluster_6	0.6596
2069	Spectrogram 1	1	1865.500000	1866.500000	0	0	noise	cluster_noise	0.0000
2070	Spectrogram 1	1	1866.250000	1868.500000	0	0	6	cluster_6	0.9950
2071	Spectrogram 1	1	1868.250000	1868.750000	0	0	12	cluster_12	0.9352
2072	Spectrogram 1	1	1868.500000	1869.500000	0	0	noise	cluster_noise	0.0000
2073	Spectrogram 1	1	1869.250000	1869.750000	0	0	12	cluster_12	0.7845
2074	Spectrogram 1	1	1869.500000	1870.000000	0	0	noise	cluster_noise	0.0000
2075	Spectrogram 1	1	1869.750000	1870.250000	0	0	5	cluster_5	0.7543
2076	Spectrogram 1	1	1870.000000	1870.500000	0	0	noise	cluster_noise	0.0000
2077	Spectrogram 1	1	1870.250000	1870.750000	0	0	12	cluster_12	0.8697
2078	Spectrogram 1	1	1870.500000	1871.000000	0	0	5	cluster_5	0.5184
2079	Spectrogram 1	1	1870.750000	1872.500000	0	0	6	cluster_6	0.9916
2080	Spectrogram 1	1	1872.250000	1875.000000	0	0	5	cluster_5	0.8984
2081	Spectrogram 1	1	1874.750000	1875.750000	0	0	noise	cluster_noise	0.0000
2082	Spectrogram 1	1	1875.500000	1876.250000	0	0	6	cluster_6	0.7398
2083	Spectrogram 1	1	1876.000000	1876.500000	0	0	noise	cluster_noise	0.0000
2084	Spectrogram 1	1	1876.250000	1876.750000	0	0	6	cluster_6	1.0000
2085	Spectrogram 1	1	1876.500000	1877.250000	0	0	noise	cluster_noise	0.0000
2086	Spectrogram 1	1	1877.000000	1877.750000	0	0	6	cluster_6	0.7360
2087	Spectrogram 1	1	1877.500000	1878.250000	0	0	noise	cluster_noise	0.0000
2088	Spectrogram 1	1	1878.000000	1878.500000	0	0	6	cluster_6	0.8255
2089	Spectrogram 1	1	1878.250000	1878.750000	0	0	12	cluster_12	0.7567
2090	Spectrogram 1	1	1878.500000	1880.250000	0	0	6	cluster_6	0.9572
2091	Spectrogram 1	1	1880.000000	1881.500000	0	0	noise	cluster_noise	0.0000
2092	Spectrogram 1	1	1881.250000	1881.750000	0	0	12	cluster_12	0.7925
2093	Spectrogram 1	1	1881.500000	1882.250000	0	0	noise	cluster_noise	0.0000
2094	Spectrogram 1	1	1882.000000	1882.500000	0	0	12	cluster_12	0.8691
2095	Spectrogram 1	1	1882.250000	1882.750000	0	0	noise	cluster_noise	0.0000
2096	Spectrogram 1	1	1882.500000	1884.250000	0	0	6	cluster_6	1.0000
2097	Spectrogram 1	1	1884.000000	1887.000000	0	0	5	cluster_5	0.8485
2098	Spectrogram 1	1	1886.750000	1887.500000	0	0	noise	cluster_noise	0.0000
2099	Spectrogram 1	1	1887.250000	1887.750000	0	0	6	cluster_6	0.8064
2100	Spectrogram 1	1	1887.500000	1888.000000	0	0	noise	cluster_noise	0.0000
2101	Spectrogram 1	1	1887.750000	1888.500000	0	0	6	cluster_6	0.8869
2102	Spectrogram 1	1	1888.250000	1889.250000	0	0	noise	cluster_noise	0.0000
2103	Spectrogram 1	1	1889.000000	1889.500000	0	0	12	cluster_12	0.8017
2104	Spectrogram 1	1	1889.250000	1889.750000	0	0	noise	cluster_noise	0.0000
2105	Spectrogram 1	1	1889.500000	1891.750000	0	0	6	cluster_6	0.9987
2106	Spectrogram 1	1	1891.500000	1892.000000	0	0	10	cluster_10	0.8220
2107	Spectrogram 1	1	1891.750000	1892.250000	0	0	12	cluster_12	0.7398
2108	Spectrogram 1	1	1892.000000	1894.000000	0	0	noise	cluster_noise	0.0000
2109	Spectrogram 1	1	1893.750000	1896.000000	0	0	6	cluster_6	0.9246
2110	Spectrogram 1	1	1895.750000	1898.500000	0	0	5	cluster_5	0.9389
2111	Spectrogram 1	1	1898.250000	1898.750000	0	0	6	cluster_6	0.7827
2112	Spectrogram 1	1	1898.500000	1899.250000	0	0	noise	cluster_noise	0.0000
2113	Spectrogram 1	1	1899.000000	1899.500000	0	0	5	cluster_5	0.5147
2114	Spectrogram 1	1	1899.250000	1900.000000	0	0	noise	cluster_noise	0.0000
2115	Spectrogram 1	1	1899.750000	1900.250000	0	0	6	cluster_6	1.0000
2116	Spectrogram 1	1	1900.000000	1900.750000	0	0	noise	cluster_noise	0.0000
2117	Spectrogram 1	1	1900.500000	1901.250000	0	0	6	cluster_6	1.0000
2118	Spectrogram 1	1	1901.000000	1901.750000	0	0	noise	cluster_noise	0.0000
2119	Spectrogram 1	1	1901.500000	1903.000000	0	0	6	cluster_6	1.0000
2120	Spectrogram 1	1	1902.750000	1905.750000	0	0	noise	cluster_noise	0.0000
2121	Spectrogram 1	1	1905.500000	1907.250000	0	0	6	cluster_6	0.9789
2122	Spectrogram 1	1	1907.000000	1907.500000	0	0	12	cluster_12	0.8507
2123	Spectrogram 1	1	1907.250000	1909.750000	0	0	5	cluster_5	0.9773
2124	Spectrogram 1	1	1909.500000	1910.000000	0	0	6	cluster_6	0.9248
2125	Spectrogram 1	1	1909.750000	1910.750000	0	0	noise	cluster_noise	0.0000
2126	Spectrogram 1	1	1910.500000	1911.000000	0	0	8	cluster_8	1.0000
2127	Spectrogram 1	1	1910.750000	1911.500000	0	0	6	cluster_6	0.9736
2128	Spectrogram 1	1	1911.250000	1912.250000	0	0	noise	cluster_noise	0.0000
2129	Spectrogram 1	1	1912.000000	1913.750000	0	0	6	cluster_6	0.9758
2130	Spectrogram 1	1	1913.500000	1914.000000	0	0	5	cluster_5	0.5038
2131	Spectrogram 1	1	1913.750000	1916.750000	0	0	noise	cluster_noise	0.0000
2132	Spectrogram 1	1	1916.500000	1918.500000	0	0	6	cluster_6	0.9722
2133	Spectrogram 1	1	1918.250000	1921.000000	0	0	5	cluster_5	0.8304
2134	Spectrogram 1	1	1920.750000	1921.750000	0	0	noise	cluster_noise	0.0000
2135	Spectrogram 1	1	1921.500000	1922.750000	0	0	6	cluster_6	0.9337
2136	Spectrogram 1	1	1922.500000	1923.250000	0	0	noise	cluster_noise	0.0000
2137	Spectrogram 1	1	1923.000000	1925.250000	0	0	6	cluster_6	0.9563
2138	Spectrogram 1	1	1925.000000	1927.500000	0	0	noise	cluster_noise	0.0000
2139	Spectrogram 1	1	1927.250000	1929.500000	0	0	6	cluster_6	0.9971
2140	Spectrogram 1	1	1929.250000	1932.250000	0	0	5	cluster_5	0.9468
2141	Spectrogram 1	1	1932.000000	1932.500000	0	0	6	cluster_6	1.0000
2142	Spectrogram 1	1	1932.250000	1932.750000	0	0	noise	cluster_noise	0.0000
2143	Spectrogram 1	1	1932.500000	1933.250000	0	0	10	cluster_10	0.9237
2144	Spectrogram 1	1	1933.000000	1933.500000	0	0	noise	cluster_noise	0.0000
2145	Spectrogram 1	1	1933.250000	1934.250000	0	0	10	cluster_10	1.0000
2146	Spectrogram 1	1	1934.000000	1936.250000	0	0	6	cluster_6	0.9557
2147	Spectrogram 1	1	1936.000000	1938.250000	0	0	noise	cluster_noise	0.0000
2148	Spectrogram 1	1	1938.000000	1938.500000	0	0	5	cluster_5	0.5338
2149	Spectrogram 1	1	1938.250000	1938.750000	0	0	6	cluster_6	0.8392
2150	Spectrogram 1	1	1938.500000	1939.000000	0	0	noise	cluster_noise	0.0000
2151	Spectrogram 1	1	1938.750000	1940.500000	0	0	6	cluster_6	0.9450
2152	Spectrogram 1	1	1940.250000	1942.750000	0	0	5	cluster_5	0.9466
2153	Spectrogram 1	1	1942.500000	1943.250000	0	0	6	cluster_6	0.8598
2154	Spectrogram 1	1	1943.000000	1943.750000	0	0	9	cluster_9	0.6947
2155	Spectrogram 1	1	1943.500000	1944.000000	0	0	10	cluster_10	1.0000
2156	Spectrogram 1	1	1943.750000	1944.250000	0	0	5	cluster_5	0.6587
2157	Spectrogram 1	1	1944.000000	1944.750000	0	0	10	cluster_10	1.0000
2158	Spectrogram 1	1	1944.500000	1945.000000	0	0	noise	cluster_noise	0.0000
2159	Spectrogram 1	1	1944.750000	1947.250000	0	0	6	cluster_6	0.9501
2160	Spectrogram 1	1	1947.000000	1947.500000	0	0	12	cluster_12	0.8762
2161	Spectrogram 1	1	1947.250000	1948.750000	0	0	noise	cluster_noise	0.0000
2162	Spectrogram 1	1	1948.500000	1949.000000	0	0	12	cluster_12	0.8281
2163	Spectrogram 1	1	1948.750000	1949.750000	0	0	noise	cluster_noise	0.0000
2164	Spectrogram 1	1	1949.500000	1951.250000	0	0	6	cluster_6	0.9832
2165	Spectrogram 1	1	1951.000000	1953.500000	0	0	5	cluster_5	0.9384
2166	Spectrogram 1	1	1953.250000	1953.750000	0	0	noise	cluster_noise	0.0000
2167	Spectrogram 1	1	1953.500000	1954.750000	0	0	12	cluster_12	0.9077
2168	Spectrogram 1	1	1954.500000	1955.000000	0	0	5	cluster_5	0.5262
2169	Spectrogram 1	1	1954.750000	1955.750000	0	0	noise	cluster_noise	0.0000
2170	Spectrogram 1	1	1955.500000	1957.250000	0	0	12	cluster_12	0.8500
2171	Spectrogram 1	1	1957.000000	1957.750000	0	0	noise	cluster_noise	0.0000
2172	Spectrogram 1	1	1957.500000	1959.000000	0	0	12	cluster_12	0.8531
2173	Spectrogram 1	1	1958.750000	1959.250000	0	0	5	cluster_5	0.5693
2174	Spectrogram 1	1	1959.000000	1960.500000	0	0	noise	cluster_noise	0.0000
2175	Spectrogram 1	1	1960.250000	1960.750000	0	0	12	cluster_12	1.0000
2176	Spectrogram 1	1	1960.500000	1961.000000	0	0	noise	cluster_noise	0.0000
2177	Spectrogram 1	1	1960.750000	1961.500000	0	0	6	cluster_6	0.9415
2178	Spectrogram 1	1	1961.250000	1961.750000	0	0	noise	cluster_noise	0.0000
2179	Spectrogram 1	1	1961.500000	1962.500000	0	0	6	cluster_6	1.0000
2180	Spectrogram 1	1	1962.250000	1962.750000	0	0	5	cluster_5	0.7695
2181	Spectrogram 1	1	1962.500000	1963.000000	0	0	noise	cluster_noise	0.0000
2182	Spectrogram 1	1	1962.750000	1964.500000	0	0	3	cluster_3	0.9234
2183	Spectrogram 1	1	1964.250000	1965.500000	0	0	5	cluster_5	0.6349
2184	Spectrogram 1	1	1965.250000	1966.750000	0	0	6	cluster_6	0.9795
2185	Spectrogram 1	1	1966.500000	1968.750000	0	0	5	cluster_5	0.9142
2186	Spectrogram 1	1	1968.500000	1969.000000	0	0	noise	cluster_noise	0.0000
2187	Spectrogram 1	1	1968.750000	1970.000000	0	0	12	cluster_12	0.9264
2188	Spectrogram 1	1	1969.750000	1971.250000	0	0	6	cluster_6	0.7244
2189	Spectrogram 1	1	1971.000000	1971.500000	0	0	noise	cluster_noise	0.0000
2190	Spectrogram 1	1	1971.250000	1972.250000	0	0	12	cluster_12	0.8511
2191	Spectrogram 1	1	1972.000000	1972.750000	0	0	noise	cluster_noise	0.0000
2192	Spectrogram 1	1	1972.500000	1973.000000	0	0	6	cluster_6	0.6134
2193	Spectrogram 1	1	1972.750000	1973.250000	0	0	12	cluster_12	0.8554
2194	Spectrogram 1	1	1973.000000	1973.500000	0	0	4	cluster_4	0.6554
2195	Spectrogram 1	1	1973.250000	1974.250000	0	0	12	cluster_12	0.8675
2196	Spectrogram 1	1	1974.000000	1974.500000	0	0	6	cluster_6	0.9855
2197	Spectrogram 1	1	1974.250000	1975.000000	0	0	noise	cluster_noise	0.0000
2198	Spectrogram 1	1	1974.750000	1975.250000	0	0	6	cluster_6	0.8452
2199	Spectrogram 1	1	1975.000000	1976.000000	0	0	12	cluster_12	0.8198
2200	Spectrogram 1	1	1975.750000	1976.250000	0	0	noise	cluster_noise	0.0000
2201	Spectrogram 1	1	1976.000000	1976.500000	0	0	6	cluster_6	0.8179
2202	Spectrogram 1	1	1976.250000	1976.750000	0	0	5	cluster_5	0.5808
2203	Spectrogram 1	1	1976.500000	1977.750000	0	0	6	cluster_6	0.9305
2204	Spectrogram 1	1	1977.500000	1978.250000	0	0	5	cluster_5	0.7068
2205	Spectrogram 1	1	1978.000000	1980.000000	0	0	3	cluster_3	0.8732
2206	Spectrogram 1	1	1979.750000	1980.750000	0	0	5	cluster_5	0.7860
2207	Spectrogram 1	1	1980.500000	1981.000000	0	0	noise	cluster_noise	0.0000
2208	Spectrogram 1	1	1980.750000	1982.250000	0	0	6	cluster_6	0.8813
2209	Spectrogram 1	1	1982.000000	1984.500000	0	0	5	cluster_5	0.9150
2210	Spectrogram 1	1	1984.250000	1985.000000	0	0	noise	cluster_noise	0.0000
2211	Spectrogram 1	1	1984.750000	1985.750000	0	0	12	cluster_12	0.8749
2212	Spectrogram 1	1	1985.500000	1986.000000	0	0	noise	cluster_noise	0.0000
2213	Spectrogram 1	1	1985.750000	1986.250000	0	0	12	cluster_12	0.9435
2214	Spectrogram 1	1	1986.000000	1987.000000	0	0	noise	cluster_noise	0.0000
2215	Spectrogram 1	1	1986.750000	1987.750000	0	0	12	cluster_12	0.9477
2216	Spectrogram 1	1	1987.500000	1988.000000	0	0	noise	cluster_noise	0.0000
2217	Spectrogram 1	1	1987.750000	1988.250000	0	0	6	cluster_6	0.8140
2218	Spectrogram 1	1	1988.000000	1988.500000	0	0	noise	cluster_noise	0.0000
2219	Spectrogram 1	1	1988.250000	1989.000000	0	0	6	cluster_6	0.8087
2220	Spectrogram 1	1	1988.750000	1990.000000	0	0	noise	cluster_noise	0.0000
2221	Spectrogram 1	1	1989.750000	1990.250000	0	0	6	cluster_6	1.0000
2222	Spectrogram 1	1	1990.000000	1990.500000	0	0	noise	cluster_noise	0.0000
2223	Spectrogram 1	1	1990.250000	1991.000000	0	0	6	cluster_6	0.6839
2224	Spectrogram 1	1	1990.750000	1991.250000	0	0	noise	cluster_noise	0.0000
2225	Spectrogram 1	1	1991.000000	1991.750000	0	0	12	cluster_12	0.8432
2226	Spectrogram 1	1	1991.500000	1992.500000	0	0	noise	cluster_noise	0.0000
2227	Spectrogram 1	1	1992.250000	1992.750000	0	0	12	cluster_12	0.8366
2228	Spectrogram 1	1	1992.500000	1993.000000	0	0	6	cluster_6	0.9929
2229	Spectrogram 1	1	1992.750000	1993.500000	0	0	noise	cluster_noise	0.0000
2230	Spectrogram 1	1	1993.250000	1996.000000	0	0	3	cluster_3	0.9230
2231	Spectrogram 1	1	1995.750000	1997.000000	0	0	5	cluster_5	0.7951
2232	Spectrogram 1	1	1996.750000	1997.750000	0	0	6	cluster_6	1.0000
2233	Spectrogram 1	1	1997.500000	1998.000000	0	0	noise	cluster_noise	0.0000
2234	Spectrogram 1	1	1997.750000	1999.250000	0	0	5	cluster_5	0.9149
2235	Spectrogram 1	1	1999.000000	1999.500000	0	0	6	cluster_6	0.7804
2236	Spectrogram 1	1	1999.250000	2000.000000	0	0	5	cluster_5	0.7745
2237	Spectrogram 1	1	1999.750000	2000.500000	0	0	6	cluster_6	0.9322
2238	Spectrogram 1	1	2000.250000	2001.500000	0	0	12	cluster_12	0.9037
2239	Spectrogram 1	1	2001.250000	2002.750000	0	0	6	cluster_6	0.8606
2240	Spectrogram 1	1	2002.500000	2003.750000	0	0	12	cluster_12	0.8845
2241	Spectrogram 1	1	2003.500000	2004.000000	0	0	11	cluster_11	0.8603
2242	Spectrogram 1	1	2003.750000	2004.500000	0	0	6	cluster_6	0.9630
2243	Spectrogram 1	1	2004.250000	2005.000000	0	0	noise	cluster_noise	0.0000
2244	Spectrogram 1	1	2004.750000	2005.500000	0	0	4	cluster_4	0.9727
2245	Spectrogram 1	1	2005.250000	2006.000000	0	0	12	cluster_12	0.8387
2246	Spectrogram 1	1	2005.750000	2006.250000	0	0	noise	cluster_noise	0.0000
2247	Spectrogram 1	1	2006.000000	2007.500000	0	0	6	cluster_6	0.8311
2248	Spectrogram 1	1	2007.250000	2008.250000	0	0	noise	cluster_noise	0.0000
2249	Spectrogram 1	1	2008.000000	2010.250000	0	0	3	cluster_3	0.8969
2250	Spectrogram 1	1	2010.000000	2011.250000	0	0	5	cluster_5	0.5685
2251	Spectrogram 1	1	2011.000000	2014.000000	0	0	6	cluster_6	0.9296
2252	Spectrogram 1	1	2013.750000	2014.750000	0	0	4	cluster_4	0.9049
2253	Spectrogram 1	1	2014.500000	2015.250000	0	0	noise	cluster_noise	0.0000
2254	Spectrogram 1	1	2015.000000	2019.000000	0	0	0	cluster_0	0.7989
2255	Spectrogram 1	1	2018.750000	2020.750000	0	0	6	cluster_6	0.8951
2256	Spectrogram 1	1	2020.500000	2021.000000	0	0	5	cluster_5	0.5579
2257	Spectrogram 1	1	2020.750000	2021.250000	0	0	noise	cluster_noise	0.0000
2258	Spectrogram 1	1	2021.000000	2022.750000	0	0	3	cluster_3	0.8518
2259	Spectrogram 1	1	2022.500000	2023.500000	0	0	5	cluster_5	0.7540
2260	Spectrogram 1	1	2023.250000	2026.250000	0	0	6	cluster_6	0.9018
2261	Spectrogram 1	1	2026.000000	2026.500000	0	0	noise	cluster_noise	0.0000
2262	Spectrogram 1	1	2026.250000	2026.750000	0	0	6	cluster_6	0.7019
2263	Spectrogram 1	1	2026.500000	2027.500000	0	0	noise	cluster_noise	0.0000
2264	Spectrogram 1	1	2027.250000	2031.500000	0	0	0	cluster_0	0.7944
2265	Spectrogram 1	1	2031.250000	2033.250000	0	0	6	cluster_6	0.9020
2266	Spectrogram 1	1	2033.000000	2033.500000	0	0	5	cluster_5	0.5539
2267	Spectrogram 1	1	2033.250000	2033.750000	0	0	noise	cluster_noise	0.0000
2268	Spectrogram 1	1	2033.500000	2035.250000	0	0	3	cluster_3	0.9564
2269	Spectrogram 1	1	2035.000000	2036.250000	0	0	5	cluster_5	0.8292
2270	Spectrogram 1	1	2036.000000	2037.250000	0	0	6	cluster_6	1.0000
2271	Spectrogram 1	1	2037.000000	2037.500000	0	0	noise	cluster_noise	0.0000
2272	Spectrogram 1	1	2037.250000	2037.750000	0	0	6	cluster_6	1.0000
2273	Spectrogram 1	1	2037.500000	2038.000000	0	0	noise	cluster_noise	0.0000
2274	Spectrogram 1	1	2037.750000	2040.000000	0	0	6	cluster_6	0.8640
2275	Spectrogram 1	1	2039.750000	2043.750000	0	0	0	cluster_0	0.7661
2276	Spectrogram 1	1	2043.500000	2044.000000	0	0	6	cluster_6	0.6983
2277	Spectrogram 1	1	2043.750000	2044.500000	0	0	noise	cluster_noise	0.0000
2278	Spectrogram 1	1	2044.250000	2045.500000	0	0	6	cluster_6	0.9244
2279	Spectrogram 1	1	2045.250000	2046.000000	0	0	noise	cluster_noise	0.0000
2280	Spectrogram 1	1	2045.750000	2047.500000	0	0	3	cluster_3	0.9256
2281	Spectrogram 1	1	2047.250000	2048.500000	0	0	5	cluster_5	0.7559
2282	Spectrogram 1	1	2048.250000	2051.250000	0	0	6	cluster_6	0.9747
2283	Spectrogram 1	1	2051.000000	2052.250000	0	0	noise	cluster_noise	0.0000
2284	Spectrogram 1	1	2052.000000	2052.750000	0	0	6	cluster_6	0.9248
2285	Spectrogram 1	1	2052.500000	2056.250000	0	0	0	cluster_0	0.7897
2286	Spectrogram 1	1	2056.000000	2056.750000	0	0	6	cluster_6	0.6852
2287	Spectrogram 1	1	2056.500000	2057.000000	0	0	noise	cluster_noise	0.0000
2288	Spectrogram 1	1	2056.750000	2058.250000	0	0	6	cluster_6	0.9691
2289	Spectrogram 1	1	2058.000000	2058.500000	0	0	noise	cluster_noise	0.0000
2290	Spectrogram 1	1	2058.250000	2060.750000	0	0	3	cluster_3	0.9162
2291	Spectrogram 1	1	2060.500000	2061.250000	0	0	5	cluster_5	0.9466
2292	Spectrogram 1	1	2061.000000	2062.000000	0	0	6	cluster_6	1.0000
2293	Spectrogram 1	1	2061.750000	2062.500000	0	0	5	cluster_5	0.5958
2294	Spectrogram 1	1	2062.250000	2064.250000	0	0	6	cluster_6	0.8599
2295	Spectrogram 1	1	2064.000000	2064.500000	0	0	noise	cluster_noise	0.0000
2296	Spectrogram 1	1	2064.250000	2065.500000	0	0	6	cluster_6	0.8360
2297	Spectrogram 1	1	2065.250000	2067.750000	0	0	0	cluster_0	0.6585
2298	Spectrogram 1	1	2067.500000	2068.250000	0	0	6	cluster_6	0.6983
2299	Spectrogram 1	1	2068.000000	2068.750000	0	0	noise	cluster_noise	0.0000
2300	Spectrogram 1	1	2068.500000	2069.750000	0	0	6	cluster_6	0.9784
2301	Spectrogram 1	1	2069.500000	2070.250000	0	0	noise	cluster_noise	0.0000
2302	Spectrogram 1	1	2070.000000	2072.500000	0	0	3	cluster_3	0.9250
2303	Spectrogram 1	1	2072.250000	2073.250000	0	0	5	cluster_5	0.8426
2304	Spectrogram 1	1	2073.000000	2075.000000	0	0	6	cluster_6	0.8836
2305	Spectrogram 1	1	2074.750000	2075.250000	0	0	noise	cluster_noise	0.0000
2306	Spectrogram 1	1	2075.000000	2075.500000	0	0	6	cluster_6	0.7426
2307	Spectrogram 1	1	2075.250000	2075.750000	0	0	noise	cluster_noise	0.0000
2308	Spectrogram 1	1	2075.500000	2076.250000	0	0	4	cluster_4	0.7678
2309	Spectrogram 1	1	2076.000000	2076.750000	0	0	noise	cluster_noise	0.0000
2310	Spectrogram 1	1	2076.500000	2077.500000	0	0	6	cluster_6	0.9406
2311	Spectrogram 1	1	2077.250000	2077.750000	0	0	noise	cluster_noise	0.0000
2312	Spectrogram 1	1	2077.500000	2080.000000	0	0	0	cluster_0	0.7903
2313	Spectrogram 1	1	2079.750000	2080.250000	0	0	6	cluster_6	0.6983
2314	Spectrogram 1	1	2080.000000	2080.750000	0	0	noise	cluster_noise	0.0000
2315	Spectrogram 1	1	2080.500000	2081.500000	0	0	6	cluster_6	0.9800
2316	Spectrogram 1	1	2081.250000	2082.000000	0	0	5	cluster_5	0.6561
2317	Spectrogram 1	1	2081.750000	2084.250000	0	0	3	cluster_3	0.9461
2318	Spectrogram 1	1	2084.000000	2085.250000	0	0	5	cluster_5	0.7920
2319	Spectrogram 1	1	2085.000000	2087.500000	0	0	6	cluster_6	0.9370
2320	Spectrogram 1	1	2087.250000	2087.750000	0	0	8	cluster_8	1.0000
2321	Spectrogram 1	1	2087.500000	2089.000000	0	0	4	cluster_4	0.9101
2322	Spectrogram 1	1	2088.750000	2089.250000	0	0	noise	cluster_noise	0.0000
2323	Spectrogram 1	1	2089.000000	2090.000000	0	0	6	cluster_6	0.8464
2324	Spectrogram 1	1	2089.750000	2091.750000	0	0	0	cluster_0	0.6453
2325	Spectrogram 1	1	2091.500000	2092.000000	0	0	5	cluster_5	0.8382
2326	Spectrogram 1	1	2091.750000	2092.500000	0	0	noise	cluster_noise	0.0000
2327	Spectrogram 1	1	2092.250000	2093.000000	0	0	6	cluster_6	0.8467
2328	Spectrogram 1	1	2092.750000	2093.250000	0	0	noise	cluster_noise	0.0000
2329	Spectrogram 1	1	2093.000000	2093.750000	0	0	5	cluster_5	0.5187
2330	Spectrogram 1	1	2093.500000	2096.250000	0	0	3	cluster_3	0.8950
2331	Spectrogram 1	1	2096.000000	2097.000000	0	0	5	cluster_5	0.9015
2332	Spectrogram 1	1	2096.750000	2097.750000	0	0	noise	cluster_noise	0.0000
2333	Spectrogram 1	1	2097.500000	2099.750000	0	0	6	cluster_6	0.9506
2334	Spectrogram 1	1	2099.500000	2100.250000	0	0	noise	cluster_noise	0.0000
2335	Spectrogram 1	1	2100.000000	2101.250000	0	0	6	cluster_6	0.9787
2336	Spectrogram 1	1	2101.000000	2103.250000	0	0	0	cluster_0	0.6175
2337	Spectrogram 1	1	2103.000000	2103.750000	0	0	noise	cluster_noise	0.0000
2338	Spectrogram 1	1	2103.500000	2105.250000	0	0	6	cluster_6	0.9914
2339	Spectrogram 1	1	2105.000000	2105.500000	0	0	5	cluster_5	0.9944
2340	Spectrogram 1	1	2105.250000	2108.000000	0	0	3	cluster_3	0.9238
2341	Spectrogram 1	1	2107.750000	2108.750000	0	0	5	cluster_5	0.8148
2342	Spectrogram 1	1	2108.500000	2109.500000	0	0	6	cluster_6	0.8450
2343	Spectrogram 1	1	2109.250000	2109.750000	0	0	5	cluster_5	0.5341
2344	Spectrogram 1	1	2109.500000	2110.000000	0	0	6	cluster_6	1.0000
2345	Spectrogram 1	1	2109.750000	2110.500000	0	0	noise	cluster_noise	0.0000
2346	Spectrogram 1	1	2110.250000	2111.250000	0	0	6	cluster_6	0.9699
2347	Spectrogram 1	1	2111.000000	2112.250000	0	0	4	cluster_4	1.0000
2348	Spectrogram 1	1	2112.000000	2113.000000	0	0	noise	cluster_noise	0.0000
2349	Spectrogram 1	1	2112.750000	2113.250000	0	0	6	cluster_6	1.0000
2350	Spectrogram 1	1	2113.000000	2114.500000	0	0	0	cluster_0	0.7979
2351	Spectrogram 1	1	2114.250000	2114.750000	0	0	12	cluster_12	0.9465
2352	Spectrogram 1	1	2114.500000	2116.500000	0	0	6	cluster_6	0.8356
2353	Spectrogram 1	1	2116.250000	2116.750000	0	0	5	cluster_5	0.8313
2354	Spectrogram 1	1	2116.500000	2119.250000	0	0	3	cluster_3	0.9332
2355	Spectrogram 1	1	2119.000000	2119.500000	0	0	5	cluster_5	0.6205
2356	Spectrogram 1	1	2119.250000	2119.750000	0	0	noise	cluster_noise	0.0000
2357	Spectrogram 1	1	2119.500000	2120.250000	0	0	5	cluster_5	0.7656
2358	Spectrogram 1	1	2120.000000	2120.500000	0	0	6	cluster_6	1.0000
2359	Spectrogram 1	1	2120.250000	2120.750000	0	0	noise	cluster_noise	0.0000
2360	Spectrogram 1	1	2120.500000	2121.000000	0	0	5	cluster_5	0.5579
2361	Spectrogram 1	1	2120.750000	2122.250000	0	0	6	cluster_6	0.9841
2362	Spectrogram 1	1	2122.000000	2123.500000	0	0	noise	cluster_noise	0.0000
2363	Spectrogram 1	1	2123.250000	2124.250000	0	0	6	cluster_6	0.8687
2364	Spectrogram 1	1	2124.000000	2126.000000	0	0	0	cluster_0	0.7783
2365	Spectrogram 1	1	2125.750000	2126.500000	0	0	noise	cluster_noise	0.0000
2366	Spectrogram 1	1	2126.250000	2126.750000	0	0	8	cluster_8	0.9761
2367	Spectrogram 1	1	2126.500000	2127.000000	0	0	6	cluster_6	0.8471
2368	Spectrogram 1	1	2126.750000	2127.500000	0	0	noise	cluster_noise	0.0000
2369	Spectrogram 1	1	2127.250000	2128.000000	0	0	5	cluster_5	0.6838
2370	Spectrogram 1	1	2127.750000	2130.250000	0	0	3	cluster_3	0.9649
2371	Spectrogram 1	1	2130.000000	2131.250000	0	0	5	cluster_5	0.7128
2372	Spectrogram 1	1	2131.000000	2133.000000	0	0	6	cluster_6	0.8516
2373	Spectrogram 1	1	2132.750000	2133.250000	0	0	12	cluster_12	0.8546
2374	Spectrogram 1	1	2133.000000	2134.250000	0	0	noise	cluster_noise	0.0000
2375	Spectrogram 1	1	2134.000000	2135.250000	0	0	4	cluster_4	0.9525
2376	Spectrogram 1	1	2135.000000	2135.500000	0	0	12	cluster_12	0.7371
2377	Spectrogram 1	1	2135.250000	2135.750000	0	0	6	cluster_6	1.0000
2378	Spectrogram 1	1	2135.500000	2136.000000	0	0	noise	cluster_noise	0.0000
2379	Spectrogram 1	1	2135.750000	2136.750000	0	0	6	cluster_6	0.8102
2380	Spectrogram 1	1	2136.500000	2140.250000	0	0	4	cluster_4	0.9677
2381	Spectrogram 1	1	2140.000000	2140.500000	0	0	6	cluster_6	0.6472
2382	Spectrogram 1	1	2140.250000	2141.000000	0	0	noise	cluster_noise	0.0000
2383	Spectrogram 1	1	2140.750000	2141.250000	0	0	6	cluster_6	1.0000
2384	Spectrogram 1	1	2141.000000	2141.750000	0	0	12	cluster_12	0.8731
2385	Spectrogram 1	1	2141.500000	2142.250000	0	0	noise	cluster_noise	0.0000
2386	Spectrogram 1	1	2142.000000	2143.000000	0	0	12	cluster_12	0.8355
2387	Spectrogram 1	1	2142.750000	2143.250000	0	0	6	cluster_6	1.0000
2388	Spectrogram 1	1	2143.000000	2143.500000	0	0	noise	cluster_noise	0.0000
2389	Spectrogram 1	1	2143.250000	2143.750000	0	0	12	cluster_12	0.8000
2390	Spectrogram 1	1	2143.500000	2144.250000	0	0	11	cluster_11	1.0000
2391	Spectrogram 1	1	2144.000000	2144.500000	0	0	noise	cluster_noise	0.0000
2392	Spectrogram 1	1	2144.250000	2145.000000	0	0	12	cluster_12	0.8529
2393	Spectrogram 1	1	2144.750000	2145.500000	0	0	6	cluster_6	0.9963
2394	Spectrogram 1	1	2145.250000	2145.750000	0	0	12	cluster_12	0.9253
2395	Spectrogram 1	1	2145.500000	2146.250000	0	0	noise	cluster_noise	0.0000
2396	Spectrogram 1	1	2146.000000	2146.500000	0	0	6	cluster_6	0.9668
2397	Spectrogram 1	1	2146.250000	2147.250000	0	0	12	cluster_12	0.8234
2398	Spectrogram 1	1	2147.000000	2147.750000	0	0	6	cluster_6	1.0000
2399	Spectrogram 1	1	2147.500000	2148.000000	0	0	noise	cluster_noise	0.0000
2400	Spectrogram 1	1	2147.750000	2149.750000	0	0	4	cluster_4	0.9044
2401	Spectrogram 1	1	2149.500000	2150.000000	0	0	12	cluster_12	0.8272
2402	Spectrogram 1	1	2149.750000	2151.500000	0	0	6	cluster_6	0.9250
2403	Spectrogram 1	1	2151.250000	2154.000000	0	0	4	cluster_4	0.9781
2404	Spectrogram 1	1	2153.750000	2154.500000	0	0	noise	cluster_noise	0.0000
2405	Spectrogram 1	1	2154.250000	2155.250000	0	0	6	cluster_6	0.8702
2406	Spectrogram 1	1	2155.000000	2155.500000	0	0	12	cluster_12	0.7648
2407	Spectrogram 1	1	2155.250000	2156.000000	0	0	11	cluster_11	0.8662
2408	Spectrogram 1	1	2155.750000	2156.250000	0	0	6	cluster_6	0.9772
2409	Spectrogram 1	1	2156.000000	2156.750000	0	0	noise	cluster_noise	0.0000
2410	Spectrogram 1	1	2156.500000	2157.250000	0	0	6	cluster_6	0.8901
2411	Spectrogram 1	1	2157.000000	2157.500000	0	0	12	cluster_12	0.9091
2412	Spectrogram 1	1	2157.250000	2158.000000	0	0	11	cluster_11	1.0000
2413	Spectrogram 1	1	2157.750000	2158.250000	0	0	6	cluster_6	1.0000
2414	Spectrogram 1	1	2158.000000	2158.500000	0	0	12	cluster_12	0.8396
2415	Spectrogram 1	1	2158.250000	2159.000000	0	0	noise	cluster_noise	0.0000
2416	Spectrogram 1	1	2158.750000	2159.250000	0	0	6	cluster_6	1.0000
2417	Spectrogram 1	1	2159.000000	2159.500000	0	0	noise	cluster_noise	0.0000
2418	Spectrogram 1	1	2159.250000	2159.750000	0	0	11	cluster_11	1.0000
2419	Spectrogram 1	1	2159.500000	2160.000000	0	0	noise	cluster_noise	0.0000
2420	Spectrogram 1	1	2159.750000	2160.250000	0	0	6	cluster_6	0.9777
2421	Spectrogram 1	1	2160.000000	2160.750000	0	0	noise	cluster_noise	0.0000
2422	Spectrogram 1	1	2160.500000	2161.000000	0	0	12	cluster_12	0.8974
2423	Spectrogram 1	1	2160.750000	2161.250000	0	0	11	cluster_11	1.0000
2424	Spectrogram 1	1	2161.000000	2161.500000	0	0	noise	cluster_noise	0.0000
2425	Spectrogram 1	1	2161.250000	2161.750000	0	0	12	cluster_12	0.8228
2426	Spectrogram 1	1	2161.500000	2162.250000	0	0	11	cluster_11	1.0000
2427	Spectrogram 1	1	2162.000000	2162.500000	0	0	6	cluster_6	1.0000
2428	Spectrogram 1	1	2162.250000	2163.000000	0	0	noise	cluster_noise	0.0000
2429	Spectrogram 1	1	2162.750000	2163.250000	0	0	11	cluster_11	0.9590
2430	Spectrogram 1	1	2163.000000	2163.500000	0	0	noise	cluster_noise	0.0000
2431	Spectrogram 1	1	2163.250000	2164.250000	0	0	12	cluster_12	0.9102
2432	Spectrogram 1	1	2164.000000	2165.500000	0	0	6	cluster_6	1.0000
2433	Spectrogram 1	1	2165.250000	2166.750000	0	0	4	cluster_4	1.0000
2434	Spectrogram 1	1	2166.500000	2167.000000	0	0	noise	cluster_noise	0.0000
2435	Spectrogram 1	1	2166.750000	2169.000000	0	0	6	cluster_6	0.9179
2436	Spectrogram 1	1	2168.750000	2169.250000	0	0	noise	cluster_noise	0.0000
2437	Spectrogram 1	1	2169.000000	2170.750000	0	0	4	cluster_4	1.0000
2438	Spectrogram 1	1	2170.500000	2172.000000	0	0	6	cluster_6	0.9526
2439	Spectrogram 1	1	2171.750000	2172.250000	0	0	12	cluster_12	0.9077
2440	Spectrogram 1	1	2172.000000	2172.750000	0	0	11	cluster_11	0.9808
2441	Spectrogram 1	1	2172.500000	2173.000000	0	0	6	cluster_6	1.0000
2442	Spectrogram 1	1	2172.750000	2173.500000	0	0	12	cluster_12	0.9349
2443	Spectrogram 1	1	2173.250000	2173.750000	0	0	noise	cluster_noise	0.0000
2444	Spectrogram 1	1	2173.500000	2174.000000	0	0	12	cluster_12	0.8030
2445	Spectrogram 1	1	2173.750000	2174.500000	0	0	11	cluster_11	1.0000
2446	Spectrogram 1	1	2174.250000	2174.750000	0	0	noise	cluster_noise	0.0000
2447	Spectrogram 1	1	2174.500000	2175.250000	0	0	11	cluster_11	1.0000
2448	Spectrogram 1	1	2175.000000	2175.500000	0	0	noise	cluster_noise	0.0000
2449	Spectrogram 1	1	2175.250000	2175.750000	0	0	12	cluster_12	0.8076
2450	Spectrogram 1	1	2175.500000	2176.250000	0	0	11	cluster_11	1.0000
2451	Spectrogram 1	1	2176.000000	2176.500000	0	0	6	cluster_6	1.0000
2452	Spectrogram 1	1	2176.250000	2177.250000	0	0	noise	cluster_noise	0.0000
2453	Spectrogram 1	1	2177.000000	2177.500000	0	0	11	cluster_11	1.0000
2454	Spectrogram 1	1	2177.250000	2177.750000	0	0	noise	cluster_noise	0.0000
2455	Spectrogram 1	1	2177.500000	2178.000000	0	0	6	cluster_6	1.0000
2456	Spectrogram 1	1	2177.750000	2178.250000	0	0	12	cluster_12	0.8352
2457	Spectrogram 1	1	2178.000000	2178.750000	0	0	11	cluster_11	1.0000
2458	Spectrogram 1	1	2178.500000	2179.000000	0	0	6	cluster_6	1.0000
2459	Spectrogram 1	1	2178.750000	2179.250000	0	0	12	cluster_12	0.9246
2460	Spectrogram 1	1	2179.000000	2179.750000	0	0	noise	cluster_noise	0.0000
2461	Spectrogram 1	1	2179.500000	2180.000000	0	0	11	cluster_11	1.0000
2462	Spectrogram 1	1	2179.750000	2180.250000	0	0	noise	cluster_noise	0.0000
2463	Spectrogram 1	1	2180.000000	2180.500000	0	0	12	cluster_12	0.9108
2464	Spectrogram 1	1	2180.250000	2180.750000	0	0	11	cluster_11	1.0000
2465	Spectrogram 1	1	2180.500000	2181.250000	0	0	noise	cluster_noise	0.0000
2466	Spectrogram 1	1	2181.000000	2181.500000	0	0	12	cluster_12	0.8710
2467	Spectrogram 1	1	2181.250000	2182.000000	0	0	11	cluster_11	1.0000
2468	Spectrogram 1	1	2181.750000	2182.250000	0	0	12	cluster_12	0.9246
2469	Spectrogram 1	1	2182.000000	2182.750000	0	0	11	cluster_11	0.9364
2470	Spectrogram 1	1	2182.500000	2183.000000	0	0	12	cluster_12	0.8050
2471	Spectrogram 1	1	2182.750000	2183.250000	0	0	11	cluster_11	0.8624
2472	Spectrogram 1	1	2183.000000	2183.500000	0	0	noise	cluster_noise	0.0000
2473	Spectrogram 1	1	2183.250000	2184.500000	0	0	6	cluster_6	0.9037
2474	Spectrogram 1	1	2184.250000	2184.750000	0	0	noise	cluster_noise	0.0000
2475	Spectrogram 1	1	2184.500000	2185.750000	0	0	4	cluster_4	1.0000
2476	Spectrogram 1	1	2185.500000	2186.000000	0	0	noise	cluster_noise	0.0000
2477	Spectrogram 1	1	2185.750000	2186.250000	0	0	6	cluster_6	1.0000
2478	Spectrogram 1	1	2186.000000	2186.500000	0	0	noise	cluster_noise	0.0000
2479	Spectrogram 1	1	2186.250000	2187.250000	0	0	6	cluster_6	0.9294
2480	Spectrogram 1	1	2187.000000	2187.500000	0	0	noise	cluster_noise	0.0000
2481	Spectrogram 1	1	2187.250000	2188.250000	0	0	6	cluster_6	1.0000
2482	Spectrogram 1	1	2188.000000	2189.750000	0	0	4	cluster_4	1.0000
2483	Spectrogram 1	1	2189.500000	2191.000000	0	0	6	cluster_6	0.9675
2484	Spectrogram 1	1	2190.750000	2191.500000	0	0	11	cluster_11	0.9757
2485	Spectrogram 1	1	2191.250000	2191.750000	0	0	6	cluster_6	0.9363
2486	Spectrogram 1	1	2191.500000	2192.500000	0	0	12	cluster_12	0.8483
2487	Spectrogram 1	1	2192.250000	2193.000000	0	0	6	cluster_6	0.8196
2488	Spectrogram 1	1	2192.750000	2193.250000	0	0	11	cluster_11	1.0000
2489	Spectrogram 1	1	2193.000000	2193.750000	0	0	14	cluster_14	0.6321
2490	Spectrogram 1	1	2193.500000	2194.000000	0	0	6	cluster_6	1.0000
2491	Spectrogram 1	1	2193.750000	2194.250000	0	0	12	cluster_12	0.8457
2492	Spectrogram 1	1	2194.000000	2194.500000	0	0	noise	cluster_noise	0.0000
2493	Spectrogram 1	1	2194.250000	2194.750000	0	0	14	cluster_14	0.6171
2494	Spectrogram 1	1	2194.500000	2195.000000	0	0	noise	cluster_noise	0.0000
2495	Spectrogram 1	1	2194.750000	2195.250000	0	0	12	cluster_12	0.9321
2496	Spectrogram 1	1	2195.000000	2195.750000	0	0	14	cluster_14	0.8095
2497	Spectrogram 1	1	2195.500000	2196.000000	0	0	noise	cluster_noise	0.0000
2498	Spectrogram 1	1	2195.750000	2196.250000	0	0	12	cluster_12	0.9054
2499	Spectrogram 1	1	2196.000000	2196.750000	0	0	14	cluster_14	0.7811
2500	Spectrogram 1	1	2196.500000	2197.000000	0	0	12	cluster_12	0.9458
2501	Spectrogram 1	1	2196.750000	2197.500000	0	0	14	cluster_14	0.8856
2502	Spectrogram 1	1	2197.250000	2197.750000	0	0	6	cluster_6	0.6064
2503	Spectrogram 1	1	2197.500000	2198.000000	0	0	12	cluster_12	0.9292
2504	Spectrogram 1	1	2197.750000	2198.500000	0	0	14	cluster_14	0.8257
2505	Spectrogram 1	1	2198.250000	2198.750000	0	0	12	cluster_12	0.9439
2506	Spectrogram 1	1	2198.500000	2199.250000	0	0	14	cluster_14	1.0000
2507	Spectrogram 1	1	2199.000000	2199.500000	0	0	noise	cluster_noise	0.0000
2508	Spectrogram 1	1	2199.250000	2199.750000	0	0	12	cluster_12	0.9458
2509	Spectrogram 1	1	2199.500000	2200.250000	0	0	14	cluster_14	0.9337
2510	Spectrogram 1	1	2200.000000	2200.500000	0	0	12	cluster_12	0.9458
2511	Spectrogram 1	1	2200.250000	2201.750000	0	0	14	cluster_14	0.9002
2512	Spectrogram 1	1	2201.500000	2202.000000	0	0	6	cluster_6	0.6068
2513	Spectrogram 1	1	2201.750000	2202.500000	0	0	noise	cluster_noise	0.0000
2514	Spectrogram 1	1	2202.250000	2203.250000	0	0	6	cluster_6	1.0000
2515	Spectrogram 1	1	2203.000000	2203.500000	0	0	noise	cluster_noise	0.0000
2516	Spectrogram 1	1	2203.250000	2204.500000	0	0	4	cluster_4	1.0000
2517	Spectrogram 1	1	2204.250000	2204.750000	0	0	5	cluster_5	0.5196
2518	Spectrogram 1	1	2204.500000	2205.250000	0	0	6	cluster_6	0.9083
2519	Spectrogram 1	1	2205.000000	2205.500000	0	0	noise	cluster_noise	0.0000
2520	Spectrogram 1	1	2205.250000	2206.750000	0	0	6	cluster_6	0.9853
2521	Spectrogram 1	1	2206.500000	2208.250000	0	0	4	cluster_4	0.8834
2522	Spectrogram 1	1	2208.000000	2208.750000	0	0	6	cluster_6	0.9115
2523	Spectrogram 1	1	2208.500000	2209.000000	0	0	noise	cluster_noise	0.0000
2524	Spectrogram 1	1	2208.750000	2209.500000	0	0	6	cluster_6	1.0000
2525	Spectrogram 1	1	2209.250000	2209.750000	0	0	12	cluster_12	0.7489
2526	Spectrogram 1	1	2209.500000	2210.250000	0	0	14	cluster_14	0.6212
2527	Spectrogram 1	1	2210.000000	2210.500000	0	0	6	cluster_6	0.8828
2528	Spectrogram 1	1	2210.250000	2211.250000	0	0	noise	cluster_noise	0.0000
2529	Spectrogram 1	1	2211.000000	2211.500000	0	0	6	cluster_6	1.0000
2530	Spectrogram 1	1	2211.250000	2211.750000	0	0	11	cluster_11	0.7189
2531	Spectrogram 1	1	2211.500000	2212.250000	0	0	14	cluster_14	0.6861
2532	Spectrogram 1	1	2212.000000	2212.500000	0	0	6	cluster_6	0.7571
2533	Spectrogram 1	1	2212.250000	2213.250000	0	0	noise	cluster_noise	0.0000
2534	Spectrogram 1	1	2213.000000	2213.500000	0	0	11	cluster_11	1.0000
2535	Spectrogram 1	1	2213.250000	2213.750000	0	0	14	cluster_14	0.5625
2536	Spectrogram 1	1	2213.500000	2214.250000	0	0	noise	cluster_noise	0.0000
2537	Spectrogram 1	1	2214.000000	2214.500000	0	0	14	cluster_14	1.0000
2538	Spectrogram 1	1	2214.250000	2214.750000	0	0	noise	cluster_noise	0.0000
2539	Spectrogram 1	1	2214.500000	2215.000000	0	0	6	cluster_6	1.0000
2540	Spectrogram 1	1	2214.750000	2216.000000	0	0	noise	cluster_noise	0.0000
2541	Spectrogram 1	1	2215.750000	2217.750000	0	0	14	cluster_14	0.9769
2542	Spectrogram 1	1	2217.500000	2218.000000	0	0	noise	cluster_noise	0.0000
2543	Spectrogram 1	1	2217.750000	2219.250000	0	0	14	cluster_14	1.0000
2544	Spectrogram 1	1	2219.000000	2220.000000	0	0	noise	cluster_noise	0.0000
2545	Spectrogram 1	1	2219.750000	2220.250000	0	0	6	cluster_6	0.6280
2546	Spectrogram 1	1	2220.000000	2220.500000	0	0	12	cluster_12	0.8634
2547	Spectrogram 1	1	2220.250000	2221.000000	0	0	noise	cluster_noise	0.0000
2548	Spectrogram 1	1	2220.750000	2221.250000	0	0	6	cluster_6	1.0000
2549	Spectrogram 1	1	2221.000000	2221.750000	0	0	noise	cluster_noise	0.0000
2550	Spectrogram 1	1	2221.500000	2222.000000	0	0	15	cluster_15	0.9342
2551	Spectrogram 1	1	2221.750000	2222.250000	0	0	2	cluster_2	0.4877
2552	Spectrogram 1	1	2222.000000	2223.000000	0	0	6	cluster_6	1.0000
2553	Spectrogram 1	1	2222.750000	2223.250000	0	0	11	cluster_11	0.7357
2554	Spectrogram 1	1	2223.000000	2223.500000	0	0	noise	cluster_noise	0.0000
2555	Spectrogram 1	1	2223.250000	2223.750000	0	0	14	cluster_14	0.6189
2556	Spectrogram 1	1	2223.500000	2224.000000	0	0	15	cluster_15	0.9676
2557	Spectrogram 1	1	2223.750000	2224.750000	0	0	noise	cluster_noise	0.0000
2558	Spectrogram 1	1	2224.500000	2225.750000	0	0	6	cluster_6	1.0000
2559	Spectrogram 1	1	2225.500000	2226.250000	0	0	noise	cluster_noise	0.0000
2560	Spectrogram 1	1	2226.000000	2226.500000	0	0	15	cluster_15	1.0000
2561	Spectrogram 1	1	2226.250000	2226.750000	0	0	6	cluster_6	0.9271
2562	Spectrogram 1	1	2226.500000	2227.250000	0	0	noise	cluster_noise	0.0000
2563	Spectrogram 1	1	2227.000000	2227.750000	0	0	6	cluster_6	0.9448
2564	Spectrogram 1	1	2227.500000	2228.750000	0	0	1	cluster_1	0.5915
2565	Spectrogram 1	1	2228.500000	2230.000000	0	0	6	cluster_6	0.9186
2566	Spectrogram 1	1	2229.750000	2230.250000	0	0	1	cluster_1	0.7673
2567	Spectrogram 1	1	2230.000000	2231.750000	0	0	4	cluster_4	0.9924
2568	Spectrogram 1	1	2231.500000	2232.000000	0	0	1	cluster_1	0.8142
2569	Spectrogram 1	1	2231.750000	2232.500000	0	0	6	cluster_6	0.7464
2570	Spectrogram 1	1	2232.250000	2237.250000	0	0	1	cluster_1	0.8937
2571	Spectrogram 1	1	2237.000000	2238.250000	0	0	6	cluster_6	1.0000
2572	Spectrogram 1	1	2238.000000	2238.500000	0	0	noise	cluster_noise	0.0000
2573	Spectrogram 1	1	2238.250000	2239.000000	0	0	15	cluster_15	0.9583
2574	Spectrogram 1	1	2238.750000	2239.500000	0	0	13	cluster_13	1.0000
2575	Spectrogram 1	1	2239.250000	2239.750000	0	0	15	cluster_15	1.0000
2576	Spectrogram 1	1	2239.500000	2240.000000	0	0	noise	cluster_noise	0.0000
2577	Spectrogram 1	1	2239.750000	2240.250000	0	0	13	cluster_13	0.9329
2578	Spectrogram 1	1	2240.000000	2241.250000	0	0	6	cluster_6	1.0000
2579	Spectrogram 1	1	2241.000000	2241.750000	0	0	15	cluster_15	0.9806
2580	Spectrogram 1	1	2241.500000	2242.250000	0	0	13	cluster_13	1.0000
2581	Spectrogram 1	1	2242.000000	2242.500000	0	0	15	cluster_15	0.9424
2582	Spectrogram 1	1	2242.250000	2242.750000	0	0	noise	cluster_noise	0.0000
2583	Spectrogram 1	1	2242.500000	2243.250000	0	0	13	cluster_13	0.8734
2584	Spectrogram 1	1	2243.000000	2244.250000	0	0	6	cluster_6	1.0000
2585	Spectrogram 1	1	2244.000000	2244.750000	0	0	15	cluster_15	0.9769
2586	Spectrogram 1	1	2244.500000	2245.250000	0	0	13	cluster_13	1.0000
2587	Spectrogram 1	1	2245.000000	2245.750000	0	0	noise	cluster_noise	0.0000
2588	Spectrogram 1	1	2245.500000	2246.250000	0	0	13	cluster_13	0.9909
2589	Spectrogram 1	1	2246.000000	2247.000000	0	0	6	cluster_6	1.0000
2590	Spectrogram 1	1	2246.750000	2247.250000	0	0	noise	cluster_noise	0.0000
2591	Spectrogram 1	1	2247.000000	2247.500000	0	0	15	cluster_15	0.9846
2592	Spectrogram 1	1	2247.250000	2248.000000	0	0	13	cluster_13	0.8965
2593	Spectrogram 1	1	2247.750000	2248.250000	0	0	noise	cluster_noise	0.0000
2594	Spectrogram 1	1	2248.000000	2248.500000	0	0	15	cluster_15	0.9154
2595	Spectrogram 1	1	2248.250000	2249.000000	0	0	13	cluster_13	0.9768
2596	Spectrogram 1	1	2248.750000	2250.500000	0	0	1	cluster_1	0.9460
2597	Spectrogram 1	1	2250.250000	2251.250000	0	0	6	cluster_6	0.9524
2598	Spectrogram 1	1	2251.000000	2256.250000	0	0	1	cluster_1	0.9528
2599	Spectrogram 1	1	2256.000000	2256.500000	0	0	6	cluster_6	1.0000
2600	Spectrogram 1	1	2256.250000	2259.250000	0	0	1	cluster_1	0.9256
2601	Spectrogram 1	1	2259.000000	2260.500000	0	0	6	cluster_6	0.9848
2602	Spectrogram 1	1	2260.250000	2261.000000	0	0	15	cluster_15	1.0000
2603	Spectrogram 1	1	2260.750000	2261.750000	0	0	13	cluster_13	0.9346
2604	Spectrogram 1	1	2261.500000	2262.000000	0	0	noise	cluster_noise	0.0000
2605	Spectrogram 1	1	2261.750000	2262.500000	0	0	13	cluster_13	0.9171
2606	Spectrogram 1	1	2262.250000	2264.250000	0	0	6	cluster_6	1.0000
2607	Spectrogram 1	1	2264.000000	2264.500000	0	0	noise	cluster_noise	0.0000
2608	Spectrogram 1	1	2264.250000	2264.750000	0	0	15	cluster_15	1.0000
2609	Spectrogram 1	1	2264.500000	2265.000000	0	0	noise	cluster_noise	0.0000
2610	Spectrogram 1	1	2264.750000	2265.250000	0	0	13	cluster_13	1.0000
2611	Spectrogram 1	1	2265.000000	2265.500000	0	0	noise	cluster_noise	0.0000
2612	Spectrogram 1	1	2265.250000	2265.750000	0	0	15	cluster_15	0.9262
2613	Spectrogram 1	1	2265.500000	2266.000000	0	0	noise	cluster_noise	0.0000
2614	Spectrogram 1	1	2265.750000	2266.250000	0	0	13	cluster_13	0.8286
2615	Spectrogram 1	1	2266.000000	2267.250000	0	0	6	cluster_6	0.9944
2616	Spectrogram 1	1	2267.000000	2267.500000	0	0	noise	cluster_noise	0.0000
2617	Spectrogram 1	1	2267.250000	2268.000000	0	0	15	cluster_15	0.9965
2618	Spectrogram 1	1	2267.750000	2268.250000	0	0	noise	cluster_noise	0.0000
2619	Spectrogram 1	1	2268.000000	2268.500000	0	0	6	cluster_6	0.7901
2620	Spectrogram 1	1	2268.250000	2269.000000	0	0	15	cluster_15	0.9752
2621	Spectrogram 1	1	2268.750000	2270.500000	0	0	1	cluster_1	0.9165
2622	Spectrogram 1	1	2270.250000	2271.500000	0	0	6	cluster_6	1.0000
2623	Spectrogram 1	1	2271.250000	2275.750000	0	0	1	cluster_1	0.9848
2624	Spectrogram 1	1	2275.500000	2276.250000	0	0	noise	cluster_noise	0.0000
2625	Spectrogram 1	1	2276.000000	2277.250000	0	0	1	cluster_1	0.9859
2626	Spectrogram 1	1	2277.000000	2278.250000	0	0	6	cluster_6	0.7119
2627	Spectrogram 1	1	2278.000000	2278.750000	0	0	15	cluster_15	1.0000
2628	Spectrogram 1	1	2278.500000	2279.250000	0	0	noise	cluster_noise	0.0000
2629	Spectrogram 1	1	2279.000000	2279.750000	0	0	15	cluster_15	0.9782
2630	Spectrogram 1	1	2279.500000	2281.250000	0	0	6	cluster_6	1.0000
2631	Spectrogram 1	1	2281.000000	2281.500000	0	0	noise	cluster_noise	0.0000
2632	Spectrogram 1	1	2281.250000	2281.750000	0	0	15	cluster_15	1.0000
2633	Spectrogram 1	1	2281.500000	2282.000000	0	0	noise	cluster_noise	0.0000
2634	Spectrogram 1	1	2281.750000	2282.500000	0	0	13	cluster_13	1.0000
2635	Spectrogram 1	1	2282.250000	2283.250000	0	0	noise	cluster_noise	0.0000
2636	Spectrogram 1	1	2283.000000	2283.500000	0	0	8	cluster_8	1.0000
2637	Spectrogram 1	1	2283.250000	2284.250000	0	0	6	cluster_6	1.0000
2638	Spectrogram 1	1	2284.000000	2284.500000	0	0	noise	cluster_noise	0.0000
2639	Spectrogram 1	1	2284.250000	2284.750000	0	0	15	cluster_15	1.0000
2640	Spectrogram 1	1	2284.500000	2285.250000	0	0	noise	cluster_noise	0.0000
2641	Spectrogram 1	1	2285.000000	2286.000000	0	0	15	cluster_15	0.9928
2642	Spectrogram 1	1	2285.750000	2287.750000	0	0	1	cluster_1	0.8734
2643	Spectrogram 1	1	2287.500000	2288.000000	0	0	4	cluster_4	0.6674
2644	Spectrogram 1	1	2287.750000	2288.250000	0	0	noise	cluster_noise	0.0000
2645	Spectrogram 1	1	2288.000000	2288.500000	0	0	6	cluster_6	1.0000
2646	Spectrogram 1	1	2288.250000	2294.500000	0	0	1	cluster_1	0.8487
2647	Spectrogram 1	1	2294.250000	2295.500000	0	0	6	cluster_6	0.9654
2648	Spectrogram 1	1	2295.250000	2296.000000	0	0	15	cluster_15	0.9724
2649	Spectrogram 1	1	2295.750000	2296.750000	0	0	13	cluster_13	0.9393
2650	Spectrogram 1	1	2296.500000	2297.000000	0	0	noise	cluster_noise	0.0000
2651	Spectrogram 1	1	2296.750000	2297.500000	0	0	13	cluster_13	0.9052
2652	Spectrogram 1	1	2297.250000	2298.000000	0	0	6	cluster_6	0.9888
2653	Spectrogram 1	1	2297.750000	2298.500000	0	0	15	cluster_15	1.0000
2654	Spectrogram 1	1	2298.250000	2299.000000	0	0	13	cluster_13	0.8659
2655	Spectrogram 1	1	2298.750000	2299.500000	0	0	15	cluster_15	0.9751
2656	Spectrogram 1	1	2299.250000	2301.750000	0	0	6	cluster_6	0.9387
2657	Spectrogram 1	1	2301.500000	2302.250000	0	0	15	cluster_15	0.9961
2658	Spectrogram 1	1	2302.000000	2303.250000	0	0	noise	cluster_noise	0.0000
2659	Spectrogram 1	1	2303.000000	2303.500000	0	0	6	cluster_6	0.8485
2660	Spectrogram 1	1	2303.250000	2310.000000	0	0	1	cluster_1	0.8453
2661	Spectrogram 1	1	2309.750000	2310.500000	0	0	6	cluster_6	0.9948
2662	Spectrogram 1	1	2310.250000	2313.250000	0	0	1	cluster_1	0.7798
2663	Spectrogram 1	1	2313.000000	2313.500000	0	0	4	cluster_4	0.6289
2664	Spectrogram 1	1	2313.250000	2313.750000	0	0	noise	cluster_noise	0.0000
2665	Spectrogram 1	1	2313.500000	2314.000000	0	0	15	cluster_15	1.0000
2666	Spectrogram 1	1	2313.750000	2314.500000	0	0	13	cluster_13	0.9563
2667	Spectrogram 1	1	2314.250000	2314.750000	0	0	9	cluster_9	0.7775
2668	Spectrogram 1	1	2314.500000	2315.000000	0	0	noise	cluster_noise	0.0000
2669	Spectrogram 1	1	2314.750000	2315.500000	0	0	13	cluster_13	0.8354
2670	Spectrogram 1	1	2315.250000	2315.750000	0	0	8	cluster_8	0.9490
2671	Spectrogram 1	1	2315.500000	2316.500000	0	0	6	cluster_6	1.0000
2672	Spectrogram 1	1	2316.250000	2316.750000	0	0	noise	cluster_noise	0.0000
2673	Spectrogram 1	1	2316.500000	2317.000000	0	0	15	cluster_15	1.0000
2674	Spectrogram 1	1	2316.750000	2317.750000	0	0	13	cluster_13	0.9084
2675	Spectrogram 1	1	2317.500000	2318.000000	0	0	9	cluster_9	0.7247
2676	Spectrogram 1	1	2317.750000	2319.000000	0	0	noise	cluster_noise	0.0000
2677	Spectrogram 1	1	2318.750000	2321.000000	0	0	6	cluster_6	1.0000
2678	Spectrogram 1	1	2320.750000	2321.250000	0	0	noise	cluster_noise	0.0000
2679	Spectrogram 1	1	2321.000000	2321.500000	0	0	15	cluster_15	1.0000
2680	Spectrogram 1	1	2321.250000	2322.000000	0	0	13	cluster_13	0.9953
2681	Spectrogram 1	1	2321.750000	2322.250000	0	0	9	cluster_9	0.6022
2682	Spectrogram 1	1	2322.000000	2323.000000	0	0	noise	cluster_noise	0.0000
2683	Spectrogram 1	1	2322.750000	2323.250000	0	0	8	cluster_8	1.0000
2684	Spectrogram 1	1	2323.000000	2324.250000	0	0	6	cluster_6	0.9903
2685	Spectrogram 1	1	2324.000000	2324.500000	0	0	15	cluster_15	1.0000
2686	Spectrogram 1	1	2324.250000	2324.750000	0	0	noise	cluster_noise	0.0000
2687	Spectrogram 1	1	2324.500000	2325.250000	0	0	13	cluster_13	0.9570
2688	Spectrogram 1	1	2325.000000	2325.500000	0	0	9	cluster_9	0.5916
2689	Spectrogram 1	1	2325.250000	2326.000000	0	0	13	cluster_13	0.7027
2690	Spectrogram 1	1	2325.750000	2326.250000	0	0	noise	cluster_noise	0.0000
2691	Spectrogram 1	1	2326.000000	2327.250000	0	0	6	cluster_6	0.9989
2692	Spectrogram 1	1	2327.000000	2327.500000	0	0	15	cluster_15	1.0000
2693	Spectrogram 1	1	2327.250000	2328.250000	0	0	13	cluster_13	0.9581
2694	Spectrogram 1	1	2328.000000	2328.500000	0	0	9	cluster_9	0.7249
2695	Spectrogram 1	1	2328.250000	2328.750000	0	0	13	cluster_13	0.7099
2696	Spectrogram 1	1	2328.500000	2329.500000	0	0	noise	cluster_noise	0.0000
2697	Spectrogram 1	1	2329.250000	2329.750000	0	0	8	cluster_8	1.0000
2698	Spectrogram 1	1	2329.500000	2330.000000	0	0	noise	cluster_noise	0.0000
2699	Spectrogram 1	1	2329.750000	2330.250000	0	0	15	cluster_15	1.0000
2700	Spectrogram 1	1	2330.000000	2330.750000	0	0	13	cluster_13	0.9749
2701	Spectrogram 1	1	2330.500000	2331.000000	0	0	noise	cluster_noise	0.0000
2702	Spectrogram 1	1	2330.750000	2331.250000	0	0	9	cluster_9	0.7107
2703	Spectrogram 1	1	2331.000000	2331.750000	0	0	13	cluster_13	0.7577
2704	Spectrogram 1	1	2331.500000	2332.250000	0	0	9	cluster_9	0.7593
2705	Spectrogram 1	1	2332.000000	2332.750000	0	0	15	cluster_15	1.0000
2706	Spectrogram 1	1	2332.500000	2333.000000	0	0	13	cluster_13	0.8266
2707	Spectrogram 1	1	2332.750000	2334.250000	0	0	9	cluster_9	0.6385
2708	Spectrogram 1	1	2334.000000	2334.500000	0	0	13	cluster_13	0.8134
2709	Spectrogram 1	1	2334.250000	2335.500000	0	0	9	cluster_9	0.6451
2710	Spectrogram 1	1	2335.250000	2336.000000	0	0	noise	cluster_noise	0.0000
2711	Spectrogram 1	1	2335.750000	2336.250000	0	0	10	cluster_10	0.9012
2712	Spectrogram 1	1	2336.000000	2338.750000	0	0	6	cluster_6	0.9971
2713	Spectrogram 1	1	2338.500000	2339.000000	0	0	8	cluster_8	0.9174
2714	Spectrogram 1	1	2338.750000	2339.250000	0	0	15	cluster_15	0.9489
2715	Spectrogram 1	1	2339.000000	2339.750000	0	0	13	cluster_13	1.0000
2716	Spectrogram 1	1	2339.500000	2340.500000	0	0	9	cluster_9	0.8681
2717	Spectrogram 1	1	2340.250000	2340.750000	0	0	6	cluster_6	0.6962
2718	Spectrogram 1	1	2340.500000	2341.000000	0	0	noise	cluster_noise	0.0000
2719	Spectrogram 1	1	2340.750000	2341.250000	0	0	8	cluster_8	1.0000
2720	Spectrogram 1	1	2341.000000	2342.000000	0	0	6	cluster_6	0.9886
2721	Spectrogram 1	1	2341.750000	2342.250000	0	0	noise	cluster_noise	0.0000
2722	Spectrogram 1	1	2342.000000	2343.000000	0	0	13	cluster_13	1.0000
2723	Spectrogram 1	1	2342.750000	2343.750000	0	0	9	cluster_9	0.6609
2724	Spectrogram 1	1	2343.500000	2344.000000	0	0	noise	cluster_noise	0.0000
2725	Spectrogram 1	1	2343.750000	2344.250000	0	0	6	cluster_6	1.0000
2726	Spectrogram 1	1	2344.000000	2344.750000	0	0	8	cluster_8	1.0000
2727	Spectrogram 1	1	2344.500000	2345.000000	0	0	6	cluster_6	1.0000
2728	Spectrogram 1	1	2344.750000	2345.250000	0	0	10	cluster_10	0.8795
2729	Spectrogram 1	1	2345.000000	2345.750000	0	0	13	cluster_13	0.8893
2730	Spectrogram 1	1	2345.500000	2346.750000	0	0	9	cluster_9	0.7497
2731	Spectrogram 1	1	2346.500000	2347.000000	0	0	noise	cluster_noise	0.0000
2732	Spectrogram 1	1	2346.750000	2348.500000	0	0	9	cluster_9	0.7373
2733	Spectrogram 1	1	2348.250000	2349.000000	0	0	noise	cluster_noise	0.0000
2734	Spectrogram 1	1	2348.750000	2350.000000	0	0	9	cluster_9	0.6470
2735	Spectrogram 1	1	2349.750000	2350.250000	0	0	noise	cluster_noise	0.0000
2736	Spectrogram 1	1	2350.000000	2352.750000	0	0	9	cluster_9	0.6609
2737	Spectrogram 1	1	2352.500000	2353.000000	0	0	noise	cluster_noise	0.0000
2738	Spectrogram 1	1	2352.750000	2353.250000	0	0	9	cluster_9	0.5658
2739	Spectrogram 1	1	2353.000000	2353.750000	0	0	noise	cluster_noise	0.0000
2740	Spectrogram 1	1	2353.500000	2354.250000	0	0	9	cluster_9	0.6196
2741	Spectrogram 1	1	2354.000000	2355.000000	0	0	noise	cluster_noise	0.0000
2742	Spectrogram 1	1	2354.750000	2355.750000	0	0	6	cluster_6	1.0000
2743	Spectrogram 1	1	2355.500000	2356.000000	0	0	noise	cluster_noise	0.0000
2744	Spectrogram 1	1	2355.750000	2357.500000	0	0	9	cluster_9	0.8790
2745	Spectrogram 1	1	2357.250000	2357.750000	0	0	noise	cluster_noise	0.0000
2746	Spectrogram 1	1	2357.500000	2358.250000	0	0	8	cluster_8	1.0000
2747	Spectrogram 1	1	2358.000000	2358.500000	0	0	6	cluster_6	0.6176
2748	Spectrogram 1	1	2358.250000	2358.750000	0	0	8	cluster_8	1.0000
2749	Spectrogram 1	1	2358.500000	2359.250000	0	0	6	cluster_6	1.0000
2750	Spectrogram 1	1	2359.000000	2359.500000	0	0	noise	cluster_noise	0.0000
2751	Spectrogram 1	1	2359.250000	2360.750000	0	0	10	cluster_10	0.9015
2752	Spectrogram 1	1	2360.500000	2361.000000	0	0	noise	cluster_noise	0.0000
2753	Spectrogram 1	1	2360.750000	2361.750000	0	0	10	cluster_10	0.9775
2754	Spectrogram 1	1	2361.500000	2362.000000	0	0	6	cluster_6	1.0000
2755	Spectrogram 1	1	2361.750000	2362.250000	0	0	noise	cluster_noise	0.0000
2756	Spectrogram 1	1	2362.000000	2364.500000	0	0	10	cluster_10	0.9188
2757	Spectrogram 1	1	2364.250000	2364.750000	0	0	6	cluster_6	0.6631
2758	Spectrogram 1	1	2364.500000	2365.250000	0	0	10	cluster_10	0.8622
2759	Spectrogram 1	1	2365.000000	2365.500000	0	0	noise	cluster_noise	0.0000
2760	Spectrogram 1	1	2365.250000	2368.000000	0	0	10	cluster_10	0.9204
2761	Spectrogram 1	1	2367.750000	2368.250000	0	0	6	cluster_6	1.0000
2762	Spectrogram 1	1	2368.000000	2368.750000	0	0	noise	cluster_noise	0.0000
2763	Spectrogram 1	1	2368.500000	2370.250000	0	0	9	cluster_9	0.8689
2764	Spectrogram 1	1	2370.000000	2370.500000	0	0	noise	cluster_noise	0.0000
2765	Spectrogram 1	1	2370.250000	2371.250000	0	0	6	cluster_6	1.0000
2766	Spectrogram 1	1	2371.000000	2371.500000	0	0	noise	cluster_noise	0.0000
2767	Spectrogram 1	1	2371.250000	2373.000000	0	0	9	cluster_9	0.8521
2768	Spectrogram 1	1	2372.750000	2373.250000	0	0	noise	cluster_noise	0.0000
2769	Spectrogram 1	1	2373.000000	2374.000000	0	0	8	cluster_8	0.9750
2770	Spectrogram 1	1	2373.750000	2374.250000	0	0	6	cluster_6	1.0000
2771	Spectrogram 1	1	2374.000000	2376.250000	0	0	5	cluster_5	0.5611
2772	Spectrogram 1	1	2376.000000	2376.500000	0	0	noise	cluster_noise	0.0000
2773	Spectrogram 1	1	2376.250000	2376.750000	0	0	2	cluster_2	0.3484
2774	Spectrogram 1	1	2376.500000	2377.250000	0	0	noise	cluster_noise	0.0000
2775	Spectrogram 1	1	2377.000000	2378.500000	0	0	6	cluster_6	0.8799
2776	Spectrogram 1	1	2378.250000	2381.000000	0	0	10	cluster_10	0.9338
2777	Spectrogram 1	1	2380.750000	2381.750000	0	0	6	cluster_6	0.9980
2778	Spectrogram 1	1	2381.500000	2382.250000	0	0	noise	cluster_noise	0.0000
2779	Spectrogram 1	1	2382.000000	2383.250000	0	0	9	cluster_9	0.8672
2780	Spectrogram 1	1	2383.000000	2383.500000	0	0	8	cluster_8	1.0000
2781	Spectrogram 1	1	2383.250000	2383.750000	0	0	9	cluster_9	0.8577
2782	Spectrogram 1	1	2383.500000	2384.000000	0	0	8	cluster_8	0.9171
2783	Spectrogram 1	1	2383.750000	2384.250000	0	0	noise	cluster_noise	0.0000
2784	Spectrogram 1	1	2384.000000	2384.500000	0	0	6	cluster_6	0.9323
2785	Spectrogram 1	1	2384.250000	2384.750000	0	0	noise	cluster_noise	0.0000
2786	Spectrogram 1	1	2384.500000	2386.500000	0	0	9	cluster_9	0.8350
2787	Spectrogram 1	1	2386.250000	2386.750000	0	0	noise	cluster_noise	0.0000
2788	Spectrogram 1	1	2386.500000	2387.500000	0	0	8	cluster_8	1.0000
2789	Spectrogram 1	1	2387.250000	2387.750000	0	0	6	cluster_6	0.9382
2790	Spectrogram 1	1	2387.500000	2390.750000	0	0	5	cluster_5	0.9210
2791	Spectrogram 1	1	2390.500000	2391.750000	0	0	6	cluster_6	0.9703
2792	Spectrogram 1	1	2391.500000	2394.250000	0	0	10	cluster_10	0.9835
2793	Spectrogram 1	1	2394.000000	2394.750000	0	0	6	cluster_6	0.8973
2794	Spectrogram 1	1	2394.500000	2395.250000	0	0	noise	cluster_noise	0.0000
2795	Spectrogram 1	1	2395.000000	2396.750000	0	0	9	cluster_9	0.8813
2796	Spectrogram 1	1	2396.500000	2397.750000	0	0	noise	cluster_noise	0.0000
2797	Spectrogram 1	1	2397.500000	2399.500000	0	0	9	cluster_9	0.8102
2798	Spectrogram 1	1	2399.250000	2399.750000	0	0	8	cluster_8	0.9229
2799	Spectrogram 1	1	2399.500000	2400.000000	0	0	6	cluster_6	0.6131
2800	Spectrogram 1	1	2399.750000	2400.500000	0	0	9	cluster_9	0.7171
2801	Spectrogram 1	1	2400.250000	2403.500000	0	0	5	cluster_5	0.9331
2802	Spectrogram 1	1	2403.250000	2404.250000	0	0	6	cluster_6	0.9855
2803	Spectrogram 1	1	2404.000000	2407.250000	0	0	10	cluster_10	0.9724
2804	Spectrogram 1	1	2407.000000	2407.750000	0	0	6	cluster_6	1.0000
2805	Spectrogram 1	1	2407.500000	2408.250000	0	0	noise	cluster_noise	0.0000
2806	Spectrogram 1	1	2408.000000	2409.750000	0	0	9	cluster_9	0.8602
2807	Spectrogram 1	1	2409.500000	2410.000000	0	0	noise	cluster_noise	0.0000
2808	Spectrogram 1	1	2409.750000	2410.500000	0	0	8	cluster_8	0.9396
2809	Spectrogram 1	1	2410.250000	2410.750000	0	0	5	cluster_5	1.0000
2810	Spectrogram 1	1	2410.500000	2412.500000	0	0	9	cluster_9	0.7769
2811	Spectrogram 1	1	2412.250000	2412.750000	0	0	8	cluster_8	1.0000
2812	Spectrogram 1	1	2412.500000	2413.000000	0	0	noise	cluster_noise	0.0000
2813	Spectrogram 1	1	2412.750000	2413.750000	0	0	8	cluster_8	1.0000
2814	Spectrogram 1	1	2413.500000	2414.000000	0	0	6	cluster_6	1.0000
2815	Spectrogram 1	1	2413.750000	2416.750000	0	0	5	cluster_5	0.9470
2816	Spectrogram 1	1	2416.500000	2417.500000	0	0	6	cluster_6	0.7747
2817	Spectrogram 1	1	2417.250000	2420.250000	0	0	10	cluster_10	0.9705
2818	Spectrogram 1	1	2420.000000	2420.500000	0	0	noise	cluster_noise	0.0000
2819	Spectrogram 1	1	2420.250000	2420.750000	0	0	6	cluster_6	1.0000
2820	Spectrogram 1	1	2420.500000	2421.000000	0	0	5	cluster_5	0.7682
2821	Spectrogram 1	1	2420.750000	2421.250000	0	0	noise	cluster_noise	0.0000
2822	Spectrogram 1	1	2421.000000	2423.000000	0	0	9	cluster_9	0.7743
2823	Spectrogram 1	1	2422.750000	2423.500000	0	0	8	cluster_8	0.9953
2824	Spectrogram 1	1	2423.250000	2423.750000	0	0	5	cluster_5	1.0000
2825	Spectrogram 1	1	2423.500000	2425.500000	0	0	9	cluster_9	0.7578
2826	Spectrogram 1	1	2425.250000	2425.750000	0	0	noise	cluster_noise	0.0000
2827	Spectrogram 1	1	2425.500000	2426.000000	0	0	6	cluster_6	1.0000
2828	Spectrogram 1	1	2425.750000	2426.500000	0	0	8	cluster_8	1.0000
2829	Spectrogram 1	1	2426.250000	2429.750000	0	0	5	cluster_5	0.9502
2830	Spectrogram 1	1	2429.500000	2432.750000	0	0	10	cluster_10	0.9927
2831	Spectrogram 1	1	2432.500000	2433.250000	0	0	6	cluster_6	1.0000
2832	Spectrogram 1	1	2433.000000	2433.500000	0	0	5	cluster_5	0.8758
2833	Spectrogram 1	1	2433.250000	2435.500000	0	0	9	cluster_9	0.7287
2834	Spectrogram 1	1	2435.250000	2435.750000	0	0	8	cluster_8	1.0000
2835	Spectrogram 1	1	2435.500000	2436.250000	0	0	5	cluster_5	0.7592
2836	Spectrogram 1	1	2436.000000	2438.000000	0	0	9	cluster_9	0.7096
2837	Spectrogram 1	1	2437.750000	2438.250000	0	0	8	cluster_8	1.0000
2838	Spectrogram 1	1	2438.000000	2438.500000	0	0	6	cluster_6	1.0000
2839	Spectrogram 1	1	2438.250000	2439.000000	0	0	8	cluster_8	1.0000
2840	Spectrogram 1	1	2438.750000	2439.250000	0	0	6	cluster_6	0.9122
2841	Spectrogram 1	1	2439.000000	2442.000000	0	0	5	cluster_5	0.9591
2842	Spectrogram 1	1	2441.750000	2445.000000	0	0	10	cluster_10	0.9659
2843	Spectrogram 1	1	2444.750000	2445.250000	0	0	6	cluster_6	1.0000
2844	Spectrogram 1	1	2445.000000	2445.750000	0	0	noise	cluster_noise	0.0000
2845	Spectrogram 1	1	2445.500000	2446.000000	0	0	5	cluster_5	0.9882
2846	Spectrogram 1	1	2445.750000	2448.000000	0	0	9	cluster_9	0.7440
2847	Spectrogram 1	1	2447.750000	2448.250000	0	0	6	cluster_6	0.6280
2848	Spectrogram 1	1	2448.000000	2448.500000	0	0	5	cluster_5	0.8574
2849	Spectrogram 1	1	2448.250000	2448.750000	0	0	noise	cluster_noise	0.0000
2850	Spectrogram 1	1	2448.500000	2450.500000	0	0	9	cluster_9	0.6950
2851	Spectrogram 1	1	2450.250000	2451.500000	0	0	8	cluster_8	0.9669
2852	Spectrogram 1	1	2451.250000	2451.750000	0	0	6	cluster_6	1.0000
2853	Spectrogram 1	1	2451.500000	2454.500000	0	0	5	cluster_5	0.9483
2854	Spectrogram 1	1	2454.250000	2457.250000	0	0	10	cluster_10	0.9871
2855	Spectrogram 1	1	2457.000000	2457.750000	0	0	6	cluster_6	0.9955
2856	Spectrogram 1	1	2457.500000	2458.000000	0	0	noise	cluster_noise	0.0000
2857	Spectrogram 1	1	2457.750000	2458.250000	0	0	5	cluster_5	1.0000
2858	Spectrogram 1	1	2458.000000	2460.250000	0	0	9	cluster_9	0.7183
2859	Spectrogram 1	1	2460.000000	2460.500000	0	0	noise	cluster_noise	0.0000
2860	Spectrogram 1	1	2460.250000	2460.750000	0	0	5	cluster_5	0.8732
2861	Spectrogram 1	1	2460.500000	2461.000000	0	0	noise	cluster_noise	0.0000
2862	Spectrogram 1	1	2460.750000	2462.750000	0	0	9	cluster_9	0.7636
2863	Spectrogram 1	1	2462.500000	2463.000000	0	0	8	cluster_8	1.0000
2864	Spectrogram 1	1	2462.750000	2463.250000	0	0	6	cluster_6	1.0000
2865	Spectrogram 1	1	2463.000000	2463.750000	0	0	8	cluster_8	1.0000
2866	Spectrogram 1	1	2463.500000	2466.750000	0	0	5	cluster_5	0.9422
2867	Spectrogram 1	1	2466.500000	2467.000000	0	0	6	cluster_6	0.9887
2868	Spectrogram 1	1	2466.750000	2467.250000	0	0	noise	cluster_noise	0.0000
2869	Spectrogram 1	1	2467.000000	2469.500000	0	0	10	cluster_10	0.9790
2870	Spectrogram 1	1	2469.250000	2470.500000	0	0	6	cluster_6	0.7976
2871	Spectrogram 1	1	2470.250000	2470.750000	0	0	5	cluster_5	1.0000
2872	Spectrogram 1	1	2470.500000	2472.500000	0	0	9	cluster_9	0.7890
2873	Spectrogram 1	1	2472.250000	2472.750000	0	0	noise	cluster_noise	0.0000
2874	Spectrogram 1	1	2472.500000	2473.000000	0	0	12	cluster_12	0.7406
2875	Spectrogram 1	1	2472.750000	2473.250000	0	0	5	cluster_5	0.9746
2876	Spectrogram 1	1	2473.000000	2475.000000	0	0	9	cluster_9	0.7014
2877	Spectrogram 1	1	2474.750000	2475.250000	0	0	8	cluster_8	1.0000
2878	Spectrogram 1	1	2475.000000	2475.500000	0	0	6	cluster_6	1.0000
2879	Spectrogram 1	1	2475.250000	2476.250000	0	0	8	cluster_8	1.0000
2880	Spectrogram 1	1	2476.000000	2479.000000	0	0	5	cluster_5	0.9130
2881	Spectrogram 1	1	2478.750000	2479.750000	0	0	6	cluster_6	0.7998
2882	Spectrogram 1	1	2479.500000	2482.250000	0	0	10	cluster_10	0.9916
2883	Spectrogram 1	1	2482.000000	2483.000000	0	0	6	cluster_6	1.0000
2884	Spectrogram 1	1	2482.750000	2483.250000	0	0	5	cluster_5	0.8287
2885	Spectrogram 1	1	2483.000000	2483.500000	0	0	noise	cluster_noise	0.0000
2886	Spectrogram 1	1	2483.250000	2485.000000	0	0	9	cluster_9	0.7422
2887	Spectrogram 1	1	2484.750000	2485.250000	0	0	noise	cluster_noise	0.0000
2888	Spectrogram 1	1	2485.000000	2485.500000	0	0	6	cluster_6	1.0000
2889	Spectrogram 1	1	2485.250000	2486.000000	0	0	5	cluster_5	0.8294
2890	Spectrogram 1	1	2485.750000	2487.750000	0	0	9	cluster_9	0.7548
2891	Spectrogram 1	1	2487.500000	2489.000000	0	0	6	cluster_6	0.8590
2892	Spectrogram 1	1	2488.750000	2491.750000	0	0	5	cluster_5	0.9533
2893	Spectrogram 1	1	2491.500000	2492.250000	0	0	6	cluster_6	0.8396
2894	Spectrogram 1	1	2492.000000	2494.750000	0	0	10	cluster_10	0.9857
2895	Spectrogram 1	1	2494.500000	2495.500000	0	0	6	cluster_6	0.8248
2896	Spectrogram 1	1	2495.250000	2495.750000	0	0	12	cluster_12	0.8012
2897	Spectrogram 1	1	2495.500000	2496.000000	0	0	noise	cluster_noise	0.0000
2898	Spectrogram 1	1	2495.750000	2497.500000	0	0	9	cluster_9	0.7922
2899	Spectrogram 1	1	2497.250000	2497.750000	0	0	8	cluster_8	1.0000
2900	Spectrogram 1	1	2497.500000	2498.000000	0	0	6	cluster_6	0.9045
2901	Spectrogram 1	1	2497.750000	2498.250000	0	0	noise	cluster_noise	0.0000
2902	Spectrogram 1	1	2498.000000	2498.500000	0	0	5	cluster_5	0.8936
2903	Spectrogram 1	1	2498.250000	2499.750000	0	0	9	cluster_9	0.7448
2904	Spectrogram 1	1	2499.500000	2500.000000	0	0	noise	cluster_noise	0.0000
2905	Spectrogram 1	1	2499.750000	2500.250000	0	0	9	cluster_9	0.6972
2906	Spectrogram 1	1	2500.000000	2500.500000	0	0	8	cluster_8	1.0000
2907	Spectrogram 1	1	2500.250000	2501.750000	0	0	6	cluster_6	0.9824
2908	Spectrogram 1	1	2501.500000	2504.250000	0	0	5	cluster_5	0.9619
2909	Spectrogram 1	1	2504.000000	2505.000000	0	0	10	cluster_10	0.9560
2910	Spectrogram 1	1	2504.750000	2505.500000	0	0	noise	cluster_noise	0.0000
2911	Spectrogram 1	1	2505.250000	2506.750000	0	0	10	cluster_10	0.9970
2912	Spectrogram 1	1	2506.500000	2507.000000	0	0	noise	cluster_noise	0.0000
2913	Spectrogram 1	1	2506.750000	2507.750000	0	0	6	cluster_6	1.0000
2914	Spectrogram 1	1	2507.500000	2508.000000	0	0	5	cluster_5	0.9118
2915	Spectrogram 1	1	2507.750000	2508.250000	0	0	noise	cluster_noise	0.0000
2916	Spectrogram 1	1	2508.000000	2510.000000	0	0	9	cluster_9	0.7415
2917	Spectrogram 1	1	2509.750000	2510.250000	0	0	8	cluster_8	0.9645
2918	Spectrogram 1	1	2510.000000	2510.500000	0	0	12	cluster_12	0.9886
2919	Spectrogram 1	1	2510.250000	2510.750000	0	0	5	cluster_5	1.0000
2920	Spectrogram 1	1	2510.500000	2511.000000	0	0	noise	cluster_noise	0.0000
2921	Spectrogram 1	1	2510.750000	2512.250000	0	0	9	cluster_9	0.7304
2922	Spectrogram 1	1	2512.000000	2512.500000	0	0	noise	cluster_noise	0.0000
2923	Spectrogram 1	1	2512.250000	2512.750000	0	0	8	cluster_8	1.0000
2924	Spectrogram 1	1	2512.500000	2513.750000	0	0	6	cluster_6	0.9425
2925	Spectrogram 1	1	2513.500000	2514.000000	0	0	noise	cluster_noise	0.0000
2926	Spectrogram 1	1	2513.750000	2516.500000	0	0	5	cluster_5	0.9798
2927	Spectrogram 1	1	2516.250000	2516.750000	0	0	noise	cluster_noise	0.0000
2928	Spectrogram 1	1	2516.500000	2519.750000	0	0	10	cluster_10	0.9836
2929	Spectrogram 1	1	2519.500000	2520.750000	0	0	6	cluster_6	1.0000
2930	Spectrogram 1	1	2520.500000	2521.000000	0	0	12	cluster_12	0.9146
2931	Spectrogram 1	1	2520.750000	2521.500000	0	0	5	cluster_5	0.7012
2932	Spectrogram 1	1	2521.250000	2522.500000	0	0	9	cluster_9	0.7915
2933	Spectrogram 1	1	2522.250000	2522.750000	0	0	noise	cluster_noise	0.0000
2934	Spectrogram 1	1	2522.500000	2523.250000	0	0	8	cluster_8	1.0000
2935	Spectrogram 1	1	2523.000000	2523.750000	0	0	6	cluster_6	1.0000
2936	Spectrogram 1	1	2523.500000	2524.000000	0	0	noise	cluster_noise	0.0000
2937	Spectrogram 1	1	2523.750000	2524.750000	0	0	6	cluster_6	0.8967
2938	Spectrogram 1	1	2524.500000	2527.000000	0	0	5	cluster_5	0.9141
2939	Spectrogram 1	1	2526.750000	2527.250000	0	0	noise	cluster_noise	0.0000
2940	Spectrogram 1	1	2527.000000	2527.750000	0	0	10	cluster_10	0.9365
2941	Spectrogram 1	1	2527.500000	2528.250000	0	0	noise	cluster_noise	0.0000
2942	Spectrogram 1	1	2528.000000	2529.000000	0	0	10	cluster_10	0.9638
2943	Spectrogram 1	1	2528.750000	2529.500000	0	0	noise	cluster_noise	0.0000
2944	Spectrogram 1	1	2529.250000	2529.750000	0	0	10	cluster_10	0.8399
2945	Spectrogram 1	1	2529.500000	2530.500000	0	0	6	cluster_6	0.9499
2946	Spectrogram 1	1	2530.250000	2530.750000	0	0	2	cluster_2	0.6024
2947	Spectrogram 1	1	2530.500000	2531.000000	0	0	6	cluster_6	1.0000
2948	Spectrogram 1	1	2530.750000	2531.500000	0	0	12	cluster_12	0.9467
2949	Spectrogram 1	1	2531.250000	2531.750000	0	0	5	cluster_5	1.0000
2950	Spectrogram 1	1	2531.500000	2532.750000	0	0	9	cluster_9	0.7820
2951	Spectrogram 1	1	2532.500000	2533.000000	0	0	noise	cluster_noise	0.0000
2952	Spectrogram 1	1	2532.750000	2533.500000	0	0	9	cluster_9	0.5847
2953	Spectrogram 1	1	2533.250000	2533.750000	0	0	noise	cluster_noise	0.0000
2954	Spectrogram 1	1	2533.500000	2534.000000	0	0	6	cluster_6	0.9445
2955	Spectrogram 1	1	2533.750000	2534.500000	0	0	8	cluster_8	0.9404
2956	Spectrogram 1	1	2534.250000	2535.000000	0	0	6	cluster_6	0.9702
2957	Spectrogram 1	1	2534.750000	2537.500000	0	0	5	cluster_5	0.8495
2958	Spectrogram 1	1	2537.250000	2537.750000	0	0	10	cluster_10	0.9606
2959	Spectrogram 1	1	2537.500000	2538.250000	0	0	noise	cluster_noise	0.0000
2960	Spectrogram 1	1	2538.000000	2541.000000	0	0	10	cluster_10	0.9738
2961	Spectrogram 1	1	2540.750000	2542.000000	0	0	6	cluster_6	1.0000
2962	Spectrogram 1	1	2541.750000	2542.250000	0	0	12	cluster_12	0.8989
2963	Spectrogram 1	1	2542.000000	2542.500000	0	0	noise	cluster_noise	0.0000
2964	Spectrogram 1	1	2542.250000	2543.000000	0	0	5	cluster_5	0.8476
2965	Spectrogram 1	1	2542.750000	2544.000000	0	0	9	cluster_9	0.8266
2966	Spectrogram 1	1	2543.750000	2544.500000	0	0	5	cluster_5	1.0000
2967	Spectrogram 1	1	2544.250000	2544.750000	0	0	noise	cluster_noise	0.0000
2968	Spectrogram 1	1	2544.500000	2545.000000	0	0	6	cluster_6	1.0000
2969	Spectrogram 1	1	2544.750000	2545.250000	0	0	noise	cluster_noise	0.0000
2970	Spectrogram 1	1	2545.000000	2545.750000	0	0	8	cluster_8	1.0000
2971	Spectrogram 1	1	2545.500000	2546.000000	0	0	6	cluster_6	1.0000
2972	Spectrogram 1	1	2545.750000	2546.250000	0	0	noise	cluster_noise	0.0000
2973	Spectrogram 1	1	2546.000000	2548.500000	0	0	5	cluster_5	0.9407
2974	Spectrogram 1	1	2548.250000	2548.750000	0	0	noise	cluster_noise	0.0000
2975	Spectrogram 1	1	2548.500000	2551.500000	0	0	10	cluster_10	0.9870
2976	Spectrogram 1	1	2551.250000	2553.000000	0	0	6	cluster_6	0.9597
2977	Spectrogram 1	1	2552.750000	2553.250000	0	0	12	cluster_12	0.8725
2978	Spectrogram 1	1	2553.000000	2554.250000	0	0	noise	cluster_noise	0.0000
2979	Spectrogram 1	1	2554.000000	2554.750000	0	0	5	cluster_5	0.8938
2980	Spectrogram 1	1	2554.500000	2555.000000	0	0	noise	cluster_noise	0.0000
2981	Spectrogram 1	1	2554.750000	2555.500000	0	0	5	cluster_5	0.7847
2982	Spectrogram 1	1	2555.250000	2556.750000	0	0	6	cluster_6	0.9344
2983	Spectrogram 1	1	2556.500000	2557.000000	0	0	noise	cluster_noise	0.0000
2984	Spectrogram 1	1	2556.750000	2559.000000	0	0	5	cluster_5	0.9073
2985	Spectrogram 1	1	2558.750000	2559.250000	0	0	noise	cluster_noise	0.0000
2986	Spectrogram 1	1	2559.000000	2559.500000	0	0	5	cluster_5	0.5612
2987	Spectrogram 1	1	2559.250000	2562.000000	0	0	10	cluster_10	0.9715
2988	Spectrogram 1	1	2561.750000	2564.000000	0	0	6	cluster_6	1.0000
2989	Spectrogram 1	1	2563.750000	2564.500000	0	0	12	cluster_12	0.8763
2990	Spectrogram 1	1	2564.250000	2566.250000	0	0	noise	cluster_noise	0.0000
2991	Spectrogram 1	1	2566.000000	2566.500000	0	0	6	cluster_6	0.6510
2992	Spectrogram 1	1	2566.250000	2566.750000	0	0	noise	cluster_noise	0.0000
2993	Spectrogram 1	1	2566.500000	2568.250000	0	0	6	cluster_6	1.0000
2994	Spectrogram 1	1	2568.000000	2570.750000	0	0	5	cluster_5	0.9344
2995	Spectrogram 1	1	2570.500000	2571.000000	0	0	noise	cluster_noise	0.0000
2996	Spectrogram 1	1	2570.750000	2571.750000	0	0	10	cluster_10	0.9016
2997	Spectrogram 1	1	2571.500000	2572.000000	0	0	noise	cluster_noise	0.0000
2998	Spectrogram 1	1	2571.750000	2572.500000	0	0	10	cluster_10	0.9927
2999	Spectrogram 1	1	2572.250000	2572.750000	0	0	noise	cluster_noise	0.0000
3000	Spectrogram 1	1	2572.500000	2574.750000	0	0	6	cluster_6	1.0000
3001	Spectrogram 1	1	2574.500000	2575.000000	0	0	12	cluster_12	0.8318
3002	Spectrogram 1	1	2574.750000	2577.000000	0	0	noise	cluster_noise	0.0000
3003	Spectrogram 1	1	2576.750000	2577.250000	0	0	6	cluster_6	0.6461
3004	Spectrogram 1	1	2577.000000	2577.500000	0	0	12	cluster_12	0.7319
3005	Spectrogram 1	1	2577.250000	2577.750000	0	0	noise	cluster_noise	0.0000
3006	Spectrogram 1	1	2577.500000	2579.250000	0	0	6	cluster_6	0.9359
3007	Spectrogram 1	1	2579.000000	2581.750000	0	0	5	cluster_5	0.9525
3008	Spectrogram 1	1	2581.500000	2582.000000	0	0	noise	cluster_noise	0.0000
3009	Spectrogram 1	1	2581.750000	2583.500000	0	0	10	cluster_10	0.9370
3010	Spectrogram 1	1	2583.250000	2585.750000	0	0	6	cluster_6	0.9609
3011	Spectrogram 1	1	2585.500000	2586.000000	0	0	12	cluster_12	0.9162
3012	Spectrogram 1	1	2585.750000	2588.000000	0	0	noise	cluster_noise	0.0000
3013	Spectrogram 1	1	2587.750000	2588.250000	0	0	12	cluster_12	0.7505
3014	Spectrogram 1	1	2588.000000	2588.500000	0	0	noise	cluster_noise	0.0000
3015	Spectrogram 1	1	2588.250000	2590.000000	0	0	6	cluster_6	0.9514
3016	Spectrogram 1	1	2589.750000	2592.500000	0	0	5	cluster_5	0.9695
3017	Spectrogram 1	1	2592.250000	2592.750000	0	0	6	cluster_6	1.0000
3018	Spectrogram 1	1	2592.500000	2593.000000	0	0	10	cluster_10	0.8616
3019	Spectrogram 1	1	2592.750000	2593.250000	0	0	9	cluster_9	0.6774
3020	Spectrogram 1	1	2593.000000	2593.500000	0	0	10	cluster_10	0.9208
3021	Spectrogram 1	1	2593.250000	2593.750000	0	0	noise	cluster_noise	0.0000
3022	Spectrogram 1	1	2593.500000	2594.250000	0	0	10	cluster_10	1.0000
3023	Spectrogram 1	1	2594.000000	2594.500000	0	0	noise	cluster_noise	0.0000
3024	Spectrogram 1	1	2594.250000	2596.750000	0	0	6	cluster_6	0.9960
3025	Spectrogram 1	1	2596.500000	2598.500000	0	0	noise	cluster_noise	0.0000
3026	Spectrogram 1	1	2598.250000	2598.750000	0	0	12	cluster_12	0.7823
3027	Spectrogram 1	1	2598.500000	2599.000000	0	0	5	cluster_5	0.8189
3028	Spectrogram 1	1	2598.750000	2599.250000	0	0	6	cluster_6	0.7858
3029	Spectrogram 1	1	2599.000000	2599.500000	0	0	noise	cluster_noise	0.0000
3030	Spectrogram 1	1	2599.250000	2601.000000	0	0	6	cluster_6	0.9486
3031	Spectrogram 1	1	2600.750000	2603.500000	0	0	5	cluster_5	0.9443
3032	Spectrogram 1	1	2603.250000	2603.750000	0	0	4	cluster_4	0.8262
3033	Spectrogram 1	1	2603.500000	2604.250000	0	0	12	cluster_12	0.9242
3034	Spectrogram 1	1	2604.000000	2604.500000	0	0	noise	cluster_noise	0.0000
3035	Spectrogram 1	1	2604.250000	2604.750000	0	0	6	cluster_6	1.0000
3036	Spectrogram 1	1	2604.500000	2605.250000	0	0	12	cluster_12	0.9027
3037	Spectrogram 1	1	2605.000000	2605.500000	0	0	noise	cluster_noise	0.0000
3038	Spectrogram 1	1	2605.250000	2606.250000	0	0	12	cluster_12	0.9228
3039	Spectrogram 1	1	2606.000000	2606.500000	0	0	noise	cluster_noise	0.0000
3040	Spectrogram 1	1	2606.250000	2606.750000	0	0	6	cluster_6	1.0000
3041	Spectrogram 1	1	2606.500000	2607.250000	0	0	12	cluster_12	0.8056
3042	Spectrogram 1	1	2607.000000	2607.500000	0	0	noise	cluster_noise	0.0000
3043	Spectrogram 1	1	2607.250000	2607.750000	0	0	12	cluster_12	0.8702
3044	Spectrogram 1	1	2607.500000	2608.000000	0	0	noise	cluster_noise	0.0000
3045	Spectrogram 1	1	2607.750000	2608.500000	0	0	12	cluster_12	0.9665
3046	Spectrogram 1	1	2608.250000	2608.750000	0	0	noise	cluster_noise	0.0000
3047	Spectrogram 1	1	2608.500000	2609.000000	0	0	6	cluster_6	0.7768
3048	Spectrogram 1	1	2608.750000	2609.500000	0	0	12	cluster_12	0.8245
3049	Spectrogram 1	1	2609.250000	2610.250000	0	0	6	cluster_6	1.0000
3050	Spectrogram 1	1	2610.000000	2610.750000	0	0	noise	cluster_noise	0.0000
3051	Spectrogram 1	1	2610.500000	2612.250000	0	0	3	cluster_3	0.9013
3052	Spectrogram 1	1	2612.000000	2612.750000	0	0	noise	cluster_noise	0.0000
3053	Spectrogram 1	1	2612.500000	2613.000000	0	0	5	cluster_5	0.9231
3054	Spectrogram 1	1	2612.750000	2613.250000	0	0	noise	cluster_noise	0.0000
3055	Spectrogram 1	1	2613.000000	2614.250000	0	0	6	cluster_6	0.9632
3056	Spectrogram 1	1	2614.000000	2616.500000	0	0	5	cluster_5	0.9409
3057	Spectrogram 1	1	2616.250000	2617.500000	0	0	12	cluster_12	0.8867
3058	Spectrogram 1	1	2617.250000	2617.750000	0	0	noise	cluster_noise	0.0000
3059	Spectrogram 1	1	2617.500000	2618.250000	0	0	12	cluster_12	0.8279
3060	Spectrogram 1	1	2618.000000	2618.500000	0	0	6	cluster_6	0.9055
3061	Spectrogram 1	1	2618.250000	2619.250000	0	0	12	cluster_12	0.9570
3062	Spectrogram 1	1	2619.000000	2620.250000	0	0	noise	cluster_noise	0.0000
3063	Spectrogram 1	1	2620.000000	2621.250000	0	0	12	cluster_12	0.8963
3064	Spectrogram 1	1	2621.000000	2621.500000	0	0	noise	cluster_noise	0.0000
3065	Spectrogram 1	1	2621.250000	2621.750000	0	0	12	cluster_12	0.7830
3066	Spectrogram 1	1	2621.500000	2622.000000	0	0	noise	cluster_noise	0.0000
3067	Spectrogram 1	1	2621.750000	2623.000000	0	0	12	cluster_12	0.8711
3068	Spectrogram 1	1	2622.750000	2623.250000	0	0	noise	cluster_noise	0.0000
3069	Spectrogram 1	1	2623.000000	2624.250000	0	0	12	cluster_12	0.9483
3070	Spectrogram 1	1	2624.000000	2624.500000	0	0	6	cluster_6	1.0000
3071	Spectrogram 1	1	2624.250000	2624.750000	0	0	12	cluster_12	0.8384
3072	Spectrogram 1	1	2624.500000	2625.000000	0	0	noise	cluster_noise	0.0000
3073	Spectrogram 1	1	2624.750000	2625.750000	0	0	12	cluster_12	0.9043
3074	Spectrogram 1	1	2625.500000	2626.250000	0	0	noise	cluster_noise	0.0000
3075	Spectrogram 1	1	2626.000000	2626.500000	0	0	6	cluster_6	0.8487
3076	Spectrogram 1	1	2626.250000	2626.750000	0	0	noise	cluster_noise	0.0000
3077	Spectrogram 1	1	2626.500000	2627.250000	0	0	6	cluster_6	1.0000
3078	Spectrogram 1	1	2627.000000	2627.750000	0	0	noise	cluster_noise	0.0000
3079	Spectrogram 1	1	2627.500000	2629.250000	0	0	3	cluster_3	0.7581
3080	Spectrogram 1	1	2629.000000	2629.750000	0	0	noise	cluster_noise	0.0000
3081	Spectrogram 1	1	2629.500000	2630.000000	0	0	5	cluster_5	0.5194
3082	Spectrogram 1	1	2629.750000	2630.250000	0	0	noise	cluster_noise	0.0000
3083	Spectrogram 1	1	2630.000000	2631.250000	0	0	6	cluster_6	0.9847
3084	Spectrogram 1	1	2631.000000	2632.500000	0	0	5	cluster_5	0.8670
3085	Spectrogram 1	1	2632.250000	2632.750000	0	0	noise	cluster_noise	0.0000
3086	Spectrogram 1	1	2632.500000	2633.250000	0	0	5	cluster_5	1.0000
3087	Spectrogram 1	1	2633.000000	2633.750000	0	0	6	cluster_6	0.9456
3088	Spectrogram 1	1	2633.500000	2635.250000	0	0	12	cluster_12	0.8983
3089	Spectrogram 1	1	2635.000000	2635.500000	0	0	noise	cluster_noise	0.0000
3090	Spectrogram 1	1	2635.250000	2636.250000	0	0	12	cluster_12	0.9774
3091	Spectrogram 1	1	2636.000000	2636.500000	0	0	6	cluster_6	0.9463
3092	Spectrogram 1	1	2636.250000	2638.250000	0	0	12	cluster_12	0.8425
3093	Spectrogram 1	1	2638.000000	2638.500000	0	0	noise	cluster_noise	0.0000
3094	Spectrogram 1	1	2638.250000	2639.500000	0	0	12	cluster_12	0.9188
3095	Spectrogram 1	1	2639.250000	2639.750000	0	0	6	cluster_6	1.0000
3096	Spectrogram 1	1	2639.500000	2641.000000	0	0	12	cluster_12	0.9580
3097	Spectrogram 1	1	2640.750000	2641.250000	0	0	6	cluster_6	1.0000
3098	Spectrogram 1	1	2641.000000	2642.000000	0	0	noise	cluster_noise	0.0000
3099	Spectrogram 1	1	2641.750000	2642.750000	0	0	6	cluster_6	1.0000
3100	Spectrogram 1	1	2642.500000	2643.250000	0	0	noise	cluster_noise	0.0000
3101	Spectrogram 1	1	2643.000000	2644.500000	0	0	3	cluster_3	0.8261
3102	Spectrogram 1	1	2644.250000	2645.500000	0	0	5	cluster_5	0.7450
3103	Spectrogram 1	1	2645.250000	2645.750000	0	0	noise	cluster_noise	0.0000
3104	Spectrogram 1	1	2645.500000	2647.000000	0	0	6	cluster_6	0.9768
3105	Spectrogram 1	1	2646.750000	2649.000000	0	0	5	cluster_5	0.9522
3106	Spectrogram 1	1	2648.750000	2649.500000	0	0	noise	cluster_noise	0.0000
3107	Spectrogram 1	1	2649.250000	2650.250000	0	0	12	cluster_12	0.8857
3108	Spectrogram 1	1	2650.000000	2650.750000	0	0	noise	cluster_noise	0.0000
3109	Spectrogram 1	1	2650.500000	2651.250000	0	0	12	cluster_12	0.8338
3110	Spectrogram 1	1	2651.000000	2651.500000	0	0	noise	cluster_noise	0.0000
3111	Spectrogram 1	1	2651.250000	2652.250000	0	0	12	cluster_12	1.0000
3112	Spectrogram 1	1	2652.000000	2652.750000	0	0	noise	cluster_noise	0.0000
3113	Spectrogram 1	1	2652.500000	2653.000000	0	0	12	cluster_12	0.7676
3114	Spectrogram 1	1	2652.750000	2653.250000	0	0	noise	cluster_noise	0.0000
3115	Spectrogram 1	1	2653.000000	2654.250000	0	0	12	cluster_12	0.9376
3116	Spectrogram 1	1	2654.000000	2654.750000	0	0	noise	cluster_noise	0.0000
3117	Spectrogram 1	1	2654.500000	2655.750000	0	0	12	cluster_12	0.8921
3118	Spectrogram 1	1	2655.500000	2656.000000	0	0	noise	cluster_noise	0.0000
3119	Spectrogram 1	1	2655.750000	2656.250000	0	0	6	cluster_6	0.8297
3120	Spectrogram 1	1	2656.000000	2657.250000	0	0	12	cluster_12	0.8805
3121	Spectrogram 1	1	2657.000000	2657.500000	0	0	noise	cluster_noise	0.0000
3122	Spectrogram 1	1	2657.250000	2657.750000	0	0	6	cluster_6	0.6678
3123	Spectrogram 1	1	2657.500000	2658.000000	0	0	noise	cluster_noise	0.0000
3124	Spectrogram 1	1	2657.750000	2658.250000	0	0	6	cluster_6	1.0000
3125	Spectrogram 1	1	2658.000000	2658.750000	0	0	noise	cluster_noise	0.0000
3126	Spectrogram 1	1	2658.500000	2660.500000	0	0	3	cluster_3	0.8306
3127	Spectrogram 1	1	2660.250000	2661.250000	0	0	5	cluster_5	0.9627
3128	Spectrogram 1	1	2661.000000	2661.500000	0	0	6	cluster_6	0.8890
3129	Spectrogram 1	1	2661.250000	2661.750000	0	0	2	cluster_2	0.3283
3130	Spectrogram 1	1	2661.500000	2662.000000	0	0	noise	cluster_noise	0.0000
3131	Spectrogram 1	1	2661.750000	2662.750000	0	0	6	cluster_6	1.0000
3132	Spectrogram 1	1	2662.500000	2664.750000	0	0	5	cluster_5	0.8125
3133	Spectrogram 1	1	2664.500000	2665.000000	0	0	6	cluster_6	0.6664
3134	Spectrogram 1	1	2664.750000	2665.750000	0	0	12	cluster_12	0.9272
3135	Spectrogram 1	1	2665.500000	2666.000000	0	0	noise	cluster_noise	0.0000
3136	Spectrogram 1	1	2665.750000	2666.750000	0	0	12	cluster_12	0.8273
3137	Spectrogram 1	1	2666.500000	2667.000000	0	0	noise	cluster_noise	0.0000
3138	Spectrogram 1	1	2666.750000	2668.000000	0	0	12	cluster_12	0.9262
3139	Spectrogram 1	1	2667.750000	2668.500000	0	0	6	cluster_6	0.9908
3140	Spectrogram 1	1	2668.250000	2669.250000	0	0	12	cluster_12	1.0000
3141	Spectrogram 1	1	2669.000000	2669.500000	0	0	noise	cluster_noise	0.0000
3142	Spectrogram 1	1	2669.250000	2669.750000	0	0	5	cluster_5	0.5819
3143	Spectrogram 1	1	2669.500000	2670.250000	0	0	noise	cluster_noise	0.0000
3144	Spectrogram 1	1	2670.000000	2671.250000	0	0	12	cluster_12	0.9037
3145	Spectrogram 1	1	2671.000000	2671.750000	0	0	noise	cluster_noise	0.0000
3146	Spectrogram 1	1	2671.500000	2672.500000	0	0	12	cluster_12	0.8990
3147	Spectrogram 1	1	2672.250000	2672.750000	0	0	noise	cluster_noise	0.0000
3148	Spectrogram 1	1	2672.500000	2673.500000	0	0	12	cluster_12	0.8128
3149	Spectrogram 1	1	2673.250000	2674.000000	0	0	6	cluster_6	0.8790
3150	Spectrogram 1	1	2673.750000	2676.250000	0	0	3	cluster_3	0.8167
3151	Spectrogram 1	1	2676.000000	2676.500000	0	0	noise	cluster_noise	0.0000
3152	Spectrogram 1	1	2676.250000	2676.750000	0	0	5	cluster_5	0.7285
3153	Spectrogram 1	1	2676.500000	2677.250000	0	0	6	cluster_6	0.7695
3154	Spectrogram 1	1	2677.000000	2677.750000	0	0	noise	cluster_noise	0.0000
3155	Spectrogram 1	1	2677.500000	2678.250000	0	0	6	cluster_6	0.9775
3156	Spectrogram 1	1	2678.000000	2680.500000	0	0	5	cluster_5	0.9990
3157	Spectrogram 1	1	2680.250000	2680.750000	0	0	6	cluster_6	0.6902
3158	Spectrogram 1	1	2680.500000	2681.500000	0	0	12	cluster_12	0.9242
3159	Spectrogram 1	1	2681.250000	2681.750000	0	0	noise	cluster_noise	0.0000
3160	Spectrogram 1	1	2681.500000	2683.500000	0	0	12	cluster_12	0.8427
3161	Spectrogram 1	1	2683.250000	2683.750000	0	0	6	cluster_6	0.7576
3162	Spectrogram 1	1	2683.500000	2684.500000	0	0	12	cluster_12	0.8087
3163	Spectrogram 1	1	2684.250000	2685.000000	0	0	noise	cluster_noise	0.0000
3164	Spectrogram 1	1	2684.750000	2685.250000	0	0	12	cluster_12	0.7350
3165	Spectrogram 1	1	2685.000000	2686.000000	0	0	noise	cluster_noise	0.0000
3166	Spectrogram 1	1	2685.750000	2687.000000	0	0	12	cluster_12	0.8745
3167	Spectrogram 1	1	2686.750000	2687.500000	0	0	noise	cluster_noise	0.0000
3168	Spectrogram 1	1	2687.250000	2688.250000	0	0	12	cluster_12	0.8961
3169	Spectrogram 1	1	2688.000000	2689.000000	0	0	5	cluster_5	0.5944
3170	Spectrogram 1	1	2688.750000	2689.500000	0	0	6	cluster_6	0.9624
3171	Spectrogram 1	1	2689.250000	2689.750000	0	0	noise	cluster_noise	0.0000
3172	Spectrogram 1	1	2689.500000	2692.000000	0	0	3	cluster_3	0.8546
3173	Spectrogram 1	1	2691.750000	2692.500000	0	0	noise	cluster_noise	0.0000
3174	Spectrogram 1	1	2692.250000	2692.750000	0	0	5	cluster_5	0.7618
3175	Spectrogram 1	1	2692.500000	2693.250000	0	0	6	cluster_6	0.6776
3176	Spectrogram 1	1	2693.000000	2693.750000	0	0	noise	cluster_noise	0.0000
3177	Spectrogram 1	1	2693.500000	2696.000000	0	0	5	cluster_5	0.9704
3178	Spectrogram 1	1	2695.750000	2696.250000	0	0	noise	cluster_noise	0.0000
3179	Spectrogram 1	1	2696.000000	2697.250000	0	0	12	cluster_12	0.9409
3180	Spectrogram 1	1	2697.000000	2697.500000	0	0	9	cluster_9	0.6223
3181	Spectrogram 1	1	2697.250000	2697.750000	0	0	6	cluster_6	0.8688
3182	Spectrogram 1	1	2697.500000	2699.000000	0	0	12	cluster_12	0.8745
3183	Spectrogram 1	1	2698.750000	2699.250000	0	0	6	cluster_6	1.0000
3184	Spectrogram 1	1	2699.000000	2699.500000	0	0	noise	cluster_noise	0.0000
3185	Spectrogram 1	1	2699.250000	2699.750000	0	0	6	cluster_6	0.6344
3186	Spectrogram 1	1	2699.500000	2700.500000	0	0	12	cluster_12	1.0000
3187	Spectrogram 1	1	2700.250000	2701.250000	0	0	6	cluster_6	0.9926
3188	Spectrogram 1	1	2701.000000	2701.750000	0	0	noise	cluster_noise	0.0000
3189	Spectrogram 1	1	2701.500000	2702.250000	0	0	12	cluster_12	0.8583
3190	Spectrogram 1	1	2702.000000	2702.750000	0	0	6	cluster_6	1.0000
3191	Spectrogram 1	1	2702.500000	2703.000000	0	0	noise	cluster_noise	0.0000
3192	Spectrogram 1	1	2702.750000	2703.750000	0	0	12	cluster_12	0.8795
3193	Spectrogram 1	1	2703.500000	2704.500000	0	0	noise	cluster_noise	0.0000
3194	Spectrogram 1	1	2704.250000	2704.750000	0	0	6	cluster_6	0.7215
3195	Spectrogram 1	1	2704.500000	2705.250000	0	0	noise	cluster_noise	0.0000
3196	Spectrogram 1	1	2705.000000	2708.000000	0	0	3	cluster_3	0.8606
3197	Spectrogram 1	1	2707.750000	2708.250000	0	0	noise	cluster_noise	0.0000
3198	Spectrogram 1	1	2708.000000	2708.500000	0	0	5	cluster_5	0.6479
3199	Spectrogram 1	1	2708.250000	2710.250000	0	0	6	cluster_6	0.9818
3200	Spectrogram 1	1	2710.000000	2711.250000	0	0	12	cluster_12	0.9367
3201	Spectrogram 1	1	2711.000000	2711.500000	0	0	noise	cluster_noise	0.0000
3202	Spectrogram 1	1	2711.250000	2711.750000	0	0	12	cluster_12	0.8420
3203	Spectrogram 1	1	2711.500000	2712.250000	0	0	6	cluster_6	1.0000
3204	Spectrogram 1	1	2712.000000	2712.750000	0	0	noise	cluster_noise	0.0000
3205	Spectrogram 1	1	2712.500000	2713.500000	0	0	12	cluster_12	0.8045
3206	Spectrogram 1	1	2713.250000	2714.000000	0	0	noise	cluster_noise	0.0000
3207	Spectrogram 1	1	2713.750000	2715.000000	0	0	12	cluster_12	0.9448
3208	Spectrogram 1	1	2714.750000	2715.250000	0	0	8	cluster_8	0.9911
3209	Spectrogram 1	1	2715.000000	2715.500000	0	0	5	cluster_5	0.5067
3210	Spectrogram 1	1	2715.250000	2716.250000	0	0	12	cluster_12	0.9224
3211	Spectrogram 1	1	2716.000000	2716.500000	0	0	6	cluster_6	0.9476
3212	Spectrogram 1	1	2716.250000	2716.750000	0	0	noise	cluster_noise	0.0000
3213	Spectrogram 1	1	2716.500000	2717.500000	0	0	12	cluster_12	0.8983
3214	Spectrogram 1	1	2717.250000	2718.000000	0	0	noise	cluster_noise	0.0000
3215	Spectrogram 1	1	2717.750000	2718.750000	0	0	12	cluster_12	0.9322
3216	Spectrogram 1	1	2718.500000	2719.750000	0	0	6	cluster_6	0.8558
3217	Spectrogram 1	1	2719.500000	2720.000000	0	0	2	cluster_2	0.3748
3218	Spectrogram 1	1	2719.750000	2720.250000	0	0	noise	cluster_noise	0.0000
3219	Spectrogram 1	1	2720.000000	2722.750000	0	0	3	cluster_3	0.8672
3220	Spectrogram 1	1	2722.500000	2723.250000	0	0	noise	cluster_noise	0.0000
3221	Spectrogram 1	1	2723.000000	2723.500000	0	0	5	cluster_5	0.5547
3222	Spectrogram 1	1	2723.250000	2725.500000	0	0	6	cluster_6	0.9143
3223	Spectrogram 1	1	2725.250000	2725.750000	0	0	12	cluster_12	0.7896
3224	Spectrogram 1	1	2725.500000	2726.250000	0	0	6	cluster_6	0.6715
3225	Spectrogram 1	1	2726.000000	2726.500000	0	0	5	cluster_5	0.5697
3226	Spectrogram 1	1	2726.250000	2726.750000	0	0	12	cluster_12	0.8624
3227	Spectrogram 1	1	2726.500000	2727.250000	0	0	6	cluster_6	0.6841
3228	Spectrogram 1	1	2727.000000	2727.500000	0	0	noise	cluster_noise	0.0000
3229	Spectrogram 1	1	2727.250000	2727.750000	0	0	6	cluster_6	1.0000
3230	Spectrogram 1	1	2727.500000	2728.750000	0	0	12	cluster_12	0.8323
3231	Spectrogram 1	1	2728.500000	2729.500000	0	0	6	cluster_6	0.8771
3232	Spectrogram 1	1	2729.250000	2730.500000	0	0	12	cluster_12	0.9191
3233	Spectrogram 1	1	2730.250000	2731.000000	0	0	6	cluster_6	0.8254
3234	Spectrogram 1	1	2730.750000	2731.250000	0	0	noise	cluster_noise	0.0000
3235	Spectrogram 1	1	2731.000000	2731.750000	0	0	12	cluster_12	0.7743
3236	Spectrogram 1	1	2731.500000	2732.750000	0	0	6	cluster_6	0.8831
3237	Spectrogram 1	1	2732.500000	2733.250000	0	0	8	cluster_8	1.0000
3238	Spectrogram 1	1	2733.000000	2733.500000	0	0	5	cluster_5	0.5228
3239	Spectrogram 1	1	2733.250000	2733.750000	0	0	noise	cluster_noise	0.0000
3240	Spectrogram 1	1	2733.500000	2736.500000	0	0	3	cluster_3	0.8522
3241	Spectrogram 1	1	2736.250000	2738.000000	0	0	noise	cluster_noise	0.0000
3242	Spectrogram 1	1	2737.750000	2738.750000	0	0	6	cluster_6	1.0000
3243	Spectrogram 1	1	2738.500000	2739.000000	0	0	noise	cluster_noise	0.0000
3244	Spectrogram 1	1	2738.750000	2739.250000	0	0	2	cluster_2	0.5570
3245	Spectrogram 1	1	2739.000000	2740.000000	0	0	12	cluster_12	0.7936
3246	Spectrogram 1	1	2739.750000	2740.750000	0	0	4	cluster_4	1.0000
3247	Spectrogram 1	1	2740.500000	2741.000000	0	0	6	cluster_6	0.8711
3248	Spectrogram 1	1	2740.750000	2741.250000	0	0	2	cluster_2	0.3804
3249	Spectrogram 1	1	2741.000000	2741.750000	0	0	6	cluster_6	0.9831
3250	Spectrogram 1	1	2741.500000	2742.500000	0	0	2	cluster_2	0.4293
3251	Spectrogram 1	1	2742.250000	2742.750000	0	0	6	cluster_6	0.7897
3252	Spectrogram 1	1	2742.500000	2743.000000	0	0	8	cluster_8	1.0000
3253	Spectrogram 1	1	2742.750000	2744.500000	0	0	4	cluster_4	0.9797
3254	Spectrogram 1	1	2744.250000	2744.750000	0	0	12	cluster_12	0.7633
3255	Spectrogram 1	1	2744.500000	2745.000000	0	0	noise	cluster_noise	0.0000
3256	Spectrogram 1	1	2744.750000	2745.250000	0	0	2	cluster_2	0.5225
3257	Spectrogram 1	1	2745.000000	2745.500000	0	0	noise	cluster_noise	0.0000
3258	Spectrogram 1	1	2745.250000	2745.750000	0	0	2	cluster_2	0.5486
3259	Spectrogram 1	1	2745.500000	2746.250000	0	0	noise	cluster_noise	0.0000
3260	Spectrogram 1	1	2746.000000	2746.500000	0	0	11	cluster_11	0.8585
3261	Spectrogram 1	1	2746.250000	2747.000000	0	0	noise	cluster_noise	0.0000
3262	Spectrogram 1	1	2746.750000	2747.500000	0	0	12	cluster_12	0.8909
3263	Spectrogram 1	1	2747.250000	2747.750000	0	0	2	cluster_2	0.3267
3264	Spectrogram 1	1	2747.500000	2748.000000	0	0	noise	cluster_noise	0.0000
3265	Spectrogram 1	1	2747.750000	2748.250000	0	0	12	cluster_12	0.9053
3266	Spectrogram 1	1	2748.000000	2748.750000	0	0	11	cluster_11	1.0000
3267	Spectrogram 1	1	2748.500000	2749.000000	0	0	2	cluster_2	0.3554
3268	Spectrogram 1	1	2748.750000	2749.500000	0	0	12	cluster_12	0.8271
3269	Spectrogram 1	1	2749.250000	2749.750000	0	0	noise	cluster_noise	0.0000
3270	Spectrogram 1	1	2749.500000	2750.000000	0	0	12	cluster_12	0.9458
3271	Spectrogram 1	1	2749.750000	2750.500000	0	0	11	cluster_11	1.0000
3272	Spectrogram 1	1	2750.250000	2750.750000	0	0	6	cluster_6	0.8505
3273	Spectrogram 1	1	2750.500000	2751.750000	0	0	12	cluster_12	0.8897
3274	Spectrogram 1	1	2751.500000	2752.250000	0	0	11	cluster_11	1.0000
3275	Spectrogram 1	1	2752.000000	2752.500000	0	0	6	cluster_6	1.0000
3276	Spectrogram 1	1	2752.250000	2753.000000	0	0	12	cluster_12	0.8647
3277	Spectrogram 1	1	2752.750000	2753.250000	0	0	noise	cluster_noise	0.0000
3278	Spectrogram 1	1	2753.000000	2754.250000	0	0	6	cluster_6	0.9543
3279	Spectrogram 1	1	2754.000000	2755.000000	0	0	4	cluster_4	1.0000
3280	Spectrogram 1	1	2754.750000	2755.250000	0	0	noise	cluster_noise	0.0000
3281	Spectrogram 1	1	2755.000000	2755.750000	0	0	4	cluster_4	1.0000
3282	Spectrogram 1	1	2755.500000	2756.500000	0	0	6	cluster_6	0.7190
3283	Spectrogram 1	1	2756.250000	2757.000000	0	0	noise	cluster_noise	0.0000
3284	Spectrogram 1	1	2756.750000	2757.250000	0	0	6	cluster_6	1.0000
3285	Spectrogram 1	1	2757.000000	2758.000000	0	0	noise	cluster_noise	0.0000
3286	Spectrogram 1	1	2757.750000	2759.500000	0	0	4	cluster_4	1.0000
3287	Spectrogram 1	1	2759.250000	2759.750000	0	0	5	cluster_5	0.5603
3288	Spectrogram 1	1	2759.500000	2760.250000	0	0	2	cluster_2	0.4358
3289	Spectrogram 1	1	2760.000000	2760.500000	0	0	6	cluster_6	0.7109
3290	Spectrogram 1	1	2760.250000	2760.750000	0	0	2	cluster_2	0.8165
3291	Spectrogram 1	1	2760.500000	2761.000000	0	0	12	cluster_12	0.9225
3292	Spectrogram 1	1	2760.750000	2761.500000	0	0	11	cluster_11	1.0000
3293	Spectrogram 1	1	2761.250000	2761.750000	0	0	2	cluster_2	0.3884
3294	Spectrogram 1	1	2761.500000	2762.500000	0	0	12	cluster_12	0.8161
3295	Spectrogram 1	1	2762.250000	2762.750000	0	0	2	cluster_2	0.5968
3296	Spectrogram 1	1	2762.500000	2763.000000	0	0	12	cluster_12	0.9458
3297	Spectrogram 1	1	2762.750000	2763.500000	0	0	11	cluster_11	1.0000
3298	Spectrogram 1	1	2763.250000	2763.750000	0	0	2	cluster_2	0.6134
3299	Spectrogram 1	1	2763.500000	2764.250000	0	0	11	cluster_11	0.7348
3300	Spectrogram 1	1	2764.000000	2764.500000	0	0	6	cluster_6	0.9625
3301	Spectrogram 1	1	2764.250000	2764.750000	0	0	noise	cluster_noise	0.0000
3302	Spectrogram 1	1	2764.500000	2765.000000	0	0	12	cluster_12	0.8099
3303	Spectrogram 1	1	2764.750000	2765.250000	0	0	11	cluster_11	1.0000
3304	Spectrogram 1	1	2765.000000	2765.500000	0	0	noise	cluster_noise	0.0000
3305	Spectrogram 1	1	2765.250000	2766.250000	0	0	12	cluster_12	0.8518
3306	Spectrogram 1	1	2766.000000	2766.500000	0	0	noise	cluster_noise	0.0000
3307	Spectrogram 1	1	2766.250000	2766.750000	0	0	12	cluster_12	0.7585
3308	Spectrogram 1	1	2766.500000	2767.500000	0	0	noise	cluster_noise	0.0000
3309	Spectrogram 1	1	2767.250000	2768.000000	0	0	12	cluster_12	0.8595
3310	Spectrogram 1	1	2767.750000	2768.250000	0	0	noise	cluster_noise	0.0000
3311	Spectrogram 1	1	2768.000000	2768.500000	0	0	12	cluster_12	0.7686
3312	Spectrogram 1	1	2768.250000	2769.000000	0	0	11	cluster_11	1.0000
3313	Spectrogram 1	1	2768.750000	2769.750000	0	0	12	cluster_12	0.8778
3314	Spectrogram 1	1	2769.500000	2770.000000	0	0	noise	cluster_noise	0.0000
3315	Spectrogram 1	1	2769.750000	2770.250000	0	0	12	cluster_12	0.7336
3316	Spectrogram 1	1	2770.000000	2770.500000	0	0	noise	cluster_noise	0.0000
3317	Spectrogram 1	1	2770.250000	2771.250000	0	0	2	cluster_2	0.4405
3318	Spectrogram 1	1	2771.000000	2771.500000	0	0	noise	cluster_noise	0.0000
3319	Spectrogram 1	1	2771.250000	2772.500000	0	0	4	cluster_4	1.0000
3320	Spectrogram 1	1	2772.250000	2772.750000	0	0	noise	cluster_noise	0.0000
3321	Spectrogram 1	1	2772.500000	2773.250000	0	0	6	cluster_6	0.6538
3322	Spectrogram 1	1	2773.000000	2773.750000	0	0	noise	cluster_noise	0.0000
3323	Spectrogram 1	1	2773.500000	2774.750000	0	0	2	cluster_2	0.4514
3324	Spectrogram 1	1	2774.500000	2775.250000	0	0	6	cluster_6	1.0000
3325	Spectrogram 1	1	2775.000000	2776.250000	0	0	4	cluster_4	1.0000
3326	Spectrogram 1	1	2776.000000	2777.000000	0	0	noise	cluster_noise	0.0000
3327	Spectrogram 1	1	2776.750000	2777.750000	0	0	6	cluster_6	0.8331
3328	Spectrogram 1	1	2777.500000	2778.500000	0	0	noise	cluster_noise	0.0000
3329	Spectrogram 1	1	2778.250000	2778.750000	0	0	2	cluster_2	0.5511
3330	Spectrogram 1	1	2778.500000	2779.000000	0	0	11	cluster_11	1.0000
3331	Spectrogram 1	1	2778.750000	2779.250000	0	0	noise	cluster_noise	0.0000
3332	Spectrogram 1	1	2779.000000	2779.500000	0	0	6	cluster_6	0.9894
3333	Spectrogram 1	1	2779.250000	2779.750000	0	0	noise	cluster_noise	0.0000
3334	Spectrogram 1	1	2779.500000	2780.250000	0	0	14	cluster_14	0.6502
3335	Spectrogram 1	1	2780.000000	2781.000000	0	0	noise	cluster_noise	0.0000
3336	Spectrogram 1	1	2780.750000	2781.250000	0	0	6	cluster_6	0.6586
3337	Spectrogram 1	1	2781.000000	2781.500000	0	0	noise	cluster_noise	0.0000
3338	Spectrogram 1	1	2781.250000	2782.000000	0	0	14	cluster_14	0.7450
3339	Spectrogram 1	1	2781.750000	2782.250000	0	0	2	cluster_2	0.5944
3340	Spectrogram 1	1	2782.000000	2782.750000	0	0	14	cluster_14	0.6236
3341	Spectrogram 1	1	2782.500000	2783.000000	0	0	noise	cluster_noise	0.0000
3342	Spectrogram 1	1	2782.750000	2783.250000	0	0	2	cluster_2	0.5763
3343	Spectrogram 1	1	2783.000000	2783.500000	0	0	12	cluster_12	0.9247
3344	Spectrogram 1	1	2783.250000	2783.750000	0	0	noise	cluster_noise	0.0000
3345	Spectrogram 1	1	2783.500000	2784.000000	0	0	14	cluster_14	0.6452
3346	Spectrogram 1	1	2783.750000	2784.250000	0	0	10	cluster_10	1.0000
3347	Spectrogram 1	1	2784.000000	2784.750000	0	0	14	cluster_14	0.9645
3348	Spectrogram 1	1	2784.500000	2785.000000	0	0	noise	cluster_noise	0.0000
3349	Spectrogram 1	1	2784.750000	2785.250000	0	0	2	cluster_2	0.4172
3350	Spectrogram 1	1	2785.000000	2785.500000	0	0	12	cluster_12	0.9176
3351	Spectrogram 1	1	2785.250000	2786.000000	0	0	14	cluster_14	0.8709
3352	Spectrogram 1	1	2785.750000	2786.250000	0	0	12	cluster_12	0.8461
3353	Spectrogram 1	1	2786.000000	2786.750000	0	0	14	cluster_14	0.9548
3354	Spectrogram 1	1	2786.500000	2787.000000	0	0	2	cluster_2	0.7296
3355	Spectrogram 1	1	2786.750000	2787.250000	0	0	12	cluster_12	0.9102
3356	Spectrogram 1	1	2787.000000	2787.500000	0	0	noise	cluster_noise	0.0000
3357	Spectrogram 1	1	2787.250000	2788.500000	0	0	14	cluster_14	0.8980
3358	Spectrogram 1	1	2788.250000	2789.250000	0	0	noise	cluster_noise	0.0000
3359	Spectrogram 1	1	2789.000000	2789.500000	0	0	6	cluster_6	1.0000
3360	Spectrogram 1	1	2789.250000	2790.250000	0	0	2	cluster_2	0.6317
3361	Spectrogram 1	1	2790.000000	2791.500000	0	0	4	cluster_4	0.9484
3362	Spectrogram 1	1	2791.250000	2792.250000	0	0	noise	cluster_noise	0.0000
3363	Spectrogram 1	1	2792.000000	2793.000000	0	0	2	cluster_2	0.4377
3364	Spectrogram 1	1	2792.750000	2793.500000	0	0	8	cluster_8	1.0000
3365	Spectrogram 1	1	2793.250000	2793.750000	0	0	2	cluster_2	0.7566
3366	Spectrogram 1	1	2793.500000	2794.000000	0	0	noise	cluster_noise	0.0000
3367	Spectrogram 1	1	2793.750000	2795.000000	0	0	4	cluster_4	1.0000
3368	Spectrogram 1	1	2794.750000	2796.000000	0	0	2	cluster_2	0.6790
3369	Spectrogram 1	1	2795.750000	2796.250000	0	0	noise	cluster_noise	0.0000
3370	Spectrogram 1	1	2796.000000	2796.500000	0	0	11	cluster_11	1.0000
3371	Spectrogram 1	1	2796.250000	2796.750000	0	0	14	cluster_14	0.5582
3372	Spectrogram 1	1	2796.500000	2797.000000	0	0	noise	cluster_noise	0.0000
3373	Spectrogram 1	1	2796.750000	2797.250000	0	0	2	cluster_2	0.3620
3374	Spectrogram 1	1	2797.000000	2797.500000	0	0	5	cluster_5	0.5100
3375	Spectrogram 1	1	2797.250000	2798.250000	0	0	noise	cluster_noise	0.0000
3376	Spectrogram 1	1	2798.000000	2798.500000	0	0	14	cluster_14	0.6109
3377	Spectrogram 1	1	2798.250000	2798.750000	0	0	2	cluster_2	0.7515
3378	Spectrogram 1	1	2798.500000	2799.250000	0	0	12	cluster_12	0.9049
3379	Spectrogram 1	1	2799.000000	2799.500000	0	0	noise	cluster_noise	0.0000
3380	Spectrogram 1	1	2799.250000	2799.750000	0	0	14	cluster_14	0.6290
3381	Spectrogram 1	1	2799.500000	2800.000000	0	0	2	cluster_2	0.6742
3382	Spectrogram 1	1	2799.750000	2800.250000	0	0	12	cluster_12	0.9458
3383	Spectrogram 1	1	2800.000000	2800.750000	0	0	14	cluster_14	0.7652
3384	Spectrogram 1	1	2800.500000	2801.000000	0	0	2	cluster_2	0.8313
3385	Spectrogram 1	1	2800.750000	2801.250000	0	0	12	cluster_12	0.9219
3386	Spectrogram 1	1	2801.000000	2801.500000	0	0	noise	cluster_noise	0.0000
3387	Spectrogram 1	1	2801.250000	2801.750000	0	0	14	cluster_14	0.6363
3388	Spectrogram 1	1	2801.500000	2802.000000	0	0	noise	cluster_noise	0.0000
3389	Spectrogram 1	1	2801.750000	2802.250000	0	0	2	cluster_2	0.3335
3390	Spectrogram 1	1	2802.000000	2802.500000	0	0	noise	cluster_noise	0.0000
3391	Spectrogram 1	1	2802.250000	2802.750000	0	0	14	cluster_14	0.5916
3392	Spectrogram 1	1	2802.500000	2803.000000	0	0	noise	cluster_noise	0.0000
3393	Spectrogram 1	1	2802.750000	2803.250000	0	0	12	cluster_12	0.9168
3394	Spectrogram 1	1	2803.000000	2803.500000	0	0	14	cluster_14	1.0000
3395	Spectrogram 1	1	2803.250000	2803.750000	0	0	noise	cluster_noise	0.0000
3396	Spectrogram 1	1	2803.500000	2804.000000	0	0	2	cluster_2	0.9176
3397	Spectrogram 1	1	2803.750000	2804.250000	0	0	12	cluster_12	0.9109
3398	Spectrogram 1	1	2804.000000	2804.750000	0	0	14	cluster_14	0.7952
3399	Spectrogram 1	1	2804.500000	2805.000000	0	0	12	cluster_12	0.8746
3400	Spectrogram 1	1	2804.750000	2805.500000	0	0	14	cluster_14	1.0000
3401	Spectrogram 1	1	2805.250000	2805.750000	0	0	noise	cluster_noise	0.0000
3402	Spectrogram 1	1	2805.500000	2806.000000	0	0	12	cluster_12	0.9458
3403	Spectrogram 1	1	2805.750000	2806.250000	0	0	11	cluster_11	1.0000
3404	Spectrogram 1	1	2806.000000	2806.750000	0	0	14	cluster_14	0.6379
3405	Spectrogram 1	1	2806.500000	2807.000000	0	0	12	cluster_12	0.9458
3406	Spectrogram 1	1	2806.750000	2807.500000	0	0	14	cluster_14	0.8511
3407	Spectrogram 1	1	2807.250000	2807.750000	0	0	2	cluster_2	0.8151
3408	Spectrogram 1	1	2807.500000	2808.250000	0	0	noise	cluster_noise	0.0000
3409	Spectrogram 1	1	2808.000000	2809.000000	0	0	2	cluster_2	0.5822
3410	Spectrogram 1	1	2808.750000	2809.250000	0	0	noise	cluster_noise	0.0000
3411	Spectrogram 1	1	2809.000000	2809.500000	0	0	11	cluster_11	0.9725
3412	Spectrogram 1	1	2809.250000	2809.750000	0	0	noise	cluster_noise	0.0000
3413	Spectrogram 1	1	2809.500000	2810.000000	0	0	14	cluster_14	0.6239
3414	Spectrogram 1	1	2809.750000	2810.250000	0	0	2	cluster_2	0.7680
3415	Spectrogram 1	1	2810.000000	2811.000000	0	0	noise	cluster_noise	0.0000
3416	Spectrogram 1	1	2810.750000	2812.000000	0	0	2	cluster_2	0.6640
3417	Spectrogram 1	1	2811.750000	2812.250000	0	0	11	cluster_11	1.0000
3418	Spectrogram 1	1	2812.000000	2812.750000	0	0	14	cluster_14	0.6693
3419	Spectrogram 1	1	2812.500000	2813.750000	0	0	noise	cluster_noise	0.0000
3420	Spectrogram 1	1	2813.500000	2814.500000	0	0	2	cluster_2	0.6384
3421	Spectrogram 1	1	2814.250000	2814.750000	0	0	12	cluster_12	0.8056
3422	Spectrogram 1	1	2814.500000	2815.000000	0	0	11	cluster_11	0.9609
3423	Spectrogram 1	1	2814.750000	2815.500000	0	0	noise	cluster_noise	0.0000
3424	Spectrogram 1	1	2815.250000	2815.750000	0	0	12	cluster_12	0.7460
3425	Spectrogram 1	1	2815.500000	2816.500000	0	0	noise	cluster_noise	0.0000
3426	Spectrogram 1	1	2816.250000	2817.500000	0	0	7	cluster_7	1.0000
3427	Spectrogram 1	1	2817.250000	2817.750000	0	0	12	cluster_12	0.7545
3428	Spectrogram 1	1	2817.500000	2818.750000	0	0	2	cluster_2	0.6699
3429	Spectrogram 1	1	2818.500000	2820.500000	0	0	7	cluster_7	0.8992
3430	Spectrogram 1	1	2820.250000	2820.750000	0	0	noise	cluster_noise	0.0000
3431	Spectrogram 1	1	2820.500000	2821.750000	0	0	2	cluster_2	0.7441
3432	Spectrogram 1	1	2821.500000	2822.000000	0	0	noise	cluster_noise	0.0000
3433	Spectrogram 1	1	2821.750000	2823.750000	0	0	7	cluster_7	0.9866
3434	Spectrogram 1	1	2823.500000	2824.250000	0	0	2	cluster_2	0.6160
3435	Spectrogram 1	1	2824.000000	2824.500000	0	0	noise	cluster_noise	0.0000
3436	Spectrogram 1	1	2824.250000	2828.750000	0	0	7	cluster_7	0.8858
3437	Spectrogram 1	1	2828.500000	2829.500000	0	0	2	cluster_2	0.7701
3438	Spectrogram 1	1	2829.250000	2829.750000	0	0	noise	cluster_noise	0.0000
3439	Spectrogram 1	1	2829.500000	2830.250000	0	0	15	cluster_15	1.0000
3440	Spectrogram 1	1	2830.000000	2830.750000	0	0	noise	cluster_noise	0.0000
3441	Spectrogram 1	1	2830.500000	2831.250000	0	0	15	cluster_15	0.9857
3442	Spectrogram 1	1	2831.000000	2832.500000	0	0	2	cluster_2	0.8937
3443	Spectrogram 1	1	2832.250000	2833.000000	0	0	15	cluster_15	1.0000
3444	Spectrogram 1	1	2832.750000	2833.250000	0	0	noise	cluster_noise	0.0000
3445	Spectrogram 1	1	2833.000000	2833.500000	0	0	2	cluster_2	0.3928
3446	Spectrogram 1	1	2833.250000	2834.000000	0	0	15	cluster_15	1.0000
3447	Spectrogram 1	1	2833.750000	2835.000000	0	0	2	cluster_2	0.7540
3448	Spectrogram 1	1	2834.750000	2835.250000	0	0	noise	cluster_noise	0.0000
3449	Spectrogram 1	1	2835.000000	2835.750000	0	0	15	cluster_15	0.9860
3450	Spectrogram 1	1	2835.500000	2836.250000	0	0	noise	cluster_noise	0.0000
3451	Spectrogram 1	1	2836.000000	2836.500000	0	0	15	cluster_15	0.9271
3452	Spectrogram 1	1	2836.250000	2836.750000	0	0	6	cluster_6	0.6625
3453	Spectrogram 1	1	2836.500000	2837.750000	0	0	2	cluster_2	0.5239
3454	Spectrogram 1	1	2837.500000	2838.000000	0	0	11	cluster_11	0.9981
3455	Spectrogram 1	1	2837.750000	2838.250000	0	0	noise	cluster_noise	0.0000
3456	Spectrogram 1	1	2838.000000	2838.500000	0	0	15	cluster_15	1.0000
3457	Spectrogram 1	1	2838.250000	2838.750000	0	0	2	cluster_2	0.5913
3458	Spectrogram 1	1	2838.500000	2839.250000	0	0	noise	cluster_noise	0.0000
3459	Spectrogram 1	1	2839.000000	2839.500000	0	0	2	cluster_2	0.8218
3460	Spectrogram 1	1	2839.250000	2839.750000	0	0	noise	cluster_noise	0.0000
3461	Spectrogram 1	1	2839.500000	2840.750000	0	0	7	cluster_7	1.0000
3462	Spectrogram 1	1	2840.500000	2841.000000	0	0	5	cluster_5	0.5649
3463	Spectrogram 1	1	2840.750000	2841.250000	0	0	6	cluster_6	1.0000
3464	Spectrogram 1	1	2841.000000	2841.750000	0	0	2	cluster_2	0.8771
3465	Spectrogram 1	1	2841.500000	2842.000000	0	0	noise	cluster_noise	0.0000
3466	Spectrogram 1	1	2841.750000	2844.000000	0	0	7	cluster_7	0.9096
3467	Spectrogram 1	1	2843.750000	2844.750000	0	0	2	cluster_2	0.5939
3468	Spectrogram 1	1	2844.500000	2845.000000	0	0	noise	cluster_noise	0.0000
3469	Spectrogram 1	1	2844.750000	2849.500000	0	0	7	cluster_7	0.9443
3470	Spectrogram 1	1	2849.250000	2849.750000	0	0	2	cluster_2	0.6313
3471	Spectrogram 1	1	2849.500000	2850.000000	0	0	5	cluster_5	0.6587
3472	Spectrogram 1	1	2849.750000	2850.250000	0	0	noise	cluster_noise	0.0000
3473	Spectrogram 1	1	2850.000000	2850.500000	0	0	15	cluster_15	1.0000
3474	Spectrogram 1	1	2850.250000	2850.750000	0	0	noise	cluster_noise	0.0000
3475	Spectrogram 1	1	2850.500000	2851.250000	0	0	13	cluster_13	0.8446
3476	Spectrogram 1	1	2851.000000	2851.750000	0	0	15	cluster_15	0.9701
3477	Spectrogram 1	1	2851.500000	2852.000000	0	0	6	cluster_6	1.0000
3478	Spectrogram 1	1	2851.750000	2852.250000	0	0	2	cluster_2	0.5595
3479	Spectrogram 1	1	2852.000000	2852.750000	0	0	6	cluster_6	0.8589
3480	Spectrogram 1	1	2852.500000	2853.000000	0	0	noise	cluster_noise	0.0000
3481	Spectrogram 1	1	2852.750000	2853.250000	0	0	15	cluster_15	1.0000
3482	Spectrogram 1	1	2853.000000	2853.750000	0	0	13	cluster_13	1.0000
3483	Spectrogram 1	1	2853.500000	2854.250000	0	0	15	cluster_15	0.9662
3484	Spectrogram 1	1	2854.000000	2854.750000	0	0	noise	cluster_noise	0.0000
3485	Spectrogram 1	1	2854.500000	2855.750000	0	0	2	cluster_2	0.4052
3486	Spectrogram 1	1	2855.500000	2856.250000	0	0	15	cluster_15	1.0000
3487	Spectrogram 1	1	2856.000000	2856.750000	0	0	13	cluster_13	0.9408
3488	Spectrogram 1	1	2856.500000	2857.250000	0	0	15	cluster_15	1.0000
3489	Spectrogram 1	1	2857.000000	2857.500000	0	0	6	cluster_6	0.7532
3490	Spectrogram 1	1	2857.250000	2858.250000	0	0	2	cluster_2	0.4161
3491	Spectrogram 1	1	2858.000000	2858.500000	0	0	noise	cluster_noise	0.0000
3492	Spectrogram 1	1	2858.250000	2858.750000	0	0	15	cluster_15	1.0000
3493	Spectrogram 1	1	2858.500000	2859.000000	0	0	noise	cluster_noise	0.0000
3494	Spectrogram 1	1	2858.750000	2859.500000	0	0	13	cluster_13	1.0000
3495	Spectrogram 1	1	2859.250000	2859.750000	0	0	15	cluster_15	0.9382
3496	Spectrogram 1	1	2859.500000	2860.000000	0	0	noise	cluster_noise	0.0000
3497	Spectrogram 1	1	2859.750000	2860.250000	0	0	13	cluster_13	0.7847
3498	Spectrogram 1	1	2860.000000	2860.750000	0	0	2	cluster_2	0.6676
3499	Spectrogram 1	1	2860.500000	2861.000000	0	0	noise	cluster_noise	0.0000
3500	Spectrogram 1	1	2860.750000	2861.250000	0	0	15	cluster_15	1.0000
3501	Spectrogram 1	1	2861.000000	2861.500000	0	0	noise	cluster_noise	0.0000
3502	Spectrogram 1	1	2861.250000	2862.000000	0	0	13	cluster_13	0.9798
3503	Spectrogram 1	1	2861.750000	2862.250000	0	0	15	cluster_15	0.9334
3504	Spectrogram 1	1	2862.000000	2862.500000	0	0	noise	cluster_noise	0.0000
3505	Spectrogram 1	1	2862.250000	2862.750000	0	0	13	cluster_13	0.6766
3506	Spectrogram 1	1	2862.500000	2863.250000	0	0	15	cluster_15	1.0000
3507	Spectrogram 1	1	2863.000000	2871.250000	0	0	noise	cluster_noise	0.0000
3508	Spectrogram 1	1	2871.000000	2872.750000	0	0	10	cluster_10	0.8551
3509	Spectrogram 1	1	2872.500000	2873.000000	0	0	noise	cluster_noise	0.0000
3510	Spectrogram 1	1	2872.750000	2873.750000	0	0	10	cluster_10	0.9059
3511	Spectrogram 1	1	2873.500000	2874.500000	0	0	2	cluster_2	0.8257
3512	Spectrogram 1	1	2874.250000	2874.750000	0	0	noise	cluster_noise	0.0000
3513	Spectrogram 1	1	2874.500000	2876.250000	0	0	9	cluster_9	0.9291
3514	Spectrogram 1	1	2876.000000	2876.750000	0	0	noise	cluster_noise	0.0000
3515	Spectrogram 1	1	2876.500000	2878.250000	0	0	2	cluster_2	0.4748
3516	Spectrogram 1	1	2878.000000	2878.500000	0	0	noise	cluster_noise	0.0000
3517	Spectrogram 1	1	2878.250000	2879.000000	0	0	10	cluster_10	0.8065
3518	Spectrogram 1	1	2878.750000	2879.250000	0	0	noise	cluster_noise	0.0000
3519	Spectrogram 1	1	2879.000000	2881.000000	0	0	10	cluster_10	0.8807
3520	Spectrogram 1	1	2880.750000	2881.250000	0	0	2	cluster_2	0.7342
3521	Spectrogram 1	1	2881.000000	2881.500000	0	0	noise	cluster_noise	0.0000
3522	Spectrogram 1	1	2881.250000	2882.500000	0	0	10	cluster_10	0.8047
3523	Spectrogram 1	1	2882.250000	2882.750000	0	0	noise	cluster_noise	0.0000
3524	Spectrogram 1	1	2882.500000	2884.000000	0	0	10	cluster_10	0.8838
3525	Spectrogram 1	1	2883.750000	2884.500000	0	0	noise	cluster_noise	0.0000
3526	Spectrogram 1	1	2884.250000	2885.250000	0	0	10	cluster_10	0.8065
3527	Spectrogram 1	1	2885.000000	2885.750000	0	0	noise	cluster_noise	0.0000
3528	Spectrogram 1	1	2885.500000	2888.500000	0	0	10	cluster_10	0.8601
3529	Spectrogram 1	1	2888.250000	2888.750000	0	0	noise	cluster_noise	0.0000
3530	Spectrogram 1	1	2888.500000	2890.750000	0	0	10	cluster_10	0.9021
3531	Spectrogram 1	1	2890.500000	2891.750000	0	0	2	cluster_2	0.5753
3532	Spectrogram 1	1	2891.500000	2892.000000	0	0	noise	cluster_noise	0.0000
3533	Spectrogram 1	1	2891.750000	2893.750000	0	0	9	cluster_9	0.8976
3534	Spectrogram 1	1	2893.500000	2894.250000	0	0	8	cluster_8	0.9535
3535	Spectrogram 1	1	2894.000000	2894.500000	0	0	2	cluster_2	0.4216
3536	Spectrogram 1	1	2894.250000	2895.000000	0	0	8	cluster_8	0.9528
3537	Spectrogram 1	1	2894.750000	2895.500000	0	0	2	cluster_2	0.8042
3538	Spectrogram 1	1	2895.250000	2895.750000	0	0	15	cluster_15	1.0000
3539	Spectrogram 1	1	2895.500000	2896.000000	0	0	noise	cluster_noise	0.0000
3540	Spectrogram 1	1	2895.750000	2898.000000	0	0	10	cluster_10	0.9425
3541	Spectrogram 1	1	2897.750000	2898.750000	0	0	2	cluster_2	0.7026
3542	Spectrogram 1	1	2898.500000	2899.000000	0	0	noise	cluster_noise	0.0000
3543	Spectrogram 1	1	2898.750000	2899.500000	0	0	10	cluster_10	0.7906
3544	Spectrogram 1	1	2899.250000	2900.000000	0	0	noise	cluster_noise	0.0000
3545	Spectrogram 1	1	2899.750000	2900.750000	0	0	10	cluster_10	0.8218
3546	Spectrogram 1	1	2900.500000	2901.000000	0	0	noise	cluster_noise	0.0000
3547	Spectrogram 1	1	2900.750000	2901.500000	0	0	10	cluster_10	0.9016
3548	Spectrogram 1	1	2901.250000	2901.750000	0	0	noise	cluster_noise	0.0000
3549	Spectrogram 1	1	2901.500000	2902.250000	0	0	10	cluster_10	0.8065
3550	Spectrogram 1	1	2902.000000	2902.750000	0	0	noise	cluster_noise	0.0000
3551	Spectrogram 1	1	2902.500000	2903.500000	0	0	10	cluster_10	0.8604
3552	Spectrogram 1	1	2903.250000	2903.750000	0	0	noise	cluster_noise	0.0000
3553	Spectrogram 1	1	2903.500000	2904.250000	0	0	10	cluster_10	0.8964
3554	Spectrogram 1	1	2904.000000	2905.250000	0	0	2	cluster_2	0.6260
3555	Spectrogram 1	1	2905.000000	2905.500000	0	0	noise	cluster_noise	0.0000
3556	Spectrogram 1	1	2905.250000	2907.250000	0	0	9	cluster_9	0.9368
3557	Spectrogram 1	1	2907.000000	2907.750000	0	0	noise	cluster_noise	0.0000
3558	Spectrogram 1	1	2907.500000	2909.500000	0	0	2	cluster_2	0.7582
3559	Spectrogram 1	1	2909.250000	2909.750000	0	0	10	cluster_10	0.7847
3560	Spectrogram 1	1	2909.500000	2910.000000	0	0	noise	cluster_noise	0.0000
3561	Spectrogram 1	1	2909.750000	2912.000000	0	0	10	cluster_10	0.9588
3562	Spectrogram 1	1	2911.750000	2912.500000	0	0	2	cluster_2	0.9384
3563	Spectrogram 1	1	2912.250000	2912.750000	0	0	noise	cluster_noise	0.0000
3564	Spectrogram 1	1	2912.500000	2913.000000	0	0	15	cluster_15	0.9184
3565	Spectrogram 1	1	2912.750000	2914.000000	0	0	noise	cluster_noise	0.0000
3566	Spectrogram 1	1	2913.750000	2916.250000	0	0	10	cluster_10	0.9596
3567	Spectrogram 1	1	2916.000000	2916.750000	0	0	2	cluster_2	0.8835
3568	Spectrogram 1	1	2916.500000	2917.000000	0	0	noise	cluster_noise	0.0000
3569	Spectrogram 1	1	2916.750000	2918.500000	0	0	9	cluster_9	0.9274
3570	Spectrogram 1	1	2918.250000	2919.250000	0	0	noise	cluster_noise	0.0000
3571	Spectrogram 1	1	2919.000000	2921.250000	0	0	9	cluster_9	0.9382
3572	Spectrogram 1	1	2921.000000	2921.750000	0	0	noise	cluster_noise	0.0000
3573	Spectrogram 1	1	2921.500000	2922.500000	0	0	8	cluster_8	0.9953
3574	Spectrogram 1	1	2922.250000	2924.500000	0	0	5	cluster_5	0.8519
3575	Spectrogram 1	1	2924.250000	2924.750000	0	0	noise	cluster_noise	0.0000
3576	Spectrogram 1	1	2924.500000	2925.000000	0	0	5	cluster_5	0.8900
3577	Spectrogram 1	1	2924.750000	2925.250000	0	0	noise	cluster_noise	0.0000
3578	Spectrogram 1	1	2925.000000	2926.500000	0	0	2	cluster_2	0.7638
3579	Spectrogram 1	1	2926.250000	2929.500000	0	0	10	cluster_10	0.9641
3580	Spectrogram 1	1	2929.250000	2930.250000	0	0	2	cluster_2	0.7945
3581	Spectrogram 1	1	2930.000000	2930.500000	0	0	noise	cluster_noise	0.0000
3582	Spectrogram 1	1	2930.250000	2932.250000	0	0	9	cluster_9	0.8770
3583	Spectrogram 1	1	2932.000000	2932.500000	0	0	noise	cluster_noise	0.0000
3584	Spectrogram 1	1	2932.250000	2932.750000	0	0	8	cluster_8	0.9537
3585	Spectrogram 1	1	2932.500000	2933.000000	0	0	noise	cluster_noise	0.0000
3586	Spectrogram 1	1	2932.750000	2934.750000	0	0	9	cluster_9	0.7723
3587	Spectrogram 1	1	2934.500000	2935.000000	0	0	noise	cluster_noise	0.0000
3588	Spectrogram 1	1	2934.750000	2936.250000	0	0	2	cluster_2	0.7295
3589	Spectrogram 1	1	2936.000000	2938.250000	0	0	5	cluster_5	0.7645
3590	Spectrogram 1	1	2938.000000	2938.500000	0	0	noise	cluster_noise	0.0000
3591	Spectrogram 1	1	2938.250000	2939.500000	0	0	2	cluster_2	0.5548
3592	Spectrogram 1	1	2939.250000	2942.250000	0	0	10	cluster_10	0.9895
3593	Spectrogram 1	1	2942.000000	2943.000000	0	0	2	cluster_2	0.6541
3594	Spectrogram 1	1	2942.750000	2943.500000	0	0	noise	cluster_noise	0.0000
3595	Spectrogram 1	1	2943.250000	2944.500000	0	0	9	cluster_9	0.7841
3596	Spectrogram 1	1	2944.250000	2944.750000	0	0	2	cluster_2	0.4892
3597	Spectrogram 1	1	2944.500000	2945.250000	0	0	9	cluster_9	0.7397
3598	Spectrogram 1	1	2945.000000	2945.500000	0	0	2	cluster_2	0.5884
3599	Spectrogram 1	1	2945.250000	2945.750000	0	0	5	cluster_5	0.7247
3600	Spectrogram 1	1	2945.500000	2947.000000	0	0	9	cluster_9	0.8289
3601	Spectrogram 1	1	2946.750000	2947.250000	0	0	8	cluster_8	0.8999
3602	Spectrogram 1	1	2947.000000	2947.750000	0	0	9	cluster_9	0.7323
3603	Spectrogram 1	1	2947.500000	2948.750000	0	0	2	cluster_2	0.9949
3604	Spectrogram 1	1	2948.500000	2951.000000	0	0	5	cluster_5	0.8579
3605	Spectrogram 1	1	2950.750000	2953.250000	0	0	2	cluster_2	0.6509
3606	Spectrogram 1	1	2953.000000	2953.500000	0	0	noise	cluster_noise	0.0000
3607	Spectrogram 1	1	2953.250000	2955.250000	0	0	10	cluster_10	0.9967
3608	Spectrogram 1	1	2955.000000	2956.500000	0	0	2	cluster_2	0.8441
3609	Spectrogram 1	1	2956.250000	2956.750000	0	0	noise	cluster_noise	0.0000
3610	Spectrogram 1	1	2956.500000	2957.750000	0	0	9	cluster_9	0.7504
3611	Spectrogram 1	1	2957.500000	2958.000000	0	0	noise	cluster_noise	0.0000
3612	Spectrogram 1	1	2957.750000	2958.250000	0	0	2	cluster_2	0.5329
3613	Spectrogram 1	1	2958.000000	2958.750000	0	0	noise	cluster_noise	0.0000
3614	Spectrogram 1	1	2958.500000	2959.250000	0	0	2	cluster_2	1.0000
3615	Spectrogram 1	1	2959.000000	2959.500000	0	0	5	cluster_5	1.0000
3616	Spectrogram 1	1	2959.250000	2960.750000	0	0	9	cluster_9	0.7905
3617	Spectrogram 1	1	2960.500000	2961.000000	0	0	2	cluster_2	0.5250
3618	Spectrogram 1	1	2960.750000	2961.500000	0	0	9	cluster_9	0.6962
3619	Spectrogram 1	1	2961.250000	2961.750000	0	0	8	cluster_8	0.9411
3620	Spectrogram 1	1	2961.500000	2962.500000	0	0	2	cluster_2	0.3809
3621	Spectrogram 1	1	2962.250000	2962.750000	0	0	5	cluster_5	0.6510
3622	Spectrogram 1	1	2962.500000	2963.000000	0	0	noise	cluster_noise	0.0000
3623	Spectrogram 1	1	2962.750000	2963.500000	0	0	5	cluster_5	0.8207
3624	Spectrogram 1	1	2963.250000	2963.750000	0	0	noise	cluster_noise	0.0000
3625	Spectrogram 1	1	2963.500000	2965.250000	0	0	5	cluster_5	0.8439
3626	Spectrogram 1	1	2965.000000	2966.500000	0	0	2	cluster_2	0.5569
3627	Spectrogram 1	1	2966.250000	2968.500000	0	0	10	cluster_10	0.9714
3628	Spectrogram 1	1	2968.250000	2970.750000	0	0	2	cluster_2	0.8323
3629	Spectrogram 1	1	2970.500000	2972.000000	0	0	noise	cluster_noise	0.0000
3630	Spectrogram 1	1	2971.750000	2972.500000	0	0	5	cluster_5	0.8371
3631	Spectrogram 1	1	2972.250000	2973.000000	0	0	noise	cluster_noise	0.0000
3632	Spectrogram 1	1	2972.750000	2975.250000	0	0	2	cluster_2	0.8194
3633	Spectrogram 1	1	2975.000000	2976.000000	0	0	5	cluster_5	0.6381
3634	Spectrogram 1	1	2975.750000	2976.250000	0	0	noise	cluster_noise	0.0000
3635	Spectrogram 1	1	2976.000000	2977.000000	0	0	5	cluster_5	0.8570
3636	Spectrogram 1	1	2976.750000	2977.250000	0	0	2	cluster_2	0.5874
3637	Spectrogram 1	1	2977.000000	2977.500000	0	0	noise	cluster_noise	0.0000
3638	Spectrogram 1	1	2977.250000	2977.750000	0	0	2	cluster_2	0.6478
3639	Spectrogram 1	1	2977.500000	2978.000000	0	0	10	cluster_10	0.8454
3640	Spectrogram 1	1	2977.750000	2978.500000	0	0	noise	cluster_noise	0.0000
3641	Spectrogram 1	1	2978.250000	2979.750000	0	0	10	cluster_10	0.9528
3642	Spectrogram 1	1	2979.500000	2982.000000	0	0	2	cluster_2	0.8947
3643	Spectrogram 1	1	2981.750000	2982.500000	0	0	5	cluster_5	0.5335
3644	Spectrogram 1	1	2982.250000	2983.250000	0	0	noise	cluster_noise	0.0000
3645	Spectrogram 1	1	2983.000000	2983.500000	0	0	12	cluster_12	0.7829
3646	Spectrogram 1	1	2983.250000	2983.750000	0	0	noise	cluster_noise	0.0000
3647	Spectrogram 1	1	2983.500000	2984.000000	0	0	6	cluster_6	0.6065
3648	Spectrogram 1	1	2983.750000	2986.750000	0	0	2	cluster_2	0.7606
3649	Spectrogram 1	1	2986.500000	2987.000000	0	0	noise	cluster_noise	0.0000
3650	Spectrogram 1	1	2986.750000	2987.250000	0	0	9	cluster_9	0.6545
3651	Spectrogram 1	1	2987.000000	2989.250000	0	0	5	cluster_5	0.6720
3652	Spectrogram 1	1	2989.000000	2989.750000	0	0	2	cluster_2	0.5438
3653	Spectrogram 1	1	2989.500000	2990.000000	0	0	9	cluster_9	0.7737
3654	Spectrogram 1	1	2989.750000	2990.750000	0	0	10	cluster_10	0.9730
3655	Spectrogram 1	1	2990.500000	2991.500000	0	0	noise	cluster_noise	0.0000
3656	Spectrogram 1	1	2991.250000	2992.000000	0	0	2	cluster_2	0.7623
3657	Spectrogram 1	1	2991.750000	2992.250000	0	0	noise	cluster_noise	0.0000
3658	Spectrogram 1	1	2992.000000	2993.500000	0	0	2	cluster_2	0.6249
3659	Spectrogram 1	1	2993.250000	2996.000000	0	0	noise	cluster_noise	0.0000
3660	Spectrogram 1	1	2995.750000	2998.000000	0	0	2	cluster_2	0.7137
3661	Spectrogram 1	1	2997.750000	2999.750000	0	0	5	cluster_5	0.8509
3662	Spectrogram 1	1	2999.500000	3001.000000	0	0	2	cluster_2	0.6082
3663	Spectrogram 1	1	3000.750000	3001.750000	0	0	noise	cluster_noise	0.0000
3664	Spectrogram 1	1	3001.500000	3002.000000	0	0	6	cluster_6	0.9900
3665	Spectrogram 1	1	3001.750000	3002.500000	0	0	10	cluster_10	0.8305
3666	Spectrogram 1	1	3002.250000	3005.500000	0	0	2	cluster_2	0.9143
3667	Spectrogram 1	1	3005.250000	3008.000000	0	0	noise	cluster_noise	0.0000
3668	Spectrogram 1	1	3007.750000	3008.250000	0	0	12	cluster_12	0.7443
3669	Spectrogram 1	1	3008.000000	3010.250000	0	0	2	cluster_2	0.8736
3670	Spectrogram 1	1	3010.000000	3012.250000	0	0	5	cluster_5	0.7544
3671	Spectrogram 1	1	3012.000000	3012.500000	0	0	noise	cluster_noise	0.0000
3672	Spectrogram 1	1	3012.250000	3012.750000	0	0	2	cluster_2	0.8424
3673	Spectrogram 1	1	3012.500000	3013.000000	0	0	noise	cluster_noise	0.0000
3674	Spectrogram 1	1	3012.750000	3013.750000	0	0	10	cluster_10	1.0000
3675	Spectrogram 1	1	3013.500000	3014.000000	0	0	2	cluster_2	0.4904
3676	Spectrogram 1	1	3013.750000	3014.500000	0	0	noise	cluster_noise	0.0000
3677	Spectrogram 1	1	3014.250000	3014.750000	0	0	10	cluster_10	0.7800
3678	Spectrogram 1	1	3014.500000	3015.250000	0	0	noise	cluster_noise	0.0000
3679	Spectrogram 1	1	3015.000000	3018.000000	0	0	2	cluster_2	0.6543
3680	Spectrogram 1	1	3017.750000	3020.250000	0	0	noise	cluster_noise	0.0000
3681	Spectrogram 1	1	3020.000000	3023.000000	0	0	2	cluster_2	0.8357
3682	Spectrogram 1	1	3022.750000	3023.500000	0	0	noise	cluster_noise	0.0000
3683	Spectrogram 1	1	3023.250000	3024.000000	0	0	3	cluster_3	1.0000
3684	Spectrogram 1	1	3023.750000	3024.750000	0	0	5	cluster_5	0.6820
3685	Spectrogram 1	1	3024.500000	3025.750000	0	0	2	cluster_2	0.6028
3686	Spectrogram 1	1	3025.500000	3026.500000	0	0	noise	cluster_noise	0.0000
3687	Spectrogram 1	1	3026.250000	3027.000000	0	0	2	cluster_2	0.7286
3688	Spectrogram 1	1	3026.750000	3027.500000	0	0	noise	cluster_noise	0.0000
3689	Spectrogram 1	1	3027.250000	3030.500000	0	0	2	cluster_2	0.9256
3690	Spectrogram 1	1	3030.250000	3033.250000	0	0	noise	cluster_noise	0.0000
3691	Spectrogram 1	1	3033.000000	3035.250000	0	0	2	cluster_2	0.8753
3692	Spectrogram 1	1	3035.000000	3035.500000	0	0	5	cluster_5	0.5111
3693	Spectrogram 1	1	3035.250000	3036.000000	0	0	noise	cluster_noise	0.0000
3694	Spectrogram 1	1	3035.750000	3036.750000	0	0	5	cluster_5	0.6432
3695	Spectrogram 1	1	3036.500000	3037.750000	0	0	2	cluster_2	0.6895
3696	Spectrogram 1	1	3037.500000	3038.000000	0	0	10	cluster_10	0.8778
3697	Spectrogram 1	1	3037.750000	3039.250000	0	0	noise	cluster_noise	0.0000
3698	Spectrogram 1	1	3039.000000	3042.500000	0	0	2	cluster_2	0.8333
3699	Spectrogram 1	1	3042.250000	3042.750000	0	0	5	cluster_5	0.5076
3700	Spectrogram 1	1	3042.500000	3043.250000	0	0	noise	cluster_noise	0.0000
3701	Spectrogram 1	1	3043.000000	3043.500000	0	0	3	cluster_3	1.0000
3702	Spectrogram 1	1	3043.250000	3045.250000	0	0	noise	cluster_noise	0.0000
3703	Spectrogram 1	1	3045.000000	3045.500000	0	0	12	cluster_12	0.7324
3704	Spectrogram 1	1	3045.250000	3047.250000	0	0	2	cluster_2	0.5860
3705	Spectrogram 1	1	3047.000000	3047.500000	0	0	noise	cluster_noise	0.0000
3706	Spectrogram 1	1	3047.250000	3049.250000	0	0	5	cluster_5	0.8668
3707	Spectrogram 1	1	3049.000000	3050.000000	0	0	noise	cluster_noise	0.0000
3708	Spectrogram 1	1	3049.750000	3050.250000	0	0	2	cluster_2	0.6802
3709	Spectrogram 1	1	3050.000000	3050.500000	0	0	10	cluster_10	0.9050
3710	Spectrogram 1	1	3050.250000	3050.750000	0	0	noise	cluster_noise	0.0000
3711	Spectrogram 1	1	3050.500000	3052.250000	0	0	2	cluster_2	0.5634
3712	Spectrogram 1	1	3052.000000	3052.750000	0	0	noise	cluster_noise	0.0000
3713	Spectrogram 1	1	3052.500000	3054.500000	0	0	2	cluster_2	0.8713
3714	Spectrogram 1	1	3054.250000	3054.750000	0	0	noise	cluster_noise	0.0000
3715	Spectrogram 1	1	3054.500000	3055.000000	0	0	5	cluster_5	0.7148
3716	Spectrogram 1	1	3054.750000	3055.250000	0	0	noise	cluster_noise	0.0000
3717	Spectrogram 1	1	3055.000000	3056.500000	0	0	3	cluster_3	0.9796
3718	Spectrogram 1	1	3056.250000	3056.750000	0	0	noise	cluster_noise	0.0000
3719	Spectrogram 1	1	3056.500000	3058.750000	0	0	2	cluster_2	0.6476
3720	Spectrogram 1	1	3058.500000	3060.250000	0	0	5	cluster_5	0.9199
3721	Spectrogram 1	1	3060.000000	3061.000000	0	0	2	cluster_2	0.4408
3722	Spectrogram 1	1	3060.750000	3061.500000	0	0	10	cluster_10	0.9812
3723	Spectrogram 1	1	3061.250000	3061.750000	0	0	0	cluster_0	0.4150
3724	Spectrogram 1	1	3061.500000	3062.500000	0	0	2	cluster_2	0.7016
3725	Spectrogram 1	1	3062.250000	3063.250000	0	0	0	cluster_0	0.4298
3726	Spectrogram 1	1	3063.000000	3063.750000	0	0	2	cluster_2	0.7005
3727	Spectrogram 1	1	3063.500000	3064.500000	0	0	0	cluster_0	0.4385
3728	Spectrogram 1	1	3064.250000	3064.750000	0	0	noise	cluster_noise	0.0000
3729	Spectrogram 1	1	3064.500000	3066.000000	0	0	2	cluster_2	0.7542
3730	Spectrogram 1	1	3065.750000	3066.500000	0	0	noise	cluster_noise	0.0000
3731	Spectrogram 1	1	3066.250000	3068.000000	0	0	3	cluster_3	0.8563
3732	Spectrogram 1	1	3067.750000	3070.250000	0	0	2	cluster_2	0.6053
3733	Spectrogram 1	1	3070.000000	3070.500000	0	0	0	cluster_0	0.3103
3734	Spectrogram 1	1	3070.250000	3071.750000	0	0	5	cluster_5	0.9924
3735	Spectrogram 1	1	3071.500000	3072.250000	0	0	2	cluster_2	0.4259
3736	Spectrogram 1	1	3072.000000	3072.500000	0	0	noise	cluster_noise	0.0000
3737	Spectrogram 1	1	3072.250000	3073.500000	0	0	0	cluster_0	0.6219
3738	Spectrogram 1	1	3073.250000	3074.000000	0	0	2	cluster_2	0.7537
3739	Spectrogram 1	1	3073.750000	3074.750000	0	0	0	cluster_0	0.4300
3740	Spectrogram 1	1	3074.500000	3075.000000	0	0	10	cluster_10	0.9971
3741	Spectrogram 1	1	3074.750000	3076.000000	0	0	noise	cluster_noise	0.0000
3742	Spectrogram 1	1	3075.750000	3077.000000	0	0	2	cluster_2	0.9001
3743	Spectrogram 1	1	3076.750000	3077.250000	0	0	noise	cluster_noise	0.0000
3744	Spectrogram 1	1	3077.000000	3079.250000	0	0	3	cluster_3	0.8797
3745	Spectrogram 1	1	3079.000000	3079.500000	0	0	2	cluster_2	0.3313
3746	Spectrogram 1	1	3079.250000	3080.000000	0	0	noise	cluster_noise	0.0000
3747	Spectrogram 1	1	3079.750000	3081.250000	0	0	2	cluster_2	0.8962
3748	Spectrogram 1	1	3081.000000	3083.000000	0	0	5	cluster_5	0.8917
3749	Spectrogram 1	1	3082.750000	3083.250000	0	0	2	cluster_2	0.4074
3750	Spectrogram 1	1	3083.000000	3084.750000	0	0	5	cluster_5	0.8404
3751	Spectrogram 1	1	3084.500000	3085.250000	0	0	noise	cluster_noise	0.0000
3752	Spectrogram 1	1	3085.000000	3085.500000	0	0	12	cluster_12	0.7501
3753	Spectrogram 1	1	3085.250000	3086.500000	0	0	5	cluster_5	0.8900
3754	Spectrogram 1	1	3086.250000	3087.000000	0	0	noise	cluster_noise	0.0000
3755	Spectrogram 1	1	3086.750000	3087.250000	0	0	12	cluster_12	0.7717
3756	Spectrogram 1	1	3087.000000	3088.250000	0	0	5	cluster_5	0.7619
3757	Spectrogram 1	1	3088.000000	3088.500000	0	0	2	cluster_2	0.4858
3758	Spectrogram 1	1	3088.250000	3089.000000	0	0	5	cluster_5	0.5814
3759	Spectrogram 1	1	3088.750000	3089.500000	0	0	12	cluster_12	0.8035
3760	Spectrogram 1	1	3089.250000	3090.750000	0	0	noise	cluster_noise	0.0000
3761	Spectrogram 1	1	3090.500000	3091.500000	0	0	2	cluster_2	0.8126
3762	Spectrogram 1	1	3091.250000	3091.750000	0	0	noise	cluster_noise	0.0000
3763	Spectrogram 1	1	3091.500000	3094.000000	0	0	3	cluster_3	0.8786
3764	Spectrogram 1	1	3093.750000	3094.750000	0	0	5	cluster_5	0.7513
3765	Spectrogram 1	1	3094.500000	3096.000000	0	0	2	cluster_2	0.6455
3766	Spectrogram 1	1	3095.750000	3097.500000	0	0	5	cluster_5	0.9298
3767	Spectrogram 1	1	3097.250000	3097.750000	0	0	2	cluster_2	0.4049
3768	Spectrogram 1	1	3097.500000	3098.250000	0	0	noise	cluster_noise	0.0000
3769	Spectrogram 1	1	3098.000000	3098.750000	0	0	12	cluster_12	0.9182
3770	Spectrogram 1	1	3098.500000	3099.000000	0	0	noise	cluster_noise	0.0000
3771	Spectrogram 1	1	3098.750000	3099.250000	0	0	12	cluster_12	0.9100
3772	Spectrogram 1	1	3099.000000	3099.500000	0	0	noise	cluster_noise	0.0000
3773	Spectrogram 1	1	3099.250000	3099.750000	0	0	2	cluster_2	0.4047
3774	Spectrogram 1	1	3099.500000	3101.000000	0	0	12	cluster_12	0.8959
3775	Spectrogram 1	1	3100.750000	3101.250000	0	0	noise	cluster_noise	0.0000
3776	Spectrogram 1	1	3101.000000	3101.500000	0	0	2	cluster_2	0.9428
3777	Spectrogram 1	1	3101.250000	3102.000000	0	0	noise	cluster_noise	0.0000
3778	Spectrogram 1	1	3101.750000	3103.000000	0	0	12	cluster_12	0.8627
3779	Spectrogram 1	1	3102.750000	3103.500000	0	0	2	cluster_2	0.6058
3780	Spectrogram 1	1	3103.250000	3104.250000	0	0	12	cluster_12	0.9662
3781	Spectrogram 1	1	3104.000000	3105.000000	0	0	noise	cluster_noise	0.0000
3782	Spectrogram 1	1	3104.750000	3105.250000	0	0	12	cluster_12	0.8450
3783	Spectrogram 1	1	3105.000000	3106.250000	0	0	2	cluster_2	0.7408
3784	Spectrogram 1	1	3106.000000	3108.750000	0	0	3	cluster_3	0.8578
3785	Spectrogram 1	1	3108.500000	3109.500000	0	0	noise	cluster_noise	0.0000
3786	Spectrogram 1	1	3109.250000	3111.250000	0	0	2	cluster_2	0.6866
3787	Spectrogram 1	1	3111.000000	3112.250000	0	0	12	cluster_12	0.9147
3788	Spectrogram 1	1	3112.000000	3112.500000	0	0	noise	cluster_noise	0.0000
3789	Spectrogram 1	1	3112.250000	3113.250000	0	0	2	cluster_2	0.5698
3790	Spectrogram 1	1	3113.000000	3113.500000	0	0	noise	cluster_noise	0.0000
3791	Spectrogram 1	1	3113.250000	3114.250000	0	0	12	cluster_12	0.8516
3792	Spectrogram 1	1	3114.000000	3114.500000	0	0	noise	cluster_noise	0.0000
3793	Spectrogram 1	1	3114.250000	3115.000000	0	0	2	cluster_2	0.4340
3794	Spectrogram 1	1	3114.750000	3115.500000	0	0	noise	cluster_noise	0.0000
3795	Spectrogram 1	1	3115.250000	3115.750000	0	0	12	cluster_12	0.8613
3796	Spectrogram 1	1	3115.500000	3116.000000	0	0	noise	cluster_noise	0.0000
3797	Spectrogram 1	1	3115.750000	3116.250000	0	0	2	cluster_2	0.8002
3798	Spectrogram 1	1	3116.000000	3117.250000	0	0	12	cluster_12	0.8887
3799	Spectrogram 1	1	3117.000000	3117.500000	0	0	noise	cluster_noise	0.0000
3800	Spectrogram 1	1	3117.250000	3117.750000	0	0	2	cluster_2	0.7576
3801	Spectrogram 1	1	3117.500000	3118.000000	0	0	noise	cluster_noise	0.0000
3802	Spectrogram 1	1	3117.750000	3119.000000	0	0	12	cluster_12	0.9196
3803	Spectrogram 1	1	3118.750000	3121.000000	0	0	2	cluster_2	0.6707
3804	Spectrogram 1	1	3120.750000	3121.250000	0	0	noise	cluster_noise	0.0000
3805	Spectrogram 1	1	3121.000000	3124.000000	0	0	3	cluster_3	0.8320
3806	Spectrogram 1	1	3123.750000	3124.250000	0	0	noise	cluster_noise	0.0000
3807	Spectrogram 1	1	3124.000000	3126.750000	0	0	2	cluster_2	0.6656
3808	Spectrogram 1	1	3126.500000	3127.500000	0	0	noise	cluster_noise	0.0000
3809	Spectrogram 1	1	3127.250000	3128.000000	0	0	2	cluster_2	0.3762
3810	Spectrogram 1	1	3127.750000	3128.250000	0	0	noise	cluster_noise	0.0000
3811	Spectrogram 1	1	3128.000000	3129.000000	0	0	2	cluster_2	0.7138
3812	Spectrogram 1	1	3128.750000	3129.250000	0	0	noise	cluster_noise	0.0000
3813	Spectrogram 1	1	3129.000000	3129.750000	0	0	12	cluster_12	0.9114
3814	Spectrogram 1	1	3129.500000	3130.000000	0	0	noise	cluster_noise	0.0000
3815	Spectrogram 1	1	3129.750000	3130.750000	0	0	2	cluster_2	0.8386
3816	Spectrogram 1	1	3130.500000	3131.000000	0	0	noise	cluster_noise	0.0000
3817	Spectrogram 1	1	3130.750000	3131.500000	0	0	12	cluster_12	0.8736
3818	Spectrogram 1	1	3131.250000	3131.750000	0	0	noise	cluster_noise	0.0000
3819	Spectrogram 1	1	3131.500000	3132.500000	0	0	2	cluster_2	0.7275
3820	Spectrogram 1	1	3132.250000	3133.250000	0	0	12	cluster_12	0.9130
3821	Spectrogram 1	1	3133.000000	3133.500000	0	0	noise	cluster_noise	0.0000
3822	Spectrogram 1	1	3133.250000	3135.000000	0	0	2	cluster_2	0.8752
3823	Spectrogram 1	1	3134.750000	3135.500000	0	0	noise	cluster_noise	0.0000
3824	Spectrogram 1	1	3135.250000	3138.000000	0	0	3	cluster_3	0.9208
3825	Spectrogram 1	1	3137.750000	3138.250000	0	0	noise	cluster_noise	0.0000
3826	Spectrogram 1	1	3138.000000	3138.500000	0	0	2	cluster_2	0.3276
3827	Spectrogram 1	1	3138.250000	3138.750000	0	0	noise	cluster_noise	0.0000
3828	Spectrogram 1	1	3138.500000	3141.500000	0	0	2	cluster_2	0.6940
3829	Spectrogram 1	1	3141.250000	3142.250000	0	0	noise	cluster_noise	0.0000
3830	Spectrogram 1	1	3142.000000	3142.500000	0	0	12	cluster_12	0.9293
3831	Spectrogram 1	1	3142.250000	3143.250000	0	0	2	cluster_2	0.8240
3832	Spectrogram 1	1	3143.000000	3144.250000	0	0	12	cluster_12	0.9183
3833	Spectrogram 1	1	3144.000000	3144.500000	0	0	noise	cluster_noise	0.0000
3834	Spectrogram 1	1	3144.250000	3145.000000	0	0	2	cluster_2	0.7919
3835	Spectrogram 1	1	3144.750000	3145.250000	0	0	12	cluster_12	0.8180
3836	Spectrogram 1	1	3145.000000	3145.750000	0	0	2	cluster_2	0.4223
3837	Spectrogram 1	1	3145.500000	3146.000000	0	0	noise	cluster_noise	0.0000
3838	Spectrogram 1	1	3145.750000	3146.250000	0	0	12	cluster_12	0.9207
3839	Spectrogram 1	1	3146.000000	3147.000000	0	0	2	cluster_2	0.8502
3840	Spectrogram 1	1	3146.750000	3147.500000	0	0	12	cluster_12	0.8983
3841	Spectrogram 1	1	3147.250000	3147.750000	0	0	noise	cluster_noise	0.0000
3842	Spectrogram 1	1	3147.500000	3149.500000	0	0	2	cluster_2	0.8826
3843	Spectrogram 1	1	3149.250000	3149.750000	0	0	noise	cluster_noise	0.0000
3844	Spectrogram 1	1	3149.500000	3152.500000	0	0	3	cluster_3	0.9163
3845	Spectrogram 1	1	3152.250000	3152.750000	0	0	noise	cluster_noise	0.0000
3846	Spectrogram 1	1	3152.500000	3155.250000	0	0	2	cluster_2	0.7252
3847	Spectrogram 1	1	3155.000000	3156.000000	0	0	noise	cluster_noise	0.0000
3848	Spectrogram 1	1	3155.750000	3156.250000	0	0	2	cluster_2	0.4081
3849	Spectrogram 1	1	3156.000000	3156.750000	0	0	noise	cluster_noise	0.0000
3850	Spectrogram 1	1	3156.500000	3157.250000	0	0	2	cluster_2	0.5345
3851	Spectrogram 1	1	3157.000000	3157.500000	0	0	noise	cluster_noise	0.0000
3852	Spectrogram 1	1	3157.250000	3157.750000	0	0	2	cluster_2	0.9277
3853	Spectrogram 1	1	3157.500000	3158.500000	0	0	12	cluster_12	0.8742
3854	Spectrogram 1	1	3158.250000	3158.750000	0	0	noise	cluster_noise	0.0000
3855	Spectrogram 1	1	3158.500000	3159.500000	0	0	2	cluster_2	0.6007
3856	Spectrogram 1	1	3159.250000	3160.250000	0	0	12	cluster_12	0.7999
3857	Spectrogram 1	1	3160.000000	3160.750000	0	0	2	cluster_2	0.8911
3858	Spectrogram 1	1	3160.500000	3161.000000	0	0	12	cluster_12	0.8541
3859	Spectrogram 1	1	3160.750000	3161.250000	0	0	noise	cluster_noise	0.0000
3860	Spectrogram 1	1	3161.000000	3161.500000	0	0	12	cluster_12	0.8445
3861	Spectrogram 1	1	3161.250000	3161.750000	0	0	noise	cluster_noise	0.0000
3862	Spectrogram 1	1	3161.500000	3163.500000	0	0	2	cluster_2	0.8232
3863	Spectrogram 1	1	3163.250000	3164.000000	0	0	noise	cluster_noise	0.0000
3864	Spectrogram 1	1	3163.750000	3166.750000	0	0	3	cluster_3	0.8917
3865	Spectrogram 1	1	3166.500000	3167.500000	0	0	noise	cluster_noise	0.0000
3866	Spectrogram 1	1	3167.250000	3169.250000	0	0	2	cluster_2	0.7002
3867	Spectrogram 1	1	3169.000000	3169.500000	0	0	12	cluster_12	0.8287
3868	Spectrogram 1	1	3169.250000	3170.000000	0	0	noise	cluster_noise	0.0000
3869	Spectrogram 1	1	3169.750000	3170.250000	0	0	8	cluster_8	0.9039
3870	Spectrogram 1	1	3170.000000	3170.750000	0	0	noise	cluster_noise	0.0000
3871	Spectrogram 1	1	3170.500000	3171.500000	0	0	2	cluster_2	0.7200
3872	Spectrogram 1	1	3171.250000	3172.500000	0	0	12	cluster_12	0.8419
3873	Spectrogram 1	1	3172.250000	3172.750000	0	0	noise	cluster_noise	0.0000
3874	Spectrogram 1	1	3172.500000	3173.250000	0	0	2	cluster_2	0.5534
3875	Spectrogram 1	1	3173.000000	3174.250000	0	0	12	cluster_12	0.8581
3876	Spectrogram 1	1	3174.000000	3174.750000	0	0	2	cluster_2	0.8797
3877	Spectrogram 1	1	3174.500000	3175.500000	0	0	12	cluster_12	0.8454
3878	Spectrogram 1	1	3175.250000	3175.750000	0	0	noise	cluster_noise	0.0000
3879	Spectrogram 1	1	3175.500000	3176.250000	0	0	2	cluster_2	0.6912
3880	Spectrogram 1	1	3176.000000	3177.000000	0	0	12	cluster_12	0.9297
3881	Spectrogram 1	1	3176.750000	3177.250000	0	0	noise	cluster_noise	0.0000
3882	Spectrogram 1	1	3177.000000	3177.750000	0	0	12	cluster_12	0.8279
3883	Spectrogram 1	1	3177.500000	3178.000000	0	0	noise	cluster_noise	0.0000
3884	Spectrogram 1	1	3177.750000	3178.750000	0	0	2	cluster_2	0.7399
3885	Spectrogram 1	1	3178.500000	3181.500000	0	0	3	cluster_3	0.8923
3886	Spectrogram 1	1	3181.250000	3182.250000	0	0	noise	cluster_noise	0.0000
3887	Spectrogram 1	1	3182.000000	3184.250000	0	0	2	cluster_2	0.7207
3888	Spectrogram 1	1	3184.000000	3184.750000	0	0	noise	cluster_noise	0.0000
3889	Spectrogram 1	1	3184.500000	3185.000000	0	0	12	cluster_12	0.7638
3890	Spectrogram 1	1	3184.750000	3185.250000	0	0	noise	cluster_noise	0.0000
3891	Spectrogram 1	1	3185.000000	3185.500000	0	0	12	cluster_12	0.7384
3892	Spectrogram 1	1	3185.250000	3186.000000	0	0	noise	cluster_noise	0.0000
3893	Spectrogram 1	1	3185.750000	3186.750000	0	0	2	cluster_2	0.5995
3894	Spectrogram 1	1	3186.500000	3187.000000	0	0	12	cluster_12	0.7965
3895	Spectrogram 1	1	3186.750000	3187.250000	0	0	noise	cluster_noise	0.0000
3896	Spectrogram 1	1	3187.000000	3187.500000	0	0	12	cluster_12	0.9514
3897	Spectrogram 1	1	3187.250000	3187.750000	0	0	noise	cluster_noise	0.0000
3898	Spectrogram 1	1	3187.500000	3188.750000	0	0	2	cluster_2	0.7586
3899	Spectrogram 1	1	3188.500000	3189.000000	0	0	noise	cluster_noise	0.0000
3900	Spectrogram 1	1	3188.750000	3189.250000	0	0	12	cluster_12	0.9514
3901	Spectrogram 1	1	3189.000000	3189.500000	0	0	noise	cluster_noise	0.0000
3902	Spectrogram 1	1	3189.250000	3190.250000	0	0	2	cluster_2	0.6917
3903	Spectrogram 1	1	3190.000000	3191.000000	0	0	12	cluster_12	0.8734
3904	Spectrogram 1	1	3190.750000	3191.250000	0	0	2	cluster_2	0.9310
3905	Spectrogram 1	1	3191.000000	3192.000000	0	0	12	cluster_12	0.8629
3906	Spectrogram 1	1	3191.750000	3192.250000	0	0	noise	cluster_noise	0.0000
3907	Spectrogram 1	1	3192.000000	3193.750000	0	0	2	cluster_2	0.7341
3908	Spectrogram 1	1	3193.500000	3194.000000	0	0	noise	cluster_noise	0.0000
3909	Spectrogram 1	1	3193.750000	3196.750000	0	0	3	cluster_3	0.8640
3910	Spectrogram 1	1	3196.500000	3197.250000	0	0	noise	cluster_noise	0.0000
3911	Spectrogram 1	1	3197.000000	3199.500000	0	0	2	cluster_2	0.7139
3912	Spectrogram 1	1	3199.250000	3200.000000	0	0	noise	cluster_noise	0.0000
3913	Spectrogram 1	1	3199.750000	3200.250000	0	0	2	cluster_2	0.3864
3914	Spectrogram 1	1	3200.000000	3200.750000	0	0	noise	cluster_noise	0.0000
3915	Spectrogram 1	1	3200.500000	3201.750000	0	0	2	cluster_2	0.6185
3916	Spectrogram 1	1	3201.500000	3202.500000	0	0	12	cluster_12	0.7700
3917	Spectrogram 1	1	3202.250000	3203.250000	0	0	2	cluster_2	0.7636
3918	Spectrogram 1	1	3203.000000	3203.500000	0	0	noise	cluster_noise	0.0000
3919	Spectrogram 1	1	3203.250000	3204.250000	0	0	12	cluster_12	0.8983
3920	Spectrogram 1	1	3204.000000	3204.750000	0	0	2	cluster_2	0.9103
3921	Spectrogram 1	1	3204.500000	3205.500000	0	0	12	cluster_12	0.8618
3922	Spectrogram 1	1	3205.250000	3206.000000	0	0	2	cluster_2	0.5516
3923	Spectrogram 1	1	3205.750000	3206.750000	0	0	12	cluster_12	0.8758
3924	Spectrogram 1	1	3206.500000	3207.000000	0	0	noise	cluster_noise	0.0000
3925	Spectrogram 1	1	3206.750000	3208.500000	0	0	2	cluster_2	0.6928
3926	Spectrogram 1	1	3208.250000	3208.750000	0	0	noise	cluster_noise	0.0000
3927	Spectrogram 1	1	3208.500000	3211.750000	0	0	3	cluster_3	0.8969
3928	Spectrogram 1	1	3211.500000	3212.750000	0	0	noise	cluster_noise	0.0000
3929	Spectrogram 1	1	3212.500000	3214.500000	0	0	2	cluster_2	0.7541
3930	Spectrogram 1	1	3214.250000	3215.000000	0	0	noise	cluster_noise	0.0000
3931	Spectrogram 1	1	3214.750000	3215.750000	0	0	12	cluster_12	0.8120
3932	Spectrogram 1	1	3215.500000	3216.500000	0	0	2	cluster_2	0.4758
3933	Spectrogram 1	1	3216.250000	3216.750000	0	0	noise	cluster_noise	0.0000
3934	Spectrogram 1	1	3216.500000	3217.500000	0	0	12	cluster_12	0.9478
3935	Spectrogram 1	1	3217.250000	3217.750000	0	0	noise	cluster_noise	0.0000
3936	Spectrogram 1	1	3217.500000	3218.500000	0	0	2	cluster_2	0.6473
3937	Spectrogram 1	1	3218.250000	3219.250000	0	0	12	cluster_12	0.8744
3938	Spectrogram 1	1	3219.000000	3219.500000	0	0	noise	cluster_noise	0.0000
3939	Spectrogram 1	1	3219.250000	3220.250000	0	0	2	cluster_2	0.8152
3940	Spectrogram 1	1	3220.000000	3221.000000	0	0	12	cluster_12	0.8719
3941	Spectrogram 1	1	3220.750000	3221.750000	0	0	noise	cluster_noise	0.0000
3942	Spectrogram 1	1	3221.500000	3223.000000	0	0	2	cluster_2	0.7618
3943	Spectrogram 1	1	3222.750000	3226.000000	0	0	3	cluster_3	0.8505
3944	Spectrogram 1	1	3225.750000	3227.500000	0	0	2	cluster_2	0.4862
3945	Spectrogram 1	1	3227.250000	3228.000000	0	0	noise	cluster_noise	0.0000
3946	Spectrogram 1	1	3227.750000	3228.500000	0	0	2	cluster_2	0.7702
3947	Spectrogram 1	1	3228.250000	3229.250000	0	0	noise	cluster_noise	0.0000
3948	Spectrogram 1	1	3229.000000	3229.500000	0	0	2	cluster_2	0.3785
3949	Spectrogram 1	1	3229.250000	3230.000000	0	0	noise	cluster_noise	0.0000
3950	Spectrogram 1	1	3229.750000	3230.750000	0	0	2	cluster_2	0.7768
3951	Spectrogram 1	1	3230.500000	3231.500000	0	0	12	cluster_12	0.8876
3952	Spectrogram 1	1	3231.250000	3231.750000	0	0	noise	cluster_noise	0.0000
3953	Spectrogram 1	1	3231.500000	3232.000000	0	0	2	cluster_2	0.7594
3954	Spectrogram 1	1	3231.750000	3232.250000	0	0	noise	cluster_noise	0.0000
3955	Spectrogram 1	1	3232.000000	3233.000000	0	0	12	cluster_12	0.8681
3956	Spectrogram 1	1	3232.750000	3233.250000	0	0	noise	cluster_noise	0.0000
3957	Spectrogram 1	1	3233.000000	3233.750000	0	0	2	cluster_2	0.5604
3958	Spectrogram 1	1	3233.500000	3234.500000	0	0	12	cluster_12	0.8378
3959	Spectrogram 1	1	3234.250000	3234.750000	0	0	noise	cluster_noise	0.0000
3960	Spectrogram 1	1	3234.500000	3235.000000	0	0	2	cluster_2	0.8644
3961	Spectrogram 1	1	3234.750000	3235.750000	0	0	12	cluster_12	0.8692
3962	Spectrogram 1	1	3235.500000	3237.500000	0	0	2	cluster_2	0.7075
3963	Spectrogram 1	1	3237.250000	3237.750000	0	0	noise	cluster_noise	0.0000
3964	Spectrogram 1	1	3237.500000	3240.250000	0	0	3	cluster_3	0.9658
3965	Spectrogram 1	1	3240.000000	3241.250000	0	0	noise	cluster_noise	0.0000
3966	Spectrogram 1	1	3241.000000	3243.500000	0	0	2	cluster_2	0.6665
3967	Spectrogram 1	1	3243.250000	3244.750000	0	0	noise	cluster_noise	0.0000
3968	Spectrogram 1	1	3244.500000	3245.750000	0	0	2	cluster_2	0.6563
3969	Spectrogram 1	1	3245.500000	3246.750000	0	0	12	cluster_12	0.9152
3970	Spectrogram 1	1	3246.500000	3247.750000	0	0	2	cluster_2	0.6276
3971	Spectrogram 1	1	3247.500000	3248.500000	0	0	12	cluster_12	0.9613
3972	Spectrogram 1	1	3248.250000	3248.750000	0	0	noise	cluster_noise	0.0000
3973	Spectrogram 1	1	3248.500000	3249.500000	0	0	2	cluster_2	0.5581
3974	Spectrogram 1	1	3249.250000	3250.000000	0	0	12	cluster_12	0.8458
3975	Spectrogram 1	1	3249.750000	3250.250000	0	0	noise	cluster_noise	0.0000
3976	Spectrogram 1	1	3250.000000	3250.500000	0	0	2	cluster_2	0.9673
3977	Spectrogram 1	1	3250.250000	3251.250000	0	0	12	cluster_12	0.8774
3978	Spectrogram 1	1	3251.000000	3251.500000	0	0	noise	cluster_noise	0.0000
3979	Spectrogram 1	1	3251.250000	3252.000000	0	0	6	cluster_6	1.0000
3980	Spectrogram 1	1	3251.750000	3252.250000	0	0	noise	cluster_noise	0.0000
3981	Spectrogram 1	1	3252.000000	3253.250000	0	0	2	cluster_2	0.6725
3982	Spectrogram 1	1	3253.000000	3253.500000	0	0	noise	cluster_noise	0.0000
3983	Spectrogram 1	1	3253.250000	3255.750000	0	0	3	cluster_3	0.9349
3984	Spectrogram 1	1	3255.500000	3256.500000	0	0	noise	cluster_noise	0.0000
3985	Spectrogram 1	1	3256.250000	3258.500000	0	0	2	cluster_2	0.5722
3986	Spectrogram 1	1	3258.250000	3260.000000	0	0	noise	cluster_noise	0.0000
3987	Spectrogram 1	1	3259.750000	3261.000000	0	0	2	cluster_2	0.8271
3988	Spectrogram 1	1	3260.750000	3261.750000	0	0	12	cluster_12	0.8541
3989	Spectrogram 1	1	3261.500000	3262.750000	0	0	2	cluster_2	0.6974
3990	Spectrogram 1	1	3262.500000	3263.000000	0	0	6	cluster_6	0.6576
3991	Spectrogram 1	1	3262.750000	3263.250000	0	0	noise	cluster_noise	0.0000
3992	Spectrogram 1	1	3263.000000	3263.750000	0	0	12	cluster_12	0.9253
3993	Spectrogram 1	1	3263.500000	3264.750000	0	0	2	cluster_2	0.7278
3994	Spectrogram 1	1	3264.500000	3265.500000	0	0	12	cluster_12	0.8696
3995	Spectrogram 1	1	3265.250000	3265.750000	0	0	2	cluster_2	0.8381
3996	Spectrogram 1	1	3265.500000	3266.000000	0	0	noise	cluster_noise	0.0000
3997	Spectrogram 1	1	3265.750000	3267.250000	0	0	2	cluster_2	0.5710
3998	Spectrogram 1	1	3267.000000	3267.750000	0	0	noise	cluster_noise	0.0000
3999	Spectrogram 1	1	3267.500000	3270.250000	0	0	3	cluster_3	0.9120
4000	Spectrogram 1	1	3270.000000	3270.750000	0	0	noise	cluster_noise	0.0000
4001	Spectrogram 1	1	3270.500000	3273.000000	0	0	2	cluster_2	0.5195
4002	Spectrogram 1	1	3272.750000	3273.250000	0	0	noise	cluster_noise	0.0000
4003	Spectrogram 1	1	3273.000000	3274.000000	0	0	12	cluster_12	0.8772
4004	Spectrogram 1	1	3273.750000	3274.500000	0	0	noise	cluster_noise	0.0000
4005	Spectrogram 1	1	3274.250000	3274.750000	0	0	2	cluster_2	0.6650
4006	Spectrogram 1	1	3274.500000	3275.000000	0	0	noise	cluster_noise	0.0000
4007	Spectrogram 1	1	3274.750000	3276.500000	0	0	2	cluster_2	0.7966
4008	Spectrogram 1	1	3276.250000	3277.000000	0	0	noise	cluster_noise	0.0000
4009	Spectrogram 1	1	3276.750000	3278.000000	0	0	4	cluster_4	0.9804
4010	Spectrogram 1	1	3277.750000	3278.500000	0	0	2	cluster_2	0.7525
4011	Spectrogram 1	1	3278.250000	3278.750000	0	0	noise	cluster_noise	0.0000
4012	Spectrogram 1	1	3278.500000	3279.250000	0	0	2	cluster_2	0.7412
4013	Spectrogram 1	1	3279.000000	3279.500000	0	0	6	cluster_6	1.0000
4014	Spectrogram 1	1	3279.250000	3280.000000	0	0	11	cluster_11	1.0000
4015	Spectrogram 1	1	3279.750000	3280.250000	0	0	2	cluster_2	0.9586
4016	Spectrogram 1	1	3280.000000	3280.750000	0	0	12	cluster_12	0.8438
4017	Spectrogram 1	1	3280.500000	3281.000000	0	0	noise	cluster_noise	0.0000
4018	Spectrogram 1	1	3280.750000	3281.250000	0	0	2	cluster_2	0.8278
4019	Spectrogram 1	1	3281.000000	3281.500000	0	0	12	cluster_12	0.8983
4020	Spectrogram 1	1	3281.250000	3282.000000	0	0	11	cluster_11	1.0000
4021	Spectrogram 1	1	3281.750000	3282.500000	0	0	noise	cluster_noise	0.0000
4022	Spectrogram 1	1	3282.250000	3283.000000	0	0	12	cluster_12	0.8217
4023	Spectrogram 1	1	3282.750000	3283.250000	0	0	2	cluster_2	0.6722
4024	Spectrogram 1	1	3283.000000	3283.500000	0	0	12	cluster_12	0.9082
4025	Spectrogram 1	1	3283.250000	3284.000000	0	0	11	cluster_11	1.0000
4026	Spectrogram 1	1	3283.750000	3284.250000	0	0	2	cluster_2	0.8934
4027	Spectrogram 1	1	3284.000000	3284.750000	0	0	12	cluster_12	0.8763
4028	Spectrogram 1	1	3284.500000	3285.250000	0	0	2	cluster_2	0.8978
4029	Spectrogram 1	1	3285.000000	3285.750000	0	0	11	cluster_11	0.8991
4030	Spectrogram 1	1	3285.500000	3286.750000	0	0	noise	cluster_noise	0.0000
4031	Spectrogram 1	1	3286.500000	3287.250000	0	0	2	cluster_2	0.7352
4032	Spectrogram 1	1	3287.000000	3287.500000	0	0	12	cluster_12	0.9458
4033	Spectrogram 1	1	3287.250000	3288.000000	0	0	11	cluster_11	1.0000
4034	Spectrogram 1	1	3287.750000	3288.250000	0	0	2	cluster_2	0.6445
4035	Spectrogram 1	1	3288.000000	3288.750000	0	0	12	cluster_12	0.8868
4036	Spectrogram 1	1	3288.500000	3289.000000	0	0	noise	cluster_noise	0.0000
4037	Spectrogram 1	1	3288.750000	3289.750000	0	0	2	cluster_2	0.8246
4038	Spectrogram 1	1	3289.500000	3290.000000	0	0	noise	cluster_noise	0.0000
4039	Spectrogram 1	1	3289.750000	3291.250000	0	0	4	cluster_4	1.0000
4040	Spectrogram 1	1	3291.000000	3293.500000	0	0	2	cluster_2	0.8177
4041	Spectrogram 1	1	3293.250000	3293.750000	0	0	noise	cluster_noise	0.0000
4042	Spectrogram 1	1	3293.500000	3295.000000	0	0	4	cluster_4	1.0000
4043	Spectrogram 1	1	3294.750000	3296.250000	0	0	2	cluster_2	0.7966
4044	Spectrogram 1	1	3296.000000	3296.500000	0	0	noise	cluster_noise	0.0000
4045	Spectrogram 1	1	3296.250000	3297.000000	0	0	11	cluster_11	0.9241
4046	Spectrogram 1	1	3296.750000	3297.250000	0	0	6	cluster_6	0.9689
4047	Spectrogram 1	1	3297.000000	3297.750000	0	0	11	cluster_11	0.9925
4048	Spectrogram 1	1	3297.500000	3298.000000	0	0	noise	cluster_noise	0.0000
4049	Spectrogram 1	1	3297.750000	3298.250000	0	0	2	cluster_2	1.0000
4050	Spectrogram 1	1	3298.000000	3298.500000	0	0	noise	cluster_noise	0.0000
4051	Spectrogram 1	1	3298.250000	3299.000000	0	0	11	cluster_11	1.0000
4052	Spectrogram 1	1	3298.750000	3299.250000	0	0	2	cluster_2	0.7119
4053	Spectrogram 1	1	3299.000000	3299.500000	0	0	12	cluster_12	0.8114
4054	Spectrogram 1	1	3299.250000	3299.750000	0	0	11	cluster_11	1.0000
4055	Spectrogram 1	1	3299.500000	3300.000000	0	0	noise	cluster_noise	0.0000
4056	Spectrogram 1	1	3299.750000	3300.250000	0	0	2	cluster_2	0.8240
4057	Spectrogram 1	1	3300.000000	3300.750000	0	0	noise	cluster_noise	0.0000
4058	Spectrogram 1	1	3300.500000	3301.250000	0	0	11	cluster_11	1.0000
4059	Spectrogram 1	1	3301.000000	3301.500000	0	0	2	cluster_2	0.9224
4060	Spectrogram 1	1	3301.250000	3302.000000	0	0	11	cluster_11	1.0000
4061	Spectrogram 1	1	3301.750000	3302.250000	0	0	noise	cluster_noise	0.0000
4062	Spectrogram 1	1	3302.000000	3302.500000	0	0	2	cluster_2	0.8864
4063	Spectrogram 1	1	3302.250000	3303.000000	0	0	11	cluster_11	0.9944
4064	Spectrogram 1	1	3302.750000	3303.250000	0	0	2	cluster_2	0.9357
4065	Spectrogram 1	1	3303.000000	3303.750000	0	0	noise	cluster_noise	0.0000
4066	Spectrogram 1	1	3303.500000	3304.000000	0	0	2	cluster_2	0.6608
4067	Spectrogram 1	1	3303.750000	3304.500000	0	0	11	cluster_11	1.0000
4068	Spectrogram 1	1	3304.250000	3304.750000	0	0	2	cluster_2	1.0000
4069	Spectrogram 1	1	3304.500000	3305.250000	0	0	11	cluster_11	1.0000
4070	Spectrogram 1	1	3305.000000	3306.500000	0	0	2	cluster_2	0.7525
4071	Spectrogram 1	1	3306.250000	3306.750000	0	0	noise	cluster_noise	0.0000
4072	Spectrogram 1	1	3306.500000	3307.750000	0	0	4	cluster_4	1.0000
4073	Spectrogram 1	1	3307.500000	3310.500000	0	0	2	cluster_2	0.6133
4074	Spectrogram 1	1	3310.250000	3311.500000	0	0	4	cluster_4	1.0000
4075	Spectrogram 1	1	3311.250000	3311.750000	0	0	noise	cluster_noise	0.0000
4076	Spectrogram 1	1	3311.500000	3312.250000	0	0	2	cluster_2	0.8056
4077	Spectrogram 1	1	3312.000000	3312.750000	0	0	6	cluster_6	0.8200
4078	Spectrogram 1	1	3312.500000	3313.000000	0	0	2	cluster_2	0.6087
4079	Spectrogram 1	1	3312.750000	3313.500000	0	0	11	cluster_11	1.0000
4080	Spectrogram 1	1	3313.250000	3313.750000	0	0	2	cluster_2	1.0000
4081	Spectrogram 1	1	3313.500000	3314.250000	0	0	12	cluster_12	0.8212
4082	Spectrogram 1	1	3314.000000	3314.500000	0	0	noise	cluster_noise	0.0000
4083	Spectrogram 1	1	3314.250000	3315.000000	0	0	11	cluster_11	0.9865
4084	Spectrogram 1	1	3314.750000	3315.500000	0	0	2	cluster_2	0.7271
4085	Spectrogram 1	1	3315.250000	3315.750000	0	0	noise	cluster_noise	0.0000
4086	Spectrogram 1	1	3315.500000	3316.250000	0	0	11	cluster_11	1.0000
4087	Spectrogram 1	1	3316.000000	3316.500000	0	0	noise	cluster_noise	0.0000
4088	Spectrogram 1	1	3316.250000	3316.750000	0	0	2	cluster_2	0.9184
4089	Spectrogram 1	1	3316.500000	3317.000000	0	0	noise	cluster_noise	0.0000
4090	Spectrogram 1	1	3316.750000	3317.500000	0	0	11	cluster_11	0.9972
4091	Spectrogram 1	1	3317.250000	3317.750000	0	0	2	cluster_2	0.8597
4092	Spectrogram 1	1	3317.500000	3318.000000	0	0	noise	cluster_noise	0.0000
4093	Spectrogram 1	1	3317.750000	3318.250000	0	0	12	cluster_12	0.8281
4094	Spectrogram 1	1	3318.000000	3318.750000	0	0	11	cluster_11	1.0000
4095	Spectrogram 1	1	3318.500000	3319.000000	0	0	12	cluster_12	0.7737
4096	Spectrogram 1	1	3318.750000	3319.500000	0	0	11	cluster_11	1.0000
4097	Spectrogram 1	1	3319.250000	3319.750000	0	0	2	cluster_2	0.6782
4098	Spectrogram 1	1	3319.500000	3320.000000	0	0	noise	cluster_noise	0.0000
4099	Spectrogram 1	1	3319.750000	3320.250000	0	0	12	cluster_12	0.8753
4100	Spectrogram 1	1	3320.000000	3320.750000	0	0	11	cluster_11	0.8766
4101	Spectrogram 1	1	3320.500000	3321.000000	0	0	2	cluster_2	0.8253
4102	Spectrogram 1	1	3320.750000	3321.500000	0	0	11	cluster_11	0.9992
4103	Spectrogram 1	1	3321.250000	3321.750000	0	0	2	cluster_2	0.9920
4104	Spectrogram 1	1	3321.500000	3322.000000	0	0	noise	cluster_noise	0.0000
4105	Spectrogram 1	1	3321.750000	3322.500000	0	0	11	cluster_11	1.0000
4106	Spectrogram 1	1	3322.250000	3323.500000	0	0	noise	cluster_noise	0.0000
4107	Spectrogram 1	1	3323.250000	3324.500000	0	0	2	cluster_2	0.9680
4108	Spectrogram 1	1	3324.250000	3325.750000	0	0	4	cluster_4	0.9799
4109	Spectrogram 1	1	3325.500000	3328.250000	0	0	2	cluster_2	0.8344
4110	Spectrogram 1	1	3328.000000	3328.500000	0	0	noise	cluster_noise	0.0000
4111	Spectrogram 1	1	3328.250000	3329.500000	0	0	4	cluster_4	1.0000
4112	Spectrogram 1	1	3329.250000	3330.750000	0	0	2	cluster_2	0.7331
4113	Spectrogram 1	1	3330.500000	3331.000000	0	0	12	cluster_12	0.7856
4114	Spectrogram 1	1	3330.750000	3331.500000	0	0	11	cluster_11	0.9561
4115	Spectrogram 1	1	3331.250000	3331.750000	0	0	2	cluster_2	0.8958
4116	Spectrogram 1	1	3331.500000	3332.250000	0	0	12	cluster_12	0.8091
4117	Spectrogram 1	1	3332.000000	3332.500000	0	0	2	cluster_2	0.7800
4118	Spectrogram 1	1	3332.250000	3333.000000	0	0	11	cluster_11	0.9532
4119	Spectrogram 1	1	3332.750000	3333.250000	0	0	2	cluster_2	0.7463
4120	Spectrogram 1	1	3333.000000	3333.500000	0	0	12	cluster_12	0.9372
4121	Spectrogram 1	1	3333.250000	3334.000000	0	0	11	cluster_11	1.0000
4122	Spectrogram 1	1	3333.750000	3334.750000	0	0	noise	cluster_noise	0.0000
4123	Spectrogram 1	1	3334.500000	3335.250000	0	0	11	cluster_11	1.0000
4124	Spectrogram 1	1	3335.000000	3335.500000	0	0	2	cluster_2	0.5769
4125	Spectrogram 1	1	3335.250000	3336.000000	0	0	11	cluster_11	1.0000
4126	Spectrogram 1	1	3335.750000	3336.750000	0	0	noise	cluster_noise	0.0000
4127	Spectrogram 1	1	3336.500000	3337.250000	0	0	11	cluster_11	1.0000
4128	Spectrogram 1	1	3337.000000	3337.750000	0	0	12	cluster_12	0.8718
4129	Spectrogram 1	1	3337.500000	3338.000000	0	0	noise	cluster_noise	0.0000
4130	Spectrogram 1	1	3337.750000	3338.250000	0	0	2	cluster_2	0.7951
4131	Spectrogram 1	1	3338.000000	3338.500000	0	0	12	cluster_12	0.8360
4132	Spectrogram 1	1	3338.250000	3339.000000	0	0	11	cluster_11	0.9758
4133	Spectrogram 1	1	3338.750000	3339.250000	0	0	12	cluster_12	0.7812
4134	Spectrogram 1	1	3339.000000	3339.750000	0	0	14	cluster_14	1.0000
4135	Spectrogram 1	1	3339.500000	3341.250000	0	0	2	cluster_2	0.6224
4136	Spectrogram 1	1	3341.000000	3341.500000	0	0	noise	cluster_noise	0.0000
4137	Spectrogram 1	1	3341.250000	3342.500000	0	0	4	cluster_4	1.0000
4138	Spectrogram 1	1	3342.250000	3345.000000	0	0	2	cluster_2	0.7980
4139	Spectrogram 1	1	3344.750000	3345.250000	0	0	noise	cluster_noise	0.0000
4140	Spectrogram 1	1	3345.000000	3346.250000	0	0	4	cluster_4	1.0000
4141	Spectrogram 1	1	3346.000000	3347.500000	0	0	2	cluster_2	0.8411
4142	Spectrogram 1	1	3347.250000	3347.750000	0	0	12	cluster_12	0.9201
4143	Spectrogram 1	1	3347.500000	3348.000000	0	0	14	cluster_14	0.5580
4144	Spectrogram 1	1	3347.750000	3348.250000	0	0	noise	cluster_noise	0.0000
4145	Spectrogram 1	1	3348.000000	3348.500000	0	0	14	cluster_14	1.0000
4146	Spectrogram 1	1	3348.250000	3348.750000	0	0	12	cluster_12	0.7621
4147	Spectrogram 1	1	3348.500000	3349.000000	0	0	noise	cluster_noise	0.0000
4148	Spectrogram 1	1	3348.750000	3349.750000	0	0	2	cluster_2	0.7284
4149	Spectrogram 1	1	3349.500000	3350.000000	0	0	11	cluster_11	1.0000
4150	Spectrogram 1	1	3349.750000	3351.000000	0	0	14	cluster_14	0.8260
4151	Spectrogram 1	1	3350.750000	3351.250000	0	0	noise	cluster_noise	0.0000
4152	Spectrogram 1	1	3351.000000	3351.500000	0	0	2	cluster_2	0.9871
4153	Spectrogram 1	1	3351.250000	3352.000000	0	0	12	cluster_12	0.8315
4154	Spectrogram 1	1	3351.750000	3352.250000	0	0	noise	cluster_noise	0.0000
4155	Spectrogram 1	1	3352.000000	3352.500000	0	0	2	cluster_2	1.0000
4156	Spectrogram 1	1	3352.250000	3352.750000	0	0	12	cluster_12	0.9176
4157	Spectrogram 1	1	3352.500000	3353.250000	0	0	14	cluster_14	0.9149
4158	Spectrogram 1	1	3353.000000	3353.500000	0	0	12	cluster_12	0.8620
4159	Spectrogram 1	1	3353.250000	3354.000000	0	0	14	cluster_14	0.9717
4160	Spectrogram 1	1	3353.750000	3354.250000	0	0	2	cluster_2	0.7614
4161	Spectrogram 1	1	3354.000000	3354.500000	0	0	12	cluster_12	0.7888
4162	Spectrogram 1	1	3354.250000	3354.750000	0	0	noise	cluster_noise	0.0000
4163	Spectrogram 1	1	3354.500000	3355.750000	0	0	14	cluster_14	0.9037
4164	Spectrogram 1	1	3355.500000	3356.000000	0	0	12	cluster_12	0.8058
4165	Spectrogram 1	1	3355.750000	3356.500000	0	0	14	cluster_14	0.8913
4166	Spectrogram 1	1	3356.250000	3356.750000	0	0	noise	cluster_noise	0.0000
4167	Spectrogram 1	1	3356.500000	3357.250000	0	0	14	cluster_14	0.7582
4168	Spectrogram 1	1	3357.000000	3358.500000	0	0	2	cluster_2	0.8715
4169	Spectrogram 1	1	3358.250000	3358.750000	0	0	12	cluster_12	0.7463
4170	Spectrogram 1	1	3358.500000	3359.000000	0	0	14	cluster_14	0.5575
4171	Spectrogram 1	1	3358.750000	3359.500000	0	0	noise	cluster_noise	0.0000
4172	Spectrogram 1	1	3359.250000	3361.500000	0	0	2	cluster_2	0.7475
4173	Spectrogram 1	1	3361.250000	3361.750000	0	0	11	cluster_11	0.9425
4174	Spectrogram 1	1	3361.500000	3363.000000	0	0	noise	cluster_noise	0.0000
4175	Spectrogram 1	1	3362.750000	3364.250000	0	0	2	cluster_2	0.7975
4176	Spectrogram 1	1	3364.000000	3364.500000	0	0	11	cluster_11	0.8491
4177	Spectrogram 1	1	3364.250000	3365.750000	0	0	noise	cluster_noise	0.0000
4178	Spectrogram 1	1	3365.500000	3366.500000	0	0	2	cluster_2	0.7815
4179	Spectrogram 1	1	3366.250000	3366.750000	0	0	noise	cluster_noise	0.0000
4180	Spectrogram 1	1	3366.500000	3367.500000	0	0	7	cluster_7	0.9908
4181	Spectrogram 1	1	3367.250000	3367.750000	0	0	noise	cluster_noise	0.0000
4182	Spectrogram 1	1	3367.500000	3369.000000	0	0	2	cluster_2	0.7136
4183	Spectrogram 1	1	3368.750000	3369.250000	0	0	noise	cluster_noise	0.0000
4184	Spectrogram 1	1	3369.000000	3370.500000	0	0	7	cluster_7	1.0000
4185	Spectrogram 1	1	3370.250000	3370.750000	0	0	noise	cluster_noise	0.0000
4186	Spectrogram 1	1	3370.500000	3371.750000	0	0	2	cluster_2	0.6885
4187	Spectrogram 1	1	3371.500000	3374.750000	0	0	7	cluster_7	0.9916
4188	Spectrogram 1	1	3374.500000	3375.000000	0	0	noise	cluster_noise	0.0000
4189	Spectrogram 1	1	3374.750000	3375.750000	0	0	2	cluster_2	0.8472
4190	Spectrogram 1	1	3375.500000	3376.250000	0	0	15	cluster_15	0.9852
4191	Spectrogram 1	1	3376.000000	3376.500000	0	0	noise	cluster_noise	0.0000
4192	Spectrogram 1	1	3376.250000	3376.750000	0	0	2	cluster_2	1.0000
4193	Spectrogram 1	1	3376.500000	3377.250000	0	0	15	cluster_15	1.0000
4194	Spectrogram 1	1	3377.000000	3378.500000	0	0	2	cluster_2	0.8352
4195	Spectrogram 1	1	3378.250000	3378.750000	0	0	noise	cluster_noise	0.0000
4196	Spectrogram 1	1	3378.500000	3379.250000	0	0	15	cluster_15	0.9923
4197	Spectrogram 1	1	3379.000000	3379.500000	0	0	noise	cluster_noise	0.0000
4198	Spectrogram 1	1	3379.250000	3380.000000	0	0	15	cluster_15	1.0000
4199	Spectrogram 1	1	3379.750000	3381.500000	0	0	2	cluster_2	0.8821
4200	Spectrogram 1	1	3381.250000	3381.750000	0	0	noise	cluster_noise	0.0000
4201	Spectrogram 1	1	3381.500000	3382.250000	0	0	14	cluster_14	0.7613
4202	Spectrogram 1	1	3382.000000	3383.000000	0	0	noise	cluster_noise	0.0000
4203	Spectrogram 1	1	3382.750000	3384.250000	0	0	2	cluster_2	0.8960
4204	Spectrogram 1	1	3384.000000	3384.750000	0	0	15	cluster_15	0.9397
4205	Spectrogram 1	1	3384.500000	3385.000000	0	0	noise	cluster_noise	0.0000
4206	Spectrogram 1	1	3384.750000	3385.250000	0	0	2	cluster_2	0.7555
4207	Spectrogram 1	1	3385.000000	3385.750000	0	0	15	cluster_15	0.9798
4208	Spectrogram 1	1	3385.500000	3386.000000	0	0	2	cluster_2	1.0000
4209	Spectrogram 1	1	3385.750000	3386.250000	0	0	noise	cluster_noise	0.0000
4210	Spectrogram 1	1	3386.000000	3387.250000	0	0	7	cluster_7	1.0000
4211	Spectrogram 1	1	3387.000000	3387.750000	0	0	8	cluster_8	0.9388
4212	Spectrogram 1	1	3387.500000	3388.250000	0	0	2	cluster_2	0.9113
4213	Spectrogram 1	1	3388.000000	3390.250000	0	0	7	cluster_7	0.9249
4214	Spectrogram 1	1	3390.000000	3390.500000	0	0	noise	cluster_noise	0.0000
4215	Spectrogram 1	1	3390.250000	3391.500000	0	0	2	cluster_2	0.8461
4216	Spectrogram 1	1	3391.250000	3392.500000	0	0	7	cluster_7	0.8967
4217	Spectrogram 1	1	3392.250000	3392.750000	0	0	noise	cluster_noise	0.0000
4218	Spectrogram 1	1	3392.500000	3394.000000	0	0	7	cluster_7	0.9949
4219	Spectrogram 1	1	3393.750000	3394.250000	0	0	noise	cluster_noise	0.0000
4220	Spectrogram 1	1	3394.000000	3395.000000	0	0	2	cluster_2	0.7187
4221	Spectrogram 1	1	3394.750000	3395.500000	0	0	15	cluster_15	1.0000
4222	Spectrogram 1	1	3395.250000	3396.000000	0	0	13	cluster_13	1.0000
4223	Spectrogram 1	1	3395.750000	3398.000000	0	0	2	cluster_2	0.7590
4224	Spectrogram 1	1	3397.750000	3398.250000	0	0	15	cluster_15	1.0000
4225	Spectrogram 1	1	3398.000000	3398.500000	0	0	noise	cluster_noise	0.0000
4226	Spectrogram 1	1	3398.250000	3399.000000	0	0	13	cluster_13	1.0000
4227	Spectrogram 1	1	3398.750000	3399.500000	0	0	noise	cluster_noise	0.0000
4228	Spectrogram 1	1	3399.250000	3400.750000	0	0	2	cluster_2	0.8716
4229	Spectrogram 1	1	3400.500000	3401.000000	0	0	noise	cluster_noise	0.0000
4230	Spectrogram 1	1	3400.750000	3401.250000	0	0	15	cluster_15	0.9565
4231	Spectrogram 1	1	3401.000000	3401.750000	0	0	13	cluster_13	1.0000
4232	Spectrogram 1	1	3401.500000	3402.000000	0	0	noise	cluster_noise	0.0000
4233	Spectrogram 1	1	3401.750000	3402.250000	0	0	10	cluster_10	0.8065
4234	Spectrogram 1	1	3402.000000	3402.500000	0	0	noise	cluster_noise	0.0000
4235	Spectrogram 1	1	3402.250000	3404.000000	0	0	2	cluster_2	0.7901
4236	Spectrogram 1	1	3403.750000	3404.500000	0	0	noise	cluster_noise	0.0000
4237	Spectrogram 1	1	3404.250000	3405.000000	0	0	13	cluster_13	1.0000
4238	Spectrogram 1	1	3404.750000	3405.750000	0	0	noise	cluster_noise	0.0000
4239	Spectrogram 1	1	3405.500000	3407.000000	0	0	2	cluster_2	0.7718
4240	Spectrogram 1	1	3406.750000	3407.250000	0	0	15	cluster_15	0.9566
4241	Spectrogram 1	1	3407.000000	3407.500000	0	0	noise	cluster_noise	0.0000
4242	Spectrogram 1	1	3407.250000	3407.750000	0	0	13	cluster_13	1.0000
4243	Spectrogram 1	1	3407.500000	3408.000000	0	0	noise	cluster_noise	0.0000
4244	Spectrogram 1	1	3407.750000	3408.250000	0	0	9	cluster_9	0.5997
4245	Spectrogram 1	1	3408.000000	3408.750000	0	0	noise	cluster_noise	0.0000
4246	Spectrogram 1	1	3408.500000	3409.000000	0	0	10	cluster_10	0.7731
4247	Spectrogram 1	1	3408.750000	3409.750000	0	0	2	cluster_2	0.8405
4248	Spectrogram 1	1	3409.500000	3410.250000	0	0	15	cluster_15	0.9917
4249	Spectrogram 1	1	3410.000000	3410.500000	0	0	13	cluster_13	1.0000
4250	Spectrogram 1	1	3410.250000	3410.750000	0	0	noise	cluster_noise	0.0000
4251	Spectrogram 1	1	3410.500000	3411.250000	0	0	9	cluster_9	0.6389
4252	Spectrogram 1	1	3411.000000	3411.750000	0	0	noise	cluster_noise	0.0000
4253	Spectrogram 1	1	3411.500000	3412.000000	0	0	2	cluster_2	0.3318
4254	Spectrogram 1	1	3411.750000	3412.250000	0	0	noise	cluster_noise	0.0000
4255	Spectrogram 1	1	3412.000000	3412.500000	0	0	15	cluster_15	1.0000
4256	Spectrogram 1	1	3412.250000	3413.000000	0	0	13	cluster_13	1.0000
4257	Spectrogram 1	1	3412.750000	3413.500000	0	0	noise	cluster_noise	0.0000
4258	Spectrogram 1	1	3413.250000	3415.000000	0	0	9	cluster_9	0.6994
4259	Spectrogram 1	1	3414.750000	3415.250000	0	0	noise	cluster_noise	0.0000
4260	Spectrogram 1	1	3415.000000	3416.750000	0	0	9	cluster_9	0.6118
4261	Spectrogram 1	1	3416.500000	3417.000000	0	0	noise	cluster_noise	0.0000
4262	Spectrogram 1	1	3416.750000	3417.500000	0	0	9	cluster_9	0.6061
4263	Spectrogram 1	1	3417.250000	3417.750000	0	0	noise	cluster_noise	0.0000
4264	Spectrogram 1	1	3417.500000	3418.000000	0	0	10	cluster_10	0.8501
4265	Spectrogram 1	1	3417.750000	3418.250000	0	0	noise	cluster_noise	0.0000
4266	Spectrogram 1	1	3418.000000	3419.250000	0	0	2	cluster_2	0.8172
4267	Spectrogram 1	1	3419.000000	3419.500000	0	0	15	cluster_15	1.0000
4268	Spectrogram 1	1	3419.250000	3419.750000	0	0	noise	cluster_noise	0.0000
4269	Spectrogram 1	1	3419.500000	3420.250000	0	0	13	cluster_13	0.9723
4270	Spectrogram 1	1	3420.000000	3420.500000	0	0	10	cluster_10	1.0000
4271	Spectrogram 1	1	3420.250000	3422.500000	0	0	2	cluster_2	0.7303
4272	Spectrogram 1	1	3422.250000	3422.750000	0	0	15	cluster_15	1.0000
4273	Spectrogram 1	1	3422.500000	3423.250000	0	0	noise	cluster_noise	0.0000
4274	Spectrogram 1	1	3423.000000	3423.750000	0	0	9	cluster_9	0.6317
4275	Spectrogram 1	1	3423.500000	3425.500000	0	0	2	cluster_2	0.4541
4276	Spectrogram 1	1	3425.250000	3425.750000	0	0	15	cluster_15	0.9338
4277	Spectrogram 1	1	3425.500000	3426.000000	0	0	noise	cluster_noise	0.0000
4278	Spectrogram 1	1	3425.750000	3426.250000	0	0	13	cluster_13	1.0000
4279	Spectrogram 1	1	3426.000000	3426.750000	0	0	9	cluster_9	0.6189
4280	Spectrogram 1	1	3426.500000	3427.500000	0	0	2	cluster_2	0.4459
4281	Spectrogram 1	1	3427.250000	3427.750000	0	0	noise	cluster_noise	0.0000
4282	Spectrogram 1	1	3427.500000	3428.000000	0	0	15	cluster_15	1.0000
4283	Spectrogram 1	1	3427.750000	3428.500000	0	0	noise	cluster_noise	0.0000
4284	Spectrogram 1	1	3428.250000	3428.750000	0	0	9	cluster_9	0.5640
4285	Spectrogram 1	1	3428.500000	3429.000000	0	0	noise	cluster_noise	0.0000
4286	Spectrogram 1	1	3428.750000	3432.500000	0	0	9	cluster_9	0.6965
4287	Spectrogram 1	1	3432.250000	3432.750000	0	0	noise	cluster_noise	0.0000
4288	Spectrogram 1	1	3432.500000	3433.500000	0	0	9	cluster_9	0.6770
4289	Spectrogram 1	1	3433.250000	3433.750000	0	0	noise	cluster_noise	0.0000
4290	Spectrogram 1	1	3433.500000	3434.250000	0	0	9	cluster_9	0.6098
4291	Spectrogram 1	1	3434.000000	3434.750000	0	0	noise	cluster_noise	0.0000
4292	Spectrogram 1	1	3434.500000	3436.000000	0	0	2	cluster_2	0.8392
4293	Spectrogram 1	1	3435.750000	3436.250000	0	0	noise	cluster_noise	0.0000
4294	Spectrogram 1	1	3436.000000	3437.750000	0	0	9	cluster_9	0.8375
4295	Spectrogram 1	1	3437.500000	3440.000000	0	0	2	cluster_2	0.6824
4296	Spectrogram 1	1	3439.750000	3440.250000	0	0	6	cluster_6	1.0000
4297	Spectrogram 1	1	3440.000000	3440.500000	0	0	noise	cluster_noise	0.0000
4298	Spectrogram 1	1	3440.250000	3442.000000	0	0	10	cluster_10	0.9778
4299	Spectrogram 1	1	3441.750000	3443.250000	0	0	2	cluster_2	0.7762
4300	Spectrogram 1	1	3443.000000	3445.500000	0	0	10	cluster_10	0.9234
4301	Spectrogram 1	1	3445.250000	3446.250000	0	0	2	cluster_2	0.7854
4302	Spectrogram 1	1	3446.000000	3446.500000	0	0	noise	cluster_noise	0.0000
4303	Spectrogram 1	1	3446.250000	3448.500000	0	0	10	cluster_10	0.9341
4304	Spectrogram 1	1	3448.250000	3449.750000	0	0	2	cluster_2	0.8537
4305	Spectrogram 1	1	3449.500000	3450.000000	0	0	noise	cluster_noise	0.0000
4306	Spectrogram 1	1	3449.750000	3451.500000	0	0	9	cluster_9	0.7518
4307	Spectrogram 1	1	3451.250000	3451.750000	0	0	noise	cluster_noise	0.0000
4308	Spectrogram 1	1	3451.500000	3454.000000	0	0	2	cluster_2	0.7962
4309	Spectrogram 1	1	3453.750000	3454.250000	0	0	10	cluster_10	0.8238
4310	Spectrogram 1	1	3454.000000	3454.500000	0	0	noise	cluster_noise	0.0000
4311	Spectrogram 1	1	3454.250000	3456.750000	0	0	10	cluster_10	0.9544
4312	Spectrogram 1	1	3456.500000	3457.000000	0	0	noise	cluster_noise	0.0000
4313	Spectrogram 1	1	3456.750000	3458.000000	0	0	2	cluster_2	0.7867
4314	Spectrogram 1	1	3457.750000	3458.250000	0	0	noise	cluster_noise	0.0000
4315	Spectrogram 1	1	3458.000000	3459.750000	0	0	9	cluster_9	0.8434
4316	Spectrogram 1	1	3459.500000	3460.000000	0	0	8	cluster_8	0.8837
4317	Spectrogram 1	1	3459.750000	3460.750000	0	0	2	cluster_2	0.9588
4318	Spectrogram 1	1	3460.500000	3461.000000	0	0	noise	cluster_noise	0.0000
4319	Spectrogram 1	1	3460.750000	3462.500000	0	0	9	cluster_9	0.8270
4320	Spectrogram 1	1	3462.250000	3462.750000	0	0	noise	cluster_noise	0.0000
4321	Spectrogram 1	1	3462.500000	3464.250000	0	0	2	cluster_2	0.8594
4322	Spectrogram 1	1	3464.000000	3465.750000	0	0	5	cluster_5	0.8479
4323	Spectrogram 1	1	3465.500000	3468.000000	0	0	2	cluster_2	0.8231
4324	Spectrogram 1	1	3467.750000	3470.250000	0	0	10	cluster_10	0.9777
4325	Spectrogram 1	1	3470.000000	3470.750000	0	0	noise	cluster_noise	0.0000
4326	Spectrogram 1	1	3470.500000	3471.750000	0	0	2	cluster_2	0.8974
4327	Spectrogram 1	1	3471.500000	3472.000000	0	0	5	cluster_5	1.0000
4328	Spectrogram 1	1	3471.750000	3473.500000	0	0	9	cluster_9	0.7960
4329	Spectrogram 1	1	3473.250000	3474.250000	0	0	noise	cluster_noise	0.0000
4330	Spectrogram 1	1	3474.000000	3474.500000	0	0	2	cluster_2	0.4902
4331	Spectrogram 1	1	3474.250000	3474.750000	0	0	5	cluster_5	1.0000
4332	Spectrogram 1	1	3474.500000	3476.250000	0	0	9	cluster_9	0.7983
4333	Spectrogram 1	1	3476.000000	3477.000000	0	0	8	cluster_8	0.9309
4334	Spectrogram 1	1	3476.750000	3478.000000	0	0	2	cluster_2	0.6981
4335	Spectrogram 1	1	3477.750000	3480.000000	0	0	5	cluster_5	0.9210
4336	Spectrogram 1	1	3479.750000	3481.500000	0	0	2	cluster_2	0.6622
4337	Spectrogram 1	1	3481.250000	3483.000000	0	0	10	cluster_10	1.0000
4338	Spectrogram 1	1	3482.750000	3483.250000	0	0	15	cluster_15	0.9560
4339	Spectrogram 1	1	3483.000000	3484.000000	0	0	10	cluster_10	0.8251
4340	Spectrogram 1	1	3483.750000	3484.750000	0	0	2	cluster_2	0.5496
4341	Spectrogram 1	1	3484.500000	3485.000000	0	0	5	cluster_5	1.0000
4342	Spectrogram 1	1	3484.750000	3486.000000	0	0	9	cluster_9	0.8417
4343	Spectrogram 1	1	3485.750000	3486.250000	0	0	noise	cluster_noise	0.0000
4344	Spectrogram 1	1	3486.000000	3486.750000	0	0	9	cluster_9	0.6557
4345	Spectrogram 1	1	3486.500000	3487.000000	0	0	8	cluster_8	0.8774
4346	Spectrogram 1	1	3486.750000	3487.250000	0	0	2	cluster_2	0.7715
4347	Spectrogram 1	1	3487.000000	3487.500000	0	0	5	cluster_5	0.5395
4348	Spectrogram 1	1	3487.250000	3487.750000	0	0	noise	cluster_noise	0.0000
4349	Spectrogram 1	1	3487.500000	3489.250000	0	0	9	cluster_9	0.7573
4350	Spectrogram 1	1	3489.000000	3489.750000	0	0	noise	cluster_noise	0.0000
4351	Spectrogram 1	1	3489.500000	3490.750000	0	0	2	cluster_2	0.6787
4352	Spectrogram 1	1	3490.500000	3492.500000	0	0	5	cluster_5	0.9896
4353	Spectrogram 1	1	3492.250000	3492.750000	0	0	noise	cluster_noise	0.0000
4354	Spectrogram 1	1	3492.500000	3493.000000	0	0	5	cluster_5	0.9841
4355	Spectrogram 1	1	3492.750000	3493.750000	0	0	2	cluster_2	0.8071
4356	Spectrogram 1	1	3493.500000	3496.250000	0	0	10	cluster_10	0.9558
4357	Spectrogram 1	1	3496.000000	3496.500000	0	0	noise	cluster_noise	0.0000
4358	Spectrogram 1	1	3496.250000	3497.250000	0	0	2	cluster_2	0.6597
4359	Spectrogram 1	1	3497.000000	3497.500000	0	0	5	cluster_5	1.0000
4360	Spectrogram 1	1	3497.250000	3498.500000	0	0	9	cluster_9	0.7605
4361	Spectrogram 1	1	3498.250000	3498.750000	0	0	noise	cluster_noise	0.0000
4362	Spectrogram 1	1	3498.500000	3499.000000	0	0	9	cluster_9	0.6415
4363	Spectrogram 1	1	3498.750000	3499.500000	0	0	8	cluster_8	0.9174
4364	Spectrogram 1	1	3499.250000	3499.750000	0	0	2	cluster_2	0.4757
4365	Spectrogram 1	1	3499.500000	3500.000000	0	0	5	cluster_5	0.9070
4366	Spectrogram 1	1	3499.750000	3501.750000	0	0	9	cluster_9	0.7937
4367	Spectrogram 1	1	3501.500000	3502.000000	0	0	8	cluster_8	0.9115
4368	Spectrogram 1	1	3501.750000	3502.250000	0	0	2	cluster_2	0.6262
4369	Spectrogram 1	1	3502.000000	3502.750000	0	0	8	cluster_8	1.0000
4370	Spectrogram 1	1	3502.500000	3503.250000	0	0	2	cluster_2	0.6577
4371	Spectrogram 1	1	3503.000000	3503.500000	0	0	noise	cluster_noise	0.0000
4372	Spectrogram 1	1	3503.250000	3505.000000	0	0	5	cluster_5	0.9248
4373	Spectrogram 1	1	3504.750000	3505.250000	0	0	noise	cluster_noise	0.0000
4374	Spectrogram 1	1	3505.000000	3505.500000	0	0	2	cluster_2	0.5967
4375	Spectrogram 1	1	3505.250000	3505.750000	0	0	noise	cluster_noise	0.0000
4376	Spectrogram 1	1	3505.500000	3506.500000	0	0	2	cluster_2	0.5794
4377	Spectrogram 1	1	3506.250000	3508.000000	0	0	10	cluster_10	0.9968
4378	Spectrogram 1	1	3507.750000	3508.250000	0	0	15	cluster_15	1.0000
4379	Spectrogram 1	1	3508.000000	3510.000000	0	0	2	cluster_2	0.6291
4380	Spectrogram 1	1	3509.750000	3510.250000	0	0	12	cluster_12	0.9111
4381	Spectrogram 1	1	3510.000000	3510.500000	0	0	noise	cluster_noise	0.0000
4382	Spectrogram 1	1	3510.250000	3512.000000	0	0	9	cluster_9	0.8172
4383	Spectrogram 1	1	3511.750000	3512.250000	0	0	8	cluster_8	0.9550
4384	Spectrogram 1	1	3512.000000	3512.500000	0	0	12	cluster_12	0.7877
4385	Spectrogram 1	1	3512.250000	3512.750000	0	0	5	cluster_5	1.0000
4386	Spectrogram 1	1	3512.500000	3514.250000	0	0	9	cluster_9	0.7615
4387	Spectrogram 1	1	3514.000000	3514.500000	0	0	8	cluster_8	0.9027
4388	Spectrogram 1	1	3514.250000	3514.750000	0	0	noise	cluster_noise	0.0000
4389	Spectrogram 1	1	3514.500000	3516.000000	0	0	2	cluster_2	0.6609
4390	Spectrogram 1	1	3515.750000	3517.750000	0	0	5	cluster_5	0.9191
4391	Spectrogram 1	1	3517.500000	3519.000000	0	0	2	cluster_2	0.6691
4392	Spectrogram 1	1	3518.750000	3521.000000	0	0	10	cluster_10	0.9736
4393	Spectrogram 1	1	3520.750000	3521.500000	0	0	noise	cluster_noise	0.0000
4394	Spectrogram 1	1	3521.250000	3522.500000	0	0	2	cluster_2	0.7554
4395	Spectrogram 1	1	3522.250000	3522.750000	0	0	noise	cluster_noise	0.0000
4396	Spectrogram 1	1	3522.500000	3523.000000	0	0	5	cluster_5	0.5720
4397	Spectrogram 1	1	3522.750000	3524.750000	0	0	9	cluster_9	0.7948
4398	Spectrogram 1	1	3524.500000	3525.000000	0	0	8	cluster_8	0.9342
4399	Spectrogram 1	1	3524.750000	3525.250000	0	0	noise	cluster_noise	0.0000
4400	Spectrogram 1	1	3525.000000	3525.750000	0	0	5	cluster_5	0.8534
4401	Spectrogram 1	1	3525.500000	3527.500000	0	0	9	cluster_9	0.7207
4402	Spectrogram 1	1	3527.250000	3527.750000	0	0	8	cluster_8	0.9146
4403	Spectrogram 1	1	3527.500000	3528.250000	0	0	2	cluster_2	0.9157
4404	Spectrogram 1	1	3528.000000	3528.500000	0	0	8	cluster_8	0.8845
4405	Spectrogram 1	1	3528.250000	3528.750000	0	0	2	cluster_2	0.4884
4406	Spectrogram 1	1	3528.500000	3529.000000	0	0	noise	cluster_noise	0.0000
4407	Spectrogram 1	1	3528.750000	3530.500000	0	0	5	cluster_5	0.9146
4408	Spectrogram 1	1	3530.250000	3531.250000	0	0	2	cluster_2	0.4957
4409	Spectrogram 1	1	3531.000000	3531.750000	0	0	10	cluster_10	1.0000
4410	Spectrogram 1	1	3531.500000	3532.000000	0	0	noise	cluster_noise	0.0000
4411	Spectrogram 1	1	3531.750000	3534.500000	0	0	10	cluster_10	0.9520
4412	Spectrogram 1	1	3534.250000	3535.250000	0	0	2	cluster_2	0.9599
4413	Spectrogram 1	1	3535.000000	3535.750000	0	0	12	cluster_12	0.7581
4414	Spectrogram 1	1	3535.500000	3536.000000	0	0	5	cluster_5	1.0000
4415	Spectrogram 1	1	3535.750000	3536.250000	0	0	noise	cluster_noise	0.0000
4416	Spectrogram 1	1	3536.000000	3537.750000	0	0	9	cluster_9	0.8036
4417	Spectrogram 1	1	3537.500000	3538.500000	0	0	8	cluster_8	0.9298
4418	Spectrogram 1	1	3538.250000	3538.750000	0	0	2	cluster_2	0.4825
4419	Spectrogram 1	1	3538.500000	3539.000000	0	0	8	cluster_8	0.9140
4420	Spectrogram 1	1	3538.750000	3539.500000	0	0	2	cluster_2	0.7933
4421	Spectrogram 1	1	3539.250000	3541.000000	0	0	5	cluster_5	0.7666
4422	Spectrogram 1	1	3540.750000	3541.500000	0	0	noise	cluster_noise	0.0000
4423	Spectrogram 1	1	3541.250000	3541.750000	0	0	5	cluster_5	0.7512
4424	Spectrogram 1	1	3541.500000	3544.500000	0	0	10	cluster_10	0.9814
4425	Spectrogram 1	1	3544.250000	3546.250000	0	0	2	cluster_2	0.6964
4426	Spectrogram 1	1	3546.000000	3546.750000	0	0	12	cluster_12	0.8881
4427	Spectrogram 1	1	3546.500000	3547.000000	0	0	5	cluster_5	0.9958
4428	Spectrogram 1	1	3546.750000	3547.250000	0	0	noise	cluster_noise	0.0000
4429	Spectrogram 1	1	3547.000000	3547.500000	0	0	5	cluster_5	0.6587
4430	Spectrogram 1	1	3547.250000	3548.500000	0	0	9	cluster_9	0.7998
4431	Spectrogram 1	1	3548.250000	3548.750000	0	0	noise	cluster_noise	0.0000
4432	Spectrogram 1	1	3548.500000	3550.500000	0	0	2	cluster_2	0.7738
4433	Spectrogram 1	1	3550.250000	3550.750000	0	0	noise	cluster_noise	0.0000
4434	Spectrogram 1	1	3550.500000	3552.250000	0	0	5	cluster_5	0.8562
4435	Spectrogram 1	1	3552.000000	3552.500000	0	0	2	cluster_2	0.4114
4436	Spectrogram 1	1	3552.250000	3552.750000	0	0	noise	cluster_noise	0.0000
4437	Spectrogram 1	1	3552.500000	3553.500000	0	0	10	cluster_10	0.9755
4438	Spectrogram 1	1	3553.250000	3553.750000	0	0	noise	cluster_noise	0.0000
4439	Spectrogram 1	1	3553.500000	3555.250000	0	0	10	cluster_10	0.9707
4440	Spectrogram 1	1	3555.000000	3555.500000	0	0	noise	cluster_noise	0.0000
4441	Spectrogram 1	1	3555.250000	3556.000000	0	0	10	cluster_10	0.9748
4442	Spectrogram 1	1	3555.750000	3557.500000	0	0	2	cluster_2	0.7466
4443	Spectrogram 1	1	3557.250000	3558.000000	0	0	12	cluster_12	0.8780
4444	Spectrogram 1	1	3557.750000	3559.000000	0	0	noise	cluster_noise	0.0000
4445	Spectrogram 1	1	3558.750000	3559.250000	0	0	5	cluster_5	0.8417
4446	Spectrogram 1	1	3559.000000	3559.500000	0	0	2	cluster_2	0.6861
4447	Spectrogram 1	1	3559.250000	3559.750000	0	0	12	cluster_12	0.8329
4448	Spectrogram 1	1	3559.500000	3561.500000	0	0	2	cluster_2	0.7949
4449	Spectrogram 1	1	3561.250000	3563.000000	0	0	5	cluster_5	0.8596
4450	Spectrogram 1	1	3562.750000	3563.750000	0	0	noise	cluster_noise	0.0000
4451	Spectrogram 1	1	3563.500000	3566.000000	0	0	10	cluster_10	0.9220
4452	Spectrogram 1	1	3565.750000	3566.250000	0	0	noise	cluster_noise	0.0000
4453	Spectrogram 1	1	3566.000000	3566.500000	0	0	10	cluster_10	0.8065
4454	Spectrogram 1	1	3566.250000	3566.750000	0	0	noise	cluster_noise	0.0000
4455	Spectrogram 1	1	3566.500000	3568.750000	0	0	2	cluster_2	0.8244
4456	Spectrogram 1	1	3568.500000	3569.000000	0	0	12	cluster_12	0.8088
4457	Spectrogram 1	1	3568.750000	3570.000000	0	0	noise	cluster_noise	0.0000
4458	Spectrogram 1	1	3569.750000	3570.250000	0	0	12	cluster_12	0.8569
4459	Spectrogram 1	1	3570.000000	3570.500000	0	0	noise	cluster_noise	0.0000
4460	Spectrogram 1	1	3570.250000	3572.750000	0	0	2	cluster_2	0.7200
4461	Spectrogram 1	1	3572.500000	3574.750000	0	0	5	cluster_5	0.8833
4462	Spectrogram 1	1	3574.500000	3575.250000	0	0	2	cluster_2	0.3546
4463	Spectrogram 1	1	3575.000000	3576.750000	0	0	10	cluster_10	0.9598
4464	Spectrogram 1	1	3576.500000	3577.250000	0	0	noise	cluster_noise	0.0000
4465	Spectrogram 1	1	3577.000000	3579.750000	0	0	2	cluster_2	0.6775
4466	Spectrogram 1	1	3579.500000	3580.000000	0	0	12	cluster_12	0.9023
4467	Spectrogram 1	1	3579.750000	3581.500000	0	0	noise	cluster_noise	0.0000
4468	Spectrogram 1	1	3581.250000	3583.750000	0	0	2	cluster_2	0.6646
4469	Spectrogram 1	1	3583.500000	3585.500000	0	0	5	cluster_5	0.9799
4470	Spectrogram 1	1	3585.250000	3585.750000	0	0	noise	cluster_noise	0.0000
4471	Spectrogram 1	1	3585.500000	3586.000000	0	0	5	cluster_5	0.8192
4472	Spectrogram 1	1	3585.750000	3586.250000	0	0	2	cluster_2	0.3501
4473	Spectrogram 1	1	3586.000000	3586.500000	0	0	noise	cluster_noise	0.0000
4474	Spectrogram 1	1	3586.250000	3587.500000	0	0	10	cluster_10	0.9562
4475	Spectrogram 1	1	3587.250000	3588.000000	0	0	noise	cluster_noise	0.0000
4476	Spectrogram 1	1	3587.750000	3590.500000	0	0	2	cluster_2	0.7730
4477	Spectrogram 1	1	3590.250000	3590.750000	0	0	12	cluster_12	0.7933
4478	Spectrogram 1	1	3590.500000	3592.500000	0	0	noise	cluster_noise	0.0000
4479	Spectrogram 1	1	3592.250000	3594.500000	0	0	2	cluster_2	0.6746
4480	Spectrogram 1	1	3594.250000	3596.500000	0	0	5	cluster_5	0.9390
4481	Spectrogram 1	1	3596.250000	3596.750000	0	0	2	cluster_2	0.3377
4482	Spectrogram 1	1	3596.500000	3597.000000	0	0	noise	cluster_noise	0.0000
4483	Spectrogram 1	1	3596.750000	3597.250000	0	0	2	cluster_2	0.6385
4484	Spectrogram 1	1	3597.000000	3597.500000	0	0	noise	cluster_noise	0.0000
4485	Spectrogram 1	1	3597.250000	3598.000000	0	0	10	cluster_10	0.9001
4486	Spectrogram 1	1	3597.750000	3598.750000	0	0	noise	cluster_noise	0.0000
4487	Spectrogram 1	1	3598.500000	3600.000000	0	0	2	cluster_2	0.7833
