Selection	View	Channel	Begin Time (s)	End Time (s)	Low Freq (Hz)	High Freq (Hz)	Cluster	Label	Score
1	Spectrogram 1	1	263.000000	263.500000	0	0	26	cluster_26	0.8942
2	Spectrogram 1	1	263.250000	263.750000	0	0	9	cluster_9	0.8004
3	Spectrogram 1	1	263.500000	266.000000	0	0	5	cluster_5	1.0000
4	Spectrogram 1	1	265.750000	266.250000	0	0	noise	cluster_noise	0.0000
5	Spectrogram 1	1	266.000000	266.500000	0	0	3	cluster_3	1.0000
6	Spectrogram 1	1	266.250000	266.750000	0	0	9	cluster_9	0.7586
7	Spectrogram 1	1	266.500000	267.000000	0	0	noise	cluster_noise	0.0000
8	Spectrogram 1	1	266.750000	267.250000	0	0	3	cluster_3	1.0000
9	Spectrogram 1	1	267.000000	268.000000	0	0	noise	cluster_noise	0.0000
10	Spectrogram 1	1	267.750000	269.000000	0	0	26	cluster_26	0.8714
11	Spectrogram 1	1	268.750000	269.250000	0	0	noise	cluster_noise	0.0000
12	Spectrogram 1	1	269.000000	269.500000	0	0	5	cluster_5	1.0000
13	Spectrogram 1	1	269.250000	271.250000	0	0	2	cluster_2	0.9705
14	Spectrogram 1	1	271.000000	271.500000	0	0	26	cluster_26	1.0000
15	Spectrogram 1	1	271.250000	272.000000	0	0	noise	cluster_noise	0.0000
16	Spectrogram 1	1	271.750000	272.250000	0	0	5	cluster_5	0.7853
17	Spectrogram 1	1	272.000000	274.000000	0	0	2	cluster_2	0.9807
18	Spectrogram 1	1	273.750000	274.250000	0	0	noise	cluster_noise	0.0000
19	Spectrogram 1	1	274.000000	274.750000	0	0	26	cluster_26	0.9377
20	Spectrogram 1	1	274.500000	275.500000	0	0	noise	cluster_noise	0.0000
21	Spectrogram 1	1	275.250000	278.000000	0	0	5	cluster_5	0.9750
22	Spectrogram 1	1	277.750000	278.250000	0	0	noise	cluster_noise	0.0000
23	Spectrogram 1	1	278.000000	278.750000	0	0	5	cluster_5	1.0000
24	Spectrogram 1	1	278.500000	279.000000	0	0	noise	cluster_noise	0.0000
25	Spectrogram 1	1	278.750000	279.250000	0	0	3	cluster_3	0.8574
26	Spectrogram 1	1	279.000000	279.500000	0	0	noise	cluster_noise	0.0000
27	Spectrogram 1	1	281.000000	281.750000	0	0	26	cluster_26	1.0000
28	Spectrogram 1	1	281.500000	282.000000	0	0	5	cluster_5	1.0000
29	Spectrogram 1	1	281.750000	282.250000	0	0	noise	cluster_noise	0.0000
30	Spectrogram 1	1	282.000000	284.000000	0	0	2	cluster_2	0.9838
31	Spectrogram 1	1	283.750000	284.500000	0	0	noise	cluster_noise	0.0000
32	Spectrogram 1	1	284.250000	284.750000	0	0	5	cluster_5	1.0000
33	Spectrogram 1	1	284.500000	285.000000	0	0	noise	cluster_noise	0.0000
34	Spectrogram 1	1	284.750000	286.500000	0	0	2	cluster_2	0.9932
35	Spectrogram 1	1	286.250000	287.500000	0	0	noise	cluster_noise	0.0000
36	Spectrogram 1	1	287.250000	288.000000	0	0	26	cluster_26	0.9301
37	Spectrogram 1	1	287.750000	291.000000	0	0	5	cluster_5	0.9731
38	Spectrogram 1	1	290.750000	291.250000	0	0	noise	cluster_noise	0.0000
39	Spectrogram 1	1	291.000000	291.750000	0	0	3	cluster_3	0.9813
40	Spectrogram 1	1	291.500000	292.000000	0	0	noise	cluster_noise	0.0000
41	Spectrogram 1	1	291.750000	293.250000	0	0	3	cluster_3	0.9764
42	Spectrogram 1	1	293.000000	293.500000	0	0	noise	cluster_noise	0.0000
43	Spectrogram 1	1	295.000000	296.750000	0	0	2	cluster_2	0.9099
44	Spectrogram 1	1	296.500000	297.000000	0	0	noise	cluster_noise	0.0000
45	Spectrogram 1	1	296.750000	297.250000	0	0	26	cluster_26	1.0000
46	Spectrogram 1	1	297.000000	297.500000	0	0	noise	cluster_noise	0.0000
47	Spectrogram 1	1	297.250000	297.750000	0	0	5	cluster_5	1.0000
48	Spectrogram 1	1	297.500000	299.500000	0	0	2	cluster_2	0.9532
49	Spectrogram 1	1	299.250000	300.250000	0	0	noise	cluster_noise	0.0000
50	Spectrogram 1	1	300.000000	300.500000	0	0	25	cluster_25	0.9146
51	Spectrogram 1	1	300.250000	300.750000	0	0	noise	cluster_noise	0.0000
52	Spectrogram 1	1	300.500000	302.750000	0	0	5	cluster_5	0.9491
53	Spectrogram 1	1	302.500000	303.000000	0	0	noise	cluster_noise	0.0000
54	Spectrogram 1	1	302.750000	303.250000	0	0	5	cluster_5	1.0000
55	Spectrogram 1	1	303.000000	303.500000	0	0	noise	cluster_noise	0.0000
56	Spectrogram 1	1	303.250000	304.000000	0	0	3	cluster_3	0.9986
57	Spectrogram 1	1	303.750000	304.750000	0	0	noise	cluster_noise	0.0000
58	Spectrogram 1	1	304.500000	305.500000	0	0	3	cluster_3	1.0000
59	Spectrogram 1	1	305.250000	306.000000	0	0	noise	cluster_noise	0.0000
60	Spectrogram 1	1	305.750000	306.250000	0	0	26	cluster_26	0.9690
61	Spectrogram 1	1	306.000000	306.500000	0	0	noise	cluster_noise	0.0000
62	Spectrogram 1	1	307.000000	307.500000	0	0	5	cluster_5	1.0000
63	Spectrogram 1	1	307.250000	307.750000	0	0	noise	cluster_noise	0.0000
64	Spectrogram 1	1	307.500000	309.000000	0	0	2	cluster_2	1.0000
65	Spectrogram 1	1	308.750000	309.250000	0	0	noise	cluster_noise	0.0000
66	Spectrogram 1	1	309.000000	309.500000	0	0	26	cluster_26	0.7862
67	Spectrogram 1	1	309.250000	310.000000	0	0	noise	cluster_noise	0.0000
68	Spectrogram 1	1	309.750000	310.250000	0	0	5	cluster_5	1.0000
69	Spectrogram 1	1	310.000000	312.250000	0	0	2	cluster_2	0.9284
70	Spectrogram 1	1	312.000000	313.250000	0	0	noise	cluster_noise	0.0000
71	Spectrogram 1	1	313.000000	313.500000	0	0	9	cluster_9	0.7801
72	Spectrogram 1	1	313.250000	316.250000	0	0	5	cluster_5	0.9977
73	Spectrogram 1	1	316.000000	316.500000	0	0	26	cluster_26	0.8619
74	Spectrogram 1	1	316.250000	317.250000	0	0	noise	cluster_noise	0.0000
75	Spectrogram 1	1	317.000000	318.750000	0	0	3	cluster_3	1.0000
76	Spectrogram 1	1	318.500000	319.500000	0	0	noise	cluster_noise	0.0000
77	Spectrogram 1	1	320.000000	320.500000	0	0	5	cluster_5	1.0000
78	Spectrogram 1	1	320.250000	322.500000	0	0	2	cluster_2	0.9633
79	Spectrogram 1	1	322.250000	322.750000	0	0	noise	cluster_noise	0.0000
80	Spectrogram 1	1	322.500000	323.000000	0	0	9	cluster_9	0.9288
81	Spectrogram 1	1	322.750000	323.250000	0	0	5	cluster_5	1.0000
82	Spectrogram 1	1	323.000000	325.000000	0	0	2	cluster_2	0.9637
83	Spectrogram 1	1	324.750000	325.500000	0	0	noise	cluster_noise	0.0000
84	Spectrogram 1	1	325.250000	325.750000	0	0	26	cluster_26	0.9792
85	Spectrogram 1	1	325.500000	326.500000	0	0	noise	cluster_noise	0.0000
86	Spectrogram 1	1	326.250000	329.250000	0	0	5	cluster_5	0.9390
87	Spectrogram 1	1	329.000000	329.750000	0	0	noise	cluster_noise	0.0000
88	Spectrogram 1	1	329.500000	331.250000	0	0	3	cluster_3	0.9902
89	Spectrogram 1	1	331.000000	331.500000	0	0	noise	cluster_noise	0.0000
90	Spectrogram 1	1	331.250000	332.000000	0	0	3	cluster_3	1.0000
91	Spectrogram 1	1	331.750000	332.250000	0	0	26	cluster_26	1.0000
92	Spectrogram 1	1	332.000000	332.500000	0	0	noise	cluster_noise	0.0000
93	Spectrogram 1	1	334.000000	336.250000	0	0	5	cluster_5	0.9833
94	Spectrogram 1	1	336.000000	337.750000	0	0	noise	cluster_noise	0.0000
95	Spectrogram 1	1	337.500000	339.500000	0	0	5	cluster_5	0.9918
96	Spectrogram 1	1	339.250000	340.500000	0	0	noise	cluster_noise	0.0000
97	Spectrogram 1	1	340.250000	341.000000	0	0	3	cluster_3	0.9553
98	Spectrogram 1	1	340.750000	341.250000	0	0	noise	cluster_noise	0.0000
99	Spectrogram 1	1	341.000000	341.500000	0	0	3	cluster_3	0.8707
100	Spectrogram 1	1	341.250000	341.750000	0	0	noise	cluster_noise	0.0000
101	Spectrogram 1	1	341.500000	342.250000	0	0	3	cluster_3	0.9114
102	Spectrogram 1	1	342.000000	343.500000	0	0	noise	cluster_noise	0.0000
103	Spectrogram 1	1	345.000000	345.750000	0	0	5	cluster_5	1.0000
104	Spectrogram 1	1	345.500000	346.250000	0	0	noise	cluster_noise	0.0000
105	Spectrogram 1	1	346.000000	347.500000	0	0	5	cluster_5	1.0000
106	Spectrogram 1	1	347.250000	348.500000	0	0	noise	cluster_noise	0.0000
107	Spectrogram 1	1	348.250000	348.750000	0	0	26	cluster_26	0.8506
108	Spectrogram 1	1	348.500000	349.000000	0	0	noise	cluster_noise	0.0000
109	Spectrogram 1	1	348.750000	349.250000	0	0	9	cluster_9	0.8223
110	Spectrogram 1	1	349.000000	351.750000	0	0	5	cluster_5	0.9930
111	Spectrogram 1	1	351.500000	352.000000	0	0	noise	cluster_noise	0.0000
112	Spectrogram 1	1	351.750000	353.250000	0	0	3	cluster_3	0.9822
113	Spectrogram 1	1	353.000000	353.500000	0	0	noise	cluster_noise	0.0000
114	Spectrogram 1	1	353.250000	355.000000	0	0	26	cluster_26	0.9104
115	Spectrogram 1	1	354.750000	356.000000	0	0	noise	cluster_noise	0.0000
116	Spectrogram 1	1	355.750000	358.250000	0	0	5	cluster_5	1.0000
117	Spectrogram 1	1	358.000000	359.250000	0	0	noise	cluster_noise	0.0000
118	Spectrogram 1	1	359.000000	359.500000	0	0	26	cluster_26	1.0000
119	Spectrogram 1	1	359.250000	360.000000	0	0	noise	cluster_noise	0.0000
120	Spectrogram 1	1	359.750000	360.250000	0	0	26	cluster_26	0.9582
121	Spectrogram 1	1	360.000000	360.500000	0	0	3	cluster_3	1.0000
122	Spectrogram 1	1	360.250000	362.750000	0	0	5	cluster_5	1.0000
123	Spectrogram 1	1	362.500000	363.000000	0	0	noise	cluster_noise	0.0000
124	Spectrogram 1	1	362.750000	363.250000	0	0	9	cluster_9	1.0000
125	Spectrogram 1	1	363.000000	363.750000	0	0	5	cluster_5	1.0000
126	Spectrogram 1	1	363.500000	364.000000	0	0	noise	cluster_noise	0.0000
127	Spectrogram 1	1	363.750000	364.500000	0	0	9	cluster_9	0.8676
128	Spectrogram 1	1	364.250000	365.250000	0	0	noise	cluster_noise	0.0000
129	Spectrogram 1	1	365.000000	365.500000	0	0	5	cluster_5	1.0000
130	Spectrogram 1	1	365.250000	369.750000	0	0	noise	cluster_noise	0.0000
131	Spectrogram 1	1	369.500000	370.000000	0	0	13	cluster_13	0.5018
132	Spectrogram 1	1	369.750000	371.000000	0	0	noise	cluster_noise	0.0000
133	Spectrogram 1	1	370.750000	371.750000	0	0	26	cluster_26	0.9231
134	Spectrogram 1	1	371.500000	375.000000	0	0	5	cluster_5	1.0000
135	Spectrogram 1	1	374.750000	376.250000	0	0	noise	cluster_noise	0.0000
136	Spectrogram 1	1	376.000000	378.500000	0	0	5	cluster_5	1.0000
137	Spectrogram 1	1	378.250000	378.750000	0	0	9	cluster_9	0.8242
138	Spectrogram 1	1	378.500000	379.750000	0	0	noise	cluster_noise	0.0000
139	Spectrogram 1	1	379.500000	380.000000	0	0	13	cluster_13	0.5234
140	Spectrogram 1	1	379.750000	382.000000	0	0	noise	cluster_noise	0.0000
141	Spectrogram 1	1	381.750000	382.250000	0	0	13	cluster_13	0.4812
142	Spectrogram 1	1	382.000000	382.750000	0	0	noise	cluster_noise	0.0000
143	Spectrogram 1	1	382.500000	383.000000	0	0	9	cluster_9	0.9060
144	Spectrogram 1	1	382.750000	386.000000	0	0	noise	cluster_noise	0.0000
145	Spectrogram 1	1	385.750000	386.250000	0	0	18	cluster_18	0.7941
146	Spectrogram 1	1	386.000000	387.000000	0	0	noise	cluster_noise	0.0000
147	Spectrogram 1	1	386.750000	387.250000	0	0	20	cluster_20	1.0000
148	Spectrogram 1	1	387.000000	387.500000	0	0	noise	cluster_noise	0.0000
149	Spectrogram 1	1	387.250000	387.750000	0	0	26	cluster_26	0.9060
150	Spectrogram 1	1	387.500000	389.000000	0	0	noise	cluster_noise	0.0000
151	Spectrogram 1	1	388.750000	391.250000	0	0	5	cluster_5	0.9932
152	Spectrogram 1	1	391.000000	391.750000	0	0	noise	cluster_noise	0.0000
153	Spectrogram 1	1	391.500000	392.000000	0	0	26	cluster_26	0.9252
154	Spectrogram 1	1	391.750000	392.750000	0	0	noise	cluster_noise	0.0000
155	Spectrogram 1	1	392.500000	395.000000	0	0	5	cluster_5	1.0000
156	Spectrogram 1	1	394.750000	396.250000	0	0	noise	cluster_noise	0.0000
157	Spectrogram 1	1	396.000000	396.500000	0	0	13	cluster_13	0.4959
158	Spectrogram 1	1	396.250000	398.500000	0	0	noise	cluster_noise	0.0000
159	Spectrogram 1	1	398.250000	398.750000	0	0	3	cluster_3	1.0000
160	Spectrogram 1	1	398.500000	400.750000	0	0	noise	cluster_noise	0.0000
161	Spectrogram 1	1	400.500000	401.000000	0	0	20	cluster_20	0.9539
162	Spectrogram 1	1	400.750000	404.000000	0	0	noise	cluster_noise	0.0000
163	Spectrogram 1	1	403.750000	404.250000	0	0	26	cluster_26	0.8047
164	Spectrogram 1	1	404.000000	404.500000	0	0	noise	cluster_noise	0.0000
165	Spectrogram 1	1	404.250000	407.750000	0	0	5	cluster_5	1.0000
166	Spectrogram 1	1	407.500000	409.750000	0	0	noise	cluster_noise	0.0000
167	Spectrogram 1	1	409.500000	410.250000	0	0	26	cluster_26	0.8240
168	Spectrogram 1	1	410.000000	411.250000	0	0	noise	cluster_noise	0.0000
169	Spectrogram 1	1	411.000000	411.750000	0	0	8	cluster_8	0.7339
170	Spectrogram 1	1	411.500000	412.500000	0	0	noise	cluster_noise	0.0000
171	Spectrogram 1	1	415.000000	415.500000	0	0	26	cluster_26	0.8967
172	Spectrogram 1	1	415.250000	415.750000	0	0	noise	cluster_noise	0.0000
173	Spectrogram 1	1	415.500000	416.250000	0	0	26	cluster_26	0.8621
174	Spectrogram 1	1	416.000000	416.500000	0	0	noise	cluster_noise	0.0000
175	Spectrogram 1	1	417.000000	419.000000	0	0	5	cluster_5	1.0000
176	Spectrogram 1	1	418.750000	419.750000	0	0	noise	cluster_noise	0.0000
177	Spectrogram 1	1	419.500000	420.000000	0	0	22	cluster_22	0.7314
178	Spectrogram 1	1	419.750000	421.750000	0	0	26	cluster_26	0.9206
179	Spectrogram 1	1	421.500000	422.500000	0	0	noise	cluster_noise	0.0000
180	Spectrogram 1	1	422.250000	423.500000	0	0	8	cluster_8	0.7831
181	Spectrogram 1	1	427.000000	428.250000	0	0	26	cluster_26	0.9020
182	Spectrogram 1	1	428.000000	428.500000	0	0	noise	cluster_noise	0.0000
183	Spectrogram 1	1	430.000000	431.250000	0	0	5	cluster_5	1.0000
184	Spectrogram 1	1	431.000000	431.750000	0	0	noise	cluster_noise	0.0000
185	Spectrogram 1	1	431.500000	432.000000	0	0	24	cluster_24	0.9638
186	Spectrogram 1	1	431.750000	433.750000	0	0	noise	cluster_noise	0.0000
187	Spectrogram 1	1	433.500000	435.500000	0	0	4	cluster_4	0.9826
188	Spectrogram 1	1	435.250000	435.750000	0	0	5	cluster_5	1.0000
189	Spectrogram 1	1	435.500000	436.500000	0	0	noise	cluster_noise	0.0000
190	Spectrogram 1	1	437.000000	440.000000	0	0	4	cluster_4	0.9539
191	Spectrogram 1	1	439.750000	440.500000	0	0	noise	cluster_noise	0.0000
192	Spectrogram 1	1	442.000000	442.500000	0	0	13	cluster_13	0.5391
193	Spectrogram 1	1	442.250000	442.750000	0	0	26	cluster_26	0.8103
194	Spectrogram 1	1	442.500000	443.250000	0	0	9	cluster_9	0.9906
195	Spectrogram 1	1	443.000000	444.000000	0	0	noise	cluster_noise	0.0000
196	Spectrogram 1	1	443.750000	444.500000	0	0	13	cluster_13	0.5803
197	Spectrogram 1	1	444.250000	445.000000	0	0	noise	cluster_noise	0.0000
198	Spectrogram 1	1	444.750000	445.250000	0	0	9	cluster_9	0.7884
199	Spectrogram 1	1	445.000000	445.750000	0	0	noise	cluster_noise	0.0000
200	Spectrogram 1	1	445.500000	446.000000	0	0	26	cluster_26	1.0000
201	Spectrogram 1	1	445.750000	446.250000	0	0	noise	cluster_noise	0.0000
202	Spectrogram 1	1	446.000000	446.750000	0	0	13	cluster_13	0.7632
203	Spectrogram 1	1	446.500000	447.000000	0	0	noise	cluster_noise	0.0000
204	Spectrogram 1	1	446.750000	447.500000	0	0	9	cluster_9	0.8971
205	Spectrogram 1	1	447.250000	448.000000	0	0	noise	cluster_noise	0.0000
206	Spectrogram 1	1	447.750000	448.250000	0	0	26	cluster_26	0.9045
207	Spectrogram 1	1	448.000000	448.500000	0	0	noise	cluster_noise	0.0000
208	Spectrogram 1	1	448.250000	449.500000	0	0	4	cluster_4	0.8712
209	Spectrogram 1	1	449.250000	450.000000	0	0	5	cluster_5	1.0000
210	Spectrogram 1	1	449.750000	450.250000	0	0	4	cluster_4	0.5295
211	Spectrogram 1	1	450.000000	450.500000	0	0	13	cluster_13	0.5196
212	Spectrogram 1	1	450.250000	452.000000	0	0	noise	cluster_noise	0.0000
213	Spectrogram 1	1	451.750000	453.750000	0	0	4	cluster_4	0.7172
214	Spectrogram 1	1	453.500000	454.000000	0	0	noise	cluster_noise	0.0000
215	Spectrogram 1	1	453.750000	454.500000	0	0	4	cluster_4	0.9430
216	Spectrogram 1	1	456.000000	456.750000	0	0	13	cluster_13	0.8398
217	Spectrogram 1	1	456.500000	457.250000	0	0	noise	cluster_noise	0.0000
218	Spectrogram 1	1	457.000000	457.750000	0	0	9	cluster_9	0.9490
219	Spectrogram 1	1	457.500000	458.000000	0	0	26	cluster_26	0.7898
220	Spectrogram 1	1	457.750000	458.500000	0	0	noise	cluster_noise	0.0000
221	Spectrogram 1	1	458.250000	458.750000	0	0	13	cluster_13	0.5162
222	Spectrogram 1	1	458.500000	459.000000	0	0	noise	cluster_noise	0.0000
223	Spectrogram 1	1	458.750000	459.250000	0	0	26	cluster_26	0.7962
224	Spectrogram 1	1	459.000000	460.000000	0	0	9	cluster_9	0.9265
225	Spectrogram 1	1	459.750000	460.250000	0	0	noise	cluster_noise	0.0000
226	Spectrogram 1	1	460.000000	460.500000	0	0	13	cluster_13	1.0000
227	Spectrogram 1	1	460.250000	461.750000	0	0	noise	cluster_noise	0.0000
228	Spectrogram 1	1	461.500000	462.000000	0	0	26	cluster_26	1.0000
229	Spectrogram 1	1	461.750000	462.250000	0	0	noise	cluster_noise	0.0000
230	Spectrogram 1	1	462.000000	462.500000	0	0	12	cluster_12	0.9575
231	Spectrogram 1	1	462.250000	462.750000	0	0	3	cluster_3	1.0000
232	Spectrogram 1	1	462.500000	463.250000	0	0	noise	cluster_noise	0.0000
233	Spectrogram 1	1	463.000000	463.500000	0	0	3	cluster_3	1.0000
234	Spectrogram 1	1	463.250000	464.000000	0	0	noise	cluster_noise	0.0000
235	Spectrogram 1	1	463.750000	464.250000	0	0	3	cluster_3	1.0000
236	Spectrogram 1	1	464.000000	464.500000	0	0	26	cluster_26	0.9594
237	Spectrogram 1	1	464.250000	464.750000	0	0	noise	cluster_noise	0.0000
238	Spectrogram 1	1	464.500000	465.000000	0	0	12	cluster_12	0.9830
239	Spectrogram 1	1	464.750000	465.250000	0	0	3	cluster_3	1.0000
240	Spectrogram 1	1	465.000000	465.500000	0	0	noise	cluster_noise	0.0000
241	Spectrogram 1	1	465.250000	465.750000	0	0	12	cluster_12	1.0000
242	Spectrogram 1	1	465.500000	466.000000	0	0	3	cluster_3	1.0000
243	Spectrogram 1	1	465.750000	466.250000	0	0	noise	cluster_noise	0.0000
244	Spectrogram 1	1	466.000000	466.500000	0	0	12	cluster_12	1.0000
245	Spectrogram 1	1	466.250000	467.000000	0	0	3	cluster_3	0.9636
246	Spectrogram 1	1	466.750000	467.500000	0	0	noise	cluster_noise	0.0000
247	Spectrogram 1	1	467.250000	467.750000	0	0	26	cluster_26	1.0000
248	Spectrogram 1	1	467.500000	468.750000	0	0	noise	cluster_noise	0.0000
249	Spectrogram 1	1	468.500000	469.250000	0	0	4	cluster_4	0.8724
250	Spectrogram 1	1	469.000000	470.500000	0	0	noise	cluster_noise	0.0000
251	Spectrogram 1	1	470.250000	471.750000	0	0	26	cluster_26	0.9066
252	Spectrogram 1	1	471.500000	472.250000	0	0	noise	cluster_noise	0.0000
253	Spectrogram 1	1	472.000000	472.500000	0	0	4	cluster_4	0.8685
254	Spectrogram 1	1	473.000000	474.250000	0	0	noise	cluster_noise	0.0000
255	Spectrogram 1	1	474.000000	474.500000	0	0	26	cluster_26	1.0000
256	Spectrogram 1	1	474.250000	474.750000	0	0	noise	cluster_noise	0.0000
257	Spectrogram 1	1	474.500000	475.000000	0	0	13	cluster_13	1.0000
258	Spectrogram 1	1	474.750000	475.250000	0	0	noise	cluster_noise	0.0000
259	Spectrogram 1	1	475.000000	475.500000	0	0	3	cluster_3	1.0000
260	Spectrogram 1	1	475.250000	475.750000	0	0	26	cluster_26	0.9879
261	Spectrogram 1	1	475.500000	476.250000	0	0	9	cluster_9	0.9310
262	Spectrogram 1	1	476.000000	476.750000	0	0	noise	cluster_noise	0.0000
263	Spectrogram 1	1	476.500000	477.250000	0	0	13	cluster_13	0.5383
264	Spectrogram 1	1	477.000000	477.500000	0	0	3	cluster_3	1.0000
265	Spectrogram 1	1	477.250000	477.750000	0	0	17	cluster_17	0.8942
266	Spectrogram 1	1	477.500000	478.000000	0	0	noise	cluster_noise	0.0000
267	Spectrogram 1	1	477.750000	478.250000	0	0	9	cluster_9	0.9172
268	Spectrogram 1	1	478.000000	478.750000	0	0	26	cluster_26	0.8935
269	Spectrogram 1	1	478.500000	479.000000	0	0	noise	cluster_noise	0.0000
270	Spectrogram 1	1	478.750000	479.250000	0	0	13	cluster_13	0.8602
271	Spectrogram 1	1	479.000000	481.000000	0	0	noise	cluster_noise	0.0000
272	Spectrogram 1	1	480.750000	481.250000	0	0	12	cluster_12	0.9850
273	Spectrogram 1	1	481.000000	481.500000	0	0	3	cluster_3	1.0000
274	Spectrogram 1	1	481.250000	481.750000	0	0	noise	cluster_noise	0.0000
275	Spectrogram 1	1	481.500000	482.000000	0	0	12	cluster_12	0.7482
276	Spectrogram 1	1	481.750000	482.250000	0	0	3	cluster_3	1.0000
277	Spectrogram 1	1	482.000000	482.750000	0	0	noise	cluster_noise	0.0000
278	Spectrogram 1	1	482.500000	483.000000	0	0	12	cluster_12	1.0000
279	Spectrogram 1	1	482.750000	483.250000	0	0	3	cluster_3	1.0000
280	Spectrogram 1	1	483.000000	483.500000	0	0	26	cluster_26	0.8237
281	Spectrogram 1	1	485.000000	485.500000	0	0	12	cluster_12	1.0000
282	Spectrogram 1	1	485.250000	487.750000	0	0	noise	cluster_noise	0.0000
283	Spectrogram 1	1	487.500000	488.500000	0	0	4	cluster_4	0.8677
284	Spectrogram 1	1	488.250000	488.750000	0	0	noise	cluster_noise	0.0000
285	Spectrogram 1	1	488.500000	489.000000	0	0	26	cluster_26	0.8736
286	Spectrogram 1	1	488.750000	489.500000	0	0	noise	cluster_noise	0.0000
287	Spectrogram 1	1	489.250000	490.000000	0	0	26	cluster_26	0.9788
288	Spectrogram 1	1	489.750000	491.500000	0	0	noise	cluster_noise	0.0000
289	Spectrogram 1	1	491.250000	492.250000	0	0	4	cluster_4	0.8289
290	Spectrogram 1	1	492.000000	493.250000	0	0	noise	cluster_noise	0.0000
291	Spectrogram 1	1	493.000000	493.500000	0	0	26	cluster_26	0.8411
292	Spectrogram 1	1	494.000000	494.500000	0	0	3	cluster_3	1.0000
293	Spectrogram 1	1	494.250000	494.750000	0	0	noise	cluster_noise	0.0000
294	Spectrogram 1	1	494.500000	495.250000	0	0	9	cluster_9	0.8401
295	Spectrogram 1	1	495.000000	495.750000	0	0	26	cluster_26	0.9412
296	Spectrogram 1	1	495.500000	496.000000	0	0	13	cluster_13	1.0000
297	Spectrogram 1	1	495.750000	496.250000	0	0	noise	cluster_noise	0.0000
298	Spectrogram 1	1	496.000000	496.500000	0	0	3	cluster_3	1.0000
299	Spectrogram 1	1	496.250000	497.000000	0	0	noise	cluster_noise	0.0000
300	Spectrogram 1	1	496.750000	497.250000	0	0	3	cluster_3	1.0000
301	Spectrogram 1	1	497.000000	497.750000	0	0	noise	cluster_noise	0.0000
302	Spectrogram 1	1	497.500000	498.000000	0	0	26	cluster_26	0.8411
303	Spectrogram 1	1	497.750000	498.250000	0	0	noise	cluster_noise	0.0000
304	Spectrogram 1	1	498.000000	498.500000	0	0	13	cluster_13	0.8973
305	Spectrogram 1	1	498.250000	500.250000	0	0	noise	cluster_noise	0.0000
306	Spectrogram 1	1	500.000000	500.500000	0	0	13	cluster_13	0.4764
307	Spectrogram 1	1	500.250000	500.750000	0	0	noise	cluster_noise	0.0000
308	Spectrogram 1	1	500.500000	501.000000	0	0	9	cluster_9	0.8097
309	Spectrogram 1	1	500.750000	501.250000	0	0	noise	cluster_noise	0.0000
310	Spectrogram 1	1	501.000000	501.750000	0	0	3	cluster_3	0.9779
311	Spectrogram 1	1	501.500000	502.750000	0	0	noise	cluster_noise	0.0000
312	Spectrogram 1	1	502.500000	503.000000	0	0	3	cluster_3	1.0000
313	Spectrogram 1	1	502.750000	503.500000	0	0	noise	cluster_noise	0.0000
314	Spectrogram 1	1	503.250000	503.750000	0	0	3	cluster_3	1.0000
315	Spectrogram 1	1	503.500000	504.000000	0	0	noise	cluster_noise	0.0000
316	Spectrogram 1	1	503.750000	504.500000	0	0	3	cluster_3	1.0000
317	Spectrogram 1	1	504.250000	504.750000	0	0	26	cluster_26	0.8942
318	Spectrogram 1	1	504.500000	505.000000	0	0	noise	cluster_noise	0.0000
319	Spectrogram 1	1	504.750000	505.500000	0	0	26	cluster_26	1.0000
320	Spectrogram 1	1	505.250000	506.000000	0	0	noise	cluster_noise	0.0000
321	Spectrogram 1	1	505.750000	506.500000	0	0	3	cluster_3	1.0000
322	Spectrogram 1	1	507.000000	507.500000	0	0	noise	cluster_noise	0.0000
323	Spectrogram 1	1	507.250000	507.750000	0	0	26	cluster_26	0.9310
324	Spectrogram 1	1	507.500000	509.000000	0	0	noise	cluster_noise	0.0000
325	Spectrogram 1	1	508.750000	509.500000	0	0	3	cluster_3	1.0000
326	Spectrogram 1	1	509.250000	509.750000	0	0	9	cluster_9	0.7394
327	Spectrogram 1	1	509.500000	510.250000	0	0	noise	cluster_noise	0.0000
328	Spectrogram 1	1	510.000000	510.750000	0	0	26	cluster_26	0.9289
329	Spectrogram 1	1	510.500000	511.000000	0	0	noise	cluster_noise	0.0000
330	Spectrogram 1	1	510.750000	511.250000	0	0	26	cluster_26	1.0000
331	Spectrogram 1	1	511.000000	512.000000	0	0	noise	cluster_noise	0.0000
332	Spectrogram 1	1	511.750000	512.250000	0	0	3	cluster_3	1.0000
333	Spectrogram 1	1	512.000000	512.750000	0	0	noise	cluster_noise	0.0000
334	Spectrogram 1	1	512.500000	513.000000	0	0	26	cluster_26	0.8932
335	Spectrogram 1	1	512.750000	513.250000	0	0	noise	cluster_noise	0.0000
336	Spectrogram 1	1	513.000000	513.750000	0	0	7	cluster_7	0.8772
337	Spectrogram 1	1	513.500000	515.250000	0	0	noise	cluster_noise	0.0000
338	Spectrogram 1	1	515.000000	515.500000	0	0	26	cluster_26	0.8251
339	Spectrogram 1	1	515.250000	515.750000	0	0	noise	cluster_noise	0.0000
340	Spectrogram 1	1	515.500000	516.000000	0	0	7	cluster_7	1.0000
341	Spectrogram 1	1	515.750000	517.000000	0	0	noise	cluster_noise	0.0000
342	Spectrogram 1	1	516.750000	517.500000	0	0	7	cluster_7	0.4930
343	Spectrogram 1	1	517.250000	520.000000	0	0	noise	cluster_noise	0.0000
344	Spectrogram 1	1	519.750000	520.250000	0	0	7	cluster_7	0.4829
345	Spectrogram 1	1	520.000000	526.750000	0	0	noise	cluster_noise	0.0000
346	Spectrogram 1	1	526.500000	527.500000	0	0	3	cluster_3	0.9420
347	Spectrogram 1	1	537.000000	537.500000	0	0	7	cluster_7	0.6022
348	Spectrogram 1	1	537.250000	538.000000	0	0	noise	cluster_noise	0.0000
349	Spectrogram 1	1	537.750000	538.250000	0	0	6	cluster_6	0.3972
350	Spectrogram 1	1	538.000000	540.500000	0	0	noise	cluster_noise	0.0000
351	Spectrogram 1	1	540.250000	541.500000	0	0	7	cluster_7	0.8923
352	Spectrogram 1	1	554.000000	555.000000	0	0	3	cluster_3	0.9557
353	Spectrogram 1	1	554.750000	555.250000	0	0	2	cluster_2	0.9198
354	Spectrogram 1	1	555.000000	555.500000	0	0	3	cluster_3	0.8560
355	Spectrogram 1	1	556.000000	556.750000	0	0	noise	cluster_noise	0.0000
356	Spectrogram 1	1	556.500000	557.000000	0	0	26	cluster_26	0.9092
357	Spectrogram 1	1	556.750000	557.750000	0	0	3	cluster_3	1.0000
358	Spectrogram 1	1	557.500000	558.000000	0	0	1	cluster_1	0.8728
359	Spectrogram 1	1	557.750000	558.250000	0	0	3	cluster_3	0.7953
360	Spectrogram 1	1	558.000000	559.000000	0	0	noise	cluster_noise	0.0000
361	Spectrogram 1	1	558.750000	560.000000	0	0	26	cluster_26	0.8977
362	Spectrogram 1	1	559.750000	561.000000	0	0	3	cluster_3	0.9914
363	Spectrogram 1	1	560.750000	561.250000	0	0	noise	cluster_noise	0.0000
364	Spectrogram 1	1	561.000000	564.500000	0	0	3	cluster_3	0.8916
365	Spectrogram 1	1	564.250000	565.500000	0	0	noise	cluster_noise	0.0000
366	Spectrogram 1	1	565.250000	565.750000	0	0	3	cluster_3	1.0000
367	Spectrogram 1	1	565.500000	566.250000	0	0	noise	cluster_noise	0.0000
368	Spectrogram 1	1	566.000000	566.500000	0	0	3	cluster_3	0.8277
369	Spectrogram 1	1	566.250000	566.750000	0	0	1	cluster_1	0.4998
370	Spectrogram 1	1	566.500000	567.000000	0	0	noise	cluster_noise	0.0000
371	Spectrogram 1	1	566.750000	567.250000	0	0	3	cluster_3	1.0000
372	Spectrogram 1	1	567.000000	568.000000	0	0	noise	cluster_noise	0.0000
373	Spectrogram 1	1	567.750000	569.500000	0	0	26	cluster_26	0.9333
374	Spectrogram 1	1	569.250000	569.750000	0	0	noise	cluster_noise	0.0000
375	Spectrogram 1	1	569.500000	571.000000	0	0	2	cluster_2	0.9633
376	Spectrogram 1	1	570.750000	571.500000	0	0	noise	cluster_noise	0.0000
377	Spectrogram 1	1	571.250000	572.250000	0	0	26	cluster_26	0.9130
378	Spectrogram 1	1	572.000000	572.500000	0	0	noise	cluster_noise	0.0000
379	Spectrogram 1	1	572.250000	573.750000	0	0	26	cluster_26	0.8912
380	Spectrogram 1	1	573.500000	575.000000	0	0	3	cluster_3	0.9835
381	Spectrogram 1	1	574.750000	575.500000	0	0	noise	cluster_noise	0.0000
382	Spectrogram 1	1	575.250000	576.000000	0	0	3	cluster_3	0.9886
383	Spectrogram 1	1	575.750000	576.250000	0	0	noise	cluster_noise	0.0000
384	Spectrogram 1	1	576.000000	577.000000	0	0	26	cluster_26	0.8808
385	Spectrogram 1	1	576.750000	577.250000	0	0	noise	cluster_noise	0.0000
386	Spectrogram 1	1	577.000000	577.500000	0	0	3	cluster_3	1.0000
387	Spectrogram 1	1	579.000000	579.500000	0	0	26	cluster_26	0.9477
388	Spectrogram 1	1	579.250000	587.500000	0	0	noise	cluster_noise	0.0000
389	Spectrogram 1	1	587.250000	588.750000	0	0	26	cluster_26	0.9068
390	Spectrogram 1	1	588.500000	590.500000	0	0	3	cluster_3	0.9809
391	Spectrogram 1	1	590.250000	591.500000	0	0	noise	cluster_noise	0.0000
392	Spectrogram 1	1	591.250000	591.750000	0	0	26	cluster_26	1.0000
393	Spectrogram 1	1	591.500000	592.000000	0	0	noise	cluster_noise	0.0000
394	Spectrogram 1	1	591.750000	592.500000	0	0	26	cluster_26	0.9355
395	Spectrogram 1	1	595.000000	597.500000	0	0	2	cluster_2	0.9634
396	Spectrogram 1	1	597.250000	598.000000	0	0	noise	cluster_noise	0.0000
397	Spectrogram 1	1	597.750000	598.500000	0	0	26	cluster_26	0.9637
398	Spectrogram 1	1	598.250000	598.750000	0	0	noise	cluster_noise	0.0000
399	Spectrogram 1	1	598.500000	601.500000	0	0	5	cluster_5	0.9742
400	Spectrogram 1	1	601.250000	602.750000	0	0	noise	cluster_noise	0.0000
401	Spectrogram 1	1	602.500000	603.000000	0	0	21	cluster_21	0.9158
402	Spectrogram 1	1	602.750000	603.750000	0	0	3	cluster_3	1.0000
403	Spectrogram 1	1	603.500000	604.000000	0	0	noise	cluster_noise	0.0000
404	Spectrogram 1	1	603.750000	604.500000	0	0	3	cluster_3	0.8868
405	Spectrogram 1	1	604.250000	605.000000	0	0	noise	cluster_noise	0.0000
406	Spectrogram 1	1	604.750000	605.250000	0	0	3	cluster_3	0.8734
407	Spectrogram 1	1	605.000000	605.500000	0	0	noise	cluster_noise	0.0000
408	Spectrogram 1	1	605.250000	605.750000	0	0	26	cluster_26	1.0000
409	Spectrogram 1	1	605.500000	606.000000	0	0	noise	cluster_noise	0.0000
410	Spectrogram 1	1	605.750000	606.250000	0	0	5	cluster_5	1.0000
411	Spectrogram 1	1	606.000000	608.250000	0	0	2	cluster_2	0.9933
412	Spectrogram 1	1	608.000000	608.500000	0	0	noise	cluster_noise	0.0000
413	Spectrogram 1	1	609.000000	611.000000	0	0	2	cluster_2	1.0000
414	Spectrogram 1	1	610.750000	611.750000	0	0	noise	cluster_noise	0.0000
415	Spectrogram 1	1	611.500000	612.250000	0	0	26	cluster_26	0.9163
416	Spectrogram 1	1	612.000000	615.000000	0	0	5	cluster_5	0.9830
417	Spectrogram 1	1	614.750000	615.500000	0	0	noise	cluster_noise	0.0000
418	Spectrogram 1	1	615.250000	618.000000	0	0	3	cluster_3	0.9659
419	Spectrogram 1	1	617.750000	618.250000	0	0	noise	cluster_noise	0.0000
420	Spectrogram 1	1	618.000000	619.000000	0	0	26	cluster_26	0.8242
421	Spectrogram 1	1	618.750000	619.250000	0	0	noise	cluster_noise	0.0000
422	Spectrogram 1	1	619.000000	619.500000	0	0	5	cluster_5	1.0000
423	Spectrogram 1	1	619.250000	624.250000	0	0	2	cluster_2	0.9889
424	Spectrogram 1	1	624.000000	625.500000	0	0	noise	cluster_noise	0.0000
425	Spectrogram 1	1	625.250000	628.000000	0	0	5	cluster_5	1.0000
426	Spectrogram 1	1	627.750000	628.250000	0	0	noise	cluster_noise	0.0000
427	Spectrogram 1	1	628.000000	628.500000	0	0	26	cluster_26	1.0000
428	Spectrogram 1	1	628.250000	629.000000	0	0	noise	cluster_noise	0.0000
429	Spectrogram 1	1	628.750000	630.500000	0	0	3	cluster_3	0.9893
430	Spectrogram 1	1	630.250000	631.000000	0	0	noise	cluster_noise	0.0000
431	Spectrogram 1	1	630.750000	632.250000	0	0	26	cluster_26	0.9075
432	Spectrogram 1	1	632.000000	632.500000	0	0	5	cluster_5	1.0000
433	Spectrogram 1	1	632.250000	633.500000	0	0	2	cluster_2	0.9708
434	Spectrogram 1	1	633.250000	633.750000	0	0	noise	cluster_noise	0.0000
435	Spectrogram 1	1	633.500000	634.000000	0	0	2	cluster_2	0.7133
436	Spectrogram 1	1	633.750000	634.500000	0	0	noise	cluster_noise	0.0000
437	Spectrogram 1	1	635.000000	636.750000	0	0	2	cluster_2	0.9214
438	Spectrogram 1	1	636.500000	637.250000	0	0	noise	cluster_noise	0.0000
439	Spectrogram 1	1	637.000000	638.000000	0	0	26	cluster_26	0.9484
440	Spectrogram 1	1	637.750000	638.250000	0	0	noise	cluster_noise	0.0000
441	Spectrogram 1	1	638.000000	640.750000	0	0	5	cluster_5	0.9538
442	Spectrogram 1	1	640.500000	641.000000	0	0	noise	cluster_noise	0.0000
443	Spectrogram 1	1	640.750000	641.750000	0	0	26	cluster_26	0.8897
444	Spectrogram 1	1	641.500000	642.000000	0	0	noise	cluster_noise	0.0000
445	Spectrogram 1	1	641.750000	643.750000	0	0	3	cluster_3	1.0000
446	Spectrogram 1	1	643.500000	644.750000	0	0	noise	cluster_noise	0.0000
447	Spectrogram 1	1	644.500000	645.000000	0	0	26	cluster_26	0.9282
448	Spectrogram 1	1	644.750000	645.250000	0	0	5	cluster_5	1.0000
449	Spectrogram 1	1	645.000000	645.500000	0	0	noise	cluster_noise	0.0000
450	Spectrogram 1	1	645.250000	647.250000	0	0	2	cluster_2	0.9690
451	Spectrogram 1	1	647.000000	647.500000	0	0	noise	cluster_noise	0.0000
452	Spectrogram 1	1	648.000000	649.750000	0	0	2	cluster_2	0.9350
453	Spectrogram 1	1	649.500000	650.750000	0	0	noise	cluster_noise	0.0000
454	Spectrogram 1	1	650.500000	651.000000	0	0	26	cluster_26	0.9646
455	Spectrogram 1	1	650.750000	653.500000	0	0	5	cluster_5	1.0000
456	Spectrogram 1	1	653.250000	654.000000	0	0	noise	cluster_noise	0.0000
457	Spectrogram 1	1	653.750000	655.000000	0	0	3	cluster_3	1.0000
458	Spectrogram 1	1	654.750000	655.250000	0	0	noise	cluster_noise	0.0000
459	Spectrogram 1	1	655.000000	656.000000	0	0	3	cluster_3	1.0000
460	Spectrogram 1	1	655.750000	656.750000	0	0	noise	cluster_noise	0.0000
461	Spectrogram 1	1	656.500000	657.500000	0	0	26	cluster_26	0.8528
462	Spectrogram 1	1	657.250000	658.000000	0	0	noise	cluster_noise	0.0000
463	Spectrogram 1	1	657.750000	658.250000	0	0	5	cluster_5	1.0000
464	Spectrogram 1	1	658.000000	660.000000	0	0	2	cluster_2	1.0000
465	Spectrogram 1	1	659.750000	660.500000	0	0	noise	cluster_noise	0.0000
466	Spectrogram 1	1	660.250000	660.750000	0	0	5	cluster_5	0.8401
467	Spectrogram 1	1	660.500000	661.000000	0	0	noise	cluster_noise	0.0000
468	Spectrogram 1	1	660.750000	662.500000	0	0	2	cluster_2	0.9986
469	Spectrogram 1	1	662.250000	663.250000	0	0	noise	cluster_noise	0.0000
470	Spectrogram 1	1	663.000000	663.750000	0	0	26	cluster_26	0.9000
471	Spectrogram 1	1	663.500000	666.250000	0	0	5	cluster_5	1.0000
472	Spectrogram 1	1	666.000000	666.500000	0	0	9	cluster_9	0.8106
473	Spectrogram 1	1	666.250000	666.750000	0	0	noise	cluster_noise	0.0000
474	Spectrogram 1	1	666.500000	668.500000	0	0	3	cluster_3	0.9653
475	Spectrogram 1	1	668.250000	669.000000	0	0	noise	cluster_noise	0.0000
476	Spectrogram 1	1	668.750000	669.250000	0	0	26	cluster_26	1.0000
477	Spectrogram 1	1	669.000000	669.750000	0	0	noise	cluster_noise	0.0000
478	Spectrogram 1	1	669.500000	670.000000	0	0	26	cluster_26	0.8465
479	Spectrogram 1	1	669.750000	671.000000	0	0	noise	cluster_noise	0.0000
480	Spectrogram 1	1	670.750000	671.250000	0	0	3	cluster_3	1.0000
481	Spectrogram 1	1	671.000000	671.750000	0	0	noise	cluster_noise	0.0000
482	Spectrogram 1	1	671.500000	672.000000	0	0	16	cluster_16	0.3634
483	Spectrogram 1	1	671.750000	672.500000	0	0	14	cluster_14	0.6775
484	Spectrogram 1	1	672.250000	672.750000	0	0	noise	cluster_noise	0.0000
485	Spectrogram 1	1	672.500000	673.000000	0	0	5	cluster_5	1.0000
486	Spectrogram 1	1	672.750000	673.500000	0	0	noise	cluster_noise	0.0000
487	Spectrogram 1	1	675.000000	675.500000	0	0	26	cluster_26	0.8888
488	Spectrogram 1	1	675.250000	678.000000	0	0	5	cluster_5	1.0000
489	Spectrogram 1	1	677.750000	679.250000	0	0	3	cluster_3	1.0000
490	Spectrogram 1	1	679.000000	679.750000	0	0	noise	cluster_noise	0.0000
491	Spectrogram 1	1	679.500000	680.250000	0	0	26	cluster_26	0.9421
492	Spectrogram 1	1	680.000000	681.000000	0	0	3	cluster_3	1.0000
493	Spectrogram 1	1	680.750000	681.750000	0	0	noise	cluster_noise	0.0000
494	Spectrogram 1	1	681.500000	682.750000	0	0	26	cluster_26	0.9224
495	Spectrogram 1	1	682.500000	683.000000	0	0	noise	cluster_noise	0.0000
496	Spectrogram 1	1	682.750000	685.250000	0	0	5	cluster_5	1.0000
497	Spectrogram 1	1	685.000000	686.250000	0	0	noise	cluster_noise	0.0000
498	Spectrogram 1	1	686.000000	686.500000	0	0	26	cluster_26	0.8662
499	Spectrogram 1	1	686.250000	687.000000	0	0	noise	cluster_noise	0.0000
500	Spectrogram 1	1	686.750000	689.500000	0	0	5	cluster_5	0.9952
501	Spectrogram 1	1	689.250000	690.750000	0	0	3	cluster_3	1.0000
502	Spectrogram 1	1	690.500000	691.500000	0	0	noise	cluster_noise	0.0000
503	Spectrogram 1	1	691.250000	692.500000	0	0	26	cluster_26	0.9029
504	Spectrogram 1	1	692.250000	692.750000	0	0	noise	cluster_noise	0.0000
505	Spectrogram 1	1	692.500000	693.500000	0	0	26	cluster_26	0.8804
506	Spectrogram 1	1	693.250000	693.750000	0	0	noise	cluster_noise	0.0000
507	Spectrogram 1	1	693.500000	694.250000	0	0	5	cluster_5	0.8659
508	Spectrogram 1	1	694.000000	694.500000	0	0	14	cluster_14	0.5637
509	Spectrogram 1	1	694.250000	696.500000	0	0	5	cluster_5	1.0000
510	Spectrogram 1	1	696.250000	697.000000	0	0	noise	cluster_noise	0.0000
511	Spectrogram 1	1	696.750000	697.250000	0	0	5	cluster_5	1.0000
512	Spectrogram 1	1	697.000000	697.750000	0	0	noise	cluster_noise	0.0000
513	Spectrogram 1	1	697.500000	700.250000	0	0	5	cluster_5	1.0000
514	Spectrogram 1	1	700.000000	701.750000	0	0	noise	cluster_noise	0.0000
515	Spectrogram 1	1	701.500000	702.000000	0	0	9	cluster_9	0.7544
516	Spectrogram 1	1	701.750000	709.250000	0	0	noise	cluster_noise	0.0000
517	Spectrogram 1	1	709.000000	712.500000	0	0	5	cluster_5	0.9809
518	Spectrogram 1	1	712.250000	713.750000	0	0	noise	cluster_noise	0.0000
519	Spectrogram 1	1	713.500000	715.750000	0	0	5	cluster_5	1.0000
520	Spectrogram 1	1	715.500000	719.000000	0	0	noise	cluster_noise	0.0000
521	Spectrogram 1	1	718.750000	719.250000	0	0	13	cluster_13	0.5234
522	Spectrogram 1	1	719.000000	720.250000	0	0	noise	cluster_noise	0.0000
523	Spectrogram 1	1	720.000000	720.500000	0	0	18	cluster_18	0.7590
524	Spectrogram 1	1	720.250000	721.000000	0	0	noise	cluster_noise	0.0000
525	Spectrogram 1	1	720.750000	721.250000	0	0	13	cluster_13	0.5012
526	Spectrogram 1	1	721.000000	723.500000	0	0	noise	cluster_noise	0.0000
527	Spectrogram 1	1	723.250000	723.750000	0	0	9	cluster_9	0.7638
528	Spectrogram 1	1	723.500000	724.250000	0	0	noise	cluster_noise	0.0000
529	Spectrogram 1	1	724.000000	724.500000	0	0	26	cluster_26	0.9559
530	Spectrogram 1	1	724.250000	725.000000	0	0	noise	cluster_noise	0.0000
531	Spectrogram 1	1	724.750000	728.500000	0	0	5	cluster_5	0.9775
532	Spectrogram 1	1	728.250000	729.500000	0	0	noise	cluster_noise	0.0000
533	Spectrogram 1	1	729.250000	731.750000	0	0	5	cluster_5	1.0000
534	Spectrogram 1	1	731.500000	733.000000	0	0	noise	cluster_noise	0.0000
535	Spectrogram 1	1	732.750000	733.250000	0	0	13	cluster_13	0.4735
536	Spectrogram 1	1	733.000000	733.750000	0	0	noise	cluster_noise	0.0000
537	Spectrogram 1	1	733.500000	734.000000	0	0	9	cluster_9	0.7382
538	Spectrogram 1	1	733.750000	734.250000	0	0	26	cluster_26	0.8024
539	Spectrogram 1	1	734.000000	735.500000	0	0	noise	cluster_noise	0.0000
540	Spectrogram 1	1	735.250000	735.750000	0	0	20	cluster_20	0.9753
541	Spectrogram 1	1	735.500000	737.250000	0	0	noise	cluster_noise	0.0000
542	Spectrogram 1	1	737.000000	737.500000	0	0	20	cluster_20	0.9497
543	Spectrogram 1	1	737.250000	738.250000	0	0	noise	cluster_noise	0.0000
544	Spectrogram 1	1	738.000000	739.250000	0	0	26	cluster_26	0.9062
545	Spectrogram 1	1	739.000000	742.500000	0	0	5	cluster_5	0.9958
546	Spectrogram 1	1	742.250000	743.750000	0	0	noise	cluster_noise	0.0000
547	Spectrogram 1	1	743.500000	744.500000	0	0	26	cluster_26	0.8919
548	Spectrogram 1	1	744.250000	744.750000	0	0	noise	cluster_noise	0.0000
549	Spectrogram 1	1	744.500000	745.000000	0	0	26	cluster_26	0.9577
550	Spectrogram 1	1	744.750000	747.250000	0	0	noise	cluster_noise	0.0000
551	Spectrogram 1	1	747.000000	747.500000	0	0	1	cluster_1	0.7306
552	Spectrogram 1	1	747.250000	748.500000	0	0	noise	cluster_noise	0.0000
553	Spectrogram 1	1	748.250000	748.750000	0	0	16	cluster_16	0.5474
554	Spectrogram 1	1	748.500000	749.250000	0	0	14	cluster_14	0.7118
555	Spectrogram 1	1	749.000000	749.500000	0	0	1	cluster_1	0.4165
556	Spectrogram 1	1	749.250000	749.750000	0	0	3	cluster_3	0.8735
557	Spectrogram 1	1	749.500000	751.500000	0	0	noise	cluster_noise	0.0000
558	Spectrogram 1	1	751.250000	752.500000	0	0	5	cluster_5	1.0000
559	Spectrogram 1	1	755.000000	755.500000	0	0	26	cluster_26	0.8513
560	Spectrogram 1	1	755.250000	756.000000	0	0	noise	cluster_noise	0.0000
561	Spectrogram 1	1	755.750000	756.250000	0	0	26	cluster_26	0.8128
562	Spectrogram 1	1	756.000000	756.750000	0	0	noise	cluster_noise	0.0000
563	Spectrogram 1	1	756.500000	758.000000	0	0	8	cluster_8	0.8226
564	Spectrogram 1	1	757.750000	758.500000	0	0	noise	cluster_noise	0.0000
565	Spectrogram 1	1	758.250000	758.750000	0	0	26	cluster_26	0.9147
566	Spectrogram 1	1	758.500000	759.000000	0	0	3	cluster_3	1.0000
567	Spectrogram 1	1	758.750000	759.500000	0	0	noise	cluster_noise	0.0000
568	Spectrogram 1	1	759.250000	759.750000	0	0	1	cluster_1	0.4157
569	Spectrogram 1	1	759.500000	760.000000	0	0	noise	cluster_noise	0.0000
570	Spectrogram 1	1	759.750000	760.250000	0	0	3	cluster_3	0.8717
571	Spectrogram 1	1	760.000000	760.750000	0	0	noise	cluster_noise	0.0000
572	Spectrogram 1	1	760.500000	761.000000	0	0	3	cluster_3	1.0000
573	Spectrogram 1	1	760.750000	761.750000	0	0	1	cluster_1	0.7052
574	Spectrogram 1	1	761.500000	763.000000	0	0	noise	cluster_noise	0.0000
575	Spectrogram 1	1	762.750000	763.500000	0	0	26	cluster_26	0.9430
576	Spectrogram 1	1	765.000000	767.250000	0	0	5	cluster_5	1.0000
577	Spectrogram 1	1	767.000000	768.000000	0	0	noise	cluster_noise	0.0000
578	Spectrogram 1	1	767.750000	768.500000	0	0	26	cluster_26	0.8708
579	Spectrogram 1	1	769.000000	769.750000	0	0	noise	cluster_noise	0.0000
580	Spectrogram 1	1	769.500000	770.000000	0	0	20	cluster_20	0.9562
581	Spectrogram 1	1	769.750000	770.750000	0	0	noise	cluster_noise	0.0000
582	Spectrogram 1	1	770.500000	771.000000	0	0	26	cluster_26	0.9786
583	Spectrogram 1	1	770.750000	771.500000	0	0	noise	cluster_noise	0.0000
584	Spectrogram 1	1	771.250000	772.000000	0	0	1	cluster_1	0.6612
585	Spectrogram 1	1	771.750000	773.000000	0	0	noise	cluster_noise	0.0000
586	Spectrogram 1	1	772.750000	773.750000	0	0	14	cluster_14	0.5759
587	Spectrogram 1	1	773.500000	774.000000	0	0	1	cluster_1	1.0000
588	Spectrogram 1	1	773.750000	774.750000	0	0	noise	cluster_noise	0.0000
589	Spectrogram 1	1	774.500000	775.000000	0	0	3	cluster_3	1.0000
590	Spectrogram 1	1	774.750000	775.250000	0	0	noise	cluster_noise	0.0000
591	Spectrogram 1	1	775.000000	775.500000	0	0	26	cluster_26	0.9542
592	Spectrogram 1	1	776.000000	776.500000	0	0	noise	cluster_noise	0.0000
593	Spectrogram 1	1	776.250000	777.500000	0	0	5	cluster_5	1.0000
594	Spectrogram 1	1	781.000000	781.750000	0	0	26	cluster_26	0.8900
595	Spectrogram 1	1	781.500000	782.250000	0	0	noise	cluster_noise	0.0000
596	Spectrogram 1	1	782.000000	783.250000	0	0	8	cluster_8	0.9341
597	Spectrogram 1	1	783.000000	783.750000	0	0	noise	cluster_noise	0.0000
598	Spectrogram 1	1	783.500000	784.500000	0	0	3	cluster_3	0.9438
599	Spectrogram 1	1	784.250000	784.750000	0	0	1	cluster_1	0.5238
600	Spectrogram 1	1	784.500000	785.000000	0	0	noise	cluster_noise	0.0000
601	Spectrogram 1	1	784.750000	785.500000	0	0	3	cluster_3	0.9689
602	Spectrogram 1	1	785.250000	785.750000	0	0	14	cluster_14	0.5721
603	Spectrogram 1	1	785.500000	786.500000	0	0	1	cluster_1	1.0000
604	Spectrogram 1	1	786.250000	787.750000	0	0	noise	cluster_noise	0.0000
605	Spectrogram 1	1	787.500000	788.500000	0	0	26	cluster_26	0.8955
606	Spectrogram 1	1	788.250000	788.750000	0	0	noise	cluster_noise	0.0000
607	Spectrogram 1	1	788.500000	792.000000	0	0	5	cluster_5	1.0000
608	Spectrogram 1	1	791.750000	792.500000	0	0	noise	cluster_noise	0.0000
609	Spectrogram 1	1	793.000000	794.000000	0	0	26	cluster_26	0.9148
610	Spectrogram 1	1	793.750000	794.250000	0	0	noise	cluster_noise	0.0000
611	Spectrogram 1	1	794.000000	795.750000	0	0	8	cluster_8	0.8631
612	Spectrogram 1	1	795.500000	796.750000	0	0	noise	cluster_noise	0.0000
613	Spectrogram 1	1	796.500000	797.000000	0	0	1	cluster_1	0.6115
614	Spectrogram 1	1	796.750000	798.500000	0	0	3	cluster_3	1.0000
615	Spectrogram 1	1	798.250000	800.750000	0	0	noise	cluster_noise	0.0000
616	Spectrogram 1	1	800.500000	802.500000	0	0	5	cluster_5	1.0000
617	Spectrogram 1	1	806.000000	808.000000	0	0	8	cluster_8	0.7816
618	Spectrogram 1	1	807.750000	808.250000	0	0	noise	cluster_noise	0.0000
619	Spectrogram 1	1	808.000000	808.750000	0	0	4	cluster_4	0.9909
620	Spectrogram 1	1	808.500000	810.250000	0	0	noise	cluster_noise	0.0000
621	Spectrogram 1	1	810.000000	813.500000	0	0	4	cluster_4	0.9014
622	Spectrogram 1	1	813.250000	814.500000	0	0	noise	cluster_noise	0.0000
623	Spectrogram 1	1	815.000000	815.750000	0	0	13	cluster_13	0.6895
624	Spectrogram 1	1	815.500000	816.000000	0	0	noise	cluster_noise	0.0000
625	Spectrogram 1	1	815.750000	816.500000	0	0	9	cluster_9	1.0000
626	Spectrogram 1	1	819.000000	819.500000	0	0	noise	cluster_noise	0.0000
627	Spectrogram 1	1	819.250000	820.000000	0	0	13	cluster_13	0.7004
628	Spectrogram 1	1	819.750000	820.250000	0	0	26	cluster_26	0.8216
629	Spectrogram 1	1	820.000000	821.500000	0	0	noise	cluster_noise	0.0000
630	Spectrogram 1	1	821.250000	823.500000	0	0	4	cluster_4	0.9208
631	Spectrogram 1	1	823.250000	824.500000	0	0	noise	cluster_noise	0.0000
632	Spectrogram 1	1	824.250000	825.000000	0	0	26	cluster_26	0.9147
633	Spectrogram 1	1	824.750000	825.250000	0	0	noise	cluster_noise	0.0000
634	Spectrogram 1	1	825.000000	828.250000	0	0	4	cluster_4	0.9462
635	Spectrogram 1	1	828.000000	829.250000	0	0	noise	cluster_noise	0.0000
636	Spectrogram 1	1	829.000000	829.750000	0	0	26	cluster_26	0.9788
637	Spectrogram 1	1	829.500000	830.000000	0	0	noise	cluster_noise	0.0000
638	Spectrogram 1	1	829.750000	830.250000	0	0	13	cluster_13	0.4919
639	Spectrogram 1	1	830.000000	830.500000	0	0	noise	cluster_noise	0.0000
640	Spectrogram 1	1	830.250000	830.750000	0	0	26	cluster_26	0.8049
641	Spectrogram 1	1	830.500000	832.500000	0	0	noise	cluster_noise	0.0000
642	Spectrogram 1	1	832.250000	832.750000	0	0	3	cluster_3	1.0000
643	Spectrogram 1	1	832.500000	833.000000	0	0	26	cluster_26	0.8318
644	Spectrogram 1	1	832.750000	833.250000	0	0	noise	cluster_noise	0.0000
645	Spectrogram 1	1	833.000000	833.500000	0	0	2	cluster_2	1.0000
646	Spectrogram 1	1	833.250000	833.750000	0	0	3	cluster_3	1.0000
647	Spectrogram 1	1	833.500000	834.250000	0	0	noise	cluster_noise	0.0000
648	Spectrogram 1	1	834.000000	834.500000	0	0	13	cluster_13	0.5480
649	Spectrogram 1	1	835.000000	835.500000	0	0	9	cluster_9	1.0000
650	Spectrogram 1	1	835.250000	836.250000	0	0	noise	cluster_noise	0.0000
651	Spectrogram 1	1	836.000000	838.250000	0	0	4	cluster_4	0.9090
652	Spectrogram 1	1	838.000000	838.750000	0	0	noise	cluster_noise	0.0000
653	Spectrogram 1	1	838.500000	839.250000	0	0	2	cluster_2	0.8990
654	Spectrogram 1	1	839.000000	839.500000	0	0	noise	cluster_noise	0.0000
655	Spectrogram 1	1	839.250000	839.750000	0	0	26	cluster_26	1.0000
656	Spectrogram 1	1	839.500000	840.750000	0	0	noise	cluster_noise	0.0000
657	Spectrogram 1	1	840.500000	842.500000	0	0	4	cluster_4	0.8374
658	Spectrogram 1	1	842.250000	843.250000	0	0	noise	cluster_noise	0.0000
659	Spectrogram 1	1	843.000000	843.500000	0	0	2	cluster_2	0.9096
660	Spectrogram 1	1	849.000000	849.500000	0	0	3	cluster_3	1.0000
661	Spectrogram 1	1	849.250000	849.750000	0	0	noise	cluster_noise	0.0000
662	Spectrogram 1	1	849.500000	850.250000	0	0	12	cluster_12	0.8831
663	Spectrogram 1	1	850.000000	850.500000	0	0	3	cluster_3	1.0000
664	Spectrogram 1	1	850.250000	851.000000	0	0	noise	cluster_noise	0.0000
665	Spectrogram 1	1	850.750000	851.250000	0	0	3	cluster_3	1.0000
666	Spectrogram 1	1	851.000000	851.500000	0	0	26	cluster_26	0.8403
667	Spectrogram 1	1	851.250000	851.750000	0	0	noise	cluster_noise	0.0000
668	Spectrogram 1	1	851.500000	853.000000	0	0	3	cluster_3	1.0000
669	Spectrogram 1	1	852.750000	853.250000	0	0	noise	cluster_noise	0.0000
670	Spectrogram 1	1	853.000000	853.750000	0	0	3	cluster_3	1.0000
671	Spectrogram 1	1	853.500000	854.000000	0	0	noise	cluster_noise	0.0000
672	Spectrogram 1	1	853.750000	855.250000	0	0	26	cluster_26	0.9161
673	Spectrogram 1	1	855.000000	864.750000	0	0	noise	cluster_noise	0.0000
674	Spectrogram 1	1	864.500000	865.250000	0	0	26	cluster_26	0.8733
675	Spectrogram 1	1	865.000000	865.500000	0	0	noise	cluster_noise	0.0000
676	Spectrogram 1	1	866.000000	866.500000	0	0	26	cluster_26	0.8765
677	Spectrogram 1	1	866.250000	867.000000	0	0	noise	cluster_noise	0.0000
678	Spectrogram 1	1	866.750000	867.250000	0	0	26	cluster_26	0.8269
679	Spectrogram 1	1	867.000000	867.500000	0	0	noise	cluster_noise	0.0000
680	Spectrogram 1	1	867.250000	868.250000	0	0	26	cluster_26	0.8657
681	Spectrogram 1	1	868.000000	868.500000	0	0	noise	cluster_noise	0.0000
682	Spectrogram 1	1	868.250000	868.750000	0	0	26	cluster_26	0.7811
683	Spectrogram 1	1	868.500000	869.000000	0	0	noise	cluster_noise	0.0000
684	Spectrogram 1	1	868.750000	869.500000	0	0	26	cluster_26	0.9770
685	Spectrogram 1	1	913.000000	913.500000	0	0	noise	cluster_noise	0.0000
686	Spectrogram 1	1	913.250000	917.250000	0	0	3	cluster_3	0.9966
687	Spectrogram 1	1	917.000000	917.500000	0	0	noise	cluster_noise	0.0000
688	Spectrogram 1	1	923.000000	923.500000	0	0	3	cluster_3	1.0000
689	Spectrogram 1	1	923.250000	924.000000	0	0	noise	cluster_noise	0.0000
690	Spectrogram 1	1	923.750000	924.500000	0	0	3	cluster_3	0.9878
691	Spectrogram 1	1	924.250000	924.750000	0	0	26	cluster_26	0.8214
692	Spectrogram 1	1	924.500000	926.000000	0	0	3	cluster_3	0.9694
693	Spectrogram 1	1	925.750000	926.500000	0	0	26	cluster_26	0.8507
694	Spectrogram 1	1	926.250000	927.500000	0	0	3	cluster_3	1.0000
695	Spectrogram 1	1	939.000000	939.750000	0	0	26	cluster_26	0.8818
696	Spectrogram 1	1	939.500000	942.000000	0	0	3	cluster_3	0.9987
697	Spectrogram 1	1	941.750000	942.500000	0	0	noise	cluster_noise	0.0000
698	Spectrogram 1	1	942.250000	942.750000	0	0	26	cluster_26	1.0000
699	Spectrogram 1	1	942.500000	943.000000	0	0	noise	cluster_noise	0.0000
700	Spectrogram 1	1	942.750000	943.250000	0	0	26	cluster_26	0.8031
701	Spectrogram 1	1	943.000000	944.500000	0	0	3	cluster_3	0.9826
702	Spectrogram 1	1	957.000000	957.750000	0	0	noise	cluster_noise	0.0000
703	Spectrogram 1	1	957.500000	958.250000	0	0	26	cluster_26	0.8329
704	Spectrogram 1	1	958.000000	961.250000	0	0	3	cluster_3	0.9803
705	Spectrogram 1	1	961.000000	962.250000	0	0	noise	cluster_noise	0.0000
706	Spectrogram 1	1	962.000000	962.500000	0	0	26	cluster_26	0.9019
707	Spectrogram 1	1	974.000000	974.750000	0	0	5	cluster_5	1.0000
708	Spectrogram 1	1	974.500000	975.750000	0	0	3	cluster_3	0.8724
709	Spectrogram 1	1	975.500000	976.250000	0	0	noise	cluster_noise	0.0000
710	Spectrogram 1	1	976.000000	976.500000	0	0	22	cluster_22	0.7349
711	Spectrogram 1	1	976.250000	976.750000	0	0	noise	cluster_noise	0.0000
712	Spectrogram 1	1	976.500000	978.000000	0	0	26	cluster_26	0.9534
713	Spectrogram 1	1	977.750000	980.000000	0	0	3	cluster_3	0.9751
714	Spectrogram 1	1	979.750000	981.250000	0	0	noise	cluster_noise	0.0000
715	Spectrogram 1	1	981.000000	981.500000	0	0	3	cluster_3	0.8004
716	Spectrogram 1	1	981.250000	986.000000	0	0	2	cluster_2	0.9585
717	Spectrogram 1	1	985.750000	986.500000	0	0	26	cluster_26	0.9180
718	Spectrogram 1	1	988.000000	990.000000	0	0	5	cluster_5	1.0000
719	Spectrogram 1	1	989.750000	990.500000	0	0	noise	cluster_noise	0.0000
720	Spectrogram 1	1	990.250000	990.750000	0	0	25	cluster_25	0.7751
721	Spectrogram 1	1	990.500000	991.000000	0	0	noise	cluster_noise	0.0000
722	Spectrogram 1	1	990.750000	991.250000	0	0	21	cluster_21	0.8854
723	Spectrogram 1	1	991.000000	991.500000	0	0	3	cluster_3	1.0000
724	Spectrogram 1	1	991.250000	992.250000	0	0	noise	cluster_noise	0.0000
725	Spectrogram 1	1	992.000000	993.250000	0	0	3	cluster_3	1.0000
726	Spectrogram 1	1	993.000000	993.500000	0	0	26	cluster_26	0.8715
727	Spectrogram 1	1	993.250000	994.500000	0	0	noise	cluster_noise	0.0000
728	Spectrogram 1	1	994.250000	994.750000	0	0	26	cluster_26	0.8281
729	Spectrogram 1	1	994.500000	996.750000	0	0	2	cluster_2	0.9649
730	Spectrogram 1	1	996.500000	997.000000	0	0	noise	cluster_noise	0.0000
731	Spectrogram 1	1	996.750000	997.250000	0	0	26	cluster_26	0.8974
732	Spectrogram 1	1	997.000000	997.500000	0	0	9	cluster_9	0.7392
733	Spectrogram 1	1	997.250000	999.500000	0	0	2	cluster_2	0.9284
734	Spectrogram 1	1	999.250000	1000.500000	0	0	26	cluster_26	0.8956
735	Spectrogram 1	1	1002.000000	1003.500000	0	0	5	cluster_5	1.0000
736	Spectrogram 1	1	1003.250000	1003.750000	0	0	noise	cluster_noise	0.0000
737	Spectrogram 1	1	1003.500000	1004.000000	0	0	26	cluster_26	0.7844
738	Spectrogram 1	1	1003.750000	1004.750000	0	0	noise	cluster_noise	0.0000
739	Spectrogram 1	1	1004.500000	1006.750000	0	0	3	cluster_3	1.0000
740	Spectrogram 1	1	1006.500000	1007.000000	0	0	noise	cluster_noise	0.0000
741	Spectrogram 1	1	1006.750000	1007.500000	0	0	25	cluster_25	0.8721
742	Spectrogram 1	1	1007.250000	1007.750000	0	0	26	cluster_26	0.7843
743	Spectrogram 1	1	1007.500000	1008.000000	0	0	noise	cluster_noise	0.0000
744	Spectrogram 1	1	1007.750000	1010.000000	0	0	2	cluster_2	0.9661
745	Spectrogram 1	1	1009.750000	1010.250000	0	0	26	cluster_26	0.8558
746	Spectrogram 1	1	1010.000000	1010.500000	0	0	noise	cluster_noise	0.0000
747	Spectrogram 1	1	1010.250000	1011.000000	0	0	5	cluster_5	0.7746
748	Spectrogram 1	1	1010.750000	1012.500000	0	0	2	cluster_2	1.0000
749	Spectrogram 1	1	1012.250000	1012.750000	0	0	noise	cluster_noise	0.0000
750	Spectrogram 1	1	1012.500000	1013.000000	0	0	26	cluster_26	0.8686
751	Spectrogram 1	1	1012.750000	1013.500000	0	0	noise	cluster_noise	0.0000
752	Spectrogram 1	1	1015.000000	1016.750000	0	0	5	cluster_5	0.9972
753	Spectrogram 1	1	1016.500000	1017.750000	0	0	noise	cluster_noise	0.0000
754	Spectrogram 1	1	1017.500000	1019.750000	0	0	3	cluster_3	1.0000
755	Spectrogram 1	1	1019.500000	1020.000000	0	0	noise	cluster_noise	0.0000
756	Spectrogram 1	1	1019.750000	1020.250000	0	0	26	cluster_26	0.9123
757	Spectrogram 1	1	1020.000000	1020.500000	0	0	noise	cluster_noise	0.0000
758	Spectrogram 1	1	1020.250000	1020.750000	0	0	26	cluster_26	0.8652
759	Spectrogram 1	1	1020.500000	1021.000000	0	0	5	cluster_5	1.0000
760	Spectrogram 1	1	1020.750000	1022.750000	0	0	2	cluster_2	1.0000
761	Spectrogram 1	1	1022.500000	1023.000000	0	0	noise	cluster_noise	0.0000
762	Spectrogram 1	1	1022.750000	1023.250000	0	0	26	cluster_26	0.8245
763	Spectrogram 1	1	1023.000000	1023.500000	0	0	5	cluster_5	1.0000
764	Spectrogram 1	1	1023.250000	1023.750000	0	0	noise	cluster_noise	0.0000
765	Spectrogram 1	1	1023.500000	1025.500000	0	0	2	cluster_2	0.9589
766	Spectrogram 1	1	1025.250000	1026.250000	0	0	noise	cluster_noise	0.0000
767	Spectrogram 1	1	1026.000000	1026.500000	0	0	26	cluster_26	0.8564
768	Spectrogram 1	1	1028.000000	1029.250000	0	0	5	cluster_5	0.9359
769	Spectrogram 1	1	1029.000000	1029.500000	0	0	noise	cluster_noise	0.0000
770	Spectrogram 1	1	1029.250000	1031.500000	0	0	3	cluster_3	0.9375
771	Spectrogram 1	1	1031.250000	1032.000000	0	0	noise	cluster_noise	0.0000
772	Spectrogram 1	1	1031.750000	1033.250000	0	0	26	cluster_26	0.8781
773	Spectrogram 1	1	1033.000000	1033.500000	0	0	5	cluster_5	1.0000
774	Spectrogram 1	1	1033.250000	1033.750000	0	0	noise	cluster_noise	0.0000
775	Spectrogram 1	1	1033.500000	1035.500000	0	0	2	cluster_2	0.9456
776	Spectrogram 1	1	1035.250000	1035.750000	0	0	noise	cluster_noise	0.0000
777	Spectrogram 1	1	1035.500000	1036.250000	0	0	5	cluster_5	0.9485
778	Spectrogram 1	1	1036.000000	1038.000000	0	0	2	cluster_2	1.0000
779	Spectrogram 1	1	1037.750000	1038.500000	0	0	noise	cluster_noise	0.0000
780	Spectrogram 1	1	1038.250000	1039.000000	0	0	2	cluster_2	0.8818
781	Spectrogram 1	1	1038.750000	1039.250000	0	0	3	cluster_3	1.0000
782	Spectrogram 1	1	1039.000000	1039.500000	0	0	noise	cluster_noise	0.0000
783	Spectrogram 1	1	1040.000000	1041.750000	0	0	5	cluster_5	1.0000
784	Spectrogram 1	1	1041.500000	1042.250000	0	0	noise	cluster_noise	0.0000
785	Spectrogram 1	1	1042.000000	1042.500000	0	0	5	cluster_5	1.0000
786	Spectrogram 1	1	1042.250000	1044.500000	0	0	3	cluster_3	0.9955
787	Spectrogram 1	1	1044.250000	1045.500000	0	0	26	cluster_26	0.9489
788	Spectrogram 1	1	1045.250000	1045.750000	0	0	noise	cluster_noise	0.0000
789	Spectrogram 1	1	1045.500000	1046.000000	0	0	5	cluster_5	1.0000
790	Spectrogram 1	1	1045.750000	1046.250000	0	0	noise	cluster_noise	0.0000
791	Spectrogram 1	1	1046.000000	1047.750000	0	0	2	cluster_2	0.9806
792	Spectrogram 1	1	1047.500000	1048.250000	0	0	noise	cluster_noise	0.0000
793	Spectrogram 1	1	1048.000000	1048.500000	0	0	5	cluster_5	1.0000
794	Spectrogram 1	1	1048.250000	1048.750000	0	0	noise	cluster_noise	0.0000
795	Spectrogram 1	1	1048.500000	1050.000000	0	0	2	cluster_2	0.9561
796	Spectrogram 1	1	1049.750000	1051.000000	0	0	noise	cluster_noise	0.0000
797	Spectrogram 1	1	1050.750000	1051.500000	0	0	25	cluster_25	0.8507
798	Spectrogram 1	1	1054.000000	1054.500000	0	0	noise	cluster_noise	0.0000
799	Spectrogram 1	1	1054.250000	1056.500000	0	0	3	cluster_3	0.9745
800	Spectrogram 1	1	1056.250000	1056.750000	0	0	noise	cluster_noise	0.0000
801	Spectrogram 1	1	1056.500000	1057.500000	0	0	26	cluster_26	0.8766
802	Spectrogram 1	1	1057.250000	1058.000000	0	0	noise	cluster_noise	0.0000
803	Spectrogram 1	1	1057.750000	1058.500000	0	0	5	cluster_5	1.0000
804	Spectrogram 1	1	1058.250000	1059.250000	0	0	2	cluster_2	0.9916
805	Spectrogram 1	1	1059.000000	1059.500000	0	0	5	cluster_5	0.7964
806	Spectrogram 1	1	1059.250000	1060.000000	0	0	2	cluster_2	0.9881
807	Spectrogram 1	1	1059.750000	1060.500000	0	0	noise	cluster_noise	0.0000
808	Spectrogram 1	1	1060.250000	1060.750000	0	0	5	cluster_5	1.0000
809	Spectrogram 1	1	1060.500000	1061.000000	0	0	noise	cluster_noise	0.0000
810	Spectrogram 1	1	1060.750000	1062.500000	0	0	2	cluster_2	1.0000
811	Spectrogram 1	1	1062.250000	1062.750000	0	0	noise	cluster_noise	0.0000
812	Spectrogram 1	1	1062.500000	1063.000000	0	0	25	cluster_25	0.8142
813	Spectrogram 1	1	1062.750000	1063.250000	0	0	noise	cluster_noise	0.0000
814	Spectrogram 1	1	1063.000000	1063.750000	0	0	26	cluster_26	0.8887
815	Spectrogram 1	1	1063.500000	1064.000000	0	0	noise	cluster_noise	0.0000
816	Spectrogram 1	1	1063.750000	1066.500000	0	0	5	cluster_5	1.0000
817	Spectrogram 1	1	1066.250000	1066.750000	0	0	noise	cluster_noise	0.0000
818	Spectrogram 1	1	1066.500000	1067.750000	0	0	3	cluster_3	0.9723
819	Spectrogram 1	1	1067.500000	1068.000000	0	0	26	cluster_26	0.8008
820	Spectrogram 1	1	1067.750000	1068.250000	0	0	noise	cluster_noise	0.0000
821	Spectrogram 1	1	1068.000000	1068.500000	0	0	26	cluster_26	0.8045
822	Spectrogram 1	1	1068.250000	1069.500000	0	0	noise	cluster_noise	0.0000
823	Spectrogram 1	1	1069.250000	1069.750000	0	0	26	cluster_26	0.8397
824	Spectrogram 1	1	1069.500000	1070.000000	0	0	noise	cluster_noise	0.0000
825	Spectrogram 1	1	1069.750000	1070.500000	0	0	26	cluster_26	0.8560
826	Spectrogram 1	1	1070.250000	1071.000000	0	0	noise	cluster_noise	0.0000
827	Spectrogram 1	1	1070.750000	1071.250000	0	0	25	cluster_25	0.7072
828	Spectrogram 1	1	1071.000000	1071.500000	0	0	noise	cluster_noise	0.0000
829	Spectrogram 1	1	1071.250000	1072.000000	0	0	3	cluster_3	0.9424
830	Spectrogram 1	1	1071.750000	1072.750000	0	0	noise	cluster_noise	0.0000
831	Spectrogram 1	1	1072.500000	1073.000000	0	0	5	cluster_5	1.0000
832	Spectrogram 1	1	1072.750000	1073.500000	0	0	noise	cluster_noise	0.0000
833	Spectrogram 1	1	1073.250000	1074.000000	0	0	5	cluster_5	0.8568
834	Spectrogram 1	1	1073.750000	1074.250000	0	0	noise	cluster_noise	0.0000
835	Spectrogram 1	1	1074.000000	1074.750000	0	0	26	cluster_26	0.9722
836	Spectrogram 1	1	1074.500000	1075.000000	0	0	noise	cluster_noise	0.0000
837	Spectrogram 1	1	1074.750000	1075.500000	0	0	26	cluster_26	0.8770
838	Spectrogram 1	1	1075.250000	1077.500000	0	0	5	cluster_5	1.0000
839	Spectrogram 1	1	1080.000000	1080.750000	0	0	3	cluster_3	1.0000
840	Spectrogram 1	1	1080.500000	1082.250000	0	0	26	cluster_26	0.9094
841	Spectrogram 1	1	1082.000000	1082.500000	0	0	noise	cluster_noise	0.0000
842	Spectrogram 1	1	1082.250000	1082.750000	0	0	26	cluster_26	0.7933
843	Spectrogram 1	1	1082.500000	1083.250000	0	0	noise	cluster_noise	0.0000
844	Spectrogram 1	1	1083.000000	1083.500000	0	0	14	cluster_14	0.5559
845	Spectrogram 1	1	1083.250000	1083.750000	0	0	noise	cluster_noise	0.0000
846	Spectrogram 1	1	1083.500000	1084.000000	0	0	16	cluster_16	1.0000
847	Spectrogram 1	1	1083.750000	1085.750000	0	0	noise	cluster_noise	0.0000
848	Spectrogram 1	1	1085.500000	1086.000000	0	0	26	cluster_26	0.9028
849	Spectrogram 1	1	1085.750000	1086.500000	0	0	noise	cluster_noise	0.0000
850	Spectrogram 1	1	1086.250000	1087.000000	0	0	25	cluster_25	0.9062
851	Spectrogram 1	1	1086.750000	1087.250000	0	0	26	cluster_26	0.8084
852	Spectrogram 1	1	1087.000000	1089.500000	0	0	5	cluster_5	1.0000
853	Spectrogram 1	1	1089.250000	1089.750000	0	0	noise	cluster_noise	0.0000
854	Spectrogram 1	1	1089.500000	1090.500000	0	0	3	cluster_3	0.9744
855	Spectrogram 1	1	1092.000000	1092.500000	0	0	26	cluster_26	0.8621
856	Spectrogram 1	1	1092.250000	1093.000000	0	0	noise	cluster_noise	0.0000
857	Spectrogram 1	1	1092.750000	1093.750000	0	0	26	cluster_26	0.9354
858	Spectrogram 1	1	1093.500000	1094.250000	0	0	noise	cluster_noise	0.0000
859	Spectrogram 1	1	1094.000000	1095.250000	0	0	16	cluster_16	0.6995
860	Spectrogram 1	1	1095.000000	1096.750000	0	0	noise	cluster_noise	0.0000
861	Spectrogram 1	1	1096.500000	1097.000000	0	0	26	cluster_26	0.8482
862	Spectrogram 1	1	1096.750000	1097.500000	0	0	noise	cluster_noise	0.0000
863	Spectrogram 1	1	1097.250000	1098.000000	0	0	26	cluster_26	0.8508
864	Spectrogram 1	1	1097.750000	1098.250000	0	0	noise	cluster_noise	0.0000
865	Spectrogram 1	1	1098.000000	1100.500000	0	0	5	cluster_5	0.9758
866	Spectrogram 1	1	1100.250000	1100.750000	0	0	noise	cluster_noise	0.0000
867	Spectrogram 1	1	1100.500000	1101.500000	0	0	3	cluster_3	1.0000
868	Spectrogram 1	1	1102.000000	1102.500000	0	0	noise	cluster_noise	0.0000
869	Spectrogram 1	1	1102.250000	1102.750000	0	0	25	cluster_25	0.7963
870	Spectrogram 1	1	1102.500000	1103.000000	0	0	noise	cluster_noise	0.0000
871	Spectrogram 1	1	1102.750000	1103.500000	0	0	3	cluster_3	0.8639
872	Spectrogram 1	1	1103.250000	1103.750000	0	0	26	cluster_26	0.9167
873	Spectrogram 1	1	1103.500000	1104.000000	0	0	noise	cluster_noise	0.0000
874	Spectrogram 1	1	1103.750000	1105.250000	0	0	26	cluster_26	0.9077
875	Spectrogram 1	1	1105.000000	1105.750000	0	0	noise	cluster_noise	0.0000
876	Spectrogram 1	1	1105.500000	1107.000000	0	0	16	cluster_16	0.7796
877	Spectrogram 1	1	1106.750000	1107.250000	0	0	noise	cluster_noise	0.0000
878	Spectrogram 1	1	1107.000000	1107.500000	0	0	13	cluster_13	0.4726
879	Spectrogram 1	1	1107.250000	1108.250000	0	0	noise	cluster_noise	0.0000
880	Spectrogram 1	1	1108.000000	1108.500000	0	0	26	cluster_26	0.8437
881	Spectrogram 1	1	1108.250000	1109.000000	0	0	noise	cluster_noise	0.0000
882	Spectrogram 1	1	1108.750000	1109.250000	0	0	26	cluster_26	0.8243
883	Spectrogram 1	1	1109.000000	1109.500000	0	0	noise	cluster_noise	0.0000
884	Spectrogram 1	1	1109.250000	1109.750000	0	0	26	cluster_26	0.9577
885	Spectrogram 1	1	1109.500000	1112.250000	0	0	5	cluster_5	1.0000
886	Spectrogram 1	1	1112.000000	1112.500000	0	0	noise	cluster_noise	0.0000
887	Spectrogram 1	1	1112.250000	1113.500000	0	0	3	cluster_3	1.0000
888	Spectrogram 1	1	1113.250000	1114.250000	0	0	noise	cluster_noise	0.0000
889	Spectrogram 1	1	1114.000000	1114.750000	0	0	26	cluster_26	0.8784
890	Spectrogram 1	1	1114.500000	1115.000000	0	0	noise	cluster_noise	0.0000
891	Spectrogram 1	1	1114.750000	1115.500000	0	0	26	cluster_26	0.8100
892	Spectrogram 1	1	1115.250000	1115.750000	0	0	noise	cluster_noise	0.0000
893	Spectrogram 1	1	1115.500000	1116.000000	0	0	26	cluster_26	0.9719
894	Spectrogram 1	1	1115.750000	1116.250000	0	0	noise	cluster_noise	0.0000
895	Spectrogram 1	1	1116.000000	1116.500000	0	0	19	cluster_19	1.0000
896	Spectrogram 1	1	1116.250000	1116.750000	0	0	noise	cluster_noise	0.0000
897	Spectrogram 1	1	1116.500000	1117.500000	0	0	16	cluster_16	0.8941
898	Spectrogram 1	1	1117.250000	1117.750000	0	0	14	cluster_14	1.0000
899	Spectrogram 1	1	1117.500000	1120.000000	0	0	noise	cluster_noise	0.0000
900	Spectrogram 1	1	1119.750000	1120.500000	0	0	26	cluster_26	0.8661
901	Spectrogram 1	1	1120.250000	1120.750000	0	0	noise	cluster_noise	0.0000
902	Spectrogram 1	1	1120.500000	1123.250000	0	0	5	cluster_5	1.0000
903	Spectrogram 1	1	1123.000000	1123.500000	0	0	noise	cluster_noise	0.0000
904	Spectrogram 1	1	1123.250000	1124.250000	0	0	3	cluster_3	1.0000
905	Spectrogram 1	1	1124.000000	1124.500000	0	0	noise	cluster_noise	0.0000
906	Spectrogram 1	1	1124.250000	1125.000000	0	0	3	cluster_3	1.0000
907	Spectrogram 1	1	1124.750000	1125.250000	0	0	noise	cluster_noise	0.0000
908	Spectrogram 1	1	1125.000000	1126.000000	0	0	26	cluster_26	0.8564
909	Spectrogram 1	1	1125.750000	1126.250000	0	0	noise	cluster_noise	0.0000
910	Spectrogram 1	1	1126.000000	1126.500000	0	0	26	cluster_26	0.8963
911	Spectrogram 1	1	1126.250000	1127.500000	0	0	noise	cluster_noise	0.0000
912	Spectrogram 1	1	1127.250000	1128.750000	0	0	16	cluster_16	0.7519
913	Spectrogram 1	1	1128.500000	1130.250000	0	0	noise	cluster_noise	0.0000
914	Spectrogram 1	1	1130.000000	1131.250000	0	0	26	cluster_26	0.8708
915	Spectrogram 1	1	1131.000000	1131.500000	0	0	noise	cluster_noise	0.0000
916	Spectrogram 1	1	1131.250000	1134.250000	0	0	5	cluster_5	0.9984
917	Spectrogram 1	1	1134.000000	1134.500000	0	0	noise	cluster_noise	0.0000
918	Spectrogram 1	1	1134.250000	1135.500000	0	0	3	cluster_3	1.0000
919	Spectrogram 1	1	1135.250000	1136.500000	0	0	noise	cluster_noise	0.0000
920	Spectrogram 1	1	1136.250000	1136.750000	0	0	26	cluster_26	0.7831
921	Spectrogram 1	1	1136.500000	1137.000000	0	0	noise	cluster_noise	0.0000
922	Spectrogram 1	1	1136.750000	1137.250000	0	0	26	cluster_26	0.8574
923	Spectrogram 1	1	1137.000000	1137.750000	0	0	noise	cluster_noise	0.0000
924	Spectrogram 1	1	1137.500000	1138.000000	0	0	26	cluster_26	0.8884
925	Spectrogram 1	1	1137.750000	1138.500000	0	0	noise	cluster_noise	0.0000
926	Spectrogram 1	1	1138.250000	1139.750000	0	0	16	cluster_16	0.8165
927	Spectrogram 1	1	1139.500000	1140.000000	0	0	noise	cluster_noise	0.0000
928	Spectrogram 1	1	1139.750000	1140.500000	0	0	5	cluster_5	0.9170
929	Spectrogram 1	1	1140.250000	1141.500000	0	0	noise	cluster_noise	0.0000
930	Spectrogram 1	1	1141.250000	1142.250000	0	0	26	cluster_26	0.8263
931	Spectrogram 1	1	1142.000000	1142.500000	0	0	25	cluster_25	0.9709
932	Spectrogram 1	1	1142.250000	1145.250000	0	0	5	cluster_5	1.0000
933	Spectrogram 1	1	1145.000000	1146.250000	0	0	3	cluster_3	1.0000
934	Spectrogram 1	1	1146.000000	1146.750000	0	0	noise	cluster_noise	0.0000
935	Spectrogram 1	1	1146.500000	1147.250000	0	0	26	cluster_26	0.9290
936	Spectrogram 1	1	1147.000000	1147.750000	0	0	25	cluster_25	0.8946
937	Spectrogram 1	1	1147.500000	1148.000000	0	0	noise	cluster_noise	0.0000
938	Spectrogram 1	1	1147.750000	1148.250000	0	0	26	cluster_26	0.9275
939	Spectrogram 1	1	1148.000000	1148.500000	0	0	noise	cluster_noise	0.0000
940	Spectrogram 1	1	1148.250000	1148.750000	0	0	26	cluster_26	0.8349
941	Spectrogram 1	1	1148.500000	1149.000000	0	0	noise	cluster_noise	0.0000
942	Spectrogram 1	1	1148.750000	1149.250000	0	0	19	cluster_19	1.0000
943	Spectrogram 1	1	1149.000000	1149.500000	0	0	noise	cluster_noise	0.0000
944	Spectrogram 1	1	1149.250000	1150.250000	0	0	16	cluster_16	1.0000
945	Spectrogram 1	1	1150.000000	1150.750000	0	0	noise	cluster_noise	0.0000
946	Spectrogram 1	1	1150.500000	1151.000000	0	0	5	cluster_5	1.0000
947	Spectrogram 1	1	1150.750000	1152.000000	0	0	noise	cluster_noise	0.0000
948	Spectrogram 1	1	1151.750000	1152.250000	0	0	26	cluster_26	0.9860
949	Spectrogram 1	1	1152.000000	1152.750000	0	0	noise	cluster_noise	0.0000
950	Spectrogram 1	1	1152.500000	1153.250000	0	0	26	cluster_26	0.8154
951	Spectrogram 1	1	1153.000000	1156.000000	0	0	5	cluster_5	1.0000
952	Spectrogram 1	1	1155.750000	1158.000000	0	0	3	cluster_3	1.0000
953	Spectrogram 1	1	1157.750000	1158.500000	0	0	26	cluster_26	0.8134
954	Spectrogram 1	1	1158.250000	1158.750000	0	0	noise	cluster_noise	0.0000
955	Spectrogram 1	1	1158.500000	1159.000000	0	0	26	cluster_26	0.8307
956	Spectrogram 1	1	1158.750000	1159.250000	0	0	noise	cluster_noise	0.0000
957	Spectrogram 1	1	1159.000000	1160.000000	0	0	26	cluster_26	0.9040
958	Spectrogram 1	1	1159.750000	1160.250000	0	0	19	cluster_19	0.9696
959	Spectrogram 1	1	1160.000000	1160.500000	0	0	noise	cluster_noise	0.0000
960	Spectrogram 1	1	1160.250000	1161.250000	0	0	16	cluster_16	0.9385
961	Spectrogram 1	1	1161.000000	1162.500000	0	0	noise	cluster_noise	0.0000
962	Spectrogram 1	1	1162.250000	1163.500000	0	0	26	cluster_26	0.8607
963	Spectrogram 1	1	1163.250000	1164.000000	0	0	noise	cluster_noise	0.0000
964	Spectrogram 1	1	1163.750000	1164.250000	0	0	26	cluster_26	0.7776
965	Spectrogram 1	1	1164.000000	1166.750000	0	0	5	cluster_5	1.0000
966	Spectrogram 1	1	1166.500000	1169.000000	0	0	3	cluster_3	0.9845
967	Spectrogram 1	1	1168.750000	1169.750000	0	0	noise	cluster_noise	0.0000
968	Spectrogram 1	1	1169.500000	1170.000000	0	0	26	cluster_26	0.8901
969	Spectrogram 1	1	1169.750000	1170.500000	0	0	noise	cluster_noise	0.0000
970	Spectrogram 1	1	1170.250000	1170.750000	0	0	26	cluster_26	0.8601
971	Spectrogram 1	1	1170.500000	1171.250000	0	0	noise	cluster_noise	0.0000
972	Spectrogram 1	1	1171.000000	1172.250000	0	0	16	cluster_16	0.7414
973	Spectrogram 1	1	1172.000000	1172.750000	0	0	noise	cluster_noise	0.0000
974	Spectrogram 1	1	1172.500000	1173.000000	0	0	3	cluster_3	0.8653
975	Spectrogram 1	1	1172.750000	1173.750000	0	0	noise	cluster_noise	0.0000
976	Spectrogram 1	1	1173.500000	1174.500000	0	0	26	cluster_26	0.8771
977	Spectrogram 1	1	1174.250000	1175.000000	0	0	noise	cluster_noise	0.0000
978	Spectrogram 1	1	1174.750000	1175.250000	0	0	3	cluster_3	1.0000
979	Spectrogram 1	1	1175.000000	1177.750000	0	0	5	cluster_5	1.0000
980	Spectrogram 1	1	1177.500000	1179.250000	0	0	3	cluster_3	1.0000
981	Spectrogram 1	1	1179.000000	1180.000000	0	0	noise	cluster_noise	0.0000
982	Spectrogram 1	1	1179.750000	1180.500000	0	0	26	cluster_26	0.9259
983	Spectrogram 1	1	1180.250000	1181.000000	0	0	noise	cluster_noise	0.0000
984	Spectrogram 1	1	1180.750000	1181.500000	0	0	25	cluster_25	0.9676
985	Spectrogram 1	1	1181.250000	1182.500000	0	0	noise	cluster_noise	0.0000
986	Spectrogram 1	1	1182.250000	1183.500000	0	0	16	cluster_16	0.9466
987	Spectrogram 1	1	1183.250000	1183.750000	0	0	18	cluster_18	0.7855
988	Spectrogram 1	1	1183.500000	1184.750000	0	0	noise	cluster_noise	0.0000
989	Spectrogram 1	1	1184.500000	1186.000000	0	0	26	cluster_26	0.8565
990	Spectrogram 1	1	1185.750000	1186.250000	0	0	noise	cluster_noise	0.0000
991	Spectrogram 1	1	1186.000000	1188.750000	0	0	5	cluster_5	0.9977
992	Spectrogram 1	1	1188.500000	1189.000000	0	0	noise	cluster_noise	0.0000
993	Spectrogram 1	1	1188.750000	1190.000000	0	0	3	cluster_3	1.0000
994	Spectrogram 1	1	1189.750000	1190.500000	0	0	noise	cluster_noise	0.0000
995	Spectrogram 1	1	1191.000000	1192.250000	0	0	26	cluster_26	0.8768
996	Spectrogram 1	1	1192.000000	1193.250000	0	0	noise	cluster_noise	0.0000
997	Spectrogram 1	1	1193.000000	1194.250000	0	0	16	cluster_16	0.8514
998	Spectrogram 1	1	1194.000000	1195.750000	0	0	noise	cluster_noise	0.0000
999	Spectrogram 1	1	1195.500000	1197.000000	0	0	26	cluster_26	0.8964
1000	Spectrogram 1	1	1196.750000	1200.500000	0	0	5	cluster_5	0.9579
1001	Spectrogram 1	1	1200.250000	1200.750000	0	0	noise	cluster_noise	0.0000
1002	Spectrogram 1	1	1200.500000	1201.250000	0	0	9	cluster_9	0.8350
1003	Spectrogram 1	1	1201.000000	1202.250000	0	0	noise	cluster_noise	0.0000
1004	Spectrogram 1	1	1202.000000	1202.750000	0	0	26	cluster_26	0.9512
1005	Spectrogram 1	1	1202.500000	1203.000000	0	0	19	cluster_19	0.9181
1006	Spectrogram 1	1	1202.750000	1204.500000	0	0	noise	cluster_noise	0.0000
1007	Spectrogram 1	1	1204.250000	1204.750000	0	0	18	cluster_18	0.7846
1008	Spectrogram 1	1	1204.500000	1205.000000	0	0	noise	cluster_noise	0.0000
1009	Spectrogram 1	1	1204.750000	1205.250000	0	0	18	cluster_18	0.8664
1010	Spectrogram 1	1	1205.000000	1206.500000	0	0	noise	cluster_noise	0.0000
1011	Spectrogram 1	1	1206.250000	1207.000000	0	0	18	cluster_18	0.9673
1012	Spectrogram 1	1	1206.750000	1208.750000	0	0	noise	cluster_noise	0.0000
1013	Spectrogram 1	1	1208.500000	1209.000000	0	0	26	cluster_26	0.7854
1014	Spectrogram 1	1	1208.750000	1211.500000	0	0	5	cluster_5	1.0000
1015	Spectrogram 1	1	1211.250000	1212.500000	0	0	noise	cluster_noise	0.0000
1016	Spectrogram 1	1	1212.250000	1212.750000	0	0	26	cluster_26	0.8149
1017	Spectrogram 1	1	1212.500000	1215.000000	0	0	5	cluster_5	0.9757
1018	Spectrogram 1	1	1214.750000	1215.250000	0	0	26	cluster_26	0.8344
1019	Spectrogram 1	1	1215.000000	1215.750000	0	0	noise	cluster_noise	0.0000
1020	Spectrogram 1	1	1215.500000	1216.250000	0	0	18	cluster_18	0.8803
1021	Spectrogram 1	1	1216.000000	1216.500000	0	0	noise	cluster_noise	0.0000
1022	Spectrogram 1	1	1216.250000	1216.750000	0	0	20	cluster_20	0.9765
1023	Spectrogram 1	1	1216.500000	1217.250000	0	0	noise	cluster_noise	0.0000
1024	Spectrogram 1	1	1217.000000	1217.500000	0	0	26	cluster_26	0.8555
1025	Spectrogram 1	1	1217.250000	1217.750000	0	0	noise	cluster_noise	0.0000
1026	Spectrogram 1	1	1217.500000	1218.250000	0	0	18	cluster_18	1.0000
1027	Spectrogram 1	1	1218.000000	1218.500000	0	0	17	cluster_17	1.0000
1028	Spectrogram 1	1	1218.250000	1218.750000	0	0	noise	cluster_noise	0.0000
1029	Spectrogram 1	1	1218.500000	1219.250000	0	0	20	cluster_20	0.9535
1030	Spectrogram 1	1	1219.000000	1219.500000	0	0	26	cluster_26	0.9348
1031	Spectrogram 1	1	1219.250000	1219.750000	0	0	noise	cluster_noise	0.0000
1032	Spectrogram 1	1	1219.500000	1220.250000	0	0	18	cluster_18	0.9267
1033	Spectrogram 1	1	1220.000000	1221.000000	0	0	noise	cluster_noise	0.0000
1034	Spectrogram 1	1	1220.750000	1221.250000	0	0	20	cluster_20	1.0000
1035	Spectrogram 1	1	1221.000000	1221.500000	0	0	25	cluster_25	0.8400
1036	Spectrogram 1	1	1221.250000	1221.750000	0	0	19	cluster_19	1.0000
1037	Spectrogram 1	1	1221.500000	1222.250000	0	0	18	cluster_18	0.9334
1038	Spectrogram 1	1	1222.000000	1222.750000	0	0	noise	cluster_noise	0.0000
1039	Spectrogram 1	1	1222.500000	1223.000000	0	0	20	cluster_20	0.9565
1040	Spectrogram 1	1	1222.750000	1223.250000	0	0	noise	cluster_noise	0.0000
1041	Spectrogram 1	1	1223.000000	1223.500000	0	0	26	cluster_26	0.8462
1042	Spectrogram 1	1	1223.250000	1223.750000	0	0	noise	cluster_noise	0.0000
1043	Spectrogram 1	1	1223.500000	1224.000000	0	0	18	cluster_18	0.9642
1044	Spectrogram 1	1	1223.750000	1224.250000	0	0	noise	cluster_noise	0.0000
1045	Spectrogram 1	1	1224.000000	1224.500000	0	0	26	cluster_26	0.8032
1046	Spectrogram 1	1	1224.250000	1224.750000	0	0	19	cluster_19	1.0000
1047	Spectrogram 1	1	1224.500000	1225.250000	0	0	noise	cluster_noise	0.0000
1048	Spectrogram 1	1	1225.000000	1226.000000	0	0	26	cluster_26	0.8763
1049	Spectrogram 1	1	1225.750000	1228.500000	0	0	5	cluster_5	1.0000
1050	Spectrogram 1	1	1228.250000	1229.500000	0	0	noise	cluster_noise	0.0000
1051	Spectrogram 1	1	1229.250000	1229.750000	0	0	26	cluster_26	0.8093
1052	Spectrogram 1	1	1229.500000	1230.000000	0	0	noise	cluster_noise	0.0000
1053	Spectrogram 1	1	1229.750000	1230.250000	0	0	26	cluster_26	0.9304
1054	Spectrogram 1	1	1230.000000	1232.250000	0	0	5	cluster_5	1.0000
1055	Spectrogram 1	1	1232.000000	1233.250000	0	0	noise	cluster_noise	0.0000
1056	Spectrogram 1	1	1233.000000	1233.500000	0	0	18	cluster_18	0.7950
1057	Spectrogram 1	1	1233.250000	1233.750000	0	0	noise	cluster_noise	0.0000
1058	Spectrogram 1	1	1233.500000	1234.000000	0	0	13	cluster_13	0.5005
1059	Spectrogram 1	1	1233.750000	1234.250000	0	0	noise	cluster_noise	0.0000
1060	Spectrogram 1	1	1234.000000	1234.500000	0	0	20	cluster_20	1.0000
1061	Spectrogram 1	1	1234.250000	1235.250000	0	0	noise	cluster_noise	0.0000
1062	Spectrogram 1	1	1235.000000	1235.750000	0	0	18	cluster_18	0.8780
1063	Spectrogram 1	1	1235.500000	1236.000000	0	0	noise	cluster_noise	0.0000
1064	Spectrogram 1	1	1235.750000	1236.250000	0	0	13	cluster_13	0.4681
1065	Spectrogram 1	1	1236.000000	1237.000000	0	0	noise	cluster_noise	0.0000
1066	Spectrogram 1	1	1236.750000	1237.250000	0	0	26	cluster_26	0.8394
1067	Spectrogram 1	1	1237.000000	1237.750000	0	0	noise	cluster_noise	0.0000
1068	Spectrogram 1	1	1237.500000	1238.000000	0	0	18	cluster_18	0.8859
1069	Spectrogram 1	1	1237.750000	1238.250000	0	0	noise	cluster_noise	0.0000
1070	Spectrogram 1	1	1238.000000	1238.500000	0	0	19	cluster_19	0.9378
1071	Spectrogram 1	1	1238.250000	1239.000000	0	0	noise	cluster_noise	0.0000
1072	Spectrogram 1	1	1238.750000	1239.250000	0	0	20	cluster_20	1.0000
1073	Spectrogram 1	1	1239.000000	1240.000000	0	0	18	cluster_18	0.8739
1074	Spectrogram 1	1	1239.750000	1240.500000	0	0	noise	cluster_noise	0.0000
1075	Spectrogram 1	1	1240.250000	1240.750000	0	0	20	cluster_20	1.0000
1076	Spectrogram 1	1	1240.500000	1241.250000	0	0	noise	cluster_noise	0.0000
1077	Spectrogram 1	1	1241.000000	1241.500000	0	0	16	cluster_16	0.5977
1078	Spectrogram 1	1	1241.250000	1241.750000	0	0	18	cluster_18	1.0000
1079	Spectrogram 1	1	1241.500000	1242.000000	0	0	17	cluster_17	0.9477
1080	Spectrogram 1	1	1241.750000	1242.750000	0	0	20	cluster_20	0.9919
1081	Spectrogram 1	1	1242.500000	1243.750000	0	0	noise	cluster_noise	0.0000
1082	Spectrogram 1	1	1243.500000	1246.750000	0	0	5	cluster_5	0.9925
1083	Spectrogram 1	1	1246.500000	1248.000000	0	0	noise	cluster_noise	0.0000
1084	Spectrogram 1	1	1247.750000	1250.000000	0	0	5	cluster_5	0.9863
1085	Spectrogram 1	1	1249.750000	1250.500000	0	0	noise	cluster_noise	0.0000
1086	Spectrogram 1	1	1250.250000	1251.000000	0	0	18	cluster_18	0.8494
1087	Spectrogram 1	1	1250.750000	1251.250000	0	0	13	cluster_13	0.5211
1088	Spectrogram 1	1	1251.000000	1252.250000	0	0	noise	cluster_noise	0.0000
1089	Spectrogram 1	1	1252.000000	1253.000000	0	0	18	cluster_18	0.8687
1090	Spectrogram 1	1	1252.750000	1253.250000	0	0	noise	cluster_noise	0.0000
1091	Spectrogram 1	1	1253.000000	1253.750000	0	0	20	cluster_20	0.9764
1092	Spectrogram 1	1	1253.500000	1254.000000	0	0	noise	cluster_noise	0.0000
1093	Spectrogram 1	1	1253.750000	1254.750000	0	0	18	cluster_18	0.7646
1094	Spectrogram 1	1	1254.500000	1255.000000	0	0	13	cluster_13	0.4719
1095	Spectrogram 1	1	1254.750000	1255.750000	0	0	noise	cluster_noise	0.0000
1096	Spectrogram 1	1	1255.500000	1256.250000	0	0	18	cluster_18	0.9461
1097	Spectrogram 1	1	1256.000000	1257.250000	0	0	noise	cluster_noise	0.0000
1098	Spectrogram 1	1	1257.000000	1257.750000	0	0	18	cluster_18	0.9859
1099	Spectrogram 1	1	1257.500000	1258.000000	0	0	noise	cluster_noise	0.0000
1100	Spectrogram 1	1	1257.750000	1258.750000	0	0	20	cluster_20	0.9815
1101	Spectrogram 1	1	1258.500000	1259.500000	0	0	noise	cluster_noise	0.0000
1102	Spectrogram 1	1	1259.250000	1262.500000	0	0	5	cluster_5	0.9853
1103	Spectrogram 1	1	1262.250000	1263.500000	0	0	noise	cluster_noise	0.0000
1104	Spectrogram 1	1	1263.250000	1263.750000	0	0	26	cluster_26	0.8196
1105	Spectrogram 1	1	1263.500000	1266.000000	0	0	5	cluster_5	1.0000
1106	Spectrogram 1	1	1265.750000	1266.500000	0	0	noise	cluster_noise	0.0000
1107	Spectrogram 1	1	1266.250000	1267.000000	0	0	18	cluster_18	0.8330
1108	Spectrogram 1	1	1266.750000	1267.250000	0	0	noise	cluster_noise	0.0000
1109	Spectrogram 1	1	1267.000000	1267.500000	0	0	26	cluster_26	0.9577
1110	Spectrogram 1	1	1267.250000	1267.750000	0	0	20	cluster_20	1.0000
1111	Spectrogram 1	1	1267.500000	1268.500000	0	0	noise	cluster_noise	0.0000
1112	Spectrogram 1	1	1268.250000	1269.000000	0	0	18	cluster_18	0.8846
1113	Spectrogram 1	1	1268.750000	1270.500000	0	0	noise	cluster_noise	0.0000
1114	Spectrogram 1	1	1270.250000	1270.750000	0	0	18	cluster_18	0.9685
1115	Spectrogram 1	1	1270.500000	1273.250000	0	0	noise	cluster_noise	0.0000
1116	Spectrogram 1	1	1273.000000	1273.500000	0	0	20	cluster_20	1.0000
1117	Spectrogram 1	1	1273.250000	1274.500000	0	0	noise	cluster_noise	0.0000
1118	Spectrogram 1	1	1274.250000	1277.750000	0	0	5	cluster_5	0.9885
1119	Spectrogram 1	1	1277.500000	1279.250000	0	0	noise	cluster_noise	0.0000
1120	Spectrogram 1	1	1279.000000	1279.750000	0	0	26	cluster_26	0.8944
1121	Spectrogram 1	1	1279.500000	1280.250000	0	0	noise	cluster_noise	0.0000
1122	Spectrogram 1	1	1280.000000	1280.500000	0	0	20	cluster_20	1.0000
1123	Spectrogram 1	1	1280.250000	1281.250000	0	0	8	cluster_8	0.9852
1124	Spectrogram 1	1	1281.000000	1281.500000	0	0	noise	cluster_noise	0.0000
1125	Spectrogram 1	1	1281.250000	1281.750000	0	0	26	cluster_26	0.8571
1126	Spectrogram 1	1	1281.500000	1282.500000	0	0	noise	cluster_noise	0.0000
1127	Spectrogram 1	1	1284.000000	1284.500000	0	0	14	cluster_14	0.7074
1128	Spectrogram 1	1	1284.250000	1285.750000	0	0	noise	cluster_noise	0.0000
1129	Spectrogram 1	1	1285.500000	1286.000000	0	0	25	cluster_25	0.9154
1130	Spectrogram 1	1	1285.750000	1286.500000	0	0	noise	cluster_noise	0.0000
1131	Spectrogram 1	1	1286.250000	1286.750000	0	0	26	cluster_26	0.8696
1132	Spectrogram 1	1	1286.500000	1287.000000	0	0	noise	cluster_noise	0.0000
1133	Spectrogram 1	1	1286.750000	1289.000000	0	0	5	cluster_5	1.0000
1134	Spectrogram 1	1	1288.750000	1289.250000	0	0	noise	cluster_noise	0.0000
1135	Spectrogram 1	1	1289.000000	1289.500000	0	0	5	cluster_5	1.0000
1136	Spectrogram 1	1	1289.250000	1289.750000	0	0	noise	cluster_noise	0.0000
1137	Spectrogram 1	1	1289.500000	1290.000000	0	0	26	cluster_26	0.7919
1138	Spectrogram 1	1	1289.750000	1290.250000	0	0	noise	cluster_noise	0.0000
1139	Spectrogram 1	1	1290.000000	1291.000000	0	0	26	cluster_26	0.8368
1140	Spectrogram 1	1	1290.750000	1294.750000	0	0	noise	cluster_noise	0.0000
1141	Spectrogram 1	1	1294.500000	1295.000000	0	0	2	cluster_2	0.9868
1142	Spectrogram 1	1	1294.750000	1295.500000	0	0	1	cluster_1	1.0000
1143	Spectrogram 1	1	1297.000000	1298.250000	0	0	26	cluster_26	0.9045
1144	Spectrogram 1	1	1298.000000	1298.500000	0	0	25	cluster_25	0.8667
1145	Spectrogram 1	1	1298.250000	1298.750000	0	0	noise	cluster_noise	0.0000
1146	Spectrogram 1	1	1298.500000	1301.500000	0	0	5	cluster_5	1.0000
1147	Spectrogram 1	1	1301.250000	1302.750000	0	0	noise	cluster_noise	0.0000
1148	Spectrogram 1	1	1302.500000	1303.000000	0	0	26	cluster_26	0.8417
1149	Spectrogram 1	1	1302.750000	1303.500000	0	0	noise	cluster_noise	0.0000
1150	Spectrogram 1	1	1303.250000	1305.500000	0	0	8	cluster_8	0.9344
1151	Spectrogram 1	1	1305.250000	1305.750000	0	0	noise	cluster_noise	0.0000
1152	Spectrogram 1	1	1305.500000	1306.500000	0	0	20	cluster_20	0.9852
1153	Spectrogram 1	1	1306.250000	1306.750000	0	0	noise	cluster_noise	0.0000
1154	Spectrogram 1	1	1306.500000	1307.500000	0	0	1	cluster_1	1.0000
1155	Spectrogram 1	1	1308.000000	1309.000000	0	0	noise	cluster_noise	0.0000
1156	Spectrogram 1	1	1308.750000	1309.500000	0	0	26	cluster_26	0.8088
1157	Spectrogram 1	1	1309.250000	1310.250000	0	0	noise	cluster_noise	0.0000
1158	Spectrogram 1	1	1310.000000	1313.500000	0	0	5	cluster_5	0.9821
1159	Spectrogram 1	1	1313.250000	1314.250000	0	0	noise	cluster_noise	0.0000
1160	Spectrogram 1	1	1314.000000	1314.500000	0	0	26	cluster_26	0.8204
1161	Spectrogram 1	1	1314.250000	1315.250000	0	0	noise	cluster_noise	0.0000
1162	Spectrogram 1	1	1315.000000	1315.500000	0	0	20	cluster_20	1.0000
1163	Spectrogram 1	1	1316.000000	1317.000000	0	0	8	cluster_8	0.8766
1164	Spectrogram 1	1	1316.750000	1317.250000	0	0	noise	cluster_noise	0.0000
1165	Spectrogram 1	1	1317.000000	1317.500000	0	0	20	cluster_20	1.0000
1166	Spectrogram 1	1	1320.000000	1320.500000	0	0	noise	cluster_noise	0.0000
1167	Spectrogram 1	1	1320.250000	1320.750000	0	0	25	cluster_25	0.8558
1168	Spectrogram 1	1	1320.500000	1321.250000	0	0	26	cluster_26	0.8426
1169	Spectrogram 1	1	1321.000000	1321.750000	0	0	noise	cluster_noise	0.0000
1170	Spectrogram 1	1	1321.500000	1325.000000	0	0	5	cluster_5	0.9851
1171	Spectrogram 1	1	1324.750000	1326.250000	0	0	noise	cluster_noise	0.0000
1172	Spectrogram 1	1	1326.000000	1326.500000	0	0	25	cluster_25	0.7329
1173	Spectrogram 1	1	1326.250000	1326.750000	0	0	26	cluster_26	0.8616
1174	Spectrogram 1	1	1326.500000	1327.000000	0	0	noise	cluster_noise	0.0000
1175	Spectrogram 1	1	1326.750000	1329.500000	0	0	8	cluster_8	0.7649
1176	Spectrogram 1	1	1332.000000	1332.500000	0	0	3	cluster_3	1.0000
1177	Spectrogram 1	1	1332.250000	1333.500000	0	0	noise	cluster_noise	0.0000
1178	Spectrogram 1	1	1333.250000	1333.750000	0	0	25	cluster_25	0.9010
1179	Spectrogram 1	1	1333.500000	1334.000000	0	0	noise	cluster_noise	0.0000
1180	Spectrogram 1	1	1333.750000	1336.750000	0	0	5	cluster_5	1.0000
1181	Spectrogram 1	1	1336.500000	1337.750000	0	0	noise	cluster_noise	0.0000
1182	Spectrogram 1	1	1337.500000	1338.250000	0	0	25	cluster_25	0.8883
1183	Spectrogram 1	1	1338.000000	1339.000000	0	0	noise	cluster_noise	0.0000
1184	Spectrogram 1	1	1338.750000	1340.750000	0	0	8	cluster_8	0.8812
1185	Spectrogram 1	1	1340.500000	1341.500000	0	0	noise	cluster_noise	0.0000
1186	Spectrogram 1	1	1342.000000	1343.000000	0	0	1	cluster_1	0.9110
1187	Spectrogram 1	1	1342.750000	1343.250000	0	0	noise	cluster_noise	0.0000
1188	Spectrogram 1	1	1343.000000	1343.500000	0	0	3	cluster_3	0.9062
1189	Spectrogram 1	1	1344.000000	1344.500000	0	0	26	cluster_26	0.8181
1190	Spectrogram 1	1	1344.250000	1345.000000	0	0	noise	cluster_noise	0.0000
1191	Spectrogram 1	1	1344.750000	1345.250000	0	0	26	cluster_26	0.8873
1192	Spectrogram 1	1	1345.000000	1345.500000	0	0	noise	cluster_noise	0.0000
1193	Spectrogram 1	1	1345.250000	1348.500000	0	0	5	cluster_5	1.0000
1194	Spectrogram 1	1	1348.250000	1351.000000	0	0	noise	cluster_noise	0.0000
1195	Spectrogram 1	1	1350.750000	1351.500000	0	0	8	cluster_8	1.0000
1196	Spectrogram 1	1	1356.000000	1356.750000	0	0	26	cluster_26	0.8054
1197	Spectrogram 1	1	1356.500000	1357.000000	0	0	noise	cluster_noise	0.0000
1198	Spectrogram 1	1	1356.750000	1357.250000	0	0	26	cluster_26	0.8036
1199	Spectrogram 1	1	1357.000000	1357.750000	0	0	noise	cluster_noise	0.0000
1200	Spectrogram 1	1	1357.500000	1360.500000	0	0	5	cluster_5	0.9769
1201	Spectrogram 1	1	1360.250000	1361.250000	0	0	noise	cluster_noise	0.0000
1202	Spectrogram 1	1	1361.000000	1361.500000	0	0	26	cluster_26	0.8105
1203	Spectrogram 1	1	1361.250000	1362.000000	0	0	noise	cluster_noise	0.0000
1204	Spectrogram 1	1	1361.750000	1362.250000	0	0	26	cluster_26	0.8223
1205	Spectrogram 1	1	1362.000000	1369.000000	0	0	noise	cluster_noise	0.0000
1206	Spectrogram 1	1	1368.750000	1369.250000	0	0	26	cluster_26	0.8184
1207	Spectrogram 1	1	1369.000000	1369.500000	0	0	noise	cluster_noise	0.0000
1208	Spectrogram 1	1	1369.250000	1372.500000	0	0	5	cluster_5	1.0000
1209	Spectrogram 1	1	1372.250000	1373.500000	0	0	noise	cluster_noise	0.0000
1210	Spectrogram 1	1	1373.250000	1374.000000	0	0	25	cluster_25	0.7222
1211	Spectrogram 1	1	1373.750000	1375.000000	0	0	noise	cluster_noise	0.0000
1212	Spectrogram 1	1	1374.750000	1375.500000	0	0	8	cluster_8	0.6896
1213	Spectrogram 1	1	1375.250000	1376.000000	0	0	noise	cluster_noise	0.0000
1214	Spectrogram 1	1	1375.750000	1376.250000	0	0	26	cluster_26	0.8969
1215	Spectrogram 1	1	1376.000000	1381.750000	0	0	noise	cluster_noise	0.0000
1216	Spectrogram 1	1	1381.500000	1385.000000	0	0	5	cluster_5	1.0000
1217	Spectrogram 1	1	1384.750000	1392.500000	0	0	noise	cluster_noise	0.0000
1218	Spectrogram 1	1	1392.250000	1392.750000	0	0	3	cluster_3	1.0000
1219	Spectrogram 1	1	1392.500000	1393.000000	0	0	noise	cluster_noise	0.0000
1220	Spectrogram 1	1	1392.750000	1393.250000	0	0	26	cluster_26	0.8295
1221	Spectrogram 1	1	1393.000000	1394.000000	0	0	noise	cluster_noise	0.0000
1222	Spectrogram 1	1	1393.750000	1397.250000	0	0	5	cluster_5	0.9981
1223	Spectrogram 1	1	1397.000000	1397.750000	0	0	noise	cluster_noise	0.0000
1224	Spectrogram 1	1	1397.500000	1398.000000	0	0	26	cluster_26	0.8261
1225	Spectrogram 1	1	1397.750000	1398.500000	0	0	noise	cluster_noise	0.0000
1226	Spectrogram 1	1	1398.250000	1398.750000	0	0	25	cluster_25	0.7906
1227	Spectrogram 1	1	1398.500000	1399.250000	0	0	noise	cluster_noise	0.0000
1228	Spectrogram 1	1	1399.000000	1399.500000	0	0	20	cluster_20	1.0000
1229	Spectrogram 1	1	1399.250000	1399.750000	0	0	noise	cluster_noise	0.0000
1230	Spectrogram 1	1	1399.500000	1400.250000	0	0	8	cluster_8	0.6714
1231	Spectrogram 1	1	1400.000000	1401.000000	0	0	noise	cluster_noise	0.0000
1232	Spectrogram 1	1	1400.750000	1401.500000	0	0	20	cluster_20	0.9793
1233	Spectrogram 1	1	1405.000000	1405.750000	0	0	noise	cluster_noise	0.0000
1234	Spectrogram 1	1	1405.500000	1408.750000	0	0	5	cluster_5	1.0000
1235	Spectrogram 1	1	1408.500000	1411.500000	0	0	noise	cluster_noise	0.0000
1236	Spectrogram 1	1	1411.250000	1412.000000	0	0	8	cluster_8	0.9758
1237	Spectrogram 1	1	1411.750000	1417.750000	0	0	noise	cluster_noise	0.0000
1238	Spectrogram 1	1	1417.500000	1418.000000	0	0	9	cluster_9	0.8474
1239	Spectrogram 1	1	1417.750000	1420.750000	0	0	5	cluster_5	1.0000
1240	Spectrogram 1	1	1420.500000	1422.250000	0	0	noise	cluster_noise	0.0000
1241	Spectrogram 1	1	1422.000000	1422.500000	0	0	26	cluster_26	0.7934
1242	Spectrogram 1	1	1422.250000	1422.750000	0	0	noise	cluster_noise	0.0000
1243	Spectrogram 1	1	1422.500000	1425.000000	0	0	8	cluster_8	0.8736
1244	Spectrogram 1	1	1424.750000	1425.750000	0	0	noise	cluster_noise	0.0000
1245	Spectrogram 1	1	1425.500000	1427.000000	0	0	1	cluster_1	1.0000
1246	Spectrogram 1	1	1426.750000	1429.500000	0	0	noise	cluster_noise	0.0000
1247	Spectrogram 1	1	1429.250000	1432.500000	0	0	5	cluster_5	1.0000
1248	Spectrogram 1	1	1432.250000	1434.750000	0	0	noise	cluster_noise	0.0000
1249	Spectrogram 1	1	1434.500000	1435.500000	0	0	8	cluster_8	0.8424
1250	Spectrogram 1	1	1441.000000	1444.500000	0	0	5	cluster_5	1.0000
1251	Spectrogram 1	1	1444.250000	1446.750000	0	0	noise	cluster_noise	0.0000
1252	Spectrogram 1	1	1446.500000	1447.500000	0	0	8	cluster_8	0.8467
1253	Spectrogram 1	1	1450.000000	1450.500000	0	0	3	cluster_3	0.9567
1254	Spectrogram 1	1	1450.250000	1450.750000	0	0	1	cluster_1	0.3623
1255	Spectrogram 1	1	1450.500000	1451.500000	0	0	noise	cluster_noise	0.0000
1256	Spectrogram 1	1	1452.000000	1452.500000	0	0	26	cluster_26	0.8941
1257	Spectrogram 1	1	1452.250000	1452.750000	0	0	noise	cluster_noise	0.0000
1258	Spectrogram 1	1	1452.500000	1456.000000	0	0	5	cluster_5	1.0000
1259	Spectrogram 1	1	1455.750000	1456.500000	0	0	noise	cluster_noise	0.0000
1260	Spectrogram 1	1	1456.250000	1456.750000	0	0	26	cluster_26	0.7836
1261	Spectrogram 1	1	1456.500000	1457.000000	0	0	noise	cluster_noise	0.0000
1262	Spectrogram 1	1	1456.750000	1457.250000	0	0	26	cluster_26	0.8009
1263	Spectrogram 1	1	1457.000000	1457.750000	0	0	noise	cluster_noise	0.0000
1264	Spectrogram 1	1	1457.500000	1458.000000	0	0	8	cluster_8	0.4842
1265	Spectrogram 1	1	1457.750000	1465.000000	0	0	4	cluster_4	0.8822
1266	Spectrogram 1	1	1464.750000	1466.000000	0	0	noise	cluster_noise	0.0000
1267	Spectrogram 1	1	1465.750000	1466.250000	0	0	26	cluster_26	0.9214
1268	Spectrogram 1	1	1466.000000	1466.750000	0	0	noise	cluster_noise	0.0000
1269	Spectrogram 1	1	1466.500000	1467.250000	0	0	13	cluster_13	0.5309
1270	Spectrogram 1	1	1467.000000	1467.500000	0	0	26	cluster_26	0.7808
1271	Spectrogram 1	1	1467.250000	1468.750000	0	0	noise	cluster_noise	0.0000
1272	Spectrogram 1	1	1468.500000	1469.250000	0	0	13	cluster_13	0.5697
1273	Spectrogram 1	1	1469.000000	1470.250000	0	0	noise	cluster_noise	0.0000
1274	Spectrogram 1	1	1470.000000	1470.500000	0	0	25	cluster_25	0.8544
1275	Spectrogram 1	1	1470.250000	1470.750000	0	0	noise	cluster_noise	0.0000
1276	Spectrogram 1	1	1470.500000	1471.250000	0	0	13	cluster_13	0.7599
1277	Spectrogram 1	1	1471.000000	1471.500000	0	0	25	cluster_25	0.9757
1278	Spectrogram 1	1	1471.250000	1472.750000	0	0	noise	cluster_noise	0.0000
1279	Spectrogram 1	1	1472.500000	1473.750000	0	0	5	cluster_5	0.8673
1280	Spectrogram 1	1	1473.500000	1474.000000	0	0	noise	cluster_noise	0.0000
1281	Spectrogram 1	1	1473.750000	1474.500000	0	0	4	cluster_4	0.4717
1282	Spectrogram 1	1	1474.250000	1474.750000	0	0	noise	cluster_noise	0.0000
1283	Spectrogram 1	1	1474.500000	1475.250000	0	0	4	cluster_4	0.7622
1284	Spectrogram 1	1	1475.000000	1475.500000	0	0	13	cluster_13	0.4727
1285	Spectrogram 1	1	1475.250000	1476.250000	0	0	noise	cluster_noise	0.0000
1286	Spectrogram 1	1	1476.000000	1476.500000	0	0	3	cluster_3	0.9613
1287	Spectrogram 1	1	1476.250000	1478.250000	0	0	4	cluster_4	0.8088
1288	Spectrogram 1	1	1478.000000	1478.500000	0	0	noise	cluster_noise	0.0000
1289	Spectrogram 1	1	1478.250000	1479.500000	0	0	4	cluster_4	0.8715
1290	Spectrogram 1	1	1479.250000	1480.750000	0	0	noise	cluster_noise	0.0000
1291	Spectrogram 1	1	1480.500000	1481.250000	0	0	13	cluster_13	0.8625
1292	Spectrogram 1	1	1481.000000	1481.500000	0	0	3	cluster_3	1.0000
1293	Spectrogram 1	1	1481.250000	1481.750000	0	0	noise	cluster_noise	0.0000
1294	Spectrogram 1	1	1481.500000	1482.250000	0	0	9	cluster_9	0.8545
1295	Spectrogram 1	1	1482.000000	1482.750000	0	0	26	cluster_26	0.9577
1296	Spectrogram 1	1	1482.500000	1483.000000	0	0	noise	cluster_noise	0.0000
1297	Spectrogram 1	1	1482.750000	1483.250000	0	0	13	cluster_13	0.8620
1298	Spectrogram 1	1	1483.000000	1483.750000	0	0	noise	cluster_noise	0.0000
1299	Spectrogram 1	1	1483.500000	1484.250000	0	0	9	cluster_9	0.9614
1300	Spectrogram 1	1	1484.000000	1485.000000	0	0	noise	cluster_noise	0.0000
1301	Spectrogram 1	1	1484.750000	1485.250000	0	0	13	cluster_13	0.4929
1302	Spectrogram 1	1	1485.000000	1485.500000	0	0	3	cluster_3	0.9546
1303	Spectrogram 1	1	1485.250000	1487.500000	0	0	noise	cluster_noise	0.0000
1304	Spectrogram 1	1	1487.250000	1487.750000	0	0	12	cluster_12	1.0000
1305	Spectrogram 1	1	1487.500000	1488.000000	0	0	3	cluster_3	1.0000
1306	Spectrogram 1	1	1487.750000	1488.500000	0	0	noise	cluster_noise	0.0000
1307	Spectrogram 1	1	1488.250000	1489.000000	0	0	12	cluster_12	0.9909
1308	Spectrogram 1	1	1488.750000	1489.250000	0	0	3	cluster_3	1.0000
1309	Spectrogram 1	1	1489.000000	1489.750000	0	0	12	cluster_12	0.9703
1310	Spectrogram 1	1	1489.500000	1490.250000	0	0	noise	cluster_noise	0.0000
1311	Spectrogram 1	1	1490.000000	1490.500000	0	0	12	cluster_12	0.7383
1312	Spectrogram 1	1	1492.000000	1492.750000	0	0	25	cluster_25	0.8951
1313	Spectrogram 1	1	1492.500000	1493.000000	0	0	noise	cluster_noise	0.0000
1314	Spectrogram 1	1	1492.750000	1494.250000	0	0	4	cluster_4	0.9151
1315	Spectrogram 1	1	1494.000000	1495.500000	0	0	noise	cluster_noise	0.0000
1316	Spectrogram 1	1	1495.250000	1496.250000	0	0	26	cluster_26	0.8427
1317	Spectrogram 1	1	1496.000000	1496.750000	0	0	noise	cluster_noise	0.0000
1318	Spectrogram 1	1	1496.500000	1498.000000	0	0	4	cluster_4	0.9038
1319	Spectrogram 1	1	1497.750000	1499.500000	0	0	noise	cluster_noise	0.0000
1320	Spectrogram 1	1	1499.250000	1499.750000	0	0	13	cluster_13	1.0000
1321	Spectrogram 1	1	1499.500000	1500.000000	0	0	noise	cluster_noise	0.0000
1322	Spectrogram 1	1	1499.750000	1500.250000	0	0	3	cluster_3	1.0000
1323	Spectrogram 1	1	1500.000000	1500.500000	0	0	noise	cluster_noise	0.0000
1324	Spectrogram 1	1	1500.250000	1500.750000	0	0	9	cluster_9	0.8444
1325	Spectrogram 1	1	1500.500000	1501.000000	0	0	noise	cluster_noise	0.0000
1326	Spectrogram 1	1	1500.750000	1501.250000	0	0	26	cluster_26	0.9577
1327	Spectrogram 1	1	1501.000000	1501.500000	0	0	noise	cluster_noise	0.0000
1328	Spectrogram 1	1	1501.250000	1501.750000	0	0	13	cluster_13	0.6445
1329	Spectrogram 1	1	1501.500000	1502.250000	0	0	noise	cluster_noise	0.0000
1330	Spectrogram 1	1	1502.000000	1502.750000	0	0	12	cluster_12	1.0000
1331	Spectrogram 1	1	1502.500000	1503.000000	0	0	3	cluster_3	1.0000
1332	Spectrogram 1	1	1502.750000	1503.500000	0	0	noise	cluster_noise	0.0000
1333	Spectrogram 1	1	1504.000000	1504.500000	0	0	12	cluster_12	1.0000
1334	Spectrogram 1	1	1504.250000	1504.750000	0	0	3	cluster_3	1.0000
1335	Spectrogram 1	1	1504.500000	1505.250000	0	0	12	cluster_12	0.9502
1336	Spectrogram 1	1	1505.000000	1505.500000	0	0	3	cluster_3	1.0000
1337	Spectrogram 1	1	1505.250000	1506.250000	0	0	noise	cluster_noise	0.0000
1338	Spectrogram 1	1	1506.000000	1506.500000	0	0	3	cluster_3	1.0000
1339	Spectrogram 1	1	1508.000000	1508.500000	0	0	12	cluster_12	1.0000
1340	Spectrogram 1	1	1508.250000	1509.000000	0	0	noise	cluster_noise	0.0000
1341	Spectrogram 1	1	1508.750000	1509.500000	0	0	12	cluster_12	0.9984
1342	Spectrogram 1	1	1509.250000	1509.750000	0	0	3	cluster_3	1.0000
1343	Spectrogram 1	1	1509.500000	1510.000000	0	0	12	cluster_12	0.9563
1344	Spectrogram 1	1	1509.750000	1510.250000	0	0	noise	cluster_noise	0.0000
1345	Spectrogram 1	1	1510.000000	1510.500000	0	0	3	cluster_3	1.0000
1346	Spectrogram 1	1	1511.000000	1511.750000	0	0	25	cluster_25	0.9560
1347	Spectrogram 1	1	1511.500000	1512.000000	0	0	noise	cluster_noise	0.0000
1348	Spectrogram 1	1	1511.750000	1513.000000	0	0	4	cluster_4	0.9764
1349	Spectrogram 1	1	1512.750000	1513.250000	0	0	noise	cluster_noise	0.0000
1350	Spectrogram 1	1	1513.000000	1513.500000	0	0	26	cluster_26	0.9557
1351	Spectrogram 1	1	1513.250000	1513.750000	0	0	noise	cluster_noise	0.0000
1352	Spectrogram 1	1	1513.500000	1514.500000	0	0	26	cluster_26	0.8572
1353	Spectrogram 1	1	1514.250000	1515.000000	0	0	noise	cluster_noise	0.0000
1354	Spectrogram 1	1	1514.750000	1515.250000	0	0	26	cluster_26	0.8301
1355	Spectrogram 1	1	1515.000000	1515.750000	0	0	noise	cluster_noise	0.0000
1356	Spectrogram 1	1	1515.500000	1516.750000	0	0	4	cluster_4	1.0000
1357	Spectrogram 1	1	1516.500000	1517.000000	0	0	6	cluster_6	0.4339
1358	Spectrogram 1	1	1516.750000	1518.250000	0	0	noise	cluster_noise	0.0000
1359	Spectrogram 1	1	1518.000000	1518.500000	0	0	13	cluster_13	0.7945
1360	Spectrogram 1	1	1522.000000	1522.500000	0	0	noise	cluster_noise	0.0000
1361	Spectrogram 1	1	1522.250000	1522.750000	0	0	9	cluster_9	0.7973
1362	Spectrogram 1	1	1522.500000	1523.750000	0	0	noise	cluster_noise	0.0000
1363	Spectrogram 1	1	1523.500000	1524.000000	0	0	3	cluster_3	1.0000
1364	Spectrogram 1	1	1523.750000	1524.250000	0	0	17	cluster_17	0.9080
1365	Spectrogram 1	1	1524.000000	1525.750000	0	0	noise	cluster_noise	0.0000
1366	Spectrogram 1	1	1525.500000	1526.000000	0	0	12	cluster_12	0.9308
1367	Spectrogram 1	1	1525.750000	1526.250000	0	0	3	cluster_3	1.0000
1368	Spectrogram 1	1	1526.000000	1526.500000	0	0	noise	cluster_noise	0.0000
1369	Spectrogram 1	1	1530.000000	1530.500000	0	0	13	cluster_13	0.6098
1370	Spectrogram 1	1	1530.250000	1531.250000	0	0	3	cluster_3	1.0000
1371	Spectrogram 1	1	1531.000000	1531.500000	0	0	noise	cluster_noise	0.0000
1372	Spectrogram 1	1	1531.250000	1531.750000	0	0	3	cluster_3	1.0000
1373	Spectrogram 1	1	1531.500000	1532.500000	0	0	25	cluster_25	0.9623
1374	Spectrogram 1	1	1532.250000	1533.000000	0	0	noise	cluster_noise	0.0000
1375	Spectrogram 1	1	1532.750000	1533.250000	0	0	13	cluster_13	0.4877
1376	Spectrogram 1	1	1533.000000	1533.500000	0	0	noise	cluster_noise	0.0000
1377	Spectrogram 1	1	1533.250000	1533.750000	0	0	3	cluster_3	1.0000
1378	Spectrogram 1	1	1533.500000	1534.500000	0	0	noise	cluster_noise	0.0000
1379	Spectrogram 1	1	1534.250000	1534.750000	0	0	26	cluster_26	0.9093
1380	Spectrogram 1	1	1534.500000	1535.000000	0	0	noise	cluster_noise	0.0000
1381	Spectrogram 1	1	1534.750000	1535.500000	0	0	26	cluster_26	0.8818
1382	Spectrogram 1	1	1535.250000	1536.000000	0	0	noise	cluster_noise	0.0000
1383	Spectrogram 1	1	1535.750000	1536.250000	0	0	3	cluster_3	1.0000
1384	Spectrogram 1	1	1536.000000	1536.500000	0	0	26	cluster_26	0.8666
1385	Spectrogram 1	1	1536.250000	1536.750000	0	0	noise	cluster_noise	0.0000
1386	Spectrogram 1	1	1536.500000	1537.000000	0	0	26	cluster_26	0.8990
1387	Spectrogram 1	1	1536.750000	1538.500000	0	0	noise	cluster_noise	0.0000
1388	Spectrogram 1	1	1542.000000	1542.750000	0	0	26	cluster_26	0.8910
1389	Spectrogram 1	1	1542.500000	1546.500000	0	0	noise	cluster_noise	0.0000
1390	Spectrogram 1	1	1548.000000	1548.500000	0	0	26	cluster_26	0.8854
1391	Spectrogram 1	1	1548.250000	1548.750000	0	0	noise	cluster_noise	0.0000
1392	Spectrogram 1	1	1548.500000	1549.000000	0	0	26	cluster_26	0.8637
1393	Spectrogram 1	1	1548.750000	1549.250000	0	0	noise	cluster_noise	0.0000
1394	Spectrogram 1	1	1549.000000	1550.000000	0	0	26	cluster_26	0.8882
1395	Spectrogram 1	1	1549.750000	1550.250000	0	0	noise	cluster_noise	0.0000
1396	Spectrogram 1	1	1550.000000	1551.250000	0	0	3	cluster_3	1.0000
1397	Spectrogram 1	1	1551.000000	1552.500000	0	0	25	cluster_25	0.8426
1398	Spectrogram 1	1	1557.000000	1557.500000	0	0	3	cluster_3	1.0000
1399	Spectrogram 1	1	1557.250000	1558.500000	0	0	noise	cluster_noise	0.0000
1400	Spectrogram 1	1	1567.000000	1567.750000	0	0	26	cluster_26	0.8890
1401	Spectrogram 1	1	1567.500000	1568.250000	0	0	noise	cluster_noise	0.0000
1402	Spectrogram 1	1	1568.000000	1568.500000	0	0	26	cluster_26	0.8532
1403	Spectrogram 1	1	1569.000000	1569.750000	0	0	3	cluster_3	1.0000
1404	Spectrogram 1	1	1569.500000	1570.000000	0	0	2	cluster_2	0.7582
1405	Spectrogram 1	1	1569.750000	1570.500000	0	0	noise	cluster_noise	0.0000
1406	Spectrogram 1	1	1581.000000	1581.500000	0	0	26	cluster_26	0.9577
1407	Spectrogram 1	1	1581.250000	1581.750000	0	0	noise	cluster_noise	0.0000
1408	Spectrogram 1	1	1581.500000	1582.000000	0	0	26	cluster_26	0.8610
1409	Spectrogram 1	1	1581.750000	1582.250000	0	0	noise	cluster_noise	0.0000
1410	Spectrogram 1	1	1582.000000	1582.500000	0	0	26	cluster_26	0.9306
1411	Spectrogram 1	1	1583.000000	1583.500000	0	0	noise	cluster_noise	0.0000
1412	Spectrogram 1	1	1583.250000	1583.750000	0	0	26	cluster_26	0.7942
1413	Spectrogram 1	1	1583.500000	1584.500000	0	0	3	cluster_3	1.0000
1414	Spectrogram 1	1	1584.250000	1585.000000	0	0	2	cluster_2	1.0000
1415	Spectrogram 1	1	1584.750000	1585.750000	0	0	noise	cluster_noise	0.0000
1416	Spectrogram 1	1	1585.500000	1586.250000	0	0	26	cluster_26	0.7880
1417	Spectrogram 1	1	1586.000000	1586.500000	0	0	noise	cluster_noise	0.0000
1418	Spectrogram 1	1	1586.250000	1587.500000	0	0	3	cluster_3	0.9784
1419	Spectrogram 1	1	1587.250000	1587.750000	0	0	2	cluster_2	1.0000
1420	Spectrogram 1	1	1587.500000	1588.250000	0	0	noise	cluster_noise	0.0000
1421	Spectrogram 1	1	1588.000000	1588.500000	0	0	26	cluster_26	0.8914
1422	Spectrogram 1	1	1599.000000	1600.250000	0	0	2	cluster_2	0.9300
1423	Spectrogram 1	1	1600.000000	1612.000000	0	0	noise	cluster_noise	0.0000
1424	Spectrogram 1	1	1611.750000	1612.500000	0	0	3	cluster_3	1.0000
1425	Spectrogram 1	1	1614.000000	1614.500000	0	0	26	cluster_26	0.8092
1426	Spectrogram 1	1	1614.250000	1614.750000	0	0	noise	cluster_noise	0.0000
1427	Spectrogram 1	1	1614.500000	1615.000000	0	0	25	cluster_25	0.8945
1428	Spectrogram 1	1	1614.750000	1619.000000	0	0	noise	cluster_noise	0.0000
1429	Spectrogram 1	1	1618.750000	1619.500000	0	0	3	cluster_3	1.0000
1430	Spectrogram 1	1	1620.000000	1620.750000	0	0	2	cluster_2	1.0000
1431	Spectrogram 1	1	1620.500000	1621.250000	0	0	noise	cluster_noise	0.0000
1432	Spectrogram 1	1	1621.000000	1621.500000	0	0	26	cluster_26	0.8020
1433	Spectrogram 1	1	1621.250000	1622.250000	0	0	noise	cluster_noise	0.0000
1434	Spectrogram 1	1	1622.000000	1625.750000	0	0	3	cluster_3	0.9275
1435	Spectrogram 1	1	1625.500000	1626.500000	0	0	noise	cluster_noise	0.0000
1436	Spectrogram 1	1	1627.000000	1627.500000	0	0	3	cluster_3	1.0000
1437	Spectrogram 1	1	1627.250000	1628.000000	0	0	noise	cluster_noise	0.0000
1438	Spectrogram 1	1	1627.750000	1629.000000	0	0	2	cluster_2	1.0000
1439	Spectrogram 1	1	1628.750000	1630.000000	0	0	noise	cluster_noise	0.0000
1440	Spectrogram 1	1	1629.750000	1630.500000	0	0	26	cluster_26	0.8962
1441	Spectrogram 1	1	1632.000000	1632.750000	0	0	2	cluster_2	0.9372
1442	Spectrogram 1	1	1632.500000	1633.000000	0	0	noise	cluster_noise	0.0000
1443	Spectrogram 1	1	1632.750000	1633.500000	0	0	25	cluster_25	0.9829
1444	Spectrogram 1	1	1636.000000	1636.500000	0	0	3	cluster_3	1.0000
1445	Spectrogram 1	1	1636.250000	1637.000000	0	0	noise	cluster_noise	0.0000
1446	Spectrogram 1	1	1636.750000	1637.500000	0	0	26	cluster_26	0.8993
1447	Spectrogram 1	1	1644.000000	1645.500000	0	0	3	cluster_3	1.0000
1448	Spectrogram 1	1	1645.250000	1646.250000	0	0	noise	cluster_noise	0.0000
1449	Spectrogram 1	1	1646.000000	1646.750000	0	0	26	cluster_26	0.8265
1450	Spectrogram 1	1	1646.500000	1647.000000	0	0	noise	cluster_noise	0.0000
1451	Spectrogram 1	1	1646.750000	1649.000000	0	0	2	cluster_2	1.0000
1452	Spectrogram 1	1	1648.750000	1649.500000	0	0	noise	cluster_noise	0.0000
1453	Spectrogram 1	1	1649.250000	1650.000000	0	0	26	cluster_26	0.8054
1454	Spectrogram 1	1	1649.750000	1650.500000	0	0	noise	cluster_noise	0.0000
1455	Spectrogram 1	1	1653.000000	1653.750000	0	0	3	cluster_3	1.0000
1456	Spectrogram 1	1	1653.500000	1654.000000	0	0	25	cluster_25	0.7995
1457	Spectrogram 1	1	1653.750000	1654.500000	0	0	26	cluster_26	0.9214
1458	Spectrogram 1	1	1655.000000	1661.000000	0	0	3	cluster_3	1.0000
1459	Spectrogram 1	1	1660.750000	1661.250000	0	0	26	cluster_26	0.8727
1460	Spectrogram 1	1	1661.000000	1661.750000	0	0	noise	cluster_noise	0.0000
1461	Spectrogram 1	1	1661.500000	1662.250000	0	0	26	cluster_26	0.9074
1462	Spectrogram 1	1	1662.000000	1662.500000	0	0	noise	cluster_noise	0.0000
1463	Spectrogram 1	1	1662.250000	1664.750000	0	0	2	cluster_2	0.9972
1464	Spectrogram 1	1	1664.500000	1665.000000	0	0	noise	cluster_noise	0.0000
1465	Spectrogram 1	1	1664.750000	1665.250000	0	0	26	cluster_26	0.8389
1466	Spectrogram 1	1	1665.000000	1677.500000	0	0	2	cluster_2	0.9555
1467	Spectrogram 1	1	1677.250000	1678.000000	0	0	noise	cluster_noise	0.0000
1468	Spectrogram 1	1	1677.750000	1680.000000	0	0	2	cluster_2	0.9560
1469	Spectrogram 1	1	1679.750000	1680.500000	0	0	noise	cluster_noise	0.0000
1470	Spectrogram 1	1	1680.250000	1681.250000	0	0	26	cluster_26	0.8165
1471	Spectrogram 1	1	1681.000000	1681.500000	0	0	noise	cluster_noise	0.0000
1472	Spectrogram 1	1	1681.250000	1683.750000	0	0	5	cluster_5	0.9915
1473	Spectrogram 1	1	1683.500000	1685.250000	0	0	noise	cluster_noise	0.0000
1474	Spectrogram 1	1	1685.000000	1686.500000	0	0	3	cluster_3	1.0000
1475	Spectrogram 1	1	1689.000000	1691.000000	0	0	2	cluster_2	1.0000
1476	Spectrogram 1	1	1690.750000	1691.250000	0	0	noise	cluster_noise	0.0000
1477	Spectrogram 1	1	1691.000000	1691.500000	0	0	26	cluster_26	0.8170
1478	Spectrogram 1	1	1691.250000	1691.750000	0	0	noise	cluster_noise	0.0000
1479	Spectrogram 1	1	1691.500000	1693.750000	0	0	2	cluster_2	0.9807
1480	Spectrogram 1	1	1693.500000	1694.250000	0	0	25	cluster_25	0.9947
1481	Spectrogram 1	1	1694.000000	1695.000000	0	0	noise	cluster_noise	0.0000
1482	Spectrogram 1	1	1694.750000	1697.750000	0	0	5	cluster_5	0.9671
1483	Spectrogram 1	1	1697.500000	1698.250000	0	0	noise	cluster_noise	0.0000
1484	Spectrogram 1	1	1698.000000	1698.500000	0	0	25	cluster_25	0.7914
1485	Spectrogram 1	1	1698.250000	1699.000000	0	0	noise	cluster_noise	0.0000
1486	Spectrogram 1	1	1698.750000	1701.000000	0	0	3	cluster_3	1.0000
1487	Spectrogram 1	1	1700.750000	1701.250000	0	0	26	cluster_26	0.9474
1488	Spectrogram 1	1	1701.000000	1701.500000	0	0	noise	cluster_noise	0.0000
1489	Spectrogram 1	1	1703.000000	1704.000000	0	0	2	cluster_2	0.9364
1490	Spectrogram 1	1	1703.750000	1704.750000	0	0	noise	cluster_noise	0.0000
1491	Spectrogram 1	1	1704.500000	1706.750000	0	0	2	cluster_2	0.9646
1492	Spectrogram 1	1	1706.500000	1707.000000	0	0	noise	cluster_noise	0.0000
1493	Spectrogram 1	1	1706.750000	1708.000000	0	0	26	cluster_26	0.8476
1494	Spectrogram 1	1	1707.750000	1710.250000	0	0	5	cluster_5	0.9503
1495	Spectrogram 1	1	1710.000000	1712.000000	0	0	noise	cluster_noise	0.0000
1496	Spectrogram 1	1	1711.750000	1714.000000	0	0	3	cluster_3	1.0000
1497	Spectrogram 1	1	1713.750000	1714.500000	0	0	25	cluster_25	1.0000
1498	Spectrogram 1	1	1716.000000	1717.000000	0	0	2	cluster_2	1.0000
1499	Spectrogram 1	1	1716.750000	1717.250000	0	0	noise	cluster_noise	0.0000
1500	Spectrogram 1	1	1717.000000	1717.500000	0	0	26	cluster_26	0.8222
1501	Spectrogram 1	1	1717.250000	1718.000000	0	0	noise	cluster_noise	0.0000
1502	Spectrogram 1	1	1717.750000	1719.750000	0	0	2	cluster_2	1.0000
1503	Spectrogram 1	1	1719.500000	1720.250000	0	0	noise	cluster_noise	0.0000
1504	Spectrogram 1	1	1720.000000	1720.750000	0	0	26	cluster_26	0.8585
1505	Spectrogram 1	1	1720.500000	1721.250000	0	0	noise	cluster_noise	0.0000
1506	Spectrogram 1	1	1721.000000	1724.000000	0	0	5	cluster_5	0.9867
1507	Spectrogram 1	1	1723.750000	1724.250000	0	0	noise	cluster_noise	0.0000
1508	Spectrogram 1	1	1724.000000	1724.500000	0	0	5	cluster_5	1.0000
1509	Spectrogram 1	1	1724.250000	1725.250000	0	0	noise	cluster_noise	0.0000
1510	Spectrogram 1	1	1725.000000	1727.500000	0	0	3	cluster_3	0.9776
1511	Spectrogram 1	1	1727.250000	1728.000000	0	0	noise	cluster_noise	0.0000
1512	Spectrogram 1	1	1727.750000	1728.500000	0	0	26	cluster_26	0.8829
1513	Spectrogram 1	1	1729.000000	1730.500000	0	0	2	cluster_2	1.0000
1514	Spectrogram 1	1	1730.250000	1731.000000	0	0	noise	cluster_noise	0.0000
1515	Spectrogram 1	1	1730.750000	1731.250000	0	0	5	cluster_5	1.0000
1516	Spectrogram 1	1	1731.000000	1731.500000	0	0	noise	cluster_noise	0.0000
1517	Spectrogram 1	1	1731.250000	1732.500000	0	0	2	cluster_2	1.0000
1518	Spectrogram 1	1	1732.250000	1732.750000	0	0	noise	cluster_noise	0.0000
1519	Spectrogram 1	1	1732.500000	1734.000000	0	0	25	cluster_25	0.9150
1520	Spectrogram 1	1	1733.750000	1734.750000	0	0	noise	cluster_noise	0.0000
1521	Spectrogram 1	1	1734.500000	1737.750000	0	0	5	cluster_5	0.9897
1522	Spectrogram 1	1	1737.500000	1738.000000	0	0	noise	cluster_noise	0.0000
1523	Spectrogram 1	1	1737.750000	1738.250000	0	0	5	cluster_5	1.0000
1524	Spectrogram 1	1	1738.000000	1738.500000	0	0	noise	cluster_noise	0.0000
1525	Spectrogram 1	1	1738.250000	1740.250000	0	0	3	cluster_3	1.0000
1526	Spectrogram 1	1	1740.000000	1740.500000	0	0	noise	cluster_noise	0.0000
1527	Spectrogram 1	1	1740.250000	1740.750000	0	0	26	cluster_26	0.9402
1528	Spectrogram 1	1	1740.500000	1741.250000	0	0	noise	cluster_noise	0.0000
1529	Spectrogram 1	1	1741.000000	1741.500000	0	0	9	cluster_9	0.7900
1530	Spectrogram 1	1	1743.000000	1743.750000	0	0	2	cluster_2	0.8174
1531	Spectrogram 1	1	1743.500000	1744.000000	0	0	noise	cluster_noise	0.0000
1532	Spectrogram 1	1	1743.750000	1744.500000	0	0	5	cluster_5	0.9691
1533	Spectrogram 1	1	1744.250000	1746.500000	0	0	2	cluster_2	0.9819
1534	Spectrogram 1	1	1746.250000	1746.750000	0	0	26	cluster_26	0.7840
1535	Spectrogram 1	1	1746.500000	1747.250000	0	0	noise	cluster_noise	0.0000
1536	Spectrogram 1	1	1747.000000	1747.500000	0	0	26	cluster_26	0.8094
1537	Spectrogram 1	1	1747.250000	1749.000000	0	0	5	cluster_5	0.9350
1538	Spectrogram 1	1	1748.750000	1749.250000	0	0	noise	cluster_noise	0.0000
1539	Spectrogram 1	1	1749.000000	1750.000000	0	0	5	cluster_5	1.0000
1540	Spectrogram 1	1	1749.750000	1750.250000	0	0	25	cluster_25	1.0000
1541	Spectrogram 1	1	1750.000000	1750.750000	0	0	noise	cluster_noise	0.0000
1542	Spectrogram 1	1	1750.500000	1752.500000	0	0	3	cluster_3	1.0000
1543	Spectrogram 1	1	1752.250000	1753.000000	0	0	26	cluster_26	0.8446
1544	Spectrogram 1	1	1752.750000	1753.500000	0	0	noise	cluster_noise	0.0000
1545	Spectrogram 1	1	1753.250000	1753.750000	0	0	26	cluster_26	0.9577
1546	Spectrogram 1	1	1753.500000	1754.250000	0	0	5	cluster_5	0.9903
1547	Spectrogram 1	1	1754.000000	1754.500000	0	0	2	cluster_2	1.0000
1548	Spectrogram 1	1	1756.000000	1756.750000	0	0	5	cluster_5	1.0000
1549	Spectrogram 1	1	1756.500000	1757.750000	0	0	2	cluster_2	0.9645
1550	Spectrogram 1	1	1757.500000	1758.000000	0	0	5	cluster_5	1.0000
1551	Spectrogram 1	1	1757.750000	1758.500000	0	0	noise	cluster_noise	0.0000
1552	Spectrogram 1	1	1758.250000	1758.750000	0	0	26	cluster_26	0.8790
1553	Spectrogram 1	1	1758.500000	1759.000000	0	0	noise	cluster_noise	0.0000
1554	Spectrogram 1	1	1758.750000	1759.500000	0	0	26	cluster_26	0.7868
1555	Spectrogram 1	1	1759.250000	1762.250000	0	0	5	cluster_5	1.0000
1556	Spectrogram 1	1	1762.000000	1762.750000	0	0	noise	cluster_noise	0.0000
1557	Spectrogram 1	1	1762.500000	1764.750000	0	0	3	cluster_3	1.0000
1558	Spectrogram 1	1	1764.500000	1765.750000	0	0	noise	cluster_noise	0.0000
1559	Spectrogram 1	1	1765.500000	1766.250000	0	0	5	cluster_5	1.0000
1560	Spectrogram 1	1	1766.000000	1766.750000	0	0	2	cluster_2	0.9634
1561	Spectrogram 1	1	1766.500000	1767.000000	0	0	noise	cluster_noise	0.0000
1562	Spectrogram 1	1	1766.750000	1767.500000	0	0	2	cluster_2	1.0000
1563	Spectrogram 1	1	1768.000000	1768.750000	0	0	5	cluster_5	1.0000
1564	Spectrogram 1	1	1768.500000	1769.250000	0	0	2	cluster_2	0.8876
1565	Spectrogram 1	1	1769.000000	1769.500000	0	0	noise	cluster_noise	0.0000
1566	Spectrogram 1	1	1769.250000	1770.000000	0	0	5	cluster_5	0.9287
1567	Spectrogram 1	1	1769.750000	1771.500000	0	0	noise	cluster_noise	0.0000
1568	Spectrogram 1	1	1771.250000	1771.750000	0	0	26	cluster_26	0.7986
1569	Spectrogram 1	1	1771.500000	1774.500000	0	0	5	cluster_5	1.0000
1570	Spectrogram 1	1	1774.250000	1775.000000	0	0	noise	cluster_noise	0.0000
1571	Spectrogram 1	1	1774.750000	1777.000000	0	0	3	cluster_3	1.0000
1572	Spectrogram 1	1	1776.750000	1777.750000	0	0	noise	cluster_noise	0.0000
1573	Spectrogram 1	1	1777.500000	1778.250000	0	0	26	cluster_26	0.7963
1574	Spectrogram 1	1	1778.000000	1778.750000	0	0	5	cluster_5	1.0000
1575	Spectrogram 1	1	1778.500000	1780.500000	0	0	2	cluster_2	0.9166
1576	Spectrogram 1	1	1780.250000	1780.750000	0	0	noise	cluster_noise	0.0000
1577	Spectrogram 1	1	1780.500000	1781.250000	0	0	5	cluster_5	1.0000
1578	Spectrogram 1	1	1781.000000	1782.750000	0	0	2	cluster_2	0.9979
1579	Spectrogram 1	1	1782.500000	1783.000000	0	0	noise	cluster_noise	0.0000
1580	Spectrogram 1	1	1782.750000	1783.250000	0	0	26	cluster_26	0.7966
1581	Spectrogram 1	1	1783.000000	1783.500000	0	0	noise	cluster_noise	0.0000
1582	Spectrogram 1	1	1783.250000	1783.750000	0	0	26	cluster_26	0.8413
1583	Spectrogram 1	1	1783.500000	1784.250000	0	0	noise	cluster_noise	0.0000
1584	Spectrogram 1	1	1784.000000	1786.500000	0	0	5	cluster_5	1.0000
1585	Spectrogram 1	1	1786.250000	1786.750000	0	0	noise	cluster_noise	0.0000
1586	Spectrogram 1	1	1786.500000	1787.000000	0	0	26	cluster_26	0.8245
1587	Spectrogram 1	1	1786.750000	1789.000000	0	0	3	cluster_3	1.0000
1588	Spectrogram 1	1	1788.750000	1789.250000	0	0	noise	cluster_noise	0.0000
1589	Spectrogram 1	1	1789.000000	1789.500000	0	0	3	cluster_3	1.0000
1590	Spectrogram 1	1	1789.250000	1790.750000	0	0	noise	cluster_noise	0.0000
1591	Spectrogram 1	1	1790.500000	1791.000000	0	0	5	cluster_5	1.0000
1592	Spectrogram 1	1	1790.750000	1791.250000	0	0	noise	cluster_noise	0.0000
1593	Spectrogram 1	1	1791.000000	1791.500000	0	0	2	cluster_2	0.9446
1594	Spectrogram 1	1	1793.000000	1793.500000	0	0	noise	cluster_noise	0.0000
1595	Spectrogram 1	1	1793.250000	1794.000000	0	0	25	cluster_25	0.7189
1596	Spectrogram 1	1	1793.750000	1794.750000	0	0	noise	cluster_noise	0.0000
1597	Spectrogram 1	1	1794.500000	1797.000000	0	0	5	cluster_5	0.9720
1598	Spectrogram 1	1	1796.750000	1797.750000	0	0	noise	cluster_noise	0.0000
1599	Spectrogram 1	1	1797.500000	1800.000000	0	0	3	cluster_3	1.0000
1600	Spectrogram 1	1	1799.750000	1800.750000	0	0	noise	cluster_noise	0.0000
1601	Spectrogram 1	1	1800.500000	1801.000000	0	0	26	cluster_26	0.8252
1602	Spectrogram 1	1	1800.750000	1801.500000	0	0	5	cluster_5	1.0000
1603	Spectrogram 1	1	1801.250000	1801.750000	0	0	noise	cluster_noise	0.0000
1604	Spectrogram 1	1	1801.500000	1803.500000	0	0	2	cluster_2	1.0000
1605	Spectrogram 1	1	1803.250000	1803.750000	0	0	5	cluster_5	1.0000
1606	Spectrogram 1	1	1803.500000	1804.250000	0	0	noise	cluster_noise	0.0000
1607	Spectrogram 1	1	1804.000000	1804.500000	0	0	26	cluster_26	0.8492
1608	Spectrogram 1	1	1806.000000	1807.500000	0	0	5	cluster_5	0.9904
1609	Spectrogram 1	1	1807.250000	1808.500000	0	0	3	cluster_3	0.9515
1610	Spectrogram 1	1	1808.250000	1808.750000	0	0	noise	cluster_noise	0.0000
1611	Spectrogram 1	1	1808.500000	1809.750000	0	0	3	cluster_3	1.0000
1612	Spectrogram 1	1	1809.500000	1810.500000	0	0	noise	cluster_noise	0.0000
1613	Spectrogram 1	1	1810.250000	1811.000000	0	0	25	cluster_25	0.9163
1614	Spectrogram 1	1	1810.750000	1811.250000	0	0	26	cluster_26	0.8197
1615	Spectrogram 1	1	1811.000000	1811.500000	0	0	noise	cluster_noise	0.0000
1616	Spectrogram 1	1	1811.250000	1812.000000	0	0	5	cluster_5	1.0000
1617	Spectrogram 1	1	1811.750000	1812.250000	0	0	noise	cluster_noise	0.0000
1618	Spectrogram 1	1	1812.000000	1814.000000	0	0	2	cluster_2	0.9960
1619	Spectrogram 1	1	1813.750000	1814.750000	0	0	noise	cluster_noise	0.0000
1620	Spectrogram 1	1	1814.500000	1815.000000	0	0	26	cluster_26	0.7905
1621	Spectrogram 1	1	1814.750000	1815.250000	0	0	noise	cluster_noise	0.0000
1622	Spectrogram 1	1	1815.000000	1815.500000	0	0	26	cluster_26	0.8613
1623	Spectrogram 1	1	1816.000000	1818.000000	0	0	5	cluster_5	1.0000
1624	Spectrogram 1	1	1817.750000	1821.000000	0	0	3	cluster_3	0.9871
1625	Spectrogram 1	1	1820.750000	1821.250000	0	0	noise	cluster_noise	0.0000
1626	Spectrogram 1	1	1821.000000	1821.750000	0	0	26	cluster_26	0.8737
1627	Spectrogram 1	1	1821.500000	1822.000000	0	0	noise	cluster_noise	0.0000
1628	Spectrogram 1	1	1821.750000	1822.500000	0	0	5	cluster_5	1.0000
1629	Spectrogram 1	1	1822.250000	1824.250000	0	0	2	cluster_2	1.0000
1630	Spectrogram 1	1	1824.000000	1824.750000	0	0	noise	cluster_noise	0.0000
1631	Spectrogram 1	1	1824.500000	1825.000000	0	0	5	cluster_5	1.0000
1632	Spectrogram 1	1	1824.750000	1825.250000	0	0	noise	cluster_noise	0.0000
1633	Spectrogram 1	1	1825.000000	1826.750000	0	0	2	cluster_2	0.9959
1634	Spectrogram 1	1	1826.500000	1827.750000	0	0	noise	cluster_noise	0.0000
1635	Spectrogram 1	1	1827.500000	1828.000000	0	0	25	cluster_25	0.6965
1636	Spectrogram 1	1	1827.750000	1828.250000	0	0	noise	cluster_noise	0.0000
1637	Spectrogram 1	1	1828.000000	1830.750000	0	0	5	cluster_5	0.9621
1638	Spectrogram 1	1	1830.500000	1831.000000	0	0	noise	cluster_noise	0.0000
1639	Spectrogram 1	1	1830.750000	1831.250000	0	0	5	cluster_5	1.0000
1640	Spectrogram 1	1	1831.000000	1832.750000	0	0	3	cluster_3	1.0000
1641	Spectrogram 1	1	1832.500000	1833.500000	0	0	26	cluster_26	0.8153
1642	Spectrogram 1	1	1833.250000	1833.750000	0	0	noise	cluster_noise	0.0000
1643	Spectrogram 1	1	1833.500000	1834.250000	0	0	9	cluster_9	0.8504
1644	Spectrogram 1	1	1834.000000	1834.500000	0	0	5	cluster_5	0.9015
1645	Spectrogram 1	1	1834.250000	1836.000000	0	0	2	cluster_2	0.9717
1646	Spectrogram 1	1	1835.750000	1836.500000	0	0	noise	cluster_noise	0.0000
1647	Spectrogram 1	1	1837.000000	1838.500000	0	0	2	cluster_2	1.0000
1648	Spectrogram 1	1	1838.250000	1839.250000	0	0	noise	cluster_noise	0.0000
1649	Spectrogram 1	1	1839.000000	1839.750000	0	0	26	cluster_26	0.9041
1650	Spectrogram 1	1	1839.500000	1842.500000	0	0	5	cluster_5	0.9964
1651	Spectrogram 1	1	1842.250000	1843.000000	0	0	noise	cluster_noise	0.0000
1652	Spectrogram 1	1	1842.750000	1844.500000	0	0	3	cluster_3	1.0000
1653	Spectrogram 1	1	1844.250000	1845.000000	0	0	25	cluster_25	0.8222
1654	Spectrogram 1	1	1844.750000	1845.250000	0	0	noise	cluster_noise	0.0000
1655	Spectrogram 1	1	1845.000000	1845.750000	0	0	26	cluster_26	0.8381
1656	Spectrogram 1	1	1845.500000	1846.250000	0	0	noise	cluster_noise	0.0000
1657	Spectrogram 1	1	1846.000000	1846.500000	0	0	18	cluster_18	0.8373
1658	Spectrogram 1	1	1846.250000	1847.000000	0	0	noise	cluster_noise	0.0000
1659	Spectrogram 1	1	1846.750000	1847.500000	0	0	5	cluster_5	1.0000
1660	Spectrogram 1	1	1847.250000	1848.000000	0	0	2	cluster_2	0.8492
1661	Spectrogram 1	1	1847.750000	1848.750000	0	0	5	cluster_5	0.9292
1662	Spectrogram 1	1	1848.500000	1849.750000	0	0	noise	cluster_noise	0.0000
1663	Spectrogram 1	1	1849.500000	1850.250000	0	0	26	cluster_26	0.9102
1664	Spectrogram 1	1	1850.000000	1850.500000	0	0	noise	cluster_noise	0.0000
1665	Spectrogram 1	1	1850.250000	1852.500000	0	0	5	cluster_5	1.0000
1666	Spectrogram 1	1	1852.250000	1853.500000	0	0	3	cluster_3	1.0000
1667	Spectrogram 1	1	1853.250000	1855.250000	0	0	noise	cluster_noise	0.0000
1668	Spectrogram 1	1	1855.000000	1855.750000	0	0	3	cluster_3	1.0000
1669	Spectrogram 1	1	1855.500000	1856.250000	0	0	26	cluster_26	0.9132
1670	Spectrogram 1	1	1856.000000	1856.500000	0	0	noise	cluster_noise	0.0000
1671	Spectrogram 1	1	1856.250000	1857.500000	0	0	26	cluster_26	0.8793
1672	Spectrogram 1	1	1857.250000	1857.750000	0	0	18	cluster_18	0.8175
1673	Spectrogram 1	1	1857.500000	1858.000000	0	0	noise	cluster_noise	0.0000
1674	Spectrogram 1	1	1857.750000	1858.500000	0	0	16	cluster_16	0.9976
1675	Spectrogram 1	1	1858.250000	1858.750000	0	0	noise	cluster_noise	0.0000
1676	Spectrogram 1	1	1858.500000	1859.000000	0	0	5	cluster_5	0.9999
1677	Spectrogram 1	1	1858.750000	1859.750000	0	0	noise	cluster_noise	0.0000
1678	Spectrogram 1	1	1859.500000	1860.000000	0	0	5	cluster_5	1.0000
1679	Spectrogram 1	1	1859.750000	1860.250000	0	0	noise	cluster_noise	0.0000
1680	Spectrogram 1	1	1860.000000	1860.500000	0	0	26	cluster_26	0.8583
1681	Spectrogram 1	1	1860.250000	1861.000000	0	0	noise	cluster_noise	0.0000
1682	Spectrogram 1	1	1860.750000	1861.250000	0	0	26	cluster_26	0.8014
1683	Spectrogram 1	1	1861.000000	1861.750000	0	0	noise	cluster_noise	0.0000
1684	Spectrogram 1	1	1861.500000	1864.000000	0	0	5	cluster_5	1.0000
1685	Spectrogram 1	1	1863.750000	1864.250000	0	0	noise	cluster_noise	0.0000
1686	Spectrogram 1	1	1864.000000	1865.000000	0	0	3	cluster_3	1.0000
1687	Spectrogram 1	1	1864.750000	1867.250000	0	0	noise	cluster_noise	0.0000
1688	Spectrogram 1	1	1867.000000	1867.500000	0	0	26	cluster_26	0.8990
1689	Spectrogram 1	1	1867.250000	1868.000000	0	0	noise	cluster_noise	0.0000
1690	Spectrogram 1	1	1867.750000	1868.500000	0	0	26	cluster_26	0.8847
1691	Spectrogram 1	1	1868.250000	1869.250000	0	0	noise	cluster_noise	0.0000
1692	Spectrogram 1	1	1869.000000	1870.000000	0	0	16	cluster_16	0.8523
1693	Spectrogram 1	1	1869.750000	1870.500000	0	0	noise	cluster_noise	0.0000
1694	Spectrogram 1	1	1870.250000	1870.750000	0	0	20	cluster_20	1.0000
1695	Spectrogram 1	1	1870.500000	1871.500000	0	0	noise	cluster_noise	0.0000
1696	Spectrogram 1	1	1871.250000	1871.750000	0	0	26	cluster_26	0.8220
1697	Spectrogram 1	1	1871.500000	1872.000000	0	0	noise	cluster_noise	0.0000
1698	Spectrogram 1	1	1871.750000	1872.500000	0	0	26	cluster_26	0.8430
1699	Spectrogram 1	1	1873.000000	1875.500000	0	0	5	cluster_5	1.0000
1700	Spectrogram 1	1	1875.250000	1876.000000	0	0	3	cluster_3	1.0000
1701	Spectrogram 1	1	1875.750000	1876.250000	0	0	5	cluster_5	1.0000
1702	Spectrogram 1	1	1876.000000	1877.000000	0	0	noise	cluster_noise	0.0000
1703	Spectrogram 1	1	1876.750000	1877.500000	0	0	3	cluster_3	1.0000
1704	Spectrogram 1	1	1877.250000	1878.250000	0	0	26	cluster_26	0.8699
1705	Spectrogram 1	1	1878.000000	1878.750000	0	0	3	cluster_3	1.0000
1706	Spectrogram 1	1	1878.500000	1879.500000	0	0	noise	cluster_noise	0.0000
1707	Spectrogram 1	1	1879.250000	1879.750000	0	0	26	cluster_26	0.8250
1708	Spectrogram 1	1	1879.500000	1880.000000	0	0	noise	cluster_noise	0.0000
1709	Spectrogram 1	1	1879.750000	1880.500000	0	0	26	cluster_26	0.8479
1710	Spectrogram 1	1	1880.250000	1880.750000	0	0	19	cluster_19	1.0000
1711	Spectrogram 1	1	1880.500000	1881.000000	0	0	noise	cluster_noise	0.0000
1712	Spectrogram 1	1	1880.750000	1881.500000	0	0	16	cluster_16	0.9279
1713	Spectrogram 1	1	1881.250000	1881.750000	0	0	18	cluster_18	0.7380
1714	Spectrogram 1	1	1881.500000	1882.250000	0	0	noise	cluster_noise	0.0000
1715	Spectrogram 1	1	1882.000000	1882.500000	0	0	20	cluster_20	0.9592
1716	Spectrogram 1	1	1882.250000	1883.000000	0	0	9	cluster_9	0.8339
1717	Spectrogram 1	1	1882.750000	1884.750000	0	0	noise	cluster_noise	0.0000
1718	Spectrogram 1	1	1884.500000	1887.250000	0	0	5	cluster_5	1.0000
1719	Spectrogram 1	1	1887.000000	1888.000000	0	0	3	cluster_3	1.0000
1720	Spectrogram 1	1	1887.750000	1889.000000	0	0	noise	cluster_noise	0.0000
1721	Spectrogram 1	1	1888.750000	1889.500000	0	0	3	cluster_3	1.0000
1722	Spectrogram 1	1	1889.250000	1890.250000	0	0	noise	cluster_noise	0.0000
1723	Spectrogram 1	1	1890.000000	1891.000000	0	0	26	cluster_26	0.8144
1724	Spectrogram 1	1	1890.750000	1891.250000	0	0	noise	cluster_noise	0.0000
1725	Spectrogram 1	1	1891.000000	1892.250000	0	0	26	cluster_26	0.8445
1726	Spectrogram 1	1	1892.000000	1892.500000	0	0	19	cluster_19	1.0000
1727	Spectrogram 1	1	1892.250000	1892.750000	0	0	noise	cluster_noise	0.0000
1728	Spectrogram 1	1	1892.500000	1893.250000	0	0	16	cluster_16	1.0000
1729	Spectrogram 1	1	1893.000000	1894.000000	0	0	noise	cluster_noise	0.0000
1730	Spectrogram 1	1	1893.750000	1894.250000	0	0	20	cluster_20	1.0000
1731	Spectrogram 1	1	1894.000000	1894.500000	0	0	noise	cluster_noise	0.0000
1732	Spectrogram 1	1	1896.000000	1896.500000	0	0	9	cluster_9	0.7685
1733	Spectrogram 1	1	1896.250000	1899.000000	0	0	5	cluster_5	1.0000
1734	Spectrogram 1	1	1898.750000	1899.500000	0	0	3	cluster_3	1.0000
1735	Spectrogram 1	1	1899.250000	1900.750000	0	0	noise	cluster_noise	0.0000
1736	Spectrogram 1	1	1900.500000	1901.250000	0	0	3	cluster_3	1.0000
1737	Spectrogram 1	1	1901.000000	1902.000000	0	0	noise	cluster_noise	0.0000
1738	Spectrogram 1	1	1901.750000	1902.500000	0	0	25	cluster_25	0.7951
1739	Spectrogram 1	1	1902.250000	1903.000000	0	0	noise	cluster_noise	0.0000
1740	Spectrogram 1	1	1902.750000	1903.250000	0	0	26	cluster_26	0.9437
1741	Spectrogram 1	1	1903.000000	1903.750000	0	0	noise	cluster_noise	0.0000
1742	Spectrogram 1	1	1903.500000	1904.750000	0	0	16	cluster_16	0.5744
1743	Spectrogram 1	1	1904.500000	1906.500000	0	0	noise	cluster_noise	0.0000
1744	Spectrogram 1	1	1908.000000	1910.250000	0	0	5	cluster_5	1.0000
1745	Spectrogram 1	1	1910.000000	1910.500000	0	0	noise	cluster_noise	0.0000
1746	Spectrogram 1	1	1910.250000	1911.000000	0	0	3	cluster_3	1.0000
1747	Spectrogram 1	1	1910.750000	1911.500000	0	0	5	cluster_5	1.0000
1748	Spectrogram 1	1	1911.250000	1912.000000	0	0	noise	cluster_noise	0.0000
1749	Spectrogram 1	1	1911.750000	1912.500000	0	0	3	cluster_3	1.0000
1750	Spectrogram 1	1	1912.250000	1913.000000	0	0	noise	cluster_noise	0.0000
1751	Spectrogram 1	1	1912.750000	1913.500000	0	0	26	cluster_26	0.8886
1752	Spectrogram 1	1	1913.250000	1914.250000	0	0	noise	cluster_noise	0.0000
1753	Spectrogram 1	1	1914.000000	1914.500000	0	0	19	cluster_19	0.9493
1754	Spectrogram 1	1	1914.250000	1914.750000	0	0	noise	cluster_noise	0.0000
1755	Spectrogram 1	1	1914.500000	1916.000000	0	0	16	cluster_16	0.6531
1756	Spectrogram 1	1	1915.750000	1916.750000	0	0	noise	cluster_noise	0.0000
1757	Spectrogram 1	1	1916.500000	1917.000000	0	0	19	cluster_19	1.0000
1758	Spectrogram 1	1	1916.750000	1917.500000	0	0	noise	cluster_noise	0.0000
1759	Spectrogram 1	1	1917.250000	1918.500000	0	0	26	cluster_26	0.8565
1760	Spectrogram 1	1	1920.000000	1921.250000	0	0	5	cluster_5	1.0000
1761	Spectrogram 1	1	1921.000000	1921.500000	0	0	noise	cluster_noise	0.0000
1762	Spectrogram 1	1	1921.250000	1922.000000	0	0	3	cluster_3	1.0000
1763	Spectrogram 1	1	1921.750000	1922.500000	0	0	noise	cluster_noise	0.0000
1764	Spectrogram 1	1	1922.250000	1923.000000	0	0	25	cluster_25	0.7540
1765	Spectrogram 1	1	1922.750000	1923.500000	0	0	3	cluster_3	1.0000
1766	Spectrogram 1	1	1923.250000	1923.750000	0	0	noise	cluster_noise	0.0000
1767	Spectrogram 1	1	1923.500000	1924.000000	0	0	25	cluster_25	0.8609
1768	Spectrogram 1	1	1923.750000	1924.500000	0	0	26	cluster_26	0.8203
1769	Spectrogram 1	1	1924.250000	1924.750000	0	0	25	cluster_25	0.9047
1770	Spectrogram 1	1	1924.500000	1925.000000	0	0	noise	cluster_noise	0.0000
1771	Spectrogram 1	1	1924.750000	1925.750000	0	0	25	cluster_25	0.8669
1772	Spectrogram 1	1	1925.500000	1926.000000	0	0	noise	cluster_noise	0.0000
1773	Spectrogram 1	1	1925.750000	1927.250000	0	0	16	cluster_16	0.7426
1774	Spectrogram 1	1	1927.000000	1929.500000	0	0	noise	cluster_noise	0.0000
1775	Spectrogram 1	1	1930.000000	1932.500000	0	0	5	cluster_5	1.0000
1776	Spectrogram 1	1	1932.250000	1933.000000	0	0	noise	cluster_noise	0.0000
1777	Spectrogram 1	1	1932.750000	1933.750000	0	0	3	cluster_3	1.0000
1778	Spectrogram 1	1	1933.500000	1934.250000	0	0	noise	cluster_noise	0.0000
1779	Spectrogram 1	1	1934.000000	1934.500000	0	0	3	cluster_3	1.0000
1780	Spectrogram 1	1	1934.250000	1934.750000	0	0	26	cluster_26	0.8251
1781	Spectrogram 1	1	1934.500000	1935.500000	0	0	noise	cluster_noise	0.0000
1782	Spectrogram 1	1	1935.250000	1935.750000	0	0	26	cluster_26	0.8195
1783	Spectrogram 1	1	1935.500000	1936.500000	0	0	25	cluster_25	0.8765
1784	Spectrogram 1	1	1936.250000	1936.750000	0	0	noise	cluster_noise	0.0000
1785	Spectrogram 1	1	1936.500000	1937.000000	0	0	18	cluster_18	0.8368
1786	Spectrogram 1	1	1936.750000	1937.250000	0	0	noise	cluster_noise	0.0000
1787	Spectrogram 1	1	1937.000000	1938.000000	0	0	16	cluster_16	0.9399
1788	Spectrogram 1	1	1937.750000	1938.750000	0	0	noise	cluster_noise	0.0000
1789	Spectrogram 1	1	1938.500000	1939.000000	0	0	20	cluster_20	1.0000
1790	Spectrogram 1	1	1938.750000	1939.250000	0	0	noise	cluster_noise	0.0000
1791	Spectrogram 1	1	1939.000000	1939.750000	0	0	26	cluster_26	0.8243
1792	Spectrogram 1	1	1939.500000	1940.000000	0	0	noise	cluster_noise	0.0000
1793	Spectrogram 1	1	1939.750000	1940.500000	0	0	25	cluster_25	1.0000
1794	Spectrogram 1	1	1943.000000	1943.500000	0	0	5	cluster_5	1.0000
1795	Spectrogram 1	1	1943.250000	1943.750000	0	0	noise	cluster_noise	0.0000
1796	Spectrogram 1	1	1943.500000	1944.000000	0	0	2	cluster_2	1.0000
1797	Spectrogram 1	1	1943.750000	1944.250000	0	0	3	cluster_3	1.0000
1798	Spectrogram 1	1	1944.000000	1944.750000	0	0	noise	cluster_noise	0.0000
1799	Spectrogram 1	1	1944.500000	1945.250000	0	0	26	cluster_26	0.8111
1800	Spectrogram 1	1	1945.000000	1945.500000	0	0	noise	cluster_noise	0.0000
1801	Spectrogram 1	1	1945.250000	1945.750000	0	0	26	cluster_26	0.8562
1802	Spectrogram 1	1	1945.500000	1946.000000	0	0	noise	cluster_noise	0.0000
1803	Spectrogram 1	1	1945.750000	1946.500000	0	0	26	cluster_26	0.8622
1804	Spectrogram 1	1	1946.250000	1946.750000	0	0	noise	cluster_noise	0.0000
1805	Spectrogram 1	1	1946.500000	1947.000000	0	0	26	cluster_26	0.7825
1806	Spectrogram 1	1	1946.750000	1947.500000	0	0	noise	cluster_noise	0.0000
1807	Spectrogram 1	1	1947.250000	1947.750000	0	0	19	cluster_19	1.0000
1808	Spectrogram 1	1	1947.500000	1948.000000	0	0	noise	cluster_noise	0.0000
1809	Spectrogram 1	1	1947.750000	1949.000000	0	0	16	cluster_16	0.8855
1810	Spectrogram 1	1	1948.750000	1949.250000	0	0	18	cluster_18	0.9031
1811	Spectrogram 1	1	1949.000000	1950.000000	0	0	noise	cluster_noise	0.0000
1812	Spectrogram 1	1	1949.750000	1950.250000	0	0	26	cluster_26	1.0000
1813	Spectrogram 1	1	1950.000000	1950.500000	0	0	noise	cluster_noise	0.0000
1814	Spectrogram 1	1	1950.250000	1950.750000	0	0	26	cluster_26	0.8016
1815	Spectrogram 1	1	1950.500000	1951.500000	0	0	noise	cluster_noise	0.0000
1816	Spectrogram 1	1	1951.250000	1951.750000	0	0	9	cluster_9	0.7776
1817	Spectrogram 1	1	1951.500000	1954.000000	0	0	5	cluster_5	0.9987
1818	Spectrogram 1	1	1953.750000	1954.250000	0	0	19	cluster_19	0.9855
1819	Spectrogram 1	1	1954.000000	1956.250000	0	0	noise	cluster_noise	0.0000
1820	Spectrogram 1	1	1956.000000	1956.500000	0	0	18	cluster_18	0.9293
1821	Spectrogram 1	1	1956.250000	1957.000000	0	0	noise	cluster_noise	0.0000
1822	Spectrogram 1	1	1956.750000	1957.250000	0	0	13	cluster_13	0.5041
1823	Spectrogram 1	1	1957.000000	1957.500000	0	0	noise	cluster_noise	0.0000
1824	Spectrogram 1	1	1957.250000	1957.750000	0	0	20	cluster_20	1.0000
1825	Spectrogram 1	1	1957.500000	1958.500000	0	0	noise	cluster_noise	0.0000
1826	Spectrogram 1	1	1958.250000	1958.750000	0	0	18	cluster_18	0.7788
1827	Spectrogram 1	1	1958.500000	1960.250000	0	0	noise	cluster_noise	0.0000
1828	Spectrogram 1	1	1960.000000	1960.750000	0	0	18	cluster_18	0.9026
1829	Spectrogram 1	1	1960.500000	1962.000000	0	0	noise	cluster_noise	0.0000
1830	Spectrogram 1	1	1961.750000	1962.750000	0	0	26	cluster_26	0.8708
1831	Spectrogram 1	1	1962.500000	1963.000000	0	0	noise	cluster_noise	0.0000
1832	Spectrogram 1	1	1962.750000	1965.750000	0	0	5	cluster_5	0.9936
1833	Spectrogram 1	1	1965.500000	1967.000000	0	0	noise	cluster_noise	0.0000
1834	Spectrogram 1	1	1966.750000	1969.250000	0	0	5	cluster_5	1.0000
1835	Spectrogram 1	1	1969.000000	1969.750000	0	0	noise	cluster_noise	0.0000
1836	Spectrogram 1	1	1969.500000	1970.000000	0	0	18	cluster_18	0.9054
1837	Spectrogram 1	1	1969.750000	1970.250000	0	0	noise	cluster_noise	0.0000
1838	Spectrogram 1	1	1970.000000	1970.500000	0	0	13	cluster_13	0.5028
1839	Spectrogram 1	1	1970.250000	1971.250000	0	0	noise	cluster_noise	0.0000
1840	Spectrogram 1	1	1971.000000	1971.500000	0	0	26	cluster_26	0.8020
1841	Spectrogram 1	1	1971.250000	1971.750000	0	0	noise	cluster_noise	0.0000
1842	Spectrogram 1	1	1971.500000	1972.000000	0	0	18	cluster_18	0.9415
1843	Spectrogram 1	1	1971.750000	1972.750000	0	0	noise	cluster_noise	0.0000
1844	Spectrogram 1	1	1972.500000	1973.000000	0	0	20	cluster_20	1.0000
1845	Spectrogram 1	1	1972.750000	1973.250000	0	0	noise	cluster_noise	0.0000
1846	Spectrogram 1	1	1973.000000	1973.500000	0	0	20	cluster_20	1.0000
1847	Spectrogram 1	1	1973.250000	1973.750000	0	0	noise	cluster_noise	0.0000
1848	Spectrogram 1	1	1973.500000	1974.000000	0	0	18	cluster_18	0.8215
1849	Spectrogram 1	1	1973.750000	1975.750000	0	0	noise	cluster_noise	0.0000
1850	Spectrogram 1	1	1975.500000	1976.250000	0	0	18	cluster_18	0.8932
1851	Spectrogram 1	1	1976.000000	1977.750000	0	0	noise	cluster_noise	0.0000
1852	Spectrogram 1	1	1977.500000	1978.250000	0	0	26	cluster_26	0.8121
1853	Spectrogram 1	1	1978.000000	1978.500000	0	0	noise	cluster_noise	0.0000
1854	Spectrogram 1	1	1978.250000	1981.250000	0	0	5	cluster_5	1.0000
1855	Spectrogram 1	1	1981.000000	1982.750000	0	0	noise	cluster_noise	0.0000
1856	Spectrogram 1	1	1982.500000	1984.750000	0	0	5	cluster_5	0.9980
1857	Spectrogram 1	1	1984.500000	1985.250000	0	0	25	cluster_25	0.8488
1858	Spectrogram 1	1	1985.000000	1985.500000	0	0	19	cluster_19	0.9686
1859	Spectrogram 1	1	1985.250000	1986.500000	0	0	noise	cluster_noise	0.0000
1860	Spectrogram 1	1	1986.250000	1986.750000	0	0	20	cluster_20	0.9596
1861	Spectrogram 1	1	1986.500000	1987.000000	0	0	noise	cluster_noise	0.0000
1862	Spectrogram 1	1	1986.750000	1987.250000	0	0	26	cluster_26	0.8200
1863	Spectrogram 1	1	1987.000000	1987.500000	0	0	19	cluster_19	1.0000
1864	Spectrogram 1	1	1987.250000	1987.750000	0	0	18	cluster_18	0.8983
1865	Spectrogram 1	1	1987.500000	1988.000000	0	0	noise	cluster_noise	0.0000
1866	Spectrogram 1	1	1987.750000	1988.250000	0	0	13	cluster_13	0.5191
1867	Spectrogram 1	1	1988.000000	1989.500000	0	0	noise	cluster_noise	0.0000
1868	Spectrogram 1	1	1989.250000	1989.750000	0	0	18	cluster_18	0.9462
1869	Spectrogram 1	1	1989.500000	1991.250000	0	0	noise	cluster_noise	0.0000
1870	Spectrogram 1	1	1991.000000	1991.500000	0	0	19	cluster_19	1.0000
1871	Spectrogram 1	1	1991.250000	1991.750000	0	0	18	cluster_18	0.8089
1872	Spectrogram 1	1	1991.500000	1993.000000	0	0	noise	cluster_noise	0.0000
1873	Spectrogram 1	1	1992.750000	1993.250000	0	0	26	cluster_26	0.7815
1874	Spectrogram 1	1	1993.000000	1994.000000	0	0	noise	cluster_noise	0.0000
1875	Spectrogram 1	1	1993.750000	1997.000000	0	0	5	cluster_5	1.0000
1876	Spectrogram 1	1	1996.750000	1998.250000	0	0	noise	cluster_noise	0.0000
1877	Spectrogram 1	1	1998.000000	2000.250000	0	0	5	cluster_5	1.0000
1878	Spectrogram 1	1	2000.000000	2001.000000	0	0	noise	cluster_noise	0.0000
1879	Spectrogram 1	1	2000.750000	2001.250000	0	0	19	cluster_19	1.0000
1880	Spectrogram 1	1	2001.000000	2001.500000	0	0	noise	cluster_noise	0.0000
1881	Spectrogram 1	1	2001.250000	2001.750000	0	0	17	cluster_17	0.9781
1882	Spectrogram 1	1	2001.500000	2003.500000	0	0	noise	cluster_noise	0.0000
1883	Spectrogram 1	1	2003.250000	2003.750000	0	0	18	cluster_18	0.7725
1884	Spectrogram 1	1	2003.500000	2004.000000	0	0	noise	cluster_noise	0.0000
1885	Spectrogram 1	1	2003.750000	2004.250000	0	0	17	cluster_17	0.9302
1886	Spectrogram 1	1	2004.000000	2006.500000	0	0	noise	cluster_noise	0.0000
1887	Spectrogram 1	1	2006.250000	2006.750000	0	0	26	cluster_26	0.8091
1888	Spectrogram 1	1	2006.500000	2007.750000	0	0	noise	cluster_noise	0.0000
1889	Spectrogram 1	1	2007.500000	2008.000000	0	0	26	cluster_26	0.8001
1890	Spectrogram 1	1	2007.750000	2008.250000	0	0	noise	cluster_noise	0.0000
1891	Spectrogram 1	1	2008.000000	2011.250000	0	0	5	cluster_5	1.0000
1892	Spectrogram 1	1	2011.000000	2012.750000	0	0	noise	cluster_noise	0.0000
1893	Spectrogram 1	1	2012.500000	2013.500000	0	0	25	cluster_25	0.9319
1894	Spectrogram 1	1	2013.250000	2014.000000	0	0	noise	cluster_noise	0.0000
1895	Spectrogram 1	1	2013.750000	2014.250000	0	0	25	cluster_25	0.9828
1896	Spectrogram 1	1	2014.000000	2014.500000	0	0	noise	cluster_noise	0.0000
1897	Spectrogram 1	1	2014.250000	2015.000000	0	0	8	cluster_8	1.0000
1898	Spectrogram 1	1	2014.750000	2015.750000	0	0	noise	cluster_noise	0.0000
1899	Spectrogram 1	1	2015.500000	2017.750000	0	0	3	cluster_3	0.9920
1900	Spectrogram 1	1	2017.500000	2018.000000	0	0	noise	cluster_noise	0.0000
1901	Spectrogram 1	1	2017.750000	2018.500000	0	0	3	cluster_3	0.9145
1902	Spectrogram 1	1	2018.250000	2019.000000	0	0	1	cluster_1	0.4193
1903	Spectrogram 1	1	2018.750000	2019.500000	0	0	3	cluster_3	0.9142
1904	Spectrogram 1	1	2019.250000	2020.500000	0	0	26	cluster_26	0.8171
1905	Spectrogram 1	1	2020.250000	2021.250000	0	0	noise	cluster_noise	0.0000
1906	Spectrogram 1	1	2021.000000	2023.750000	0	0	5	cluster_5	1.0000
1907	Spectrogram 1	1	2023.500000	2024.250000	0	0	noise	cluster_noise	0.0000
1908	Spectrogram 1	1	2024.000000	2024.500000	0	0	25	cluster_25	0.7492
1909	Spectrogram 1	1	2024.250000	2024.750000	0	0	noise	cluster_noise	0.0000
1910	Spectrogram 1	1	2024.500000	2025.250000	0	0	25	cluster_25	0.9338
1911	Spectrogram 1	1	2025.000000	2025.750000	0	0	26	cluster_26	0.8703
1912	Spectrogram 1	1	2025.500000	2026.000000	0	0	noise	cluster_noise	0.0000
1913	Spectrogram 1	1	2025.750000	2026.500000	0	0	26	cluster_26	0.7953
1914	Spectrogram 1	1	2026.250000	2027.750000	0	0	noise	cluster_noise	0.0000
1915	Spectrogram 1	1	2027.500000	2030.250000	0	0	3	cluster_3	0.9537
1916	Spectrogram 1	1	2030.000000	2031.000000	0	0	noise	cluster_noise	0.0000
1917	Spectrogram 1	1	2030.750000	2031.750000	0	0	3	cluster_3	1.0000
1918	Spectrogram 1	1	2031.500000	2032.750000	0	0	noise	cluster_noise	0.0000
1919	Spectrogram 1	1	2032.500000	2033.000000	0	0	26	cluster_26	0.8767
1920	Spectrogram 1	1	2032.750000	2033.500000	0	0	noise	cluster_noise	0.0000
1921	Spectrogram 1	1	2033.250000	2033.750000	0	0	26	cluster_26	0.8671
1922	Spectrogram 1	1	2033.500000	2034.000000	0	0	noise	cluster_noise	0.0000
1923	Spectrogram 1	1	2033.750000	2036.500000	0	0	5	cluster_5	0.9994
1924	Spectrogram 1	1	2038.000000	2038.500000	0	0	26	cluster_26	0.8563
1925	Spectrogram 1	1	2038.250000	2038.750000	0	0	noise	cluster_noise	0.0000
1926	Spectrogram 1	1	2038.500000	2039.000000	0	0	20	cluster_20	0.9555
1927	Spectrogram 1	1	2038.750000	2039.250000	0	0	8	cluster_8	0.4688
1928	Spectrogram 1	1	2039.000000	2040.750000	0	0	noise	cluster_noise	0.0000
1929	Spectrogram 1	1	2040.500000	2041.250000	0	0	1	cluster_1	0.6354
1930	Spectrogram 1	1	2041.000000	2041.750000	0	0	noise	cluster_noise	0.0000
1931	Spectrogram 1	1	2041.500000	2042.000000	0	0	3	cluster_3	1.0000
1932	Spectrogram 1	1	2041.750000	2042.250000	0	0	noise	cluster_noise	0.0000
1933	Spectrogram 1	1	2042.000000	2043.750000	0	0	1	cluster_1	0.8938
1934	Spectrogram 1	1	2043.500000	2045.000000	0	0	noise	cluster_noise	0.0000
1935	Spectrogram 1	1	2044.750000	2045.750000	0	0	26	cluster_26	0.9314
1936	Spectrogram 1	1	2045.500000	2046.250000	0	0	noise	cluster_noise	0.0000
1937	Spectrogram 1	1	2046.000000	2048.750000	0	0	5	cluster_5	1.0000
1938	Spectrogram 1	1	2048.500000	2052.500000	0	0	noise	cluster_noise	0.0000
1939	Spectrogram 1	1	2052.250000	2052.750000	0	0	25	cluster_25	1.0000
1940	Spectrogram 1	1	2052.500000	2053.500000	0	0	noise	cluster_noise	0.0000
1941	Spectrogram 1	1	2053.250000	2054.000000	0	0	1	cluster_1	0.7672
1942	Spectrogram 1	1	2053.750000	2054.500000	0	0	3	cluster_3	0.9843
1943	Spectrogram 1	1	2054.250000	2055.000000	0	0	noise	cluster_noise	0.0000
1944	Spectrogram 1	1	2054.750000	2056.250000	0	0	1	cluster_1	0.9942
1945	Spectrogram 1	1	2056.000000	2057.750000	0	0	noise	cluster_noise	0.0000
1946	Spectrogram 1	1	2057.500000	2058.250000	0	0	26	cluster_26	0.7948
1947	Spectrogram 1	1	2058.000000	2058.750000	0	0	noise	cluster_noise	0.0000
1948	Spectrogram 1	1	2058.500000	2060.500000	0	0	5	cluster_5	0.9883
1949	Spectrogram 1	1	2063.000000	2063.750000	0	0	noise	cluster_noise	0.0000
1950	Spectrogram 1	1	2063.500000	2064.000000	0	0	20	cluster_20	1.0000
1951	Spectrogram 1	1	2063.750000	2064.250000	0	0	noise	cluster_noise	0.0000
1952	Spectrogram 1	1	2064.000000	2064.500000	0	0	8	cluster_8	0.5792
1953	Spectrogram 1	1	2064.250000	2064.750000	0	0	noise	cluster_noise	0.0000
1954	Spectrogram 1	1	2064.500000	2065.750000	0	0	25	cluster_25	0.9502
1955	Spectrogram 1	1	2065.500000	2066.250000	0	0	noise	cluster_noise	0.0000
1956	Spectrogram 1	1	2066.000000	2068.000000	0	0	1	cluster_1	0.9434
1957	Spectrogram 1	1	2067.750000	2069.250000	0	0	noise	cluster_noise	0.0000
1958	Spectrogram 1	1	2069.000000	2070.000000	0	0	26	cluster_26	0.8672
1959	Spectrogram 1	1	2069.750000	2070.250000	0	0	noise	cluster_noise	0.0000
1960	Spectrogram 1	1	2070.000000	2073.500000	0	0	5	cluster_5	1.0000
1961	Spectrogram 1	1	2076.000000	2076.500000	0	0	8	cluster_8	0.6794
1962	Spectrogram 1	1	2076.250000	2077.000000	0	0	noise	cluster_noise	0.0000
1963	Spectrogram 1	1	2076.750000	2077.250000	0	0	26	cluster_26	0.8398
1964	Spectrogram 1	1	2077.000000	2078.250000	0	0	noise	cluster_noise	0.0000
1965	Spectrogram 1	1	2078.000000	2080.000000	0	0	1	cluster_1	0.9710
1966	Spectrogram 1	1	2079.750000	2080.250000	0	0	2	cluster_2	1.0000
1967	Spectrogram 1	1	2080.000000	2080.500000	0	0	26	cluster_26	0.7843
1968	Spectrogram 1	1	2080.250000	2081.250000	0	0	noise	cluster_noise	0.0000
1969	Spectrogram 1	1	2081.000000	2081.500000	0	0	25	cluster_25	0.8617
1970	Spectrogram 1	1	2081.250000	2081.750000	0	0	26	cluster_26	0.9577
1971	Spectrogram 1	1	2081.500000	2082.000000	0	0	noise	cluster_noise	0.0000
1972	Spectrogram 1	1	2081.750000	2083.500000	0	0	5	cluster_5	1.0000
1973	Spectrogram 1	1	2088.000000	2089.250000	0	0	8	cluster_8	0.8727
1974	Spectrogram 1	1	2089.000000	2091.000000	0	0	noise	cluster_noise	0.0000
1975	Spectrogram 1	1	2090.750000	2091.750000	0	0	1	cluster_1	1.0000
1976	Spectrogram 1	1	2091.500000	2093.000000	0	0	noise	cluster_noise	0.0000
1977	Spectrogram 1	1	2092.750000	2093.500000	0	0	25	cluster_25	1.0000
1978	Spectrogram 1	1	2093.250000	2094.000000	0	0	noise	cluster_noise	0.0000
1979	Spectrogram 1	1	2093.750000	2097.000000	0	0	5	cluster_5	0.9815
1980	Spectrogram 1	1	2096.750000	2097.500000	0	0	noise	cluster_noise	0.0000
1981	Spectrogram 1	1	2100.000000	2100.500000	0	0	20	cluster_20	1.0000
1982	Spectrogram 1	1	2100.250000	2101.250000	0	0	noise	cluster_noise	0.0000
1983	Spectrogram 1	1	2101.000000	2101.500000	0	0	26	cluster_26	0.7998
1984	Spectrogram 1	1	2101.250000	2102.000000	0	0	noise	cluster_noise	0.0000
1985	Spectrogram 1	1	2101.750000	2103.250000	0	0	1	cluster_1	1.0000
1986	Spectrogram 1	1	2103.000000	2104.250000	0	0	noise	cluster_noise	0.0000
1987	Spectrogram 1	1	2104.000000	2104.500000	0	0	26	cluster_26	0.8177
1988	Spectrogram 1	1	2104.250000	2105.750000	0	0	25	cluster_25	0.8829
1989	Spectrogram 1	1	2105.500000	2106.000000	0	0	noise	cluster_noise	0.0000
1990	Spectrogram 1	1	2105.750000	2108.500000	0	0	5	cluster_5	1.0000
1991	Spectrogram 1	1	2109.000000	2110.250000	0	0	noise	cluster_noise	0.0000
1992	Spectrogram 1	1	2110.000000	2110.500000	0	0	26	cluster_26	0.9013
1993	Spectrogram 1	1	2110.250000	2111.500000	0	0	noise	cluster_noise	0.0000
1994	Spectrogram 1	1	2112.000000	2112.750000	0	0	8	cluster_8	0.6538
1995	Spectrogram 1	1	2112.500000	2114.000000	0	0	noise	cluster_noise	0.0000
1996	Spectrogram 1	1	2113.750000	2114.750000	0	0	1	cluster_1	0.8851
1997	Spectrogram 1	1	2114.500000	2116.000000	0	0	noise	cluster_noise	0.0000
1998	Spectrogram 1	1	2115.750000	2116.250000	0	0	26	cluster_26	0.8722
1999	Spectrogram 1	1	2116.000000	2116.500000	0	0	noise	cluster_noise	0.0000
2000	Spectrogram 1	1	2116.250000	2116.750000	0	0	26	cluster_26	0.7837
2001	Spectrogram 1	1	2116.500000	2117.250000	0	0	noise	cluster_noise	0.0000
2002	Spectrogram 1	1	2117.000000	2119.500000	0	0	5	cluster_5	1.0000
2003	Spectrogram 1	1	2124.000000	2124.500000	0	0	26	cluster_26	0.8521
2004	Spectrogram 1	1	2124.250000	2125.000000	0	0	noise	cluster_noise	0.0000
2005	Spectrogram 1	1	2124.750000	2125.750000	0	0	1	cluster_1	0.8800
2006	Spectrogram 1	1	2125.500000	2126.250000	0	0	2	cluster_2	1.0000
2007	Spectrogram 1	1	2126.000000	2126.500000	0	0	25	cluster_25	0.8243
2008	Spectrogram 1	1	2126.250000	2127.000000	0	0	noise	cluster_noise	0.0000
2009	Spectrogram 1	1	2126.750000	2127.750000	0	0	25	cluster_25	0.8277
2010	Spectrogram 1	1	2127.500000	2128.000000	0	0	noise	cluster_noise	0.0000
2011	Spectrogram 1	1	2127.750000	2128.250000	0	0	5	cluster_5	1.0000
2012	Spectrogram 1	1	2128.000000	2128.500000	0	0	noise	cluster_noise	0.0000
2013	Spectrogram 1	1	2128.250000	2131.500000	0	0	5	cluster_5	0.9910
2014	Spectrogram 1	1	2131.250000	2133.000000	0	0	noise	cluster_noise	0.0000
2015	Spectrogram 1	1	2132.750000	2133.500000	0	0	25	cluster_25	0.8547
2016	Spectrogram 1	1	2133.250000	2138.000000	0	0	noise	cluster_noise	0.0000
2017	Spectrogram 1	1	2137.750000	2138.500000	0	0	4	cluster_4	0.6050
2018	Spectrogram 1	1	2138.250000	2139.000000	0	0	noise	cluster_noise	0.0000
2019	Spectrogram 1	1	2138.750000	2140.250000	0	0	4	cluster_4	0.8939
2020	Spectrogram 1	1	2140.000000	2142.250000	0	0	noise	cluster_noise	0.0000
2021	Spectrogram 1	1	2142.000000	2142.500000	0	0	13	cluster_13	0.5234
2022	Spectrogram 1	1	2143.000000	2143.500000	0	0	26	cluster_26	0.7992
2023	Spectrogram 1	1	2143.250000	2143.750000	0	0	noise	cluster_noise	0.0000
2024	Spectrogram 1	1	2143.500000	2144.000000	0	0	19	cluster_19	0.9818
2025	Spectrogram 1	1	2143.750000	2144.500000	0	0	13	cluster_13	0.5506
2026	Spectrogram 1	1	2144.250000	2145.000000	0	0	25	cluster_25	0.8448
2027	Spectrogram 1	1	2144.750000	2145.500000	0	0	noise	cluster_noise	0.0000
2028	Spectrogram 1	1	2146.000000	2146.500000	0	0	13	cluster_13	0.7051
2029	Spectrogram 1	1	2146.250000	2147.000000	0	0	noise	cluster_noise	0.0000
2030	Spectrogram 1	1	2146.750000	2147.500000	0	0	9	cluster_9	0.9245
2031	Spectrogram 1	1	2147.250000	2149.000000	0	0	noise	cluster_noise	0.0000
2032	Spectrogram 1	1	2148.750000	2149.750000	0	0	4	cluster_4	0.5607
2033	Spectrogram 1	1	2149.500000	2152.500000	0	0	noise	cluster_noise	0.0000
2034	Spectrogram 1	1	2152.250000	2153.250000	0	0	4	cluster_4	0.8288
2035	Spectrogram 1	1	2153.000000	2153.500000	0	0	noise	cluster_noise	0.0000
2036	Spectrogram 1	1	2153.250000	2153.750000	0	0	4	cluster_4	0.4531
2037	Spectrogram 1	1	2153.500000	2155.750000	0	0	noise	cluster_noise	0.0000
2038	Spectrogram 1	1	2155.500000	2156.250000	0	0	13	cluster_13	0.9135
2039	Spectrogram 1	1	2156.000000	2156.500000	0	0	26	cluster_26	0.8721
2040	Spectrogram 1	1	2156.250000	2156.750000	0	0	noise	cluster_noise	0.0000
2041	Spectrogram 1	1	2156.500000	2157.250000	0	0	9	cluster_9	0.9254
2042	Spectrogram 1	1	2157.000000	2157.500000	0	0	26	cluster_26	0.8326
2043	Spectrogram 1	1	2158.000000	2158.750000	0	0	noise	cluster_noise	0.0000
2044	Spectrogram 1	1	2158.500000	2159.250000	0	0	9	cluster_9	0.9981
2045	Spectrogram 1	1	2159.000000	2159.750000	0	0	noise	cluster_noise	0.0000
2046	Spectrogram 1	1	2159.500000	2160.000000	0	0	13	cluster_13	1.0000
2047	Spectrogram 1	1	2159.750000	2160.750000	0	0	noise	cluster_noise	0.0000
2048	Spectrogram 1	1	2160.500000	2161.000000	0	0	9	cluster_9	0.9361
2049	Spectrogram 1	1	2160.750000	2161.250000	0	0	noise	cluster_noise	0.0000
2050	Spectrogram 1	1	2161.000000	2161.750000	0	0	13	cluster_13	0.7885
2051	Spectrogram 1	1	2161.500000	2162.000000	0	0	26	cluster_26	0.8479
2052	Spectrogram 1	1	2161.750000	2162.500000	0	0	13	cluster_13	0.9062
2053	Spectrogram 1	1	2162.250000	2162.750000	0	0	9	cluster_9	0.7828
2054	Spectrogram 1	1	2162.500000	2163.250000	0	0	noise	cluster_noise	0.0000
2055	Spectrogram 1	1	2163.000000	2163.750000	0	0	13	cluster_13	0.6944
2056	Spectrogram 1	1	2163.500000	2164.000000	0	0	26	cluster_26	0.8829
2057	Spectrogram 1	1	2163.750000	2164.500000	0	0	noise	cluster_noise	0.0000
2058	Spectrogram 1	1	2164.250000	2164.750000	0	0	9	cluster_9	0.7508
2059	Spectrogram 1	1	2164.500000	2165.250000	0	0	26	cluster_26	0.8607
2060	Spectrogram 1	1	2165.000000	2165.750000	0	0	noise	cluster_noise	0.0000
2061	Spectrogram 1	1	2165.500000	2166.000000	0	0	9	cluster_9	1.0000
2062	Spectrogram 1	1	2165.750000	2167.000000	0	0	4	cluster_4	0.9810
2063	Spectrogram 1	1	2166.750000	2168.250000	0	0	noise	cluster_noise	0.0000
2064	Spectrogram 1	1	2168.000000	2168.500000	0	0	26	cluster_26	0.7998
2065	Spectrogram 1	1	2168.250000	2169.500000	0	0	25	cluster_25	0.9578
2066	Spectrogram 1	1	2169.250000	2169.750000	0	0	noise	cluster_noise	0.0000
2067	Spectrogram 1	1	2169.500000	2171.000000	0	0	4	cluster_4	1.0000
2068	Spectrogram 1	1	2170.750000	2171.250000	0	0	9	cluster_9	0.8086
2069	Spectrogram 1	1	2171.000000	2171.500000	0	0	noise	cluster_noise	0.0000
2070	Spectrogram 1	1	2174.000000	2174.750000	0	0	13	cluster_13	0.9700
2071	Spectrogram 1	1	2174.500000	2175.000000	0	0	25	cluster_25	1.0000
2072	Spectrogram 1	1	2174.750000	2175.500000	0	0	noise	cluster_noise	0.0000
2073	Spectrogram 1	1	2175.250000	2175.750000	0	0	9	cluster_9	0.8627
2074	Spectrogram 1	1	2175.500000	2176.000000	0	0	26	cluster_26	0.7939
2075	Spectrogram 1	1	2175.750000	2176.500000	0	0	13	cluster_13	0.9347
2076	Spectrogram 1	1	2176.250000	2176.750000	0	0	26	cluster_26	0.7779
2077	Spectrogram 1	1	2176.500000	2177.000000	0	0	noise	cluster_noise	0.0000
2078	Spectrogram 1	1	2176.750000	2177.250000	0	0	9	cluster_9	0.9781
2079	Spectrogram 1	1	2177.000000	2177.500000	0	0	noise	cluster_noise	0.0000
2080	Spectrogram 1	1	2177.250000	2177.750000	0	0	13	cluster_13	0.8427
2081	Spectrogram 1	1	2177.500000	2178.500000	0	0	noise	cluster_noise	0.0000
2082	Spectrogram 1	1	2178.250000	2179.000000	0	0	13	cluster_13	0.8734
2083	Spectrogram 1	1	2178.750000	2179.500000	0	0	noise	cluster_noise	0.0000
2084	Spectrogram 1	1	2179.250000	2179.750000	0	0	9	cluster_9	1.0000
2085	Spectrogram 1	1	2179.500000	2180.000000	0	0	noise	cluster_noise	0.0000
2086	Spectrogram 1	1	2179.750000	2180.250000	0	0	13	cluster_13	0.6430
2087	Spectrogram 1	1	2180.000000	2181.750000	0	0	noise	cluster_noise	0.0000
2088	Spectrogram 1	1	2181.500000	2182.250000	0	0	13	cluster_13	0.9381
2089	Spectrogram 1	1	2182.000000	2182.500000	0	0	noise	cluster_noise	0.0000
2090	Spectrogram 1	1	2182.250000	2183.000000	0	0	13	cluster_13	0.9524
2091	Spectrogram 1	1	2182.750000	2183.250000	0	0	9	cluster_9	0.8921
2092	Spectrogram 1	1	2183.000000	2183.750000	0	0	noise	cluster_noise	0.0000
2093	Spectrogram 1	1	2183.500000	2184.000000	0	0	9	cluster_9	0.8376
2094	Spectrogram 1	1	2183.750000	2184.500000	0	0	noise	cluster_noise	0.0000
2095	Spectrogram 1	1	2184.250000	2184.750000	0	0	26	cluster_26	0.7985
2096	Spectrogram 1	1	2184.500000	2185.250000	0	0	noise	cluster_noise	0.0000
2097	Spectrogram 1	1	2185.000000	2186.000000	0	0	4	cluster_4	1.0000
2098	Spectrogram 1	1	2185.750000	2186.250000	0	0	noise	cluster_noise	0.0000
2099	Spectrogram 1	1	2186.000000	2186.500000	0	0	26	cluster_26	0.8161
2100	Spectrogram 1	1	2186.250000	2187.250000	0	0	noise	cluster_noise	0.0000
2101	Spectrogram 1	1	2187.000000	2187.750000	0	0	25	cluster_25	1.0000
2102	Spectrogram 1	1	2187.500000	2188.250000	0	0	noise	cluster_noise	0.0000
2103	Spectrogram 1	1	2188.000000	2188.500000	0	0	26	cluster_26	0.8547
2104	Spectrogram 1	1	2188.250000	2188.750000	0	0	noise	cluster_noise	0.0000
2105	Spectrogram 1	1	2188.500000	2189.500000	0	0	4	cluster_4	1.0000
2106	Spectrogram 1	1	2191.000000	2191.500000	0	0	noise	cluster_noise	0.0000
2107	Spectrogram 1	1	2191.250000	2192.000000	0	0	13	cluster_13	0.6075
2108	Spectrogram 1	1	2191.750000	2192.250000	0	0	noise	cluster_noise	0.0000
2109	Spectrogram 1	1	2192.000000	2192.750000	0	0	9	cluster_9	0.7952
2110	Spectrogram 1	1	2192.500000	2193.500000	0	0	noise	cluster_noise	0.0000
2111	Spectrogram 1	1	2193.250000	2194.000000	0	0	13	cluster_13	0.7377
2112	Spectrogram 1	1	2193.750000	2194.250000	0	0	3	cluster_3	1.0000
2113	Spectrogram 1	1	2194.000000	2195.750000	0	0	noise	cluster_noise	0.0000
2114	Spectrogram 1	1	2195.500000	2196.000000	0	0	17	cluster_17	1.0000
2115	Spectrogram 1	1	2195.750000	2196.500000	0	0	noise	cluster_noise	0.0000
2116	Spectrogram 1	1	2196.250000	2197.000000	0	0	13	cluster_13	0.5472
2117	Spectrogram 1	1	2196.750000	2197.250000	0	0	3	cluster_3	1.0000
2118	Spectrogram 1	1	2197.000000	2198.250000	0	0	noise	cluster_noise	0.0000
2119	Spectrogram 1	1	2198.000000	2198.750000	0	0	12	cluster_12	1.0000
2120	Spectrogram 1	1	2198.500000	2199.000000	0	0	noise	cluster_noise	0.0000
2121	Spectrogram 1	1	2198.750000	2199.500000	0	0	12	cluster_12	1.0000
2122	Spectrogram 1	1	2199.250000	2200.000000	0	0	noise	cluster_noise	0.0000
2123	Spectrogram 1	1	2199.750000	2200.500000	0	0	12	cluster_12	0.9336
2124	Spectrogram 1	1	2200.250000	2200.750000	0	0	noise	cluster_noise	0.0000
2125	Spectrogram 1	1	2200.500000	2201.000000	0	0	12	cluster_12	0.9069
2126	Spectrogram 1	1	2200.750000	2201.500000	0	0	noise	cluster_noise	0.0000
2127	Spectrogram 1	1	2201.250000	2201.750000	0	0	12	cluster_12	0.8760
2128	Spectrogram 1	1	2201.500000	2202.000000	0	0	3	cluster_3	1.0000
2129	Spectrogram 1	1	2201.750000	2202.250000	0	0	25	cluster_25	1.0000
2130	Spectrogram 1	1	2202.000000	2203.750000	0	0	noise	cluster_noise	0.0000
2131	Spectrogram 1	1	2203.500000	2204.750000	0	0	4	cluster_4	0.9601
2132	Spectrogram 1	1	2204.500000	2205.500000	0	0	noise	cluster_noise	0.0000
2133	Spectrogram 1	1	2210.000000	2210.500000	0	0	12	cluster_12	0.7733
2134	Spectrogram 1	1	2210.250000	2210.750000	0	0	3	cluster_3	1.0000
2135	Spectrogram 1	1	2210.500000	2212.000000	0	0	noise	cluster_noise	0.0000
2136	Spectrogram 1	1	2211.750000	2212.250000	0	0	13	cluster_13	0.5478
2137	Spectrogram 1	1	2212.000000	2212.500000	0	0	noise	cluster_noise	0.0000
2138	Spectrogram 1	1	2212.250000	2212.750000	0	0	3	cluster_3	1.0000
2139	Spectrogram 1	1	2212.500000	2213.250000	0	0	noise	cluster_noise	0.0000
2140	Spectrogram 1	1	2213.000000	2213.500000	0	0	25	cluster_25	1.0000
2141	Spectrogram 1	1	2213.250000	2213.750000	0	0	noise	cluster_noise	0.0000
2142	Spectrogram 1	1	2213.500000	2214.000000	0	0	13	cluster_13	0.5838
2143	Spectrogram 1	1	2213.750000	2214.500000	0	0	noise	cluster_noise	0.0000
2144	Spectrogram 1	1	2214.250000	2214.750000	0	0	12	cluster_12	1.0000
2145	Spectrogram 1	1	2214.500000	2215.000000	0	0	3	cluster_3	1.0000
2146	Spectrogram 1	1	2214.750000	2215.500000	0	0	noise	cluster_noise	0.0000
2147	Spectrogram 1	1	2215.250000	2216.000000	0	0	13	cluster_13	0.5113
2148	Spectrogram 1	1	2215.750000	2216.250000	0	0	3	cluster_3	1.0000
2149	Spectrogram 1	1	2216.000000	2216.500000	0	0	noise	cluster_noise	0.0000
2150	Spectrogram 1	1	2216.250000	2216.750000	0	0	12	cluster_12	1.0000
2151	Spectrogram 1	1	2216.500000	2217.000000	0	0	3	cluster_3	1.0000
2152	Spectrogram 1	1	2216.750000	2217.500000	0	0	12	cluster_12	0.8952
2153	Spectrogram 1	1	2217.250000	2218.000000	0	0	noise	cluster_noise	0.0000
2154	Spectrogram 1	1	2217.750000	2218.250000	0	0	3	cluster_3	1.0000
2155	Spectrogram 1	1	2218.000000	2219.500000	0	0	noise	cluster_noise	0.0000
2156	Spectrogram 1	1	2219.250000	2219.750000	0	0	3	cluster_3	0.9755
2157	Spectrogram 1	1	2219.500000	2220.250000	0	0	noise	cluster_noise	0.0000
2158	Spectrogram 1	1	2220.000000	2220.500000	0	0	26	cluster_26	0.9156
2159	Spectrogram 1	1	2220.250000	2220.750000	0	0	noise	cluster_noise	0.0000
2160	Spectrogram 1	1	2220.500000	2221.000000	0	0	13	cluster_13	0.7456
2161	Spectrogram 1	1	2220.750000	2221.250000	0	0	noise	cluster_noise	0.0000
2162	Spectrogram 1	1	2221.000000	2221.500000	0	0	3	cluster_3	1.0000
2163	Spectrogram 1	1	2221.250000	2222.250000	0	0	noise	cluster_noise	0.0000
2164	Spectrogram 1	1	2222.000000	2222.500000	0	0	26	cluster_26	0.7875
2165	Spectrogram 1	1	2222.250000	2222.750000	0	0	noise	cluster_noise	0.0000
2166	Spectrogram 1	1	2222.500000	2223.000000	0	0	25	cluster_25	0.8931
2167	Spectrogram 1	1	2222.750000	2223.500000	0	0	noise	cluster_noise	0.0000
2168	Spectrogram 1	1	2223.250000	2223.750000	0	0	13	cluster_13	0.5753
2169	Spectrogram 1	1	2223.500000	2224.000000	0	0	noise	cluster_noise	0.0000
2170	Spectrogram 1	1	2223.750000	2224.250000	0	0	3	cluster_3	1.0000
2171	Spectrogram 1	1	2224.000000	2224.500000	0	0	noise	cluster_noise	0.0000
2172	Spectrogram 1	1	2226.000000	2226.750000	0	0	3	cluster_3	1.0000
2173	Spectrogram 1	1	2226.500000	2227.000000	0	0	26	cluster_26	0.7774
2174	Spectrogram 1	1	2226.750000	2229.250000	0	0	noise	cluster_noise	0.0000
2175	Spectrogram 1	1	2229.000000	2229.500000	0	0	26	cluster_26	0.7860
2176	Spectrogram 1	1	2229.250000	2229.750000	0	0	25	cluster_25	0.7770
2177	Spectrogram 1	1	2229.500000	2230.000000	0	0	noise	cluster_noise	0.0000
2178	Spectrogram 1	1	2229.750000	2230.250000	0	0	26	cluster_26	0.9577
2179	Spectrogram 1	1	2230.000000	2237.500000	0	0	noise	cluster_noise	0.0000
2180	Spectrogram 1	1	2237.250000	2238.250000	0	0	26	cluster_26	0.8268
2181	Spectrogram 1	1	2238.000000	2238.500000	0	0	noise	cluster_noise	0.0000
2182	Spectrogram 1	1	2240.000000	2240.500000	0	0	24	cluster_24	0.8322
2183	Spectrogram 1	1	2240.250000	2241.500000	0	0	25	cluster_25	0.8983
2184	Spectrogram 1	1	2241.250000	2242.500000	0	0	3	cluster_3	1.0000
2185	Spectrogram 1	1	2242.250000	2243.250000	0	0	noise	cluster_noise	0.0000
2186	Spectrogram 1	1	2243.000000	2244.250000	0	0	25	cluster_25	0.9976
2187	Spectrogram 1	1	2244.000000	2244.750000	0	0	noise	cluster_noise	0.0000
2188	Spectrogram 1	1	2244.500000	2246.500000	0	0	3	cluster_3	0.9617
2189	Spectrogram 1	1	2262.000000	2263.000000	0	0	noise	cluster_noise	0.0000
2190	Spectrogram 1	1	2262.750000	2263.250000	0	0	26	cluster_26	0.8814
2191	Spectrogram 1	1	2263.000000	2263.750000	0	0	noise	cluster_noise	0.0000
2192	Spectrogram 1	1	2263.500000	2264.500000	0	0	26	cluster_26	0.8184
2193	Spectrogram 1	1	2264.250000	2264.750000	0	0	noise	cluster_noise	0.0000
2194	Spectrogram 1	1	2264.500000	2265.750000	0	0	3	cluster_3	1.0000
2195	Spectrogram 1	1	2265.500000	2266.250000	0	0	noise	cluster_noise	0.0000
2196	Spectrogram 1	1	2266.000000	2267.000000	0	0	25	cluster_25	0.8478
2197	Spectrogram 1	1	2266.750000	2267.250000	0	0	noise	cluster_noise	0.0000
2198	Spectrogram 1	1	2267.000000	2267.750000	0	0	26	cluster_26	0.8235
2199	Spectrogram 1	1	2267.500000	2268.500000	0	0	3	cluster_3	1.0000
2200	Spectrogram 1	1	2268.250000	2269.000000	0	0	noise	cluster_noise	0.0000
2201	Spectrogram 1	1	2268.750000	2269.250000	0	0	26	cluster_26	0.7902
2202	Spectrogram 1	1	2269.000000	2269.500000	0	0	noise	cluster_noise	0.0000
2203	Spectrogram 1	1	2303.000000	2303.500000	0	0	3	cluster_3	1.0000
2204	Spectrogram 1	1	2303.250000	2305.750000	0	0	noise	cluster_noise	0.0000
2205	Spectrogram 1	1	2305.500000	2306.000000	0	0	25	cluster_25	1.0000
2206	Spectrogram 1	1	2305.750000	2306.500000	0	0	noise	cluster_noise	0.0000
2207	Spectrogram 1	1	2316.000000	2316.500000	0	0	25	cluster_25	1.0000
2208	Spectrogram 1	1	2316.250000	2317.000000	0	0	26	cluster_26	0.8234
2209	Spectrogram 1	1	2316.750000	2317.750000	0	0	3	cluster_3	1.0000
2210	Spectrogram 1	1	2317.500000	2318.500000	0	0	2	cluster_2	1.0000
2211	Spectrogram 1	1	2318.250000	2318.750000	0	0	26	cluster_26	0.8035
2212	Spectrogram 1	1	2318.500000	2319.250000	0	0	2	cluster_2	1.0000
2213	Spectrogram 1	1	2319.000000	2320.000000	0	0	26	cluster_26	0.9050
2214	Spectrogram 1	1	2319.750000	2320.250000	0	0	noise	cluster_noise	0.0000
2215	Spectrogram 1	1	2320.000000	2336.500000	0	0	26	cluster_26	0.8188
2216	Spectrogram 1	1	2336.250000	2336.750000	0	0	noise	cluster_noise	0.0000
2217	Spectrogram 1	1	2336.500000	2337.250000	0	0	26	cluster_26	0.8360
2218	Spectrogram 1	1	2337.000000	2338.750000	0	0	noise	cluster_noise	0.0000
2219	Spectrogram 1	1	2338.500000	2339.000000	0	0	26	cluster_26	0.8205
2220	Spectrogram 1	1	2338.750000	2339.500000	0	0	noise	cluster_noise	0.0000
2221	Spectrogram 1	1	2339.250000	2339.750000	0	0	3	cluster_3	1.0000
2222	Spectrogram 1	1	2339.500000	2340.750000	0	0	2	cluster_2	1.0000
2223	Spectrogram 1	1	2340.500000	2341.000000	0	0	noise	cluster_noise	0.0000
2224	Spectrogram 1	1	2340.750000	2341.250000	0	0	26	cluster_26	0.8387
2225	Spectrogram 1	1	2341.000000	2341.500000	0	0	noise	cluster_noise	0.0000
2226	Spectrogram 1	1	2341.250000	2341.750000	0	0	26	cluster_26	0.9558
2227	Spectrogram 1	1	2341.500000	2342.000000	0	0	noise	cluster_noise	0.0000
2228	Spectrogram 1	1	2341.750000	2342.500000	0	0	26	cluster_26	0.8502
2229	Spectrogram 1	1	2343.000000	2344.250000	0	0	2	cluster_2	0.9144
2230	Spectrogram 1	1	2344.000000	2344.750000	0	0	26	cluster_26	0.8218
2231	Spectrogram 1	1	2344.500000	2345.000000	0	0	noise	cluster_noise	0.0000
2232	Spectrogram 1	1	2344.750000	2345.250000	0	0	26	cluster_26	0.8809
2233	Spectrogram 1	1	2345.000000	2345.750000	0	0	3	cluster_3	1.0000
2234	Spectrogram 1	1	2345.500000	2346.750000	0	0	2	cluster_2	0.9872
2235	Spectrogram 1	1	2346.500000	2347.000000	0	0	noise	cluster_noise	0.0000
2236	Spectrogram 1	1	2346.750000	2347.250000	0	0	2	cluster_2	0.6769
2237	Spectrogram 1	1	2347.000000	2347.500000	0	0	noise	cluster_noise	0.0000
2238	Spectrogram 1	1	2347.250000	2358.000000	0	0	2	cluster_2	1.0000
2239	Spectrogram 1	1	2357.750000	2359.000000	0	0	noise	cluster_noise	0.0000
2240	Spectrogram 1	1	2358.750000	2359.250000	0	0	26	cluster_26	0.8552
2241	Spectrogram 1	1	2359.000000	2359.750000	0	0	noise	cluster_noise	0.0000
2242	Spectrogram 1	1	2359.500000	2360.250000	0	0	3	cluster_3	1.0000
2243	Spectrogram 1	1	2360.000000	2360.500000	0	0	noise	cluster_noise	0.0000
2244	Spectrogram 1	1	2361.000000	2362.000000	0	0	3	cluster_3	0.9577
2245	Spectrogram 1	1	2361.750000	2362.250000	0	0	noise	cluster_noise	0.0000
2246	Spectrogram 1	1	2362.000000	2362.500000	0	0	26	cluster_26	0.8147
2247	Spectrogram 1	1	2362.250000	2363.250000	0	0	3	cluster_3	0.9337
2248	Spectrogram 1	1	2363.000000	2363.500000	0	0	noise	cluster_noise	0.0000
2249	Spectrogram 1	1	2363.250000	2368.250000	0	0	3	cluster_3	0.9834
2250	Spectrogram 1	1	2368.000000	2368.500000	0	0	noise	cluster_noise	0.0000
2251	Spectrogram 1	1	2368.250000	2368.750000	0	0	26	cluster_26	0.8407
2252	Spectrogram 1	1	2368.500000	2370.500000	0	0	2	cluster_2	0.9790
2253	Spectrogram 1	1	2370.250000	2371.000000	0	0	noise	cluster_noise	0.0000
2254	Spectrogram 1	1	2370.750000	2371.500000	0	0	25	cluster_25	0.8709
2255	Spectrogram 1	1	2371.250000	2371.750000	0	0	noise	cluster_noise	0.0000
2256	Spectrogram 1	1	2371.500000	2373.500000	0	0	2	cluster_2	1.0000
2257	Spectrogram 1	1	2373.250000	2373.750000	0	0	noise	cluster_noise	0.0000
2258	Spectrogram 1	1	2373.500000	2374.000000	0	0	26	cluster_26	0.9521
2259	Spectrogram 1	1	2373.750000	2374.500000	0	0	noise	cluster_noise	0.0000
2260	Spectrogram 1	1	2375.000000	2376.500000	0	0	5	cluster_5	1.0000
2261	Spectrogram 1	1	2377.000000	2379.000000	0	0	noise	cluster_noise	0.0000
2262	Spectrogram 1	1	2378.750000	2380.500000	0	0	3	cluster_3	1.0000
2263	Spectrogram 1	1	2380.250000	2381.500000	0	0	noise	cluster_noise	0.0000
2264	Spectrogram 1	1	2381.250000	2382.000000	0	0	26	cluster_26	0.8187
2265	Spectrogram 1	1	2381.750000	2382.250000	0	0	noise	cluster_noise	0.0000
2266	Spectrogram 1	1	2382.000000	2384.250000	0	0	2	cluster_2	0.9954
2267	Spectrogram 1	1	2384.000000	2384.500000	0	0	noise	cluster_noise	0.0000
2268	Spectrogram 1	1	2384.250000	2384.750000	0	0	26	cluster_26	0.8067
2269	Spectrogram 1	1	2384.500000	2385.000000	0	0	noise	cluster_noise	0.0000
2270	Spectrogram 1	1	2384.750000	2386.500000	0	0	2	cluster_2	1.0000
2271	Spectrogram 1	1	2389.000000	2389.500000	0	0	5	cluster_5	0.9827
2272	Spectrogram 1	1	2389.250000	2389.750000	0	0	noise	cluster_noise	0.0000
2273	Spectrogram 1	1	2389.500000	2390.000000	0	0	3	cluster_3	1.0000
2274	Spectrogram 1	1	2389.750000	2391.250000	0	0	noise	cluster_noise	0.0000
2275	Spectrogram 1	1	2391.000000	2391.750000	0	0	25	cluster_25	0.9237
2276	Spectrogram 1	1	2391.500000	2392.250000	0	0	noise	cluster_noise	0.0000
2277	Spectrogram 1	1	2392.000000	2394.500000	0	0	3	cluster_3	1.0000
2278	Spectrogram 1	1	2394.250000	2394.750000	0	0	noise	cluster_noise	0.0000
2279	Spectrogram 1	1	2394.500000	2395.000000	0	0	26	cluster_26	0.9558
2280	Spectrogram 1	1	2394.750000	2395.250000	0	0	noise	cluster_noise	0.0000
2281	Spectrogram 1	1	2395.000000	2397.250000	0	0	2	cluster_2	0.9557
2282	Spectrogram 1	1	2397.000000	2397.500000	0	0	26	cluster_26	0.8625
2283	Spectrogram 1	1	2397.250000	2398.000000	0	0	noise	cluster_noise	0.0000
2284	Spectrogram 1	1	2397.750000	2400.000000	0	0	2	cluster_2	0.9435
2285	Spectrogram 1	1	2399.750000	2400.750000	0	0	noise	cluster_noise	0.0000
2286	Spectrogram 1	1	2400.500000	2401.000000	0	0	25	cluster_25	0.9049
2287	Spectrogram 1	1	2400.750000	2401.500000	0	0	noise	cluster_noise	0.0000
2288	Spectrogram 1	1	2403.000000	2403.750000	0	0	5	cluster_5	1.0000
2289	Spectrogram 1	1	2403.500000	2404.500000	0	0	noise	cluster_noise	0.0000
2290	Spectrogram 1	1	2404.250000	2407.250000	0	0	3	cluster_3	0.9833
2291	Spectrogram 1	1	2407.000000	2407.500000	0	0	noise	cluster_noise	0.0000
2292	Spectrogram 1	1	2407.250000	2408.000000	0	0	26	cluster_26	0.8492
2293	Spectrogram 1	1	2407.750000	2408.250000	0	0	noise	cluster_noise	0.0000
2294	Spectrogram 1	1	2408.000000	2410.250000	0	0	2	cluster_2	0.9613
2295	Spectrogram 1	1	2410.000000	2411.250000	0	0	noise	cluster_noise	0.0000
2296	Spectrogram 1	1	2411.000000	2413.250000	0	0	2	cluster_2	0.9412
2297	Spectrogram 1	1	2413.000000	2414.000000	0	0	25	cluster_25	0.9575
2298	Spectrogram 1	1	2413.750000	2414.500000	0	0	noise	cluster_noise	0.0000
2299	Spectrogram 1	1	2414.250000	2417.000000	0	0	5	cluster_5	0.9788
2300	Spectrogram 1	1	2416.750000	2417.750000	0	0	noise	cluster_noise	0.0000
2301	Spectrogram 1	1	2417.500000	2419.750000	0	0	3	cluster_3	0.9599
2302	Spectrogram 1	1	2419.500000	2420.750000	0	0	noise	cluster_noise	0.0000
2303	Spectrogram 1	1	2420.500000	2421.000000	0	0	26	cluster_26	0.9392
2304	Spectrogram 1	1	2420.750000	2421.250000	0	0	noise	cluster_noise	0.0000
2305	Spectrogram 1	1	2421.000000	2421.500000	0	0	5	cluster_5	1.0000
2306	Spectrogram 1	1	2421.250000	2423.500000	0	0	2	cluster_2	0.9993
2307	Spectrogram 1	1	2423.250000	2423.750000	0	0	noise	cluster_noise	0.0000
2308	Spectrogram 1	1	2423.500000	2424.250000	0	0	5	cluster_5	0.9467
2309	Spectrogram 1	1	2424.000000	2426.000000	0	0	2	cluster_2	0.9518
2310	Spectrogram 1	1	2425.750000	2427.000000	0	0	noise	cluster_noise	0.0000
2311	Spectrogram 1	1	2426.750000	2430.000000	0	0	5	cluster_5	0.8952
2312	Spectrogram 1	1	2429.750000	2430.250000	0	0	noise	cluster_noise	0.0000
2313	Spectrogram 1	1	2430.000000	2433.000000	0	0	3	cluster_3	0.9655
2314	Spectrogram 1	1	2432.750000	2433.500000	0	0	noise	cluster_noise	0.0000
2315	Spectrogram 1	1	2433.250000	2433.750000	0	0	26	cluster_26	0.8000
2316	Spectrogram 1	1	2433.500000	2434.000000	0	0	5	cluster_5	1.0000
2317	Spectrogram 1	1	2433.750000	2436.000000	0	0	2	cluster_2	0.9965
2318	Spectrogram 1	1	2435.750000	2436.250000	0	0	noise	cluster_noise	0.0000
2319	Spectrogram 1	1	2436.000000	2436.750000	0	0	5	cluster_5	1.0000
2320	Spectrogram 1	1	2436.500000	2438.500000	0	0	2	cluster_2	0.9467
2321	Spectrogram 1	1	2438.250000	2439.250000	0	0	noise	cluster_noise	0.0000
2322	Spectrogram 1	1	2439.000000	2439.750000	0	0	26	cluster_26	0.8075
2323	Spectrogram 1	1	2439.500000	2440.000000	0	0	noise	cluster_noise	0.0000
2324	Spectrogram 1	1	2439.750000	2441.500000	0	0	5	cluster_5	0.9813
2325	Spectrogram 1	1	2443.000000	2444.250000	0	0	3	cluster_3	1.0000
2326	Spectrogram 1	1	2444.000000	2444.750000	0	0	noise	cluster_noise	0.0000
2327	Spectrogram 1	1	2444.500000	2445.000000	0	0	11	cluster_11	0.7246
2328	Spectrogram 1	1	2444.750000	2445.250000	0	0	noise	cluster_noise	0.0000
2329	Spectrogram 1	1	2445.000000	2445.500000	0	0	26	cluster_26	0.9039
2330	Spectrogram 1	1	2445.250000	2446.000000	0	0	noise	cluster_noise	0.0000
2331	Spectrogram 1	1	2445.750000	2446.250000	0	0	9	cluster_9	0.8429
2332	Spectrogram 1	1	2446.000000	2446.500000	0	0	5	cluster_5	1.0000
2333	Spectrogram 1	1	2446.250000	2448.250000	0	0	2	cluster_2	1.0000
2334	Spectrogram 1	1	2448.000000	2448.500000	0	0	noise	cluster_noise	0.0000
2335	Spectrogram 1	1	2448.250000	2448.750000	0	0	3	cluster_3	0.9716
2336	Spectrogram 1	1	2448.500000	2449.000000	0	0	5	cluster_5	1.0000
2337	Spectrogram 1	1	2448.750000	2451.000000	0	0	2	cluster_2	0.9504
2338	Spectrogram 1	1	2450.750000	2452.000000	0	0	noise	cluster_noise	0.0000
2339	Spectrogram 1	1	2451.750000	2454.500000	0	0	5	cluster_5	0.9981
2340	Spectrogram 1	1	2454.250000	2454.750000	0	0	noise	cluster_noise	0.0000
2341	Spectrogram 1	1	2454.500000	2455.000000	0	0	3	cluster_3	1.0000
2342	Spectrogram 1	1	2454.750000	2455.250000	0	0	noise	cluster_noise	0.0000
2343	Spectrogram 1	1	2455.000000	2457.250000	0	0	3	cluster_3	0.9550
2344	Spectrogram 1	1	2457.000000	2458.250000	0	0	noise	cluster_noise	0.0000
2345	Spectrogram 1	1	2458.000000	2458.750000	0	0	5	cluster_5	1.0000
2346	Spectrogram 1	1	2458.500000	2460.500000	0	0	2	cluster_2	0.9765
2347	Spectrogram 1	1	2460.250000	2460.750000	0	0	noise	cluster_noise	0.0000
2348	Spectrogram 1	1	2460.500000	2461.000000	0	0	9	cluster_9	0.8723
2349	Spectrogram 1	1	2460.750000	2461.250000	0	0	5	cluster_5	1.0000
2350	Spectrogram 1	1	2461.000000	2462.750000	0	0	2	cluster_2	0.9591
2351	Spectrogram 1	1	2462.500000	2463.500000	0	0	noise	cluster_noise	0.0000
2352	Spectrogram 1	1	2463.250000	2464.000000	0	0	25	cluster_25	0.7732
2353	Spectrogram 1	1	2463.750000	2464.500000	0	0	noise	cluster_noise	0.0000
2354	Spectrogram 1	1	2464.250000	2466.750000	0	0	5	cluster_5	0.9934
2355	Spectrogram 1	1	2466.500000	2467.750000	0	0	noise	cluster_noise	0.0000
2356	Spectrogram 1	1	2467.500000	2469.250000	0	0	3	cluster_3	1.0000
2357	Spectrogram 1	1	2469.000000	2470.500000	0	0	noise	cluster_noise	0.0000
2358	Spectrogram 1	1	2470.250000	2470.750000	0	0	26	cluster_26	0.7918
2359	Spectrogram 1	1	2470.500000	2471.000000	0	0	5	cluster_5	1.0000
2360	Spectrogram 1	1	2470.750000	2471.250000	0	0	noise	cluster_noise	0.0000
2361	Spectrogram 1	1	2471.000000	2473.000000	0	0	2	cluster_2	0.9999
2362	Spectrogram 1	1	2472.750000	2473.250000	0	0	noise	cluster_noise	0.0000
2363	Spectrogram 1	1	2473.000000	2473.750000	0	0	5	cluster_5	1.0000
2364	Spectrogram 1	1	2473.500000	2475.500000	0	0	2	cluster_2	1.0000
2365	Spectrogram 1	1	2475.250000	2476.500000	0	0	noise	cluster_noise	0.0000
2366	Spectrogram 1	1	2476.250000	2476.750000	0	0	26	cluster_26	0.7843
2367	Spectrogram 1	1	2476.500000	2479.500000	0	0	5	cluster_5	0.9702
2368	Spectrogram 1	1	2479.250000	2480.000000	0	0	noise	cluster_noise	0.0000
2369	Spectrogram 1	1	2479.750000	2482.250000	0	0	3	cluster_3	0.9927
2370	Spectrogram 1	1	2482.000000	2483.000000	0	0	25	cluster_25	0.7656
2371	Spectrogram 1	1	2482.750000	2483.500000	0	0	noise	cluster_noise	0.0000
2372	Spectrogram 1	1	2483.250000	2483.750000	0	0	5	cluster_5	1.0000
2373	Spectrogram 1	1	2483.500000	2484.750000	0	0	2	cluster_2	0.9595
2374	Spectrogram 1	1	2484.500000	2485.000000	0	0	noise	cluster_noise	0.0000
2375	Spectrogram 1	1	2484.750000	2485.500000	0	0	2	cluster_2	1.0000
2376	Spectrogram 1	1	2485.250000	2486.000000	0	0	noise	cluster_noise	0.0000
2377	Spectrogram 1	1	2485.750000	2486.500000	0	0	5	cluster_5	0.8817
2378	Spectrogram 1	1	2486.250000	2488.000000	0	0	2	cluster_2	0.9548
2379	Spectrogram 1	1	2487.750000	2489.500000	0	0	noise	cluster_noise	0.0000
2380	Spectrogram 1	1	2489.250000	2491.500000	0	0	5	cluster_5	1.0000
2381	Spectrogram 1	1	2492.000000	2492.750000	0	0	noise	cluster_noise	0.0000
2382	Spectrogram 1	1	2492.500000	2495.000000	0	0	3	cluster_3	1.0000
2383	Spectrogram 1	1	2494.750000	2496.000000	0	0	noise	cluster_noise	0.0000
2384	Spectrogram 1	1	2495.750000	2496.250000	0	0	5	cluster_5	1.0000
2385	Spectrogram 1	1	2496.000000	2496.500000	0	0	noise	cluster_noise	0.0000
2386	Spectrogram 1	1	2496.250000	2498.000000	0	0	2	cluster_2	1.0000
2387	Spectrogram 1	1	2497.750000	2498.500000	0	0	noise	cluster_noise	0.0000
2388	Spectrogram 1	1	2498.250000	2499.000000	0	0	5	cluster_5	1.0000
2389	Spectrogram 1	1	2498.750000	2500.000000	0	0	2	cluster_2	1.0000
2390	Spectrogram 1	1	2499.750000	2500.250000	0	0	5	cluster_5	1.0000
2391	Spectrogram 1	1	2500.000000	2500.750000	0	0	2	cluster_2	0.8408
2392	Spectrogram 1	1	2500.500000	2501.000000	0	0	26	cluster_26	0.9207
2393	Spectrogram 1	1	2500.750000	2502.250000	0	0	noise	cluster_noise	0.0000
2394	Spectrogram 1	1	2502.000000	2504.500000	0	0	5	cluster_5	0.9656
2395	Spectrogram 1	1	2505.000000	2506.500000	0	0	3	cluster_3	0.9633
2396	Spectrogram 1	1	2506.250000	2507.250000	0	0	noise	cluster_noise	0.0000
2397	Spectrogram 1	1	2507.000000	2507.500000	0	0	26	cluster_26	0.8795
2398	Spectrogram 1	1	2507.250000	2508.000000	0	0	noise	cluster_noise	0.0000
2399	Spectrogram 1	1	2507.750000	2508.250000	0	0	26	cluster_26	0.7965
2400	Spectrogram 1	1	2508.000000	2508.500000	0	0	5	cluster_5	1.0000
2401	Spectrogram 1	1	2508.250000	2510.500000	0	0	2	cluster_2	0.9495
2402	Spectrogram 1	1	2510.250000	2511.000000	0	0	noise	cluster_noise	0.0000
2403	Spectrogram 1	1	2510.750000	2511.250000	0	0	5	cluster_5	1.0000
2404	Spectrogram 1	1	2511.000000	2513.000000	0	0	2	cluster_2	0.9898
2405	Spectrogram 1	1	2512.750000	2514.250000	0	0	noise	cluster_noise	0.0000
2406	Spectrogram 1	1	2514.000000	2516.750000	0	0	5	cluster_5	1.0000
2407	Spectrogram 1	1	2516.500000	2519.500000	0	0	3	cluster_3	0.9878
2408	Spectrogram 1	1	2519.250000	2519.750000	0	0	noise	cluster_noise	0.0000
2409	Spectrogram 1	1	2519.500000	2520.000000	0	0	26	cluster_26	0.9056
2410	Spectrogram 1	1	2519.750000	2520.750000	0	0	noise	cluster_noise	0.0000
2411	Spectrogram 1	1	2520.500000	2521.000000	0	0	26	cluster_26	0.8452
2412	Spectrogram 1	1	2520.750000	2521.750000	0	0	noise	cluster_noise	0.0000
2413	Spectrogram 1	1	2521.500000	2522.000000	0	0	5	cluster_5	0.9665
2414	Spectrogram 1	1	2521.750000	2523.250000	0	0	2	cluster_2	1.0000
2415	Spectrogram 1	1	2523.000000	2523.500000	0	0	noise	cluster_noise	0.0000
2416	Spectrogram 1	1	2523.250000	2524.000000	0	0	25	cluster_25	0.9536
2417	Spectrogram 1	1	2523.750000	2525.250000	0	0	noise	cluster_noise	0.0000
2418	Spectrogram 1	1	2525.000000	2527.250000	0	0	5	cluster_5	1.0000
2419	Spectrogram 1	1	2527.000000	2527.500000	0	0	noise	cluster_noise	0.0000
2420	Spectrogram 1	1	2527.250000	2529.250000	0	0	3	cluster_3	1.0000
2421	Spectrogram 1	1	2529.000000	2530.250000	0	0	noise	cluster_noise	0.0000
2422	Spectrogram 1	1	2530.000000	2530.500000	0	0	25	cluster_25	1.0000
2423	Spectrogram 1	1	2530.250000	2531.000000	0	0	noise	cluster_noise	0.0000
2424	Spectrogram 1	1	2530.750000	2531.250000	0	0	25	cluster_25	0.7882
2425	Spectrogram 1	1	2531.000000	2531.750000	0	0	noise	cluster_noise	0.0000
2426	Spectrogram 1	1	2531.500000	2532.250000	0	0	5	cluster_5	0.9644
2427	Spectrogram 1	1	2532.000000	2533.750000	0	0	2	cluster_2	1.0000
2428	Spectrogram 1	1	2533.500000	2535.500000	0	0	noise	cluster_noise	0.0000
2429	Spectrogram 1	1	2535.250000	2537.750000	0	0	5	cluster_5	0.9912
2430	Spectrogram 1	1	2537.500000	2540.750000	0	0	3	cluster_3	0.9953
2431	Spectrogram 1	1	2540.500000	2542.250000	0	0	noise	cluster_noise	0.0000
2432	Spectrogram 1	1	2542.000000	2542.500000	0	0	26	cluster_26	0.8244
2433	Spectrogram 1	1	2542.250000	2542.750000	0	0	19	cluster_19	0.9808
2434	Spectrogram 1	1	2542.500000	2543.000000	0	0	noise	cluster_noise	0.0000
2435	Spectrogram 1	1	2542.750000	2543.500000	0	0	5	cluster_5	1.0000
2436	Spectrogram 1	1	2543.250000	2544.250000	0	0	2	cluster_2	0.8702
2437	Spectrogram 1	1	2544.000000	2544.500000	0	0	5	cluster_5	1.0000
2438	Spectrogram 1	1	2544.250000	2546.250000	0	0	noise	cluster_noise	0.0000
2439	Spectrogram 1	1	2546.000000	2546.500000	0	0	9	cluster_9	0.7911
2440	Spectrogram 1	1	2546.250000	2548.750000	0	0	5	cluster_5	1.0000
2441	Spectrogram 1	1	2548.500000	2549.250000	0	0	noise	cluster_noise	0.0000
2442	Spectrogram 1	1	2549.000000	2551.250000	0	0	3	cluster_3	0.9921
2443	Spectrogram 1	1	2551.000000	2552.000000	0	0	noise	cluster_noise	0.0000
2444	Spectrogram 1	1	2551.750000	2552.250000	0	0	26	cluster_26	0.8509
2445	Spectrogram 1	1	2552.000000	2553.500000	0	0	noise	cluster_noise	0.0000
2446	Spectrogram 1	1	2553.250000	2553.750000	0	0	18	cluster_18	0.7740
2447	Spectrogram 1	1	2553.500000	2554.000000	0	0	16	cluster_16	0.3333
2448	Spectrogram 1	1	2553.750000	2554.500000	0	0	noise	cluster_noise	0.0000
2449	Spectrogram 1	1	2554.250000	2555.000000	0	0	5	cluster_5	0.9004
2450	Spectrogram 1	1	2554.750000	2555.250000	0	0	noise	cluster_noise	0.0000
2451	Spectrogram 1	1	2555.000000	2556.000000	0	0	5	cluster_5	0.9434
2452	Spectrogram 1	1	2555.750000	2556.750000	0	0	noise	cluster_noise	0.0000
2453	Spectrogram 1	1	2556.500000	2557.250000	0	0	26	cluster_26	0.8529
2454	Spectrogram 1	1	2557.000000	2557.500000	0	0	9	cluster_9	0.8266
2455	Spectrogram 1	1	2557.250000	2559.750000	0	0	5	cluster_5	1.0000
2456	Spectrogram 1	1	2559.500000	2561.500000	0	0	3	cluster_3	0.9784
2457	Spectrogram 1	1	2561.250000	2562.250000	0	0	noise	cluster_noise	0.0000
2458	Spectrogram 1	1	2562.000000	2562.500000	0	0	25	cluster_25	0.7770
2459	Spectrogram 1	1	2565.000000	2565.500000	0	0	16	cluster_16	1.0000
2460	Spectrogram 1	1	2565.250000	2567.250000	0	0	noise	cluster_noise	0.0000
2461	Spectrogram 1	1	2567.000000	2568.500000	0	0	25	cluster_25	0.8825
2462	Spectrogram 1	1	2568.250000	2571.000000	0	0	5	cluster_5	1.0000
2463	Spectrogram 1	1	2570.750000	2571.250000	0	0	noise	cluster_noise	0.0000
2464	Spectrogram 1	1	2571.000000	2573.000000	0	0	3	cluster_3	0.9823
2465	Spectrogram 1	1	2572.750000	2573.250000	0	0	noise	cluster_noise	0.0000
2466	Spectrogram 1	1	2573.000000	2573.500000	0	0	26	cluster_26	0.8432
2467	Spectrogram 1	1	2573.250000	2574.000000	0	0	noise	cluster_noise	0.0000
2468	Spectrogram 1	1	2573.750000	2574.500000	0	0	26	cluster_26	0.8442
2469	Spectrogram 1	1	2576.000000	2576.750000	0	0	16	cluster_16	0.9176
2470	Spectrogram 1	1	2576.500000	2577.500000	0	0	noise	cluster_noise	0.0000
2471	Spectrogram 1	1	2577.250000	2577.750000	0	0	20	cluster_20	1.0000
2472	Spectrogram 1	1	2577.500000	2578.500000	0	0	noise	cluster_noise	0.0000
2473	Spectrogram 1	1	2578.250000	2579.000000	0	0	25	cluster_25	0.8783
2474	Spectrogram 1	1	2578.750000	2579.750000	0	0	noise	cluster_noise	0.0000
2475	Spectrogram 1	1	2579.500000	2582.250000	0	0	5	cluster_5	0.9889
2476	Spectrogram 1	1	2582.000000	2583.000000	0	0	3	cluster_3	1.0000
2477	Spectrogram 1	1	2582.750000	2583.500000	0	0	noise	cluster_noise	0.0000
2478	Spectrogram 1	1	2583.250000	2583.750000	0	0	3	cluster_3	0.8730
2479	Spectrogram 1	1	2583.500000	2584.500000	0	0	noise	cluster_noise	0.0000
2480	Spectrogram 1	1	2584.250000	2584.750000	0	0	26	cluster_26	0.8425
2481	Spectrogram 1	1	2584.500000	2585.000000	0	0	noise	cluster_noise	0.0000
2482	Spectrogram 1	1	2584.750000	2585.500000	0	0	26	cluster_26	0.8531
2483	Spectrogram 1	1	2585.250000	2586.000000	0	0	25	cluster_25	0.9205
2484	Spectrogram 1	1	2585.750000	2586.750000	0	0	noise	cluster_noise	0.0000
2485	Spectrogram 1	1	2586.500000	2587.500000	0	0	16	cluster_16	0.8630
2486	Spectrogram 1	1	2587.250000	2590.500000	0	0	noise	cluster_noise	0.0000
2487	Spectrogram 1	1	2590.250000	2593.000000	0	0	5	cluster_5	0.9984
2488	Spectrogram 1	1	2592.750000	2593.250000	0	0	noise	cluster_noise	0.0000
2489	Spectrogram 1	1	2593.000000	2594.000000	0	0	3	cluster_3	1.0000
2490	Spectrogram 1	1	2593.750000	2594.250000	0	0	noise	cluster_noise	0.0000
2491	Spectrogram 1	1	2594.000000	2594.750000	0	0	3	cluster_3	1.0000
2492	Spectrogram 1	1	2594.500000	2597.500000	0	0	noise	cluster_noise	0.0000
2493	Spectrogram 1	1	2597.250000	2598.500000	0	0	16	cluster_16	0.8913
2494	Spectrogram 1	1	2598.250000	2598.750000	0	0	noise	cluster_noise	0.0000
2495	Spectrogram 1	1	2598.500000	2599.000000	0	0	18	cluster_18	0.7375
2496	Spectrogram 1	1	2598.750000	2599.500000	0	0	noise	cluster_noise	0.0000
2497	Spectrogram 1	1	2599.250000	2599.750000	0	0	20	cluster_20	1.0000
2498	Spectrogram 1	1	2599.500000	2600.250000	0	0	noise	cluster_noise	0.0000
2499	Spectrogram 1	1	2600.000000	2600.750000	0	0	25	cluster_25	0.9451
2500	Spectrogram 1	1	2600.500000	2601.500000	0	0	noise	cluster_noise	0.0000
2501	Spectrogram 1	1	2601.250000	2603.750000	0	0	5	cluster_5	1.0000
2502	Spectrogram 1	1	2603.500000	2605.250000	0	0	noise	cluster_noise	0.0000
2503	Spectrogram 1	1	2605.000000	2605.500000	0	0	26	cluster_26	0.8901
2504	Spectrogram 1	1	2605.250000	2606.000000	0	0	noise	cluster_noise	0.0000
2505	Spectrogram 1	1	2605.750000	2606.250000	0	0	18	cluster_18	0.9056
2506	Spectrogram 1	1	2606.000000	2606.750000	0	0	noise	cluster_noise	0.0000
2507	Spectrogram 1	1	2606.500000	2607.000000	0	0	26	cluster_26	0.8300
2508	Spectrogram 1	1	2606.750000	2608.000000	0	0	noise	cluster_noise	0.0000
2509	Spectrogram 1	1	2607.750000	2608.500000	0	0	18	cluster_18	0.9639
2510	Spectrogram 1	1	2608.250000	2609.000000	0	0	noise	cluster_noise	0.0000
2511	Spectrogram 1	1	2608.750000	2609.500000	0	0	20	cluster_20	1.0000
2512	Spectrogram 1	1	2609.250000	2610.750000	0	0	noise	cluster_noise	0.0000
2513	Spectrogram 1	1	2610.500000	2612.500000	0	0	5	cluster_5	1.0000
2514	Spectrogram 1	1	2612.250000	2613.000000	0	0	noise	cluster_noise	0.0000
2515	Spectrogram 1	1	2612.750000	2613.500000	0	0	5	cluster_5	1.0000
2516	Spectrogram 1	1	2613.250000	2614.750000	0	0	noise	cluster_noise	0.0000
2517	Spectrogram 1	1	2614.500000	2617.000000	0	0	5	cluster_5	1.0000
2518	Spectrogram 1	1	2616.750000	2617.750000	0	0	noise	cluster_noise	0.0000
2519	Spectrogram 1	1	2617.500000	2618.000000	0	0	25	cluster_25	0.7057
2520	Spectrogram 1	1	2617.750000	2619.000000	0	0	noise	cluster_noise	0.0000
2521	Spectrogram 1	1	2618.750000	2619.500000	0	0	18	cluster_18	1.0000
2522	Spectrogram 1	1	2619.250000	2620.750000	0	0	noise	cluster_noise	0.0000
2523	Spectrogram 1	1	2620.500000	2621.250000	0	0	18	cluster_18	0.8996
2524	Spectrogram 1	1	2621.000000	2621.750000	0	0	noise	cluster_noise	0.0000
2525	Spectrogram 1	1	2621.500000	2622.000000	0	0	19	cluster_19	0.9548
2526	Spectrogram 1	1	2621.750000	2622.500000	0	0	noise	cluster_noise	0.0000
2527	Spectrogram 1	1	2622.250000	2623.000000	0	0	18	cluster_18	0.9066
2528	Spectrogram 1	1	2622.750000	2623.750000	0	0	noise	cluster_noise	0.0000
2529	Spectrogram 1	1	2623.500000	2624.250000	0	0	18	cluster_18	0.9038
2530	Spectrogram 1	1	2624.000000	2625.000000	0	0	noise	cluster_noise	0.0000
2531	Spectrogram 1	1	2624.750000	2625.250000	0	0	20	cluster_20	1.0000
2532	Spectrogram 1	1	2625.000000	2625.500000	0	0	noise	cluster_noise	0.0000
2533	Spectrogram 1	1	2625.250000	2626.000000	0	0	18	cluster_18	0.8508
2534	Spectrogram 1	1	2625.750000	2626.250000	0	0	17	cluster_17	0.9929
2535	Spectrogram 1	1	2626.000000	2626.500000	0	0	noise	cluster_noise	0.0000
2536	Spectrogram 1	1	2626.250000	2627.000000	0	0	20	cluster_20	0.9812
2537	Spectrogram 1	1	2626.750000	2627.250000	0	0	noise	cluster_noise	0.0000
2538	Spectrogram 1	1	2627.000000	2627.750000	0	0	25	cluster_25	0.7775
2539	Spectrogram 1	1	2627.500000	2628.000000	0	0	noise	cluster_noise	0.0000
2540	Spectrogram 1	1	2627.750000	2629.250000	0	0	5	cluster_5	1.0000
2541	Spectrogram 1	1	2629.000000	2629.500000	0	0	noise	cluster_noise	0.0000
2542	Spectrogram 1	1	2629.250000	2630.000000	0	0	5	cluster_5	0.9997
2543	Spectrogram 1	1	2629.750000	2631.750000	0	0	noise	cluster_noise	0.0000
2544	Spectrogram 1	1	2631.500000	2633.750000	0	0	5	cluster_5	1.0000
2545	Spectrogram 1	1	2633.500000	2634.250000	0	0	noise	cluster_noise	0.0000
2546	Spectrogram 1	1	2634.000000	2634.750000	0	0	18	cluster_18	0.7894
2547	Spectrogram 1	1	2634.500000	2635.000000	0	0	13	cluster_13	0.4789
2548	Spectrogram 1	1	2634.750000	2635.250000	0	0	noise	cluster_noise	0.0000
2549	Spectrogram 1	1	2635.000000	2635.500000	0	0	20	cluster_20	0.9533
2550	Spectrogram 1	1	2635.250000	2636.000000	0	0	noise	cluster_noise	0.0000
2551	Spectrogram 1	1	2635.750000	2636.500000	0	0	18	cluster_18	1.0000
2552	Spectrogram 1	1	2636.250000	2636.750000	0	0	13	cluster_13	0.4773
2553	Spectrogram 1	1	2636.500000	2637.500000	0	0	noise	cluster_noise	0.0000
2554	Spectrogram 1	1	2637.250000	2638.000000	0	0	18	cluster_18	0.9649
2555	Spectrogram 1	1	2637.750000	2638.250000	0	0	17	cluster_17	0.9919
2556	Spectrogram 1	1	2638.000000	2639.250000	0	0	noise	cluster_noise	0.0000
2557	Spectrogram 1	1	2639.000000	2639.500000	0	0	18	cluster_18	1.0000
2558	Spectrogram 1	1	2639.250000	2640.000000	0	0	noise	cluster_noise	0.0000
2559	Spectrogram 1	1	2639.750000	2640.250000	0	0	19	cluster_19	0.9550
2560	Spectrogram 1	1	2640.000000	2640.500000	0	0	20	cluster_20	1.0000
2561	Spectrogram 1	1	2640.250000	2640.750000	0	0	noise	cluster_noise	0.0000
2562	Spectrogram 1	1	2640.500000	2641.250000	0	0	18	cluster_18	0.9254
2563	Spectrogram 1	1	2641.000000	2641.500000	0	0	noise	cluster_noise	0.0000
2564	Spectrogram 1	1	2641.250000	2642.000000	0	0	20	cluster_20	1.0000
2565	Spectrogram 1	1	2641.750000	2643.250000	0	0	noise	cluster_noise	0.0000
2566	Spectrogram 1	1	2643.000000	2645.750000	0	0	5	cluster_5	1.0000
2567	Spectrogram 1	1	2645.500000	2647.000000	0	0	noise	cluster_noise	0.0000
2568	Spectrogram 1	1	2646.750000	2647.250000	0	0	26	cluster_26	0.7825
2569	Spectrogram 1	1	2647.000000	2647.500000	0	0	noise	cluster_noise	0.0000
2570	Spectrogram 1	1	2647.250000	2649.250000	0	0	5	cluster_5	1.0000
2571	Spectrogram 1	1	2649.000000	2649.500000	0	0	9	cluster_9	0.7297
2572	Spectrogram 1	1	2649.250000	2650.000000	0	0	noise	cluster_noise	0.0000
2573	Spectrogram 1	1	2649.750000	2650.250000	0	0	18	cluster_18	0.8199
2574	Spectrogram 1	1	2650.000000	2651.250000	0	0	noise	cluster_noise	0.0000
2575	Spectrogram 1	1	2651.000000	2651.500000	0	0	20	cluster_20	0.9565
2576	Spectrogram 1	1	2651.250000	2651.750000	0	0	noise	cluster_noise	0.0000
2577	Spectrogram 1	1	2651.500000	2652.000000	0	0	19	cluster_19	1.0000
2578	Spectrogram 1	1	2651.750000	2652.500000	0	0	18	cluster_18	0.8734
2579	Spectrogram 1	1	2652.250000	2653.000000	0	0	noise	cluster_noise	0.0000
2580	Spectrogram 1	1	2652.750000	2653.500000	0	0	20	cluster_20	0.9837
2581	Spectrogram 1	1	2653.250000	2653.750000	0	0	noise	cluster_noise	0.0000
2582	Spectrogram 1	1	2653.500000	2654.250000	0	0	18	cluster_18	0.9127
2583	Spectrogram 1	1	2654.000000	2654.750000	0	0	noise	cluster_noise	0.0000
2584	Spectrogram 1	1	2654.500000	2655.250000	0	0	20	cluster_20	1.0000
2585	Spectrogram 1	1	2655.000000	2655.750000	0	0	18	cluster_18	0.9274
2586	Spectrogram 1	1	2655.500000	2656.750000	0	0	noise	cluster_noise	0.0000
2587	Spectrogram 1	1	2656.500000	2657.250000	0	0	18	cluster_18	0.9883
2588	Spectrogram 1	1	2657.000000	2657.750000	0	0	noise	cluster_noise	0.0000
2589	Spectrogram 1	1	2657.500000	2658.000000	0	0	20	cluster_20	1.0000
2590	Spectrogram 1	1	2657.750000	2658.750000	0	0	noise	cluster_noise	0.0000
2591	Spectrogram 1	1	2658.500000	2661.250000	0	0	5	cluster_5	0.9919
2592	Spectrogram 1	1	2661.000000	2663.000000	0	0	noise	cluster_noise	0.0000
2593	Spectrogram 1	1	2662.750000	2664.500000	0	0	5	cluster_5	0.9907
2594	Spectrogram 1	1	2666.000000	2666.750000	0	0	noise	cluster_noise	0.0000
2595	Spectrogram 1	1	2666.500000	2667.000000	0	0	20	cluster_20	1.0000
2596	Spectrogram 1	1	2666.750000	2667.500000	0	0	noise	cluster_noise	0.0000
2597	Spectrogram 1	1	2667.250000	2668.000000	0	0	18	cluster_18	0.8899
2598	Spectrogram 1	1	2667.750000	2668.250000	0	0	noise	cluster_noise	0.0000
2599	Spectrogram 1	1	2668.000000	2668.500000	0	0	25	cluster_25	0.7188
2600	Spectrogram 1	1	2668.250000	2668.750000	0	0	noise	cluster_noise	0.0000
2601	Spectrogram 1	1	2668.500000	2669.000000	0	0	25	cluster_25	0.7311
2602	Spectrogram 1	1	2668.750000	2669.500000	0	0	18	cluster_18	0.9246
2603	Spectrogram 1	1	2669.250000	2670.000000	0	0	noise	cluster_noise	0.0000
2604	Spectrogram 1	1	2669.750000	2670.250000	0	0	20	cluster_20	1.0000
2605	Spectrogram 1	1	2670.000000	2671.000000	0	0	noise	cluster_noise	0.0000
2606	Spectrogram 1	1	2670.750000	2671.250000	0	0	18	cluster_18	1.0000
2607	Spectrogram 1	1	2671.000000	2671.750000	0	0	noise	cluster_noise	0.0000
2608	Spectrogram 1	1	2671.500000	2672.000000	0	0	19	cluster_19	0.9832
2609	Spectrogram 1	1	2671.750000	2672.250000	0	0	noise	cluster_noise	0.0000
2610	Spectrogram 1	1	2672.000000	2672.750000	0	0	18	cluster_18	0.9525
2611	Spectrogram 1	1	2672.500000	2673.000000	0	0	17	cluster_17	0.9046
2612	Spectrogram 1	1	2672.750000	2673.500000	0	0	noise	cluster_noise	0.0000
2613	Spectrogram 1	1	2673.250000	2673.750000	0	0	19	cluster_19	1.0000
2614	Spectrogram 1	1	2673.500000	2674.500000	0	0	noise	cluster_noise	0.0000
2615	Spectrogram 1	1	2674.250000	2677.000000	0	0	5	cluster_5	1.0000
2616	Spectrogram 1	1	2676.750000	2678.750000	0	0	noise	cluster_noise	0.0000
2617	Spectrogram 1	1	2678.500000	2680.750000	0	0	5	cluster_5	0.9787
2618	Spectrogram 1	1	2680.500000	2681.000000	0	0	noise	cluster_noise	0.0000
2619	Spectrogram 1	1	2680.750000	2681.250000	0	0	19	cluster_19	0.9749
2620	Spectrogram 1	1	2681.000000	2681.750000	0	0	18	cluster_18	0.8605
2621	Spectrogram 1	1	2681.500000	2683.250000	0	0	noise	cluster_noise	0.0000
2622	Spectrogram 1	1	2683.000000	2683.750000	0	0	18	cluster_18	0.8165
2623	Spectrogram 1	1	2683.500000	2684.000000	0	0	13	cluster_13	0.4870
2624	Spectrogram 1	1	2683.750000	2684.250000	0	0	noise	cluster_noise	0.0000
2625	Spectrogram 1	1	2684.000000	2684.750000	0	0	20	cluster_20	0.9581
2626	Spectrogram 1	1	2684.500000	2685.250000	0	0	18	cluster_18	0.9128
2627	Spectrogram 1	1	2685.000000	2686.000000	0	0	noise	cluster_noise	0.0000
2628	Spectrogram 1	1	2685.750000	2686.250000	0	0	20	cluster_20	1.0000
2629	Spectrogram 1	1	2686.000000	2687.000000	0	0	18	cluster_18	0.9199
2630	Spectrogram 1	1	2686.750000	2687.250000	0	0	17	cluster_17	0.9044
2631	Spectrogram 1	1	2687.000000	2687.750000	0	0	noise	cluster_noise	0.0000
2632	Spectrogram 1	1	2687.500000	2688.250000	0	0	18	cluster_18	1.0000
2633	Spectrogram 1	1	2688.000000	2689.250000	0	0	noise	cluster_noise	0.0000
2634	Spectrogram 1	1	2689.000000	2689.750000	0	0	25	cluster_25	0.9846
2635	Spectrogram 1	1	2689.500000	2690.250000	0	0	noise	cluster_noise	0.0000
2636	Spectrogram 1	1	2690.000000	2692.750000	0	0	5	cluster_5	0.9955
2637	Spectrogram 1	1	2692.500000	2694.250000	0	0	noise	cluster_noise	0.0000
2638	Spectrogram 1	1	2694.000000	2696.250000	0	0	5	cluster_5	1.0000
2639	Spectrogram 1	1	2696.000000	2696.750000	0	0	noise	cluster_noise	0.0000
2640	Spectrogram 1	1	2696.500000	2697.250000	0	0	18	cluster_18	0.9446
2641	Spectrogram 1	1	2697.000000	2697.500000	0	0	noise	cluster_noise	0.0000
2642	Spectrogram 1	1	2697.250000	2697.750000	0	0	26	cluster_26	0.8903
2643	Spectrogram 1	1	2697.500000	2698.250000	0	0	20	cluster_20	1.0000
2644	Spectrogram 1	1	2698.000000	2698.750000	0	0	noise	cluster_noise	0.0000
2645	Spectrogram 1	1	2698.500000	2699.000000	0	0	18	cluster_18	1.0000
2646	Spectrogram 1	1	2698.750000	2699.250000	0	0	noise	cluster_noise	0.0000
2647	Spectrogram 1	1	2699.000000	2699.500000	0	0	25	cluster_25	0.9199
2648	Spectrogram 1	1	2699.250000	2700.000000	0	0	noise	cluster_noise	0.0000
2649	Spectrogram 1	1	2699.750000	2700.750000	0	0	18	cluster_18	0.8392
2650	Spectrogram 1	1	2700.500000	2701.250000	0	0	25	cluster_25	0.8441
2651	Spectrogram 1	1	2701.000000	2701.500000	0	0	20	cluster_20	1.0000
2652	Spectrogram 1	1	2701.250000	2702.250000	0	0	18	cluster_18	0.8723
2653	Spectrogram 1	1	2702.000000	2702.500000	0	0	noise	cluster_noise	0.0000
2654	Spectrogram 1	1	2702.250000	2702.750000	0	0	20	cluster_20	1.0000
2655	Spectrogram 1	1	2702.500000	2703.000000	0	0	noise	cluster_noise	0.0000
2656	Spectrogram 1	1	2702.750000	2703.750000	0	0	18	cluster_18	0.9018
2657	Spectrogram 1	1	2703.500000	2704.000000	0	0	17	cluster_17	1.0000
2658	Spectrogram 1	1	2703.750000	2704.250000	0	0	19	cluster_19	1.0000
2659	Spectrogram 1	1	2704.000000	2704.500000	0	0	20	cluster_20	0.9631
2660	Spectrogram 1	1	2704.250000	2705.750000	0	0	noise	cluster_noise	0.0000
2661	Spectrogram 1	1	2705.500000	2706.000000	0	0	3	cluster_3	1.0000
2662	Spectrogram 1	1	2705.750000	2708.750000	0	0	5	cluster_5	1.0000
2663	Spectrogram 1	1	2708.500000	2710.000000	0	0	noise	cluster_noise	0.0000
2664	Spectrogram 1	1	2709.750000	2710.250000	0	0	25	cluster_25	0.7810
2665	Spectrogram 1	1	2710.000000	2710.750000	0	0	noise	cluster_noise	0.0000
2666	Spectrogram 1	1	2710.500000	2711.500000	0	0	18	cluster_18	0.8738
2667	Spectrogram 1	1	2711.250000	2711.750000	0	0	noise	cluster_noise	0.0000
2668	Spectrogram 1	1	2711.500000	2712.000000	0	0	19	cluster_19	0.9635
2669	Spectrogram 1	1	2711.750000	2712.500000	0	0	noise	cluster_noise	0.0000
2670	Spectrogram 1	1	2712.250000	2712.750000	0	0	20	cluster_20	1.0000
2671	Spectrogram 1	1	2712.500000	2713.500000	0	0	18	cluster_18	0.9368
2672	Spectrogram 1	1	2713.250000	2713.750000	0	0	17	cluster_17	1.0000
2673	Spectrogram 1	1	2713.500000	2714.000000	0	0	19	cluster_19	0.9817
2674	Spectrogram 1	1	2713.750000	2714.250000	0	0	20	cluster_20	0.9761
2675	Spectrogram 1	1	2714.000000	2714.500000	0	0	noise	cluster_noise	0.0000
2676	Spectrogram 1	1	2714.250000	2715.000000	0	0	18	cluster_18	1.0000
2677	Spectrogram 1	1	2714.750000	2716.000000	0	0	noise	cluster_noise	0.0000
2678	Spectrogram 1	1	2715.750000	2716.500000	0	0	18	cluster_18	0.9232
2679	Spectrogram 1	1	2716.250000	2717.250000	0	0	noise	cluster_noise	0.0000
2680	Spectrogram 1	1	2717.000000	2717.750000	0	0	18	cluster_18	0.9400
2681	Spectrogram 1	1	2717.500000	2718.000000	0	0	17	cluster_17	1.0000
2682	Spectrogram 1	1	2717.750000	2718.250000	0	0	noise	cluster_noise	0.0000
2683	Spectrogram 1	1	2718.000000	2718.750000	0	0	18	cluster_18	0.8274
2684	Spectrogram 1	1	2718.500000	2719.500000	0	0	noise	cluster_noise	0.0000
2685	Spectrogram 1	1	2719.250000	2720.000000	0	0	20	cluster_20	1.0000
2686	Spectrogram 1	1	2719.750000	2720.500000	0	0	noise	cluster_noise	0.0000
2687	Spectrogram 1	1	2720.250000	2723.750000	0	0	5	cluster_5	0.9939
2688	Spectrogram 1	1	2723.500000	2724.000000	0	0	22	cluster_22	0.7066
2689	Spectrogram 1	1	2723.750000	2724.250000	0	0	noise	cluster_noise	0.0000
2690	Spectrogram 1	1	2724.000000	2724.500000	0	0	26	cluster_26	0.8309
2691	Spectrogram 1	1	2724.250000	2725.750000	0	0	noise	cluster_noise	0.0000
2692	Spectrogram 1	1	2725.500000	2726.000000	0	0	9	cluster_9	0.8590
2693	Spectrogram 1	1	2725.750000	2726.750000	0	0	noise	cluster_noise	0.0000
2694	Spectrogram 1	1	2726.500000	2727.000000	0	0	9	cluster_9	0.7448
2695	Spectrogram 1	1	2726.750000	2729.750000	0	0	noise	cluster_noise	0.0000
2696	Spectrogram 1	1	2729.500000	2730.000000	0	0	19	cluster_19	1.0000
2697	Spectrogram 1	1	2729.750000	2730.500000	0	0	18	cluster_18	0.9606
2698	Spectrogram 1	1	2730.250000	2730.750000	0	0	17	cluster_17	1.0000
2699	Spectrogram 1	1	2730.500000	2734.000000	0	0	noise	cluster_noise	0.0000
2700	Spectrogram 1	1	2733.750000	2737.500000	0	0	5	cluster_5	0.9991
2701	Spectrogram 1	1	2737.250000	2740.000000	0	0	noise	cluster_noise	0.0000
2702	Spectrogram 1	1	2739.750000	2740.500000	0	0	4	cluster_4	0.5307
2703	Spectrogram 1	1	2743.000000	2744.750000	0	0	noise	cluster_noise	0.0000
2704	Spectrogram 1	1	2744.500000	2745.000000	0	0	13	cluster_13	0.4681
2705	Spectrogram 1	1	2744.750000	2746.000000	0	0	noise	cluster_noise	0.0000
2706	Spectrogram 1	1	2745.750000	2746.250000	0	0	11	cluster_11	0.7572
2707	Spectrogram 1	1	2746.000000	2746.500000	0	0	noise	cluster_noise	0.0000
2708	Spectrogram 1	1	2746.250000	2747.000000	0	0	13	cluster_13	0.7418
2709	Spectrogram 1	1	2746.750000	2747.250000	0	0	noise	cluster_noise	0.0000
2710	Spectrogram 1	1	2747.000000	2747.750000	0	0	9	cluster_9	0.9525
2711	Spectrogram 1	1	2747.500000	2748.750000	0	0	noise	cluster_noise	0.0000
2712	Spectrogram 1	1	2748.500000	2749.000000	0	0	13	cluster_13	0.9141
2713	Spectrogram 1	1	2748.750000	2749.250000	0	0	noise	cluster_noise	0.0000
2714	Spectrogram 1	1	2749.000000	2749.500000	0	0	25	cluster_25	0.7345
2715	Spectrogram 1	1	2749.250000	2749.750000	0	0	9	cluster_9	0.8897
2716	Spectrogram 1	1	2749.500000	2750.500000	0	0	noise	cluster_noise	0.0000
2717	Spectrogram 1	1	2750.250000	2750.750000	0	0	13	cluster_13	0.9077
2718	Spectrogram 1	1	2750.500000	2751.250000	0	0	noise	cluster_noise	0.0000
2719	Spectrogram 1	1	2751.000000	2751.500000	0	0	9	cluster_9	1.0000
2720	Spectrogram 1	1	2752.000000	2752.500000	0	0	13	cluster_13	0.8604
2721	Spectrogram 1	1	2752.250000	2753.000000	0	0	noise	cluster_noise	0.0000
2722	Spectrogram 1	1	2752.750000	2753.500000	0	0	9	cluster_9	0.9935
2723	Spectrogram 1	1	2753.250000	2755.000000	0	0	noise	cluster_noise	0.0000
2724	Spectrogram 1	1	2754.750000	2755.750000	0	0	4	cluster_4	0.7484
2725	Spectrogram 1	1	2755.500000	2758.500000	0	0	noise	cluster_noise	0.0000
2726	Spectrogram 1	1	2758.250000	2759.750000	0	0	4	cluster_4	0.9479
2727	Spectrogram 1	1	2759.500000	2760.250000	0	0	noise	cluster_noise	0.0000
2728	Spectrogram 1	1	2760.000000	2760.500000	0	0	15	cluster_15	0.9542
2729	Spectrogram 1	1	2760.250000	2761.500000	0	0	noise	cluster_noise	0.0000
2730	Spectrogram 1	1	2761.250000	2761.750000	0	0	13	cluster_13	0.9825
2731	Spectrogram 1	1	2761.500000	2763.250000	0	0	noise	cluster_noise	0.0000
2732	Spectrogram 1	1	2763.000000	2763.750000	0	0	13	cluster_13	0.9625
2733	Spectrogram 1	1	2763.500000	2765.250000	0	0	noise	cluster_noise	0.0000
2734	Spectrogram 1	1	2765.000000	2765.500000	0	0	13	cluster_13	1.0000
2735	Spectrogram 1	1	2768.000000	2769.000000	0	0	noise	cluster_noise	0.0000
2736	Spectrogram 1	1	2768.750000	2769.250000	0	0	13	cluster_13	1.0000
2737	Spectrogram 1	1	2769.000000	2769.500000	0	0	noise	cluster_noise	0.0000
2738	Spectrogram 1	1	2769.250000	2770.000000	0	0	17	cluster_17	0.9404
2739	Spectrogram 1	1	2769.750000	2772.000000	0	0	noise	cluster_noise	0.0000
2740	Spectrogram 1	1	2771.750000	2772.750000	0	0	4	cluster_4	0.9371
2741	Spectrogram 1	1	2772.500000	2773.500000	0	0	noise	cluster_noise	0.0000
2742	Spectrogram 1	1	2773.250000	2773.750000	0	0	15	cluster_15	1.0000
2743	Spectrogram 1	1	2773.500000	2774.000000	0	0	noise	cluster_noise	0.0000
2744	Spectrogram 1	1	2773.750000	2774.500000	0	0	11	cluster_11	0.7927
2745	Spectrogram 1	1	2774.250000	2775.500000	0	0	noise	cluster_noise	0.0000
2746	Spectrogram 1	1	2775.250000	2776.500000	0	0	4	cluster_4	0.9033
2747	Spectrogram 1	1	2776.250000	2778.250000	0	0	noise	cluster_noise	0.0000
2748	Spectrogram 1	1	2778.000000	2778.750000	0	0	13	cluster_13	0.7309
2749	Spectrogram 1	1	2778.500000	2779.000000	0	0	noise	cluster_noise	0.0000
2750	Spectrogram 1	1	2778.750000	2779.500000	0	0	9	cluster_9	0.9908
2751	Spectrogram 1	1	2779.250000	2780.000000	0	0	noise	cluster_noise	0.0000
2752	Spectrogram 1	1	2779.750000	2780.500000	0	0	13	cluster_13	0.7346
2753	Spectrogram 1	1	2780.250000	2780.750000	0	0	3	cluster_3	1.0000
2754	Spectrogram 1	1	2780.500000	2781.000000	0	0	noise	cluster_noise	0.0000
2755	Spectrogram 1	1	2780.750000	2781.500000	0	0	9	cluster_9	0.9930
2756	Spectrogram 1	1	2781.250000	2781.750000	0	0	noise	cluster_noise	0.0000
2757	Spectrogram 1	1	2781.500000	2782.000000	0	0	13	cluster_13	0.8529
2758	Spectrogram 1	1	2781.750000	2782.250000	0	0	noise	cluster_noise	0.0000
2759	Spectrogram 1	1	2782.000000	2782.500000	0	0	24	cluster_24	0.9199
2760	Spectrogram 1	1	2782.250000	2784.000000	0	0	noise	cluster_noise	0.0000
2761	Spectrogram 1	1	2783.750000	2784.250000	0	0	13	cluster_13	0.5994
2762	Spectrogram 1	1	2784.000000	2784.500000	0	0	3	cluster_3	1.0000
2763	Spectrogram 1	1	2786.000000	2786.500000	0	0	noise	cluster_noise	0.0000
2764	Spectrogram 1	1	2786.250000	2787.000000	0	0	12	cluster_12	0.8697
2765	Spectrogram 1	1	2786.750000	2787.750000	0	0	noise	cluster_noise	0.0000
2766	Spectrogram 1	1	2787.500000	2788.000000	0	0	13	cluster_13	0.5376
2767	Spectrogram 1	1	2787.750000	2788.250000	0	0	3	cluster_3	1.0000
2768	Spectrogram 1	1	2788.000000	2788.500000	0	0	noise	cluster_noise	0.0000
2769	Spectrogram 1	1	2788.250000	2788.750000	0	0	12	cluster_12	1.0000
2770	Spectrogram 1	1	2788.500000	2789.000000	0	0	3	cluster_3	1.0000
2771	Spectrogram 1	1	2788.750000	2789.250000	0	0	noise	cluster_noise	0.0000
2772	Spectrogram 1	1	2789.000000	2789.500000	0	0	11	cluster_11	0.8807
2773	Spectrogram 1	1	2789.250000	2790.000000	0	0	noise	cluster_noise	0.0000
2774	Spectrogram 1	1	2789.750000	2790.250000	0	0	24	cluster_24	1.0000
2775	Spectrogram 1	1	2790.000000	2791.000000	0	0	noise	cluster_noise	0.0000
2776	Spectrogram 1	1	2790.750000	2791.500000	0	0	4	cluster_4	0.8986
2777	Spectrogram 1	1	2791.250000	2792.000000	0	0	noise	cluster_noise	0.0000
2778	Spectrogram 1	1	2791.750000	2792.250000	0	0	15	cluster_15	1.0000
2779	Spectrogram 1	1	2792.000000	2792.500000	0	0	noise	cluster_noise	0.0000
2780	Spectrogram 1	1	2792.250000	2792.750000	0	0	11	cluster_11	0.7181
2781	Spectrogram 1	1	2792.500000	2793.500000	0	0	noise	cluster_noise	0.0000
2782	Spectrogram 1	1	2793.250000	2793.750000	0	0	11	cluster_11	0.8438
2783	Spectrogram 1	1	2793.500000	2794.250000	0	0	noise	cluster_noise	0.0000
2784	Spectrogram 1	1	2794.000000	2795.250000	0	0	4	cluster_4	0.9573
2785	Spectrogram 1	1	2795.000000	2795.500000	0	0	noise	cluster_noise	0.0000
2786	Spectrogram 1	1	2795.250000	2795.750000	0	0	11	cluster_11	0.7933
2787	Spectrogram 1	1	2795.500000	2796.750000	0	0	noise	cluster_noise	0.0000
2788	Spectrogram 1	1	2796.500000	2797.000000	0	0	13	cluster_13	0.4756
2789	Spectrogram 1	1	2796.750000	2798.250000	0	0	noise	cluster_noise	0.0000
2790	Spectrogram 1	1	2798.000000	2798.500000	0	0	13	cluster_13	1.0000
2791	Spectrogram 1	1	2801.000000	2802.000000	0	0	noise	cluster_noise	0.0000
2792	Spectrogram 1	1	2801.750000	2802.250000	0	0	13	cluster_13	0.5129
2793	Spectrogram 1	1	2802.000000	2803.000000	0	0	noise	cluster_noise	0.0000
2794	Spectrogram 1	1	2802.750000	2803.250000	0	0	3	cluster_3	1.0000
2795	Spectrogram 1	1	2803.000000	2803.750000	0	0	noise	cluster_noise	0.0000
2796	Spectrogram 1	1	2803.500000	2804.000000	0	0	17	cluster_17	1.0000
2797	Spectrogram 1	1	2803.750000	2804.500000	0	0	noise	cluster_noise	0.0000
2798	Spectrogram 1	1	2804.250000	2805.000000	0	0	12	cluster_12	0.8325
2799	Spectrogram 1	1	2804.750000	2805.250000	0	0	3	cluster_3	1.0000
2800	Spectrogram 1	1	2805.000000	2805.500000	0	0	noise	cluster_noise	0.0000
2801	Spectrogram 1	1	2805.250000	2805.750000	0	0	12	cluster_12	0.8138
2802	Spectrogram 1	1	2805.500000	2806.000000	0	0	3	cluster_3	1.0000
2803	Spectrogram 1	1	2805.750000	2806.500000	0	0	noise	cluster_noise	0.0000
2804	Spectrogram 1	1	2806.250000	2806.750000	0	0	13	cluster_13	0.5750
2805	Spectrogram 1	1	2806.500000	2807.000000	0	0	noise	cluster_noise	0.0000
2806	Spectrogram 1	1	2806.750000	2807.250000	0	0	3	cluster_3	1.0000
2807	Spectrogram 1	1	2807.000000	2807.750000	0	0	12	cluster_12	1.0000
2808	Spectrogram 1	1	2807.500000	2808.750000	0	0	noise	cluster_noise	0.0000
2809	Spectrogram 1	1	2808.500000	2809.000000	0	0	11	cluster_11	0.7960
2810	Spectrogram 1	1	2808.750000	2809.750000	0	0	noise	cluster_noise	0.0000
2811	Spectrogram 1	1	2809.500000	2810.000000	0	0	13	cluster_13	0.4923
2812	Spectrogram 1	1	2809.750000	2810.250000	0	0	noise	cluster_noise	0.0000
2813	Spectrogram 1	1	2810.000000	2810.500000	0	0	3	cluster_3	1.0000
2814	Spectrogram 1	1	2810.250000	2810.750000	0	0	9	cluster_9	0.8033
2815	Spectrogram 1	1	2810.500000	2812.500000	0	0	noise	cluster_noise	0.0000
2816	Spectrogram 1	1	2812.250000	2812.750000	0	0	13	cluster_13	0.7001
2817	Spectrogram 1	1	2812.500000	2813.000000	0	0	noise	cluster_noise	0.0000
2818	Spectrogram 1	1	2812.750000	2813.250000	0	0	3	cluster_3	1.0000
2819	Spectrogram 1	1	2813.000000	2814.250000	0	0	noise	cluster_noise	0.0000
2820	Spectrogram 1	1	2814.000000	2814.750000	0	0	11	cluster_11	0.9114
2821	Spectrogram 1	1	2814.500000	2815.000000	0	0	noise	cluster_noise	0.0000
2822	Spectrogram 1	1	2814.750000	2815.250000	0	0	13	cluster_13	0.8352
2823	Spectrogram 1	1	2815.000000	2815.500000	0	0	noise	cluster_noise	0.0000
2824	Spectrogram 1	1	2815.250000	2815.750000	0	0	3	cluster_3	1.0000
2825	Spectrogram 1	1	2815.500000	2816.250000	0	0	noise	cluster_noise	0.0000
2826	Spectrogram 1	1	2816.000000	2816.500000	0	0	9	cluster_9	0.7259
2827	Spectrogram 1	1	2816.250000	2816.750000	0	0	noise	cluster_noise	0.0000
2828	Spectrogram 1	1	2816.500000	2818.000000	0	0	7	cluster_7	0.8203
2829	Spectrogram 1	1	2817.750000	2819.500000	0	0	noise	cluster_noise	0.0000
2830	Spectrogram 1	1	2819.250000	2820.500000	0	0	7	cluster_7	0.8353
2831	Spectrogram 1	1	2820.250000	2822.250000	0	0	noise	cluster_noise	0.0000
2832	Spectrogram 1	1	2822.000000	2824.000000	0	0	7	cluster_7	0.9397
2833	Spectrogram 1	1	2823.750000	2825.000000	0	0	noise	cluster_noise	0.0000
2834	Spectrogram 1	1	2824.750000	2829.000000	0	0	7	cluster_7	0.8772
2835	Spectrogram 1	1	2828.750000	2830.000000	0	0	11	cluster_11	0.8930
2836	Spectrogram 1	1	2829.750000	2831.250000	0	0	3	cluster_3	0.9790
2837	Spectrogram 1	1	2831.000000	2832.250000	0	0	noise	cluster_noise	0.0000
2838	Spectrogram 1	1	2832.000000	2832.750000	0	0	11	cluster_11	0.7669
2839	Spectrogram 1	1	2832.500000	2834.000000	0	0	3	cluster_3	0.9437
2840	Spectrogram 1	1	2833.750000	2834.500000	0	0	noise	cluster_noise	0.0000
2841	Spectrogram 1	1	2834.250000	2835.000000	0	0	11	cluster_11	0.8605
2842	Spectrogram 1	1	2834.750000	2835.500000	0	0	noise	cluster_noise	0.0000
2843	Spectrogram 1	1	2835.250000	2836.250000	0	0	3	cluster_3	1.0000
2844	Spectrogram 1	1	2836.000000	2836.500000	0	0	noise	cluster_noise	0.0000
2845	Spectrogram 1	1	2836.250000	2837.000000	0	0	3	cluster_3	1.0000
2846	Spectrogram 1	1	2836.750000	2837.250000	0	0	noise	cluster_noise	0.0000
2847	Spectrogram 1	1	2837.000000	2837.500000	0	0	11	cluster_11	0.9585
2848	Spectrogram 1	1	2837.250000	2838.500000	0	0	noise	cluster_noise	0.0000
2849	Spectrogram 1	1	2838.250000	2839.000000	0	0	3	cluster_3	0.9345
2850	Spectrogram 1	1	2838.750000	2839.250000	0	0	11	cluster_11	0.9956
2851	Spectrogram 1	1	2839.000000	2840.000000	0	0	noise	cluster_noise	0.0000
2852	Spectrogram 1	1	2839.750000	2841.000000	0	0	7	cluster_7	0.9581
2853	Spectrogram 1	1	2840.750000	2841.250000	0	0	17	cluster_17	1.0000
2854	Spectrogram 1	1	2841.000000	2842.250000	0	0	noise	cluster_noise	0.0000
2855	Spectrogram 1	1	2842.000000	2844.250000	0	0	7	cluster_7	0.9660
2856	Spectrogram 1	1	2844.000000	2845.500000	0	0	noise	cluster_noise	0.0000
2857	Spectrogram 1	1	2845.250000	2849.750000	0	0	7	cluster_7	0.8728
2858	Spectrogram 1	1	2849.500000	2850.250000	0	0	noise	cluster_noise	0.0000
2859	Spectrogram 1	1	2850.000000	2850.500000	0	0	5	cluster_5	1.0000
2860	Spectrogram 1	1	2851.000000	2851.500000	0	0	3	cluster_3	1.0000
2861	Spectrogram 1	1	2851.250000	2853.000000	0	0	noise	cluster_noise	0.0000
2862	Spectrogram 1	1	2852.750000	2854.750000	0	0	3	cluster_3	1.0000
2863	Spectrogram 1	1	2854.500000	2855.000000	0	0	noise	cluster_noise	0.0000
2864	Spectrogram 1	1	2854.750000	2855.250000	0	0	11	cluster_11	0.7931
2865	Spectrogram 1	1	2855.000000	2855.750000	0	0	noise	cluster_noise	0.0000
2866	Spectrogram 1	1	2855.500000	2856.000000	0	0	11	cluster_11	0.7514
2867	Spectrogram 1	1	2855.750000	2857.500000	0	0	3	cluster_3	1.0000
2868	Spectrogram 1	1	2857.250000	2858.500000	0	0	noise	cluster_noise	0.0000
2869	Spectrogram 1	1	2865.000000	2869.250000	0	0	3	cluster_3	1.0000
2870	Spectrogram 1	1	2869.000000	2869.500000	0	0	noise	cluster_noise	0.0000
2871	Spectrogram 1	1	2872.000000	2873.250000	0	0	3	cluster_3	1.0000
2872	Spectrogram 1	1	2873.000000	2873.500000	0	0	11	cluster_11	0.7368
2873	Spectrogram 1	1	2877.000000	2877.750000	0	0	noise	cluster_noise	0.0000
2874	Spectrogram 1	1	2877.500000	2878.000000	0	0	21	cluster_21	0.8005
2875	Spectrogram 1	1	2877.750000	2878.500000	0	0	noise	cluster_noise	0.0000
2876	Spectrogram 1	1	2888.000000	2891.000000	0	0	3	cluster_3	1.0000
2877	Spectrogram 1	1	2890.750000	2891.500000	0	0	noise	cluster_noise	0.0000
2878	Spectrogram 1	1	2901.000000	2901.750000	0	0	3	cluster_3	1.0000
2879	Spectrogram 1	1	2901.500000	2902.000000	0	0	noise	cluster_noise	0.0000
2880	Spectrogram 1	1	2901.750000	2904.000000	0	0	3	cluster_3	0.9954
2881	Spectrogram 1	1	2903.750000	2904.250000	0	0	noise	cluster_noise	0.0000
2882	Spectrogram 1	1	2904.000000	2904.750000	0	0	24	cluster_24	0.9296
2883	Spectrogram 1	1	2904.500000	2905.000000	0	0	noise	cluster_noise	0.0000
2884	Spectrogram 1	1	2904.750000	2905.250000	0	0	26	cluster_26	0.8336
2885	Spectrogram 1	1	2905.000000	2905.750000	0	0	noise	cluster_noise	0.0000
2886	Spectrogram 1	1	2905.500000	2906.500000	0	0	2	cluster_2	1.0000
2887	Spectrogram 1	1	2918.000000	2918.500000	0	0	3	cluster_3	1.0000
2888	Spectrogram 1	1	2918.250000	2918.750000	0	0	2	cluster_2	0.7674
2889	Spectrogram 1	1	2918.500000	2919.250000	0	0	3	cluster_3	0.9050
2890	Spectrogram 1	1	2919.000000	2919.500000	0	0	noise	cluster_noise	0.0000
2891	Spectrogram 1	1	2919.250000	2920.750000	0	0	2	cluster_2	0.9409
2892	Spectrogram 1	1	2920.500000	2921.000000	0	0	noise	cluster_noise	0.0000
2893	Spectrogram 1	1	2920.750000	2921.750000	0	0	2	cluster_2	1.0000
2894	Spectrogram 1	1	2921.500000	2923.000000	0	0	noise	cluster_noise	0.0000
2895	Spectrogram 1	1	2922.750000	2923.500000	0	0	5	cluster_5	0.9842
2896	Spectrogram 1	1	2932.000000	2932.500000	0	0	2	cluster_2	1.0000
2897	Spectrogram 1	1	2932.250000	2932.750000	0	0	3	cluster_3	1.0000
2898	Spectrogram 1	1	2932.500000	2933.250000	0	0	noise	cluster_noise	0.0000
2899	Spectrogram 1	1	2933.000000	2934.500000	0	0	2	cluster_2	0.9832
2900	Spectrogram 1	1	2934.250000	2937.000000	0	0	noise	cluster_noise	0.0000
2901	Spectrogram 1	1	2936.750000	2937.500000	0	0	5	cluster_5	0.9911
2902	Spectrogram 1	1	2944.000000	2944.750000	0	0	2	cluster_2	1.0000
2903	Spectrogram 1	1	2944.500000	2946.000000	0	0	noise	cluster_noise	0.0000
2904	Spectrogram 1	1	2945.750000	2946.250000	0	0	9	cluster_9	0.8178
2905	Spectrogram 1	1	2946.000000	2947.250000	0	0	2	cluster_2	1.0000
2906	Spectrogram 1	1	2947.000000	2949.500000	0	0	noise	cluster_noise	0.0000
2907	Spectrogram 1	1	2949.250000	2951.000000	0	0	5	cluster_5	0.9819
2908	Spectrogram 1	1	2950.750000	2951.750000	0	0	noise	cluster_noise	0.0000
2909	Spectrogram 1	1	2951.500000	2952.250000	0	0	11	cluster_11	0.8304
2910	Spectrogram 1	1	2952.000000	2953.000000	0	0	noise	cluster_noise	0.0000
2911	Spectrogram 1	1	2952.750000	2953.750000	0	0	11	cluster_11	0.7955
2912	Spectrogram 1	1	2953.500000	2954.500000	0	0	3	cluster_3	1.0000
2913	Spectrogram 1	1	2957.000000	2957.500000	0	0	2	cluster_2	1.0000
2914	Spectrogram 1	1	2957.250000	2958.250000	0	0	3	cluster_3	1.0000
2915	Spectrogram 1	1	2958.000000	2958.500000	0	0	24	cluster_24	0.9823
2916	Spectrogram 1	1	2958.250000	2959.500000	0	0	noise	cluster_noise	0.0000
2917	Spectrogram 1	1	2959.250000	2959.750000	0	0	9	cluster_9	0.8100
2918	Spectrogram 1	1	2959.500000	2960.000000	0	0	5	cluster_5	1.0000
2919	Spectrogram 1	1	2959.750000	2961.000000	0	0	2	cluster_2	0.8633
2920	Spectrogram 1	1	2960.750000	2963.000000	0	0	noise	cluster_noise	0.0000
2921	Spectrogram 1	1	2962.750000	2964.750000	0	0	5	cluster_5	0.9946
2922	Spectrogram 1	1	2964.500000	2965.000000	0	0	noise	cluster_noise	0.0000
2923	Spectrogram 1	1	2964.750000	2965.500000	0	0	5	cluster_5	1.0000
2924	Spectrogram 1	1	2965.250000	2967.000000	0	0	noise	cluster_noise	0.0000
2925	Spectrogram 1	1	2966.750000	2968.000000	0	0	3	cluster_3	1.0000
2926	Spectrogram 1	1	2967.750000	2968.250000	0	0	noise	cluster_noise	0.0000
2927	Spectrogram 1	1	2968.000000	2968.500000	0	0	3	cluster_3	1.0000
2928	Spectrogram 1	1	2970.000000	2971.000000	0	0	11	cluster_11	0.8132
2929	Spectrogram 1	1	2970.750000	2971.250000	0	0	noise	cluster_noise	0.0000
2930	Spectrogram 1	1	2971.000000	2971.750000	0	0	5	cluster_5	1.0000
2931	Spectrogram 1	1	2971.500000	2972.250000	0	0	noise	cluster_noise	0.0000
2932	Spectrogram 1	1	2972.000000	2972.500000	0	0	3	cluster_3	0.8621
2933	Spectrogram 1	1	2972.250000	2972.750000	0	0	noise	cluster_noise	0.0000
2934	Spectrogram 1	1	2972.500000	2973.250000	0	0	5	cluster_5	0.9989
2935	Spectrogram 1	1	2973.000000	2974.500000	0	0	noise	cluster_noise	0.0000
2936	Spectrogram 1	1	2974.250000	2975.000000	0	0	11	cluster_11	0.8367
2937	Spectrogram 1	1	2974.750000	2975.500000	0	0	noise	cluster_noise	0.0000
2938	Spectrogram 1	1	2975.250000	2975.750000	0	0	9	cluster_9	0.8669
2939	Spectrogram 1	1	2975.500000	2977.750000	0	0	5	cluster_5	1.0000
2940	Spectrogram 1	1	2977.500000	2978.000000	0	0	22	cluster_22	0.7957
2941	Spectrogram 1	1	2977.750000	2978.250000	0	0	noise	cluster_noise	0.0000
2942	Spectrogram 1	1	2978.000000	2978.750000	0	0	3	cluster_3	0.9458
2943	Spectrogram 1	1	2978.500000	2979.000000	0	0	noise	cluster_noise	0.0000
2944	Spectrogram 1	1	2978.750000	2979.250000	0	0	3	cluster_3	1.0000
2945	Spectrogram 1	1	2979.000000	2980.250000	0	0	noise	cluster_noise	0.0000
2946	Spectrogram 1	1	2980.000000	2980.500000	0	0	24	cluster_24	0.8304
2947	Spectrogram 1	1	2980.250000	2981.000000	0	0	11	cluster_11	0.8193
2948	Spectrogram 1	1	2980.750000	2981.250000	0	0	noise	cluster_noise	0.0000
2949	Spectrogram 1	1	2981.000000	2981.500000	0	0	11	cluster_11	0.7823
2950	Spectrogram 1	1	2981.250000	2981.750000	0	0	noise	cluster_noise	0.0000
2951	Spectrogram 1	1	2981.500000	2982.500000	0	0	24	cluster_24	0.9786
2952	Spectrogram 1	1	2982.250000	2983.500000	0	0	noise	cluster_noise	0.0000
2953	Spectrogram 1	1	2983.250000	2983.750000	0	0	9	cluster_9	0.8420
2954	Spectrogram 1	1	2983.500000	2984.000000	0	0	noise	cluster_noise	0.0000
2955	Spectrogram 1	1	2983.750000	2984.250000	0	0	24	cluster_24	0.8847
2956	Spectrogram 1	1	2984.000000	2984.500000	0	0	noise	cluster_noise	0.0000
2957	Spectrogram 1	1	2984.250000	2984.750000	0	0	24	cluster_24	0.9051
2958	Spectrogram 1	1	2984.500000	2985.000000	0	0	noise	cluster_noise	0.0000
2959	Spectrogram 1	1	2984.750000	2985.500000	0	0	24	cluster_24	0.8823
2960	Spectrogram 1	1	2985.250000	2986.000000	0	0	noise	cluster_noise	0.0000
2961	Spectrogram 1	1	2985.750000	2986.250000	0	0	24	cluster_24	0.9790
2962	Spectrogram 1	1	2986.000000	2986.750000	0	0	11	cluster_11	0.8171
2963	Spectrogram 1	1	2986.500000	2987.250000	0	0	noise	cluster_noise	0.0000
2964	Spectrogram 1	1	2987.000000	2989.750000	0	0	5	cluster_5	0.9000
2965	Spectrogram 1	1	2989.500000	2990.250000	0	0	noise	cluster_noise	0.0000
2966	Spectrogram 1	1	2990.000000	2991.750000	0	0	3	cluster_3	1.0000
2967	Spectrogram 1	1	2991.500000	2992.750000	0	0	noise	cluster_noise	0.0000
2968	Spectrogram 1	1	2992.500000	2993.000000	0	0	5	cluster_5	0.8072
2969	Spectrogram 1	1	2992.750000	2993.250000	0	0	noise	cluster_noise	0.0000
2970	Spectrogram 1	1	2993.000000	2993.750000	0	0	11	cluster_11	0.8392
2971	Spectrogram 1	1	2993.500000	2994.500000	0	0	noise	cluster_noise	0.0000
2972	Spectrogram 1	1	2994.250000	2995.000000	0	0	5	cluster_5	1.0000
2973	Spectrogram 1	1	2994.750000	2995.500000	0	0	noise	cluster_noise	0.0000
2974	Spectrogram 1	1	2995.250000	2996.250000	0	0	5	cluster_5	0.9233
2975	Spectrogram 1	1	2996.000000	2996.500000	0	0	noise	cluster_noise	0.0000
2976	Spectrogram 1	1	2998.000000	2998.500000	0	0	24	cluster_24	0.8505
2977	Spectrogram 1	1	2998.250000	3000.250000	0	0	5	cluster_5	1.0000
2978	Spectrogram 1	1	3000.000000	3001.500000	0	0	noise	cluster_noise	0.0000
2979	Spectrogram 1	1	3001.250000	3002.250000	0	0	3	cluster_3	1.0000
2980	Spectrogram 1	1	3002.000000	3002.500000	0	0	24	cluster_24	0.8914
2981	Spectrogram 1	1	3002.250000	3003.250000	0	0	noise	cluster_noise	0.0000
2982	Spectrogram 1	1	3003.000000	3003.750000	0	0	11	cluster_11	0.7485
2983	Spectrogram 1	1	3003.500000	3004.000000	0	0	noise	cluster_noise	0.0000
2984	Spectrogram 1	1	3003.750000	3004.250000	0	0	21	cluster_21	0.7577
2985	Spectrogram 1	1	3004.000000	3004.500000	0	0	noise	cluster_noise	0.0000
2986	Spectrogram 1	1	3004.250000	3005.250000	0	0	24	cluster_24	0.9948
2987	Spectrogram 1	1	3005.000000	3006.000000	0	0	noise	cluster_noise	0.0000
2988	Spectrogram 1	1	3005.750000	3006.250000	0	0	3	cluster_3	1.0000
2989	Spectrogram 1	1	3006.000000	3010.500000	0	0	noise	cluster_noise	0.0000
2990	Spectrogram 1	1	3010.250000	3011.500000	0	0	5	cluster_5	1.0000
2991	Spectrogram 1	1	3014.000000	3014.750000	0	0	noise	cluster_noise	0.0000
2992	Spectrogram 1	1	3014.500000	3015.500000	0	0	3	cluster_3	0.9232
2993	Spectrogram 1	1	3015.250000	3015.750000	0	0	11	cluster_11	0.9209
2994	Spectrogram 1	1	3015.500000	3017.250000	0	0	noise	cluster_noise	0.0000
2995	Spectrogram 1	1	3017.000000	3017.750000	0	0	21	cluster_21	0.8426
2996	Spectrogram 1	1	3017.500000	3018.250000	0	0	11	cluster_11	0.8221
2997	Spectrogram 1	1	3018.000000	3018.750000	0	0	noise	cluster_noise	0.0000
2998	Spectrogram 1	1	3018.500000	3019.000000	0	0	5	cluster_5	0.8840
2999	Spectrogram 1	1	3018.750000	3021.750000	0	0	noise	cluster_noise	0.0000
3000	Spectrogram 1	1	3021.500000	3022.250000	0	0	24	cluster_24	1.0000
3001	Spectrogram 1	1	3022.000000	3023.000000	0	0	11	cluster_11	0.7913
3002	Spectrogram 1	1	3022.750000	3023.250000	0	0	noise	cluster_noise	0.0000
3003	Spectrogram 1	1	3023.000000	3023.500000	0	0	11	cluster_11	0.7444
3004	Spectrogram 1	1	3023.250000	3024.000000	0	0	noise	cluster_noise	0.0000
3005	Spectrogram 1	1	3023.750000	3025.250000	0	0	5	cluster_5	0.9651
3006	Spectrogram 1	1	3025.000000	3026.000000	0	0	noise	cluster_noise	0.0000
3007	Spectrogram 1	1	3025.750000	3026.250000	0	0	11	cluster_11	0.8911
3008	Spectrogram 1	1	3026.000000	3026.750000	0	0	3	cluster_3	0.9719
3009	Spectrogram 1	1	3026.500000	3027.000000	0	0	noise	cluster_noise	0.0000
3010	Spectrogram 1	1	3026.750000	3027.250000	0	0	11	cluster_11	1.0000
3011	Spectrogram 1	1	3027.000000	3027.750000	0	0	3	cluster_3	1.0000
3012	Spectrogram 1	1	3027.500000	3028.500000	0	0	11	cluster_11	0.9010
3013	Spectrogram 1	1	3028.250000	3028.750000	0	0	noise	cluster_noise	0.0000
3014	Spectrogram 1	1	3028.500000	3029.000000	0	0	11	cluster_11	0.8019
3015	Spectrogram 1	1	3028.750000	3029.250000	0	0	noise	cluster_noise	0.0000
3016	Spectrogram 1	1	3029.000000	3030.250000	0	0	11	cluster_11	0.9738
3017	Spectrogram 1	1	3030.000000	3030.750000	0	0	noise	cluster_noise	0.0000
3018	Spectrogram 1	1	3030.500000	3031.000000	0	0	11	cluster_11	0.7450
3019	Spectrogram 1	1	3030.750000	3031.250000	0	0	noise	cluster_noise	0.0000
3020	Spectrogram 1	1	3031.000000	3031.500000	0	0	5	cluster_5	0.9062
3021	Spectrogram 1	1	3034.000000	3035.000000	0	0	11	cluster_11	0.9362
3022	Spectrogram 1	1	3034.750000	3035.250000	0	0	noise	cluster_noise	0.0000
3023	Spectrogram 1	1	3035.000000	3035.500000	0	0	11	cluster_11	0.7184
3024	Spectrogram 1	1	3035.250000	3035.750000	0	0	noise	cluster_noise	0.0000
3025	Spectrogram 1	1	3035.500000	3037.000000	0	0	5	cluster_5	0.9998
3026	Spectrogram 1	1	3036.750000	3037.500000	0	0	noise	cluster_noise	0.0000
3027	Spectrogram 1	1	3037.250000	3038.000000	0	0	21	cluster_21	0.8124
3028	Spectrogram 1	1	3037.750000	3038.250000	0	0	noise	cluster_noise	0.0000
3029	Spectrogram 1	1	3038.000000	3039.000000	0	0	3	cluster_3	0.8977
3030	Spectrogram 1	1	3038.750000	3039.750000	0	0	noise	cluster_noise	0.0000
3031	Spectrogram 1	1	3039.500000	3041.250000	0	0	24	cluster_24	0.9943
3032	Spectrogram 1	1	3041.000000	3042.750000	0	0	11	cluster_11	0.8108
3033	Spectrogram 1	1	3042.500000	3047.500000	0	0	noise	cluster_noise	0.0000
3034	Spectrogram 1	1	3047.250000	3047.750000	0	0	9	cluster_9	0.8095
3035	Spectrogram 1	1	3047.500000	3049.500000	0	0	5	cluster_5	0.9564
3036	Spectrogram 1	1	3049.250000	3050.000000	0	0	noise	cluster_noise	0.0000
3037	Spectrogram 1	1	3049.750000	3050.250000	0	0	5	cluster_5	0.8090
3038	Spectrogram 1	1	3050.000000	3050.500000	0	0	noise	cluster_noise	0.0000
3039	Spectrogram 1	1	3050.250000	3051.250000	0	0	3	cluster_3	0.9947
3040	Spectrogram 1	1	3051.000000	3053.250000	0	0	noise	cluster_noise	0.0000
3041	Spectrogram 1	1	3053.000000	3053.500000	0	0	11	cluster_11	0.8078
3042	Spectrogram 1	1	3053.250000	3054.250000	0	0	noise	cluster_noise	0.0000
3043	Spectrogram 1	1	3054.000000	3055.000000	0	0	11	cluster_11	0.8524
3044	Spectrogram 1	1	3054.750000	3056.500000	0	0	noise	cluster_noise	0.0000
3045	Spectrogram 1	1	3059.000000	3061.000000	0	0	5	cluster_5	0.9684
3046	Spectrogram 1	1	3060.750000	3061.250000	0	0	noise	cluster_noise	0.0000
3047	Spectrogram 1	1	3061.000000	3062.000000	0	0	3	cluster_3	0.9661
3048	Spectrogram 1	1	3061.750000	3062.250000	0	0	noise	cluster_noise	0.0000
3049	Spectrogram 1	1	3062.000000	3062.500000	0	0	11	cluster_11	0.8543
3050	Spectrogram 1	1	3062.250000	3062.750000	0	0	21	cluster_21	0.7464
3051	Spectrogram 1	1	3062.500000	3063.750000	0	0	3	cluster_3	0.9623
3052	Spectrogram 1	1	3063.500000	3064.000000	0	0	noise	cluster_noise	0.0000
3053	Spectrogram 1	1	3063.750000	3064.250000	0	0	21	cluster_21	0.9178
3054	Spectrogram 1	1	3064.000000	3065.000000	0	0	3	cluster_3	0.9758
3055	Spectrogram 1	1	3064.750000	3065.500000	0	0	noise	cluster_noise	0.0000
3056	Spectrogram 1	1	3065.250000	3065.750000	0	0	21	cluster_21	0.7794
3057	Spectrogram 1	1	3065.500000	3066.250000	0	0	11	cluster_11	0.8867
3058	Spectrogram 1	1	3066.000000	3066.750000	0	0	noise	cluster_noise	0.0000
3059	Spectrogram 1	1	3066.500000	3069.000000	0	0	5	cluster_5	1.0000
3060	Spectrogram 1	1	3068.750000	3069.500000	0	0	noise	cluster_noise	0.0000
3061	Spectrogram 1	1	3073.000000	3073.750000	0	0	3	cluster_3	0.8860
3062	Spectrogram 1	1	3073.500000	3074.000000	0	0	noise	cluster_noise	0.0000
3063	Spectrogram 1	1	3073.750000	3074.500000	0	0	21	cluster_21	0.8405
3064	Spectrogram 1	1	3074.250000	3075.500000	0	0	3	cluster_3	1.0000
3065	Spectrogram 1	1	3075.250000	3075.750000	0	0	noise	cluster_noise	0.0000
3066	Spectrogram 1	1	3075.500000	3076.000000	0	0	21	cluster_21	0.8432
3067	Spectrogram 1	1	3075.750000	3076.250000	0	0	noise	cluster_noise	0.0000
3068	Spectrogram 1	1	3076.000000	3076.750000	0	0	11	cluster_11	0.9402
3069	Spectrogram 1	1	3076.500000	3077.250000	0	0	noise	cluster_noise	0.0000
3070	Spectrogram 1	1	3077.000000	3077.500000	0	0	11	cluster_11	0.7267
3071	Spectrogram 1	1	3077.250000	3080.000000	0	0	5	cluster_5	0.9811
3072	Spectrogram 1	1	3079.750000	3081.000000	0	0	noise	cluster_noise	0.0000
3073	Spectrogram 1	1	3080.750000	3081.250000	0	0	11	cluster_11	0.8507
3074	Spectrogram 1	1	3081.000000	3081.500000	0	0	noise	cluster_noise	0.0000
3075	Spectrogram 1	1	3083.000000	3085.500000	0	0	5	cluster_5	0.9836
3076	Spectrogram 1	1	3085.250000	3085.750000	0	0	noise	cluster_noise	0.0000
3077	Spectrogram 1	1	3085.500000	3087.250000	0	0	5	cluster_5	0.9303
3078	Spectrogram 1	1	3087.000000	3087.500000	0	0	noise	cluster_noise	0.0000
3079	Spectrogram 1	1	3087.250000	3088.250000	0	0	5	cluster_5	1.0000
3080	Spectrogram 1	1	3088.000000	3089.250000	0	0	noise	cluster_noise	0.0000
3081	Spectrogram 1	1	3089.000000	3089.500000	0	0	9	cluster_9	0.7288
3082	Spectrogram 1	1	3089.250000	3089.750000	0	0	5	cluster_5	0.7934
3083	Spectrogram 1	1	3089.500000	3090.250000	0	0	noise	cluster_noise	0.0000
3084	Spectrogram 1	1	3090.000000	3090.500000	0	0	24	cluster_24	1.0000
3085	Spectrogram 1	1	3090.250000	3091.000000	0	0	3	cluster_3	0.9760
3086	Spectrogram 1	1	3090.750000	3092.000000	0	0	noise	cluster_noise	0.0000
3087	Spectrogram 1	1	3091.750000	3095.000000	0	0	5	cluster_5	0.9998
3088	Spectrogram 1	1	3094.750000	3096.250000	0	0	noise	cluster_noise	0.0000
3089	Spectrogram 1	1	3096.000000	3097.750000	0	0	5	cluster_5	1.0000
3090	Spectrogram 1	1	3097.500000	3098.000000	0	0	noise	cluster_noise	0.0000
3091	Spectrogram 1	1	3097.750000	3098.250000	0	0	5	cluster_5	1.0000
3092	Spectrogram 1	1	3098.000000	3098.750000	0	0	noise	cluster_noise	0.0000
3093	Spectrogram 1	1	3098.500000	3099.000000	0	0	19	cluster_19	0.9506
3094	Spectrogram 1	1	3098.750000	3099.250000	0	0	14	cluster_14	0.5245
3095	Spectrogram 1	1	3099.000000	3100.750000	0	0	noise	cluster_noise	0.0000
3096	Spectrogram 1	1	3100.500000	3101.250000	0	0	18	cluster_18	0.9590
3097	Spectrogram 1	1	3101.000000	3101.500000	0	0	noise	cluster_noise	0.0000
3098	Spectrogram 1	1	3101.250000	3101.750000	0	0	24	cluster_24	0.9159
3099	Spectrogram 1	1	3101.500000	3102.250000	0	0	noise	cluster_noise	0.0000
3100	Spectrogram 1	1	3102.000000	3102.500000	0	0	11	cluster_11	0.9956
3101	Spectrogram 1	1	3102.250000	3104.250000	0	0	noise	cluster_noise	0.0000
3102	Spectrogram 1	1	3104.000000	3104.750000	0	0	18	cluster_18	0.8747
3103	Spectrogram 1	1	3104.500000	3105.750000	0	0	noise	cluster_noise	0.0000
3104	Spectrogram 1	1	3105.500000	3106.500000	0	0	11	cluster_11	0.9451
3105	Spectrogram 1	1	3106.250000	3106.750000	0	0	noise	cluster_noise	0.0000
3106	Spectrogram 1	1	3106.500000	3109.250000	0	0	5	cluster_5	0.9942
3107	Spectrogram 1	1	3109.000000	3110.500000	0	0	noise	cluster_noise	0.0000
3108	Spectrogram 1	1	3110.250000	3111.000000	0	0	11	cluster_11	0.8574
3109	Spectrogram 1	1	3110.750000	3111.250000	0	0	noise	cluster_noise	0.0000
3110	Spectrogram 1	1	3111.000000	3111.750000	0	0	11	cluster_11	0.8103
3111	Spectrogram 1	1	3111.500000	3112.500000	0	0	18	cluster_18	0.9445
3112	Spectrogram 1	1	3112.250000	3112.750000	0	0	17	cluster_17	1.0000
3113	Spectrogram 1	1	3112.500000	3113.500000	0	0	noise	cluster_noise	0.0000
3114	Spectrogram 1	1	3113.250000	3113.750000	0	0	11	cluster_11	1.0000
3115	Spectrogram 1	1	3113.500000	3114.500000	0	0	18	cluster_18	0.9031
3116	Spectrogram 1	1	3114.250000	3114.750000	0	0	noise	cluster_noise	0.0000
3117	Spectrogram 1	1	3114.500000	3115.000000	0	0	11	cluster_11	0.7312
3118	Spectrogram 1	1	3114.750000	3115.500000	0	0	noise	cluster_noise	0.0000
3119	Spectrogram 1	1	3115.250000	3115.750000	0	0	18	cluster_18	0.7779
3120	Spectrogram 1	1	3115.500000	3116.250000	0	0	noise	cluster_noise	0.0000
3121	Spectrogram 1	1	3116.000000	3116.500000	0	0	17	cluster_17	1.0000
3122	Spectrogram 1	1	3116.250000	3116.750000	0	0	11	cluster_11	0.9517
3123	Spectrogram 1	1	3116.500000	3117.000000	0	0	noise	cluster_noise	0.0000
3124	Spectrogram 1	1	3116.750000	3117.750000	0	0	18	cluster_18	0.8646
3125	Spectrogram 1	1	3117.500000	3118.000000	0	0	17	cluster_17	0.9820
3126	Spectrogram 1	1	3117.750000	3118.500000	0	0	noise	cluster_noise	0.0000
3127	Spectrogram 1	1	3118.250000	3119.250000	0	0	18	cluster_18	0.9123
3128	Spectrogram 1	1	3119.000000	3119.500000	0	0	17	cluster_17	1.0000
3129	Spectrogram 1	1	3119.250000	3119.750000	0	0	noise	cluster_noise	0.0000
3130	Spectrogram 1	1	3119.500000	3120.250000	0	0	15	cluster_15	0.9627
3131	Spectrogram 1	1	3120.000000	3120.750000	0	0	11	cluster_11	0.8440
3132	Spectrogram 1	1	3120.500000	3121.000000	0	0	noise	cluster_noise	0.0000
3133	Spectrogram 1	1	3120.750000	3121.250000	0	0	11	cluster_11	0.8239
3134	Spectrogram 1	1	3121.000000	3121.500000	0	0	noise	cluster_noise	0.0000
3135	Spectrogram 1	1	3121.250000	3124.500000	0	0	5	cluster_5	1.0000
3136	Spectrogram 1	1	3124.250000	3125.500000	0	0	noise	cluster_noise	0.0000
3137	Spectrogram 1	1	3125.250000	3127.000000	0	0	11	cluster_11	0.9156
3138	Spectrogram 1	1	3126.750000	3128.250000	0	0	noise	cluster_noise	0.0000
3139	Spectrogram 1	1	3128.000000	3128.500000	0	0	9	cluster_9	1.0000
3140	Spectrogram 1	1	3128.250000	3129.000000	0	0	24	cluster_24	0.9796
3141	Spectrogram 1	1	3128.750000	3129.500000	0	0	noise	cluster_noise	0.0000
3142	Spectrogram 1	1	3129.250000	3130.000000	0	0	18	cluster_18	0.8456
3143	Spectrogram 1	1	3129.750000	3130.250000	0	0	noise	cluster_noise	0.0000
3144	Spectrogram 1	1	3130.000000	3130.750000	0	0	11	cluster_11	0.7507
3145	Spectrogram 1	1	3130.500000	3131.000000	0	0	24	cluster_24	0.9949
3146	Spectrogram 1	1	3130.750000	3131.250000	0	0	noise	cluster_noise	0.0000
3147	Spectrogram 1	1	3131.000000	3131.750000	0	0	18	cluster_18	0.8910
3148	Spectrogram 1	1	3131.500000	3132.500000	0	0	noise	cluster_noise	0.0000
3149	Spectrogram 1	1	3132.250000	3132.750000	0	0	11	cluster_11	0.8864
3150	Spectrogram 1	1	3132.500000	3133.000000	0	0	noise	cluster_noise	0.0000
3151	Spectrogram 1	1	3132.750000	3133.500000	0	0	18	cluster_18	1.0000
3152	Spectrogram 1	1	3133.250000	3133.750000	0	0	17	cluster_17	1.0000
3153	Spectrogram 1	1	3133.500000	3134.000000	0	0	24	cluster_24	1.0000
3154	Spectrogram 1	1	3133.750000	3134.250000	0	0	11	cluster_11	0.8265
3155	Spectrogram 1	1	3134.000000	3135.750000	0	0	noise	cluster_noise	0.0000
3156	Spectrogram 1	1	3135.500000	3138.500000	0	0	5	cluster_5	0.9981
3157	Spectrogram 1	1	3138.250000	3139.750000	0	0	noise	cluster_noise	0.0000
3158	Spectrogram 1	1	3139.500000	3141.500000	0	0	11	cluster_11	0.8797
3159	Spectrogram 1	1	3141.250000	3141.750000	0	0	24	cluster_24	0.8787
3160	Spectrogram 1	1	3141.500000	3142.500000	0	0	noise	cluster_noise	0.0000
3161	Spectrogram 1	1	3142.250000	3142.750000	0	0	19	cluster_19	0.9271
3162	Spectrogram 1	1	3142.500000	3143.000000	0	0	noise	cluster_noise	0.0000
3163	Spectrogram 1	1	3142.750000	3143.250000	0	0	11	cluster_11	0.9221
3164	Spectrogram 1	1	3143.000000	3143.500000	0	0	noise	cluster_noise	0.0000
3165	Spectrogram 1	1	3143.250000	3143.750000	0	0	11	cluster_11	0.9764
3166	Spectrogram 1	1	3143.500000	3144.750000	0	0	18	cluster_18	0.8750
3167	Spectrogram 1	1	3144.500000	3145.750000	0	0	noise	cluster_noise	0.0000
3168	Spectrogram 1	1	3145.500000	3146.500000	0	0	18	cluster_18	0.9199
3169	Spectrogram 1	1	3146.250000	3146.750000	0	0	17	cluster_17	0.9724
3170	Spectrogram 1	1	3146.500000	3147.250000	0	0	noise	cluster_noise	0.0000
3171	Spectrogram 1	1	3147.000000	3147.750000	0	0	18	cluster_18	0.8822
3172	Spectrogram 1	1	3147.500000	3148.250000	0	0	noise	cluster_noise	0.0000
3173	Spectrogram 1	1	3148.000000	3148.500000	0	0	11	cluster_11	0.8008
3174	Spectrogram 1	1	3148.250000	3149.000000	0	0	noise	cluster_noise	0.0000
3175	Spectrogram 1	1	3148.750000	3149.500000	0	0	11	cluster_11	0.9269
3176	Spectrogram 1	1	3149.250000	3150.000000	0	0	noise	cluster_noise	0.0000
3177	Spectrogram 1	1	3149.750000	3153.000000	0	0	5	cluster_5	1.0000
3178	Spectrogram 1	1	3152.750000	3153.750000	0	0	noise	cluster_noise	0.0000
3179	Spectrogram 1	1	3153.500000	3154.000000	0	0	11	cluster_11	0.8696
3180	Spectrogram 1	1	3153.750000	3154.500000	0	0	noise	cluster_noise	0.0000
3181	Spectrogram 1	1	3154.250000	3155.000000	0	0	11	cluster_11	0.8203
3182	Spectrogram 1	1	3154.750000	3155.500000	0	0	noise	cluster_noise	0.0000
3183	Spectrogram 1	1	3155.250000	3155.750000	0	0	11	cluster_11	0.8395
3184	Spectrogram 1	1	3155.500000	3156.000000	0	0	noise	cluster_noise	0.0000
3185	Spectrogram 1	1	3155.750000	3156.750000	0	0	4	cluster_4	0.4834
3186	Spectrogram 1	1	3156.500000	3157.750000	0	0	noise	cluster_noise	0.0000
3187	Spectrogram 1	1	3157.500000	3158.000000	0	0	11	cluster_11	0.7596
3188	Spectrogram 1	1	3157.750000	3158.250000	0	0	noise	cluster_noise	0.0000
3189	Spectrogram 1	1	3158.000000	3158.750000	0	0	18	cluster_18	0.9606
3190	Spectrogram 1	1	3158.500000	3159.000000	0	0	17	cluster_17	1.0000
3191	Spectrogram 1	1	3158.750000	3159.250000	0	0	11	cluster_11	0.9003
3192	Spectrogram 1	1	3159.000000	3160.000000	0	0	noise	cluster_noise	0.0000
3193	Spectrogram 1	1	3159.750000	3160.500000	0	0	18	cluster_18	0.8353
3194	Spectrogram 1	1	3160.250000	3161.250000	0	0	noise	cluster_noise	0.0000
3195	Spectrogram 1	1	3161.000000	3161.750000	0	0	18	cluster_18	0.9056
3196	Spectrogram 1	1	3161.500000	3162.000000	0	0	17	cluster_17	1.0000
3197	Spectrogram 1	1	3161.750000	3162.750000	0	0	noise	cluster_noise	0.0000
3198	Spectrogram 1	1	3162.500000	3163.000000	0	0	11	cluster_11	0.9207
3199	Spectrogram 1	1	3162.750000	3163.250000	0	0	noise	cluster_noise	0.0000
3200	Spectrogram 1	1	3163.000000	3163.750000	0	0	11	cluster_11	0.8653
3201	Spectrogram 1	1	3163.500000	3164.000000	0	0	noise	cluster_noise	0.0000
3202	Spectrogram 1	1	3163.750000	3167.500000	0	0	5	cluster_5	0.9885
3203	Spectrogram 1	1	3167.250000	3169.750000	0	0	noise	cluster_noise	0.0000
3204	Spectrogram 1	1	3169.500000	3170.000000	0	0	19	cluster_19	1.0000
3205	Spectrogram 1	1	3169.750000	3170.250000	0	0	noise	cluster_noise	0.0000
3206	Spectrogram 1	1	3170.000000	3170.750000	0	0	4	cluster_4	0.4792
3207	Spectrogram 1	1	3170.500000	3171.000000	0	0	noise	cluster_noise	0.0000
3208	Spectrogram 1	1	3170.750000	3171.250000	0	0	11	cluster_11	0.8902
3209	Spectrogram 1	1	3171.000000	3172.000000	0	0	noise	cluster_noise	0.0000
3210	Spectrogram 1	1	3171.750000	3172.750000	0	0	18	cluster_18	0.9229
3211	Spectrogram 1	1	3172.500000	3173.000000	0	0	17	cluster_17	1.0000
3212	Spectrogram 1	1	3172.750000	3173.250000	0	0	11	cluster_11	0.9990
3213	Spectrogram 1	1	3173.000000	3173.750000	0	0	noise	cluster_noise	0.0000
3214	Spectrogram 1	1	3173.500000	3174.500000	0	0	18	cluster_18	0.8509
3215	Spectrogram 1	1	3174.250000	3175.000000	0	0	noise	cluster_noise	0.0000
3216	Spectrogram 1	1	3174.750000	3175.250000	0	0	19	cluster_19	0.9556
3217	Spectrogram 1	1	3175.000000	3175.750000	0	0	18	cluster_18	0.9919
3218	Spectrogram 1	1	3175.500000	3176.000000	0	0	17	cluster_17	1.0000
3219	Spectrogram 1	1	3175.750000	3176.250000	0	0	11	cluster_11	0.7610
3220	Spectrogram 1	1	3176.000000	3176.500000	0	0	noise	cluster_noise	0.0000
3221	Spectrogram 1	1	3176.250000	3176.750000	0	0	15	cluster_15	0.9408
3222	Spectrogram 1	1	3176.500000	3177.250000	0	0	18	cluster_18	0.9193
3223	Spectrogram 1	1	3177.000000	3178.000000	0	0	noise	cluster_noise	0.0000
3224	Spectrogram 1	1	3177.750000	3178.250000	0	0	15	cluster_15	0.9617
3225	Spectrogram 1	1	3178.000000	3178.500000	0	0	noise	cluster_noise	0.0000
3226	Spectrogram 1	1	3178.250000	3178.750000	0	0	11	cluster_11	0.7814
3227	Spectrogram 1	1	3178.500000	3179.250000	0	0	noise	cluster_noise	0.0000
3228	Spectrogram 1	1	3179.000000	3182.500000	0	0	5	cluster_5	0.9862
3229	Spectrogram 1	1	3182.250000	3183.000000	0	0	noise	cluster_noise	0.0000
3230	Spectrogram 1	1	3182.750000	3184.750000	0	0	11	cluster_11	0.9335
3231	Spectrogram 1	1	3184.500000	3185.000000	0	0	noise	cluster_noise	0.0000
3232	Spectrogram 1	1	3184.750000	3185.250000	0	0	9	cluster_9	0.8880
3233	Spectrogram 1	1	3185.000000	3185.750000	0	0	noise	cluster_noise	0.0000
3234	Spectrogram 1	1	3185.500000	3186.000000	0	0	9	cluster_9	1.0000
3235	Spectrogram 1	1	3185.750000	3187.250000	0	0	noise	cluster_noise	0.0000
3236	Spectrogram 1	1	3187.000000	3187.750000	0	0	18	cluster_18	0.9046
3237	Spectrogram 1	1	3187.500000	3188.000000	0	0	17	cluster_17	1.0000
3238	Spectrogram 1	1	3187.750000	3188.500000	0	0	11	cluster_11	0.9230
3239	Spectrogram 1	1	3188.250000	3189.000000	0	0	noise	cluster_noise	0.0000
3240	Spectrogram 1	1	3188.750000	3189.500000	0	0	18	cluster_18	0.8553
3241	Spectrogram 1	1	3189.250000	3189.750000	0	0	noise	cluster_noise	0.0000
3242	Spectrogram 1	1	3189.500000	3190.000000	0	0	11	cluster_11	0.9805
3243	Spectrogram 1	1	3189.750000	3190.500000	0	0	noise	cluster_noise	0.0000
3244	Spectrogram 1	1	3190.250000	3191.000000	0	0	18	cluster_18	0.9155
3245	Spectrogram 1	1	3190.750000	3191.250000	0	0	17	cluster_17	0.9994
3246	Spectrogram 1	1	3191.000000	3191.500000	0	0	11	cluster_11	0.9234
3247	Spectrogram 1	1	3191.250000	3191.750000	0	0	noise	cluster_noise	0.0000
3248	Spectrogram 1	1	3191.500000	3192.250000	0	0	18	cluster_18	0.9236
3249	Spectrogram 1	1	3192.000000	3192.500000	0	0	17	cluster_17	1.0000
3250	Spectrogram 1	1	3192.250000	3192.750000	0	0	11	cluster_11	0.8254
3251	Spectrogram 1	1	3192.500000	3193.250000	0	0	noise	cluster_noise	0.0000
3252	Spectrogram 1	1	3193.000000	3194.000000	0	0	11	cluster_11	1.0000
3253	Spectrogram 1	1	3193.750000	3194.250000	0	0	noise	cluster_noise	0.0000
3254	Spectrogram 1	1	3194.000000	3197.500000	0	0	5	cluster_5	0.9959
3255	Spectrogram 1	1	3197.250000	3198.500000	0	0	noise	cluster_noise	0.0000
3256	Spectrogram 1	1	3198.250000	3199.000000	0	0	11	cluster_11	0.8695
3257	Spectrogram 1	1	3198.750000	3199.250000	0	0	noise	cluster_noise	0.0000
3258	Spectrogram 1	1	3199.000000	3199.750000	0	0	11	cluster_11	0.7953
3259	Spectrogram 1	1	3199.500000	3200.250000	0	0	noise	cluster_noise	0.0000
3260	Spectrogram 1	1	3200.000000	3200.750000	0	0	4	cluster_4	0.4763
3261	Spectrogram 1	1	3200.500000	3201.000000	0	0	17	cluster_17	1.0000
3262	Spectrogram 1	1	3200.750000	3201.250000	0	0	15	cluster_15	0.9476
3263	Spectrogram 1	1	3201.000000	3201.750000	0	0	noise	cluster_noise	0.0000
3264	Spectrogram 1	1	3201.500000	3202.000000	0	0	11	cluster_11	0.9754
3265	Spectrogram 1	1	3201.750000	3202.250000	0	0	19	cluster_19	0.9445
3266	Spectrogram 1	1	3202.000000	3202.750000	0	0	18	cluster_18	0.8961
3267	Spectrogram 1	1	3202.500000	3203.750000	0	0	noise	cluster_noise	0.0000
3268	Spectrogram 1	1	3203.500000	3204.000000	0	0	19	cluster_19	0.9924
3269	Spectrogram 1	1	3203.750000	3204.500000	0	0	noise	cluster_noise	0.0000
3270	Spectrogram 1	1	3204.250000	3204.750000	0	0	11	cluster_11	1.0000
3271	Spectrogram 1	1	3204.500000	3205.500000	0	0	noise	cluster_noise	0.0000
3272	Spectrogram 1	1	3205.250000	3205.750000	0	0	18	cluster_18	1.0000
3273	Spectrogram 1	1	3205.500000	3206.000000	0	0	17	cluster_17	1.0000
3274	Spectrogram 1	1	3205.750000	3206.250000	0	0	noise	cluster_noise	0.0000
3275	Spectrogram 1	1	3206.000000	3206.500000	0	0	19	cluster_19	0.9510
3276	Spectrogram 1	1	3206.250000	3207.000000	0	0	18	cluster_18	0.9629
3277	Spectrogram 1	1	3206.750000	3207.250000	0	0	17	cluster_17	1.0000
3278	Spectrogram 1	1	3207.000000	3208.250000	0	0	noise	cluster_noise	0.0000
3279	Spectrogram 1	1	3208.000000	3208.750000	0	0	11	cluster_11	0.7796
3280	Spectrogram 1	1	3208.500000	3209.000000	0	0	noise	cluster_noise	0.0000
3281	Spectrogram 1	1	3208.750000	3212.750000	0	0	5	cluster_5	0.9827
3282	Spectrogram 1	1	3212.500000	3213.250000	0	0	noise	cluster_noise	0.0000
3283	Spectrogram 1	1	3213.000000	3213.750000	0	0	11	cluster_11	0.8880
3284	Spectrogram 1	1	3213.500000	3214.500000	0	0	noise	cluster_noise	0.0000
3285	Spectrogram 1	1	3214.250000	3214.750000	0	0	11	cluster_11	0.8408
3286	Spectrogram 1	1	3214.500000	3215.000000	0	0	noise	cluster_noise	0.0000
3287	Spectrogram 1	1	3214.750000	3215.250000	0	0	9	cluster_9	0.8160
3288	Spectrogram 1	1	3215.000000	3216.750000	0	0	noise	cluster_noise	0.0000
3289	Spectrogram 1	1	3216.500000	3217.000000	0	0	9	cluster_9	0.7278
3290	Spectrogram 1	1	3216.750000	3217.250000	0	0	noise	cluster_noise	0.0000
3291	Spectrogram 1	1	3217.000000	3217.750000	0	0	18	cluster_18	0.9326
3292	Spectrogram 1	1	3217.500000	3218.000000	0	0	17	cluster_17	1.0000
3293	Spectrogram 1	1	3217.750000	3218.250000	0	0	noise	cluster_noise	0.0000
3294	Spectrogram 1	1	3218.000000	3218.500000	0	0	15	cluster_15	0.9932
3295	Spectrogram 1	1	3218.250000	3218.750000	0	0	noise	cluster_noise	0.0000
3296	Spectrogram 1	1	3218.500000	3219.000000	0	0	19	cluster_19	0.9177
3297	Spectrogram 1	1	3218.750000	3219.500000	0	0	18	cluster_18	1.0000
3298	Spectrogram 1	1	3219.250000	3219.750000	0	0	17	cluster_17	1.0000
3299	Spectrogram 1	1	3219.500000	3220.500000	0	0	noise	cluster_noise	0.0000
3300	Spectrogram 1	1	3221.000000	3221.500000	0	0	17	cluster_17	0.8911
3301	Spectrogram 1	1	3221.250000	3223.500000	0	0	noise	cluster_noise	0.0000
3302	Spectrogram 1	1	3223.250000	3226.750000	0	0	5	cluster_5	0.9858
3303	Spectrogram 1	1	3226.500000	3227.250000	0	0	noise	cluster_noise	0.0000
3304	Spectrogram 1	1	3227.000000	3227.500000	0	0	23	cluster_23	1.0000
3305	Spectrogram 1	1	3227.250000	3228.250000	0	0	noise	cluster_noise	0.0000
3306	Spectrogram 1	1	3228.000000	3229.000000	0	0	11	cluster_11	0.8117
3307	Spectrogram 1	1	3228.750000	3230.000000	0	0	noise	cluster_noise	0.0000
3308	Spectrogram 1	1	3229.750000	3230.250000	0	0	9	cluster_9	0.7273
3309	Spectrogram 1	1	3230.000000	3231.000000	0	0	11	cluster_11	0.8053
3310	Spectrogram 1	1	3230.750000	3231.250000	0	0	noise	cluster_noise	0.0000
3311	Spectrogram 1	1	3231.000000	3231.500000	0	0	18	cluster_18	0.7719
3312	Spectrogram 1	1	3231.250000	3232.500000	0	0	noise	cluster_noise	0.0000
3313	Spectrogram 1	1	3232.250000	3232.750000	0	0	15	cluster_15	1.0000
3314	Spectrogram 1	1	3232.500000	3233.000000	0	0	18	cluster_18	0.7665
3315	Spectrogram 1	1	3232.750000	3233.750000	0	0	noise	cluster_noise	0.0000
3316	Spectrogram 1	1	3233.500000	3234.250000	0	0	15	cluster_15	0.9733
3317	Spectrogram 1	1	3234.000000	3234.750000	0	0	18	cluster_18	0.8890
3318	Spectrogram 1	1	3234.500000	3235.000000	0	0	17	cluster_17	1.0000
3319	Spectrogram 1	1	3234.750000	3235.500000	0	0	noise	cluster_noise	0.0000
3320	Spectrogram 1	1	3235.250000	3236.000000	0	0	18	cluster_18	0.9041
3321	Spectrogram 1	1	3235.750000	3236.500000	0	0	noise	cluster_noise	0.0000
3322	Spectrogram 1	1	3236.250000	3236.750000	0	0	15	cluster_15	0.9932
3323	Spectrogram 1	1	3236.500000	3237.000000	0	0	noise	cluster_noise	0.0000
3324	Spectrogram 1	1	3236.750000	3237.250000	0	0	11	cluster_11	0.7236
3325	Spectrogram 1	1	3237.000000	3238.000000	0	0	noise	cluster_noise	0.0000
3326	Spectrogram 1	1	3237.750000	3241.250000	0	0	5	cluster_5	0.9855
3327	Spectrogram 1	1	3241.000000	3241.500000	0	0	noise	cluster_noise	0.0000
3328	Spectrogram 1	1	3241.250000	3242.250000	0	0	22	cluster_22	0.9355
3329	Spectrogram 1	1	3242.000000	3242.500000	0	0	noise	cluster_noise	0.0000
3330	Spectrogram 1	1	3242.250000	3243.250000	0	0	22	cluster_22	0.7986
3331	Spectrogram 1	1	3243.000000	3243.500000	0	0	11	cluster_11	0.7617
3332	Spectrogram 1	1	3243.250000	3243.750000	0	0	noise	cluster_noise	0.0000
3333	Spectrogram 1	1	3243.500000	3244.000000	0	0	15	cluster_15	0.9505
3334	Spectrogram 1	1	3243.750000	3244.250000	0	0	noise	cluster_noise	0.0000
3335	Spectrogram 1	1	3244.000000	3245.000000	0	0	5	cluster_5	0.9446
3336	Spectrogram 1	1	3244.750000	3246.500000	0	0	noise	cluster_noise	0.0000
3337	Spectrogram 1	1	3246.250000	3247.000000	0	0	18	cluster_18	1.0000
3338	Spectrogram 1	1	3246.750000	3247.250000	0	0	17	cluster_17	0.9990
3339	Spectrogram 1	1	3247.000000	3248.250000	0	0	noise	cluster_noise	0.0000
3340	Spectrogram 1	1	3248.000000	3248.750000	0	0	18	cluster_18	0.8743
3341	Spectrogram 1	1	3248.500000	3249.000000	0	0	17	cluster_17	1.0000
3342	Spectrogram 1	1	3248.750000	3249.750000	0	0	noise	cluster_noise	0.0000
3343	Spectrogram 1	1	3249.500000	3250.250000	0	0	18	cluster_18	0.8769
3344	Spectrogram 1	1	3250.000000	3251.000000	0	0	noise	cluster_noise	0.0000
3345	Spectrogram 1	1	3250.750000	3251.500000	0	0	18	cluster_18	0.8815
3346	Spectrogram 1	1	3251.250000	3252.000000	0	0	noise	cluster_noise	0.0000
3347	Spectrogram 1	1	3251.750000	3252.250000	0	0	15	cluster_15	0.9326
3348	Spectrogram 1	1	3252.000000	3252.750000	0	0	noise	cluster_noise	0.0000
3349	Spectrogram 1	1	3252.500000	3253.500000	0	0	11	cluster_11	0.8060
3350	Spectrogram 1	1	3253.250000	3256.750000	0	0	5	cluster_5	0.9747
3351	Spectrogram 1	1	3256.500000	3257.000000	0	0	noise	cluster_noise	0.0000
3352	Spectrogram 1	1	3256.750000	3257.750000	0	0	23	cluster_23	1.0000
3353	Spectrogram 1	1	3257.500000	3259.000000	0	0	noise	cluster_noise	0.0000
3354	Spectrogram 1	1	3258.750000	3259.250000	0	0	19	cluster_19	1.0000
3355	Spectrogram 1	1	3259.000000	3259.500000	0	0	noise	cluster_noise	0.0000
3356	Spectrogram 1	1	3259.250000	3260.000000	0	0	4	cluster_4	0.4565
3357	Spectrogram 1	1	3259.750000	3260.250000	0	0	17	cluster_17	0.9986
3358	Spectrogram 1	1	3260.000000	3261.500000	0	0	noise	cluster_noise	0.0000
3359	Spectrogram 1	1	3261.250000	3262.000000	0	0	18	cluster_18	0.8699
3360	Spectrogram 1	1	3261.750000	3263.750000	0	0	noise	cluster_noise	0.0000
3361	Spectrogram 1	1	3263.500000	3264.000000	0	0	19	cluster_19	1.0000
3362	Spectrogram 1	1	3263.750000	3265.750000	0	0	noise	cluster_noise	0.0000
3363	Spectrogram 1	1	3265.500000	3266.000000	0	0	15	cluster_15	1.0000
3364	Spectrogram 1	1	3265.750000	3266.750000	0	0	noise	cluster_noise	0.0000
3365	Spectrogram 1	1	3266.500000	3267.000000	0	0	24	cluster_24	0.8550
3366	Spectrogram 1	1	3266.750000	3267.250000	0	0	noise	cluster_noise	0.0000
3367	Spectrogram 1	1	3267.000000	3267.750000	0	0	11	cluster_11	0.7718
3368	Spectrogram 1	1	3267.500000	3271.000000	0	0	5	cluster_5	0.9923
3369	Spectrogram 1	1	3270.750000	3271.250000	0	0	noise	cluster_noise	0.0000
3370	Spectrogram 1	1	3271.000000	3272.000000	0	0	22	cluster_22	0.7345
3371	Spectrogram 1	1	3271.750000	3272.500000	0	0	noise	cluster_noise	0.0000
3372	Spectrogram 1	1	3272.250000	3272.750000	0	0	11	cluster_11	0.8033
3373	Spectrogram 1	1	3272.500000	3273.500000	0	0	noise	cluster_noise	0.0000
3374	Spectrogram 1	1	3273.250000	3273.750000	0	0	18	cluster_18	0.7419
3375	Spectrogram 1	1	3273.500000	3274.000000	0	0	noise	cluster_noise	0.0000
3376	Spectrogram 1	1	3273.750000	3274.250000	0	0	4	cluster_4	0.4580
3377	Spectrogram 1	1	3274.000000	3274.500000	0	0	noise	cluster_noise	0.0000
3378	Spectrogram 1	1	3274.250000	3274.750000	0	0	17	cluster_17	0.9592
3379	Spectrogram 1	1	3274.500000	3275.000000	0	0	15	cluster_15	0.9582
3380	Spectrogram 1	1	3274.750000	3277.500000	0	0	noise	cluster_noise	0.0000
3381	Spectrogram 1	1	3277.250000	3277.750000	0	0	4	cluster_4	0.7777
3382	Spectrogram 1	1	3277.500000	3278.250000	0	0	5	cluster_5	0.9133
3383	Spectrogram 1	1	3278.000000	3280.000000	0	0	noise	cluster_noise	0.0000
3384	Spectrogram 1	1	3279.750000	3280.250000	0	0	13	cluster_13	0.5965
3385	Spectrogram 1	1	3280.000000	3280.500000	0	0	noise	cluster_noise	0.0000
3386	Spectrogram 1	1	3280.250000	3280.750000	0	0	26	cluster_26	0.8033
3387	Spectrogram 1	1	3280.500000	3281.250000	0	0	9	cluster_9	0.8284
3388	Spectrogram 1	1	3281.000000	3281.500000	0	0	11	cluster_11	0.8726
3389	Spectrogram 1	1	3281.250000	3282.000000	0	0	noise	cluster_noise	0.0000
3390	Spectrogram 1	1	3281.750000	3282.500000	0	0	13	cluster_13	0.5772
3391	Spectrogram 1	1	3282.250000	3282.750000	0	0	noise	cluster_noise	0.0000
3392	Spectrogram 1	1	3282.500000	3283.250000	0	0	9	cluster_9	0.9703
3393	Spectrogram 1	1	3283.000000	3283.500000	0	0	noise	cluster_noise	0.0000
3394	Spectrogram 1	1	3283.250000	3283.750000	0	0	23	cluster_23	1.0000
3395	Spectrogram 1	1	3283.500000	3284.000000	0	0	noise	cluster_noise	0.0000
3396	Spectrogram 1	1	3283.750000	3284.250000	0	0	13	cluster_13	0.5790
3397	Spectrogram 1	1	3284.000000	3284.500000	0	0	noise	cluster_noise	0.0000
3398	Spectrogram 1	1	3284.250000	3284.750000	0	0	11	cluster_11	0.8054
3399	Spectrogram 1	1	3284.500000	3285.000000	0	0	9	cluster_9	0.8067
3400	Spectrogram 1	1	3284.750000	3285.750000	0	0	noise	cluster_noise	0.0000
3401	Spectrogram 1	1	3285.500000	3286.250000	0	0	13	cluster_13	0.5777
3402	Spectrogram 1	1	3286.000000	3287.000000	0	0	9	cluster_9	0.8683
3403	Spectrogram 1	1	3286.750000	3287.500000	0	0	noise	cluster_noise	0.0000
3404	Spectrogram 1	1	3287.250000	3287.750000	0	0	11	cluster_11	0.8216
3405	Spectrogram 1	1	3287.500000	3288.000000	0	0	noise	cluster_noise	0.0000
3406	Spectrogram 1	1	3287.750000	3288.500000	0	0	13	cluster_13	0.7349
3407	Spectrogram 1	1	3288.250000	3288.750000	0	0	11	cluster_11	0.7805
3408	Spectrogram 1	1	3288.500000	3289.250000	0	0	9	cluster_9	0.9769
3409	Spectrogram 1	1	3289.000000	3289.500000	0	0	22	cluster_22	0.7119
3410	Spectrogram 1	1	3289.250000	3290.500000	0	0	noise	cluster_noise	0.0000
3411	Spectrogram 1	1	3290.250000	3291.250000	0	0	4	cluster_4	0.8690
3412	Spectrogram 1	1	3291.000000	3292.000000	0	0	noise	cluster_noise	0.0000
3413	Spectrogram 1	1	3291.750000	3292.500000	0	0	22	cluster_22	0.7276
3414	Spectrogram 1	1	3292.250000	3293.000000	0	0	noise	cluster_noise	0.0000
3415	Spectrogram 1	1	3292.750000	3293.250000	0	0	11	cluster_11	0.7379
3416	Spectrogram 1	1	3293.000000	3293.500000	0	0	noise	cluster_noise	0.0000
3417	Spectrogram 1	1	3293.250000	3293.750000	0	0	11	cluster_11	0.7314
3418	Spectrogram 1	1	3293.500000	3294.250000	0	0	noise	cluster_noise	0.0000
3419	Spectrogram 1	1	3294.000000	3295.250000	0	0	4	cluster_4	0.7547
3420	Spectrogram 1	1	3295.000000	3295.750000	0	0	noise	cluster_noise	0.0000
3421	Spectrogram 1	1	3295.500000	3296.000000	0	0	15	cluster_15	0.9355
3422	Spectrogram 1	1	3295.750000	3296.250000	0	0	noise	cluster_noise	0.0000
3423	Spectrogram 1	1	3296.000000	3296.500000	0	0	11	cluster_11	0.8251
3424	Spectrogram 1	1	3296.250000	3296.750000	0	0	22	cluster_22	0.6929
3425	Spectrogram 1	1	3296.500000	3297.000000	0	0	noise	cluster_noise	0.0000
3426	Spectrogram 1	1	3296.750000	3297.250000	0	0	13	cluster_13	0.9086
3427	Spectrogram 1	1	3297.000000	3297.750000	0	0	noise	cluster_noise	0.0000
3428	Spectrogram 1	1	3297.500000	3298.250000	0	0	9	cluster_9	0.7971
3429	Spectrogram 1	1	3298.000000	3299.000000	0	0	noise	cluster_noise	0.0000
3430	Spectrogram 1	1	3298.750000	3299.500000	0	0	13	cluster_13	0.7411
3431	Spectrogram 1	1	3299.250000	3299.750000	0	0	noise	cluster_noise	0.0000
3432	Spectrogram 1	1	3299.500000	3300.250000	0	0	13	cluster_13	0.5811
3433	Spectrogram 1	1	3300.000000	3300.500000	0	0	noise	cluster_noise	0.0000
3434	Spectrogram 1	1	3300.250000	3301.000000	0	0	9	cluster_9	0.8355
3435	Spectrogram 1	1	3300.750000	3301.500000	0	0	13	cluster_13	0.8156
3436	Spectrogram 1	1	3301.250000	3302.000000	0	0	noise	cluster_noise	0.0000
3437	Spectrogram 1	1	3301.750000	3302.500000	0	0	13	cluster_13	0.7734
3438	Spectrogram 1	1	3302.250000	3303.000000	0	0	noise	cluster_noise	0.0000
3439	Spectrogram 1	1	3302.750000	3303.250000	0	0	13	cluster_13	0.8809
3440	Spectrogram 1	1	3303.000000	3304.000000	0	0	noise	cluster_noise	0.0000
3441	Spectrogram 1	1	3303.750000	3304.250000	0	0	11	cluster_11	0.7569
3442	Spectrogram 1	1	3304.000000	3304.500000	0	0	noise	cluster_noise	0.0000
3443	Spectrogram 1	1	3304.250000	3305.000000	0	0	13	cluster_13	0.6769
3444	Spectrogram 1	1	3304.750000	3306.250000	0	0	noise	cluster_noise	0.0000
3445	Spectrogram 1	1	3306.000000	3306.500000	0	0	11	cluster_11	0.8726
3446	Spectrogram 1	1	3306.250000	3307.250000	0	0	noise	cluster_noise	0.0000
3447	Spectrogram 1	1	3307.000000	3308.000000	0	0	4	cluster_4	0.8003
3448	Spectrogram 1	1	3307.750000	3308.250000	0	0	17	cluster_17	0.8916
3449	Spectrogram 1	1	3308.000000	3309.000000	0	0	noise	cluster_noise	0.0000
3450	Spectrogram 1	1	3308.750000	3309.250000	0	0	11	cluster_11	0.7810
3451	Spectrogram 1	1	3309.000000	3309.750000	0	0	noise	cluster_noise	0.0000
3452	Spectrogram 1	1	3309.500000	3310.500000	0	0	11	cluster_11	0.9070
3453	Spectrogram 1	1	3310.250000	3310.750000	0	0	15	cluster_15	0.9330
3454	Spectrogram 1	1	3310.500000	3311.750000	0	0	4	cluster_4	0.8702
3455	Spectrogram 1	1	3311.500000	3312.000000	0	0	noise	cluster_noise	0.0000
3456	Spectrogram 1	1	3311.750000	3312.500000	0	0	15	cluster_15	0.9966
3457	Spectrogram 1	1	3312.250000	3312.750000	0	0	noise	cluster_noise	0.0000
3458	Spectrogram 1	1	3312.500000	3313.000000	0	0	11	cluster_11	0.7849
3459	Spectrogram 1	1	3312.750000	3313.500000	0	0	noise	cluster_noise	0.0000
3460	Spectrogram 1	1	3313.250000	3313.750000	0	0	13	cluster_13	0.7756
3461	Spectrogram 1	1	3313.500000	3314.250000	0	0	noise	cluster_noise	0.0000
3462	Spectrogram 1	1	3314.000000	3314.750000	0	0	9	cluster_9	0.8016
3463	Spectrogram 1	1	3314.500000	3315.000000	0	0	noise	cluster_noise	0.0000
3464	Spectrogram 1	1	3314.750000	3315.500000	0	0	13	cluster_13	0.5927
3465	Spectrogram 1	1	3315.250000	3315.750000	0	0	11	cluster_11	0.7883
3466	Spectrogram 1	1	3315.500000	3316.250000	0	0	9	cluster_9	0.8903
3467	Spectrogram 1	1	3316.000000	3316.750000	0	0	13	cluster_13	0.6776
3468	Spectrogram 1	1	3316.500000	3317.000000	0	0	noise	cluster_noise	0.0000
3469	Spectrogram 1	1	3316.750000	3317.250000	0	0	9	cluster_9	0.8471
3470	Spectrogram 1	1	3317.000000	3317.750000	0	0	13	cluster_13	0.7906
3471	Spectrogram 1	1	3317.500000	3318.000000	0	0	noise	cluster_noise	0.0000
3472	Spectrogram 1	1	3317.750000	3318.500000	0	0	9	cluster_9	0.9033
3473	Spectrogram 1	1	3318.250000	3319.000000	0	0	13	cluster_13	0.8834
3474	Spectrogram 1	1	3318.750000	3319.250000	0	0	noise	cluster_noise	0.0000
3475	Spectrogram 1	1	3319.000000	3319.750000	0	0	13	cluster_13	0.8938
3476	Spectrogram 1	1	3319.500000	3320.500000	0	0	noise	cluster_noise	0.0000
3477	Spectrogram 1	1	3320.250000	3321.000000	0	0	13	cluster_13	0.6959
3478	Spectrogram 1	1	3320.750000	3321.250000	0	0	noise	cluster_noise	0.0000
3479	Spectrogram 1	1	3321.000000	3321.750000	0	0	13	cluster_13	0.8241
3480	Spectrogram 1	1	3321.500000	3322.500000	0	0	noise	cluster_noise	0.0000
3481	Spectrogram 1	1	3322.250000	3323.000000	0	0	13	cluster_13	0.7644
3482	Spectrogram 1	1	3322.750000	3323.250000	0	0	11	cluster_11	0.7849
3483	Spectrogram 1	1	3323.000000	3323.500000	0	0	9	cluster_9	0.8064
3484	Spectrogram 1	1	3323.250000	3324.000000	0	0	noise	cluster_noise	0.0000
3485	Spectrogram 1	1	3323.750000	3324.250000	0	0	11	cluster_11	0.7180
3486	Spectrogram 1	1	3324.000000	3325.000000	0	0	noise	cluster_noise	0.0000
3487	Spectrogram 1	1	3324.750000	3325.500000	0	0	4	cluster_4	0.7968
3488	Spectrogram 1	1	3326.000000	3326.500000	0	0	15	cluster_15	1.0000
3489	Spectrogram 1	1	3326.250000	3326.750000	0	0	noise	cluster_noise	0.0000
3490	Spectrogram 1	1	3326.500000	3327.750000	0	0	11	cluster_11	0.8056
3491	Spectrogram 1	1	3327.500000	3328.250000	0	0	noise	cluster_noise	0.0000
3492	Spectrogram 1	1	3328.000000	3328.500000	0	0	11	cluster_11	0.7729
3493	Spectrogram 1	1	3328.250000	3329.000000	0	0	noise	cluster_noise	0.0000
3494	Spectrogram 1	1	3328.750000	3329.750000	0	0	4	cluster_4	0.7499
3495	Spectrogram 1	1	3329.500000	3330.000000	0	0	15	cluster_15	1.0000
3496	Spectrogram 1	1	3329.750000	3331.250000	0	0	noise	cluster_noise	0.0000
3497	Spectrogram 1	1	3331.000000	3331.750000	0	0	13	cluster_13	0.9053
3498	Spectrogram 1	1	3331.500000	3332.250000	0	0	noise	cluster_noise	0.0000
3499	Spectrogram 1	1	3332.000000	3332.750000	0	0	9	cluster_9	0.7806
3500	Spectrogram 1	1	3332.500000	3333.000000	0	0	noise	cluster_noise	0.0000
3501	Spectrogram 1	1	3332.750000	3333.250000	0	0	13	cluster_13	0.5643
3502	Spectrogram 1	1	3333.000000	3333.500000	0	0	noise	cluster_noise	0.0000
3503	Spectrogram 1	1	3333.250000	3333.750000	0	0	15	cluster_15	0.9792
3504	Spectrogram 1	1	3333.500000	3334.250000	0	0	13	cluster_13	1.0000
3505	Spectrogram 1	1	3334.000000	3334.500000	0	0	noise	cluster_noise	0.0000
3506	Spectrogram 1	1	3334.250000	3335.000000	0	0	13	cluster_13	0.5131
3507	Spectrogram 1	1	3334.750000	3335.250000	0	0	noise	cluster_noise	0.0000
3508	Spectrogram 1	1	3335.000000	3335.500000	0	0	13	cluster_13	1.0000
3509	Spectrogram 1	1	3335.250000	3336.000000	0	0	noise	cluster_noise	0.0000
3510	Spectrogram 1	1	3335.750000	3336.500000	0	0	13	cluster_13	0.7779
3511	Spectrogram 1	1	3336.250000	3336.750000	0	0	9	cluster_9	0.8426
3512	Spectrogram 1	1	3336.500000	3337.000000	0	0	noise	cluster_noise	0.0000
3513	Spectrogram 1	1	3336.750000	3337.500000	0	0	13	cluster_13	1.0000
3514	Spectrogram 1	1	3337.250000	3337.750000	0	0	noise	cluster_noise	0.0000
3515	Spectrogram 1	1	3337.500000	3338.250000	0	0	17	cluster_17	0.9626
3516	Spectrogram 1	1	3338.000000	3338.500000	0	0	9	cluster_9	0.7314
3517	Spectrogram 1	1	3338.250000	3338.750000	0	0	noise	cluster_noise	0.0000
3518	Spectrogram 1	1	3338.500000	3339.250000	0	0	13	cluster_13	0.9505
3519	Spectrogram 1	1	3339.000000	3339.750000	0	0	noise	cluster_noise	0.0000
3520	Spectrogram 1	1	3339.500000	3340.000000	0	0	17	cluster_17	1.0000
3521	Spectrogram 1	1	3339.750000	3340.250000	0	0	11	cluster_11	0.8279
3522	Spectrogram 1	1	3340.000000	3341.000000	0	0	noise	cluster_noise	0.0000
3523	Spectrogram 1	1	3340.750000	3341.250000	0	0	11	cluster_11	0.9051
3524	Spectrogram 1	1	3341.000000	3341.500000	0	0	noise	cluster_noise	0.0000
3525	Spectrogram 1	1	3343.000000	3343.500000	0	0	15	cluster_15	0.9500
3526	Spectrogram 1	1	3343.250000	3345.000000	0	0	11	cluster_11	0.7808
3527	Spectrogram 1	1	3344.750000	3345.750000	0	0	noise	cluster_noise	0.0000
3528	Spectrogram 1	1	3345.500000	3346.500000	0	0	4	cluster_4	0.8431
3529	Spectrogram 1	1	3346.250000	3347.500000	0	0	noise	cluster_noise	0.0000
3530	Spectrogram 1	1	3347.250000	3347.750000	0	0	11	cluster_11	0.8545
3531	Spectrogram 1	1	3347.500000	3348.000000	0	0	15	cluster_15	0.9932
3532	Spectrogram 1	1	3347.750000	3348.250000	0	0	noise	cluster_noise	0.0000
3533	Spectrogram 1	1	3348.000000	3348.500000	0	0	13	cluster_13	0.4884
3534	Spectrogram 1	1	3348.250000	3348.750000	0	0	3	cluster_3	0.9225
3535	Spectrogram 1	1	3348.500000	3349.750000	0	0	noise	cluster_noise	0.0000
3536	Spectrogram 1	1	3349.500000	3350.000000	0	0	11	cluster_11	0.8072
3537	Spectrogram 1	1	3349.750000	3350.250000	0	0	noise	cluster_noise	0.0000
3538	Spectrogram 1	1	3350.000000	3350.750000	0	0	12	cluster_12	0.9317
3539	Spectrogram 1	1	3350.500000	3351.000000	0	0	noise	cluster_noise	0.0000
3540	Spectrogram 1	1	3350.750000	3351.250000	0	0	12	cluster_12	0.9181
3541	Spectrogram 1	1	3351.000000	3351.500000	0	0	noise	cluster_noise	0.0000
3542	Spectrogram 1	1	3351.250000	3352.000000	0	0	11	cluster_11	0.9031
3543	Spectrogram 1	1	3351.750000	3352.500000	0	0	noise	cluster_noise	0.0000
3544	Spectrogram 1	1	3353.000000	3353.500000	0	0	12	cluster_12	1.0000
3545	Spectrogram 1	1	3353.250000	3354.250000	0	0	noise	cluster_noise	0.0000
3546	Spectrogram 1	1	3354.000000	3354.500000	0	0	11	cluster_11	0.7276
3547	Spectrogram 1	1	3355.000000	3355.500000	0	0	3	cluster_3	1.0000
3548	Spectrogram 1	1	3355.250000	3355.750000	0	0	noise	cluster_noise	0.0000
3549	Spectrogram 1	1	3355.500000	3356.000000	0	0	12	cluster_12	1.0000
3550	Spectrogram 1	1	3355.750000	3356.250000	0	0	3	cluster_3	1.0000
3551	Spectrogram 1	1	3356.000000	3356.750000	0	0	12	cluster_12	1.0000
3552	Spectrogram 1	1	3356.500000	3357.000000	0	0	noise	cluster_noise	0.0000
3553	Spectrogram 1	1	3356.750000	3357.500000	0	0	12	cluster_12	0.9420
3554	Spectrogram 1	1	3357.250000	3357.750000	0	0	11	cluster_11	0.7493
3555	Spectrogram 1	1	3357.500000	3358.000000	0	0	noise	cluster_noise	0.0000
3556	Spectrogram 1	1	3357.750000	3358.750000	0	0	11	cluster_11	0.7850
3557	Spectrogram 1	1	3358.500000	3359.000000	0	0	noise	cluster_noise	0.0000
3558	Spectrogram 1	1	3358.750000	3359.250000	0	0	13	cluster_13	0.5514
3559	Spectrogram 1	1	3359.000000	3359.500000	0	0	noise	cluster_noise	0.0000
3560	Spectrogram 1	1	3361.000000	3361.750000	0	0	11	cluster_11	1.0000
3561	Spectrogram 1	1	3361.500000	3362.500000	0	0	noise	cluster_noise	0.0000
3562	Spectrogram 1	1	3362.250000	3362.750000	0	0	3	cluster_3	1.0000
3563	Spectrogram 1	1	3362.500000	3363.250000	0	0	noise	cluster_noise	0.0000
3564	Spectrogram 1	1	3363.000000	3364.500000	0	0	11	cluster_11	0.9278
3565	Spectrogram 1	1	3364.250000	3365.000000	0	0	noise	cluster_noise	0.0000
3566	Spectrogram 1	1	3364.750000	3365.500000	0	0	3	cluster_3	1.0000
3567	Spectrogram 1	1	3365.250000	3366.000000	0	0	noise	cluster_noise	0.0000
3568	Spectrogram 1	1	3365.750000	3366.750000	0	0	11	cluster_11	0.8982
3569	Spectrogram 1	1	3366.500000	3367.000000	0	0	noise	cluster_noise	0.0000
3570	Spectrogram 1	1	3366.750000	3368.000000	0	0	7	cluster_7	0.9586
3571	Spectrogram 1	1	3367.750000	3369.000000	0	0	noise	cluster_noise	0.0000
3572	Spectrogram 1	1	3368.750000	3369.250000	0	0	11	cluster_11	0.8003
3573	Spectrogram 1	1	3369.000000	3369.500000	0	0	noise	cluster_noise	0.0000
3574	Spectrogram 1	1	3369.250000	3373.250000	0	0	7	cluster_7	0.8824
3575	Spectrogram 1	1	3373.000000	3373.500000	0	0	noise	cluster_noise	0.0000
3576	Spectrogram 1	1	3373.250000	3374.500000	0	0	7	cluster_7	0.6751
3577	Spectrogram 1	1	3374.250000	3374.750000	0	0	noise	cluster_noise	0.0000
3578	Spectrogram 1	1	3374.500000	3375.000000	0	0	6	cluster_6	0.4206
3579	Spectrogram 1	1	3374.750000	3375.500000	0	0	noise	cluster_noise	0.0000
3580	Spectrogram 1	1	3375.250000	3376.000000	0	0	11	cluster_11	0.9698
3581	Spectrogram 1	1	3375.750000	3376.250000	0	0	noise	cluster_noise	0.0000
3582	Spectrogram 1	1	3376.000000	3376.750000	0	0	3	cluster_3	1.0000
3583	Spectrogram 1	1	3376.500000	3379.000000	0	0	noise	cluster_noise	0.0000
3584	Spectrogram 1	1	3378.750000	3380.500000	0	0	3	cluster_3	0.9778
3585	Spectrogram 1	1	3380.250000	3382.000000	0	0	11	cluster_11	0.8790
3586	Spectrogram 1	1	3381.750000	3382.250000	0	0	noise	cluster_noise	0.0000
3587	Spectrogram 1	1	3382.000000	3382.750000	0	0	3	cluster_3	0.9313
3588	Spectrogram 1	1	3382.500000	3383.000000	0	0	11	cluster_11	0.8911
3589	Spectrogram 1	1	3382.750000	3383.250000	0	0	noise	cluster_noise	0.0000
3590	Spectrogram 1	1	3383.000000	3383.750000	0	0	11	cluster_11	0.9771
3591	Spectrogram 1	1	3383.500000	3384.000000	0	0	noise	cluster_noise	0.0000
3592	Spectrogram 1	1	3383.750000	3384.250000	0	0	11	cluster_11	0.7899
3593	Spectrogram 1	1	3384.000000	3384.750000	0	0	noise	cluster_noise	0.0000
3594	Spectrogram 1	1	3384.500000	3385.250000	0	0	3	cluster_3	1.0000
3595	Spectrogram 1	1	3385.000000	3386.250000	0	0	11	cluster_11	0.9897
3596	Spectrogram 1	1	3386.000000	3386.500000	0	0	noise	cluster_noise	0.0000
3597	Spectrogram 1	1	3386.250000	3386.750000	0	0	7	cluster_7	0.5068
3598	Spectrogram 1	1	3386.500000	3387.250000	0	0	noise	cluster_noise	0.0000
3599	Spectrogram 1	1	3387.000000	3387.500000	0	0	6	cluster_6	0.3994
3600	Spectrogram 1	1	3387.250000	3388.000000	0	0	noise	cluster_noise	0.0000
3601	Spectrogram 1	1	3387.750000	3388.750000	0	0	11	cluster_11	0.9152
3602	Spectrogram 1	1	3388.500000	3389.500000	0	0	7	cluster_7	0.8583
3603	Spectrogram 1	1	3389.250000	3389.750000	0	0	noise	cluster_noise	0.0000
3604	Spectrogram 1	1	3389.500000	3390.250000	0	0	6	cluster_6	0.8924
3605	Spectrogram 1	1	3390.000000	3390.750000	0	0	noise	cluster_noise	0.0000
3606	Spectrogram 1	1	3390.500000	3391.500000	0	0	11	cluster_11	0.8028
3607	Spectrogram 1	1	3391.250000	3391.750000	0	0	noise	cluster_noise	0.0000
3608	Spectrogram 1	1	3391.500000	3392.750000	0	0	7	cluster_7	0.8209
3609	Spectrogram 1	1	3392.500000	3393.000000	0	0	noise	cluster_noise	0.0000
3610	Spectrogram 1	1	3392.750000	3394.500000	0	0	7	cluster_7	0.9082
3611	Spectrogram 1	1	3394.250000	3395.250000	0	0	noise	cluster_noise	0.0000
3612	Spectrogram 1	1	3395.000000	3396.250000	0	0	3	cluster_3	1.0000
3613	Spectrogram 1	1	3396.000000	3396.500000	0	0	noise	cluster_noise	0.0000
3614	Spectrogram 1	1	3396.250000	3396.750000	0	0	3	cluster_3	0.9385
3615	Spectrogram 1	1	3396.500000	3398.250000	0	0	11	cluster_11	0.8776
3616	Spectrogram 1	1	3398.000000	3399.750000	0	0	3	cluster_3	1.0000
3617	Spectrogram 1	1	3399.500000	3400.000000	0	0	noise	cluster_noise	0.0000
3618	Spectrogram 1	1	3399.750000	3400.250000	0	0	21	cluster_21	0.7152
3619	Spectrogram 1	1	3400.000000	3401.000000	0	0	noise	cluster_noise	0.0000
3620	Spectrogram 1	1	3400.750000	3401.250000	0	0	11	cluster_11	0.8237
3621	Spectrogram 1	1	3401.000000	3402.500000	0	0	3	cluster_3	1.0000
3622	Spectrogram 1	1	3402.250000	3402.750000	0	0	noise	cluster_noise	0.0000
3623	Spectrogram 1	1	3402.500000	3403.000000	0	0	21	cluster_21	1.0000
3624	Spectrogram 1	1	3402.750000	3403.250000	0	0	noise	cluster_noise	0.0000
3625	Spectrogram 1	1	3403.000000	3403.500000	0	0	11	cluster_11	0.7235
3626	Spectrogram 1	1	3403.250000	3404.000000	0	0	noise	cluster_noise	0.0000
3627	Spectrogram 1	1	3403.750000	3404.250000	0	0	11	cluster_11	0.8089
3628	Spectrogram 1	1	3404.000000	3405.500000	0	0	3	cluster_3	0.8733
3629	Spectrogram 1	1	3405.250000	3406.250000	0	0	noise	cluster_noise	0.0000
3630	Spectrogram 1	1	3406.000000	3406.500000	0	0	11	cluster_11	0.9046
3631	Spectrogram 1	1	3408.000000	3408.500000	0	0	3	cluster_3	0.8518
3632	Spectrogram 1	1	3408.250000	3408.750000	0	0	2	cluster_2	0.8379
3633	Spectrogram 1	1	3408.500000	3409.500000	0	0	noise	cluster_noise	0.0000
3634	Spectrogram 1	1	3419.000000	3419.500000	0	0	11	cluster_11	1.0000
3635	Spectrogram 1	1	3419.250000	3419.750000	0	0	noise	cluster_noise	0.0000
3636	Spectrogram 1	1	3419.500000	3420.750000	0	0	3	cluster_3	1.0000
3637	Spectrogram 1	1	3420.500000	3421.500000	0	0	noise	cluster_noise	0.0000
3638	Spectrogram 1	1	3421.250000	3422.500000	0	0	11	cluster_11	0.8604
3639	Spectrogram 1	1	3423.000000	3423.750000	0	0	3	cluster_3	1.0000
3640	Spectrogram 1	1	3423.500000	3424.250000	0	0	noise	cluster_noise	0.0000
3641	Spectrogram 1	1	3424.000000	3425.500000	0	0	11	cluster_11	0.9377
3642	Spectrogram 1	1	3428.000000	3429.500000	0	0	noise	cluster_noise	0.0000
3643	Spectrogram 1	1	3432.000000	3432.500000	0	0	3	cluster_3	1.0000
3644	Spectrogram 1	1	3432.250000	3432.750000	0	0	0	cluster_0	0.7370
3645	Spectrogram 1	1	3432.500000	3434.250000	0	0	3	cluster_3	0.9355
3646	Spectrogram 1	1	3434.000000	3434.500000	0	0	0	cluster_0	1.0000
3647	Spectrogram 1	1	3434.250000	3434.750000	0	0	21	cluster_21	0.8748
3648	Spectrogram 1	1	3434.500000	3435.000000	0	0	noise	cluster_noise	0.0000
3649	Spectrogram 1	1	3434.750000	3436.250000	0	0	11	cluster_11	0.8930
3650	Spectrogram 1	1	3436.000000	3437.000000	0	0	2	cluster_2	0.9153
3651	Spectrogram 1	1	3436.750000	3437.500000	0	0	noise	cluster_noise	0.0000
3652	Spectrogram 1	1	3437.250000	3438.250000	0	0	3	cluster_3	0.9040
3653	Spectrogram 1	1	3438.000000	3439.500000	0	0	11	cluster_11	0.9153
3654	Spectrogram 1	1	3439.250000	3439.750000	0	0	noise	cluster_noise	0.0000
3655	Spectrogram 1	1	3439.500000	3440.500000	0	0	11	cluster_11	0.8784
3656	Spectrogram 1	1	3441.000000	3442.250000	0	0	3	cluster_3	1.0000
3657	Spectrogram 1	1	3442.000000	3448.750000	0	0	11	cluster_11	0.8644
3658	Spectrogram 1	1	3448.500000	3449.000000	0	0	noise	cluster_noise	0.0000
3659	Spectrogram 1	1	3448.750000	3449.500000	0	0	11	cluster_11	0.9139
3660	Spectrogram 1	1	3451.000000	3451.750000	0	0	0	cluster_0	0.9454
3661	Spectrogram 1	1	3451.500000	3452.000000	0	0	2	cluster_2	0.7143
3662	Spectrogram 1	1	3451.750000	3452.250000	0	0	noise	cluster_noise	0.0000
3663	Spectrogram 1	1	3452.000000	3452.500000	0	0	11	cluster_11	0.7671
3664	Spectrogram 1	1	3468.000000	3468.750000	0	0	noise	cluster_noise	0.0000
3665	Spectrogram 1	1	3468.500000	3470.250000	0	0	3	cluster_3	1.0000
3666	Spectrogram 1	1	3470.000000	3470.500000	0	0	noise	cluster_noise	0.0000
3667	Spectrogram 1	1	3470.250000	3470.750000	0	0	11	cluster_11	0.7924
3668	Spectrogram 1	1	3470.500000	3471.250000	0	0	noise	cluster_noise	0.0000
3669	Spectrogram 1	1	3471.000000	3471.500000	0	0	11	cluster_11	0.7567
3670	Spectrogram 1	1	3471.250000	3471.750000	0	0	noise	cluster_noise	0.0000
3671	Spectrogram 1	1	3471.500000	3472.000000	0	0	11	cluster_11	0.8143
3672	Spectrogram 1	1	3471.750000	3472.250000	0	0	noise	cluster_noise	0.0000
3673	Spectrogram 1	1	3472.000000	3473.500000	0	0	2	cluster_2	0.9350
3674	Spectrogram 1	1	3483.000000	3484.000000	0	0	3	cluster_3	1.0000
3675	Spectrogram 1	1	3483.750000	3485.000000	0	0	11	cluster_11	0.9451
3676	Spectrogram 1	1	3484.750000	3485.250000	0	0	9	cluster_9	0.8346
3677	Spectrogram 1	1	3485.000000	3485.500000	0	0	5	cluster_5	1.0000
3678	Spectrogram 1	1	3485.250000	3487.250000	0	0	2	cluster_2	0.9677
3679	Spectrogram 1	1	3487.000000	3487.500000	0	0	11	cluster_11	0.9815
3680	Spectrogram 1	1	3490.000000	3490.750000	0	0	noise	cluster_noise	0.0000
3681	Spectrogram 1	1	3490.500000	3491.000000	0	0	11	cluster_11	0.9754
3682	Spectrogram 1	1	3490.750000	3491.250000	0	0	noise	cluster_noise	0.0000
3683	Spectrogram 1	1	3491.000000	3492.750000	0	0	5	cluster_5	0.9747
3684	Spectrogram 1	1	3492.500000	3493.500000	0	0	noise	cluster_noise	0.0000
3685	Spectrogram 1	1	3493.250000	3493.750000	0	0	11	cluster_11	1.0000
3686	Spectrogram 1	1	3493.500000	3494.000000	0	0	noise	cluster_noise	0.0000
3687	Spectrogram 1	1	3493.750000	3494.250000	0	0	24	cluster_24	1.0000
3688	Spectrogram 1	1	3494.000000	3494.500000	0	0	0	cluster_0	1.0000
3689	Spectrogram 1	1	3494.250000	3496.000000	0	0	3	cluster_3	1.0000
3690	Spectrogram 1	1	3495.750000	3496.250000	0	0	noise	cluster_noise	0.0000
3691	Spectrogram 1	1	3496.000000	3496.500000	0	0	0	cluster_0	1.0000
3692	Spectrogram 1	1	3496.250000	3497.250000	0	0	noise	cluster_noise	0.0000
3693	Spectrogram 1	1	3497.000000	3497.500000	0	0	11	cluster_11	0.8023
3694	Spectrogram 1	1	3497.250000	3498.000000	0	0	5	cluster_5	1.0000
3695	Spectrogram 1	1	3497.750000	3499.500000	0	0	2	cluster_2	0.9906
3696	Spectrogram 1	1	3499.250000	3499.750000	0	0	noise	cluster_noise	0.0000
3697	Spectrogram 1	1	3499.500000	3500.000000	0	0	11	cluster_11	0.8625
3698	Spectrogram 1	1	3499.750000	3500.500000	0	0	5	cluster_5	0.9858
3699	Spectrogram 1	1	3500.250000	3501.500000	0	0	2	cluster_2	1.0000
3700	Spectrogram 1	1	3504.000000	3506.000000	0	0	5	cluster_5	0.9392
3701	Spectrogram 1	1	3505.750000	3506.250000	0	0	noise	cluster_noise	0.0000
3702	Spectrogram 1	1	3506.000000	3506.750000	0	0	24	cluster_24	1.0000
3703	Spectrogram 1	1	3506.500000	3507.000000	0	0	noise	cluster_noise	0.0000
3704	Spectrogram 1	1	3506.750000	3508.500000	0	0	3	cluster_3	0.9918
3705	Spectrogram 1	1	3508.250000	3508.750000	0	0	noise	cluster_noise	0.0000
3706	Spectrogram 1	1	3508.500000	3509.000000	0	0	11	cluster_11	0.7504
3707	Spectrogram 1	1	3508.750000	3509.500000	0	0	noise	cluster_noise	0.0000
3708	Spectrogram 1	1	3509.250000	3509.750000	0	0	11	cluster_11	0.8373
3709	Spectrogram 1	1	3509.500000	3510.500000	0	0	noise	cluster_noise	0.0000
3710	Spectrogram 1	1	3510.250000	3510.750000	0	0	5	cluster_5	1.0000
3711	Spectrogram 1	1	3510.500000	3512.500000	0	0	2	cluster_2	0.9699
3712	Spectrogram 1	1	3512.250000	3512.750000	0	0	noise	cluster_noise	0.0000
3713	Spectrogram 1	1	3512.500000	3513.000000	0	0	9	cluster_9	0.8073
3714	Spectrogram 1	1	3512.750000	3513.250000	0	0	5	cluster_5	1.0000
3715	Spectrogram 1	1	3513.000000	3514.250000	0	0	2	cluster_2	0.9499
3716	Spectrogram 1	1	3514.000000	3515.250000	0	0	noise	cluster_noise	0.0000
3717	Spectrogram 1	1	3515.000000	3515.500000	0	0	11	cluster_11	0.8458
3718	Spectrogram 1	1	3517.000000	3518.000000	0	0	5	cluster_5	1.0000
3719	Spectrogram 1	1	3517.750000	3518.750000	0	0	noise	cluster_noise	0.0000
3720	Spectrogram 1	1	3518.500000	3519.750000	0	0	11	cluster_11	0.7945
3721	Spectrogram 1	1	3519.500000	3520.000000	0	0	noise	cluster_noise	0.0000
3722	Spectrogram 1	1	3519.750000	3521.250000	0	0	3	cluster_3	0.9927
3723	Spectrogram 1	1	3521.000000	3522.750000	0	0	11	cluster_11	0.9758
3724	Spectrogram 1	1	3522.500000	3523.000000	0	0	noise	cluster_noise	0.0000
3725	Spectrogram 1	1	3522.750000	3523.500000	0	0	5	cluster_5	1.0000
3726	Spectrogram 1	1	3523.250000	3525.250000	0	0	2	cluster_2	1.0000
3727	Spectrogram 1	1	3525.000000	3525.500000	0	0	noise	cluster_noise	0.0000
3728	Spectrogram 1	1	3525.250000	3526.250000	0	0	5	cluster_5	1.0000
3729	Spectrogram 1	1	3526.000000	3528.000000	0	0	2	cluster_2	1.0000
3730	Spectrogram 1	1	3527.750000	3528.250000	0	0	noise	cluster_noise	0.0000
3731	Spectrogram 1	1	3528.000000	3528.500000	0	0	11	cluster_11	0.9570
3732	Spectrogram 1	1	3530.000000	3531.500000	0	0	5	cluster_5	0.9248
3733	Spectrogram 1	1	3531.250000	3534.000000	0	0	3	cluster_3	0.9690
3734	Spectrogram 1	1	3533.750000	3534.250000	0	0	noise	cluster_noise	0.0000
3735	Spectrogram 1	1	3534.000000	3534.500000	0	0	11	cluster_11	0.9406
3736	Spectrogram 1	1	3534.250000	3534.750000	0	0	3	cluster_3	1.0000
3737	Spectrogram 1	1	3534.500000	3535.000000	0	0	noise	cluster_noise	0.0000
3738	Spectrogram 1	1	3534.750000	3535.500000	0	0	24	cluster_24	0.8861
3739	Spectrogram 1	1	3535.250000	3535.750000	0	0	noise	cluster_noise	0.0000
3740	Spectrogram 1	1	3535.500000	3536.000000	0	0	19	cluster_19	1.0000
3741	Spectrogram 1	1	3535.750000	3536.500000	0	0	5	cluster_5	0.9145
3742	Spectrogram 1	1	3536.250000	3536.750000	0	0	noise	cluster_noise	0.0000
3743	Spectrogram 1	1	3536.500000	3538.250000	0	0	2	cluster_2	0.9567
3744	Spectrogram 1	1	3538.000000	3538.750000	0	0	noise	cluster_noise	0.0000
3745	Spectrogram 1	1	3538.500000	3539.000000	0	0	22	cluster_22	0.7211
3746	Spectrogram 1	1	3538.750000	3539.500000	0	0	noise	cluster_noise	0.0000
3747	Spectrogram 1	1	3539.250000	3539.750000	0	0	11	cluster_11	0.7471
3748	Spectrogram 1	1	3539.500000	3540.000000	0	0	noise	cluster_noise	0.0000
3749	Spectrogram 1	1	3539.750000	3542.250000	0	0	5	cluster_5	0.9769
3750	Spectrogram 1	1	3542.000000	3544.750000	0	0	3	cluster_3	1.0000
3751	Spectrogram 1	1	3544.500000	3545.250000	0	0	11	cluster_11	0.8977
3752	Spectrogram 1	1	3545.000000	3546.250000	0	0	noise	cluster_noise	0.0000
3753	Spectrogram 1	1	3546.000000	3546.750000	0	0	24	cluster_24	0.8843
3754	Spectrogram 1	1	3546.500000	3547.000000	0	0	19	cluster_19	0.9656
3755	Spectrogram 1	1	3546.750000	3547.500000	0	0	noise	cluster_noise	0.0000
3756	Spectrogram 1	1	3547.250000	3548.000000	0	0	5	cluster_5	0.8622
3757	Spectrogram 1	1	3547.750000	3548.250000	0	0	noise	cluster_noise	0.0000
3758	Spectrogram 1	1	3548.000000	3548.750000	0	0	2	cluster_2	0.8935
3759	Spectrogram 1	1	3548.500000	3549.000000	0	0	5	cluster_5	1.0000
3760	Spectrogram 1	1	3548.750000	3549.250000	0	0	noise	cluster_noise	0.0000
3761	Spectrogram 1	1	3549.000000	3549.750000	0	0	11	cluster_11	0.8543
3762	Spectrogram 1	1	3549.500000	3551.000000	0	0	noise	cluster_noise	0.0000
3763	Spectrogram 1	1	3550.750000	3553.000000	0	0	5	cluster_5	1.0000
3764	Spectrogram 1	1	3552.750000	3553.250000	0	0	noise	cluster_noise	0.0000
3765	Spectrogram 1	1	3553.000000	3555.750000	0	0	3	cluster_3	0.9684
3766	Spectrogram 1	1	3555.500000	3557.500000	0	0	11	cluster_11	0.9083
3767	Spectrogram 1	1	3557.250000	3558.000000	0	0	noise	cluster_noise	0.0000
3768	Spectrogram 1	1	3557.750000	3558.250000	0	0	19	cluster_19	1.0000
3769	Spectrogram 1	1	3558.000000	3558.500000	0	0	18	cluster_18	0.9087
3770	Spectrogram 1	1	3558.250000	3558.750000	0	0	16	cluster_16	0.3325
3771	Spectrogram 1	1	3558.500000	3559.000000	0	0	noise	cluster_noise	0.0000
3772	Spectrogram 1	1	3558.750000	3559.250000	0	0	5	cluster_5	0.8547
3773	Spectrogram 1	1	3559.000000	3560.750000	0	0	noise	cluster_noise	0.0000
3774	Spectrogram 1	1	3560.500000	3561.250000	0	0	11	cluster_11	0.8599
3775	Spectrogram 1	1	3561.000000	3561.500000	0	0	noise	cluster_noise	0.0000
3776	Spectrogram 1	1	3561.250000	3562.000000	0	0	11	cluster_11	0.8311
3777	Spectrogram 1	1	3561.750000	3564.000000	0	0	5	cluster_5	0.9676
3778	Spectrogram 1	1	3563.750000	3565.500000	0	0	3	cluster_3	1.0000
3779	Spectrogram 1	1	3565.250000	3565.750000	0	0	noise	cluster_noise	0.0000
3780	Spectrogram 1	1	3565.500000	3566.500000	0	0	3	cluster_3	0.9132
3781	Spectrogram 1	1	3568.000000	3569.000000	0	0	11	cluster_11	0.7947
3782	Spectrogram 1	1	3568.750000	3569.500000	0	0	noise	cluster_noise	0.0000
3783	Spectrogram 1	1	3569.250000	3570.250000	0	0	16	cluster_16	0.5268
3784	Spectrogram 1	1	3570.000000	3570.750000	0	0	noise	cluster_noise	0.0000
3785	Spectrogram 1	1	3570.500000	3571.000000	0	0	5	cluster_5	1.0000
3786	Spectrogram 1	1	3570.750000	3573.000000	0	0	noise	cluster_noise	0.0000
3787	Spectrogram 1	1	3572.750000	3573.250000	0	0	11	cluster_11	0.8726
3788	Spectrogram 1	1	3573.000000	3573.500000	0	0	noise	cluster_noise	0.0000
3789	Spectrogram 1	1	3573.250000	3575.500000	0	0	5	cluster_5	1.0000
3790	Spectrogram 1	1	3575.250000	3575.750000	0	0	noise	cluster_noise	0.0000
3791	Spectrogram 1	1	3575.500000	3576.750000	0	0	3	cluster_3	0.9933
3792	Spectrogram 1	1	3576.500000	3577.500000	0	0	noise	cluster_noise	0.0000
3793	Spectrogram 1	1	3580.000000	3580.500000	0	0	18	cluster_18	0.7834
3794	Spectrogram 1	1	3580.250000	3581.250000	0	0	16	cluster_16	0.7277
3795	Spectrogram 1	1	3581.000000	3582.000000	0	0	noise	cluster_noise	0.0000
3796	Spectrogram 1	1	3581.750000	3583.250000	0	0	11	cluster_11	0.8416
3797	Spectrogram 1	1	3583.000000	3583.750000	0	0	noise	cluster_noise	0.0000
3798	Spectrogram 1	1	3583.500000	3584.000000	0	0	11	cluster_11	0.7387
3799	Spectrogram 1	1	3583.750000	3584.250000	0	0	noise	cluster_noise	0.0000
3800	Spectrogram 1	1	3584.000000	3586.250000	0	0	5	cluster_5	1.0000
3801	Spectrogram 1	1	3586.000000	3586.750000	0	0	noise	cluster_noise	0.0000
3802	Spectrogram 1	1	3586.500000	3587.750000	0	0	3	cluster_3	1.0000
3803	Spectrogram 1	1	3587.500000	3589.500000	0	0	noise	cluster_noise	0.0000
3804	Spectrogram 1	1	3591.000000	3592.000000	0	0	16	cluster_16	0.6239
3805	Spectrogram 1	1	3591.750000	3592.500000	0	0	noise	cluster_noise	0.0000
3806	Spectrogram 1	1	3592.250000	3592.750000	0	0	9	cluster_9	0.9992
3807	Spectrogram 1	1	3592.500000	3593.750000	0	0	noise	cluster_noise	0.0000
3808	Spectrogram 1	1	3593.500000	3594.000000	0	0	11	cluster_11	0.7327
3809	Spectrogram 1	1	3593.750000	3594.250000	0	0	noise	cluster_noise	0.0000
3810	Spectrogram 1	1	3594.000000	3594.750000	0	0	11	cluster_11	0.7740
3811	Spectrogram 1	1	3594.500000	3595.250000	0	0	noise	cluster_noise	0.0000
3812	Spectrogram 1	1	3595.000000	3597.500000	0	0	5	cluster_5	1.0000
3813	Spectrogram 1	1	3597.250000	3598.500000	0	0	3	cluster_3	0.9733
3814	Spectrogram 1	1	3598.250000	3599.000000	0	0	noise	cluster_noise	0.0000
3815	Spectrogram 1	1	3598.750000	3599.500000	0	0	11	cluster_11	0.7772
3816	Spectrogram 1	1	3599.250000	3600.000000	0	0	noise	cluster_noise	0.0000
3817	Spectrogram 1	1	3599.750000	3600.500000	0	0	11	cluster_11	0.7385
3818	Spectrogram 1	1	3602.000000	3603.000000	0	0	16	cluster_16	0.3839
3819	Spectrogram 1	1	3602.750000	3603.750000	0	0	noise	cluster_noise	0.0000
3820	Spectrogram 1	1	3603.500000	3604.000000	0	0	15	cluster_15	1.0000
3821	Spectrogram 1	1	3603.750000	3604.250000	0	0	noise	cluster_noise	0.0000
3822	Spectrogram 1	1	3604.000000	3605.250000	0	0	11	cluster_11	0.7499
3823	Spectrogram 1	1	3605.000000	3605.750000	0	0	noise	cluster_noise	0.0000
3824	Spectrogram 1	1	3605.500000	3606.000000	0	0	9	cluster_9	0.7543
3825	Spectrogram 1	1	3605.750000	3608.000000	0	0	5	cluster_5	0.9848
3826	Spectrogram 1	1	3607.750000	3609.000000	0	0	noise	cluster_noise	0.0000
3827	Spectrogram 1	1	3608.750000	3609.250000	0	0	22	cluster_22	0.8147
3828	Spectrogram 1	1	3609.000000	3609.500000	0	0	noise	cluster_noise	0.0000
3829	Spectrogram 1	1	3609.250000	3609.750000	0	0	24	cluster_24	0.8881
3830	Spectrogram 1	1	3609.500000	3610.000000	0	0	19	cluster_19	0.9678
3831	Spectrogram 1	1	3609.750000	3610.500000	0	0	18	cluster_18	0.9697
3832	Spectrogram 1	1	3610.250000	3611.000000	0	0	noise	cluster_noise	0.0000
3833	Spectrogram 1	1	3610.750000	3611.250000	0	0	11	cluster_11	0.7518
3834	Spectrogram 1	1	3611.000000	3611.750000	0	0	noise	cluster_noise	0.0000
3835	Spectrogram 1	1	3611.500000	3612.000000	0	0	18	cluster_18	0.7763
3836	Spectrogram 1	1	3611.750000	3612.250000	0	0	noise	cluster_noise	0.0000
3837	Spectrogram 1	1	3612.000000	3612.500000	0	0	18	cluster_18	0.7818
3838	Spectrogram 1	1	3612.250000	3613.000000	0	0	noise	cluster_noise	0.0000
3839	Spectrogram 1	1	3612.750000	3613.250000	0	0	15	cluster_15	1.0000
3840	Spectrogram 1	1	3613.000000	3613.500000	0	0	19	cluster_19	0.9853
3841	Spectrogram 1	1	3613.250000	3613.750000	0	0	18	cluster_18	0.8148
3842	Spectrogram 1	1	3613.500000	3615.500000	0	0	noise	cluster_noise	0.0000
3843	Spectrogram 1	1	3615.250000	3616.000000	0	0	11	cluster_11	0.8240
3844	Spectrogram 1	1	3615.750000	3616.500000	0	0	noise	cluster_noise	0.0000
3845	Spectrogram 1	1	3616.250000	3619.000000	0	0	5	cluster_5	1.0000
3846	Spectrogram 1	1	3618.750000	3619.750000	0	0	noise	cluster_noise	0.0000
3847	Spectrogram 1	1	3619.500000	3620.000000	0	0	11	cluster_11	0.7228
3848	Spectrogram 1	1	3619.750000	3620.250000	0	0	noise	cluster_noise	0.0000
3849	Spectrogram 1	1	3620.000000	3620.500000	0	0	22	cluster_22	0.7051
3850	Spectrogram 1	1	3620.250000	3620.750000	0	0	9	cluster_9	0.8837
3851	Spectrogram 1	1	3620.500000	3622.750000	0	0	5	cluster_5	0.9931
3852	Spectrogram 1	1	3622.500000	3623.250000	0	0	noise	cluster_noise	0.0000
3853	Spectrogram 1	1	3623.000000	3623.500000	0	0	19	cluster_19	1.0000
3854	Spectrogram 1	1	3626.000000	3626.500000	0	0	noise	cluster_noise	0.0000
3855	Spectrogram 1	1	3626.250000	3627.250000	0	0	15	cluster_15	0.9915
3856	Spectrogram 1	1	3627.000000	3628.250000	0	0	noise	cluster_noise	0.0000
3857	Spectrogram 1	1	3628.000000	3628.500000	0	0	15	cluster_15	0.9727
3858	Spectrogram 1	1	3628.250000	3628.750000	0	0	noise	cluster_noise	0.0000
3859	Spectrogram 1	1	3628.500000	3629.250000	0	0	18	cluster_18	0.9587
3860	Spectrogram 1	1	3629.000000	3630.250000	0	0	noise	cluster_noise	0.0000
3861	Spectrogram 1	1	3630.000000	3630.500000	0	0	19	cluster_19	1.0000
3862	Spectrogram 1	1	3630.250000	3630.750000	0	0	noise	cluster_noise	0.0000
3863	Spectrogram 1	1	3630.500000	3631.000000	0	0	18	cluster_18	1.0000
3864	Spectrogram 1	1	3630.750000	3631.250000	0	0	17	cluster_17	1.0000
3865	Spectrogram 1	1	3631.000000	3631.500000	0	0	noise	cluster_noise	0.0000
3866	Spectrogram 1	1	3631.250000	3632.000000	0	0	15	cluster_15	1.0000
3867	Spectrogram 1	1	3631.750000	3632.500000	0	0	noise	cluster_noise	0.0000
3868	Spectrogram 1	1	3632.250000	3635.750000	0	0	5	cluster_5	1.0000
3869	Spectrogram 1	1	3635.500000	3637.000000	0	0	noise	cluster_noise	0.0000
3870	Spectrogram 1	1	3636.750000	3638.000000	0	0	5	cluster_5	0.9985
3871	Spectrogram 1	1	3637.750000	3638.250000	0	0	noise	cluster_noise	0.0000
3872	Spectrogram 1	1	3638.000000	3638.750000	0	0	5	cluster_5	1.0000
3873	Spectrogram 1	1	3638.500000	3639.250000	0	0	noise	cluster_noise	0.0000
3874	Spectrogram 1	1	3639.000000	3639.500000	0	0	19	cluster_19	0.9646
3875	Spectrogram 1	1	3639.250000	3640.000000	0	0	18	cluster_18	0.7757
3876	Spectrogram 1	1	3639.750000	3640.250000	0	0	13	cluster_13	0.5034
3877	Spectrogram 1	1	3640.000000	3640.500000	0	0	noise	cluster_noise	0.0000
3878	Spectrogram 1	1	3640.250000	3641.000000	0	0	15	cluster_15	0.9827
3879	Spectrogram 1	1	3640.750000	3641.250000	0	0	noise	cluster_noise	0.0000
3880	Spectrogram 1	1	3641.000000	3641.500000	0	0	19	cluster_19	1.0000
3881	Spectrogram 1	1	3641.250000	3641.750000	0	0	noise	cluster_noise	0.0000
3882	Spectrogram 1	1	3641.500000	3642.000000	0	0	18	cluster_18	0.7439
3883	Spectrogram 1	1	3641.750000	3642.500000	0	0	noise	cluster_noise	0.0000
3884	Spectrogram 1	1	3642.250000	3643.000000	0	0	15	cluster_15	0.9815
3885	Spectrogram 1	1	3642.750000	3643.500000	0	0	noise	cluster_noise	0.0000
3886	Spectrogram 1	1	3643.250000	3643.750000	0	0	18	cluster_18	1.0000
3887	Spectrogram 1	1	3643.500000	3644.000000	0	0	17	cluster_17	0.9839
3888	Spectrogram 1	1	3643.750000	3644.250000	0	0	noise	cluster_noise	0.0000
3889	Spectrogram 1	1	3644.000000	3644.500000	0	0	15	cluster_15	1.0000
3890	Spectrogram 1	1	3644.250000	3644.750000	0	0	20	cluster_20	1.0000
3891	Spectrogram 1	1	3644.500000	3646.000000	0	0	noise	cluster_noise	0.0000
3892	Spectrogram 1	1	3645.750000	3646.250000	0	0	15	cluster_15	1.0000
3893	Spectrogram 1	1	3646.000000	3646.500000	0	0	noise	cluster_noise	0.0000
3894	Spectrogram 1	1	3646.250000	3647.250000	0	0	11	cluster_11	0.7657
3895	Spectrogram 1	1	3647.000000	3650.000000	0	0	5	cluster_5	0.9935
3896	Spectrogram 1	1	3649.750000	3650.250000	0	0	23	cluster_23	1.0000
3897	Spectrogram 1	1	3650.000000	3650.500000	0	0	noise	cluster_noise	0.0000
3898	Spectrogram 1	1	3650.250000	3650.750000	0	0	22	cluster_22	0.7442
3899	Spectrogram 1	1	3650.500000	3651.250000	0	0	noise	cluster_noise	0.0000
3900	Spectrogram 1	1	3651.000000	3651.500000	0	0	9	cluster_9	0.7733
3901	Spectrogram 1	1	3651.250000	3653.500000	0	0	5	cluster_5	0.9603
3902	Spectrogram 1	1	3653.250000	3654.000000	0	0	noise	cluster_noise	0.0000
3903	Spectrogram 1	1	3653.750000	3654.500000	0	0	18	cluster_18	0.8282
3904	Spectrogram 1	1	3654.250000	3655.000000	0	0	noise	cluster_noise	0.0000
3905	Spectrogram 1	1	3654.750000	3655.500000	0	0	15	cluster_15	1.0000
3906	Spectrogram 1	1	3655.250000	3655.750000	0	0	noise	cluster_noise	0.0000
3907	Spectrogram 1	1	3655.500000	3656.000000	0	0	19	cluster_19	0.9526
3908	Spectrogram 1	1	3655.750000	3656.250000	0	0	noise	cluster_noise	0.0000
3909	Spectrogram 1	1	3656.000000	3656.500000	0	0	18	cluster_18	0.8831
3910	Spectrogram 1	1	3656.250000	3657.750000	0	0	noise	cluster_noise	0.0000
3911	Spectrogram 1	1	3657.500000	3658.000000	0	0	18	cluster_18	1.0000
3912	Spectrogram 1	1	3657.750000	3658.500000	0	0	noise	cluster_noise	0.0000
3913	Spectrogram 1	1	3658.250000	3658.750000	0	0	15	cluster_15	0.9765
3914	Spectrogram 1	1	3658.500000	3659.000000	0	0	noise	cluster_noise	0.0000
3915	Spectrogram 1	1	3658.750000	3659.250000	0	0	15	cluster_15	1.0000
3916	Spectrogram 1	1	3659.000000	3659.750000	0	0	18	cluster_18	0.8084
3917	Spectrogram 1	1	3659.500000	3660.500000	0	0	noise	cluster_noise	0.0000
3918	Spectrogram 1	1	3660.250000	3660.750000	0	0	15	cluster_15	0.9871
3919	Spectrogram 1	1	3660.500000	3661.250000	0	0	noise	cluster_noise	0.0000
3920	Spectrogram 1	1	3661.000000	3661.750000	0	0	11	cluster_11	0.8073
3921	Spectrogram 1	1	3661.500000	3662.250000	0	0	noise	cluster_noise	0.0000
3922	Spectrogram 1	1	3662.000000	3663.500000	0	0	5	cluster_5	0.9618
3923	Spectrogram 1	1	3663.250000	3663.750000	0	0	noise	cluster_noise	0.0000
3924	Spectrogram 1	1	3663.500000	3664.500000	0	0	5	cluster_5	1.0000
3925	Spectrogram 1	1	3664.250000	3664.750000	0	0	9	cluster_9	0.8508
3926	Spectrogram 1	1	3664.500000	3665.750000	0	0	noise	cluster_noise	0.0000
3927	Spectrogram 1	1	3665.500000	3667.750000	0	0	5	cluster_5	1.0000
3928	Spectrogram 1	1	3667.500000	3668.250000	0	0	noise	cluster_noise	0.0000
3929	Spectrogram 1	1	3668.000000	3668.500000	0	0	19	cluster_19	1.0000
3930	Spectrogram 1	1	3668.250000	3668.750000	0	0	18	cluster_18	0.9832
3931	Spectrogram 1	1	3668.500000	3669.000000	0	0	noise	cluster_noise	0.0000
3932	Spectrogram 1	1	3668.750000	3669.250000	0	0	13	cluster_13	0.5234
3933	Spectrogram 1	1	3669.000000	3670.000000	0	0	15	cluster_15	0.9977
3934	Spectrogram 1	1	3669.750000	3670.500000	0	0	noise	cluster_noise	0.0000
3935	Spectrogram 1	1	3670.250000	3671.000000	0	0	18	cluster_18	0.9252
3936	Spectrogram 1	1	3670.750000	3671.750000	0	0	noise	cluster_noise	0.0000
3937	Spectrogram 1	1	3671.500000	3672.000000	0	0	15	cluster_15	0.9441
3938	Spectrogram 1	1	3671.750000	3672.500000	0	0	noise	cluster_noise	0.0000
3939	Spectrogram 1	1	3672.250000	3672.750000	0	0	18	cluster_18	0.8335
3940	Spectrogram 1	1	3672.500000	3675.750000	0	0	noise	cluster_noise	0.0000
3941	Spectrogram 1	1	3675.500000	3676.250000	0	0	11	cluster_11	0.9042
3942	Spectrogram 1	1	3676.000000	3676.500000	0	0	noise	cluster_noise	0.0000
3943	Spectrogram 1	1	3676.250000	3676.750000	0	0	9	cluster_9	0.7873
3944	Spectrogram 1	1	3676.500000	3679.500000	0	0	5	cluster_5	0.9803
3945	Spectrogram 1	1	3679.250000	3679.750000	0	0	noise	cluster_noise	0.0000
3946	Spectrogram 1	1	3679.500000	3680.000000	0	0	22	cluster_22	0.7892
3947	Spectrogram 1	1	3679.750000	3680.250000	0	0	noise	cluster_noise	0.0000
3948	Spectrogram 1	1	3680.000000	3680.500000	0	0	11	cluster_11	0.8217
3949	Spectrogram 1	1	3680.250000	3681.250000	0	0	noise	cluster_noise	0.0000
3950	Spectrogram 1	1	3681.000000	3682.750000	0	0	5	cluster_5	1.0000
3951	Spectrogram 1	1	3682.500000	3683.000000	0	0	noise	cluster_noise	0.0000
3952	Spectrogram 1	1	3682.750000	3683.500000	0	0	22	cluster_22	0.7378
3953	Spectrogram 1	1	3683.250000	3684.000000	0	0	noise	cluster_noise	0.0000
3954	Spectrogram 1	1	3683.750000	3684.250000	0	0	17	cluster_17	0.9635
3955	Spectrogram 1	1	3684.000000	3688.000000	0	0	noise	cluster_noise	0.0000
3956	Spectrogram 1	1	3687.750000	3688.250000	0	0	3	cluster_3	0.9652
3957	Spectrogram 1	1	3688.000000	3689.000000	0	0	noise	cluster_noise	0.0000
3958	Spectrogram 1	1	3688.750000	3689.250000	0	0	17	cluster_17	1.0000
3959	Spectrogram 1	1	3689.000000	3690.750000	0	0	noise	cluster_noise	0.0000
3960	Spectrogram 1	1	3690.500000	3691.000000	0	0	17	cluster_17	1.0000
3961	Spectrogram 1	1	3690.750000	3692.000000	0	0	noise	cluster_noise	0.0000
3962	Spectrogram 1	1	3691.750000	3692.500000	0	0	11	cluster_11	0.7916
3963	Spectrogram 1	1	3692.250000	3693.500000	0	0	noise	cluster_noise	0.0000
3964	Spectrogram 1	1	3693.250000	3695.000000	0	0	5	cluster_5	0.9995
3965	Spectrogram 1	1	3694.750000	3695.500000	0	0	noise	cluster_noise	0.0000
3966	Spectrogram 1	1	3695.250000	3695.750000	0	0	24	cluster_24	0.8628
3967	Spectrogram 1	1	3695.500000	3696.500000	0	0	noise	cluster_noise	0.0000
3968	Spectrogram 1	1	3696.250000	3696.750000	0	0	23	cluster_23	1.0000
3969	Spectrogram 1	1	3696.500000	3697.000000	0	0	noise	cluster_noise	0.0000
3970	Spectrogram 1	1	3696.750000	3698.500000	0	0	5	cluster_5	0.9306
3971	Spectrogram 1	1	3698.250000	3699.500000	0	0	noise	cluster_noise	0.0000
3972	Spectrogram 1	1	3699.250000	3699.750000	0	0	11	cluster_11	0.8144
3973	Spectrogram 1	1	3699.500000	3700.000000	0	0	19	cluster_19	1.0000
3974	Spectrogram 1	1	3699.750000	3700.250000	0	0	noise	cluster_noise	0.0000
3975	Spectrogram 1	1	3700.000000	3700.500000	0	0	17	cluster_17	1.0000
3976	Spectrogram 1	1	3700.250000	3700.750000	0	0	noise	cluster_noise	0.0000
3977	Spectrogram 1	1	3700.500000	3701.000000	0	0	24	cluster_24	1.0000
3978	Spectrogram 1	1	3700.750000	3701.750000	0	0	noise	cluster_noise	0.0000
3979	Spectrogram 1	1	3701.500000	3702.000000	0	0	19	cluster_19	0.9530
3980	Spectrogram 1	1	3701.750000	3705.000000	0	0	noise	cluster_noise	0.0000
3981	Spectrogram 1	1	3704.750000	3705.250000	0	0	19	cluster_19	0.9775
3982	Spectrogram 1	1	3705.000000	3705.500000	0	0	noise	cluster_noise	0.0000
3983	Spectrogram 1	1	3705.250000	3705.750000	0	0	17	cluster_17	0.9142
3984	Spectrogram 1	1	3705.500000	3706.250000	0	0	noise	cluster_noise	0.0000
3985	Spectrogram 1	1	3706.000000	3706.500000	0	0	11	cluster_11	0.7337
3986	Spectrogram 1	1	3706.250000	3707.000000	0	0	noise	cluster_noise	0.0000
3987	Spectrogram 1	1	3706.750000	3707.250000	0	0	17	cluster_17	1.0000
3988	Spectrogram 1	1	3707.000000	3708.500000	0	0	noise	cluster_noise	0.0000
3989	Spectrogram 1	1	3708.250000	3708.750000	0	0	22	cluster_22	0.9089
3990	Spectrogram 1	1	3708.500000	3709.000000	0	0	5	cluster_5	0.9144
3991	Spectrogram 1	1	3708.750000	3709.500000	0	0	noise	cluster_noise	0.0000
3992	Spectrogram 1	1	3709.250000	3709.750000	0	0	22	cluster_22	0.7827
3993	Spectrogram 1	1	3709.500000	3711.000000	0	0	5	cluster_5	0.9233
3994	Spectrogram 1	1	3710.750000	3712.250000	0	0	noise	cluster_noise	0.0000
3995	Spectrogram 1	1	3712.000000	3712.500000	0	0	11	cluster_11	0.7767
3996	Spectrogram 1	1	3712.250000	3713.500000	0	0	noise	cluster_noise	0.0000
3997	Spectrogram 1	1	3713.250000	3714.250000	0	0	5	cluster_5	0.9087
3998	Spectrogram 1	1	3714.000000	3716.500000	0	0	noise	cluster_noise	0.0000
3999	Spectrogram 1	1	3716.250000	3716.750000	0	0	11	cluster_11	0.7417
4000	Spectrogram 1	1	3716.500000	3717.000000	0	0	21	cluster_21	0.8911
4001	Spectrogram 1	1	3716.750000	3717.500000	0	0	noise	cluster_noise	0.0000
4002	Spectrogram 1	1	3717.250000	3717.750000	0	0	19	cluster_19	0.9755
4003	Spectrogram 1	1	3717.500000	3718.250000	0	0	noise	cluster_noise	0.0000
4004	Spectrogram 1	1	3718.000000	3718.500000	0	0	13	cluster_13	0.5234
4005	Spectrogram 1	1	3718.250000	3719.000000	0	0	noise	cluster_noise	0.0000
4006	Spectrogram 1	1	3718.750000	3719.250000	0	0	11	cluster_11	0.7982
4007	Spectrogram 1	1	3719.000000	3719.500000	0	0	19	cluster_19	1.0000
4008	Spectrogram 1	1	3719.250000	3720.250000	0	0	noise	cluster_noise	0.0000
4009	Spectrogram 1	1	3720.000000	3721.000000	0	0	11	cluster_11	0.8141
4010	Spectrogram 1	1	3720.750000	3722.500000	0	0	noise	cluster_noise	0.0000
4011	Spectrogram 1	1	3722.250000	3722.750000	0	0	11	cluster_11	1.0000
4012	Spectrogram 1	1	3722.500000	3723.000000	0	0	19	cluster_19	0.9217
4013	Spectrogram 1	1	3722.750000	3725.000000	0	0	noise	cluster_noise	0.0000
4014	Spectrogram 1	1	3724.750000	3725.500000	0	0	11	cluster_11	0.7465
4015	Spectrogram 1	1	3725.250000	3726.750000	0	0	5	cluster_5	1.0000
4016	Spectrogram 1	1	3726.500000	3727.000000	0	0	2	cluster_2	0.7043
4017	Spectrogram 1	1	3726.750000	3727.750000	0	0	5	cluster_5	1.0000
4018	Spectrogram 1	1	3727.500000	3729.000000	0	0	noise	cluster_noise	0.0000
4019	Spectrogram 1	1	3728.750000	3729.500000	0	0	11	cluster_11	0.8941
4020	Spectrogram 1	1	3729.250000	3730.000000	0	0	noise	cluster_noise	0.0000
4021	Spectrogram 1	1	3729.750000	3730.250000	0	0	24	cluster_24	1.0000
4022	Spectrogram 1	1	3730.000000	3730.750000	0	0	3	cluster_3	1.0000
4023	Spectrogram 1	1	3730.500000	3733.500000	0	0	noise	cluster_noise	0.0000
4024	Spectrogram 1	1	3733.250000	3733.750000	0	0	21	cluster_21	0.8094
4025	Spectrogram 1	1	3733.500000	3734.000000	0	0	11	cluster_11	0.8985
4026	Spectrogram 1	1	3733.750000	3734.500000	0	0	noise	cluster_noise	0.0000
4027	Spectrogram 1	1	3734.250000	3734.750000	0	0	4	cluster_4	1.0000
4028	Spectrogram 1	1	3734.500000	3735.500000	0	0	noise	cluster_noise	0.0000
4029	Spectrogram 1	1	3735.250000	3735.750000	0	0	24	cluster_24	0.9566
4030	Spectrogram 1	1	3735.500000	3736.000000	0	0	noise	cluster_noise	0.0000
4031	Spectrogram 1	1	3735.750000	3736.250000	0	0	24	cluster_24	0.9793
4032	Spectrogram 1	1	3736.000000	3736.500000	0	0	noise	cluster_noise	0.0000
4033	Spectrogram 1	1	3736.250000	3736.750000	0	0	4	cluster_4	0.6032
4034	Spectrogram 1	1	3736.500000	3739.000000	0	0	noise	cluster_noise	0.0000
4035	Spectrogram 1	1	3738.750000	3740.250000	0	0	5	cluster_5	0.9987
4036	Spectrogram 1	1	3740.000000	3741.250000	0	0	noise	cluster_noise	0.0000
4037	Spectrogram 1	1	3741.000000	3741.500000	0	0	11	cluster_11	0.9050
4038	Spectrogram 1	1	3741.250000	3742.250000	0	0	noise	cluster_noise	0.0000
4039	Spectrogram 1	1	3742.000000	3744.750000	0	0	11	cluster_11	0.9215
4040	Spectrogram 1	1	3744.500000	3745.500000	0	0	noise	cluster_noise	0.0000
4041	Spectrogram 1	1	3745.250000	3745.750000	0	0	11	cluster_11	0.8346
4042	Spectrogram 1	1	3745.500000	3746.000000	0	0	3	cluster_3	0.9298
4043	Spectrogram 1	1	3745.750000	3747.000000	0	0	noise	cluster_noise	0.0000
4044	Spectrogram 1	1	3746.750000	3748.000000	0	0	11	cluster_11	0.8467
4045	Spectrogram 1	1	3747.750000	3748.250000	0	0	3	cluster_3	0.9074
4046	Spectrogram 1	1	3748.000000	3749.500000	0	0	noise	cluster_noise	0.0000
4047	Spectrogram 1	1	3749.250000	3750.000000	0	0	11	cluster_11	0.8427
4048	Spectrogram 1	1	3749.750000	3750.250000	0	0	noise	cluster_noise	0.0000
4049	Spectrogram 1	1	3750.000000	3750.750000	0	0	11	cluster_11	0.8623
4050	Spectrogram 1	1	3750.500000	3751.000000	0	0	noise	cluster_noise	0.0000
4051	Spectrogram 1	1	3750.750000	3751.250000	0	0	11	cluster_11	0.8208
4052	Spectrogram 1	1	3751.000000	3751.750000	0	0	noise	cluster_noise	0.0000
4053	Spectrogram 1	1	3751.500000	3753.500000	0	0	5	cluster_5	0.9989
4054	Spectrogram 1	1	3753.250000	3755.000000	0	0	noise	cluster_noise	0.0000
4055	Spectrogram 1	1	3754.750000	3756.250000	0	0	11	cluster_11	0.9007
4056	Spectrogram 1	1	3756.000000	3756.500000	0	0	noise	cluster_noise	0.0000
4057	Spectrogram 1	1	3756.250000	3756.750000	0	0	11	cluster_11	0.7190
4058	Spectrogram 1	1	3756.500000	3758.250000	0	0	noise	cluster_noise	0.0000
4059	Spectrogram 1	1	3758.000000	3758.750000	0	0	11	cluster_11	0.9309
4060	Spectrogram 1	1	3758.500000	3759.000000	0	0	noise	cluster_noise	0.0000
4061	Spectrogram 1	1	3758.750000	3759.250000	0	0	11	cluster_11	0.9580
4062	Spectrogram 1	1	3759.000000	3759.500000	0	0	noise	cluster_noise	0.0000
4063	Spectrogram 1	1	3759.250000	3760.250000	0	0	0	cluster_0	1.0000
4064	Spectrogram 1	1	3760.000000	3760.500000	0	0	11	cluster_11	0.7267
4065	Spectrogram 1	1	3760.250000	3760.750000	0	0	noise	cluster_noise	0.0000
4066	Spectrogram 1	1	3760.500000	3761.000000	0	0	11	cluster_11	0.8495
4067	Spectrogram 1	1	3760.750000	3763.250000	0	0	noise	cluster_noise	0.0000
4068	Spectrogram 1	1	3763.000000	3763.500000	0	0	11	cluster_11	0.9462
4069	Spectrogram 1	1	3763.250000	3764.000000	0	0	noise	cluster_noise	0.0000
4070	Spectrogram 1	1	3763.750000	3764.250000	0	0	11	cluster_11	0.9182
4071	Spectrogram 1	1	3764.000000	3764.500000	0	0	noise	cluster_noise	0.0000
4072	Spectrogram 1	1	3764.250000	3764.750000	0	0	22	cluster_22	0.7091
4073	Spectrogram 1	1	3764.500000	3766.500000	0	0	5	cluster_5	0.9893
4074	Spectrogram 1	1	3767.000000	3768.500000	0	0	noise	cluster_noise	0.0000
4075	Spectrogram 1	1	3768.250000	3768.750000	0	0	11	cluster_11	1.0000
4076	Spectrogram 1	1	3768.500000	3769.000000	0	0	noise	cluster_noise	0.0000
4077	Spectrogram 1	1	3768.750000	3769.250000	0	0	11	cluster_11	0.8855
4078	Spectrogram 1	1	3769.000000	3770.000000	0	0	noise	cluster_noise	0.0000
4079	Spectrogram 1	1	3769.750000	3770.250000	0	0	0	cluster_0	1.0000
4080	Spectrogram 1	1	3770.000000	3770.750000	0	0	noise	cluster_noise	0.0000
4081	Spectrogram 1	1	3770.500000	3771.500000	0	0	24	cluster_24	0.9195
4082	Spectrogram 1	1	3771.250000	3772.750000	0	0	noise	cluster_noise	0.0000
4083	Spectrogram 1	1	3772.500000	3773.000000	0	0	3	cluster_3	1.0000
4084	Spectrogram 1	1	3772.750000	3773.250000	0	0	noise	cluster_noise	0.0000
4085	Spectrogram 1	1	3773.000000	3773.500000	0	0	21	cluster_21	0.8441
4086	Spectrogram 1	1	3773.250000	3773.750000	0	0	noise	cluster_noise	0.0000
4087	Spectrogram 1	1	3773.500000	3774.250000	0	0	11	cluster_11	0.7998
4088	Spectrogram 1	1	3774.000000	3775.250000	0	0	noise	cluster_noise	0.0000
4089	Spectrogram 1	1	3775.000000	3775.750000	0	0	24	cluster_24	0.9987
4090	Spectrogram 1	1	3775.500000	3777.250000	0	0	noise	cluster_noise	0.0000
4091	Spectrogram 1	1	3777.000000	3778.500000	0	0	5	cluster_5	1.0000
4092	Spectrogram 1	1	3786.000000	3786.500000	0	0	1	cluster_1	0.7304
4093	Spectrogram 1	1	3786.250000	3787.000000	0	0	noise	cluster_noise	0.0000
4094	Spectrogram 1	1	3786.750000	3787.250000	0	0	21	cluster_21	0.7777
4095	Spectrogram 1	1	3787.000000	3787.500000	0	0	noise	cluster_noise	0.0000
4096	Spectrogram 1	1	3787.250000	3788.750000	0	0	11	cluster_11	0.8636
4097	Spectrogram 1	1	3788.500000	3789.000000	0	0	noise	cluster_noise	0.0000
4098	Spectrogram 1	1	3788.750000	3791.500000	0	0	5	cluster_5	0.9857
4099	Spectrogram 1	1	3794.000000	3801.750000	0	0	4	cluster_4	0.6658
4100	Spectrogram 1	1	3801.500000	3802.000000	0	0	noise	cluster_noise	0.0000
4101	Spectrogram 1	1	3801.750000	3802.250000	0	0	0	cluster_0	1.0000
4102	Spectrogram 1	1	3802.000000	3803.500000	0	0	noise	cluster_noise	0.0000
4103	Spectrogram 1	1	3803.250000	3803.750000	0	0	13	cluster_13	0.5265
4104	Spectrogram 1	1	3803.500000	3804.000000	0	0	noise	cluster_noise	0.0000
4105	Spectrogram 1	1	3803.750000	3805.000000	0	0	11	cluster_11	0.8466
4106	Spectrogram 1	1	3804.750000	3805.750000	0	0	noise	cluster_noise	0.0000
4107	Spectrogram 1	1	3805.500000	3806.000000	0	0	10	cluster_10	0.5598
4108	Spectrogram 1	1	3805.750000	3806.250000	0	0	11	cluster_11	0.9917
4109	Spectrogram 1	1	3806.000000	3806.500000	0	0	noise	cluster_noise	0.0000
4110	Spectrogram 1	1	3807.000000	3808.500000	0	0	11	cluster_11	0.9338
4111	Spectrogram 1	1	3812.000000	3812.500000	0	0	noise	cluster_noise	0.0000
4112	Spectrogram 1	1	3812.250000	3813.000000	0	0	11	cluster_11	0.7739
4113	Spectrogram 1	1	3812.750000	3813.500000	0	0	noise	cluster_noise	0.0000
4114	Spectrogram 1	1	3813.250000	3815.750000	0	0	4	cluster_4	0.8146
4115	Spectrogram 1	1	3815.500000	3816.750000	0	0	noise	cluster_noise	0.0000
4116	Spectrogram 1	1	3816.500000	3817.000000	0	0	5	cluster_5	1.0000
4117	Spectrogram 1	1	3816.750000	3817.250000	0	0	noise	cluster_noise	0.0000
4118	Spectrogram 1	1	3817.000000	3817.500000	0	0	21	cluster_21	0.8892
4119	Spectrogram 1	1	3817.250000	3818.500000	0	0	noise	cluster_noise	0.0000
4120	Spectrogram 1	1	3824.000000	3825.000000	0	0	4	cluster_4	0.8345
4121	Spectrogram 1	1	3824.750000	3825.250000	0	0	0	cluster_0	1.0000
4122	Spectrogram 1	1	3825.000000	3827.250000	0	0	noise	cluster_noise	0.0000
4123	Spectrogram 1	1	3827.000000	3828.000000	0	0	11	cluster_11	0.8674
4124	Spectrogram 1	1	3827.750000	3828.500000	0	0	noise	cluster_noise	0.0000
4125	Spectrogram 1	1	3828.250000	3828.750000	0	0	6	cluster_6	0.4134
4126	Spectrogram 1	1	3828.500000	3829.000000	0	0	noise	cluster_noise	0.0000
4127	Spectrogram 1	1	3828.750000	3831.250000	0	0	4	cluster_4	0.7636
4128	Spectrogram 1	1	3831.000000	3831.500000	0	0	0	cluster_0	1.0000
4129	Spectrogram 1	1	3839.000000	3841.250000	0	0	4	cluster_4	0.7910
4130	Spectrogram 1	1	3841.000000	3841.750000	0	0	noise	cluster_noise	0.0000
4131	Spectrogram 1	1	3841.500000	3842.000000	0	0	21	cluster_21	0.7263
4132	Spectrogram 1	1	3841.750000	3842.500000	0	0	noise	cluster_noise	0.0000
4133	Spectrogram 1	1	3842.250000	3842.750000	0	0	22	cluster_22	0.8635
4134	Spectrogram 1	1	3842.500000	3844.500000	0	0	4	cluster_4	1.0000
4135	Spectrogram 1	1	3848.000000	3848.750000	0	0	noise	cluster_noise	0.0000
4136	Spectrogram 1	1	3848.500000	3849.000000	0	0	11	cluster_11	0.9126
4137	Spectrogram 1	1	3848.750000	3849.500000	0	0	noise	cluster_noise	0.0000
4138	Spectrogram 1	1	3854.000000	3854.500000	0	0	4	cluster_4	1.0000
4139	Spectrogram 1	1	3854.250000	3856.250000	0	0	noise	cluster_noise	0.0000
4140	Spectrogram 1	1	3856.000000	3859.500000	0	0	4	cluster_4	0.8834
4141	Spectrogram 1	1	3859.250000	3860.500000	0	0	noise	cluster_noise	0.0000
4142	Spectrogram 1	1	3860.250000	3860.750000	0	0	23	cluster_23	1.0000
4143	Spectrogram 1	1	3860.500000	3861.000000	0	0	noise	cluster_noise	0.0000
4144	Spectrogram 1	1	3860.750000	3861.250000	0	0	13	cluster_13	0.8234
4145	Spectrogram 1	1	3861.000000	3861.500000	0	0	noise	cluster_noise	0.0000
4146	Spectrogram 1	1	3861.250000	3861.750000	0	0	3	cluster_3	1.0000
4147	Spectrogram 1	1	3861.500000	3862.250000	0	0	noise	cluster_noise	0.0000
4148	Spectrogram 1	1	3862.000000	3862.500000	0	0	24	cluster_24	0.8544
4149	Spectrogram 1	1	3868.000000	3868.500000	0	0	3	cluster_3	1.0000
4150	Spectrogram 1	1	3868.250000	3868.750000	0	0	17	cluster_17	0.9152
4151	Spectrogram 1	1	3868.500000	3869.000000	0	0	12	cluster_12	1.0000
4152	Spectrogram 1	1	3868.750000	3869.250000	0	0	3	cluster_3	1.0000
4153	Spectrogram 1	1	3869.000000	3869.750000	0	0	11	cluster_11	0.7857
4154	Spectrogram 1	1	3869.500000	3870.250000	0	0	12	cluster_12	0.9291
4155	Spectrogram 1	1	3870.000000	3870.500000	0	0	3	cluster_3	1.0000
4156	Spectrogram 1	1	3870.250000	3871.000000	0	0	12	cluster_12	0.8779
4157	Spectrogram 1	1	3870.750000	3871.250000	0	0	3	cluster_3	1.0000
4158	Spectrogram 1	1	3871.000000	3871.500000	0	0	17	cluster_17	0.9499
4159	Spectrogram 1	1	3871.250000	3871.750000	0	0	12	cluster_12	0.9138
4160	Spectrogram 1	1	3871.500000	3872.000000	0	0	3	cluster_3	1.0000
4161	Spectrogram 1	1	3871.750000	3872.500000	0	0	noise	cluster_noise	0.0000
4162	Spectrogram 1	1	3872.250000	3872.750000	0	0	23	cluster_23	0.9924
4163	Spectrogram 1	1	3872.500000	3873.250000	0	0	11	cluster_11	0.8437
4164	Spectrogram 1	1	3873.000000	3873.500000	0	0	noise	cluster_noise	0.0000
4165	Spectrogram 1	1	3873.250000	3873.750000	0	0	11	cluster_11	0.8323
4166	Spectrogram 1	1	3873.500000	3874.250000	0	0	noise	cluster_noise	0.0000
4167	Spectrogram 1	1	3874.000000	3875.000000	0	0	4	cluster_4	0.8681
4168	Spectrogram 1	1	3874.750000	3875.250000	0	0	noise	cluster_noise	0.0000
4169	Spectrogram 1	1	3875.000000	3875.500000	0	0	23	cluster_23	0.9993
4170	Spectrogram 1	1	3875.250000	3876.500000	0	0	noise	cluster_noise	0.0000
4171	Spectrogram 1	1	3890.000000	3890.500000	0	0	24	cluster_24	0.8881
4172	Spectrogram 1	1	3890.250000	3891.250000	0	0	noise	cluster_noise	0.0000
4173	Spectrogram 1	1	3891.000000	3891.500000	0	0	13	cluster_13	0.8146
4174	Spectrogram 1	1	3891.250000	3891.750000	0	0	noise	cluster_noise	0.0000
4175	Spectrogram 1	1	3891.500000	3892.000000	0	0	3	cluster_3	0.9760
4176	Spectrogram 1	1	3891.750000	3892.250000	0	0	11	cluster_11	0.8413
4177	Spectrogram 1	1	3892.000000	3892.500000	0	0	22	cluster_22	0.8308
4178	Spectrogram 1	1	3892.250000	3894.000000	0	0	noise	cluster_noise	0.0000
4179	Spectrogram 1	1	3893.750000	3894.250000	0	0	13	cluster_13	1.0000
4180	Spectrogram 1	1	3894.000000	3894.500000	0	0	noise	cluster_noise	0.0000
4181	Spectrogram 1	1	3897.000000	3897.750000	0	0	22	cluster_22	0.7653
4182	Spectrogram 1	1	3897.500000	3898.750000	0	0	noise	cluster_noise	0.0000
4183	Spectrogram 1	1	3898.500000	3899.250000	0	0	6	cluster_6	0.5108
4184	Spectrogram 1	1	3899.000000	3900.000000	0	0	noise	cluster_noise	0.0000
4185	Spectrogram 1	1	3899.750000	3900.250000	0	0	24	cluster_24	0.9015
4186	Spectrogram 1	1	3900.000000	3900.500000	0	0	noise	cluster_noise	0.0000
4187	Spectrogram 1	1	3900.250000	3901.000000	0	0	7	cluster_7	0.8084
4188	Spectrogram 1	1	3900.750000	3901.750000	0	0	6	cluster_6	0.6632
4189	Spectrogram 1	1	3901.500000	3902.000000	0	0	noise	cluster_noise	0.0000
4190	Spectrogram 1	1	3901.750000	3902.250000	0	0	24	cluster_24	0.8481
4191	Spectrogram 1	1	3902.000000	3903.000000	0	0	noise	cluster_noise	0.0000
4192	Spectrogram 1	1	3902.750000	3904.250000	0	0	6	cluster_6	0.7634
4193	Spectrogram 1	1	3904.000000	3904.500000	0	0	noise	cluster_noise	0.0000
4194	Spectrogram 1	1	3905.000000	3906.750000	0	0	6	cluster_6	0.8703
4195	Spectrogram 1	1	3906.500000	3907.250000	0	0	noise	cluster_noise	0.0000
4196	Spectrogram 1	1	3907.000000	3907.500000	0	0	6	cluster_6	0.4924
4197	Spectrogram 1	1	3913.000000	3914.000000	0	0	24	cluster_24	0.8555
4198	Spectrogram 1	1	3913.750000	3914.250000	0	0	noise	cluster_noise	0.0000
4199	Spectrogram 1	1	3914.000000	3915.250000	0	0	3	cluster_3	1.0000
4200	Spectrogram 1	1	3915.000000	3916.500000	0	0	11	cluster_11	0.7534
4201	Spectrogram 1	1	3916.250000	3917.250000	0	0	noise	cluster_noise	0.0000
4202	Spectrogram 1	1	3917.000000	3918.000000	0	0	3	cluster_3	0.9458
4203	Spectrogram 1	1	3917.750000	3920.000000	0	0	noise	cluster_noise	0.0000
4204	Spectrogram 1	1	3919.750000	3920.250000	0	0	3	cluster_3	0.8098
4205	Spectrogram 1	1	3920.000000	3921.250000	0	0	noise	cluster_noise	0.0000
4206	Spectrogram 1	1	3921.000000	3921.500000	0	0	7	cluster_7	0.5197
4207	Spectrogram 1	1	3921.250000	3921.750000	0	0	noise	cluster_noise	0.0000
4208	Spectrogram 1	1	3921.500000	3922.250000	0	0	6	cluster_6	0.7389
4209	Spectrogram 1	1	3922.000000	3926.500000	0	0	noise	cluster_noise	0.0000
4210	Spectrogram 1	1	3926.250000	3927.250000	0	0	3	cluster_3	1.0000
4211	Spectrogram 1	1	3927.000000	3928.500000	0	0	noise	cluster_noise	0.0000
4212	Spectrogram 1	1	3928.250000	3929.000000	0	0	24	cluster_24	0.8638
4213	Spectrogram 1	1	3928.750000	3929.250000	0	0	noise	cluster_noise	0.0000
4214	Spectrogram 1	1	3929.000000	3930.250000	0	0	3	cluster_3	1.0000
4215	Spectrogram 1	1	3930.000000	3930.750000	0	0	noise	cluster_noise	0.0000
4216	Spectrogram 1	1	3930.500000	3931.000000	0	0	22	cluster_22	0.7787
4217	Spectrogram 1	1	3930.750000	3931.750000	0	0	noise	cluster_noise	0.0000
4218	Spectrogram 1	1	3931.500000	3932.000000	0	0	22	cluster_22	0.8413
4219	Spectrogram 1	1	3931.750000	3933.500000	0	0	3	cluster_3	0.9886
4220	Spectrogram 1	1	3933.250000	3933.750000	0	0	noise	cluster_noise	0.0000
4221	Spectrogram 1	1	3933.500000	3934.000000	0	0	24	cluster_24	1.0000
4222	Spectrogram 1	1	3933.750000	3938.000000	0	0	3	cluster_3	0.9968
4223	Spectrogram 1	1	3937.750000	3938.250000	0	0	noise	cluster_noise	0.0000
4224	Spectrogram 1	1	3938.000000	3938.750000	0	0	11	cluster_11	0.8812
4225	Spectrogram 1	1	3938.500000	3940.000000	0	0	noise	cluster_noise	0.0000
4226	Spectrogram 1	1	3939.750000	3940.750000	0	0	2	cluster_2	0.9699
4227	Spectrogram 1	1	3940.500000	3941.250000	0	0	3	cluster_3	0.9022
4228	Spectrogram 1	1	3941.000000	3942.500000	0	0	noise	cluster_noise	0.0000
4229	Spectrogram 1	1	3942.250000	3942.750000	0	0	22	cluster_22	0.6899
4230	Spectrogram 1	1	3942.500000	3953.500000	0	0	noise	cluster_noise	0.0000
4231	Spectrogram 1	1	3953.250000	3953.750000	0	0	22	cluster_22	0.7014
4232	Spectrogram 1	1	3953.500000	3954.250000	0	0	noise	cluster_noise	0.0000
4233	Spectrogram 1	1	3954.000000	3954.500000	0	0	2	cluster_2	1.0000
4234	Spectrogram 1	1	3959.000000	3960.250000	0	0	3	cluster_3	1.0000
4235	Spectrogram 1	1	3960.000000	3960.500000	0	0	22	cluster_22	0.7062
4236	Spectrogram 1	1	3960.250000	3961.000000	0	0	noise	cluster_noise	0.0000
4237	Spectrogram 1	1	3960.750000	3961.500000	0	0	22	cluster_22	0.9705
4238	Spectrogram 1	1	3977.000000	3978.250000	0	0	3	cluster_3	0.9943
4239	Spectrogram 1	1	3978.000000	3979.000000	0	0	noise	cluster_noise	0.0000
4240	Spectrogram 1	1	3978.750000	3979.250000	0	0	24	cluster_24	0.8881
4241	Spectrogram 1	1	3979.000000	3979.500000	0	0	23	cluster_23	1.0000
4242	Spectrogram 1	1	3979.250000	3979.750000	0	0	noise	cluster_noise	0.0000
4243	Spectrogram 1	1	3979.500000	3981.750000	0	0	2	cluster_2	0.9570
4244	Spectrogram 1	1	3981.500000	3982.750000	0	0	noise	cluster_noise	0.0000
4245	Spectrogram 1	1	3982.500000	3984.750000	0	0	2	cluster_2	0.9672
4246	Spectrogram 1	1	3984.500000	3985.000000	0	0	22	cluster_22	0.8112
4247	Spectrogram 1	1	3984.750000	3985.500000	0	0	noise	cluster_noise	0.0000
4248	Spectrogram 1	1	3991.000000	3992.250000	0	0	3	cluster_3	0.9860
4249	Spectrogram 1	1	3992.000000	3992.500000	0	0	23	cluster_23	0.9996
4250	Spectrogram 1	1	3992.250000	3992.750000	0	0	24	cluster_24	0.8399
4251	Spectrogram 1	1	3992.500000	3993.000000	0	0	noise	cluster_noise	0.0000
4252	Spectrogram 1	1	3992.750000	3993.250000	0	0	24	cluster_24	0.8475
4253	Spectrogram 1	1	3993.000000	3995.000000	0	0	2	cluster_2	0.9465
4254	Spectrogram 1	1	3994.750000	3995.250000	0	0	noise	cluster_noise	0.0000
4255	Spectrogram 1	1	3995.000000	3995.500000	0	0	22	cluster_22	0.7171
4256	Spectrogram 1	1	3995.250000	3996.000000	0	0	noise	cluster_noise	0.0000
4257	Spectrogram 1	1	3995.750000	4008.000000	0	0	2	cluster_2	0.8957
4258	Spectrogram 1	1	4007.750000	4008.250000	0	0	noise	cluster_noise	0.0000
4259	Spectrogram 1	1	4008.000000	4008.500000	0	0	25	cluster_25	0.8937
4260	Spectrogram 1	1	4008.250000	4008.750000	0	0	5	cluster_5	1.0000
4261	Spectrogram 1	1	4008.500000	4010.750000	0	0	2	cluster_2	0.9591
4262	Spectrogram 1	1	4010.500000	4011.000000	0	0	noise	cluster_noise	0.0000
4263	Spectrogram 1	1	4010.750000	4011.500000	0	0	24	cluster_24	0.8881
4264	Spectrogram 1	1	4017.000000	4017.500000	0	0	3	cluster_3	1.0000
4265	Spectrogram 1	1	4017.250000	4018.000000	0	0	noise	cluster_noise	0.0000
4266	Spectrogram 1	1	4017.750000	4018.250000	0	0	22	cluster_22	0.6907
4267	Spectrogram 1	1	4018.000000	4018.750000	0	0	noise	cluster_noise	0.0000
4268	Spectrogram 1	1	4018.500000	4019.000000	0	0	5	cluster_5	1.0000
4269	Spectrogram 1	1	4018.750000	4020.750000	0	0	2	cluster_2	1.0000
4270	Spectrogram 1	1	4020.500000	4021.000000	0	0	22	cluster_22	0.6923
4271	Spectrogram 1	1	4020.750000	4021.500000	0	0	5	cluster_5	0.8977
4272	Spectrogram 1	1	4021.250000	4023.250000	0	0	2	cluster_2	0.8960
4273	Spectrogram 1	1	4023.000000	4024.000000	0	0	22	cluster_22	0.8582
4274	Spectrogram 1	1	4023.750000	4024.750000	0	0	noise	cluster_noise	0.0000
4275	Spectrogram 1	1	4024.500000	4026.750000	0	0	5	cluster_5	0.9623
4276	Spectrogram 1	1	4026.500000	4028.500000	0	0	3	cluster_3	1.0000
4277	Spectrogram 1	1	4030.000000	4030.500000	0	0	23	cluster_23	0.9860
4278	Spectrogram 1	1	4030.250000	4030.750000	0	0	noise	cluster_noise	0.0000
4279	Spectrogram 1	1	4030.500000	4031.000000	0	0	5	cluster_5	1.0000
4280	Spectrogram 1	1	4030.750000	4031.250000	0	0	noise	cluster_noise	0.0000
4281	Spectrogram 1	1	4031.000000	4032.750000	0	0	2	cluster_2	0.9788
4282	Spectrogram 1	1	4032.500000	4033.250000	0	0	noise	cluster_noise	0.0000
4283	Spectrogram 1	1	4033.000000	4033.500000	0	0	5	cluster_5	0.9130
4284	Spectrogram 1	1	4033.250000	4033.750000	0	0	noise	cluster_noise	0.0000
4285	Spectrogram 1	1	4033.500000	4035.500000	0	0	2	cluster_2	0.9487
4286	Spectrogram 1	1	4035.250000	4035.750000	0	0	noise	cluster_noise	0.0000
4287	Spectrogram 1	1	4035.500000	4036.500000	0	0	22	cluster_22	0.7296
4288	Spectrogram 1	1	4036.250000	4036.750000	0	0	noise	cluster_noise	0.0000
4289	Spectrogram 1	1	4036.500000	4038.750000	0	0	5	cluster_5	1.0000
4290	Spectrogram 1	1	4038.500000	4039.250000	0	0	noise	cluster_noise	0.0000
4291	Spectrogram 1	1	4039.000000	4041.250000	0	0	3	cluster_3	1.0000
4292	Spectrogram 1	1	4041.000000	4041.500000	0	0	22	cluster_22	0.7228
4293	Spectrogram 1	1	4043.000000	4043.500000	0	0	5	cluster_5	1.0000
4294	Spectrogram 1	1	4043.250000	4045.250000	0	0	2	cluster_2	0.9653
4295	Spectrogram 1	1	4045.000000	4045.500000	0	0	19	cluster_19	1.0000
4296	Spectrogram 1	1	4045.250000	4045.750000	0	0	noise	cluster_noise	0.0000
4297	Spectrogram 1	1	4045.500000	4046.000000	0	0	5	cluster_5	1.0000
4298	Spectrogram 1	1	4045.750000	4046.250000	0	0	noise	cluster_noise	0.0000
4299	Spectrogram 1	1	4046.000000	4047.500000	0	0	2	cluster_2	0.9900
4300	Spectrogram 1	1	4047.250000	4047.750000	0	0	22	cluster_22	0.8760
4301	Spectrogram 1	1	4047.500000	4048.500000	0	0	noise	cluster_noise	0.0000
4302	Spectrogram 1	1	4048.250000	4048.750000	0	0	23	cluster_23	1.0000
4303	Spectrogram 1	1	4048.500000	4049.000000	0	0	noise	cluster_noise	0.0000
4304	Spectrogram 1	1	4048.750000	4049.250000	0	0	9	cluster_9	0.8818
4305	Spectrogram 1	1	4049.000000	4051.250000	0	0	5	cluster_5	1.0000
4306	Spectrogram 1	1	4051.000000	4051.500000	0	0	noise	cluster_noise	0.0000
4307	Spectrogram 1	1	4051.250000	4051.750000	0	0	22	cluster_22	0.7320
4308	Spectrogram 1	1	4051.500000	4054.500000	0	0	3	cluster_3	0.9918
4309	Spectrogram 1	1	4054.250000	4054.750000	0	0	noise	cluster_noise	0.0000
4310	Spectrogram 1	1	4054.500000	4055.000000	0	0	24	cluster_24	0.8834
4311	Spectrogram 1	1	4054.750000	4055.500000	0	0	noise	cluster_noise	0.0000
4312	Spectrogram 1	1	4056.000000	4057.750000	0	0	2	cluster_2	0.9764
4313	Spectrogram 1	1	4057.500000	4058.500000	0	0	noise	cluster_noise	0.0000
4314	Spectrogram 1	1	4058.250000	4058.750000	0	0	22	cluster_22	0.6851
4315	Spectrogram 1	1	4058.500000	4059.000000	0	0	noise	cluster_noise	0.0000
4316	Spectrogram 1	1	4058.750000	4059.250000	0	0	22	cluster_22	0.7439
4317	Spectrogram 1	1	4059.000000	4059.500000	0	0	noise	cluster_noise	0.0000
4318	Spectrogram 1	1	4059.250000	4061.500000	0	0	5	cluster_5	1.0000
4319	Spectrogram 1	1	4061.250000	4064.000000	0	0	3	cluster_3	0.9907
4320	Spectrogram 1	1	4063.750000	4064.500000	0	0	noise	cluster_noise	0.0000
4321	Spectrogram 1	1	4064.250000	4065.000000	0	0	22	cluster_22	0.8021
4322	Spectrogram 1	1	4064.750000	4065.250000	0	0	23	cluster_23	1.0000
4323	Spectrogram 1	1	4065.000000	4065.500000	0	0	24	cluster_24	0.8564
4324	Spectrogram 1	1	4065.250000	4065.750000	0	0	23	cluster_23	1.0000
4325	Spectrogram 1	1	4065.500000	4066.000000	0	0	22	cluster_22	0.7531
4326	Spectrogram 1	1	4065.750000	4066.250000	0	0	noise	cluster_noise	0.0000
4327	Spectrogram 1	1	4066.000000	4066.500000	0	0	19	cluster_19	1.0000
4328	Spectrogram 1	1	4066.250000	4066.750000	0	0	noise	cluster_noise	0.0000
4329	Spectrogram 1	1	4066.500000	4067.000000	0	0	16	cluster_16	0.4740
4330	Spectrogram 1	1	4066.750000	4067.250000	0	0	18	cluster_18	0.9093
4331	Spectrogram 1	1	4067.000000	4067.750000	0	0	noise	cluster_noise	0.0000
4332	Spectrogram 1	1	4067.500000	4068.000000	0	0	5	cluster_5	0.7210
4333	Spectrogram 1	1	4067.750000	4069.250000	0	0	noise	cluster_noise	0.0000
4334	Spectrogram 1	1	4069.000000	4069.500000	0	0	24	cluster_24	0.8567
4335	Spectrogram 1	1	4069.250000	4070.000000	0	0	noise	cluster_noise	0.0000
4336	Spectrogram 1	1	4069.750000	4070.500000	0	0	22	cluster_22	0.7465
4337	Spectrogram 1	1	4070.250000	4070.750000	0	0	noise	cluster_noise	0.0000
4338	Spectrogram 1	1	4070.500000	4072.500000	0	0	5	cluster_5	1.0000
4339	Spectrogram 1	1	4072.250000	4073.000000	0	0	noise	cluster_noise	0.0000
4340	Spectrogram 1	1	4072.750000	4074.500000	0	0	3	cluster_3	1.0000
4341	Spectrogram 1	1	4074.250000	4074.750000	0	0	noise	cluster_noise	0.0000
4342	Spectrogram 1	1	4074.500000	4075.250000	0	0	3	cluster_3	1.0000
4343	Spectrogram 1	1	4075.000000	4075.750000	0	0	noise	cluster_noise	0.0000
4344	Spectrogram 1	1	4075.500000	4076.000000	0	0	23	cluster_23	1.0000
4345	Spectrogram 1	1	4075.750000	4076.250000	0	0	noise	cluster_noise	0.0000
4346	Spectrogram 1	1	4076.000000	4077.250000	0	0	22	cluster_22	0.7945
4347	Spectrogram 1	1	4077.000000	4077.500000	0	0	noise	cluster_noise	0.0000
4348	Spectrogram 1	1	4077.250000	4077.750000	0	0	18	cluster_18	0.9211
4349	Spectrogram 1	1	4077.500000	4079.000000	0	0	16	cluster_16	0.8049
4350	Spectrogram 1	1	4078.750000	4079.750000	0	0	noise	cluster_noise	0.0000
4351	Spectrogram 1	1	4079.500000	4080.000000	0	0	15	cluster_15	1.0000
4352	Spectrogram 1	1	4079.750000	4081.000000	0	0	noise	cluster_noise	0.0000
4353	Spectrogram 1	1	4080.750000	4081.500000	0	0	22	cluster_22	0.7687
4354	Spectrogram 1	1	4081.250000	4081.750000	0	0	noise	cluster_noise	0.0000
4355	Spectrogram 1	1	4081.500000	4084.250000	0	0	5	cluster_5	1.0000
4356	Spectrogram 1	1	4084.000000	4086.250000	0	0	3	cluster_3	0.9753
4357	Spectrogram 1	1	4086.000000	4088.500000	0	0	22	cluster_22	0.8376
4358	Spectrogram 1	1	4088.250000	4089.000000	0	0	noise	cluster_noise	0.0000
4359	Spectrogram 1	1	4088.750000	4090.250000	0	0	16	cluster_16	0.8322
4360	Spectrogram 1	1	4090.000000	4091.750000	0	0	noise	cluster_noise	0.0000
4361	Spectrogram 1	1	4091.500000	4092.000000	0	0	23	cluster_23	0.9783
4362	Spectrogram 1	1	4091.750000	4093.000000	0	0	noise	cluster_noise	0.0000
4363	Spectrogram 1	1	4092.750000	4095.500000	0	0	5	cluster_5	0.9669
4364	Spectrogram 1	1	4095.250000	4096.250000	0	0	3	cluster_3	1.0000
4365	Spectrogram 1	1	4096.000000	4096.500000	0	0	noise	cluster_noise	0.0000
4366	Spectrogram 1	1	4096.250000	4097.000000	0	0	23	cluster_23	0.9964
4367	Spectrogram 1	1	4096.750000	4097.750000	0	0	3	cluster_3	1.0000
4368	Spectrogram 1	1	4097.500000	4098.500000	0	0	noise	cluster_noise	0.0000
4369	Spectrogram 1	1	4098.250000	4099.000000	0	0	22	cluster_22	0.7421
4370	Spectrogram 1	1	4098.750000	4099.250000	0	0	23	cluster_23	1.0000
4371	Spectrogram 1	1	4099.000000	4099.750000	0	0	noise	cluster_noise	0.0000
4372	Spectrogram 1	1	4099.500000	4100.000000	0	0	19	cluster_19	1.0000
4373	Spectrogram 1	1	4099.750000	4100.250000	0	0	noise	cluster_noise	0.0000
4374	Spectrogram 1	1	4100.000000	4101.250000	0	0	16	cluster_16	0.8909
4375	Spectrogram 1	1	4101.000000	4102.000000	0	0	noise	cluster_noise	0.0000
4376	Spectrogram 1	1	4101.750000	4102.250000	0	0	15	cluster_15	1.0000
4377	Spectrogram 1	1	4102.000000	4102.500000	0	0	noise	cluster_noise	0.0000
4378	Spectrogram 1	1	4102.250000	4102.750000	0	0	11	cluster_11	0.7299
4379	Spectrogram 1	1	4102.500000	4104.000000	0	0	noise	cluster_noise	0.0000
4380	Spectrogram 1	1	4103.750000	4104.250000	0	0	9	cluster_9	0.7724
4381	Spectrogram 1	1	4104.000000	4106.750000	0	0	5	cluster_5	0.9960
4382	Spectrogram 1	1	4106.500000	4108.500000	0	0	3	cluster_3	1.0000
4383	Spectrogram 1	1	4108.250000	4108.750000	0	0	noise	cluster_noise	0.0000
4384	Spectrogram 1	1	4108.500000	4109.000000	0	0	22	cluster_22	0.6956
4385	Spectrogram 1	1	4108.750000	4110.500000	0	0	noise	cluster_noise	0.0000
4386	Spectrogram 1	1	4110.250000	4110.750000	0	0	23	cluster_23	1.0000
4387	Spectrogram 1	1	4110.500000	4111.000000	0	0	19	cluster_19	1.0000
4388	Spectrogram 1	1	4110.750000	4111.250000	0	0	noise	cluster_noise	0.0000
4389	Spectrogram 1	1	4111.000000	4111.500000	0	0	16	cluster_16	0.4078
4390	Spectrogram 1	1	4111.250000	4112.000000	0	0	5	cluster_5	0.9377
4391	Spectrogram 1	1	4111.750000	4112.250000	0	0	noise	cluster_noise	0.0000
4392	Spectrogram 1	1	4112.000000	4112.500000	0	0	16	cluster_16	0.2935
4393	Spectrogram 1	1	4112.250000	4112.750000	0	0	14	cluster_14	1.0000
4394	Spectrogram 1	1	4112.500000	4114.500000	0	0	noise	cluster_noise	0.0000
4395	Spectrogram 1	1	4114.250000	4114.750000	0	0	23	cluster_23	1.0000
4396	Spectrogram 1	1	4114.500000	4115.500000	0	0	noise	cluster_noise	0.0000
4397	Spectrogram 1	1	4115.250000	4117.500000	0	0	5	cluster_5	1.0000
4398	Spectrogram 1	1	4117.250000	4118.750000	0	0	3	cluster_3	1.0000
4399	Spectrogram 1	1	4118.500000	4119.250000	0	0	noise	cluster_noise	0.0000
4400	Spectrogram 1	1	4119.000000	4120.000000	0	0	22	cluster_22	0.8942
4401	Spectrogram 1	1	4119.750000	4121.000000	0	0	noise	cluster_noise	0.0000
4402	Spectrogram 1	1	4120.750000	4121.250000	0	0	23	cluster_23	1.0000
4403	Spectrogram 1	1	4121.000000	4121.500000	0	0	22	cluster_22	0.7204
4404	Spectrogram 1	1	4121.250000	4124.750000	0	0	5	cluster_5	0.9811
4405	Spectrogram 1	1	4124.500000	4125.000000	0	0	noise	cluster_noise	0.0000
4406	Spectrogram 1	1	4124.750000	4125.750000	0	0	22	cluster_22	0.8420
4407	Spectrogram 1	1	4125.500000	4126.000000	0	0	9	cluster_9	0.9398
4408	Spectrogram 1	1	4125.750000	4128.250000	0	0	5	cluster_5	0.9822
4409	Spectrogram 1	1	4128.000000	4129.750000	0	0	3	cluster_3	1.0000
4410	Spectrogram 1	1	4129.500000	4131.500000	0	0	noise	cluster_noise	0.0000
4411	Spectrogram 1	1	4131.250000	4132.000000	0	0	23	cluster_23	0.9988
4412	Spectrogram 1	1	4131.750000	4132.250000	0	0	noise	cluster_noise	0.0000
4413	Spectrogram 1	1	4132.000000	4134.750000	0	0	5	cluster_5	1.0000
4414	Spectrogram 1	1	4134.500000	4136.000000	0	0	noise	cluster_noise	0.0000
4415	Spectrogram 1	1	4135.750000	4136.250000	0	0	23	cluster_23	1.0000
4416	Spectrogram 1	1	4136.000000	4136.500000	0	0	9	cluster_9	0.9801
4417	Spectrogram 1	1	4136.250000	4139.000000	0	0	5	cluster_5	1.0000
4418	Spectrogram 1	1	4138.750000	4140.500000	0	0	3	cluster_3	1.0000
4419	Spectrogram 1	1	4140.250000	4140.750000	0	0	noise	cluster_noise	0.0000
4420	Spectrogram 1	1	4140.500000	4141.000000	0	0	3	cluster_3	1.0000
4421	Spectrogram 1	1	4140.750000	4141.750000	0	0	noise	cluster_noise	0.0000
4422	Spectrogram 1	1	4141.500000	4142.750000	0	0	22	cluster_22	0.8375
4423	Spectrogram 1	1	4142.500000	4145.750000	0	0	5	cluster_5	1.0000
4424	Spectrogram 1	1	4145.500000	4146.250000	0	0	noise	cluster_noise	0.0000
4425	Spectrogram 1	1	4146.000000	4146.500000	0	0	22	cluster_22	0.7073
4426	Spectrogram 1	1	4146.250000	4146.750000	0	0	23	cluster_23	1.0000
4427	Spectrogram 1	1	4146.500000	4147.000000	0	0	noise	cluster_noise	0.0000
4428	Spectrogram 1	1	4146.750000	4147.250000	0	0	22	cluster_22	0.7876
4429	Spectrogram 1	1	4147.000000	4149.750000	0	0	5	cluster_5	1.0000
4430	Spectrogram 1	1	4149.500000	4150.000000	0	0	noise	cluster_noise	0.0000
4431	Spectrogram 1	1	4149.750000	4151.250000	0	0	3	cluster_3	1.0000
4432	Spectrogram 1	1	4151.000000	4151.500000	0	0	noise	cluster_noise	0.0000
4433	Spectrogram 1	1	4151.250000	4151.750000	0	0	24	cluster_24	0.8987
4434	Spectrogram 1	1	4151.500000	4152.750000	0	0	noise	cluster_noise	0.0000
4435	Spectrogram 1	1	4152.500000	4153.000000	0	0	23	cluster_23	1.0000
4436	Spectrogram 1	1	4152.750000	4153.750000	0	0	noise	cluster_noise	0.0000
4437	Spectrogram 1	1	4153.500000	4156.750000	0	0	5	cluster_5	1.0000
4438	Spectrogram 1	1	4156.500000	4157.000000	0	0	noise	cluster_noise	0.0000
4439	Spectrogram 1	1	4156.750000	4158.000000	0	0	22	cluster_22	0.7389
4440	Spectrogram 1	1	4157.750000	4160.000000	0	0	5	cluster_5	1.0000
4441	Spectrogram 1	1	4159.750000	4160.500000	0	0	noise	cluster_noise	0.0000
4442	Spectrogram 1	1	4160.250000	4162.000000	0	0	3	cluster_3	1.0000
4443	Spectrogram 1	1	4161.750000	4162.500000	0	0	noise	cluster_noise	0.0000
4444	Spectrogram 1	1	4162.250000	4162.750000	0	0	23	cluster_23	1.0000
4445	Spectrogram 1	1	4162.500000	4164.000000	0	0	22	cluster_22	0.8933
4446	Spectrogram 1	1	4163.750000	4164.500000	0	0	noise	cluster_noise	0.0000
4447	Spectrogram 1	1	4164.250000	4167.250000	0	0	5	cluster_5	0.9653
4448	Spectrogram 1	1	4167.000000	4168.000000	0	0	22	cluster_22	0.7811
4449	Spectrogram 1	1	4167.750000	4168.750000	0	0	noise	cluster_noise	0.0000
4450	Spectrogram 1	1	4168.500000	4171.000000	0	0	5	cluster_5	1.0000
4451	Spectrogram 1	1	4170.750000	4172.500000	0	0	3	cluster_3	0.9992
4452	Spectrogram 1	1	4173.000000	4173.750000	0	0	noise	cluster_noise	0.0000
4453	Spectrogram 1	1	4173.500000	4174.000000	0	0	24	cluster_24	0.8881
4454	Spectrogram 1	1	4173.750000	4174.250000	0	0	noise	cluster_noise	0.0000
4455	Spectrogram 1	1	4174.000000	4174.500000	0	0	22	cluster_22	0.8363
4456	Spectrogram 1	1	4174.250000	4174.750000	0	0	23	cluster_23	1.0000
4457	Spectrogram 1	1	4174.500000	4177.000000	0	0	5	cluster_5	0.9852
4458	Spectrogram 1	1	4176.750000	4177.500000	0	0	noise	cluster_noise	0.0000
4459	Spectrogram 1	1	4177.250000	4177.750000	0	0	22	cluster_22	0.7934
4460	Spectrogram 1	1	4177.500000	4178.000000	0	0	noise	cluster_noise	0.0000
4461	Spectrogram 1	1	4177.750000	4178.250000	0	0	23	cluster_23	1.0000
4462	Spectrogram 1	1	4178.000000	4178.500000	0	0	22	cluster_22	0.7310
4463	Spectrogram 1	1	4178.250000	4179.000000	0	0	noise	cluster_noise	0.0000
4464	Spectrogram 1	1	4178.750000	4181.500000	0	0	5	cluster_5	1.0000
4465	Spectrogram 1	1	4181.250000	4182.750000	0	0	3	cluster_3	1.0000
4466	Spectrogram 1	1	4182.500000	4183.000000	0	0	noise	cluster_noise	0.0000
4467	Spectrogram 1	1	4182.750000	4183.500000	0	0	3	cluster_3	1.0000
4468	Spectrogram 1	1	4183.250000	4184.750000	0	0	22	cluster_22	0.8507
4469	Spectrogram 1	1	4184.500000	4185.000000	0	0	noise	cluster_noise	0.0000
4470	Spectrogram 1	1	4184.750000	4185.250000	0	0	22	cluster_22	0.7611
4471	Spectrogram 1	1	4185.000000	4188.250000	0	0	5	cluster_5	0.9897
4472	Spectrogram 1	1	4188.000000	4189.500000	0	0	noise	cluster_noise	0.0000
4473	Spectrogram 1	1	4189.250000	4191.500000	0	0	5	cluster_5	0.9964
4474	Spectrogram 1	1	4191.250000	4192.250000	0	0	noise	cluster_noise	0.0000
4475	Spectrogram 1	1	4192.000000	4193.500000	0	0	3	cluster_3	1.0000
4476	Spectrogram 1	1	4193.250000	4193.750000	0	0	noise	cluster_noise	0.0000
4477	Spectrogram 1	1	4193.500000	4194.250000	0	0	3	cluster_3	1.0000
4478	Spectrogram 1	1	4194.000000	4194.500000	0	0	23	cluster_23	1.0000
4479	Spectrogram 1	1	4194.250000	4194.750000	0	0	22	cluster_22	0.6955
4480	Spectrogram 1	1	4194.500000	4195.250000	0	0	noise	cluster_noise	0.0000
4481	Spectrogram 1	1	4195.000000	4195.500000	0	0	22	cluster_22	0.7618
4482	Spectrogram 1	1	4195.250000	4195.750000	0	0	11	cluster_11	0.7233
4483	Spectrogram 1	1	4195.500000	4196.000000	0	0	noise	cluster_noise	0.0000
4484	Spectrogram 1	1	4195.750000	4198.500000	0	0	5	cluster_5	0.9684
4485	Spectrogram 1	1	4198.250000	4199.500000	0	0	noise	cluster_noise	0.0000
4486	Spectrogram 1	1	4199.250000	4200.000000	0	0	23	cluster_23	1.0000
4487	Spectrogram 1	1	4199.750000	4200.250000	0	0	noise	cluster_noise	0.0000
4488	Spectrogram 1	1	4200.000000	4202.500000	0	0	5	cluster_5	1.0000
4489	Spectrogram 1	1	4202.250000	4204.500000	0	0	3	cluster_3	0.9639
4490	Spectrogram 1	1	4204.250000	4206.000000	0	0	22	cluster_22	0.7852
4491	Spectrogram 1	1	4205.750000	4206.250000	0	0	noise	cluster_noise	0.0000
4492	Spectrogram 1	1	4206.000000	4208.750000	0	0	5	cluster_5	0.9832
4493	Spectrogram 1	1	4208.500000	4209.250000	0	0	noise	cluster_noise	0.0000
4494	Spectrogram 1	1	4209.000000	4209.500000	0	0	22	cluster_22	0.8409
4495	Spectrogram 1	1	4209.250000	4210.000000	0	0	noise	cluster_noise	0.0000
4496	Spectrogram 1	1	4209.750000	4210.250000	0	0	22	cluster_22	0.7300
4497	Spectrogram 1	1	4210.000000	4210.500000	0	0	9	cluster_9	0.9920
4498	Spectrogram 1	1	4210.250000	4213.000000	0	0	5	cluster_5	1.0000
4499	Spectrogram 1	1	4212.750000	4214.250000	0	0	3	cluster_3	1.0000
4500	Spectrogram 1	1	4214.000000	4214.500000	0	0	noise	cluster_noise	0.0000
4501	Spectrogram 1	1	4214.250000	4214.750000	0	0	3	cluster_3	0.7983
4502	Spectrogram 1	1	4214.500000	4215.750000	0	0	noise	cluster_noise	0.0000
4503	Spectrogram 1	1	4215.500000	4216.000000	0	0	22	cluster_22	0.7602
4504	Spectrogram 1	1	4215.750000	4216.500000	0	0	noise	cluster_noise	0.0000
4505	Spectrogram 1	1	4216.250000	4220.000000	0	0	5	cluster_5	0.9602
4506	Spectrogram 1	1	4219.750000	4220.750000	0	0	22	cluster_22	0.7238
4507	Spectrogram 1	1	4220.500000	4223.750000	0	0	5	cluster_5	0.9963
4508	Spectrogram 1	1	4223.500000	4224.000000	0	0	19	cluster_19	1.0000
4509	Spectrogram 1	1	4223.750000	4224.750000	0	0	noise	cluster_noise	0.0000
4510	Spectrogram 1	1	4224.500000	4225.000000	0	0	11	cluster_11	0.8726
4511	Spectrogram 1	1	4224.750000	4225.250000	0	0	noise	cluster_noise	0.0000
4512	Spectrogram 1	1	4225.000000	4225.500000	0	0	22	cluster_22	0.8514
4513	Spectrogram 1	1	4225.250000	4229.500000	0	0	noise	cluster_noise	0.0000
4514	Spectrogram 1	1	4229.250000	4229.750000	0	0	19	cluster_19	1.0000
4515	Spectrogram 1	1	4229.500000	4232.250000	0	0	noise	cluster_noise	0.0000
4516	Spectrogram 1	1	4232.000000	4235.000000	0	0	5	cluster_5	0.9848
4517	Spectrogram 1	1	4234.750000	4235.500000	0	0	noise	cluster_noise	0.0000
4518	Spectrogram 1	1	4235.250000	4236.250000	0	0	22	cluster_22	0.7525
4519	Spectrogram 1	1	4236.000000	4236.500000	0	0	noise	cluster_noise	0.0000
4520	Spectrogram 1	1	4236.250000	4238.500000	0	0	5	cluster_5	1.0000
4521	Spectrogram 1	1	4238.250000	4238.750000	0	0	22	cluster_22	0.8602
4522	Spectrogram 1	1	4238.500000	4239.000000	0	0	19	cluster_19	1.0000
4523	Spectrogram 1	1	4238.750000	4239.250000	0	0	18	cluster_18	0.9098
4524	Spectrogram 1	1	4239.000000	4240.750000	0	0	noise	cluster_noise	0.0000
4525	Spectrogram 1	1	4240.500000	4241.000000	0	0	19	cluster_19	0.9635
4526	Spectrogram 1	1	4240.750000	4241.500000	0	0	18	cluster_18	0.8307
4527	Spectrogram 1	1	4241.250000	4242.250000	0	0	noise	cluster_noise	0.0000
4528	Spectrogram 1	1	4242.000000	4242.500000	0	0	15	cluster_15	0.9819
4529	Spectrogram 1	1	4242.250000	4243.000000	0	0	noise	cluster_noise	0.0000
4530	Spectrogram 1	1	4242.750000	4243.250000	0	0	19	cluster_19	0.9592
4531	Spectrogram 1	1	4243.000000	4243.500000	0	0	18	cluster_18	0.7839
4532	Spectrogram 1	1	4243.250000	4244.000000	0	0	noise	cluster_noise	0.0000
4533	Spectrogram 1	1	4243.750000	4244.250000	0	0	13	cluster_13	0.5225
4534	Spectrogram 1	1	4244.000000	4245.000000	0	0	noise	cluster_noise	0.0000
4535	Spectrogram 1	1	4244.750000	4245.500000	0	0	22	cluster_22	0.7460
4536	Spectrogram 1	1	4245.250000	4245.750000	0	0	noise	cluster_noise	0.0000
4537	Spectrogram 1	1	4245.500000	4249.000000	0	0	5	cluster_5	0.9954
4538	Spectrogram 1	1	4248.750000	4249.250000	0	0	noise	cluster_noise	0.0000
4539	Spectrogram 1	1	4249.000000	4249.750000	0	0	22	cluster_22	0.7340
4540	Spectrogram 1	1	4249.500000	4250.500000	0	0	noise	cluster_noise	0.0000
4541	Spectrogram 1	1	4250.250000	4250.750000	0	0	18	cluster_18	0.8773
4542	Spectrogram 1	1	4250.500000	4252.000000	0	0	noise	cluster_noise	0.0000
4543	Spectrogram 1	1	4251.750000	4252.250000	0	0	19	cluster_19	0.9209
4544	Spectrogram 1	1	4252.000000	4252.750000	0	0	18	cluster_18	0.9728
4545	Spectrogram 1	1	4252.500000	4255.500000	0	0	noise	cluster_noise	0.0000
4546	Spectrogram 1	1	4255.250000	4256.000000	0	0	18	cluster_18	0.9754
4547	Spectrogram 1	1	4255.750000	4256.250000	0	0	17	cluster_17	1.0000
4548	Spectrogram 1	1	4256.000000	4256.750000	0	0	noise	cluster_noise	0.0000
4549	Spectrogram 1	1	4256.500000	4257.250000	0	0	18	cluster_18	0.9688
4550	Spectrogram 1	1	4257.000000	4257.500000	0	0	17	cluster_17	1.0000
4551	Spectrogram 1	1	4257.250000	4257.750000	0	0	noise	cluster_noise	0.0000
4552	Spectrogram 1	1	4257.500000	4258.000000	0	0	15	cluster_15	0.9871
4553	Spectrogram 1	1	4257.750000	4258.750000	0	0	noise	cluster_noise	0.0000
4554	Spectrogram 1	1	4258.500000	4259.000000	0	0	17	cluster_17	1.0000
4555	Spectrogram 1	1	4258.750000	4259.500000	0	0	noise	cluster_noise	0.0000
4556	Spectrogram 1	1	4259.250000	4260.000000	0	0	18	cluster_18	0.8305
4557	Spectrogram 1	1	4259.750000	4260.750000	0	0	noise	cluster_noise	0.0000
4558	Spectrogram 1	1	4260.500000	4261.000000	0	0	15	cluster_15	1.0000
4559	Spectrogram 1	1	4260.750000	4261.500000	0	0	noise	cluster_noise	0.0000
4560	Spectrogram 1	1	4261.250000	4264.500000	0	0	5	cluster_5	0.9742
4561	Spectrogram 1	1	4264.250000	4266.000000	0	0	22	cluster_22	0.8359
4562	Spectrogram 1	1	4265.750000	4268.000000	0	0	5	cluster_5	0.9867
4563	Spectrogram 1	1	4267.750000	4268.500000	0	0	noise	cluster_noise	0.0000
4564	Spectrogram 1	1	4268.250000	4269.000000	0	0	18	cluster_18	0.8972
4565	Spectrogram 1	1	4268.750000	4269.750000	0	0	noise	cluster_noise	0.0000
4566	Spectrogram 1	1	4269.500000	4270.000000	0	0	15	cluster_15	1.0000
4567	Spectrogram 1	1	4269.750000	4270.250000	0	0	18	cluster_18	0.8237
4568	Spectrogram 1	1	4270.000000	4270.500000	0	0	noise	cluster_noise	0.0000
4569	Spectrogram 1	1	4270.250000	4270.750000	0	0	18	cluster_18	0.7420
4570	Spectrogram 1	1	4270.500000	4271.000000	0	0	noise	cluster_noise	0.0000
4571	Spectrogram 1	1	4270.750000	4271.250000	0	0	15	cluster_15	0.9638
4572	Spectrogram 1	1	4271.000000	4272.500000	0	0	noise	cluster_noise	0.0000
4573	Spectrogram 1	1	4272.250000	4273.000000	0	0	15	cluster_15	0.9657
4574	Spectrogram 1	1	4272.750000	4273.250000	0	0	18	cluster_18	0.8373
4575	Spectrogram 1	1	4273.000000	4274.250000	0	0	noise	cluster_noise	0.0000
4576	Spectrogram 1	1	4274.000000	4274.500000	0	0	15	cluster_15	1.0000
4577	Spectrogram 1	1	4274.250000	4275.500000	0	0	noise	cluster_noise	0.0000
4578	Spectrogram 1	1	4275.250000	4275.750000	0	0	9	cluster_9	0.8343
4579	Spectrogram 1	1	4275.500000	4276.000000	0	0	noise	cluster_noise	0.0000
4580	Spectrogram 1	1	4275.750000	4277.750000	0	0	5	cluster_5	1.0000
4581	Spectrogram 1	1	4277.500000	4278.000000	0	0	17	cluster_17	1.0000
4582	Spectrogram 1	1	4277.750000	4278.500000	0	0	5	cluster_5	1.0000
4583	Spectrogram 1	1	4278.250000	4278.750000	0	0	noise	cluster_noise	0.0000
4584	Spectrogram 1	1	4278.500000	4279.000000	0	0	22	cluster_22	0.8759
4585	Spectrogram 1	1	4278.750000	4280.000000	0	0	noise	cluster_noise	0.0000
4586	Spectrogram 1	1	4279.750000	4280.250000	0	0	11	cluster_11	0.7174
4587	Spectrogram 1	1	4280.000000	4281.500000	0	0	noise	cluster_noise	0.0000
4588	Spectrogram 1	1	4281.250000	4281.750000	0	0	15	cluster_15	1.0000
4589	Spectrogram 1	1	4281.500000	4282.000000	0	0	noise	cluster_noise	0.0000
4590	Spectrogram 1	1	4281.750000	4282.250000	0	0	22	cluster_22	0.7065
4591	Spectrogram 1	1	4282.000000	4283.250000	0	0	noise	cluster_noise	0.0000
4592	Spectrogram 1	1	4283.000000	4283.500000	0	0	15	cluster_15	0.9706
4593	Spectrogram 1	1	4283.250000	4284.000000	0	0	noise	cluster_noise	0.0000
4594	Spectrogram 1	1	4283.750000	4284.250000	0	0	15	cluster_15	1.0000
4595	Spectrogram 1	1	4284.000000	4285.000000	0	0	noise	cluster_noise	0.0000
4596	Spectrogram 1	1	4284.750000	4285.250000	0	0	15	cluster_15	0.9570
4597	Spectrogram 1	1	4285.000000	4285.500000	0	0	noise	cluster_noise	0.0000
4598	Spectrogram 1	1	4285.250000	4286.000000	0	0	18	cluster_18	0.8969
4599	Spectrogram 1	1	4285.750000	4287.000000	0	0	noise	cluster_noise	0.0000
4600	Spectrogram 1	1	4286.750000	4287.250000	0	0	18	cluster_18	0.7571
4601	Spectrogram 1	1	4287.000000	4288.000000	0	0	noise	cluster_noise	0.0000
4602	Spectrogram 1	1	4287.750000	4288.500000	0	0	15	cluster_15	1.0000
4603	Spectrogram 1	1	4288.250000	4289.000000	0	0	noise	cluster_noise	0.0000
4604	Spectrogram 1	1	4288.750000	4289.250000	0	0	24	cluster_24	0.8729
4605	Spectrogram 1	1	4289.000000	4289.500000	0	0	noise	cluster_noise	0.0000
4606	Spectrogram 1	1	4289.250000	4292.000000	0	0	5	cluster_5	1.0000
4607	Spectrogram 1	1	4291.750000	4292.250000	0	0	22	cluster_22	0.7078
4608	Spectrogram 1	1	4292.000000	4292.500000	0	0	noise	cluster_noise	0.0000
4609	Spectrogram 1	1	4292.250000	4293.750000	0	0	22	cluster_22	0.7897
4610	Spectrogram 1	1	4293.500000	4294.250000	0	0	noise	cluster_noise	0.0000
4611	Spectrogram 1	1	4294.000000	4294.500000	0	0	19	cluster_19	0.9242
4612	Spectrogram 1	1	4294.250000	4295.250000	0	0	noise	cluster_noise	0.0000
4613	Spectrogram 1	1	4295.000000	4295.500000	0	0	15	cluster_15	0.9540
4614	Spectrogram 1	1	4295.250000	4296.500000	0	0	noise	cluster_noise	0.0000
4615	Spectrogram 1	1	4296.250000	4296.750000	0	0	18	cluster_18	0.7468
4616	Spectrogram 1	1	4296.500000	4297.750000	0	0	noise	cluster_noise	0.0000
4617	Spectrogram 1	1	4297.500000	4298.250000	0	0	15	cluster_15	0.9799
4618	Spectrogram 1	1	4298.000000	4298.750000	0	0	noise	cluster_noise	0.0000
4619	Spectrogram 1	1	4298.500000	4299.000000	0	0	17	cluster_17	1.0000
4620	Spectrogram 1	1	4298.750000	4299.250000	0	0	19	cluster_19	0.9528
4621	Spectrogram 1	1	4299.000000	4299.750000	0	0	noise	cluster_noise	0.0000
4622	Spectrogram 1	1	4299.500000	4300.250000	0	0	18	cluster_18	0.9341
4623	Spectrogram 1	1	4300.000000	4301.000000	0	0	noise	cluster_noise	0.0000
4624	Spectrogram 1	1	4300.750000	4301.250000	0	0	15	cluster_15	1.0000
4625	Spectrogram 1	1	4301.000000	4301.750000	0	0	18	cluster_18	0.8152
4626	Spectrogram 1	1	4301.500000	4302.000000	0	0	17	cluster_17	0.9914
4627	Spectrogram 1	1	4301.750000	4302.250000	0	0	11	cluster_11	0.8157
4628	Spectrogram 1	1	4302.000000	4303.250000	0	0	noise	cluster_noise	0.0000
4629	Spectrogram 1	1	4303.000000	4303.500000	0	0	22	cluster_22	0.7590
4630	Spectrogram 1	1	4303.250000	4304.000000	0	0	noise	cluster_noise	0.0000
4631	Spectrogram 1	1	4303.750000	4304.250000	0	0	11	cluster_11	0.7199
4632	Spectrogram 1	1	4304.000000	4305.000000	0	0	noise	cluster_noise	0.0000
4633	Spectrogram 1	1	4304.750000	4307.500000	0	0	5	cluster_5	0.9970
4634	Spectrogram 1	1	4307.250000	4308.000000	0	0	noise	cluster_noise	0.0000
4635	Spectrogram 1	1	4307.750000	4309.000000	0	0	22	cluster_22	0.8303
4636	Spectrogram 1	1	4308.750000	4309.750000	0	0	noise	cluster_noise	0.0000
4637	Spectrogram 1	1	4309.500000	4310.000000	0	0	24	cluster_24	0.8881
4638	Spectrogram 1	1	4309.750000	4310.250000	0	0	9	cluster_9	0.8423
4639	Spectrogram 1	1	4310.000000	4310.500000	0	0	noise	cluster_noise	0.0000
4640	Spectrogram 1	1	4310.250000	4311.250000	0	0	4	cluster_4	0.8557
4641	Spectrogram 1	1	4311.000000	4312.000000	0	0	noise	cluster_noise	0.0000
4642	Spectrogram 1	1	4311.750000	4312.250000	0	0	9	cluster_9	0.8973
4643	Spectrogram 1	1	4312.000000	4314.000000	0	0	noise	cluster_noise	0.0000
4644	Spectrogram 1	1	4313.750000	4315.250000	0	0	4	cluster_4	0.7905
4645	Spectrogram 1	1	4315.000000	4316.000000	0	0	noise	cluster_noise	0.0000
4646	Spectrogram 1	1	4315.750000	4316.250000	0	0	9	cluster_9	0.8219
4647	Spectrogram 1	1	4316.000000	4316.750000	0	0	22	cluster_22	0.9054
4648	Spectrogram 1	1	4316.500000	4317.000000	0	0	noise	cluster_noise	0.0000
4649	Spectrogram 1	1	4316.750000	4317.500000	0	0	13	cluster_13	0.7901
4650	Spectrogram 1	1	4317.250000	4317.750000	0	0	noise	cluster_noise	0.0000
4651	Spectrogram 1	1	4317.500000	4318.000000	0	0	9	cluster_9	0.8725
4652	Spectrogram 1	1	4317.750000	4318.250000	0	0	noise	cluster_noise	0.0000
4653	Spectrogram 1	1	4318.000000	4318.500000	0	0	22	cluster_22	0.9145
4654	Spectrogram 1	1	4318.250000	4319.000000	0	0	noise	cluster_noise	0.0000
4655	Spectrogram 1	1	4318.750000	4319.500000	0	0	13	cluster_13	0.7551
4656	Spectrogram 1	1	4319.250000	4320.000000	0	0	noise	cluster_noise	0.0000
4657	Spectrogram 1	1	4319.750000	4320.250000	0	0	13	cluster_13	0.6719
4658	Spectrogram 1	1	4320.000000	4320.500000	0	0	noise	cluster_noise	0.0000
4659	Spectrogram 1	1	4320.250000	4320.750000	0	0	22	cluster_22	0.8154
4660	Spectrogram 1	1	4320.500000	4321.500000	0	0	noise	cluster_noise	0.0000
4661	Spectrogram 1	1	4321.250000	4322.000000	0	0	13	cluster_13	0.7240
4662	Spectrogram 1	1	4321.750000	4322.250000	0	0	noise	cluster_noise	0.0000
4663	Spectrogram 1	1	4322.000000	4322.500000	0	0	9	cluster_9	0.7630
4664	Spectrogram 1	1	4322.250000	4323.000000	0	0	noise	cluster_noise	0.0000
4665	Spectrogram 1	1	4322.750000	4323.250000	0	0	22	cluster_22	0.7008
4666	Spectrogram 1	1	4323.000000	4323.500000	0	0	noise	cluster_noise	0.0000
4667	Spectrogram 1	1	4323.250000	4324.000000	0	0	13	cluster_13	0.8369
4668	Spectrogram 1	1	4323.750000	4324.250000	0	0	22	cluster_22	1.0000
4669	Spectrogram 1	1	4324.000000	4325.000000	0	0	9	cluster_9	0.9400
4670	Spectrogram 1	1	4324.750000	4325.500000	0	0	22	cluster_22	1.0000
4671	Spectrogram 1	1	4325.250000	4326.000000	0	0	noise	cluster_noise	0.0000
4672	Spectrogram 1	1	4325.750000	4326.750000	0	0	4	cluster_4	0.8072
4673	Spectrogram 1	1	4326.500000	4327.500000	0	0	noise	cluster_noise	0.0000
4674	Spectrogram 1	1	4328.000000	4328.500000	0	0	22	cluster_22	1.0000
4675	Spectrogram 1	1	4328.250000	4328.750000	0	0	noise	cluster_noise	0.0000
4676	Spectrogram 1	1	4328.500000	4329.000000	0	0	24	cluster_24	0.8518
4677	Spectrogram 1	1	4328.750000	4329.500000	0	0	noise	cluster_noise	0.0000
4678	Spectrogram 1	1	4329.250000	4330.500000	0	0	4	cluster_4	0.8534
4679	Spectrogram 1	1	4330.250000	4332.250000	0	0	noise	cluster_noise	0.0000
4680	Spectrogram 1	1	4332.000000	4332.750000	0	0	13	cluster_13	0.7541
4681	Spectrogram 1	1	4332.500000	4333.000000	0	0	22	cluster_22	0.7535
4682	Spectrogram 1	1	4332.750000	4333.250000	0	0	9	cluster_9	1.0000
4683	Spectrogram 1	1	4333.000000	4333.500000	0	0	5	cluster_5	0.7681
4684	Spectrogram 1	1	4333.250000	4333.750000	0	0	22	cluster_22	0.8186
4685	Spectrogram 1	1	4333.500000	4334.250000	0	0	noise	cluster_noise	0.0000
4686	Spectrogram 1	1	4334.000000	4334.750000	0	0	13	cluster_13	0.9567
4687	Spectrogram 1	1	4334.500000	4335.000000	0	0	22	cluster_22	0.8865
4688	Spectrogram 1	1	4334.750000	4335.500000	0	0	9	cluster_9	0.8984
4689	Spectrogram 1	1	4335.250000	4335.750000	0	0	noise	cluster_noise	0.0000
4690	Spectrogram 1	1	4335.500000	4336.000000	0	0	22	cluster_22	0.9221
4691	Spectrogram 1	1	4335.750000	4336.500000	0	0	noise	cluster_noise	0.0000
4692	Spectrogram 1	1	4336.250000	4336.750000	0	0	13	cluster_13	0.7074
4693	Spectrogram 1	1	4336.500000	4337.500000	0	0	noise	cluster_noise	0.0000
4694	Spectrogram 1	1	4337.250000	4337.750000	0	0	22	cluster_22	0.9686
4695	Spectrogram 1	1	4337.500000	4338.250000	0	0	noise	cluster_noise	0.0000
4696	Spectrogram 1	1	4338.000000	4338.750000	0	0	13	cluster_13	0.7360
4697	Spectrogram 1	1	4338.500000	4339.000000	0	0	22	cluster_22	0.8419
4698	Spectrogram 1	1	4338.750000	4339.250000	0	0	noise	cluster_noise	0.0000
4699	Spectrogram 1	1	4339.000000	4339.750000	0	0	13	cluster_13	0.6512
4700	Spectrogram 1	1	4339.500000	4340.000000	0	0	noise	cluster_noise	0.0000
4701	Spectrogram 1	1	4339.750000	4340.500000	0	0	13	cluster_13	0.5842
4702	Spectrogram 1	1	4340.250000	4340.750000	0	0	22	cluster_22	0.8350
4703	Spectrogram 1	1	4340.500000	4341.250000	0	0	13	cluster_13	0.9077
4704	Spectrogram 1	1	4341.000000	4341.500000	0	0	22	cluster_22	0.8339
4705	Spectrogram 1	1	4341.250000	4342.500000	0	0	noise	cluster_noise	0.0000
4706	Spectrogram 1	1	4342.250000	4343.000000	0	0	22	cluster_22	0.7317
4707	Spectrogram 1	1	4342.750000	4343.500000	0	0	noise	cluster_noise	0.0000
4708	Spectrogram 1	1	4345.000000	4347.000000	0	0	22	cluster_22	0.8039
4709	Spectrogram 1	1	4346.750000	4347.500000	0	0	noise	cluster_noise	0.0000
4710	Spectrogram 1	1	4347.250000	4348.500000	0	0	4	cluster_4	1.0000
4711	Spectrogram 1	1	4348.250000	4349.500000	0	0	noise	cluster_noise	0.0000
4712	Spectrogram 1	1	4349.250000	4350.000000	0	0	22	cluster_22	0.7533
4713	Spectrogram 1	1	4349.750000	4350.500000	0	0	13	cluster_13	0.6210
4714	Spectrogram 1	1	4350.250000	4351.500000	0	0	noise	cluster_noise	0.0000
4715	Spectrogram 1	1	4354.000000	4354.500000	0	0	13	cluster_13	0.5841
4716	Spectrogram 1	1	4354.250000	4355.750000	0	0	noise	cluster_noise	0.0000
4717	Spectrogram 1	1	4355.500000	4356.250000	0	0	13	cluster_13	0.4986
4718	Spectrogram 1	1	4356.000000	4356.500000	0	0	22	cluster_22	0.9178
4719	Spectrogram 1	1	4356.250000	4357.000000	0	0	noise	cluster_noise	0.0000
4720	Spectrogram 1	1	4356.750000	4357.500000	0	0	13	cluster_13	0.5271
4721	Spectrogram 1	1	4357.250000	4358.250000	0	0	noise	cluster_noise	0.0000
4722	Spectrogram 1	1	4358.000000	4358.500000	0	0	22	cluster_22	0.6911
4723	Spectrogram 1	1	4358.250000	4359.500000	0	0	noise	cluster_noise	0.0000
4724	Spectrogram 1	1	4359.250000	4359.750000	0	0	23	cluster_23	1.0000
4725	Spectrogram 1	1	4359.500000	4360.000000	0	0	noise	cluster_noise	0.0000
4726	Spectrogram 1	1	4359.750000	4361.000000	0	0	4	cluster_4	0.9886
4727	Spectrogram 1	1	4360.750000	4362.000000	0	0	noise	cluster_noise	0.0000
4728	Spectrogram 1	1	4361.750000	4362.250000	0	0	22	cluster_22	0.7645
4729	Spectrogram 1	1	4362.000000	4362.500000	0	0	noise	cluster_noise	0.0000
4730	Spectrogram 1	1	4362.250000	4363.000000	0	0	22	cluster_22	0.7702
4731	Spectrogram 1	1	4362.750000	4363.250000	0	0	noise	cluster_noise	0.0000
4732	Spectrogram 1	1	4363.000000	4363.500000	0	0	22	cluster_22	0.7850
4733	Spectrogram 1	1	4363.250000	4363.750000	0	0	noise	cluster_noise	0.0000
4734	Spectrogram 1	1	4363.500000	4365.000000	0	0	4	cluster_4	0.9031
4735	Spectrogram 1	1	4364.750000	4366.250000	0	0	22	cluster_22	0.8313
4736	Spectrogram 1	1	4366.000000	4366.750000	0	0	13	cluster_13	0.7070
4737	Spectrogram 1	1	4366.500000	4367.000000	0	0	noise	cluster_noise	0.0000
4738	Spectrogram 1	1	4366.750000	4367.500000	0	0	9	cluster_9	0.8162
4739	Spectrogram 1	1	4367.250000	4367.750000	0	0	noise	cluster_noise	0.0000
4740	Spectrogram 1	1	4367.500000	4368.000000	0	0	22	cluster_22	0.7664
4741	Spectrogram 1	1	4367.750000	4368.500000	0	0	noise	cluster_noise	0.0000
4742	Spectrogram 1	1	4368.250000	4369.000000	0	0	13	cluster_13	0.5456
4743	Spectrogram 1	1	4368.750000	4369.750000	0	0	noise	cluster_noise	0.0000
4744	Spectrogram 1	1	4369.500000	4370.000000	0	0	22	cluster_22	0.7264
4745	Spectrogram 1	1	4369.750000	4373.500000	0	0	noise	cluster_noise	0.0000
4746	Spectrogram 1	1	4373.250000	4373.750000	0	0	13	cluster_13	0.7344
4747	Spectrogram 1	1	4373.500000	4374.500000	0	0	noise	cluster_noise	0.0000
4748	Spectrogram 1	1	4374.250000	4375.000000	0	0	13	cluster_13	0.6955
4749	Spectrogram 1	1	4374.750000	4375.750000	0	0	noise	cluster_noise	0.0000
4750	Spectrogram 1	1	4375.500000	4376.000000	0	0	22	cluster_22	0.9553
4751	Spectrogram 1	1	4375.750000	4376.250000	0	0	noise	cluster_noise	0.0000
4752	Spectrogram 1	1	4376.000000	4377.000000	0	0	22	cluster_22	0.8027
4753	Spectrogram 1	1	4376.750000	4377.250000	0	0	noise	cluster_noise	0.0000
4754	Spectrogram 1	1	4377.000000	4378.250000	0	0	4	cluster_4	0.9359
4755	Spectrogram 1	1	4378.000000	4378.500000	0	0	noise	cluster_noise	0.0000
4756	Spectrogram 1	1	4378.250000	4379.500000	0	0	22	cluster_22	0.8399
4757	Spectrogram 1	1	4379.250000	4380.000000	0	0	23	cluster_23	1.0000
4758	Spectrogram 1	1	4379.750000	4380.750000	0	0	noise	cluster_noise	0.0000
4759	Spectrogram 1	1	4380.500000	4381.750000	0	0	4	cluster_4	0.9790
4760	Spectrogram 1	1	4381.500000	4382.000000	0	0	noise	cluster_noise	0.0000
4761	Spectrogram 1	1	4381.750000	4383.250000	0	0	22	cluster_22	0.8604
4762	Spectrogram 1	1	4383.000000	4383.750000	0	0	13	cluster_13	0.9179
4763	Spectrogram 1	1	4383.500000	4384.000000	0	0	3	cluster_3	1.0000
4764	Spectrogram 1	1	4383.750000	4385.250000	0	0	noise	cluster_noise	0.0000
4765	Spectrogram 1	1	4385.000000	4385.750000	0	0	13	cluster_13	0.7174
4766	Spectrogram 1	1	4385.500000	4386.500000	0	0	noise	cluster_noise	0.0000
4767	Spectrogram 1	1	4386.250000	4386.750000	0	0	22	cluster_22	0.7589
4768	Spectrogram 1	1	4386.500000	4388.250000	0	0	noise	cluster_noise	0.0000
4769	Spectrogram 1	1	4388.000000	4388.500000	0	0	22	cluster_22	0.8192
4770	Spectrogram 1	1	4391.000000	4392.750000	0	0	noise	cluster_noise	0.0000
4771	Spectrogram 1	1	4392.500000	4393.000000	0	0	22	cluster_22	0.8330
4772	Spectrogram 1	1	4392.750000	4393.250000	0	0	noise	cluster_noise	0.0000
4773	Spectrogram 1	1	4393.000000	4393.750000	0	0	13	cluster_13	0.8619
4774	Spectrogram 1	1	4393.500000	4394.000000	0	0	3	cluster_3	0.8131
4775	Spectrogram 1	1	4393.750000	4394.750000	0	0	noise	cluster_noise	0.0000
4776	Spectrogram 1	1	4394.500000	4395.500000	0	0	22	cluster_22	0.8607
4777	Spectrogram 1	1	4395.250000	4396.000000	0	0	noise	cluster_noise	0.0000
4778	Spectrogram 1	1	4395.750000	4396.500000	0	0	13	cluster_13	0.6392
4779	Spectrogram 1	1	4396.250000	4396.750000	0	0	22	cluster_22	0.7314
4780	Spectrogram 1	1	4396.500000	4397.250000	0	0	noise	cluster_noise	0.0000
4781	Spectrogram 1	1	4397.000000	4398.500000	0	0	22	cluster_22	0.8282
4782	Spectrogram 1	1	4398.250000	4399.000000	0	0	13	cluster_13	0.5436
4783	Spectrogram 1	1	4398.750000	4399.250000	0	0	noise	cluster_noise	0.0000
4784	Spectrogram 1	1	4399.000000	4399.500000	0	0	23	cluster_23	1.0000
4785	Spectrogram 1	1	4399.250000	4399.750000	0	0	noise	cluster_noise	0.0000
4786	Spectrogram 1	1	4399.500000	4400.250000	0	0	22	cluster_22	0.8609
4787	Spectrogram 1	1	4400.000000	4401.500000	0	0	noise	cluster_noise	0.0000
4788	Spectrogram 1	1	4402.000000	4402.500000	0	0	22	cluster_22	0.7256
4789	Spectrogram 1	1	4402.250000	4404.000000	0	0	noise	cluster_noise	0.0000
4790	Spectrogram 1	1	4403.750000	4404.250000	0	0	22	cluster_22	0.8328
4791	Spectrogram 1	1	4404.000000	4404.750000	0	0	noise	cluster_noise	0.0000
4792	Spectrogram 1	1	4404.500000	4405.250000	0	0	22	cluster_22	0.7041
4793	Spectrogram 1	1	4405.000000	4405.500000	0	0	noise	cluster_noise	0.0000
4794	Spectrogram 1	1	4406.000000	4406.750000	0	0	5	cluster_5	1.0000
4795	Spectrogram 1	1	4406.500000	4407.000000	0	0	22	cluster_22	0.7072
4796	Spectrogram 1	1	4406.750000	4407.250000	0	0	noise	cluster_noise	0.0000
4797	Spectrogram 1	1	4407.000000	4407.500000	0	0	24	cluster_24	0.8747
4798	Spectrogram 1	1	4407.250000	4407.750000	0	0	23	cluster_23	1.0000
4799	Spectrogram 1	1	4407.500000	4408.000000	0	0	noise	cluster_noise	0.0000
4800	Spectrogram 1	1	4407.750000	4408.500000	0	0	22	cluster_22	0.7004
4801	Spectrogram 1	1	4408.250000	4408.750000	0	0	noise	cluster_noise	0.0000
4802	Spectrogram 1	1	4408.500000	4410.000000	0	0	22	cluster_22	0.8720
4803	Spectrogram 1	1	4409.750000	4410.250000	0	0	noise	cluster_noise	0.0000
4804	Spectrogram 1	1	4410.000000	4410.500000	0	0	2	cluster_2	0.6941
4805	Spectrogram 1	1	4410.250000	4411.000000	0	0	noise	cluster_noise	0.0000
4806	Spectrogram 1	1	4410.750000	4412.750000	0	0	22	cluster_22	0.8775
4807	Spectrogram 1	1	4412.500000	4414.000000	0	0	noise	cluster_noise	0.0000
4808	Spectrogram 1	1	4413.750000	4415.500000	0	0	22	cluster_22	0.7918
4809	Spectrogram 1	1	4415.250000	4415.750000	0	0	noise	cluster_noise	0.0000
4810	Spectrogram 1	1	4415.500000	4416.250000	0	0	3	cluster_3	1.0000
4811	Spectrogram 1	1	4416.000000	4417.500000	0	0	22	cluster_22	0.8162
4812	Spectrogram 1	1	4417.250000	4418.750000	0	0	noise	cluster_noise	0.0000
4813	Spectrogram 1	1	4418.500000	4420.000000	0	0	22	cluster_22	0.9257
4814	Spectrogram 1	1	4419.750000	4422.750000	0	0	noise	cluster_noise	0.0000
4815	Spectrogram 1	1	4422.500000	4424.000000	0	0	22	cluster_22	0.8094
4816	Spectrogram 1	1	4423.750000	4427.750000	0	0	noise	cluster_noise	0.0000
4817	Spectrogram 1	1	4427.500000	4428.250000	0	0	3	cluster_3	1.0000
4818	Spectrogram 1	1	4428.000000	4429.000000	0	0	22	cluster_22	0.7646
4819	Spectrogram 1	1	4428.750000	4429.500000	0	0	noise	cluster_noise	0.0000
4820	Spectrogram 1	1	4429.250000	4431.000000	0	0	22	cluster_22	0.7657
4821	Spectrogram 1	1	4430.750000	4431.500000	0	0	3	cluster_3	1.0000
4822	Spectrogram 1	1	4431.250000	4431.750000	0	0	noise	cluster_noise	0.0000
4823	Spectrogram 1	1	4431.500000	4432.000000	0	0	2	cluster_2	1.0000
4824	Spectrogram 1	1	4431.750000	4432.500000	0	0	noise	cluster_noise	0.0000
4825	Spectrogram 1	1	4432.250000	4433.750000	0	0	22	cluster_22	0.7975
4826	Spectrogram 1	1	4433.500000	4434.000000	0	0	noise	cluster_noise	0.0000
4827	Spectrogram 1	1	4433.750000	4434.500000	0	0	3	cluster_3	1.0000
4828	Spectrogram 1	1	4434.250000	4435.000000	0	0	2	cluster_2	1.0000
4829	Spectrogram 1	1	4434.750000	4435.250000	0	0	22	cluster_22	0.7902
4830	Spectrogram 1	1	4435.000000	4436.000000	0	0	noise	cluster_noise	0.0000
4831	Spectrogram 1	1	4435.750000	4436.500000	0	0	22	cluster_22	0.8781
4832	Spectrogram 1	1	4436.250000	4436.750000	0	0	noise	cluster_noise	0.0000
4833	Spectrogram 1	1	4436.500000	4437.250000	0	0	3	cluster_3	1.0000
4834	Spectrogram 1	1	4437.000000	4437.750000	0	0	22	cluster_22	0.9224
4835	Spectrogram 1	1	4437.500000	4438.000000	0	0	noise	cluster_noise	0.0000
4836	Spectrogram 1	1	4437.750000	4438.500000	0	0	22	cluster_22	0.8371
4837	Spectrogram 1	1	4438.250000	4439.750000	0	0	noise	cluster_noise	0.0000
4838	Spectrogram 1	1	4439.500000	4442.000000	0	0	22	cluster_22	0.8480
4839	Spectrogram 1	1	4441.750000	4442.500000	0	0	noise	cluster_noise	0.0000
4840	Spectrogram 1	1	4442.250000	4442.750000	0	0	22	cluster_22	0.7098
4841	Spectrogram 1	1	4442.500000	4443.250000	0	0	noise	cluster_noise	0.0000
4842	Spectrogram 1	1	4443.000000	4443.500000	0	0	24	cluster_24	0.8664
4843	Spectrogram 1	1	4444.000000	4444.750000	0	0	noise	cluster_noise	0.0000
4844	Spectrogram 1	1	4444.500000	4445.000000	0	0	22	cluster_22	0.7171
4845	Spectrogram 1	1	4444.750000	4446.250000	0	0	noise	cluster_noise	0.0000
4846	Spectrogram 1	1	4446.000000	4447.500000	0	0	22	cluster_22	0.7969
4847	Spectrogram 1	1	4447.250000	4448.250000	0	0	noise	cluster_noise	0.0000
4848	Spectrogram 1	1	4448.000000	4449.500000	0	0	22	cluster_22	0.8720
4849	Spectrogram 1	1	4449.250000	4450.250000	0	0	3	cluster_3	1.0000
4850	Spectrogram 1	1	4450.000000	4450.500000	0	0	2	cluster_2	0.9813
4851	Spectrogram 1	1	4473.000000	4475.500000	0	0	noise	cluster_noise	0.0000
4852	Spectrogram 1	1	4475.250000	4475.750000	0	0	22	cluster_22	0.7566
4853	Spectrogram 1	1	4475.500000	4476.000000	0	0	noise	cluster_noise	0.0000
4854	Spectrogram 1	1	4475.750000	4476.250000	0	0	2	cluster_2	1.0000
4855	Spectrogram 1	1	4476.000000	4476.750000	0	0	noise	cluster_noise	0.0000
4856	Spectrogram 1	1	4476.500000	4477.000000	0	0	24	cluster_24	0.8881
4857	Spectrogram 1	1	4476.750000	4477.250000	0	0	noise	cluster_noise	0.0000
4858	Spectrogram 1	1	4477.000000	4477.500000	0	0	24	cluster_24	0.8881
4859	Spectrogram 1	1	4492.000000	4495.000000	0	0	3	cluster_3	1.0000
4860	Spectrogram 1	1	4494.750000	4495.250000	0	0	noise	cluster_noise	0.0000
4861	Spectrogram 1	1	4495.000000	4504.750000	0	0	3	cluster_3	0.9548
4862	Spectrogram 1	1	4504.500000	4506.500000	0	0	22	cluster_22	0.9622
4863	Spectrogram 1	1	4506.250000	4510.500000	0	0	3	cluster_3	0.9931
4864	Spectrogram 1	1	4510.250000	4511.000000	0	0	noise	cluster_noise	0.0000
4865	Spectrogram 1	1	4510.750000	4512.750000	0	0	22	cluster_22	0.8830
4866	Spectrogram 1	1	4512.500000	4515.000000	0	0	2	cluster_2	1.0000
4867	Spectrogram 1	1	4514.750000	4515.250000	0	0	noise	cluster_noise	0.0000
4868	Spectrogram 1	1	4515.000000	4515.750000	0	0	24	cluster_24	0.8574
4869	Spectrogram 1	1	4515.500000	4516.000000	0	0	noise	cluster_noise	0.0000
4870	Spectrogram 1	1	4515.750000	4516.250000	0	0	24	cluster_24	0.8443
4871	Spectrogram 1	1	4516.000000	4516.750000	0	0	noise	cluster_noise	0.0000
4872	Spectrogram 1	1	4516.500000	4517.000000	0	0	22	cluster_22	0.7840
4873	Spectrogram 1	1	4516.750000	4519.000000	0	0	3	cluster_3	0.9748
4874	Spectrogram 1	1	4518.750000	4519.500000	0	0	22	cluster_22	0.8329
4875	Spectrogram 1	1	4523.000000	4525.000000	0	0	2	cluster_2	0.9835
4876	Spectrogram 1	1	4524.750000	4525.500000	0	0	noise	cluster_noise	0.0000
4877	Spectrogram 1	1	4525.250000	4526.000000	0	0	22	cluster_22	0.8065
4878	Spectrogram 1	1	4525.750000	4526.250000	0	0	noise	cluster_noise	0.0000
4879	Spectrogram 1	1	4526.000000	4528.250000	0	0	2	cluster_2	0.9793
4880	Spectrogram 1	1	4528.000000	4529.000000	0	0	22	cluster_22	0.8789
4881	Spectrogram 1	1	4528.750000	4529.500000	0	0	noise	cluster_noise	0.0000
4882	Spectrogram 1	1	4529.250000	4531.250000	0	0	5	cluster_5	0.9846
4883	Spectrogram 1	1	4531.000000	4531.500000	0	0	noise	cluster_noise	0.0000
4884	Spectrogram 1	1	4531.250000	4533.500000	0	0	22	cluster_22	0.8926
4885	Spectrogram 1	1	4533.250000	4535.500000	0	0	3	cluster_3	0.9657
4886	Spectrogram 1	1	4541.000000	4541.750000	0	0	2	cluster_2	1.0000
4887	Spectrogram 1	1	4541.500000	4543.250000	0	0	noise	cluster_noise	0.0000
4888	Spectrogram 1	1	4543.000000	4545.000000	0	0	5	cluster_5	0.9673
4889	Spectrogram 1	1	4544.750000	4546.000000	0	0	noise	cluster_noise	0.0000
4890	Spectrogram 1	1	4545.750000	4547.000000	0	0	22	cluster_22	0.7646
4891	Spectrogram 1	1	4546.750000	4547.500000	0	0	3	cluster_3	0.9077
4892	Spectrogram 1	1	4555.000000	4555.500000	0	0	noise	cluster_noise	0.0000
4893	Spectrogram 1	1	4555.250000	4555.750000	0	0	22	cluster_22	0.7871
4894	Spectrogram 1	1	4555.500000	4556.000000	0	0	noise	cluster_noise	0.0000
4895	Spectrogram 1	1	4555.750000	4556.250000	0	0	24	cluster_24	0.8881
4896	Spectrogram 1	1	4556.000000	4556.750000	0	0	noise	cluster_noise	0.0000
4897	Spectrogram 1	1	4556.500000	4559.000000	0	0	5	cluster_5	0.9702
4898	Spectrogram 1	1	4558.750000	4559.750000	0	0	noise	cluster_noise	0.0000
4899	Spectrogram 1	1	4559.500000	4560.000000	0	0	22	cluster_22	0.7807
4900	Spectrogram 1	1	4559.750000	4560.500000	0	0	3	cluster_3	1.0000
4901	Spectrogram 1	1	4566.000000	4566.500000	0	0	5	cluster_5	0.7331
4902	Spectrogram 1	1	4566.250000	4568.000000	0	0	2	cluster_2	0.9838
4903	Spectrogram 1	1	4567.750000	4569.500000	0	0	22	cluster_22	0.9388
4904	Spectrogram 1	1	4569.250000	4571.500000	0	0	5	cluster_5	1.0000
4905	Spectrogram 1	1	4571.250000	4571.750000	0	0	noise	cluster_noise	0.0000
4906	Spectrogram 1	1	4571.500000	4572.250000	0	0	22	cluster_22	0.8082
4907	Spectrogram 1	1	4572.000000	4574.250000	0	0	3	cluster_3	0.9754
4908	Spectrogram 1	1	4574.000000	4574.500000	0	0	22	cluster_22	0.7738
4909	Spectrogram 1	1	4580.000000	4582.000000	0	0	5	cluster_5	0.9592
4910	Spectrogram 1	1	4581.750000	4582.250000	0	0	noise	cluster_noise	0.0000
4911	Spectrogram 1	1	4582.000000	4582.500000	0	0	22	cluster_22	0.9860
4912	Spectrogram 1	1	4582.250000	4582.750000	0	0	noise	cluster_noise	0.0000
4913	Spectrogram 1	1	4582.500000	4584.250000	0	0	3	cluster_3	0.9963
4914	Spectrogram 1	1	4584.000000	4584.750000	0	0	noise	cluster_noise	0.0000
4915	Spectrogram 1	1	4584.500000	4585.000000	0	0	3	cluster_3	0.9923
4916	Spectrogram 1	1	4584.750000	4586.250000	0	0	noise	cluster_noise	0.0000
4917	Spectrogram 1	1	4586.000000	4586.750000	0	0	5	cluster_5	0.9618
4918	Spectrogram 1	1	4586.500000	4588.500000	0	0	2	cluster_2	0.9794
4919	Spectrogram 1	1	4588.250000	4590.250000	0	0	22	cluster_22	0.8317
4920	Spectrogram 1	1	4590.000000	4591.500000	0	0	5	cluster_5	0.9446
4921	Spectrogram 1	1	4594.000000	4594.500000	0	0	3	cluster_3	1.0000
4922	Spectrogram 1	1	4594.250000	4596.250000	0	0	noise	cluster_noise	0.0000
4923	Spectrogram 1	1	4596.000000	4596.750000	0	0	22	cluster_22	0.7692
4924	Spectrogram 1	1	4596.500000	4597.000000	0	0	19	cluster_19	1.0000
4925	Spectrogram 1	1	4596.750000	4597.500000	0	0	5	cluster_5	0.9987
4926	Spectrogram 1	1	4597.250000	4598.500000	0	0	2	cluster_2	0.8480
4927	Spectrogram 1	1	4598.250000	4598.750000	0	0	5	cluster_5	1.0000
4928	Spectrogram 1	1	4598.500000	4599.000000	0	0	noise	cluster_noise	0.0000
4929	Spectrogram 1	1	4598.750000	4601.000000	0	0	22	cluster_22	0.8366
4930	Spectrogram 1	1	4600.750000	4603.250000	0	0	5	cluster_5	0.9808
4931	Spectrogram 1	1	4603.000000	4604.500000	0	0	3	cluster_3	0.9626
4932	Spectrogram 1	1	4606.000000	4606.500000	0	0	noise	cluster_noise	0.0000
4933	Spectrogram 1	1	4606.250000	4607.750000	0	0	22	cluster_22	0.8227
4934	Spectrogram 1	1	4607.500000	4608.000000	0	0	19	cluster_19	0.9979
4935	Spectrogram 1	1	4607.750000	4608.250000	0	0	noise	cluster_noise	0.0000
4936	Spectrogram 1	1	4608.000000	4608.500000	0	0	16	cluster_16	0.3125
4937	Spectrogram 1	1	4608.250000	4609.000000	0	0	noise	cluster_noise	0.0000
4938	Spectrogram 1	1	4608.750000	4609.500000	0	0	5	cluster_5	1.0000
4939	Spectrogram 1	1	4609.250000	4610.250000	0	0	noise	cluster_noise	0.0000
4940	Spectrogram 1	1	4610.000000	4610.750000	0	0	22	cluster_22	0.8066
4941	Spectrogram 1	1	4610.500000	4611.000000	0	0	noise	cluster_noise	0.0000
4942	Spectrogram 1	1	4610.750000	4612.000000	0	0	22	cluster_22	0.8515
4943	Spectrogram 1	1	4611.750000	4614.250000	0	0	5	cluster_5	1.0000
4944	Spectrogram 1	1	4614.000000	4614.500000	0	0	9	cluster_9	0.8047
4945	Spectrogram 1	1	4614.250000	4614.750000	0	0	noise	cluster_noise	0.0000
4946	Spectrogram 1	1	4614.500000	4615.000000	0	0	3	cluster_3	0.9971
4947	Spectrogram 1	1	4614.750000	4615.250000	0	0	noise	cluster_noise	0.0000
4948	Spectrogram 1	1	4615.000000	4616.250000	0	0	3	cluster_3	1.0000
4949	Spectrogram 1	1	4616.000000	4617.000000	0	0	22	cluster_22	0.7795
4950	Spectrogram 1	1	4616.750000	4617.250000	0	0	noise	cluster_noise	0.0000
4951	Spectrogram 1	1	4617.000000	4618.750000	0	0	22	cluster_22	0.7876
4952	Spectrogram 1	1	4618.500000	4619.000000	0	0	23	cluster_23	1.0000
4953	Spectrogram 1	1	4618.750000	4619.250000	0	0	noise	cluster_noise	0.0000
4954	Spectrogram 1	1	4619.000000	4619.500000	0	0	16	cluster_16	0.3090
4955	Spectrogram 1	1	4619.250000	4619.750000	0	0	14	cluster_14	0.9681
4956	Spectrogram 1	1	4619.500000	4620.000000	0	0	noise	cluster_noise	0.0000
4957	Spectrogram 1	1	4619.750000	4620.500000	0	0	5	cluster_5	0.9230
4958	Spectrogram 1	1	4620.250000	4620.750000	0	0	noise	cluster_noise	0.0000
4959	Spectrogram 1	1	4620.500000	4621.000000	0	0	5	cluster_5	1.0000
4960	Spectrogram 1	1	4620.750000	4621.250000	0	0	noise	cluster_noise	0.0000
4961	Spectrogram 1	1	4621.000000	4621.500000	0	0	22	cluster_22	0.9260
4962	Spectrogram 1	1	4621.250000	4621.750000	0	0	noise	cluster_noise	0.0000
4963	Spectrogram 1	1	4621.500000	4622.750000	0	0	22	cluster_22	0.7963
4964	Spectrogram 1	1	4622.500000	4623.000000	0	0	noise	cluster_noise	0.0000
4965	Spectrogram 1	1	4622.750000	4625.500000	0	0	5	cluster_5	1.0000
4966	Spectrogram 1	1	4625.250000	4625.750000	0	0	noise	cluster_noise	0.0000
4967	Spectrogram 1	1	4625.500000	4627.250000	0	0	3	cluster_3	1.0000
4968	Spectrogram 1	1	4627.000000	4628.500000	0	0	noise	cluster_noise	0.0000
4969	Spectrogram 1	1	4628.250000	4629.000000	0	0	22	cluster_22	0.7326
4970	Spectrogram 1	1	4628.750000	4629.500000	0	0	noise	cluster_noise	0.0000
4971	Spectrogram 1	1	4629.250000	4629.750000	0	0	22	cluster_22	0.8409
4972	Spectrogram 1	1	4629.500000	4630.500000	0	0	noise	cluster_noise	0.0000
4973	Spectrogram 1	1	4630.250000	4631.000000	0	0	16	cluster_16	0.4113
4974	Spectrogram 1	1	4630.750000	4631.250000	0	0	noise	cluster_noise	0.0000
4975	Spectrogram 1	1	4631.000000	4631.750000	0	0	5	cluster_5	0.9627
4976	Spectrogram 1	1	4631.500000	4632.000000	0	0	noise	cluster_noise	0.0000
4977	Spectrogram 1	1	4631.750000	4632.250000	0	0	5	cluster_5	1.0000
4978	Spectrogram 1	1	4632.000000	4632.500000	0	0	noise	cluster_noise	0.0000
4979	Spectrogram 1	1	4632.250000	4633.500000	0	0	22	cluster_22	0.8816
4980	Spectrogram 1	1	4633.250000	4634.000000	0	0	noise	cluster_noise	0.0000
4981	Spectrogram 1	1	4633.750000	4636.250000	0	0	5	cluster_5	0.9710
4982	Spectrogram 1	1	4636.000000	4636.500000	0	0	noise	cluster_noise	0.0000
4983	Spectrogram 1	1	4636.250000	4638.000000	0	0	3	cluster_3	1.0000
4984	Spectrogram 1	1	4637.750000	4639.250000	0	0	noise	cluster_noise	0.0000
4985	Spectrogram 1	1	4639.000000	4639.500000	0	0	22	cluster_22	1.0000
4986	Spectrogram 1	1	4639.250000	4639.750000	0	0	noise	cluster_noise	0.0000
4987	Spectrogram 1	1	4639.500000	4640.750000	0	0	22	cluster_22	0.8799
4988	Spectrogram 1	1	4640.500000	4641.000000	0	0	19	cluster_19	0.9549
4989	Spectrogram 1	1	4640.750000	4641.250000	0	0	noise	cluster_noise	0.0000
4990	Spectrogram 1	1	4641.000000	4641.750000	0	0	16	cluster_16	0.6274
4991	Spectrogram 1	1	4641.500000	4643.250000	0	0	noise	cluster_noise	0.0000
4992	Spectrogram 1	1	4643.000000	4643.750000	0	0	22	cluster_22	0.7195
4993	Spectrogram 1	1	4643.500000	4644.000000	0	0	noise	cluster_noise	0.0000
4994	Spectrogram 1	1	4643.750000	4644.750000	0	0	22	cluster_22	0.8479
4995	Spectrogram 1	1	4644.500000	4645.000000	0	0	noise	cluster_noise	0.0000
4996	Spectrogram 1	1	4644.750000	4647.250000	0	0	5	cluster_5	1.0000
4997	Spectrogram 1	1	4647.000000	4647.500000	0	0	noise	cluster_noise	0.0000
4998	Spectrogram 1	1	4647.250000	4648.500000	0	0	3	cluster_3	1.0000
4999	Spectrogram 1	1	4648.250000	4651.250000	0	0	22	cluster_22	0.8417
5000	Spectrogram 1	1	4651.000000	4651.500000	0	0	noise	cluster_noise	0.0000
5001	Spectrogram 1	1	4651.250000	4651.750000	0	0	18	cluster_18	0.7754
5002	Spectrogram 1	1	4651.500000	4652.000000	0	0	noise	cluster_noise	0.0000
5003	Spectrogram 1	1	4651.750000	4652.500000	0	0	16	cluster_16	1.0000
5004	Spectrogram 1	1	4652.250000	4653.500000	0	0	noise	cluster_noise	0.0000
5005	Spectrogram 1	1	4653.250000	4653.750000	0	0	15	cluster_15	0.9786
5006	Spectrogram 1	1	4653.500000	4655.500000	0	0	22	cluster_22	0.8583
5007	Spectrogram 1	1	4655.250000	4658.000000	0	0	5	cluster_5	0.9991
5008	Spectrogram 1	1	4657.750000	4658.250000	0	0	24	cluster_24	0.8881
5009	Spectrogram 1	1	4658.000000	4659.500000	0	0	3	cluster_3	0.9995
5010	Spectrogram 1	1	4659.250000	4659.750000	0	0	noise	cluster_noise	0.0000
5011	Spectrogram 1	1	4659.500000	4660.000000	0	0	3	cluster_3	1.0000
5012	Spectrogram 1	1	4659.750000	4662.000000	0	0	22	cluster_22	0.8584
5013	Spectrogram 1	1	4661.750000	4662.750000	0	0	noise	cluster_noise	0.0000
5014	Spectrogram 1	1	4662.500000	4663.500000	0	0	16	cluster_16	0.9514
5015	Spectrogram 1	1	4663.250000	4664.250000	0	0	noise	cluster_noise	0.0000
5016	Spectrogram 1	1	4664.000000	4664.500000	0	0	15	cluster_15	0.9840
5017	Spectrogram 1	1	4664.250000	4664.750000	0	0	noise	cluster_noise	0.0000
5018	Spectrogram 1	1	4664.500000	4665.500000	0	0	22	cluster_22	0.7834
5019	Spectrogram 1	1	4665.250000	4666.000000	0	0	noise	cluster_noise	0.0000
5020	Spectrogram 1	1	4665.750000	4666.500000	0	0	22	cluster_22	0.9373
5021	Spectrogram 1	1	4666.250000	4668.750000	0	0	5	cluster_5	1.0000
5022	Spectrogram 1	1	4668.500000	4669.250000	0	0	noise	cluster_noise	0.0000
5023	Spectrogram 1	1	4669.000000	4670.250000	0	0	3	cluster_3	0.9522
5024	Spectrogram 1	1	4670.000000	4670.500000	0	0	noise	cluster_noise	0.0000
5025	Spectrogram 1	1	4670.250000	4671.000000	0	0	22	cluster_22	0.7459
5026	Spectrogram 1	1	4670.750000	4672.500000	0	0	noise	cluster_noise	0.0000
5027	Spectrogram 1	1	4672.250000	4673.000000	0	0	22	cluster_22	0.7369
5028	Spectrogram 1	1	4672.750000	4673.500000	0	0	noise	cluster_noise	0.0000
5029	Spectrogram 1	1	4673.250000	4674.500000	0	0	16	cluster_16	0.7941
5030	Spectrogram 1	1	4674.250000	4675.750000	0	0	noise	cluster_noise	0.0000
5031	Spectrogram 1	1	4675.500000	4676.000000	0	0	5	cluster_5	0.7728
5032	Spectrogram 1	1	4675.750000	4676.250000	0	0	noise	cluster_noise	0.0000
5033	Spectrogram 1	1	4676.000000	4677.250000	0	0	22	cluster_22	0.8286
5034	Spectrogram 1	1	4677.000000	4677.500000	0	0	noise	cluster_noise	0.0000
5035	Spectrogram 1	1	4677.250000	4679.500000	0	0	5	cluster_5	0.9995
5036	Spectrogram 1	1	4679.250000	4680.000000	0	0	noise	cluster_noise	0.0000
5037	Spectrogram 1	1	4679.750000	4680.750000	0	0	3	cluster_3	1.0000
5038	Spectrogram 1	1	4680.500000	4681.000000	0	0	noise	cluster_noise	0.0000
5039	Spectrogram 1	1	4680.750000	4681.250000	0	0	3	cluster_3	1.0000
5040	Spectrogram 1	1	4681.000000	4681.500000	0	0	noise	cluster_noise	0.0000
5041	Spectrogram 1	1	4681.250000	4684.000000	0	0	22	cluster_22	0.8366
5042	Spectrogram 1	1	4683.750000	4684.250000	0	0	noise	cluster_noise	0.0000
5043	Spectrogram 1	1	4684.000000	4684.500000	0	0	18	cluster_18	0.8015
5044	Spectrogram 1	1	4684.250000	4684.750000	0	0	noise	cluster_noise	0.0000
5045	Spectrogram 1	1	4684.500000	4685.250000	0	0	16	cluster_16	1.0000
5046	Spectrogram 1	1	4685.000000	4686.250000	0	0	noise	cluster_noise	0.0000
5047	Spectrogram 1	1	4686.000000	4686.500000	0	0	19	cluster_19	1.0000
5048	Spectrogram 1	1	4686.250000	4686.750000	0	0	11	cluster_11	0.8294
5049	Spectrogram 1	1	4686.500000	4688.250000	0	0	22	cluster_22	0.9144
5050	Spectrogram 1	1	4688.000000	4688.500000	0	0	noise	cluster_noise	0.0000
5051	Spectrogram 1	1	4688.250000	4690.750000	0	0	5	cluster_5	1.0000
5052	Spectrogram 1	1	4690.500000	4691.000000	0	0	noise	cluster_noise	0.0000
5053	Spectrogram 1	1	4690.750000	4692.250000	0	0	3	cluster_3	1.0000
5054	Spectrogram 1	1	4692.000000	4692.500000	0	0	noise	cluster_noise	0.0000
5055	Spectrogram 1	1	4692.250000	4693.250000	0	0	24	cluster_24	0.8752
5056	Spectrogram 1	1	4693.000000	4694.000000	0	0	noise	cluster_noise	0.0000
5057	Spectrogram 1	1	4693.750000	4694.750000	0	0	22	cluster_22	0.7555
5058	Spectrogram 1	1	4694.500000	4695.000000	0	0	noise	cluster_noise	0.0000
5059	Spectrogram 1	1	4694.750000	4695.250000	0	0	19	cluster_19	1.0000
5060	Spectrogram 1	1	4695.000000	4695.500000	0	0	noise	cluster_noise	0.0000
5061	Spectrogram 1	1	4695.250000	4696.250000	0	0	16	cluster_16	1.0000
5062	Spectrogram 1	1	4696.000000	4697.000000	0	0	noise	cluster_noise	0.0000
5063	Spectrogram 1	1	4696.750000	4697.500000	0	0	3	cluster_3	1.0000
5064	Spectrogram 1	1	4697.250000	4697.750000	0	0	noise	cluster_noise	0.0000
5065	Spectrogram 1	1	4697.500000	4698.500000	0	0	22	cluster_22	0.8287
5066	Spectrogram 1	1	4698.250000	4698.750000	0	0	noise	cluster_noise	0.0000
5067	Spectrogram 1	1	4698.500000	4699.000000	0	0	23	cluster_23	1.0000
5068	Spectrogram 1	1	4698.750000	4699.250000	0	0	24	cluster_24	0.8389
5069	Spectrogram 1	1	4699.000000	4699.500000	0	0	9	cluster_9	0.8830
5070	Spectrogram 1	1	4699.250000	4701.750000	0	0	5	cluster_5	0.9983
5071	Spectrogram 1	1	4701.500000	4702.000000	0	0	noise	cluster_noise	0.0000
5072	Spectrogram 1	1	4701.750000	4703.250000	0	0	3	cluster_3	1.0000
5073	Spectrogram 1	1	4703.000000	4703.500000	0	0	22	cluster_22	0.7925
5074	Spectrogram 1	1	4703.250000	4703.750000	0	0	noise	cluster_noise	0.0000
5075	Spectrogram 1	1	4703.500000	4704.000000	0	0	22	cluster_22	0.7431
5076	Spectrogram 1	1	4703.750000	4704.250000	0	0	noise	cluster_noise	0.0000
5077	Spectrogram 1	1	4704.000000	4706.250000	0	0	22	cluster_22	0.8617
5078	Spectrogram 1	1	4706.000000	4706.500000	0	0	19	cluster_19	1.0000
5079	Spectrogram 1	1	4706.250000	4706.750000	0	0	noise	cluster_noise	0.0000
5080	Spectrogram 1	1	4706.500000	4707.750000	0	0	16	cluster_16	0.8534
5081	Spectrogram 1	1	4707.500000	4708.000000	0	0	noise	cluster_noise	0.0000
5082	Spectrogram 1	1	4707.750000	4708.250000	0	0	7	cluster_7	0.8662
5083	Spectrogram 1	1	4708.000000	4709.250000	0	0	noise	cluster_noise	0.0000
5084	Spectrogram 1	1	4709.000000	4709.500000	0	0	22	cluster_22	0.7050
5085	Spectrogram 1	1	4709.250000	4709.750000	0	0	noise	cluster_noise	0.0000
5086	Spectrogram 1	1	4709.500000	4710.250000	0	0	22	cluster_22	0.8304
5087	Spectrogram 1	1	4710.000000	4710.500000	0	0	9	cluster_9	0.9913
5088	Spectrogram 1	1	4710.250000	4712.750000	0	0	5	cluster_5	1.0000
5089	Spectrogram 1	1	4712.500000	4713.250000	0	0	noise	cluster_noise	0.0000
5090	Spectrogram 1	1	4713.000000	4713.500000	0	0	0	cluster_0	1.0000
5091	Spectrogram 1	1	4713.250000	4714.750000	0	0	noise	cluster_noise	0.0000
5092	Spectrogram 1	1	4714.500000	4715.000000	0	0	19	cluster_19	1.0000
5093	Spectrogram 1	1	4714.750000	4715.500000	0	0	noise	cluster_noise	0.0000
5094	Spectrogram 1	1	4715.250000	4715.750000	0	0	17	cluster_17	1.0000
5095	Spectrogram 1	1	4715.500000	4716.000000	0	0	23	cluster_23	1.0000
5096	Spectrogram 1	1	4715.750000	4716.250000	0	0	noise	cluster_noise	0.0000
5097	Spectrogram 1	1	4716.000000	4716.500000	0	0	24	cluster_24	0.8881
5098	Spectrogram 1	1	4717.000000	4717.500000	0	0	18	cluster_18	1.0000
5099	Spectrogram 1	1	4717.250000	4717.750000	0	0	17	cluster_17	1.0000
5100	Spectrogram 1	1	4717.500000	4718.000000	0	0	25	cluster_25	0.9040
5101	Spectrogram 1	1	4717.750000	4718.500000	0	0	noise	cluster_noise	0.0000
5102	Spectrogram 1	1	4718.250000	4718.750000	0	0	18	cluster_18	0.8373
5103	Spectrogram 1	1	4718.500000	4720.750000	0	0	noise	cluster_noise	0.0000
5104	Spectrogram 1	1	4720.500000	4721.000000	0	0	22	cluster_22	0.7778
5105	Spectrogram 1	1	4720.750000	4721.250000	0	0	9	cluster_9	0.9019
5106	Spectrogram 1	1	4721.000000	4722.500000	0	0	5	cluster_5	1.0000
5107	Spectrogram 1	1	4722.250000	4722.750000	0	0	noise	cluster_noise	0.0000
5108	Spectrogram 1	1	4722.500000	4723.500000	0	0	5	cluster_5	1.0000
5109	Spectrogram 1	1	4723.250000	4723.750000	0	0	noise	cluster_noise	0.0000
5110	Spectrogram 1	1	4723.500000	4725.000000	0	0	22	cluster_22	0.9006
5111	Spectrogram 1	1	4724.750000	4727.000000	0	0	5	cluster_5	1.0000
5112	Spectrogram 1	1	4726.750000	4727.250000	0	0	22	cluster_22	0.7847
5113	Spectrogram 1	1	4727.000000	4729.500000	0	0	noise	cluster_noise	0.0000
5114	Spectrogram 1	1	4729.250000	4730.000000	0	0	18	cluster_18	0.9880
5115	Spectrogram 1	1	4729.750000	4730.250000	0	0	17	cluster_17	1.0000
5116	Spectrogram 1	1	4730.000000	4730.500000	0	0	noise	cluster_noise	0.0000
5117	Spectrogram 1	1	4730.250000	4731.000000	0	0	15	cluster_15	0.9664
5118	Spectrogram 1	1	4730.750000	4731.250000	0	0	noise	cluster_noise	0.0000
5119	Spectrogram 1	1	4731.000000	4731.750000	0	0	18	cluster_18	0.9173
5120	Spectrogram 1	1	4731.500000	4732.250000	0	0	noise	cluster_noise	0.0000
5121	Spectrogram 1	1	4732.000000	4732.500000	0	0	15	cluster_15	1.0000
5122	Spectrogram 1	1	4732.250000	4732.750000	0	0	noise	cluster_noise	0.0000
5123	Spectrogram 1	1	4732.500000	4733.500000	0	0	18	cluster_18	0.8749
5124	Spectrogram 1	1	4733.250000	4734.000000	0	0	noise	cluster_noise	0.0000
5125	Spectrogram 1	1	4733.750000	4734.250000	0	0	15	cluster_15	1.0000
5126	Spectrogram 1	1	4734.000000	4735.000000	0	0	18	cluster_18	0.8604
5127	Spectrogram 1	1	4734.750000	4735.250000	0	0	17	cluster_17	1.0000
5128	Spectrogram 1	1	4735.000000	4737.000000	0	0	noise	cluster_noise	0.0000
5129	Spectrogram 1	1	4736.750000	4739.500000	0	0	5	cluster_5	1.0000
5130	Spectrogram 1	1	4739.250000	4740.500000	0	0	noise	cluster_noise	0.0000
5131	Spectrogram 1	1	4740.250000	4740.750000	0	0	22	cluster_22	0.6885
5132	Spectrogram 1	1	4740.500000	4741.000000	0	0	noise	cluster_noise	0.0000
5133	Spectrogram 1	1	4740.750000	4743.000000	0	0	5	cluster_5	1.0000
5134	Spectrogram 1	1	4742.750000	4743.500000	0	0	22	cluster_22	0.7793
5135	Spectrogram 1	1	4743.250000	4744.000000	0	0	noise	cluster_noise	0.0000
5136	Spectrogram 1	1	4743.750000	4744.250000	0	0	18	cluster_18	0.8193
5137	Spectrogram 1	1	4744.000000	4745.500000	0	0	noise	cluster_noise	0.0000
5138	Spectrogram 1	1	4745.250000	4746.250000	0	0	18	cluster_18	0.8551
5139	Spectrogram 1	1	4746.000000	4746.500000	0	0	noise	cluster_noise	0.0000
5140	Spectrogram 1	1	4746.250000	4747.000000	0	0	15	cluster_15	0.9883
5141	Spectrogram 1	1	4746.750000	4747.250000	0	0	noise	cluster_noise	0.0000
5142	Spectrogram 1	1	4747.000000	4748.000000	0	0	18	cluster_18	0.8447
5143	Spectrogram 1	1	4747.750000	4748.750000	0	0	noise	cluster_noise	0.0000
5144	Spectrogram 1	1	4748.500000	4749.250000	0	0	18	cluster_18	0.9561
5145	Spectrogram 1	1	4749.000000	4749.750000	0	0	noise	cluster_noise	0.0000
5146	Spectrogram 1	1	4749.500000	4750.250000	0	0	15	cluster_15	0.9918
5147	Spectrogram 1	1	4750.000000	4750.500000	0	0	19	cluster_19	0.9385
5148	Spectrogram 1	1	4750.250000	4751.000000	0	0	18	cluster_18	0.9329
5149	Spectrogram 1	1	4750.750000	4751.750000	0	0	noise	cluster_noise	0.0000
5150	Spectrogram 1	1	4751.500000	4752.000000	0	0	15	cluster_15	1.0000
5151	Spectrogram 1	1	4751.750000	4752.250000	0	0	noise	cluster_noise	0.0000
5152	Spectrogram 1	1	4752.000000	4752.500000	0	0	22	cluster_22	0.7659
5153	Spectrogram 1	1	4752.250000	4753.000000	0	0	noise	cluster_noise	0.0000
5154	Spectrogram 1	1	4752.750000	4755.750000	0	0	5	cluster_5	1.0000
5155	Spectrogram 1	1	4755.500000	4756.500000	0	0	noise	cluster_noise	0.0000
5156	Spectrogram 1	1	4756.250000	4757.250000	0	0	22	cluster_22	0.9287
5157	Spectrogram 1	1	4757.000000	4759.250000	0	0	5	cluster_5	1.0000
5158	Spectrogram 1	1	4759.000000	4760.000000	0	0	noise	cluster_noise	0.0000
5159	Spectrogram 1	1	4759.750000	4760.500000	0	0	18	cluster_18	0.8898
5160	Spectrogram 1	1	4760.250000	4760.750000	0	0	noise	cluster_noise	0.0000
5161	Spectrogram 1	1	4760.500000	4761.000000	0	0	22	cluster_22	0.8896
5162	Spectrogram 1	1	4760.750000	4761.250000	0	0	noise	cluster_noise	0.0000
5163	Spectrogram 1	1	4761.000000	4761.750000	0	0	15	cluster_15	0.9963
5164	Spectrogram 1	1	4761.500000	4762.250000	0	0	18	cluster_18	0.8774
5165	Spectrogram 1	1	4762.000000	4762.500000	0	0	noise	cluster_noise	0.0000
5166	Spectrogram 1	1	4762.250000	4762.750000	0	0	22	cluster_22	0.6949
5167	Spectrogram 1	1	4762.500000	4763.500000	0	0	noise	cluster_noise	0.0000
5168	Spectrogram 1	1	4763.250000	4764.000000	0	0	18	cluster_18	1.0000
5169	Spectrogram 1	1	4763.750000	4764.250000	0	0	17	cluster_17	0.9769
5170	Spectrogram 1	1	4764.000000	4764.500000	0	0	noise	cluster_noise	0.0000
5171	Spectrogram 1	1	4764.250000	4765.000000	0	0	15	cluster_15	0.9947
5172	Spectrogram 1	1	4764.750000	4765.250000	0	0	19	cluster_19	0.9848
5173	Spectrogram 1	1	4765.000000	4766.500000	0	0	noise	cluster_noise	0.0000
5174	Spectrogram 1	1	4766.250000	4766.750000	0	0	15	cluster_15	1.0000
5175	Spectrogram 1	1	4766.500000	4767.000000	0	0	noise	cluster_noise	0.0000
5176	Spectrogram 1	1	4766.750000	4767.250000	0	0	22	cluster_22	0.9440
5177	Spectrogram 1	1	4767.000000	4767.500000	0	0	noise	cluster_noise	0.0000
5178	Spectrogram 1	1	4767.250000	4767.750000	0	0	22	cluster_22	0.7389
5179	Spectrogram 1	1	4767.500000	4771.000000	0	0	5	cluster_5	0.9884
5180	Spectrogram 1	1	4770.750000	4771.250000	0	0	noise	cluster_noise	0.0000
5181	Spectrogram 1	1	4771.000000	4772.750000	0	0	22	cluster_22	0.7924
5182	Spectrogram 1	1	4772.500000	4773.000000	0	0	19	cluster_19	1.0000
5183	Spectrogram 1	1	4772.750000	4774.250000	0	0	noise	cluster_noise	0.0000
5184	Spectrogram 1	1	4774.000000	4774.750000	0	0	15	cluster_15	1.0000
5185	Spectrogram 1	1	4774.500000	4775.000000	0	0	19	cluster_19	0.9527
5186	Spectrogram 1	1	4774.750000	4775.500000	0	0	noise	cluster_noise	0.0000
5187	Spectrogram 1	1	4775.250000	4775.750000	0	0	18	cluster_18	0.9270
5188	Spectrogram 1	1	4775.500000	4776.000000	0	0	17	cluster_17	1.0000
5189	Spectrogram 1	1	4775.750000	4776.500000	0	0	noise	cluster_noise	0.0000
5190	Spectrogram 1	1	4776.250000	4776.750000	0	0	19	cluster_19	0.9318
5191	Spectrogram 1	1	4776.500000	4777.000000	0	0	18	cluster_18	0.7981
5192	Spectrogram 1	1	4776.750000	4777.250000	0	0	noise	cluster_noise	0.0000
5193	Spectrogram 1	1	4777.000000	4777.500000	0	0	18	cluster_18	1.0000
5194	Spectrogram 1	1	4777.250000	4777.750000	0	0	17	cluster_17	1.0000
5195	Spectrogram 1	1	4777.500000	4778.000000	0	0	22	cluster_22	0.8401
5196	Spectrogram 1	1	4777.750000	4778.250000	0	0	noise	cluster_noise	0.0000
5197	Spectrogram 1	1	4778.000000	4778.500000	0	0	19	cluster_19	0.9356
5198	Spectrogram 1	1	4778.250000	4779.250000	0	0	18	cluster_18	0.9205
5199	Spectrogram 1	1	4779.000000	4780.000000	0	0	noise	cluster_noise	0.0000
5200	Spectrogram 1	1	4779.750000	4780.250000	0	0	24	cluster_24	0.8360
5201	Spectrogram 1	1	4780.000000	4781.000000	0	0	noise	cluster_noise	0.0000
5202	Spectrogram 1	1	4780.750000	4781.250000	0	0	22	cluster_22	0.8253
5203	Spectrogram 1	1	4781.000000	4781.500000	0	0	noise	cluster_noise	0.0000
5204	Spectrogram 1	1	4781.250000	4784.500000	0	0	5	cluster_5	1.0000
5205	Spectrogram 1	1	4784.250000	4785.500000	0	0	noise	cluster_noise	0.0000
5206	Spectrogram 1	1	4785.250000	4785.750000	0	0	22	cluster_22	0.8615
5207	Spectrogram 1	1	4785.500000	4786.250000	0	0	noise	cluster_noise	0.0000
5208	Spectrogram 1	1	4786.000000	4786.500000	0	0	22	cluster_22	0.8890
5209	Spectrogram 1	1	4786.250000	4789.500000	0	0	noise	cluster_noise	0.0000
5210	Spectrogram 1	1	4789.250000	4790.250000	0	0	18	cluster_18	0.8858
5211	Spectrogram 1	1	4790.000000	4790.500000	0	0	17	cluster_17	1.0000
5212	Spectrogram 1	1	4790.250000	4790.750000	0	0	noise	cluster_noise	0.0000
5213	Spectrogram 1	1	4790.500000	4791.000000	0	0	15	cluster_15	1.0000
5214	Spectrogram 1	1	4790.750000	4791.250000	0	0	19	cluster_19	1.0000
5215	Spectrogram 1	1	4791.000000	4791.500000	0	0	18	cluster_18	0.8730
5216	Spectrogram 1	1	4791.250000	4791.750000	0	0	noise	cluster_noise	0.0000
5217	Spectrogram 1	1	4791.500000	4792.000000	0	0	18	cluster_18	1.0000
5218	Spectrogram 1	1	4791.750000	4792.250000	0	0	17	cluster_17	1.0000
5219	Spectrogram 1	1	4792.000000	4793.000000	0	0	15	cluster_15	0.9863
5220	Spectrogram 1	1	4792.750000	4793.250000	0	0	18	cluster_18	0.7949
5221	Spectrogram 1	1	4793.000000	4793.500000	0	0	19	cluster_19	0.9276
5222	Spectrogram 1	1	4793.250000	4794.500000	0	0	noise	cluster_noise	0.0000
5223	Spectrogram 1	1	4794.250000	4795.000000	0	0	22	cluster_22	0.8360
5224	Spectrogram 1	1	4794.750000	4798.250000	0	0	5	cluster_5	0.9952
5225	Spectrogram 1	1	4798.000000	4799.250000	0	0	noise	cluster_noise	0.0000
5226	Spectrogram 1	1	4799.000000	4799.500000	0	0	24	cluster_24	0.8881
5227	Spectrogram 1	1	4799.250000	4802.500000	0	0	noise	cluster_noise	0.0000
5228	Spectrogram 1	1	4802.250000	4803.000000	0	0	22	cluster_22	0.7779
5229	Spectrogram 1	1	4802.750000	4803.250000	0	0	19	cluster_19	1.0000
5230	Spectrogram 1	1	4803.000000	4803.500000	0	0	18	cluster_18	0.7827
5231	Spectrogram 1	1	4803.250000	4803.750000	0	0	noise	cluster_noise	0.0000
5232	Spectrogram 1	1	4803.500000	4804.000000	0	0	18	cluster_18	0.8935
5233	Spectrogram 1	1	4803.750000	4804.750000	0	0	noise	cluster_noise	0.0000
5234	Spectrogram 1	1	4804.500000	4805.000000	0	0	19	cluster_19	0.9246
5235	Spectrogram 1	1	4804.750000	4805.500000	0	0	18	cluster_18	0.8605
5236	Spectrogram 1	1	4805.250000	4805.750000	0	0	17	cluster_17	0.9700
5237	Spectrogram 1	1	4805.500000	4806.250000	0	0	noise	cluster_noise	0.0000
5238	Spectrogram 1	1	4806.000000	4806.500000	0	0	19	cluster_19	0.9832
5239	Spectrogram 1	1	4806.250000	4806.750000	0	0	noise	cluster_noise	0.0000
5240	Spectrogram 1	1	4806.500000	4807.000000	0	0	18	cluster_18	1.0000
5241	Spectrogram 1	1	4806.750000	4807.250000	0	0	17	cluster_17	1.0000
5242	Spectrogram 1	1	4807.000000	4807.500000	0	0	22	cluster_22	0.7835
5243	Spectrogram 1	1	4807.250000	4808.000000	0	0	noise	cluster_noise	0.0000
5244	Spectrogram 1	1	4807.750000	4808.750000	0	0	22	cluster_22	0.7761
5245	Spectrogram 1	1	4808.500000	4809.250000	0	0	5	cluster_5	1.0000
5246	Spectrogram 1	1	4809.000000	4809.500000	0	0	noise	cluster_noise	0.0000
5247	Spectrogram 1	1	4809.250000	4812.000000	0	0	5	cluster_5	0.9853
5248	Spectrogram 1	1	4811.750000	4813.250000	0	0	noise	cluster_noise	0.0000
5249	Spectrogram 1	1	4813.000000	4814.500000	0	0	22	cluster_22	0.8732
5250	Spectrogram 1	1	4814.250000	4816.750000	0	0	noise	cluster_noise	0.0000
5251	Spectrogram 1	1	4816.500000	4817.250000	0	0	18	cluster_18	0.9693
5252	Spectrogram 1	1	4817.000000	4818.250000	0	0	noise	cluster_noise	0.0000
5253	Spectrogram 1	1	4818.000000	4818.500000	0	0	18	cluster_18	0.8015
5254	Spectrogram 1	1	4818.250000	4818.750000	0	0	noise	cluster_noise	0.0000
5255	Spectrogram 1	1	4818.500000	4819.000000	0	0	18	cluster_18	0.8322
5256	Spectrogram 1	1	4818.750000	4819.750000	0	0	noise	cluster_noise	0.0000
5257	Spectrogram 1	1	4819.500000	4820.000000	0	0	18	cluster_18	0.8550
5258	Spectrogram 1	1	4819.750000	4820.250000	0	0	noise	cluster_noise	0.0000
5259	Spectrogram 1	1	4820.000000	4820.500000	0	0	18	cluster_18	0.8521
5260	Spectrogram 1	1	4820.250000	4821.500000	0	0	noise	cluster_noise	0.0000
5261	Spectrogram 1	1	4821.250000	4821.750000	0	0	18	cluster_18	0.9381
5262	Spectrogram 1	1	4821.500000	4823.250000	0	0	noise	cluster_noise	0.0000
5263	Spectrogram 1	1	4823.000000	4826.500000	0	0	5	cluster_5	0.9932
5264	Spectrogram 1	1	4826.250000	4827.000000	0	0	noise	cluster_noise	0.0000
5265	Spectrogram 1	1	4826.750000	4829.000000	0	0	22	cluster_22	0.7860
5266	Spectrogram 1	1	4828.750000	4829.250000	0	0	19	cluster_19	1.0000
5267	Spectrogram 1	1	4829.000000	4829.500000	0	0	noise	cluster_noise	0.0000
5268	Spectrogram 1	1	4829.250000	4829.750000	0	0	4	cluster_4	0.4446
5269	Spectrogram 1	1	4829.500000	4830.500000	0	0	noise	cluster_noise	0.0000
5270	Spectrogram 1	1	4830.250000	4831.000000	0	0	22	cluster_22	0.7720
5271	Spectrogram 1	1	4830.750000	4831.250000	0	0	19	cluster_19	1.0000
5272	Spectrogram 1	1	4831.000000	4834.000000	0	0	noise	cluster_noise	0.0000
5273	Spectrogram 1	1	4833.750000	4834.250000	0	0	15	cluster_15	0.9764
5274	Spectrogram 1	1	4834.000000	4834.500000	0	0	19	cluster_19	0.9508
5275	Spectrogram 1	1	4834.250000	4834.750000	0	0	noise	cluster_noise	0.0000
5276	Spectrogram 1	1	4834.500000	4835.000000	0	0	18	cluster_18	1.0000
5277	Spectrogram 1	1	4834.750000	4835.250000	0	0	17	cluster_17	1.0000
5278	Spectrogram 1	1	4835.000000	4835.500000	0	0	noise	cluster_noise	0.0000
5279	Spectrogram 1	1	4835.250000	4836.000000	0	0	15	cluster_15	1.0000
5280	Spectrogram 1	1	4835.750000	4836.250000	0	0	noise	cluster_noise	0.0000
5281	Spectrogram 1	1	4836.000000	4836.750000	0	0	22	cluster_22	0.8730
5282	Spectrogram 1	1	4836.500000	4840.000000	0	0	5	cluster_5	0.9696
5283	Spectrogram 1	1	4839.750000	4840.500000	0	0	noise	cluster_noise	0.0000
5284	Spectrogram 1	1	4840.250000	4841.500000	0	0	22	cluster_22	0.8960
5285	Spectrogram 1	1	4841.250000	4841.750000	0	0	noise	cluster_noise	0.0000
5286	Spectrogram 1	1	4841.500000	4842.500000	0	0	22	cluster_22	0.8859
5287	Spectrogram 1	1	4842.250000	4843.000000	0	0	noise	cluster_noise	0.0000
5288	Spectrogram 1	1	4842.750000	4843.500000	0	0	4	cluster_4	0.4544
5289	Spectrogram 1	1	4843.250000	4844.500000	0	0	noise	cluster_noise	0.0000
5290	Spectrogram 1	1	4844.250000	4846.000000	0	0	22	cluster_22	0.8509
5291	Spectrogram 1	1	4845.750000	4846.500000	0	0	noise	cluster_noise	0.0000
5292	Spectrogram 1	1	4846.250000	4847.000000	0	0	4	cluster_4	0.4578
5293	Spectrogram 1	1	4846.750000	4847.750000	0	0	noise	cluster_noise	0.0000
5294	Spectrogram 1	1	4847.500000	4848.000000	0	0	22	cluster_22	0.9296
5295	Spectrogram 1	1	4847.750000	4848.500000	0	0	noise	cluster_noise	0.0000
5296	Spectrogram 1	1	4848.250000	4848.750000	0	0	22	cluster_22	0.8302
5297	Spectrogram 1	1	4848.500000	4849.000000	0	0	noise	cluster_noise	0.0000
5298	Spectrogram 1	1	4848.750000	4849.500000	0	0	13	cluster_13	1.0000
5299	Spectrogram 1	1	4849.250000	4850.500000	0	0	noise	cluster_noise	0.0000
5300	Spectrogram 1	1	4850.250000	4850.750000	0	0	22	cluster_22	0.7286
5301	Spectrogram 1	1	4850.500000	4851.000000	0	0	noise	cluster_noise	0.0000
5302	Spectrogram 1	1	4850.750000	4851.500000	0	0	13	cluster_13	0.9307
5303	Spectrogram 1	1	4851.250000	4851.750000	0	0	22	cluster_22	0.8408
5304	Spectrogram 1	1	4851.500000	4852.250000	0	0	9	cluster_9	0.9000
5305	Spectrogram 1	1	4852.000000	4852.500000	0	0	noise	cluster_noise	0.0000
5306	Spectrogram 1	1	4852.250000	4852.750000	0	0	22	cluster_22	0.7402
5307	Spectrogram 1	1	4852.500000	4853.000000	0	0	noise	cluster_noise	0.0000
5308	Spectrogram 1	1	4852.750000	4853.500000	0	0	13	cluster_13	0.7919
5309	Spectrogram 1	1	4853.250000	4853.750000	0	0	22	cluster_22	0.6856
5310	Spectrogram 1	1	4853.500000	4854.000000	0	0	9	cluster_9	0.8082
5311	Spectrogram 1	1	4853.750000	4854.750000	0	0	noise	cluster_noise	0.0000
5312	Spectrogram 1	1	4854.500000	4855.250000	0	0	13	cluster_13	0.6809
5313	Spectrogram 1	1	4855.000000	4855.500000	0	0	noise	cluster_noise	0.0000
5314	Spectrogram 1	1	4855.250000	4856.000000	0	0	9	cluster_9	0.8182
5315	Spectrogram 1	1	4855.750000	4857.000000	0	0	22	cluster_22	0.8572
5316	Spectrogram 1	1	4856.750000	4857.750000	0	0	noise	cluster_noise	0.0000
5317	Spectrogram 1	1	4857.500000	4858.250000	0	0	4	cluster_4	0.5335
5318	Spectrogram 1	1	4858.000000	4858.750000	0	0	noise	cluster_noise	0.0000
5319	Spectrogram 1	1	4858.500000	4859.000000	0	0	22	cluster_22	0.8185
5320	Spectrogram 1	1	4858.750000	4859.750000	0	0	noise	cluster_noise	0.0000
5321	Spectrogram 1	1	4859.500000	4860.750000	0	0	22	cluster_22	0.8220
5322	Spectrogram 1	1	4860.500000	4861.500000	0	0	noise	cluster_noise	0.0000
5323	Spectrogram 1	1	4861.250000	4862.000000	0	0	4	cluster_4	0.6281
5324	Spectrogram 1	1	4861.750000	4862.750000	0	0	noise	cluster_noise	0.0000
5325	Spectrogram 1	1	4862.500000	4863.500000	0	0	22	cluster_22	0.8375
5326	Spectrogram 1	1	4863.250000	4863.750000	0	0	noise	cluster_noise	0.0000
5327	Spectrogram 1	1	4863.500000	4864.250000	0	0	13	cluster_13	0.7529
5328	Spectrogram 1	1	4864.000000	4864.500000	0	0	22	cluster_22	0.8106
5329	Spectrogram 1	1	4864.250000	4865.000000	0	0	9	cluster_9	0.8777
5330	Spectrogram 1	1	4864.750000	4865.500000	0	0	22	cluster_22	0.7877
5331	Spectrogram 1	1	4865.250000	4865.750000	0	0	noise	cluster_noise	0.0000
5332	Spectrogram 1	1	4865.500000	4866.250000	0	0	13	cluster_13	0.8080
5333	Spectrogram 1	1	4866.000000	4867.000000	0	0	noise	cluster_noise	0.0000
5334	Spectrogram 1	1	4866.750000	4867.500000	0	0	22	cluster_22	0.8201
5335	Spectrogram 1	1	4867.250000	4867.750000	0	0	noise	cluster_noise	0.0000
5336	Spectrogram 1	1	4867.500000	4868.250000	0	0	13	cluster_13	0.7965
5337	Spectrogram 1	1	4868.000000	4868.500000	0	0	noise	cluster_noise	0.0000
5338	Spectrogram 1	1	4868.250000	4868.750000	0	0	9	cluster_9	0.9994
5339	Spectrogram 1	1	4868.500000	4869.250000	0	0	13	cluster_13	0.5865
5340	Spectrogram 1	1	4869.000000	4869.500000	0	0	noise	cluster_noise	0.0000
5341	Spectrogram 1	1	4869.250000	4869.750000	0	0	9	cluster_9	1.0000
5342	Spectrogram 1	1	4869.500000	4870.250000	0	0	noise	cluster_noise	0.0000
5343	Spectrogram 1	1	4870.000000	4870.750000	0	0	13	cluster_13	1.0000
5344	Spectrogram 1	1	4870.500000	4871.000000	0	0	noise	cluster_noise	0.0000
5345	Spectrogram 1	1	4870.750000	4871.250000	0	0	9	cluster_9	0.9671
5346	Spectrogram 1	1	4871.000000	4871.750000	0	0	13	cluster_13	0.5697
5347	Spectrogram 1	1	4871.500000	4872.000000	0	0	noise	cluster_noise	0.0000
5348	Spectrogram 1	1	4871.750000	4872.250000	0	0	9	cluster_9	1.0000
5349	Spectrogram 1	1	4872.000000	4872.500000	0	0	noise	cluster_noise	0.0000
5350	Spectrogram 1	1	4872.250000	4873.000000	0	0	13	cluster_13	0.8096
5351	Spectrogram 1	1	4872.750000	4873.250000	0	0	22	cluster_22	0.9602
5352	Spectrogram 1	1	4873.000000	4873.750000	0	0	9	cluster_9	0.9504
5353	Spectrogram 1	1	4873.500000	4874.500000	0	0	noise	cluster_noise	0.0000
5354	Spectrogram 1	1	4874.250000	4874.750000	0	0	22	cluster_22	0.6878
5355	Spectrogram 1	1	4874.500000	4875.250000	0	0	noise	cluster_noise	0.0000
5356	Spectrogram 1	1	4875.000000	4875.750000	0	0	4	cluster_4	0.6647
5357	Spectrogram 1	1	4875.500000	4876.000000	0	0	noise	cluster_noise	0.0000
5358	Spectrogram 1	1	4875.750000	4876.250000	0	0	24	cluster_24	0.8881
5359	Spectrogram 1	1	4876.000000	4876.750000	0	0	22	cluster_22	0.7989
5360	Spectrogram 1	1	4876.500000	4877.750000	0	0	noise	cluster_noise	0.0000
5361	Spectrogram 1	1	4877.500000	4878.250000	0	0	22	cluster_22	0.8169
5362	Spectrogram 1	1	4878.000000	4879.000000	0	0	noise	cluster_noise	0.0000
5363	Spectrogram 1	1	4878.750000	4879.750000	0	0	4	cluster_4	0.7890
5364	Spectrogram 1	1	4879.500000	4880.500000	0	0	noise	cluster_noise	0.0000
5365	Spectrogram 1	1	4880.250000	4880.750000	0	0	9	cluster_9	0.7561
5366	Spectrogram 1	1	4880.500000	4881.000000	0	0	22	cluster_22	0.8129
5367	Spectrogram 1	1	4880.750000	4881.500000	0	0	noise	cluster_noise	0.0000
5368	Spectrogram 1	1	4881.250000	4882.000000	0	0	13	cluster_13	0.6866
5369	Spectrogram 1	1	4881.750000	4882.250000	0	0	22	cluster_22	0.8696
5370	Spectrogram 1	1	4882.000000	4882.500000	0	0	9	cluster_9	1.0000
5371	Spectrogram 1	1	4882.250000	4882.750000	0	0	noise	cluster_noise	0.0000
5372	Spectrogram 1	1	4882.500000	4883.000000	0	0	22	cluster_22	0.7056
5373	Spectrogram 1	1	4882.750000	4883.250000	0	0	noise	cluster_noise	0.0000
5374	Spectrogram 1	1	4883.000000	4883.750000	0	0	13	cluster_13	0.7948
5375	Spectrogram 1	1	4883.500000	4884.000000	0	0	noise	cluster_noise	0.0000
5376	Spectrogram 1	1	4883.750000	4884.250000	0	0	9	cluster_9	0.8944
5377	Spectrogram 1	1	4884.000000	4885.000000	0	0	noise	cluster_noise	0.0000
5378	Spectrogram 1	1	4884.750000	4885.250000	0	0	22	cluster_22	0.7578
5379	Spectrogram 1	1	4885.000000	4885.500000	0	0	noise	cluster_noise	0.0000
5380	Spectrogram 1	1	4885.250000	4886.000000	0	0	13	cluster_13	0.7344
5381	Spectrogram 1	1	4885.750000	4887.000000	0	0	noise	cluster_noise	0.0000
5382	Spectrogram 1	1	4886.750000	4887.250000	0	0	22	cluster_22	0.8479
5383	Spectrogram 1	1	4887.000000	4887.500000	0	0	noise	cluster_noise	0.0000
5384	Spectrogram 1	1	4887.250000	4887.750000	0	0	13	cluster_13	0.6769
5385	Spectrogram 1	1	4887.500000	4888.750000	0	0	noise	cluster_noise	0.0000
5386	Spectrogram 1	1	4888.500000	4889.000000	0	0	22	cluster_22	0.7547
5387	Spectrogram 1	1	4888.750000	4892.250000	0	0	noise	cluster_noise	0.0000
5388	Spectrogram 1	1	4892.000000	4893.000000	0	0	22	cluster_22	0.8686
5389	Spectrogram 1	1	4892.750000	4893.750000	0	0	noise	cluster_noise	0.0000
5390	Spectrogram 1	1	4893.500000	4894.250000	0	0	4	cluster_4	0.8468
5391	Spectrogram 1	1	4894.000000	4895.000000	0	0	noise	cluster_noise	0.0000
5392	Spectrogram 1	1	4894.750000	4895.250000	0	0	22	cluster_22	0.7304
5393	Spectrogram 1	1	4895.000000	4895.500000	0	0	noise	cluster_noise	0.0000
5394	Spectrogram 1	1	4895.250000	4895.750000	0	0	24	cluster_24	0.8881
5395	Spectrogram 1	1	4895.500000	4896.250000	0	0	noise	cluster_noise	0.0000
5396	Spectrogram 1	1	4896.000000	4896.500000	0	0	22	cluster_22	0.8444
5397	Spectrogram 1	1	4896.250000	4897.250000	0	0	noise	cluster_noise	0.0000
5398	Spectrogram 1	1	4897.000000	4898.000000	0	0	4	cluster_4	0.9481
5399	Spectrogram 1	1	4897.750000	4898.750000	0	0	noise	cluster_noise	0.0000
5400	Spectrogram 1	1	4898.500000	4899.250000	0	0	22	cluster_22	0.8173
5401	Spectrogram 1	1	4899.000000	4899.500000	0	0	noise	cluster_noise	0.0000
5402	Spectrogram 1	1	4899.250000	4900.000000	0	0	13	cluster_13	0.6969
5403	Spectrogram 1	1	4899.750000	4900.250000	0	0	22	cluster_22	0.9180
5404	Spectrogram 1	1	4900.000000	4900.750000	0	0	9	cluster_9	0.8775
5405	Spectrogram 1	1	4900.500000	4901.250000	0	0	22	cluster_22	0.7706
5406	Spectrogram 1	1	4901.000000	4901.500000	0	0	noise	cluster_noise	0.0000
5407	Spectrogram 1	1	4901.250000	4902.000000	0	0	13	cluster_13	0.5376
5408	Spectrogram 1	1	4901.750000	4902.500000	0	0	9	cluster_9	0.7842
5409	Spectrogram 1	1	4902.250000	4902.750000	0	0	noise	cluster_noise	0.0000
5410	Spectrogram 1	1	4902.500000	4903.500000	0	0	22	cluster_22	0.8395
5411	Spectrogram 1	1	4903.250000	4904.000000	0	0	13	cluster_13	0.5735
5412	Spectrogram 1	1	4903.750000	4904.250000	0	0	3	cluster_3	1.0000
5413	Spectrogram 1	1	4904.000000	4904.500000	0	0	noise	cluster_noise	0.0000
5414	Spectrogram 1	1	4904.250000	4904.750000	0	0	12	cluster_12	0.9646
5415	Spectrogram 1	1	4904.500000	4905.000000	0	0	3	cluster_3	1.0000
5416	Spectrogram 1	1	4904.750000	4905.500000	0	0	noise	cluster_noise	0.0000
5417	Spectrogram 1	1	4905.250000	4906.000000	0	0	13	cluster_13	0.8402
5418	Spectrogram 1	1	4905.750000	4906.250000	0	0	3	cluster_3	1.0000
5419	Spectrogram 1	1	4906.000000	4906.500000	0	0	noise	cluster_noise	0.0000
5420	Spectrogram 1	1	4906.250000	4906.750000	0	0	12	cluster_12	1.0000
5421	Spectrogram 1	1	4906.500000	4907.000000	0	0	3	cluster_3	1.0000
5422	Spectrogram 1	1	4906.750000	4907.250000	0	0	22	cluster_22	0.7420
5423	Spectrogram 1	1	4907.000000	4907.500000	0	0	noise	cluster_noise	0.0000
5424	Spectrogram 1	1	4907.250000	4908.000000	0	0	12	cluster_12	1.0000
5425	Spectrogram 1	1	4907.750000	4908.250000	0	0	noise	cluster_noise	0.0000
5426	Spectrogram 1	1	4908.000000	4908.750000	0	0	12	cluster_12	1.0000
5427	Spectrogram 1	1	4908.500000	4909.000000	0	0	noise	cluster_noise	0.0000
5428	Spectrogram 1	1	4908.750000	4909.250000	0	0	12	cluster_12	1.0000
5429	Spectrogram 1	1	4909.000000	4909.500000	0	0	3	cluster_3	1.0000
5430	Spectrogram 1	1	4909.250000	4909.750000	0	0	noise	cluster_noise	0.0000
5431	Spectrogram 1	1	4909.500000	4910.000000	0	0	12	cluster_12	0.7552
5432	Spectrogram 1	1	4909.750000	4910.250000	0	0	3	cluster_3	1.0000
5433	Spectrogram 1	1	4910.000000	4910.750000	0	0	noise	cluster_noise	0.0000
5434	Spectrogram 1	1	4910.500000	4911.250000	0	0	23	cluster_23	1.0000
5435	Spectrogram 1	1	4911.000000	4911.750000	0	0	noise	cluster_noise	0.0000
5436	Spectrogram 1	1	4911.500000	4912.250000	0	0	3	cluster_3	0.9328
5437	Spectrogram 1	1	4912.000000	4913.250000	0	0	noise	cluster_noise	0.0000
5438	Spectrogram 1	1	4913.000000	4913.500000	0	0	22	cluster_22	0.7483
5439	Spectrogram 1	1	4913.250000	4913.750000	0	0	noise	cluster_noise	0.0000
5440	Spectrogram 1	1	4913.500000	4914.000000	0	0	23	cluster_23	1.0000
5441	Spectrogram 1	1	4913.750000	4914.250000	0	0	noise	cluster_noise	0.0000
5442	Spectrogram 1	1	4914.000000	4914.500000	0	0	13	cluster_13	0.6449
5443	Spectrogram 1	1	4914.250000	4915.000000	0	0	3	cluster_3	1.0000
5444	Spectrogram 1	1	4914.750000	4915.750000	0	0	noise	cluster_noise	0.0000
5445	Spectrogram 1	1	4915.500000	4916.250000	0	0	22	cluster_22	0.7709
5446	Spectrogram 1	1	4916.000000	4917.000000	0	0	noise	cluster_noise	0.0000
5447	Spectrogram 1	1	4916.750000	4917.250000	0	0	13	cluster_13	0.5328
5448	Spectrogram 1	1	4917.000000	4917.500000	0	0	3	cluster_3	1.0000
5449	Spectrogram 1	1	4917.250000	4918.750000	0	0	noise	cluster_noise	0.0000
5450	Spectrogram 1	1	4918.500000	4920.000000	0	0	7	cluster_7	0.9413
5451	Spectrogram 1	1	4919.750000	4920.250000	0	0	noise	cluster_noise	0.0000
5452	Spectrogram 1	1	4920.000000	4920.500000	0	0	22	cluster_22	0.7637
5453	Spectrogram 1	1	4920.250000	4921.000000	0	0	noise	cluster_noise	0.0000
5454	Spectrogram 1	1	4920.750000	4922.000000	0	0	7	cluster_7	0.9045
5455	Spectrogram 1	1	4921.750000	4922.250000	0	0	noise	cluster_noise	0.0000
5456	Spectrogram 1	1	4922.000000	4925.500000	0	0	7	cluster_7	0.8012
5457	Spectrogram 1	1	4927.000000	4927.750000	0	0	6	cluster_6	0.5427
5458	Spectrogram 1	1	4927.500000	4930.000000	0	0	7	cluster_7	0.9057
5459	Spectrogram 1	1	4929.750000	4930.500000	0	0	noise	cluster_noise	0.0000
5460	Spectrogram 1	1	4930.250000	4931.000000	0	0	22	cluster_22	0.9085
5461	Spectrogram 1	1	4930.750000	4932.000000	0	0	3	cluster_3	1.0000
5462	Spectrogram 1	1	4931.750000	4933.750000	0	0	22	cluster_22	0.8002
5463	Spectrogram 1	1	4933.500000	4935.250000	0	0	3	cluster_3	0.9244
5464	Spectrogram 1	1	4935.000000	4935.500000	0	0	noise	cluster_noise	0.0000
5465	Spectrogram 1	1	4935.250000	4935.750000	0	0	22	cluster_22	0.8264
5466	Spectrogram 1	1	4935.500000	4936.500000	0	0	noise	cluster_noise	0.0000
5467	Spectrogram 1	1	4936.250000	4937.250000	0	0	3	cluster_3	1.0000
5468	Spectrogram 1	1	4937.000000	4938.000000	0	0	noise	cluster_noise	0.0000
5469	Spectrogram 1	1	4937.750000	4938.250000	0	0	23	cluster_23	1.0000
5470	Spectrogram 1	1	4938.000000	4939.000000	0	0	noise	cluster_noise	0.0000
5471	Spectrogram 1	1	4938.750000	4939.750000	0	0	3	cluster_3	0.9769
5472	Spectrogram 1	1	4939.500000	4940.000000	0	0	22	cluster_22	0.7023
5473	Spectrogram 1	1	4939.750000	4940.250000	0	0	noise	cluster_noise	0.0000
5474	Spectrogram 1	1	4940.000000	4940.750000	0	0	22	cluster_22	0.7292
5475	Spectrogram 1	1	4940.500000	4941.000000	0	0	noise	cluster_noise	0.0000
5476	Spectrogram 1	1	4940.750000	4941.750000	0	0	6	cluster_6	0.8784
5477	Spectrogram 1	1	4941.500000	4942.500000	0	0	noise	cluster_noise	0.0000
5478	Spectrogram 1	1	4942.250000	4942.750000	0	0	22	cluster_22	0.8536
5479	Spectrogram 1	1	4942.500000	4943.000000	0	0	noise	cluster_noise	0.0000
5480	Spectrogram 1	1	4942.750000	4943.500000	0	0	6	cluster_6	0.9105
5481	Spectrogram 1	1	4945.000000	4945.750000	0	0	noise	cluster_noise	0.0000
5482	Spectrogram 1	1	4945.500000	4948.000000	0	0	6	cluster_6	0.9839
5483	Spectrogram 1	1	4947.750000	4948.500000	0	0	noise	cluster_noise	0.0000
5484	Spectrogram 1	1	4948.250000	4948.750000	0	0	22	cluster_22	0.8211
5485	Spectrogram 1	1	4948.500000	4949.000000	0	0	noise	cluster_noise	0.0000
5486	Spectrogram 1	1	4948.750000	4951.250000	0	0	6	cluster_6	0.9172
5487	Spectrogram 1	1	4951.000000	4951.500000	0	0	noise	cluster_noise	0.0000
5488	Spectrogram 1	1	4951.250000	4951.750000	0	0	22	cluster_22	0.6935
5489	Spectrogram 1	1	4951.500000	4952.000000	0	0	noise	cluster_noise	0.0000
5490	Spectrogram 1	1	4951.750000	4952.250000	0	0	23	cluster_23	1.0000
5491	Spectrogram 1	1	4952.000000	4952.500000	0	0	noise	cluster_noise	0.0000
5492	Spectrogram 1	1	4952.250000	4954.000000	0	0	3	cluster_3	0.9705
5493	Spectrogram 1	1	4953.750000	4954.250000	0	0	noise	cluster_noise	0.0000
5494	Spectrogram 1	1	4954.000000	4954.500000	0	0	22	cluster_22	0.7859
5495	Spectrogram 1	1	4954.250000	4954.750000	0	0	noise	cluster_noise	0.0000
5496	Spectrogram 1	1	4954.500000	4955.250000	0	0	22	cluster_22	0.8584
5497	Spectrogram 1	1	4955.000000	4957.000000	0	0	3	cluster_3	1.0000
5498	Spectrogram 1	1	4956.750000	4957.750000	0	0	noise	cluster_noise	0.0000
5499	Spectrogram 1	1	4957.500000	4958.000000	0	0	22	cluster_22	0.8282
5500	Spectrogram 1	1	4957.750000	4958.750000	0	0	3	cluster_3	1.0000
5501	Spectrogram 1	1	4958.500000	4959.000000	0	0	noise	cluster_noise	0.0000
5502	Spectrogram 1	1	4958.750000	4959.500000	0	0	3	cluster_3	1.0000
5503	Spectrogram 1	1	4959.250000	4959.750000	0	0	22	cluster_22	0.7580
5504	Spectrogram 1	1	4959.500000	4960.000000	0	0	noise	cluster_noise	0.0000
5505	Spectrogram 1	1	4959.750000	4960.250000	0	0	22	cluster_22	0.7576
5506	Spectrogram 1	1	4960.000000	4960.500000	0	0	noise	cluster_noise	0.0000
5507	Spectrogram 1	1	4960.250000	4961.250000	0	0	3	cluster_3	1.0000
5508	Spectrogram 1	1	4961.000000	4961.500000	0	0	noise	cluster_noise	0.0000
5509	Spectrogram 1	1	4961.250000	4962.000000	0	0	3	cluster_3	1.0000
5510	Spectrogram 1	1	4961.750000	4962.250000	0	0	noise	cluster_noise	0.0000
5511	Spectrogram 1	1	4962.000000	4963.500000	0	0	6	cluster_6	0.9557
5512	Spectrogram 1	1	4963.250000	4963.750000	0	0	noise	cluster_noise	0.0000
5513	Spectrogram 1	1	4963.500000	4964.250000	0	0	22	cluster_22	0.8902
5514	Spectrogram 1	1	4964.000000	4964.500000	0	0	noise	cluster_noise	0.0000
5515	Spectrogram 1	1	4964.250000	4966.750000	0	0	6	cluster_6	0.9588
5516	Spectrogram 1	1	4966.500000	4967.250000	0	0	noise	cluster_noise	0.0000
5517	Spectrogram 1	1	4967.000000	4967.500000	0	0	22	cluster_22	0.8355
5518	Spectrogram 1	1	4968.000000	4973.250000	0	0	6	cluster_6	0.9410
5519	Spectrogram 1	1	4973.000000	4973.500000	0	0	noise	cluster_noise	0.0000
5520	Spectrogram 1	1	4973.250000	4974.750000	0	0	22	cluster_22	0.8271
5521	Spectrogram 1	1	4974.500000	4976.250000	0	0	3	cluster_3	1.0000
5522	Spectrogram 1	1	4976.000000	4980.000000	0	0	noise	cluster_noise	0.0000
5523	Spectrogram 1	1	4979.750000	4980.500000	0	0	22	cluster_22	0.7414
5524	Spectrogram 1	1	4983.000000	4983.750000	0	0	3	cluster_3	1.0000
5525	Spectrogram 1	1	4983.500000	4984.000000	0	0	22	cluster_22	0.7995
5526	Spectrogram 1	1	4983.750000	4984.500000	0	0	noise	cluster_noise	0.0000
5527	Spectrogram 1	1	4988.000000	4989.250000	0	0	6	cluster_6	0.9540
5528	Spectrogram 1	1	4989.000000	4989.500000	0	0	noise	cluster_noise	0.0000
5529	Spectrogram 1	1	4989.250000	4990.000000	0	0	22	cluster_22	0.7833
5530	Spectrogram 1	1	4989.750000	4990.250000	0	0	noise	cluster_noise	0.0000
5531	Spectrogram 1	1	4990.000000	4990.500000	0	0	6	cluster_6	1.0000
5532	Spectrogram 1	1	5000.000000	5001.000000	0	0	3	cluster_3	1.0000
5533	Spectrogram 1	1	5000.750000	5002.000000	0	0	22	cluster_22	0.8648
5534	Spectrogram 1	1	5001.750000	5003.750000	0	0	3	cluster_3	0.9895
5535	Spectrogram 1	1	5003.500000	5025.500000	0	0	noise	cluster_noise	0.0000
5536	Spectrogram 1	1	5025.250000	5026.500000	0	0	22	cluster_22	0.8624
5537	Spectrogram 1	1	5028.000000	5028.500000	0	0	5	cluster_5	0.9502
5538	Spectrogram 1	1	5028.250000	5028.750000	0	0	noise	cluster_noise	0.0000
5539	Spectrogram 1	1	5028.500000	5029.000000	0	0	22	cluster_22	0.8222
5540	Spectrogram 1	1	5028.750000	5029.500000	0	0	noise	cluster_noise	0.0000
5541	Spectrogram 1	1	5030.000000	5046.000000	0	0	3	cluster_3	1.0000
5542	Spectrogram 1	1	5045.750000	5046.750000	0	0	noise	cluster_noise	0.0000
5543	Spectrogram 1	1	5046.500000	5047.000000	0	0	22	cluster_22	0.7718
5544	Spectrogram 1	1	5046.750000	5047.250000	0	0	noise	cluster_noise	0.0000
5545	Spectrogram 1	1	5047.000000	5047.500000	0	0	22	cluster_22	0.8148
5546	Spectrogram 1	1	5052.000000	5053.250000	0	0	noise	cluster_noise	0.0000
5547	Spectrogram 1	1	5053.000000	5053.500000	0	0	3	cluster_3	0.8298
5548	Spectrogram 1	1	5066.000000	5066.750000	0	0	22	cluster_22	0.7080
5549	Spectrogram 1	1	5066.500000	5067.250000	0	0	noise	cluster_noise	0.0000
5550	Spectrogram 1	1	5067.000000	5067.500000	0	0	22	cluster_22	0.7788
5551	Spectrogram 1	1	5067.250000	5067.750000	0	0	noise	cluster_noise	0.0000
5552	Spectrogram 1	1	5067.500000	5070.000000	0	0	3	cluster_3	0.9910
5553	Spectrogram 1	1	5069.750000	5071.250000	0	0	noise	cluster_noise	0.0000
5554	Spectrogram 1	1	5071.000000	5072.500000	0	0	2	cluster_2	1.0000
5555	Spectrogram 1	1	5082.000000	5083.750000	0	0	3	cluster_3	1.0000
5556	Spectrogram 1	1	5083.500000	5084.750000	0	0	22	cluster_22	0.8344
5557	Spectrogram 1	1	5084.500000	5085.500000	0	0	noise	cluster_noise	0.0000
5558	Spectrogram 1	1	5085.250000	5087.500000	0	0	2	cluster_2	1.0000
5559	Spectrogram 1	1	5096.000000	5097.500000	0	0	3	cluster_3	1.0000
5560	Spectrogram 1	1	5097.250000	5098.500000	0	0	22	cluster_22	0.8122
5561	Spectrogram 1	1	5098.250000	5099.250000	0	0	noise	cluster_noise	0.0000
5562	Spectrogram 1	1	5099.000000	5099.500000	0	0	5	cluster_5	0.8711
5563	Spectrogram 1	1	5099.250000	5100.250000	0	0	2	cluster_2	1.0000
5564	Spectrogram 1	1	5100.000000	5100.500000	0	0	noise	cluster_noise	0.0000
5565	Spectrogram 1	1	5108.000000	5108.500000	0	0	22	cluster_22	0.8369
5566	Spectrogram 1	1	5108.250000	5109.000000	0	0	noise	cluster_noise	0.0000
5567	Spectrogram 1	1	5108.750000	5111.000000	0	0	3	cluster_3	0.9600
5568	Spectrogram 1	1	5110.750000	5112.000000	0	0	noise	cluster_noise	0.0000
5569	Spectrogram 1	1	5111.750000	5112.500000	0	0	22	cluster_22	0.8448
5570	Spectrogram 1	1	5112.250000	5112.750000	0	0	noise	cluster_noise	0.0000
5571	Spectrogram 1	1	5112.500000	5113.500000	0	0	22	cluster_22	0.8065
5572	Spectrogram 1	1	5119.000000	5119.500000	0	0	5	cluster_5	1.0000
5573	Spectrogram 1	1	5119.250000	5120.000000	0	0	noise	cluster_noise	0.0000
5574	Spectrogram 1	1	5119.750000	5122.500000	0	0	3	cluster_3	0.9813
5575	Spectrogram 1	1	5122.250000	5123.250000	0	0	noise	cluster_noise	0.0000
5576	Spectrogram 1	1	5123.000000	5124.000000	0	0	22	cluster_22	0.8505
5577	Spectrogram 1	1	5123.750000	5124.500000	0	0	5	cluster_5	0.9511
5578	Spectrogram 1	1	5124.250000	5125.500000	0	0	2	cluster_2	0.9596
5579	Spectrogram 1	1	5125.250000	5125.750000	0	0	noise	cluster_noise	0.0000
5580	Spectrogram 1	1	5125.500000	5126.250000	0	0	22	cluster_22	0.8811
5581	Spectrogram 1	1	5126.000000	5126.500000	0	0	noise	cluster_noise	0.0000
5582	Spectrogram 1	1	5126.250000	5126.750000	0	0	22	cluster_22	0.6961
5583	Spectrogram 1	1	5126.500000	5127.250000	0	0	5	cluster_5	0.9618
5584	Spectrogram 1	1	5127.000000	5127.500000	0	0	noise	cluster_noise	0.0000
5585	Spectrogram 1	1	5127.250000	5127.750000	0	0	3	cluster_3	1.0000
5586	Spectrogram 1	1	5127.500000	5128.500000	0	0	22	cluster_22	0.8033
5587	Spectrogram 1	1	5133.000000	5133.500000	0	0	noise	cluster_noise	0.0000
5588	Spectrogram 1	1	5133.250000	5135.250000	0	0	3	cluster_3	0.9910
5589	Spectrogram 1	1	5135.000000	5135.500000	0	0	noise	cluster_noise	0.0000
5590	Spectrogram 1	1	5135.250000	5136.000000	0	0	22	cluster_22	0.8538
5591	Spectrogram 1	1	5135.750000	5136.250000	0	0	noise	cluster_noise	0.0000
5592	Spectrogram 1	1	5136.000000	5136.500000	0	0	9	cluster_9	0.9550
5593	Spectrogram 1	1	5136.250000	5136.750000	0	0	noise	cluster_noise	0.0000
5594	Spectrogram 1	1	5136.500000	5137.500000	0	0	2	cluster_2	1.0000
5595	Spectrogram 1	1	5137.250000	5138.500000	0	0	22	cluster_22	0.7932
5596	Spectrogram 1	1	5138.250000	5138.750000	0	0	noise	cluster_noise	0.0000
5597	Spectrogram 1	1	5138.500000	5139.000000	0	0	22	cluster_22	0.7318
5598	Spectrogram 1	1	5138.750000	5140.000000	0	0	noise	cluster_noise	0.0000
5599	Spectrogram 1	1	5139.750000	5140.750000	0	0	22	cluster_22	0.7672
5600	Spectrogram 1	1	5140.500000	5141.750000	0	0	noise	cluster_noise	0.0000
5601	Spectrogram 1	1	5141.500000	5143.500000	0	0	5	cluster_5	0.9905
5602	Spectrogram 1	1	5143.250000	5144.000000	0	0	noise	cluster_noise	0.0000
5603	Spectrogram 1	1	5143.750000	5145.500000	0	0	3	cluster_3	0.9757
5604	Spectrogram 1	1	5147.000000	5148.250000	0	0	22	cluster_22	0.8420
5605	Spectrogram 1	1	5148.000000	5148.750000	0	0	5	cluster_5	1.0000
5606	Spectrogram 1	1	5148.500000	5150.250000	0	0	2	cluster_2	0.9718
5607	Spectrogram 1	1	5150.000000	5150.500000	0	0	noise	cluster_noise	0.0000
5608	Spectrogram 1	1	5150.250000	5150.750000	0	0	24	cluster_24	0.8881
5609	Spectrogram 1	1	5150.500000	5151.000000	0	0	noise	cluster_noise	0.0000
5610	Spectrogram 1	1	5150.750000	5151.500000	0	0	23	cluster_23	0.9907
5611	Spectrogram 1	1	5151.250000	5151.750000	0	0	noise	cluster_noise	0.0000
5612	Spectrogram 1	1	5151.500000	5152.250000	0	0	22	cluster_22	0.7849
5613	Spectrogram 1	1	5152.000000	5152.500000	0	0	noise	cluster_noise	0.0000
5614	Spectrogram 1	1	5152.250000	5154.750000	0	0	5	cluster_5	0.9592
5615	Spectrogram 1	1	5154.500000	5155.750000	0	0	3	cluster_3	0.9281
5616	Spectrogram 1	1	5155.500000	5156.000000	0	0	noise	cluster_noise	0.0000
5617	Spectrogram 1	1	5155.750000	5157.500000	0	0	3	cluster_3	1.0000
5618	Spectrogram 1	1	5157.250000	5159.000000	0	0	22	cluster_22	0.8081
5619	Spectrogram 1	1	5158.750000	5159.500000	0	0	noise	cluster_noise	0.0000
5620	Spectrogram 1	1	5162.000000	5162.500000	0	0	23	cluster_23	1.0000
5621	Spectrogram 1	1	5162.250000	5163.250000	0	0	noise	cluster_noise	0.0000
5622	Spectrogram 1	1	5163.000000	5165.250000	0	0	5	cluster_5	1.0000
5623	Spectrogram 1	1	5165.000000	5165.500000	0	0	noise	cluster_noise	0.0000
5624	Spectrogram 1	1	5165.250000	5165.750000	0	0	22	cluster_22	0.7726
5625	Spectrogram 1	1	5165.500000	5166.000000	0	0	noise	cluster_noise	0.0000
5626	Spectrogram 1	1	5165.750000	5167.750000	0	0	3	cluster_3	0.9977
5627	Spectrogram 1	1	5167.500000	5168.750000	0	0	22	cluster_22	0.7824
5628	Spectrogram 1	1	5168.500000	5169.000000	0	0	noise	cluster_noise	0.0000
5629	Spectrogram 1	1	5168.750000	5169.250000	0	0	22	cluster_22	0.9935
5630	Spectrogram 1	1	5169.000000	5169.500000	0	0	noise	cluster_noise	0.0000
5631	Spectrogram 1	1	5169.250000	5169.750000	0	0	5	cluster_5	1.0000
5632	Spectrogram 1	1	5169.500000	5171.500000	0	0	2	cluster_2	0.8831
5633	Spectrogram 1	1	5171.250000	5172.000000	0	0	noise	cluster_noise	0.0000
5634	Spectrogram 1	1	5171.750000	5172.250000	0	0	5	cluster_5	1.0000
5635	Spectrogram 1	1	5172.000000	5173.750000	0	0	2	cluster_2	1.0000
5636	Spectrogram 1	1	5173.500000	5175.000000	0	0	22	cluster_22	0.8260
5637	Spectrogram 1	1	5174.750000	5175.250000	0	0	noise	cluster_noise	0.0000
5638	Spectrogram 1	1	5175.000000	5176.500000	0	0	5	cluster_5	0.8877
5639	Spectrogram 1	1	5176.250000	5176.750000	0	0	3	cluster_3	1.0000
5640	Spectrogram 1	1	5176.500000	5177.750000	0	0	noise	cluster_noise	0.0000
5641	Spectrogram 1	1	5177.500000	5179.250000	0	0	3	cluster_3	0.9889
5642	Spectrogram 1	1	5179.000000	5179.750000	0	0	noise	cluster_noise	0.0000
5643	Spectrogram 1	1	5179.500000	5180.750000	0	0	22	cluster_22	0.7852
5644	Spectrogram 1	1	5180.500000	5181.250000	0	0	noise	cluster_noise	0.0000
5645	Spectrogram 1	1	5181.000000	5181.500000	0	0	3	cluster_3	1.0000
5646	Spectrogram 1	1	5181.250000	5181.750000	0	0	5	cluster_5	1.0000
5647	Spectrogram 1	1	5181.500000	5182.500000	0	0	2	cluster_2	0.9430
5648	Spectrogram 1	1	5182.250000	5182.750000	0	0	noise	cluster_noise	0.0000
5649	Spectrogram 1	1	5182.500000	5183.250000	0	0	2	cluster_2	0.9934
5650	Spectrogram 1	1	5183.000000	5184.000000	0	0	noise	cluster_noise	0.0000
5651	Spectrogram 1	1	5183.750000	5184.500000	0	0	22	cluster_22	0.7816
5652	Spectrogram 1	1	5185.000000	5187.750000	0	0	5	cluster_5	0.9949
5653	Spectrogram 1	1	5187.500000	5188.000000	0	0	noise	cluster_noise	0.0000
5654	Spectrogram 1	1	5187.750000	5189.750000	0	0	3	cluster_3	0.9994
5655	Spectrogram 1	1	5189.500000	5191.500000	0	0	noise	cluster_noise	0.0000
5656	Spectrogram 1	1	5191.250000	5191.750000	0	0	5	cluster_5	1.0000
5657	Spectrogram 1	1	5191.500000	5192.000000	0	0	noise	cluster_noise	0.0000
5658	Spectrogram 1	1	5191.750000	5192.750000	0	0	2	cluster_2	0.9470
5659	Spectrogram 1	1	5192.500000	5193.000000	0	0	5	cluster_5	0.9536
5660	Spectrogram 1	1	5192.750000	5193.500000	0	0	2	cluster_2	1.0000
5661	Spectrogram 1	1	5193.250000	5193.750000	0	0	noise	cluster_noise	0.0000
5662	Spectrogram 1	1	5193.500000	5194.000000	0	0	22	cluster_22	0.8635
5663	Spectrogram 1	1	5193.750000	5194.250000	0	0	noise	cluster_noise	0.0000
5664	Spectrogram 1	1	5194.000000	5195.000000	0	0	22	cluster_22	0.8473
5665	Spectrogram 1	1	5194.750000	5195.250000	0	0	noise	cluster_noise	0.0000
5666	Spectrogram 1	1	5195.000000	5195.500000	0	0	22	cluster_22	0.7620
5667	Spectrogram 1	1	5195.250000	5198.000000	0	0	5	cluster_5	1.0000
5668	Spectrogram 1	1	5197.750000	5198.750000	0	0	noise	cluster_noise	0.0000
5669	Spectrogram 1	1	5198.500000	5200.500000	0	0	3	cluster_3	0.9889
5670	Spectrogram 1	1	5200.250000	5201.000000	0	0	noise	cluster_noise	0.0000
5671	Spectrogram 1	1	5200.750000	5201.250000	0	0	22	cluster_22	0.8561
5672	Spectrogram 1	1	5201.000000	5203.000000	0	0	noise	cluster_noise	0.0000
5673	Spectrogram 1	1	5202.750000	5204.000000	0	0	5	cluster_5	0.9266
5674	Spectrogram 1	1	5203.750000	5204.250000	0	0	noise	cluster_noise	0.0000
5675	Spectrogram 1	1	5204.000000	5205.250000	0	0	22	cluster_22	0.8055
5676	Spectrogram 1	1	5205.000000	5205.500000	0	0	noise	cluster_noise	0.0000
5677	Spectrogram 1	1	5205.250000	5206.000000	0	0	22	cluster_22	0.8074
5678	Spectrogram 1	1	5205.750000	5206.500000	0	0	noise	cluster_noise	0.0000
5679	Spectrogram 1	1	5206.250000	5208.750000	0	0	5	cluster_5	1.0000
5680	Spectrogram 1	1	5208.500000	5209.750000	0	0	3	cluster_3	0.9626
5681	Spectrogram 1	1	5209.500000	5210.000000	0	0	noise	cluster_noise	0.0000
5682	Spectrogram 1	1	5209.750000	5210.500000	0	0	3	cluster_3	0.9145
5683	Spectrogram 1	1	5210.250000	5211.250000	0	0	noise	cluster_noise	0.0000
5684	Spectrogram 1	1	5211.000000	5211.750000	0	0	22	cluster_22	0.8410
5685	Spectrogram 1	1	5211.500000	5212.250000	0	0	noise	cluster_noise	0.0000
5686	Spectrogram 1	1	5212.000000	5212.750000	0	0	22	cluster_22	0.8313
5687	Spectrogram 1	1	5212.500000	5213.500000	0	0	noise	cluster_noise	0.0000
5688	Spectrogram 1	1	5213.250000	5213.750000	0	0	3	cluster_3	1.0000
5689	Spectrogram 1	1	5213.500000	5215.500000	0	0	noise	cluster_noise	0.0000
5690	Spectrogram 1	1	5215.250000	5217.000000	0	0	22	cluster_22	0.8187
5691	Spectrogram 1	1	5216.750000	5217.250000	0	0	noise	cluster_noise	0.0000
5692	Spectrogram 1	1	5217.000000	5217.500000	0	0	9	cluster_9	0.9805
5693	Spectrogram 1	1	5219.000000	5219.500000	0	0	5	cluster_5	1.0000
5694	Spectrogram 1	1	5219.250000	5219.750000	0	0	noise	cluster_noise	0.0000
5695	Spectrogram 1	1	5219.500000	5220.750000	0	0	5	cluster_5	0.9846
5696	Spectrogram 1	1	5220.500000	5221.000000	0	0	noise	cluster_noise	0.0000
5697	Spectrogram 1	1	5220.750000	5222.250000	0	0	5	cluster_5	0.9533
5698	Spectrogram 1	1	5222.000000	5222.500000	0	0	13	cluster_13	0.4883
5699	Spectrogram 1	1	5222.250000	5222.750000	0	0	noise	cluster_noise	0.0000
5700	Spectrogram 1	1	5222.500000	5224.000000	0	0	5	cluster_5	1.0000
5701	Spectrogram 1	1	5223.750000	5224.250000	0	0	noise	cluster_noise	0.0000
5702	Spectrogram 1	1	5224.000000	5225.250000	0	0	5	cluster_5	0.9870
5703	Spectrogram 1	1	5225.000000	5225.750000	0	0	noise	cluster_noise	0.0000
5704	Spectrogram 1	1	5225.500000	5226.000000	0	0	5	cluster_5	0.8220
5705	Spectrogram 1	1	5225.750000	5226.250000	0	0	noise	cluster_noise	0.0000
5706	Spectrogram 1	1	5226.000000	5226.500000	0	0	9	cluster_9	0.9920
5707	Spectrogram 1	1	5226.250000	5227.000000	0	0	22	cluster_22	0.7501
5708	Spectrogram 1	1	5226.750000	5227.500000	0	0	noise	cluster_noise	0.0000
5709	Spectrogram 1	1	5227.250000	5229.500000	0	0	5	cluster_5	1.0000
5710	Spectrogram 1	1	5231.000000	5231.500000	0	0	noise	cluster_noise	0.0000
5711	Spectrogram 1	1	5231.250000	5233.750000	0	0	5	cluster_5	1.0000
5712	Spectrogram 1	1	5233.500000	5234.250000	0	0	noise	cluster_noise	0.0000
5713	Spectrogram 1	1	5234.000000	5234.750000	0	0	13	cluster_13	0.4773
5714	Spectrogram 1	1	5234.500000	5235.000000	0	0	22	cluster_22	0.6916
5715	Spectrogram 1	1	5234.750000	5235.500000	0	0	noise	cluster_noise	0.0000
5716	Spectrogram 1	1	5235.250000	5235.750000	0	0	22	cluster_22	0.6902
5717	Spectrogram 1	1	5235.500000	5236.000000	0	0	19	cluster_19	1.0000
5718	Spectrogram 1	1	5235.750000	5236.500000	0	0	noise	cluster_noise	0.0000
5719	Spectrogram 1	1	5236.250000	5237.000000	0	0	22	cluster_22	0.7133
5720	Spectrogram 1	1	5236.750000	5237.500000	0	0	noise	cluster_noise	0.0000
5721	Spectrogram 1	1	5237.250000	5238.000000	0	0	19	cluster_19	0.9748
5722	Spectrogram 1	1	5237.750000	5238.250000	0	0	noise	cluster_noise	0.0000
5723	Spectrogram 1	1	5238.000000	5238.500000	0	0	13	cluster_13	0.5234
5724	Spectrogram 1	1	5238.250000	5239.250000	0	0	noise	cluster_noise	0.0000
5725	Spectrogram 1	1	5239.000000	5239.500000	0	0	19	cluster_19	0.9764
5726	Spectrogram 1	1	5239.250000	5240.000000	0	0	noise	cluster_noise	0.0000
5727	Spectrogram 1	1	5239.750000	5240.250000	0	0	13	cluster_13	0.4897
5728	Spectrogram 1	1	5240.000000	5240.500000	0	0	22	cluster_22	0.7342
5729	Spectrogram 1	1	5241.000000	5241.750000	0	0	noise	cluster_noise	0.0000
5730	Spectrogram 1	1	5241.500000	5242.250000	0	0	22	cluster_22	0.8042
5731	Spectrogram 1	1	5242.000000	5242.500000	0	0	noise	cluster_noise	0.0000
5732	Spectrogram 1	1	5242.250000	5243.000000	0	0	22	cluster_22	0.7690
5733	Spectrogram 1	1	5242.750000	5245.250000	0	0	5	cluster_5	0.9897
5734	Spectrogram 1	1	5245.000000	5245.500000	0	0	noise	cluster_noise	0.0000
5735	Spectrogram 1	1	5245.250000	5246.000000	0	0	5	cluster_5	1.0000
5736	Spectrogram 1	1	5245.750000	5246.250000	0	0	noise	cluster_noise	0.0000
5737	Spectrogram 1	1	5246.000000	5247.500000	0	0	22	cluster_22	0.8108
5738	Spectrogram 1	1	5247.250000	5249.750000	0	0	5	cluster_5	1.0000
5739	Spectrogram 1	1	5249.500000	5254.750000	0	0	noise	cluster_noise	0.0000
5740	Spectrogram 1	1	5254.500000	5255.000000	0	0	13	cluster_13	0.4777
5741	Spectrogram 1	1	5254.750000	5256.250000	0	0	noise	cluster_noise	0.0000
5742	Spectrogram 1	1	5256.000000	5256.500000	0	0	13	cluster_13	0.4809
5743	Spectrogram 1	1	5256.250000	5256.750000	0	0	22	cluster_22	0.7965
5744	Spectrogram 1	1	5256.500000	5257.000000	0	0	noise	cluster_noise	0.0000
5745	Spectrogram 1	1	5256.750000	5257.250000	0	0	22	cluster_22	0.7379
5746	Spectrogram 1	1	5257.000000	5257.500000	0	0	noise	cluster_noise	0.0000
5747	Spectrogram 1	1	5257.250000	5257.750000	0	0	22	cluster_22	0.7801
5748	Spectrogram 1	1	5257.500000	5258.500000	0	0	noise	cluster_noise	0.0000
5749	Spectrogram 1	1	5258.250000	5260.750000	0	0	5	cluster_5	0.9891
5750	Spectrogram 1	1	5260.500000	5261.000000	0	0	noise	cluster_noise	0.0000
5751	Spectrogram 1	1	5260.750000	5265.250000	0	0	22	cluster_22	0.7822
5752	Spectrogram 1	1	5265.000000	5265.750000	0	0	noise	cluster_noise	0.0000
5753	Spectrogram 1	1	5265.500000	5266.000000	0	0	13	cluster_13	0.5173
5754	Spectrogram 1	1	5265.750000	5266.500000	0	0	22	cluster_22	0.7937
5755	Spectrogram 1	1	5266.250000	5266.750000	0	0	noise	cluster_noise	0.0000
5756	Spectrogram 1	1	5266.500000	5267.000000	0	0	22	cluster_22	0.8635
5757	Spectrogram 1	1	5266.750000	5269.750000	0	0	noise	cluster_noise	0.0000
5758	Spectrogram 1	1	5269.500000	5270.250000	0	0	24	cluster_24	0.9760
5759	Spectrogram 1	1	5270.000000	5271.250000	0	0	noise	cluster_noise	0.0000
5760	Spectrogram 1	1	5271.000000	5271.500000	0	0	13	cluster_13	0.5234
5761	Spectrogram 1	1	5271.250000	5272.000000	0	0	noise	cluster_noise	0.0000
5762	Spectrogram 1	1	5271.750000	5272.250000	0	0	11	cluster_11	0.7746
5763	Spectrogram 1	1	5272.000000	5272.750000	0	0	noise	cluster_noise	0.0000
5764	Spectrogram 1	1	5272.500000	5273.000000	0	0	13	cluster_13	0.5234
5765	Spectrogram 1	1	5272.750000	5273.750000	0	0	noise	cluster_noise	0.0000
5766	Spectrogram 1	1	5273.500000	5274.000000	0	0	22	cluster_22	0.8216
5767	Spectrogram 1	1	5273.750000	5274.250000	0	0	noise	cluster_noise	0.0000
5768	Spectrogram 1	1	5274.000000	5274.500000	0	0	22	cluster_22	0.7853
5769	Spectrogram 1	1	5274.250000	5277.000000	0	0	5	cluster_5	0.9925
5770	Spectrogram 1	1	5276.750000	5277.250000	0	0	noise	cluster_noise	0.0000
5771	Spectrogram 1	1	5277.000000	5278.750000	0	0	22	cluster_22	0.8119
5772	Spectrogram 1	1	5278.500000	5280.750000	0	0	5	cluster_5	1.0000
5773	Spectrogram 1	1	5280.500000	5281.250000	0	0	noise	cluster_noise	0.0000
5774	Spectrogram 1	1	5281.000000	5281.500000	0	0	22	cluster_22	0.7949
5775	Spectrogram 1	1	5281.250000	5282.250000	0	0	noise	cluster_noise	0.0000
5776	Spectrogram 1	1	5282.000000	5282.500000	0	0	13	cluster_13	0.5234
5777	Spectrogram 1	1	5282.250000	5282.750000	0	0	22	cluster_22	0.7661
5778	Spectrogram 1	1	5282.500000	5284.000000	0	0	noise	cluster_noise	0.0000
5779	Spectrogram 1	1	5283.750000	5284.250000	0	0	13	cluster_13	0.5035
5780	Spectrogram 1	1	5284.000000	5284.500000	0	0	22	cluster_22	0.6973
5781	Spectrogram 1	1	5284.250000	5285.000000	0	0	3	cluster_3	0.9820
5782	Spectrogram 1	1	5284.750000	5287.250000	0	0	noise	cluster_noise	0.0000
5783	Spectrogram 1	1	5287.000000	5287.500000	0	0	13	cluster_13	0.4815
5784	Spectrogram 1	1	5287.250000	5288.500000	0	0	noise	cluster_noise	0.0000
5785	Spectrogram 1	1	5288.250000	5288.750000	0	0	17	cluster_17	1.0000
5786	Spectrogram 1	1	5288.500000	5289.750000	0	0	noise	cluster_noise	0.0000
5787	Spectrogram 1	1	5289.500000	5290.000000	0	0	23	cluster_23	1.0000
5788	Spectrogram 1	1	5289.750000	5290.250000	0	0	noise	cluster_noise	0.0000
5789	Spectrogram 1	1	5290.000000	5290.500000	0	0	23	cluster_23	1.0000
5790	Spectrogram 1	1	5290.250000	5291.250000	0	0	noise	cluster_noise	0.0000
5791	Spectrogram 1	1	5291.000000	5293.500000	0	0	5	cluster_5	0.9781
5792	Spectrogram 1	1	5293.250000	5293.750000	0	0	noise	cluster_noise	0.0000
5793	Spectrogram 1	1	5293.500000	5294.000000	0	0	22	cluster_22	0.7816
5794	Spectrogram 1	1	5293.750000	5294.250000	0	0	noise	cluster_noise	0.0000
5795	Spectrogram 1	1	5294.000000	5295.750000	0	0	22	cluster_22	0.8436
5796	Spectrogram 1	1	5295.500000	5297.000000	0	0	noise	cluster_noise	0.0000
5797	Spectrogram 1	1	5296.750000	5297.250000	0	0	22	cluster_22	0.9089
5798	Spectrogram 1	1	5297.000000	5297.750000	0	0	noise	cluster_noise	0.0000
5799	Spectrogram 1	1	5297.500000	5298.500000	0	0	3	cluster_3	1.0000
5800	Spectrogram 1	1	5298.250000	5299.250000	0	0	11	cluster_11	0.8400
5801	Spectrogram 1	1	5299.000000	5301.000000	0	0	noise	cluster_noise	0.0000
5802	Spectrogram 1	1	5300.750000	5301.250000	0	0	22	cluster_22	0.8092
5803	Spectrogram 1	1	5301.000000	5301.500000	0	0	noise	cluster_noise	0.0000
5804	Spectrogram 1	1	5301.250000	5301.750000	0	0	22	cluster_22	0.7979
5805	Spectrogram 1	1	5301.500000	5302.000000	0	0	noise	cluster_noise	0.0000
5806	Spectrogram 1	1	5301.750000	5302.750000	0	0	22	cluster_22	0.8232
5807	Spectrogram 1	1	5302.500000	5303.000000	0	0	noise	cluster_noise	0.0000
5808	Spectrogram 1	1	5302.750000	5305.000000	0	0	5	cluster_5	1.0000
5809	Spectrogram 1	1	5304.750000	5305.250000	0	0	noise	cluster_noise	0.0000
5810	Spectrogram 1	1	5305.000000	5305.750000	0	0	5	cluster_5	0.9498
5811	Spectrogram 1	1	5305.500000	5306.000000	0	0	noise	cluster_noise	0.0000
5812	Spectrogram 1	1	5305.750000	5306.500000	0	0	22	cluster_22	0.7933
5813	Spectrogram 1	1	5306.250000	5306.750000	0	0	noise	cluster_noise	0.0000
5814	Spectrogram 1	1	5306.500000	5307.250000	0	0	22	cluster_22	0.7933
5815	Spectrogram 1	1	5307.000000	5308.750000	0	0	noise	cluster_noise	0.0000
5816	Spectrogram 1	1	5308.500000	5309.250000	0	0	24	cluster_24	0.8356
5817	Spectrogram 1	1	5309.000000	5310.750000	0	0	noise	cluster_noise	0.0000
5818	Spectrogram 1	1	5310.500000	5313.000000	0	0	3	cluster_3	0.9835
5819	Spectrogram 1	1	5312.750000	5313.250000	0	0	noise	cluster_noise	0.0000
5820	Spectrogram 1	1	5313.000000	5313.750000	0	0	3	cluster_3	0.9676
5821	Spectrogram 1	1	5313.500000	5314.000000	0	0	noise	cluster_noise	0.0000
5822	Spectrogram 1	1	5313.750000	5314.750000	0	0	22	cluster_22	0.7967
5823	Spectrogram 1	1	5314.500000	5315.250000	0	0	noise	cluster_noise	0.0000
5824	Spectrogram 1	1	5315.000000	5315.500000	0	0	22	cluster_22	0.7745
5825	Spectrogram 1	1	5315.250000	5318.250000	0	0	5	cluster_5	0.9996
5826	Spectrogram 1	1	5318.000000	5318.500000	0	0	noise	cluster_noise	0.0000
5827	Spectrogram 1	1	5318.250000	5318.750000	0	0	22	cluster_22	0.8081
5828	Spectrogram 1	1	5318.500000	5319.000000	0	0	noise	cluster_noise	0.0000
5829	Spectrogram 1	1	5318.750000	5319.500000	0	0	22	cluster_22	0.8211
5830	Spectrogram 1	1	5319.250000	5320.000000	0	0	noise	cluster_noise	0.0000
5831	Spectrogram 1	1	5319.750000	5320.250000	0	0	22	cluster_22	0.7236
5832	Spectrogram 1	1	5320.000000	5322.250000	0	0	noise	cluster_noise	0.0000
5833	Spectrogram 1	1	5322.000000	5322.500000	0	0	22	cluster_22	0.7935
5834	Spectrogram 1	1	5322.250000	5322.750000	0	0	3	cluster_3	1.0000
5835	Spectrogram 1	1	5322.500000	5323.000000	0	0	noise	cluster_noise	0.0000
5836	Spectrogram 1	1	5322.750000	5323.500000	0	0	0	cluster_0	0.8514
5837	Spectrogram 1	1	5323.250000	5323.750000	0	0	noise	cluster_noise	0.0000
5838	Spectrogram 1	1	5323.500000	5324.000000	0	0	3	cluster_3	0.9153
5839	Spectrogram 1	1	5323.750000	5324.750000	0	0	noise	cluster_noise	0.0000
5840	Spectrogram 1	1	5324.500000	5325.250000	0	0	0	cluster_0	0.9713
5841	Spectrogram 1	1	5325.000000	5326.250000	0	0	noise	cluster_noise	0.0000
5842	Spectrogram 1	1	5326.000000	5326.500000	0	0	22	cluster_22	0.8434
5843	Spectrogram 1	1	5326.250000	5326.750000	0	0	noise	cluster_noise	0.0000
5844	Spectrogram 1	1	5326.500000	5327.000000	0	0	22	cluster_22	0.8231
5845	Spectrogram 1	1	5326.750000	5327.250000	0	0	noise	cluster_noise	0.0000
5846	Spectrogram 1	1	5327.000000	5327.500000	0	0	22	cluster_22	0.7226
5847	Spectrogram 1	1	5327.250000	5328.000000	0	0	noise	cluster_noise	0.0000
5848	Spectrogram 1	1	5327.750000	5331.000000	0	0	5	cluster_5	1.0000
5849	Spectrogram 1	1	5330.750000	5331.250000	0	0	noise	cluster_noise	0.0000
5850	Spectrogram 1	1	5331.000000	5331.500000	0	0	22	cluster_22	0.7224
5851	Spectrogram 1	1	5331.250000	5331.750000	0	0	noise	cluster_noise	0.0000
5852	Spectrogram 1	1	5331.500000	5332.750000	0	0	22	cluster_22	0.8137
5853	Spectrogram 1	1	5332.500000	5333.750000	0	0	noise	cluster_noise	0.0000
5854	Spectrogram 1	1	5333.500000	5334.500000	0	0	8	cluster_8	0.5181
5855	Spectrogram 1	1	5334.250000	5335.250000	0	0	noise	cluster_noise	0.0000
5856	Spectrogram 1	1	5335.000000	5338.250000	0	0	3	cluster_3	0.9852
5857	Spectrogram 1	1	5338.000000	5338.500000	0	0	22	cluster_22	0.7729
5858	Spectrogram 1	1	5338.250000	5338.750000	0	0	noise	cluster_noise	0.0000
5859	Spectrogram 1	1	5338.500000	5339.000000	0	0	22	cluster_22	0.8211
5860	Spectrogram 1	1	5338.750000	5339.250000	0	0	noise	cluster_noise	0.0000
5861	Spectrogram 1	1	5339.000000	5339.750000	0	0	22	cluster_22	0.7970
5862	Spectrogram 1	1	5339.500000	5340.250000	0	0	noise	cluster_noise	0.0000
5863	Spectrogram 1	1	5340.000000	5343.000000	0	0	5	cluster_5	1.0000
5864	Spectrogram 1	1	5342.750000	5344.250000	0	0	noise	cluster_noise	0.0000
5865	Spectrogram 1	1	5344.000000	5345.000000	0	0	22	cluster_22	0.8177
5866	Spectrogram 1	1	5344.750000	5345.750000	0	0	noise	cluster_noise	0.0000
5867	Spectrogram 1	1	5345.500000	5346.500000	0	0	8	cluster_8	0.8325
5868	Spectrogram 1	1	5350.000000	5351.000000	0	0	22	cluster_22	0.8669
5869	Spectrogram 1	1	5350.750000	5351.250000	0	0	noise	cluster_noise	0.0000
5870	Spectrogram 1	1	5351.000000	5351.750000	0	0	22	cluster_22	0.7819
5871	Spectrogram 1	1	5351.500000	5352.000000	0	0	noise	cluster_noise	0.0000
5872	Spectrogram 1	1	5351.750000	5355.000000	0	0	5	cluster_5	1.0000
5873	Spectrogram 1	1	5354.750000	5356.000000	0	0	22	cluster_22	0.7697
5874	Spectrogram 1	1	5355.750000	5357.250000	0	0	noise	cluster_noise	0.0000
5875	Spectrogram 1	1	5357.000000	5359.250000	0	0	8	cluster_8	0.9389
5876	Spectrogram 1	1	5359.000000	5359.500000	0	0	noise	cluster_noise	0.0000
5877	Spectrogram 1	1	5366.000000	5366.500000	0	0	5	cluster_5	0.8963
5878	Spectrogram 1	1	5366.250000	5366.750000	0	0	noise	cluster_noise	0.0000
5879	Spectrogram 1	1	5366.500000	5367.000000	0	0	23	cluster_23	1.0000
5880	Spectrogram 1	1	5366.750000	5368.500000	0	0	noise	cluster_noise	0.0000
5881	Spectrogram 1	1	5368.250000	5369.250000	0	0	8	cluster_8	0.6480
5882	Spectrogram 1	1	5369.000000	5370.500000	0	0	noise	cluster_noise	0.0000
5883	Spectrogram 1	1	5370.250000	5371.500000	0	0	4	cluster_4	0.8887
5884	Spectrogram 1	1	5371.250000	5372.250000	0	0	noise	cluster_noise	0.0000
5885	Spectrogram 1	1	5372.000000	5372.500000	0	0	22	cluster_22	0.7017
5886	Spectrogram 1	1	5374.000000	5375.500000	0	0	4	cluster_4	0.9926
5887	Spectrogram 1	1	5379.000000	5379.500000	0	0	noise	cluster_noise	0.0000
5888	Spectrogram 1	1	5379.250000	5380.000000	0	0	22	cluster_22	0.8635
5889	Spectrogram 1	1	5379.750000	5380.250000	0	0	noise	cluster_noise	0.0000
5890	Spectrogram 1	1	5380.000000	5380.750000	0	0	13	cluster_13	0.5909
5891	Spectrogram 1	1	5380.500000	5381.000000	0	0	noise	cluster_noise	0.0000
5892	Spectrogram 1	1	5380.750000	5381.500000	0	0	9	cluster_9	0.8942
5893	Spectrogram 1	1	5381.250000	5381.750000	0	0	noise	cluster_noise	0.0000
5894	Spectrogram 1	1	5381.500000	5382.500000	0	0	22	cluster_22	0.8298
5895	Spectrogram 1	1	5382.250000	5383.250000	0	0	noise	cluster_noise	0.0000
5896	Spectrogram 1	1	5383.000000	5385.250000	0	0	4	cluster_4	0.9423
5897	Spectrogram 1	1	5385.000000	5385.500000	0	0	noise	cluster_noise	0.0000
5898	Spectrogram 1	1	5391.000000	5391.750000	0	0	13	cluster_13	0.7906
5899	Spectrogram 1	1	5391.500000	5392.000000	0	0	22	cluster_22	0.8558
5900	Spectrogram 1	1	5391.750000	5392.500000	0	0	noise	cluster_noise	0.0000
5901	Spectrogram 1	1	5392.250000	5393.250000	0	0	22	cluster_22	0.8191
5902	Spectrogram 1	1	5393.000000	5393.500000	0	0	noise	cluster_noise	0.0000
5903	Spectrogram 1	1	5393.250000	5394.000000	0	0	13	cluster_13	0.7076
5904	Spectrogram 1	1	5393.750000	5394.250000	0	0	noise	cluster_noise	0.0000
5905	Spectrogram 1	1	5394.000000	5394.500000	0	0	9	cluster_9	0.9735
5906	Spectrogram 1	1	5394.250000	5394.750000	0	0	noise	cluster_noise	0.0000
5907	Spectrogram 1	1	5394.500000	5395.250000	0	0	22	cluster_22	0.8466
5908	Spectrogram 1	1	5395.000000	5395.500000	0	0	noise	cluster_noise	0.0000
5909	Spectrogram 1	1	5395.250000	5396.000000	0	0	13	cluster_13	0.6851
5910	Spectrogram 1	1	5395.750000	5396.250000	0	0	22	cluster_22	0.7498
5911	Spectrogram 1	1	5396.000000	5396.750000	0	0	9	cluster_9	0.8657
5912	Spectrogram 1	1	5396.500000	5397.000000	0	0	5	cluster_5	0.7760
5913	Spectrogram 1	1	5396.750000	5397.250000	0	0	22	cluster_22	0.7149
5914	Spectrogram 1	1	5397.000000	5397.750000	0	0	noise	cluster_noise	0.0000
5915	Spectrogram 1	1	5397.500000	5398.000000	0	0	8	cluster_8	0.7418
5916	Spectrogram 1	1	5397.750000	5398.250000	0	0	noise	cluster_noise	0.0000
5917	Spectrogram 1	1	5398.000000	5400.000000	0	0	4	cluster_4	0.7388
5918	Spectrogram 1	1	5399.750000	5401.500000	0	0	noise	cluster_noise	0.0000
5919	Spectrogram 1	1	5401.250000	5404.500000	0	0	4	cluster_4	0.8375
5920	Spectrogram 1	1	5404.250000	5405.250000	0	0	noise	cluster_noise	0.0000
5921	Spectrogram 1	1	5405.000000	5405.500000	0	0	22	cluster_22	0.7318
5922	Spectrogram 1	1	5405.250000	5406.000000	0	0	noise	cluster_noise	0.0000
5923	Spectrogram 1	1	5405.750000	5406.250000	0	0	13	cluster_13	0.5270
5924	Spectrogram 1	1	5406.000000	5406.500000	0	0	3	cluster_3	1.0000
5925	Spectrogram 1	1	5406.250000	5407.000000	0	0	noise	cluster_noise	0.0000
5926	Spectrogram 1	1	5406.750000	5407.750000	0	0	22	cluster_22	0.8349
5927	Spectrogram 1	1	5407.500000	5408.500000	0	0	noise	cluster_noise	0.0000
5928	Spectrogram 1	1	5408.250000	5408.750000	0	0	3	cluster_3	1.0000
5929	Spectrogram 1	1	5408.500000	5409.250000	0	0	noise	cluster_noise	0.0000
5930	Spectrogram 1	1	5409.000000	5409.500000	0	0	22	cluster_22	0.8312
5931	Spectrogram 1	1	5412.000000	5414.000000	0	0	4	cluster_4	0.9794
5932	Spectrogram 1	1	5413.750000	5414.250000	0	0	noise	cluster_noise	0.0000
5933	Spectrogram 1	1	5414.000000	5415.000000	0	0	22	cluster_22	0.8138
5934	Spectrogram 1	1	5414.750000	5416.000000	0	0	noise	cluster_noise	0.0000
5935	Spectrogram 1	1	5415.750000	5417.750000	0	0	4	cluster_4	0.9226
5936	Spectrogram 1	1	5417.500000	5418.250000	0	0	noise	cluster_noise	0.0000
5937	Spectrogram 1	1	5418.000000	5418.500000	0	0	22	cluster_22	0.6987
5938	Spectrogram 1	1	5418.250000	5419.000000	0	0	noise	cluster_noise	0.0000
5939	Spectrogram 1	1	5418.750000	5419.250000	0	0	13	cluster_13	1.0000
5940	Spectrogram 1	1	5419.000000	5419.500000	0	0	noise	cluster_noise	0.0000
5941	Spectrogram 1	1	5419.250000	5419.750000	0	0	3	cluster_3	1.0000
5942	Spectrogram 1	1	5419.500000	5420.250000	0	0	noise	cluster_noise	0.0000
5943	Spectrogram 1	1	5420.000000	5420.500000	0	0	22	cluster_22	0.7773
5944	Spectrogram 1	1	5423.000000	5423.500000	0	0	3	cluster_3	1.0000
5945	Spectrogram 1	1	5423.250000	5423.750000	0	0	22	cluster_22	0.7928
5946	Spectrogram 1	1	5423.500000	5424.000000	0	0	noise	cluster_noise	0.0000
5947	Spectrogram 1	1	5423.750000	5424.250000	0	0	12	cluster_12	1.0000
5948	Spectrogram 1	1	5424.000000	5424.500000	0	0	3	cluster_3	1.0000
5949	Spectrogram 1	1	5424.250000	5424.750000	0	0	noise	cluster_noise	0.0000
5950	Spectrogram 1	1	5424.500000	5425.000000	0	0	12	cluster_12	1.0000
5951	Spectrogram 1	1	5424.750000	5425.250000	0	0	3	cluster_3	1.0000
5952	Spectrogram 1	1	5425.000000	5425.500000	0	0	22	cluster_22	0.6966
5953	Spectrogram 1	1	5427.000000	5427.500000	0	0	noise	cluster_noise	0.0000
5954	Spectrogram 1	1	5427.250000	5428.000000	0	0	12	cluster_12	1.0000
5955	Spectrogram 1	1	5427.750000	5428.250000	0	0	noise	cluster_noise	0.0000
5956	Spectrogram 1	1	5428.000000	5428.500000	0	0	12	cluster_12	0.7774
5957	Spectrogram 1	1	5428.250000	5428.750000	0	0	3	cluster_3	1.0000
5958	Spectrogram 1	1	5428.500000	5429.500000	0	0	noise	cluster_noise	0.0000
5959	Spectrogram 1	1	5429.250000	5429.750000	0	0	22	cluster_22	0.8635
5960	Spectrogram 1	1	5429.500000	5430.500000	0	0	noise	cluster_noise	0.0000
5961	Spectrogram 1	1	5430.250000	5431.250000	0	0	4	cluster_4	0.9138
5962	Spectrogram 1	1	5431.000000	5432.250000	0	0	noise	cluster_noise	0.0000
5963	Spectrogram 1	1	5432.000000	5432.500000	0	0	22	cluster_22	0.7213
5964	Spectrogram 1	1	5432.250000	5432.750000	0	0	noise	cluster_noise	0.0000
5965	Spectrogram 1	1	5432.500000	5433.250000	0	0	22	cluster_22	0.8448
5966	Spectrogram 1	1	5433.000000	5434.250000	0	0	noise	cluster_noise	0.0000
5967	Spectrogram 1	1	5434.000000	5435.000000	0	0	4	cluster_4	0.9359
5968	Spectrogram 1	1	5434.750000	5435.500000	0	0	noise	cluster_noise	0.0000
5969	Spectrogram 1	1	5435.250000	5436.250000	0	0	22	cluster_22	0.7523
5970	Spectrogram 1	1	5436.000000	5436.750000	0	0	noise	cluster_noise	0.0000
5971	Spectrogram 1	1	5436.500000	5437.000000	0	0	12	cluster_12	1.0000
5972	Spectrogram 1	1	5436.750000	5437.250000	0	0	3	cluster_3	1.0000
5973	Spectrogram 1	1	5437.000000	5439.250000	0	0	noise	cluster_noise	0.0000
5974	Spectrogram 1	1	5439.000000	5439.500000	0	0	22	cluster_22	0.7703
5975	Spectrogram 1	1	5439.250000	5440.500000	0	0	noise	cluster_noise	0.0000
5976	Spectrogram 1	1	5442.000000	5442.750000	0	0	12	cluster_12	0.9444
5977	Spectrogram 1	1	5442.500000	5443.000000	0	0	noise	cluster_noise	0.0000
5978	Spectrogram 1	1	5442.750000	5443.250000	0	0	22	cluster_22	0.7984
5979	Spectrogram 1	1	5443.000000	5443.500000	0	0	noise	cluster_noise	0.0000
5980	Spectrogram 1	1	5443.250000	5443.750000	0	0	12	cluster_12	1.0000
5981	Spectrogram 1	1	5443.500000	5444.000000	0	0	3	cluster_3	1.0000
5982	Spectrogram 1	1	5443.750000	5444.500000	0	0	12	cluster_12	0.9795
5983	Spectrogram 1	1	5444.250000	5444.750000	0	0	noise	cluster_noise	0.0000
5984	Spectrogram 1	1	5444.500000	5445.250000	0	0	12	cluster_12	0.9284
5985	Spectrogram 1	1	5445.000000	5445.500000	0	0	noise	cluster_noise	0.0000
5986	Spectrogram 1	1	5445.250000	5445.750000	0	0	12	cluster_12	0.8089
5987	Spectrogram 1	1	5445.500000	5446.000000	0	0	3	cluster_3	1.0000
5988	Spectrogram 1	1	5445.750000	5447.250000	0	0	22	cluster_22	0.7850
5989	Spectrogram 1	1	5447.000000	5448.000000	0	0	noise	cluster_noise	0.0000
5990	Spectrogram 1	1	5447.750000	5448.750000	0	0	4	cluster_4	0.8019
5991	Spectrogram 1	1	5448.500000	5449.250000	0	0	noise	cluster_noise	0.0000
5992	Spectrogram 1	1	5449.000000	5450.500000	0	0	22	cluster_22	0.7725
5993	Spectrogram 1	1	5450.250000	5451.500000	0	0	noise	cluster_noise	0.0000
5994	Spectrogram 1	1	5451.250000	5452.750000	0	0	4	cluster_4	0.8705
5995	Spectrogram 1	1	5452.500000	5453.000000	0	0	22	cluster_22	0.8241
5996	Spectrogram 1	1	5452.750000	5453.750000	0	0	noise	cluster_noise	0.0000
5997	Spectrogram 1	1	5453.500000	5454.000000	0	0	22	cluster_22	0.7397
5998	Spectrogram 1	1	5453.750000	5458.000000	0	0	noise	cluster_noise	0.0000
5999	Spectrogram 1	1	5457.750000	5458.500000	0	0	13	cluster_13	0.7455
6000	Spectrogram 1	1	5458.250000	5458.750000	0	0	3	cluster_3	1.0000
6001	Spectrogram 1	1	5458.500000	5459.500000	0	0	noise	cluster_noise	0.0000
6002	Spectrogram 1	1	5459.250000	5459.750000	0	0	24	cluster_24	0.8275
6003	Spectrogram 1	1	5459.500000	5460.000000	0	0	noise	cluster_noise	0.0000
6004	Spectrogram 1	1	5459.750000	5460.500000	0	0	13	cluster_13	0.7118
6005	Spectrogram 1	1	5460.250000	5460.750000	0	0	3	cluster_3	1.0000
6006	Spectrogram 1	1	5460.500000	5461.000000	0	0	noise	cluster_noise	0.0000
6007	Spectrogram 1	1	5460.750000	5461.250000	0	0	12	cluster_12	1.0000
6008	Spectrogram 1	1	5461.000000	5461.500000	0	0	3	cluster_3	1.0000
6009	Spectrogram 1	1	5461.250000	5461.750000	0	0	22	cluster_22	0.7757
6010	Spectrogram 1	1	5461.500000	5462.000000	0	0	noise	cluster_noise	0.0000
6011	Spectrogram 1	1	5461.750000	5462.250000	0	0	13	cluster_13	0.4904
6012	Spectrogram 1	1	5462.000000	5462.500000	0	0	3	cluster_3	1.0000
6013	Spectrogram 1	1	5462.250000	5462.750000	0	0	noise	cluster_noise	0.0000
6014	Spectrogram 1	1	5462.500000	5463.000000	0	0	12	cluster_12	1.0000
6015	Spectrogram 1	1	5462.750000	5463.250000	0	0	3	cluster_3	1.0000
6016	Spectrogram 1	1	5463.000000	5463.750000	0	0	12	cluster_12	0.7727
6017	Spectrogram 1	1	5463.500000	5464.250000	0	0	noise	cluster_noise	0.0000
6018	Spectrogram 1	1	5464.000000	5464.500000	0	0	3	cluster_3	1.0000
6019	Spectrogram 1	1	5464.250000	5465.250000	0	0	noise	cluster_noise	0.0000
6020	Spectrogram 1	1	5465.000000	5465.500000	0	0	22	cluster_22	0.7798
6021	Spectrogram 1	1	5470.000000	5471.000000	0	0	noise	cluster_noise	0.0000
6022	Spectrogram 1	1	5470.750000	5471.250000	0	0	22	cluster_22	0.8297
6023	Spectrogram 1	1	5471.000000	5471.500000	0	0	noise	cluster_noise	0.0000
6024	Spectrogram 1	1	5471.250000	5471.750000	0	0	13	cluster_13	0.4952
6025	Spectrogram 1	1	5471.500000	5472.500000	0	0	noise	cluster_noise	0.0000
6026	Spectrogram 1	1	5472.250000	5473.000000	0	0	22	cluster_22	0.7894
6027	Spectrogram 1	1	5472.750000	5473.500000	0	0	noise	cluster_noise	0.0000
6028	Spectrogram 1	1	5473.250000	5473.750000	0	0	7	cluster_7	0.5449
6029	Spectrogram 1	1	5473.500000	5474.000000	0	0	noise	cluster_noise	0.0000
6030	Spectrogram 1	1	5473.750000	5474.250000	0	0	6	cluster_6	0.7262
6031	Spectrogram 1	1	5474.000000	5474.500000	0	0	noise	cluster_noise	0.0000
6032	Spectrogram 1	1	5474.250000	5474.750000	0	0	11	cluster_11	0.7274
6033	Spectrogram 1	1	5474.500000	5475.000000	0	0	noise	cluster_noise	0.0000
6034	Spectrogram 1	1	5474.750000	5475.500000	0	0	22	cluster_22	0.7983
6035	Spectrogram 1	1	5475.250000	5475.750000	0	0	noise	cluster_noise	0.0000
6036	Spectrogram 1	1	5475.500000	5476.250000	0	0	7	cluster_7	0.5321
6037	Spectrogram 1	1	5476.000000	5477.000000	0	0	6	cluster_6	0.6210
6038	Spectrogram 1	1	5476.750000	5478.000000	0	0	noise	cluster_noise	0.0000
6039	Spectrogram 1	1	5477.750000	5478.250000	0	0	7	cluster_7	0.7438
6040	Spectrogram 1	1	5478.000000	5478.500000	0	0	noise	cluster_noise	0.0000
6041	Spectrogram 1	1	5478.250000	5480.000000	0	0	6	cluster_6	0.5721
6042	Spectrogram 1	1	5479.750000	5481.000000	0	0	noise	cluster_noise	0.0000
6043	Spectrogram 1	1	5480.750000	5482.750000	0	0	6	cluster_6	0.8367
6044	Spectrogram 1	1	5482.500000	5483.250000	0	0	noise	cluster_noise	0.0000
6045	Spectrogram 1	1	5483.000000	5484.000000	0	0	22	cluster_22	0.7776
6046	Spectrogram 1	1	5483.750000	5488.500000	0	0	3	cluster_3	1.0000
6047	Spectrogram 1	1	5488.250000	5488.750000	0	0	noise	cluster_noise	0.0000
6048	Spectrogram 1	1	5488.500000	5489.000000	0	0	22	cluster_22	0.7174
6049	Spectrogram 1	1	5488.750000	5489.250000	0	0	noise	cluster_noise	0.0000
6050	Spectrogram 1	1	5489.000000	5489.500000	0	0	22	cluster_22	0.6989
6051	Spectrogram 1	1	5490.000000	5490.500000	0	0	3	cluster_3	1.0000
6052	Spectrogram 1	1	5490.250000	5490.750000	0	0	22	cluster_22	0.7689
6053	Spectrogram 1	1	5490.500000	5491.250000	0	0	3	cluster_3	1.0000
6054	Spectrogram 1	1	5491.000000	5492.000000	0	0	22	cluster_22	0.7429
6055	Spectrogram 1	1	5491.750000	5492.500000	0	0	noise	cluster_noise	0.0000
6056	Spectrogram 1	1	5492.250000	5493.000000	0	0	3	cluster_3	1.0000
6057	Spectrogram 1	1	5492.750000	5493.250000	0	0	noise	cluster_noise	0.0000
6058	Spectrogram 1	1	5493.000000	5493.500000	0	0	22	cluster_22	0.8635
6059	Spectrogram 1	1	5493.250000	5494.500000	0	0	noise	cluster_noise	0.0000
6060	Spectrogram 1	1	5494.250000	5495.250000	0	0	6	cluster_6	0.8182
6061	Spectrogram 1	1	5495.000000	5495.500000	0	0	noise	cluster_noise	0.0000
6062	Spectrogram 1	1	5495.250000	5495.750000	0	0	11	cluster_11	0.9156
6063	Spectrogram 1	1	5495.500000	5497.000000	0	0	noise	cluster_noise	0.0000
6064	Spectrogram 1	1	5496.750000	5498.250000	0	0	6	cluster_6	0.8359
6065	Spectrogram 1	1	5498.000000	5498.500000	0	0	noise	cluster_noise	0.0000
6066	Spectrogram 1	1	5498.250000	5498.750000	0	0	24	cluster_24	0.8376
6067	Spectrogram 1	1	5498.500000	5499.250000	0	0	noise	cluster_noise	0.0000
6068	Spectrogram 1	1	5499.000000	5503.250000	0	0	6	cluster_6	0.8589
6069	Spectrogram 1	1	5503.000000	5504.250000	0	0	22	cluster_22	0.7737
6070	Spectrogram 1	1	5504.000000	5505.750000	0	0	3	cluster_3	1.0000
6071	Spectrogram 1	1	5505.500000	5507.000000	0	0	22	cluster_22	0.8374
6072	Spectrogram 1	1	5506.750000	5508.250000	0	0	3	cluster_3	1.0000
6073	Spectrogram 1	1	5508.000000	5509.000000	0	0	noise	cluster_noise	0.0000
6074	Spectrogram 1	1	5508.750000	5510.000000	0	0	22	cluster_22	0.7791
6075	Spectrogram 1	1	5509.750000	5511.250000	0	0	3	cluster_3	0.9918
6076	Spectrogram 1	1	5511.000000	5511.750000	0	0	noise	cluster_noise	0.0000
6077	Spectrogram 1	1	5511.500000	5512.500000	0	0	22	cluster_22	0.7933
6078	Spectrogram 1	1	5512.250000	5514.000000	0	0	3	cluster_3	0.9738
6079	Spectrogram 1	1	5513.750000	5514.250000	0	0	2	cluster_2	0.6796
6080	Spectrogram 1	1	5514.000000	5514.750000	0	0	noise	cluster_noise	0.0000
6081	Spectrogram 1	1	5514.500000	5515.250000	0	0	5	cluster_5	1.0000
6082	Spectrogram 1	1	5515.000000	5515.500000	0	0	noise	cluster_noise	0.0000
6083	Spectrogram 1	1	5515.250000	5515.750000	0	0	22	cluster_22	0.7642
6084	Spectrogram 1	1	5515.500000	5516.000000	0	0	noise	cluster_noise	0.0000
6085	Spectrogram 1	1	5515.750000	5517.250000	0	0	3	cluster_3	0.9739
6086	Spectrogram 1	1	5517.000000	5518.750000	0	0	noise	cluster_noise	0.0000
6087	Spectrogram 1	1	5518.500000	5519.500000	0	0	3	cluster_3	1.0000
6088	Spectrogram 1	1	5519.250000	5519.750000	0	0	noise	cluster_noise	0.0000
6089	Spectrogram 1	1	5519.500000	5520.000000	0	0	2	cluster_2	1.0000
6090	Spectrogram 1	1	5519.750000	5520.750000	0	0	noise	cluster_noise	0.0000
6091	Spectrogram 1	1	5520.500000	5521.000000	0	0	22	cluster_22	0.8004
6092	Spectrogram 1	1	5520.750000	5522.000000	0	0	3	cluster_3	1.0000
6093	Spectrogram 1	1	5521.750000	5522.500000	0	0	2	cluster_2	1.0000
6094	Spectrogram 1	1	5522.250000	5522.750000	0	0	noise	cluster_noise	0.0000
6095	Spectrogram 1	1	5522.500000	5523.250000	0	0	3	cluster_3	1.0000
6096	Spectrogram 1	1	5523.000000	5524.000000	0	0	noise	cluster_noise	0.0000
6097	Spectrogram 1	1	5523.750000	5525.000000	0	0	3	cluster_3	1.0000
6098	Spectrogram 1	1	5524.750000	5525.250000	0	0	noise	cluster_noise	0.0000
6099	Spectrogram 1	1	5525.000000	5525.500000	0	0	2	cluster_2	0.9511
6100	Spectrogram 1	1	5525.250000	5525.750000	0	0	noise	cluster_noise	0.0000
6101	Spectrogram 1	1	5525.500000	5528.250000	0	0	3	cluster_3	0.9873
6102	Spectrogram 1	1	5528.000000	5528.750000	0	0	noise	cluster_noise	0.0000
6103	Spectrogram 1	1	5528.500000	5529.250000	0	0	22	cluster_22	0.7971
6104	Spectrogram 1	1	5529.000000	5529.500000	0	0	noise	cluster_noise	0.0000
6105	Spectrogram 1	1	5530.000000	5532.000000	0	0	2	cluster_2	0.9816
6106	Spectrogram 1	1	5531.750000	5532.750000	0	0	noise	cluster_noise	0.0000
6107	Spectrogram 1	1	5532.500000	5533.500000	0	0	22	cluster_22	0.7823
6108	Spectrogram 1	1	5533.250000	5533.750000	0	0	noise	cluster_noise	0.0000
6109	Spectrogram 1	1	5533.500000	5534.250000	0	0	22	cluster_22	0.7944
6110	Spectrogram 1	1	5534.000000	5534.500000	0	0	noise	cluster_noise	0.0000
6111	Spectrogram 1	1	5534.250000	5536.000000	0	0	3	cluster_3	0.9984
6112	Spectrogram 1	1	5535.750000	5548.500000	0	0	noise	cluster_noise	0.0000
6113	Spectrogram 1	1	5548.250000	5549.500000	0	0	3	cluster_3	1.0000
6114	Spectrogram 1	1	5583.000000	5583.500000	0	0	noise	cluster_noise	0.0000
6115	Spectrogram 1	1	5583.250000	5584.000000	0	0	22	cluster_22	0.7525
6116	Spectrogram 1	1	5583.750000	5584.250000	0	0	noise	cluster_noise	0.0000
6117	Spectrogram 1	1	5584.000000	5586.000000	0	0	2	cluster_2	0.9800
6118	Spectrogram 1	1	5585.750000	5586.250000	0	0	noise	cluster_noise	0.0000
6119	Spectrogram 1	1	5586.000000	5586.500000	0	0	22	cluster_22	0.7147
6120	Spectrogram 1	1	5586.250000	5587.000000	0	0	noise	cluster_noise	0.0000
6121	Spectrogram 1	1	5586.750000	5588.250000	0	0	2	cluster_2	0.9854
6122	Spectrogram 1	1	5588.000000	5588.500000	0	0	noise	cluster_noise	0.0000
6123	Spectrogram 1	1	5598.000000	5598.500000	0	0	3	cluster_3	1.0000
6124	Spectrogram 1	1	5598.250000	5599.250000	0	0	2	cluster_2	1.0000
6125	Spectrogram 1	1	5599.000000	5599.750000	0	0	22	cluster_22	0.7789
6126	Spectrogram 1	1	5599.500000	5600.000000	0	0	5	cluster_5	1.0000
6127	Spectrogram 1	1	5599.750000	5601.250000	0	0	2	cluster_2	0.9554
6128	Spectrogram 1	1	5601.000000	5601.750000	0	0	22	cluster_22	0.6995
6129	Spectrogram 1	1	5601.500000	5602.000000	0	0	noise	cluster_noise	0.0000
6130	Spectrogram 1	1	5601.750000	5612.500000	0	0	22	cluster_22	0.7615
6131	Spectrogram 1	1	5612.250000	5612.750000	0	0	noise	cluster_noise	0.0000
6132	Spectrogram 1	1	5612.500000	5613.000000	0	0	5	cluster_5	1.0000
6133	Spectrogram 1	1	5612.750000	5614.250000	0	0	2	cluster_2	0.9963
6134	Spectrogram 1	1	5614.000000	5614.500000	0	0	22	cluster_22	0.7164
6135	Spectrogram 1	1	5614.250000	5615.000000	0	0	noise	cluster_noise	0.0000
6136	Spectrogram 1	1	5614.750000	5615.250000	0	0	22	cluster_22	0.8257
6137	Spectrogram 1	1	5615.000000	5615.500000	0	0	noise	cluster_noise	0.0000
6138	Spectrogram 1	1	5615.250000	5615.750000	0	0	22	cluster_22	0.8635
6139	Spectrogram 1	1	5615.500000	5616.000000	0	0	noise	cluster_noise	0.0000
6140	Spectrogram 1	1	5615.750000	5616.250000	0	0	9	cluster_9	0.8121
6141	Spectrogram 1	1	5616.000000	5617.500000	0	0	5	cluster_5	1.0000
6142	Spectrogram 1	1	5624.000000	5624.500000	0	0	noise	cluster_noise	0.0000
6143	Spectrogram 1	1	5624.250000	5624.750000	0	0	22	cluster_22	0.8030
6144	Spectrogram 1	1	5624.500000	5625.250000	0	0	5	cluster_5	1.0000
6145	Spectrogram 1	1	5625.000000	5627.000000	0	0	2	cluster_2	0.9675
6146	Spectrogram 1	1	5626.750000	5628.000000	0	0	22	cluster_22	0.8148
6147	Spectrogram 1	1	5627.750000	5628.750000	0	0	noise	cluster_noise	0.0000
6148	Spectrogram 1	1	5628.500000	5630.250000	0	0	5	cluster_5	1.0000
6149	Spectrogram 1	1	5630.000000	5631.250000	0	0	noise	cluster_noise	0.0000
6150	Spectrogram 1	1	5631.000000	5631.500000	0	0	3	cluster_3	1.0000
6151	Spectrogram 1	1	5634.000000	5635.000000	0	0	noise	cluster_noise	0.0000
6152	Spectrogram 1	1	5634.750000	5635.500000	0	0	5	cluster_5	1.0000
6153	Spectrogram 1	1	5635.250000	5636.500000	0	0	2	cluster_2	0.9580
6154	Spectrogram 1	1	5637.000000	5637.500000	0	0	noise	cluster_noise	0.0000
6155	Spectrogram 1	1	5637.250000	5637.750000	0	0	22	cluster_22	0.7329
6156	Spectrogram 1	1	5637.500000	5638.000000	0	0	noise	cluster_noise	0.0000
6157	Spectrogram 1	1	5637.750000	5639.000000	0	0	22	cluster_22	0.7593
6158	Spectrogram 1	1	5638.750000	5639.500000	0	0	5	cluster_5	0.8727
6159	Spectrogram 1	1	5639.250000	5640.000000	0	0	noise	cluster_noise	0.0000
6160	Spectrogram 1	1	5639.750000	5641.250000	0	0	5	cluster_5	1.0000
6161	Spectrogram 1	1	5641.000000	5641.500000	0	0	noise	cluster_noise	0.0000
6162	Spectrogram 1	1	5641.250000	5642.000000	0	0	22	cluster_22	0.7685
6163	Spectrogram 1	1	5641.750000	5643.250000	0	0	3	cluster_3	1.0000
6164	Spectrogram 1	1	5643.000000	5643.500000	0	0	noise	cluster_noise	0.0000
6165	Spectrogram 1	1	5643.250000	5644.250000	0	0	22	cluster_22	0.8207
6166	Spectrogram 1	1	5644.000000	5644.500000	0	0	noise	cluster_noise	0.0000
6167	Spectrogram 1	1	5644.250000	5645.750000	0	0	22	cluster_22	0.7656
6168	Spectrogram 1	1	5645.500000	5646.250000	0	0	noise	cluster_noise	0.0000
6169	Spectrogram 1	1	5646.000000	5647.000000	0	0	14	cluster_14	0.7177
6170	Spectrogram 1	1	5646.750000	5648.250000	0	0	noise	cluster_noise	0.0000
6171	Spectrogram 1	1	5648.000000	5648.500000	0	0	22	cluster_22	0.8302
6172	Spectrogram 1	1	5651.000000	5652.000000	0	0	5	cluster_5	1.0000
6173	Spectrogram 1	1	5651.750000	5652.250000	0	0	22	cluster_22	0.6855
6174	Spectrogram 1	1	5652.000000	5653.500000	0	0	3	cluster_3	1.0000
6175	Spectrogram 1	1	5653.250000	5653.750000	0	0	21	cluster_21	0.8229
6176	Spectrogram 1	1	5653.500000	5654.500000	0	0	3	cluster_3	0.8955
6177	Spectrogram 1	1	5654.250000	5655.750000	0	0	22	cluster_22	0.7863
6178	Spectrogram 1	1	5655.500000	5656.250000	0	0	3	cluster_3	1.0000
6179	Spectrogram 1	1	5656.000000	5656.750000	0	0	22	cluster_22	0.7970
6180	Spectrogram 1	1	5656.500000	5657.250000	0	0	noise	cluster_noise	0.0000
6181	Spectrogram 1	1	5657.000000	5658.000000	0	0	22	cluster_22	0.7440
6182	Spectrogram 1	1	5657.750000	5658.500000	0	0	noise	cluster_noise	0.0000
6183	Spectrogram 1	1	5658.250000	5659.250000	0	0	16	cluster_16	0.5350
6184	Spectrogram 1	1	5659.000000	5659.500000	0	0	14	cluster_14	0.6841
6185	Spectrogram 1	1	5659.250000	5659.750000	0	0	noise	cluster_noise	0.0000
6186	Spectrogram 1	1	5659.500000	5660.000000	0	0	5	cluster_5	0.7718
6187	Spectrogram 1	1	5659.750000	5660.750000	0	0	noise	cluster_noise	0.0000
6188	Spectrogram 1	1	5660.500000	5661.000000	0	0	22	cluster_22	0.8375
6189	Spectrogram 1	1	5660.750000	5661.250000	0	0	noise	cluster_noise	0.0000
6190	Spectrogram 1	1	5661.000000	5662.250000	0	0	22	cluster_22	0.7657
6191	Spectrogram 1	1	5662.000000	5662.500000	0	0	5	cluster_5	1.0000
6192	Spectrogram 1	1	5664.000000	5664.750000	0	0	noise	cluster_noise	0.0000
6193	Spectrogram 1	1	5664.500000	5665.750000	0	0	3	cluster_3	1.0000
6194	Spectrogram 1	1	5665.500000	5666.250000	0	0	21	cluster_21	0.8609
6195	Spectrogram 1	1	5666.000000	5666.750000	0	0	3	cluster_3	1.0000
6196	Spectrogram 1	1	5666.500000	5667.250000	0	0	22	cluster_22	0.7745
6197	Spectrogram 1	1	5667.000000	5668.000000	0	0	3	cluster_3	1.0000
6198	Spectrogram 1	1	5667.750000	5669.750000	0	0	22	cluster_22	0.8025
6199	Spectrogram 1	1	5669.500000	5670.250000	0	0	noise	cluster_noise	0.0000
6200	Spectrogram 1	1	5670.000000	5671.500000	0	0	14	cluster_14	0.7709
6201	Spectrogram 1	1	5671.250000	5672.500000	0	0	noise	cluster_noise	0.0000
6202	Spectrogram 1	1	5672.250000	5673.250000	0	0	22	cluster_22	0.7570
6203	Spectrogram 1	1	5673.000000	5673.500000	0	0	noise	cluster_noise	0.0000
6204	Spectrogram 1	1	5673.250000	5674.000000	0	0	22	cluster_22	0.7846
6205	Spectrogram 1	1	5673.750000	5674.250000	0	0	noise	cluster_noise	0.0000
6206	Spectrogram 1	1	5674.000000	5676.500000	0	0	5	cluster_5	1.0000
6207	Spectrogram 1	1	5676.250000	5676.750000	0	0	noise	cluster_noise	0.0000
6208	Spectrogram 1	1	5676.500000	5677.250000	0	0	3	cluster_3	1.0000
6209	Spectrogram 1	1	5677.000000	5678.250000	0	0	noise	cluster_noise	0.0000
6210	Spectrogram 1	1	5678.000000	5678.750000	0	0	3	cluster_3	1.0000
6211	Spectrogram 1	1	5678.500000	5679.000000	0	0	noise	cluster_noise	0.0000
6212	Spectrogram 1	1	5678.750000	5679.750000	0	0	22	cluster_22	0.7605
6213	Spectrogram 1	1	5679.500000	5680.000000	0	0	noise	cluster_noise	0.0000
6214	Spectrogram 1	1	5679.750000	5680.750000	0	0	22	cluster_22	0.8152
6215	Spectrogram 1	1	5680.500000	5682.000000	0	0	noise	cluster_noise	0.0000
6216	Spectrogram 1	1	5681.750000	5683.000000	0	0	14	cluster_14	0.6557
6217	Spectrogram 1	1	5682.750000	5683.250000	0	0	5	cluster_5	0.7564
6218	Spectrogram 1	1	5683.000000	5684.500000	0	0	noise	cluster_noise	0.0000
6219	Spectrogram 1	1	5684.250000	5684.750000	0	0	22	cluster_22	0.9064
6220	Spectrogram 1	1	5684.500000	5685.500000	0	0	noise	cluster_noise	0.0000
6221	Spectrogram 1	1	5685.250000	5687.500000	0	0	5	cluster_5	1.0000
6222	Spectrogram 1	1	5689.000000	5690.500000	0	0	noise	cluster_noise	0.0000
6223	Spectrogram 1	1	5690.250000	5691.750000	0	0	22	cluster_22	0.7973
6224	Spectrogram 1	1	5691.500000	5692.000000	0	0	noise	cluster_noise	0.0000
6225	Spectrogram 1	1	5691.750000	5692.250000	0	0	19	cluster_19	0.9252
6226	Spectrogram 1	1	5692.000000	5692.500000	0	0	noise	cluster_noise	0.0000
6227	Spectrogram 1	1	5692.250000	5694.000000	0	0	14	cluster_14	0.6894
6228	Spectrogram 1	1	5693.750000	5696.000000	0	0	noise	cluster_noise	0.0000
6229	Spectrogram 1	1	5695.750000	5696.250000	0	0	22	cluster_22	0.8311
6230	Spectrogram 1	1	5696.000000	5696.500000	0	0	noise	cluster_noise	0.0000
6231	Spectrogram 1	1	5696.250000	5698.250000	0	0	5	cluster_5	1.0000
6232	Spectrogram 1	1	5698.000000	5700.500000	0	0	noise	cluster_noise	0.0000
6233	Spectrogram 1	1	5700.250000	5700.750000	0	0	22	cluster_22	0.7289
6234	Spectrogram 1	1	5700.500000	5701.250000	0	0	3	cluster_3	1.0000
6235	Spectrogram 1	1	5701.000000	5702.500000	0	0	noise	cluster_noise	0.0000
6236	Spectrogram 1	1	5702.250000	5702.750000	0	0	22	cluster_22	0.7743
6237	Spectrogram 1	1	5702.500000	5703.500000	0	0	noise	cluster_noise	0.0000
6238	Spectrogram 1	1	5703.250000	5703.750000	0	0	19	cluster_19	1.0000
6239	Spectrogram 1	1	5703.500000	5704.000000	0	0	noise	cluster_noise	0.0000
6240	Spectrogram 1	1	5703.750000	5704.250000	0	0	14	cluster_14	0.5209
6241	Spectrogram 1	1	5704.000000	5704.500000	0	0	noise	cluster_noise	0.0000
6242	Spectrogram 1	1	5704.250000	5705.250000	0	0	14	cluster_14	0.6896
6243	Spectrogram 1	1	5705.000000	5706.000000	0	0	noise	cluster_noise	0.0000
6244	Spectrogram 1	1	5705.750000	5706.250000	0	0	3	cluster_3	0.8754
6245	Spectrogram 1	1	5706.000000	5706.750000	0	0	22	cluster_22	0.7570
6246	Spectrogram 1	1	5706.500000	5707.250000	0	0	noise	cluster_noise	0.0000
6247	Spectrogram 1	1	5707.000000	5707.500000	0	0	9	cluster_9	0.8046
6248	Spectrogram 1	1	5707.250000	5709.500000	0	0	5	cluster_5	1.0000
6249	Spectrogram 1	1	5712.000000	5713.000000	0	0	22	cluster_22	0.8057
6250	Spectrogram 1	1	5712.750000	5713.250000	0	0	noise	cluster_noise	0.0000
6251	Spectrogram 1	1	5713.000000	5713.500000	0	0	22	cluster_22	0.7477
6252	Spectrogram 1	1	5713.250000	5713.750000	0	0	21	cluster_21	0.7733
6253	Spectrogram 1	1	5713.500000	5714.500000	0	0	noise	cluster_noise	0.0000
6254	Spectrogram 1	1	5714.250000	5716.000000	0	0	14	cluster_14	0.7525
6255	Spectrogram 1	1	5715.750000	5717.000000	0	0	noise	cluster_noise	0.0000
6256	Spectrogram 1	1	5716.750000	5717.500000	0	0	22	cluster_22	0.8559
6257	Spectrogram 1	1	5717.250000	5717.750000	0	0	noise	cluster_noise	0.0000
6258	Spectrogram 1	1	5717.500000	5718.250000	0	0	22	cluster_22	0.8230
6259	Spectrogram 1	1	5718.000000	5720.750000	0	0	5	cluster_5	0.9774
6260	Spectrogram 1	1	5720.500000	5721.500000	0	0	noise	cluster_noise	0.0000
6261	Spectrogram 1	1	5721.250000	5721.750000	0	0	5	cluster_5	0.8172
6262	Spectrogram 1	1	5721.500000	5725.250000	0	0	noise	cluster_noise	0.0000
6263	Spectrogram 1	1	5725.000000	5725.500000	0	0	13	cluster_13	0.5234
6264	Spectrogram 1	1	5725.250000	5725.750000	0	0	22	cluster_22	0.7581
6265	Spectrogram 1	1	5725.500000	5726.500000	0	0	noise	cluster_noise	0.0000
6266	Spectrogram 1	1	5726.250000	5726.750000	0	0	18	cluster_18	0.8575
6267	Spectrogram 1	1	5726.500000	5729.000000	0	0	noise	cluster_noise	0.0000
6268	Spectrogram 1	1	5728.750000	5730.250000	0	0	22	cluster_22	0.7565
6269	Spectrogram 1	1	5730.000000	5733.000000	0	0	5	cluster_5	1.0000
6270	Spectrogram 1	1	5732.750000	5733.250000	0	0	noise	cluster_noise	0.0000
6271	Spectrogram 1	1	5733.000000	5734.250000	0	0	22	cluster_22	0.7493
6272	Spectrogram 1	1	5734.000000	5734.500000	0	0	noise	cluster_noise	0.0000
6273	Spectrogram 1	1	5736.000000	5736.500000	0	0	5	cluster_5	1.0000
6274	Spectrogram 1	1	5736.250000	5736.750000	0	0	noise	cluster_noise	0.0000
6275	Spectrogram 1	1	5736.500000	5737.000000	0	0	19	cluster_19	0.9773
6276	Spectrogram 1	1	5736.750000	5737.750000	0	0	noise	cluster_noise	0.0000
6277	Spectrogram 1	1	5737.500000	5738.000000	0	0	22	cluster_22	0.8182
6278	Spectrogram 1	1	5737.750000	5738.250000	0	0	11	cluster_11	0.7550
6279	Spectrogram 1	1	5738.000000	5739.500000	0	0	noise	cluster_noise	0.0000
6280	Spectrogram 1	1	5739.250000	5739.750000	0	0	17	cluster_17	1.0000
6281	Spectrogram 1	1	5739.500000	5740.750000	0	0	noise	cluster_noise	0.0000
6282	Spectrogram 1	1	5740.500000	5741.000000	0	0	18	cluster_18	0.7578
6283	Spectrogram 1	1	5740.750000	5743.250000	0	0	noise	cluster_noise	0.0000
6284	Spectrogram 1	1	5743.000000	5743.500000	0	0	17	cluster_17	0.9602
6285	Spectrogram 1	1	5743.250000	5744.250000	0	0	noise	cluster_noise	0.0000
6286	Spectrogram 1	1	5744.000000	5744.750000	0	0	22	cluster_22	0.7774
6287	Spectrogram 1	1	5744.500000	5745.250000	0	0	noise	cluster_noise	0.0000
6288	Spectrogram 1	1	5745.000000	5748.500000	0	0	5	cluster_5	1.0000
6289	Spectrogram 1	1	5748.250000	5749.250000	0	0	noise	cluster_noise	0.0000
6290	Spectrogram 1	1	5749.000000	5749.500000	0	0	22	cluster_22	0.7179
6291	Spectrogram 1	1	5749.250000	5750.000000	0	0	noise	cluster_noise	0.0000
6292	Spectrogram 1	1	5749.750000	5751.000000	0	0	5	cluster_5	1.0000
6293	Spectrogram 1	1	5750.750000	5751.250000	0	0	22	cluster_22	0.7194
6294	Spectrogram 1	1	5751.000000	5751.750000	0	0	noise	cluster_noise	0.0000
6295	Spectrogram 1	1	5751.500000	5752.250000	0	0	22	cluster_22	0.7964
6296	Spectrogram 1	1	5752.000000	5752.500000	0	0	19	cluster_19	0.9597
6297	Spectrogram 1	1	5752.250000	5753.750000	0	0	noise	cluster_noise	0.0000
6298	Spectrogram 1	1	5753.500000	5754.000000	0	0	22	cluster_22	0.6990
6299	Spectrogram 1	1	5753.750000	5755.500000	0	0	noise	cluster_noise	0.0000
6300	Spectrogram 1	1	5755.250000	5756.000000	0	0	22	cluster_22	0.7825
6301	Spectrogram 1	1	5755.750000	5760.250000	0	0	noise	cluster_noise	0.0000
6302	Spectrogram 1	1	5760.000000	5760.500000	0	0	22	cluster_22	0.7376
6303	Spectrogram 1	1	5760.250000	5760.750000	0	0	9	cluster_9	1.0000
6304	Spectrogram 1	1	5760.500000	5763.750000	0	0	5	cluster_5	1.0000
6305	Spectrogram 1	1	5763.500000	5764.000000	0	0	noise	cluster_noise	0.0000
6306	Spectrogram 1	1	5763.750000	5764.750000	0	0	22	cluster_22	0.7804
6307	Spectrogram 1	1	5764.500000	5765.000000	0	0	noise	cluster_noise	0.0000
6308	Spectrogram 1	1	5764.750000	5767.250000	0	0	5	cluster_5	1.0000
6309	Spectrogram 1	1	5767.000000	5767.500000	0	0	22	cluster_22	0.7176
6310	Spectrogram 1	1	5769.000000	5770.000000	0	0	noise	cluster_noise	0.0000
6311	Spectrogram 1	1	5769.750000	5770.250000	0	0	9	cluster_9	0.7822
6312	Spectrogram 1	1	5770.000000	5770.750000	0	0	noise	cluster_noise	0.0000
6313	Spectrogram 1	1	5770.500000	5771.000000	0	0	22	cluster_22	0.8601
6314	Spectrogram 1	1	5770.750000	5771.750000	0	0	noise	cluster_noise	0.0000
6315	Spectrogram 1	1	5771.500000	5772.000000	0	0	17	cluster_17	0.9097
6316	Spectrogram 1	1	5771.750000	5772.250000	0	0	noise	cluster_noise	0.0000
6317	Spectrogram 1	1	5772.000000	5773.000000	0	0	22	cluster_22	0.7345
6318	Spectrogram 1	1	5772.750000	5773.750000	0	0	noise	cluster_noise	0.0000
6319	Spectrogram 1	1	5773.500000	5774.750000	0	0	22	cluster_22	0.7968
6320	Spectrogram 1	1	5774.500000	5775.000000	0	0	noise	cluster_noise	0.0000
6321	Spectrogram 1	1	5774.750000	5777.500000	0	0	5	cluster_5	0.9772
6322	Spectrogram 1	1	5777.250000	5777.750000	0	0	22	cluster_22	0.8625
6323	Spectrogram 1	1	5777.500000	5778.250000	0	0	noise	cluster_noise	0.0000
6324	Spectrogram 1	1	5778.000000	5779.250000	0	0	22	cluster_22	0.7938
6325	Spectrogram 1	1	5779.000000	5779.750000	0	0	noise	cluster_noise	0.0000
6326	Spectrogram 1	1	5779.500000	5781.000000	0	0	5	cluster_5	1.0000
6327	Spectrogram 1	1	5780.750000	5781.500000	0	0	noise	cluster_noise	0.0000
6328	Spectrogram 1	1	5781.250000	5781.750000	0	0	22	cluster_22	0.7633
6329	Spectrogram 1	1	5781.500000	5783.000000	0	0	noise	cluster_noise	0.0000
6330	Spectrogram 1	1	5782.750000	5784.000000	0	0	22	cluster_22	0.7449
6331	Spectrogram 1	1	5783.750000	5785.000000	0	0	noise	cluster_noise	0.0000
6332	Spectrogram 1	1	5784.750000	5785.750000	0	0	22	cluster_22	0.8155
6333	Spectrogram 1	1	5785.500000	5786.750000	0	0	noise	cluster_noise	0.0000
6334	Spectrogram 1	1	5786.500000	5787.500000	0	0	22	cluster_22	0.7686
6335	Spectrogram 1	1	5787.250000	5788.500000	0	0	noise	cluster_noise	0.0000
6336	Spectrogram 1	1	5788.250000	5788.750000	0	0	22	cluster_22	0.7392
6337	Spectrogram 1	1	5788.500000	5789.000000	0	0	21	cluster_21	0.7406
6338	Spectrogram 1	1	5788.750000	5789.250000	0	0	noise	cluster_noise	0.0000
6339	Spectrogram 1	1	5789.000000	5790.250000	0	0	22	cluster_22	0.8047
6340	Spectrogram 1	1	5790.000000	5790.750000	0	0	noise	cluster_noise	0.0000
6341	Spectrogram 1	1	5790.500000	5792.750000	0	0	5	cluster_5	0.9963
6342	Spectrogram 1	1	5792.500000	5793.250000	0	0	noise	cluster_noise	0.0000
6343	Spectrogram 1	1	5793.000000	5794.000000	0	0	22	cluster_22	0.8164
6344	Spectrogram 1	1	5793.750000	5794.250000	0	0	noise	cluster_noise	0.0000
6345	Spectrogram 1	1	5794.000000	5794.500000	0	0	21	cluster_21	0.7501
6346	Spectrogram 1	1	5794.250000	5795.250000	0	0	noise	cluster_noise	0.0000
6347	Spectrogram 1	1	5795.000000	5796.250000	0	0	5	cluster_5	1.0000
6348	Spectrogram 1	1	5796.000000	5799.000000	0	0	noise	cluster_noise	0.0000
6349	Spectrogram 1	1	5798.750000	5799.250000	0	0	22	cluster_22	0.8514
6350	Spectrogram 1	1	5799.000000	5802.250000	0	0	noise	cluster_noise	0.0000
6351	Spectrogram 1	1	5802.000000	5803.000000	0	0	22	cluster_22	0.7890
6352	Spectrogram 1	1	5802.750000	5804.250000	0	0	noise	cluster_noise	0.0000
6353	Spectrogram 1	1	5804.000000	5804.500000	0	0	22	cluster_22	0.7671
6354	Spectrogram 1	1	5804.250000	5806.000000	0	0	noise	cluster_noise	0.0000
6355	Spectrogram 1	1	5805.750000	5807.250000	0	0	22	cluster_22	0.7572
6356	Spectrogram 1	1	5807.000000	5807.500000	0	0	noise	cluster_noise	0.0000
6357	Spectrogram 1	1	5807.250000	5808.000000	0	0	22	cluster_22	0.7732
6358	Spectrogram 1	1	5807.750000	5808.250000	0	0	noise	cluster_noise	0.0000
6359	Spectrogram 1	1	5808.000000	5808.500000	0	0	0	cluster_0	1.0000
6360	Spectrogram 1	1	5808.250000	5808.750000	0	0	noise	cluster_noise	0.0000
6361	Spectrogram 1	1	5808.500000	5809.000000	0	0	5	cluster_5	1.0000
6362	Spectrogram 1	1	5808.750000	5809.250000	0	0	noise	cluster_noise	0.0000
6363	Spectrogram 1	1	5809.000000	5811.000000	0	0	5	cluster_5	0.9683
6364	Spectrogram 1	1	5810.750000	5811.750000	0	0	noise	cluster_noise	0.0000
6365	Spectrogram 1	1	5811.500000	5813.000000	0	0	22	cluster_22	0.7709
6366	Spectrogram 1	1	5812.750000	5813.250000	0	0	noise	cluster_noise	0.0000
6367	Spectrogram 1	1	5813.000000	5813.500000	0	0	22	cluster_22	0.6849
6368	Spectrogram 1	1	5813.250000	5815.500000	0	0	noise	cluster_noise	0.0000
6369	Spectrogram 1	1	5815.250000	5816.000000	0	0	22	cluster_22	0.7572
6370	Spectrogram 1	1	5815.750000	5817.250000	0	0	noise	cluster_noise	0.0000
6371	Spectrogram 1	1	5817.000000	5818.000000	0	0	22	cluster_22	0.7502
6372	Spectrogram 1	1	5817.750000	5819.000000	0	0	noise	cluster_noise	0.0000
6373	Spectrogram 1	1	5818.750000	5819.750000	0	0	22	cluster_22	0.7926
6374	Spectrogram 1	1	5819.500000	5821.500000	0	0	noise	cluster_noise	0.0000
6375	Spectrogram 1	1	5821.250000	5822.000000	0	0	9	cluster_9	0.8871
6376	Spectrogram 1	1	5821.750000	5822.250000	0	0	22	cluster_22	0.8288
6377	Spectrogram 1	1	5822.000000	5823.250000	0	0	noise	cluster_noise	0.0000
6378	Spectrogram 1	1	5823.000000	5823.750000	0	0	22	cluster_22	0.7053
6379	Spectrogram 1	1	5823.500000	5826.000000	0	0	noise	cluster_noise	0.0000
6380	Spectrogram 1	1	5825.750000	5826.250000	0	0	5	cluster_5	0.7817
6381	Spectrogram 1	1	5826.000000	5826.500000	0	0	noise	cluster_noise	0.0000
6382	Spectrogram 1	1	5830.000000	5830.750000	0	0	5	cluster_5	0.7850
6383	Spectrogram 1	1	5830.500000	5831.250000	0	0	noise	cluster_noise	0.0000
6384	Spectrogram 1	1	5831.000000	5831.500000	0	0	22	cluster_22	0.7387
6385	Spectrogram 1	1	5831.250000	5832.000000	0	0	noise	cluster_noise	0.0000
6386	Spectrogram 1	1	5831.750000	5832.250000	0	0	21	cluster_21	0.7800
6387	Spectrogram 1	1	5832.000000	5832.750000	0	0	noise	cluster_noise	0.0000
6388	Spectrogram 1	1	5832.500000	5833.000000	0	0	15	cluster_15	0.9507
6389	Spectrogram 1	1	5832.750000	5833.500000	0	0	noise	cluster_noise	0.0000
6390	Spectrogram 1	1	5833.250000	5834.000000	0	0	22	cluster_22	0.8635
6391	Spectrogram 1	1	5833.750000	5836.000000	0	0	noise	cluster_noise	0.0000
6392	Spectrogram 1	1	5835.750000	5836.250000	0	0	5	cluster_5	0.7949
6393	Spectrogram 1	1	5836.000000	5836.750000	0	0	noise	cluster_noise	0.0000
6394	Spectrogram 1	1	5836.500000	5838.000000	0	0	22	cluster_22	0.7898
6395	Spectrogram 1	1	5837.750000	5839.500000	0	0	noise	cluster_noise	0.0000
6396	Spectrogram 1	1	5847.000000	5847.750000	0	0	22	cluster_22	0.8012
6397	Spectrogram 1	1	5847.500000	5851.250000	0	0	noise	cluster_noise	0.0000
6398	Spectrogram 1	1	5851.000000	5851.500000	0	0	22	cluster_22	0.6854
6399	Spectrogram 1	1	5851.250000	5851.750000	0	0	21	cluster_21	0.8824
6400	Spectrogram 1	1	5851.500000	5852.250000	0	0	noise	cluster_noise	0.0000
6401	Spectrogram 1	1	5852.000000	5853.000000	0	0	22	cluster_22	0.7671
6402	Spectrogram 1	1	5852.750000	5853.750000	0	0	noise	cluster_noise	0.0000
6403	Spectrogram 1	1	5853.500000	5854.000000	0	0	3	cluster_3	1.0000
6404	Spectrogram 1	1	5853.750000	5855.250000	0	0	5	cluster_5	0.8083
6405	Spectrogram 1	1	5855.000000	5855.750000	0	0	noise	cluster_noise	0.0000
6406	Spectrogram 1	1	5855.500000	5856.000000	0	0	21	cluster_21	0.7607
6407	Spectrogram 1	1	5855.750000	5856.250000	0	0	noise	cluster_noise	0.0000
6408	Spectrogram 1	1	5856.000000	5856.500000	0	0	22	cluster_22	0.6967
6409	Spectrogram 1	1	5865.000000	5867.000000	0	0	noise	cluster_noise	0.0000
6410	Spectrogram 1	1	5866.750000	5867.250000	0	0	21	cluster_21	0.7205
6411	Spectrogram 1	1	5867.000000	5867.750000	0	0	noise	cluster_noise	0.0000
6412	Spectrogram 1	1	5867.500000	5868.000000	0	0	22	cluster_22	0.8284
6413	Spectrogram 1	1	5867.750000	5868.750000	0	0	noise	cluster_noise	0.0000
6414	Spectrogram 1	1	5868.500000	5870.500000	0	0	5	cluster_5	0.8871
6415	Spectrogram 1	1	5871.000000	5883.750000	0	0	noise	cluster_noise	0.0000
6416	Spectrogram 1	1	5883.500000	5885.000000	0	0	5	cluster_5	0.8399
6417	Spectrogram 1	1	5884.750000	5894.500000	0	0	noise	cluster_noise	0.0000
6418	Spectrogram 1	1	5894.250000	5895.000000	0	0	9	cluster_9	0.9226
6419	Spectrogram 1	1	5894.750000	5895.250000	0	0	22	cluster_22	0.8445
6420	Spectrogram 1	1	5895.000000	5895.750000	0	0	noise	cluster_noise	0.0000
6421	Spectrogram 1	1	5895.500000	5896.500000	0	0	22	cluster_22	0.8106
6422	Spectrogram 1	1	5898.000000	5903.000000	0	0	noise	cluster_noise	0.0000
6423	Spectrogram 1	1	5902.750000	5903.500000	0	0	5	cluster_5	0.7198
6424	Spectrogram 1	1	5903.250000	5904.250000	0	0	noise	cluster_noise	0.0000
6425	Spectrogram 1	1	5904.000000	5904.500000	0	0	22	cluster_22	0.7587
6426	Spectrogram 1	1	5933.000000	5934.000000	0	0	noise	cluster_noise	0.0000
6427	Spectrogram 1	1	5933.750000	5934.250000	0	0	22	cluster_22	0.7644
6428	Spectrogram 1	1	5934.000000	5935.000000	0	0	noise	cluster_noise	0.0000
6429	Spectrogram 1	1	5934.750000	5935.250000	0	0	13	cluster_13	0.5921
6430	Spectrogram 1	1	5935.000000	5954.250000	0	0	noise	cluster_noise	0.0000
6431	Spectrogram 1	1	5954.000000	5954.500000	0	0	13	cluster_13	0.9383
6432	Spectrogram 1	1	5956.000000	5956.500000	0	0	22	cluster_22	0.7242
6433	Spectrogram 1	1	5956.250000	5957.250000	0	0	noise	cluster_noise	0.0000
6434	Spectrogram 1	1	5957.000000	5958.250000	0	0	4	cluster_4	0.7741
6435	Spectrogram 1	1	5958.000000	5958.750000	0	0	noise	cluster_noise	0.0000
6436	Spectrogram 1	1	5958.500000	5959.000000	0	0	22	cluster_22	0.7532
6437	Spectrogram 1	1	5958.750000	5969.750000	0	0	noise	cluster_noise	0.0000
6438	Spectrogram 1	1	5969.500000	5970.250000	0	0	13	cluster_13	0.5916
6439	Spectrogram 1	1	5970.000000	5970.500000	0	0	noise	cluster_noise	0.0000
6440	Spectrogram 1	1	5970.250000	5971.000000	0	0	17	cluster_17	0.9248
6441	Spectrogram 1	1	5970.750000	5971.250000	0	0	21	cluster_21	0.7727
6442	Spectrogram 1	1	5971.000000	5971.500000	0	0	22	cluster_22	0.6886
6443	Spectrogram 1	1	5971.250000	5972.500000	0	0	noise	cluster_noise	0.0000
6444	Spectrogram 1	1	5972.250000	5973.000000	0	0	3	cluster_3	0.9902
6445	Spectrogram 1	1	5972.750000	5974.250000	0	0	noise	cluster_noise	0.0000
6446	Spectrogram 1	1	5974.000000	5974.750000	0	0	21	cluster_21	0.7332
6447	Spectrogram 1	1	5974.500000	5976.000000	0	0	noise	cluster_noise	0.0000
6448	Spectrogram 1	1	5975.750000	5976.250000	0	0	3	cluster_3	1.0000
6449	Spectrogram 1	1	5976.000000	5977.750000	0	0	noise	cluster_noise	0.0000
6450	Spectrogram 1	1	5977.500000	5978.000000	0	0	21	cluster_21	0.7590
6451	Spectrogram 1	1	5977.750000	5978.750000	0	0	noise	cluster_noise	0.0000
6452	Spectrogram 1	1	5978.500000	5979.250000	0	0	3	cluster_3	1.0000
6453	Spectrogram 1	1	5979.000000	5980.750000	0	0	noise	cluster_noise	0.0000
6454	Spectrogram 1	1	5980.500000	5981.250000	0	0	13	cluster_13	0.6914
6455	Spectrogram 1	1	5981.000000	5981.500000	0	0	3	cluster_3	1.0000
6456	Spectrogram 1	1	5981.250000	5982.500000	0	0	noise	cluster_noise	0.0000
6457	Spectrogram 1	1	5985.000000	5986.250000	0	0	6	cluster_6	0.5818
6458	Spectrogram 1	1	5986.000000	5988.000000	0	0	noise	cluster_noise	0.0000
6459	Spectrogram 1	1	5987.750000	5989.500000	0	0	6	cluster_6	0.5351
6460	Spectrogram 1	1	5989.250000	5990.500000	0	0	noise	cluster_noise	0.0000
6461	Spectrogram 1	1	5990.250000	5992.000000	0	0	6	cluster_6	0.5642
6462	Spectrogram 1	1	5991.750000	5992.250000	0	0	noise	cluster_noise	0.0000
6463	Spectrogram 1	1	5992.000000	5994.000000	0	0	6	cluster_6	0.6324
6464	Spectrogram 1	1	5993.750000	5994.250000	0	0	noise	cluster_noise	0.0000
6465	Spectrogram 1	1	5994.000000	5994.500000	0	0	22	cluster_22	0.7252
6466	Spectrogram 1	1	5994.250000	5994.750000	0	0	21	cluster_21	0.7883
6467	Spectrogram 1	1	5994.500000	5995.000000	0	0	22	cluster_22	0.7683
6468	Spectrogram 1	1	5994.750000	5995.250000	0	0	noise	cluster_noise	0.0000
6469	Spectrogram 1	1	5995.000000	5995.500000	0	0	21	cluster_21	0.8585
6470	Spectrogram 1	1	5995.250000	5996.250000	0	0	3	cluster_3	1.0000
6471	Spectrogram 1	1	5996.000000	5996.500000	0	0	21	cluster_21	0.7721
6472	Spectrogram 1	1	5996.250000	5998.000000	0	0	noise	cluster_noise	0.0000
6473	Spectrogram 1	1	5997.750000	5998.250000	0	0	22	cluster_22	0.7265
6474	Spectrogram 1	1	5998.000000	5999.250000	0	0	3	cluster_3	1.0000
6475	Spectrogram 1	1	5999.000000	6000.750000	0	0	noise	cluster_noise	0.0000
6476	Spectrogram 1	1	6000.500000	6001.000000	0	0	22	cluster_22	0.6937
6477	Spectrogram 1	1	6000.750000	6001.250000	0	0	21	cluster_21	0.7183
6478	Spectrogram 1	1	6001.000000	6002.000000	0	0	3	cluster_3	0.9667
6479	Spectrogram 1	1	6001.750000	6002.250000	0	0	22	cluster_22	0.7018
6480	Spectrogram 1	1	6002.000000	6002.500000	0	0	3	cluster_3	1.0000
6481	Spectrogram 1	1	6003.000000	6003.500000	0	0	21	cluster_21	0.8348
6482	Spectrogram 1	1	6003.250000	6003.750000	0	0	noise	cluster_noise	0.0000
6483	Spectrogram 1	1	6003.500000	6004.250000	0	0	3	cluster_3	1.0000
6484	Spectrogram 1	1	6004.000000	6004.500000	0	0	noise	cluster_noise	0.0000
6485	Spectrogram 1	1	6004.250000	6005.000000	0	0	21	cluster_21	0.7301
6486	Spectrogram 1	1	6004.750000	6005.750000	0	0	noise	cluster_noise	0.0000
6487	Spectrogram 1	1	6005.500000	6006.500000	0	0	6	cluster_6	0.5644
6488	Spectrogram 1	1	6006.250000	6006.750000	0	0	noise	cluster_noise	0.0000
6489	Spectrogram 1	1	6006.500000	6007.000000	0	0	21	cluster_21	0.9029
6490	Spectrogram 1	1	6006.750000	6007.250000	0	0	22	cluster_22	0.8135
6491	Spectrogram 1	1	6007.000000	6007.500000	0	0	noise	cluster_noise	0.0000
6492	Spectrogram 1	1	6007.250000	6007.750000	0	0	22	cluster_22	0.7338
6493	Spectrogram 1	1	6007.500000	6008.000000	0	0	noise	cluster_noise	0.0000
6494	Spectrogram 1	1	6007.750000	6009.750000	0	0	6	cluster_6	0.6195
6495	Spectrogram 1	1	6009.500000	6010.750000	0	0	noise	cluster_noise	0.0000
6496	Spectrogram 1	1	6010.500000	6013.000000	0	0	6	cluster_6	0.7740
6497	Spectrogram 1	1	6012.750000	6013.500000	0	0	noise	cluster_noise	0.0000
6498	Spectrogram 1	1	6013.250000	6016.750000	0	0	6	cluster_6	0.8428
6499	Spectrogram 1	1	6016.500000	6017.000000	0	0	noise	cluster_noise	0.0000
6500	Spectrogram 1	1	6016.750000	6017.250000	0	0	21	cluster_21	0.7171
6501	Spectrogram 1	1	6017.000000	6017.750000	0	0	22	cluster_22	0.7121
6502	Spectrogram 1	1	6017.500000	6018.000000	0	0	noise	cluster_noise	0.0000
6503	Spectrogram 1	1	6017.750000	6018.500000	0	0	3	cluster_3	1.0000
6504	Spectrogram 1	1	6020.000000	6020.500000	0	0	noise	cluster_noise	0.0000
6505	Spectrogram 1	1	6020.250000	6020.750000	0	0	5	cluster_5	0.8028
6506	Spectrogram 1	1	6020.500000	6021.000000	0	0	noise	cluster_noise	0.0000
6507	Spectrogram 1	1	6020.750000	6022.500000	0	0	3	cluster_3	1.0000
6508	Spectrogram 1	1	6022.250000	6023.750000	0	0	noise	cluster_noise	0.0000
6509	Spectrogram 1	1	6023.500000	6025.250000	0	0	3	cluster_3	0.9852
6510	Spectrogram 1	1	6025.000000	6027.000000	0	0	noise	cluster_noise	0.0000
6511	Spectrogram 1	1	6026.750000	6028.500000	0	0	3	cluster_3	0.9932
6512	Spectrogram 1	1	6028.250000	6029.250000	0	0	noise	cluster_noise	0.0000
6513	Spectrogram 1	1	6029.000000	6029.500000	0	0	22	cluster_22	0.6879
6514	Spectrogram 1	1	6029.250000	6030.000000	0	0	21	cluster_21	0.9106
6515	Spectrogram 1	1	6029.750000	6031.000000	0	0	3	cluster_3	1.0000
6516	Spectrogram 1	1	6030.750000	6031.250000	0	0	2	cluster_2	0.7034
6517	Spectrogram 1	1	6031.000000	6031.750000	0	0	noise	cluster_noise	0.0000
6518	Spectrogram 1	1	6031.500000	6032.500000	0	0	22	cluster_22	0.7215
6519	Spectrogram 1	1	6033.000000	6034.000000	0	0	3	cluster_3	0.9492
6520	Spectrogram 1	1	6033.750000	6034.750000	0	0	noise	cluster_noise	0.0000
6521	Spectrogram 1	1	6034.500000	6035.000000	0	0	21	cluster_21	0.7185
6522	Spectrogram 1	1	6034.750000	6035.500000	0	0	noise	cluster_noise	0.0000
6523	Spectrogram 1	1	6035.250000	6036.500000	0	0	3	cluster_3	0.9735
6524	Spectrogram 1	1	6036.250000	6037.000000	0	0	2	cluster_2	0.9703
6525	Spectrogram 1	1	6036.750000	6037.500000	0	0	noise	cluster_noise	0.0000
6526	Spectrogram 1	1	6037.250000	6037.750000	0	0	21	cluster_21	0.8738
6527	Spectrogram 1	1	6037.500000	6038.250000	0	0	22	cluster_22	0.7639
6528	Spectrogram 1	1	6038.000000	6038.500000	0	0	21	cluster_21	0.8005
6529	Spectrogram 1	1	6038.250000	6040.000000	0	0	3	cluster_3	0.9944
6530	Spectrogram 1	1	6039.750000	6040.750000	0	0	21	cluster_21	0.8732
6531	Spectrogram 1	1	6040.500000	6041.750000	0	0	noise	cluster_noise	0.0000
6532	Spectrogram 1	1	6041.500000	6042.750000	0	0	3	cluster_3	0.9625
6533	Spectrogram 1	1	6042.500000	6043.000000	0	0	0	cluster_0	1.0000
6534	Spectrogram 1	1	6042.750000	6113.500000	0	0	noise	cluster_noise	0.0000
6535	Spectrogram 1	1	6113.250000	6116.000000	0	0	5	cluster_5	0.9961
6536	Spectrogram 1	1	6115.750000	6116.250000	0	0	noise	cluster_noise	0.0000
6537	Spectrogram 1	1	6116.000000	6116.500000	0	0	22	cluster_22	0.7081
6538	Spectrogram 1	1	6116.250000	6117.500000	0	0	noise	cluster_noise	0.0000
6539	Spectrogram 1	1	6127.000000	6129.000000	0	0	5	cluster_5	1.0000
6540	Spectrogram 1	1	6128.750000	6130.250000	0	0	noise	cluster_noise	0.0000
6541	Spectrogram 1	1	6130.000000	6130.500000	0	0	21	cluster_21	0.7426
6542	Spectrogram 1	1	6130.250000	6132.500000	0	0	3	cluster_3	1.0000
6543	Spectrogram 1	1	6142.000000	6142.500000	0	0	5	cluster_5	1.0000
6544	Spectrogram 1	1	6142.250000	6143.000000	0	0	noise	cluster_noise	0.0000
6545	Spectrogram 1	1	6142.750000	6143.250000	0	0	21	cluster_21	0.8410
6546	Spectrogram 1	1	6143.000000	6143.500000	0	0	noise	cluster_noise	0.0000
6547	Spectrogram 1	1	6143.250000	6145.000000	0	0	3	cluster_3	1.0000
6548	Spectrogram 1	1	6144.750000	6145.250000	0	0	21	cluster_21	0.8087
6549	Spectrogram 1	1	6145.000000	6145.500000	0	0	5	cluster_5	0.9364
6550	Spectrogram 1	1	6145.250000	6145.750000	0	0	noise	cluster_noise	0.0000
6551	Spectrogram 1	1	6145.500000	6146.000000	0	0	21	cluster_21	0.9017
6552	Spectrogram 1	1	6145.750000	6146.500000	0	0	noise	cluster_noise	0.0000
6553	Spectrogram 1	1	6146.250000	6146.750000	0	0	21	cluster_21	0.8393
6554	Spectrogram 1	1	6146.500000	6147.000000	0	0	5	cluster_5	1.0000
6555	Spectrogram 1	1	6146.750000	6147.250000	0	0	noise	cluster_noise	0.0000
6556	Spectrogram 1	1	6147.000000	6147.500000	0	0	2	cluster_2	1.0000
6557	Spectrogram 1	1	6153.000000	6155.500000	0	0	5	cluster_5	0.9753
6558	Spectrogram 1	1	6155.250000	6155.750000	0	0	noise	cluster_noise	0.0000
6559	Spectrogram 1	1	6155.500000	6156.250000	0	0	21	cluster_21	0.7218
6560	Spectrogram 1	1	6156.000000	6158.000000	0	0	3	cluster_3	0.9743
6561	Spectrogram 1	1	6157.750000	6158.500000	0	0	0	cluster_0	1.0000
6562	Spectrogram 1	1	6158.250000	6158.750000	0	0	noise	cluster_noise	0.0000
6563	Spectrogram 1	1	6158.500000	6159.250000	0	0	21	cluster_21	0.7437
6564	Spectrogram 1	1	6159.000000	6159.750000	0	0	noise	cluster_noise	0.0000
6565	Spectrogram 1	1	6159.500000	6160.000000	0	0	5	cluster_5	1.0000
6566	Spectrogram 1	1	6159.750000	6160.250000	0	0	noise	cluster_noise	0.0000
6567	Spectrogram 1	1	6160.000000	6161.750000	0	0	2	cluster_2	0.9938
6568	Spectrogram 1	1	6161.500000	6162.750000	0	0	noise	cluster_noise	0.0000
6569	Spectrogram 1	1	6162.500000	6163.500000	0	0	21	cluster_21	0.9347
6570	Spectrogram 1	1	6166.000000	6166.750000	0	0	noise	cluster_noise	0.0000
6571	Spectrogram 1	1	6166.500000	6168.500000	0	0	3	cluster_3	0.9730
6572	Spectrogram 1	1	6168.250000	6168.750000	0	0	0	cluster_0	1.0000
6573	Spectrogram 1	1	6168.500000	6169.500000	0	0	noise	cluster_noise	0.0000
6574	Spectrogram 1	1	6169.250000	6170.250000	0	0	21	cluster_21	0.8621
6575	Spectrogram 1	1	6170.000000	6170.500000	0	0	noise	cluster_noise	0.0000
6576	Spectrogram 1	1	6170.250000	6171.250000	0	0	5	cluster_5	0.9853
6577	Spectrogram 1	1	6171.000000	6172.750000	0	0	2	cluster_2	1.0000
6578	Spectrogram 1	1	6172.500000	6173.000000	0	0	0	cluster_0	0.8125
6579	Spectrogram 1	1	6172.750000	6173.250000	0	0	21	cluster_21	0.8317
6580	Spectrogram 1	1	6173.000000	6173.500000	0	0	noise	cluster_noise	0.0000
6581	Spectrogram 1	1	6173.250000	6174.250000	0	0	21	cluster_21	0.7759
6582	Spectrogram 1	1	6174.000000	6174.500000	0	0	noise	cluster_noise	0.0000
6583	Spectrogram 1	1	6174.250000	6174.750000	0	0	9	cluster_9	0.9952
6584	Spectrogram 1	1	6174.500000	6177.000000	0	0	5	cluster_5	0.9800
6585	Spectrogram 1	1	6176.750000	6177.250000	0	0	noise	cluster_noise	0.0000
6586	Spectrogram 1	1	6177.000000	6177.500000	0	0	3	cluster_3	0.9569
6587	Spectrogram 1	1	6179.000000	6179.500000	0	0	noise	cluster_noise	0.0000
6588	Spectrogram 1	1	6179.250000	6180.750000	0	0	21	cluster_21	0.8805
6589	Spectrogram 1	1	6180.500000	6181.750000	0	0	noise	cluster_noise	0.0000
6590	Spectrogram 1	1	6181.500000	6182.750000	0	0	14	cluster_14	0.8065
6591	Spectrogram 1	1	6182.500000	6183.000000	0	0	noise	cluster_noise	0.0000
6592	Spectrogram 1	1	6182.750000	6183.500000	0	0	5	cluster_5	1.0000
6593	Spectrogram 1	1	6183.250000	6184.250000	0	0	noise	cluster_noise	0.0000
6594	Spectrogram 1	1	6184.000000	6184.500000	0	0	21	cluster_21	0.7744
6595	Spectrogram 1	1	6184.250000	6185.000000	0	0	noise	cluster_noise	0.0000
6596	Spectrogram 1	1	6184.750000	6185.250000	0	0	21	cluster_21	0.7492
6597	Spectrogram 1	1	6185.000000	6185.750000	0	0	noise	cluster_noise	0.0000
6598	Spectrogram 1	1	6185.500000	6186.000000	0	0	9	cluster_9	0.8007
6599	Spectrogram 1	1	6185.750000	6188.250000	0	0	5	cluster_5	0.9548
6600	Spectrogram 1	1	6188.000000	6188.500000	0	0	noise	cluster_noise	0.0000
6601	Spectrogram 1	1	6188.250000	6189.750000	0	0	3	cluster_3	0.9780
6602	Spectrogram 1	1	6189.500000	6190.000000	0	0	0	cluster_0	1.0000
6603	Spectrogram 1	1	6189.750000	6190.250000	0	0	21	cluster_21	0.9059
6604	Spectrogram 1	1	6190.000000	6193.500000	0	0	noise	cluster_noise	0.0000
6605	Spectrogram 1	1	6193.250000	6193.750000	0	0	16	cluster_16	0.2978
6606	Spectrogram 1	1	6193.500000	6194.000000	0	0	14	cluster_14	0.8754
6607	Spectrogram 1	1	6193.750000	6194.250000	0	0	noise	cluster_noise	0.0000
6608	Spectrogram 1	1	6194.000000	6194.500000	0	0	5	cluster_5	0.9121
6609	Spectrogram 1	1	6194.250000	6195.500000	0	0	noise	cluster_noise	0.0000
6610	Spectrogram 1	1	6195.250000	6195.750000	0	0	21	cluster_21	0.7260
6611	Spectrogram 1	1	6195.500000	6197.000000	0	0	noise	cluster_noise	0.0000
6612	Spectrogram 1	1	6196.750000	6199.250000	0	0	5	cluster_5	1.0000
6613	Spectrogram 1	1	6199.000000	6199.500000	0	0	noise	cluster_noise	0.0000
6614	Spectrogram 1	1	6199.250000	6199.750000	0	0	3	cluster_3	1.0000
6615	Spectrogram 1	1	6199.500000	6200.500000	0	0	noise	cluster_noise	0.0000
6616	Spectrogram 1	1	6200.250000	6200.750000	0	0	3	cluster_3	0.9188
6617	Spectrogram 1	1	6200.500000	6201.000000	0	0	noise	cluster_noise	0.0000
6618	Spectrogram 1	1	6200.750000	6201.500000	0	0	21	cluster_21	0.8536
6619	Spectrogram 1	1	6201.250000	6203.000000	0	0	noise	cluster_noise	0.0000
6620	Spectrogram 1	1	6202.750000	6203.500000	0	0	21	cluster_21	0.8724
6621	Spectrogram 1	1	6203.250000	6208.000000	0	0	noise	cluster_noise	0.0000
6622	Spectrogram 1	1	6207.750000	6208.250000	0	0	9	cluster_9	0.7810
6623	Spectrogram 1	1	6208.000000	6208.500000	0	0	noise	cluster_noise	0.0000
6624	Spectrogram 1	1	6208.250000	6211.000000	0	0	5	cluster_5	0.9395
6625	Spectrogram 1	1	6210.750000	6212.000000	0	0	3	cluster_3	0.9563
6626	Spectrogram 1	1	6211.750000	6212.250000	0	0	noise	cluster_noise	0.0000
6627	Spectrogram 1	1	6212.000000	6212.500000	0	0	0	cluster_0	1.0000
6628	Spectrogram 1	1	6212.250000	6212.750000	0	0	noise	cluster_noise	0.0000
6629	Spectrogram 1	1	6212.500000	6213.250000	0	0	21	cluster_21	0.9053
6630	Spectrogram 1	1	6213.000000	6214.250000	0	0	noise	cluster_noise	0.0000
6631	Spectrogram 1	1	6214.000000	6215.000000	0	0	21	cluster_21	0.8633
6632	Spectrogram 1	1	6214.750000	6215.250000	0	0	noise	cluster_noise	0.0000
6633	Spectrogram 1	1	6215.000000	6216.750000	0	0	14	cluster_14	0.6907
6634	Spectrogram 1	1	6216.500000	6217.000000	0	0	noise	cluster_noise	0.0000
6635	Spectrogram 1	1	6216.750000	6217.250000	0	0	9	cluster_9	0.9190
6636	Spectrogram 1	1	6217.000000	6219.500000	0	0	noise	cluster_noise	0.0000
6637	Spectrogram 1	1	6219.250000	6221.750000	0	0	5	cluster_5	0.9909
6638	Spectrogram 1	1	6221.500000	6222.000000	0	0	0	cluster_0	0.9191
6639	Spectrogram 1	1	6221.750000	6223.000000	0	0	3	cluster_3	0.9855
6640	Spectrogram 1	1	6222.750000	6223.750000	0	0	0	cluster_0	1.0000
6641	Spectrogram 1	1	6223.500000	6224.250000	0	0	noise	cluster_noise	0.0000
6642	Spectrogram 1	1	6224.000000	6224.500000	0	0	0	cluster_0	1.0000
6643	Spectrogram 1	1	6224.250000	6225.500000	0	0	noise	cluster_noise	0.0000
6644	Spectrogram 1	1	6225.250000	6225.750000	0	0	0	cluster_0	1.0000
6645	Spectrogram 1	1	6225.500000	6226.000000	0	0	noise	cluster_noise	0.0000
6646	Spectrogram 1	1	6225.750000	6227.500000	0	0	14	cluster_14	0.7907
6647	Spectrogram 1	1	6227.250000	6228.500000	0	0	noise	cluster_noise	0.0000
6648	Spectrogram 1	1	6230.000000	6230.500000	0	0	3	cluster_3	1.0000
6649	Spectrogram 1	1	6230.250000	6232.500000	0	0	5	cluster_5	0.9969
6650	Spectrogram 1	1	6232.250000	6233.000000	0	0	noise	cluster_noise	0.0000
6651	Spectrogram 1	1	6232.750000	6234.000000	0	0	3	cluster_3	0.9798
6652	Spectrogram 1	1	6233.750000	6234.750000	0	0	noise	cluster_noise	0.0000
6653	Spectrogram 1	1	6234.500000	6235.000000	0	0	21	cluster_21	0.8325
6654	Spectrogram 1	1	6234.750000	6235.250000	0	0	0	cluster_0	1.0000
6655	Spectrogram 1	1	6235.000000	6235.500000	0	0	noise	cluster_noise	0.0000
6656	Spectrogram 1	1	6235.250000	6235.750000	0	0	21	cluster_21	0.8992
6657	Spectrogram 1	1	6235.500000	6236.250000	0	0	noise	cluster_noise	0.0000
6658	Spectrogram 1	1	6236.000000	6236.500000	0	0	0	cluster_0	1.0000
6659	Spectrogram 1	1	6236.250000	6237.250000	0	0	noise	cluster_noise	0.0000
6660	Spectrogram 1	1	6237.000000	6238.500000	0	0	14	cluster_14	0.7358
6661	Spectrogram 1	1	6238.250000	6239.500000	0	0	noise	cluster_noise	0.0000
6662	Spectrogram 1	1	6241.000000	6243.250000	0	0	5	cluster_5	1.0000
6663	Spectrogram 1	1	6243.000000	6243.750000	0	0	noise	cluster_noise	0.0000
6664	Spectrogram 1	1	6243.500000	6245.000000	0	0	3	cluster_3	1.0000
6665	Spectrogram 1	1	6244.750000	6245.500000	0	0	noise	cluster_noise	0.0000
6666	Spectrogram 1	1	6245.250000	6246.250000	0	0	21	cluster_21	0.9214
6667	Spectrogram 1	1	6246.000000	6246.500000	0	0	noise	cluster_noise	0.0000
6668	Spectrogram 1	1	6246.250000	6246.750000	0	0	21	cluster_21	0.7915
6669	Spectrogram 1	1	6246.500000	6247.250000	0	0	noise	cluster_noise	0.0000
6670	Spectrogram 1	1	6247.000000	6247.750000	0	0	0	cluster_0	1.0000
6671	Spectrogram 1	1	6247.500000	6248.250000	0	0	noise	cluster_noise	0.0000
6672	Spectrogram 1	1	6248.000000	6249.750000	0	0	14	cluster_14	0.8387
6673	Spectrogram 1	1	6249.500000	6250.000000	0	0	noise	cluster_noise	0.0000
6674	Spectrogram 1	1	6249.750000	6250.500000	0	0	0	cluster_0	1.0000
6675	Spectrogram 1	1	6252.000000	6254.750000	0	0	5	cluster_5	0.9775
6676	Spectrogram 1	1	6254.500000	6255.000000	0	0	noise	cluster_noise	0.0000
6677	Spectrogram 1	1	6254.750000	6256.000000	0	0	3	cluster_3	0.9187
6678	Spectrogram 1	1	6255.750000	6256.250000	0	0	noise	cluster_noise	0.0000
6679	Spectrogram 1	1	6256.000000	6257.500000	0	0	0	cluster_0	1.0000
6680	Spectrogram 1	1	6257.250000	6258.000000	0	0	noise	cluster_noise	0.0000
6681	Spectrogram 1	1	6257.750000	6258.500000	0	0	0	cluster_0	1.0000
6682	Spectrogram 1	1	6258.250000	6258.750000	0	0	noise	cluster_noise	0.0000
6683	Spectrogram 1	1	6258.500000	6259.000000	0	0	0	cluster_0	0.8718
6684	Spectrogram 1	1	6258.750000	6259.250000	0	0	noise	cluster_noise	0.0000
6685	Spectrogram 1	1	6259.000000	6260.750000	0	0	14	cluster_14	0.7392
6686	Spectrogram 1	1	6260.500000	6261.000000	0	0	noise	cluster_noise	0.0000
6687	Spectrogram 1	1	6260.750000	6261.250000	0	0	0	cluster_0	1.0000
6688	Spectrogram 1	1	6261.000000	6261.500000	0	0	noise	cluster_noise	0.0000
6689	Spectrogram 1	1	6261.250000	6262.000000	0	0	0	cluster_0	1.0000
6690	Spectrogram 1	1	6261.750000	6262.250000	0	0	noise	cluster_noise	0.0000
6691	Spectrogram 1	1	6262.000000	6262.500000	0	0	0	cluster_0	1.0000
6692	Spectrogram 1	1	6263.000000	6265.750000	0	0	5	cluster_5	0.9987
6693	Spectrogram 1	1	6265.500000	6266.000000	0	0	0	cluster_0	1.0000
6694	Spectrogram 1	1	6265.750000	6267.000000	0	0	3	cluster_3	0.9637
6695	Spectrogram 1	1	6266.750000	6267.250000	0	0	noise	cluster_noise	0.0000
6696	Spectrogram 1	1	6267.000000	6268.250000	0	0	0	cluster_0	1.0000
6697	Spectrogram 1	1	6268.000000	6268.500000	0	0	noise	cluster_noise	0.0000
6698	Spectrogram 1	1	6268.250000	6270.000000	0	0	0	cluster_0	0.9958
6699	Spectrogram 1	1	6269.750000	6270.250000	0	0	noise	cluster_noise	0.0000
6700	Spectrogram 1	1	6270.000000	6272.000000	0	0	14	cluster_14	0.8669
6701	Spectrogram 1	1	6271.750000	6273.000000	0	0	noise	cluster_noise	0.0000
6702	Spectrogram 1	1	6272.750000	6273.500000	0	0	0	cluster_0	1.0000
6703	Spectrogram 1	1	6275.000000	6276.750000	0	0	5	cluster_5	1.0000
6704	Spectrogram 1	1	6276.500000	6277.000000	0	0	noise	cluster_noise	0.0000
6705	Spectrogram 1	1	6276.750000	6278.000000	0	0	3	cluster_3	0.9666
6706	Spectrogram 1	1	6277.750000	6279.750000	0	0	0	cluster_0	1.0000
6707	Spectrogram 1	1	6279.500000	6280.500000	0	0	noise	cluster_noise	0.0000
6708	Spectrogram 1	1	6280.250000	6281.000000	0	0	0	cluster_0	1.0000
6709	Spectrogram 1	1	6280.750000	6281.250000	0	0	noise	cluster_noise	0.0000
6710	Spectrogram 1	1	6281.000000	6282.750000	0	0	14	cluster_14	0.9622
6711	Spectrogram 1	1	6282.500000	6283.000000	0	0	noise	cluster_noise	0.0000
6712	Spectrogram 1	1	6282.750000	6283.250000	0	0	5	cluster_5	0.8504
6713	Spectrogram 1	1	6283.000000	6283.500000	0	0	noise	cluster_noise	0.0000
6714	Spectrogram 1	1	6283.250000	6284.000000	0	0	0	cluster_0	1.0000
6715	Spectrogram 1	1	6283.750000	6284.250000	0	0	noise	cluster_noise	0.0000
6716	Spectrogram 1	1	6284.000000	6284.500000	0	0	0	cluster_0	1.0000
6717	Spectrogram 1	1	6286.000000	6287.750000	0	0	5	cluster_5	0.9668
6718	Spectrogram 1	1	6287.500000	6288.000000	0	0	noise	cluster_noise	0.0000
6719	Spectrogram 1	1	6287.750000	6288.750000	0	0	3	cluster_3	0.9848
6720	Spectrogram 1	1	6288.500000	6289.250000	0	0	noise	cluster_noise	0.0000
6721	Spectrogram 1	1	6289.000000	6290.000000	0	0	0	cluster_0	1.0000
6722	Spectrogram 1	1	6289.750000	6290.500000	0	0	noise	cluster_noise	0.0000
6723	Spectrogram 1	1	6290.250000	6290.750000	0	0	0	cluster_0	1.0000
6724	Spectrogram 1	1	6290.500000	6291.000000	0	0	noise	cluster_noise	0.0000
6725	Spectrogram 1	1	6290.750000	6291.250000	0	0	0	cluster_0	1.0000
6726	Spectrogram 1	1	6291.000000	6291.750000	0	0	noise	cluster_noise	0.0000
6727	Spectrogram 1	1	6291.500000	6292.000000	0	0	0	cluster_0	1.0000
6728	Spectrogram 1	1	6291.750000	6292.250000	0	0	noise	cluster_noise	0.0000
6729	Spectrogram 1	1	6292.000000	6294.000000	0	0	14	cluster_14	0.8670
6730	Spectrogram 1	1	6293.750000	6294.250000	0	0	noise	cluster_noise	0.0000
6731	Spectrogram 1	1	6294.000000	6294.750000	0	0	0	cluster_0	1.0000
6732	Spectrogram 1	1	6294.500000	6295.000000	0	0	noise	cluster_noise	0.0000
6733	Spectrogram 1	1	6294.750000	6295.750000	0	0	0	cluster_0	0.9694
6734	Spectrogram 1	1	6295.500000	6296.000000	0	0	noise	cluster_noise	0.0000
6735	Spectrogram 1	1	6295.750000	6296.250000	0	0	0	cluster_0	1.0000
6736	Spectrogram 1	1	6296.000000	6298.750000	0	0	5	cluster_5	0.9819
6737	Spectrogram 1	1	6298.500000	6299.000000	0	0	0	cluster_0	0.9714
6738	Spectrogram 1	1	6298.750000	6301.000000	0	0	noise	cluster_noise	0.0000
6739	Spectrogram 1	1	6300.750000	6301.250000	0	0	0	cluster_0	1.0000
6740	Spectrogram 1	1	6301.000000	6301.500000	0	0	noise	cluster_noise	0.0000
6741	Spectrogram 1	1	6301.250000	6301.750000	0	0	0	cluster_0	1.0000
6742	Spectrogram 1	1	6301.500000	6303.000000	0	0	noise	cluster_noise	0.0000
6743	Spectrogram 1	1	6302.750000	6303.500000	0	0	0	cluster_0	1.0000
6744	Spectrogram 1	1	6303.250000	6304.250000	0	0	noise	cluster_noise	0.0000
6745	Spectrogram 1	1	6304.000000	6305.250000	0	0	0	cluster_0	1.0000
6746	Spectrogram 1	1	6305.000000	6305.500000	0	0	noise	cluster_noise	0.0000
6747	Spectrogram 1	1	6305.250000	6305.750000	0	0	18	cluster_18	1.0000
6748	Spectrogram 1	1	6305.500000	6306.000000	0	0	noise	cluster_noise	0.0000
6749	Spectrogram 1	1	6305.750000	6306.500000	0	0	0	cluster_0	1.0000
6750	Spectrogram 1	1	6308.000000	6310.000000	0	0	5	cluster_5	0.9929
6751	Spectrogram 1	1	6309.750000	6310.250000	0	0	noise	cluster_noise	0.0000
6752	Spectrogram 1	1	6310.000000	6311.500000	0	0	0	cluster_0	1.0000
6753	Spectrogram 1	1	6311.250000	6312.750000	0	0	5	cluster_5	1.0000
6754	Spectrogram 1	1	6312.500000	6313.750000	0	0	0	cluster_0	1.0000
6755	Spectrogram 1	1	6313.500000	6314.750000	0	0	noise	cluster_noise	0.0000
6756	Spectrogram 1	1	6314.500000	6316.000000	0	0	0	cluster_0	1.0000
6757	Spectrogram 1	1	6315.750000	6316.500000	0	0	noise	cluster_noise	0.0000
6758	Spectrogram 1	1	6316.250000	6316.750000	0	0	17	cluster_17	0.9247
6759	Spectrogram 1	1	6316.500000	6317.500000	0	0	0	cluster_0	1.0000
6760	Spectrogram 1	1	6319.000000	6319.500000	0	0	noise	cluster_noise	0.0000
6761	Spectrogram 1	1	6319.250000	6319.750000	0	0	18	cluster_18	1.0000
6762	Spectrogram 1	1	6319.500000	6320.000000	0	0	noise	cluster_noise	0.0000
6763	Spectrogram 1	1	6319.750000	6320.250000	0	0	0	cluster_0	1.0000
6764	Spectrogram 1	1	6320.000000	6320.750000	0	0	noise	cluster_noise	0.0000
6765	Spectrogram 1	1	6320.500000	6321.000000	0	0	0	cluster_0	0.8239
6766	Spectrogram 1	1	6320.750000	6321.250000	0	0	noise	cluster_noise	0.0000
6767	Spectrogram 1	1	6321.000000	6321.500000	0	0	0	cluster_0	1.0000
6768	Spectrogram 1	1	6321.250000	6321.750000	0	0	noise	cluster_noise	0.0000
6769	Spectrogram 1	1	6321.500000	6324.500000	0	0	5	cluster_5	0.9968
6770	Spectrogram 1	1	6324.250000	6325.250000	0	0	0	cluster_0	1.0000
6771	Spectrogram 1	1	6325.000000	6325.500000	0	0	noise	cluster_noise	0.0000
6772	Spectrogram 1	1	6325.250000	6325.750000	0	0	0	cluster_0	1.0000
6773	Spectrogram 1	1	6325.500000	6326.000000	0	0	9	cluster_9	0.7377
6774	Spectrogram 1	1	6325.750000	6328.000000	0	0	5	cluster_5	1.0000
6775	Spectrogram 1	1	6327.750000	6328.500000	0	0	0	cluster_0	1.0000
6776	Spectrogram 1	1	6328.250000	6329.250000	0	0	noise	cluster_noise	0.0000
6777	Spectrogram 1	1	6329.000000	6330.500000	0	0	0	cluster_0	1.0000
6778	Spectrogram 1	1	6330.250000	6331.250000	0	0	noise	cluster_noise	0.0000
6779	Spectrogram 1	1	6331.000000	6332.500000	0	0	0	cluster_0	1.0000
6780	Spectrogram 1	1	6332.250000	6332.750000	0	0	noise	cluster_noise	0.0000
6781	Spectrogram 1	1	6332.500000	6333.000000	0	0	18	cluster_18	0.7429
6782	Spectrogram 1	1	6332.750000	6333.250000	0	0	noise	cluster_noise	0.0000
6783	Spectrogram 1	1	6333.000000	6334.000000	0	0	0	cluster_0	1.0000
6784	Spectrogram 1	1	6333.750000	6334.750000	0	0	noise	cluster_noise	0.0000
6785	Spectrogram 1	1	6334.500000	6335.000000	0	0	5	cluster_5	0.7082
6786	Spectrogram 1	1	6334.750000	6336.500000	0	0	0	cluster_0	0.9996
6787	Spectrogram 1	1	6336.250000	6336.750000	0	0	9	cluster_9	0.7566
6788	Spectrogram 1	1	6336.500000	6338.750000	0	0	5	cluster_5	1.0000
6789	Spectrogram 1	1	6338.500000	6339.250000	0	0	noise	cluster_noise	0.0000
6790	Spectrogram 1	1	6339.000000	6339.500000	0	0	5	cluster_5	1.0000
6791	Spectrogram 1	1	6339.250000	6340.500000	0	0	0	cluster_0	1.0000
6792	Spectrogram 1	1	6341.000000	6342.500000	0	0	5	cluster_5	0.9613
6793	Spectrogram 1	1	6342.250000	6342.750000	0	0	noise	cluster_noise	0.0000
6794	Spectrogram 1	1	6342.500000	6343.250000	0	0	0	cluster_0	1.0000
6795	Spectrogram 1	1	6343.000000	6343.750000	0	0	noise	cluster_noise	0.0000
6796	Spectrogram 1	1	6343.500000	6344.000000	0	0	10	cluster_10	0.5961
6797	Spectrogram 1	1	6343.750000	6345.250000	0	0	0	cluster_0	1.0000
6798	Spectrogram 1	1	6345.000000	6346.000000	0	0	noise	cluster_noise	0.0000
6799	Spectrogram 1	1	6345.750000	6346.750000	0	0	0	cluster_0	1.0000
6800	Spectrogram 1	1	6346.500000	6347.750000	0	0	noise	cluster_noise	0.0000
6801	Spectrogram 1	1	6347.500000	6348.500000	0	0	0	cluster_0	0.9841
6802	Spectrogram 1	1	6348.250000	6349.000000	0	0	noise	cluster_noise	0.0000
6803	Spectrogram 1	1	6348.750000	6349.250000	0	0	10	cluster_10	0.6038
6804	Spectrogram 1	1	6349.000000	6350.750000	0	0	0	cluster_0	1.0000
6805	Spectrogram 1	1	6350.500000	6351.000000	0	0	noise	cluster_noise	0.0000
6806	Spectrogram 1	1	6350.750000	6353.750000	0	0	5	cluster_5	0.8964
6807	Spectrogram 1	1	6353.500000	6356.500000	0	0	0	cluster_0	1.0000
6808	Spectrogram 1	1	6356.250000	6357.000000	0	0	8	cluster_8	0.5980
6809	Spectrogram 1	1	6356.750000	6359.250000	0	0	0	cluster_0	0.9853
6810	Spectrogram 1	1	6359.000000	6359.500000	0	0	noise	cluster_noise	0.0000
6811	Spectrogram 1	1	6359.250000	6359.750000	0	0	0	cluster_0	1.0000
6812	Spectrogram 1	1	6359.500000	6360.000000	0	0	3	cluster_3	0.8297
6813	Spectrogram 1	1	6359.750000	6360.750000	0	0	noise	cluster_noise	0.0000
6814	Spectrogram 1	1	6360.500000	6361.250000	0	0	3	cluster_3	0.9050
6815	Spectrogram 1	1	6361.000000	6362.250000	0	0	0	cluster_0	1.0000
6816	Spectrogram 1	1	6362.000000	6362.500000	0	0	noise	cluster_noise	0.0000
6817	Spectrogram 1	1	6362.250000	6363.000000	0	0	0	cluster_0	1.0000
6818	Spectrogram 1	1	6362.750000	6365.250000	0	0	5	cluster_5	0.9772
6819	Spectrogram 1	1	6365.000000	6365.500000	0	0	noise	cluster_noise	0.0000
6820	Spectrogram 1	1	6365.250000	6369.500000	0	0	0	cluster_0	1.0000
6821	Spectrogram 1	1	6369.250000	6369.750000	0	0	noise	cluster_noise	0.0000
6822	Spectrogram 1	1	6369.500000	6370.000000	0	0	0	cluster_0	0.8375
6823	Spectrogram 1	1	6369.750000	6373.250000	0	0	3	cluster_3	0.9878
6824	Spectrogram 1	1	6373.000000	6375.000000	0	0	0	cluster_0	1.0000
6825	Spectrogram 1	1	6374.750000	6375.250000	0	0	noise	cluster_noise	0.0000
6826	Spectrogram 1	1	6375.000000	6377.000000	0	0	5	cluster_5	0.9777
6827	Spectrogram 1	1	6376.750000	6377.750000	0	0	noise	cluster_noise	0.0000
6828	Spectrogram 1	1	6377.500000	6380.000000	0	0	0	cluster_0	1.0000
6829	Spectrogram 1	1	6379.750000	6380.500000	0	0	noise	cluster_noise	0.0000
6830	Spectrogram 1	1	6380.250000	6382.500000	0	0	0	cluster_0	1.0000
6831	Spectrogram 1	1	6382.250000	6383.000000	0	0	3	cluster_3	0.8431
6832	Spectrogram 1	1	6382.750000	6383.250000	0	0	noise	cluster_noise	0.0000
6833	Spectrogram 1	1	6383.000000	6384.250000	0	0	1	cluster_1	0.7673
6834	Spectrogram 1	1	6384.000000	6384.500000	0	0	noise	cluster_noise	0.0000
6835	Spectrogram 1	1	6384.250000	6384.750000	0	0	3	cluster_3	0.9114
6836	Spectrogram 1	1	6384.500000	6386.500000	0	0	0	cluster_0	1.0000
6837	Spectrogram 1	1	6386.250000	6388.500000	0	0	5	cluster_5	0.9805
6838	Spectrogram 1	1	6388.250000	6388.750000	0	0	noise	cluster_noise	0.0000
6839	Spectrogram 1	1	6388.500000	6389.250000	0	0	5	cluster_5	1.0000
6840	Spectrogram 1	1	6389.000000	6392.000000	0	0	0	cluster_0	1.0000
6841	Spectrogram 1	1	6391.750000	6392.250000	0	0	noise	cluster_noise	0.0000
6842	Spectrogram 1	1	6392.000000	6394.250000	0	0	0	cluster_0	0.9998
6843	Spectrogram 1	1	6394.000000	6394.500000	0	0	noise	cluster_noise	0.0000
6844	Spectrogram 1	1	6394.250000	6396.000000	0	0	1	cluster_1	0.8707
6845	Spectrogram 1	1	6395.750000	6396.250000	0	0	noise	cluster_noise	0.0000
6846	Spectrogram 1	1	6396.000000	6398.000000	0	0	0	cluster_0	1.0000
6847	Spectrogram 1	1	6397.750000	6398.250000	0	0	noise	cluster_noise	0.0000
6848	Spectrogram 1	1	6398.000000	6400.750000	0	0	5	cluster_5	0.9702
6849	Spectrogram 1	1	6400.500000	6403.500000	0	0	0	cluster_0	1.0000
6850	Spectrogram 1	1	6403.250000	6404.500000	0	0	4	cluster_4	0.7575
6851	Spectrogram 1	1	6404.250000	6405.500000	0	0	noise	cluster_noise	0.0000
6852	Spectrogram 1	1	6405.250000	6405.750000	0	0	5	cluster_5	0.9389
6853	Spectrogram 1	1	6405.500000	6406.250000	0	0	0	cluster_0	1.0000
6854	Spectrogram 1	1	6406.000000	6406.500000	0	0	21	cluster_21	0.7500
6855	Spectrogram 1	1	6406.250000	6409.250000	0	0	0	cluster_0	0.9728
6856	Spectrogram 1	1	6409.000000	6409.500000	0	0	noise	cluster_noise	0.0000
6857	Spectrogram 1	1	6409.250000	6410.250000	0	0	4	cluster_4	0.6758
6858	Spectrogram 1	1	6410.000000	6410.750000	0	0	5	cluster_5	0.9080
6859	Spectrogram 1	1	6410.500000	6412.000000	0	0	0	cluster_0	0.9730
6860	Spectrogram 1	1	6411.750000	6412.500000	0	0	noise	cluster_noise	0.0000
6861	Spectrogram 1	1	6412.250000	6412.750000	0	0	10	cluster_10	0.7119
6862	Spectrogram 1	1	6412.500000	6414.250000	0	0	0	cluster_0	1.0000
6863	Spectrogram 1	1	6414.000000	6414.750000	0	0	noise	cluster_noise	0.0000
6864	Spectrogram 1	1	6414.500000	6415.000000	0	0	10	cluster_10	0.9283
6865	Spectrogram 1	1	6414.750000	6417.000000	0	0	0	cluster_0	1.0000
6866	Spectrogram 1	1	6416.750000	6422.500000	0	0	4	cluster_4	0.9895
6867	Spectrogram 1	1	6424.000000	6425.250000	0	0	0	cluster_0	1.0000
6868	Spectrogram 1	1	6425.000000	6425.750000	0	0	10	cluster_10	0.8230
6869	Spectrogram 1	1	6425.500000	6426.000000	0	0	noise	cluster_noise	0.0000
6870	Spectrogram 1	1	6425.750000	6427.750000	0	0	0	cluster_0	1.0000
6871	Spectrogram 1	1	6427.500000	6428.250000	0	0	10	cluster_10	0.8365
6872	Spectrogram 1	1	6428.000000	6429.500000	0	0	0	cluster_0	1.0000
6873	Spectrogram 1	1	6436.000000	6436.500000	0	0	noise	cluster_noise	0.0000
6874	Spectrogram 1	1	6436.250000	6437.000000	0	0	5	cluster_5	1.0000
6875	Spectrogram 1	1	6436.750000	6437.750000	0	0	0	cluster_0	1.0000
6876	Spectrogram 1	1	6437.500000	6438.250000	0	0	10	cluster_10	0.8347
6877	Spectrogram 1	1	6438.000000	6438.500000	0	0	3	cluster_3	1.0000
6878	Spectrogram 1	1	6438.250000	6439.750000	0	0	0	cluster_0	1.0000
6879	Spectrogram 1	1	6439.500000	6440.000000	0	0	noise	cluster_noise	0.0000
6880	Spectrogram 1	1	6439.750000	6440.500000	0	0	10	cluster_10	0.9048
6881	Spectrogram 1	1	6440.250000	6441.750000	0	0	0	cluster_0	0.9913
6882	Spectrogram 1	1	6441.500000	6442.000000	0	0	noise	cluster_noise	0.0000
6883	Spectrogram 1	1	6441.750000	6442.500000	0	0	10	cluster_10	0.9502
6884	Spectrogram 1	1	6448.000000	6449.750000	0	0	4	cluster_4	0.9058
6885	Spectrogram 1	1	6449.500000	6450.250000	0	0	noise	cluster_noise	0.0000
6886	Spectrogram 1	1	6450.000000	6451.250000	0	0	0	cluster_0	0.9986
6887	Spectrogram 1	1	6451.000000	6451.750000	0	0	10	cluster_10	0.7869
6888	Spectrogram 1	1	6451.500000	6452.000000	0	0	3	cluster_3	0.9057
6889	Spectrogram 1	1	6451.750000	6453.500000	0	0	0	cluster_0	1.0000
6890	Spectrogram 1	1	6453.250000	6454.000000	0	0	10	cluster_10	0.9943
6891	Spectrogram 1	1	6453.750000	6460.750000	0	0	0	cluster_0	1.0000
6892	Spectrogram 1	1	6460.500000	6462.000000	0	0	4	cluster_4	0.8882
6893	Spectrogram 1	1	6461.750000	6462.250000	0	0	5	cluster_5	0.7995
6894	Spectrogram 1	1	6462.000000	6462.500000	0	0	noise	cluster_noise	0.0000
6895	Spectrogram 1	1	6462.250000	6464.750000	0	0	0	cluster_0	1.0000
6896	Spectrogram 1	1	6464.500000	6465.750000	0	0	4	cluster_4	0.8702
6897	Spectrogram 1	1	6465.500000	6466.500000	0	0	0	cluster_0	1.0000
6898	Spectrogram 1	1	6467.000000	6467.500000	0	0	noise	cluster_noise	0.0000
6899	Spectrogram 1	1	6467.250000	6467.750000	0	0	3	cluster_3	1.0000
6900	Spectrogram 1	1	6467.500000	6469.000000	0	0	0	cluster_0	1.0000
6901	Spectrogram 1	1	6468.750000	6469.500000	0	0	10	cluster_10	0.9108
6902	Spectrogram 1	1	6469.250000	6469.750000	0	0	3	cluster_3	1.0000
6903	Spectrogram 1	1	6469.500000	6470.500000	0	0	0	cluster_0	1.0000
6904	Spectrogram 1	1	6473.000000	6474.000000	0	0	3	cluster_3	0.9660
6905	Spectrogram 1	1	6473.750000	6475.500000	0	0	0	cluster_0	1.0000
6906	Spectrogram 1	1	6475.250000	6475.750000	0	0	3	cluster_3	0.7987
6907	Spectrogram 1	1	6475.500000	6476.500000	0	0	0	cluster_0	1.0000
6908	Spectrogram 1	1	6476.250000	6476.750000	0	0	3	cluster_3	1.0000
6909	Spectrogram 1	1	6476.500000	6477.000000	0	0	0	cluster_0	1.0000
6910	Spectrogram 1	1	6476.750000	6477.500000	0	0	3	cluster_3	1.0000
6911	Spectrogram 1	1	6477.250000	6488.000000	0	0	0	cluster_0	0.9964
6912	Spectrogram 1	1	6487.750000	6488.250000	0	0	noise	cluster_noise	0.0000
6913	Spectrogram 1	1	6488.000000	6488.750000	0	0	3	cluster_3	0.9868
6914	Spectrogram 1	1	6488.500000	6490.250000	0	0	0	cluster_0	1.0000
6915	Spectrogram 1	1	6490.000000	6490.500000	0	0	3	cluster_3	0.9530
6916	Spectrogram 1	1	6490.250000	6491.750000	0	0	0	cluster_0	1.0000
6917	Spectrogram 1	1	6491.500000	6492.250000	0	0	3	cluster_3	0.9744
6918	Spectrogram 1	1	6492.000000	6496.250000	0	0	0	cluster_0	1.0000
6919	Spectrogram 1	1	6496.000000	6496.500000	0	0	3	cluster_3	0.8833
6920	Spectrogram 1	1	6496.250000	6497.000000	0	0	0	cluster_0	1.0000
6921	Spectrogram 1	1	6496.750000	6497.250000	0	0	3	cluster_3	0.8636
6922	Spectrogram 1	1	6497.000000	6498.750000	0	0	0	cluster_0	1.0000
6923	Spectrogram 1	1	6498.500000	6499.750000	0	0	3	cluster_3	1.0000
6924	Spectrogram 1	1	6499.500000	6501.500000	0	0	0	cluster_0	1.0000
6925	Spectrogram 1	1	6501.250000	6502.250000	0	0	3	cluster_3	1.0000
6926	Spectrogram 1	1	6502.000000	6504.250000	0	0	0	cluster_0	1.0000
6927	Spectrogram 1	1	6504.000000	6504.750000	0	0	3	cluster_3	1.0000
6928	Spectrogram 1	1	6504.500000	6512.750000	0	0	0	cluster_0	1.0000
6929	Spectrogram 1	1	6512.500000	6514.000000	0	0	noise	cluster_noise	0.0000
6930	Spectrogram 1	1	6513.750000	6515.250000	0	0	0	cluster_0	1.0000
6931	Spectrogram 1	1	6515.000000	6515.500000	0	0	noise	cluster_noise	0.0000
6932	Spectrogram 1	1	6515.250000	6516.000000	0	0	3	cluster_3	1.0000
6933	Spectrogram 1	1	6515.750000	6518.250000	0	0	0	cluster_0	1.0000
6934	Spectrogram 1	1	6518.000000	6519.000000	0	0	3	cluster_3	0.9499
6935	Spectrogram 1	1	6518.750000	6519.250000	0	0	noise	cluster_noise	0.0000
6936	Spectrogram 1	1	6519.000000	6521.000000	0	0	0	cluster_0	1.0000
6937	Spectrogram 1	1	6520.750000	6521.750000	0	0	3	cluster_3	0.9499
6938	Spectrogram 1	1	6521.500000	6523.000000	0	0	0	cluster_0	1.0000
6939	Spectrogram 1	1	6522.750000	6524.250000	0	0	noise	cluster_noise	0.0000
6940	Spectrogram 1	1	6524.000000	6524.500000	0	0	0	cluster_0	1.0000
6941	Spectrogram 1	1	6525.000000	6529.500000	0	0	noise	cluster_noise	0.0000
6942	Spectrogram 1	1	6529.250000	6532.500000	0	0	0	cluster_0	1.0000
6943	Spectrogram 1	1	6532.250000	6533.250000	0	0	3	cluster_3	1.0000
6944	Spectrogram 1	1	6533.000000	6535.500000	0	0	0	cluster_0	1.0000
6945	Spectrogram 1	1	6536.000000	6537.000000	0	0	3	cluster_3	1.0000
6946	Spectrogram 1	1	6536.750000	6538.000000	0	0	0	cluster_0	1.0000
6947	Spectrogram 1	1	6537.750000	6538.500000	0	0	3	cluster_3	1.0000
6948	Spectrogram 1	1	6539.000000	6539.500000	0	0	0	cluster_0	1.0000
6949	Spectrogram 1	1	6539.250000	6546.500000	0	0	noise	cluster_noise	0.0000
6950	Spectrogram 1	1	6547.000000	6551.750000	0	0	0	cluster_0	1.0000
6951	Spectrogram 1	1	6551.500000	6553.250000	0	0	3	cluster_3	0.9519
6952	Spectrogram 1	1	6553.000000	6554.500000	0	0	0	cluster_0	1.0000
6953	Spectrogram 1	1	6664.000000	6665.250000	0	0	2	cluster_2	1.0000
6954	Spectrogram 1	1	6665.000000	6682.000000	0	0	0	cluster_0	0.9918
6955	Spectrogram 1	1	6681.750000	6682.250000	0	0	3	cluster_3	1.0000
6956	Spectrogram 1	1	6682.000000	6683.000000	0	0	5	cluster_5	0.9113
6957	Spectrogram 1	1	6682.750000	6684.750000	0	0	0	cluster_0	1.0000
6958	Spectrogram 1	1	6684.500000	6685.500000	0	0	3	cluster_3	1.0000
6959	Spectrogram 1	1	6700.000000	6701.250000	0	0	0	cluster_0	1.0000
6960	Spectrogram 1	1	6701.000000	6702.500000	0	0	2	cluster_2	0.9598
6961	Spectrogram 1	1	6702.250000	6704.000000	0	0	0	cluster_0	1.0000
6962	Spectrogram 1	1	6703.750000	6704.500000	0	0	2	cluster_2	0.9905
6963	Spectrogram 1	1	6712.000000	6714.250000	0	0	0	cluster_0	1.0000
6964	Spectrogram 1	1	6714.000000	6715.500000	0	0	2	cluster_2	0.9573
6965	Spectrogram 1	1	6715.250000	6717.000000	0	0	0	cluster_0	0.9789
6966	Spectrogram 1	1	6716.750000	6718.000000	0	0	2	cluster_2	0.9970
6967	Spectrogram 1	1	6717.750000	6719.750000	0	0	0	cluster_0	1.0000
6968	Spectrogram 1	1	6719.500000	6722.250000	0	0	5	cluster_5	0.9665
6969	Spectrogram 1	1	6722.000000	6727.250000	0	0	0	cluster_0	1.0000
6970	Spectrogram 1	1	6727.000000	6728.500000	0	0	2	cluster_2	0.9929
6971	Spectrogram 1	1	6728.250000	6729.500000	0	0	0	cluster_0	1.0000
6972	Spectrogram 1	1	6729.250000	6729.750000	0	0	5	cluster_5	0.8285
6973	Spectrogram 1	1	6729.500000	6731.000000	0	0	2	cluster_2	0.8934
6974	Spectrogram 1	1	6730.750000	6733.250000	0	0	0	cluster_0	0.9992
6975	Spectrogram 1	1	6733.000000	6733.500000	0	0	noise	cluster_noise	0.0000
6976	Spectrogram 1	1	6733.250000	6735.000000	0	0	5	cluster_5	0.9342
6977	Spectrogram 1	1	6734.750000	6735.250000	0	0	noise	cluster_noise	0.0000
6978	Spectrogram 1	1	6735.000000	6735.500000	0	0	5	cluster_5	0.9921
6979	Spectrogram 1	1	6735.250000	6740.000000	0	0	0	cluster_0	1.0000
6980	Spectrogram 1	1	6739.750000	6740.250000	0	0	noise	cluster_noise	0.0000
6981	Spectrogram 1	1	6740.000000	6740.500000	0	0	5	cluster_5	1.0000
6982	Spectrogram 1	1	6740.250000	6741.500000	0	0	2	cluster_2	0.9889
6983	Spectrogram 1	1	6741.250000	6742.750000	0	0	0	cluster_0	1.0000
6984	Spectrogram 1	1	6742.500000	6743.000000	0	0	5	cluster_5	1.0000
6985	Spectrogram 1	1	6742.750000	6743.750000	0	0	2	cluster_2	0.9883
6986	Spectrogram 1	1	6743.500000	6744.000000	0	0	3	cluster_3	1.0000
6987	Spectrogram 1	1	6743.750000	6746.250000	0	0	0	cluster_0	1.0000
6988	Spectrogram 1	1	6746.000000	6748.000000	0	0	5	cluster_5	0.9114
6989	Spectrogram 1	1	6747.750000	6748.250000	0	0	noise	cluster_noise	0.0000
6990	Spectrogram 1	1	6748.000000	6749.250000	0	0	0	cluster_0	1.0000
6991	Spectrogram 1	1	6749.000000	6750.500000	0	0	3	cluster_3	1.0000
6992	Spectrogram 1	1	6752.000000	6753.000000	0	0	0	cluster_0	0.9853
6993	Spectrogram 1	1	6752.750000	6753.250000	0	0	5	cluster_5	0.8472
6994	Spectrogram 1	1	6753.000000	6754.000000	0	0	2	cluster_2	1.0000
6995	Spectrogram 1	1	6753.750000	6756.750000	0	0	0	cluster_0	0.9872
6996	Spectrogram 1	1	6756.500000	6757.000000	0	0	noise	cluster_noise	0.0000
6997	Spectrogram 1	1	6756.750000	6757.250000	0	0	5	cluster_5	1.0000
6998	Spectrogram 1	1	6757.000000	6758.000000	0	0	noise	cluster_noise	0.0000
6999	Spectrogram 1	1	6757.750000	6759.000000	0	0	5	cluster_5	0.9521
7000	Spectrogram 1	1	6758.750000	6759.750000	0	0	0	cluster_0	0.9641
7001	Spectrogram 1	1	6759.500000	6761.000000	0	0	3	cluster_3	0.9659
7002	Spectrogram 1	1	6760.750000	6761.250000	0	0	noise	cluster_noise	0.0000
7003	Spectrogram 1	1	6761.000000	6762.000000	0	0	3	cluster_3	0.8514
7004	Spectrogram 1	1	6761.750000	6767.750000	0	0	0	cluster_0	1.0000
7005	Spectrogram 1	1	6767.500000	6768.000000	0	0	noise	cluster_noise	0.0000
7006	Spectrogram 1	1	6767.750000	6770.000000	0	0	5	cluster_5	0.9643
7007	Spectrogram 1	1	6769.750000	6770.500000	0	0	3	cluster_3	0.9701
7008	Spectrogram 1	1	6770.250000	6771.000000	0	0	0	cluster_0	0.7697
7009	Spectrogram 1	1	6770.750000	6772.500000	0	0	3	cluster_3	1.0000
7010	Spectrogram 1	1	6772.250000	6774.750000	0	0	0	cluster_0	1.0000
7011	Spectrogram 1	1	6774.500000	6775.000000	0	0	noise	cluster_noise	0.0000
7012	Spectrogram 1	1	6774.750000	6775.500000	0	0	14	cluster_14	0.5224
7013	Spectrogram 1	1	6775.250000	6775.750000	0	0	noise	cluster_noise	0.0000
7014	Spectrogram 1	1	6775.500000	6776.250000	0	0	5	cluster_5	0.9172
7015	Spectrogram 1	1	6776.000000	6777.500000	0	0	0	cluster_0	1.0000
7016	Spectrogram 1	1	6779.000000	6780.250000	0	0	5	cluster_5	1.0000
7017	Spectrogram 1	1	6780.000000	6780.500000	0	0	0	cluster_0	1.0000
7018	Spectrogram 1	1	6780.250000	6780.750000	0	0	5	cluster_5	1.0000
7019	Spectrogram 1	1	6780.500000	6781.250000	0	0	0	cluster_0	1.0000
7020	Spectrogram 1	1	6781.000000	6781.500000	0	0	noise	cluster_noise	0.0000
7021	Spectrogram 1	1	6781.250000	6781.750000	0	0	0	cluster_0	0.9946
7022	Spectrogram 1	1	6781.500000	6782.500000	0	0	3	cluster_3	0.9752
7023	Spectrogram 1	1	6782.250000	6782.750000	0	0	0	cluster_0	1.0000
7024	Spectrogram 1	1	6782.500000	6783.000000	0	0	3	cluster_3	1.0000
7025	Spectrogram 1	1	6782.750000	6785.750000	0	0	0	cluster_0	1.0000
7026	Spectrogram 1	1	6785.500000	6786.000000	0	0	noise	cluster_noise	0.0000
7027	Spectrogram 1	1	6785.750000	6787.000000	0	0	14	cluster_14	0.8010
7028	Spectrogram 1	1	6786.750000	6787.750000	0	0	5	cluster_5	0.8016
7029	Spectrogram 1	1	6787.500000	6790.000000	0	0	0	cluster_0	0.9942
7030	Spectrogram 1	1	6789.750000	6790.250000	0	0	noise	cluster_noise	0.0000
7031	Spectrogram 1	1	6790.000000	6790.500000	0	0	5	cluster_5	1.0000
7032	Spectrogram 1	1	6792.000000	6792.500000	0	0	0	cluster_0	1.0000
7033	Spectrogram 1	1	6792.250000	6793.750000	0	0	3	cluster_3	0.9993
7034	Spectrogram 1	1	6793.500000	6796.750000	0	0	0	cluster_0	1.0000
7035	Spectrogram 1	1	6796.500000	6797.000000	0	0	noise	cluster_noise	0.0000
7036	Spectrogram 1	1	6796.750000	6797.500000	0	0	14	cluster_14	0.7637
7037	Spectrogram 1	1	6797.250000	6797.750000	0	0	noise	cluster_noise	0.0000
7038	Spectrogram 1	1	6797.500000	6799.250000	0	0	5	cluster_5	0.9699
7039	Spectrogram 1	1	6799.000000	6801.250000	0	0	0	cluster_0	1.0000
7040	Spectrogram 1	1	6801.000000	6801.500000	0	0	noise	cluster_noise	0.0000
7041	Spectrogram 1	1	6801.250000	6803.250000	0	0	5	cluster_5	0.9558
7042	Spectrogram 1	1	6803.000000	6808.000000	0	0	0	cluster_0	1.0000
7043	Spectrogram 1	1	6807.750000	6809.750000	0	0	14	cluster_14	0.8888
7044	Spectrogram 1	1	6809.500000	6810.000000	0	0	noise	cluster_noise	0.0000
7045	Spectrogram 1	1	6809.750000	6812.750000	0	0	0	cluster_0	1.0000
7046	Spectrogram 1	1	6812.500000	6813.000000	0	0	noise	cluster_noise	0.0000
7047	Spectrogram 1	1	6812.750000	6814.750000	0	0	5	cluster_5	1.0000
7048	Spectrogram 1	1	6814.500000	6815.000000	0	0	0	cluster_0	0.9178
7049	Spectrogram 1	1	6814.750000	6815.500000	0	0	3	cluster_3	0.8996
7050	Spectrogram 1	1	6815.250000	6815.750000	0	0	noise	cluster_noise	0.0000
7051	Spectrogram 1	1	6815.500000	6816.250000	0	0	3	cluster_3	1.0000
7052	Spectrogram 1	1	6816.000000	6819.250000	0	0	0	cluster_0	1.0000
7053	Spectrogram 1	1	6819.000000	6821.000000	0	0	14	cluster_14	0.8064
7054	Spectrogram 1	1	6820.750000	6821.250000	0	0	5	cluster_5	0.8477
7055	Spectrogram 1	1	6821.000000	6823.500000	0	0	0	cluster_0	1.0000
7056	Spectrogram 1	1	6823.250000	6823.750000	0	0	noise	cluster_noise	0.0000
7057	Spectrogram 1	1	6823.500000	6825.750000	0	0	5	cluster_5	1.0000
7058	Spectrogram 1	1	6825.500000	6826.250000	0	0	0	cluster_0	1.0000
7059	Spectrogram 1	1	6826.000000	6826.750000	0	0	3	cluster_3	1.0000
7060	Spectrogram 1	1	6826.500000	6827.000000	0	0	noise	cluster_noise	0.0000
7061	Spectrogram 1	1	6826.750000	6827.250000	0	0	3	cluster_3	0.7986
7062	Spectrogram 1	1	6827.000000	6830.250000	0	0	0	cluster_0	1.0000
7063	Spectrogram 1	1	6830.000000	6830.500000	0	0	noise	cluster_noise	0.0000
7064	Spectrogram 1	1	6830.250000	6832.000000	0	0	14	cluster_14	0.8275
7065	Spectrogram 1	1	6831.750000	6832.250000	0	0	noise	cluster_noise	0.0000
7066	Spectrogram 1	1	6832.000000	6834.500000	0	0	0	cluster_0	1.0000
7067	Spectrogram 1	1	6834.250000	6837.000000	0	0	5	cluster_5	0.9892
7068	Spectrogram 1	1	6836.750000	6837.250000	0	0	0	cluster_0	1.0000
7069	Spectrogram 1	1	6837.000000	6838.250000	0	0	3	cluster_3	0.9645
7070	Spectrogram 1	1	6838.000000	6841.250000	0	0	0	cluster_0	1.0000
7071	Spectrogram 1	1	6841.000000	6841.500000	0	0	noise	cluster_noise	0.0000
7072	Spectrogram 1	1	6841.250000	6843.000000	0	0	14	cluster_14	0.8498
7073	Spectrogram 1	1	6842.750000	6843.250000	0	0	noise	cluster_noise	0.0000
7074	Spectrogram 1	1	6843.000000	6843.500000	0	0	5	cluster_5	0.8740
7075	Spectrogram 1	1	6843.250000	6845.500000	0	0	0	cluster_0	1.0000
7076	Spectrogram 1	1	6845.250000	6845.750000	0	0	noise	cluster_noise	0.0000
7077	Spectrogram 1	1	6845.500000	6848.500000	0	0	5	cluster_5	0.9357
7078	Spectrogram 1	1	6848.250000	6852.250000	0	0	0	cluster_0	0.9861
7079	Spectrogram 1	1	6852.000000	6852.500000	0	0	noise	cluster_noise	0.0000
7080	Spectrogram 1	1	6852.250000	6854.000000	0	0	14	cluster_14	0.8289
7081	Spectrogram 1	1	6853.750000	6854.250000	0	0	noise	cluster_noise	0.0000
7082	Spectrogram 1	1	6854.000000	6854.500000	0	0	5	cluster_5	0.9742
7083	Spectrogram 1	1	6854.250000	6856.500000	0	0	0	cluster_0	1.0000
7084	Spectrogram 1	1	6856.250000	6859.000000	0	0	5	cluster_5	0.9857
7085	Spectrogram 1	1	6858.750000	6859.250000	0	0	0	cluster_0	1.0000
7086	Spectrogram 1	1	6859.000000	6860.250000	0	0	3	cluster_3	0.9284
7087	Spectrogram 1	1	6860.000000	6863.000000	0	0	0	cluster_0	1.0000
7088	Spectrogram 1	1	6862.750000	6863.250000	0	0	noise	cluster_noise	0.0000
7089	Spectrogram 1	1	6863.000000	6864.500000	0	0	14	cluster_14	0.8640
7090	Spectrogram 1	1	6864.250000	6864.750000	0	0	noise	cluster_noise	0.0000
7091	Spectrogram 1	1	6864.500000	6865.000000	0	0	5	cluster_5	0.7263
7092	Spectrogram 1	1	6864.750000	6867.000000	0	0	0	cluster_0	1.0000
7093	Spectrogram 1	1	6866.750000	6867.250000	0	0	noise	cluster_noise	0.0000
7094	Spectrogram 1	1	6867.000000	6869.250000	0	0	5	cluster_5	0.9628
7095	Spectrogram 1	1	6869.000000	6869.500000	0	0	noise	cluster_noise	0.0000
7096	Spectrogram 1	1	6869.250000	6869.750000	0	0	0	cluster_0	1.0000
7097	Spectrogram 1	1	6869.500000	6870.000000	0	0	3	cluster_3	1.0000
7098	Spectrogram 1	1	6869.750000	6870.250000	0	0	0	cluster_0	0.7627
7099	Spectrogram 1	1	6870.000000	6871.000000	0	0	3	cluster_3	0.9970
7100	Spectrogram 1	1	6870.750000	6872.500000	0	0	0	cluster_0	1.0000
7101	Spectrogram 1	1	6874.000000	6875.000000	0	0	14	cluster_14	0.9971
7102	Spectrogram 1	1	6874.750000	6875.500000	0	0	noise	cluster_noise	0.0000
7103	Spectrogram 1	1	6875.250000	6877.750000	0	0	0	cluster_0	1.0000
7104	Spectrogram 1	1	6877.500000	6878.750000	0	0	5	cluster_5	0.9130
7105	Spectrogram 1	1	6878.500000	6879.000000	0	0	noise	cluster_noise	0.0000
7106	Spectrogram 1	1	6878.750000	6880.250000	0	0	5	cluster_5	1.0000
7107	Spectrogram 1	1	6880.000000	6881.750000	0	0	0	cluster_0	1.0000
7108	Spectrogram 1	1	6881.500000	6882.250000	0	0	3	cluster_3	1.0000
7109	Spectrogram 1	1	6882.000000	6883.000000	0	0	0	cluster_0	1.0000
7110	Spectrogram 1	1	6882.750000	6883.750000	0	0	noise	cluster_noise	0.0000
7111	Spectrogram 1	1	6883.500000	6884.000000	0	0	5	cluster_5	0.9722
7112	Spectrogram 1	1	6883.750000	6887.500000	0	0	0	cluster_0	1.0000
7113	Spectrogram 1	1	6887.250000	6887.750000	0	0	noise	cluster_noise	0.0000
7114	Spectrogram 1	1	6887.500000	6889.750000	0	0	5	cluster_5	1.0000
7115	Spectrogram 1	1	6889.500000	6891.500000	0	0	0	cluster_0	1.0000
7116	Spectrogram 1	1	6891.250000	6893.500000	0	0	5	cluster_5	1.0000
7117	Spectrogram 1	1	6893.250000	6894.000000	0	0	0	cluster_0	1.0000
7118	Spectrogram 1	1	6893.750000	6894.750000	0	0	noise	cluster_noise	0.0000
7119	Spectrogram 1	1	6894.500000	6895.500000	0	0	0	cluster_0	1.0000
7120	Spectrogram 1	1	6896.000000	6896.750000	0	0	noise	cluster_noise	0.0000
7121	Spectrogram 1	1	6896.500000	6897.250000	0	0	0	cluster_0	1.0000
7122	Spectrogram 1	1	6897.000000	6898.000000	0	0	noise	cluster_noise	0.0000
7123	Spectrogram 1	1	6897.750000	6899.000000	0	0	0	cluster_0	0.9938
7124	Spectrogram 1	1	6898.750000	6899.750000	0	0	noise	cluster_noise	0.0000
7125	Spectrogram 1	1	6899.500000	6900.000000	0	0	5	cluster_5	0.9376
7126	Spectrogram 1	1	6899.750000	6901.250000	0	0	0	cluster_0	1.0000
7127	Spectrogram 1	1	6901.000000	6901.500000	0	0	noise	cluster_noise	0.0000
7128	Spectrogram 1	1	6901.250000	6903.750000	0	0	5	cluster_5	0.9501
7129	Spectrogram 1	1	6903.500000	6904.000000	0	0	noise	cluster_noise	0.0000
7130	Spectrogram 1	1	6903.750000	6904.250000	0	0	5	cluster_5	1.0000
7131	Spectrogram 1	1	6904.000000	6905.500000	0	0	0	cluster_0	1.0000
7132	Spectrogram 1	1	6905.250000	6906.500000	0	0	5	cluster_5	1.0000
7133	Spectrogram 1	1	6909.000000	6909.750000	0	0	0	cluster_0	1.0000
7134	Spectrogram 1	1	6909.500000	6910.500000	0	0	noise	cluster_noise	0.0000
7135	Spectrogram 1	1	6910.250000	6911.500000	0	0	0	cluster_0	0.9819
7136	Spectrogram 1	1	6911.250000	6912.250000	0	0	noise	cluster_noise	0.0000
7137	Spectrogram 1	1	6912.000000	6912.750000	0	0	0	cluster_0	1.0000
7138	Spectrogram 1	1	6912.500000	6913.500000	0	0	noise	cluster_noise	0.0000
7139	Spectrogram 1	1	6913.250000	6914.250000	0	0	0	cluster_0	1.0000
7140	Spectrogram 1	1	6914.000000	6915.000000	0	0	noise	cluster_noise	0.0000
7141	Spectrogram 1	1	6914.750000	6916.500000	0	0	0	cluster_0	1.0000
7142	Spectrogram 1	1	6916.250000	6916.750000	0	0	noise	cluster_noise	0.0000
7143	Spectrogram 1	1	6916.500000	6917.500000	0	0	5	cluster_5	1.0000
7144	Spectrogram 1	1	6919.000000	6921.000000	0	0	0	cluster_0	1.0000
7145	Spectrogram 1	1	6920.750000	6921.750000	0	0	noise	cluster_noise	0.0000
7146	Spectrogram 1	1	6921.500000	6922.750000	0	0	0	cluster_0	1.0000
7147	Spectrogram 1	1	6922.500000	6923.500000	0	0	noise	cluster_noise	0.0000
7148	Spectrogram 1	1	6923.250000	6924.250000	0	0	0	cluster_0	1.0000
7149	Spectrogram 1	1	6924.000000	6925.000000	0	0	noise	cluster_noise	0.0000
7150	Spectrogram 1	1	6924.750000	6926.000000	0	0	0	cluster_0	1.0000
7151	Spectrogram 1	1	6925.750000	6926.750000	0	0	noise	cluster_noise	0.0000
7152	Spectrogram 1	1	6926.500000	6927.250000	0	0	0	cluster_0	1.0000
7153	Spectrogram 1	1	6927.000000	6928.000000	0	0	noise	cluster_noise	0.0000
7154	Spectrogram 1	1	6927.750000	6930.750000	0	0	0	cluster_0	0.9920
7155	Spectrogram 1	1	6930.500000	6931.000000	0	0	noise	cluster_noise	0.0000
7156	Spectrogram 1	1	6930.750000	6933.500000	0	0	5	cluster_5	0.9479
7157	Spectrogram 1	1	6933.250000	6935.500000	0	0	0	cluster_0	0.9909
7158	Spectrogram 1	1	6935.250000	6936.250000	0	0	noise	cluster_noise	0.0000
7159	Spectrogram 1	1	6936.000000	6937.250000	0	0	0	cluster_0	1.0000
7160	Spectrogram 1	1	6937.000000	6938.000000	0	0	noise	cluster_noise	0.0000
7161	Spectrogram 1	1	6937.750000	6938.750000	0	0	0	cluster_0	1.0000
7162	Spectrogram 1	1	6938.500000	6940.750000	0	0	noise	cluster_noise	0.0000
7163	Spectrogram 1	1	6940.500000	6941.250000	0	0	0	cluster_0	1.0000
7164	Spectrogram 1	1	6941.000000	6942.000000	0	0	noise	cluster_noise	0.0000
7165	Spectrogram 1	1	6941.750000	6942.750000	0	0	0	cluster_0	1.0000
7166	Spectrogram 1	1	6942.500000	6943.250000	0	0	noise	cluster_noise	0.0000
7167	Spectrogram 1	1	6943.000000	6945.000000	0	0	0	cluster_0	1.0000
7168	Spectrogram 1	1	6944.750000	6945.250000	0	0	noise	cluster_noise	0.0000
7169	Spectrogram 1	1	6945.000000	6948.000000	0	0	5	cluster_5	0.9654
7170	Spectrogram 1	1	6947.750000	6950.000000	0	0	0	cluster_0	0.9644
7171	Spectrogram 1	1	6949.750000	6950.250000	0	0	noise	cluster_noise	0.0000
7172	Spectrogram 1	1	6950.000000	6950.750000	0	0	4	cluster_4	0.4532
7173	Spectrogram 1	1	6950.500000	6952.250000	0	0	0	cluster_0	0.9983
7174	Spectrogram 1	1	6952.000000	6952.750000	0	0	noise	cluster_noise	0.0000
7175	Spectrogram 1	1	6952.500000	6953.500000	0	0	0	cluster_0	0.9976
7176	Spectrogram 1	1	6953.250000	6954.250000	0	0	noise	cluster_noise	0.0000
7177	Spectrogram 1	1	6954.000000	6955.000000	0	0	0	cluster_0	1.0000
7178	Spectrogram 1	1	6954.750000	6955.750000	0	0	noise	cluster_noise	0.0000
7179	Spectrogram 1	1	6955.500000	6956.250000	0	0	0	cluster_0	1.0000
7180	Spectrogram 1	1	6956.000000	6956.750000	0	0	noise	cluster_noise	0.0000
7181	Spectrogram 1	1	6956.500000	6959.000000	0	0	0	cluster_0	0.9627
7182	Spectrogram 1	1	6958.750000	6961.250000	0	0	5	cluster_5	0.9783
7183	Spectrogram 1	1	6961.000000	6961.500000	0	0	noise	cluster_noise	0.0000
7184	Spectrogram 1	1	6961.250000	6961.750000	0	0	5	cluster_5	1.0000
7185	Spectrogram 1	1	6961.500000	6964.000000	0	0	0	cluster_0	0.9930
7186	Spectrogram 1	1	6963.750000	6964.250000	0	0	noise	cluster_noise	0.0000
7187	Spectrogram 1	1	6964.000000	6965.000000	0	0	4	cluster_4	0.9140
7188	Spectrogram 1	1	6964.750000	6968.000000	0	0	0	cluster_0	1.0000
7189	Spectrogram 1	1	6967.750000	6968.500000	0	0	4	cluster_4	0.9561
7190	Spectrogram 1	1	6968.250000	6970.250000	0	0	0	cluster_0	1.0000
7191	Spectrogram 1	1	6970.000000	6970.750000	0	0	10	cluster_10	0.8402
7192	Spectrogram 1	1	6970.500000	6972.000000	0	0	0	cluster_0	0.9864
7193	Spectrogram 1	1	6971.750000	6972.250000	0	0	noise	cluster_noise	0.0000
7194	Spectrogram 1	1	6972.000000	6972.750000	0	0	10	cluster_10	0.8083
7195	Spectrogram 1	1	6972.500000	6973.750000	0	0	0	cluster_0	1.0000
7196	Spectrogram 1	1	6973.500000	6974.000000	0	0	noise	cluster_noise	0.0000
7197	Spectrogram 1	1	6973.750000	6974.250000	0	0	10	cluster_10	0.7089
7198	Spectrogram 1	1	6974.000000	6974.500000	0	0	noise	cluster_noise	0.0000
7199	Spectrogram 1	1	6974.250000	6975.500000	0	0	0	cluster_0	1.0000
7200	Spectrogram 1	1	6975.250000	6976.000000	0	0	10	cluster_10	0.9335
7201	Spectrogram 1	1	6975.750000	6976.500000	0	0	0	cluster_0	1.0000
7202	Spectrogram 1	1	6976.250000	6977.000000	0	0	10	cluster_10	0.9513
7203	Spectrogram 1	1	6976.750000	6977.750000	0	0	0	cluster_0	1.0000
7204	Spectrogram 1	1	6977.500000	6978.000000	0	0	noise	cluster_noise	0.0000
7205	Spectrogram 1	1	6977.750000	6978.500000	0	0	10	cluster_10	0.8849
7206	Spectrogram 1	1	6978.250000	6980.500000	0	0	0	cluster_0	0.9866
7207	Spectrogram 1	1	6980.250000	6981.250000	0	0	4	cluster_4	0.8696
7208	Spectrogram 1	1	6981.000000	6986.500000	0	0	0	cluster_0	0.9911
7209	Spectrogram 1	1	6986.250000	6987.000000	0	0	10	cluster_10	0.9512
7210	Spectrogram 1	1	6986.750000	6987.250000	0	0	0	cluster_0	1.0000
7211	Spectrogram 1	1	6987.000000	6987.750000	0	0	noise	cluster_noise	0.0000
7212	Spectrogram 1	1	6987.500000	6988.750000	0	0	0	cluster_0	1.0000
7213	Spectrogram 1	1	6988.500000	6989.250000	0	0	10	cluster_10	1.0000
7214	Spectrogram 1	1	6989.000000	6989.500000	0	0	0	cluster_0	1.0000
7215	Spectrogram 1	1	6989.250000	6990.000000	0	0	10	cluster_10	1.0000
7216	Spectrogram 1	1	6989.750000	6990.750000	0	0	0	cluster_0	1.0000
7217	Spectrogram 1	1	6990.500000	6991.250000	0	0	10	cluster_10	1.0000
7218	Spectrogram 1	1	6991.000000	6991.500000	0	0	0	cluster_0	1.0000
7219	Spectrogram 1	1	6991.250000	6992.000000	0	0	10	cluster_10	0.9628
7220	Spectrogram 1	1	6991.750000	6992.250000	0	0	0	cluster_0	1.0000
7221	Spectrogram 1	1	6992.000000	6992.750000	0	0	10	cluster_10	1.0000
7222	Spectrogram 1	1	6992.500000	6993.500000	0	0	0	cluster_0	1.0000
7223	Spectrogram 1	1	6993.250000	6994.000000	0	0	10	cluster_10	1.0000
7224	Spectrogram 1	1	6993.750000	6994.250000	0	0	0	cluster_0	1.0000
7225	Spectrogram 1	1	6994.000000	6994.500000	0	0	noise	cluster_noise	0.0000
7226	Spectrogram 1	1	6994.250000	6996.250000	0	0	0	cluster_0	0.9733
7227	Spectrogram 1	1	6996.000000	6996.500000	0	0	noise	cluster_noise	0.0000
7228	Spectrogram 1	1	6996.250000	6997.250000	0	0	4	cluster_4	0.4673
7229	Spectrogram 1	1	6997.000000	7000.000000	0	0	0	cluster_0	0.9998
7230	Spectrogram 1	1	6999.750000	7000.250000	0	0	noise	cluster_noise	0.0000
7231	Spectrogram 1	1	7000.000000	7000.500000	0	0	0	cluster_0	0.9175
7232	Spectrogram 1	1	7000.250000	7000.750000	0	0	noise	cluster_noise	0.0000
7233	Spectrogram 1	1	7000.500000	7001.000000	0	0	5	cluster_5	1.0000
7234	Spectrogram 1	1	7000.750000	7002.500000	0	0	0	cluster_0	1.0000
7235	Spectrogram 1	1	7002.250000	7003.000000	0	0	10	cluster_10	1.0000
7236	Spectrogram 1	1	7002.750000	7003.250000	0	0	0	cluster_0	1.0000
7237	Spectrogram 1	1	7003.000000	7003.750000	0	0	10	cluster_10	0.9823
7238	Spectrogram 1	1	7003.500000	7004.750000	0	0	0	cluster_0	1.0000
7239	Spectrogram 1	1	7004.500000	7005.250000	0	0	10	cluster_10	1.0000
7240	Spectrogram 1	1	7005.000000	7005.500000	0	0	0	cluster_0	1.0000
7241	Spectrogram 1	1	7005.250000	7006.000000	0	0	10	cluster_10	0.9363
7242	Spectrogram 1	1	7005.750000	7007.000000	0	0	0	cluster_0	0.9643
7243	Spectrogram 1	1	7006.750000	7007.500000	0	0	10	cluster_10	0.9538
7244	Spectrogram 1	1	7007.250000	7007.750000	0	0	0	cluster_0	1.0000
7245	Spectrogram 1	1	7007.500000	7008.250000	0	0	10	cluster_10	1.0000
7246	Spectrogram 1	1	7008.000000	7009.000000	0	0	0	cluster_0	1.0000
7247	Spectrogram 1	1	7008.750000	7009.500000	0	0	10	cluster_10	0.9373
7248	Spectrogram 1	1	7010.000000	7013.000000	0	0	0	cluster_0	0.9945
7249	Spectrogram 1	1	7012.750000	7013.250000	0	0	noise	cluster_noise	0.0000
7250	Spectrogram 1	1	7013.000000	7013.750000	0	0	4	cluster_4	0.4574
7251	Spectrogram 1	1	7013.500000	7014.000000	0	0	5	cluster_5	1.0000
7252	Spectrogram 1	1	7013.750000	7016.750000	0	0	0	cluster_0	1.0000
7253	Spectrogram 1	1	7016.500000	7017.500000	0	0	4	cluster_4	0.6992
7254	Spectrogram 1	1	7017.250000	7019.000000	0	0	0	cluster_0	0.9531
7255	Spectrogram 1	1	7018.750000	7019.500000	0	0	10	cluster_10	1.0000
7256	Spectrogram 1	1	7019.250000	7019.750000	0	0	0	cluster_0	1.0000
7257	Spectrogram 1	1	7019.500000	7020.000000	0	0	noise	cluster_noise	0.0000
7258	Spectrogram 1	1	7019.750000	7020.250000	0	0	5	cluster_5	1.0000
7259	Spectrogram 1	1	7020.000000	7021.500000	0	0	0	cluster_0	0.9554
7260	Spectrogram 1	1	7021.250000	7022.000000	0	0	10	cluster_10	0.9270
7261	Spectrogram 1	1	7021.750000	7023.500000	0	0	0	cluster_0	1.0000
7262	Spectrogram 1	1	7023.250000	7024.000000	0	0	10	cluster_10	0.9476
7263	Spectrogram 1	1	7023.750000	7025.500000	0	0	0	cluster_0	1.0000
7264	Spectrogram 1	1	7025.250000	7026.000000	0	0	10	cluster_10	0.8092
7265	Spectrogram 1	1	7025.750000	7026.250000	0	0	0	cluster_0	1.0000
7266	Spectrogram 1	1	7026.000000	7026.750000	0	0	noise	cluster_noise	0.0000
7267	Spectrogram 1	1	7026.500000	7027.750000	0	0	0	cluster_0	0.9644
7268	Spectrogram 1	1	7027.500000	7028.250000	0	0	10	cluster_10	0.7407
7269	Spectrogram 1	1	7028.000000	7028.750000	0	0	noise	cluster_noise	0.0000
7270	Spectrogram 1	1	7028.500000	7030.750000	0	0	0	cluster_0	1.0000
7271	Spectrogram 1	1	7030.500000	7031.000000	0	0	noise	cluster_noise	0.0000
7272	Spectrogram 1	1	7030.750000	7032.000000	0	0	4	cluster_4	0.8035
7273	Spectrogram 1	1	7031.750000	7034.750000	0	0	0	cluster_0	1.0000
7274	Spectrogram 1	1	7034.500000	7035.000000	0	0	noise	cluster_noise	0.0000
7275	Spectrogram 1	1	7034.750000	7035.500000	0	0	4	cluster_4	0.5331
7276	Spectrogram 1	1	7035.250000	7035.750000	0	0	noise	cluster_noise	0.0000
7277	Spectrogram 1	1	7035.500000	7037.250000	0	0	0	cluster_0	1.0000
7278	Spectrogram 1	1	7037.000000	7037.750000	0	0	10	cluster_10	0.8983
7279	Spectrogram 1	1	7037.500000	7039.500000	0	0	0	cluster_0	0.9630
7280	Spectrogram 1	1	7039.250000	7039.750000	0	0	10	cluster_10	0.9872
7281	Spectrogram 1	1	7039.500000	7041.500000	0	0	0	cluster_0	1.0000
7282	Spectrogram 1	1	7041.250000	7042.000000	0	0	10	cluster_10	0.5752
7283	Spectrogram 1	1	7041.750000	7042.750000	0	0	0	cluster_0	1.0000
7284	Spectrogram 1	1	7042.500000	7043.250000	0	0	10	cluster_10	0.9183
7285	Spectrogram 1	1	7043.000000	7043.500000	0	0	3	cluster_3	0.8134
7286	Spectrogram 1	1	7043.250000	7045.500000	0	0	0	cluster_0	1.0000
7287	Spectrogram 1	1	7045.250000	7046.000000	0	0	10	cluster_10	0.7600
7288	Spectrogram 1	1	7045.750000	7046.250000	0	0	0	cluster_0	1.0000
7289	Spectrogram 1	1	7046.000000	7046.750000	0	0	3	cluster_3	1.0000
7290	Spectrogram 1	1	7046.500000	7047.000000	0	0	0	cluster_0	1.0000
7291	Spectrogram 1	1	7046.750000	7047.500000	0	0	3	cluster_3	1.0000
7292	Spectrogram 1	1	7047.250000	7049.250000	0	0	0	cluster_0	1.0000
7293	Spectrogram 1	1	7049.000000	7049.500000	0	0	noise	cluster_noise	0.0000
7294	Spectrogram 1	1	7049.250000	7050.000000	0	0	3	cluster_3	0.9556
7295	Spectrogram 1	1	7049.750000	7051.750000	0	0	0	cluster_0	1.0000
7296	Spectrogram 1	1	7051.500000	7052.000000	0	0	10	cluster_10	1.0000
7297	Spectrogram 1	1	7051.750000	7052.250000	0	0	noise	cluster_noise	0.0000
7298	Spectrogram 1	1	7052.000000	7052.500000	0	0	3	cluster_3	1.0000
7299	Spectrogram 1	1	7054.000000	7054.500000	0	0	10	cluster_10	0.9669
7300	Spectrogram 1	1	7054.250000	7054.750000	0	0	noise	cluster_noise	0.0000
7301	Spectrogram 1	1	7054.500000	7055.000000	0	0	3	cluster_3	1.0000
7302	Spectrogram 1	1	7054.750000	7071.500000	0	0	0	cluster_0	0.9996
7303	Spectrogram 1	1	7071.250000	7072.000000	0	0	3	cluster_3	1.0000
7304	Spectrogram 1	1	7071.750000	7074.000000	0	0	0	cluster_0	1.0000
7305	Spectrogram 1	1	7073.750000	7074.750000	0	0	3	cluster_3	0.9437
7306	Spectrogram 1	1	7074.500000	7088.250000	0	0	0	cluster_0	1.0000
7307	Spectrogram 1	1	7088.000000	7089.000000	0	0	3	cluster_3	1.0000
7308	Spectrogram 1	1	7088.750000	7089.250000	0	0	noise	cluster_noise	0.0000
7309	Spectrogram 1	1	7089.000000	7091.000000	0	0	0	cluster_0	1.0000
7310	Spectrogram 1	1	7090.750000	7092.500000	0	0	3	cluster_3	1.0000
7311	Spectrogram 1	1	7092.250000	7093.750000	0	0	0	cluster_0	1.0000
7312	Spectrogram 1	1	7093.500000	7095.000000	0	0	3	cluster_3	0.9652
7313	Spectrogram 1	1	7094.750000	7096.500000	0	0	0	cluster_0	1.0000
7314	Spectrogram 1	1	7096.250000	7097.750000	0	0	3	cluster_3	0.9794
7315	Spectrogram 1	1	7097.500000	7099.000000	0	0	0	cluster_0	1.0000
7316	Spectrogram 1	1	7098.750000	7100.000000	0	0	3	cluster_3	1.0000
7317	Spectrogram 1	1	7099.750000	7102.750000	0	0	0	cluster_0	0.9631
7318	Spectrogram 1	1	7102.500000	7103.500000	0	0	3	cluster_3	1.0000
7319	Spectrogram 1	1	7105.000000	7106.500000	0	0	0	cluster_0	0.9612
7320	Spectrogram 1	1	7106.250000	7107.750000	0	0	2	cluster_2	0.9737
7321	Spectrogram 1	1	7107.500000	7110.750000	0	0	0	cluster_0	1.0000
7322	Spectrogram 1	1	7110.500000	7111.750000	0	0	3	cluster_3	0.9679
7323	Spectrogram 1	1	7111.500000	7117.000000	0	0	0	cluster_0	1.0000
7324	Spectrogram 1	1	7116.750000	7118.500000	0	0	3	cluster_3	1.0000
7325	Spectrogram 1	1	7118.250000	7120.000000	0	0	0	cluster_0	1.0000
7326	Spectrogram 1	1	7119.750000	7121.750000	0	0	3	cluster_3	0.9771
7327	Spectrogram 1	1	7121.500000	7124.000000	0	0	0	cluster_0	1.0000
7328	Spectrogram 1	1	7123.750000	7124.250000	0	0	3	cluster_3	0.9474
7329	Spectrogram 1	1	7124.000000	7124.500000	0	0	2	cluster_2	1.0000
7330	Spectrogram 1	1	7124.250000	7128.000000	0	0	0	cluster_0	0.9725
7331	Spectrogram 1	1	7127.750000	7129.000000	0	0	3	cluster_3	0.9738
7332	Spectrogram 1	1	7128.750000	7129.500000	0	0	0	cluster_0	1.0000
7333	Spectrogram 1	1	7135.000000	7136.000000	0	0	3	cluster_3	1.0000
7334	Spectrogram 1	1	7135.750000	7146.000000	0	0	0	cluster_0	1.0000
7335	Spectrogram 1	1	7145.750000	7146.750000	0	0	3	cluster_3	1.0000
7336	Spectrogram 1	1	7146.500000	7175.750000	0	0	0	cluster_0	0.9909
7337	Spectrogram 1	1	7175.500000	7176.250000	0	0	2	cluster_2	0.8597
7338	Spectrogram 1	1	7176.000000	7176.500000	0	0	3	cluster_3	1.0000
7339	Spectrogram 1	1	7176.250000	7176.750000	0	0	noise	cluster_noise	0.0000
7340	Spectrogram 1	1	7176.500000	7178.000000	0	0	0	cluster_0	1.0000
7341	Spectrogram 1	1	7177.750000	7178.500000	0	0	noise	cluster_noise	0.0000
7342	Spectrogram 1	1	7178.250000	7178.750000	0	0	3	cluster_3	1.0000
7343	Spectrogram 1	1	7178.500000	7179.000000	0	0	0	cluster_0	0.8038
7344	Spectrogram 1	1	7178.750000	7179.250000	0	0	noise	cluster_noise	0.0000
7345	Spectrogram 1	1	7179.000000	7179.500000	0	0	2	cluster_2	0.8685
7346	Spectrogram 1	1	7208.000000	7208.500000	0	0	5	cluster_5	1.0000
7347	Spectrogram 1	1	7208.250000	7208.750000	0	0	3	cluster_3	1.0000
7348	Spectrogram 1	1	7208.500000	7209.250000	0	0	5	cluster_5	1.0000
7349	Spectrogram 1	1	7209.000000	7210.500000	0	0	0	cluster_0	0.9599
7350	Spectrogram 1	1	7210.250000	7211.500000	0	0	3	cluster_3	1.0000
7351	Spectrogram 1	1	7219.000000	7219.750000	0	0	0	cluster_0	1.0000
7352	Spectrogram 1	1	7219.500000	7222.000000	0	0	5	cluster_5	0.9812
7353	Spectrogram 1	1	7221.750000	7223.000000	0	0	0	cluster_0	1.0000
7354	Spectrogram 1	1	7222.750000	7224.750000	0	0	3	cluster_3	0.9935
7355	Spectrogram 1	1	7224.500000	7226.500000	0	0	0	cluster_0	1.0000
7356	Spectrogram 1	1	7226.250000	7226.750000	0	0	5	cluster_5	0.8171
7357	Spectrogram 1	1	7226.500000	7227.500000	0	0	2	cluster_2	1.0000
7358	Spectrogram 1	1	7232.000000	7232.750000	0	0	5	cluster_5	1.0000
7359	Spectrogram 1	1	7232.500000	7233.500000	0	0	0	cluster_0	1.0000
7360	Spectrogram 1	1	7233.250000	7235.000000	0	0	3	cluster_3	0.9596
7361	Spectrogram 1	1	7234.750000	7237.500000	0	0	0	cluster_0	1.0000
7362	Spectrogram 1	1	7237.250000	7237.750000	0	0	noise	cluster_noise	0.0000
7363	Spectrogram 1	1	7237.500000	7238.750000	0	0	14	cluster_14	0.7496
7364	Spectrogram 1	1	7238.500000	7239.000000	0	0	5	cluster_5	0.7429
7365	Spectrogram 1	1	7238.750000	7241.500000	0	0	0	cluster_0	1.0000
7366	Spectrogram 1	1	7241.250000	7241.750000	0	0	noise	cluster_noise	0.0000
7367	Spectrogram 1	1	7241.500000	7243.500000	0	0	5	cluster_5	1.0000
7368	Spectrogram 1	1	7245.000000	7245.750000	0	0	3	cluster_3	1.0000
7369	Spectrogram 1	1	7245.500000	7248.500000	0	0	0	cluster_0	1.0000
7370	Spectrogram 1	1	7248.250000	7248.750000	0	0	noise	cluster_noise	0.0000
7371	Spectrogram 1	1	7248.500000	7249.750000	0	0	14	cluster_14	0.8380
7372	Spectrogram 1	1	7249.500000	7252.750000	0	0	0	cluster_0	0.9819
7373	Spectrogram 1	1	7252.500000	7254.500000	0	0	5	cluster_5	1.0000
7374	Spectrogram 1	1	7258.000000	7259.750000	0	0	0	cluster_0	1.0000
7375	Spectrogram 1	1	7259.500000	7260.250000	0	0	noise	cluster_noise	0.0000
7376	Spectrogram 1	1	7260.000000	7261.250000	0	0	5	cluster_5	1.0000
7377	Spectrogram 1	1	7261.000000	7261.500000	0	0	noise	cluster_noise	0.0000
7378	Spectrogram 1	1	7261.250000	7262.000000	0	0	5	cluster_5	0.8707
7379	Spectrogram 1	1	7261.750000	7263.750000	0	0	0	cluster_0	1.0000
7380	Spectrogram 1	1	7263.500000	7264.000000	0	0	noise	cluster_noise	0.0000
7381	Spectrogram 1	1	7263.750000	7266.000000	0	0	5	cluster_5	0.9977
7382	Spectrogram 1	1	7265.750000	7266.500000	0	0	0	cluster_0	0.9087
7383	Spectrogram 1	1	7266.250000	7267.500000	0	0	3	cluster_3	0.9502
7384	Spectrogram 1	1	7267.250000	7268.250000	0	0	0	cluster_0	1.0000
7385	Spectrogram 1	1	7268.000000	7268.500000	0	0	3	cluster_3	0.9585
7386	Spectrogram 1	1	7270.000000	7271.250000	0	0	0	cluster_0	1.0000
7387	Spectrogram 1	1	7271.000000	7271.500000	0	0	noise	cluster_noise	0.0000
7388	Spectrogram 1	1	7271.250000	7273.250000	0	0	5	cluster_5	0.9784
7389	Spectrogram 1	1	7273.000000	7275.000000	0	0	0	cluster_0	1.0000
7390	Spectrogram 1	1	7274.750000	7277.250000	0	0	5	cluster_5	0.9875
7391	Spectrogram 1	1	7277.000000	7278.250000	0	0	3	cluster_3	0.9973
7392	Spectrogram 1	1	7278.000000	7279.250000	0	0	0	cluster_0	1.0000
7393	Spectrogram 1	1	7279.000000	7279.750000	0	0	3	cluster_3	1.0000
7394	Spectrogram 1	1	7279.500000	7285.750000	0	0	0	cluster_0	1.0000
7395	Spectrogram 1	1	7285.500000	7286.000000	0	0	noise	cluster_noise	0.0000
7396	Spectrogram 1	1	7285.750000	7287.750000	0	0	5	cluster_5	1.0000
7397	Spectrogram 1	1	7287.500000	7288.500000	0	0	0	cluster_0	0.9961
7398	Spectrogram 1	1	7288.250000	7288.750000	0	0	5	cluster_5	0.7960
7399	Spectrogram 1	1	7288.500000	7290.250000	0	0	0	cluster_0	0.9832
7400	Spectrogram 1	1	7290.000000	7290.750000	0	0	noise	cluster_noise	0.0000
7401	Spectrogram 1	1	7290.500000	7291.500000	0	0	0	cluster_0	1.0000
7402	Spectrogram 1	1	7291.250000	7292.500000	0	0	noise	cluster_noise	0.0000
7403	Spectrogram 1	1	7292.250000	7293.500000	0	0	0	cluster_0	1.0000
7404	Spectrogram 1	1	7293.250000	7294.250000	0	0	noise	cluster_noise	0.0000
7405	Spectrogram 1	1	7294.000000	7294.500000	0	0	0	cluster_0	1.0000
7406	Spectrogram 1	1	7297.000000	7298.000000	0	0	5	cluster_5	0.9220
7407	Spectrogram 1	1	7297.750000	7299.750000	0	0	0	cluster_0	1.0000
7408	Spectrogram 1	1	7299.500000	7300.000000	0	0	noise	cluster_noise	0.0000
7409	Spectrogram 1	1	7299.750000	7301.250000	0	0	5	cluster_5	1.0000
7410	Spectrogram 1	1	7301.000000	7301.500000	0	0	0	cluster_0	1.0000
7411	Spectrogram 1	1	7301.250000	7301.750000	0	0	5	cluster_5	1.0000
7412	Spectrogram 1	1	7301.500000	7302.500000	0	0	0	cluster_0	1.0000
7413	Spectrogram 1	1	7302.250000	7303.250000	0	0	noise	cluster_noise	0.0000
7414	Spectrogram 1	1	7303.000000	7304.250000	0	0	0	cluster_0	1.0000
7415	Spectrogram 1	1	7304.000000	7305.000000	0	0	noise	cluster_noise	0.0000
7416	Spectrogram 1	1	7304.750000	7309.750000	0	0	0	cluster_0	1.0000
7417	Spectrogram 1	1	7309.500000	7310.000000	0	0	3	cluster_3	0.8710
7418	Spectrogram 1	1	7309.750000	7310.500000	0	0	noise	cluster_noise	0.0000
7419	Spectrogram 1	1	7311.000000	7313.000000	0	0	0	cluster_0	1.0000
7420	Spectrogram 1	1	7312.750000	7314.500000	0	0	5	cluster_5	0.9124
7421	Spectrogram 1	1	7314.250000	7316.000000	0	0	0	cluster_0	1.0000
7422	Spectrogram 1	1	7315.750000	7317.500000	0	0	5	cluster_5	1.0000
7423	Spectrogram 1	1	7320.000000	7321.000000	0	0	noise	cluster_noise	0.0000
7424	Spectrogram 1	1	7320.750000	7321.250000	0	0	5	cluster_5	1.0000
7425	Spectrogram 1	1	7321.000000	7322.000000	0	0	0	cluster_0	1.0000
7426	Spectrogram 1	1	7321.750000	7322.750000	0	0	noise	cluster_noise	0.0000
7427	Spectrogram 1	1	7322.500000	7323.750000	0	0	0	cluster_0	1.0000
7428	Spectrogram 1	1	7323.500000	7324.000000	0	0	noise	cluster_noise	0.0000
7429	Spectrogram 1	1	7323.750000	7324.500000	0	0	5	cluster_5	0.8784
7430	Spectrogram 1	1	7324.250000	7326.250000	0	0	0	cluster_0	0.9580
7431	Spectrogram 1	1	7326.000000	7332.500000	0	0	5	cluster_5	1.0000
7432	Spectrogram 1	1	7332.250000	7333.250000	0	0	0	cluster_0	1.0000
7433	Spectrogram 1	1	7333.000000	7334.000000	0	0	noise	cluster_noise	0.0000
7434	Spectrogram 1	1	7333.750000	7335.250000	0	0	0	cluster_0	1.0000
7435	Spectrogram 1	1	7335.000000	7336.000000	0	0	noise	cluster_noise	0.0000
7436	Spectrogram 1	1	7335.750000	7337.000000	0	0	0	cluster_0	1.0000
7437	Spectrogram 1	1	7336.750000	7337.750000	0	0	noise	cluster_noise	0.0000
7438	Spectrogram 1	1	7337.500000	7338.750000	0	0	0	cluster_0	1.0000
7439	Spectrogram 1	1	7338.500000	7339.500000	0	0	noise	cluster_noise	0.0000
7440	Spectrogram 1	1	7343.000000	7343.500000	0	0	0	cluster_0	0.7552
7441	Spectrogram 1	1	7343.250000	7344.750000	0	0	5	cluster_5	1.0000
7442	Spectrogram 1	1	7344.500000	7349.750000	0	0	0	cluster_0	1.0000
7443	Spectrogram 1	1	7349.500000	7350.000000	0	0	noise	cluster_noise	0.0000
7444	Spectrogram 1	1	7349.750000	7350.250000	0	0	0	cluster_0	1.0000
7445	Spectrogram 1	1	7350.000000	7353.500000	0	0	noise	cluster_noise	0.0000
7446	Spectrogram 1	1	7353.250000	7355.750000	0	0	0	cluster_0	0.9718
7447	Spectrogram 1	1	7355.500000	7357.000000	0	0	5	cluster_5	0.9218
7448	Spectrogram 1	1	7356.750000	7366.250000	0	0	0	cluster_0	0.9964
7449	Spectrogram 1	1	7366.000000	7366.750000	0	0	noise	cluster_noise	0.0000
7450	Spectrogram 1	1	7366.500000	7367.500000	0	0	5	cluster_5	0.7417
7451	Spectrogram 1	1	7367.250000	7380.250000	0	0	0	cluster_0	0.9991
7452	Spectrogram 1	1	7380.000000	7380.750000	0	0	5	cluster_5	1.0000
7453	Spectrogram 1	1	7380.500000	7386.500000	0	0	0	cluster_0	1.0000
7454	Spectrogram 1	1	7386.250000	7386.750000	0	0	noise	cluster_noise	0.0000
7455	Spectrogram 1	1	7386.500000	7388.000000	0	0	0	cluster_0	1.0000
7456	Spectrogram 1	1	7387.750000	7388.250000	0	0	noise	cluster_noise	0.0000
7457	Spectrogram 1	1	7388.000000	7538.250000	0	0	0	cluster_0	0.9999
7458	Spectrogram 1	1	7538.000000	7539.000000	0	0	noise	cluster_noise	0.0000
7459	Spectrogram 1	1	7538.750000	7539.250000	0	0	5	cluster_5	1.0000
7460	Spectrogram 1	1	7539.000000	7540.750000	0	0	0	cluster_0	1.0000
7461	Spectrogram 1	1	7540.500000	7541.250000	0	0	10	cluster_10	0.9256
7462	Spectrogram 1	1	7541.000000	7542.250000	0	0	0	cluster_0	1.0000
7463	Spectrogram 1	1	7542.000000	7542.500000	0	0	10	cluster_10	0.5942
7464	Spectrogram 1	1	7545.000000	7545.750000	0	0	noise	cluster_noise	0.0000
7465	Spectrogram 1	1	7545.500000	7547.000000	0	0	0	cluster_0	0.9995
7466	Spectrogram 1	1	7546.750000	7547.500000	0	0	10	cluster_10	0.9500
7467	Spectrogram 1	1	7547.250000	7547.750000	0	0	0	cluster_0	1.0000
7468	Spectrogram 1	1	7547.500000	7548.250000	0	0	noise	cluster_noise	0.0000
7469	Spectrogram 1	1	7548.000000	7548.500000	0	0	3	cluster_3	1.0000
7470	Spectrogram 1	1	7549.000000	7549.750000	0	0	noise	cluster_noise	0.0000
7471	Spectrogram 1	1	7549.500000	7551.750000	0	0	0	cluster_0	1.0000
7472	Spectrogram 1	1	7551.500000	7552.000000	0	0	10	cluster_10	0.7933
7473	Spectrogram 1	1	7551.750000	7552.500000	0	0	3	cluster_3	1.0000
7474	Spectrogram 1	1	7552.250000	7554.250000	0	0	0	cluster_0	1.0000
7475	Spectrogram 1	1	7554.000000	7554.750000	0	0	10	cluster_10	0.7012
7476	Spectrogram 1	1	7554.500000	7555.000000	0	0	3	cluster_3	0.9848
7477	Spectrogram 1	1	7554.750000	7556.500000	0	0	0	cluster_0	1.0000
7478	Spectrogram 1	1	7556.250000	7556.750000	0	0	noise	cluster_noise	0.0000
7479	Spectrogram 1	1	7556.500000	7557.000000	0	0	10	cluster_10	0.6330
7480	Spectrogram 1	1	7556.750000	7557.250000	0	0	noise	cluster_noise	0.0000
7481	Spectrogram 1	1	7557.000000	7568.750000	0	0	0	cluster_0	1.0000
7482	Spectrogram 1	1	7568.500000	7569.500000	0	0	3	cluster_3	1.0000
7483	Spectrogram 1	1	7569.250000	7571.500000	0	0	0	cluster_0	1.0000
7484	Spectrogram 1	1	7571.250000	7572.000000	0	0	3	cluster_3	1.0000
7485	Spectrogram 1	1	7571.750000	7574.000000	0	0	0	cluster_0	1.0000
7486	Spectrogram 1	1	7573.750000	7574.500000	0	0	3	cluster_3	1.0000
7487	Spectrogram 1	1	7575.000000	7576.500000	0	0	0	cluster_0	1.0000
7488	Spectrogram 1	1	7576.250000	7577.000000	0	0	3	cluster_3	1.0000
7489	Spectrogram 1	1	7576.750000	7589.000000	0	0	0	cluster_0	0.9965
7490	Spectrogram 1	1	7588.750000	7589.750000	0	0	3	cluster_3	1.0000
7491	Spectrogram 1	1	7589.500000	7591.750000	0	0	0	cluster_0	1.0000
7492	Spectrogram 1	1	7591.500000	7592.750000	0	0	3	cluster_3	1.0000
7493	Spectrogram 1	1	7592.500000	7594.500000	0	0	0	cluster_0	1.0000
7494	Spectrogram 1	1	7595.000000	7595.500000	0	0	3	cluster_3	1.0000
7495	Spectrogram 1	1	7595.250000	7597.250000	0	0	0	cluster_0	0.9690
7496	Spectrogram 1	1	7597.000000	7597.750000	0	0	3	cluster_3	1.0000
7497	Spectrogram 1	1	7597.500000	7609.500000	0	0	0	cluster_0	0.9889
7498	Spectrogram 1	1	7610.000000	7610.750000	0	0	3	cluster_3	1.0000
7499	Spectrogram 1	1	7610.500000	7611.000000	0	0	noise	cluster_noise	0.0000
7500	Spectrogram 1	1	7610.750000	7611.500000	0	0	3	cluster_3	0.9577
7501	Spectrogram 1	1	7611.250000	7613.000000	0	0	0	cluster_0	1.0000
7502	Spectrogram 1	1	7612.750000	7614.000000	0	0	3	cluster_3	0.9824
7503	Spectrogram 1	1	7613.750000	7615.750000	0	0	0	cluster_0	1.0000
7504	Spectrogram 1	1	7615.500000	7616.750000	0	0	3	cluster_3	0.9936
7505	Spectrogram 1	1	7616.500000	7618.500000	0	0	0	cluster_0	1.0000
7506	Spectrogram 1	1	7618.250000	7619.750000	0	0	3	cluster_3	0.9752
7507	Spectrogram 1	1	7619.500000	7621.500000	0	0	0	cluster_0	1.0000
7508	Spectrogram 1	1	7621.250000	7622.500000	0	0	3	cluster_3	1.0000
7509	Spectrogram 1	1	7622.250000	7624.000000	0	0	0	cluster_0	1.0000
7510	Spectrogram 1	1	7623.750000	7625.250000	0	0	3	cluster_3	1.0000
7511	Spectrogram 1	1	7625.000000	7627.250000	0	0	0	cluster_0	1.0000
7512	Spectrogram 1	1	7627.000000	7628.250000	0	0	3	cluster_3	1.0000
7513	Spectrogram 1	1	7628.000000	7630.000000	0	0	0	cluster_0	1.0000
7514	Spectrogram 1	1	7629.750000	7630.750000	0	0	3	cluster_3	1.0000
7515	Spectrogram 1	1	7630.500000	7631.250000	0	0	0	cluster_0	1.0000
7516	Spectrogram 1	1	7631.000000	7631.500000	0	0	3	cluster_3	1.0000
7517	Spectrogram 1	1	7631.250000	7633.500000	0	0	0	cluster_0	1.0000
7518	Spectrogram 1	1	7633.250000	7634.750000	0	0	2	cluster_2	0.9329
7519	Spectrogram 1	1	7634.500000	7637.750000	0	0	0	cluster_0	1.0000
7520	Spectrogram 1	1	7637.500000	7653.000000	0	0	3	cluster_3	1.0000
7521	Spectrogram 1	1	7652.750000	7653.250000	0	0	noise	cluster_noise	0.0000
7522	Spectrogram 1	1	7653.000000	7654.500000	0	0	0	cluster_0	1.0000
7523	Spectrogram 1	1	7673.000000	7674.000000	0	0	2	cluster_2	1.0000
7524	Spectrogram 1	1	7673.750000	7675.500000	0	0	0	cluster_0	1.0000
7525	Spectrogram 1	1	7675.250000	7676.500000	0	0	2	cluster_2	0.9079
7526	Spectrogram 1	1	7708.000000	7708.500000	0	0	0	cluster_0	1.0000
7527	Spectrogram 1	1	7708.250000	7709.750000	0	0	3	cluster_3	0.9811
7528	Spectrogram 1	1	7709.500000	7711.500000	0	0	0	cluster_0	1.0000
7529	Spectrogram 1	1	7722.000000	7722.500000	0	0	3	cluster_3	1.0000
7530	Spectrogram 1	1	7722.250000	7722.750000	0	0	noise	cluster_noise	0.0000
7531	Spectrogram 1	1	7722.500000	7724.500000	0	0	0	cluster_0	1.0000
7532	Spectrogram 1	1	7724.250000	7724.750000	0	0	5	cluster_5	0.7911
7533	Spectrogram 1	1	7724.500000	7725.750000	0	0	2	cluster_2	0.9985
7534	Spectrogram 1	1	7725.500000	7737.250000	0	0	0	cluster_0	1.0000
7535	Spectrogram 1	1	7737.000000	7737.500000	0	0	5	cluster_5	0.7803
7536	Spectrogram 1	1	7737.250000	7738.500000	0	0	2	cluster_2	0.9654
7537	Spectrogram 1	1	7738.250000	7739.750000	0	0	0	cluster_0	1.0000
7538	Spectrogram 1	1	7739.500000	7740.000000	0	0	5	cluster_5	0.8087
7539	Spectrogram 1	1	7739.750000	7740.500000	0	0	2	cluster_2	1.0000
7540	Spectrogram 1	1	7747.000000	7747.500000	0	0	3	cluster_3	1.0000
7541	Spectrogram 1	1	7747.250000	7749.750000	0	0	0	cluster_0	0.9717
7542	Spectrogram 1	1	7749.500000	7750.000000	0	0	5	cluster_5	0.7778
7543	Spectrogram 1	1	7749.750000	7751.000000	0	0	2	cluster_2	0.9468
7544	Spectrogram 1	1	7750.750000	7752.250000	0	0	0	cluster_0	0.9595
7545	Spectrogram 1	1	7752.000000	7752.500000	0	0	5	cluster_5	0.9571
7546	Spectrogram 1	1	7752.250000	7753.250000	0	0	2	cluster_2	0.8974
7547	Spectrogram 1	1	7753.000000	7755.750000	0	0	0	cluster_0	0.9845
7548	Spectrogram 1	1	7755.500000	7757.500000	0	0	5	cluster_5	0.9859
7549	Spectrogram 1	1	7760.000000	7760.500000	0	0	3	cluster_3	1.0000
7550	Spectrogram 1	1	7760.250000	7763.000000	0	0	0	cluster_0	0.9730
7551	Spectrogram 1	1	7762.750000	7763.250000	0	0	noise	cluster_noise	0.0000
7552	Spectrogram 1	1	7763.000000	7764.000000	0	0	2	cluster_2	0.9657
7553	Spectrogram 1	1	7763.750000	7766.750000	0	0	0	cluster_0	1.0000
7554	Spectrogram 1	1	7766.500000	7768.250000	0	0	5	cluster_5	0.9785
7555	Spectrogram 1	1	7768.000000	7768.500000	0	0	0	cluster_0	1.0000
7556	Spectrogram 1	1	7768.250000	7768.750000	0	0	5	cluster_5	1.0000
7557	Spectrogram 1	1	7768.500000	7770.250000	0	0	0	cluster_0	0.9880
7558	Spectrogram 1	1	7770.000000	7771.500000	0	0	3	cluster_3	0.9424
7559	Spectrogram 1	1	7773.000000	7773.750000	0	0	0	cluster_0	1.0000
7560	Spectrogram 1	1	7773.500000	7774.000000	0	0	noise	cluster_noise	0.0000
7561	Spectrogram 1	1	7773.750000	7774.750000	0	0	14	cluster_14	0.5402
7562	Spectrogram 1	1	7774.500000	7775.250000	0	0	noise	cluster_noise	0.0000
7563	Spectrogram 1	1	7775.000000	7778.000000	0	0	0	cluster_0	1.0000
7564	Spectrogram 1	1	7777.750000	7779.750000	0	0	5	cluster_5	0.9725
7565	Spectrogram 1	1	7779.500000	7780.750000	0	0	0	cluster_0	1.0000
7566	Spectrogram 1	1	7780.500000	7781.750000	0	0	3	cluster_3	1.0000
7567	Spectrogram 1	1	7781.500000	7784.500000	0	0	0	cluster_0	1.0000
7568	Spectrogram 1	1	7786.000000	7786.500000	0	0	5	cluster_5	0.8053
7569	Spectrogram 1	1	7786.250000	7789.000000	0	0	0	cluster_0	1.0000
7570	Spectrogram 1	1	7788.750000	7790.750000	0	0	5	cluster_5	0.9905
7571	Spectrogram 1	1	7790.500000	7791.750000	0	0	0	cluster_0	1.0000
7572	Spectrogram 1	1	7791.500000	7792.500000	0	0	3	cluster_3	1.0000
7573	Spectrogram 1	1	7792.250000	7795.750000	0	0	0	cluster_0	1.0000
7574	Spectrogram 1	1	7795.500000	7796.000000	0	0	noise	cluster_noise	0.0000
7575	Spectrogram 1	1	7795.750000	7797.000000	0	0	14	cluster_14	0.6886
7576	Spectrogram 1	1	7796.750000	7797.500000	0	0	noise	cluster_noise	0.0000
7577	Spectrogram 1	1	7799.000000	7800.000000	0	0	0	cluster_0	1.0000
7578	Spectrogram 1	1	7799.750000	7802.000000	0	0	5	cluster_5	1.0000
7579	Spectrogram 1	1	7801.750000	7802.500000	0	0	0	cluster_0	1.0000
7580	Spectrogram 1	1	7802.250000	7803.750000	0	0	3	cluster_3	1.0000
7581	Spectrogram 1	1	7803.500000	7806.500000	0	0	0	cluster_0	1.0000
7582	Spectrogram 1	1	7806.250000	7808.750000	0	0	5	cluster_5	0.9858
7583	Spectrogram 1	1	7808.500000	7810.500000	0	0	0	cluster_0	1.0000
7584	Spectrogram 1	1	7812.000000	7813.000000	0	0	5	cluster_5	0.9651
7585	Spectrogram 1	1	7812.750000	7813.250000	0	0	noise	cluster_noise	0.0000
7586	Spectrogram 1	1	7813.000000	7814.500000	0	0	3	cluster_3	0.9684
7587	Spectrogram 1	1	7814.250000	7817.250000	0	0	0	cluster_0	1.0000
7588	Spectrogram 1	1	7817.000000	7819.500000	0	0	5	cluster_5	0.9616
7589	Spectrogram 1	1	7819.250000	7821.500000	0	0	0	cluster_0	0.9666
7590	Spectrogram 1	1	7821.250000	7823.500000	0	0	5	cluster_5	0.9943
7591	Spectrogram 1	1	7825.000000	7827.500000	0	0	0	cluster_0	1.0000
7592	Spectrogram 1	1	7827.250000	7830.250000	0	0	5	cluster_5	0.9772
7593	Spectrogram 1	1	7830.000000	7832.000000	0	0	0	cluster_0	1.0000
7594	Spectrogram 1	1	7831.750000	7834.250000	0	0	5	cluster_5	0.9840
7595	Spectrogram 1	1	7834.000000	7834.750000	0	0	0	cluster_0	1.0000
7596	Spectrogram 1	1	7834.500000	7835.750000	0	0	3	cluster_3	0.9918
7597	Spectrogram 1	1	7835.500000	7838.500000	0	0	0	cluster_0	1.0000
7598	Spectrogram 1	1	7838.250000	7840.750000	0	0	5	cluster_5	0.9726
7599	Spectrogram 1	1	7840.500000	7842.750000	0	0	0	cluster_0	0.9995
7600	Spectrogram 1	1	7842.500000	7845.000000	0	0	5	cluster_5	0.9712
7601	Spectrogram 1	1	7844.750000	7845.250000	0	0	0	cluster_0	1.0000
7602	Spectrogram 1	1	7845.000000	7845.750000	0	0	3	cluster_3	1.0000
7603	Spectrogram 1	1	7845.500000	7846.000000	0	0	0	cluster_0	1.0000
7604	Spectrogram 1	1	7845.750000	7846.250000	0	0	3	cluster_3	1.0000
7605	Spectrogram 1	1	7846.000000	7846.500000	0	0	noise	cluster_noise	0.0000
7606	Spectrogram 1	1	7846.250000	7853.000000	0	0	0	cluster_0	1.0000
7607	Spectrogram 1	1	7852.750000	7855.250000	0	0	5	cluster_5	0.9667
7608	Spectrogram 1	1	7855.000000	7855.500000	0	0	0	cluster_0	1.0000
7609	Spectrogram 1	1	7855.250000	7856.750000	0	0	3	cluster_3	0.9906
7610	Spectrogram 1	1	7856.500000	7858.500000	0	0	0	cluster_0	1.0000
7611	Spectrogram 1	1	7860.000000	7861.750000	0	0	5	cluster_5	0.9716
7612	Spectrogram 1	1	7861.500000	7863.250000	0	0	0	cluster_0	1.0000
7613	Spectrogram 1	1	7863.000000	7863.500000	0	0	noise	cluster_noise	0.0000
7614	Spectrogram 1	1	7863.250000	7865.500000	0	0	5	cluster_5	1.0000
7615	Spectrogram 1	1	7865.250000	7866.250000	0	0	0	cluster_0	0.9141
7616	Spectrogram 1	1	7866.000000	7866.500000	0	0	noise	cluster_noise	0.0000
7617	Spectrogram 1	1	7866.250000	7873.750000	0	0	0	cluster_0	0.9844
7618	Spectrogram 1	1	7873.500000	7876.250000	0	0	5	cluster_5	0.9798
7619	Spectrogram 1	1	7876.000000	7878.000000	0	0	0	cluster_0	0.9788
7620	Spectrogram 1	1	7877.750000	7880.000000	0	0	5	cluster_5	0.9883
7621	Spectrogram 1	1	7879.750000	7880.500000	0	0	0	cluster_0	1.0000
7622	Spectrogram 1	1	7880.250000	7881.250000	0	0	noise	cluster_noise	0.0000
7623	Spectrogram 1	1	7881.000000	7882.750000	0	0	0	cluster_0	0.9081
7624	Spectrogram 1	1	7882.500000	7883.500000	0	0	noise	cluster_noise	0.0000
7625	Spectrogram 1	1	7883.250000	7884.750000	0	0	0	cluster_0	1.0000
7626	Spectrogram 1	1	7884.500000	7885.250000	0	0	noise	cluster_noise	0.0000
7627	Spectrogram 1	1	7885.000000	7886.500000	0	0	0	cluster_0	0.9911
7628	Spectrogram 1	1	7886.250000	7887.500000	0	0	noise	cluster_noise	0.0000
7629	Spectrogram 1	1	7887.250000	7888.250000	0	0	0	cluster_0	1.0000
7630	Spectrogram 1	1	7888.000000	7889.000000	0	0	noise	cluster_noise	0.0000
7631	Spectrogram 1	1	7888.750000	7890.500000	0	0	0	cluster_0	1.0000
7632	Spectrogram 1	1	7890.250000	7896.500000	0	0	5	cluster_5	0.9943
7633	Spectrogram 1	1	7897.000000	7898.000000	0	0	noise	cluster_noise	0.0000
7634	Spectrogram 1	1	7897.750000	7899.250000	0	0	0	cluster_0	1.0000
7635	Spectrogram 1	1	7899.000000	7900.000000	0	0	noise	cluster_noise	0.0000
7636	Spectrogram 1	1	7899.750000	7901.000000	0	0	0	cluster_0	1.0000
7637	Spectrogram 1	1	7900.750000	7901.750000	0	0	noise	cluster_noise	0.0000
7638	Spectrogram 1	1	7901.500000	7905.750000	0	0	0	cluster_0	0.9749
7639	Spectrogram 1	1	7905.500000	7907.500000	0	0	5	cluster_5	0.9976
7640	Spectrogram 1	1	7907.250000	7909.750000	0	0	0	cluster_0	0.9727
7641	Spectrogram 1	1	7909.500000	7911.500000	0	0	5	cluster_5	1.0000
7642	Spectrogram 1	1	7911.250000	7912.000000	0	0	0	cluster_0	1.0000
7643	Spectrogram 1	1	7911.750000	7912.750000	0	0	noise	cluster_noise	0.0000
7644	Spectrogram 1	1	7912.500000	7913.500000	0	0	0	cluster_0	1.0000
7645	Spectrogram 1	1	7914.000000	7914.750000	0	0	noise	cluster_noise	0.0000
7646	Spectrogram 1	1	7914.500000	7916.000000	0	0	0	cluster_0	1.0000
7647	Spectrogram 1	1	7915.750000	7916.750000	0	0	noise	cluster_noise	0.0000
7648	Spectrogram 1	1	7916.500000	7918.000000	0	0	0	cluster_0	1.0000
7649	Spectrogram 1	1	7917.750000	7918.750000	0	0	noise	cluster_noise	0.0000
7650	Spectrogram 1	1	7918.500000	7920.750000	0	0	0	cluster_0	0.9664
7651	Spectrogram 1	1	7920.500000	7923.000000	0	0	5	cluster_5	0.9597
7652	Spectrogram 1	1	7922.750000	7928.000000	0	0	0	cluster_0	1.0000
7653	Spectrogram 1	1	7927.750000	7928.500000	0	0	noise	cluster_noise	0.0000
7654	Spectrogram 1	1	7928.250000	7929.250000	0	0	3	cluster_3	1.0000
7655	Spectrogram 1	1	7929.000000	7930.250000	0	0	0	cluster_0	1.0000
7656	Spectrogram 1	1	7930.000000	7930.500000	0	0	noise	cluster_noise	0.0000
7657	Spectrogram 1	1	7930.250000	7931.250000	0	0	3	cluster_3	0.9753
7658	Spectrogram 1	1	7931.000000	7933.250000	0	0	0	cluster_0	0.9663
7659	Spectrogram 1	1	7933.000000	7934.500000	0	0	5	cluster_5	1.0000
7660	Spectrogram 1	1	7937.000000	7940.750000	0	0	0	cluster_0	1.0000
7661	Spectrogram 1	1	7940.500000	7941.000000	0	0	noise	cluster_noise	0.0000
7662	Spectrogram 1	1	7940.750000	7941.500000	0	0	3	cluster_3	0.8464
7663	Spectrogram 1	1	7941.250000	7941.750000	0	0	0	cluster_0	1.0000
7664	Spectrogram 1	1	7941.500000	7942.000000	0	0	3	cluster_3	0.8763
7665	Spectrogram 1	1	7941.750000	7945.000000	0	0	0	cluster_0	1.0000
7666	Spectrogram 1	1	7944.750000	7946.500000	0	0	5	cluster_5	1.0000
7667	Spectrogram 1	1	7947.000000	7952.000000	0	0	0	cluster_0	1.0000
7668	Spectrogram 1	1	7951.750000	7952.250000	0	0	noise	cluster_noise	0.0000
7669	Spectrogram 1	1	7952.000000	7953.000000	0	0	3	cluster_3	0.9692
7670	Spectrogram 1	1	7952.750000	7954.000000	0	0	0	cluster_0	1.0000
7671	Spectrogram 1	1	7953.750000	7954.250000	0	0	3	cluster_3	1.0000
7672	Spectrogram 1	1	7954.000000	7954.500000	0	0	noise	cluster_noise	0.0000
7673	Spectrogram 1	1	7954.250000	7954.750000	0	0	3	cluster_3	1.0000
7674	Spectrogram 1	1	7954.500000	7955.000000	0	0	noise	cluster_noise	0.0000
7675	Spectrogram 1	1	7954.750000	7957.250000	0	0	0	cluster_0	1.0000
7676	Spectrogram 1	1	7957.000000	7959.500000	0	0	5	cluster_5	0.9843
7677	Spectrogram 1	1	7959.250000	7965.000000	0	0	0	cluster_0	1.0000
7678	Spectrogram 1	1	7964.750000	7965.250000	0	0	noise	cluster_noise	0.0000
7679	Spectrogram 1	1	7965.000000	7966.500000	0	0	3	cluster_3	0.9943
7680	Spectrogram 1	1	7966.250000	7968.750000	0	0	0	cluster_0	1.0000
7681	Spectrogram 1	1	7968.500000	7971.000000	0	0	5	cluster_5	0.9545
7682	Spectrogram 1	1	7970.750000	7976.500000	0	0	0	cluster_0	0.9859
7683	Spectrogram 1	1	7976.250000	7977.000000	0	0	3	cluster_3	1.0000
7684	Spectrogram 1	1	7976.750000	7977.500000	0	0	0	cluster_0	1.0000
7685	Spectrogram 1	1	7977.250000	7977.750000	0	0	3	cluster_3	1.0000
7686	Spectrogram 1	1	7977.500000	7980.000000	0	0	0	cluster_0	1.0000
7687	Spectrogram 1	1	7979.750000	7982.000000	0	0	5	cluster_5	0.9608
7688	Spectrogram 1	1	7981.750000	7982.250000	0	0	noise	cluster_noise	0.0000
7689	Spectrogram 1	1	7982.000000	7982.500000	0	0	5	cluster_5	1.0000
7690	Spectrogram 1	1	7982.250000	7989.250000	0	0	0	cluster_0	0.9925
7691	Spectrogram 1	1	7989.000000	7989.500000	0	0	3	cluster_3	0.8974
7692	Spectrogram 1	1	7989.250000	7991.500000	0	0	0	cluster_0	1.0000
7693	Spectrogram 1	1	7991.250000	7994.000000	0	0	5	cluster_5	0.9466
7694	Spectrogram 1	1	7993.750000	7998.250000	0	0	0	cluster_0	1.0000
7695	Spectrogram 1	1	7998.000000	7999.250000	0	0	5	cluster_5	0.9529
7696	Spectrogram 1	1	7999.000000	8002.250000	0	0	0	cluster_0	1.0000
7697	Spectrogram 1	1	8002.000000	8003.500000	0	0	5	cluster_5	0.9603
7698	Spectrogram 1	1	8005.000000	8005.500000	0	0	10	cluster_10	0.7564
7699	Spectrogram 1	1	8005.250000	8010.750000	0	0	0	cluster_0	1.0000
7700	Spectrogram 1	1	8010.500000	8011.250000	0	0	4	cluster_4	0.7763
7701	Spectrogram 1	1	8011.000000	8011.500000	0	0	noise	cluster_noise	0.0000
7702	Spectrogram 1	1	8011.250000	8011.750000	0	0	5	cluster_5	1.0000
7703	Spectrogram 1	1	8011.500000	8014.500000	0	0	0	cluster_0	1.0000
7704	Spectrogram 1	1	8014.250000	8015.500000	0	0	5	cluster_5	0.8627
7705	Spectrogram 1	1	8023.000000	8025.000000	0	0	0	cluster_0	1.0000
7706	Spectrogram 1	1	8024.750000	8025.250000	0	0	4	cluster_4	0.6916
7707	Spectrogram 1	1	8025.000000	8025.750000	0	0	5	cluster_5	0.7239
7708	Spectrogram 1	1	8025.500000	8026.000000	0	0	noise	cluster_noise	0.0000
7709	Spectrogram 1	1	8025.750000	8026.750000	0	0	5	cluster_5	0.9050
7710	Spectrogram 1	1	8026.500000	8036.250000	0	0	0	cluster_0	1.0000
7711	Spectrogram 1	1	8036.000000	8036.750000	0	0	noise	cluster_noise	0.0000
7712	Spectrogram 1	1	8036.500000	8092.750000	0	0	0	cluster_0	0.9978
7713	Spectrogram 1	1	8092.500000	8093.250000	0	0	3	cluster_3	0.9170
7714	Spectrogram 1	1	8093.000000	8112.250000	0	0	0	cluster_0	1.0000
7715	Spectrogram 1	1	8112.000000	8112.750000	0	0	3	cluster_3	0.8671
7716	Spectrogram 1	1	8112.500000	8120.500000	0	0	0	cluster_0	1.0000
7717	Spectrogram 1	1	8236.000000	8237.500000	0	0	5	cluster_5	0.9427
7718	Spectrogram 1	1	8237.250000	8239.500000	0	0	0	cluster_0	1.0000
7719	Spectrogram 1	1	8239.250000	8240.500000	0	0	3	cluster_3	0.9902
7720	Spectrogram 1	1	8254.000000	8272.000000	0	0	0	cluster_0	1.0000
7721	Spectrogram 1	1	8271.750000	8273.250000	0	0	5	cluster_5	1.0000
7722	Spectrogram 1	1	8273.000000	8275.250000	0	0	0	cluster_0	1.0000
7723	Spectrogram 1	1	8275.000000	8275.500000	0	0	3	cluster_3	1.0000
7724	Spectrogram 1	1	8275.250000	8276.000000	0	0	0	cluster_0	1.0000
7725	Spectrogram 1	1	8275.750000	8276.250000	0	0	3	cluster_3	1.0000
7726	Spectrogram 1	1	8276.000000	8277.500000	0	0	0	cluster_0	1.0000
7727	Spectrogram 1	1	8284.000000	8284.500000	0	0	5	cluster_5	1.0000
7728	Spectrogram 1	1	8284.250000	8286.750000	0	0	0	cluster_0	1.0000
7729	Spectrogram 1	1	8286.500000	8287.000000	0	0	3	cluster_3	1.0000
7730	Spectrogram 1	1	8286.750000	8289.750000	0	0	0	cluster_0	1.0000
7731	Spectrogram 1	1	8289.500000	8290.250000	0	0	noise	cluster_noise	0.0000
7732	Spectrogram 1	1	8290.000000	8291.000000	0	0	5	cluster_5	0.9117
7733	Spectrogram 1	1	8290.750000	8300.750000	0	0	0	cluster_0	1.0000
7734	Spectrogram 1	1	8300.500000	8301.000000	0	0	noise	cluster_noise	0.0000
7735	Spectrogram 1	1	8300.750000	8301.250000	0	0	14	cluster_14	0.7833
7736	Spectrogram 1	1	8301.000000	8301.500000	0	0	noise	cluster_noise	0.0000
7737	Spectrogram 1	1	8301.250000	8302.000000	0	0	5	cluster_5	0.7924
7738	Spectrogram 1	1	8301.750000	8304.750000	0	0	0	cluster_0	1.0000
7739	Spectrogram 1	1	8304.500000	8305.000000	0	0	noise	cluster_noise	0.0000
7740	Spectrogram 1	1	8304.750000	8306.250000	0	0	5	cluster_5	0.9831
7741	Spectrogram 1	1	8306.000000	8307.250000	0	0	0	cluster_0	1.0000
7742	Spectrogram 1	1	8307.000000	8308.500000	0	0	3	cluster_3	0.9630
7743	Spectrogram 1	1	8310.000000	8311.500000	0	0	0	cluster_0	1.0000
7744	Spectrogram 1	1	8311.250000	8311.750000	0	0	noise	cluster_noise	0.0000
7745	Spectrogram 1	1	8311.500000	8312.500000	0	0	14	cluster_14	0.6679
7746	Spectrogram 1	1	8312.250000	8312.750000	0	0	noise	cluster_noise	0.0000
7747	Spectrogram 1	1	8312.500000	8316.000000	0	0	0	cluster_0	1.0000
7748	Spectrogram 1	1	8315.750000	8317.500000	0	0	5	cluster_5	0.9497
7749	Spectrogram 1	1	8317.250000	8318.250000	0	0	0	cluster_0	1.0000
7750	Spectrogram 1	1	8318.000000	8318.500000	0	0	3	cluster_3	0.8433
7751	Spectrogram 1	1	8318.250000	8321.500000	0	0	0	cluster_0	1.0000
7752	Spectrogram 1	1	8323.000000	8323.750000	0	0	14	cluster_14	0.7194
7753	Spectrogram 1	1	8323.500000	8326.750000	0	0	0	cluster_0	1.0000
7754	Spectrogram 1	1	8326.500000	8328.500000	0	0	5	cluster_5	0.9528
7755	Spectrogram 1	1	8328.250000	8328.750000	0	0	0	cluster_0	1.0000
7756	Spectrogram 1	1	8328.500000	8329.000000	0	0	3	cluster_3	1.0000
7757	Spectrogram 1	1	8328.750000	8333.000000	0	0	0	cluster_0	1.0000
7758	Spectrogram 1	1	8332.750000	8333.250000	0	0	noise	cluster_noise	0.0000
7759	Spectrogram 1	1	8333.000000	8334.250000	0	0	14	cluster_14	0.8952
7760	Spectrogram 1	1	8334.000000	8334.500000	0	0	noise	cluster_noise	0.0000
7761	Spectrogram 1	1	8336.000000	8337.250000	0	0	0	cluster_0	1.0000
7762	Spectrogram 1	1	8337.000000	8339.000000	0	0	5	cluster_5	1.0000
7763	Spectrogram 1	1	8338.750000	8339.500000	0	0	0	cluster_0	1.0000
7764	Spectrogram 1	1	8339.250000	8340.500000	0	0	3	cluster_3	0.9950
7765	Spectrogram 1	1	8340.250000	8343.750000	0	0	0	cluster_0	1.0000
7766	Spectrogram 1	1	8343.500000	8345.250000	0	0	14	cluster_14	0.8204
7767	Spectrogram 1	1	8345.000000	8345.500000	0	0	0	cluster_0	1.0000
7768	Spectrogram 1	1	8345.250000	8345.750000	0	0	5	cluster_5	1.0000
7769	Spectrogram 1	1	8345.500000	8347.500000	0	0	0	cluster_0	1.0000
7770	Spectrogram 1	1	8348.000000	8349.750000	0	0	5	cluster_5	1.0000
7771	Spectrogram 1	1	8349.500000	8350.500000	0	0	0	cluster_0	1.0000
7772	Spectrogram 1	1	8350.250000	8351.500000	0	0	3	cluster_3	1.0000
7773	Spectrogram 1	1	8351.250000	8354.750000	0	0	0	cluster_0	1.0000
7774	Spectrogram 1	1	8354.500000	8355.750000	0	0	14	cluster_14	0.8816
7775	Spectrogram 1	1	8355.500000	8356.000000	0	0	noise	cluster_noise	0.0000
7776	Spectrogram 1	1	8355.750000	8356.500000	0	0	0	cluster_0	1.0000
7777	Spectrogram 1	1	8359.000000	8360.250000	0	0	5	cluster_5	0.9478
7778	Spectrogram 1	1	8360.000000	8361.250000	0	0	0	cluster_0	1.0000
7779	Spectrogram 1	1	8361.000000	8362.250000	0	0	3	cluster_3	0.9977
7780	Spectrogram 1	1	8362.000000	8365.500000	0	0	0	cluster_0	1.0000
7781	Spectrogram 1	1	8365.250000	8366.500000	0	0	14	cluster_14	0.9105
7782	Spectrogram 1	1	8366.250000	8366.750000	0	0	noise	cluster_noise	0.0000
7783	Spectrogram 1	1	8366.500000	8368.500000	0	0	0	cluster_0	0.9968
7784	Spectrogram 1	1	8370.000000	8371.000000	0	0	5	cluster_5	0.9311
7785	Spectrogram 1	1	8370.750000	8371.750000	0	0	0	cluster_0	1.0000
7786	Spectrogram 1	1	8371.500000	8373.000000	0	0	3	cluster_3	0.9642
7787	Spectrogram 1	1	8372.750000	8376.000000	0	0	0	cluster_0	1.0000
7788	Spectrogram 1	1	8375.750000	8376.250000	0	0	noise	cluster_noise	0.0000
7789	Spectrogram 1	1	8376.000000	8377.250000	0	0	14	cluster_14	0.7235
7790	Spectrogram 1	1	8377.000000	8382.750000	0	0	0	cluster_0	1.0000
7791	Spectrogram 1	1	8382.500000	8383.250000	0	0	5	cluster_5	0.7878
7792	Spectrogram 1	1	8383.000000	8384.500000	0	0	0	cluster_0	1.0000
7793	Spectrogram 1	1	8384.250000	8385.250000	0	0	5	cluster_5	1.0000
7794	Spectrogram 1	1	8385.000000	8386.250000	0	0	0	cluster_0	1.0000
7795	Spectrogram 1	1	8386.000000	8387.000000	0	0	5	cluster_5	1.0000
7796	Spectrogram 1	1	8386.750000	8388.750000	0	0	0	cluster_0	1.0000
7797	Spectrogram 1	1	8388.500000	8394.000000	0	0	5	cluster_5	0.9598
7798	Spectrogram 1	1	8393.750000	8395.000000	0	0	0	cluster_0	1.0000
7799	Spectrogram 1	1	8394.750000	8395.250000	0	0	noise	cluster_noise	0.0000
7800	Spectrogram 1	1	8395.000000	8395.750000	0	0	5	cluster_5	1.0000
7801	Spectrogram 1	1	8395.500000	8397.000000	0	0	0	cluster_0	1.0000
7802	Spectrogram 1	1	8396.750000	8397.750000	0	0	5	cluster_5	1.0000
7803	Spectrogram 1	1	8397.500000	8398.500000	0	0	0	cluster_0	1.0000
7804	Spectrogram 1	1	8398.250000	8398.750000	0	0	noise	cluster_noise	0.0000
7805	Spectrogram 1	1	8398.500000	8399.250000	0	0	5	cluster_5	0.9234
7806	Spectrogram 1	1	8399.000000	8401.000000	0	0	0	cluster_0	1.0000
7807	Spectrogram 1	1	8400.750000	8401.250000	0	0	noise	cluster_noise	0.0000
7808	Spectrogram 1	1	8401.000000	8401.500000	0	0	5	cluster_5	1.0000
7809	Spectrogram 1	1	8403.000000	8408.000000	0	0	0	cluster_0	1.0000
7810	Spectrogram 1	1	8407.750000	8408.250000	0	0	3	cluster_3	0.8879
7811	Spectrogram 1	1	8408.000000	8412.500000	0	0	0	cluster_0	1.0000
7812	Spectrogram 1	1	8414.000000	8414.500000	0	0	5	cluster_5	1.0000
7813	Spectrogram 1	1	8414.250000	8414.750000	0	0	0	cluster_0	1.0000
7814	Spectrogram 1	1	8414.500000	8415.000000	0	0	5	cluster_5	1.0000
7815	Spectrogram 1	1	8414.750000	8422.500000	0	0	0	cluster_0	1.0000
7816	Spectrogram 1	1	8425.000000	8425.750000	0	0	5	cluster_5	1.0000
7817	Spectrogram 1	1	8425.500000	8432.000000	0	0	0	cluster_0	0.9989
7818	Spectrogram 1	1	8431.750000	8432.750000	0	0	1	cluster_1	0.5340
7819	Spectrogram 1	1	8432.500000	8434.500000	0	0	0	cluster_0	1.0000
7820	Spectrogram 1	1	8436.000000	8437.250000	0	0	5	cluster_5	0.9465
7821	Spectrogram 1	1	8437.000000	8443.500000	0	0	0	cluster_0	1.0000
7822	Spectrogram 1	1	8447.000000	8448.250000	0	0	5	cluster_5	0.9490
7823	Spectrogram 1	1	8448.000000	8454.500000	0	0	0	cluster_0	1.0000
7824	Spectrogram 1	1	8455.000000	8455.500000	0	0	3	cluster_3	0.8407
7825	Spectrogram 1	1	8455.250000	8456.500000	0	0	0	cluster_0	1.0000
7826	Spectrogram 1	1	8457.000000	8459.500000	0	0	5	cluster_5	0.9644
7827	Spectrogram 1	1	8459.250000	8468.250000	0	0	0	cluster_0	0.9962
7828	Spectrogram 1	1	8468.000000	8470.500000	0	0	5	cluster_5	0.9707
7829	Spectrogram 1	1	8470.250000	8479.500000	0	0	0	cluster_0	0.9971
7830	Spectrogram 1	1	8479.250000	8482.000000	0	0	5	cluster_5	0.9784
7831	Spectrogram 1	1	8481.750000	8495.250000	0	0	0	cluster_0	1.0000
7832	Spectrogram 1	1	8495.000000	8495.500000	0	0	noise	cluster_noise	0.0000
7833	Spectrogram 1	1	8495.250000	8519.250000	0	0	0	cluster_0	1.0000
7834	Spectrogram 1	1	8519.000000	8520.250000	0	0	noise	cluster_noise	0.0000
7835	Spectrogram 1	1	8520.000000	8532.500000	0	0	0	cluster_0	1.0000
7836	Spectrogram 1	1	8532.250000	8532.750000	0	0	5	cluster_5	0.7527
7837	Spectrogram 1	1	8532.500000	8545.500000	0	0	0	cluster_0	1.0000
7838	Spectrogram 1	1	8551.000000	8551.750000	0	0	5	cluster_5	0.8899
7839	Spectrogram 1	1	8551.500000	8568.500000	0	0	0	cluster_0	1.0000
7840	Spectrogram 1	1	8571.000000	8571.750000	0	0	3	cluster_3	1.0000
7841	Spectrogram 1	1	8571.500000	8572.500000	0	0	0	cluster_0	1.0000
7842	Spectrogram 1	1	8576.000000	8576.500000	0	0	10	cluster_10	0.8605
7843	Spectrogram 1	1	8576.250000	8587.000000	0	0	0	cluster_0	0.9975
7844	Spectrogram 1	1	8586.750000	8590.500000	0	0	3	cluster_3	1.0000
7845	Spectrogram 1	1	8590.250000	8592.250000	0	0	0	cluster_0	1.0000
7846	Spectrogram 1	1	8592.000000	8593.000000	0	0	3	cluster_3	0.9749
7847	Spectrogram 1	1	8592.750000	8595.000000	0	0	0	cluster_0	1.0000
7848	Spectrogram 1	1	8594.750000	8595.500000	0	0	3	cluster_3	0.9665
7849	Spectrogram 1	1	8595.250000	8607.500000	0	0	0	cluster_0	1.0000
7850	Spectrogram 1	1	8607.250000	8608.000000	0	0	3	cluster_3	1.0000
7851	Spectrogram 1	1	8607.750000	8610.250000	0	0	0	cluster_0	1.0000
7852	Spectrogram 1	1	8610.000000	8611.000000	0	0	3	cluster_3	1.0000
7853	Spectrogram 1	1	8610.750000	8613.000000	0	0	0	cluster_0	0.9974
7854	Spectrogram 1	1	8612.750000	8613.500000	0	0	3	cluster_3	1.0000
7855	Spectrogram 1	1	8613.250000	8615.500000	0	0	0	cluster_0	1.0000
7856	Spectrogram 1	1	8615.250000	8616.000000	0	0	3	cluster_3	1.0000
7857	Spectrogram 1	1	8615.750000	8617.500000	0	0	0	cluster_0	1.0000
7858	Spectrogram 1	1	8617.250000	8618.000000	0	0	3	cluster_3	1.0000
7859	Spectrogram 1	1	8617.750000	8630.250000	0	0	0	cluster_0	1.0000
7860	Spectrogram 1	1	8630.000000	8631.000000	0	0	3	cluster_3	1.0000
7861	Spectrogram 1	1	8630.750000	8632.750000	0	0	0	cluster_0	1.0000
7862	Spectrogram 1	1	8632.500000	8633.000000	0	0	noise	cluster_noise	0.0000
7863	Spectrogram 1	1	8632.750000	8633.750000	0	0	3	cluster_3	1.0000
7864	Spectrogram 1	1	8633.500000	8635.500000	0	0	0	cluster_0	1.0000
7865	Spectrogram 1	1	8635.250000	8635.750000	0	0	noise	cluster_noise	0.0000
7866	Spectrogram 1	1	8635.500000	8636.500000	0	0	3	cluster_3	1.0000
7867	Spectrogram 1	1	8636.250000	8638.250000	0	0	0	cluster_0	1.0000
7868	Spectrogram 1	1	8638.000000	8638.500000	0	0	3	cluster_3	1.0000
7869	Spectrogram 1	1	8640.000000	8641.250000	0	0	0	cluster_0	1.0000
7870	Spectrogram 1	1	8641.000000	8642.000000	0	0	3	cluster_3	1.0000
7871	Spectrogram 1	1	8641.750000	8644.000000	0	0	0	cluster_0	1.0000
7872	Spectrogram 1	1	8643.750000	8645.000000	0	0	3	cluster_3	1.0000
7873	Spectrogram 1	1	8644.750000	8646.500000	0	0	0	cluster_0	1.0000
7874	Spectrogram 1	1	8646.250000	8647.500000	0	0	3	cluster_3	1.0000
7875	Spectrogram 1	1	8647.250000	8647.750000	0	0	noise	cluster_noise	0.0000
7876	Spectrogram 1	1	8647.500000	8649.000000	0	0	0	cluster_0	1.0000
7877	Spectrogram 1	1	8648.750000	8649.750000	0	0	3	cluster_3	0.9815
7878	Spectrogram 1	1	8649.500000	8652.000000	0	0	0	cluster_0	1.0000
7879	Spectrogram 1	1	8651.750000	8652.500000	0	0	3	cluster_3	0.9030
7880	Spectrogram 1	1	8653.000000	8653.750000	0	0	0	cluster_0	1.0000
7881	Spectrogram 1	1	8653.500000	8654.000000	0	0	noise	cluster_noise	0.0000
7882	Spectrogram 1	1	8653.750000	8656.250000	0	0	0	cluster_0	1.0000
7883	Spectrogram 1	1	8656.000000	8657.500000	0	0	3	cluster_3	1.0000
7884	Spectrogram 1	1	8657.250000	8660.250000	0	0	0	cluster_0	1.0000
7885	Spectrogram 1	1	8660.000000	8660.750000	0	0	2	cluster_2	0.9058
7886	Spectrogram 1	1	8660.500000	8661.000000	0	0	3	cluster_3	1.0000
7887	Spectrogram 1	1	8660.750000	8749.500000	0	0	0	cluster_0	1.0000
7888	Spectrogram 1	1	8761.000000	8761.750000	0	0	5	cluster_5	0.8495
7889	Spectrogram 1	1	8761.500000	8762.000000	0	0	noise	cluster_noise	0.0000
7890	Spectrogram 1	1	8761.750000	8762.250000	0	0	5	cluster_5	0.9238
7891	Spectrogram 1	1	8762.000000	8772.750000	0	0	0	cluster_0	1.0000
7892	Spectrogram 1	1	8772.500000	8773.500000	0	0	5	cluster_5	0.7713
7893	Spectrogram 1	1	8773.250000	8774.000000	0	0	noise	cluster_noise	0.0000
7894	Spectrogram 1	1	8773.750000	8774.250000	0	0	5	cluster_5	1.0000
7895	Spectrogram 1	1	8774.000000	8784.250000	0	0	0	cluster_0	1.0000
7896	Spectrogram 1	1	8784.000000	8784.500000	0	0	noise	cluster_noise	0.0000
7897	Spectrogram 1	1	8784.250000	8785.250000	0	0	5	cluster_5	0.8435
7898	Spectrogram 1	1	8785.000000	8785.750000	0	0	0	cluster_0	0.9565
7899	Spectrogram 1	1	8785.500000	8786.250000	0	0	5	cluster_5	0.9804
7900	Spectrogram 1	1	8786.000000	8788.750000	0	0	0	cluster_0	1.0000
7901	Spectrogram 1	1	8788.500000	8789.750000	0	0	5	cluster_5	0.9979
7902	Spectrogram 1	1	8789.500000	8793.500000	0	0	0	cluster_0	1.0000
7903	Spectrogram 1	1	8796.000000	8796.500000	0	0	14	cluster_14	0.5045
7904	Spectrogram 1	1	8796.250000	8797.000000	0	0	noise	cluster_noise	0.0000
7905	Spectrogram 1	1	8796.750000	8800.500000	0	0	0	cluster_0	1.0000
7906	Spectrogram 1	1	8800.250000	8801.000000	0	0	5	cluster_5	1.0000
7907	Spectrogram 1	1	8800.750000	8810.750000	0	0	0	cluster_0	1.0000
7908	Spectrogram 1	1	8810.500000	8812.000000	0	0	5	cluster_5	0.9437
7909	Spectrogram 1	1	8811.750000	8814.750000	0	0	0	cluster_0	1.0000
7910	Spectrogram 1	1	8814.500000	8815.250000	0	0	5	cluster_5	1.0000
7911	Spectrogram 1	1	8815.000000	8825.000000	0	0	0	cluster_0	1.0000
7912	Spectrogram 1	1	8824.750000	8826.000000	0	0	5	cluster_5	0.9518
7913	Spectrogram 1	1	8825.750000	8829.500000	0	0	0	cluster_0	1.0000
7914	Spectrogram 1	1	8829.250000	8830.000000	0	0	5	cluster_5	1.0000
7915	Spectrogram 1	1	8829.750000	9038.500000	0	0	0	cluster_0	1.0000
7916	Spectrogram 1	1	9038.250000	9039.000000	0	0	3	cluster_3	0.9928
7917	Spectrogram 1	1	9038.750000	9039.500000	0	0	0	cluster_0	1.0000
7918	Spectrogram 1	1	9041.000000	9041.500000	0	0	3	cluster_3	1.0000
7919	Spectrogram 1	1	9041.250000	9060.500000	0	0	0	cluster_0	1.0000
7920	Spectrogram 1	1	9062.000000	9062.500000	0	0	3	cluster_3	0.9837
7921	Spectrogram 1	1	9062.250000	9078.750000	0	0	0	cluster_0	1.0000
7922	Spectrogram 1	1	9078.500000	9079.250000	0	0	3	cluster_3	1.0000
7923	Spectrogram 1	1	9079.000000	9082.000000	0	0	0	cluster_0	1.0000
7924	Spectrogram 1	1	9081.750000	9082.500000	0	0	3	cluster_3	1.0000
7925	Spectrogram 1	1	9082.250000	9100.000000	0	0	0	cluster_0	1.0000
7926	Spectrogram 1	1	9099.750000	9100.250000	0	0	2	cluster_2	0.6321
7927	Spectrogram 1	1	9100.000000	9100.500000	0	0	noise	cluster_noise	0.0000
7928	Spectrogram 1	1	9100.250000	9101.000000	0	0	2	cluster_2	0.6470
7929	Spectrogram 1	1	9100.750000	9105.000000	0	0	0	cluster_0	1.0000
7930	Spectrogram 1	1	9104.750000	9105.250000	0	0	3	cluster_3	1.0000
7931	Spectrogram 1	1	9105.000000	9114.750000	0	0	0	cluster_0	1.0000
7932	Spectrogram 1	1	9114.500000	9115.750000	0	0	2	cluster_2	0.6749
7933	Spectrogram 1	1	9115.500000	9206.750000	0	0	0	cluster_0	1.0000
7934	Spectrogram 1	1	9206.500000	9207.000000	0	0	5	cluster_5	0.8281
7935	Spectrogram 1	1	9206.750000	9207.500000	0	0	2	cluster_2	0.8377
7936	Spectrogram 1	1	9219.000000	9221.750000	0	0	0	cluster_0	1.0000
7937	Spectrogram 1	1	9221.500000	9223.250000	0	0	5	cluster_5	0.8567
7938	Spectrogram 1	1	9223.000000	9233.500000	0	0	0	cluster_0	1.0000
7939	Spectrogram 1	1	9233.250000	9235.000000	0	0	5	cluster_5	0.9470
7940	Spectrogram 1	1	9234.750000	9240.750000	0	0	0	cluster_0	1.0000
7941	Spectrogram 1	1	9240.500000	9241.000000	0	0	noise	cluster_noise	0.0000
7942	Spectrogram 1	1	9240.750000	9241.500000	0	0	14	cluster_14	0.9707
7943	Spectrogram 1	1	9244.000000	9252.750000	0	0	0	cluster_0	1.0000
7944	Spectrogram 1	1	9252.500000	9253.250000	0	0	noise	cluster_noise	0.0000
7945	Spectrogram 1	1	9253.000000	9253.750000	0	0	5	cluster_5	0.8316
7946	Spectrogram 1	1	9253.500000	9254.500000	0	0	0	cluster_0	1.0000
7947	Spectrogram 1	1	9257.000000	9258.250000	0	0	5	cluster_5	0.9883
7948	Spectrogram 1	1	9258.000000	9263.000000	0	0	0	cluster_0	1.0000
7949	Spectrogram 1	1	9262.750000	9263.500000	0	0	noise	cluster_noise	0.0000
7950	Spectrogram 1	1	9263.250000	9264.250000	0	0	5	cluster_5	0.8562
7951	Spectrogram 1	1	9264.000000	9267.000000	0	0	0	cluster_0	1.0000
7952	Spectrogram 1	1	9266.750000	9268.500000	0	0	5	cluster_5	0.9616
7953	Spectrogram 1	1	9270.000000	9273.500000	0	0	0	cluster_0	1.0000
7954	Spectrogram 1	1	9273.250000	9273.750000	0	0	noise	cluster_noise	0.0000
7955	Spectrogram 1	1	9273.500000	9275.000000	0	0	5	cluster_5	0.9484
7956	Spectrogram 1	1	9274.750000	9277.500000	0	0	0	cluster_0	1.0000
7957	Spectrogram 1	1	9277.250000	9279.000000	0	0	5	cluster_5	0.9930
7958	Spectrogram 1	1	9278.750000	9284.750000	0	0	0	cluster_0	1.0000
7959	Spectrogram 1	1	9284.500000	9285.000000	0	0	noise	cluster_noise	0.0000
7960	Spectrogram 1	1	9284.750000	9287.500000	0	0	0	cluster_0	1.0000
7961	Spectrogram 1	1	9287.250000	9289.250000	0	0	5	cluster_5	0.9191
7962	Spectrogram 1	1	9289.000000	9291.500000	0	0	0	cluster_0	1.0000
7963	Spectrogram 1	1	9291.250000	9293.250000	0	0	5	cluster_5	0.9369
7964	Spectrogram 1	1	9293.000000	9297.250000	0	0	0	cluster_0	1.0000
7965	Spectrogram 1	1	9297.000000	9297.750000	0	0	noise	cluster_noise	0.0000
7966	Spectrogram 1	1	9297.500000	9298.750000	0	0	0	cluster_0	1.0000
7967	Spectrogram 1	1	9298.500000	9299.250000	0	0	noise	cluster_noise	0.0000
7968	Spectrogram 1	1	9299.000000	9301.750000	0	0	0	cluster_0	1.0000
7969	Spectrogram 1	1	9301.500000	9303.250000	0	0	5	cluster_5	0.9693
7970	Spectrogram 1	1	9303.000000	9680.750000	0	0	0	cluster_0	1.0000
7971	Spectrogram 1	1	9680.500000	9681.750000	0	0	5	cluster_5	1.0000
7972	Spectrogram 1	1	9681.500000	9714.750000	0	0	0	cluster_0	1.0000
7973	Spectrogram 1	1	9714.500000	9716.000000	0	0	5	cluster_5	0.9851
7974	Spectrogram 1	1	9715.750000	9725.500000	0	0	0	cluster_0	1.0000
7975	Spectrogram 1	1	9725.250000	9726.750000	0	0	5	cluster_5	0.9524
7976	Spectrogram 1	1	9726.500000	9736.750000	0	0	0	cluster_0	1.0000
7977	Spectrogram 1	1	9736.500000	9737.500000	0	0	5	cluster_5	1.0000
7978	Spectrogram 1	1	9738.000000	9754.500000	0	0	0	cluster_0	1.0000
7979	Spectrogram 1	1	9763.000000	9763.500000	0	0	5	cluster_5	0.9268
7980	Spectrogram 1	1	9763.250000	9766.500000	0	0	0	cluster_0	1.0000
7981	Spectrogram 1	1	9775.000000	9777.000000	0	0	5	cluster_5	0.9395
7982	Spectrogram 1	1	9776.750000	9779.250000	0	0	0	cluster_0	1.0000
7983	Spectrogram 1	1	9779.000000	9780.000000	0	0	5	cluster_5	1.0000
7984	Spectrogram 1	1	9779.750000	9802.500000	0	0	0	cluster_0	0.9992
7985	Spectrogram 1	1	9809.000000	9810.250000	0	0	5	cluster_5	0.9036
7986	Spectrogram 1	1	9810.000000	9813.000000	0	0	0	cluster_0	1.0000
7987	Spectrogram 1	1	9812.750000	9813.250000	0	0	5	cluster_5	0.9369
7988	Spectrogram 1	1	9813.000000	9848.500000	0	0	0	cluster_0	1.0000
7989	Spectrogram 1	1	9849.000000	9850.250000	0	0	5	cluster_5	1.0000
7990	Spectrogram 1	1	9850.000000	9860.750000	0	0	0	cluster_0	1.0000
7991	Spectrogram 1	1	9860.500000	9862.250000	0	0	5	cluster_5	0.8041
7992	Spectrogram 1	1	9862.000000	9871.750000	0	0	0	cluster_0	1.0000
7993	Spectrogram 1	1	9871.500000	9873.500000	0	0	5	cluster_5	0.9492
7994	Spectrogram 1	1	9873.250000	9883.250000	0	0	0	cluster_0	1.0000
7995	Spectrogram 1	1	9883.000000	9884.750000	0	0	5	cluster_5	0.9220
7996	Spectrogram 1	1	9884.500000	9894.250000	0	0	0	cluster_0	1.0000
7997	Spectrogram 1	1	9894.000000	9896.000000	0	0	5	cluster_5	0.9537
7998	Spectrogram 1	1	9895.750000	9905.250000	0	0	0	cluster_0	1.0000
7999	Spectrogram 1	1	9905.000000	9906.250000	0	0	5	cluster_5	0.8264
8000	Spectrogram 1	1	9906.000000	10003.250000	0	0	0	cluster_0	1.0000
8001	Spectrogram 1	1	10003.000000	10003.500000	0	0	3	cluster_3	1.0000
8002	Spectrogram 1	1	10003.250000	10003.750000	0	0	noise	cluster_noise	0.0000
8003	Spectrogram 1	1	10003.500000	10005.250000	0	0	0	cluster_0	1.0000
8004	Spectrogram 1	1	10005.000000	10005.750000	0	0	3	cluster_3	0.8682
8005	Spectrogram 1	1	10005.500000	10018.500000	0	0	0	cluster_0	1.0000
8006	Spectrogram 1	1	10018.250000	10019.000000	0	0	3	cluster_3	1.0000
8007	Spectrogram 1	1	10018.750000	10032.000000	0	0	0	cluster_0	1.0000
8008	Spectrogram 1	1	10031.750000	10032.500000	0	0	3	cluster_3	0.9746
8009	Spectrogram 1	1	10032.250000	10032.750000	0	0	noise	cluster_noise	0.0000
8010	Spectrogram 1	1	10032.500000	10037.250000	0	0	0	cluster_0	1.0000
8011	Spectrogram 1	1	10037.000000	10037.500000	0	0	3	cluster_3	0.9775
8012	Spectrogram 1	1	10043.000000	10043.750000	0	0	2	cluster_2	0.7087
8013	Spectrogram 1	1	10043.500000	10053.000000	0	0	0	cluster_0	1.0000
8014	Spectrogram 1	1	10052.750000	10053.250000	0	0	noise	cluster_noise	0.0000
8015	Spectrogram 1	1	10053.000000	10053.750000	0	0	3	cluster_3	0.8976
8016	Spectrogram 1	1	10053.500000	10054.000000	0	0	0	cluster_0	1.0000
8017	Spectrogram 1	1	10053.750000	10054.250000	0	0	3	cluster_3	0.8216
8018	Spectrogram 1	1	10054.000000	10085.500000	0	0	0	cluster_0	1.0000
8019	Spectrogram 1	1	10141.000000	10141.500000	0	0	2	cluster_2	0.8659
8020	Spectrogram 1	1	10141.250000	10141.750000	0	0	noise	cluster_noise	0.0000
8021	Spectrogram 1	1	10141.500000	10195.250000	0	0	0	cluster_0	1.0000
8022	Spectrogram 1	1	10195.000000	10195.500000	0	0	noise	cluster_noise	0.0000
8023	Spectrogram 1	1	10198.000000	10205.250000	0	0	0	cluster_0	1.0000
8024	Spectrogram 1	1	10205.000000	10205.500000	0	0	5	cluster_5	1.0000
8025	Spectrogram 1	1	10205.250000	10217.250000	0	0	0	cluster_0	1.0000
8026	Spectrogram 1	1	10217.000000	10218.000000	0	0	5	cluster_5	1.0000
8027	Spectrogram 1	1	10217.750000	10462.500000	0	0	0	cluster_0	1.0000
8028	Spectrogram 1	1	10462.250000	10463.500000	0	0	3	cluster_3	0.9652
8029	Spectrogram 1	1	10463.250000	10465.250000	0	0	0	cluster_0	1.0000
8030	Spectrogram 1	1	10465.000000	10466.500000	0	0	3	cluster_3	0.9659
8031	Spectrogram 1	1	10466.250000	10468.500000	0	0	0	cluster_0	1.0000
8032	Spectrogram 1	1	10468.250000	10469.000000	0	0	3	cluster_3	1.0000
8033	Spectrogram 1	1	10468.750000	10473.500000	0	0	0	cluster_0	1.0000
8034	Spectrogram 1	1	10474.000000	10474.750000	0	0	2	cluster_2	1.0000
8035	Spectrogram 1	1	10474.500000	10481.750000	0	0	0	cluster_0	1.0000
8036	Spectrogram 1	1	10481.500000	10482.500000	0	0	3	cluster_3	0.9372
8037	Spectrogram 1	1	10483.000000	10483.500000	0	0	24	cluster_24	1.0000
8038	Spectrogram 1	1	10483.250000	10485.000000	0	0	0	cluster_0	1.0000
8039	Spectrogram 1	1	10484.750000	10485.250000	0	0	noise	cluster_noise	0.0000
8040	Spectrogram 1	1	10485.000000	10486.000000	0	0	3	cluster_3	1.0000
8041	Spectrogram 1	1	10485.750000	10487.500000	0	0	0	cluster_0	1.0000
8042	Spectrogram 1	1	10487.250000	10487.750000	0	0	noise	cluster_noise	0.0000
8043	Spectrogram 1	1	10487.500000	10488.500000	0	0	3	cluster_3	1.0000
8044	Spectrogram 1	1	10492.000000	10499.500000	0	0	0	cluster_0	0.9644
8045	Spectrogram 1	1	10499.250000	10500.750000	0	0	3	cluster_3	1.0000
8046	Spectrogram 1	1	10500.500000	10501.500000	0	0	0	cluster_0	1.0000
8047	Spectrogram 1	1	10501.250000	10501.750000	0	0	noise	cluster_noise	0.0000
8048	Spectrogram 1	1	10501.500000	10502.250000	0	0	0	cluster_0	1.0000
8049	Spectrogram 1	1	10502.000000	10504.250000	0	0	3	cluster_3	1.0000
8050	Spectrogram 1	1	10504.000000	10505.500000	0	0	0	cluster_0	1.0000
8051	Spectrogram 1	1	10505.250000	10505.750000	0	0	noise	cluster_noise	0.0000
8052	Spectrogram 1	1	10505.500000	10506.250000	0	0	0	cluster_0	1.0000
8053	Spectrogram 1	1	10506.000000	10506.500000	0	0	2	cluster_2	0.8708
8054	Spectrogram 1	1	10512.000000	10512.500000	0	0	noise	cluster_noise	0.0000
8055	Spectrogram 1	1	10512.250000	10512.750000	0	0	0	cluster_0	1.0000
8056	Spectrogram 1	1	10512.500000	10513.000000	0	0	noise	cluster_noise	0.0000
8057	Spectrogram 1	1	10512.750000	10513.500000	0	0	21	cluster_21	0.8102
8058	Spectrogram 1	1	10514.000000	10515.500000	0	0	3	cluster_3	1.0000
8059	Spectrogram 1	1	10578.000000	10578.750000	0	0	noise	cluster_noise	0.0000
8060	Spectrogram 1	1	10578.500000	10579.750000	0	0	3	cluster_3	1.0000
8061	Spectrogram 1	1	10579.500000	10580.000000	0	0	noise	cluster_noise	0.0000
8062	Spectrogram 1	1	10579.750000	10580.500000	0	0	3	cluster_3	1.0000
8063	Spectrogram 1	1	10580.250000	10581.000000	0	0	21	cluster_21	0.8166
8064	Spectrogram 1	1	10580.750000	10581.500000	0	0	22	cluster_22	0.7363
8065	Spectrogram 1	1	10594.000000	10595.250000	0	0	noise	cluster_noise	0.0000
8066	Spectrogram 1	1	10595.000000	10595.500000	0	0	5	cluster_5	0.9877
8067	Spectrogram 1	1	10595.250000	10596.750000	0	0	2	cluster_2	0.9909
8068	Spectrogram 1	1	10596.500000	10597.750000	0	0	noise	cluster_noise	0.0000
8069	Spectrogram 1	1	10597.500000	10598.250000	0	0	22	cluster_22	0.7309
8070	Spectrogram 1	1	10598.000000	10598.500000	0	0	noise	cluster_noise	0.0000
8071	Spectrogram 1	1	10609.000000	10609.500000	0	0	24	cluster_24	1.0000
8072	Spectrogram 1	1	10609.250000	10609.750000	0	0	noise	cluster_noise	0.0000
8073	Spectrogram 1	1	10609.500000	10611.250000	0	0	5	cluster_5	0.9312
8074	Spectrogram 1	1	10611.000000	10612.000000	0	0	noise	cluster_noise	0.0000
8075	Spectrogram 1	1	10611.750000	10612.250000	0	0	21	cluster_21	0.7149
8076	Spectrogram 1	1	10612.000000	10625.000000	0	0	3	cluster_3	0.9853
8077	Spectrogram 1	1	10624.750000	10625.250000	0	0	22	cluster_22	0.7099
8078	Spectrogram 1	1	10625.000000	10625.500000	0	0	noise	cluster_noise	0.0000
8079	Spectrogram 1	1	10625.250000	10625.750000	0	0	21	cluster_21	0.8759
8080	Spectrogram 1	1	10625.500000	10626.000000	0	0	noise	cluster_noise	0.0000
8081	Spectrogram 1	1	10625.750000	10626.750000	0	0	22	cluster_22	0.7363
8082	Spectrogram 1	1	10626.500000	10627.250000	0	0	noise	cluster_noise	0.0000
8083	Spectrogram 1	1	10627.000000	10627.750000	0	0	24	cluster_24	0.9392
8084	Spectrogram 1	1	10627.500000	10628.000000	0	0	noise	cluster_noise	0.0000
8085	Spectrogram 1	1	10627.750000	10628.750000	0	0	5	cluster_5	1.0000
8086	Spectrogram 1	1	10628.500000	10635.500000	0	0	noise	cluster_noise	0.0000
8087	Spectrogram 1	1	10635.250000	10636.000000	0	0	3	cluster_3	1.0000
8088	Spectrogram 1	1	10635.750000	10636.250000	0	0	noise	cluster_noise	0.0000
8089	Spectrogram 1	1	10636.000000	10636.750000	0	0	3	cluster_3	1.0000
8090	Spectrogram 1	1	10636.500000	10637.000000	0	0	22	cluster_22	0.7363
8091	Spectrogram 1	1	10636.750000	10639.250000	0	0	noise	cluster_noise	0.0000
8092	Spectrogram 1	1	10639.000000	10639.750000	0	0	22	cluster_22	0.7633
8093	Spectrogram 1	1	10639.500000	10642.250000	0	0	noise	cluster_noise	0.0000
8094	Spectrogram 1	1	10642.000000	10643.250000	0	0	22	cluster_22	0.7277
8095	Spectrogram 1	1	10643.000000	10643.500000	0	0	noise	cluster_noise	0.0000
8096	Spectrogram 1	1	10643.250000	10644.000000	0	0	22	cluster_22	0.7209
8097	Spectrogram 1	1	10643.750000	10644.250000	0	0	9	cluster_9	0.8477
8098	Spectrogram 1	1	10644.000000	10644.500000	0	0	5	cluster_5	1.0000
8099	Spectrogram 1	1	10648.000000	10648.500000	0	0	noise	cluster_noise	0.0000
8100	Spectrogram 1	1	10648.250000	10649.000000	0	0	24	cluster_24	0.9001
8101	Spectrogram 1	1	10648.750000	10649.250000	0	0	noise	cluster_noise	0.0000
8102	Spectrogram 1	1	10649.000000	10649.750000	0	0	3	cluster_3	1.0000
8103	Spectrogram 1	1	10649.500000	10650.000000	0	0	21	cluster_21	0.7802
8104	Spectrogram 1	1	10649.750000	10650.500000	0	0	3	cluster_3	1.0000
8105	Spectrogram 1	1	10650.250000	10651.750000	0	0	noise	cluster_noise	0.0000
8106	Spectrogram 1	1	10651.500000	10652.750000	0	0	5	cluster_5	0.9954
8107	Spectrogram 1	1	10652.500000	10654.750000	0	0	noise	cluster_noise	0.0000
8108	Spectrogram 1	1	10654.500000	10655.500000	0	0	22	cluster_22	0.7408
8109	Spectrogram 1	1	10655.250000	10655.750000	0	0	noise	cluster_noise	0.0000
8110	Spectrogram 1	1	10655.500000	10656.000000	0	0	22	cluster_22	0.7363
8111	Spectrogram 1	1	10655.750000	10656.750000	0	0	3	cluster_3	0.9429
8112	Spectrogram 1	1	10656.500000	10657.000000	0	0	noise	cluster_noise	0.0000
8113	Spectrogram 1	1	10656.750000	10658.000000	0	0	5	cluster_5	0.9466
8114	Spectrogram 1	1	10657.750000	10658.250000	0	0	noise	cluster_noise	0.0000
8115	Spectrogram 1	1	10658.000000	10658.750000	0	0	22	cluster_22	0.7168
8116	Spectrogram 1	1	10658.500000	10659.500000	0	0	3	cluster_3	1.0000
8117	Spectrogram 1	1	10661.000000	10662.000000	0	0	noise	cluster_noise	0.0000
8118	Spectrogram 1	1	10661.750000	10662.500000	0	0	22	cluster_22	0.7219
8119	Spectrogram 1	1	10662.250000	10664.000000	0	0	5	cluster_5	1.0000
8120	Spectrogram 1	1	10663.750000	10665.500000	0	0	noise	cluster_noise	0.0000
8121	Spectrogram 1	1	10665.250000	10665.750000	0	0	22	cluster_22	0.7363
8122	Spectrogram 1	1	10665.500000	10666.000000	0	0	21	cluster_21	0.7300
8123	Spectrogram 1	1	10665.750000	10666.750000	0	0	noise	cluster_noise	0.0000
8124	Spectrogram 1	1	10666.500000	10668.500000	0	0	5	cluster_5	1.0000
8125	Spectrogram 1	1	10668.250000	10669.250000	0	0	noise	cluster_noise	0.0000
8126	Spectrogram 1	1	10669.000000	10670.250000	0	0	3	cluster_3	1.0000
8127	Spectrogram 1	1	10670.000000	10670.500000	0	0	22	cluster_22	0.7363
8128	Spectrogram 1	1	10670.250000	10671.500000	0	0	noise	cluster_noise	0.0000
8129	Spectrogram 1	1	10671.250000	10671.750000	0	0	22	cluster_22	0.7363
8130	Spectrogram 1	1	10671.500000	10672.500000	0	0	noise	cluster_noise	0.0000
8131	Spectrogram 1	1	10673.000000	10674.250000	0	0	5	cluster_5	1.0000
8132	Spectrogram 1	1	10674.000000	10674.750000	0	0	noise	cluster_noise	0.0000
8133	Spectrogram 1	1	10674.500000	10675.000000	0	0	5	cluster_5	1.0000
8134	Spectrogram 1	1	10674.750000	10677.000000	0	0	noise	cluster_noise	0.0000
8135	Spectrogram 1	1	10676.750000	10677.250000	0	0	22	cluster_22	0.7363
8136	Spectrogram 1	1	10677.000000	10677.500000	0	0	9	cluster_9	1.0000
8137	Spectrogram 1	1	10677.250000	10679.500000	0	0	5	cluster_5	1.0000
8138	Spectrogram 1	1	10679.250000	10679.750000	0	0	noise	cluster_noise	0.0000
8139	Spectrogram 1	1	10679.500000	10681.000000	0	0	3	cluster_3	0.9740
8140	Spectrogram 1	1	10680.750000	10681.500000	0	0	noise	cluster_noise	0.0000
8141	Spectrogram 1	1	10681.250000	10682.000000	0	0	22	cluster_22	0.7363
8142	Spectrogram 1	1	10681.750000	10682.750000	0	0	noise	cluster_noise	0.0000
8143	Spectrogram 1	1	10682.500000	10683.000000	0	0	22	cluster_22	0.7291
8144	Spectrogram 1	1	10682.750000	10683.750000	0	0	noise	cluster_noise	0.0000
8145	Spectrogram 1	1	10683.500000	10684.500000	0	0	5	cluster_5	0.9551
8146	Spectrogram 1	1	10686.000000	10686.500000	0	0	noise	cluster_noise	0.0000
8147	Spectrogram 1	1	10686.250000	10686.750000	0	0	22	cluster_22	0.7087
8148	Spectrogram 1	1	10686.500000	10687.000000	0	0	noise	cluster_noise	0.0000
8149	Spectrogram 1	1	10686.750000	10687.500000	0	0	22	cluster_22	0.7326
8150	Spectrogram 1	1	10687.250000	10687.750000	0	0	noise	cluster_noise	0.0000
8151	Spectrogram 1	1	10687.500000	10691.750000	0	0	5	cluster_5	0.9809
8152	Spectrogram 1	1	10691.500000	10692.000000	0	0	noise	cluster_noise	0.0000
8153	Spectrogram 1	1	10691.750000	10692.750000	0	0	5	cluster_5	0.9288
8154	Spectrogram 1	1	10692.500000	10693.000000	0	0	22	cluster_22	0.7363
8155	Spectrogram 1	1	10692.750000	10693.250000	0	0	noise	cluster_noise	0.0000
8156	Spectrogram 1	1	10693.000000	10693.500000	0	0	9	cluster_9	0.9709
8157	Spectrogram 1	1	10693.250000	10693.750000	0	0	5	cluster_5	1.0000
8158	Spectrogram 1	1	10693.500000	10694.250000	0	0	noise	cluster_noise	0.0000
8159	Spectrogram 1	1	10694.000000	10694.500000	0	0	24	cluster_24	1.0000
8160	Spectrogram 1	1	10694.250000	10697.000000	0	0	noise	cluster_noise	0.0000
8161	Spectrogram 1	1	10696.750000	10697.500000	0	0	22	cluster_22	0.7267
8162	Spectrogram 1	1	10699.000000	10700.000000	0	0	5	cluster_5	1.0000
8163	Spectrogram 1	1	10699.750000	10700.250000	0	0	noise	cluster_noise	0.0000
8164	Spectrogram 1	1	10700.000000	10700.750000	0	0	22	cluster_22	0.7333
8165	Spectrogram 1	1	10700.500000	10701.000000	0	0	noise	cluster_noise	0.0000
8166	Spectrogram 1	1	10700.750000	10701.250000	0	0	22	cluster_22	0.6873
8167	Spectrogram 1	1	10701.000000	10701.750000	0	0	noise	cluster_noise	0.0000
8168	Spectrogram 1	1	10701.500000	10703.500000	0	0	5	cluster_5	0.9947
8169	Spectrogram 1	1	10703.250000	10705.000000	0	0	noise	cluster_noise	0.0000
8170	Spectrogram 1	1	10704.750000	10705.250000	0	0	24	cluster_24	0.9275
8171	Spectrogram 1	1	10705.000000	10705.500000	0	0	noise	cluster_noise	0.0000
8172	Spectrogram 1	1	10705.250000	10706.500000	0	0	24	cluster_24	0.8671
8173	Spectrogram 1	1	10706.250000	10707.500000	0	0	noise	cluster_noise	0.0000
8174	Spectrogram 1	1	10707.250000	10707.750000	0	0	3	cluster_3	0.7998
8175	Spectrogram 1	1	10707.500000	10708.250000	0	0	noise	cluster_noise	0.0000
8176	Spectrogram 1	1	10708.000000	10708.500000	0	0	22	cluster_22	0.7196
8177	Spectrogram 1	1	10710.000000	10710.500000	0	0	noise	cluster_noise	0.0000
8178	Spectrogram 1	1	10710.250000	10710.750000	0	0	22	cluster_22	0.7633
8179	Spectrogram 1	1	10710.500000	10711.000000	0	0	noise	cluster_noise	0.0000
8180	Spectrogram 1	1	10710.750000	10711.250000	0	0	22	cluster_22	0.6929
8181	Spectrogram 1	1	10711.000000	10711.750000	0	0	noise	cluster_noise	0.0000
8182	Spectrogram 1	1	10711.500000	10714.750000	0	0	5	cluster_5	0.9998
8183	Spectrogram 1	1	10714.500000	10715.000000	0	0	noise	cluster_noise	0.0000
8184	Spectrogram 1	1	10714.750000	10715.500000	0	0	24	cluster_24	1.0000
8185	Spectrogram 1	1	10715.250000	10716.750000	0	0	noise	cluster_noise	0.0000
8186	Spectrogram 1	1	10716.500000	10717.000000	0	0	22	cluster_22	0.7363
8187	Spectrogram 1	1	10716.750000	10717.500000	0	0	noise	cluster_noise	0.0000
8188	Spectrogram 1	1	10717.250000	10717.750000	0	0	21	cluster_21	0.7948
8189	Spectrogram 1	1	10717.500000	10718.000000	0	0	noise	cluster_noise	0.0000
8190	Spectrogram 1	1	10717.750000	10718.250000	0	0	22	cluster_22	0.7363
8191	Spectrogram 1	1	10718.000000	10718.500000	0	0	noise	cluster_noise	0.0000
8192	Spectrogram 1	1	10718.250000	10718.750000	0	0	22	cluster_22	0.7106
8193	Spectrogram 1	1	10718.500000	10719.000000	0	0	noise	cluster_noise	0.0000
8194	Spectrogram 1	1	10718.750000	10722.500000	0	0	3	cluster_3	0.9955
8195	Spectrogram 1	1	10722.250000	10723.000000	0	0	noise	cluster_noise	0.0000
8196	Spectrogram 1	1	10722.750000	10723.250000	0	0	22	cluster_22	0.7363
8197	Spectrogram 1	1	10723.000000	10723.500000	0	0	noise	cluster_noise	0.0000
8198	Spectrogram 1	1	10723.250000	10724.000000	0	0	5	cluster_5	0.9261
8199	Spectrogram 1	1	10723.750000	10724.500000	0	0	noise	cluster_noise	0.0000
8200	Spectrogram 1	1	10724.250000	10726.000000	0	0	5	cluster_5	1.0000
8201	Spectrogram 1	1	10725.750000	10726.750000	0	0	noise	cluster_noise	0.0000
8202	Spectrogram 1	1	10726.500000	10727.250000	0	0	22	cluster_22	0.7363
8203	Spectrogram 1	1	10727.000000	10727.750000	0	0	noise	cluster_noise	0.0000
8204	Spectrogram 1	1	10727.500000	10728.000000	0	0	22	cluster_22	0.7244
8205	Spectrogram 1	1	10727.750000	10728.750000	0	0	noise	cluster_noise	0.0000
8206	Spectrogram 1	1	10728.500000	10729.000000	0	0	22	cluster_22	0.7363
8207	Spectrogram 1	1	10728.750000	10729.250000	0	0	noise	cluster_noise	0.0000
8208	Spectrogram 1	1	10729.000000	10729.500000	0	0	22	cluster_22	0.7363
8209	Spectrogram 1	1	10735.000000	10736.000000	0	0	noise	cluster_noise	0.0000
8210	Spectrogram 1	1	10735.750000	10737.750000	0	0	5	cluster_5	0.9946
8211	Spectrogram 1	1	10737.500000	10738.750000	0	0	noise	cluster_noise	0.0000
8212	Spectrogram 1	1	10738.500000	10739.000000	0	0	22	cluster_22	0.7119
8213	Spectrogram 1	1	10738.750000	10741.500000	0	0	noise	cluster_noise	0.0000
8214	Spectrogram 1	1	10748.000000	10748.750000	0	0	5	cluster_5	0.9184
8215	Spectrogram 1	1	10748.500000	10749.000000	0	0	noise	cluster_noise	0.0000
8216	Spectrogram 1	1	10748.750000	10753.500000	0	0	0	cluster_0	0.9899
8217	Spectrogram 1	1	10759.000000	10760.250000	0	0	5	cluster_5	1.0000
8218	Spectrogram 1	1	10760.000000	10760.500000	0	0	noise	cluster_noise	0.0000
8219	Spectrogram 1	1	10760.250000	10766.500000	0	0	0	cluster_0	1.0000
8220	Spectrogram 1	1	10767.000000	10768.250000	0	0	noise	cluster_noise	0.0000
8221	Spectrogram 1	1	10768.000000	10770.000000	0	0	0	cluster_0	1.0000
8222	Spectrogram 1	1	10769.750000	10771.750000	0	0	5	cluster_5	0.9870
8223	Spectrogram 1	1	10771.500000	10772.000000	0	0	noise	cluster_noise	0.0000
8224	Spectrogram 1	1	10771.750000	10779.750000	0	0	0	cluster_0	1.0000
8225	Spectrogram 1	1	10779.500000	10782.250000	0	0	4	cluster_4	0.6135
8226	Spectrogram 1	1	10782.000000	10782.500000	0	0	noise	cluster_noise	0.0000
8227	Spectrogram 1	1	10782.250000	10782.750000	0	0	5	cluster_5	1.0000
8228	Spectrogram 1	1	10782.500000	10784.500000	0	0	0	cluster_0	1.0000
8229	Spectrogram 1	1	10784.250000	10785.000000	0	0	10	cluster_10	0.7310
8230	Spectrogram 1	1	10784.750000	10786.750000	0	0	0	cluster_0	1.0000
8231	Spectrogram 1	1	10786.500000	10787.250000	0	0	10	cluster_10	0.7736
8232	Spectrogram 1	1	10787.000000	10789.500000	0	0	0	cluster_0	1.0000
8233	Spectrogram 1	1	10790.000000	10790.750000	0	0	4	cluster_4	0.6042
8234	Spectrogram 1	1	10790.500000	10791.000000	0	0	noise	cluster_noise	0.0000
8235	Spectrogram 1	1	10790.750000	10791.250000	0	0	5	cluster_5	1.0000
8236	Spectrogram 1	1	10791.000000	10793.750000	0	0	0	cluster_0	1.0000
8237	Spectrogram 1	1	10793.500000	10795.000000	0	0	4	cluster_4	0.9332
8238	Spectrogram 1	1	10794.750000	10795.250000	0	0	noise	cluster_noise	0.0000
8239	Spectrogram 1	1	10795.000000	10795.500000	0	0	5	cluster_5	1.0000
8240	Spectrogram 1	1	10795.250000	10797.000000	0	0	0	cluster_0	1.0000
8241	Spectrogram 1	1	10796.750000	10797.500000	0	0	10	cluster_10	0.7985
8242	Spectrogram 1	1	10797.250000	10799.000000	0	0	0	cluster_0	1.0000
8243	Spectrogram 1	1	10798.750000	10799.500000	0	0	10	cluster_10	0.6881
8244	Spectrogram 1	1	10799.250000	10799.750000	0	0	0	cluster_0	1.0000
8245	Spectrogram 1	1	10799.500000	10800.000000	0	0	noise	cluster_noise	0.0000
8246	Spectrogram 1	1	10799.750000	10801.000000	0	0	0	cluster_0	0.9866
8247	Spectrogram 1	1	10800.750000	10801.500000	0	0	10	cluster_10	1.0000
8248	Spectrogram 1	1	10801.250000	10802.000000	0	0	0	cluster_0	1.0000
8249	Spectrogram 1	1	10801.750000	10802.250000	0	0	3	cluster_3	1.0000
8250	Spectrogram 1	1	10802.000000	10803.250000	0	0	0	cluster_0	1.0000
8251	Spectrogram 1	1	10803.000000	10803.500000	0	0	noise	cluster_noise	0.0000
8252	Spectrogram 1	1	10803.250000	10803.750000	0	0	10	cluster_10	0.9504
8253	Spectrogram 1	1	10803.500000	10805.500000	0	0	0	cluster_0	1.0000
8254	Spectrogram 1	1	10805.250000	10805.750000	0	0	4	cluster_4	0.6791
8255	Spectrogram 1	1	10805.500000	10806.000000	0	0	0	cluster_0	1.0000
8256	Spectrogram 1	1	10805.750000	10806.750000	0	0	4	cluster_4	0.9542
8257	Spectrogram 1	1	10806.500000	10809.250000	0	0	0	cluster_0	1.0000
8258	Spectrogram 1	1	10809.000000	10810.500000	0	0	4	cluster_4	0.8016
8259	Spectrogram 1	1	10810.250000	10922.000000	0	0	0	cluster_0	0.9961
8260	Spectrogram 1	1	10921.750000	10922.250000	0	0	noise	cluster_noise	0.0000
8261	Spectrogram 1	1	10922.000000	10944.250000	0	0	0	cluster_0	0.9973
8262	Spectrogram 1	1	10944.000000	10944.500000	0	0	noise	cluster_noise	0.0000
8263	Spectrogram 1	1	10944.250000	10944.750000	0	0	0	cluster_0	1.0000
8264	Spectrogram 1	1	10944.500000	10945.000000	0	0	24	cluster_24	0.8568
8265	Spectrogram 1	1	10944.750000	11044.750000	0	0	0	cluster_0	1.0000
8266	Spectrogram 1	1	11044.500000	11058.750000	0	0	5	cluster_5	0.9796
8267	Spectrogram 1	1	11058.500000	11059.000000	0	0	noise	cluster_noise	0.0000
8268	Spectrogram 1	1	11058.750000	11074.750000	0	0	0	cluster_0	1.0000
8269	Spectrogram 1	1	11074.500000	11075.000000	0	0	noise	cluster_noise	0.0000
8270	Spectrogram 1	1	11074.750000	11075.500000	0	0	0	cluster_0	1.0000
8271	Spectrogram 1	1	11083.000000	11083.500000	0	0	5	cluster_5	1.0000
8272	Spectrogram 1	1	11083.250000	11084.750000	0	0	0	cluster_0	0.9659
8273	Spectrogram 1	1	11084.500000	11085.500000	0	0	3	cluster_3	1.0000
8274	Spectrogram 1	1	11085.250000	11087.000000	0	0	0	cluster_0	1.0000
8275	Spectrogram 1	1	11086.750000	11087.500000	0	0	3	cluster_3	1.0000
8276	Spectrogram 1	1	11087.250000	11089.500000	0	0	0	cluster_0	1.0000
8277	Spectrogram 1	1	11089.250000	11090.000000	0	0	noise	cluster_noise	0.0000
8278	Spectrogram 1	1	11089.750000	11090.500000	0	0	14	cluster_14	0.5273
8279	Spectrogram 1	1	11096.000000	11097.000000	0	0	3	cluster_3	1.0000
8280	Spectrogram 1	1	11096.750000	11097.750000	0	0	0	cluster_0	1.0000
8281	Spectrogram 1	1	11097.500000	11098.250000	0	0	3	cluster_3	0.9648
8282	Spectrogram 1	1	11098.000000	11101.750000	0	0	0	cluster_0	1.0000
8283	Spectrogram 1	1	11101.500000	11102.000000	0	0	3	cluster_3	0.8133
8284	Spectrogram 1	1	11101.750000	11102.250000	0	0	noise	cluster_noise	0.0000
8285	Spectrogram 1	1	11102.000000	11102.750000	0	0	14	cluster_14	0.5403
8286	Spectrogram 1	1	11102.500000	11103.250000	0	0	noise	cluster_noise	0.0000
8287	Spectrogram 1	1	11103.000000	11103.500000	0	0	0	cluster_0	1.0000
8288	Spectrogram 1	1	11106.000000	11107.500000	0	0	5	cluster_5	0.9113
8289	Spectrogram 1	1	11109.000000	11110.500000	0	0	0	cluster_0	1.0000
8290	Spectrogram 1	1	11110.250000	11111.000000	0	0	3	cluster_3	1.0000
8291	Spectrogram 1	1	11110.750000	11113.750000	0	0	0	cluster_0	1.0000
8292	Spectrogram 1	1	11113.500000	11114.500000	0	0	14	cluster_14	0.5296
8293	Spectrogram 1	1	11114.250000	11115.000000	0	0	noise	cluster_noise	0.0000
8294	Spectrogram 1	1	11114.750000	11118.000000	0	0	0	cluster_0	1.0000
8295	Spectrogram 1	1	11117.750000	11119.250000	0	0	5	cluster_5	0.9544
8296	Spectrogram 1	1	11119.000000	11120.250000	0	0	0	cluster_0	1.0000
8297	Spectrogram 1	1	11120.000000	11120.500000	0	0	3	cluster_3	1.0000
8298	Spectrogram 1	1	11123.000000	11125.500000	0	0	0	cluster_0	1.0000
8299	Spectrogram 1	1	11125.250000	11125.750000	0	0	noise	cluster_noise	0.0000
8300	Spectrogram 1	1	11125.500000	11126.000000	0	0	14	cluster_14	0.5762
8301	Spectrogram 1	1	11125.750000	11126.250000	0	0	noise	cluster_noise	0.0000
8302	Spectrogram 1	1	11126.000000	11129.750000	0	0	0	cluster_0	0.9793
8303	Spectrogram 1	1	11129.500000	11131.000000	0	0	5	cluster_5	0.9648
8304	Spectrogram 1	1	11130.750000	11132.000000	0	0	0	cluster_0	1.0000
8305	Spectrogram 1	1	11131.750000	11133.000000	0	0	3	cluster_3	0.9094
8306	Spectrogram 1	1	11132.750000	11137.000000	0	0	0	cluster_0	1.0000
8307	Spectrogram 1	1	11136.750000	11137.250000	0	0	noise	cluster_noise	0.0000
8308	Spectrogram 1	1	11137.000000	11137.750000	0	0	14	cluster_14	0.5260
8309	Spectrogram 1	1	11137.500000	11138.250000	0	0	noise	cluster_noise	0.0000
8310	Spectrogram 1	1	11138.000000	11141.250000	0	0	0	cluster_0	1.0000
8311	Spectrogram 1	1	11141.000000	11141.500000	0	0	noise	cluster_noise	0.0000
8312	Spectrogram 1	1	11141.250000	11141.750000	0	0	5	cluster_5	1.0000
8313	Spectrogram 1	1	11141.500000	11143.500000	0	0	0	cluster_0	0.9641
8314	Spectrogram 1	1	11143.250000	11144.250000	0	0	3	cluster_3	1.0000
8315	Spectrogram 1	1	11144.000000	11145.250000	0	0	0	cluster_0	1.0000
8316	Spectrogram 1	1	11145.000000	11146.000000	0	0	3	cluster_3	0.9474
8317	Spectrogram 1	1	11145.750000	11146.500000	0	0	0	cluster_0	1.0000
8318	Spectrogram 1	1	11148.000000	11149.250000	0	0	14	cluster_14	0.5379
8319	Spectrogram 1	1	11149.000000	11149.500000	0	0	noise	cluster_noise	0.0000
8320	Spectrogram 1	1	11149.250000	11152.250000	0	0	0	cluster_0	0.9949
8321	Spectrogram 1	1	11152.000000	11152.500000	0	0	noise	cluster_noise	0.0000
8322	Spectrogram 1	1	11152.250000	11152.750000	0	0	5	cluster_5	1.0000
8323	Spectrogram 1	1	11152.500000	11153.000000	0	0	noise	cluster_noise	0.0000
8324	Spectrogram 1	1	11152.750000	11153.500000	0	0	5	cluster_5	1.0000
8325	Spectrogram 1	1	11153.250000	11154.750000	0	0	0	cluster_0	0.9438
8326	Spectrogram 1	1	11154.500000	11155.000000	0	0	noise	cluster_noise	0.0000
8327	Spectrogram 1	1	11154.750000	11155.500000	0	0	3	cluster_3	1.0000
8328	Spectrogram 1	1	11155.250000	11156.250000	0	0	0	cluster_0	1.0000
8329	Spectrogram 1	1	11156.000000	11157.000000	0	0	3	cluster_3	0.9860
8330	Spectrogram 1	1	11156.750000	11158.000000	0	0	0	cluster_0	1.0000
8331	Spectrogram 1	1	11157.750000	11158.500000	0	0	3	cluster_3	0.9750
8332	Spectrogram 1	1	11160.000000	11160.500000	0	0	noise	cluster_noise	0.0000
8333	Spectrogram 1	1	11160.250000	11161.250000	0	0	14	cluster_14	0.5801
8334	Spectrogram 1	1	11161.000000	11161.750000	0	0	noise	cluster_noise	0.0000
8335	Spectrogram 1	1	11161.500000	11164.750000	0	0	0	cluster_0	0.9953
8336	Spectrogram 1	1	11164.500000	11165.000000	0	0	5	cluster_5	0.9582
8337	Spectrogram 1	1	11164.750000	11165.250000	0	0	noise	cluster_noise	0.0000
8338	Spectrogram 1	1	11165.000000	11166.000000	0	0	5	cluster_5	0.8077
8339	Spectrogram 1	1	11165.750000	11166.250000	0	0	noise	cluster_noise	0.0000
8340	Spectrogram 1	1	11166.000000	11166.750000	0	0	0	cluster_0	1.0000
8341	Spectrogram 1	1	11166.500000	11167.500000	0	0	3	cluster_3	1.0000
8342	Spectrogram 1	1	11167.250000	11169.000000	0	0	0	cluster_0	1.0000
8343	Spectrogram 1	1	11168.750000	11169.500000	0	0	3	cluster_3	1.0000
8344	Spectrogram 1	1	11169.250000	11170.500000	0	0	0	cluster_0	1.0000
8345	Spectrogram 1	1	11180.000000	11180.750000	0	0	3	cluster_3	1.0000
8346	Spectrogram 1	1	11180.500000	11182.500000	0	0	0	cluster_0	1.0000
8347	Spectrogram 1	1	11191.000000	11192.000000	0	0	5	cluster_5	1.0000
8348	Spectrogram 1	1	11191.750000	11192.250000	0	0	0	cluster_0	1.0000
8349	Spectrogram 1	1	11192.000000	11192.500000	0	0	noise	cluster_noise	0.0000
8350	Spectrogram 1	1	11192.250000	11193.750000	0	0	5	cluster_5	1.0000
8351	Spectrogram 1	1	11193.500000	11195.000000	0	0	0	cluster_0	0.9960
8352	Spectrogram 1	1	11194.750000	11202.500000	0	0	5	cluster_5	1.0000
8353	Spectrogram 1	1	11202.250000	11203.250000	0	0	0	cluster_0	1.0000
8354	Spectrogram 1	1	11203.000000	11203.750000	0	0	5	cluster_5	1.0000
8355	Spectrogram 1	1	11203.500000	11207.500000	0	0	0	cluster_0	1.0000
8356	Spectrogram 1	1	11207.250000	11208.500000	0	0	5	cluster_5	1.0000
8357	Spectrogram 1	1	11211.000000	11214.500000	0	0	0	cluster_0	1.0000
8358	Spectrogram 1	1	11215.000000	11215.500000	0	0	3	cluster_3	1.0000
8359	Spectrogram 1	1	11215.250000	11216.500000	0	0	0	cluster_0	0.9966
8360	Spectrogram 1	1	11216.250000	11217.000000	0	0	noise	cluster_noise	0.0000
8361	Spectrogram 1	1	11216.750000	11217.500000	0	0	3	cluster_3	1.0000
8362	Spectrogram 1	1	11217.250000	11230.500000	0	0	0	cluster_0	0.9966
8363	Spectrogram 1	1	11230.250000	11230.750000	0	0	noise	cluster_noise	0.0000
8364	Spectrogram 1	1	11230.500000	11231.750000	0	0	5	cluster_5	1.0000
8365	Spectrogram 1	1	11231.500000	11232.000000	0	0	noise	cluster_noise	0.0000
8366	Spectrogram 1	1	11231.750000	11232.500000	0	0	5	cluster_5	0.8946
8367	Spectrogram 1	1	11236.000000	11241.500000	0	0	0	cluster_0	1.0000
8368	Spectrogram 1	1	11241.250000	11243.500000	0	0	5	cluster_5	0.9576
8369	Spectrogram 1	1	11253.000000	11260.250000	0	0	0	cluster_0	0.9819
8370	Spectrogram 1	1	11260.000000	11260.750000	0	0	noise	cluster_noise	0.0000
8371	Spectrogram 1	1	11260.500000	11263.750000	0	0	0	cluster_0	1.0000
8372	Spectrogram 1	1	11263.500000	11264.250000	0	0	noise	cluster_noise	0.0000
8373	Spectrogram 1	1	11264.000000	11273.000000	0	0	0	cluster_0	0.9890
8374	Spectrogram 1	1	11272.750000	11273.250000	0	0	noise	cluster_noise	0.0000
8375	Spectrogram 1	1	11273.000000	11273.500000	0	0	4	cluster_4	0.4358
8376	Spectrogram 1	1	11274.000000	11275.250000	0	0	0	cluster_0	1.0000
8377	Spectrogram 1	1	11275.000000	11275.750000	0	0	noise	cluster_noise	0.0000
8378	Spectrogram 1	1	11275.500000	11277.250000	0	0	0	cluster_0	1.0000
8379	Spectrogram 1	1	11277.000000	11277.500000	0	0	noise	cluster_noise	0.0000
8380	Spectrogram 1	1	11277.250000	11278.500000	0	0	0	cluster_0	0.9905
8381	Spectrogram 1	1	11283.000000	11284.000000	0	0	5	cluster_5	0.8949
8382	Spectrogram 1	1	11283.750000	11286.750000	0	0	0	cluster_0	1.0000
8383	Spectrogram 1	1	11286.500000	11287.750000	0	0	noise	cluster_noise	0.0000
8384	Spectrogram 1	1	11287.500000	11288.750000	0	0	0	cluster_0	1.0000
8385	Spectrogram 1	1	11288.500000	11289.250000	0	0	noise	cluster_noise	0.0000
8386	Spectrogram 1	1	11289.000000	11295.750000	0	0	0	cluster_0	1.0000
8387	Spectrogram 1	1	11295.500000	11298.250000	0	0	5	cluster_5	0.9915
8388	Spectrogram 1	1	11298.000000	11300.750000	0	0	0	cluster_0	1.0000
8389	Spectrogram 1	1	11300.500000	11301.000000	0	0	4	cluster_4	0.4456
8390	Spectrogram 1	1	11300.750000	11301.500000	0	0	noise	cluster_noise	0.0000
8391	Spectrogram 1	1	11301.250000	11302.750000	0	0	0	cluster_0	1.0000
8392	Spectrogram 1	1	11302.500000	11303.500000	0	0	noise	cluster_noise	0.0000
8393	Spectrogram 1	1	11303.250000	11305.750000	0	0	0	cluster_0	1.0000
8394	Spectrogram 1	1	11305.500000	11306.500000	0	0	noise	cluster_noise	0.0000
8395	Spectrogram 1	1	11306.250000	11309.000000	0	0	0	cluster_0	1.0000
8396	Spectrogram 1	1	11308.750000	11311.500000	0	0	5	cluster_5	0.9732
8397	Spectrogram 1	1	11311.250000	11314.250000	0	0	0	cluster_0	1.0000
8398	Spectrogram 1	1	11314.000000	11315.000000	0	0	4	cluster_4	0.6074
8399	Spectrogram 1	1	11314.750000	11318.000000	0	0	0	cluster_0	1.0000
8400	Spectrogram 1	1	11317.750000	11318.750000	0	0	4	cluster_4	0.9104
8401	Spectrogram 1	1	11318.500000	11319.000000	0	0	noise	cluster_noise	0.0000
8402	Spectrogram 1	1	11318.750000	11321.000000	0	0	0	cluster_0	0.9972
8403	Spectrogram 1	1	11320.750000	11321.500000	0	0	10	cluster_10	0.9506
8404	Spectrogram 1	1	11321.250000	11331.750000	0	0	0	cluster_0	1.0000
8405	Spectrogram 1	1	11331.500000	11333.000000	0	0	4	cluster_4	0.9761
8406	Spectrogram 1	1	11332.750000	11342.000000	0	0	0	cluster_0	1.0000
8407	Spectrogram 1	1	11341.750000	11343.000000	0	0	4	cluster_4	0.9012
8408	Spectrogram 1	1	11342.750000	11345.500000	0	0	0	cluster_0	1.0000
8409	Spectrogram 1	1	11345.250000	11346.500000	0	0	4	cluster_4	0.9736
8410	Spectrogram 1	1	11352.000000	11352.750000	0	0	10	cluster_10	0.8888
8411	Spectrogram 1	1	11352.500000	11353.250000	0	0	0	cluster_0	1.0000
8412	Spectrogram 1	1	11353.000000	11353.750000	0	0	10	cluster_10	1.0000
8413	Spectrogram 1	1	11353.500000	11354.500000	0	0	0	cluster_0	1.0000
8414	Spectrogram 1	1	11354.250000	11355.250000	0	0	10	cluster_10	0.8211
8415	Spectrogram 1	1	11355.000000	11355.500000	0	0	0	cluster_0	0.9928
8416	Spectrogram 1	1	11355.250000	11356.000000	0	0	10	cluster_10	0.9551
8417	Spectrogram 1	1	11355.750000	11356.250000	0	0	0	cluster_0	1.0000
8418	Spectrogram 1	1	11356.000000	11356.500000	0	0	5	cluster_5	0.7230
8419	Spectrogram 1	1	11356.250000	11358.500000	0	0	0	cluster_0	1.0000
8420	Spectrogram 1	1	11359.000000	11359.750000	0	0	4	cluster_4	0.7277
8421	Spectrogram 1	1	11359.500000	11365.000000	0	0	0	cluster_0	1.0000
8422	Spectrogram 1	1	11364.750000	11365.750000	0	0	10	cluster_10	0.8238
8423	Spectrogram 1	1	11365.500000	11367.250000	0	0	0	cluster_0	0.9846
8424	Spectrogram 1	1	11367.000000	11367.500000	0	0	10	cluster_10	0.5948
8425	Spectrogram 1	1	11367.250000	11369.500000	0	0	0	cluster_0	0.9942
8426	Spectrogram 1	1	11369.250000	11369.750000	0	0	10	cluster_10	0.8495
8427	Spectrogram 1	1	11369.500000	11370.000000	0	0	3	cluster_3	0.8170
8428	Spectrogram 1	1	11369.750000	11370.500000	0	0	0	cluster_0	1.0000
8429	Spectrogram 1	1	11370.250000	11370.750000	0	0	3	cluster_3	1.0000
8430	Spectrogram 1	1	11370.500000	11371.000000	0	0	0	cluster_0	1.0000
8431	Spectrogram 1	1	11370.750000	11371.500000	0	0	3	cluster_3	0.8790
8432	Spectrogram 1	1	11372.000000	11373.000000	0	0	0	cluster_0	1.0000
8433	Spectrogram 1	1	11372.750000	11373.500000	0	0	3	cluster_3	0.8700
8434	Spectrogram 1	1	11373.250000	11374.500000	0	0	0	cluster_0	1.0000
8435	Spectrogram 1	1	11374.250000	11375.000000	0	0	3	cluster_3	1.0000
8436	Spectrogram 1	1	11374.750000	11377.000000	0	0	0	cluster_0	1.0000
8437	Spectrogram 1	1	11376.750000	11377.500000	0	0	4	cluster_4	1.0000
8438	Spectrogram 1	1	11378.000000	11381.000000	0	0	0	cluster_0	1.0000
8439	Spectrogram 1	1	11380.750000	11382.000000	0	0	4	cluster_4	1.0000
8440	Spectrogram 1	1	11381.750000	11383.500000	0	0	0	cluster_0	1.0000
8441	Spectrogram 1	1	11383.250000	11384.000000	0	0	10	cluster_10	0.7953
8442	Spectrogram 1	1	11383.750000	11384.250000	0	0	3	cluster_3	1.0000
8443	Spectrogram 1	1	11384.000000	11385.500000	0	0	0	cluster_0	1.0000
8444	Spectrogram 1	1	11385.250000	11386.000000	0	0	10	cluster_10	0.8968
8445	Spectrogram 1	1	11385.750000	11386.250000	0	0	3	cluster_3	1.0000
8446	Spectrogram 1	1	11386.000000	11386.500000	0	0	0	cluster_0	1.0000
8447	Spectrogram 1	1	11386.250000	11386.750000	0	0	noise	cluster_noise	0.0000
8448	Spectrogram 1	1	11386.500000	11387.750000	0	0	0	cluster_0	1.0000
8449	Spectrogram 1	1	11387.500000	11388.000000	0	0	noise	cluster_noise	0.0000
8450	Spectrogram 1	1	11387.750000	11388.250000	0	0	10	cluster_10	0.7371
8451	Spectrogram 1	1	11388.000000	11388.500000	0	0	3	cluster_3	1.0000
8452	Spectrogram 1	1	11388.250000	11388.750000	0	0	0	cluster_0	1.0000
8453	Spectrogram 1	1	11388.500000	11389.000000	0	0	5	cluster_5	0.9802
8454	Spectrogram 1	1	11388.750000	11389.250000	0	0	3	cluster_3	1.0000
8455	Spectrogram 1	1	11389.000000	11390.750000	0	0	0	cluster_0	1.0000
8456	Spectrogram 1	1	11390.500000	11391.250000	0	0	10	cluster_10	0.9317
8457	Spectrogram 1	1	11391.000000	11391.500000	0	0	0	cluster_0	1.0000
8458	Spectrogram 1	1	11392.000000	11392.750000	0	0	3	cluster_3	1.0000
8459	Spectrogram 1	1	11392.500000	11393.000000	0	0	0	cluster_0	1.0000
8460	Spectrogram 1	1	11392.750000	11393.500000	0	0	3	cluster_3	1.0000
8461	Spectrogram 1	1	11393.250000	11395.000000	0	0	0	cluster_0	1.0000
8462	Spectrogram 1	1	11394.750000	11395.250000	0	0	10	cluster_10	1.0000
8463	Spectrogram 1	1	11395.000000	11395.750000	0	0	3	cluster_3	1.0000
8464	Spectrogram 1	1	11395.500000	11397.750000	0	0	0	cluster_0	1.0000
8465	Spectrogram 1	1	11397.500000	11398.500000	0	0	3	cluster_3	0.9660
8466	Spectrogram 1	1	11398.250000	11400.250000	0	0	0	cluster_0	1.0000
8467	Spectrogram 1	1	11400.000000	11400.500000	0	0	noise	cluster_noise	0.0000
8468	Spectrogram 1	1	11400.250000	11400.750000	0	0	10	cluster_10	0.6986
8469	Spectrogram 1	1	11400.500000	11401.000000	0	0	3	cluster_3	1.0000
8470	Spectrogram 1	1	11400.750000	11412.250000	0	0	0	cluster_0	1.0000
8471	Spectrogram 1	1	11412.000000	11412.500000	0	0	3	cluster_3	1.0000
8472	Spectrogram 1	1	11414.000000	11415.000000	0	0	0	cluster_0	1.0000
8473	Spectrogram 1	1	11414.750000	11415.750000	0	0	3	cluster_3	1.0000
8474	Spectrogram 1	1	11415.500000	11417.500000	0	0	0	cluster_0	1.0000
8475	Spectrogram 1	1	11417.250000	11418.250000	0	0	3	cluster_3	1.0000
8476	Spectrogram 1	1	11418.000000	11418.500000	0	0	0	cluster_0	1.0000
8477	Spectrogram 1	1	11420.000000	11420.500000	0	0	3	cluster_3	1.0000
8478	Spectrogram 1	1	11420.250000	11424.750000	0	0	0	cluster_0	0.9904
8479	Spectrogram 1	1	11424.500000	11425.250000	0	0	noise	cluster_noise	0.0000
8480	Spectrogram 1	1	11425.000000	11432.500000	0	0	0	cluster_0	1.0000
8481	Spectrogram 1	1	11432.250000	11433.250000	0	0	3	cluster_3	1.0000
8482	Spectrogram 1	1	11433.000000	11435.000000	0	0	0	cluster_0	1.0000
8483	Spectrogram 1	1	11434.750000	11435.750000	0	0	3	cluster_3	0.9356
8484	Spectrogram 1	1	11435.500000	11436.000000	0	0	noise	cluster_noise	0.0000
8485	Spectrogram 1	1	11435.750000	11436.500000	0	0	3	cluster_3	0.9935
8486	Spectrogram 1	1	11436.250000	11437.500000	0	0	0	cluster_0	1.0000
8487	Spectrogram 1	1	11437.250000	11438.250000	0	0	3	cluster_3	0.9955
8488	Spectrogram 1	1	11438.000000	11439.750000	0	0	0	cluster_0	1.0000
8489	Spectrogram 1	1	11439.500000	11440.500000	0	0	3	cluster_3	1.0000
8490	Spectrogram 1	1	11441.000000	11450.250000	0	0	0	cluster_0	0.9927
8491	Spectrogram 1	1	11450.000000	11451.000000	0	0	3	cluster_3	1.0000
8492	Spectrogram 1	1	11450.750000	11452.750000	0	0	0	cluster_0	1.0000
8493	Spectrogram 1	1	11452.500000	11453.000000	0	0	noise	cluster_noise	0.0000
8494	Spectrogram 1	1	11452.750000	11453.750000	0	0	3	cluster_3	1.0000
8495	Spectrogram 1	1	11453.500000	11454.500000	0	0	0	cluster_0	0.9790
8496	Spectrogram 1	1	11459.000000	11459.500000	0	0	3	cluster_3	1.0000
8497	Spectrogram 1	1	11459.250000	11459.750000	0	0	noise	cluster_noise	0.0000
8498	Spectrogram 1	1	11459.500000	11461.500000	0	0	0	cluster_0	1.0000
8499	Spectrogram 1	1	11461.250000	11462.500000	0	0	3	cluster_3	0.9232
8500	Spectrogram 1	1	11462.250000	11464.000000	0	0	0	cluster_0	0.9836
8501	Spectrogram 1	1	11463.750000	11465.000000	0	0	3	cluster_3	1.0000
8502	Spectrogram 1	1	11464.750000	11465.250000	0	0	2	cluster_2	0.6812
8503	Spectrogram 1	1	11465.000000	11466.500000	0	0	0	cluster_0	1.0000
8504	Spectrogram 1	1	11466.250000	11467.500000	0	0	3	cluster_3	1.0000
8505	Spectrogram 1	1	11468.000000	11469.250000	0	0	0	cluster_0	0.9146
8506	Spectrogram 1	1	11469.000000	11469.500000	0	0	3	cluster_3	1.0000
8507	Spectrogram 1	1	11472.000000	11479.750000	0	0	0	cluster_0	0.9928
8508	Spectrogram 1	1	11479.500000	11480.250000	0	0	3	cluster_3	0.9251
8509	Spectrogram 1	1	11480.000000	11491.250000	0	0	0	cluster_0	1.0000
8510	Spectrogram 1	1	11491.000000	11491.750000	0	0	2	cluster_2	0.9608
8511	Spectrogram 1	1	11491.500000	11515.250000	0	0	0	cluster_0	1.0000
8512	Spectrogram 1	1	11515.000000	11516.500000	0	0	2	cluster_2	0.9830
8513	Spectrogram 1	1	11526.000000	11576.500000	0	0	0	cluster_0	1.0000
8514	Spectrogram 1	1	11580.000000	11580.750000	0	0	noise	cluster_noise	0.0000
8515	Spectrogram 1	1	11580.500000	11581.000000	0	0	0	cluster_0	0.7206
8516	Spectrogram 1	1	11580.750000	11581.250000	0	0	noise	cluster_noise	0.0000
8517	Spectrogram 1	1	11581.000000	11630.250000	0	0	0	cluster_0	0.9940
8518	Spectrogram 1	1	11630.000000	11630.750000	0	0	noise	cluster_noise	0.0000
8519	Spectrogram 1	1	11630.500000	11631.000000	0	0	4	cluster_4	0.4378
8520	Spectrogram 1	1	11630.750000	11631.750000	0	0	noise	cluster_noise	0.0000
8521	Spectrogram 1	1	11631.500000	11632.000000	0	0	5	cluster_5	1.0000
8522	Spectrogram 1	1	11631.750000	11633.000000	0	0	0	cluster_0	1.0000
8523	Spectrogram 1	1	11632.750000	11633.750000	0	0	3	cluster_3	0.9367
8524	Spectrogram 1	1	11633.500000	11642.500000	0	0	0	cluster_0	1.0000
8525	Spectrogram 1	1	11642.250000	11643.500000	0	0	5	cluster_5	0.9496
8526	Spectrogram 1	1	11643.250000	11643.750000	0	0	noise	cluster_noise	0.0000
8527	Spectrogram 1	1	11643.500000	11644.000000	0	0	5	cluster_5	1.0000
8528	Spectrogram 1	1	11643.750000	11649.250000	0	0	0	cluster_0	1.0000
8529	Spectrogram 1	1	11649.000000	11649.500000	0	0	noise	cluster_noise	0.0000
8530	Spectrogram 1	1	11650.000000	11677.250000	0	0	0	cluster_0	1.0000
8531	Spectrogram 1	1	11677.000000	11677.500000	0	0	noise	cluster_noise	0.0000
8532	Spectrogram 1	1	11681.000000	11685.750000	0	0	0	cluster_0	1.0000
8533	Spectrogram 1	1	11685.500000	11686.250000	0	0	5	cluster_5	0.8273
8534	Spectrogram 1	1	11686.000000	11687.750000	0	0	noise	cluster_noise	0.0000
8535	Spectrogram 1	1	11687.500000	11688.000000	0	0	0	cluster_0	1.0000
8536	Spectrogram 1	1	11687.750000	11688.250000	0	0	noise	cluster_noise	0.0000
8537	Spectrogram 1	1	11688.000000	11689.750000	0	0	0	cluster_0	1.0000
8538	Spectrogram 1	1	11689.500000	11690.000000	0	0	noise	cluster_noise	0.0000
8539	Spectrogram 1	1	11689.750000	11690.500000	0	0	5	cluster_5	1.0000
8540	Spectrogram 1	1	11695.000000	11696.000000	0	0	0	cluster_0	0.9789
8541	Spectrogram 1	1	11695.750000	11696.750000	0	0	noise	cluster_noise	0.0000
8542	Spectrogram 1	1	11696.500000	11698.500000	0	0	0	cluster_0	1.0000
8543	Spectrogram 1	1	11698.250000	11700.500000	0	0	5	cluster_5	0.9772
8544	Spectrogram 1	1	11700.250000	11700.750000	0	0	noise	cluster_noise	0.0000
8545	Spectrogram 1	1	11700.500000	11702.500000	0	0	0	cluster_0	1.0000
8546	Spectrogram 1	1	11705.000000	11706.500000	0	0	5	cluster_5	1.0000
8547	Spectrogram 1	1	11706.250000	11706.750000	0	0	0	cluster_0	1.0000
8548	Spectrogram 1	1	11706.500000	11707.000000	0	0	noise	cluster_noise	0.0000
8549	Spectrogram 1	1	11706.750000	11707.750000	0	0	5	cluster_5	1.0000
8550	Spectrogram 1	1	11707.500000	11708.000000	0	0	noise	cluster_noise	0.0000
8551	Spectrogram 1	1	11707.750000	11708.500000	0	0	0	cluster_0	1.0000
8552	Spectrogram 1	1	11708.250000	11708.750000	0	0	noise	cluster_noise	0.0000
8553	Spectrogram 1	1	11708.500000	11709.500000	0	0	5	cluster_5	0.9052
8554	Spectrogram 1	1	11710.000000	11736.500000	0	0	0	cluster_0	1.0000
8555	Spectrogram 1	1	11736.250000	11737.500000	0	0	5	cluster_5	0.9970
8556	Spectrogram 1	1	11745.000000	11746.000000	0	0	0	cluster_0	1.0000
8557	Spectrogram 1	1	11745.750000	11746.250000	0	0	noise	cluster_noise	0.0000
8558	Spectrogram 1	1	11746.000000	11748.250000	0	0	0	cluster_0	1.0000
8559	Spectrogram 1	1	11748.000000	11748.500000	0	0	5	cluster_5	0.7965
8560	Spectrogram 1	1	11757.000000	11758.500000	0	0	3	cluster_3	0.9593
8561	Spectrogram 1	1	11758.250000	11770.500000	0	0	0	cluster_0	0.9638
8562	Spectrogram 1	1	11770.250000	11771.250000	0	0	4	cluster_4	0.6214
8563	Spectrogram 1	1	11771.000000	11781.000000	0	0	noise	cluster_noise	0.0000
8564	Spectrogram 1	1	11780.750000	11781.500000	0	0	5	cluster_5	1.0000
8565	Spectrogram 1	1	11781.250000	11795.500000	0	0	0	cluster_0	0.9848
8566	Spectrogram 1	1	11805.000000	11805.500000	0	0	10	cluster_10	0.9714
8567	Spectrogram 1	1	11805.250000	11806.750000	0	0	0	cluster_0	1.0000
8568	Spectrogram 1	1	11806.500000	11807.500000	0	0	10	cluster_10	0.6662
8569	Spectrogram 1	1	11807.250000	11807.750000	0	0	0	cluster_0	1.0000
8570	Spectrogram 1	1	11807.500000	11808.250000	0	0	10	cluster_10	0.8493
8571	Spectrogram 1	1	11808.000000	11808.500000	0	0	noise	cluster_noise	0.0000
8572	Spectrogram 1	1	11808.250000	11809.250000	0	0	0	cluster_0	1.0000
8573	Spectrogram 1	1	11809.000000	11809.500000	0	0	noise	cluster_noise	0.0000
8574	Spectrogram 1	1	11809.250000	11810.500000	0	0	10	cluster_10	0.8159
8575	Spectrogram 1	1	11810.250000	11812.250000	0	0	0	cluster_0	1.0000
8576	Spectrogram 1	1	11812.000000	11812.500000	0	0	noise	cluster_noise	0.0000
8577	Spectrogram 1	1	11812.250000	11817.250000	0	0	0	cluster_0	0.9777
8578	Spectrogram 1	1	11817.000000	11817.500000	0	0	noise	cluster_noise	0.0000
8579	Spectrogram 1	1	11817.250000	11819.250000	0	0	0	cluster_0	1.0000
8580	Spectrogram 1	1	11819.000000	11819.750000	0	0	10	cluster_10	1.0000
8581	Spectrogram 1	1	11819.500000	11821.000000	0	0	0	cluster_0	1.0000
8582	Spectrogram 1	1	11820.750000	11821.750000	0	0	10	cluster_10	0.8303
8583	Spectrogram 1	1	11821.500000	11822.000000	0	0	0	cluster_0	1.0000
8584	Spectrogram 1	1	11821.750000	11822.500000	0	0	10	cluster_10	0.9230
8585	Spectrogram 1	1	11822.250000	11823.500000	0	0	0	cluster_0	1.0000
8586	Spectrogram 1	1	11823.250000	11824.250000	0	0	10	cluster_10	0.7623
8587	Spectrogram 1	1	11824.000000	11824.500000	0	0	0	cluster_0	1.0000
8588	Spectrogram 1	1	11824.250000	11824.750000	0	0	13	cluster_13	0.7059
8589	Spectrogram 1	1	11824.500000	11825.000000	0	0	10	cluster_10	1.0000
8590	Spectrogram 1	1	11824.750000	11826.000000	0	0	0	cluster_0	1.0000
8591	Spectrogram 1	1	11825.750000	11826.750000	0	0	10	cluster_10	0.7440
8592	Spectrogram 1	1	11826.500000	11841.250000	0	0	0	cluster_0	0.9947
8593	Spectrogram 1	1	11841.000000	11841.750000	0	0	10	cluster_10	0.8736
8594	Spectrogram 1	1	11841.500000	11842.500000	0	0	0	cluster_0	1.0000
8595	Spectrogram 1	1	11842.250000	11842.750000	0	0	noise	cluster_noise	0.0000
8596	Spectrogram 1	1	11842.500000	11844.500000	0	0	0	cluster_0	1.0000
8597	Spectrogram 1	1	11852.000000	11852.500000	0	0	noise	cluster_noise	0.0000
8598	Spectrogram 1	1	11852.250000	11853.750000	0	0	0	cluster_0	1.0000
8599	Spectrogram 1	1	11853.500000	11854.250000	0	0	3	cluster_3	1.0000
8600	Spectrogram 1	1	11854.000000	11856.500000	0	0	0	cluster_0	1.0000
8601	Spectrogram 1	1	11856.250000	11856.750000	0	0	noise	cluster_noise	0.0000
8602	Spectrogram 1	1	11856.500000	11857.250000	0	0	3	cluster_3	1.0000
8603	Spectrogram 1	1	11857.000000	11857.500000	0	0	0	cluster_0	1.0000
8604	Spectrogram 1	1	11864.000000	11865.000000	0	0	4	cluster_4	1.0000
8605	Spectrogram 1	1	11864.750000	11866.750000	0	0	0	cluster_0	1.0000
8606	Spectrogram 1	1	11866.500000	11867.000000	0	0	10	cluster_10	0.9405
8607	Spectrogram 1	1	11866.750000	11867.250000	0	0	noise	cluster_noise	0.0000
8608	Spectrogram 1	1	11867.000000	11867.500000	0	0	3	cluster_3	1.0000
8609	Spectrogram 1	1	11867.250000	11869.000000	0	0	0	cluster_0	1.0000
8610	Spectrogram 1	1	11868.750000	11869.500000	0	0	10	cluster_10	0.8807
8611	Spectrogram 1	1	11874.000000	11874.500000	0	0	0	cluster_0	1.0000
8612	Spectrogram 1	1	11874.250000	11875.000000	0	0	3	cluster_3	1.0000
8613	Spectrogram 1	1	11874.750000	11875.500000	0	0	0	cluster_0	0.9747
8614	Spectrogram 1	1	11876.000000	11876.500000	0	0	3	cluster_3	1.0000
8615	Spectrogram 1	1	11876.250000	11878.000000	0	0	0	cluster_0	1.0000
8616	Spectrogram 1	1	11877.750000	11878.250000	0	0	noise	cluster_noise	0.0000
8617	Spectrogram 1	1	11878.000000	11880.500000	0	0	0	cluster_0	1.0000
8618	Spectrogram 1	1	11880.250000	11881.000000	0	0	10	cluster_10	0.6751
8619	Spectrogram 1	1	11880.750000	11892.500000	0	0	0	cluster_0	1.0000
8620	Spectrogram 1	1	11892.250000	11892.750000	0	0	6	cluster_6	0.4154
8621	Spectrogram 1	1	11892.500000	11894.750000	0	0	0	cluster_0	1.0000
8622	Spectrogram 1	1	11894.500000	11895.500000	0	0	3	cluster_3	1.0000
8623	Spectrogram 1	1	11895.250000	11897.500000	0	0	0	cluster_0	1.0000
8624	Spectrogram 1	1	11903.000000	11903.750000	0	0	3	cluster_3	0.9444
8625	Spectrogram 1	1	11903.500000	11905.750000	0	0	0	cluster_0	1.0000
8626	Spectrogram 1	1	11905.500000	11907.000000	0	0	3	cluster_3	1.0000
8627	Spectrogram 1	1	11906.750000	11908.750000	0	0	0	cluster_0	1.0000
8628	Spectrogram 1	1	11908.500000	11910.000000	0	0	3	cluster_3	1.0000
8629	Spectrogram 1	1	11909.750000	11911.750000	0	0	0	cluster_0	1.0000
8630	Spectrogram 1	1	11911.500000	11913.000000	0	0	3	cluster_3	1.0000
8631	Spectrogram 1	1	11912.750000	11917.500000	0	0	0	cluster_0	1.0000
8632	Spectrogram 1	1	11919.000000	11919.750000	0	0	2	cluster_2	0.7817
8633	Spectrogram 1	1	11919.500000	11922.500000	0	0	0	cluster_0	1.0000
8634	Spectrogram 1	1	11922.250000	11923.500000	0	0	3	cluster_3	0.9827
8635	Spectrogram 1	1	11923.250000	11925.500000	0	0	0	cluster_0	1.0000
8636	Spectrogram 1	1	11925.250000	11925.750000	0	0	noise	cluster_noise	0.0000
8637	Spectrogram 1	1	11925.500000	11926.250000	0	0	3	cluster_3	1.0000
8638	Spectrogram 1	1	11926.000000	11928.500000	0	0	0	cluster_0	1.0000
8639	Spectrogram 1	1	11928.250000	11928.750000	0	0	noise	cluster_noise	0.0000
8640	Spectrogram 1	1	11928.500000	11929.750000	0	0	3	cluster_3	1.0000
8641	Spectrogram 1	1	11929.500000	11936.750000	0	0	0	cluster_0	1.0000
8642	Spectrogram 1	1	11936.500000	11938.000000	0	0	3	cluster_3	0.9767
8643	Spectrogram 1	1	11937.750000	11940.000000	0	0	0	cluster_0	1.0000
8644	Spectrogram 1	1	11939.750000	11940.250000	0	0	noise	cluster_noise	0.0000
8645	Spectrogram 1	1	11940.000000	11941.500000	0	0	3	cluster_3	1.0000
8646	Spectrogram 1	1	11941.250000	11943.000000	0	0	0	cluster_0	1.0000
8647	Spectrogram 1	1	11942.750000	11944.500000	0	0	3	cluster_3	1.0000
8648	Spectrogram 1	1	11944.250000	11950.500000	0	0	0	cluster_0	1.0000
8649	Spectrogram 1	1	11952.000000	11952.750000	0	0	3	cluster_3	1.0000
8650	Spectrogram 1	1	11952.500000	11954.750000	0	0	0	cluster_0	1.0000
8651	Spectrogram 1	1	11954.500000	11956.250000	0	0	3	cluster_3	1.0000
8652	Spectrogram 1	1	11956.000000	11958.000000	0	0	0	cluster_0	1.0000
8653	Spectrogram 1	1	11957.750000	11959.500000	0	0	3	cluster_3	1.0000
8654	Spectrogram 1	1	11959.250000	11965.500000	0	0	0	cluster_0	1.0000
8655	Spectrogram 1	1	11965.250000	11966.500000	0	0	3	cluster_3	0.9979
8656	Spectrogram 1	1	11967.000000	11984.500000	0	0	0	cluster_0	1.0000
8657	Spectrogram 1	1	11984.250000	11985.750000	0	0	2	cluster_2	0.9721
8658	Spectrogram 1	1	11985.500000	11988.000000	0	0	0	cluster_0	1.0000
8659	Spectrogram 1	1	11987.750000	11989.250000	0	0	5	cluster_5	0.7572
8660	Spectrogram 1	1	11989.000000	11989.500000	0	0	0	cluster_0	1.0000
8661	Spectrogram 1	1	11989.250000	11989.750000	0	0	5	cluster_5	1.0000
8662	Spectrogram 1	1	11989.500000	11997.500000	0	0	0	cluster_0	1.0000
8663	Spectrogram 1	1	11997.250000	11997.750000	0	0	10	cluster_10	0.8323
8664	Spectrogram 1	1	11997.500000	11998.500000	0	0	2	cluster_2	1.0000
8665	Spectrogram 1	1	11999.000000	12001.250000	0	0	0	cluster_0	1.0000
8666	Spectrogram 1	1	12001.000000	12001.500000	0	0	noise	cluster_noise	0.0000
8667	Spectrogram 1	1	12001.250000	12002.250000	0	0	5	cluster_5	0.6998
8668	Spectrogram 1	1	12002.000000	12002.750000	0	0	noise	cluster_noise	0.0000
8669	Spectrogram 1	1	12002.500000	12003.000000	0	0	5	cluster_5	1.0000
8670	Spectrogram 1	1	12002.750000	12004.500000	0	0	0	cluster_0	1.0000
8671	Spectrogram 1	1	12036.000000	12036.750000	0	0	3	cluster_3	1.0000
8672	Spectrogram 1	1	12036.500000	12052.250000	0	0	0	cluster_0	1.0000
8673	Spectrogram 1	1	12052.000000	12052.500000	0	0	3	cluster_3	0.9375
8674	Spectrogram 1	1	12052.250000	12052.750000	0	0	noise	cluster_noise	0.0000
8675	Spectrogram 1	1	12052.500000	12053.250000	0	0	14	cluster_14	0.5030
8676	Spectrogram 1	1	12053.000000	12053.500000	0	0	noise	cluster_noise	0.0000
8677	Spectrogram 1	1	12053.250000	12054.500000	0	0	0	cluster_0	1.0000
8678	Spectrogram 1	1	12064.000000	12065.250000	0	0	noise	cluster_noise	0.0000
8679	Spectrogram 1	1	12065.000000	12065.500000	0	0	5	cluster_5	1.0000
8680	Spectrogram 1	1	12065.250000	12068.000000	0	0	0	cluster_0	1.0000
8681	Spectrogram 1	1	12067.750000	12080.250000	0	0	5	cluster_5	0.9812
8682	Spectrogram 1	1	12080.000000	12088.750000	0	0	0	cluster_0	1.0000
8683	Spectrogram 1	1	12088.500000	12090.500000	0	0	5	cluster_5	1.0000
8684	Spectrogram 1	1	12090.250000	12091.250000	0	0	0	cluster_0	1.0000
8685	Spectrogram 1	1	12091.000000	12091.500000	0	0	noise	cluster_noise	0.0000
8686	Spectrogram 1	1	12091.250000	12092.250000	0	0	3	cluster_3	1.0000
8687	Spectrogram 1	1	12092.000000	12095.500000	0	0	0	cluster_0	1.0000
8688	Spectrogram 1	1	12095.250000	12097.000000	0	0	5	cluster_5	0.9672
8689	Spectrogram 1	1	12096.750000	12097.500000	0	0	0	cluster_0	1.0000
8690	Spectrogram 1	1	12100.000000	12100.750000	0	0	5	cluster_5	0.8554
8691	Spectrogram 1	1	12100.500000	12101.500000	0	0	0	cluster_0	1.0000
8692	Spectrogram 1	1	12101.250000	12102.500000	0	0	3	cluster_3	0.9727
8693	Spectrogram 1	1	12102.250000	12106.000000	0	0	0	cluster_0	1.0000
8694	Spectrogram 1	1	12105.750000	12106.500000	0	0	5	cluster_5	1.0000
8695	Spectrogram 1	1	12106.250000	12107.000000	0	0	noise	cluster_noise	0.0000
8696	Spectrogram 1	1	12106.750000	12107.250000	0	0	5	cluster_5	0.9432
8697	Spectrogram 1	1	12107.000000	12107.500000	0	0	0	cluster_0	1.0000
8698	Spectrogram 1	1	12107.250000	12107.750000	0	0	5	cluster_5	1.0000
8699	Spectrogram 1	1	12107.500000	12109.250000	0	0	0	cluster_0	1.0000
8700	Spectrogram 1	1	12109.000000	12110.500000	0	0	5	cluster_5	1.0000
8701	Spectrogram 1	1	12113.000000	12113.500000	0	0	0	cluster_0	1.0000
8702	Spectrogram 1	1	12113.250000	12113.750000	0	0	noise	cluster_noise	0.0000
8703	Spectrogram 1	1	12113.500000	12114.000000	0	0	5	cluster_5	1.0000
8704	Spectrogram 1	1	12113.750000	12114.250000	0	0	noise	cluster_noise	0.0000
8705	Spectrogram 1	1	12114.000000	12115.250000	0	0	0	cluster_0	1.0000
8706	Spectrogram 1	1	12115.000000	12115.500000	0	0	noise	cluster_noise	0.0000
8707	Spectrogram 1	1	12115.250000	12115.750000	0	0	5	cluster_5	0.8161
8708	Spectrogram 1	1	12115.500000	12116.000000	0	0	noise	cluster_noise	0.0000
8709	Spectrogram 1	1	12115.750000	12119.500000	0	0	0	cluster_0	1.0000
8710	Spectrogram 1	1	12119.250000	12120.500000	0	0	5	cluster_5	1.0000
8711	Spectrogram 1	1	12126.000000	12128.250000	0	0	0	cluster_0	1.0000
8712	Spectrogram 1	1	12128.000000	12128.500000	0	0	4	cluster_4	0.8013
8713	Spectrogram 1	1	12128.250000	12130.500000	0	0	0	cluster_0	0.9888
8714	Spectrogram 1	1	12130.250000	12130.750000	0	0	noise	cluster_noise	0.0000
8715	Spectrogram 1	1	12130.500000	12138.750000	0	0	0	cluster_0	1.0000
8716	Spectrogram 1	1	12138.500000	12140.000000	0	0	5	cluster_5	1.0000
8717	Spectrogram 1	1	12139.750000	12140.500000	0	0	noise	cluster_noise	0.0000
8718	Spectrogram 1	1	12140.250000	12140.750000	0	0	5	cluster_5	1.0000
8719	Spectrogram 1	1	12140.500000	12141.750000	0	0	0	cluster_0	1.0000
8720	Spectrogram 1	1	12141.500000	12142.250000	0	0	10	cluster_10	0.6043
8721	Spectrogram 1	1	12142.000000	12143.750000	0	0	0	cluster_0	0.9820
8722	Spectrogram 1	1	12143.500000	12144.250000	0	0	noise	cluster_noise	0.0000
8723	Spectrogram 1	1	12144.000000	12150.250000	0	0	0	cluster_0	1.0000
8724	Spectrogram 1	1	12150.000000	12151.750000	0	0	5	cluster_5	0.9198
8725	Spectrogram 1	1	12151.500000	12153.750000	0	0	0	cluster_0	1.0000
8726	Spectrogram 1	1	12153.500000	12154.000000	0	0	noise	cluster_noise	0.0000
8727	Spectrogram 1	1	12153.750000	12155.500000	0	0	5	cluster_5	0.9890
8728	Spectrogram 1	1	12155.250000	12156.500000	0	0	0	cluster_0	1.0000
8729	Spectrogram 1	1	12160.000000	12160.750000	0	0	noise	cluster_noise	0.0000
8730	Spectrogram 1	1	12160.500000	12162.000000	0	0	0	cluster_0	1.0000
8731	Spectrogram 1	1	12161.750000	12162.250000	0	0	noise	cluster_noise	0.0000
8732	Spectrogram 1	1	12162.000000	12164.250000	0	0	0	cluster_0	1.0000
8733	Spectrogram 1	1	12164.000000	12164.500000	0	0	noise	cluster_noise	0.0000
8734	Spectrogram 1	1	12164.250000	12166.000000	0	0	5	cluster_5	0.9721
8735	Spectrogram 1	1	12165.750000	12179.250000	0	0	0	cluster_0	1.0000
8736	Spectrogram 1	1	12179.000000	12180.000000	0	0	5	cluster_5	1.0000
8737	Spectrogram 1	1	12179.750000	12180.250000	0	0	noise	cluster_noise	0.0000
8738	Spectrogram 1	1	12180.000000	12180.500000	0	0	0	cluster_0	1.0000
8739	Spectrogram 1	1	12187.000000	12187.500000	0	0	noise	cluster_noise	0.0000
8740	Spectrogram 1	1	12187.250000	12188.500000	0	0	0	cluster_0	1.0000
8741	Spectrogram 1	1	12188.250000	12189.250000	0	0	noise	cluster_noise	0.0000
8742	Spectrogram 1	1	12189.000000	12190.250000	0	0	0	cluster_0	1.0000
8743	Spectrogram 1	1	12190.000000	12190.750000	0	0	noise	cluster_noise	0.0000
8744	Spectrogram 1	1	12190.500000	12196.750000	0	0	0	cluster_0	1.0000
8745	Spectrogram 1	1	12196.500000	12198.000000	0	0	5	cluster_5	1.0000
8746	Spectrogram 1	1	12197.750000	12198.250000	0	0	noise	cluster_noise	0.0000
8747	Spectrogram 1	1	12198.000000	12199.250000	0	0	0	cluster_0	1.0000
8748	Spectrogram 1	1	12199.000000	12200.000000	0	0	noise	cluster_noise	0.0000
8749	Spectrogram 1	1	12199.750000	12201.250000	0	0	0	cluster_0	1.0000
8750	Spectrogram 1	1	12201.000000	12202.000000	0	0	noise	cluster_noise	0.0000
8751	Spectrogram 1	1	12201.750000	12206.000000	0	0	0	cluster_0	1.0000
8752	Spectrogram 1	1	12205.750000	12206.750000	0	0	noise	cluster_noise	0.0000
8753	Spectrogram 1	1	12206.500000	12208.250000	0	0	0	cluster_0	1.0000
8754	Spectrogram 1	1	12208.000000	12210.250000	0	0	5	cluster_5	0.9657
8755	Spectrogram 1	1	12210.000000	12212.500000	0	0	0	cluster_0	1.0000
8756	Spectrogram 1	1	12212.250000	12213.500000	0	0	5	cluster_5	1.0000
8757	Spectrogram 1	1	12218.000000	12218.750000	0	0	0	cluster_0	1.0000
8758	Spectrogram 1	1	12218.500000	12219.250000	0	0	noise	cluster_noise	0.0000
8759	Spectrogram 1	1	12219.000000	12220.250000	0	0	0	cluster_0	1.0000
8760	Spectrogram 1	1	12220.000000	12221.000000	0	0	noise	cluster_noise	0.0000
8761	Spectrogram 1	1	12220.750000	12221.750000	0	0	0	cluster_0	1.0000
8762	Spectrogram 1	1	12221.500000	12222.500000	0	0	noise	cluster_noise	0.0000
8763	Spectrogram 1	1	12222.250000	12228.250000	0	0	0	cluster_0	1.0000
8764	Spectrogram 1	1	12228.000000	12229.750000	0	0	5	cluster_5	0.9972
8765	Spectrogram 1	1	12229.500000	12230.750000	0	0	0	cluster_0	1.0000
8766	Spectrogram 1	1	12230.500000	12231.250000	0	0	noise	cluster_noise	0.0000
8767	Spectrogram 1	1	12231.000000	12233.500000	0	0	0	cluster_0	1.0000
8768	Spectrogram 1	1	12233.250000	12234.000000	0	0	noise	cluster_noise	0.0000
8769	Spectrogram 1	1	12233.750000	12234.750000	0	0	0	cluster_0	1.0000
8770	Spectrogram 1	1	12234.500000	12235.250000	0	0	noise	cluster_noise	0.0000
8771	Spectrogram 1	1	12235.000000	12243.750000	0	0	0	cluster_0	1.0000
8772	Spectrogram 1	1	12243.500000	12244.750000	0	0	3	cluster_3	1.0000
8773	Spectrogram 1	1	12244.500000	12245.750000	0	0	0	cluster_0	0.9807
8774	Spectrogram 1	1	12245.500000	12247.250000	0	0	3	cluster_3	0.9494
8775	Spectrogram 1	1	12247.000000	12247.500000	0	0	0	cluster_0	1.0000
8776	Spectrogram 1	1	12247.250000	12248.500000	0	0	3	cluster_3	0.9953
8777	Spectrogram 1	1	12248.250000	12257.000000	0	0	0	cluster_0	1.0000
8778	Spectrogram 1	1	12256.750000	12258.500000	0	0	3	cluster_3	0.9946
8779	Spectrogram 1	1	12258.250000	12261.500000	0	0	0	cluster_0	1.0000
8780	Spectrogram 1	1	12261.250000	12261.750000	0	0	noise	cluster_noise	0.0000
8781	Spectrogram 1	1	12261.500000	12262.750000	0	0	0	cluster_0	1.0000
8782	Spectrogram 1	1	12262.500000	12263.000000	0	0	noise	cluster_noise	0.0000
8783	Spectrogram 1	1	12262.750000	12264.250000	0	0	5	cluster_5	0.9448
8784	Spectrogram 1	1	12264.000000	12264.500000	0	0	noise	cluster_noise	0.0000
8785	Spectrogram 1	1	12264.250000	12274.750000	0	0	0	cluster_0	1.0000
8786	Spectrogram 1	1	12274.500000	12276.250000	0	0	5	cluster_5	1.0000
8787	Spectrogram 1	1	12276.000000	12281.500000	0	0	0	cluster_0	1.0000
8788	Spectrogram 1	1	12281.250000	12283.000000	0	0	3	cluster_3	1.0000
8789	Spectrogram 1	1	12282.750000	12284.750000	0	0	0	cluster_0	1.0000
8790	Spectrogram 1	1	12284.500000	12285.500000	0	0	3	cluster_3	1.0000
8791	Spectrogram 1	1	12285.250000	12337.500000	0	0	0	cluster_0	1.0000
8792	Spectrogram 1	1	12344.000000	12345.000000	0	0	5	cluster_5	0.8168
8793	Spectrogram 1	1	12344.750000	12345.500000	0	0	noise	cluster_noise	0.0000
8794	Spectrogram 1	1	12345.250000	12348.500000	0	0	0	cluster_0	1.0000
8795	Spectrogram 1	1	12348.250000	12349.500000	0	0	noise	cluster_noise	0.0000
8796	Spectrogram 1	1	12349.250000	12351.250000	0	0	0	cluster_0	1.0000
8797	Spectrogram 1	1	12351.000000	12351.500000	0	0	noise	cluster_noise	0.0000
8798	Spectrogram 1	1	12351.250000	12353.500000	0	0	0	cluster_0	1.0000
8799	Spectrogram 1	1	12358.000000	12358.750000	0	0	5	cluster_5	0.7954
8800	Spectrogram 1	1	12358.500000	12362.000000	0	0	0	cluster_0	1.0000
8801	Spectrogram 1	1	12361.750000	12362.500000	0	0	noise	cluster_noise	0.0000
8802	Spectrogram 1	1	12362.250000	12373.500000	0	0	0	cluster_0	0.9960
8803	Spectrogram 1	1	12373.250000	12373.750000	0	0	5	cluster_5	1.0000
8804	Spectrogram 1	1	12373.500000	12374.000000	0	0	noise	cluster_noise	0.0000
8805	Spectrogram 1	1	12373.750000	12389.000000	0	0	0	cluster_0	0.9928
8806	Spectrogram 1	1	12388.750000	12389.250000	0	0	noise	cluster_noise	0.0000
8807	Spectrogram 1	1	12389.000000	12400.500000	0	0	0	cluster_0	1.0000
8808	Spectrogram 1	1	12439.000000	12440.000000	0	0	4	cluster_4	0.7315
8809	Spectrogram 1	1	12439.750000	12441.500000	0	0	0	cluster_0	1.0000
8810	Spectrogram 1	1	12463.000000	12463.500000	0	0	noise	cluster_noise	0.0000
8811	Spectrogram 1	1	12463.250000	12464.000000	0	0	3	cluster_3	1.0000
8812	Spectrogram 1	1	12463.750000	12481.250000	0	0	0	cluster_0	0.9480
8813	Spectrogram 1	1	12481.000000	12481.500000	0	0	noise	cluster_noise	0.0000
8814	Spectrogram 1	1	12481.250000	12481.750000	0	0	0	cluster_0	1.0000
8815	Spectrogram 1	1	12481.500000	12482.000000	0	0	noise	cluster_noise	0.0000
8816	Spectrogram 1	1	12481.750000	12482.250000	0	0	5	cluster_5	0.7438
8817	Spectrogram 1	1	12482.000000	12499.000000	0	0	0	cluster_0	0.9407
8818	Spectrogram 1	1	12498.750000	12499.500000	0	0	6	cluster_6	0.4267
8819	Spectrogram 1	1	12550.000000	12550.500000	0	0	noise	cluster_noise	0.0000
8820	Spectrogram 1	1	12550.250000	12552.500000	0	0	0	cluster_0	1.0000
8821	Spectrogram 1	1	12564.000000	12564.500000	0	0	3	cluster_3	1.0000
8822	Spectrogram 1	1	12564.250000	12566.750000	0	0	0	cluster_0	1.0000
8823	Spectrogram 1	1	12566.500000	12568.500000	0	0	3	cluster_3	1.0000
8824	Spectrogram 1	1	12569.000000	12570.000000	0	0	0	cluster_0	1.0000
8825	Spectrogram 1	1	12569.750000	12574.000000	0	0	2	cluster_2	0.9810
8826	Spectrogram 1	1	12573.750000	12576.500000	0	0	0	cluster_0	1.0000
8827	Spectrogram 1	1	12577.000000	12577.500000	0	0	3	cluster_3	0.8312
8828	Spectrogram 1	1	12577.250000	12577.750000	0	0	noise	cluster_noise	0.0000
8829	Spectrogram 1	1	12577.500000	12578.000000	0	0	24	cluster_24	0.9828
8830	Spectrogram 1	1	12577.750000	12579.500000	0	0	0	cluster_0	1.0000
8831	Spectrogram 1	1	12580.000000	12581.750000	0	0	3	cluster_3	1.0000
8832	Spectrogram 1	1	12581.500000	12583.500000	0	0	0	cluster_0	1.0000
8833	Spectrogram 1	1	12583.250000	12583.750000	0	0	noise	cluster_noise	0.0000
8834	Spectrogram 1	1	12583.500000	12584.500000	0	0	2	cluster_2	0.9999
8835	Spectrogram 1	1	12592.000000	12593.500000	0	0	0	cluster_0	1.0000
8836	Spectrogram 1	1	12593.250000	12595.000000	0	0	3	cluster_3	1.0000
8837	Spectrogram 1	1	12594.750000	12595.500000	0	0	0	cluster_0	1.0000
8838	Spectrogram 1	1	12597.000000	12598.000000	0	0	2	cluster_2	1.0000
8839	Spectrogram 1	1	12597.750000	12598.500000	0	0	noise	cluster_noise	0.0000
8840	Spectrogram 1	1	12598.250000	12599.000000	0	0	0	cluster_0	0.9818
8841	Spectrogram 1	1	12598.750000	12599.250000	0	0	noise	cluster_noise	0.0000
8842	Spectrogram 1	1	12599.000000	12599.500000	0	0	5	cluster_5	0.7475
8843	Spectrogram 1	1	12610.000000	12610.500000	0	0	3	cluster_3	1.0000
8844	Spectrogram 1	1	12610.250000	12610.750000	0	0	2	cluster_2	0.6300
8845	Spectrogram 1	1	12610.500000	12611.000000	0	0	24	cluster_24	0.9550
8846	Spectrogram 1	1	12610.750000	12612.000000	0	0	0	cluster_0	1.0000
8847	Spectrogram 1	1	12611.750000	12612.250000	0	0	9	cluster_9	0.8658
8848	Spectrogram 1	1	12612.000000	12612.500000	0	0	5	cluster_5	0.7083
8849	Spectrogram 1	1	12612.250000	12613.250000	0	0	2	cluster_2	0.9329
8850	Spectrogram 1	1	12613.000000	12615.250000	0	0	0	cluster_0	1.0000
8851	Spectrogram 1	1	12615.000000	12615.500000	0	0	noise	cluster_noise	0.0000
8852	Spectrogram 1	1	12615.250000	12616.750000	0	0	0	cluster_0	1.0000
8853	Spectrogram 1	1	12616.500000	12617.000000	0	0	noise	cluster_noise	0.0000
8854	Spectrogram 1	1	12616.750000	12670.000000	0	0	0	cluster_0	1.0000
8855	Spectrogram 1	1	12669.750000	12670.750000	0	0	3	cluster_3	1.0000
8856	Spectrogram 1	1	12670.500000	12671.750000	0	0	5	cluster_5	0.8902
8857	Spectrogram 1	1	12671.500000	12672.250000	0	0	0	cluster_0	1.0000
8858	Spectrogram 1	1	12672.000000	12672.750000	0	0	noise	cluster_noise	0.0000
8859	Spectrogram 1	1	12672.500000	12673.500000	0	0	0	cluster_0	0.9432
8860	Spectrogram 1	1	12683.000000	12683.750000	0	0	5	cluster_5	0.7190
8861	Spectrogram 1	1	12683.500000	12684.250000	0	0	0	cluster_0	1.0000
8862	Spectrogram 1	1	12684.000000	12684.500000	0	0	noise	cluster_noise	0.0000
8863	Spectrogram 1	1	12684.250000	12685.250000	0	0	0	cluster_0	1.0000
8864	Spectrogram 1	1	12685.000000	12685.500000	0	0	noise	cluster_noise	0.0000
8865	Spectrogram 1	1	12685.250000	12687.500000	0	0	5	cluster_5	0.9581
8866	Spectrogram 1	1	12694.000000	12695.750000	0	0	0	cluster_0	0.9997
8867	Spectrogram 1	1	12695.500000	12697.750000	0	0	5	cluster_5	0.9544
8868	Spectrogram 1	1	12697.500000	12698.000000	0	0	0	cluster_0	1.0000
8869	Spectrogram 1	1	12697.750000	12698.250000	0	0	21	cluster_21	0.7237
8870	Spectrogram 1	1	12698.000000	12698.750000	0	0	0	cluster_0	1.0000
8871	Spectrogram 1	1	12698.500000	12699.250000	0	0	5	cluster_5	0.9976
8872	Spectrogram 1	1	12699.000000	12699.500000	0	0	noise	cluster_noise	0.0000
8873	Spectrogram 1	1	12699.250000	12700.000000	0	0	0	cluster_0	1.0000
8874	Spectrogram 1	1	12699.750000	12700.250000	0	0	noise	cluster_noise	0.0000
8875	Spectrogram 1	1	12700.000000	12701.000000	0	0	0	cluster_0	1.0000
8876	Spectrogram 1	1	12700.750000	12701.250000	0	0	5	cluster_5	1.0000
8877	Spectrogram 1	1	12701.000000	12701.500000	0	0	noise	cluster_noise	0.0000
8878	Spectrogram 1	1	12702.000000	12702.500000	0	0	0	cluster_0	1.0000
8879	Spectrogram 1	1	12702.250000	12703.000000	0	0	4	cluster_4	0.7001
8880	Spectrogram 1	1	12702.750000	12708.500000	0	0	noise	cluster_noise	0.0000
8881	Spectrogram 1	1	12708.250000	12709.250000	0	0	0	cluster_0	1.0000
8882	Spectrogram 1	1	12709.000000	12709.500000	0	0	noise	cluster_noise	0.0000
8883	Spectrogram 1	1	12709.250000	12710.750000	0	0	5	cluster_5	0.9981
8884	Spectrogram 1	1	12710.500000	12711.250000	0	0	noise	cluster_noise	0.0000
8885	Spectrogram 1	1	12711.000000	12711.750000	0	0	5	cluster_5	0.9747
8886	Spectrogram 1	1	12711.500000	12712.500000	0	0	0	cluster_0	0.9205
8887	Spectrogram 1	1	12712.250000	12713.500000	0	0	noise	cluster_noise	0.0000
8888	Spectrogram 1	1	12713.250000	12714.500000	0	0	0	cluster_0	1.0000
8889	Spectrogram 1	1	12714.250000	12715.000000	0	0	noise	cluster_noise	0.0000
8890	Spectrogram 1	1	12714.750000	12715.250000	0	0	0	cluster_0	1.0000
8891	Spectrogram 1	1	12715.000000	12715.500000	0	0	noise	cluster_noise	0.0000
8892	Spectrogram 1	1	12721.000000	12722.500000	0	0	5	cluster_5	1.0000
8893	Spectrogram 1	1	12722.250000	12723.000000	0	0	noise	cluster_noise	0.0000
8894	Spectrogram 1	1	12722.750000	12723.250000	0	0	0	cluster_0	0.8391
8895	Spectrogram 1	1	12723.000000	12723.500000	0	0	noise	cluster_noise	0.0000
8896	Spectrogram 1	1	12723.250000	12726.500000	0	0	0	cluster_0	0.9707
8897	Spectrogram 1	1	12726.250000	12727.000000	0	0	noise	cluster_noise	0.0000
8898	Spectrogram 1	1	12726.750000	12727.750000	0	0	0	cluster_0	1.0000
8899	Spectrogram 1	1	12727.500000	12728.500000	0	0	3	cluster_3	1.0000
8900	Spectrogram 1	1	12734.000000	12735.250000	0	0	24	cluster_24	1.0000
8901	Spectrogram 1	1	12735.000000	12738.500000	0	0	0	cluster_0	0.9860
8902	Spectrogram 1	1	12738.250000	12738.750000	0	0	noise	cluster_noise	0.0000
8903	Spectrogram 1	1	12738.500000	12739.250000	0	0	1	cluster_1	0.4566
8904	Spectrogram 1	1	12739.000000	12739.500000	0	0	noise	cluster_noise	0.0000
8905	Spectrogram 1	1	12739.250000	12739.750000	0	0	3	cluster_3	0.8036
8906	Spectrogram 1	1	12739.500000	12740.000000	0	0	0	cluster_0	1.0000
8907	Spectrogram 1	1	12739.750000	12740.250000	0	0	noise	cluster_noise	0.0000
8908	Spectrogram 1	1	12740.000000	12740.500000	0	0	0	cluster_0	1.0000
8909	Spectrogram 1	1	12746.000000	12746.500000	0	0	22	cluster_22	0.8294
8910	Spectrogram 1	1	12746.250000	12747.250000	0	0	0	cluster_0	1.0000
8911	Spectrogram 1	1	12747.000000	12748.000000	0	0	noise	cluster_noise	0.0000
8912	Spectrogram 1	1	12747.750000	12748.250000	0	0	0	cluster_0	1.0000
8913	Spectrogram 1	1	12748.000000	12748.750000	0	0	noise	cluster_noise	0.0000
8914	Spectrogram 1	1	12748.500000	12751.000000	0	0	0	cluster_0	1.0000
8915	Spectrogram 1	1	12750.750000	12752.000000	0	0	3	cluster_3	1.0000
8916	Spectrogram 1	1	12751.750000	12752.250000	0	0	noise	cluster_noise	0.0000
8917	Spectrogram 1	1	12752.000000	12752.750000	0	0	3	cluster_3	0.8987
8918	Spectrogram 1	1	12752.500000	12753.250000	0	0	0	cluster_0	1.0000
8919	Spectrogram 1	1	12753.000000	12753.500000	0	0	noise	cluster_noise	0.0000
8920	Spectrogram 1	1	12753.250000	12754.250000	0	0	0	cluster_0	1.0000
8921	Spectrogram 1	1	12754.000000	12755.750000	0	0	noise	cluster_noise	0.0000
8922	Spectrogram 1	1	12755.500000	12757.250000	0	0	5	cluster_5	0.9568
8923	Spectrogram 1	1	12757.000000	12762.250000	0	0	noise	cluster_noise	0.0000
8924	Spectrogram 1	1	12762.000000	12762.500000	0	0	0	cluster_0	1.0000
8925	Spectrogram 1	1	12762.250000	12763.750000	0	0	noise	cluster_noise	0.0000
8926	Spectrogram 1	1	12763.500000	12764.000000	0	0	22	cluster_22	0.7010
8927	Spectrogram 1	1	12763.750000	12767.000000	0	0	noise	cluster_noise	0.0000
8928	Spectrogram 1	1	12766.750000	12767.250000	0	0	22	cluster_22	0.7425
8929	Spectrogram 1	1	12767.000000	12775.250000	0	0	noise	cluster_noise	0.0000
8930	Spectrogram 1	1	12775.000000	12775.500000	0	0	24	cluster_24	0.9184
8931	Spectrogram 1	1	12776.000000	12776.500000	0	0	noise	cluster_noise	0.0000
8932	Spectrogram 1	1	12776.250000	12778.250000	0	0	4	cluster_4	0.8622
8933	Spectrogram 1	1	12778.000000	12778.750000	0	0	noise	cluster_noise	0.0000
8934	Spectrogram 1	1	12778.500000	12779.000000	0	0	9	cluster_9	0.8502
8935	Spectrogram 1	1	12778.750000	12779.250000	0	0	22	cluster_22	0.8635
8936	Spectrogram 1	1	12779.000000	12780.500000	0	0	noise	cluster_noise	0.0000
8937	Spectrogram 1	1	12780.250000	12780.750000	0	0	13	cluster_13	0.5592
8938	Spectrogram 1	1	12780.500000	12781.500000	0	0	noise	cluster_noise	0.0000
8939	Spectrogram 1	1	12787.000000	12788.250000	0	0	4	cluster_4	0.8852
8940	Spectrogram 1	1	12788.000000	12788.500000	0	0	noise	cluster_noise	0.0000
8941	Spectrogram 1	1	12788.250000	12789.000000	0	0	22	cluster_22	0.8301
8942	Spectrogram 1	1	12788.750000	12789.250000	0	0	noise	cluster_noise	0.0000
8943	Spectrogram 1	1	12789.000000	12789.750000	0	0	22	cluster_22	0.8197
8944	Spectrogram 1	1	12789.500000	12790.250000	0	0	noise	cluster_noise	0.0000
8945	Spectrogram 1	1	12790.000000	12792.500000	0	0	4	cluster_4	0.7283
8946	Spectrogram 1	1	12796.000000	12796.750000	0	0	noise	cluster_noise	0.0000
8947	Spectrogram 1	1	12796.500000	12797.000000	0	0	3	cluster_3	1.0000
8948	Spectrogram 1	1	12796.750000	12798.750000	0	0	noise	cluster_noise	0.0000
8949	Spectrogram 1	1	12798.500000	12799.000000	0	0	3	cluster_3	1.0000
8950	Spectrogram 1	1	12798.750000	12801.000000	0	0	noise	cluster_noise	0.0000
8951	Spectrogram 1	1	12800.750000	12802.000000	0	0	4	cluster_4	1.0000
8952	Spectrogram 1	1	12801.750000	12802.750000	0	0	22	cluster_22	0.7582
8953	Spectrogram 1	1	12802.500000	12803.250000	0	0	noise	cluster_noise	0.0000
8954	Spectrogram 1	1	12803.000000	12803.750000	0	0	22	cluster_22	0.7062
8955	Spectrogram 1	1	12803.500000	12804.250000	0	0	noise	cluster_noise	0.0000
8956	Spectrogram 1	1	12804.000000	12804.500000	0	0	4	cluster_4	0.4970
8957	Spectrogram 1	1	12809.000000	12809.750000	0	0	22	cluster_22	0.7949
8958	Spectrogram 1	1	12809.500000	12810.000000	0	0	noise	cluster_noise	0.0000
8959	Spectrogram 1	1	12809.750000	12810.250000	0	0	13	cluster_13	0.5116
8960	Spectrogram 1	1	12810.000000	12810.500000	0	0	noise	cluster_noise	0.0000
8961	Spectrogram 1	1	12810.250000	12811.250000	0	0	3	cluster_3	0.8830
8962	Spectrogram 1	1	12811.000000	12812.250000	0	0	noise	cluster_noise	0.0000
8963	Spectrogram 1	1	12812.000000	12812.500000	0	0	13	cluster_13	0.4712
8964	Spectrogram 1	1	12812.250000	12813.250000	0	0	noise	cluster_noise	0.0000
8965	Spectrogram 1	1	12813.000000	12814.250000	0	0	3	cluster_3	1.0000
8966	Spectrogram 1	1	12814.000000	12814.500000	0	0	noise	cluster_noise	0.0000
8967	Spectrogram 1	1	12814.250000	12814.750000	0	0	3	cluster_3	0.9685
8968	Spectrogram 1	1	12814.500000	12815.000000	0	0	noise	cluster_noise	0.0000
8969	Spectrogram 1	1	12814.750000	12815.250000	0	0	3	cluster_3	0.8471
8970	Spectrogram 1	1	12815.000000	12820.250000	0	0	noise	cluster_noise	0.0000
8971	Spectrogram 1	1	12820.000000	12821.750000	0	0	4	cluster_4	0.8506
8972	Spectrogram 1	1	12821.500000	12822.250000	0	0	22	cluster_22	0.7771
8973	Spectrogram 1	1	12822.000000	12822.750000	0	0	noise	cluster_noise	0.0000
8974	Spectrogram 1	1	12822.500000	12823.250000	0	0	22	cluster_22	0.7760
8975	Spectrogram 1	1	12823.000000	12823.500000	0	0	13	cluster_13	0.6303
8976	Spectrogram 1	1	12823.250000	12823.750000	0	0	noise	cluster_noise	0.0000
8977	Spectrogram 1	1	12823.500000	12824.000000	0	0	3	cluster_3	0.9363
8978	Spectrogram 1	1	12823.750000	12824.750000	0	0	noise	cluster_noise	0.0000
8979	Spectrogram 1	1	12824.500000	12825.000000	0	0	22	cluster_22	0.7759
8980	Spectrogram 1	1	12824.750000	12825.500000	0	0	noise	cluster_noise	0.0000
8981	Spectrogram 1	1	12825.250000	12826.000000	0	0	3	cluster_3	1.0000
8982	Spectrogram 1	1	12825.750000	12826.750000	0	0	noise	cluster_noise	0.0000
8983	Spectrogram 1	1	12826.500000	12827.250000	0	0	3	cluster_3	0.9453
8984	Spectrogram 1	1	12827.000000	12827.750000	0	0	22	cluster_22	0.7594
8985	Spectrogram 1	1	12827.500000	12828.250000	0	0	noise	cluster_noise	0.0000
8986	Spectrogram 1	1	12828.000000	12828.750000	0	0	3	cluster_3	0.8776
8987	Spectrogram 1	1	12828.500000	12829.500000	0	0	noise	cluster_noise	0.0000
8988	Spectrogram 1	1	12829.250000	12830.750000	0	0	3	cluster_3	0.9795
8989	Spectrogram 1	1	12830.500000	12831.250000	0	0	noise	cluster_noise	0.0000
8990	Spectrogram 1	1	12831.000000	12831.500000	0	0	22	cluster_22	0.7927
8991	Spectrogram 1	1	12831.250000	12832.250000	0	0	noise	cluster_noise	0.0000
8992	Spectrogram 1	1	12832.000000	12833.000000	0	0	4	cluster_4	1.0000
8993	Spectrogram 1	1	12832.750000	12833.500000	0	0	noise	cluster_noise	0.0000
8994	Spectrogram 1	1	12833.250000	12833.750000	0	0	22	cluster_22	0.7303
8995	Spectrogram 1	1	12833.500000	12834.750000	0	0	noise	cluster_noise	0.0000
8996	Spectrogram 1	1	12834.500000	12835.000000	0	0	22	cluster_22	0.7927
8997	Spectrogram 1	1	12834.750000	12835.250000	0	0	noise	cluster_noise	0.0000
8998	Spectrogram 1	1	12835.000000	12835.500000	0	0	22	cluster_22	0.7908
8999	Spectrogram 1	1	12835.250000	12836.000000	0	0	noise	cluster_noise	0.0000
9000	Spectrogram 1	1	12835.750000	12836.500000	0	0	4	cluster_4	1.0000
9001	Spectrogram 1	1	12836.250000	12837.250000	0	0	noise	cluster_noise	0.0000
9002	Spectrogram 1	1	12837.000000	12838.000000	0	0	22	cluster_22	0.7626
9003	Spectrogram 1	1	12837.750000	12839.250000	0	0	noise	cluster_noise	0.0000
9004	Spectrogram 1	1	12839.000000	12839.500000	0	0	23	cluster_23	1.0000
9005	Spectrogram 1	1	12839.250000	12842.500000	0	0	noise	cluster_noise	0.0000
9006	Spectrogram 1	1	12842.250000	12842.750000	0	0	22	cluster_22	0.7798
9007	Spectrogram 1	1	12842.500000	12843.750000	0	0	noise	cluster_noise	0.0000
9008	Spectrogram 1	1	12843.500000	12844.000000	0	0	3	cluster_3	1.0000
9009	Spectrogram 1	1	12843.750000	12845.000000	0	0	noise	cluster_noise	0.0000
9010	Spectrogram 1	1	12844.750000	12845.500000	0	0	3	cluster_3	1.0000
9011	Spectrogram 1	1	12845.250000	12846.000000	0	0	noise	cluster_noise	0.0000
9012	Spectrogram 1	1	12845.750000	12846.250000	0	0	22	cluster_22	0.8171
9013	Spectrogram 1	1	12846.000000	12847.250000	0	0	noise	cluster_noise	0.0000
9014	Spectrogram 1	1	12847.000000	12847.500000	0	0	3	cluster_3	0.8947
9015	Spectrogram 1	1	12847.250000	12848.000000	0	0	noise	cluster_noise	0.0000
9016	Spectrogram 1	1	12847.750000	12848.500000	0	0	22	cluster_22	0.8130
9017	Spectrogram 1	1	12848.250000	12851.500000	0	0	noise	cluster_noise	0.0000
9018	Spectrogram 1	1	12857.000000	12857.500000	0	0	22	cluster_22	0.7580
9019	Spectrogram 1	1	12857.250000	12862.500000	0	0	noise	cluster_noise	0.0000
9020	Spectrogram 1	1	12870.000000	12870.750000	0	0	22	cluster_22	0.6944
9021	Spectrogram 1	1	12870.500000	12872.000000	0	0	noise	cluster_noise	0.0000
9022	Spectrogram 1	1	12871.750000	12873.000000	0	0	3	cluster_3	1.0000
9023	Spectrogram 1	1	12872.750000	12873.500000	0	0	noise	cluster_noise	0.0000
9024	Spectrogram 1	1	12873.250000	12873.750000	0	0	22	cluster_22	0.7288
9025	Spectrogram 1	1	12873.500000	12874.250000	0	0	noise	cluster_noise	0.0000
9026	Spectrogram 1	1	12874.000000	12874.500000	0	0	22	cluster_22	0.6934
9027	Spectrogram 1	1	12874.250000	12874.750000	0	0	noise	cluster_noise	0.0000
9028	Spectrogram 1	1	12874.500000	12875.500000	0	0	3	cluster_3	1.0000
9029	Spectrogram 1	1	12881.000000	12881.750000	0	0	noise	cluster_noise	0.0000
9030	Spectrogram 1	1	12881.500000	12882.000000	0	0	23	cluster_23	1.0000
9031	Spectrogram 1	1	12881.750000	12883.250000	0	0	noise	cluster_noise	0.0000
9032	Spectrogram 1	1	12883.000000	12883.750000	0	0	22	cluster_22	0.7074
9033	Spectrogram 1	1	12883.500000	12886.500000	0	0	noise	cluster_noise	0.0000
9034	Spectrogram 1	1	12889.000000	12889.500000	0	0	3	cluster_3	0.9465
9035	Spectrogram 1	1	12889.250000	12890.250000	0	0	noise	cluster_noise	0.0000
9036	Spectrogram 1	1	12890.000000	12890.500000	0	0	25	cluster_25	0.7221
9037	Spectrogram 1	1	12890.250000	12891.500000	0	0	3	cluster_3	0.9573
9038	Spectrogram 1	1	12894.000000	12894.500000	0	0	22	cluster_22	0.8092
9039	Spectrogram 1	1	12894.250000	12894.750000	0	0	noise	cluster_noise	0.0000
9040	Spectrogram 1	1	12894.500000	12895.000000	0	0	22	cluster_22	0.7369
9041	Spectrogram 1	1	12894.750000	12895.250000	0	0	noise	cluster_noise	0.0000
9042	Spectrogram 1	1	12895.000000	12895.500000	0	0	22	cluster_22	0.6896
9043	Spectrogram 1	1	12895.250000	12895.750000	0	0	noise	cluster_noise	0.0000
9044	Spectrogram 1	1	12895.500000	12896.000000	0	0	22	cluster_22	0.8578
9045	Spectrogram 1	1	12895.750000	12896.500000	0	0	noise	cluster_noise	0.0000
9046	Spectrogram 1	1	12896.250000	12896.750000	0	0	22	cluster_22	0.7042
9047	Spectrogram 1	1	12896.500000	12897.500000	0	0	noise	cluster_noise	0.0000
9048	Spectrogram 1	1	12897.250000	12897.750000	0	0	25	cluster_25	0.9939
9049	Spectrogram 1	1	12897.500000	12898.750000	0	0	2	cluster_2	0.9025
9050	Spectrogram 1	1	12898.500000	12902.500000	0	0	noise	cluster_noise	0.0000
9051	Spectrogram 1	1	12902.250000	12903.250000	0	0	22	cluster_22	0.6992
9052	Spectrogram 1	1	12903.000000	12903.750000	0	0	noise	cluster_noise	0.0000
9053	Spectrogram 1	1	12903.500000	12904.250000	0	0	22	cluster_22	0.7913
9054	Spectrogram 1	1	12904.000000	12906.500000	0	0	noise	cluster_noise	0.0000
9055	Spectrogram 1	1	12906.250000	12906.750000	0	0	22	cluster_22	0.6861
9056	Spectrogram 1	1	12906.500000	12907.250000	0	0	noise	cluster_noise	0.0000
9057	Spectrogram 1	1	12907.000000	12908.000000	0	0	22	cluster_22	0.7841
9058	Spectrogram 1	1	12907.750000	12908.250000	0	0	noise	cluster_noise	0.0000
9059	Spectrogram 1	1	12908.000000	12908.500000	0	0	21	cluster_21	0.7348
9060	Spectrogram 1	1	12908.250000	12908.750000	0	0	noise	cluster_noise	0.0000
9061	Spectrogram 1	1	12908.500000	12909.000000	0	0	22	cluster_22	0.8635
9062	Spectrogram 1	1	12908.750000	12910.250000	0	0	noise	cluster_noise	0.0000
9063	Spectrogram 1	1	12910.000000	12910.750000	0	0	23	cluster_23	0.9894
9064	Spectrogram 1	1	12910.500000	12911.000000	0	0	noise	cluster_noise	0.0000
9065	Spectrogram 1	1	12910.750000	12911.250000	0	0	23	cluster_23	0.9903
9066	Spectrogram 1	1	12911.000000	12912.000000	0	0	noise	cluster_noise	0.0000
9067	Spectrogram 1	1	12911.750000	12913.250000	0	0	2	cluster_2	0.9839
9068	Spectrogram 1	1	12913.000000	12914.000000	0	0	22	cluster_22	0.7695
9069	Spectrogram 1	1	12913.750000	12914.500000	0	0	noise	cluster_noise	0.0000
9070	Spectrogram 1	1	12920.000000	12920.750000	0	0	2	cluster_2	1.0000
9071	Spectrogram 1	1	12920.500000	12921.250000	0	0	noise	cluster_noise	0.0000
9072	Spectrogram 1	1	12921.000000	12921.750000	0	0	22	cluster_22	0.7968
9073	Spectrogram 1	1	12921.500000	12922.000000	0	0	noise	cluster_noise	0.0000
9074	Spectrogram 1	1	12921.750000	12922.250000	0	0	22	cluster_22	0.8186
9075	Spectrogram 1	1	12922.000000	12922.500000	0	0	3	cluster_3	1.0000
9076	Spectrogram 1	1	12922.250000	12923.250000	0	0	2	cluster_2	1.0000
9077	Spectrogram 1	1	12923.000000	12923.500000	0	0	noise	cluster_noise	0.0000
9078	Spectrogram 1	1	12923.250000	12924.000000	0	0	22	cluster_22	0.7919
9079	Spectrogram 1	1	12923.750000	12925.250000	0	0	noise	cluster_noise	0.0000
9080	Spectrogram 1	1	12925.000000	12925.500000	0	0	22	cluster_22	0.7089
9081	Spectrogram 1	1	12925.250000	12927.500000	0	0	noise	cluster_noise	0.0000
9082	Spectrogram 1	1	12927.250000	12927.750000	0	0	22	cluster_22	0.6955
9083	Spectrogram 1	1	12927.500000	12928.250000	0	0	noise	cluster_noise	0.0000
9084	Spectrogram 1	1	12928.000000	12928.500000	0	0	23	cluster_23	0.9790
9085	Spectrogram 1	1	12928.250000	12929.750000	0	0	noise	cluster_noise	0.0000
9086	Spectrogram 1	1	12929.500000	12930.250000	0	0	22	cluster_22	0.8393
9087	Spectrogram 1	1	12930.000000	12930.500000	0	0	noise	cluster_noise	0.0000
9088	Spectrogram 1	1	12930.250000	12933.000000	0	0	22	cluster_22	0.7828
9089	Spectrogram 1	1	12932.750000	12933.250000	0	0	noise	cluster_noise	0.0000
9090	Spectrogram 1	1	12933.000000	12934.250000	0	0	2	cluster_2	1.0000
9091	Spectrogram 1	1	12934.000000	12935.000000	0	0	3	cluster_3	0.9899
9092	Spectrogram 1	1	12934.750000	12935.250000	0	0	22	cluster_22	0.7601
9093	Spectrogram 1	1	12935.000000	12937.500000	0	0	noise	cluster_noise	0.0000
9094	Spectrogram 1	1	12937.250000	12937.750000	0	0	0	cluster_0	1.0000
9095	Spectrogram 1	1	12937.500000	12938.000000	0	0	3	cluster_3	1.0000
9096	Spectrogram 1	1	12937.750000	12939.000000	0	0	2	cluster_2	0.9484
9097	Spectrogram 1	1	12938.750000	12940.250000	0	0	noise	cluster_noise	0.0000
9098	Spectrogram 1	1	12940.000000	12940.500000	0	0	22	cluster_22	0.8635
9099	Spectrogram 1	1	12940.250000	12942.500000	0	0	noise	cluster_noise	0.0000
9100	Spectrogram 1	1	12943.000000	12944.500000	0	0	22	cluster_22	0.7969
9101	Spectrogram 1	1	12944.250000	12945.000000	0	0	noise	cluster_noise	0.0000
9102	Spectrogram 1	1	12944.750000	12946.000000	0	0	22	cluster_22	0.7598
9103	Spectrogram 1	1	12945.750000	12947.250000	0	0	noise	cluster_noise	0.0000
9104	Spectrogram 1	1	12947.000000	12947.500000	0	0	22	cluster_22	0.8578
9105	Spectrogram 1	1	12948.000000	12949.750000	0	0	2	cluster_2	0.9939
9106	Spectrogram 1	1	12949.500000	12951.000000	0	0	noise	cluster_noise	0.0000
9107	Spectrogram 1	1	12950.750000	12952.250000	0	0	2	cluster_2	0.9540
9108	Spectrogram 1	1	12952.000000	12952.500000	0	0	noise	cluster_noise	0.0000
9109	Spectrogram 1	1	12952.250000	12952.750000	0	0	22	cluster_22	0.7239
9110	Spectrogram 1	1	12952.500000	12977.500000	0	0	noise	cluster_noise	0.0000
9111	Spectrogram 1	1	12977.250000	12978.000000	0	0	24	cluster_24	0.8818
9112	Spectrogram 1	1	12977.750000	12979.250000	0	0	noise	cluster_noise	0.0000
9113	Spectrogram 1	1	12979.000000	12980.500000	0	0	5	cluster_5	0.9840
9114	Spectrogram 1	1	13005.000000	13005.500000	0	0	noise	cluster_noise	0.0000
9115	Spectrogram 1	1	13005.250000	13005.750000	0	0	22	cluster_22	0.7988
9116	Spectrogram 1	1	13005.500000	13006.500000	0	0	noise	cluster_noise	0.0000
9117	Spectrogram 1	1	13016.000000	13017.500000	0	0	5	cluster_5	1.0000
9118	Spectrogram 1	1	13017.250000	13017.750000	0	0	noise	cluster_noise	0.0000
9119	Spectrogram 1	1	13017.500000	13019.500000	0	0	5	cluster_5	0.9805
9120	Spectrogram 1	1	13025.000000	13025.500000	0	0	22	cluster_22	0.6896
9121	Spectrogram 1	1	13025.250000	13026.500000	0	0	noise	cluster_noise	0.0000
9122	Spectrogram 1	1	13026.250000	13028.250000	0	0	5	cluster_5	0.9898
9123	Spectrogram 1	1	13028.000000	13028.500000	0	0	noise	cluster_noise	0.0000
9124	Spectrogram 1	1	13028.250000	13028.750000	0	0	22	cluster_22	0.7830
9125	Spectrogram 1	1	13028.500000	13029.000000	0	0	noise	cluster_noise	0.0000
9126	Spectrogram 1	1	13028.750000	13029.500000	0	0	5	cluster_5	1.0000
9127	Spectrogram 1	1	13039.000000	13039.750000	0	0	noise	cluster_noise	0.0000
9128	Spectrogram 1	1	13039.500000	13040.000000	0	0	22	cluster_22	0.7549
9129	Spectrogram 1	1	13039.750000	13040.250000	0	0	noise	cluster_noise	0.0000
9130	Spectrogram 1	1	13040.000000	13040.500000	0	0	22	cluster_22	0.7544
9131	Spectrogram 1	1	13040.250000	13041.500000	0	0	noise	cluster_noise	0.0000
9132	Spectrogram 1	1	13041.250000	13043.500000	0	0	3	cluster_3	0.9668
9133	Spectrogram 1	1	13047.000000	13047.500000	0	0	noise	cluster_noise	0.0000
9134	Spectrogram 1	1	13047.250000	13047.750000	0	0	5	cluster_5	0.8333
9135	Spectrogram 1	1	13047.500000	13048.500000	0	0	noise	cluster_noise	0.0000
9136	Spectrogram 1	1	13048.250000	13049.000000	0	0	3	cluster_3	1.0000
9137	Spectrogram 1	1	13048.750000	13049.750000	0	0	noise	cluster_noise	0.0000
9138	Spectrogram 1	1	13049.500000	13050.000000	0	0	22	cluster_22	0.7949
9139	Spectrogram 1	1	13049.750000	13050.500000	0	0	noise	cluster_noise	0.0000
9140	Spectrogram 1	1	13050.250000	13050.750000	0	0	22	cluster_22	0.8199
9141	Spectrogram 1	1	13050.500000	13051.500000	0	0	noise	cluster_noise	0.0000
9142	Spectrogram 1	1	13051.250000	13051.750000	0	0	22	cluster_22	0.7570
9143	Spectrogram 1	1	13051.500000	13052.500000	0	0	noise	cluster_noise	0.0000
9144	Spectrogram 1	1	13052.250000	13053.000000	0	0	26	cluster_26	0.8615
9145	Spectrogram 1	1	13052.750000	13054.000000	0	0	noise	cluster_noise	0.0000
9146	Spectrogram 1	1	13053.750000	13054.500000	0	0	3	cluster_3	1.0000
9147	Spectrogram 1	1	13061.000000	13061.500000	0	0	22	cluster_22	0.7176
9148	Spectrogram 1	1	13061.250000	13062.000000	0	0	noise	cluster_noise	0.0000
9149	Spectrogram 1	1	13061.750000	13062.750000	0	0	22	cluster_22	0.7638
9150	Spectrogram 1	1	13062.500000	13063.500000	0	0	noise	cluster_noise	0.0000
9151	Spectrogram 1	1	13063.250000	13064.000000	0	0	22	cluster_22	0.7338
9152	Spectrogram 1	1	13063.750000	13065.250000	0	0	noise	cluster_noise	0.0000
9153	Spectrogram 1	1	13065.000000	13065.500000	0	0	23	cluster_23	0.9951
9154	Spectrogram 1	1	13066.000000	13067.500000	0	0	3	cluster_3	1.0000
9155	Spectrogram 1	1	13067.250000	13067.750000	0	0	noise	cluster_noise	0.0000
9156	Spectrogram 1	1	13067.500000	13068.000000	0	0	22	cluster_22	0.6906
9157	Spectrogram 1	1	13067.750000	13068.250000	0	0	noise	cluster_noise	0.0000
9158	Spectrogram 1	1	13068.000000	13068.500000	0	0	3	cluster_3	1.0000
9159	Spectrogram 1	1	13068.250000	13068.750000	0	0	noise	cluster_noise	0.0000
9160	Spectrogram 1	1	13068.500000	13069.500000	0	0	3	cluster_3	0.9810
9161	Spectrogram 1	1	13069.250000	13069.750000	0	0	noise	cluster_noise	0.0000
9162	Spectrogram 1	1	13069.500000	13070.000000	0	0	3	cluster_3	1.0000
9163	Spectrogram 1	1	13069.750000	13076.750000	0	0	noise	cluster_noise	0.0000
9164	Spectrogram 1	1	13076.500000	13077.500000	0	0	22	cluster_22	0.7704
9165	Spectrogram 1	1	13077.250000	13078.750000	0	0	noise	cluster_noise	0.0000
9166	Spectrogram 1	1	13078.500000	13079.500000	0	0	1	cluster_1	0.8118
9167	Spectrogram 1	1	13079.250000	13080.500000	0	0	noise	cluster_noise	0.0000
9168	Spectrogram 1	1	13080.250000	13081.000000	0	0	1	cluster_1	1.0000
9169	Spectrogram 1	1	13080.750000	13082.000000	0	0	noise	cluster_noise	0.0000
9170	Spectrogram 1	1	13081.750000	13082.250000	0	0	23	cluster_23	0.9782
9171	Spectrogram 1	1	13082.000000	13082.750000	0	0	noise	cluster_noise	0.0000
9172	Spectrogram 1	1	13082.500000	13083.000000	0	0	23	cluster_23	1.0000
9173	Spectrogram 1	1	13082.750000	13083.500000	0	0	noise	cluster_noise	0.0000
9174	Spectrogram 1	1	13089.000000	13089.750000	0	0	5	cluster_5	0.8938
9175	Spectrogram 1	1	13089.500000	13090.000000	0	0	9	cluster_9	0.8487
9176	Spectrogram 1	1	13089.750000	13090.250000	0	0	22	cluster_22	0.6993
9177	Spectrogram 1	1	13090.000000	13091.000000	0	0	noise	cluster_noise	0.0000
9178	Spectrogram 1	1	13090.750000	13091.250000	0	0	22	cluster_22	0.7087
9179	Spectrogram 1	1	13091.000000	13091.500000	0	0	noise	cluster_noise	0.0000
9180	Spectrogram 1	1	13091.250000	13092.000000	0	0	9	cluster_9	0.8026
9181	Spectrogram 1	1	13091.750000	13093.250000	0	0	noise	cluster_noise	0.0000
9182	Spectrogram 1	1	13093.000000	13093.750000	0	0	3	cluster_3	1.0000
9183	Spectrogram 1	1	13093.500000	13094.500000	0	0	noise	cluster_noise	0.0000
9184	Spectrogram 1	1	13098.000000	13099.000000	0	0	5	cluster_5	0.9875
9185	Spectrogram 1	1	13098.750000	13099.500000	0	0	noise	cluster_noise	0.0000
9186	Spectrogram 1	1	13101.000000	13101.500000	0	0	22	cluster_22	0.7687
9187	Spectrogram 1	1	13101.250000	13103.000000	0	0	noise	cluster_noise	0.0000
9188	Spectrogram 1	1	13102.750000	13103.250000	0	0	9	cluster_9	0.7682
9189	Spectrogram 1	1	13103.000000	13105.000000	0	0	noise	cluster_noise	0.0000
9190	Spectrogram 1	1	13104.750000	13105.250000	0	0	22	cluster_22	0.8635
9191	Spectrogram 1	1	13105.000000	13106.750000	0	0	noise	cluster_noise	0.0000
9192	Spectrogram 1	1	13106.500000	13107.000000	0	0	22	cluster_22	0.7710
9193	Spectrogram 1	1	13106.750000	13107.250000	0	0	noise	cluster_noise	0.0000
9194	Spectrogram 1	1	13107.000000	13107.500000	0	0	9	cluster_9	0.8832
9195	Spectrogram 1	1	13107.250000	13107.750000	0	0	4	cluster_4	0.5285
9196	Spectrogram 1	1	13107.500000	13111.000000	0	0	noise	cluster_noise	0.0000
9197	Spectrogram 1	1	13110.750000	13111.500000	0	0	5	cluster_5	0.7611
9198	Spectrogram 1	1	13111.250000	13111.750000	0	0	2	cluster_2	1.0000
9199	Spectrogram 1	1	13111.500000	13112.500000	0	0	5	cluster_5	1.0000
9200	Spectrogram 1	1	13119.000000	13119.750000	0	0	noise	cluster_noise	0.0000
9201	Spectrogram 1	1	13119.500000	13120.000000	0	0	22	cluster_22	0.8635
9202	Spectrogram 1	1	13119.750000	13122.750000	0	0	noise	cluster_noise	0.0000
9203	Spectrogram 1	1	13122.500000	13123.250000	0	0	22	cluster_22	0.7754
9204	Spectrogram 1	1	13123.000000	13124.000000	0	0	noise	cluster_noise	0.0000
9205	Spectrogram 1	1	13123.750000	13124.250000	0	0	22	cluster_22	0.7101
9206	Spectrogram 1	1	13124.000000	13124.500000	0	0	noise	cluster_noise	0.0000
9207	Spectrogram 1	1	13124.250000	13125.500000	0	0	5	cluster_5	0.9242
9208	Spectrogram 1	1	13129.000000	13130.000000	0	0	noise	cluster_noise	0.0000
9209	Spectrogram 1	1	13129.750000	13130.500000	0	0	9	cluster_9	0.8498
9210	Spectrogram 1	1	13130.250000	13131.000000	0	0	noise	cluster_noise	0.0000
9211	Spectrogram 1	1	13130.750000	13131.250000	0	0	9	cluster_9	0.8622
9212	Spectrogram 1	1	13131.000000	13132.250000	0	0	noise	cluster_noise	0.0000
9213	Spectrogram 1	1	13132.000000	13132.500000	0	0	19	cluster_19	0.9183
9214	Spectrogram 1	1	13132.250000	13133.250000	0	0	noise	cluster_noise	0.0000
9215	Spectrogram 1	1	13133.000000	13133.500000	0	0	15	cluster_15	0.9385
9216	Spectrogram 1	1	13133.250000	13135.500000	0	0	noise	cluster_noise	0.0000
9217	Spectrogram 1	1	13139.000000	13141.250000	0	0	5	cluster_5	0.9895
9218	Spectrogram 1	1	13141.000000	13141.500000	0	0	22	cluster_22	0.7613
9219	Spectrogram 1	1	13141.250000	13141.750000	0	0	noise	cluster_noise	0.0000
9220	Spectrogram 1	1	13141.500000	13142.000000	0	0	3	cluster_3	0.9914
9221	Spectrogram 1	1	13141.750000	13142.500000	0	0	noise	cluster_noise	0.0000
9222	Spectrogram 1	1	13142.250000	13143.000000	0	0	22	cluster_22	0.7134
9223	Spectrogram 1	1	13142.750000	13144.500000	0	0	noise	cluster_noise	0.0000
9224	Spectrogram 1	1	13144.250000	13144.750000	0	0	5	cluster_5	1.0000
9225	Spectrogram 1	1	13144.500000	13145.000000	0	0	noise	cluster_noise	0.0000
9226	Spectrogram 1	1	13144.750000	13145.250000	0	0	22	cluster_22	0.8060
9227	Spectrogram 1	1	13145.000000	13145.750000	0	0	noise	cluster_noise	0.0000
9228	Spectrogram 1	1	13145.500000	13146.250000	0	0	22	cluster_22	0.7383
9229	Spectrogram 1	1	13146.000000	13147.750000	0	0	noise	cluster_noise	0.0000
9230	Spectrogram 1	1	13147.500000	13148.500000	0	0	4	cluster_4	0.5875
9231	Spectrogram 1	1	13148.250000	13148.750000	0	0	noise	cluster_noise	0.0000
9232	Spectrogram 1	1	13148.500000	13149.250000	0	0	22	cluster_22	0.7668
9233	Spectrogram 1	1	13149.000000	13150.250000	0	0	noise	cluster_noise	0.0000
9234	Spectrogram 1	1	13150.000000	13150.500000	0	0	13	cluster_13	0.7059
9235	Spectrogram 1	1	13150.250000	13151.250000	0	0	noise	cluster_noise	0.0000
9236	Spectrogram 1	1	13151.000000	13151.500000	0	0	22	cluster_22	0.7135
9237	Spectrogram 1	1	13151.250000	13152.250000	0	0	noise	cluster_noise	0.0000
9238	Spectrogram 1	1	13152.000000	13152.500000	0	0	13	cluster_13	0.7059
9239	Spectrogram 1	1	13153.000000	13154.250000	0	0	noise	cluster_noise	0.0000
9240	Spectrogram 1	1	13154.000000	13154.750000	0	0	13	cluster_13	0.6175
9241	Spectrogram 1	1	13154.500000	13155.000000	0	0	21	cluster_21	0.7309
9242	Spectrogram 1	1	13154.750000	13156.250000	0	0	noise	cluster_noise	0.0000
9243	Spectrogram 1	1	13156.000000	13156.750000	0	0	13	cluster_13	0.5952
9244	Spectrogram 1	1	13156.500000	13157.250000	0	0	noise	cluster_noise	0.0000
9245	Spectrogram 1	1	13157.000000	13157.500000	0	0	22	cluster_22	0.8540
9246	Spectrogram 1	1	13157.250000	13158.250000	0	0	noise	cluster_noise	0.0000
9247	Spectrogram 1	1	13158.000000	13158.500000	0	0	22	cluster_22	0.7834
9248	Spectrogram 1	1	13158.250000	13159.000000	0	0	noise	cluster_noise	0.0000
9249	Spectrogram 1	1	13158.750000	13159.750000	0	0	4	cluster_4	0.6687
9250	Spectrogram 1	1	13159.500000	13160.000000	0	0	9	cluster_9	0.9243
9251	Spectrogram 1	1	13159.750000	13160.750000	0	0	noise	cluster_noise	0.0000
9252	Spectrogram 1	1	13160.500000	13161.250000	0	0	22	cluster_22	0.7313
9253	Spectrogram 1	1	13161.000000	13161.500000	0	0	noise	cluster_noise	0.0000
9254	Spectrogram 1	1	13161.250000	13161.750000	0	0	22	cluster_22	0.7191
9255	Spectrogram 1	1	13161.500000	13162.750000	0	0	noise	cluster_noise	0.0000
9256	Spectrogram 1	1	13162.500000	13163.750000	0	0	4	cluster_4	0.6345
9257	Spectrogram 1	1	13163.500000	13165.250000	0	0	noise	cluster_noise	0.0000
9258	Spectrogram 1	1	13165.000000	13165.750000	0	0	13	cluster_13	0.6958
9259	Spectrogram 1	1	13165.500000	13166.250000	0	0	noise	cluster_noise	0.0000
9260	Spectrogram 1	1	13166.000000	13166.500000	0	0	22	cluster_22	0.7920
9261	Spectrogram 1	1	13166.250000	13167.500000	0	0	noise	cluster_noise	0.0000
9262	Spectrogram 1	1	13167.250000	13168.000000	0	0	13	cluster_13	0.5891
9263	Spectrogram 1	1	13167.750000	13173.000000	0	0	noise	cluster_noise	0.0000
9264	Spectrogram 1	1	13172.750000	13173.500000	0	0	22	cluster_22	0.7977
9265	Spectrogram 1	1	13173.250000	13174.000000	0	0	noise	cluster_noise	0.0000
9266	Spectrogram 1	1	13173.750000	13174.250000	0	0	21	cluster_21	0.7149
9267	Spectrogram 1	1	13174.000000	13175.000000	0	0	noise	cluster_noise	0.0000
9268	Spectrogram 1	1	13174.750000	13175.750000	0	0	4	cluster_4	0.6104
9269	Spectrogram 1	1	13175.500000	13178.500000	0	0	noise	cluster_noise	0.0000
9270	Spectrogram 1	1	13178.250000	13179.500000	0	0	4	cluster_4	0.8225
9271	Spectrogram 1	1	13185.000000	13185.750000	0	0	13	cluster_13	0.7059
9272	Spectrogram 1	1	13185.500000	13186.000000	0	0	noise	cluster_noise	0.0000
9273	Spectrogram 1	1	13185.750000	13188.750000	0	0	13	cluster_13	0.6050
9274	Spectrogram 1	1	13188.500000	13190.750000	0	0	noise	cluster_noise	0.0000
9275	Spectrogram 1	1	13190.500000	13191.250000	0	0	24	cluster_24	0.9513
9276	Spectrogram 1	1	13191.000000	13191.750000	0	0	noise	cluster_noise	0.0000
9277	Spectrogram 1	1	13191.500000	13192.750000	0	0	4	cluster_4	0.8940
9278	Spectrogram 1	1	13192.500000	13200.500000	0	0	noise	cluster_noise	0.0000
9279	Spectrogram 1	1	13200.250000	13201.000000	0	0	3	cluster_3	1.0000
9280	Spectrogram 1	1	13200.750000	13201.250000	0	0	noise	cluster_noise	0.0000
9281	Spectrogram 1	1	13201.000000	13201.750000	0	0	3	cluster_3	1.0000
9282	Spectrogram 1	1	13201.500000	13203.500000	0	0	noise	cluster_noise	0.0000
9283	Spectrogram 1	1	13203.250000	13203.750000	0	0	3	cluster_3	1.0000
9284	Spectrogram 1	1	13203.500000	13204.750000	0	0	noise	cluster_noise	0.0000
9285	Spectrogram 1	1	13204.500000	13205.000000	0	0	3	cluster_3	1.0000
9286	Spectrogram 1	1	13204.750000	13208.750000	0	0	noise	cluster_noise	0.0000
9287	Spectrogram 1	1	13208.500000	13209.250000	0	0	24	cluster_24	0.9132
9288	Spectrogram 1	1	13209.000000	13212.500000	0	0	noise	cluster_noise	0.0000
9289	Spectrogram 1	1	13212.250000	13212.750000	0	0	3	cluster_3	1.0000
9290	Spectrogram 1	1	13212.500000	13213.250000	0	0	noise	cluster_noise	0.0000
9291	Spectrogram 1	1	13213.000000	13213.750000	0	0	22	cluster_22	0.8165
9292	Spectrogram 1	1	13213.500000	13214.500000	0	0	noise	cluster_noise	0.0000
9293	Spectrogram 1	1	13214.250000	13215.250000	0	0	6	cluster_6	0.5040
9294	Spectrogram 1	1	13215.000000	13217.250000	0	0	noise	cluster_noise	0.0000
9295	Spectrogram 1	1	13217.000000	13217.500000	0	0	6	cluster_6	0.4041
9296	Spectrogram 1	1	13217.250000	13217.750000	0	0	noise	cluster_noise	0.0000
9297	Spectrogram 1	1	13217.500000	13218.000000	0	0	6	cluster_6	0.3995
9298	Spectrogram 1	1	13217.750000	13218.250000	0	0	noise	cluster_noise	0.0000
9299	Spectrogram 1	1	13218.000000	13218.500000	0	0	6	cluster_6	0.4625
9300	Spectrogram 1	1	13218.250000	13218.750000	0	0	noise	cluster_noise	0.0000
9301	Spectrogram 1	1	13218.500000	13219.000000	0	0	21	cluster_21	0.7217
9302	Spectrogram 1	1	13218.750000	13219.250000	0	0	noise	cluster_noise	0.0000
9303	Spectrogram 1	1	13219.000000	13219.500000	0	0	21	cluster_21	0.7793
9304	Spectrogram 1	1	13219.250000	13222.000000	0	0	noise	cluster_noise	0.0000
9305	Spectrogram 1	1	13221.750000	13222.500000	0	0	6	cluster_6	0.4879
9306	Spectrogram 1	1	13222.250000	13223.750000	0	0	noise	cluster_noise	0.0000
9307	Spectrogram 1	1	13223.500000	13224.000000	0	0	21	cluster_21	0.7833
9308	Spectrogram 1	1	13223.750000	13224.250000	0	0	noise	cluster_noise	0.0000
9309	Spectrogram 1	1	13224.000000	13224.500000	0	0	3	cluster_3	1.0000
9310	Spectrogram 1	1	13225.000000	13225.750000	0	0	21	cluster_21	0.8353
9311	Spectrogram 1	1	13225.500000	13226.000000	0	0	noise	cluster_noise	0.0000
9312	Spectrogram 1	1	13225.750000	13226.250000	0	0	22	cluster_22	0.7407
9313	Spectrogram 1	1	13226.000000	13226.750000	0	0	noise	cluster_noise	0.0000
9314	Spectrogram 1	1	13226.500000	13227.500000	0	0	3	cluster_3	1.0000
9315	Spectrogram 1	1	13227.250000	13228.000000	0	0	noise	cluster_noise	0.0000
9316	Spectrogram 1	1	13227.750000	13228.500000	0	0	24	cluster_24	1.0000
9317	Spectrogram 1	1	13228.250000	13228.750000	0	0	21	cluster_21	0.7815
9318	Spectrogram 1	1	13228.500000	13229.250000	0	0	noise	cluster_noise	0.0000
9319	Spectrogram 1	1	13229.000000	13229.500000	0	0	21	cluster_21	0.7471
9320	Spectrogram 1	1	13229.250000	13230.250000	0	0	3	cluster_3	1.0000
9321	Spectrogram 1	1	13230.000000	13230.500000	0	0	noise	cluster_noise	0.0000
9322	Spectrogram 1	1	13230.250000	13230.750000	0	0	3	cluster_3	0.9271
9323	Spectrogram 1	1	13230.500000	13231.000000	0	0	noise	cluster_noise	0.0000
9324	Spectrogram 1	1	13230.750000	13231.250000	0	0	22	cluster_22	0.8370
9325	Spectrogram 1	1	13231.000000	13231.500000	0	0	noise	cluster_noise	0.0000
9326	Spectrogram 1	1	13231.250000	13231.750000	0	0	21	cluster_21	0.9481
9327	Spectrogram 1	1	13231.500000	13232.250000	0	0	noise	cluster_noise	0.0000
9328	Spectrogram 1	1	13232.000000	13232.750000	0	0	3	cluster_3	0.9127
9329	Spectrogram 1	1	13232.500000	13233.500000	0	0	24	cluster_24	0.9576
9330	Spectrogram 1	1	13233.250000	13234.000000	0	0	noise	cluster_noise	0.0000
9331	Spectrogram 1	1	13233.750000	13234.750000	0	0	6	cluster_6	0.5050
9332	Spectrogram 1	1	13234.500000	13235.000000	0	0	noise	cluster_noise	0.0000
9333	Spectrogram 1	1	13234.750000	13235.250000	0	0	21	cluster_21	0.8126
9334	Spectrogram 1	1	13235.000000	13236.000000	0	0	noise	cluster_noise	0.0000
9335	Spectrogram 1	1	13235.750000	13238.000000	0	0	6	cluster_6	0.6571
9336	Spectrogram 1	1	13237.750000	13238.250000	0	0	noise	cluster_noise	0.0000
9337	Spectrogram 1	1	13238.000000	13238.500000	0	0	24	cluster_24	0.8756
9338	Spectrogram 1	1	13238.250000	13238.750000	0	0	noise	cluster_noise	0.0000
9339	Spectrogram 1	1	13238.500000	13239.000000	0	0	21	cluster_21	0.7597
9340	Spectrogram 1	1	13238.750000	13239.250000	0	0	noise	cluster_noise	0.0000
9341	Spectrogram 1	1	13239.000000	13242.000000	0	0	6	cluster_6	0.7807
9342	Spectrogram 1	1	13241.750000	13243.000000	0	0	noise	cluster_noise	0.0000
9343	Spectrogram 1	1	13242.750000	13243.250000	0	0	21	cluster_21	0.7304
9344	Spectrogram 1	1	13243.000000	13243.500000	0	0	noise	cluster_noise	0.0000
9345	Spectrogram 1	1	13243.250000	13244.500000	0	0	3	cluster_3	0.9704
9346	Spectrogram 1	1	13244.250000	13245.250000	0	0	noise	cluster_noise	0.0000
9347	Spectrogram 1	1	13245.000000	13245.500000	0	0	21	cluster_21	0.8249
9348	Spectrogram 1	1	13245.250000	13245.750000	0	0	noise	cluster_noise	0.0000
9349	Spectrogram 1	1	13245.500000	13246.000000	0	0	24	cluster_24	0.8330
9350	Spectrogram 1	1	13245.750000	13247.250000	0	0	3	cluster_3	0.9596
9351	Spectrogram 1	1	13247.000000	13248.750000	0	0	noise	cluster_noise	0.0000
9352	Spectrogram 1	1	13248.500000	13249.750000	0	0	3	cluster_3	1.0000
9353	Spectrogram 1	1	13249.500000	13250.500000	0	0	noise	cluster_noise	0.0000
9354	Spectrogram 1	1	13250.250000	13250.750000	0	0	21	cluster_21	0.7617
9355	Spectrogram 1	1	13250.500000	13251.500000	0	0	24	cluster_24	0.9477
9356	Spectrogram 1	1	13251.250000	13252.750000	0	0	3	cluster_3	1.0000
9357	Spectrogram 1	1	13252.500000	13253.000000	0	0	noise	cluster_noise	0.0000
9358	Spectrogram 1	1	13252.750000	13253.250000	0	0	21	cluster_21	0.9056
9359	Spectrogram 1	1	13253.000000	13254.000000	0	0	noise	cluster_noise	0.0000
9360	Spectrogram 1	1	13253.750000	13254.250000	0	0	21	cluster_21	1.0000
9361	Spectrogram 1	1	13254.000000	13255.250000	0	0	3	cluster_3	1.0000
9362	Spectrogram 1	1	13255.000000	13255.500000	0	0	2	cluster_2	1.0000
9363	Spectrogram 1	1	13255.250000	13256.000000	0	0	noise	cluster_noise	0.0000
9364	Spectrogram 1	1	13255.750000	13256.250000	0	0	21	cluster_21	0.7425
9365	Spectrogram 1	1	13256.000000	13257.500000	0	0	noise	cluster_noise	0.0000
9366	Spectrogram 1	1	13257.250000	13258.500000	0	0	3	cluster_3	1.0000
9367	Spectrogram 1	1	13258.250000	13258.750000	0	0	noise	cluster_noise	0.0000
9368	Spectrogram 1	1	13258.500000	13259.000000	0	0	21	cluster_21	0.7182
9369	Spectrogram 1	1	13258.750000	13259.250000	0	0	noise	cluster_noise	0.0000
9370	Spectrogram 1	1	13259.000000	13259.500000	0	0	24	cluster_24	0.8458
9371	Spectrogram 1	1	13259.250000	13259.750000	0	0	noise	cluster_noise	0.0000
9372	Spectrogram 1	1	13259.500000	13260.000000	0	0	21	cluster_21	0.7261
9373	Spectrogram 1	1	13259.750000	13260.250000	0	0	noise	cluster_noise	0.0000
9374	Spectrogram 1	1	13260.000000	13261.500000	0	0	3	cluster_3	1.0000
9375	Spectrogram 1	1	13261.250000	13262.250000	0	0	21	cluster_21	0.8224
9376	Spectrogram 1	1	13262.000000	13263.500000	0	0	noise	cluster_noise	0.0000
9377	Spectrogram 1	1	13263.250000	13265.000000	0	0	3	cluster_3	0.9713
9378	Spectrogram 1	1	13264.750000	13265.500000	0	0	21	cluster_21	0.8765
9379	Spectrogram 1	1	13265.250000	13265.750000	0	0	noise	cluster_noise	0.0000
9380	Spectrogram 1	1	13265.500000	13266.250000	0	0	21	cluster_21	0.8080
9381	Spectrogram 1	1	13266.000000	13267.500000	0	0	noise	cluster_noise	0.0000
9382	Spectrogram 1	1	13267.250000	13268.750000	0	0	2	cluster_2	0.9631
9383	Spectrogram 1	1	13268.500000	13269.500000	0	0	noise	cluster_noise	0.0000
9384	Spectrogram 1	1	13269.250000	13269.750000	0	0	21	cluster_21	0.7702
9385	Spectrogram 1	1	13269.500000	13270.500000	0	0	noise	cluster_noise	0.0000
9386	Spectrogram 1	1	13270.250000	13270.750000	0	0	22	cluster_22	0.6956
9387	Spectrogram 1	1	13270.500000	13271.000000	0	0	noise	cluster_noise	0.0000
9388	Spectrogram 1	1	13270.750000	13271.250000	0	0	21	cluster_21	0.8030
9389	Spectrogram 1	1	13271.000000	13271.500000	0	0	0	cluster_0	0.8063
9390	Spectrogram 1	1	13271.250000	13271.750000	0	0	21	cluster_21	0.8785
9391	Spectrogram 1	1	13271.500000	13273.000000	0	0	3	cluster_3	1.0000
9392	Spectrogram 1	1	13272.750000	13273.250000	0	0	noise	cluster_noise	0.0000
9393	Spectrogram 1	1	13273.000000	13274.000000	0	0	24	cluster_24	0.9546
9394	Spectrogram 1	1	13273.750000	13274.250000	0	0	noise	cluster_noise	0.0000
9395	Spectrogram 1	1	13274.000000	13274.500000	0	0	24	cluster_24	0.8341
9396	Spectrogram 1	1	13274.250000	13274.750000	0	0	noise	cluster_noise	0.0000
9397	Spectrogram 1	1	13274.500000	13275.000000	0	0	24	cluster_24	0.9518
9398	Spectrogram 1	1	13274.750000	13276.750000	0	0	3	cluster_3	1.0000
9399	Spectrogram 1	1	13276.500000	13277.500000	0	0	noise	cluster_noise	0.0000
9400	Spectrogram 1	1	13277.250000	13278.000000	0	0	24	cluster_24	1.0000
9401	Spectrogram 1	1	13277.750000	13279.500000	0	0	3	cluster_3	1.0000
9402	Spectrogram 1	1	13279.250000	13279.750000	0	0	noise	cluster_noise	0.0000
9403	Spectrogram 1	1	13279.500000	13280.000000	0	0	21	cluster_21	0.7210
9404	Spectrogram 1	1	13279.750000	13280.750000	0	0	noise	cluster_noise	0.0000
9405	Spectrogram 1	1	13280.500000	13281.000000	0	0	21	cluster_21	0.7497
9406	Spectrogram 1	1	13280.750000	13282.500000	0	0	3	cluster_3	1.0000
9407	Spectrogram 1	1	13282.250000	13283.250000	0	0	noise	cluster_noise	0.0000
9408	Spectrogram 1	1	13283.000000	13283.500000	0	0	21	cluster_21	0.7285
9409	Spectrogram 1	1	13283.250000	13284.500000	0	0	noise	cluster_noise	0.0000
9410	Spectrogram 1	1	13284.250000	13284.750000	0	0	24	cluster_24	0.8891
9411	Spectrogram 1	1	13284.500000	13286.250000	0	0	2	cluster_2	0.9435
9412	Spectrogram 1	1	13286.000000	13287.000000	0	0	noise	cluster_noise	0.0000
9413	Spectrogram 1	1	13286.750000	13287.500000	0	0	21	cluster_21	0.7501
9414	Spectrogram 1	1	13287.250000	13287.750000	0	0	noise	cluster_noise	0.0000
9415	Spectrogram 1	1	13287.500000	13288.250000	0	0	21	cluster_21	0.9296
9416	Spectrogram 1	1	13288.000000	13288.750000	0	0	noise	cluster_noise	0.0000
9417	Spectrogram 1	1	13288.500000	13290.250000	0	0	3	cluster_3	1.0000
9418	Spectrogram 1	1	13290.000000	13290.500000	0	0	0	cluster_0	1.0000
9419	Spectrogram 1	1	13290.250000	13290.750000	0	0	11	cluster_11	0.8109
9420	Spectrogram 1	1	13290.500000	13291.500000	0	0	noise	cluster_noise	0.0000
9421	Spectrogram 1	1	13291.250000	13292.500000	0	0	24	cluster_24	0.9805
9422	Spectrogram 1	1	13292.250000	13292.750000	0	0	noise	cluster_noise	0.0000
9423	Spectrogram 1	1	13292.500000	13293.500000	0	0	3	cluster_3	1.0000
9424	Spectrogram 1	1	13294.000000	13295.250000	0	0	noise	cluster_noise	0.0000
9425	Spectrogram 1	1	13295.000000	13296.750000	0	0	3	cluster_3	1.0000
9426	Spectrogram 1	1	13296.500000	13297.250000	0	0	noise	cluster_noise	0.0000
9427	Spectrogram 1	1	13297.000000	13297.500000	0	0	21	cluster_21	0.8216
9428	Spectrogram 1	1	13297.250000	13298.500000	0	0	noise	cluster_noise	0.0000
9429	Spectrogram 1	1	13298.250000	13298.750000	0	0	21	cluster_21	0.7320
9430	Spectrogram 1	1	13298.500000	13299.000000	0	0	3	cluster_3	0.8352
9431	Spectrogram 1	1	13298.750000	13300.500000	0	0	2	cluster_2	0.9806
9432	Spectrogram 1	1	13300.250000	13300.750000	0	0	noise	cluster_noise	0.0000
9433	Spectrogram 1	1	13300.500000	13301.000000	0	0	22	cluster_22	0.6968
9434	Spectrogram 1	1	13300.750000	13301.250000	0	0	noise	cluster_noise	0.0000
9435	Spectrogram 1	1	13301.000000	13301.500000	0	0	21	cluster_21	0.7469
9436	Spectrogram 1	1	13301.250000	13303.000000	0	0	noise	cluster_noise	0.0000
9437	Spectrogram 1	1	13302.750000	13304.500000	0	0	3	cluster_3	1.0000
9438	Spectrogram 1	1	13304.250000	13306.000000	0	0	noise	cluster_noise	0.0000
9439	Spectrogram 1	1	13305.750000	13306.500000	0	0	21	cluster_21	0.8742
9440	Spectrogram 1	1	13306.250000	13307.750000	0	0	3	cluster_3	1.0000
9441	Spectrogram 1	1	13307.500000	13308.250000	0	0	noise	cluster_noise	0.0000
9442	Spectrogram 1	1	13308.000000	13308.750000	0	0	21	cluster_21	0.7595
9443	Spectrogram 1	1	13308.500000	13309.000000	0	0	3	cluster_3	1.0000
9444	Spectrogram 1	1	13308.750000	13309.250000	0	0	noise	cluster_noise	0.0000
9445	Spectrogram 1	1	13309.000000	13310.750000	0	0	3	cluster_3	1.0000
9446	Spectrogram 1	1	13310.500000	13311.000000	0	0	noise	cluster_noise	0.0000
9447	Spectrogram 1	1	13310.750000	13311.250000	0	0	21	cluster_21	0.8062
9448	Spectrogram 1	1	13311.000000	13313.000000	0	0	noise	cluster_noise	0.0000
9449	Spectrogram 1	1	13312.750000	13314.250000	0	0	2	cluster_2	0.9468
9450	Spectrogram 1	1	13314.000000	13315.000000	0	0	noise	cluster_noise	0.0000
9451	Spectrogram 1	1	13314.750000	13315.250000	0	0	21	cluster_21	0.7212
9452	Spectrogram 1	1	13315.000000	13315.750000	0	0	noise	cluster_noise	0.0000
9453	Spectrogram 1	1	13315.500000	13316.500000	0	0	24	cluster_24	0.9040
9454	Spectrogram 1	1	13316.250000	13317.500000	0	0	noise	cluster_noise	0.0000
9455	Spectrogram 1	1	13317.250000	13319.000000	0	0	3	cluster_3	0.9840
9456	Spectrogram 1	1	13318.750000	13320.000000	0	0	noise	cluster_noise	0.0000
9457	Spectrogram 1	1	13319.750000	13320.250000	0	0	21	cluster_21	0.7613
9458	Spectrogram 1	1	13320.000000	13320.500000	0	0	noise	cluster_noise	0.0000
9459	Spectrogram 1	1	13320.250000	13322.250000	0	0	3	cluster_3	0.9707
9460	Spectrogram 1	1	13322.000000	13322.500000	0	0	noise	cluster_noise	0.0000
9461	Spectrogram 1	1	13325.000000	13325.500000	0	0	3	cluster_3	1.0000
9462	Spectrogram 1	1	13325.250000	13325.750000	0	0	21	cluster_21	0.7539
9463	Spectrogram 1	1	13325.500000	13327.500000	0	0	noise	cluster_noise	0.0000
9464	Spectrogram 1	1	13327.250000	13328.500000	0	0	2	cluster_2	1.0000
9465	Spectrogram 1	1	13328.250000	13328.750000	0	0	3	cluster_3	0.9576
9466	Spectrogram 1	1	13328.500000	13329.000000	0	0	2	cluster_2	0.6780
9467	Spectrogram 1	1	13328.750000	13329.250000	0	0	noise	cluster_noise	0.0000
9468	Spectrogram 1	1	13329.000000	13329.500000	0	0	21	cluster_21	0.7305
9469	Spectrogram 1	1	13329.250000	13331.000000	0	0	noise	cluster_noise	0.0000
9470	Spectrogram 1	1	13330.750000	13331.250000	0	0	21	cluster_21	0.7496
9471	Spectrogram 1	1	13331.000000	13332.500000	0	0	3	cluster_3	0.9463
9472	Spectrogram 1	1	13334.000000	13334.750000	0	0	noise	cluster_noise	0.0000
9473	Spectrogram 1	1	13334.500000	13335.500000	0	0	2	cluster_2	0.9679
9474	Spectrogram 1	1	13337.000000	13337.500000	0	0	noise	cluster_noise	0.0000
9475	Spectrogram 1	1	13337.250000	13338.500000	0	0	2	cluster_2	1.0000
9476	Spectrogram 1	1	13338.250000	13340.250000	0	0	noise	cluster_noise	0.0000
9477	Spectrogram 1	1	13340.000000	13342.500000	0	0	5	cluster_5	0.9304
9478	Spectrogram 1	1	13342.250000	13342.750000	0	0	noise	cluster_noise	0.0000
9479	Spectrogram 1	1	13342.500000	13343.500000	0	0	22	cluster_22	0.7534
9480	Spectrogram 1	1	13343.250000	13344.250000	0	0	noise	cluster_noise	0.0000
9481	Spectrogram 1	1	13344.000000	13346.250000	0	0	3	cluster_3	0.9806
9482	Spectrogram 1	1	13346.000000	13347.500000	0	0	noise	cluster_noise	0.0000
9483	Spectrogram 1	1	13350.000000	13351.500000	0	0	2	cluster_2	0.9344
9484	Spectrogram 1	1	13375.000000	13375.500000	0	0	noise	cluster_noise	0.0000
9485	Spectrogram 1	1	13375.250000	13376.500000	0	0	2	cluster_2	0.8982
9486	Spectrogram 1	1	13376.250000	13376.750000	0	0	21	cluster_21	0.7918
9487	Spectrogram 1	1	13376.500000	13383.500000	0	0	noise	cluster_noise	0.0000
9488	Spectrogram 1	1	13383.250000	13383.750000	0	0	3	cluster_3	0.8199
9489	Spectrogram 1	1	13383.500000	13384.500000	0	0	noise	cluster_noise	0.0000
9490	Spectrogram 1	1	13385.000000	13385.500000	0	0	5	cluster_5	0.8929
9491	Spectrogram 1	1	13385.250000	13385.750000	0	0	noise	cluster_noise	0.0000
9492	Spectrogram 1	1	13385.500000	13386.500000	0	0	2	cluster_2	0.9926
9493	Spectrogram 1	1	13386.250000	13387.500000	0	0	noise	cluster_noise	0.0000
9494	Spectrogram 1	1	13387.250000	13388.250000	0	0	5	cluster_5	1.0000
9495	Spectrogram 1	1	13388.000000	13388.750000	0	0	2	cluster_2	1.0000
9496	Spectrogram 1	1	13388.500000	13391.000000	0	0	noise	cluster_noise	0.0000
9497	Spectrogram 1	1	13390.750000	13392.500000	0	0	5	cluster_5	0.9562
9498	Spectrogram 1	1	13393.000000	13394.250000	0	0	noise	cluster_noise	0.0000
9499	Spectrogram 1	1	13394.000000	13394.500000	0	0	0	cluster_0	1.0000
9500	Spectrogram 1	1	13398.000000	13398.500000	0	0	2	cluster_2	1.0000
9501	Spectrogram 1	1	13398.250000	13399.500000	0	0	noise	cluster_noise	0.0000
9502	Spectrogram 1	1	13399.250000	13399.750000	0	0	9	cluster_9	0.8820
9503	Spectrogram 1	1	13399.500000	13400.000000	0	0	5	cluster_5	1.0000
9504	Spectrogram 1	1	13399.750000	13401.000000	0	0	2	cluster_2	0.8313
9505	Spectrogram 1	1	13400.750000	13401.250000	0	0	21	cluster_21	0.7396
9506	Spectrogram 1	1	13401.000000	13401.750000	0	0	noise	cluster_noise	0.0000
9507	Spectrogram 1	1	13401.500000	13402.000000	0	0	21	cluster_21	0.9776
9508	Spectrogram 1	1	13401.750000	13402.750000	0	0	noise	cluster_noise	0.0000
9509	Spectrogram 1	1	13402.500000	13403.000000	0	0	24	cluster_24	0.9563
9510	Spectrogram 1	1	13402.750000	13403.250000	0	0	noise	cluster_noise	0.0000
9511	Spectrogram 1	1	13403.000000	13403.500000	0	0	5	cluster_5	0.8260
9512	Spectrogram 1	1	13416.000000	13416.750000	0	0	3	cluster_3	1.0000
9513	Spectrogram 1	1	13416.500000	13418.500000	0	0	noise	cluster_noise	0.0000
9514	Spectrogram 1	1	13418.250000	13419.000000	0	0	3	cluster_3	1.0000
9515	Spectrogram 1	1	13418.750000	13419.250000	0	0	noise	cluster_noise	0.0000
9516	Spectrogram 1	1	13419.000000	13420.500000	0	0	24	cluster_24	0.9300
9517	Spectrogram 1	1	13430.000000	13430.750000	0	0	3	cluster_3	0.9995
9518	Spectrogram 1	1	13430.500000	13431.500000	0	0	noise	cluster_noise	0.0000
9519	Spectrogram 1	1	13431.250000	13431.750000	0	0	21	cluster_21	0.7160
9520	Spectrogram 1	1	13431.500000	13432.250000	0	0	noise	cluster_noise	0.0000
9521	Spectrogram 1	1	13432.000000	13432.750000	0	0	3	cluster_3	1.0000
9522	Spectrogram 1	1	13432.500000	13433.000000	0	0	noise	cluster_noise	0.0000
9523	Spectrogram 1	1	13432.750000	13434.500000	0	0	5	cluster_5	1.0000
9524	Spectrogram 1	1	13434.250000	13434.750000	0	0	21	cluster_21	0.7630
9525	Spectrogram 1	1	13434.500000	13435.500000	0	0	noise	cluster_noise	0.0000
9526	Spectrogram 1	1	13444.000000	13445.500000	0	0	5	cluster_5	0.8906
9527	Spectrogram 1	1	13445.250000	13446.000000	0	0	21	cluster_21	0.8658
9528	Spectrogram 1	1	13445.750000	13447.750000	0	0	noise	cluster_noise	0.0000
9529	Spectrogram 1	1	13447.500000	13449.250000	0	0	5	cluster_5	1.0000
9530	Spectrogram 1	1	13449.000000	13449.500000	0	0	noise	cluster_noise	0.0000
9531	Spectrogram 1	1	13459.000000	13460.750000	0	0	5	cluster_5	1.0000
9532	Spectrogram 1	1	13460.500000	13462.500000	0	0	noise	cluster_noise	0.0000
9533	Spectrogram 1	1	13462.250000	13462.750000	0	0	21	cluster_21	0.7304
9534	Spectrogram 1	1	13462.500000	13463.000000	0	0	noise	cluster_noise	0.0000
9535	Spectrogram 1	1	13462.750000	13463.250000	0	0	21	cluster_21	0.8085
9536	Spectrogram 1	1	13463.000000	13463.500000	0	0	5	cluster_5	0.7915
9537	Spectrogram 1	1	13466.000000	13466.750000	0	0	noise	cluster_noise	0.0000
9538	Spectrogram 1	1	13466.500000	13467.250000	0	0	9	cluster_9	1.0000
9539	Spectrogram 1	1	13467.000000	13467.500000	0	0	noise	cluster_noise	0.0000
9540	Spectrogram 1	1	13467.250000	13468.000000	0	0	24	cluster_24	0.9460
9541	Spectrogram 1	1	13467.750000	13474.250000	0	0	noise	cluster_noise	0.0000
9542	Spectrogram 1	1	13474.000000	13474.500000	0	0	21	cluster_21	0.7531
9543	Spectrogram 1	1	13474.250000	13474.750000	0	0	noise	cluster_noise	0.0000
9544	Spectrogram 1	1	13474.500000	13477.250000	0	0	5	cluster_5	0.9578
9545	Spectrogram 1	1	13477.000000	13477.500000	0	0	noise	cluster_noise	0.0000
9546	Spectrogram 1	1	13480.000000	13480.500000	0	0	5	cluster_5	0.9734
9547	Spectrogram 1	1	13480.250000	13482.750000	0	0	noise	cluster_noise	0.0000
9548	Spectrogram 1	1	13482.500000	13483.000000	0	0	21	cluster_21	1.0000
9549	Spectrogram 1	1	13482.750000	13484.250000	0	0	noise	cluster_noise	0.0000
9550	Spectrogram 1	1	13484.000000	13484.750000	0	0	21	cluster_21	0.8769
9551	Spectrogram 1	1	13484.500000	13488.000000	0	0	noise	cluster_noise	0.0000
9552	Spectrogram 1	1	13487.750000	13488.750000	0	0	21	cluster_21	0.8667
9553	Spectrogram 1	1	13488.500000	13489.500000	0	0	noise	cluster_noise	0.0000
9554	Spectrogram 1	1	13489.250000	13490.500000	0	0	5	cluster_5	0.9820
9555	Spectrogram 1	1	13492.000000	13493.000000	0	0	noise	cluster_noise	0.0000
9556	Spectrogram 1	1	13492.750000	13493.250000	0	0	21	cluster_21	0.7835
9557	Spectrogram 1	1	13493.000000	13493.500000	0	0	noise	cluster_noise	0.0000
9558	Spectrogram 1	1	13493.250000	13493.750000	0	0	0	cluster_0	0.8988
9559	Spectrogram 1	1	13493.500000	13494.000000	0	0	noise	cluster_noise	0.0000
9560	Spectrogram 1	1	13493.750000	13495.500000	0	0	5	cluster_5	1.0000
9561	Spectrogram 1	1	13495.250000	13496.000000	0	0	24	cluster_24	0.9416
9562	Spectrogram 1	1	13495.750000	13496.250000	0	0	noise	cluster_noise	0.0000
9563	Spectrogram 1	1	13496.000000	13496.500000	0	0	24	cluster_24	0.8874
9564	Spectrogram 1	1	13496.250000	13497.750000	0	0	noise	cluster_noise	0.0000
9565	Spectrogram 1	1	13497.500000	13498.250000	0	0	21	cluster_21	0.8198
9566	Spectrogram 1	1	13498.000000	13499.250000	0	0	noise	cluster_noise	0.0000
9567	Spectrogram 1	1	13499.000000	13499.500000	0	0	9	cluster_9	0.8524
9568	Spectrogram 1	1	13501.000000	13505.000000	0	0	noise	cluster_noise	0.0000
9569	Spectrogram 1	1	13504.750000	13507.000000	0	0	5	cluster_5	0.9843
9570	Spectrogram 1	1	13506.750000	13507.500000	0	0	noise	cluster_noise	0.0000
9571	Spectrogram 1	1	13507.250000	13508.750000	0	0	21	cluster_21	0.7993
9572	Spectrogram 1	1	13508.500000	13511.500000	0	0	noise	cluster_noise	0.0000
9573	Spectrogram 1	1	13511.250000	13511.750000	0	0	0	cluster_0	1.0000
9574	Spectrogram 1	1	13511.500000	13512.250000	0	0	3	cluster_3	1.0000
9575	Spectrogram 1	1	13512.000000	13512.500000	0	0	noise	cluster_noise	0.0000
9576	Spectrogram 1	1	13512.250000	13512.750000	0	0	21	cluster_21	0.8120
9577	Spectrogram 1	1	13512.500000	13513.000000	0	0	noise	cluster_noise	0.0000
9578	Spectrogram 1	1	13512.750000	13514.500000	0	0	3	cluster_3	1.0000
9579	Spectrogram 1	1	13514.250000	13514.750000	0	0	noise	cluster_noise	0.0000
9580	Spectrogram 1	1	13514.500000	13515.500000	0	0	21	cluster_21	0.8215
9581	Spectrogram 1	1	13517.000000	13517.500000	0	0	5	cluster_5	1.0000
9582	Spectrogram 1	1	13517.250000	13517.750000	0	0	4	cluster_4	0.6812
9583	Spectrogram 1	1	13517.500000	13518.500000	0	0	5	cluster_5	1.0000
9584	Spectrogram 1	1	13518.250000	13519.000000	0	0	noise	cluster_noise	0.0000
9585	Spectrogram 1	1	13518.750000	13519.750000	0	0	24	cluster_24	1.0000
9586	Spectrogram 1	1	13519.500000	13520.500000	0	0	21	cluster_21	0.8374
9587	Spectrogram 1	1	13520.250000	13520.750000	0	0	noise	cluster_noise	0.0000
9588	Spectrogram 1	1	13520.500000	13521.000000	0	0	21	cluster_21	1.0000
9589	Spectrogram 1	1	13520.750000	13521.250000	0	0	noise	cluster_noise	0.0000
9590	Spectrogram 1	1	13521.000000	13521.500000	0	0	21	cluster_21	0.7855
9591	Spectrogram 1	1	13521.250000	13522.750000	0	0	noise	cluster_noise	0.0000
9592	Spectrogram 1	1	13522.500000	13523.000000	0	0	0	cluster_0	0.7385
9593	Spectrogram 1	1	13522.750000	13523.500000	0	0	noise	cluster_noise	0.0000
9594	Spectrogram 1	1	13523.250000	13524.250000	0	0	0	cluster_0	0.9162
9595	Spectrogram 1	1	13524.000000	13524.500000	0	0	3	cluster_3	0.8745
9596	Spectrogram 1	1	13524.250000	13524.750000	0	0	noise	cluster_noise	0.0000
9597	Spectrogram 1	1	13524.500000	13525.000000	0	0	0	cluster_0	1.0000
9598	Spectrogram 1	1	13524.750000	13525.500000	0	0	noise	cluster_noise	0.0000
9599	Spectrogram 1	1	13525.250000	13526.500000	0	0	3	cluster_3	0.9698
9600	Spectrogram 1	1	13526.250000	13527.000000	0	0	noise	cluster_noise	0.0000
9601	Spectrogram 1	1	13526.750000	13527.250000	0	0	21	cluster_21	0.7253
9602	Spectrogram 1	1	13527.000000	13527.500000	0	0	noise	cluster_noise	0.0000
9603	Spectrogram 1	1	13527.250000	13528.250000	0	0	21	cluster_21	0.9010
9604	Spectrogram 1	1	13528.000000	13528.500000	0	0	noise	cluster_noise	0.0000
9605	Spectrogram 1	1	13529.000000	13530.750000	0	0	5	cluster_5	1.0000
9606	Spectrogram 1	1	13530.500000	13531.750000	0	0	noise	cluster_noise	0.0000
9607	Spectrogram 1	1	13531.500000	13532.500000	0	0	21	cluster_21	0.8026
9608	Spectrogram 1	1	13532.250000	13532.750000	0	0	noise	cluster_noise	0.0000
9609	Spectrogram 1	1	13532.500000	13533.000000	0	0	21	cluster_21	0.9928
9610	Spectrogram 1	1	13532.750000	13534.750000	0	0	noise	cluster_noise	0.0000
9611	Spectrogram 1	1	13534.500000	13535.000000	0	0	21	cluster_21	0.7556
9612	Spectrogram 1	1	13534.750000	13535.500000	0	0	noise	cluster_noise	0.0000
9613	Spectrogram 1	1	13535.250000	13537.250000	0	0	3	cluster_3	1.0000
9614	Spectrogram 1	1	13537.000000	13537.750000	0	0	24	cluster_24	1.0000
9615	Spectrogram 1	1	13537.500000	13538.000000	0	0	noise	cluster_noise	0.0000
9616	Spectrogram 1	1	13537.750000	13539.000000	0	0	3	cluster_3	1.0000
9617	Spectrogram 1	1	13538.750000	13539.250000	0	0	noise	cluster_noise	0.0000
9618	Spectrogram 1	1	13539.000000	13539.750000	0	0	21	cluster_21	0.8513
9619	Spectrogram 1	1	13539.500000	13540.000000	0	0	noise	cluster_noise	0.0000
9620	Spectrogram 1	1	13539.750000	13540.250000	0	0	21	cluster_21	0.7914
9621	Spectrogram 1	1	13540.000000	13543.500000	0	0	noise	cluster_noise	0.0000
9622	Spectrogram 1	1	13543.250000	13544.500000	0	0	21	cluster_21	0.8400
9623	Spectrogram 1	1	13544.250000	13545.250000	0	0	noise	cluster_noise	0.0000
9624	Spectrogram 1	1	13545.000000	13545.750000	0	0	21	cluster_21	0.9561
9625	Spectrogram 1	1	13545.500000	13546.000000	0	0	24	cluster_24	0.9037
9626	Spectrogram 1	1	13545.750000	13546.250000	0	0	noise	cluster_noise	0.0000
9627	Spectrogram 1	1	13546.000000	13546.500000	0	0	21	cluster_21	0.7183
9628	Spectrogram 1	1	13546.250000	13547.000000	0	0	noise	cluster_noise	0.0000
9629	Spectrogram 1	1	13546.750000	13547.250000	0	0	0	cluster_0	1.0000
9630	Spectrogram 1	1	13547.000000	13548.500000	0	0	noise	cluster_noise	0.0000
9631	Spectrogram 1	1	13548.250000	13548.750000	0	0	21	cluster_21	0.7507
9632	Spectrogram 1	1	13548.500000	13549.000000	0	0	noise	cluster_noise	0.0000
9633	Spectrogram 1	1	13548.750000	13549.250000	0	0	0	cluster_0	0.8802
9634	Spectrogram 1	1	13549.000000	13550.250000	0	0	3	cluster_3	1.0000
9635	Spectrogram 1	1	13550.000000	13551.250000	0	0	noise	cluster_noise	0.0000
9636	Spectrogram 1	1	13551.000000	13551.500000	0	0	21	cluster_21	0.7293
9637	Spectrogram 1	1	13555.000000	13555.750000	0	0	noise	cluster_noise	0.0000
9638	Spectrogram 1	1	13555.500000	13557.000000	0	0	21	cluster_21	0.8066
9639	Spectrogram 1	1	13556.750000	13557.250000	0	0	noise	cluster_noise	0.0000
9640	Spectrogram 1	1	13557.000000	13557.500000	0	0	21	cluster_21	0.8892
9641	Spectrogram 1	1	13557.250000	13560.500000	0	0	noise	cluster_noise	0.0000
9642	Spectrogram 1	1	13560.250000	13561.000000	0	0	21	cluster_21	0.7655
9643	Spectrogram 1	1	13560.750000	13561.250000	0	0	noise	cluster_noise	0.0000
9644	Spectrogram 1	1	13561.000000	13562.500000	0	0	24	cluster_24	0.9518
9645	Spectrogram 1	1	13566.000000	13569.250000	0	0	noise	cluster_noise	0.0000
9646	Spectrogram 1	1	13569.000000	13569.500000	0	0	21	cluster_21	0.9111
9647	Spectrogram 1	1	13569.250000	13570.000000	0	0	noise	cluster_noise	0.0000
9648	Spectrogram 1	1	13569.750000	13571.000000	0	0	21	cluster_21	0.8687
9649	Spectrogram 1	1	13570.750000	13573.000000	0	0	noise	cluster_noise	0.0000
9650	Spectrogram 1	1	13572.750000	13573.250000	0	0	21	cluster_21	0.7644
9651	Spectrogram 1	1	13573.000000	13574.250000	0	0	noise	cluster_noise	0.0000
9652	Spectrogram 1	1	13574.000000	13574.500000	0	0	21	cluster_21	0.7801
9653	Spectrogram 1	1	13577.000000	13577.750000	0	0	noise	cluster_noise	0.0000
9654	Spectrogram 1	1	13577.500000	13578.000000	0	0	21	cluster_21	0.8371
9655	Spectrogram 1	1	13577.750000	13578.250000	0	0	noise	cluster_noise	0.0000
9656	Spectrogram 1	1	13578.000000	13578.750000	0	0	21	cluster_21	0.8517
9657	Spectrogram 1	1	13578.500000	13579.000000	0	0	noise	cluster_noise	0.0000
9658	Spectrogram 1	1	13578.750000	13579.500000	0	0	9	cluster_9	0.9604
9659	Spectrogram 1	1	13579.250000	13581.000000	0	0	24	cluster_24	0.9758
9660	Spectrogram 1	1	13580.750000	13581.500000	0	0	noise	cluster_noise	0.0000
9661	Spectrogram 1	1	13581.250000	13581.750000	0	0	24	cluster_24	1.0000
9662	Spectrogram 1	1	13581.500000	13582.250000	0	0	noise	cluster_noise	0.0000
9663	Spectrogram 1	1	13582.000000	13582.500000	0	0	21	cluster_21	0.7638
9664	Spectrogram 1	1	13582.250000	13583.000000	0	0	noise	cluster_noise	0.0000
9665	Spectrogram 1	1	13582.750000	13583.250000	0	0	21	cluster_21	0.8786
9666	Spectrogram 1	1	13583.000000	13583.500000	0	0	noise	cluster_noise	0.0000
9667	Spectrogram 1	1	13583.250000	13583.750000	0	0	9	cluster_9	0.7626
9668	Spectrogram 1	1	13583.500000	13584.000000	0	0	0	cluster_0	0.7233
9669	Spectrogram 1	1	13583.750000	13584.500000	0	0	noise	cluster_noise	0.0000
9670	Spectrogram 1	1	13584.250000	13584.750000	0	0	21	cluster_21	0.7188
9671	Spectrogram 1	1	13584.500000	13585.250000	0	0	noise	cluster_noise	0.0000
9672	Spectrogram 1	1	13585.000000	13585.500000	0	0	24	cluster_24	0.8310
9673	Spectrogram 1	1	13585.250000	13585.750000	0	0	noise	cluster_noise	0.0000
9674	Spectrogram 1	1	13585.500000	13586.500000	0	0	21	cluster_21	0.7771
9675	Spectrogram 1	1	13592.000000	13592.750000	0	0	noise	cluster_noise	0.0000
9676	Spectrogram 1	1	13592.500000	13593.000000	0	0	21	cluster_21	0.8941
9677	Spectrogram 1	1	13592.750000	13593.750000	0	0	noise	cluster_noise	0.0000
9678	Spectrogram 1	1	13593.500000	13594.250000	0	0	9	cluster_9	0.8976
9679	Spectrogram 1	1	13594.000000	13595.000000	0	0	noise	cluster_noise	0.0000
9680	Spectrogram 1	1	13594.750000	13595.250000	0	0	21	cluster_21	0.7583
9681	Spectrogram 1	1	13595.000000	13595.750000	0	0	noise	cluster_noise	0.0000
9682	Spectrogram 1	1	13595.500000	13596.000000	0	0	9	cluster_9	0.8353
9683	Spectrogram 1	1	13595.750000	13597.000000	0	0	noise	cluster_noise	0.0000
9684	Spectrogram 1	1	13596.750000	13597.500000	0	0	21	cluster_21	0.8211
9685	Spectrogram 1	1	13597.250000	13598.000000	0	0	noise	cluster_noise	0.0000
9686	Spectrogram 1	1	13597.750000	13598.250000	0	0	21	cluster_21	0.8642
9687	Spectrogram 1	1	13598.000000	13600.000000	0	0	noise	cluster_noise	0.0000
9688	Spectrogram 1	1	13599.750000	13600.250000	0	0	24	cluster_24	0.9918
9689	Spectrogram 1	1	13600.000000	13600.750000	0	0	noise	cluster_noise	0.0000
9690	Spectrogram 1	1	13600.500000	13601.000000	0	0	24	cluster_24	1.0000
9691	Spectrogram 1	1	13600.750000	13601.750000	0	0	noise	cluster_noise	0.0000
9692	Spectrogram 1	1	13601.500000	13603.250000	0	0	21	cluster_21	0.8211
9693	Spectrogram 1	1	13603.000000	13603.500000	0	0	noise	cluster_noise	0.0000
9694	Spectrogram 1	1	13603.250000	13604.250000	0	0	4	cluster_4	0.8095
9695	Spectrogram 1	1	13604.000000	13604.500000	0	0	noise	cluster_noise	0.0000
9696	Spectrogram 1	1	13605.000000	13606.250000	0	0	21	cluster_21	0.7804
9697	Spectrogram 1	1	13606.000000	13606.500000	0	0	noise	cluster_noise	0.0000
9698	Spectrogram 1	1	13606.250000	13606.750000	0	0	21	cluster_21	0.7724
9699	Spectrogram 1	1	13606.500000	13608.000000	0	0	4	cluster_4	0.8219
9700	Spectrogram 1	1	13607.750000	13608.750000	0	0	noise	cluster_noise	0.0000
9701	Spectrogram 1	1	13608.500000	13609.000000	0	0	21	cluster_21	0.7497
9702	Spectrogram 1	1	13608.750000	13609.500000	0	0	noise	cluster_noise	0.0000
9703	Spectrogram 1	1	13609.250000	13610.000000	0	0	9	cluster_9	0.8155
9704	Spectrogram 1	1	13609.750000	13610.500000	0	0	21	cluster_21	0.8151
9705	Spectrogram 1	1	13610.250000	13611.000000	0	0	noise	cluster_noise	0.0000
9706	Spectrogram 1	1	13610.750000	13611.250000	0	0	21	cluster_21	0.7709
9707	Spectrogram 1	1	13611.000000	13611.750000	0	0	9	cluster_9	0.8716
9708	Spectrogram 1	1	13611.500000	13612.000000	0	0	21	cluster_21	0.7274
9709	Spectrogram 1	1	13611.750000	13613.000000	0	0	noise	cluster_noise	0.0000
9710	Spectrogram 1	1	13612.750000	13614.000000	0	0	21	cluster_21	0.8336
9711	Spectrogram 1	1	13613.750000	13614.750000	0	0	noise	cluster_noise	0.0000
9712	Spectrogram 1	1	13614.500000	13615.250000	0	0	21	cluster_21	0.8134
9713	Spectrogram 1	1	13615.000000	13617.250000	0	0	noise	cluster_noise	0.0000
9714	Spectrogram 1	1	13617.000000	13617.750000	0	0	24	cluster_24	0.9408
9715	Spectrogram 1	1	13617.500000	13618.250000	0	0	noise	cluster_noise	0.0000
9716	Spectrogram 1	1	13618.000000	13618.500000	0	0	21	cluster_21	0.7760
9717	Spectrogram 1	1	13618.250000	13619.250000	0	0	24	cluster_24	0.9781
9718	Spectrogram 1	1	13619.000000	13619.750000	0	0	noise	cluster_noise	0.0000
9719	Spectrogram 1	1	13619.500000	13620.000000	0	0	24	cluster_24	0.9870
9720	Spectrogram 1	1	13619.750000	13620.250000	0	0	noise	cluster_noise	0.0000
9721	Spectrogram 1	1	13620.000000	13621.000000	0	0	21	cluster_21	0.8205
9722	Spectrogram 1	1	13620.750000	13621.250000	0	0	noise	cluster_noise	0.0000
9723	Spectrogram 1	1	13621.000000	13621.750000	0	0	21	cluster_21	0.8004
9724	Spectrogram 1	1	13621.500000	13622.250000	0	0	24	cluster_24	0.9486
9725	Spectrogram 1	1	13622.000000	13623.000000	0	0	21	cluster_21	0.8665
9726	Spectrogram 1	1	13622.750000	13623.250000	0	0	noise	cluster_noise	0.0000
9727	Spectrogram 1	1	13623.000000	13623.500000	0	0	21	cluster_21	0.8087
9728	Spectrogram 1	1	13623.250000	13625.500000	0	0	noise	cluster_noise	0.0000
9729	Spectrogram 1	1	13625.250000	13626.000000	0	0	21	cluster_21	0.7984
9730	Spectrogram 1	1	13625.750000	13627.250000	0	0	noise	cluster_noise	0.0000
9731	Spectrogram 1	1	13627.000000	13627.500000	0	0	0	cluster_0	0.9529
9732	Spectrogram 1	1	13627.250000	13627.750000	0	0	noise	cluster_noise	0.0000
9733	Spectrogram 1	1	13627.500000	13628.000000	0	0	21	cluster_21	0.7627
9734	Spectrogram 1	1	13627.750000	13630.500000	0	0	noise	cluster_noise	0.0000
9735	Spectrogram 1	1	13630.250000	13631.000000	0	0	21	cluster_21	0.8746
9736	Spectrogram 1	1	13630.750000	13631.250000	0	0	noise	cluster_noise	0.0000
9737	Spectrogram 1	1	13631.000000	13631.750000	0	0	21	cluster_21	0.7540
9738	Spectrogram 1	1	13631.500000	13632.250000	0	0	3	cluster_3	1.0000
9739	Spectrogram 1	1	13632.000000	13632.500000	0	0	noise	cluster_noise	0.0000
9740	Spectrogram 1	1	13632.250000	13633.250000	0	0	21	cluster_21	0.8039
9741	Spectrogram 1	1	13633.000000	13633.750000	0	0	noise	cluster_noise	0.0000
9742	Spectrogram 1	1	13633.500000	13634.500000	0	0	21	cluster_21	0.8405
9743	Spectrogram 1	1	13635.000000	13635.500000	0	0	3	cluster_3	1.0000
9744	Spectrogram 1	1	13635.250000	13635.750000	0	0	21	cluster_21	0.8530
9745	Spectrogram 1	1	13635.500000	13636.000000	0	0	noise	cluster_noise	0.0000
9746	Spectrogram 1	1	13635.750000	13636.500000	0	0	21	cluster_21	0.8423
9747	Spectrogram 1	1	13638.000000	13638.500000	0	0	3	cluster_3	1.0000
9748	Spectrogram 1	1	13638.250000	13639.000000	0	0	24	cluster_24	1.0000
9749	Spectrogram 1	1	13638.750000	13639.250000	0	0	noise	cluster_noise	0.0000
9750	Spectrogram 1	1	13639.000000	13639.500000	0	0	21	cluster_21	0.7380
9751	Spectrogram 1	1	13639.250000	13639.750000	0	0	noise	cluster_noise	0.0000
9752	Spectrogram 1	1	13639.500000	13640.250000	0	0	21	cluster_21	0.7762
9753	Spectrogram 1	1	13640.000000	13641.250000	0	0	noise	cluster_noise	0.0000
9754	Spectrogram 1	1	13641.000000	13641.750000	0	0	24	cluster_24	1.0000
9755	Spectrogram 1	1	13641.500000	13644.000000	0	0	noise	cluster_noise	0.0000
9756	Spectrogram 1	1	13643.750000	13644.250000	0	0	22	cluster_22	0.7309
9757	Spectrogram 1	1	13644.000000	13644.500000	0	0	noise	cluster_noise	0.0000
9758	Spectrogram 1	1	13650.000000	13650.500000	0	0	21	cluster_21	0.8242
9759	Spectrogram 1	1	13650.250000	13651.250000	0	0	noise	cluster_noise	0.0000
9760	Spectrogram 1	1	13651.000000	13651.750000	0	0	3	cluster_3	1.0000
9761	Spectrogram 1	1	13651.500000	13652.250000	0	0	noise	cluster_noise	0.0000
9762	Spectrogram 1	1	13652.000000	13653.000000	0	0	21	cluster_21	0.9719
9763	Spectrogram 1	1	13652.750000	13653.500000	0	0	noise	cluster_noise	0.0000
9764	Spectrogram 1	1	13653.250000	13654.000000	0	0	21	cluster_21	0.7570
9765	Spectrogram 1	1	13653.750000	13654.250000	0	0	noise	cluster_noise	0.0000
9766	Spectrogram 1	1	13654.000000	13654.750000	0	0	3	cluster_3	1.0000
9767	Spectrogram 1	1	13654.500000	13655.000000	0	0	noise	cluster_noise	0.0000
9768	Spectrogram 1	1	13654.750000	13655.250000	0	0	21	cluster_21	0.7213
9769	Spectrogram 1	1	13655.000000	13663.000000	0	0	noise	cluster_noise	0.0000
9770	Spectrogram 1	1	13662.750000	13663.500000	0	0	21	cluster_21	0.8829
9771	Spectrogram 1	1	13663.250000	13663.750000	0	0	noise	cluster_noise	0.0000
9772	Spectrogram 1	1	13663.500000	13664.500000	0	0	3	cluster_3	0.9905
9773	Spectrogram 1	1	13664.250000	13665.250000	0	0	noise	cluster_noise	0.0000
9774	Spectrogram 1	1	13665.000000	13665.500000	0	0	21	cluster_21	0.8216
9775	Spectrogram 1	1	13665.250000	13666.500000	0	0	noise	cluster_noise	0.0000
9776	Spectrogram 1	1	13666.250000	13666.750000	0	0	5	cluster_5	0.7088
9777	Spectrogram 1	1	13666.500000	13668.000000	0	0	noise	cluster_noise	0.0000
9778	Spectrogram 1	1	13667.750000	13668.500000	0	0	3	cluster_3	0.9456
9779	Spectrogram 1	1	13675.000000	13676.500000	0	0	24	cluster_24	0.9462
9780	Spectrogram 1	1	13676.250000	13676.750000	0	0	21	cluster_21	0.7594
9781	Spectrogram 1	1	13676.500000	13677.250000	0	0	3	cluster_3	0.9568
9782	Spectrogram 1	1	13677.000000	13677.500000	0	0	noise	cluster_noise	0.0000
9783	Spectrogram 1	1	13677.250000	13677.750000	0	0	0	cluster_0	0.8473
9784	Spectrogram 1	1	13677.500000	13678.250000	0	0	noise	cluster_noise	0.0000
9785	Spectrogram 1	1	13678.000000	13678.750000	0	0	21	cluster_21	0.8416
9786	Spectrogram 1	1	13678.500000	13679.250000	0	0	3	cluster_3	1.0000
9787	Spectrogram 1	1	13679.000000	13679.500000	0	0	noise	cluster_noise	0.0000
9788	Spectrogram 1	1	13679.250000	13679.750000	0	0	0	cluster_0	1.0000
9789	Spectrogram 1	1	13679.500000	13680.250000	0	0	noise	cluster_noise	0.0000
9790	Spectrogram 1	1	13680.000000	13680.500000	0	0	24	cluster_24	0.8446
9791	Spectrogram 1	1	13689.000000	13689.750000	0	0	21	cluster_21	0.8690
9792	Spectrogram 1	1	13689.500000	13690.250000	0	0	noise	cluster_noise	0.0000
9793	Spectrogram 1	1	13690.000000	13690.750000	0	0	21	cluster_21	0.8568
9794	Spectrogram 1	1	13690.500000	13691.000000	0	0	noise	cluster_noise	0.0000
9795	Spectrogram 1	1	13690.750000	13691.250000	0	0	24	cluster_24	0.9381
9796	Spectrogram 1	1	13691.000000	13691.750000	0	0	noise	cluster_noise	0.0000
9797	Spectrogram 1	1	13691.500000	13692.250000	0	0	21	cluster_21	0.9339
9798	Spectrogram 1	1	13692.000000	13692.500000	0	0	noise	cluster_noise	0.0000
9799	Spectrogram 1	1	13694.000000	13695.250000	0	0	24	cluster_24	0.9753
9800	Spectrogram 1	1	13695.000000	13695.500000	0	0	21	cluster_21	0.8428
9801	Spectrogram 1	1	13695.250000	13696.500000	0	0	noise	cluster_noise	0.0000
9802	Spectrogram 1	1	13696.250000	13697.250000	0	0	3	cluster_3	1.0000
9803	Spectrogram 1	1	13697.000000	13699.500000	0	0	noise	cluster_noise	0.0000
9804	Spectrogram 1	1	13699.250000	13700.000000	0	0	3	cluster_3	1.0000
9805	Spectrogram 1	1	13699.750000	13700.750000	0	0	noise	cluster_noise	0.0000
9806	Spectrogram 1	1	13700.500000	13701.500000	0	0	21	cluster_21	0.7735
9807	Spectrogram 1	1	13701.250000	13701.750000	0	0	noise	cluster_noise	0.0000
9808	Spectrogram 1	1	13701.500000	13702.000000	0	0	24	cluster_24	1.0000
9809	Spectrogram 1	1	13701.750000	13702.750000	0	0	21	cluster_21	0.8629
9810	Spectrogram 1	1	13702.500000	13703.000000	0	0	noise	cluster_noise	0.0000
9811	Spectrogram 1	1	13702.750000	13703.250000	0	0	21	cluster_21	0.8495
9812	Spectrogram 1	1	13703.000000	13703.500000	0	0	noise	cluster_noise	0.0000
9813	Spectrogram 1	1	13703.250000	13703.750000	0	0	21	cluster_21	0.8591
9814	Spectrogram 1	1	13703.500000	13704.250000	0	0	3	cluster_3	1.0000
9815	Spectrogram 1	1	13704.000000	13705.250000	0	0	2	cluster_2	0.8577
9816	Spectrogram 1	1	13705.000000	13705.500000	0	0	noise	cluster_noise	0.0000
9817	Spectrogram 1	1	13713.000000	13714.750000	0	0	3	cluster_3	0.9662
9818	Spectrogram 1	1	13714.500000	13715.000000	0	0	noise	cluster_noise	0.0000
9819	Spectrogram 1	1	13714.750000	13715.250000	0	0	3	cluster_3	1.0000
9820	Spectrogram 1	1	13715.000000	13715.500000	0	0	noise	cluster_noise	0.0000
9821	Spectrogram 1	1	13715.250000	13716.750000	0	0	3	cluster_3	1.0000
9822	Spectrogram 1	1	13716.500000	13717.500000	0	0	21	cluster_21	0.8128
9823	Spectrogram 1	1	13717.250000	13717.750000	0	0	noise	cluster_noise	0.0000
9824	Spectrogram 1	1	13717.500000	13718.000000	0	0	21	cluster_21	0.8290
9825	Spectrogram 1	1	13717.750000	13719.500000	0	0	2	cluster_2	0.9479
9826	Spectrogram 1	1	13723.000000	13723.500000	0	0	noise	cluster_noise	0.0000
9827	Spectrogram 1	1	13723.250000	13724.000000	0	0	21	cluster_21	0.9127
9828	Spectrogram 1	1	13723.750000	13724.500000	0	0	noise	cluster_noise	0.0000
9829	Spectrogram 1	1	13724.250000	13725.000000	0	0	0	cluster_0	0.9470
9830	Spectrogram 1	1	13724.750000	13725.500000	0	0	3	cluster_3	0.9201
9831	Spectrogram 1	1	13727.000000	13728.250000	0	0	noise	cluster_noise	0.0000
9832	Spectrogram 1	1	13728.000000	13730.000000	0	0	3	cluster_3	1.0000
9833	Spectrogram 1	1	13729.750000	13730.250000	0	0	noise	cluster_noise	0.0000
9834	Spectrogram 1	1	13730.000000	13730.500000	0	0	21	cluster_21	0.8376
9835	Spectrogram 1	1	13730.250000	13730.750000	0	0	noise	cluster_noise	0.0000
9836	Spectrogram 1	1	13730.500000	13731.000000	0	0	21	cluster_21	0.7287
9837	Spectrogram 1	1	13730.750000	13731.500000	0	0	noise	cluster_noise	0.0000
9838	Spectrogram 1	1	13740.000000	13740.500000	0	0	21	cluster_21	0.8633
9839	Spectrogram 1	1	13740.250000	13740.750000	0	0	noise	cluster_noise	0.0000
9840	Spectrogram 1	1	13740.500000	13741.250000	0	0	21	cluster_21	0.8195
9841	Spectrogram 1	1	13741.000000	13741.500000	0	0	noise	cluster_noise	0.0000
9842	Spectrogram 1	1	13742.000000	13743.000000	0	0	3	cluster_3	1.0000
9843	Spectrogram 1	1	13742.750000	13743.250000	0	0	noise	cluster_noise	0.0000
9844	Spectrogram 1	1	13743.000000	13743.500000	0	0	21	cluster_21	0.7260
9845	Spectrogram 1	1	13743.250000	13743.750000	0	0	noise	cluster_noise	0.0000
9846	Spectrogram 1	1	13743.500000	13744.250000	0	0	24	cluster_24	0.9761
9847	Spectrogram 1	1	13744.000000	13744.750000	0	0	noise	cluster_noise	0.0000
9848	Spectrogram 1	1	13744.500000	13746.000000	0	0	2	cluster_2	0.9867
9849	Spectrogram 1	1	13745.750000	13746.500000	0	0	noise	cluster_noise	0.0000
9850	Spectrogram 1	1	13746.250000	13746.750000	0	0	21	cluster_21	0.7548
9851	Spectrogram 1	1	13746.500000	13747.000000	0	0	noise	cluster_noise	0.0000
9852	Spectrogram 1	1	13746.750000	13747.250000	0	0	21	cluster_21	0.7391
9853	Spectrogram 1	1	13747.000000	13747.500000	0	0	2	cluster_2	0.9162
9854	Spectrogram 1	1	13821.000000	13822.500000	0	0	5	cluster_5	0.9426
9855	Spectrogram 1	1	13822.250000	13822.750000	0	0	noise	cluster_noise	0.0000
9856	Spectrogram 1	1	13822.500000	13823.250000	0	0	21	cluster_21	0.8202
9857	Spectrogram 1	1	13823.000000	13823.500000	0	0	noise	cluster_noise	0.0000
9858	Spectrogram 1	1	13823.250000	13824.500000	0	0	3	cluster_3	0.9495
9859	Spectrogram 1	1	13824.250000	13824.750000	0	0	24	cluster_24	0.9095
9860	Spectrogram 1	1	13824.500000	13825.000000	0	0	21	cluster_21	0.7844
9861	Spectrogram 1	1	13824.750000	13825.500000	0	0	noise	cluster_noise	0.0000
9862	Spectrogram 1	1	13840.000000	13841.250000	0	0	5	cluster_5	0.9549
9863	Spectrogram 1	1	13841.000000	13841.750000	0	0	noise	cluster_noise	0.0000
9864	Spectrogram 1	1	13841.500000	13842.000000	0	0	21	cluster_21	0.8747
9865	Spectrogram 1	1	13841.750000	13842.250000	0	0	noise	cluster_noise	0.0000
9866	Spectrogram 1	1	13842.000000	13843.000000	0	0	21	cluster_21	0.8622
9867	Spectrogram 1	1	13842.750000	13843.500000	0	0	5	cluster_5	0.9649
9868	Spectrogram 1	1	13853.000000	13853.500000	0	0	21	cluster_21	0.7719
9869	Spectrogram 1	1	13853.250000	13853.750000	0	0	noise	cluster_noise	0.0000
9870	Spectrogram 1	1	13853.500000	13855.250000	0	0	5	cluster_5	1.0000
9871	Spectrogram 1	1	13855.000000	13855.750000	0	0	noise	cluster_noise	0.0000
9872	Spectrogram 1	1	13855.500000	13856.250000	0	0	21	cluster_21	0.8004
9873	Spectrogram 1	1	13856.000000	13857.000000	0	0	3	cluster_3	1.0000
9874	Spectrogram 1	1	13856.750000	13857.250000	0	0	noise	cluster_noise	0.0000
9875	Spectrogram 1	1	13857.000000	13857.500000	0	0	21	cluster_21	0.7598
9876	Spectrogram 1	1	13857.250000	13858.250000	0	0	noise	cluster_noise	0.0000
9877	Spectrogram 1	1	13858.000000	13858.750000	0	0	21	cluster_21	0.8705
9878	Spectrogram 1	1	13858.500000	13859.250000	0	0	24	cluster_24	0.9203
9879	Spectrogram 1	1	13859.000000	13859.500000	0	0	21	cluster_21	0.7754
9880	Spectrogram 1	1	13859.250000	13859.750000	0	0	noise	cluster_noise	0.0000
9881	Spectrogram 1	1	13859.500000	13860.250000	0	0	21	cluster_21	0.7742
9882	Spectrogram 1	1	13860.000000	13860.500000	0	0	noise	cluster_noise	0.0000
9883	Spectrogram 1	1	13860.250000	13861.500000	0	0	5	cluster_5	0.7943
9884	Spectrogram 1	1	13861.250000	13861.750000	0	0	noise	cluster_noise	0.0000
9885	Spectrogram 1	1	13861.500000	13868.000000	0	0	5	cluster_5	0.9532
9886	Spectrogram 1	1	13867.750000	13868.500000	0	0	noise	cluster_noise	0.0000
9887	Spectrogram 1	1	13868.250000	13869.500000	0	0	5	cluster_5	0.9975
9888	Spectrogram 1	1	13869.250000	13870.000000	0	0	noise	cluster_noise	0.0000
9889	Spectrogram 1	1	13869.750000	13870.250000	0	0	24	cluster_24	0.9174
9890	Spectrogram 1	1	13870.000000	13870.500000	0	0	noise	cluster_noise	0.0000
9891	Spectrogram 1	1	13870.250000	13871.250000	0	0	5	cluster_5	0.9739
9892	Spectrogram 1	1	13871.000000	13871.500000	0	0	noise	cluster_noise	0.0000
9893	Spectrogram 1	1	13871.250000	13872.000000	0	0	24	cluster_24	0.8890
9894	Spectrogram 1	1	13871.750000	13872.750000	0	0	noise	cluster_noise	0.0000
9895	Spectrogram 1	1	13872.500000	13873.000000	0	0	21	cluster_21	0.7994
9896	Spectrogram 1	1	13872.750000	13874.250000	0	0	noise	cluster_noise	0.0000
9897	Spectrogram 1	1	13874.000000	13875.250000	0	0	5	cluster_5	1.0000
9898	Spectrogram 1	1	13875.000000	13875.500000	0	0	noise	cluster_noise	0.0000
9899	Spectrogram 1	1	13880.000000	13881.250000	0	0	3	cluster_3	1.0000
9900	Spectrogram 1	1	13881.000000	13881.500000	0	0	0	cluster_0	1.0000
9901	Spectrogram 1	1	13881.250000	13881.750000	0	0	21	cluster_21	0.7435
9902	Spectrogram 1	1	13881.500000	13882.000000	0	0	noise	cluster_noise	0.0000
9903	Spectrogram 1	1	13881.750000	13883.000000	0	0	3	cluster_3	0.9879
9904	Spectrogram 1	1	13882.750000	13883.750000	0	0	noise	cluster_noise	0.0000
9905	Spectrogram 1	1	13883.500000	13884.000000	0	0	21	cluster_21	0.8169
9906	Spectrogram 1	1	13883.750000	13885.000000	0	0	noise	cluster_noise	0.0000
9907	Spectrogram 1	1	13884.750000	13885.250000	0	0	5	cluster_5	1.0000
9908	Spectrogram 1	1	13885.000000	13885.500000	0	0	noise	cluster_noise	0.0000
9909	Spectrogram 1	1	13885.250000	13886.000000	0	0	5	cluster_5	0.8457
9910	Spectrogram 1	1	13885.750000	13887.500000	0	0	noise	cluster_noise	0.0000
9911	Spectrogram 1	1	13893.000000	13893.750000	0	0	3	cluster_3	0.9179
9912	Spectrogram 1	1	13893.500000	13894.250000	0	0	noise	cluster_noise	0.0000
9913	Spectrogram 1	1	13894.000000	13894.750000	0	0	21	cluster_21	0.9718
9914	Spectrogram 1	1	13894.500000	13895.000000	0	0	noise	cluster_noise	0.0000
9915	Spectrogram 1	1	13894.750000	13895.750000	0	0	21	cluster_21	0.8468
9916	Spectrogram 1	1	13895.500000	13896.000000	0	0	noise	cluster_noise	0.0000
9917	Spectrogram 1	1	13895.750000	13896.500000	0	0	21	cluster_21	0.8948
9918	Spectrogram 1	1	13896.250000	13896.750000	0	0	22	cluster_22	0.7717
9919	Spectrogram 1	1	13896.500000	13897.500000	0	0	noise	cluster_noise	0.0000
9920	Spectrogram 1	1	13897.250000	13898.750000	0	0	5	cluster_5	0.9522
9921	Spectrogram 1	1	13898.500000	13899.000000	0	0	noise	cluster_noise	0.0000
9922	Spectrogram 1	1	13898.750000	13899.500000	0	0	21	cluster_21	0.7895
9923	Spectrogram 1	1	13899.250000	13900.000000	0	0	noise	cluster_noise	0.0000
9924	Spectrogram 1	1	13899.750000	13903.750000	0	0	21	cluster_21	0.8430
9925	Spectrogram 1	1	13903.500000	13904.250000	0	0	noise	cluster_noise	0.0000
9926	Spectrogram 1	1	13904.000000	13904.500000	0	0	0	cluster_0	1.0000
9927	Spectrogram 1	1	13906.000000	13907.000000	0	0	21	cluster_21	0.9150
9928	Spectrogram 1	1	13906.750000	13907.250000	0	0	noise	cluster_noise	0.0000
9929	Spectrogram 1	1	13907.000000	13907.750000	0	0	21	cluster_21	0.8176
9930	Spectrogram 1	1	13907.500000	13908.750000	0	0	noise	cluster_noise	0.0000
9931	Spectrogram 1	1	13908.500000	13910.000000	0	0	5	cluster_5	0.9928
9932	Spectrogram 1	1	13909.750000	13910.750000	0	0	noise	cluster_noise	0.0000
9933	Spectrogram 1	1	13910.500000	13911.000000	0	0	24	cluster_24	0.9257
9934	Spectrogram 1	1	13910.750000	13913.000000	0	0	21	cluster_21	0.8632
9935	Spectrogram 1	1	13912.750000	13916.250000	0	0	noise	cluster_noise	0.0000
9936	Spectrogram 1	1	13916.000000	13916.750000	0	0	1	cluster_1	0.4790
9937	Spectrogram 1	1	13916.500000	13917.000000	0	0	3	cluster_3	0.8501
9938	Spectrogram 1	1	13916.750000	13917.250000	0	0	noise	cluster_noise	0.0000
9939	Spectrogram 1	1	13917.000000	13917.500000	0	0	21	cluster_21	1.0000
9940	Spectrogram 1	1	13919.000000	13920.000000	0	0	noise	cluster_noise	0.0000
9941	Spectrogram 1	1	13919.750000	13921.500000	0	0	5	cluster_5	0.9305
9942	Spectrogram 1	1	13921.250000	13921.750000	0	0	noise	cluster_noise	0.0000
9943	Spectrogram 1	1	13921.500000	13922.000000	0	0	21	cluster_21	0.9131
9944	Spectrogram 1	1	13921.750000	13922.250000	0	0	noise	cluster_noise	0.0000
9945	Spectrogram 1	1	13922.000000	13923.500000	0	0	21	cluster_21	0.9272
9946	Spectrogram 1	1	13923.250000	13923.750000	0	0	noise	cluster_noise	0.0000
9947	Spectrogram 1	1	13923.500000	13924.000000	0	0	21	cluster_21	1.0000
9948	Spectrogram 1	1	13923.750000	13924.250000	0	0	noise	cluster_noise	0.0000
9949	Spectrogram 1	1	13924.000000	13926.000000	0	0	8	cluster_8	0.7175
9950	Spectrogram 1	1	13925.750000	13926.500000	0	0	0	cluster_0	1.0000
9951	Spectrogram 1	1	13927.000000	13927.750000	0	0	3	cluster_3	1.0000
9952	Spectrogram 1	1	13927.500000	13928.000000	0	0	noise	cluster_noise	0.0000
9953	Spectrogram 1	1	13927.750000	13928.500000	0	0	24	cluster_24	1.0000
9954	Spectrogram 1	1	13931.000000	13932.750000	0	0	5	cluster_5	0.8962
9955	Spectrogram 1	1	13932.500000	13933.750000	0	0	noise	cluster_noise	0.0000
9956	Spectrogram 1	1	13933.500000	13934.250000	0	0	21	cluster_21	0.8047
9957	Spectrogram 1	1	13934.000000	13935.500000	0	0	noise	cluster_noise	0.0000
9958	Spectrogram 1	1	13935.250000	13936.500000	0	0	4	cluster_4	0.7827
9959	Spectrogram 1	1	13937.000000	13937.500000	0	0	noise	cluster_noise	0.0000
9960	Spectrogram 1	1	13937.250000	13937.750000	0	0	5	cluster_5	0.7424
9961	Spectrogram 1	1	13937.500000	13938.500000	0	0	21	cluster_21	0.9293
9962	Spectrogram 1	1	13938.250000	13939.000000	0	0	noise	cluster_noise	0.0000
9963	Spectrogram 1	1	13938.750000	13939.500000	0	0	4	cluster_4	0.5121
9964	Spectrogram 1	1	13944.000000	13945.250000	0	0	noise	cluster_noise	0.0000
9965	Spectrogram 1	1	13945.000000	13945.500000	0	0	21	cluster_21	0.9480
9966	Spectrogram 1	1	13946.000000	13946.500000	0	0	13	cluster_13	0.4749
9967	Spectrogram 1	1	13946.250000	13947.000000	0	0	noise	cluster_noise	0.0000
9968	Spectrogram 1	1	13946.750000	13947.250000	0	0	21	cluster_21	0.9743
9969	Spectrogram 1	1	13947.000000	13948.000000	0	0	noise	cluster_noise	0.0000
9970	Spectrogram 1	1	13947.750000	13950.000000	0	0	4	cluster_4	0.9229
9971	Spectrogram 1	1	13949.750000	13950.250000	0	0	noise	cluster_noise	0.0000
9972	Spectrogram 1	1	13950.000000	13951.500000	0	0	24	cluster_24	0.9719
9973	Spectrogram 1	1	13953.000000	13954.000000	0	0	4	cluster_4	0.8398
9974	Spectrogram 1	1	13953.750000	13954.500000	0	0	noise	cluster_noise	0.0000
9975	Spectrogram 1	1	13956.000000	13956.750000	0	0	9	cluster_9	0.9871
9976	Spectrogram 1	1	13956.500000	13957.250000	0	0	noise	cluster_noise	0.0000
9977	Spectrogram 1	1	13957.000000	13957.750000	0	0	21	cluster_21	0.8461
9978	Spectrogram 1	1	13957.500000	13958.000000	0	0	noise	cluster_noise	0.0000
9979	Spectrogram 1	1	13957.750000	13958.250000	0	0	13	cluster_13	0.7059
9980	Spectrogram 1	1	13958.000000	13958.500000	0	0	noise	cluster_noise	0.0000
9981	Spectrogram 1	1	13958.250000	13958.750000	0	0	9	cluster_9	0.7358
9982	Spectrogram 1	1	13958.500000	13959.750000	0	0	noise	cluster_noise	0.0000
9983	Spectrogram 1	1	13959.500000	13960.250000	0	0	13	cluster_13	0.6998
9984	Spectrogram 1	1	13960.000000	13960.750000	0	0	9	cluster_9	0.9633
9985	Spectrogram 1	1	13960.500000	13961.000000	0	0	21	cluster_21	0.7241
9986	Spectrogram 1	1	13960.750000	13961.500000	0	0	noise	cluster_noise	0.0000
9987	Spectrogram 1	1	13961.250000	13961.750000	0	0	21	cluster_21	0.7693
9988	Spectrogram 1	1	13961.500000	13962.000000	0	0	noise	cluster_noise	0.0000
9989	Spectrogram 1	1	13961.750000	13962.500000	0	0	4	cluster_4	0.8797
9990	Spectrogram 1	1	13967.000000	13967.500000	0	0	noise	cluster_noise	0.0000
9991	Spectrogram 1	1	13967.250000	13968.750000	0	0	21	cluster_21	0.8617
9992	Spectrogram 1	1	13968.500000	13969.000000	0	0	noise	cluster_noise	0.0000
9993	Spectrogram 1	1	13968.750000	13969.500000	0	0	13	cluster_13	0.7059
9994	Spectrogram 1	1	13969.250000	13969.750000	0	0	9	cluster_9	0.9907
9995	Spectrogram 1	1	13969.500000	13970.000000	0	0	0	cluster_0	1.0000
9996	Spectrogram 1	1	13969.750000	13971.000000	0	0	24	cluster_24	1.0000
9997	Spectrogram 1	1	13970.750000	13971.500000	0	0	13	cluster_13	0.7059
9998	Spectrogram 1	1	13971.250000	13971.750000	0	0	noise	cluster_noise	0.0000
9999	Spectrogram 1	1	13971.500000	13972.000000	0	0	9	cluster_9	0.7908
10000	Spectrogram 1	1	13971.750000	13972.250000	0	0	noise	cluster_noise	0.0000
10001	Spectrogram 1	1	13972.000000	13972.750000	0	0	24	cluster_24	0.8771
10002	Spectrogram 1	1	13972.500000	13973.000000	0	0	noise	cluster_noise	0.0000
10003	Spectrogram 1	1	13972.750000	13973.500000	0	0	13	cluster_13	0.6077
10004	Spectrogram 1	1	13973.250000	13974.000000	0	0	9	cluster_9	0.9106
10005	Spectrogram 1	1	13973.750000	13974.250000	0	0	21	cluster_21	0.7450
10006	Spectrogram 1	1	13974.000000	13974.500000	0	0	noise	cluster_noise	0.0000
10007	Spectrogram 1	1	13976.000000	13976.500000	0	0	21	cluster_21	0.8280
10008	Spectrogram 1	1	13976.250000	13977.000000	0	0	13	cluster_13	0.7012
10009	Spectrogram 1	1	13976.750000	13977.250000	0	0	21	cluster_21	0.9718
10010	Spectrogram 1	1	13977.000000	13978.000000	0	0	noise	cluster_noise	0.0000
10011	Spectrogram 1	1	13977.750000	13978.750000	0	0	21	cluster_21	0.7884
10012	Spectrogram 1	1	13978.500000	13979.000000	0	0	noise	cluster_noise	0.0000
10013	Spectrogram 1	1	13978.750000	13979.250000	0	0	21	cluster_21	1.0000
10014	Spectrogram 1	1	13979.000000	13979.500000	0	0	noise	cluster_noise	0.0000
10015	Spectrogram 1	1	13979.250000	13980.500000	0	0	4	cluster_4	0.8629
10016	Spectrogram 1	1	13980.250000	13981.000000	0	0	noise	cluster_noise	0.0000
10017	Spectrogram 1	1	13980.750000	13981.250000	0	0	21	cluster_21	0.7318
10018	Spectrogram 1	1	13981.000000	13981.500000	0	0	noise	cluster_noise	0.0000
10019	Spectrogram 1	1	13981.250000	13981.750000	0	0	21	cluster_21	0.8087
10020	Spectrogram 1	1	13981.500000	13983.000000	0	0	noise	cluster_noise	0.0000
10021	Spectrogram 1	1	13982.750000	13984.000000	0	0	4	cluster_4	0.8744
10022	Spectrogram 1	1	13983.750000	13984.750000	0	0	noise	cluster_noise	0.0000
10023	Spectrogram 1	1	13984.500000	13985.500000	0	0	21	cluster_21	0.8580
10024	Spectrogram 1	1	13988.000000	13988.750000	0	0	9	cluster_9	0.9135
10025	Spectrogram 1	1	13988.500000	13989.250000	0	0	21	cluster_21	0.8111
10026	Spectrogram 1	1	13989.000000	13989.500000	0	0	noise	cluster_noise	0.0000
10027	Spectrogram 1	1	13989.250000	13990.000000	0	0	13	cluster_13	0.6490
10028	Spectrogram 1	1	13989.750000	13990.500000	0	0	noise	cluster_noise	0.0000
10029	Spectrogram 1	1	13990.250000	13991.000000	0	0	24	cluster_24	0.9339
10030	Spectrogram 1	1	13990.750000	13991.500000	0	0	13	cluster_13	0.5639
10031	Spectrogram 1	1	13991.250000	13991.750000	0	0	24	cluster_24	0.8810
10032	Spectrogram 1	1	13991.500000	13992.250000	0	0	noise	cluster_noise	0.0000
10033	Spectrogram 1	1	13992.000000	13992.500000	0	0	24	cluster_24	0.9528
10034	Spectrogram 1	1	13992.250000	13992.750000	0	0	noise	cluster_noise	0.0000
10035	Spectrogram 1	1	13992.500000	13993.000000	0	0	21	cluster_21	0.7756
10036	Spectrogram 1	1	13992.750000	13993.500000	0	0	13	cluster_13	0.7059
10037	Spectrogram 1	1	13993.250000	13993.750000	0	0	noise	cluster_noise	0.0000
10038	Spectrogram 1	1	13993.500000	13994.250000	0	0	3	cluster_3	0.8954
10039	Spectrogram 1	1	13994.000000	13998.750000	0	0	21	cluster_21	0.8330
10040	Spectrogram 1	1	13998.500000	13999.000000	0	0	noise	cluster_noise	0.0000
10041	Spectrogram 1	1	13998.750000	13999.500000	0	0	21	cluster_21	0.9176
10042	Spectrogram 1	1	13999.250000	13999.750000	0	0	noise	cluster_noise	0.0000
10043	Spectrogram 1	1	13999.500000	14000.500000	0	0	4	cluster_4	0.7762
10044	Spectrogram 1	1	14000.250000	14000.750000	0	0	noise	cluster_noise	0.0000
10045	Spectrogram 1	1	14000.500000	14002.000000	0	0	21	cluster_21	0.8982
10046	Spectrogram 1	1	14001.750000	14002.500000	0	0	13	cluster_13	0.7056
10047	Spectrogram 1	1	14002.250000	14002.750000	0	0	21	cluster_21	0.7613
10048	Spectrogram 1	1	14002.500000	14003.750000	0	0	noise	cluster_noise	0.0000
10049	Spectrogram 1	1	14003.500000	14004.250000	0	0	13	cluster_13	0.6541
10050	Spectrogram 1	1	14004.000000	14004.750000	0	0	noise	cluster_noise	0.0000
10051	Spectrogram 1	1	14004.500000	14005.250000	0	0	13	cluster_13	0.6105
10052	Spectrogram 1	1	14005.000000	14005.750000	0	0	noise	cluster_noise	0.0000
10053	Spectrogram 1	1	14005.500000	14006.000000	0	0	21	cluster_21	0.8495
10054	Spectrogram 1	1	14005.750000	14006.500000	0	0	13	cluster_13	0.6243
10055	Spectrogram 1	1	14006.250000	14006.750000	0	0	21	cluster_21	1.0000
10056	Spectrogram 1	1	14006.500000	14007.000000	0	0	noise	cluster_noise	0.0000
10057	Spectrogram 1	1	14006.750000	14007.250000	0	0	13	cluster_13	0.5368
10058	Spectrogram 1	1	14007.000000	14008.000000	0	0	noise	cluster_noise	0.0000
10059	Spectrogram 1	1	14007.750000	14008.500000	0	0	13	cluster_13	0.5742
10060	Spectrogram 1	1	14008.250000	14009.000000	0	0	noise	cluster_noise	0.0000
10061	Spectrogram 1	1	14008.750000	14009.250000	0	0	24	cluster_24	1.0000
10062	Spectrogram 1	1	14009.000000	14010.500000	0	0	noise	cluster_noise	0.0000
10063	Spectrogram 1	1	14010.250000	14011.000000	0	0	24	cluster_24	0.8899
10064	Spectrogram 1	1	14010.750000	14011.500000	0	0	noise	cluster_noise	0.0000
10065	Spectrogram 1	1	14011.250000	14011.750000	0	0	3	cluster_3	0.8667
10066	Spectrogram 1	1	14011.500000	14012.750000	0	0	noise	cluster_noise	0.0000
10067	Spectrogram 1	1	14012.500000	14013.000000	0	0	3	cluster_3	1.0000
10068	Spectrogram 1	1	14012.750000	14013.250000	0	0	21	cluster_21	1.0000
10069	Spectrogram 1	1	14013.000000	14014.750000	0	0	24	cluster_24	0.9881
10070	Spectrogram 1	1	14014.500000	14015.000000	0	0	9	cluster_9	0.7236
10071	Spectrogram 1	1	14014.750000	14015.750000	0	0	4	cluster_4	0.7903
10072	Spectrogram 1	1	14015.500000	14016.250000	0	0	noise	cluster_noise	0.0000
10073	Spectrogram 1	1	14016.000000	14016.500000	0	0	21	cluster_21	0.8095
10074	Spectrogram 1	1	14022.000000	14023.250000	0	0	noise	cluster_noise	0.0000
10075	Spectrogram 1	1	14023.000000	14023.500000	0	0	0	cluster_0	1.0000
10076	Spectrogram 1	1	14023.250000	14023.750000	0	0	noise	cluster_noise	0.0000
10077	Spectrogram 1	1	14023.500000	14024.250000	0	0	3	cluster_3	1.0000
10078	Spectrogram 1	1	14024.000000	14024.500000	0	0	noise	cluster_noise	0.0000
10079	Spectrogram 1	1	14024.250000	14025.000000	0	0	3	cluster_3	1.0000
10080	Spectrogram 1	1	14024.750000	14026.000000	0	0	noise	cluster_noise	0.0000
10081	Spectrogram 1	1	14025.750000	14026.250000	0	0	21	cluster_21	0.9747
10082	Spectrogram 1	1	14026.000000	14026.500000	0	0	noise	cluster_noise	0.0000
10083	Spectrogram 1	1	14026.250000	14026.750000	0	0	3	cluster_3	0.8050
10084	Spectrogram 1	1	14026.500000	14027.500000	0	0	noise	cluster_noise	0.0000
10085	Spectrogram 1	1	14034.000000	14034.500000	0	0	24	cluster_24	0.9506
10086	Spectrogram 1	1	14034.250000	14035.000000	0	0	noise	cluster_noise	0.0000
10087	Spectrogram 1	1	14034.750000	14035.250000	0	0	3	cluster_3	1.0000
10088	Spectrogram 1	1	14035.000000	14037.000000	0	0	noise	cluster_noise	0.0000
10089	Spectrogram 1	1	14036.750000	14037.250000	0	0	13	cluster_13	0.7059
10090	Spectrogram 1	1	14037.000000	14037.500000	0	0	noise	cluster_noise	0.0000
10091	Spectrogram 1	1	14037.250000	14037.750000	0	0	3	cluster_3	1.0000
10092	Spectrogram 1	1	14037.500000	14038.000000	0	0	noise	cluster_noise	0.0000
10093	Spectrogram 1	1	14037.750000	14038.250000	0	0	0	cluster_0	0.9363
10094	Spectrogram 1	1	14038.000000	14038.750000	0	0	21	cluster_21	0.8122
10095	Spectrogram 1	1	14038.500000	14039.000000	0	0	0	cluster_0	1.0000
10096	Spectrogram 1	1	14038.750000	14039.250000	0	0	noise	cluster_noise	0.0000
10097	Spectrogram 1	1	14039.000000	14045.750000	0	0	6	cluster_6	0.4100
10098	Spectrogram 1	1	14045.500000	14046.000000	0	0	21	cluster_21	0.8710
10099	Spectrogram 1	1	14045.750000	14046.250000	0	0	noise	cluster_noise	0.0000
10100	Spectrogram 1	1	14046.000000	14046.500000	0	0	21	cluster_21	0.7884
10101	Spectrogram 1	1	14046.250000	14046.750000	0	0	6	cluster_6	0.4666
10102	Spectrogram 1	1	14046.500000	14047.000000	0	0	0	cluster_0	1.0000
10103	Spectrogram 1	1	14046.750000	14047.750000	0	0	6	cluster_6	0.9574
10104	Spectrogram 1	1	14047.500000	14048.750000	0	0	noise	cluster_noise	0.0000
10105	Spectrogram 1	1	14048.500000	14049.750000	0	0	6	cluster_6	0.6337
10106	Spectrogram 1	1	14049.500000	14050.000000	0	0	noise	cluster_noise	0.0000
10107	Spectrogram 1	1	14049.750000	14050.250000	0	0	21	cluster_21	0.8632
10108	Spectrogram 1	1	14050.000000	14051.250000	0	0	noise	cluster_noise	0.0000
10109	Spectrogram 1	1	14051.000000	14054.750000	0	0	3	cluster_3	1.0000
10110	Spectrogram 1	1	14054.500000	14055.000000	0	0	noise	cluster_noise	0.0000
10111	Spectrogram 1	1	14054.750000	14055.250000	0	0	21	cluster_21	0.8694
10112	Spectrogram 1	1	14055.000000	14056.500000	0	0	24	cluster_24	0.9895
10113	Spectrogram 1	1	14060.000000	14060.500000	0	0	noise	cluster_noise	0.0000
10114	Spectrogram 1	1	14060.250000	14060.750000	0	0	21	cluster_21	1.0000
10115	Spectrogram 1	1	14060.500000	14061.000000	0	0	noise	cluster_noise	0.0000
10116	Spectrogram 1	1	14060.750000	14061.750000	0	0	6	cluster_6	0.5071
10117	Spectrogram 1	1	14061.500000	14062.000000	0	0	noise	cluster_noise	0.0000
10118	Spectrogram 1	1	14061.750000	14062.500000	0	0	21	cluster_21	0.8206
10119	Spectrogram 1	1	14066.000000	14066.500000	0	0	6	cluster_6	0.4531
10120	Spectrogram 1	1	14066.250000	14067.250000	0	0	noise	cluster_noise	0.0000
10121	Spectrogram 1	1	14067.000000	14067.500000	0	0	21	cluster_21	0.7587
10122	Spectrogram 1	1	14068.000000	14069.000000	0	0	3	cluster_3	1.0000
10123	Spectrogram 1	1	14068.750000	14069.250000	0	0	noise	cluster_noise	0.0000
10124	Spectrogram 1	1	14069.000000	14069.500000	0	0	21	cluster_21	0.7300
10125	Spectrogram 1	1	14070.000000	14070.500000	0	0	24	cluster_24	0.8635
10126	Spectrogram 1	1	14070.250000	14072.000000	0	0	3	cluster_3	1.0000
10127	Spectrogram 1	1	14071.750000	14072.250000	0	0	noise	cluster_noise	0.0000
10128	Spectrogram 1	1	14072.000000	14072.500000	0	0	21	cluster_21	0.7365
10129	Spectrogram 1	1	14072.250000	14073.000000	0	0	noise	cluster_noise	0.0000
10130	Spectrogram 1	1	14072.750000	14074.000000	0	0	3	cluster_3	1.0000
10131	Spectrogram 1	1	14073.750000	14074.500000	0	0	noise	cluster_noise	0.0000
10132	Spectrogram 1	1	14079.000000	14079.750000	0	0	3	cluster_3	0.9135
10133	Spectrogram 1	1	14079.500000	14080.000000	0	0	24	cluster_24	0.9508
10134	Spectrogram 1	1	14079.750000	14080.250000	0	0	noise	cluster_noise	0.0000
10135	Spectrogram 1	1	14080.000000	14081.000000	0	0	21	cluster_21	0.8070
10136	Spectrogram 1	1	14080.750000	14082.000000	0	0	3	cluster_3	0.9781
10137	Spectrogram 1	1	14081.750000	14082.500000	0	0	noise	cluster_noise	0.0000
10138	Spectrogram 1	1	14082.250000	14083.500000	0	0	21	cluster_21	0.8467
10139	Spectrogram 1	1	14083.250000	14083.750000	0	0	noise	cluster_noise	0.0000
10140	Spectrogram 1	1	14083.500000	14084.500000	0	0	3	cluster_3	1.0000
10141	Spectrogram 1	1	14084.250000	14084.750000	0	0	noise	cluster_noise	0.0000
10142	Spectrogram 1	1	14084.500000	14085.000000	0	0	3	cluster_3	0.8927
10143	Spectrogram 1	1	14084.750000	14085.250000	0	0	noise	cluster_noise	0.0000
10144	Spectrogram 1	1	14085.000000	14085.750000	0	0	21	cluster_21	0.8585
10145	Spectrogram 1	1	14085.500000	14086.250000	0	0	noise	cluster_noise	0.0000
10146	Spectrogram 1	1	14086.000000	14086.500000	0	0	3	cluster_3	1.0000
10147	Spectrogram 1	1	14088.000000	14088.500000	0	0	21	cluster_21	0.8239
10148	Spectrogram 1	1	14088.250000	14089.250000	0	0	noise	cluster_noise	0.0000
10149	Spectrogram 1	1	14089.000000	14089.500000	0	0	3	cluster_3	1.0000
10150	Spectrogram 1	1	14089.250000	14090.000000	0	0	noise	cluster_noise	0.0000
10151	Spectrogram 1	1	14089.750000	14090.250000	0	0	21	cluster_21	0.7887
10152	Spectrogram 1	1	14090.000000	14090.500000	0	0	noise	cluster_noise	0.0000
10153	Spectrogram 1	1	14091.000000	14092.000000	0	0	3	cluster_3	0.9133
10154	Spectrogram 1	1	14091.750000	14092.250000	0	0	noise	cluster_noise	0.0000
10155	Spectrogram 1	1	14092.000000	14093.250000	0	0	21	cluster_21	0.8252
10156	Spectrogram 1	1	14093.000000	14093.500000	0	0	noise	cluster_noise	0.0000
10157	Spectrogram 1	1	14093.250000	14093.750000	0	0	21	cluster_21	0.8885
10158	Spectrogram 1	1	14093.500000	14094.750000	0	0	3	cluster_3	1.0000
10159	Spectrogram 1	1	14094.500000	14095.250000	0	0	noise	cluster_noise	0.0000
10160	Spectrogram 1	1	14095.000000	14096.500000	0	0	21	cluster_21	0.8394
10161	Spectrogram 1	1	14096.250000	14097.500000	0	0	3	cluster_3	1.0000
10162	Spectrogram 1	1	14097.250000	14097.750000	0	0	24	cluster_24	1.0000
10163	Spectrogram 1	1	14097.500000	14098.000000	0	0	noise	cluster_noise	0.0000
10164	Spectrogram 1	1	14097.750000	14098.250000	0	0	21	cluster_21	0.8386
10165	Spectrogram 1	1	14098.000000	14098.500000	0	0	noise	cluster_noise	0.0000
10166	Spectrogram 1	1	14098.250000	14098.750000	0	0	24	cluster_24	1.0000
10167	Spectrogram 1	1	14098.500000	14099.000000	0	0	noise	cluster_noise	0.0000
10168	Spectrogram 1	1	14098.750000	14099.750000	0	0	3	cluster_3	0.9867
10169	Spectrogram 1	1	14099.500000	14100.000000	0	0	noise	cluster_noise	0.0000
10170	Spectrogram 1	1	14099.750000	14100.500000	0	0	24	cluster_24	1.0000
10171	Spectrogram 1	1	14100.250000	14101.000000	0	0	noise	cluster_noise	0.0000
10172	Spectrogram 1	1	14100.750000	14101.500000	0	0	3	cluster_3	1.0000
10173	Spectrogram 1	1	14101.250000	14102.000000	0	0	noise	cluster_noise	0.0000
10174	Spectrogram 1	1	14101.750000	14103.750000	0	0	3	cluster_3	0.9791
10175	Spectrogram 1	1	14103.500000	14104.000000	0	0	21	cluster_21	0.7253
10176	Spectrogram 1	1	14103.750000	14104.250000	0	0	noise	cluster_noise	0.0000
10177	Spectrogram 1	1	14104.000000	14105.000000	0	0	21	cluster_21	0.8532
10178	Spectrogram 1	1	14104.750000	14106.250000	0	0	3	cluster_3	0.9899
10179	Spectrogram 1	1	14106.000000	14106.500000	0	0	noise	cluster_noise	0.0000
10180	Spectrogram 1	1	14106.250000	14107.750000	0	0	21	cluster_21	0.8274
10181	Spectrogram 1	1	14107.500000	14108.750000	0	0	3	cluster_3	1.0000
10182	Spectrogram 1	1	14108.500000	14109.000000	0	0	2	cluster_2	1.0000
10183	Spectrogram 1	1	14108.750000	14109.500000	0	0	24	cluster_24	1.0000
10184	Spectrogram 1	1	14109.250000	14109.750000	0	0	noise	cluster_noise	0.0000
10185	Spectrogram 1	1	14109.500000	14110.750000	0	0	21	cluster_21	0.8183
10186	Spectrogram 1	1	14110.500000	14112.000000	0	0	3	cluster_3	1.0000
10187	Spectrogram 1	1	14111.750000	14112.250000	0	0	2	cluster_2	1.0000
10188	Spectrogram 1	1	14112.000000	14112.500000	0	0	21	cluster_21	0.7244
10189	Spectrogram 1	1	14112.250000	14112.750000	0	0	noise	cluster_noise	0.0000
10190	Spectrogram 1	1	14112.500000	14113.500000	0	0	21	cluster_21	0.8064
10191	Spectrogram 1	1	14113.250000	14115.250000	0	0	3	cluster_3	0.9464
10192	Spectrogram 1	1	14115.000000	14115.500000	0	0	noise	cluster_noise	0.0000
10193	Spectrogram 1	1	14115.250000	14115.750000	0	0	0	cluster_0	1.0000
10194	Spectrogram 1	1	14115.500000	14116.250000	0	0	21	cluster_21	0.8714
10195	Spectrogram 1	1	14116.000000	14116.500000	0	0	noise	cluster_noise	0.0000
10196	Spectrogram 1	1	14116.250000	14117.250000	0	0	0	cluster_0	0.7898
10197	Spectrogram 1	1	14117.000000	14117.500000	0	0	3	cluster_3	0.8000
10198	Spectrogram 1	1	14117.250000	14117.750000	0	0	noise	cluster_noise	0.0000
10199	Spectrogram 1	1	14117.500000	14118.750000	0	0	24	cluster_24	1.0000
10200	Spectrogram 1	1	14118.500000	14119.000000	0	0	21	cluster_21	0.8892
10201	Spectrogram 1	1	14118.750000	14119.250000	0	0	noise	cluster_noise	0.0000
10202	Spectrogram 1	1	14119.000000	14119.500000	0	0	24	cluster_24	1.0000
10203	Spectrogram 1	1	14119.250000	14121.250000	0	0	2	cluster_2	1.0000
10204	Spectrogram 1	1	14121.000000	14122.000000	0	0	noise	cluster_noise	0.0000
10205	Spectrogram 1	1	14121.750000	14122.250000	0	0	21	cluster_21	0.9238
10206	Spectrogram 1	1	14122.000000	14123.250000	0	0	noise	cluster_noise	0.0000
10207	Spectrogram 1	1	14123.000000	14123.500000	0	0	21	cluster_21	0.8732
10208	Spectrogram 1	1	14123.250000	14124.500000	0	0	3	cluster_3	1.0000
10209	Spectrogram 1	1	14124.250000	14124.750000	0	0	0	cluster_0	1.0000
10210	Spectrogram 1	1	14124.500000	14125.250000	0	0	21	cluster_21	0.8411
10211	Spectrogram 1	1	14125.000000	14125.500000	0	0	noise	cluster_noise	0.0000
10212	Spectrogram 1	1	14125.250000	14125.750000	0	0	21	cluster_21	0.9144
10213	Spectrogram 1	1	14125.500000	14126.000000	0	0	noise	cluster_noise	0.0000
10214	Spectrogram 1	1	14125.750000	14126.750000	0	0	21	cluster_21	0.8194
10215	Spectrogram 1	1	14126.500000	14128.000000	0	0	3	cluster_3	1.0000
10216	Spectrogram 1	1	14127.750000	14128.500000	0	0	24	cluster_24	0.9815
10217	Spectrogram 1	1	14128.250000	14128.750000	0	0	21	cluster_21	0.7350
10218	Spectrogram 1	1	14128.500000	14129.500000	0	0	24	cluster_24	0.9271
10219	Spectrogram 1	1	14130.000000	14130.500000	0	0	0	cluster_0	1.0000
10220	Spectrogram 1	1	14130.250000	14131.250000	0	0	3	cluster_3	1.0000
10221	Spectrogram 1	1	14131.000000	14131.750000	0	0	noise	cluster_noise	0.0000
10222	Spectrogram 1	1	14131.500000	14132.750000	0	0	21	cluster_21	0.8632
10223	Spectrogram 1	1	14132.500000	14133.250000	0	0	noise	cluster_noise	0.0000
10224	Spectrogram 1	1	14133.000000	14135.250000	0	0	2	cluster_2	0.9963
10225	Spectrogram 1	1	14135.000000	14135.750000	0	0	noise	cluster_noise	0.0000
10226	Spectrogram 1	1	14135.500000	14136.000000	0	0	21	cluster_21	0.9666
10227	Spectrogram 1	1	14135.750000	14136.250000	0	0	noise	cluster_noise	0.0000
10228	Spectrogram 1	1	14136.000000	14137.500000	0	0	21	cluster_21	0.8468
10229	Spectrogram 1	1	14137.250000	14138.500000	0	0	3	cluster_3	1.0000
10230	Spectrogram 1	1	14140.000000	14141.000000	0	0	21	cluster_21	0.7894
10231	Spectrogram 1	1	14140.750000	14142.750000	0	0	3	cluster_3	1.0000
10232	Spectrogram 1	1	14142.500000	14143.000000	0	0	noise	cluster_noise	0.0000
10233	Spectrogram 1	1	14142.750000	14144.250000	0	0	21	cluster_21	0.8351
10234	Spectrogram 1	1	14144.000000	14144.500000	0	0	noise	cluster_noise	0.0000
10235	Spectrogram 1	1	14144.250000	14144.750000	0	0	3	cluster_3	1.0000
10236	Spectrogram 1	1	14144.500000	14145.500000	0	0	2	cluster_2	1.0000
10237	Spectrogram 1	1	14146.000000	14146.750000	0	0	21	cluster_21	0.9013
10238	Spectrogram 1	1	14146.500000	14147.000000	0	0	noise	cluster_noise	0.0000
10239	Spectrogram 1	1	14146.750000	14147.500000	0	0	3	cluster_3	1.0000
10240	Spectrogram 1	1	14149.000000	14149.500000	0	0	21	cluster_21	0.8146
10241	Spectrogram 1	1	14149.250000	14149.750000	0	0	noise	cluster_noise	0.0000
10242	Spectrogram 1	1	14149.500000	14151.250000	0	0	5	cluster_5	0.9862
10243	Spectrogram 1	1	14151.000000	14152.500000	0	0	noise	cluster_noise	0.0000
10244	Spectrogram 1	1	14152.250000	14154.250000	0	0	21	cluster_21	0.8184
10245	Spectrogram 1	1	14154.000000	14155.500000	0	0	3	cluster_3	1.0000
10246	Spectrogram 1	1	14155.250000	14155.750000	0	0	21	cluster_21	0.8379
10247	Spectrogram 1	1	14155.500000	14156.000000	0	0	0	cluster_0	1.0000
10248	Spectrogram 1	1	14155.750000	14156.250000	0	0	noise	cluster_noise	0.0000
10249	Spectrogram 1	1	14156.000000	14156.500000	0	0	21	cluster_21	0.8892
10250	Spectrogram 1	1	14156.250000	14156.750000	0	0	noise	cluster_noise	0.0000
10251	Spectrogram 1	1	14156.500000	14157.000000	0	0	21	cluster_21	0.7724
10252	Spectrogram 1	1	14156.750000	14157.250000	0	0	noise	cluster_noise	0.0000
10253	Spectrogram 1	1	14157.000000	14158.000000	0	0	2	cluster_2	1.0000
10254	Spectrogram 1	1	14157.750000	14158.250000	0	0	3	cluster_3	1.0000
10255	Spectrogram 1	1	14158.000000	14158.750000	0	0	noise	cluster_noise	0.0000
10256	Spectrogram 1	1	14158.500000	14159.250000	0	0	21	cluster_21	0.7682
10257	Spectrogram 1	1	14159.000000	14159.500000	0	0	24	cluster_24	1.0000
10258	Spectrogram 1	1	14159.250000	14160.000000	0	0	noise	cluster_noise	0.0000
10259	Spectrogram 1	1	14159.750000	14160.500000	0	0	3	cluster_3	0.9983
10260	Spectrogram 1	1	14173.000000	14173.750000	0	0	noise	cluster_noise	0.0000
10261	Spectrogram 1	1	14173.500000	14174.000000	0	0	21	cluster_21	0.7942
10262	Spectrogram 1	1	14173.750000	14174.250000	0	0	noise	cluster_noise	0.0000
10263	Spectrogram 1	1	14174.000000	14175.250000	0	0	21	cluster_21	0.8384
10264	Spectrogram 1	1	14175.000000	14175.500000	0	0	noise	cluster_noise	0.0000
10265	Spectrogram 1	1	14175.250000	14175.750000	0	0	21	cluster_21	0.9038
10266	Spectrogram 1	1	14175.500000	14177.000000	0	0	5	cluster_5	0.8417
10267	Spectrogram 1	1	14176.750000	14177.750000	0	0	noise	cluster_noise	0.0000
10268	Spectrogram 1	1	14177.500000	14178.000000	0	0	21	cluster_21	0.8549
10269	Spectrogram 1	1	14177.750000	14179.000000	0	0	24	cluster_24	0.9539
10270	Spectrogram 1	1	14178.750000	14179.250000	0	0	noise	cluster_noise	0.0000
10271	Spectrogram 1	1	14179.000000	14179.500000	0	0	3	cluster_3	1.0000
10272	Spectrogram 1	1	14218.000000	14221.750000	0	0	2	cluster_2	0.9559
10273	Spectrogram 1	1	14221.500000	14222.000000	0	0	21	cluster_21	0.7660
10274	Spectrogram 1	1	14221.750000	14222.500000	0	0	24	cluster_24	0.9909
10275	Spectrogram 1	1	14251.000000	14251.500000	0	0	3	cluster_3	0.9515
10276	Spectrogram 1	1	14251.250000	14251.750000	0	0	noise	cluster_noise	0.0000
10277	Spectrogram 1	1	14251.500000	14253.250000	0	0	21	cluster_21	0.9309
10278	Spectrogram 1	1	14253.000000	14260.250000	0	0	noise	cluster_noise	0.0000
10279	Spectrogram 1	1	14260.000000	14260.750000	0	0	9	cluster_9	0.9661
10280	Spectrogram 1	1	14260.500000	14261.500000	0	0	24	cluster_24	0.9885
10281	Spectrogram 1	1	14261.250000	14262.500000	0	0	noise	cluster_noise	0.0000
10282	Spectrogram 1	1	14262.250000	14262.750000	0	0	9	cluster_9	1.0000
10283	Spectrogram 1	1	14262.500000	14263.000000	0	0	noise	cluster_noise	0.0000
10284	Spectrogram 1	1	14262.750000	14263.500000	0	0	21	cluster_21	0.8917
10285	Spectrogram 1	1	14273.000000	14274.000000	0	0	noise	cluster_noise	0.0000
10286	Spectrogram 1	1	14273.750000	14274.250000	0	0	21	cluster_21	0.7630
10287	Spectrogram 1	1	14274.000000	14275.250000	0	0	noise	cluster_noise	0.0000
10288	Spectrogram 1	1	14275.000000	14275.750000	0	0	9	cluster_9	0.7468
10289	Spectrogram 1	1	14275.500000	14276.250000	0	0	21	cluster_21	0.8503
10290	Spectrogram 1	1	14276.000000	14277.250000	0	0	noise	cluster_noise	0.0000
10291	Spectrogram 1	1	14277.000000	14277.500000	0	0	9	cluster_9	1.0000
10292	Spectrogram 1	1	14285.000000	14285.500000	0	0	5	cluster_5	0.7244
10293	Spectrogram 1	1	14285.250000	14285.750000	0	0	noise	cluster_noise	0.0000
10294	Spectrogram 1	1	14285.500000	14286.750000	0	0	21	cluster_21	0.7715
10295	Spectrogram 1	1	14286.500000	14287.000000	0	0	noise	cluster_noise	0.0000
10296	Spectrogram 1	1	14286.750000	14287.500000	0	0	21	cluster_21	0.8517
10297	Spectrogram 1	1	14287.250000	14287.750000	0	0	9	cluster_9	0.8682
10298	Spectrogram 1	1	14287.500000	14288.750000	0	0	5	cluster_5	0.9713
10299	Spectrogram 1	1	14288.500000	14289.000000	0	0	noise	cluster_noise	0.0000
10300	Spectrogram 1	1	14288.750000	14289.250000	0	0	5	cluster_5	1.0000
10301	Spectrogram 1	1	14289.000000	14289.750000	0	0	noise	cluster_noise	0.0000
10302	Spectrogram 1	1	14289.500000	14290.000000	0	0	21	cluster_21	0.7369
10303	Spectrogram 1	1	14289.750000	14293.000000	0	0	noise	cluster_noise	0.0000
10304	Spectrogram 1	1	14292.750000	14293.500000	0	0	5	cluster_5	0.7508
10305	Spectrogram 1	1	14293.250000	14298.250000	0	0	noise	cluster_noise	0.0000
10306	Spectrogram 1	1	14298.000000	14298.750000	0	0	21	cluster_21	0.8734
10307	Spectrogram 1	1	14298.500000	14300.250000	0	0	5	cluster_5	0.9487
10308	Spectrogram 1	1	14300.000000	14300.500000	0	0	noise	cluster_noise	0.0000
10309	Spectrogram 1	1	14300.250000	14300.750000	0	0	5	cluster_5	0.6920
10310	Spectrogram 1	1	14300.500000	14301.000000	0	0	noise	cluster_noise	0.0000
10311	Spectrogram 1	1	14300.750000	14302.250000	0	0	24	cluster_24	0.9005
10312	Spectrogram 1	1	14302.000000	14302.750000	0	0	21	cluster_21	0.7963
10313	Spectrogram 1	1	14302.500000	14303.000000	0	0	noise	cluster_noise	0.0000
10314	Spectrogram 1	1	14302.750000	14303.500000	0	0	5	cluster_5	0.9696
10315	Spectrogram 1	1	14310.000000	14310.500000	0	0	21	cluster_21	0.9218
10316	Spectrogram 1	1	14310.250000	14311.500000	0	0	noise	cluster_noise	0.0000
10317	Spectrogram 1	1	14311.250000	14311.750000	0	0	21	cluster_21	1.0000
10318	Spectrogram 1	1	14311.500000	14312.750000	0	0	noise	cluster_noise	0.0000
10319	Spectrogram 1	1	14312.500000	14313.250000	0	0	21	cluster_21	0.8553
10320	Spectrogram 1	1	14313.000000	14313.500000	0	0	noise	cluster_noise	0.0000
10321	Spectrogram 1	1	14313.250000	14314.500000	0	0	21	cluster_21	0.7921
10322	Spectrogram 1	1	14314.250000	14315.250000	0	0	noise	cluster_noise	0.0000
10323	Spectrogram 1	1	14315.000000	14316.250000	0	0	5	cluster_5	0.9789
10324	Spectrogram 1	1	14316.000000	14316.750000	0	0	noise	cluster_noise	0.0000
10325	Spectrogram 1	1	14316.500000	14317.000000	0	0	21	cluster_21	0.7189
10326	Spectrogram 1	1	14316.750000	14317.250000	0	0	24	cluster_24	1.0000
10327	Spectrogram 1	1	14317.000000	14317.500000	0	0	noise	cluster_noise	0.0000
10328	Spectrogram 1	1	14317.250000	14318.000000	0	0	21	cluster_21	0.8820
10329	Spectrogram 1	1	14317.750000	14318.250000	0	0	noise	cluster_noise	0.0000
10330	Spectrogram 1	1	14318.000000	14318.500000	0	0	21	cluster_21	0.9291
10331	Spectrogram 1	1	14318.250000	14319.000000	0	0	noise	cluster_noise	0.0000
10332	Spectrogram 1	1	14318.750000	14320.000000	0	0	5	cluster_5	0.9425
10333	Spectrogram 1	1	14319.750000	14320.250000	0	0	noise	cluster_noise	0.0000
10334	Spectrogram 1	1	14320.000000	14320.500000	0	0	24	cluster_24	1.0000
10335	Spectrogram 1	1	14323.000000	14323.500000	0	0	noise	cluster_noise	0.0000
10336	Spectrogram 1	1	14323.250000	14323.750000	0	0	17	cluster_17	0.9464
10337	Spectrogram 1	1	14323.500000	14324.000000	0	0	21	cluster_21	0.8357
10338	Spectrogram 1	1	14323.750000	14324.500000	0	0	noise	cluster_noise	0.0000
10339	Spectrogram 1	1	14324.250000	14324.750000	0	0	21	cluster_21	0.8494
10340	Spectrogram 1	1	14324.500000	14325.750000	0	0	noise	cluster_noise	0.0000
10341	Spectrogram 1	1	14325.500000	14326.250000	0	0	21	cluster_21	0.8856
10342	Spectrogram 1	1	14326.000000	14327.500000	0	0	noise	cluster_noise	0.0000
10343	Spectrogram 1	1	14327.250000	14327.750000	0	0	0	cluster_0	0.9618
10344	Spectrogram 1	1	14327.500000	14328.000000	0	0	noise	cluster_noise	0.0000
10345	Spectrogram 1	1	14327.750000	14329.000000	0	0	21	cluster_21	0.8278
10346	Spectrogram 1	1	14328.750000	14331.000000	0	0	5	cluster_5	0.9619
10347	Spectrogram 1	1	14330.750000	14332.250000	0	0	noise	cluster_noise	0.0000
10348	Spectrogram 1	1	14332.000000	14332.500000	0	0	11	cluster_11	0.9941
10349	Spectrogram 1	1	14332.250000	14333.250000	0	0	21	cluster_21	0.8641
10350	Spectrogram 1	1	14333.000000	14333.500000	0	0	9	cluster_9	0.9276
10351	Spectrogram 1	1	14335.000000	14335.500000	0	0	21	cluster_21	0.8027
10352	Spectrogram 1	1	14335.250000	14335.750000	0	0	noise	cluster_noise	0.0000
10353	Spectrogram 1	1	14335.500000	14336.000000	0	0	21	cluster_21	0.8248
10354	Spectrogram 1	1	14335.750000	14336.500000	0	0	noise	cluster_noise	0.0000
10355	Spectrogram 1	1	14336.250000	14336.750000	0	0	9	cluster_9	1.0000
10356	Spectrogram 1	1	14336.500000	14337.000000	0	0	24	cluster_24	0.8794
10357	Spectrogram 1	1	14336.750000	14337.750000	0	0	21	cluster_21	0.8152
10358	Spectrogram 1	1	14337.500000	14338.250000	0	0	noise	cluster_noise	0.0000
10359	Spectrogram 1	1	14338.000000	14338.750000	0	0	9	cluster_9	0.9076
10360	Spectrogram 1	1	14338.500000	14339.000000	0	0	noise	cluster_noise	0.0000
10361	Spectrogram 1	1	14338.750000	14340.000000	0	0	24	cluster_24	0.9426
10362	Spectrogram 1	1	14339.750000	14340.500000	0	0	noise	cluster_noise	0.0000
10363	Spectrogram 1	1	14340.250000	14340.750000	0	0	24	cluster_24	0.9391
10364	Spectrogram 1	1	14340.500000	14341.250000	0	0	noise	cluster_noise	0.0000
10365	Spectrogram 1	1	14341.000000	14341.500000	0	0	21	cluster_21	0.7980
10366	Spectrogram 1	1	14341.250000	14342.000000	0	0	noise	cluster_noise	0.0000
10367	Spectrogram 1	1	14341.750000	14342.250000	0	0	24	cluster_24	0.8597
10368	Spectrogram 1	1	14342.000000	14342.500000	0	0	noise	cluster_noise	0.0000
10369	Spectrogram 1	1	14342.250000	14343.500000	0	0	21	cluster_21	0.8454
10370	Spectrogram 1	1	14343.250000	14343.750000	0	0	noise	cluster_noise	0.0000
10371	Spectrogram 1	1	14343.500000	14345.500000	0	0	5	cluster_5	1.0000
10372	Spectrogram 1	1	14346.000000	14346.500000	0	0	21	cluster_21	0.7152
10373	Spectrogram 1	1	14346.250000	14346.750000	0	0	noise	cluster_noise	0.0000
10374	Spectrogram 1	1	14346.500000	14347.250000	0	0	21	cluster_21	0.7856
10375	Spectrogram 1	1	14347.000000	14347.500000	0	0	noise	cluster_noise	0.0000
10376	Spectrogram 1	1	14347.250000	14347.750000	0	0	21	cluster_21	0.8870
10377	Spectrogram 1	1	14347.500000	14348.000000	0	0	noise	cluster_noise	0.0000
10378	Spectrogram 1	1	14347.750000	14348.250000	0	0	21	cluster_21	0.7315
10379	Spectrogram 1	1	14348.000000	14348.750000	0	0	noise	cluster_noise	0.0000
10380	Spectrogram 1	1	14348.500000	14349.000000	0	0	21	cluster_21	0.8892
10381	Spectrogram 1	1	14348.750000	14349.250000	0	0	noise	cluster_noise	0.0000
10382	Spectrogram 1	1	14349.000000	14349.750000	0	0	21	cluster_21	0.9221
10383	Spectrogram 1	1	14349.500000	14350.750000	0	0	noise	cluster_noise	0.0000
10384	Spectrogram 1	1	14350.500000	14351.250000	0	0	21	cluster_21	0.9162
10385	Spectrogram 1	1	14351.000000	14351.500000	0	0	noise	cluster_noise	0.0000
10386	Spectrogram 1	1	14351.250000	14353.250000	0	0	21	cluster_21	0.8585
10387	Spectrogram 1	1	14353.000000	14353.750000	0	0	noise	cluster_noise	0.0000
10388	Spectrogram 1	1	14353.500000	14354.500000	0	0	21	cluster_21	0.8352
10389	Spectrogram 1	1	14354.250000	14354.750000	0	0	noise	cluster_noise	0.0000
10390	Spectrogram 1	1	14354.500000	14355.750000	0	0	21	cluster_21	0.8142
10391	Spectrogram 1	1	14355.500000	14356.250000	0	0	noise	cluster_noise	0.0000
10392	Spectrogram 1	1	14356.000000	14357.250000	0	0	24	cluster_24	1.0000
10393	Spectrogram 1	1	14357.000000	14359.000000	0	0	noise	cluster_noise	0.0000
10394	Spectrogram 1	1	14358.750000	14360.500000	0	0	21	cluster_21	0.8395
10395	Spectrogram 1	1	14360.250000	14362.750000	0	0	24	cluster_24	0.9933
10396	Spectrogram 1	1	14362.500000	14363.750000	0	0	noise	cluster_noise	0.0000
10397	Spectrogram 1	1	14363.500000	14364.500000	0	0	5	cluster_5	0.8501
10398	Spectrogram 1	1	14364.250000	14365.000000	0	0	noise	cluster_noise	0.0000
10399	Spectrogram 1	1	14364.750000	14366.000000	0	0	21	cluster_21	0.8666
10400	Spectrogram 1	1	14365.750000	14366.250000	0	0	noise	cluster_noise	0.0000
10401	Spectrogram 1	1	14366.000000	14366.750000	0	0	21	cluster_21	0.7562
10402	Spectrogram 1	1	14366.500000	14369.250000	0	0	noise	cluster_noise	0.0000
10403	Spectrogram 1	1	14369.000000	14369.500000	0	0	5	cluster_5	1.0000
10404	Spectrogram 1	1	14372.000000	14372.500000	0	0	21	cluster_21	0.8842
10405	Spectrogram 1	1	14372.250000	14373.000000	0	0	noise	cluster_noise	0.0000
10406	Spectrogram 1	1	14372.750000	14375.750000	0	0	21	cluster_21	0.8905
10407	Spectrogram 1	1	14375.500000	14377.250000	0	0	noise	cluster_noise	0.0000
10408	Spectrogram 1	1	14377.000000	14377.500000	0	0	5	cluster_5	0.7022
10409	Spectrogram 1	1	14377.250000	14378.250000	0	0	noise	cluster_noise	0.0000
10410	Spectrogram 1	1	14378.000000	14378.750000	0	0	21	cluster_21	0.8334
10411	Spectrogram 1	1	14378.500000	14379.500000	0	0	noise	cluster_noise	0.0000
10412	Spectrogram 1	1	14379.250000	14380.000000	0	0	4	cluster_4	0.8340
10413	Spectrogram 1	1	14379.750000	14380.250000	0	0	24	cluster_24	1.0000
10414	Spectrogram 1	1	14380.000000	14380.500000	0	0	4	cluster_4	0.7077
10415	Spectrogram 1	1	14384.000000	14384.500000	0	0	noise	cluster_noise	0.0000
10416	Spectrogram 1	1	14384.250000	14385.000000	0	0	21	cluster_21	0.8256
10417	Spectrogram 1	1	14384.750000	14385.250000	0	0	noise	cluster_noise	0.0000
10418	Spectrogram 1	1	14385.000000	14385.500000	0	0	21	cluster_21	0.8892
10419	Spectrogram 1	1	14385.250000	14386.250000	0	0	noise	cluster_noise	0.0000
10420	Spectrogram 1	1	14386.000000	14386.750000	0	0	21	cluster_21	0.7870
10421	Spectrogram 1	1	14386.500000	14387.000000	0	0	noise	cluster_noise	0.0000
10422	Spectrogram 1	1	14386.750000	14388.250000	0	0	21	cluster_21	0.8418
10423	Spectrogram 1	1	14388.000000	14388.500000	0	0	noise	cluster_noise	0.0000
10424	Spectrogram 1	1	14388.250000	14390.750000	0	0	21	cluster_21	0.8501
10425	Spectrogram 1	1	14390.500000	14391.500000	0	0	noise	cluster_noise	0.0000
10426	Spectrogram 1	1	14395.000000	14395.750000	0	0	4	cluster_4	0.7301
10427	Spectrogram 1	1	14395.500000	14397.000000	0	0	21	cluster_21	0.7719
10428	Spectrogram 1	1	14396.750000	14397.250000	0	0	noise	cluster_noise	0.0000
10429	Spectrogram 1	1	14397.000000	14397.500000	0	0	9	cluster_9	0.7530
10430	Spectrogram 1	1	14397.250000	14397.750000	0	0	21	cluster_21	0.8892
10431	Spectrogram 1	1	14397.500000	14398.000000	0	0	noise	cluster_noise	0.0000
10432	Spectrogram 1	1	14397.750000	14399.000000	0	0	21	cluster_21	0.8532
10433	Spectrogram 1	1	14398.750000	14399.500000	0	0	9	cluster_9	0.7684
10434	Spectrogram 1	1	14399.250000	14399.750000	0	0	21	cluster_21	0.8892
10435	Spectrogram 1	1	14399.500000	14400.250000	0	0	noise	cluster_noise	0.0000
10436	Spectrogram 1	1	14400.000000	14401.000000	0	0	21	cluster_21	0.9001
10437	Spectrogram 1	1	14400.750000	14401.500000	0	0	noise	cluster_noise	0.0000
10438	Spectrogram 1	1	14401.250000	14401.750000	0	0	24	cluster_24	0.8448
10439	Spectrogram 1	1	14401.500000	14402.000000	0	0	9	cluster_9	0.8926
10440	Spectrogram 1	1	14401.750000	14402.750000	0	0	noise	cluster_noise	0.0000
10441	Spectrogram 1	1	14402.500000	14403.250000	0	0	24	cluster_24	0.9443
10442	Spectrogram 1	1	14403.000000	14403.500000	0	0	noise	cluster_noise	0.0000
10443	Spectrogram 1	1	14403.250000	14403.750000	0	0	24	cluster_24	0.9539
10444	Spectrogram 1	1	14403.500000	14405.000000	0	0	21	cluster_21	0.8190
10445	Spectrogram 1	1	14404.750000	14405.500000	0	0	noise	cluster_noise	0.0000
10446	Spectrogram 1	1	14405.250000	14405.750000	0	0	21	cluster_21	0.8130
10447	Spectrogram 1	1	14405.500000	14406.500000	0	0	noise	cluster_noise	0.0000
10448	Spectrogram 1	1	14406.250000	14406.750000	0	0	21	cluster_21	0.7335
10449	Spectrogram 1	1	14406.500000	14407.000000	0	0	noise	cluster_noise	0.0000
10450	Spectrogram 1	1	14406.750000	14410.000000	0	0	21	cluster_21	0.8070
10451	Spectrogram 1	1	14409.750000	14410.500000	0	0	noise	cluster_noise	0.0000
10452	Spectrogram 1	1	14410.250000	14415.000000	0	0	21	cluster_21	0.8968
10453	Spectrogram 1	1	14414.750000	14415.250000	0	0	noise	cluster_noise	0.0000
10454	Spectrogram 1	1	14415.000000	14415.750000	0	0	21	cluster_21	0.8735
10455	Spectrogram 1	1	14415.500000	14416.250000	0	0	noise	cluster_noise	0.0000
10456	Spectrogram 1	1	14416.000000	14416.500000	0	0	21	cluster_21	0.7645
10457	Spectrogram 1	1	14416.250000	14416.750000	0	0	noise	cluster_noise	0.0000
10458	Spectrogram 1	1	14416.500000	14418.000000	0	0	21	cluster_21	0.8875
10459	Spectrogram 1	1	14417.750000	14418.750000	0	0	noise	cluster_noise	0.0000
10460	Spectrogram 1	1	14418.500000	14419.000000	0	0	21	cluster_21	0.7471
10461	Spectrogram 1	1	14418.750000	14419.250000	0	0	noise	cluster_noise	0.0000
10462	Spectrogram 1	1	14419.000000	14419.750000	0	0	21	cluster_21	0.8089
10463	Spectrogram 1	1	14419.500000	14420.000000	0	0	noise	cluster_noise	0.0000
10464	Spectrogram 1	1	14419.750000	14420.250000	0	0	24	cluster_24	1.0000
10465	Spectrogram 1	1	14420.000000	14420.500000	0	0	21	cluster_21	0.7682
10466	Spectrogram 1	1	14420.250000	14421.000000	0	0	noise	cluster_noise	0.0000
10467	Spectrogram 1	1	14420.750000	14421.250000	0	0	21	cluster_21	0.7888
10468	Spectrogram 1	1	14421.000000	14421.500000	0	0	noise	cluster_noise	0.0000
10469	Spectrogram 1	1	14421.250000	14423.500000	0	0	24	cluster_24	0.9932
10470	Spectrogram 1	1	14423.250000	14424.000000	0	0	3	cluster_3	1.0000
10471	Spectrogram 1	1	14423.750000	14424.250000	0	0	noise	cluster_noise	0.0000
10472	Spectrogram 1	1	14424.000000	14425.000000	0	0	21	cluster_21	0.7916
10473	Spectrogram 1	1	14424.750000	14425.250000	0	0	noise	cluster_noise	0.0000
10474	Spectrogram 1	1	14425.000000	14426.250000	0	0	21	cluster_21	0.7983
10475	Spectrogram 1	1	14426.000000	14426.750000	0	0	noise	cluster_noise	0.0000
10476	Spectrogram 1	1	14426.500000	14427.250000	0	0	3	cluster_3	1.0000
10477	Spectrogram 1	1	14427.000000	14428.000000	0	0	21	cluster_21	0.9351
10478	Spectrogram 1	1	14427.750000	14428.250000	0	0	noise	cluster_noise	0.0000
10479	Spectrogram 1	1	14428.000000	14429.250000	0	0	21	cluster_21	0.9726
10480	Spectrogram 1	1	14429.000000	14429.750000	0	0	noise	cluster_noise	0.0000
10481	Spectrogram 1	1	14429.500000	14430.000000	0	0	21	cluster_21	0.8708
10482	Spectrogram 1	1	14429.750000	14430.250000	0	0	noise	cluster_noise	0.0000
10483	Spectrogram 1	1	14430.000000	14430.500000	0	0	21	cluster_21	0.7365
10484	Spectrogram 1	1	14430.250000	14432.000000	0	0	noise	cluster_noise	0.0000
10485	Spectrogram 1	1	14431.750000	14432.250000	0	0	21	cluster_21	0.7501
10486	Spectrogram 1	1	14432.000000	14433.250000	0	0	noise	cluster_noise	0.0000
10487	Spectrogram 1	1	14433.000000	14433.500000	0	0	24	cluster_24	0.9590
10488	Spectrogram 1	1	14433.250000	14434.000000	0	0	noise	cluster_noise	0.0000
10489	Spectrogram 1	1	14433.750000	14434.250000	0	0	22	cluster_22	0.7627
10490	Spectrogram 1	1	14434.000000	14435.000000	0	0	21	cluster_21	0.8331
10491	Spectrogram 1	1	14434.750000	14435.250000	0	0	noise	cluster_noise	0.0000
10492	Spectrogram 1	1	14435.000000	14435.500000	0	0	21	cluster_21	0.9560
10493	Spectrogram 1	1	14435.250000	14436.000000	0	0	noise	cluster_noise	0.0000
10494	Spectrogram 1	1	14435.750000	14436.750000	0	0	21	cluster_21	0.8876
10495	Spectrogram 1	1	14436.500000	14438.500000	0	0	noise	cluster_noise	0.0000
10496	Spectrogram 1	1	14440.000000	14440.500000	0	0	21	cluster_21	0.8720
10497	Spectrogram 1	1	14440.250000	14441.250000	0	0	noise	cluster_noise	0.0000
10498	Spectrogram 1	1	14441.000000	14442.000000	0	0	21	cluster_21	0.8309
10499	Spectrogram 1	1	14441.750000	14442.250000	0	0	noise	cluster_noise	0.0000
10500	Spectrogram 1	1	14442.000000	14442.500000	0	0	21	cluster_21	0.9003
10501	Spectrogram 1	1	14442.250000	14442.750000	0	0	noise	cluster_noise	0.0000
10502	Spectrogram 1	1	14442.500000	14443.000000	0	0	21	cluster_21	0.7180
10503	Spectrogram 1	1	14442.750000	14443.500000	0	0	24	cluster_24	0.9482
10504	Spectrogram 1	1	14443.250000	14444.000000	0	0	21	cluster_21	0.8644
10505	Spectrogram 1	1	14443.750000	14444.250000	0	0	24	cluster_24	0.9487
10506	Spectrogram 1	1	14444.000000	14444.750000	0	0	3	cluster_3	0.9904
10507	Spectrogram 1	1	14444.500000	14445.500000	0	0	24	cluster_24	0.9578
10508	Spectrogram 1	1	14445.250000	14447.250000	0	0	21	cluster_21	0.8815
10509	Spectrogram 1	1	14447.000000	14447.500000	0	0	3	cluster_3	1.0000
10510	Spectrogram 1	1	14447.250000	14447.750000	0	0	noise	cluster_noise	0.0000
10511	Spectrogram 1	1	14447.500000	14448.250000	0	0	2	cluster_2	0.9231
10512	Spectrogram 1	1	14448.000000	14450.500000	0	0	21	cluster_21	0.8753
10513	Spectrogram 1	1	14453.000000	14453.500000	0	0	3	cluster_3	0.8425
10514	Spectrogram 1	1	14453.250000	14454.250000	0	0	2	cluster_2	0.9186
10515	Spectrogram 1	1	14454.000000	14454.500000	0	0	noise	cluster_noise	0.0000
10516	Spectrogram 1	1	14454.250000	14456.750000	0	0	21	cluster_21	0.8533
10517	Spectrogram 1	1	14456.500000	14457.250000	0	0	noise	cluster_noise	0.0000
10518	Spectrogram 1	1	14457.000000	14457.500000	0	0	21	cluster_21	0.7904
10519	Spectrogram 1	1	14457.250000	14458.250000	0	0	noise	cluster_noise	0.0000
10520	Spectrogram 1	1	14458.000000	14458.500000	0	0	21	cluster_21	0.8268
10521	Spectrogram 1	1	14458.250000	14458.750000	0	0	noise	cluster_noise	0.0000
10522	Spectrogram 1	1	14458.500000	14459.000000	0	0	21	cluster_21	0.7706
10523	Spectrogram 1	1	14458.750000	14459.250000	0	0	noise	cluster_noise	0.0000
10524	Spectrogram 1	1	14459.000000	14459.750000	0	0	21	cluster_21	0.7663
10525	Spectrogram 1	1	14459.500000	14460.750000	0	0	noise	cluster_noise	0.0000
10526	Spectrogram 1	1	14460.500000	14461.750000	0	0	21	cluster_21	0.8661
10527	Spectrogram 1	1	14461.500000	14463.750000	0	0	24	cluster_24	0.9573
10528	Spectrogram 1	1	14463.500000	14464.000000	0	0	noise	cluster_noise	0.0000
10529	Spectrogram 1	1	14463.750000	14465.000000	0	0	2	cluster_2	1.0000
10530	Spectrogram 1	1	14464.750000	14465.500000	0	0	noise	cluster_noise	0.0000
10531	Spectrogram 1	1	14465.250000	14466.500000	0	0	21	cluster_21	0.8168
10532	Spectrogram 1	1	14466.250000	14467.250000	0	0	noise	cluster_noise	0.0000
10533	Spectrogram 1	1	14467.000000	14467.750000	0	0	21	cluster_21	0.8458
10534	Spectrogram 1	1	14467.500000	14468.000000	0	0	24	cluster_24	0.9292
10535	Spectrogram 1	1	14467.750000	14468.250000	0	0	noise	cluster_noise	0.0000
10536	Spectrogram 1	1	14468.000000	14468.500000	0	0	21	cluster_21	0.8461
10537	Spectrogram 1	1	14468.250000	14469.500000	0	0	noise	cluster_noise	0.0000
10538	Spectrogram 1	1	14469.250000	14469.750000	0	0	21	cluster_21	0.7758
10539	Spectrogram 1	1	14469.500000	14470.250000	0	0	noise	cluster_noise	0.0000
10540	Spectrogram 1	1	14470.000000	14472.000000	0	0	24	cluster_24	0.9566
10541	Spectrogram 1	1	14471.750000	14472.750000	0	0	21	cluster_21	0.8858
10542	Spectrogram 1	1	14472.500000	14473.000000	0	0	noise	cluster_noise	0.0000
10543	Spectrogram 1	1	14472.750000	14474.250000	0	0	21	cluster_21	0.8324
10544	Spectrogram 1	1	14474.000000	14474.500000	0	0	noise	cluster_noise	0.0000
10545	Spectrogram 1	1	14474.250000	14475.000000	0	0	21	cluster_21	0.9391
10546	Spectrogram 1	1	14474.750000	14475.500000	0	0	3	cluster_3	0.8504
10547	Spectrogram 1	1	14475.250000	14476.250000	0	0	noise	cluster_noise	0.0000
10548	Spectrogram 1	1	14476.000000	14476.750000	0	0	21	cluster_21	0.8428
10549	Spectrogram 1	1	14476.500000	14477.500000	0	0	noise	cluster_noise	0.0000
10550	Spectrogram 1	1	14477.250000	14478.000000	0	0	21	cluster_21	0.7786
10551	Spectrogram 1	1	14477.750000	14479.000000	0	0	noise	cluster_noise	0.0000
10552	Spectrogram 1	1	14478.750000	14479.250000	0	0	21	cluster_21	0.9022
10553	Spectrogram 1	1	14479.000000	14479.500000	0	0	noise	cluster_noise	0.0000
10554	Spectrogram 1	1	14479.250000	14480.750000	0	0	21	cluster_21	0.8470
10555	Spectrogram 1	1	14480.500000	14481.250000	0	0	noise	cluster_noise	0.0000
10556	Spectrogram 1	1	14481.000000	14481.500000	0	0	21	cluster_21	0.8005
10557	Spectrogram 1	1	14482.000000	14483.250000	0	0	2	cluster_2	0.9131
10558	Spectrogram 1	1	14483.000000	14483.500000	0	0	21	cluster_21	0.8183
10559	Spectrogram 1	1	14484.000000	14485.500000	0	0	24	cluster_24	0.9819
10560	Spectrogram 1	1	14486.000000	14486.500000	0	0	21	cluster_21	0.8928
10561	Spectrogram 1	1	14486.250000	14486.750000	0	0	3	cluster_3	0.8606
10562	Spectrogram 1	1	14486.500000	14487.000000	0	0	0	cluster_0	1.0000
10563	Spectrogram 1	1	14486.750000	14488.250000	0	0	3	cluster_3	1.0000
10564	Spectrogram 1	1	14488.000000	14489.500000	0	0	21	cluster_21	0.8149
10565	Spectrogram 1	1	14489.250000	14491.000000	0	0	3	cluster_3	0.9650
10566	Spectrogram 1	1	14490.750000	14491.250000	0	0	0	cluster_0	1.0000
10567	Spectrogram 1	1	14491.000000	14491.500000	0	0	24	cluster_24	0.8720
10568	Spectrogram 1	1	14506.000000	14507.250000	0	0	21	cluster_21	0.8723
10569	Spectrogram 1	1	14507.000000	14522.250000	0	0	3	cluster_3	0.9994
10570	Spectrogram 1	1	14522.000000	14523.500000	0	0	24	cluster_24	0.9600
10571	Spectrogram 1	1	14527.000000	14527.750000	0	0	3	cluster_3	0.9621
10572	Spectrogram 1	1	14527.500000	14528.000000	0	0	noise	cluster_noise	0.0000
10573	Spectrogram 1	1	14527.750000	14528.250000	0	0	21	cluster_21	0.7158
10574	Spectrogram 1	1	14528.000000	14528.500000	0	0	noise	cluster_noise	0.0000
10575	Spectrogram 1	1	14535.000000	14536.000000	0	0	3	cluster_3	0.9537
10576	Spectrogram 1	1	14535.750000	14536.500000	0	0	21	cluster_21	0.7978
10577	Spectrogram 1	1	14539.000000	14539.750000	0	0	noise	cluster_noise	0.0000
10578	Spectrogram 1	1	14539.500000	14540.000000	0	0	21	cluster_21	0.9136
10579	Spectrogram 1	1	14539.750000	14540.250000	0	0	noise	cluster_noise	0.0000
10580	Spectrogram 1	1	14540.000000	14541.750000	0	0	2	cluster_2	0.9277
10581	Spectrogram 1	1	14541.500000	14542.000000	0	0	24	cluster_24	1.0000
10582	Spectrogram 1	1	14541.750000	14542.250000	0	0	noise	cluster_noise	0.0000
10583	Spectrogram 1	1	14542.000000	14590.750000	0	0	21	cluster_21	0.7561
10584	Spectrogram 1	1	14590.500000	14591.500000	0	0	24	cluster_24	0.9491
10585	Spectrogram 1	1	14596.000000	14596.750000	0	0	noise	cluster_noise	0.0000
10586	Spectrogram 1	1	14596.500000	14597.500000	0	0	21	cluster_21	0.9368
10587	Spectrogram 1	1	14597.250000	14598.000000	0	0	noise	cluster_noise	0.0000
10588	Spectrogram 1	1	14597.750000	14598.500000	0	0	21	cluster_21	0.8164
10589	Spectrogram 1	1	14607.000000	14607.750000	0	0	3	cluster_3	1.0000
10590	Spectrogram 1	1	14607.500000	14608.000000	0	0	21	cluster_21	1.0000
10591	Spectrogram 1	1	14607.750000	14609.250000	0	0	noise	cluster_noise	0.0000
10592	Spectrogram 1	1	14609.000000	14609.750000	0	0	24	cluster_24	0.9671
10593	Spectrogram 1	1	14609.500000	14611.000000	0	0	noise	cluster_noise	0.0000
10594	Spectrogram 1	1	14610.750000	14611.250000	0	0	3	cluster_3	1.0000
10595	Spectrogram 1	1	14611.000000	14611.500000	0	0	14	cluster_14	0.5324
10596	Spectrogram 1	1	14625.000000	14626.500000	0	0	5	cluster_5	1.0000
10597	Spectrogram 1	1	14626.250000	14629.250000	0	0	noise	cluster_noise	0.0000
10598	Spectrogram 1	1	14629.000000	14629.500000	0	0	5	cluster_5	1.0000
10599	Spectrogram 1	1	14641.000000	14642.750000	0	0	noise	cluster_noise	0.0000
10600	Spectrogram 1	1	14642.500000	14643.000000	0	0	21	cluster_21	0.7341
10601	Spectrogram 1	1	14642.750000	14643.500000	0	0	noise	cluster_noise	0.0000
10602	Spectrogram 1	1	14643.250000	14643.750000	0	0	9	cluster_9	0.7770
10603	Spectrogram 1	1	14643.500000	14645.500000	0	0	5	cluster_5	0.9988
10604	Spectrogram 1	1	14645.250000	14646.500000	0	0	noise	cluster_noise	0.0000
10605	Spectrogram 1	1	14646.250000	14647.000000	0	0	13	cluster_13	0.6346
10606	Spectrogram 1	1	14646.750000	14649.500000	0	0	noise	cluster_noise	0.0000
10607	Spectrogram 1	1	14649.250000	14649.750000	0	0	26	cluster_26	0.9577
10608	Spectrogram 1	1	14649.500000	14655.500000	0	0	noise	cluster_noise	0.0000
10609	Spectrogram 1	1	14655.250000	14657.250000	0	0	5	cluster_5	0.9224
10610	Spectrogram 1	1	14657.000000	14658.250000	0	0	noise	cluster_noise	0.0000
10611	Spectrogram 1	1	14658.000000	14658.500000	0	0	24	cluster_24	0.9280
10612	Spectrogram 1	1	14658.250000	14659.250000	0	0	noise	cluster_noise	0.0000
10613	Spectrogram 1	1	14659.000000	14660.750000	0	0	5	cluster_5	1.0000
10614	Spectrogram 1	1	14660.500000	14662.500000	0	0	noise	cluster_noise	0.0000
10615	Spectrogram 1	1	14667.000000	14667.500000	0	0	18	cluster_18	0.9762
10616	Spectrogram 1	1	14667.250000	14668.500000	0	0	noise	cluster_noise	0.0000
10617	Spectrogram 1	1	14668.250000	14669.000000	0	0	18	cluster_18	0.9422
10618	Spectrogram 1	1	14668.750000	14670.000000	0	0	noise	cluster_noise	0.0000
10619	Spectrogram 1	1	14669.750000	14670.500000	0	0	24	cluster_24	0.9627
10620	Spectrogram 1	1	14670.250000	14670.750000	0	0	noise	cluster_noise	0.0000
10621	Spectrogram 1	1	14670.500000	14671.000000	0	0	9	cluster_9	0.8021
10622	Spectrogram 1	1	14670.750000	14672.500000	0	0	5	cluster_5	1.0000
10623	Spectrogram 1	1	14672.250000	14672.750000	0	0	noise	cluster_noise	0.0000
10624	Spectrogram 1	1	14672.500000	14673.000000	0	0	5	cluster_5	1.0000
10625	Spectrogram 1	1	14672.750000	14684.500000	0	0	noise	cluster_noise	0.0000
10626	Spectrogram 1	1	14684.250000	14684.750000	0	0	18	cluster_18	0.7448
10627	Spectrogram 1	1	14684.500000	14686.000000	0	0	noise	cluster_noise	0.0000
10628	Spectrogram 1	1	14685.750000	14686.500000	0	0	21	cluster_21	0.7888
10629	Spectrogram 1	1	14686.250000	14686.750000	0	0	noise	cluster_noise	0.0000
10630	Spectrogram 1	1	14686.500000	14689.000000	0	0	5	cluster_5	0.9639
10631	Spectrogram 1	1	14688.750000	14689.250000	0	0	noise	cluster_noise	0.0000
10632	Spectrogram 1	1	14689.000000	14689.500000	0	0	21	cluster_21	0.8908
10633	Spectrogram 1	1	14689.250000	14689.750000	0	0	24	cluster_24	1.0000
10634	Spectrogram 1	1	14689.500000	14690.000000	0	0	noise	cluster_noise	0.0000
10635	Spectrogram 1	1	14689.750000	14690.500000	0	0	24	cluster_24	0.9647
10636	Spectrogram 1	1	14690.250000	14690.750000	0	0	noise	cluster_noise	0.0000
10637	Spectrogram 1	1	14690.500000	14692.500000	0	0	5	cluster_5	0.9911
10638	Spectrogram 1	1	14692.250000	14693.000000	0	0	21	cluster_21	0.7688
10639	Spectrogram 1	1	14692.750000	14693.500000	0	0	noise	cluster_noise	0.0000
10640	Spectrogram 1	1	14694.000000	14694.750000	0	0	9	cluster_9	0.9258
10641	Spectrogram 1	1	14694.500000	14695.000000	0	0	21	cluster_21	0.8339
10642	Spectrogram 1	1	14694.750000	14695.250000	0	0	noise	cluster_noise	0.0000
10643	Spectrogram 1	1	14695.000000	14695.500000	0	0	19	cluster_19	0.9408
10644	Spectrogram 1	1	14695.250000	14698.250000	0	0	noise	cluster_noise	0.0000
10645	Spectrogram 1	1	14698.000000	14698.500000	0	0	15	cluster_15	0.9342
10646	Spectrogram 1	1	14698.250000	14698.750000	0	0	noise	cluster_noise	0.0000
10647	Spectrogram 1	1	14698.500000	14699.000000	0	0	19	cluster_19	0.9693
10648	Spectrogram 1	1	14698.750000	14701.500000	0	0	noise	cluster_noise	0.0000
10649	Spectrogram 1	1	14702.000000	14702.500000	0	0	24	cluster_24	0.9639
10650	Spectrogram 1	1	14702.250000	14703.000000	0	0	noise	cluster_noise	0.0000
10651	Spectrogram 1	1	14702.750000	14705.250000	0	0	5	cluster_5	0.9742
10652	Spectrogram 1	1	14705.000000	14706.500000	0	0	noise	cluster_noise	0.0000
10653	Spectrogram 1	1	14706.250000	14706.750000	0	0	21	cluster_21	0.7680
10654	Spectrogram 1	1	14706.500000	14707.000000	0	0	9	cluster_9	0.9174
10655	Spectrogram 1	1	14706.750000	14708.750000	0	0	5	cluster_5	0.9891
10656	Spectrogram 1	1	14708.500000	14709.500000	0	0	24	cluster_24	0.9686
10657	Spectrogram 1	1	14709.250000	14709.750000	0	0	19	cluster_19	1.0000
10658	Spectrogram 1	1	14709.500000	14710.750000	0	0	noise	cluster_noise	0.0000
10659	Spectrogram 1	1	14710.500000	14711.000000	0	0	24	cluster_24	0.8383
10660	Spectrogram 1	1	14710.750000	14711.250000	0	0	21	cluster_21	0.7246
10661	Spectrogram 1	1	14711.000000	14711.500000	0	0	noise	cluster_noise	0.0000
10662	Spectrogram 1	1	14711.250000	14711.750000	0	0	18	cluster_18	0.9150
10663	Spectrogram 1	1	14711.500000	14714.750000	0	0	noise	cluster_noise	0.0000
10664	Spectrogram 1	1	14714.500000	14715.000000	0	0	19	cluster_19	0.9931
10665	Spectrogram 1	1	14714.750000	14715.250000	0	0	18	cluster_18	0.7771
10666	Spectrogram 1	1	14715.000000	14717.250000	0	0	noise	cluster_noise	0.0000
10667	Spectrogram 1	1	14717.000000	14717.500000	0	0	21	cluster_21	0.8093
10668	Spectrogram 1	1	14718.000000	14718.750000	0	0	5	cluster_5	0.8719
10669	Spectrogram 1	1	14718.500000	14719.000000	0	0	noise	cluster_noise	0.0000
10670	Spectrogram 1	1	14718.750000	14719.750000	0	0	5	cluster_5	1.0000
10671	Spectrogram 1	1	14719.500000	14721.500000	0	0	noise	cluster_noise	0.0000
10672	Spectrogram 1	1	14721.250000	14721.750000	0	0	21	cluster_21	0.7726
10673	Spectrogram 1	1	14721.500000	14722.250000	0	0	noise	cluster_noise	0.0000
10674	Spectrogram 1	1	14722.000000	14722.500000	0	0	21	cluster_21	0.7928
10675	Spectrogram 1	1	14722.250000	14723.000000	0	0	noise	cluster_noise	0.0000
10676	Spectrogram 1	1	14722.750000	14724.500000	0	0	8	cluster_8	0.6820
10677	Spectrogram 1	1	14724.250000	14724.750000	0	0	noise	cluster_noise	0.0000
10678	Spectrogram 1	1	14724.500000	14726.250000	0	0	3	cluster_3	1.0000
10679	Spectrogram 1	1	14726.000000	14727.000000	0	0	noise	cluster_noise	0.0000
10680	Spectrogram 1	1	14726.750000	14727.250000	0	0	3	cluster_3	0.8347
10681	Spectrogram 1	1	14727.000000	14728.250000	0	0	noise	cluster_noise	0.0000
10682	Spectrogram 1	1	14728.000000	14728.750000	0	0	21	cluster_21	0.8491
10683	Spectrogram 1	1	14728.500000	14729.500000	0	0	noise	cluster_noise	0.0000
10684	Spectrogram 1	1	14729.250000	14730.000000	0	0	5	cluster_5	1.0000
10685	Spectrogram 1	1	14729.750000	14730.250000	0	0	noise	cluster_noise	0.0000
10686	Spectrogram 1	1	14730.000000	14730.500000	0	0	5	cluster_5	0.8559
10687	Spectrogram 1	1	14732.000000	14732.500000	0	0	noise	cluster_noise	0.0000
10688	Spectrogram 1	1	14732.250000	14732.750000	0	0	24	cluster_24	0.9469
10689	Spectrogram 1	1	14732.500000	14733.000000	0	0	noise	cluster_noise	0.0000
10690	Spectrogram 1	1	14732.750000	14733.750000	0	0	24	cluster_24	0.9755
10691	Spectrogram 1	1	14733.500000	14737.250000	0	0	noise	cluster_noise	0.0000
10692	Spectrogram 1	1	14737.000000	14738.000000	0	0	3	cluster_3	1.0000
10693	Spectrogram 1	1	14737.750000	14738.250000	0	0	noise	cluster_noise	0.0000
10694	Spectrogram 1	1	14738.000000	14738.750000	0	0	21	cluster_21	0.9203
10695	Spectrogram 1	1	14738.500000	14739.250000	0	0	noise	cluster_noise	0.0000
10696	Spectrogram 1	1	14739.000000	14740.000000	0	0	21	cluster_21	0.8818
10697	Spectrogram 1	1	14739.750000	14740.250000	0	0	noise	cluster_noise	0.0000
10698	Spectrogram 1	1	14740.000000	14740.500000	0	0	21	cluster_21	0.8116
10699	Spectrogram 1	1	14740.250000	14741.000000	0	0	noise	cluster_noise	0.0000
10700	Spectrogram 1	1	14740.750000	14741.500000	0	0	0	cluster_0	1.0000
10701	Spectrogram 1	1	14746.000000	14747.500000	0	0	8	cluster_8	0.9100
10702	Spectrogram 1	1	14747.250000	14748.500000	0	0	noise	cluster_noise	0.0000
10703	Spectrogram 1	1	14748.250000	14749.250000	0	0	2	cluster_2	0.9872
10704	Spectrogram 1	1	14749.000000	14750.000000	0	0	noise	cluster_noise	0.0000
10705	Spectrogram 1	1	14749.750000	14751.500000	0	0	24	cluster_24	0.9888
10706	Spectrogram 1	1	14751.250000	14752.000000	0	0	noise	cluster_noise	0.0000
10707	Spectrogram 1	1	14751.750000	14752.250000	0	0	0	cluster_0	1.0000
10708	Spectrogram 1	1	14752.000000	14753.000000	0	0	noise	cluster_noise	0.0000
10709	Spectrogram 1	1	14752.750000	14753.500000	0	0	5	cluster_5	1.0000
10710	Spectrogram 1	1	14757.000000	14758.000000	0	0	noise	cluster_noise	0.0000
10711	Spectrogram 1	1	14757.750000	14758.500000	0	0	4	cluster_4	1.0000
10712	Spectrogram 1	1	14758.250000	14760.000000	0	0	noise	cluster_noise	0.0000
10713	Spectrogram 1	1	14759.750000	14760.250000	0	0	21	cluster_21	0.8062
10714	Spectrogram 1	1	14760.000000	14760.500000	0	0	6	cluster_6	0.3986
10715	Spectrogram 1	1	14760.250000	14761.250000	0	0	noise	cluster_noise	0.0000
10716	Spectrogram 1	1	14761.000000	14763.500000	0	0	4	cluster_4	0.9492
10717	Spectrogram 1	1	14763.250000	14764.000000	0	0	noise	cluster_noise	0.0000
10718	Spectrogram 1	1	14763.750000	14764.750000	0	0	21	cluster_21	0.9029
10719	Spectrogram 1	1	14764.500000	14765.250000	0	0	noise	cluster_noise	0.0000
10720	Spectrogram 1	1	14765.000000	14765.750000	0	0	13	cluster_13	0.6947
10721	Spectrogram 1	1	14765.500000	14766.500000	0	0	noise	cluster_noise	0.0000
10722	Spectrogram 1	1	14766.250000	14767.000000	0	0	21	cluster_21	0.7872
10723	Spectrogram 1	1	14766.750000	14767.500000	0	0	noise	cluster_noise	0.0000
10724	Spectrogram 1	1	14767.250000	14768.000000	0	0	13	cluster_13	0.6006
10725	Spectrogram 1	1	14767.750000	14768.500000	0	0	9	cluster_9	1.0000
10726	Spectrogram 1	1	14768.250000	14769.250000	0	0	21	cluster_21	0.7894
10727	Spectrogram 1	1	14769.000000	14770.250000	0	0	noise	cluster_noise	0.0000
10728	Spectrogram 1	1	14770.000000	14772.000000	0	0	4	cluster_4	0.9528
10729	Spectrogram 1	1	14771.750000	14773.000000	0	0	noise	cluster_noise	0.0000
10730	Spectrogram 1	1	14772.750000	14773.250000	0	0	24	cluster_24	0.8742
10731	Spectrogram 1	1	14773.000000	14773.500000	0	0	9	cluster_9	0.9983
10732	Spectrogram 1	1	14773.250000	14775.750000	0	0	4	cluster_4	0.9881
10733	Spectrogram 1	1	14775.500000	14776.500000	0	0	noise	cluster_noise	0.0000
10734	Spectrogram 1	1	14776.250000	14776.750000	0	0	21	cluster_21	0.8494
10735	Spectrogram 1	1	14776.500000	14777.750000	0	0	noise	cluster_noise	0.0000
10736	Spectrogram 1	1	14777.500000	14778.250000	0	0	13	cluster_13	0.5847
10737	Spectrogram 1	1	14778.000000	14778.750000	0	0	9	cluster_9	0.8954
10738	Spectrogram 1	1	14778.500000	14779.000000	0	0	21	cluster_21	0.8484
10739	Spectrogram 1	1	14778.750000	14779.250000	0	0	noise	cluster_noise	0.0000
10740	Spectrogram 1	1	14779.000000	14779.750000	0	0	21	cluster_21	0.7779
10741	Spectrogram 1	1	14779.500000	14780.000000	0	0	noise	cluster_noise	0.0000
10742	Spectrogram 1	1	14779.750000	14780.500000	0	0	13	cluster_13	0.5760
10743	Spectrogram 1	1	14780.250000	14781.000000	0	0	9	cluster_9	0.8757
10744	Spectrogram 1	1	14780.750000	14781.250000	0	0	noise	cluster_noise	0.0000
10745	Spectrogram 1	1	14781.000000	14781.500000	0	0	21	cluster_21	0.8684
10746	Spectrogram 1	1	14781.250000	14782.000000	0	0	noise	cluster_noise	0.0000
10747	Spectrogram 1	1	14781.750000	14782.500000	0	0	13	cluster_13	0.6974
10748	Spectrogram 1	1	14782.250000	14783.000000	0	0	9	cluster_9	0.8827
10749	Spectrogram 1	1	14782.750000	14783.250000	0	0	noise	cluster_noise	0.0000
10750	Spectrogram 1	1	14783.000000	14783.500000	0	0	21	cluster_21	0.9097
10751	Spectrogram 1	1	14783.250000	14783.750000	0	0	noise	cluster_noise	0.0000
10752	Spectrogram 1	1	14783.500000	14784.000000	0	0	5	cluster_5	1.0000
10753	Spectrogram 1	1	14783.750000	14784.500000	0	0	13	cluster_13	0.6139
10754	Spectrogram 1	1	14784.250000	14785.000000	0	0	9	cluster_9	1.0000
10755	Spectrogram 1	1	14784.750000	14786.000000	0	0	21	cluster_21	0.8555
10756	Spectrogram 1	1	14785.750000	14786.250000	0	0	noise	cluster_noise	0.0000
10757	Spectrogram 1	1	14786.000000	14787.500000	0	0	4	cluster_4	0.9401
10758	Spectrogram 1	1	14787.250000	14788.250000	0	0	noise	cluster_noise	0.0000
10759	Spectrogram 1	1	14788.000000	14788.500000	0	0	24	cluster_24	1.0000
10760	Spectrogram 1	1	14788.250000	14789.500000	0	0	noise	cluster_noise	0.0000
10761	Spectrogram 1	1	14789.250000	14789.750000	0	0	21	cluster_21	0.7410
10762	Spectrogram 1	1	14789.500000	14790.000000	0	0	0	cluster_0	1.0000
10763	Spectrogram 1	1	14789.750000	14791.250000	0	0	4	cluster_4	1.0000
10764	Spectrogram 1	1	14791.000000	14792.750000	0	0	noise	cluster_noise	0.0000
10765	Spectrogram 1	1	14792.500000	14793.000000	0	0	21	cluster_21	0.7645
10766	Spectrogram 1	1	14792.750000	14793.250000	0	0	noise	cluster_noise	0.0000
10767	Spectrogram 1	1	14793.000000	14793.750000	0	0	13	cluster_13	0.6003
10768	Spectrogram 1	1	14793.500000	14794.000000	0	0	9	cluster_9	0.7491
10769	Spectrogram 1	1	14793.750000	14794.250000	0	0	noise	cluster_noise	0.0000
10770	Spectrogram 1	1	14794.000000	14794.750000	0	0	21	cluster_21	0.7756
10771	Spectrogram 1	1	14794.500000	14795.000000	0	0	noise	cluster_noise	0.0000
10772	Spectrogram 1	1	14794.750000	14795.250000	0	0	21	cluster_21	0.8469
10773	Spectrogram 1	1	14795.000000	14795.500000	0	0	noise	cluster_noise	0.0000
10774	Spectrogram 1	1	14795.250000	14796.000000	0	0	13	cluster_13	0.4929
10775	Spectrogram 1	1	14795.750000	14796.500000	0	0	9	cluster_9	0.9443
10776	Spectrogram 1	1	14796.250000	14797.000000	0	0	21	cluster_21	0.7996
10777	Spectrogram 1	1	14796.750000	14797.250000	0	0	noise	cluster_noise	0.0000
10778	Spectrogram 1	1	14797.000000	14797.750000	0	0	13	cluster_13	0.7051
10779	Spectrogram 1	1	14797.500000	14798.500000	0	0	noise	cluster_noise	0.0000
10780	Spectrogram 1	1	14798.250000	14798.750000	0	0	21	cluster_21	0.8215
10781	Spectrogram 1	1	14798.500000	14800.000000	0	0	noise	cluster_noise	0.0000
10782	Spectrogram 1	1	14799.750000	14800.250000	0	0	3	cluster_3	1.0000
10783	Spectrogram 1	1	14800.000000	14800.750000	0	0	21	cluster_21	0.8682
10784	Spectrogram 1	1	14800.500000	14802.250000	0	0	noise	cluster_noise	0.0000
10785	Spectrogram 1	1	14802.000000	14802.500000	0	0	3	cluster_3	0.8878
10786	Spectrogram 1	1	14802.250000	14804.250000	0	0	noise	cluster_noise	0.0000
10787	Spectrogram 1	1	14804.000000	14805.000000	0	0	21	cluster_21	0.7905
10788	Spectrogram 1	1	14804.750000	14805.500000	0	0	noise	cluster_noise	0.0000
10789	Spectrogram 1	1	14805.250000	14806.000000	0	0	21	cluster_21	0.7791
10790	Spectrogram 1	1	14805.750000	14806.250000	0	0	noise	cluster_noise	0.0000
10791	Spectrogram 1	1	14806.000000	14807.250000	0	0	4	cluster_4	1.0000
10792	Spectrogram 1	1	14807.000000	14808.500000	0	0	noise	cluster_noise	0.0000
10793	Spectrogram 1	1	14808.250000	14809.000000	0	0	24	cluster_24	0.9483
10794	Spectrogram 1	1	14808.750000	14810.000000	0	0	noise	cluster_noise	0.0000
10795	Spectrogram 1	1	14809.750000	14811.250000	0	0	4	cluster_4	0.9828
10796	Spectrogram 1	1	14811.000000	14811.500000	0	0	noise	cluster_noise	0.0000
10797	Spectrogram 1	1	14811.250000	14812.000000	0	0	21	cluster_21	0.7725
10798	Spectrogram 1	1	14811.750000	14812.250000	0	0	noise	cluster_noise	0.0000
10799	Spectrogram 1	1	14812.000000	14812.750000	0	0	21	cluster_21	0.9478
10800	Spectrogram 1	1	14812.500000	14813.250000	0	0	noise	cluster_noise	0.0000
10801	Spectrogram 1	1	14813.000000	14813.500000	0	0	3	cluster_3	0.9271
10802	Spectrogram 1	1	14813.250000	14814.750000	0	0	21	cluster_21	0.8889
10803	Spectrogram 1	1	14814.500000	14815.250000	0	0	noise	cluster_noise	0.0000
10804	Spectrogram 1	1	14815.000000	14815.500000	0	0	21	cluster_21	0.8513
10805	Spectrogram 1	1	14815.250000	14816.500000	0	0	noise	cluster_noise	0.0000
10806	Spectrogram 1	1	14816.250000	14817.000000	0	0	21	cluster_21	0.8980
10807	Spectrogram 1	1	14816.750000	14818.250000	0	0	noise	cluster_noise	0.0000
10808	Spectrogram 1	1	14818.000000	14818.500000	0	0	3	cluster_3	0.8899
10809	Spectrogram 1	1	14818.250000	14819.000000	0	0	noise	cluster_noise	0.0000
10810	Spectrogram 1	1	14818.750000	14819.250000	0	0	21	cluster_21	0.7381
10811	Spectrogram 1	1	14819.000000	14821.000000	0	0	noise	cluster_noise	0.0000
10812	Spectrogram 1	1	14820.750000	14821.250000	0	0	3	cluster_3	1.0000
10813	Spectrogram 1	1	14821.000000	14823.000000	0	0	noise	cluster_noise	0.0000
10814	Spectrogram 1	1	14822.750000	14823.500000	0	0	21	cluster_21	0.8538
10815	Spectrogram 1	1	14823.250000	14824.250000	0	0	noise	cluster_noise	0.0000
10816	Spectrogram 1	1	14824.000000	14824.500000	0	0	3	cluster_3	0.9176
10817	Spectrogram 1	1	14824.250000	14825.000000	0	0	noise	cluster_noise	0.0000
10818	Spectrogram 1	1	14824.750000	14826.250000	0	0	21	cluster_21	0.8956
10819	Spectrogram 1	1	14826.000000	14826.500000	0	0	13	cluster_13	0.5784
10820	Spectrogram 1	1	14826.250000	14826.750000	0	0	noise	cluster_noise	0.0000
10821	Spectrogram 1	1	14826.500000	14827.000000	0	0	3	cluster_3	0.9425
10822	Spectrogram 1	1	14826.750000	14827.750000	0	0	noise	cluster_noise	0.0000
10823	Spectrogram 1	1	14827.500000	14828.000000	0	0	21	cluster_21	0.7262
10824	Spectrogram 1	1	14827.750000	14828.250000	0	0	noise	cluster_noise	0.0000
10825	Spectrogram 1	1	14828.000000	14828.500000	0	0	21	cluster_21	0.8140
10826	Spectrogram 1	1	14828.250000	14829.250000	0	0	noise	cluster_noise	0.0000
10827	Spectrogram 1	1	14829.000000	14829.500000	0	0	3	cluster_3	1.0000
10828	Spectrogram 1	1	14829.250000	14830.000000	0	0	21	cluster_21	0.8615
10829	Spectrogram 1	1	14829.750000	14831.000000	0	0	noise	cluster_noise	0.0000
10830	Spectrogram 1	1	14830.750000	14831.500000	0	0	6	cluster_6	0.5349
10831	Spectrogram 1	1	14831.250000	14831.750000	0	0	0	cluster_0	0.9500
10832	Spectrogram 1	1	14831.500000	14832.500000	0	0	noise	cluster_noise	0.0000
10833	Spectrogram 1	1	14832.250000	14832.750000	0	0	21	cluster_21	0.7689
10834	Spectrogram 1	1	14832.500000	14833.000000	0	0	noise	cluster_noise	0.0000
10835	Spectrogram 1	1	14832.750000	14833.250000	0	0	6	cluster_6	0.4632
10836	Spectrogram 1	1	14833.000000	14833.750000	0	0	noise	cluster_noise	0.0000
10837	Spectrogram 1	1	14833.500000	14834.500000	0	0	6	cluster_6	0.5291
10838	Spectrogram 1	1	14834.250000	14835.000000	0	0	noise	cluster_noise	0.0000
10839	Spectrogram 1	1	14834.750000	14835.250000	0	0	21	cluster_21	0.7221
10840	Spectrogram 1	1	14835.000000	14837.000000	0	0	noise	cluster_noise	0.0000
10841	Spectrogram 1	1	14836.750000	14837.500000	0	0	6	cluster_6	0.4433
10842	Spectrogram 1	1	14837.250000	14839.250000	0	0	noise	cluster_noise	0.0000
10843	Spectrogram 1	1	14839.000000	14839.500000	0	0	8	cluster_8	0.5461
10844	Spectrogram 1	1	14839.250000	14842.000000	0	0	noise	cluster_noise	0.0000
10845	Spectrogram 1	1	14841.750000	14842.250000	0	0	21	cluster_21	0.7533
10846	Spectrogram 1	1	14842.000000	14842.750000	0	0	noise	cluster_noise	0.0000
10847	Spectrogram 1	1	14842.500000	14843.750000	0	0	3	cluster_3	0.9581
10848	Spectrogram 1	1	14843.500000	14844.750000	0	0	21	cluster_21	0.8722
10849	Spectrogram 1	1	14844.500000	14845.000000	0	0	noise	cluster_noise	0.0000
10850	Spectrogram 1	1	14844.750000	14845.250000	0	0	21	cluster_21	0.7406
10851	Spectrogram 1	1	14845.000000	14845.500000	0	0	noise	cluster_noise	0.0000
10852	Spectrogram 1	1	14845.250000	14846.500000	0	0	3	cluster_3	1.0000
10853	Spectrogram 1	1	14846.250000	14847.750000	0	0	21	cluster_21	0.8878
10854	Spectrogram 1	1	14847.500000	14848.250000	0	0	noise	cluster_noise	0.0000
10855	Spectrogram 1	1	14848.000000	14849.000000	0	0	3	cluster_3	0.9636
10856	Spectrogram 1	1	14848.750000	14849.750000	0	0	noise	cluster_noise	0.0000
10857	Spectrogram 1	1	14849.500000	14850.000000	0	0	21	cluster_21	0.8514
10858	Spectrogram 1	1	14849.750000	14850.500000	0	0	noise	cluster_noise	0.0000
10859	Spectrogram 1	1	14850.250000	14851.250000	0	0	3	cluster_3	0.9735
10860	Spectrogram 1	1	14851.000000	14851.750000	0	0	noise	cluster_noise	0.0000
10861	Spectrogram 1	1	14851.500000	14852.000000	0	0	21	cluster_21	0.7900
10862	Spectrogram 1	1	14851.750000	14852.250000	0	0	noise	cluster_noise	0.0000
10863	Spectrogram 1	1	14852.000000	14853.000000	0	0	6	cluster_6	0.4876
10864	Spectrogram 1	1	14852.750000	14854.250000	0	0	noise	cluster_noise	0.0000
10865	Spectrogram 1	1	14854.000000	14855.750000	0	0	6	cluster_6	0.5205
10866	Spectrogram 1	1	14855.500000	14856.250000	0	0	noise	cluster_noise	0.0000
10867	Spectrogram 1	1	14856.000000	14856.500000	0	0	21	cluster_21	0.9840
10868	Spectrogram 1	1	14856.250000	14856.750000	0	0	noise	cluster_noise	0.0000
10869	Spectrogram 1	1	14856.500000	14858.000000	0	0	6	cluster_6	0.5293
10870	Spectrogram 1	1	14857.750000	14858.500000	0	0	noise	cluster_noise	0.0000
10871	Spectrogram 1	1	14858.250000	14858.750000	0	0	24	cluster_24	1.0000
10872	Spectrogram 1	1	14858.500000	14861.500000	0	0	noise	cluster_noise	0.0000
10873	Spectrogram 1	1	14861.250000	14861.750000	0	0	21	cluster_21	0.8298
10874	Spectrogram 1	1	14861.500000	14862.000000	0	0	noise	cluster_noise	0.0000
10875	Spectrogram 1	1	14861.750000	14863.000000	0	0	3	cluster_3	1.0000
10876	Spectrogram 1	1	14862.750000	14863.750000	0	0	noise	cluster_noise	0.0000
10877	Spectrogram 1	1	14863.500000	14864.500000	0	0	21	cluster_21	0.9066
10878	Spectrogram 1	1	14864.250000	14864.750000	0	0	noise	cluster_noise	0.0000
10879	Spectrogram 1	1	14864.500000	14865.750000	0	0	3	cluster_3	0.9870
10880	Spectrogram 1	1	14865.500000	14866.250000	0	0	noise	cluster_noise	0.0000
10881	Spectrogram 1	1	14866.000000	14867.000000	0	0	21	cluster_21	0.8410
10882	Spectrogram 1	1	14866.750000	14867.250000	0	0	noise	cluster_noise	0.0000
10883	Spectrogram 1	1	14867.000000	14868.250000	0	0	3	cluster_3	1.0000
10884	Spectrogram 1	1	14868.000000	14868.500000	0	0	noise	cluster_noise	0.0000
10885	Spectrogram 1	1	14868.250000	14868.750000	0	0	21	cluster_21	0.7848
10886	Spectrogram 1	1	14868.500000	14869.250000	0	0	noise	cluster_noise	0.0000
10887	Spectrogram 1	1	14869.000000	14869.500000	0	0	24	cluster_24	0.8911
10888	Spectrogram 1	1	14875.000000	14876.500000	0	0	3	cluster_3	0.9951
10889	Spectrogram 1	1	14876.250000	14877.500000	0	0	24	cluster_24	0.9680
10890	Spectrogram 1	1	14877.250000	14877.750000	0	0	noise	cluster_noise	0.0000
10891	Spectrogram 1	1	14877.500000	14878.250000	0	0	3	cluster_3	0.9137
10892	Spectrogram 1	1	14878.000000	14878.500000	0	0	noise	cluster_noise	0.0000
10893	Spectrogram 1	1	14878.250000	14879.000000	0	0	2	cluster_2	0.7976
10894	Spectrogram 1	1	14878.750000	14879.500000	0	0	noise	cluster_noise	0.0000
10895	Spectrogram 1	1	14879.250000	14879.750000	0	0	2	cluster_2	1.0000
10896	Spectrogram 1	1	14879.500000	14880.250000	0	0	noise	cluster_noise	0.0000
10897	Spectrogram 1	1	14880.000000	14880.500000	0	0	3	cluster_3	0.8408
10898	Spectrogram 1	1	14888.000000	14888.500000	0	0	24	cluster_24	0.8464
10899	Spectrogram 1	1	14888.250000	14889.000000	0	0	3	cluster_3	0.9935
10900	Spectrogram 1	1	14888.750000	14889.500000	0	0	2	cluster_2	0.8204
10901	Spectrogram 1	1	14889.250000	14890.250000	0	0	noise	cluster_noise	0.0000
10902	Spectrogram 1	1	14890.000000	14890.750000	0	0	21	cluster_21	0.8325
10903	Spectrogram 1	1	14890.500000	14891.000000	0	0	noise	cluster_noise	0.0000
10904	Spectrogram 1	1	14890.750000	14891.250000	0	0	3	cluster_3	1.0000
10905	Spectrogram 1	1	14891.000000	14892.250000	0	0	noise	cluster_noise	0.0000
10906	Spectrogram 1	1	14892.000000	14892.500000	0	0	21	cluster_21	0.7389
10907	Spectrogram 1	1	14895.000000	14895.500000	0	0	noise	cluster_noise	0.0000
10908	Spectrogram 1	1	14895.250000	14896.500000	0	0	3	cluster_3	1.0000
10909	Spectrogram 1	1	14896.250000	14896.750000	0	0	2	cluster_2	1.0000
10910	Spectrogram 1	1	14896.500000	14897.000000	0	0	0	cluster_0	0.8974
10911	Spectrogram 1	1	14896.750000	14898.250000	0	0	3	cluster_3	1.0000
10912	Spectrogram 1	1	14898.000000	14898.500000	0	0	noise	cluster_noise	0.0000
10913	Spectrogram 1	1	14899.000000	14899.500000	0	0	24	cluster_24	0.8514
10914	Spectrogram 1	1	14899.250000	14900.000000	0	0	noise	cluster_noise	0.0000
10915	Spectrogram 1	1	14899.750000	14901.000000	0	0	2	cluster_2	1.0000
10916	Spectrogram 1	1	14900.750000	14901.750000	0	0	noise	cluster_noise	0.0000
10917	Spectrogram 1	1	14901.500000	14902.000000	0	0	21	cluster_21	0.7501
10918	Spectrogram 1	1	14901.750000	14902.250000	0	0	noise	cluster_noise	0.0000
10919	Spectrogram 1	1	14902.000000	14902.500000	0	0	21	cluster_21	0.7715
10920	Spectrogram 1	1	14902.250000	14903.000000	0	0	noise	cluster_noise	0.0000
10921	Spectrogram 1	1	14902.750000	14903.500000	0	0	21	cluster_21	0.7921
10922	Spectrogram 1	1	14904.000000	14905.000000	0	0	3	cluster_3	1.0000
10923	Spectrogram 1	1	14904.750000	14905.500000	0	0	noise	cluster_noise	0.0000
10924	Spectrogram 1	1	14905.250000	14905.750000	0	0	21	cluster_21	0.7439
10925	Spectrogram 1	1	14905.500000	14906.750000	0	0	noise	cluster_noise	0.0000
10926	Spectrogram 1	1	14906.500000	14907.000000	0	0	21	cluster_21	0.8068
10927	Spectrogram 1	1	14906.750000	14907.250000	0	0	noise	cluster_noise	0.0000
10928	Spectrogram 1	1	14907.000000	14908.500000	0	0	3	cluster_3	1.0000
10929	Spectrogram 1	1	14908.250000	14909.000000	0	0	24	cluster_24	0.9437
10930	Spectrogram 1	1	14908.750000	14909.750000	0	0	noise	cluster_noise	0.0000
10931	Spectrogram 1	1	14909.500000	14910.000000	0	0	21	cluster_21	0.7446
10932	Spectrogram 1	1	14909.750000	14910.250000	0	0	noise	cluster_noise	0.0000
10933	Spectrogram 1	1	14910.000000	14911.500000	0	0	3	cluster_3	1.0000
10934	Spectrogram 1	1	14911.250000	14912.000000	0	0	21	cluster_21	0.8579
10935	Spectrogram 1	1	14911.750000	14912.500000	0	0	noise	cluster_noise	0.0000
10936	Spectrogram 1	1	14912.250000	14913.000000	0	0	24	cluster_24	0.8819
10937	Spectrogram 1	1	14912.750000	14913.250000	0	0	noise	cluster_noise	0.0000
10938	Spectrogram 1	1	14913.000000	14914.500000	0	0	3	cluster_3	1.0000
10939	Spectrogram 1	1	14914.250000	14915.000000	0	0	21	cluster_21	0.8303
10940	Spectrogram 1	1	14914.750000	14916.250000	0	0	noise	cluster_noise	0.0000
10941	Spectrogram 1	1	14916.000000	14916.500000	0	0	3	cluster_3	1.0000
10942	Spectrogram 1	1	14916.250000	14917.750000	0	0	2	cluster_2	0.9455
10943	Spectrogram 1	1	14917.500000	14918.250000	0	0	24	cluster_24	1.0000
10944	Spectrogram 1	1	14918.000000	14918.750000	0	0	noise	cluster_noise	0.0000
10945	Spectrogram 1	1	14918.500000	14919.250000	0	0	24	cluster_24	0.9343
10946	Spectrogram 1	1	14919.000000	14919.500000	0	0	noise	cluster_noise	0.0000
10947	Spectrogram 1	1	14919.250000	14919.750000	0	0	24	cluster_24	0.9533
10948	Spectrogram 1	1	14919.500000	14920.250000	0	0	noise	cluster_noise	0.0000
10949	Spectrogram 1	1	14920.000000	14920.500000	0	0	24	cluster_24	0.9611
10950	Spectrogram 1	1	14920.250000	14920.750000	0	0	noise	cluster_noise	0.0000
10951	Spectrogram 1	1	14920.500000	14921.000000	0	0	21	cluster_21	0.8851
10952	Spectrogram 1	1	14920.750000	14921.500000	0	0	3	cluster_3	0.9582
10953	Spectrogram 1	1	14921.250000	14922.000000	0	0	noise	cluster_noise	0.0000
10954	Spectrogram 1	1	14921.750000	14922.500000	0	0	21	cluster_21	0.7784
10955	Spectrogram 1	1	14922.250000	14923.000000	0	0	noise	cluster_noise	0.0000
10956	Spectrogram 1	1	14922.750000	14924.250000	0	0	21	cluster_21	0.7764
10957	Spectrogram 1	1	14924.000000	14924.500000	0	0	noise	cluster_noise	0.0000
10958	Spectrogram 1	1	14924.250000	14925.750000	0	0	3	cluster_3	0.9468
10959	Spectrogram 1	1	14925.500000	14926.250000	0	0	24	cluster_24	0.9831
10960	Spectrogram 1	1	14926.000000	14927.250000	0	0	21	cluster_21	0.8361
10961	Spectrogram 1	1	14927.000000	14927.750000	0	0	noise	cluster_noise	0.0000
10962	Spectrogram 1	1	14927.500000	14929.000000	0	0	2	cluster_2	0.9421
10963	Spectrogram 1	1	14928.750000	14930.500000	0	0	noise	cluster_noise	0.0000
10964	Spectrogram 1	1	14930.250000	14931.500000	0	0	2	cluster_2	0.9953
10965	Spectrogram 1	1	14931.250000	14932.250000	0	0	noise	cluster_noise	0.0000
10966	Spectrogram 1	1	14932.000000	14932.750000	0	0	21	cluster_21	0.8061
10967	Spectrogram 1	1	14932.500000	14933.750000	0	0	noise	cluster_noise	0.0000
10968	Spectrogram 1	1	14933.500000	14934.750000	0	0	5	cluster_5	1.0000
10969	Spectrogram 1	1	14934.500000	14936.000000	0	0	noise	cluster_noise	0.0000
10970	Spectrogram 1	1	14935.750000	14936.250000	0	0	21	cluster_21	0.7443
10971	Spectrogram 1	1	14936.000000	14937.500000	0	0	noise	cluster_noise	0.0000
10972	Spectrogram 1	1	14937.250000	14937.750000	0	0	21	cluster_21	0.8346
10973	Spectrogram 1	1	14937.500000	14938.000000	0	0	noise	cluster_noise	0.0000
10974	Spectrogram 1	1	14937.750000	14938.500000	0	0	21	cluster_21	0.7920
10975	Spectrogram 1	1	14938.250000	14939.000000	0	0	noise	cluster_noise	0.0000
10976	Spectrogram 1	1	14938.750000	14939.250000	0	0	21	cluster_21	0.7164
10977	Spectrogram 1	1	14939.000000	14939.750000	0	0	noise	cluster_noise	0.0000
10978	Spectrogram 1	1	14939.500000	14941.000000	0	0	24	cluster_24	1.0000
10979	Spectrogram 1	1	14940.750000	14942.500000	0	0	2	cluster_2	0.9552
10980	Spectrogram 1	1	14942.250000	14943.000000	0	0	noise	cluster_noise	0.0000
10981	Spectrogram 1	1	14942.750000	14943.250000	0	0	21	cluster_21	0.7830
10982	Spectrogram 1	1	14943.000000	14943.500000	0	0	noise	cluster_noise	0.0000
10983	Spectrogram 1	1	14943.250000	14944.500000	0	0	2	cluster_2	0.9443
10984	Spectrogram 1	1	14944.250000	14944.750000	0	0	noise	cluster_noise	0.0000
10985	Spectrogram 1	1	14944.500000	14945.000000	0	0	21	cluster_21	0.7769
10986	Spectrogram 1	1	14944.750000	14945.750000	0	0	noise	cluster_noise	0.0000
10987	Spectrogram 1	1	14945.500000	14946.750000	0	0	21	cluster_21	0.8076
10988	Spectrogram 1	1	14946.500000	14947.500000	0	0	noise	cluster_noise	0.0000
10989	Spectrogram 1	1	14947.250000	14947.750000	0	0	21	cluster_21	0.7556
10990	Spectrogram 1	1	14947.500000	14949.000000	0	0	noise	cluster_noise	0.0000
10991	Spectrogram 1	1	14948.750000	14949.250000	0	0	21	cluster_21	0.7611
10992	Spectrogram 1	1	14949.000000	14950.000000	0	0	noise	cluster_noise	0.0000
10993	Spectrogram 1	1	14949.750000	14950.250000	0	0	21	cluster_21	0.8391
10994	Spectrogram 1	1	14950.000000	14953.500000	0	0	noise	cluster_noise	0.0000
10995	Spectrogram 1	1	14954.000000	14954.750000	0	0	2	cluster_2	0.9421
10996	Spectrogram 1	1	14954.500000	14955.250000	0	0	3	cluster_3	0.9909
10997	Spectrogram 1	1	14955.000000	14956.750000	0	0	noise	cluster_noise	0.0000
10998	Spectrogram 1	1	14956.500000	14957.750000	0	0	2	cluster_2	0.8157
10999	Spectrogram 1	1	14957.500000	14958.000000	0	0	0	cluster_0	1.0000
11000	Spectrogram 1	1	14957.750000	14958.250000	0	0	noise	cluster_noise	0.0000
11001	Spectrogram 1	1	14958.000000	14959.750000	0	0	24	cluster_24	0.9847
11002	Spectrogram 1	1	14959.500000	14960.250000	0	0	noise	cluster_noise	0.0000
11003	Spectrogram 1	1	14960.000000	14961.750000	0	0	5	cluster_5	1.0000
11004	Spectrogram 1	1	14961.500000	14962.000000	0	0	noise	cluster_noise	0.0000
11005	Spectrogram 1	1	14961.750000	14962.750000	0	0	24	cluster_24	1.0000
11006	Spectrogram 1	1	14962.500000	14963.250000	0	0	21	cluster_21	0.8414
11007	Spectrogram 1	1	14963.000000	14964.000000	0	0	noise	cluster_noise	0.0000
11008	Spectrogram 1	1	14963.750000	14964.250000	0	0	21	cluster_21	0.8989
11009	Spectrogram 1	1	14964.000000	14964.500000	0	0	noise	cluster_noise	0.0000
11010	Spectrogram 1	1	14964.250000	14965.000000	0	0	21	cluster_21	0.8797
11011	Spectrogram 1	1	14964.750000	14965.500000	0	0	noise	cluster_noise	0.0000
11012	Spectrogram 1	1	14971.000000	14971.750000	0	0	21	cluster_21	0.7770
11013	Spectrogram 1	1	14971.500000	14972.500000	0	0	noise	cluster_noise	0.0000
11014	Spectrogram 1	1	14973.000000	14974.250000	0	0	5	cluster_5	0.9184
11015	Spectrogram 1	1	14974.000000	14974.500000	0	0	noise	cluster_noise	0.0000
11016	Spectrogram 1	1	14974.250000	14975.000000	0	0	21	cluster_21	0.8827
11017	Spectrogram 1	1	14974.750000	14975.500000	0	0	noise	cluster_noise	0.0000
11018	Spectrogram 1	1	14975.250000	14976.250000	0	0	21	cluster_21	0.7793
11019	Spectrogram 1	1	14976.000000	14976.500000	0	0	noise	cluster_noise	0.0000
11020	Spectrogram 1	1	14976.250000	14977.000000	0	0	21	cluster_21	0.7886
11021	Spectrogram 1	1	14976.750000	14977.750000	0	0	noise	cluster_noise	0.0000
11022	Spectrogram 1	1	14977.500000	14978.250000	0	0	21	cluster_21	0.8815
11023	Spectrogram 1	1	14978.000000	14979.250000	0	0	noise	cluster_noise	0.0000
11024	Spectrogram 1	1	14979.000000	14980.000000	0	0	2	cluster_2	1.0000
11025	Spectrogram 1	1	14979.750000	14980.250000	0	0	noise	cluster_noise	0.0000
11026	Spectrogram 1	1	14980.000000	14980.500000	0	0	21	cluster_21	0.7177
11027	Spectrogram 1	1	15005.000000	15005.500000	0	0	24	cluster_24	1.0000
11028	Spectrogram 1	1	15005.250000	15016.000000	0	0	noise	cluster_noise	0.0000
11029	Spectrogram 1	1	15015.750000	15016.500000	0	0	21	cluster_21	0.7817
11030	Spectrogram 1	1	15021.000000	15022.250000	0	0	noise	cluster_noise	0.0000
11031	Spectrogram 1	1	15022.000000	15022.500000	0	0	21	cluster_21	0.7589
11032	Spectrogram 1	1	15027.000000	15027.500000	0	0	3	cluster_3	1.0000
11033	Spectrogram 1	1	15027.250000	15027.750000	0	0	24	cluster_24	0.8610
11034	Spectrogram 1	1	15027.500000	15028.000000	0	0	noise	cluster_noise	0.0000
11035	Spectrogram 1	1	15027.750000	15028.250000	0	0	21	cluster_21	0.8009
11036	Spectrogram 1	1	15028.000000	15029.250000	0	0	noise	cluster_noise	0.0000
11037	Spectrogram 1	1	15029.000000	15029.500000	0	0	21	cluster_21	0.7642
11038	Spectrogram 1	1	15047.000000	15048.750000	0	0	5	cluster_5	0.9259
11039	Spectrogram 1	1	15048.500000	15049.250000	0	0	noise	cluster_noise	0.0000
11040	Spectrogram 1	1	15049.000000	15050.000000	0	0	21	cluster_21	0.8114
11041	Spectrogram 1	1	15049.750000	15050.250000	0	0	noise	cluster_noise	0.0000
11042	Spectrogram 1	1	15050.000000	15050.500000	0	0	21	cluster_21	0.8401
11043	Spectrogram 1	1	15050.250000	15051.000000	0	0	noise	cluster_noise	0.0000
11044	Spectrogram 1	1	15050.750000	15051.250000	0	0	21	cluster_21	1.0000
11045	Spectrogram 1	1	15051.000000	15051.500000	0	0	noise	cluster_noise	0.0000
11046	Spectrogram 1	1	15051.250000	15051.750000	0	0	3	cluster_3	1.0000
11047	Spectrogram 1	1	15051.500000	15052.000000	0	0	noise	cluster_noise	0.0000
11048	Spectrogram 1	1	15051.750000	15052.250000	0	0	21	cluster_21	0.7632
11049	Spectrogram 1	1	15052.000000	15068.250000	0	0	noise	cluster_noise	0.0000
11050	Spectrogram 1	1	15068.000000	15068.500000	0	0	9	cluster_9	0.7602
11051	Spectrogram 1	1	15068.250000	15068.750000	0	0	noise	cluster_noise	0.0000
11052	Spectrogram 1	1	15068.500000	15069.000000	0	0	21	cluster_21	0.7629
11053	Spectrogram 1	1	15068.750000	15069.250000	0	0	noise	cluster_noise	0.0000
11054	Spectrogram 1	1	15069.000000	15069.500000	0	0	21	cluster_21	0.8120
11055	Spectrogram 1	1	15075.000000	15076.250000	0	0	noise	cluster_noise	0.0000
11056	Spectrogram 1	1	15076.000000	15076.500000	0	0	21	cluster_21	0.7284
11057	Spectrogram 1	1	15076.250000	15076.750000	0	0	noise	cluster_noise	0.0000
11058	Spectrogram 1	1	15076.500000	15077.750000	0	0	21	cluster_21	0.8111
11059	Spectrogram 1	1	15077.500000	15080.500000	0	0	noise	cluster_noise	0.0000
11060	Spectrogram 1	1	15080.250000	15081.000000	0	0	21	cluster_21	0.7408
11061	Spectrogram 1	1	15080.750000	15082.500000	0	0	noise	cluster_noise	0.0000
11062	Spectrogram 1	1	15089.000000	15089.500000	0	0	9	cluster_9	0.9247
11063	Spectrogram 1	1	15089.250000	15090.000000	0	0	noise	cluster_noise	0.0000
11064	Spectrogram 1	1	15089.750000	15090.250000	0	0	21	cluster_21	0.7500
11065	Spectrogram 1	1	15090.000000	15092.250000	0	0	noise	cluster_noise	0.0000
11066	Spectrogram 1	1	15092.000000	15092.500000	0	0	21	cluster_21	0.8071
11067	Spectrogram 1	1	15092.250000	15104.000000	0	0	noise	cluster_noise	0.0000
11068	Spectrogram 1	1	15103.750000	15104.250000	0	0	24	cluster_24	1.0000
11069	Spectrogram 1	1	15104.000000	15104.500000	0	0	noise	cluster_noise	0.0000
11070	Spectrogram 1	1	15104.250000	15104.750000	0	0	19	cluster_19	1.0000
11071	Spectrogram 1	1	15104.500000	15106.000000	0	0	noise	cluster_noise	0.0000
11072	Spectrogram 1	1	15105.750000	15106.250000	0	0	19	cluster_19	1.0000
11073	Spectrogram 1	1	15106.000000	15108.000000	0	0	noise	cluster_noise	0.0000
11074	Spectrogram 1	1	15107.750000	15108.500000	0	0	24	cluster_24	1.0000
11075	Spectrogram 1	1	15108.250000	15108.750000	0	0	noise	cluster_noise	0.0000
11076	Spectrogram 1	1	15108.500000	15109.500000	0	0	5	cluster_5	1.0000
11077	Spectrogram 1	1	15115.000000	15115.750000	0	0	noise	cluster_noise	0.0000
11078	Spectrogram 1	1	15115.500000	15116.000000	0	0	19	cluster_19	1.0000
11079	Spectrogram 1	1	15115.750000	15116.250000	0	0	noise	cluster_noise	0.0000
11080	Spectrogram 1	1	15116.000000	15116.500000	0	0	17	cluster_17	1.0000
11081	Spectrogram 1	1	15116.250000	15118.250000	0	0	noise	cluster_noise	0.0000
11082	Spectrogram 1	1	15118.000000	15118.500000	0	0	19	cluster_19	0.9375
11083	Spectrogram 1	1	15118.250000	15119.000000	0	0	noise	cluster_noise	0.0000
11084	Spectrogram 1	1	15118.750000	15119.250000	0	0	15	cluster_15	0.9658
11085	Spectrogram 1	1	15119.000000	15122.000000	0	0	noise	cluster_noise	0.0000
11086	Spectrogram 1	1	15121.750000	15122.250000	0	0	9	cluster_9	0.7368
11087	Spectrogram 1	1	15122.000000	15122.500000	0	0	noise	cluster_noise	0.0000
11088	Spectrogram 1	1	15122.250000	15122.750000	0	0	21	cluster_21	0.7174
11089	Spectrogram 1	1	15122.500000	15123.000000	0	0	24	cluster_24	1.0000
11090	Spectrogram 1	1	15122.750000	15123.250000	0	0	noise	cluster_noise	0.0000
11091	Spectrogram 1	1	15123.000000	15123.500000	0	0	15	cluster_15	0.9543
11092	Spectrogram 1	1	15123.250000	15124.500000	0	0	noise	cluster_noise	0.0000
11093	Spectrogram 1	1	15127.000000	15128.250000	0	0	24	cluster_24	0.9641
11094	Spectrogram 1	1	15128.000000	15129.000000	0	0	noise	cluster_noise	0.0000
11095	Spectrogram 1	1	15128.750000	15129.250000	0	0	21	cluster_21	0.7224
11096	Spectrogram 1	1	15129.000000	15130.000000	0	0	noise	cluster_noise	0.0000
11097	Spectrogram 1	1	15129.750000	15130.250000	0	0	21	cluster_21	0.7611
11098	Spectrogram 1	1	15130.000000	15130.750000	0	0	noise	cluster_noise	0.0000
11099	Spectrogram 1	1	15130.500000	15131.000000	0	0	21	cluster_21	0.8121
11100	Spectrogram 1	1	15130.750000	15131.250000	0	0	noise	cluster_noise	0.0000
11101	Spectrogram 1	1	15131.000000	15131.500000	0	0	21	cluster_21	0.8547
11102	Spectrogram 1	1	15131.250000	15131.750000	0	0	noise	cluster_noise	0.0000
11103	Spectrogram 1	1	15131.500000	15132.000000	0	0	21	cluster_21	0.8134
11104	Spectrogram 1	1	15131.750000	15136.000000	0	0	noise	cluster_noise	0.0000
11105	Spectrogram 1	1	15135.750000	15136.500000	0	0	21	cluster_21	0.9122
11106	Spectrogram 1	1	15139.000000	15139.750000	0	0	noise	cluster_noise	0.0000
11107	Spectrogram 1	1	15139.500000	15140.250000	0	0	21	cluster_21	0.9822
11108	Spectrogram 1	1	15140.000000	15140.500000	0	0	noise	cluster_noise	0.0000
11109	Spectrogram 1	1	15140.250000	15143.000000	0	0	5	cluster_5	0.9949
11110	Spectrogram 1	1	15142.750000	15143.250000	0	0	9	cluster_9	1.0000
11111	Spectrogram 1	1	15143.000000	15144.000000	0	0	noise	cluster_noise	0.0000
11112	Spectrogram 1	1	15143.750000	15144.250000	0	0	22	cluster_22	0.7256
11113	Spectrogram 1	1	15144.000000	15146.000000	0	0	noise	cluster_noise	0.0000
11114	Spectrogram 1	1	15145.750000	15146.250000	0	0	19	cluster_19	1.0000
11115	Spectrogram 1	1	15146.000000	15148.500000	0	0	noise	cluster_noise	0.0000
11116	Spectrogram 1	1	15148.250000	15149.000000	0	0	18	cluster_18	0.9400
11117	Spectrogram 1	1	15148.750000	15149.250000	0	0	17	cluster_17	1.0000
11118	Spectrogram 1	1	15149.000000	15150.000000	0	0	24	cluster_24	1.0000
11119	Spectrogram 1	1	15149.750000	15150.250000	0	0	noise	cluster_noise	0.0000
11120	Spectrogram 1	1	15150.000000	15150.750000	0	0	18	cluster_18	0.9863
11121	Spectrogram 1	1	15150.500000	15161.000000	0	0	noise	cluster_noise	0.0000
11122	Spectrogram 1	1	15160.750000	15161.750000	0	0	5	cluster_5	0.9756
11123	Spectrogram 1	1	15161.500000	15162.000000	0	0	9	cluster_9	1.0000
11124	Spectrogram 1	1	15161.750000	15162.250000	0	0	21	cluster_21	0.7280
11125	Spectrogram 1	1	15162.000000	15164.250000	0	0	noise	cluster_noise	0.0000
11126	Spectrogram 1	1	15164.000000	15164.500000	0	0	22	cluster_22	0.7363
11127	Spectrogram 1	1	15164.250000	15165.500000	0	0	noise	cluster_noise	0.0000
11128	Spectrogram 1	1	15170.000000	15172.500000	0	0	5	cluster_5	1.0000
11129	Spectrogram 1	1	15172.250000	15174.750000	0	0	noise	cluster_noise	0.0000
11130	Spectrogram 1	1	15174.500000	15175.000000	0	0	22	cluster_22	0.7284
11131	Spectrogram 1	1	15174.750000	15175.250000	0	0	noise	cluster_noise	0.0000
11132	Spectrogram 1	1	15175.000000	15175.500000	0	0	9	cluster_9	0.8004
11133	Spectrogram 1	1	15175.250000	15175.750000	0	0	noise	cluster_noise	0.0000
11134	Spectrogram 1	1	15175.500000	15176.500000	0	0	4	cluster_4	1.0000
11135	Spectrogram 1	1	15176.250000	15177.500000	0	0	noise	cluster_noise	0.0000
11136	Spectrogram 1	1	15177.250000	15177.750000	0	0	21	cluster_21	0.7415
11137	Spectrogram 1	1	15177.500000	15185.500000	0	0	noise	cluster_noise	0.0000
11138	Spectrogram 1	1	15185.250000	15186.000000	0	0	13	cluster_13	0.7059
11139	Spectrogram 1	1	15185.750000	15186.500000	0	0	noise	cluster_noise	0.0000
11140	Spectrogram 1	1	15186.250000	15187.000000	0	0	13	cluster_13	0.6786
11141	Spectrogram 1	1	15186.750000	15188.000000	0	0	noise	cluster_noise	0.0000
11142	Spectrogram 1	1	15187.750000	15188.500000	0	0	13	cluster_13	0.5385
11143	Spectrogram 1	1	15188.250000	15189.000000	0	0	9	cluster_9	0.8886
11144	Spectrogram 1	1	15188.750000	15194.750000	0	0	noise	cluster_noise	0.0000
11145	Spectrogram 1	1	15194.500000	15195.500000	0	0	4	cluster_4	0.6085
11146	Spectrogram 1	1	15195.250000	15195.750000	0	0	9	cluster_9	0.7413
11147	Spectrogram 1	1	15195.500000	15197.250000	0	0	noise	cluster_noise	0.0000
11148	Spectrogram 1	1	15197.000000	15197.750000	0	0	13	cluster_13	0.5871
11149	Spectrogram 1	1	15197.500000	15198.500000	0	0	noise	cluster_noise	0.0000
11150	Spectrogram 1	1	15198.250000	15198.750000	0	0	22	cluster_22	0.7363
11151	Spectrogram 1	1	15198.500000	15199.000000	0	0	noise	cluster_noise	0.0000
11152	Spectrogram 1	1	15198.750000	15199.500000	0	0	13	cluster_13	0.5817
11153	Spectrogram 1	1	15199.250000	15200.000000	0	0	noise	cluster_noise	0.0000
11154	Spectrogram 1	1	15199.750000	15200.500000	0	0	13	cluster_13	0.6932
11155	Spectrogram 1	1	15200.250000	15200.750000	0	0	noise	cluster_noise	0.0000
11156	Spectrogram 1	1	15200.500000	15201.000000	0	0	9	cluster_9	1.0000
11157	Spectrogram 1	1	15200.750000	15206.500000	0	0	noise	cluster_noise	0.0000
11158	Spectrogram 1	1	15206.250000	15206.750000	0	0	21	cluster_21	0.7840
11159	Spectrogram 1	1	15206.500000	15207.750000	0	0	noise	cluster_noise	0.0000
11160	Spectrogram 1	1	15207.500000	15208.500000	0	0	4	cluster_4	0.6891
11161	Spectrogram 1	1	15208.250000	15208.750000	0	0	noise	cluster_noise	0.0000
11162	Spectrogram 1	1	15208.500000	15209.000000	0	0	24	cluster_24	0.8323
11163	Spectrogram 1	1	15208.750000	15209.500000	0	0	noise	cluster_noise	0.0000
11164	Spectrogram 1	1	15209.250000	15210.000000	0	0	24	cluster_24	0.9403
11165	Spectrogram 1	1	15209.750000	15211.000000	0	0	noise	cluster_noise	0.0000
11166	Spectrogram 1	1	15210.750000	15211.250000	0	0	9	cluster_9	0.9718
11167	Spectrogram 1	1	15211.000000	15211.500000	0	0	24	cluster_24	0.8990
11168	Spectrogram 1	1	15215.000000	15215.500000	0	0	21	cluster_21	0.7349
11169	Spectrogram 1	1	15215.250000	15219.500000	0	0	noise	cluster_noise	0.0000
11170	Spectrogram 1	1	15220.000000	15220.750000	0	0	3	cluster_3	0.8979
11171	Spectrogram 1	1	15220.500000	15222.000000	0	0	noise	cluster_noise	0.0000
11172	Spectrogram 1	1	15221.750000	15222.250000	0	0	10	cluster_10	0.7343
11173	Spectrogram 1	1	15222.000000	15231.750000	0	0	noise	cluster_noise	0.0000
11174	Spectrogram 1	1	15231.500000	15232.000000	0	0	21	cluster_21	0.8479
11175	Spectrogram 1	1	15231.750000	15232.500000	0	0	noise	cluster_noise	0.0000
11176	Spectrogram 1	1	15232.250000	15232.750000	0	0	3	cluster_3	1.0000
11177	Spectrogram 1	1	15232.500000	15233.500000	0	0	noise	cluster_noise	0.0000
11178	Spectrogram 1	1	15233.250000	15234.250000	0	0	24	cluster_24	0.9638
11179	Spectrogram 1	1	15234.000000	15237.250000	0	0	noise	cluster_noise	0.0000
11180	Spectrogram 1	1	15237.000000	15237.500000	0	0	9	cluster_9	0.7388
11181	Spectrogram 1	1	15238.000000	15239.000000	0	0	noise	cluster_noise	0.0000
11182	Spectrogram 1	1	15238.750000	15239.250000	0	0	21	cluster_21	0.7465
11183	Spectrogram 1	1	15239.000000	15240.500000	0	0	noise	cluster_noise	0.0000
11184	Spectrogram 1	1	15240.250000	15241.250000	0	0	3	cluster_3	0.8863
11185	Spectrogram 1	1	15241.000000	15241.750000	0	0	21	cluster_21	0.8320
11186	Spectrogram 1	1	15241.500000	15242.250000	0	0	noise	cluster_noise	0.0000
11187	Spectrogram 1	1	15242.000000	15242.750000	0	0	21	cluster_21	0.8030
11188	Spectrogram 1	1	15242.500000	15243.000000	0	0	noise	cluster_noise	0.0000
11189	Spectrogram 1	1	15242.750000	15243.250000	0	0	10	cluster_10	0.9818
11190	Spectrogram 1	1	15243.000000	15243.750000	0	0	noise	cluster_noise	0.0000
11191	Spectrogram 1	1	15243.500000	15244.750000	0	0	21	cluster_21	0.7829
11192	Spectrogram 1	1	15244.500000	15245.000000	0	0	noise	cluster_noise	0.0000
11193	Spectrogram 1	1	15244.750000	15245.250000	0	0	24	cluster_24	0.9118
11194	Spectrogram 1	1	15245.000000	15245.500000	0	0	noise	cluster_noise	0.0000
11195	Spectrogram 1	1	15247.000000	15247.500000	0	0	21	cluster_21	0.7361
11196	Spectrogram 1	1	15247.250000	15248.000000	0	0	noise	cluster_noise	0.0000
11197	Spectrogram 1	1	15247.750000	15248.250000	0	0	10	cluster_10	0.9015
11198	Spectrogram 1	1	15248.000000	15248.500000	0	0	3	cluster_3	0.8602
11199	Spectrogram 1	1	15248.250000	15248.750000	0	0	noise	cluster_noise	0.0000
11200	Spectrogram 1	1	15248.500000	15249.000000	0	0	21	cluster_21	0.7270
11201	Spectrogram 1	1	15248.750000	15249.750000	0	0	noise	cluster_noise	0.0000
11202	Spectrogram 1	1	15249.500000	15250.000000	0	0	8	cluster_8	0.5525
11203	Spectrogram 1	1	15249.750000	15252.000000	0	0	noise	cluster_noise	0.0000
11204	Spectrogram 1	1	15251.750000	15252.500000	0	0	8	cluster_8	0.5612
11205	Spectrogram 1	1	15252.250000	15253.500000	0	0	24	cluster_24	0.9800
11206	Spectrogram 1	1	15253.250000	15254.000000	0	0	noise	cluster_noise	0.0000
11207	Spectrogram 1	1	15253.750000	15254.500000	0	0	24	cluster_24	0.8925
11208	Spectrogram 1	1	15254.250000	15255.000000	0	0	noise	cluster_noise	0.0000
11209	Spectrogram 1	1	15254.750000	15255.500000	0	0	4	cluster_4	0.4874
11210	Spectrogram 1	1	15256.000000	15256.500000	0	0	noise	cluster_noise	0.0000
11211	Spectrogram 1	1	15256.250000	15256.750000	0	0	21	cluster_21	0.8884
11212	Spectrogram 1	1	15256.500000	15259.500000	0	0	noise	cluster_noise	0.0000
11213	Spectrogram 1	1	15259.250000	15260.000000	0	0	3	cluster_3	1.0000
11214	Spectrogram 1	1	15259.750000	15260.250000	0	0	2	cluster_2	1.0000
11215	Spectrogram 1	1	15260.000000	15260.750000	0	0	noise	cluster_noise	0.0000
11216	Spectrogram 1	1	15260.500000	15261.000000	0	0	21	cluster_21	0.8464
11217	Spectrogram 1	1	15260.750000	15262.250000	0	0	noise	cluster_noise	0.0000
11218	Spectrogram 1	1	15262.000000	15263.750000	0	0	3	cluster_3	0.9783
11219	Spectrogram 1	1	15263.500000	15264.250000	0	0	noise	cluster_noise	0.0000
11220	Spectrogram 1	1	15264.000000	15264.500000	0	0	21	cluster_21	0.7325
11221	Spectrogram 1	1	15264.250000	15264.750000	0	0	noise	cluster_noise	0.0000
11222	Spectrogram 1	1	15264.500000	15265.000000	0	0	24	cluster_24	0.8712
11223	Spectrogram 1	1	15264.750000	15266.000000	0	0	3	cluster_3	0.9580
11224	Spectrogram 1	1	15265.750000	15266.250000	0	0	2	cluster_2	1.0000
11225	Spectrogram 1	1	15266.000000	15266.500000	0	0	21	cluster_21	0.9000
11226	Spectrogram 1	1	15266.250000	15268.250000	0	0	noise	cluster_noise	0.0000
11227	Spectrogram 1	1	15268.000000	15268.750000	0	0	3	cluster_3	1.0000
11228	Spectrogram 1	1	15268.500000	15269.250000	0	0	noise	cluster_noise	0.0000
11229	Spectrogram 1	1	15269.000000	15269.500000	0	0	21	cluster_21	0.7795
11230	Spectrogram 1	1	15269.250000	15269.750000	0	0	noise	cluster_noise	0.0000
11231	Spectrogram 1	1	15269.500000	15270.250000	0	0	21	cluster_21	0.8412
11232	Spectrogram 1	1	15270.000000	15270.500000	0	0	0	cluster_0	1.0000
11233	Spectrogram 1	1	15270.250000	15271.000000	0	0	noise	cluster_noise	0.0000
11234	Spectrogram 1	1	15270.750000	15272.000000	0	0	3	cluster_3	1.0000
11235	Spectrogram 1	1	15271.750000	15272.750000	0	0	noise	cluster_noise	0.0000
11236	Spectrogram 1	1	15272.500000	15273.500000	0	0	24	cluster_24	1.0000
11237	Spectrogram 1	1	15275.000000	15275.500000	0	0	noise	cluster_noise	0.0000
11238	Spectrogram 1	1	15275.250000	15275.750000	0	0	0	cluster_0	1.0000
11239	Spectrogram 1	1	15275.500000	15276.000000	0	0	noise	cluster_noise	0.0000
11240	Spectrogram 1	1	15275.750000	15276.250000	0	0	3	cluster_3	0.8524
11241	Spectrogram 1	1	15276.000000	15276.750000	0	0	noise	cluster_noise	0.0000
11242	Spectrogram 1	1	15276.500000	15277.250000	0	0	0	cluster_0	0.9038
11243	Spectrogram 1	1	15277.000000	15277.750000	0	0	noise	cluster_noise	0.0000
11244	Spectrogram 1	1	15277.500000	15278.500000	0	0	21	cluster_21	0.7497
11245	Spectrogram 1	1	15278.250000	15279.000000	0	0	noise	cluster_noise	0.0000
11246	Spectrogram 1	1	15278.750000	15280.250000	0	0	3	cluster_3	1.0000
11247	Spectrogram 1	1	15280.000000	15280.500000	0	0	21	cluster_21	0.8319
11248	Spectrogram 1	1	15283.000000	15283.750000	0	0	noise	cluster_noise	0.0000
11249	Spectrogram 1	1	15283.500000	15284.000000	0	0	0	cluster_0	0.9006
11250	Spectrogram 1	1	15283.750000	15284.500000	0	0	noise	cluster_noise	0.0000
11251	Spectrogram 1	1	15284.250000	15284.750000	0	0	3	cluster_3	1.0000
11252	Spectrogram 1	1	15284.500000	15285.000000	0	0	noise	cluster_noise	0.0000
11253	Spectrogram 1	1	15284.750000	15285.250000	0	0	2	cluster_2	0.9828
11254	Spectrogram 1	1	15285.000000	15287.250000	0	0	noise	cluster_noise	0.0000
11255	Spectrogram 1	1	15287.000000	15288.000000	0	0	2	cluster_2	1.0000
11256	Spectrogram 1	1	15287.750000	15288.500000	0	0	3	cluster_3	0.9173
11257	Spectrogram 1	1	15288.250000	15288.750000	0	0	noise	cluster_noise	0.0000
11258	Spectrogram 1	1	15288.500000	15289.250000	0	0	3	cluster_3	0.9749
11259	Spectrogram 1	1	15289.000000	15289.750000	0	0	noise	cluster_noise	0.0000
11260	Spectrogram 1	1	15289.500000	15290.250000	0	0	21	cluster_21	0.8667
11261	Spectrogram 1	1	15290.000000	15290.500000	0	0	noise	cluster_noise	0.0000
11262	Spectrogram 1	1	15290.250000	15291.750000	0	0	3	cluster_3	0.9592
11263	Spectrogram 1	1	15291.500000	15292.750000	0	0	24	cluster_24	0.9452
11264	Spectrogram 1	1	15292.500000	15293.000000	0	0	noise	cluster_noise	0.0000
11265	Spectrogram 1	1	15292.750000	15293.750000	0	0	0	cluster_0	1.0000
11266	Spectrogram 1	1	15293.500000	15294.000000	0	0	21	cluster_21	0.7187
11267	Spectrogram 1	1	15293.750000	15294.250000	0	0	0	cluster_0	1.0000
11268	Spectrogram 1	1	15294.000000	15294.750000	0	0	2	cluster_2	0.9787
11269	Spectrogram 1	1	15294.500000	15295.000000	0	0	noise	cluster_noise	0.0000
11270	Spectrogram 1	1	15294.750000	15295.250000	0	0	2	cluster_2	1.0000
11271	Spectrogram 1	1	15295.000000	15295.500000	0	0	noise	cluster_noise	0.0000
11272	Spectrogram 1	1	15295.250000	15295.750000	0	0	0	cluster_0	0.7885
11273	Spectrogram 1	1	15295.500000	15296.000000	0	0	21	cluster_21	0.7600
11274	Spectrogram 1	1	15295.750000	15296.250000	0	0	0	cluster_0	1.0000
11275	Spectrogram 1	1	15296.000000	15296.500000	0	0	noise	cluster_noise	0.0000
11276	Spectrogram 1	1	15296.250000	15297.000000	0	0	0	cluster_0	1.0000
11277	Spectrogram 1	1	15296.750000	15297.250000	0	0	21	cluster_21	0.8393
11278	Spectrogram 1	1	15297.000000	15297.500000	0	0	noise	cluster_noise	0.0000
11279	Spectrogram 1	1	15297.250000	15298.000000	0	0	0	cluster_0	1.0000
11280	Spectrogram 1	1	15297.750000	15298.500000	0	0	noise	cluster_noise	0.0000
11281	Spectrogram 1	1	15298.250000	15299.500000	0	0	3	cluster_3	0.9872
11282	Spectrogram 1	1	15299.250000	15300.500000	0	0	noise	cluster_noise	0.0000
11283	Spectrogram 1	1	15300.250000	15300.750000	0	0	21	cluster_21	0.9387
11284	Spectrogram 1	1	15300.500000	15302.000000	0	0	noise	cluster_noise	0.0000
11285	Spectrogram 1	1	15301.750000	15303.250000	0	0	3	cluster_3	0.9782
11286	Spectrogram 1	1	15303.000000	15303.500000	0	0	21	cluster_21	0.8799
11287	Spectrogram 1	1	15303.250000	15304.250000	0	0	0	cluster_0	1.0000
11288	Spectrogram 1	1	15304.000000	15304.500000	0	0	noise	cluster_noise	0.0000
11289	Spectrogram 1	1	15304.250000	15305.000000	0	0	0	cluster_0	1.0000
11290	Spectrogram 1	1	15304.750000	15306.500000	0	0	3	cluster_3	1.0000
11291	Spectrogram 1	1	15306.250000	15308.500000	0	0	0	cluster_0	1.0000
11292	Spectrogram 1	1	15308.250000	15309.500000	0	0	2	cluster_2	0.9984
11293	Spectrogram 1	1	15309.250000	15310.250000	0	0	0	cluster_0	1.0000
11294	Spectrogram 1	1	15310.000000	15310.500000	0	0	noise	cluster_noise	0.0000
11295	Spectrogram 1	1	15310.250000	15310.750000	0	0	0	cluster_0	0.7885
11296	Spectrogram 1	1	15310.500000	15311.250000	0	0	21	cluster_21	0.8182
11297	Spectrogram 1	1	15311.000000	15311.500000	0	0	noise	cluster_noise	0.0000
11298	Spectrogram 1	1	15311.250000	15312.000000	0	0	24	cluster_24	0.9597
11299	Spectrogram 1	1	15311.750000	15312.250000	0	0	noise	cluster_noise	0.0000
11300	Spectrogram 1	1	15312.000000	15312.750000	0	0	0	cluster_0	1.0000
11301	Spectrogram 1	1	15312.500000	15313.750000	0	0	3	cluster_3	0.9541
11302	Spectrogram 1	1	15313.500000	15314.250000	0	0	0	cluster_0	1.0000
11303	Spectrogram 1	1	15314.000000	15315.750000	0	0	noise	cluster_noise	0.0000
11304	Spectrogram 1	1	15315.500000	15317.250000	0	0	0	cluster_0	0.9859
11305	Spectrogram 1	1	15317.000000	15317.750000	0	0	3	cluster_3	1.0000
11306	Spectrogram 1	1	15317.500000	15319.250000	0	0	noise	cluster_noise	0.0000
11307	Spectrogram 1	1	15319.000000	15320.500000	0	0	2	cluster_2	0.9652
11308	Spectrogram 1	1	15320.250000	15321.000000	0	0	0	cluster_0	1.0000
11309	Spectrogram 1	1	15320.750000	15321.500000	0	0	noise	cluster_noise	0.0000
11310	Spectrogram 1	1	15321.250000	15321.750000	0	0	0	cluster_0	1.0000
11311	Spectrogram 1	1	15321.500000	15322.000000	0	0	noise	cluster_noise	0.0000
11312	Spectrogram 1	1	15321.750000	15323.250000	0	0	2	cluster_2	0.9480
11313	Spectrogram 1	1	15323.000000	15324.250000	0	0	0	cluster_0	1.0000
11314	Spectrogram 1	1	15324.000000	15324.750000	0	0	noise	cluster_noise	0.0000
11315	Spectrogram 1	1	15324.500000	15325.500000	0	0	0	cluster_0	1.0000
11316	Spectrogram 1	1	15325.250000	15326.000000	0	0	5	cluster_5	1.0000
11317	Spectrogram 1	1	15325.750000	15326.500000	0	0	0	cluster_0	0.7963
11318	Spectrogram 1	1	15326.250000	15326.750000	0	0	noise	cluster_noise	0.0000
11319	Spectrogram 1	1	15326.500000	15327.250000	0	0	0	cluster_0	1.0000
11320	Spectrogram 1	1	15327.000000	15327.500000	0	0	noise	cluster_noise	0.0000
11321	Spectrogram 1	1	15327.250000	15327.750000	0	0	21	cluster_21	0.7599
11322	Spectrogram 1	1	15327.500000	15329.500000	0	0	0	cluster_0	0.9255
11323	Spectrogram 1	1	15329.250000	15330.500000	0	0	3	cluster_3	1.0000
11324	Spectrogram 1	1	15331.000000	15332.750000	0	0	0	cluster_0	1.0000
11325	Spectrogram 1	1	15332.500000	15334.000000	0	0	2	cluster_2	0.9513
11326	Spectrogram 1	1	15333.750000	15335.500000	0	0	0	cluster_0	0.9803
11327	Spectrogram 1	1	15335.250000	15337.000000	0	0	2	cluster_2	0.9405
11328	Spectrogram 1	1	15336.750000	15339.000000	0	0	0	cluster_0	1.0000
11329	Spectrogram 1	1	15338.750000	15340.500000	0	0	5	cluster_5	0.9625
11330	Spectrogram 1	1	15340.250000	15341.000000	0	0	noise	cluster_noise	0.0000
11331	Spectrogram 1	1	15340.750000	15341.250000	0	0	21	cluster_21	0.7353
11332	Spectrogram 1	1	15341.000000	15345.750000	0	0	0	cluster_0	1.0000
11333	Spectrogram 1	1	15345.500000	15346.500000	0	0	2	cluster_2	0.9195
11334	Spectrogram 1	1	15347.000000	15348.250000	0	0	0	cluster_0	0.9889
11335	Spectrogram 1	1	15348.000000	15349.250000	0	0	2	cluster_2	0.9121
11336	Spectrogram 1	1	15349.000000	15352.000000	0	0	0	cluster_0	0.9823
11337	Spectrogram 1	1	15351.750000	15352.250000	0	0	5	cluster_5	1.0000
11338	Spectrogram 1	1	15352.000000	15352.500000	0	0	noise	cluster_noise	0.0000
11339	Spectrogram 1	1	15352.250000	15353.000000	0	0	5	cluster_5	0.9676
11340	Spectrogram 1	1	15352.750000	15353.500000	0	0	noise	cluster_noise	0.0000
11341	Spectrogram 1	1	15353.250000	15355.500000	0	0	0	cluster_0	1.0000
11342	Spectrogram 1	1	15355.250000	15356.500000	0	0	3	cluster_3	1.0000
11343	Spectrogram 1	1	15356.250000	15358.500000	0	0	0	cluster_0	0.9846
11344	Spectrogram 1	1	15361.000000	15362.500000	0	0	2	cluster_2	1.0000
11345	Spectrogram 1	1	15364.000000	15365.500000	0	0	0	cluster_0	0.9474
11346	Spectrogram 1	1	15365.250000	15365.750000	0	0	5	cluster_5	1.0000
11347	Spectrogram 1	1	15365.500000	15366.000000	0	0	noise	cluster_noise	0.0000
11348	Spectrogram 1	1	15365.750000	15366.250000	0	0	5	cluster_5	0.7576
11349	Spectrogram 1	1	15366.000000	15367.000000	0	0	noise	cluster_noise	0.0000
11350	Spectrogram 1	1	15366.750000	15368.000000	0	0	0	cluster_0	1.0000
11351	Spectrogram 1	1	15367.750000	15369.250000	0	0	3	cluster_3	1.0000
11352	Spectrogram 1	1	15369.000000	15371.250000	0	0	0	cluster_0	1.0000
11353	Spectrogram 1	1	15371.000000	15371.500000	0	0	5	cluster_5	1.0000
11354	Spectrogram 1	1	15371.250000	15372.750000	0	0	2	cluster_2	1.0000
11355	Spectrogram 1	1	15372.500000	15373.250000	0	0	0	cluster_0	0.8861
11356	Spectrogram 1	1	15373.000000	15378.750000	0	0	noise	cluster_noise	0.0000
11357	Spectrogram 1	1	15378.500000	15379.000000	0	0	5	cluster_5	0.7368
11358	Spectrogram 1	1	15378.750000	15379.250000	0	0	noise	cluster_noise	0.0000
11359	Spectrogram 1	1	15379.000000	15379.500000	0	0	0	cluster_0	0.7654
11360	Spectrogram 1	1	15380.000000	15381.500000	0	0	3	cluster_3	1.0000
11361	Spectrogram 1	1	15381.250000	15381.750000	0	0	24	cluster_24	0.8527
11362	Spectrogram 1	1	15381.500000	15383.500000	0	0	0	cluster_0	0.9976
11363	Spectrogram 1	1	15383.250000	15383.750000	0	0	5	cluster_5	1.0000
11364	Spectrogram 1	1	15383.500000	15384.750000	0	0	2	cluster_2	1.0000
11365	Spectrogram 1	1	15384.500000	15394.750000	0	0	0	cluster_0	1.0000
11366	Spectrogram 1	1	15394.500000	15395.000000	0	0	noise	cluster_noise	0.0000
11367	Spectrogram 1	1	15394.750000	15395.500000	0	0	0	cluster_0	1.0000
11368	Spectrogram 1	1	15396.000000	15397.000000	0	0	2	cluster_2	0.9336
11369	Spectrogram 1	1	15396.750000	15398.000000	0	0	0	cluster_0	1.0000
11370	Spectrogram 1	1	15397.750000	15398.500000	0	0	5	cluster_5	0.9849
11371	Spectrogram 1	1	15398.250000	15399.250000	0	0	2	cluster_2	0.9932
11372	Spectrogram 1	1	15399.000000	15399.500000	0	0	noise	cluster_noise	0.0000
11373	Spectrogram 1	1	15399.250000	15401.500000	0	0	0	cluster_0	1.0000
11374	Spectrogram 1	1	15401.250000	15401.750000	0	0	noise	cluster_noise	0.0000
11375	Spectrogram 1	1	15401.500000	15403.250000	0	0	5	cluster_5	0.9564
11376	Spectrogram 1	1	15403.000000	15403.500000	0	0	noise	cluster_noise	0.0000
11377	Spectrogram 1	1	15411.000000	15412.000000	0	0	24	cluster_24	1.0000
11378	Spectrogram 1	1	15411.750000	15412.250000	0	0	0	cluster_0	1.0000
11379	Spectrogram 1	1	15412.000000	15412.500000	0	0	noise	cluster_noise	0.0000
11380	Spectrogram 1	1	15412.250000	15413.500000	0	0	5	cluster_5	0.9304
11381	Spectrogram 1	1	15413.250000	15414.000000	0	0	noise	cluster_noise	0.0000
11382	Spectrogram 1	1	15413.750000	15414.500000	0	0	0	cluster_0	1.0000
11383	Spectrogram 1	1	15416.000000	15417.000000	0	0	3	cluster_3	1.0000
11384	Spectrogram 1	1	15416.750000	15419.500000	0	0	0	cluster_0	1.0000
11385	Spectrogram 1	1	15419.250000	15420.000000	0	0	noise	cluster_noise	0.0000
11386	Spectrogram 1	1	15419.750000	15420.750000	0	0	3	cluster_3	0.8836
11387	Spectrogram 1	1	15420.500000	15421.000000	0	0	0	cluster_0	1.0000
11388	Spectrogram 1	1	15420.750000	15421.250000	0	0	noise	cluster_noise	0.0000
11389	Spectrogram 1	1	15421.000000	15423.500000	0	0	0	cluster_0	0.9883
11390	Spectrogram 1	1	15423.250000	15423.750000	0	0	noise	cluster_noise	0.0000
11391	Spectrogram 1	1	15423.500000	15424.000000	0	0	9	cluster_9	0.7905
11392	Spectrogram 1	1	15423.750000	15425.250000	0	0	5	cluster_5	1.0000
11393	Spectrogram 1	1	15425.000000	15426.250000	0	0	noise	cluster_noise	0.0000
11394	Spectrogram 1	1	15426.000000	15426.500000	0	0	0	cluster_0	1.0000
11395	Spectrogram 1	1	15431.000000	15431.500000	0	0	noise	cluster_noise	0.0000
11396	Spectrogram 1	1	15431.250000	15432.250000	0	0	14	cluster_14	0.6312
11397	Spectrogram 1	1	15432.000000	15432.500000	0	0	noise	cluster_noise	0.0000
11398	Spectrogram 1	1	15432.250000	15433.250000	0	0	24	cluster_24	0.9779
11399	Spectrogram 1	1	15433.000000	15433.500000	0	0	noise	cluster_noise	0.0000
11400	Spectrogram 1	1	15433.250000	15435.250000	0	0	0	cluster_0	0.9651
11401	Spectrogram 1	1	15435.000000	15436.500000	0	0	5	cluster_5	1.0000
11402	Spectrogram 1	1	15436.250000	15437.250000	0	0	noise	cluster_noise	0.0000
11403	Spectrogram 1	1	15437.000000	15437.500000	0	0	0	cluster_0	1.0000
11404	Spectrogram 1	1	15438.000000	15438.500000	0	0	3	cluster_3	1.0000
11405	Spectrogram 1	1	15438.250000	15438.750000	0	0	0	cluster_0	1.0000
11406	Spectrogram 1	1	15438.500000	15439.250000	0	0	noise	cluster_noise	0.0000
11407	Spectrogram 1	1	15439.000000	15439.500000	0	0	24	cluster_24	0.9974
11408	Spectrogram 1	1	15439.250000	15440.000000	0	0	noise	cluster_noise	0.0000
11409	Spectrogram 1	1	15439.750000	15440.250000	0	0	0	cluster_0	1.0000
11410	Spectrogram 1	1	15440.000000	15440.500000	0	0	noise	cluster_noise	0.0000
11411	Spectrogram 1	1	15440.250000	15440.750000	0	0	0	cluster_0	1.0000
11412	Spectrogram 1	1	15440.500000	15441.000000	0	0	noise	cluster_noise	0.0000
11413	Spectrogram 1	1	15440.750000	15441.250000	0	0	0	cluster_0	1.0000
11414	Spectrogram 1	1	15441.000000	15445.250000	0	0	noise	cluster_noise	0.0000
11415	Spectrogram 1	1	15445.000000	15445.500000	0	0	0	cluster_0	1.0000
11416	Spectrogram 1	1	15445.250000	15445.750000	0	0	noise	cluster_noise	0.0000
11417	Spectrogram 1	1	15445.500000	15446.250000	0	0	0	cluster_0	1.0000
11418	Spectrogram 1	1	15446.000000	15446.500000	0	0	9	cluster_9	0.8641
11419	Spectrogram 1	1	15446.250000	15447.750000	0	0	5	cluster_5	1.0000
11420	Spectrogram 1	1	15447.500000	15448.000000	0	0	21	cluster_21	0.7508
11421	Spectrogram 1	1	15447.750000	15449.000000	0	0	0	cluster_0	1.0000
11422	Spectrogram 1	1	15448.750000	15449.500000	0	0	3	cluster_3	0.9097
11423	Spectrogram 1	1	15451.000000	15452.000000	0	0	24	cluster_24	0.9521
11424	Spectrogram 1	1	15451.750000	15452.500000	0	0	0	cluster_0	1.0000
11425	Spectrogram 1	1	15452.250000	15452.750000	0	0	24	cluster_24	0.8937
11426	Spectrogram 1	1	15452.500000	15453.500000	0	0	0	cluster_0	1.0000
11427	Spectrogram 1	1	15460.000000	15460.750000	0	0	5	cluster_5	0.9198
11428	Spectrogram 1	1	15460.500000	15461.750000	0	0	noise	cluster_noise	0.0000
11429	Spectrogram 1	1	15461.500000	15462.250000	0	0	5	cluster_5	0.9722
11430	Spectrogram 1	1	15462.000000	15464.500000	0	0	noise	cluster_noise	0.0000
11431	Spectrogram 1	1	15471.000000	15472.000000	0	0	24	cluster_24	1.0000
11432	Spectrogram 1	1	15471.750000	15473.250000	0	0	5	cluster_5	0.9508
11433	Spectrogram 1	1	15473.000000	15474.000000	0	0	noise	cluster_noise	0.0000
11434	Spectrogram 1	1	15473.750000	15474.250000	0	0	0	cluster_0	1.0000
11435	Spectrogram 1	1	15474.000000	15474.500000	0	0	21	cluster_21	0.7647
11436	Spectrogram 1	1	15474.250000	15476.250000	0	0	noise	cluster_noise	0.0000
11437	Spectrogram 1	1	15476.000000	15476.500000	0	0	0	cluster_0	1.0000
11438	Spectrogram 1	1	15476.250000	15477.250000	0	0	noise	cluster_noise	0.0000
11439	Spectrogram 1	1	15477.000000	15477.500000	0	0	24	cluster_24	0.9994
11440	Spectrogram 1	1	15477.250000	15478.000000	0	0	0	cluster_0	1.0000
11441	Spectrogram 1	1	15477.750000	15479.750000	0	0	noise	cluster_noise	0.0000
11442	Spectrogram 1	1	15479.500000	15480.000000	0	0	21	cluster_21	0.8306
11443	Spectrogram 1	1	15479.750000	15480.500000	0	0	noise	cluster_noise	0.0000
11444	Spectrogram 1	1	15484.000000	15484.750000	0	0	5	cluster_5	1.0000
11445	Spectrogram 1	1	15484.500000	15485.750000	0	0	0	cluster_0	0.9962
11446	Spectrogram 1	1	15485.500000	15486.000000	0	0	noise	cluster_noise	0.0000
11447	Spectrogram 1	1	15485.750000	15486.250000	0	0	21	cluster_21	0.7391
11448	Spectrogram 1	1	15486.000000	15486.500000	0	0	0	cluster_0	1.0000
11449	Spectrogram 1	1	15486.250000	15487.000000	0	0	noise	cluster_noise	0.0000
11450	Spectrogram 1	1	15486.750000	15488.000000	0	0	5	cluster_5	0.9463
11451	Spectrogram 1	1	15487.750000	15488.250000	0	0	noise	cluster_noise	0.0000
11452	Spectrogram 1	1	15488.000000	15488.500000	0	0	5	cluster_5	0.7579
11453	Spectrogram 1	1	15488.250000	15489.250000	0	0	0	cluster_0	0.9463
11454	Spectrogram 1	1	15489.000000	15490.500000	0	0	noise	cluster_noise	0.0000
11455	Spectrogram 1	1	15490.250000	15491.500000	0	0	24	cluster_24	0.9793
11456	Spectrogram 1	1	15491.250000	15492.750000	0	0	noise	cluster_noise	0.0000
11457	Spectrogram 1	1	15492.500000	15493.250000	0	0	0	cluster_0	0.9492
11458	Spectrogram 1	1	15493.000000	15494.250000	0	0	noise	cluster_noise	0.0000
11459	Spectrogram 1	1	15494.000000	15495.000000	0	0	0	cluster_0	0.8392
11460	Spectrogram 1	1	15494.750000	15495.750000	0	0	noise	cluster_noise	0.0000
11461	Spectrogram 1	1	15495.500000	15496.000000	0	0	17	cluster_17	0.9557
11462	Spectrogram 1	1	15495.750000	15496.250000	0	0	noise	cluster_noise	0.0000
11463	Spectrogram 1	1	15496.000000	15496.500000	0	0	0	cluster_0	0.7887
11464	Spectrogram 1	1	15497.000000	15497.500000	0	0	noise	cluster_noise	0.0000
11465	Spectrogram 1	1	15497.250000	15497.750000	0	0	0	cluster_0	1.0000
11466	Spectrogram 1	1	15497.500000	15499.250000	0	0	noise	cluster_noise	0.0000
11467	Spectrogram 1	1	15499.000000	15500.750000	0	0	5	cluster_5	1.0000
11468	Spectrogram 1	1	15500.500000	15501.500000	0	0	noise	cluster_noise	0.0000
11469	Spectrogram 1	1	15501.250000	15501.750000	0	0	0	cluster_0	1.0000
11470	Spectrogram 1	1	15501.500000	15502.000000	0	0	noise	cluster_noise	0.0000
11471	Spectrogram 1	1	15501.750000	15502.750000	0	0	0	cluster_0	1.0000
11472	Spectrogram 1	1	15502.500000	15503.000000	0	0	noise	cluster_noise	0.0000
11473	Spectrogram 1	1	15502.750000	15504.500000	0	0	5	cluster_5	0.9506
11474	Spectrogram 1	1	15504.250000	15505.250000	0	0	noise	cluster_noise	0.0000
11475	Spectrogram 1	1	15505.000000	15505.500000	0	0	21	cluster_21	0.7833
11476	Spectrogram 1	1	15505.250000	15506.250000	0	0	noise	cluster_noise	0.0000
11477	Spectrogram 1	1	15506.000000	15506.500000	0	0	0	cluster_0	0.7352
11478	Spectrogram 1	1	15506.250000	15506.750000	0	0	noise	cluster_noise	0.0000
11479	Spectrogram 1	1	15506.500000	15507.750000	0	0	0	cluster_0	1.0000
11480	Spectrogram 1	1	15507.500000	15510.500000	0	0	noise	cluster_noise	0.0000
11481	Spectrogram 1	1	15510.250000	15511.250000	0	0	0	cluster_0	0.8180
11482	Spectrogram 1	1	15511.000000	15512.250000	0	0	noise	cluster_noise	0.0000
11483	Spectrogram 1	1	15512.000000	15512.750000	0	0	0	cluster_0	0.8763
11484	Spectrogram 1	1	15512.500000	15513.500000	0	0	noise	cluster_noise	0.0000
11485	Spectrogram 1	1	15513.250000	15513.750000	0	0	10	cluster_10	0.6146
11486	Spectrogram 1	1	15513.500000	15515.000000	0	0	24	cluster_24	0.9754
11487	Spectrogram 1	1	15514.750000	15515.500000	0	0	0	cluster_0	1.0000
11488	Spectrogram 1	1	15515.250000	15516.750000	0	0	5	cluster_5	0.9847
11489	Spectrogram 1	1	15516.500000	15517.250000	0	0	0	cluster_0	0.8235
11490	Spectrogram 1	1	15517.000000	15517.500000	0	0	noise	cluster_noise	0.0000
11491	Spectrogram 1	1	15523.000000	15523.750000	0	0	0	cluster_0	1.0000
11492	Spectrogram 1	1	15523.500000	15524.500000	0	0	noise	cluster_noise	0.0000
11493	Spectrogram 1	1	15524.250000	15524.750000	0	0	0	cluster_0	0.8648
11494	Spectrogram 1	1	15524.500000	15525.250000	0	0	noise	cluster_noise	0.0000
11495	Spectrogram 1	1	15525.000000	15525.750000	0	0	0	cluster_0	1.0000
11496	Spectrogram 1	1	15525.500000	15526.500000	0	0	noise	cluster_noise	0.0000
11497	Spectrogram 1	1	15526.250000	15526.750000	0	0	0	cluster_0	0.8174
11498	Spectrogram 1	1	15526.500000	15527.250000	0	0	noise	cluster_noise	0.0000
11499	Spectrogram 1	1	15527.000000	15527.500000	0	0	0	cluster_0	1.0000
11500	Spectrogram 1	1	15527.250000	15528.250000	0	0	noise	cluster_noise	0.0000
11501	Spectrogram 1	1	15528.000000	15528.500000	0	0	10	cluster_10	0.5765
11502	Spectrogram 1	1	15528.250000	15528.750000	0	0	noise	cluster_noise	0.0000
11503	Spectrogram 1	1	15528.500000	15529.000000	0	0	0	cluster_0	0.7197
11504	Spectrogram 1	1	15528.750000	15530.000000	0	0	noise	cluster_noise	0.0000
11505	Spectrogram 1	1	15529.750000	15531.000000	0	0	0	cluster_0	0.9317
11506	Spectrogram 1	1	15530.750000	15531.500000	0	0	noise	cluster_noise	0.0000
11507	Spectrogram 1	1	15532.000000	15532.750000	0	0	5	cluster_5	1.0000
11508	Spectrogram 1	1	15532.500000	15533.000000	0	0	noise	cluster_noise	0.0000
11509	Spectrogram 1	1	15532.750000	15538.000000	0	0	0	cluster_0	0.9930
11510	Spectrogram 1	1	15537.750000	15538.500000	0	0	noise	cluster_noise	0.0000
11511	Spectrogram 1	1	15538.250000	15538.750000	0	0	0	cluster_0	0.9022
11512	Spectrogram 1	1	15538.500000	15539.250000	0	0	3	cluster_3	0.9477
11513	Spectrogram 1	1	15539.000000	15540.000000	0	0	0	cluster_0	1.0000
11514	Spectrogram 1	1	15539.750000	15541.250000	0	0	3	cluster_3	0.9747
11515	Spectrogram 1	1	15541.000000	15543.000000	0	0	0	cluster_0	1.0000
11516	Spectrogram 1	1	15542.750000	15543.250000	0	0	noise	cluster_noise	0.0000
11517	Spectrogram 1	1	15543.000000	15544.000000	0	0	5	cluster_5	1.0000
11518	Spectrogram 1	1	15543.750000	15544.500000	0	0	noise	cluster_noise	0.0000
11519	Spectrogram 1	1	15544.250000	15545.000000	0	0	0	cluster_0	0.9963
11520	Spectrogram 1	1	15544.750000	15545.250000	0	0	noise	cluster_noise	0.0000
11521	Spectrogram 1	1	15545.000000	15550.250000	0	0	0	cluster_0	0.9989
11522	Spectrogram 1	1	15550.000000	15551.500000	0	0	3	cluster_3	1.0000
11523	Spectrogram 1	1	15551.250000	15552.250000	0	0	0	cluster_0	1.0000
11524	Spectrogram 1	1	15552.000000	15552.500000	0	0	noise	cluster_noise	0.0000
11525	Spectrogram 1	1	15552.250000	15553.250000	0	0	0	cluster_0	1.0000
11526	Spectrogram 1	1	15553.000000	15553.750000	0	0	24	cluster_24	1.0000
11527	Spectrogram 1	1	15553.500000	15554.000000	0	0	0	cluster_0	1.0000
11528	Spectrogram 1	1	15553.750000	15554.250000	0	0	noise	cluster_noise	0.0000
11529	Spectrogram 1	1	15554.000000	15554.750000	0	0	5	cluster_5	0.7871
11530	Spectrogram 1	1	15554.500000	15557.250000	0	0	0	cluster_0	1.0000
11531	Spectrogram 1	1	15557.000000	15557.500000	0	0	5	cluster_5	0.7614
11532	Spectrogram 1	1	15557.250000	15561.500000	0	0	0	cluster_0	0.9985
11533	Spectrogram 1	1	15561.250000	15562.500000	0	0	3	cluster_3	1.0000
11534	Spectrogram 1	1	15562.250000	15565.000000	0	0	0	cluster_0	1.0000
11535	Spectrogram 1	1	15564.750000	15565.250000	0	0	noise	cluster_noise	0.0000
11536	Spectrogram 1	1	15565.000000	15565.750000	0	0	5	cluster_5	1.0000
11537	Spectrogram 1	1	15565.500000	15566.250000	0	0	0	cluster_0	1.0000
11538	Spectrogram 1	1	15566.000000	15566.500000	0	0	5	cluster_5	1.0000
11539	Spectrogram 1	1	15566.250000	15577.000000	0	0	0	cluster_0	0.9994
11540	Spectrogram 1	1	15576.750000	15578.750000	0	0	5	cluster_5	0.9129
11541	Spectrogram 1	1	15578.500000	15581.500000	0	0	0	cluster_0	1.0000
11542	Spectrogram 1	1	15584.000000	15584.500000	0	0	4	cluster_4	0.4602
11543	Spectrogram 1	1	15584.250000	15585.750000	0	0	0	cluster_0	0.9858
11544	Spectrogram 1	1	15585.500000	15588.750000	0	0	4	cluster_4	0.7846
11545	Spectrogram 1	1	15588.500000	15590.750000	0	0	0	cluster_0	0.9925
11546	Spectrogram 1	1	15590.500000	15591.250000	0	0	noise	cluster_noise	0.0000
11547	Spectrogram 1	1	15591.000000	15593.000000	0	0	0	cluster_0	1.0000
11548	Spectrogram 1	1	15592.750000	15593.250000	0	0	noise	cluster_noise	0.0000
11549	Spectrogram 1	1	15593.000000	15593.500000	0	0	10	cluster_10	0.5758
11550	Spectrogram 1	1	15595.000000	15595.750000	0	0	0	cluster_0	1.0000
11551	Spectrogram 1	1	15595.500000	15597.500000	0	0	4	cluster_4	0.9072
11552	Spectrogram 1	1	15597.250000	15597.750000	0	0	noise	cluster_noise	0.0000
11553	Spectrogram 1	1	15597.500000	15599.000000	0	0	0	cluster_0	1.0000
11554	Spectrogram 1	1	15598.750000	15601.750000	0	0	4	cluster_4	0.7838
11555	Spectrogram 1	1	15601.500000	15603.500000	0	0	0	cluster_0	1.0000
11556	Spectrogram 1	1	15603.250000	15604.000000	0	0	10	cluster_10	0.9472
11557	Spectrogram 1	1	15603.750000	15610.000000	0	0	0	cluster_0	1.0000
11558	Spectrogram 1	1	15609.750000	15610.250000	0	0	2	cluster_2	0.7023
11559	Spectrogram 1	1	15610.000000	15610.500000	0	0	noise	cluster_noise	0.0000
11560	Spectrogram 1	1	15610.250000	15611.000000	0	0	0	cluster_0	1.0000
11561	Spectrogram 1	1	15610.750000	15611.250000	0	0	noise	cluster_noise	0.0000
11562	Spectrogram 1	1	15611.000000	15611.500000	0	0	0	cluster_0	1.0000
11563	Spectrogram 1	1	15611.250000	15611.750000	0	0	noise	cluster_noise	0.0000
11564	Spectrogram 1	1	15611.500000	15612.000000	0	0	3	cluster_3	0.9901
11565	Spectrogram 1	1	15611.750000	15613.000000	0	0	0	cluster_0	1.0000
11566	Spectrogram 1	1	15612.750000	15613.250000	0	0	noise	cluster_noise	0.0000
11567	Spectrogram 1	1	15613.000000	15613.750000	0	0	24	cluster_24	1.0000
11568	Spectrogram 1	1	15613.500000	15614.750000	0	0	4	cluster_4	1.0000
11569	Spectrogram 1	1	15614.500000	15615.250000	0	0	noise	cluster_noise	0.0000
11570	Spectrogram 1	1	15615.000000	15617.500000	0	0	0	cluster_0	0.9991
11571	Spectrogram 1	1	15617.250000	15618.750000	0	0	4	cluster_4	1.0000
11572	Spectrogram 1	1	15618.500000	15619.500000	0	0	0	cluster_0	1.0000
11573	Spectrogram 1	1	15620.000000	15620.750000	0	0	10	cluster_10	0.9205
11574	Spectrogram 1	1	15620.500000	15626.000000	0	0	0	cluster_0	0.9974
11575	Spectrogram 1	1	15625.750000	15626.500000	0	0	noise	cluster_noise	0.0000
11576	Spectrogram 1	1	15626.250000	15626.750000	0	0	0	cluster_0	1.0000
11577	Spectrogram 1	1	15626.500000	15627.000000	0	0	noise	cluster_noise	0.0000
11578	Spectrogram 1	1	15626.750000	15627.250000	0	0	3	cluster_3	0.8732
11579	Spectrogram 1	1	15627.000000	15629.500000	0	0	0	cluster_0	1.0000
11580	Spectrogram 1	1	15629.250000	15630.750000	0	0	4	cluster_4	0.8575
11581	Spectrogram 1	1	15630.500000	15633.000000	0	0	0	cluster_0	1.0000
11582	Spectrogram 1	1	15632.750000	15634.250000	0	0	4	cluster_4	0.8862
11583	Spectrogram 1	1	15634.000000	15635.750000	0	0	0	cluster_0	1.0000
11584	Spectrogram 1	1	15635.500000	15636.250000	0	0	10	cluster_10	0.7875
11585	Spectrogram 1	1	15636.000000	15637.000000	0	0	24	cluster_24	0.9786
11586	Spectrogram 1	1	15636.750000	15642.750000	0	0	0	cluster_0	0.9843
11587	Spectrogram 1	1	15642.500000	15643.000000	0	0	noise	cluster_noise	0.0000
11588	Spectrogram 1	1	15642.750000	15643.250000	0	0	0	cluster_0	1.0000
11589	Spectrogram 1	1	15643.000000	15643.500000	0	0	noise	cluster_noise	0.0000
11590	Spectrogram 1	1	15643.250000	15644.000000	0	0	3	cluster_3	1.0000
11591	Spectrogram 1	1	15643.750000	15644.250000	0	0	0	cluster_0	1.0000
11592	Spectrogram 1	1	15644.000000	15644.500000	0	0	3	cluster_3	0.8067
11593	Spectrogram 1	1	15644.250000	15644.750000	0	0	noise	cluster_noise	0.0000
11594	Spectrogram 1	1	15644.500000	15646.750000	0	0	0	cluster_0	1.0000
11595	Spectrogram 1	1	15646.500000	15647.000000	0	0	10	cluster_10	0.9963
11596	Spectrogram 1	1	15646.750000	15647.500000	0	0	3	cluster_3	1.0000
11597	Spectrogram 1	1	15647.250000	15649.250000	0	0	0	cluster_0	0.9681
11598	Spectrogram 1	1	15649.000000	15649.750000	0	0	10	cluster_10	0.9268
11599	Spectrogram 1	1	15649.500000	15655.000000	0	0	0	cluster_0	1.0000
11600	Spectrogram 1	1	15654.750000	15656.000000	0	0	24	cluster_24	0.9407
11601	Spectrogram 1	1	15655.750000	15656.250000	0	0	noise	cluster_noise	0.0000
11602	Spectrogram 1	1	15656.000000	15661.250000	0	0	0	cluster_0	1.0000
11603	Spectrogram 1	1	15661.000000	15661.750000	0	0	3	cluster_3	1.0000
11604	Spectrogram 1	1	15661.500000	15662.250000	0	0	noise	cluster_noise	0.0000
11605	Spectrogram 1	1	15662.000000	15664.750000	0	0	0	cluster_0	0.9799
11606	Spectrogram 1	1	15664.500000	15665.000000	0	0	noise	cluster_noise	0.0000
11607	Spectrogram 1	1	15664.750000	15667.250000	0	0	0	cluster_0	1.0000
11608	Spectrogram 1	1	15667.000000	15667.750000	0	0	noise	cluster_noise	0.0000
11609	Spectrogram 1	1	15667.500000	15669.750000	0	0	0	cluster_0	1.0000
11610	Spectrogram 1	1	15669.500000	15670.000000	0	0	3	cluster_3	0.9151
11611	Spectrogram 1	1	15669.750000	15670.250000	0	0	noise	cluster_noise	0.0000
11612	Spectrogram 1	1	15670.000000	15677.250000	0	0	0	cluster_0	0.9965
11613	Spectrogram 1	1	15677.000000	15677.500000	0	0	noise	cluster_noise	0.0000
11614	Spectrogram 1	1	15677.250000	15678.000000	0	0	24	cluster_24	0.9238
11615	Spectrogram 1	1	15677.750000	15682.500000	0	0	0	cluster_0	1.0000
11616	Spectrogram 1	1	15682.250000	15683.000000	0	0	noise	cluster_noise	0.0000
11617	Spectrogram 1	1	15682.750000	15683.250000	0	0	0	cluster_0	1.0000
11618	Spectrogram 1	1	15683.000000	15683.500000	0	0	noise	cluster_noise	0.0000
11619	Spectrogram 1	1	15683.250000	15683.750000	0	0	3	cluster_3	0.7923
11620	Spectrogram 1	1	15683.500000	15722.500000	0	0	0	cluster_0	0.9949
11621	Spectrogram 1	1	15722.250000	15723.000000	0	0	noise	cluster_noise	0.0000
11622	Spectrogram 1	1	15722.750000	15743.500000	0	0	0	cluster_0	0.9838
11623	Spectrogram 1	1	15743.250000	15744.000000	0	0	noise	cluster_noise	0.0000
11624	Spectrogram 1	1	15743.750000	15747.250000	0	0	0	cluster_0	1.0000
11625	Spectrogram 1	1	15747.000000	15748.250000	0	0	2	cluster_2	0.9904
11626	Spectrogram 1	1	15748.000000	15757.750000	0	0	0	cluster_0	1.0000
11627	Spectrogram 1	1	15757.500000	15758.000000	0	0	noise	cluster_noise	0.0000
11628	Spectrogram 1	1	15757.750000	15762.750000	0	0	0	cluster_0	0.9997
11629	Spectrogram 1	1	15762.500000	15763.750000	0	0	2	cluster_2	0.9655
11630	Spectrogram 1	1	15763.500000	15772.500000	0	0	0	cluster_0	1.0000
11631	Spectrogram 1	1	15774.000000	15775.250000	0	0	2	cluster_2	0.9021
11632	Spectrogram 1	1	15775.000000	15776.500000	0	0	0	cluster_0	1.0000
11633	Spectrogram 1	1	15776.250000	15776.750000	0	0	noise	cluster_noise	0.0000
11634	Spectrogram 1	1	15776.500000	15777.250000	0	0	24	cluster_24	1.0000
11635	Spectrogram 1	1	15777.000000	15777.500000	0	0	2	cluster_2	0.6252
11636	Spectrogram 1	1	15777.250000	15787.750000	0	0	0	cluster_0	1.0000
11637	Spectrogram 1	1	15787.500000	15788.750000	0	0	2	cluster_2	1.0000
11638	Spectrogram 1	1	15788.500000	15789.500000	0	0	0	cluster_0	0.9891
11639	Spectrogram 1	1	15790.000000	15791.000000	0	0	2	cluster_2	1.0000
11640	Spectrogram 1	1	15790.750000	15807.500000	0	0	0	cluster_0	1.0000
11641	Spectrogram 1	1	15903.000000	15903.500000	0	0	5	cluster_5	0.7201
11642	Spectrogram 1	1	15903.250000	15905.500000	0	0	0	cluster_0	0.9944
11643	Spectrogram 1	1	15905.250000	15907.250000	0	0	5	cluster_5	0.9347
11644	Spectrogram 1	1	15907.000000	15907.500000	0	0	0	cluster_0	1.0000
11645	Spectrogram 1	1	15918.000000	15920.000000	0	0	5	cluster_5	0.9553
11646	Spectrogram 1	1	15919.750000	15922.000000	0	0	0	cluster_0	0.9911
11647	Spectrogram 1	1	15921.750000	15922.250000	0	0	noise	cluster_noise	0.0000
11648	Spectrogram 1	1	15922.000000	15923.500000	0	0	5	cluster_5	0.9213
11649	Spectrogram 1	1	15930.000000	15930.500000	0	0	0	cluster_0	1.0000
11650	Spectrogram 1	1	15930.250000	15931.250000	0	0	noise	cluster_noise	0.0000
11651	Spectrogram 1	1	15931.000000	15931.500000	0	0	10	cluster_10	0.8703
11652	Spectrogram 1	1	15931.250000	15933.250000	0	0	0	cluster_0	1.0000
11653	Spectrogram 1	1	15933.000000	15935.500000	0	0	5	cluster_5	0.9740
11654	Spectrogram 1	1	15935.250000	15945.750000	0	0	0	cluster_0	0.9938
11655	Spectrogram 1	1	15945.500000	15947.500000	0	0	5	cluster_5	0.9654
11656	Spectrogram 1	1	15947.250000	15953.750000	0	0	0	cluster_0	0.9881
11657	Spectrogram 1	1	15953.500000	15954.500000	0	0	3	cluster_3	1.0000
11658	Spectrogram 1	1	15957.000000	15958.000000	0	0	0	cluster_0	1.0000
11659	Spectrogram 1	1	15957.750000	15958.250000	0	0	noise	cluster_noise	0.0000
11660	Spectrogram 1	1	15958.000000	15959.750000	0	0	5	cluster_5	1.0000
11661	Spectrogram 1	1	15959.500000	15960.000000	0	0	noise	cluster_noise	0.0000
11662	Spectrogram 1	1	15959.750000	15965.500000	0	0	0	cluster_0	1.0000
11663	Spectrogram 1	1	15965.250000	15965.750000	0	0	noise	cluster_noise	0.0000
11664	Spectrogram 1	1	15965.500000	15966.500000	0	0	1	cluster_1	0.8801
11665	Spectrogram 1	1	15976.000000	15977.000000	0	0	4	cluster_4	0.7231
11666	Spectrogram 1	1	15976.750000	15979.250000	0	0	0	cluster_0	1.0000
11667	Spectrogram 1	1	15979.000000	15979.500000	0	0	4	cluster_4	0.8307
11668	Spectrogram 1	1	15983.000000	15983.500000	0	0	0	cluster_0	1.0000
11669	Spectrogram 1	1	15983.250000	15984.000000	0	0	noise	cluster_noise	0.0000
11670	Spectrogram 1	1	15983.750000	15985.500000	0	0	0	cluster_0	1.0000
11671	Spectrogram 1	1	15985.250000	15985.750000	0	0	noise	cluster_noise	0.0000
11672	Spectrogram 1	1	15985.500000	15986.250000	0	0	10	cluster_10	0.6886
11673	Spectrogram 1	1	15986.000000	15987.750000	0	0	0	cluster_0	0.9712
11674	Spectrogram 1	1	15987.500000	15988.500000	0	0	10	cluster_10	0.7146
11675	Spectrogram 1	1	15988.250000	15990.250000	0	0	0	cluster_0	1.0000
11676	Spectrogram 1	1	15990.000000	15992.500000	0	0	4	cluster_4	0.9081
11677	Spectrogram 1	1	15994.000000	15994.500000	0	0	0	cluster_0	1.0000
11678	Spectrogram 1	1	15994.250000	15995.500000	0	0	4	cluster_4	0.9284
11679	Spectrogram 1	1	15997.000000	15998.250000	0	0	0	cluster_0	1.0000
11680	Spectrogram 1	1	15998.000000	15998.750000	0	0	10	cluster_10	0.6860
11681	Spectrogram 1	1	15998.500000	16000.250000	0	0	0	cluster_0	1.0000
11682	Spectrogram 1	1	16000.000000	16000.750000	0	0	10	cluster_10	0.6289
11683	Spectrogram 1	1	16000.500000	16002.000000	0	0	0	cluster_0	1.0000
11684	Spectrogram 1	1	16001.750000	16002.250000	0	0	noise	cluster_noise	0.0000
11685	Spectrogram 1	1	16002.000000	16002.500000	0	0	10	cluster_10	0.7423
11686	Spectrogram 1	1	16007.000000	16007.500000	0	0	4	cluster_4	1.0000
11687	Spectrogram 1	1	16007.250000	16010.250000	0	0	0	cluster_0	1.0000
11688	Spectrogram 1	1	16010.000000	16011.500000	0	0	4	cluster_4	0.9938
11689	Spectrogram 1	1	16011.250000	16019.750000	0	0	0	cluster_0	1.0000
11690	Spectrogram 1	1	16019.500000	16020.000000	0	0	noise	cluster_noise	0.0000
11691	Spectrogram 1	1	16019.750000	16020.750000	0	0	0	cluster_0	1.0000
11692	Spectrogram 1	1	16020.500000	16021.250000	0	0	3	cluster_3	1.0000
11693	Spectrogram 1	1	16021.000000	16028.500000	0	0	0	cluster_0	0.9930
11694	Spectrogram 1	1	16029.000000	16029.750000	0	0	24	cluster_24	0.9809
11695	Spectrogram 1	1	16029.500000	16039.750000	0	0	0	cluster_0	1.0000
11696	Spectrogram 1	1	16039.500000	16040.000000	0	0	noise	cluster_noise	0.0000
11697	Spectrogram 1	1	16039.750000	16042.500000	0	0	0	cluster_0	1.0000
11698	Spectrogram 1	1	16042.250000	16042.750000	0	0	3	cluster_3	0.8374
11699	Spectrogram 1	1	16042.500000	16044.750000	0	0	0	cluster_0	1.0000
11700	Spectrogram 1	1	16044.500000	16045.000000	0	0	10	cluster_10	0.6091
11701	Spectrogram 1	1	16044.750000	16045.250000	0	0	3	cluster_3	1.0000
11702	Spectrogram 1	1	16045.000000	16057.500000	0	0	0	cluster_0	1.0000
11703	Spectrogram 1	1	16057.250000	16058.250000	0	0	3	cluster_3	1.0000
11704	Spectrogram 1	1	16058.000000	16058.500000	0	0	noise	cluster_noise	0.0000
11705	Spectrogram 1	1	16058.250000	16060.250000	0	0	0	cluster_0	1.0000
11706	Spectrogram 1	1	16060.000000	16061.000000	0	0	3	cluster_3	1.0000
11707	Spectrogram 1	1	16060.750000	16061.250000	0	0	2	cluster_2	1.0000
11708	Spectrogram 1	1	16061.000000	16063.250000	0	0	0	cluster_0	1.0000
11709	Spectrogram 1	1	16063.000000	16064.000000	0	0	3	cluster_3	1.0000
11710	Spectrogram 1	1	16063.750000	16066.000000	0	0	0	cluster_0	1.0000
11711	Spectrogram 1	1	16065.750000	16066.750000	0	0	3	cluster_3	1.0000
11712	Spectrogram 1	1	16066.500000	16069.750000	0	0	0	cluster_0	0.9982
11713	Spectrogram 1	1	16069.500000	16070.000000	0	0	noise	cluster_noise	0.0000
11714	Spectrogram 1	1	16069.750000	16070.500000	0	0	24	cluster_24	1.0000
11715	Spectrogram 1	1	16070.250000	16076.250000	0	0	0	cluster_0	0.9982
11716	Spectrogram 1	1	16076.000000	16077.000000	0	0	3	cluster_3	1.0000
11717	Spectrogram 1	1	16076.750000	16077.250000	0	0	noise	cluster_noise	0.0000
11718	Spectrogram 1	1	16077.000000	16079.000000	0	0	0	cluster_0	1.0000
11719	Spectrogram 1	1	16078.750000	16079.750000	0	0	3	cluster_3	1.0000
11720	Spectrogram 1	1	16079.500000	16081.750000	0	0	0	cluster_0	1.0000
11721	Spectrogram 1	1	16081.500000	16082.500000	0	0	3	cluster_3	1.0000
11722	Spectrogram 1	1	16082.250000	16084.500000	0	0	0	cluster_0	0.9838
11723	Spectrogram 1	1	16084.250000	16085.500000	0	0	3	cluster_3	1.0000
11724	Spectrogram 1	1	16085.250000	16087.500000	0	0	0	cluster_0	1.0000
11725	Spectrogram 1	1	16087.250000	16088.500000	0	0	3	cluster_3	1.0000
11726	Spectrogram 1	1	16088.250000	16088.750000	0	0	noise	cluster_noise	0.0000
11727	Spectrogram 1	1	16088.500000	16090.500000	0	0	0	cluster_0	1.0000
11728	Spectrogram 1	1	16090.250000	16090.750000	0	0	3	cluster_3	0.9718
11729	Spectrogram 1	1	16090.500000	16091.000000	0	0	noise	cluster_noise	0.0000
11730	Spectrogram 1	1	16090.750000	16091.250000	0	0	3	cluster_3	0.8712
11731	Spectrogram 1	1	16091.000000	16092.250000	0	0	0	cluster_0	1.0000
11732	Spectrogram 1	1	16092.000000	16092.500000	0	0	noise	cluster_noise	0.0000
11733	Spectrogram 1	1	16092.250000	16093.500000	0	0	0	cluster_0	1.0000
11734	Spectrogram 1	1	16093.250000	16094.500000	0	0	3	cluster_3	1.0000
11735	Spectrogram 1	1	16094.250000	16096.500000	0	0	0	cluster_0	0.9748
11736	Spectrogram 1	1	16096.250000	16097.000000	0	0	3	cluster_3	1.0000
11737	Spectrogram 1	1	16096.750000	16097.500000	0	0	0	cluster_0	1.0000
11738	Spectrogram 1	1	16103.000000	16104.000000	0	0	3	cluster_3	1.0000
11739	Spectrogram 1	1	16103.750000	16106.250000	0	0	0	cluster_0	1.0000
11740	Spectrogram 1	1	16106.000000	16107.000000	0	0	2	cluster_2	0.9543
11741	Spectrogram 1	1	16106.750000	16117.000000	0	0	0	cluster_0	0.9843
11742	Spectrogram 1	1	16116.750000	16118.000000	0	0	3	cluster_3	1.0000
11743	Spectrogram 1	1	16117.750000	16118.500000	0	0	0	cluster_0	1.0000
11744	Spectrogram 1	1	16118.250000	16119.000000	0	0	3	cluster_3	1.0000
11745	Spectrogram 1	1	16118.750000	16119.250000	0	0	noise	cluster_noise	0.0000
11746	Spectrogram 1	1	16119.000000	16119.750000	0	0	0	cluster_0	1.0000
11747	Spectrogram 1	1	16119.500000	16121.000000	0	0	3	cluster_3	1.0000
11748	Spectrogram 1	1	16120.750000	16121.250000	0	0	noise	cluster_noise	0.0000
11749	Spectrogram 1	1	16121.000000	16121.500000	0	0	0	cluster_0	1.0000
11750	Spectrogram 1	1	16128.000000	16128.750000	0	0	3	cluster_3	0.9931
11751	Spectrogram 1	1	16128.500000	16130.250000	0	0	0	cluster_0	1.0000
11752	Spectrogram 1	1	16130.000000	16131.750000	0	0	3	cluster_3	0.9957
11753	Spectrogram 1	1	16131.500000	16133.000000	0	0	0	cluster_0	1.0000
11754	Spectrogram 1	1	16132.750000	16133.250000	0	0	noise	cluster_noise	0.0000
11755	Spectrogram 1	1	16133.000000	16141.250000	0	0	0	cluster_0	1.0000
11756	Spectrogram 1	1	16141.000000	16142.500000	0	0	3	cluster_3	1.0000
11757	Spectrogram 1	1	16142.250000	16142.750000	0	0	noise	cluster_noise	0.0000
11758	Spectrogram 1	1	16142.500000	16144.750000	0	0	0	cluster_0	1.0000
11759	Spectrogram 1	1	16144.500000	16146.000000	0	0	3	cluster_3	1.0000
11760	Spectrogram 1	1	16145.750000	16148.250000	0	0	0	cluster_0	1.0000
11761	Spectrogram 1	1	16148.000000	16150.000000	0	0	3	cluster_3	1.0000
11762	Spectrogram 1	1	16149.750000	16150.500000	0	0	0	cluster_0	1.0000
11763	Spectrogram 1	1	16150.250000	16150.750000	0	0	noise	cluster_noise	0.0000
11764	Spectrogram 1	1	16150.500000	16151.250000	0	0	24	cluster_24	1.0000
11765	Spectrogram 1	1	16151.000000	16152.250000	0	0	0	cluster_0	0.9452
11766	Spectrogram 1	1	16152.000000	16153.250000	0	0	2	cluster_2	0.9893
11767	Spectrogram 1	1	16153.000000	16157.500000	0	0	3	cluster_3	0.9705
11768	Spectrogram 1	1	16157.250000	16159.500000	0	0	0	cluster_0	1.0000
11769	Spectrogram 1	1	16159.250000	16160.250000	0	0	3	cluster_3	1.0000
11770	Spectrogram 1	1	16160.000000	16160.500000	0	0	0	cluster_0	1.0000
11771	Spectrogram 1	1	16160.250000	16160.750000	0	0	3	cluster_3	0.9492
11772	Spectrogram 1	1	16160.500000	16161.750000	0	0	0	cluster_0	1.0000
11773	Spectrogram 1	1	16161.500000	16164.250000	0	0	3	cluster_3	0.9902
11774	Spectrogram 1	1	16164.000000	16171.000000	0	0	0	cluster_0	1.0000
11775	Spectrogram 1	1	16170.750000	16172.000000	0	0	3	cluster_3	1.0000
11776	Spectrogram 1	1	16171.750000	16172.250000	0	0	noise	cluster_noise	0.0000
11777	Spectrogram 1	1	16172.000000	16174.000000	0	0	0	cluster_0	1.0000
11778	Spectrogram 1	1	16173.750000	16175.250000	0	0	3	cluster_3	0.9913
11779	Spectrogram 1	1	16175.000000	16176.750000	0	0	0	cluster_0	1.0000
11780	Spectrogram 1	1	16176.500000	16178.000000	0	0	2	cluster_2	0.9818
11781	Spectrogram 1	1	16177.750000	16187.500000	0	0	0	cluster_0	0.9909
11782	Spectrogram 1	1	16187.250000	16187.750000	0	0	3	cluster_3	1.0000
11783	Spectrogram 1	1	16187.500000	16204.750000	0	0	0	cluster_0	1.0000
11784	Spectrogram 1	1	16204.500000	16205.000000	0	0	noise	cluster_noise	0.0000
11785	Spectrogram 1	1	16204.750000	16205.250000	0	0	5	cluster_5	0.8731
11786	Spectrogram 1	1	16205.000000	16206.250000	0	0	2	cluster_2	1.0000
11787	Spectrogram 1	1	16206.000000	16207.500000	0	0	0	cluster_0	1.0000
11788	Spectrogram 1	1	16212.000000	16212.500000	0	0	3	cluster_3	1.0000
11789	Spectrogram 1	1	16212.250000	16212.750000	0	0	0	cluster_0	1.0000
11790	Spectrogram 1	1	16212.500000	16213.000000	0	0	3	cluster_3	1.0000
11791	Spectrogram 1	1	16212.750000	16213.250000	0	0	noise	cluster_noise	0.0000
11792	Spectrogram 1	1	16213.000000	16267.750000	0	0	0	cluster_0	1.0000
11793	Spectrogram 1	1	16267.500000	16269.000000	0	0	5	cluster_5	0.9707
11794	Spectrogram 1	1	16268.750000	16270.250000	0	0	0	cluster_0	1.0000
11795	Spectrogram 1	1	16270.000000	16270.500000	0	0	3	cluster_3	0.8817
11796	Spectrogram 1	1	16284.000000	16285.000000	0	0	0	cluster_0	1.0000
11797	Spectrogram 1	1	16284.750000	16285.500000	0	0	noise	cluster_noise	0.0000
11798	Spectrogram 1	1	16285.250000	16285.750000	0	0	10	cluster_10	0.7616
11799	Spectrogram 1	1	16285.500000	16298.750000	0	0	0	cluster_0	1.0000
11800	Spectrogram 1	1	16298.500000	16299.500000	0	0	noise	cluster_noise	0.0000
11801	Spectrogram 1	1	16299.250000	16300.500000	0	0	0	cluster_0	1.0000
11802	Spectrogram 1	1	16300.250000	16301.250000	0	0	noise	cluster_noise	0.0000
11803	Spectrogram 1	1	16301.000000	16301.500000	0	0	0	cluster_0	1.0000
11804	Spectrogram 1	1	16312.000000	16312.500000	0	0	5	cluster_5	0.8207
11805	Spectrogram 1	1	16312.250000	16313.750000	0	0	0	cluster_0	0.9745
11806	Spectrogram 1	1	16313.500000	16314.500000	0	0	noise	cluster_noise	0.0000
11807	Spectrogram 1	1	16314.250000	16315.750000	0	0	0	cluster_0	1.0000
11808	Spectrogram 1	1	16315.500000	16316.250000	0	0	noise	cluster_noise	0.0000
11809	Spectrogram 1	1	16316.000000	16316.500000	0	0	0	cluster_0	1.0000
11810	Spectrogram 1	1	16327.000000	16328.500000	0	0	5	cluster_5	0.9619
11811	Spectrogram 1	1	16328.250000	16329.750000	0	0	0	cluster_0	0.9487
11812	Spectrogram 1	1	16329.500000	16330.250000	0	0	noise	cluster_noise	0.0000
11813	Spectrogram 1	1	16330.000000	16337.500000	0	0	0	cluster_0	0.9889
11814	Spectrogram 1	1	16337.250000	16338.000000	0	0	noise	cluster_noise	0.0000
11815	Spectrogram 1	1	16337.750000	16338.250000	0	0	10	cluster_10	0.6315
11816	Spectrogram 1	1	16338.000000	16340.500000	0	0	0	cluster_0	0.9768
11817	Spectrogram 1	1	16340.250000	16341.750000	0	0	5	cluster_5	0.9926
11818	Spectrogram 1	1	16341.500000	16344.500000	0	0	0	cluster_0	0.9766
11819	Spectrogram 1	1	16344.250000	16345.250000	0	0	5	cluster_5	0.9583
11820	Spectrogram 1	1	16345.000000	16345.500000	0	0	noise	cluster_noise	0.0000
11821	Spectrogram 1	1	16345.250000	16346.500000	0	0	0	cluster_0	1.0000
11822	Spectrogram 1	1	16346.250000	16347.000000	0	0	noise	cluster_noise	0.0000
11823	Spectrogram 1	1	16346.750000	16355.750000	0	0	0	cluster_0	0.9757
11824	Spectrogram 1	1	16355.500000	16356.250000	0	0	5	cluster_5	0.9349
11825	Spectrogram 1	1	16356.000000	16356.500000	0	0	noise	cluster_noise	0.0000
11826	Spectrogram 1	1	16356.250000	16361.500000	0	0	0	cluster_0	1.0000
11827	Spectrogram 1	1	16363.000000	16365.000000	0	0	noise	cluster_noise	0.0000
11828	Spectrogram 1	1	16364.750000	16367.000000	0	0	0	cluster_0	1.0000
11829	Spectrogram 1	1	16366.750000	16367.750000	0	0	5	cluster_5	0.8029
11830	Spectrogram 1	1	16367.500000	16373.500000	0	0	0	cluster_0	1.0000
11831	Spectrogram 1	1	16373.250000	16374.500000	0	0	noise	cluster_noise	0.0000
11832	Spectrogram 1	1	16377.000000	16380.000000	0	0	0	cluster_0	0.9880
11833	Spectrogram 1	1	16379.750000	16380.500000	0	0	noise	cluster_noise	0.0000
11834	Spectrogram 1	1	16380.250000	16381.500000	0	0	0	cluster_0	0.9333
11835	Spectrogram 1	1	16381.250000	16382.000000	0	0	5	cluster_5	0.9304
11836	Spectrogram 1	1	16381.750000	16392.250000	0	0	0	cluster_0	0.9689
11837	Spectrogram 1	1	16392.000000	16394.500000	0	0	5	cluster_5	1.0000
11838	Spectrogram 1	1	16394.250000	16399.000000	0	0	0	cluster_0	1.0000
11839	Spectrogram 1	1	16398.750000	16399.250000	0	0	noise	cluster_noise	0.0000
11840	Spectrogram 1	1	16399.000000	16401.500000	0	0	0	cluster_0	0.9045
11841	Spectrogram 1	1	16401.250000	16401.750000	0	0	noise	cluster_noise	0.0000
11842	Spectrogram 1	1	16401.500000	16404.750000	0	0	0	cluster_0	0.9800
11843	Spectrogram 1	1	16404.500000	16405.000000	0	0	noise	cluster_noise	0.0000
11844	Spectrogram 1	1	16404.750000	16406.750000	0	0	5	cluster_5	0.9684
11845	Spectrogram 1	1	16406.500000	16411.500000	0	0	0	cluster_0	0.9948
11846	Spectrogram 1	1	16418.000000	16419.000000	0	0	5	cluster_5	1.0000
11847	Spectrogram 1	1	16418.750000	16421.500000	0	0	0	cluster_0	0.9757
11848	Spectrogram 1	1	16426.000000	16428.750000	0	0	4	cluster_4	0.7421
11849	Spectrogram 1	1	16428.500000	16440.250000	0	0	0	cluster_0	0.9990
11850	Spectrogram 1	1	16440.000000	16443.000000	0	0	4	cluster_4	0.7516
11851	Spectrogram 1	1	16442.750000	16444.500000	0	0	0	cluster_0	1.0000
11852	Spectrogram 1	1	16444.250000	16445.000000	0	0	noise	cluster_noise	0.0000
11853	Spectrogram 1	1	16444.750000	16451.500000	0	0	0	cluster_0	0.9960
11854	Spectrogram 1	1	16451.250000	16453.000000	0	0	4	cluster_4	0.7539
11855	Spectrogram 1	1	16452.750000	16461.750000	0	0	0	cluster_0	1.0000
11856	Spectrogram 1	1	16461.500000	16463.000000	0	0	4	cluster_4	0.7813
11857	Spectrogram 1	1	16462.750000	16465.250000	0	0	0	cluster_0	1.0000
11858	Spectrogram 1	1	16465.000000	16467.500000	0	0	4	cluster_4	0.7787
11859	Spectrogram 1	1	16468.000000	16508.750000	0	0	0	cluster_0	0.9960
11860	Spectrogram 1	1	16508.500000	16509.250000	0	0	3	cluster_3	0.9062
11861	Spectrogram 1	1	16509.000000	16512.000000	0	0	0	cluster_0	1.0000
11862	Spectrogram 1	1	16511.750000	16512.500000	0	0	3	cluster_3	0.9114
11863	Spectrogram 1	1	16512.250000	16517.000000	0	0	0	cluster_0	1.0000
11864	Spectrogram 1	1	16516.750000	16517.250000	0	0	noise	cluster_noise	0.0000
11865	Spectrogram 1	1	16517.000000	16522.500000	0	0	0	cluster_0	1.0000
11866	Spectrogram 1	1	16529.000000	16530.000000	0	0	3	cluster_3	0.8902
11867	Spectrogram 1	1	16529.750000	16530.250000	0	0	noise	cluster_noise	0.0000
11868	Spectrogram 1	1	16530.000000	16530.500000	0	0	2	cluster_2	0.6322
11869	Spectrogram 1	1	16530.250000	16532.750000	0	0	0	cluster_0	1.0000
11870	Spectrogram 1	1	16532.500000	16533.000000	0	0	noise	cluster_noise	0.0000
11871	Spectrogram 1	1	16532.750000	16533.250000	0	0	0	cluster_0	0.7487
11872	Spectrogram 1	1	16533.000000	16533.500000	0	0	3	cluster_3	0.9541
11873	Spectrogram 1	1	16542.000000	16546.750000	0	0	0	cluster_0	1.0000
11874	Spectrogram 1	1	16546.500000	16547.250000	0	0	3	cluster_3	0.9116
11875	Spectrogram 1	1	16547.000000	16547.500000	0	0	noise	cluster_noise	0.0000
11876	Spectrogram 1	1	16547.250000	16556.500000	0	0	0	cluster_0	1.0000
11877	Spectrogram 1	1	16556.250000	16557.250000	0	0	3	cluster_3	0.9983
11878	Spectrogram 1	1	16557.000000	16558.750000	0	0	0	cluster_0	1.0000
11879	Spectrogram 1	1	16558.500000	16559.000000	0	0	noise	cluster_noise	0.0000
11880	Spectrogram 1	1	16558.750000	16561.500000	0	0	0	cluster_0	1.0000
11881	Spectrogram 1	1	16565.000000	16565.750000	0	0	2	cluster_2	1.0000
11882	Spectrogram 1	1	16565.500000	16566.000000	0	0	noise	cluster_noise	0.0000
11883	Spectrogram 1	1	16565.750000	16583.250000	0	0	0	cluster_0	1.0000
11884	Spectrogram 1	1	16583.000000	16583.750000	0	0	3	cluster_3	1.0000
11885	Spectrogram 1	1	16583.500000	16586.750000	0	0	0	cluster_0	0.9861
11886	Spectrogram 1	1	16586.500000	16587.500000	0	0	2	cluster_2	0.9728
11887	Spectrogram 1	1	16587.250000	16608.500000	0	0	0	cluster_0	0.9846
11888	Spectrogram 1	1	16608.250000	16609.500000	0	0	noise	cluster_noise	0.0000
11889	Spectrogram 1	1	16609.250000	16615.500000	0	0	0	cluster_0	0.9908
