Selection	View	Channel	Begin Time (s)	End Time (s)	Low Freq (Hz)	High Freq (Hz)	Cluster	Label	Score
1	Spectrogram 1	1	263.000000	263.750000	0	0	8	cluster_8	1.0000
2	Spectrogram 1	1	263.500000	264.000000	0	0	noise	cluster_noise	0.0000
3	Spectrogram 1	1	263.750000	265.000000	0	0	18	cluster_18	0.9592
4	Spectrogram 1	1	264.750000	265.250000	0	0	noise	cluster_noise	0.0000
5	Spectrogram 1	1	265.000000	265.750000	0	0	19	cluster_19	0.9066
6	Spectrogram 1	1	265.500000	266.000000	0	0	noise	cluster_noise	0.0000
7	Spectrogram 1	1	265.750000	266.250000	0	0	8	cluster_8	1.0000
8	Spectrogram 1	1	266.000000	266.500000	0	0	3	cluster_3	1.0000
9	Spectrogram 1	1	266.250000	266.750000	0	0	8	cluster_8	0.9859
10	Spectrogram 1	1	266.500000	267.000000	0	0	noise	cluster_noise	0.0000
11	Spectrogram 1	1	266.750000	267.250000	0	0	3	cluster_3	1.0000
12	Spectrogram 1	1	267.000000	269.250000	0	0	8	cluster_8	1.0000
13	Spectrogram 1	1	269.000000	269.500000	0	0	13	cluster_13	0.6642
14	Spectrogram 1	1	269.250000	271.250000	0	0	1	cluster_1	0.9639
15	Spectrogram 1	1	271.000000	272.000000	0	0	8	cluster_8	0.9198
16	Spectrogram 1	1	271.750000	272.250000	0	0	noise	cluster_noise	0.0000
17	Spectrogram 1	1	272.000000	274.000000	0	0	1	cluster_1	0.9806
18	Spectrogram 1	1	273.750000	274.250000	0	0	noise	cluster_noise	0.0000
19	Spectrogram 1	1	274.000000	275.000000	0	0	8	cluster_8	1.0000
20	Spectrogram 1	1	274.750000	275.250000	0	0	noise	cluster_noise	0.0000
21	Spectrogram 1	1	275.000000	275.500000	0	0	8	cluster_8	1.0000
22	Spectrogram 1	1	275.250000	276.000000	0	0	noise	cluster_noise	0.0000
23	Spectrogram 1	1	275.750000	276.750000	0	0	16	cluster_16	0.9950
24	Spectrogram 1	1	276.500000	277.500000	0	0	noise	cluster_noise	0.0000
25	Spectrogram 1	1	277.250000	278.000000	0	0	17	cluster_17	0.9013
26	Spectrogram 1	1	277.750000	278.250000	0	0	8	cluster_8	1.0000
27	Spectrogram 1	1	278.000000	278.500000	0	0	noise	cluster_noise	0.0000
28	Spectrogram 1	1	278.250000	278.750000	0	0	17	cluster_17	0.8704
29	Spectrogram 1	1	278.500000	279.000000	0	0	noise	cluster_noise	0.0000
30	Spectrogram 1	1	278.750000	279.250000	0	0	3	cluster_3	0.7411
31	Spectrogram 1	1	279.000000	281.750000	0	0	8	cluster_8	1.0000
32	Spectrogram 1	1	281.500000	282.000000	0	0	13	cluster_13	1.0000
33	Spectrogram 1	1	281.750000	282.250000	0	0	noise	cluster_noise	0.0000
34	Spectrogram 1	1	282.000000	284.000000	0	0	1	cluster_1	0.9759
35	Spectrogram 1	1	283.750000	284.500000	0	0	8	cluster_8	1.0000
36	Spectrogram 1	1	284.250000	284.750000	0	0	13	cluster_13	1.0000
37	Spectrogram 1	1	284.500000	285.000000	0	0	noise	cluster_noise	0.0000
38	Spectrogram 1	1	284.750000	286.750000	0	0	1	cluster_1	0.9244
39	Spectrogram 1	1	286.500000	287.000000	0	0	noise	cluster_noise	0.0000
40	Spectrogram 1	1	286.750000	288.000000	0	0	8	cluster_8	0.9642
41	Spectrogram 1	1	287.750000	288.250000	0	0	13	cluster_13	0.9918
42	Spectrogram 1	1	288.000000	288.500000	0	0	noise	cluster_noise	0.0000
43	Spectrogram 1	1	288.250000	289.000000	0	0	16	cluster_16	1.0000
44	Spectrogram 1	1	288.750000	290.500000	0	0	noise	cluster_noise	0.0000
45	Spectrogram 1	1	290.250000	291.000000	0	0	17	cluster_17	0.8881
46	Spectrogram 1	1	290.750000	291.250000	0	0	8	cluster_8	1.0000
47	Spectrogram 1	1	291.000000	291.750000	0	0	3	cluster_3	0.9293
48	Spectrogram 1	1	291.500000	292.000000	0	0	noise	cluster_noise	0.0000
49	Spectrogram 1	1	291.750000	293.250000	0	0	3	cluster_3	0.9439
50	Spectrogram 1	1	293.000000	293.500000	0	0	8	cluster_8	1.0000
51	Spectrogram 1	1	295.000000	296.750000	0	0	1	cluster_1	0.9174
52	Spectrogram 1	1	296.500000	297.250000	0	0	8	cluster_8	1.0000
53	Spectrogram 1	1	297.000000	297.500000	0	0	noise	cluster_noise	0.0000
54	Spectrogram 1	1	297.250000	297.750000	0	0	13	cluster_13	0.6618
55	Spectrogram 1	1	297.500000	299.500000	0	0	1	cluster_1	0.9588
56	Spectrogram 1	1	299.250000	300.500000	0	0	8	cluster_8	1.0000
57	Spectrogram 1	1	300.250000	300.750000	0	0	noise	cluster_noise	0.0000
58	Spectrogram 1	1	300.500000	301.000000	0	0	13	cluster_13	0.7305
59	Spectrogram 1	1	300.750000	301.250000	0	0	12	cluster_12	0.7303
60	Spectrogram 1	1	301.000000	302.500000	0	0	noise	cluster_noise	0.0000
61	Spectrogram 1	1	302.250000	302.750000	0	0	17	cluster_17	0.8813
62	Spectrogram 1	1	302.500000	303.000000	0	0	noise	cluster_noise	0.0000
63	Spectrogram 1	1	302.750000	303.250000	0	0	17	cluster_17	0.9968
64	Spectrogram 1	1	303.000000	303.500000	0	0	8	cluster_8	1.0000
65	Spectrogram 1	1	303.250000	304.000000	0	0	3	cluster_3	0.9374
66	Spectrogram 1	1	303.750000	304.750000	0	0	noise	cluster_noise	0.0000
67	Spectrogram 1	1	304.500000	305.500000	0	0	3	cluster_3	1.0000
68	Spectrogram 1	1	305.250000	306.500000	0	0	8	cluster_8	1.0000
69	Spectrogram 1	1	307.000000	307.500000	0	0	13	cluster_13	0.7713
70	Spectrogram 1	1	307.250000	307.750000	0	0	noise	cluster_noise	0.0000
71	Spectrogram 1	1	307.500000	309.000000	0	0	1	cluster_1	1.0000
72	Spectrogram 1	1	308.750000	309.250000	0	0	noise	cluster_noise	0.0000
73	Spectrogram 1	1	309.000000	310.000000	0	0	8	cluster_8	1.0000
74	Spectrogram 1	1	309.750000	310.250000	0	0	13	cluster_13	0.6766
75	Spectrogram 1	1	310.000000	312.250000	0	0	1	cluster_1	0.9285
76	Spectrogram 1	1	312.000000	312.500000	0	0	8	cluster_8	0.8599
77	Spectrogram 1	1	312.250000	312.750000	0	0	noise	cluster_noise	0.0000
78	Spectrogram 1	1	312.500000	313.500000	0	0	8	cluster_8	0.9422
79	Spectrogram 1	1	313.250000	314.000000	0	0	noise	cluster_noise	0.0000
80	Spectrogram 1	1	313.750000	315.250000	0	0	18	cluster_18	0.9601
81	Spectrogram 1	1	315.000000	315.750000	0	0	noise	cluster_noise	0.0000
82	Spectrogram 1	1	315.500000	316.000000	0	0	19	cluster_19	1.0000
83	Spectrogram 1	1	315.750000	316.250000	0	0	noise	cluster_noise	0.0000
84	Spectrogram 1	1	316.000000	316.750000	0	0	8	cluster_8	1.0000
85	Spectrogram 1	1	316.500000	317.250000	0	0	noise	cluster_noise	0.0000
86	Spectrogram 1	1	317.000000	318.750000	0	0	3	cluster_3	0.9925
87	Spectrogram 1	1	318.500000	319.500000	0	0	8	cluster_8	0.9759
88	Spectrogram 1	1	320.000000	320.500000	0	0	13	cluster_13	0.6743
89	Spectrogram 1	1	320.250000	322.500000	0	0	1	cluster_1	0.9473
90	Spectrogram 1	1	322.250000	323.000000	0	0	8	cluster_8	0.9895
91	Spectrogram 1	1	322.750000	323.250000	0	0	13	cluster_13	0.6790
92	Spectrogram 1	1	323.000000	325.250000	0	0	1	cluster_1	0.9138
93	Spectrogram 1	1	325.000000	326.500000	0	0	8	cluster_8	0.9730
94	Spectrogram 1	1	326.250000	326.750000	0	0	13	cluster_13	1.0000
95	Spectrogram 1	1	326.500000	328.250000	0	0	noise	cluster_noise	0.0000
96	Spectrogram 1	1	328.000000	329.000000	0	0	17	cluster_17	0.8865
97	Spectrogram 1	1	328.750000	329.250000	0	0	noise	cluster_noise	0.0000
98	Spectrogram 1	1	329.000000	329.500000	0	0	8	cluster_8	1.0000
99	Spectrogram 1	1	329.250000	329.750000	0	0	noise	cluster_noise	0.0000
100	Spectrogram 1	1	329.500000	331.250000	0	0	3	cluster_3	0.9749
101	Spectrogram 1	1	331.000000	331.500000	0	0	8	cluster_8	1.0000
102	Spectrogram 1	1	331.250000	332.000000	0	0	3	cluster_3	1.0000
103	Spectrogram 1	1	331.750000	332.500000	0	0	8	cluster_8	1.0000
104	Spectrogram 1	1	334.000000	335.000000	0	0	noise	cluster_noise	0.0000
105	Spectrogram 1	1	334.750000	335.250000	0	0	17	cluster_17	0.9320
106	Spectrogram 1	1	335.000000	336.000000	0	0	noise	cluster_noise	0.0000
107	Spectrogram 1	1	335.750000	336.250000	0	0	17	cluster_17	0.9539
108	Spectrogram 1	1	336.000000	336.500000	0	0	noise	cluster_noise	0.0000
109	Spectrogram 1	1	336.250000	337.750000	0	0	8	cluster_8	1.0000
110	Spectrogram 1	1	337.500000	338.000000	0	0	13	cluster_13	1.0000
111	Spectrogram 1	1	337.750000	338.500000	0	0	18	cluster_18	0.9125
112	Spectrogram 1	1	338.250000	338.750000	0	0	noise	cluster_noise	0.0000
113	Spectrogram 1	1	338.500000	339.000000	0	0	18	cluster_18	0.6983
114	Spectrogram 1	1	338.750000	339.500000	0	0	noise	cluster_noise	0.0000
115	Spectrogram 1	1	339.250000	340.500000	0	0	8	cluster_8	0.9992
116	Spectrogram 1	1	340.250000	341.000000	0	0	3	cluster_3	0.9166
117	Spectrogram 1	1	340.750000	341.250000	0	0	noise	cluster_noise	0.0000
118	Spectrogram 1	1	341.000000	341.500000	0	0	3	cluster_3	0.7591
119	Spectrogram 1	1	341.250000	341.750000	0	0	noise	cluster_noise	0.0000
120	Spectrogram 1	1	341.500000	342.250000	0	0	3	cluster_3	0.8828
121	Spectrogram 1	1	342.000000	343.500000	0	0	8	cluster_8	1.0000
122	Spectrogram 1	1	345.000000	345.750000	0	0	20	cluster_20	0.6120
123	Spectrogram 1	1	345.500000	346.750000	0	0	noise	cluster_noise	0.0000
124	Spectrogram 1	1	346.500000	347.500000	0	0	17	cluster_17	0.9158
125	Spectrogram 1	1	347.250000	347.750000	0	0	8	cluster_8	1.0000
126	Spectrogram 1	1	347.500000	348.000000	0	0	noise	cluster_noise	0.0000
127	Spectrogram 1	1	347.750000	348.250000	0	0	8	cluster_8	1.0000
128	Spectrogram 1	1	348.000000	348.500000	0	0	noise	cluster_noise	0.0000
129	Spectrogram 1	1	348.250000	349.250000	0	0	8	cluster_8	1.0000
130	Spectrogram 1	1	349.000000	349.500000	0	0	noise	cluster_noise	0.0000
131	Spectrogram 1	1	349.250000	350.750000	0	0	18	cluster_18	0.9595
132	Spectrogram 1	1	350.500000	351.250000	0	0	noise	cluster_noise	0.0000
133	Spectrogram 1	1	351.000000	351.500000	0	0	19	cluster_19	0.9714
134	Spectrogram 1	1	351.250000	351.750000	0	0	17	cluster_17	0.9259
135	Spectrogram 1	1	351.500000	352.000000	0	0	noise	cluster_noise	0.0000
136	Spectrogram 1	1	351.750000	353.250000	0	0	3	cluster_3	0.9596
137	Spectrogram 1	1	353.000000	355.750000	0	0	8	cluster_8	1.0000
138	Spectrogram 1	1	355.500000	356.750000	0	0	noise	cluster_noise	0.0000
139	Spectrogram 1	1	356.500000	357.750000	0	0	20	cluster_20	0.8521
140	Spectrogram 1	1	357.500000	358.750000	0	0	noise	cluster_noise	0.0000
141	Spectrogram 1	1	358.500000	360.250000	0	0	8	cluster_8	1.0000
142	Spectrogram 1	1	360.000000	360.500000	0	0	3	cluster_3	1.0000
143	Spectrogram 1	1	360.250000	360.750000	0	0	13	cluster_13	0.8213
144	Spectrogram 1	1	360.500000	361.750000	0	0	18	cluster_18	0.9570
145	Spectrogram 1	1	361.500000	362.000000	0	0	noise	cluster_noise	0.0000
146	Spectrogram 1	1	361.750000	362.750000	0	0	19	cluster_19	0.9662
147	Spectrogram 1	1	362.500000	363.250000	0	0	8	cluster_8	0.8984
148	Spectrogram 1	1	363.000000	363.500000	0	0	noise	cluster_noise	0.0000
149	Spectrogram 1	1	363.250000	363.750000	0	0	13	cluster_13	0.7835
150	Spectrogram 1	1	363.500000	365.000000	0	0	8	cluster_8	0.9335
151	Spectrogram 1	1	364.750000	365.500000	0	0	noise	cluster_noise	0.0000
152	Spectrogram 1	1	365.250000	365.750000	0	0	8	cluster_8	1.0000
153	Spectrogram 1	1	365.500000	366.000000	0	0	noise	cluster_noise	0.0000
154	Spectrogram 1	1	365.750000	366.250000	0	0	8	cluster_8	0.8618
155	Spectrogram 1	1	366.000000	366.500000	0	0	noise	cluster_noise	0.0000
156	Spectrogram 1	1	366.250000	367.250000	0	0	8	cluster_8	0.9554
157	Spectrogram 1	1	367.000000	367.500000	0	0	noise	cluster_noise	0.0000
158	Spectrogram 1	1	367.250000	368.000000	0	0	8	cluster_8	0.9835
159	Spectrogram 1	1	367.750000	368.500000	0	0	noise	cluster_noise	0.0000
160	Spectrogram 1	1	368.250000	370.000000	0	0	8	cluster_8	0.9869
161	Spectrogram 1	1	369.750000	370.750000	0	0	noise	cluster_noise	0.0000
162	Spectrogram 1	1	370.500000	371.750000	0	0	8	cluster_8	0.9734
163	Spectrogram 1	1	371.500000	372.000000	0	0	noise	cluster_noise	0.0000
164	Spectrogram 1	1	371.750000	372.500000	0	0	21	cluster_21	0.8397
165	Spectrogram 1	1	372.250000	372.750000	0	0	22	cluster_22	1.0000
166	Spectrogram 1	1	372.500000	374.750000	0	0	noise	cluster_noise	0.0000
167	Spectrogram 1	1	374.500000	375.000000	0	0	17	cluster_17	1.0000
168	Spectrogram 1	1	374.750000	376.250000	0	0	8	cluster_8	0.9718
169	Spectrogram 1	1	376.000000	376.500000	0	0	13	cluster_13	1.0000
170	Spectrogram 1	1	376.250000	376.750000	0	0	noise	cluster_noise	0.0000
171	Spectrogram 1	1	376.500000	377.500000	0	0	18	cluster_18	0.8536
172	Spectrogram 1	1	377.250000	378.000000	0	0	19	cluster_19	0.9447
173	Spectrogram 1	1	377.750000	378.250000	0	0	noise	cluster_noise	0.0000
174	Spectrogram 1	1	378.000000	378.500000	0	0	19	cluster_19	0.8275
175	Spectrogram 1	1	378.250000	379.500000	0	0	8	cluster_8	0.9425
176	Spectrogram 1	1	379.250000	379.750000	0	0	noise	cluster_noise	0.0000
177	Spectrogram 1	1	379.500000	381.000000	0	0	8	cluster_8	0.9364
178	Spectrogram 1	1	380.750000	381.250000	0	0	noise	cluster_noise	0.0000
179	Spectrogram 1	1	381.000000	388.500000	0	0	8	cluster_8	0.9620
180	Spectrogram 1	1	388.250000	391.250000	0	0	noise	cluster_noise	0.0000
181	Spectrogram 1	1	391.000000	392.750000	0	0	8	cluster_8	0.9807
182	Spectrogram 1	1	392.500000	393.000000	0	0	13	cluster_13	0.6841
183	Spectrogram 1	1	392.750000	393.250000	0	0	noise	cluster_noise	0.0000
184	Spectrogram 1	1	393.000000	393.750000	0	0	18	cluster_18	0.9773
185	Spectrogram 1	1	393.500000	394.000000	0	0	noise	cluster_noise	0.0000
186	Spectrogram 1	1	393.750000	395.000000	0	0	19	cluster_19	0.9328
187	Spectrogram 1	1	394.750000	397.250000	0	0	8	cluster_8	0.9571
188	Spectrogram 1	1	397.000000	397.500000	0	0	noise	cluster_noise	0.0000
189	Spectrogram 1	1	397.250000	398.500000	0	0	8	cluster_8	1.0000
190	Spectrogram 1	1	398.250000	398.750000	0	0	3	cluster_3	1.0000
191	Spectrogram 1	1	398.500000	404.500000	0	0	8	cluster_8	0.9796
192	Spectrogram 1	1	404.250000	405.250000	0	0	noise	cluster_noise	0.0000
193	Spectrogram 1	1	405.000000	405.500000	0	0	22	cluster_22	0.9710
194	Spectrogram 1	1	405.250000	407.000000	0	0	noise	cluster_noise	0.0000
195	Spectrogram 1	1	406.750000	407.250000	0	0	17	cluster_17	0.8835
196	Spectrogram 1	1	407.000000	407.750000	0	0	noise	cluster_noise	0.0000
197	Spectrogram 1	1	407.500000	411.000000	0	0	8	cluster_8	0.9833
198	Spectrogram 1	1	410.750000	411.250000	0	0	noise	cluster_noise	0.0000
199	Spectrogram 1	1	411.000000	411.750000	0	0	9	cluster_9	0.7558
200	Spectrogram 1	1	411.500000	412.250000	0	0	noise	cluster_noise	0.0000
201	Spectrogram 1	1	412.000000	416.500000	0	0	8	cluster_8	0.9921
202	Spectrogram 1	1	417.000000	417.750000	0	0	noise	cluster_noise	0.0000
203	Spectrogram 1	1	417.500000	418.000000	0	0	20	cluster_20	0.5600
204	Spectrogram 1	1	417.750000	418.750000	0	0	noise	cluster_noise	0.0000
205	Spectrogram 1	1	418.500000	419.000000	0	0	17	cluster_17	0.8932
206	Spectrogram 1	1	418.750000	422.250000	0	0	8	cluster_8	0.9929
207	Spectrogram 1	1	422.000000	422.500000	0	0	noise	cluster_noise	0.0000
208	Spectrogram 1	1	422.250000	423.500000	0	0	9	cluster_9	0.7786
209	Spectrogram 1	1	427.000000	428.500000	0	0	8	cluster_8	1.0000
210	Spectrogram 1	1	430.000000	430.500000	0	0	noise	cluster_noise	0.0000
211	Spectrogram 1	1	430.250000	431.250000	0	0	17	cluster_17	0.9354
212	Spectrogram 1	1	431.000000	433.500000	0	0	8	cluster_8	0.9876
213	Spectrogram 1	1	433.250000	435.500000	0	0	0	cluster_0	0.9000
214	Spectrogram 1	1	435.250000	435.750000	0	0	17	cluster_17	1.0000
215	Spectrogram 1	1	435.500000	436.000000	0	0	noise	cluster_noise	0.0000
216	Spectrogram 1	1	435.750000	436.500000	0	0	8	cluster_8	1.0000
217	Spectrogram 1	1	437.000000	440.250000	0	0	0	cluster_0	0.9133
218	Spectrogram 1	1	440.000000	443.250000	0	0	8	cluster_8	1.0000
219	Spectrogram 1	1	443.000000	443.500000	0	0	noise	cluster_noise	0.0000
220	Spectrogram 1	1	443.250000	444.500000	0	0	8	cluster_8	1.0000
221	Spectrogram 1	1	444.250000	444.750000	0	0	noise	cluster_noise	0.0000
222	Spectrogram 1	1	444.500000	446.750000	0	0	8	cluster_8	0.9653
223	Spectrogram 1	1	446.500000	447.000000	0	0	noise	cluster_noise	0.0000
224	Spectrogram 1	1	446.750000	447.500000	0	0	8	cluster_8	1.0000
225	Spectrogram 1	1	447.250000	447.750000	0	0	noise	cluster_noise	0.0000
226	Spectrogram 1	1	447.500000	448.500000	0	0	8	cluster_8	0.9438
227	Spectrogram 1	1	448.250000	449.500000	0	0	0	cluster_0	0.8897
228	Spectrogram 1	1	449.250000	450.000000	0	0	noise	cluster_noise	0.0000
229	Spectrogram 1	1	449.750000	450.250000	0	0	0	cluster_0	0.5062
230	Spectrogram 1	1	450.000000	452.000000	0	0	8	cluster_8	0.9726
231	Spectrogram 1	1	451.750000	453.750000	0	0	0	cluster_0	0.7074
232	Spectrogram 1	1	453.500000	454.000000	0	0	noise	cluster_noise	0.0000
233	Spectrogram 1	1	453.750000	454.500000	0	0	0	cluster_0	0.9797
234	Spectrogram 1	1	456.000000	460.750000	0	0	8	cluster_8	0.9879
235	Spectrogram 1	1	460.500000	461.000000	0	0	noise	cluster_noise	0.0000
236	Spectrogram 1	1	460.750000	461.500000	0	0	8	cluster_8	1.0000
237	Spectrogram 1	1	461.250000	461.750000	0	0	noise	cluster_noise	0.0000
238	Spectrogram 1	1	461.500000	462.500000	0	0	8	cluster_8	1.0000
239	Spectrogram 1	1	462.250000	462.750000	0	0	3	cluster_3	1.0000
240	Spectrogram 1	1	462.500000	463.250000	0	0	8	cluster_8	1.0000
241	Spectrogram 1	1	463.000000	463.500000	0	0	3	cluster_3	1.0000
242	Spectrogram 1	1	463.250000	464.000000	0	0	8	cluster_8	1.0000
243	Spectrogram 1	1	463.750000	464.250000	0	0	3	cluster_3	1.0000
244	Spectrogram 1	1	464.000000	465.000000	0	0	8	cluster_8	1.0000
245	Spectrogram 1	1	464.750000	465.250000	0	0	3	cluster_3	1.0000
246	Spectrogram 1	1	465.000000	465.750000	0	0	8	cluster_8	1.0000
247	Spectrogram 1	1	465.500000	466.000000	0	0	3	cluster_3	1.0000
248	Spectrogram 1	1	465.750000	466.500000	0	0	8	cluster_8	1.0000
249	Spectrogram 1	1	466.250000	467.000000	0	0	3	cluster_3	0.9376
250	Spectrogram 1	1	466.750000	467.750000	0	0	8	cluster_8	1.0000
251	Spectrogram 1	1	467.500000	468.000000	0	0	noise	cluster_noise	0.0000
252	Spectrogram 1	1	467.750000	468.500000	0	0	8	cluster_8	1.0000
253	Spectrogram 1	1	468.250000	469.250000	0	0	0	cluster_0	0.7533
254	Spectrogram 1	1	469.000000	469.500000	0	0	noise	cluster_noise	0.0000
255	Spectrogram 1	1	469.250000	472.000000	0	0	8	cluster_8	0.9902
256	Spectrogram 1	1	471.750000	472.250000	0	0	noise	cluster_noise	0.0000
257	Spectrogram 1	1	472.000000	472.500000	0	0	0	cluster_0	0.8607
258	Spectrogram 1	1	473.000000	473.750000	0	0	8	cluster_8	0.9606
259	Spectrogram 1	1	473.500000	474.250000	0	0	noise	cluster_noise	0.0000
260	Spectrogram 1	1	474.000000	475.250000	0	0	8	cluster_8	1.0000
261	Spectrogram 1	1	475.000000	475.500000	0	0	3	cluster_3	1.0000
262	Spectrogram 1	1	475.250000	477.250000	0	0	8	cluster_8	1.0000
263	Spectrogram 1	1	477.000000	477.500000	0	0	3	cluster_3	1.0000
264	Spectrogram 1	1	477.250000	481.250000	0	0	8	cluster_8	0.9923
265	Spectrogram 1	1	481.000000	481.500000	0	0	3	cluster_3	1.0000
266	Spectrogram 1	1	481.250000	482.000000	0	0	8	cluster_8	1.0000
267	Spectrogram 1	1	481.750000	482.250000	0	0	3	cluster_3	1.0000
268	Spectrogram 1	1	482.000000	483.000000	0	0	8	cluster_8	1.0000
269	Spectrogram 1	1	482.750000	483.250000	0	0	3	cluster_3	1.0000
270	Spectrogram 1	1	483.000000	486.250000	0	0	8	cluster_8	0.9728
271	Spectrogram 1	1	486.000000	486.500000	0	0	noise	cluster_noise	0.0000
272	Spectrogram 1	1	486.250000	487.500000	0	0	8	cluster_8	0.9693
273	Spectrogram 1	1	487.250000	487.750000	0	0	noise	cluster_noise	0.0000
274	Spectrogram 1	1	487.500000	488.500000	0	0	0	cluster_0	0.8956
275	Spectrogram 1	1	488.250000	491.250000	0	0	8	cluster_8	0.9839
276	Spectrogram 1	1	491.000000	492.250000	0	0	0	cluster_0	0.7462
277	Spectrogram 1	1	492.000000	492.500000	0	0	noise	cluster_noise	0.0000
278	Spectrogram 1	1	492.250000	493.500000	0	0	8	cluster_8	0.9242
279	Spectrogram 1	1	494.000000	494.500000	0	0	3	cluster_3	1.0000
280	Spectrogram 1	1	494.250000	496.250000	0	0	8	cluster_8	0.9899
281	Spectrogram 1	1	496.000000	496.500000	0	0	3	cluster_3	1.0000
282	Spectrogram 1	1	496.250000	497.000000	0	0	8	cluster_8	0.9562
283	Spectrogram 1	1	496.750000	497.250000	0	0	3	cluster_3	1.0000
284	Spectrogram 1	1	497.000000	497.750000	0	0	noise	cluster_noise	0.0000
285	Spectrogram 1	1	497.500000	499.500000	0	0	8	cluster_8	0.9854
286	Spectrogram 1	1	499.250000	499.750000	0	0	noise	cluster_noise	0.0000
287	Spectrogram 1	1	499.500000	501.250000	0	0	8	cluster_8	0.9787
288	Spectrogram 1	1	501.000000	501.750000	0	0	3	cluster_3	0.9323
289	Spectrogram 1	1	501.500000	502.250000	0	0	noise	cluster_noise	0.0000
290	Spectrogram 1	1	502.000000	502.500000	0	0	8	cluster_8	0.9119
291	Spectrogram 1	1	502.250000	502.750000	0	0	noise	cluster_noise	0.0000
292	Spectrogram 1	1	502.500000	503.000000	0	0	3	cluster_3	1.0000
293	Spectrogram 1	1	502.750000	503.250000	0	0	8	cluster_8	1.0000
294	Spectrogram 1	1	503.000000	503.500000	0	0	noise	cluster_noise	0.0000
295	Spectrogram 1	1	503.250000	503.750000	0	0	3	cluster_3	1.0000
296	Spectrogram 1	1	503.500000	504.000000	0	0	noise	cluster_noise	0.0000
297	Spectrogram 1	1	503.750000	504.500000	0	0	3	cluster_3	0.8950
298	Spectrogram 1	1	504.250000	506.000000	0	0	8	cluster_8	0.9749
299	Spectrogram 1	1	505.750000	506.500000	0	0	3	cluster_3	1.0000
300	Spectrogram 1	1	507.000000	509.000000	0	0	8	cluster_8	0.9832
301	Spectrogram 1	1	508.750000	509.500000	0	0	3	cluster_3	1.0000
302	Spectrogram 1	1	509.250000	512.000000	0	0	8	cluster_8	0.9683
303	Spectrogram 1	1	511.750000	512.250000	0	0	3	cluster_3	1.0000
304	Spectrogram 1	1	512.000000	512.500000	0	0	noise	cluster_noise	0.0000
305	Spectrogram 1	1	512.250000	513.000000	0	0	8	cluster_8	0.9169
306	Spectrogram 1	1	512.750000	513.250000	0	0	noise	cluster_noise	0.0000
307	Spectrogram 1	1	513.000000	513.750000	0	0	10	cluster_10	0.7620
308	Spectrogram 1	1	513.500000	514.000000	0	0	noise	cluster_noise	0.0000
309	Spectrogram 1	1	513.750000	514.250000	0	0	11	cluster_11	0.3787
310	Spectrogram 1	1	514.000000	514.500000	0	0	noise	cluster_noise	0.0000
311	Spectrogram 1	1	514.250000	515.750000	0	0	8	cluster_8	0.9729
312	Spectrogram 1	1	515.500000	516.000000	0	0	10	cluster_10	0.8836
313	Spectrogram 1	1	515.750000	517.000000	0	0	noise	cluster_noise	0.0000
314	Spectrogram 1	1	516.750000	517.250000	0	0	10	cluster_10	0.4636
315	Spectrogram 1	1	517.000000	517.750000	0	0	noise	cluster_noise	0.0000
316	Spectrogram 1	1	517.500000	518.000000	0	0	8	cluster_8	1.0000
317	Spectrogram 1	1	517.750000	520.000000	0	0	noise	cluster_noise	0.0000
318	Spectrogram 1	1	519.750000	520.250000	0	0	10	cluster_10	0.4495
319	Spectrogram 1	1	520.000000	521.500000	0	0	noise	cluster_noise	0.0000
320	Spectrogram 1	1	526.000000	526.750000	0	0	8	cluster_8	0.9295
321	Spectrogram 1	1	526.500000	527.500000	0	0	3	cluster_3	0.9148
322	Spectrogram 1	1	537.000000	537.500000	0	0	10	cluster_10	0.5898
323	Spectrogram 1	1	537.250000	538.000000	0	0	noise	cluster_noise	0.0000
324	Spectrogram 1	1	537.750000	538.250000	0	0	11	cluster_11	0.3810
325	Spectrogram 1	1	538.000000	538.750000	0	0	noise	cluster_noise	0.0000
326	Spectrogram 1	1	538.500000	539.500000	0	0	8	cluster_8	0.9513
327	Spectrogram 1	1	540.000000	540.500000	0	0	noise	cluster_noise	0.0000
328	Spectrogram 1	1	540.250000	541.500000	0	0	10	cluster_10	0.8244
329	Spectrogram 1	1	554.000000	555.000000	0	0	3	cluster_3	0.8965
330	Spectrogram 1	1	554.750000	555.250000	0	0	1	cluster_1	0.9465
331	Spectrogram 1	1	555.000000	555.500000	0	0	3	cluster_3	0.7373
332	Spectrogram 1	1	556.000000	557.000000	0	0	8	cluster_8	1.0000
333	Spectrogram 1	1	556.750000	557.750000	0	0	3	cluster_3	1.0000
334	Spectrogram 1	1	557.500000	558.000000	0	0	2	cluster_2	0.8142
335	Spectrogram 1	1	557.750000	558.250000	0	0	3	cluster_3	0.8069
336	Spectrogram 1	1	558.000000	558.500000	0	0	1	cluster_1	0.5537
337	Spectrogram 1	1	558.250000	558.750000	0	0	noise	cluster_noise	0.0000
338	Spectrogram 1	1	558.500000	560.000000	0	0	8	cluster_8	1.0000
339	Spectrogram 1	1	559.750000	561.000000	0	0	3	cluster_3	0.9804
340	Spectrogram 1	1	560.750000	561.250000	0	0	1	cluster_1	0.5969
341	Spectrogram 1	1	561.000000	564.500000	0	0	3	cluster_3	0.8384
342	Spectrogram 1	1	564.250000	564.750000	0	0	noise	cluster_noise	0.0000
343	Spectrogram 1	1	564.500000	565.000000	0	0	1	cluster_1	0.5473
344	Spectrogram 1	1	564.750000	565.500000	0	0	noise	cluster_noise	0.0000
345	Spectrogram 1	1	565.250000	565.750000	0	0	3	cluster_3	1.0000
346	Spectrogram 1	1	565.500000	566.250000	0	0	noise	cluster_noise	0.0000
347	Spectrogram 1	1	566.000000	566.500000	0	0	3	cluster_3	0.8010
348	Spectrogram 1	1	566.250000	566.750000	0	0	2	cluster_2	0.4975
349	Spectrogram 1	1	566.500000	567.000000	0	0	noise	cluster_noise	0.0000
350	Spectrogram 1	1	566.750000	567.250000	0	0	3	cluster_3	0.9317
351	Spectrogram 1	1	567.000000	567.500000	0	0	noise	cluster_noise	0.0000
352	Spectrogram 1	1	567.250000	569.500000	0	0	8	cluster_8	1.0000
353	Spectrogram 1	1	569.250000	569.750000	0	0	noise	cluster_noise	0.0000
354	Spectrogram 1	1	569.500000	571.000000	0	0	1	cluster_1	0.9534
355	Spectrogram 1	1	570.750000	571.500000	0	0	noise	cluster_noise	0.0000
356	Spectrogram 1	1	571.250000	572.250000	0	0	8	cluster_8	1.0000
357	Spectrogram 1	1	572.000000	572.500000	0	0	noise	cluster_noise	0.0000
358	Spectrogram 1	1	572.250000	573.750000	0	0	8	cluster_8	1.0000
359	Spectrogram 1	1	573.500000	575.000000	0	0	3	cluster_3	0.9769
360	Spectrogram 1	1	574.750000	575.500000	0	0	noise	cluster_noise	0.0000
361	Spectrogram 1	1	575.250000	576.000000	0	0	3	cluster_3	0.9788
362	Spectrogram 1	1	575.750000	577.250000	0	0	8	cluster_8	1.0000
363	Spectrogram 1	1	577.000000	577.500000	0	0	3	cluster_3	1.0000
364	Spectrogram 1	1	579.000000	580.000000	0	0	8	cluster_8	0.9884
365	Spectrogram 1	1	579.750000	580.250000	0	0	noise	cluster_noise	0.0000
366	Spectrogram 1	1	580.000000	580.500000	0	0	3	cluster_3	0.7633
367	Spectrogram 1	1	587.000000	588.750000	0	0	8	cluster_8	1.0000
368	Spectrogram 1	1	588.500000	590.500000	0	0	3	cluster_3	0.9667
369	Spectrogram 1	1	590.250000	590.750000	0	0	8	cluster_8	0.9939
370	Spectrogram 1	1	590.500000	591.000000	0	0	noise	cluster_noise	0.0000
371	Spectrogram 1	1	590.750000	591.250000	0	0	8	cluster_8	0.9421
372	Spectrogram 1	1	591.000000	591.500000	0	0	noise	cluster_noise	0.0000
373	Spectrogram 1	1	591.250000	592.500000	0	0	8	cluster_8	1.0000
374	Spectrogram 1	1	595.000000	597.500000	0	0	1	cluster_1	0.9635
375	Spectrogram 1	1	597.250000	597.750000	0	0	noise	cluster_noise	0.0000
376	Spectrogram 1	1	597.500000	598.500000	0	0	8	cluster_8	1.0000
377	Spectrogram 1	1	598.250000	599.750000	0	0	noise	cluster_noise	0.0000
378	Spectrogram 1	1	599.500000	600.250000	0	0	16	cluster_16	0.9163
379	Spectrogram 1	1	600.000000	601.750000	0	0	noise	cluster_noise	0.0000
380	Spectrogram 1	1	601.500000	603.000000	0	0	8	cluster_8	1.0000
381	Spectrogram 1	1	602.750000	604.000000	0	0	3	cluster_3	0.9339
382	Spectrogram 1	1	603.750000	604.250000	0	0	noise	cluster_noise	0.0000
383	Spectrogram 1	1	604.000000	604.750000	0	0	3	cluster_3	0.8745
384	Spectrogram 1	1	604.500000	605.000000	0	0	noise	cluster_noise	0.0000
385	Spectrogram 1	1	604.750000	605.250000	0	0	3	cluster_3	0.8565
386	Spectrogram 1	1	605.000000	606.000000	0	0	8	cluster_8	0.9984
387	Spectrogram 1	1	605.750000	606.250000	0	0	noise	cluster_noise	0.0000
388	Spectrogram 1	1	606.000000	608.250000	0	0	1	cluster_1	0.9849
389	Spectrogram 1	1	608.000000	608.500000	0	0	8	cluster_8	0.9016
390	Spectrogram 1	1	609.000000	611.000000	0	0	1	cluster_1	1.0000
391	Spectrogram 1	1	610.750000	611.250000	0	0	8	cluster_8	0.9246
392	Spectrogram 1	1	611.000000	611.750000	0	0	noise	cluster_noise	0.0000
393	Spectrogram 1	1	611.500000	612.250000	0	0	8	cluster_8	1.0000
394	Spectrogram 1	1	612.000000	613.000000	0	0	noise	cluster_noise	0.0000
395	Spectrogram 1	1	612.750000	614.000000	0	0	16	cluster_16	0.9697
396	Spectrogram 1	1	613.750000	614.250000	0	0	noise	cluster_noise	0.0000
397	Spectrogram 1	1	614.000000	615.000000	0	0	17	cluster_17	0.9007
398	Spectrogram 1	1	614.750000	615.500000	0	0	8	cluster_8	1.0000
399	Spectrogram 1	1	615.250000	618.000000	0	0	3	cluster_3	0.9308
400	Spectrogram 1	1	617.750000	619.250000	0	0	8	cluster_8	1.0000
401	Spectrogram 1	1	619.000000	619.500000	0	0	13	cluster_13	0.8326
402	Spectrogram 1	1	619.250000	624.250000	0	0	1	cluster_1	0.9828
403	Spectrogram 1	1	624.000000	624.500000	0	0	noise	cluster_noise	0.0000
404	Spectrogram 1	1	624.250000	625.500000	0	0	8	cluster_8	0.9571
405	Spectrogram 1	1	625.250000	625.750000	0	0	13	cluster_13	0.7732
406	Spectrogram 1	1	625.500000	626.250000	0	0	14	cluster_14	1.0000
407	Spectrogram 1	1	626.000000	626.750000	0	0	noise	cluster_noise	0.0000
408	Spectrogram 1	1	626.500000	627.000000	0	0	14	cluster_14	1.0000
409	Spectrogram 1	1	626.750000	627.250000	0	0	19	cluster_19	0.8756
410	Spectrogram 1	1	627.000000	627.500000	0	0	noise	cluster_noise	0.0000
411	Spectrogram 1	1	627.250000	627.750000	0	0	19	cluster_19	0.9384
412	Spectrogram 1	1	627.500000	628.000000	0	0	17	cluster_17	0.9685
413	Spectrogram 1	1	627.750000	629.000000	0	0	8	cluster_8	0.9679
414	Spectrogram 1	1	628.750000	630.500000	0	0	3	cluster_3	0.9727
415	Spectrogram 1	1	630.250000	631.000000	0	0	noise	cluster_noise	0.0000
416	Spectrogram 1	1	630.750000	632.250000	0	0	8	cluster_8	1.0000
417	Spectrogram 1	1	632.000000	632.500000	0	0	13	cluster_13	0.6776
418	Spectrogram 1	1	632.250000	633.500000	0	0	1	cluster_1	0.9779
419	Spectrogram 1	1	633.250000	633.750000	0	0	8	cluster_8	0.8423
420	Spectrogram 1	1	633.500000	634.000000	0	0	1	cluster_1	0.6243
421	Spectrogram 1	1	633.750000	634.250000	0	0	noise	cluster_noise	0.0000
422	Spectrogram 1	1	634.000000	634.500000	0	0	8	cluster_8	1.0000
423	Spectrogram 1	1	635.000000	636.750000	0	0	1	cluster_1	0.9076
424	Spectrogram 1	1	636.500000	638.250000	0	0	8	cluster_8	0.9929
425	Spectrogram 1	1	638.000000	638.500000	0	0	13	cluster_13	1.0000
426	Spectrogram 1	1	638.250000	640.000000	0	0	noise	cluster_noise	0.0000
427	Spectrogram 1	1	639.750000	640.500000	0	0	17	cluster_17	0.9346
428	Spectrogram 1	1	640.250000	640.750000	0	0	noise	cluster_noise	0.0000
429	Spectrogram 1	1	640.500000	641.750000	0	0	8	cluster_8	1.0000
430	Spectrogram 1	1	641.500000	643.750000	0	0	3	cluster_3	0.9660
431	Spectrogram 1	1	643.500000	645.000000	0	0	8	cluster_8	1.0000
432	Spectrogram 1	1	644.750000	645.250000	0	0	13	cluster_13	0.9101
433	Spectrogram 1	1	645.000000	645.500000	0	0	noise	cluster_noise	0.0000
434	Spectrogram 1	1	645.250000	647.250000	0	0	1	cluster_1	0.9623
435	Spectrogram 1	1	647.000000	647.500000	0	0	8	cluster_8	1.0000
436	Spectrogram 1	1	648.000000	649.750000	0	0	1	cluster_1	0.9280
437	Spectrogram 1	1	649.500000	651.000000	0	0	8	cluster_8	0.9494
438	Spectrogram 1	1	650.750000	651.250000	0	0	13	cluster_13	1.0000
439	Spectrogram 1	1	651.000000	652.500000	0	0	18	cluster_18	0.9619
440	Spectrogram 1	1	652.250000	653.000000	0	0	19	cluster_19	0.8504
441	Spectrogram 1	1	652.750000	653.500000	0	0	noise	cluster_noise	0.0000
442	Spectrogram 1	1	653.250000	654.000000	0	0	8	cluster_8	0.9166
443	Spectrogram 1	1	653.750000	656.000000	0	0	3	cluster_3	0.9599
444	Spectrogram 1	1	655.750000	656.250000	0	0	8	cluster_8	1.0000
445	Spectrogram 1	1	656.000000	656.750000	0	0	noise	cluster_noise	0.0000
446	Spectrogram 1	1	656.500000	658.000000	0	0	8	cluster_8	0.9927
447	Spectrogram 1	1	657.750000	658.250000	0	0	noise	cluster_noise	0.0000
448	Spectrogram 1	1	658.000000	660.000000	0	0	1	cluster_1	1.0000
449	Spectrogram 1	1	659.750000	660.250000	0	0	noise	cluster_noise	0.0000
450	Spectrogram 1	1	660.000000	660.500000	0	0	8	cluster_8	1.0000
451	Spectrogram 1	1	660.250000	660.750000	0	0	noise	cluster_noise	0.0000
452	Spectrogram 1	1	660.500000	662.500000	0	0	1	cluster_1	0.9001
453	Spectrogram 1	1	662.250000	662.750000	0	0	8	cluster_8	1.0000
454	Spectrogram 1	1	662.500000	663.000000	0	0	noise	cluster_noise	0.0000
455	Spectrogram 1	1	662.750000	663.750000	0	0	8	cluster_8	0.9712
456	Spectrogram 1	1	663.500000	664.000000	0	0	13	cluster_13	1.0000
457	Spectrogram 1	1	663.750000	664.250000	0	0	noise	cluster_noise	0.0000
458	Spectrogram 1	1	664.000000	665.500000	0	0	18	cluster_18	0.9407
459	Spectrogram 1	1	665.250000	666.250000	0	0	19	cluster_19	0.9490
460	Spectrogram 1	1	666.000000	666.750000	0	0	8	cluster_8	1.0000
461	Spectrogram 1	1	666.500000	668.500000	0	0	3	cluster_3	0.9487
462	Spectrogram 1	1	668.250000	669.000000	0	0	noise	cluster_noise	0.0000
463	Spectrogram 1	1	668.750000	671.000000	0	0	8	cluster_8	1.0000
464	Spectrogram 1	1	670.750000	671.250000	0	0	3	cluster_3	1.0000
465	Spectrogram 1	1	671.000000	671.500000	0	0	noise	cluster_noise	0.0000
466	Spectrogram 1	1	671.250000	672.500000	0	0	8	cluster_8	0.9618
467	Spectrogram 1	1	672.250000	673.000000	0	0	noise	cluster_noise	0.0000
468	Spectrogram 1	1	672.750000	673.250000	0	0	8	cluster_8	0.8386
469	Spectrogram 1	1	673.000000	673.500000	0	0	noise	cluster_noise	0.0000
470	Spectrogram 1	1	675.000000	675.500000	0	0	8	cluster_8	1.0000
471	Spectrogram 1	1	675.250000	675.750000	0	0	13	cluster_13	1.0000
472	Spectrogram 1	1	675.500000	677.000000	0	0	18	cluster_18	0.9325
473	Spectrogram 1	1	676.750000	677.250000	0	0	noise	cluster_noise	0.0000
474	Spectrogram 1	1	677.000000	677.750000	0	0	19	cluster_19	0.8707
475	Spectrogram 1	1	677.500000	678.000000	0	0	noise	cluster_noise	0.0000
476	Spectrogram 1	1	677.750000	679.250000	0	0	3	cluster_3	1.0000
477	Spectrogram 1	1	679.000000	680.250000	0	0	8	cluster_8	1.0000
478	Spectrogram 1	1	680.000000	681.000000	0	0	3	cluster_3	0.9767
479	Spectrogram 1	1	680.750000	682.750000	0	0	8	cluster_8	1.0000
480	Spectrogram 1	1	682.500000	685.000000	0	0	noise	cluster_noise	0.0000
481	Spectrogram 1	1	684.750000	685.250000	0	0	17	cluster_17	0.8685
482	Spectrogram 1	1	685.000000	687.000000	0	0	8	cluster_8	0.9718
483	Spectrogram 1	1	686.750000	687.250000	0	0	13	cluster_13	0.7422
484	Spectrogram 1	1	687.000000	687.500000	0	0	noise	cluster_noise	0.0000
485	Spectrogram 1	1	688.000000	688.750000	0	0	18	cluster_18	0.8830
486	Spectrogram 1	1	688.500000	689.000000	0	0	19	cluster_19	0.9769
487	Spectrogram 1	1	688.750000	689.250000	0	0	noise	cluster_noise	0.0000
488	Spectrogram 1	1	689.000000	689.500000	0	0	19	cluster_19	0.9160
489	Spectrogram 1	1	689.250000	690.750000	0	0	3	cluster_3	1.0000
490	Spectrogram 1	1	690.500000	693.750000	0	0	8	cluster_8	0.9927
491	Spectrogram 1	1	693.500000	694.250000	0	0	noise	cluster_noise	0.0000
492	Spectrogram 1	1	694.000000	694.500000	0	0	8	cluster_8	1.0000
493	Spectrogram 1	1	694.250000	695.500000	0	0	noise	cluster_noise	0.0000
494	Spectrogram 1	1	695.250000	695.750000	0	0	17	cluster_17	0.9320
495	Spectrogram 1	1	695.500000	696.500000	0	0	noise	cluster_noise	0.0000
496	Spectrogram 1	1	696.250000	697.000000	0	0	8	cluster_8	1.0000
497	Spectrogram 1	1	696.750000	697.250000	0	0	17	cluster_17	0.9647
498	Spectrogram 1	1	697.000000	697.750000	0	0	8	cluster_8	1.0000
499	Spectrogram 1	1	697.500000	698.000000	0	0	13	cluster_13	0.9966
500	Spectrogram 1	1	697.750000	698.250000	0	0	noise	cluster_noise	0.0000
501	Spectrogram 1	1	698.000000	699.250000	0	0	18	cluster_18	1.0000
502	Spectrogram 1	1	699.000000	700.000000	0	0	19	cluster_19	0.8732
503	Spectrogram 1	1	699.750000	700.250000	0	0	noise	cluster_noise	0.0000
504	Spectrogram 1	1	700.000000	700.500000	0	0	8	cluster_8	0.8281
505	Spectrogram 1	1	700.250000	701.000000	0	0	noise	cluster_noise	0.0000
506	Spectrogram 1	1	700.750000	701.500000	0	0	8	cluster_8	0.9744
507	Spectrogram 1	1	701.250000	701.750000	0	0	noise	cluster_noise	0.0000
508	Spectrogram 1	1	701.500000	702.000000	0	0	8	cluster_8	0.9518
509	Spectrogram 1	1	701.750000	702.250000	0	0	noise	cluster_noise	0.0000
510	Spectrogram 1	1	702.000000	706.000000	0	0	8	cluster_8	0.9587
511	Spectrogram 1	1	705.750000	706.500000	0	0	noise	cluster_noise	0.0000
512	Spectrogram 1	1	706.250000	707.750000	0	0	8	cluster_8	0.9667
513	Spectrogram 1	1	707.500000	708.000000	0	0	noise	cluster_noise	0.0000
514	Spectrogram 1	1	707.750000	709.250000	0	0	8	cluster_8	0.9552
515	Spectrogram 1	1	709.000000	710.000000	0	0	noise	cluster_noise	0.0000
516	Spectrogram 1	1	709.750000	710.250000	0	0	22	cluster_22	1.0000
517	Spectrogram 1	1	710.000000	710.500000	0	0	noise	cluster_noise	0.0000
518	Spectrogram 1	1	710.250000	710.750000	0	0	22	cluster_22	0.9874
519	Spectrogram 1	1	710.500000	711.000000	0	0	noise	cluster_noise	0.0000
520	Spectrogram 1	1	710.750000	711.500000	0	0	20	cluster_20	0.6260
521	Spectrogram 1	1	711.250000	712.500000	0	0	noise	cluster_noise	0.0000
522	Spectrogram 1	1	712.250000	713.750000	0	0	8	cluster_8	1.0000
523	Spectrogram 1	1	713.500000	714.000000	0	0	13	cluster_13	1.0000
524	Spectrogram 1	1	713.750000	715.000000	0	0	18	cluster_18	0.9278
525	Spectrogram 1	1	714.750000	715.750000	0	0	19	cluster_19	0.8688
526	Spectrogram 1	1	715.500000	717.250000	0	0	8	cluster_8	0.9759
527	Spectrogram 1	1	717.000000	718.000000	0	0	noise	cluster_noise	0.0000
528	Spectrogram 1	1	717.750000	719.500000	0	0	8	cluster_8	0.9749
529	Spectrogram 1	1	719.250000	719.750000	0	0	noise	cluster_noise	0.0000
530	Spectrogram 1	1	719.500000	723.750000	0	0	8	cluster_8	0.9730
531	Spectrogram 1	1	723.500000	724.000000	0	0	noise	cluster_noise	0.0000
532	Spectrogram 1	1	723.750000	725.000000	0	0	8	cluster_8	1.0000
533	Spectrogram 1	1	724.750000	726.250000	0	0	noise	cluster_noise	0.0000
534	Spectrogram 1	1	726.000000	726.750000	0	0	22	cluster_22	1.0000
535	Spectrogram 1	1	726.500000	728.000000	0	0	noise	cluster_noise	0.0000
536	Spectrogram 1	1	727.750000	728.250000	0	0	17	cluster_17	0.9126
537	Spectrogram 1	1	728.000000	729.000000	0	0	noise	cluster_noise	0.0000
538	Spectrogram 1	1	728.750000	729.500000	0	0	8	cluster_8	1.0000
539	Spectrogram 1	1	729.250000	729.750000	0	0	13	cluster_13	1.0000
540	Spectrogram 1	1	729.500000	730.000000	0	0	noise	cluster_noise	0.0000
541	Spectrogram 1	1	729.750000	730.750000	0	0	18	cluster_18	0.9226
542	Spectrogram 1	1	730.500000	731.000000	0	0	19	cluster_19	0.8707
543	Spectrogram 1	1	730.750000	731.250000	0	0	noise	cluster_noise	0.0000
544	Spectrogram 1	1	731.000000	731.750000	0	0	19	cluster_19	0.8493
545	Spectrogram 1	1	731.500000	733.500000	0	0	8	cluster_8	0.9595
546	Spectrogram 1	1	733.250000	733.750000	0	0	noise	cluster_noise	0.0000
547	Spectrogram 1	1	733.500000	736.750000	0	0	8	cluster_8	0.9646
548	Spectrogram 1	1	736.500000	737.000000	0	0	noise	cluster_noise	0.0000
549	Spectrogram 1	1	736.750000	739.250000	0	0	8	cluster_8	0.9925
550	Spectrogram 1	1	739.000000	740.750000	0	0	noise	cluster_noise	0.0000
551	Spectrogram 1	1	740.500000	741.250000	0	0	20	cluster_20	0.5790
552	Spectrogram 1	1	741.000000	741.500000	0	0	noise	cluster_noise	0.0000
553	Spectrogram 1	1	741.250000	741.750000	0	0	17	cluster_17	0.8687
554	Spectrogram 1	1	741.500000	742.000000	0	0	noise	cluster_noise	0.0000
555	Spectrogram 1	1	741.750000	742.250000	0	0	17	cluster_17	0.9320
556	Spectrogram 1	1	742.000000	742.750000	0	0	noise	cluster_noise	0.0000
557	Spectrogram 1	1	742.500000	746.000000	0	0	8	cluster_8	0.9800
558	Spectrogram 1	1	745.750000	746.250000	0	0	noise	cluster_noise	0.0000
559	Spectrogram 1	1	746.000000	746.750000	0	0	8	cluster_8	1.0000
560	Spectrogram 1	1	746.500000	747.250000	0	0	noise	cluster_noise	0.0000
561	Spectrogram 1	1	747.000000	747.500000	0	0	2	cluster_2	0.7947
562	Spectrogram 1	1	747.250000	748.000000	0	0	noise	cluster_noise	0.0000
563	Spectrogram 1	1	747.750000	749.250000	0	0	8	cluster_8	1.0000
564	Spectrogram 1	1	749.000000	749.500000	0	0	2	cluster_2	0.3857
565	Spectrogram 1	1	749.250000	749.750000	0	0	noise	cluster_noise	0.0000
566	Spectrogram 1	1	749.500000	751.500000	0	0	8	cluster_8	1.0000
567	Spectrogram 1	1	751.250000	752.500000	0	0	noise	cluster_noise	0.0000
568	Spectrogram 1	1	755.000000	756.500000	0	0	8	cluster_8	1.0000
569	Spectrogram 1	1	756.250000	756.750000	0	0	noise	cluster_noise	0.0000
570	Spectrogram 1	1	756.500000	758.000000	0	0	9	cluster_9	0.8238
571	Spectrogram 1	1	757.750000	758.750000	0	0	8	cluster_8	1.0000
572	Spectrogram 1	1	758.500000	759.000000	0	0	3	cluster_3	0.9594
573	Spectrogram 1	1	758.750000	759.500000	0	0	noise	cluster_noise	0.0000
574	Spectrogram 1	1	759.250000	759.750000	0	0	2	cluster_2	0.4063
575	Spectrogram 1	1	759.500000	760.000000	0	0	noise	cluster_noise	0.0000
576	Spectrogram 1	1	759.750000	760.250000	0	0	3	cluster_3	0.8137
577	Spectrogram 1	1	760.000000	760.750000	0	0	noise	cluster_noise	0.0000
578	Spectrogram 1	1	760.500000	761.000000	0	0	3	cluster_3	1.0000
579	Spectrogram 1	1	760.750000	761.750000	0	0	2	cluster_2	0.7312
580	Spectrogram 1	1	761.500000	762.250000	0	0	noise	cluster_noise	0.0000
581	Spectrogram 1	1	762.000000	763.500000	0	0	8	cluster_8	0.9773
582	Spectrogram 1	1	765.000000	766.250000	0	0	noise	cluster_noise	0.0000
583	Spectrogram 1	1	766.000000	766.500000	0	0	17	cluster_17	0.9187
584	Spectrogram 1	1	766.250000	767.000000	0	0	noise	cluster_noise	0.0000
585	Spectrogram 1	1	766.750000	767.250000	0	0	17	cluster_17	0.8615
586	Spectrogram 1	1	767.000000	771.250000	0	0	8	cluster_8	0.9886
587	Spectrogram 1	1	771.000000	771.500000	0	0	noise	cluster_noise	0.0000
588	Spectrogram 1	1	771.250000	772.000000	0	0	2	cluster_2	0.6887
589	Spectrogram 1	1	771.750000	772.250000	0	0	noise	cluster_noise	0.0000
590	Spectrogram 1	1	772.000000	772.750000	0	0	8	cluster_8	1.0000
591	Spectrogram 1	1	772.500000	773.000000	0	0	noise	cluster_noise	0.0000
592	Spectrogram 1	1	772.750000	773.750000	0	0	8	cluster_8	1.0000
593	Spectrogram 1	1	773.500000	774.000000	0	0	2	cluster_2	1.0000
594	Spectrogram 1	1	773.750000	774.750000	0	0	noise	cluster_noise	0.0000
595	Spectrogram 1	1	774.500000	775.000000	0	0	3	cluster_3	1.0000
596	Spectrogram 1	1	774.750000	775.500000	0	0	8	cluster_8	1.0000
597	Spectrogram 1	1	776.000000	777.500000	0	0	noise	cluster_noise	0.0000
598	Spectrogram 1	1	781.000000	781.750000	0	0	8	cluster_8	1.0000
599	Spectrogram 1	1	781.500000	782.250000	0	0	noise	cluster_noise	0.0000
600	Spectrogram 1	1	782.000000	783.250000	0	0	9	cluster_9	0.9331
601	Spectrogram 1	1	783.000000	783.750000	0	0	8	cluster_8	0.9659
602	Spectrogram 1	1	783.500000	784.500000	0	0	3	cluster_3	0.9238
603	Spectrogram 1	1	784.250000	784.750000	0	0	2	cluster_2	0.5425
604	Spectrogram 1	1	784.500000	785.000000	0	0	noise	cluster_noise	0.0000
605	Spectrogram 1	1	784.750000	785.500000	0	0	3	cluster_3	0.9352
606	Spectrogram 1	1	785.250000	785.750000	0	0	8	cluster_8	1.0000
607	Spectrogram 1	1	785.500000	786.500000	0	0	2	cluster_2	1.0000
608	Spectrogram 1	1	786.250000	787.000000	0	0	noise	cluster_noise	0.0000
609	Spectrogram 1	1	786.750000	788.500000	0	0	8	cluster_8	1.0000
610	Spectrogram 1	1	788.250000	789.500000	0	0	noise	cluster_noise	0.0000
611	Spectrogram 1	1	789.250000	790.000000	0	0	20	cluster_20	0.5724
612	Spectrogram 1	1	789.750000	791.250000	0	0	noise	cluster_noise	0.0000
613	Spectrogram 1	1	791.000000	792.000000	0	0	17	cluster_17	0.9439
614	Spectrogram 1	1	791.750000	794.250000	0	0	8	cluster_8	1.0000
615	Spectrogram 1	1	794.000000	794.500000	0	0	noise	cluster_noise	0.0000
616	Spectrogram 1	1	794.250000	795.750000	0	0	9	cluster_9	0.9486
617	Spectrogram 1	1	795.500000	796.000000	0	0	noise	cluster_noise	0.0000
618	Spectrogram 1	1	795.750000	796.500000	0	0	8	cluster_8	1.0000
619	Spectrogram 1	1	796.250000	796.750000	0	0	noise	cluster_noise	0.0000
620	Spectrogram 1	1	796.500000	797.000000	0	0	2	cluster_2	0.6271
621	Spectrogram 1	1	796.750000	798.500000	0	0	3	cluster_3	1.0000
622	Spectrogram 1	1	798.250000	799.500000	0	0	noise	cluster_noise	0.0000
623	Spectrogram 1	1	799.250000	800.250000	0	0	8	cluster_8	0.9260
624	Spectrogram 1	1	800.000000	800.500000	0	0	noise	cluster_noise	0.0000
625	Spectrogram 1	1	800.250000	800.750000	0	0	8	cluster_8	1.0000
626	Spectrogram 1	1	800.500000	801.500000	0	0	noise	cluster_noise	0.0000
627	Spectrogram 1	1	801.250000	802.250000	0	0	20	cluster_20	0.6058
628	Spectrogram 1	1	802.000000	802.500000	0	0	noise	cluster_noise	0.0000
629	Spectrogram 1	1	806.000000	807.250000	0	0	9	cluster_9	1.0000
630	Spectrogram 1	1	807.000000	807.750000	0	0	noise	cluster_noise	0.0000
631	Spectrogram 1	1	807.500000	808.000000	0	0	9	cluster_9	0.5136
632	Spectrogram 1	1	807.750000	808.250000	0	0	noise	cluster_noise	0.0000
633	Spectrogram 1	1	808.000000	808.750000	0	0	0	cluster_0	1.0000
634	Spectrogram 1	1	808.500000	809.000000	0	0	noise	cluster_noise	0.0000
635	Spectrogram 1	1	808.750000	809.250000	0	0	8	cluster_8	1.0000
636	Spectrogram 1	1	809.000000	809.750000	0	0	noise	cluster_noise	0.0000
637	Spectrogram 1	1	809.500000	810.000000	0	0	8	cluster_8	0.9318
638	Spectrogram 1	1	809.750000	810.250000	0	0	noise	cluster_noise	0.0000
639	Spectrogram 1	1	810.000000	813.500000	0	0	0	cluster_0	0.9092
640	Spectrogram 1	1	813.250000	814.500000	0	0	noise	cluster_noise	0.0000
641	Spectrogram 1	1	815.000000	820.250000	0	0	8	cluster_8	1.0000
642	Spectrogram 1	1	820.000000	820.750000	0	0	noise	cluster_noise	0.0000
643	Spectrogram 1	1	820.500000	821.250000	0	0	8	cluster_8	0.9109
644	Spectrogram 1	1	821.000000	821.500000	0	0	noise	cluster_noise	0.0000
645	Spectrogram 1	1	821.250000	823.500000	0	0	0	cluster_0	0.9287
646	Spectrogram 1	1	823.250000	824.000000	0	0	8	cluster_8	0.8954
647	Spectrogram 1	1	823.750000	824.250000	0	0	noise	cluster_noise	0.0000
648	Spectrogram 1	1	824.000000	825.000000	0	0	8	cluster_8	0.9474
649	Spectrogram 1	1	824.750000	825.250000	0	0	noise	cluster_noise	0.0000
650	Spectrogram 1	1	825.000000	828.250000	0	0	0	cluster_0	0.9464
651	Spectrogram 1	1	828.000000	829.250000	0	0	noise	cluster_noise	0.0000
652	Spectrogram 1	1	829.000000	831.000000	0	0	8	cluster_8	1.0000
653	Spectrogram 1	1	830.750000	831.250000	0	0	noise	cluster_noise	0.0000
654	Spectrogram 1	1	831.000000	832.500000	0	0	8	cluster_8	1.0000
655	Spectrogram 1	1	832.250000	832.750000	0	0	3	cluster_3	1.0000
656	Spectrogram 1	1	832.500000	833.000000	0	0	8	cluster_8	1.0000
657	Spectrogram 1	1	832.750000	833.250000	0	0	noise	cluster_noise	0.0000
658	Spectrogram 1	1	833.000000	833.500000	0	0	1	cluster_1	1.0000
659	Spectrogram 1	1	833.250000	833.750000	0	0	3	cluster_3	1.0000
660	Spectrogram 1	1	833.500000	836.000000	0	0	8	cluster_8	0.9920
661	Spectrogram 1	1	835.750000	836.250000	0	0	noise	cluster_noise	0.0000
662	Spectrogram 1	1	836.000000	838.250000	0	0	0	cluster_0	0.9130
663	Spectrogram 1	1	838.000000	838.750000	0	0	noise	cluster_noise	0.0000
664	Spectrogram 1	1	838.500000	839.250000	0	0	1	cluster_1	0.8984
665	Spectrogram 1	1	839.000000	839.750000	0	0	8	cluster_8	0.9793
666	Spectrogram 1	1	839.500000	840.750000	0	0	noise	cluster_noise	0.0000
667	Spectrogram 1	1	840.500000	842.500000	0	0	0	cluster_0	0.8391
668	Spectrogram 1	1	842.250000	843.250000	0	0	8	cluster_8	0.9724
669	Spectrogram 1	1	843.000000	843.500000	0	0	1	cluster_1	0.8365
670	Spectrogram 1	1	849.000000	849.500000	0	0	3	cluster_3	1.0000
671	Spectrogram 1	1	849.250000	850.250000	0	0	8	cluster_8	1.0000
672	Spectrogram 1	1	850.000000	850.500000	0	0	3	cluster_3	1.0000
673	Spectrogram 1	1	850.250000	851.000000	0	0	noise	cluster_noise	0.0000
674	Spectrogram 1	1	850.750000	851.250000	0	0	3	cluster_3	1.0000
675	Spectrogram 1	1	851.000000	851.750000	0	0	8	cluster_8	0.9043
676	Spectrogram 1	1	851.500000	853.000000	0	0	3	cluster_3	1.0000
677	Spectrogram 1	1	852.750000	853.250000	0	0	noise	cluster_noise	0.0000
678	Spectrogram 1	1	853.000000	853.750000	0	0	3	cluster_3	1.0000
679	Spectrogram 1	1	853.500000	913.500000	0	0	8	cluster_8	1.0000
680	Spectrogram 1	1	913.250000	917.250000	0	0	3	cluster_3	0.9800
681	Spectrogram 1	1	917.000000	917.500000	0	0	noise	cluster_noise	0.0000
682	Spectrogram 1	1	923.000000	923.500000	0	0	3	cluster_3	0.9728
683	Spectrogram 1	1	923.250000	923.750000	0	0	8	cluster_8	0.9246
684	Spectrogram 1	1	923.500000	924.000000	0	0	noise	cluster_noise	0.0000
685	Spectrogram 1	1	923.750000	924.500000	0	0	3	cluster_3	0.9577
686	Spectrogram 1	1	924.250000	924.750000	0	0	8	cluster_8	1.0000
687	Spectrogram 1	1	924.500000	926.000000	0	0	3	cluster_3	0.9364
688	Spectrogram 1	1	925.750000	926.500000	0	0	8	cluster_8	1.0000
689	Spectrogram 1	1	926.250000	927.500000	0	0	3	cluster_3	1.0000
690	Spectrogram 1	1	939.000000	939.750000	0	0	8	cluster_8	1.0000
691	Spectrogram 1	1	939.500000	942.000000	0	0	3	cluster_3	0.9870
692	Spectrogram 1	1	941.750000	942.250000	0	0	noise	cluster_noise	0.0000
693	Spectrogram 1	1	942.000000	943.250000	0	0	8	cluster_8	1.0000
694	Spectrogram 1	1	943.000000	944.250000	0	0	3	cluster_3	0.9758
695	Spectrogram 1	1	944.000000	944.500000	0	0	8	cluster_8	1.0000
696	Spectrogram 1	1	957.000000	957.750000	0	0	noise	cluster_noise	0.0000
697	Spectrogram 1	1	957.500000	958.250000	0	0	8	cluster_8	1.0000
698	Spectrogram 1	1	958.000000	961.250000	0	0	3	cluster_3	0.9434
699	Spectrogram 1	1	961.000000	962.000000	0	0	noise	cluster_noise	0.0000
700	Spectrogram 1	1	961.750000	962.500000	0	0	8	cluster_8	1.0000
701	Spectrogram 1	1	974.000000	974.500000	0	0	noise	cluster_noise	0.0000
702	Spectrogram 1	1	974.250000	974.750000	0	0	21	cluster_21	0.7253
703	Spectrogram 1	1	974.500000	975.000000	0	0	noise	cluster_noise	0.0000
704	Spectrogram 1	1	974.750000	975.500000	0	0	3	cluster_3	0.7470
705	Spectrogram 1	1	975.250000	976.000000	0	0	noise	cluster_noise	0.0000
706	Spectrogram 1	1	975.750000	976.500000	0	0	8	cluster_8	0.9184
707	Spectrogram 1	1	976.250000	976.750000	0	0	noise	cluster_noise	0.0000
708	Spectrogram 1	1	976.500000	978.000000	0	0	8	cluster_8	1.0000
709	Spectrogram 1	1	977.750000	980.000000	0	0	3	cluster_3	0.9426
710	Spectrogram 1	1	979.750000	980.500000	0	0	noise	cluster_noise	0.0000
711	Spectrogram 1	1	980.250000	981.250000	0	0	8	cluster_8	0.9592
712	Spectrogram 1	1	981.000000	981.500000	0	0	3	cluster_3	0.7367
713	Spectrogram 1	1	981.250000	986.000000	0	0	1	cluster_1	0.9544
714	Spectrogram 1	1	985.750000	986.500000	0	0	8	cluster_8	1.0000
715	Spectrogram 1	1	988.000000	988.750000	0	0	16	cluster_16	0.9529
716	Spectrogram 1	1	988.500000	989.750000	0	0	noise	cluster_noise	0.0000
717	Spectrogram 1	1	989.500000	990.000000	0	0	17	cluster_17	0.8917
718	Spectrogram 1	1	989.750000	990.250000	0	0	noise	cluster_noise	0.0000
719	Spectrogram 1	1	990.000000	991.250000	0	0	8	cluster_8	1.0000
720	Spectrogram 1	1	991.000000	991.750000	0	0	3	cluster_3	0.8665
721	Spectrogram 1	1	991.500000	992.000000	0	0	noise	cluster_noise	0.0000
722	Spectrogram 1	1	991.750000	993.250000	0	0	3	cluster_3	0.9505
723	Spectrogram 1	1	993.000000	993.500000	0	0	8	cluster_8	1.0000
724	Spectrogram 1	1	993.250000	994.000000	0	0	noise	cluster_noise	0.0000
725	Spectrogram 1	1	993.750000	994.750000	0	0	8	cluster_8	1.0000
726	Spectrogram 1	1	994.500000	996.750000	0	0	1	cluster_1	0.9648
727	Spectrogram 1	1	996.500000	997.000000	0	0	noise	cluster_noise	0.0000
728	Spectrogram 1	1	996.750000	997.500000	0	0	8	cluster_8	0.9934
729	Spectrogram 1	1	997.250000	999.500000	0	0	1	cluster_1	0.9360
730	Spectrogram 1	1	999.250000	1000.500000	0	0	8	cluster_8	1.0000
731	Spectrogram 1	1	1002.000000	1002.750000	0	0	noise	cluster_noise	0.0000
732	Spectrogram 1	1	1002.500000	1003.500000	0	0	17	cluster_17	0.8844
733	Spectrogram 1	1	1003.250000	1004.750000	0	0	8	cluster_8	1.0000
734	Spectrogram 1	1	1004.500000	1006.750000	0	0	3	cluster_3	1.0000
735	Spectrogram 1	1	1006.500000	1007.750000	0	0	8	cluster_8	1.0000
736	Spectrogram 1	1	1007.500000	1008.000000	0	0	noise	cluster_noise	0.0000
737	Spectrogram 1	1	1007.750000	1010.000000	0	0	1	cluster_1	0.9590
738	Spectrogram 1	1	1009.750000	1010.500000	0	0	8	cluster_8	1.0000
739	Spectrogram 1	1	1010.250000	1011.000000	0	0	noise	cluster_noise	0.0000
740	Spectrogram 1	1	1010.750000	1012.500000	0	0	1	cluster_1	0.9965
741	Spectrogram 1	1	1012.250000	1013.500000	0	0	8	cluster_8	1.0000
742	Spectrogram 1	1	1015.000000	1015.500000	0	0	16	cluster_16	1.0000
743	Spectrogram 1	1	1015.250000	1016.000000	0	0	noise	cluster_noise	0.0000
744	Spectrogram 1	1	1015.750000	1016.500000	0	0	17	cluster_17	0.9122
745	Spectrogram 1	1	1016.250000	1017.000000	0	0	noise	cluster_noise	0.0000
746	Spectrogram 1	1	1016.750000	1017.500000	0	0	8	cluster_8	1.0000
747	Spectrogram 1	1	1017.250000	1017.750000	0	0	noise	cluster_noise	0.0000
748	Spectrogram 1	1	1017.500000	1019.750000	0	0	3	cluster_3	0.9841
749	Spectrogram 1	1	1019.500000	1020.750000	0	0	8	cluster_8	0.9958
750	Spectrogram 1	1	1020.500000	1021.000000	0	0	13	cluster_13	0.6900
751	Spectrogram 1	1	1020.750000	1022.750000	0	0	1	cluster_1	1.0000
752	Spectrogram 1	1	1022.500000	1023.000000	0	0	noise	cluster_noise	0.0000
753	Spectrogram 1	1	1022.750000	1023.250000	0	0	8	cluster_8	1.0000
754	Spectrogram 1	1	1023.000000	1023.500000	0	0	13	cluster_13	1.0000
755	Spectrogram 1	1	1023.250000	1023.750000	0	0	noise	cluster_noise	0.0000
756	Spectrogram 1	1	1023.500000	1025.500000	0	0	1	cluster_1	0.9363
757	Spectrogram 1	1	1025.250000	1026.500000	0	0	8	cluster_8	0.9713
758	Spectrogram 1	1	1028.000000	1028.750000	0	0	noise	cluster_noise	0.0000
759	Spectrogram 1	1	1028.500000	1029.250000	0	0	17	cluster_17	0.9437
760	Spectrogram 1	1	1029.000000	1029.500000	0	0	noise	cluster_noise	0.0000
761	Spectrogram 1	1	1029.250000	1030.250000	0	0	3	cluster_3	0.9182
762	Spectrogram 1	1	1030.000000	1030.500000	0	0	noise	cluster_noise	0.0000
763	Spectrogram 1	1	1030.250000	1031.500000	0	0	3	cluster_3	0.9123
764	Spectrogram 1	1	1031.250000	1033.250000	0	0	8	cluster_8	1.0000
765	Spectrogram 1	1	1033.000000	1033.500000	0	0	13	cluster_13	0.7133
766	Spectrogram 1	1	1033.250000	1033.750000	0	0	noise	cluster_noise	0.0000
767	Spectrogram 1	1	1033.500000	1035.500000	0	0	1	cluster_1	0.9354
768	Spectrogram 1	1	1035.250000	1035.750000	0	0	8	cluster_8	0.8514
769	Spectrogram 1	1	1035.500000	1036.000000	0	0	13	cluster_13	0.8963
770	Spectrogram 1	1	1035.750000	1036.250000	0	0	noise	cluster_noise	0.0000
771	Spectrogram 1	1	1036.000000	1038.000000	0	0	1	cluster_1	1.0000
772	Spectrogram 1	1	1037.750000	1038.500000	0	0	8	cluster_8	1.0000
773	Spectrogram 1	1	1038.250000	1039.000000	0	0	1	cluster_1	0.9182
774	Spectrogram 1	1	1038.750000	1039.250000	0	0	3	cluster_3	1.0000
775	Spectrogram 1	1	1039.000000	1039.500000	0	0	noise	cluster_noise	0.0000
776	Spectrogram 1	1	1040.000000	1040.750000	0	0	18	cluster_18	0.8718
777	Spectrogram 1	1	1040.500000	1041.000000	0	0	19	cluster_19	0.7675
778	Spectrogram 1	1	1040.750000	1041.750000	0	0	17	cluster_17	0.9866
779	Spectrogram 1	1	1041.500000	1042.250000	0	0	8	cluster_8	0.9724
780	Spectrogram 1	1	1042.000000	1042.500000	0	0	noise	cluster_noise	0.0000
781	Spectrogram 1	1	1042.250000	1044.500000	0	0	3	cluster_3	0.9864
782	Spectrogram 1	1	1044.250000	1045.750000	0	0	8	cluster_8	0.9920
783	Spectrogram 1	1	1045.500000	1046.000000	0	0	13	cluster_13	0.9060
784	Spectrogram 1	1	1045.750000	1046.250000	0	0	noise	cluster_noise	0.0000
785	Spectrogram 1	1	1046.000000	1047.750000	0	0	1	cluster_1	0.9812
786	Spectrogram 1	1	1047.500000	1048.250000	0	0	8	cluster_8	1.0000
787	Spectrogram 1	1	1048.000000	1048.500000	0	0	13	cluster_13	0.8743
788	Spectrogram 1	1	1048.250000	1048.750000	0	0	noise	cluster_noise	0.0000
789	Spectrogram 1	1	1048.500000	1050.000000	0	0	1	cluster_1	0.9749
790	Spectrogram 1	1	1049.750000	1050.250000	0	0	noise	cluster_noise	0.0000
791	Spectrogram 1	1	1050.000000	1054.500000	0	0	8	cluster_8	0.9716
792	Spectrogram 1	1	1054.250000	1055.750000	0	0	3	cluster_3	0.9670
793	Spectrogram 1	1	1055.500000	1056.000000	0	0	noise	cluster_noise	0.0000
794	Spectrogram 1	1	1055.750000	1056.500000	0	0	3	cluster_3	1.0000
795	Spectrogram 1	1	1056.250000	1056.750000	0	0	noise	cluster_noise	0.0000
796	Spectrogram 1	1	1056.500000	1058.000000	0	0	8	cluster_8	0.9644
797	Spectrogram 1	1	1057.750000	1058.250000	0	0	13	cluster_13	0.8491
798	Spectrogram 1	1	1058.000000	1058.500000	0	0	noise	cluster_noise	0.0000
799	Spectrogram 1	1	1058.250000	1059.250000	0	0	1	cluster_1	0.9766
800	Spectrogram 1	1	1059.000000	1059.500000	0	0	noise	cluster_noise	0.0000
801	Spectrogram 1	1	1059.250000	1060.000000	0	0	1	cluster_1	0.9852
802	Spectrogram 1	1	1059.750000	1060.250000	0	0	noise	cluster_noise	0.0000
803	Spectrogram 1	1	1060.000000	1060.500000	0	0	8	cluster_8	1.0000
804	Spectrogram 1	1	1060.250000	1061.000000	0	0	noise	cluster_noise	0.0000
805	Spectrogram 1	1	1060.750000	1062.500000	0	0	1	cluster_1	0.9682
806	Spectrogram 1	1	1062.250000	1063.750000	0	0	8	cluster_8	1.0000
807	Spectrogram 1	1	1063.500000	1064.250000	0	0	noise	cluster_noise	0.0000
808	Spectrogram 1	1	1064.000000	1064.500000	0	0	18	cluster_18	0.8153
809	Spectrogram 1	1	1065.000000	1065.500000	0	0	19	cluster_19	0.7947
810	Spectrogram 1	1	1065.250000	1065.750000	0	0	noise	cluster_noise	0.0000
811	Spectrogram 1	1	1065.500000	1066.250000	0	0	17	cluster_17	1.0000
812	Spectrogram 1	1	1066.000000	1066.500000	0	0	noise	cluster_noise	0.0000
813	Spectrogram 1	1	1066.250000	1066.750000	0	0	8	cluster_8	1.0000
814	Spectrogram 1	1	1066.500000	1067.750000	0	0	3	cluster_3	0.9603
815	Spectrogram 1	1	1067.500000	1069.000000	0	0	8	cluster_8	1.0000
816	Spectrogram 1	1	1068.750000	1069.250000	0	0	3	cluster_3	0.7340
817	Spectrogram 1	1	1069.000000	1069.500000	0	0	noise	cluster_noise	0.0000
818	Spectrogram 1	1	1069.250000	1071.250000	0	0	8	cluster_8	1.0000
819	Spectrogram 1	1	1071.000000	1072.000000	0	0	3	cluster_3	0.8420
820	Spectrogram 1	1	1071.750000	1072.250000	0	0	noise	cluster_noise	0.0000
821	Spectrogram 1	1	1072.000000	1072.500000	0	0	8	cluster_8	0.8573
822	Spectrogram 1	1	1072.250000	1073.250000	0	0	noise	cluster_noise	0.0000
823	Spectrogram 1	1	1073.000000	1073.500000	0	0	8	cluster_8	1.0000
824	Spectrogram 1	1	1073.250000	1074.000000	0	0	noise	cluster_noise	0.0000
825	Spectrogram 1	1	1073.750000	1075.500000	0	0	8	cluster_8	1.0000
826	Spectrogram 1	1	1075.250000	1075.750000	0	0	13	cluster_13	0.8168
827	Spectrogram 1	1	1075.500000	1076.000000	0	0	noise	cluster_noise	0.0000
828	Spectrogram 1	1	1075.750000	1076.750000	0	0	18	cluster_18	0.9786
829	Spectrogram 1	1	1076.500000	1077.000000	0	0	19	cluster_19	0.8707
830	Spectrogram 1	1	1076.750000	1077.500000	0	0	noise	cluster_noise	0.0000
831	Spectrogram 1	1	1080.000000	1080.750000	0	0	3	cluster_3	0.9885
832	Spectrogram 1	1	1080.500000	1082.750000	0	0	8	cluster_8	1.0000
833	Spectrogram 1	1	1082.500000	1083.250000	0	0	noise	cluster_noise	0.0000
834	Spectrogram 1	1	1083.000000	1084.250000	0	0	8	cluster_8	0.9802
835	Spectrogram 1	1	1084.000000	1085.250000	0	0	noise	cluster_noise	0.0000
836	Spectrogram 1	1	1085.000000	1087.250000	0	0	8	cluster_8	1.0000
837	Spectrogram 1	1	1087.000000	1087.500000	0	0	13	cluster_13	0.7470
838	Spectrogram 1	1	1087.250000	1088.500000	0	0	18	cluster_18	0.9322
839	Spectrogram 1	1	1088.250000	1089.000000	0	0	19	cluster_19	0.9354
840	Spectrogram 1	1	1088.750000	1089.250000	0	0	noise	cluster_noise	0.0000
841	Spectrogram 1	1	1089.000000	1089.500000	0	0	17	cluster_17	0.9868
842	Spectrogram 1	1	1089.250000	1089.750000	0	0	8	cluster_8	1.0000
843	Spectrogram 1	1	1089.500000	1090.500000	0	0	3	cluster_3	0.9949
844	Spectrogram 1	1	1092.000000	1095.500000	0	0	8	cluster_8	1.0000
845	Spectrogram 1	1	1095.250000	1095.750000	0	0	noise	cluster_noise	0.0000
846	Spectrogram 1	1	1095.500000	1096.000000	0	0	8	cluster_8	0.8565
847	Spectrogram 1	1	1095.750000	1096.250000	0	0	noise	cluster_noise	0.0000
848	Spectrogram 1	1	1096.000000	1098.250000	0	0	8	cluster_8	0.9865
849	Spectrogram 1	1	1098.000000	1098.500000	0	0	noise	cluster_noise	0.0000
850	Spectrogram 1	1	1098.250000	1099.500000	0	0	18	cluster_18	0.8942
851	Spectrogram 1	1	1099.250000	1100.250000	0	0	19	cluster_19	0.8684
852	Spectrogram 1	1	1100.000000	1100.750000	0	0	noise	cluster_noise	0.0000
853	Spectrogram 1	1	1100.500000	1101.500000	0	0	3	cluster_3	1.0000
854	Spectrogram 1	1	1102.000000	1102.500000	0	0	noise	cluster_noise	0.0000
855	Spectrogram 1	1	1102.250000	1102.750000	0	0	8	cluster_8	1.0000
856	Spectrogram 1	1	1102.500000	1103.000000	0	0	noise	cluster_noise	0.0000
857	Spectrogram 1	1	1102.750000	1103.500000	0	0	3	cluster_3	0.7670
858	Spectrogram 1	1	1103.250000	1109.750000	0	0	8	cluster_8	0.9960
859	Spectrogram 1	1	1109.500000	1110.000000	0	0	13	cluster_13	0.7223
860	Spectrogram 1	1	1109.750000	1110.250000	0	0	noise	cluster_noise	0.0000
861	Spectrogram 1	1	1110.000000	1111.250000	0	0	18	cluster_18	0.9788
862	Spectrogram 1	1	1111.000000	1112.250000	0	0	19	cluster_19	0.8483
863	Spectrogram 1	1	1112.000000	1112.500000	0	0	8	cluster_8	1.0000
864	Spectrogram 1	1	1112.250000	1113.500000	0	0	3	cluster_3	1.0000
865	Spectrogram 1	1	1113.250000	1114.250000	0	0	noise	cluster_noise	0.0000
866	Spectrogram 1	1	1114.000000	1118.000000	0	0	8	cluster_8	1.0000
867	Spectrogram 1	1	1117.750000	1118.250000	0	0	noise	cluster_noise	0.0000
868	Spectrogram 1	1	1118.000000	1118.750000	0	0	8	cluster_8	1.0000
869	Spectrogram 1	1	1118.500000	1119.000000	0	0	noise	cluster_noise	0.0000
870	Spectrogram 1	1	1118.750000	1120.750000	0	0	8	cluster_8	1.0000
871	Spectrogram 1	1	1120.500000	1121.000000	0	0	13	cluster_13	1.0000
872	Spectrogram 1	1	1120.750000	1122.250000	0	0	18	cluster_18	0.9416
873	Spectrogram 1	1	1122.000000	1122.500000	0	0	19	cluster_19	0.8715
874	Spectrogram 1	1	1122.250000	1122.750000	0	0	noise	cluster_noise	0.0000
875	Spectrogram 1	1	1122.500000	1123.000000	0	0	19	cluster_19	0.9406
876	Spectrogram 1	1	1122.750000	1123.250000	0	0	17	cluster_17	1.0000
877	Spectrogram 1	1	1123.000000	1123.500000	0	0	noise	cluster_noise	0.0000
878	Spectrogram 1	1	1123.250000	1124.250000	0	0	3	cluster_3	0.9970
879	Spectrogram 1	1	1124.000000	1124.500000	0	0	8	cluster_8	1.0000
880	Spectrogram 1	1	1124.250000	1125.000000	0	0	3	cluster_3	1.0000
881	Spectrogram 1	1	1124.750000	1129.250000	0	0	8	cluster_8	0.9890
882	Spectrogram 1	1	1129.000000	1129.750000	0	0	noise	cluster_noise	0.0000
883	Spectrogram 1	1	1129.500000	1131.500000	0	0	8	cluster_8	1.0000
884	Spectrogram 1	1	1131.250000	1131.750000	0	0	13	cluster_13	0.8099
885	Spectrogram 1	1	1131.500000	1132.000000	0	0	noise	cluster_noise	0.0000
886	Spectrogram 1	1	1131.750000	1133.250000	0	0	18	cluster_18	0.9750
887	Spectrogram 1	1	1133.000000	1133.500000	0	0	19	cluster_19	1.0000
888	Spectrogram 1	1	1133.250000	1133.750000	0	0	noise	cluster_noise	0.0000
889	Spectrogram 1	1	1133.500000	1134.250000	0	0	19	cluster_19	0.9954
890	Spectrogram 1	1	1134.000000	1134.500000	0	0	noise	cluster_noise	0.0000
891	Spectrogram 1	1	1134.250000	1135.750000	0	0	3	cluster_3	0.9386
892	Spectrogram 1	1	1135.500000	1136.250000	0	0	noise	cluster_noise	0.0000
893	Spectrogram 1	1	1136.000000	1140.000000	0	0	8	cluster_8	1.0000
894	Spectrogram 1	1	1139.750000	1140.500000	0	0	noise	cluster_noise	0.0000
895	Spectrogram 1	1	1140.250000	1142.500000	0	0	8	cluster_8	0.9902
896	Spectrogram 1	1	1142.250000	1142.750000	0	0	13	cluster_13	0.9208
897	Spectrogram 1	1	1142.500000	1144.250000	0	0	18	cluster_18	0.8820
898	Spectrogram 1	1	1144.000000	1144.500000	0	0	noise	cluster_noise	0.0000
899	Spectrogram 1	1	1144.250000	1144.750000	0	0	19	cluster_19	0.9494
900	Spectrogram 1	1	1144.500000	1145.000000	0	0	17	cluster_17	0.9754
901	Spectrogram 1	1	1144.750000	1145.250000	0	0	noise	cluster_noise	0.0000
902	Spectrogram 1	1	1145.000000	1146.250000	0	0	3	cluster_3	1.0000
903	Spectrogram 1	1	1146.000000	1150.750000	0	0	8	cluster_8	1.0000
904	Spectrogram 1	1	1150.500000	1151.250000	0	0	noise	cluster_noise	0.0000
905	Spectrogram 1	1	1151.000000	1151.500000	0	0	8	cluster_8	1.0000
906	Spectrogram 1	1	1151.250000	1151.750000	0	0	noise	cluster_noise	0.0000
907	Spectrogram 1	1	1151.500000	1153.250000	0	0	8	cluster_8	1.0000
908	Spectrogram 1	1	1153.000000	1153.500000	0	0	13	cluster_13	0.8701
909	Spectrogram 1	1	1153.250000	1155.000000	0	0	18	cluster_18	0.9247
910	Spectrogram 1	1	1154.750000	1155.500000	0	0	noise	cluster_noise	0.0000
911	Spectrogram 1	1	1155.250000	1155.750000	0	0	19	cluster_19	0.8589
912	Spectrogram 1	1	1155.500000	1156.000000	0	0	17	cluster_17	0.8639
913	Spectrogram 1	1	1155.750000	1158.000000	0	0	3	cluster_3	1.0000
914	Spectrogram 1	1	1157.750000	1161.750000	0	0	8	cluster_8	1.0000
915	Spectrogram 1	1	1161.500000	1162.000000	0	0	noise	cluster_noise	0.0000
916	Spectrogram 1	1	1161.750000	1164.250000	0	0	8	cluster_8	1.0000
917	Spectrogram 1	1	1164.000000	1164.500000	0	0	13	cluster_13	1.0000
918	Spectrogram 1	1	1164.250000	1164.750000	0	0	noise	cluster_noise	0.0000
919	Spectrogram 1	1	1164.500000	1165.750000	0	0	18	cluster_18	0.9628
920	Spectrogram 1	1	1165.500000	1166.500000	0	0	19	cluster_19	0.9067
921	Spectrogram 1	1	1166.250000	1166.750000	0	0	noise	cluster_noise	0.0000
922	Spectrogram 1	1	1166.500000	1168.750000	0	0	3	cluster_3	1.0000
923	Spectrogram 1	1	1168.500000	1169.000000	0	0	noise	cluster_noise	0.0000
924	Spectrogram 1	1	1168.750000	1170.750000	0	0	8	cluster_8	0.9779
925	Spectrogram 1	1	1170.500000	1171.000000	0	0	noise	cluster_noise	0.0000
926	Spectrogram 1	1	1170.750000	1172.500000	0	0	8	cluster_8	1.0000
927	Spectrogram 1	1	1172.250000	1172.750000	0	0	noise	cluster_noise	0.0000
928	Spectrogram 1	1	1172.500000	1173.000000	0	0	3	cluster_3	0.7749
929	Spectrogram 1	1	1172.750000	1175.000000	0	0	8	cluster_8	1.0000
930	Spectrogram 1	1	1174.750000	1175.250000	0	0	3	cluster_3	0.9923
931	Spectrogram 1	1	1175.000000	1175.500000	0	0	13	cluster_13	0.7215
932	Spectrogram 1	1	1175.250000	1176.750000	0	0	18	cluster_18	0.9648
933	Spectrogram 1	1	1176.500000	1177.250000	0	0	19	cluster_19	0.9354
934	Spectrogram 1	1	1177.000000	1177.750000	0	0	noise	cluster_noise	0.0000
935	Spectrogram 1	1	1177.500000	1179.500000	0	0	3	cluster_3	0.9623
936	Spectrogram 1	1	1179.250000	1179.750000	0	0	noise	cluster_noise	0.0000
937	Spectrogram 1	1	1179.500000	1183.750000	0	0	8	cluster_8	0.9964
938	Spectrogram 1	1	1183.500000	1184.000000	0	0	noise	cluster_noise	0.0000
939	Spectrogram 1	1	1183.750000	1186.250000	0	0	8	cluster_8	0.9942
940	Spectrogram 1	1	1186.000000	1186.500000	0	0	13	cluster_13	1.0000
941	Spectrogram 1	1	1186.250000	1186.750000	0	0	noise	cluster_noise	0.0000
942	Spectrogram 1	1	1186.500000	1187.750000	0	0	18	cluster_18	0.9201
943	Spectrogram 1	1	1187.500000	1188.750000	0	0	19	cluster_19	0.8945
944	Spectrogram 1	1	1188.500000	1189.000000	0	0	noise	cluster_noise	0.0000
945	Spectrogram 1	1	1188.750000	1190.000000	0	0	3	cluster_3	1.0000
946	Spectrogram 1	1	1189.750000	1190.250000	0	0	noise	cluster_noise	0.0000
947	Spectrogram 1	1	1190.000000	1192.750000	0	0	8	cluster_8	1.0000
948	Spectrogram 1	1	1192.500000	1193.000000	0	0	noise	cluster_noise	0.0000
949	Spectrogram 1	1	1192.750000	1194.750000	0	0	8	cluster_8	1.0000
950	Spectrogram 1	1	1194.500000	1195.500000	0	0	noise	cluster_noise	0.0000
951	Spectrogram 1	1	1195.250000	1197.000000	0	0	8	cluster_8	1.0000
952	Spectrogram 1	1	1196.750000	1197.500000	0	0	noise	cluster_noise	0.0000
953	Spectrogram 1	1	1197.250000	1198.250000	0	0	18	cluster_18	0.8748
954	Spectrogram 1	1	1198.000000	1199.000000	0	0	19	cluster_19	0.8866
955	Spectrogram 1	1	1198.750000	1199.250000	0	0	noise	cluster_noise	0.0000
956	Spectrogram 1	1	1199.000000	1199.500000	0	0	17	cluster_17	0.8638
957	Spectrogram 1	1	1199.250000	1199.750000	0	0	noise	cluster_noise	0.0000
958	Spectrogram 1	1	1199.500000	1200.000000	0	0	13	cluster_13	1.0000
959	Spectrogram 1	1	1199.750000	1200.500000	0	0	noise	cluster_noise	0.0000
960	Spectrogram 1	1	1200.250000	1201.500000	0	0	8	cluster_8	0.9827
961	Spectrogram 1	1	1201.250000	1201.750000	0	0	noise	cluster_noise	0.0000
962	Spectrogram 1	1	1201.500000	1203.750000	0	0	8	cluster_8	0.9817
963	Spectrogram 1	1	1203.500000	1204.000000	0	0	noise	cluster_noise	0.0000
964	Spectrogram 1	1	1203.750000	1205.500000	0	0	8	cluster_8	1.0000
965	Spectrogram 1	1	1205.250000	1205.750000	0	0	noise	cluster_noise	0.0000
966	Spectrogram 1	1	1205.500000	1209.000000	0	0	8	cluster_8	1.0000
967	Spectrogram 1	1	1208.750000	1211.000000	0	0	noise	cluster_noise	0.0000
968	Spectrogram 1	1	1210.750000	1211.500000	0	0	17	cluster_17	0.9152
969	Spectrogram 1	1	1211.250000	1211.750000	0	0	noise	cluster_noise	0.0000
970	Spectrogram 1	1	1211.500000	1212.750000	0	0	8	cluster_8	1.0000
971	Spectrogram 1	1	1212.500000	1213.000000	0	0	13	cluster_13	1.0000
972	Spectrogram 1	1	1212.750000	1214.000000	0	0	18	cluster_18	0.8802
973	Spectrogram 1	1	1213.750000	1214.750000	0	0	19	cluster_19	0.9769
974	Spectrogram 1	1	1214.500000	1215.000000	0	0	noise	cluster_noise	0.0000
975	Spectrogram 1	1	1214.750000	1226.000000	0	0	8	cluster_8	1.0000
976	Spectrogram 1	1	1225.750000	1226.500000	0	0	noise	cluster_noise	0.0000
977	Spectrogram 1	1	1226.250000	1227.000000	0	0	22	cluster_22	0.9908
978	Spectrogram 1	1	1226.750000	1228.750000	0	0	noise	cluster_noise	0.0000
979	Spectrogram 1	1	1228.500000	1230.250000	0	0	8	cluster_8	1.0000
980	Spectrogram 1	1	1230.000000	1230.500000	0	0	13	cluster_13	1.0000
981	Spectrogram 1	1	1230.250000	1230.750000	0	0	noise	cluster_noise	0.0000
982	Spectrogram 1	1	1230.500000	1231.250000	0	0	18	cluster_18	0.9051
983	Spectrogram 1	1	1231.000000	1232.250000	0	0	19	cluster_19	0.8499
984	Spectrogram 1	1	1232.000000	1232.500000	0	0	noise	cluster_noise	0.0000
985	Spectrogram 1	1	1232.250000	1243.500000	0	0	8	cluster_8	0.9971
986	Spectrogram 1	1	1243.250000	1244.000000	0	0	noise	cluster_noise	0.0000
987	Spectrogram 1	1	1243.750000	1245.000000	0	0	22	cluster_22	1.0000
988	Spectrogram 1	1	1244.750000	1246.750000	0	0	noise	cluster_noise	0.0000
989	Spectrogram 1	1	1246.500000	1247.750000	0	0	8	cluster_8	1.0000
990	Spectrogram 1	1	1247.500000	1248.250000	0	0	noise	cluster_noise	0.0000
991	Spectrogram 1	1	1248.000000	1249.000000	0	0	18	cluster_18	1.0000
992	Spectrogram 1	1	1248.750000	1249.500000	0	0	19	cluster_19	0.8155
993	Spectrogram 1	1	1249.250000	1249.750000	0	0	noise	cluster_noise	0.0000
994	Spectrogram 1	1	1249.500000	1250.000000	0	0	19	cluster_19	1.0000
995	Spectrogram 1	1	1249.750000	1259.250000	0	0	8	cluster_8	1.0000
996	Spectrogram 1	1	1259.000000	1260.000000	0	0	noise	cluster_noise	0.0000
997	Spectrogram 1	1	1259.750000	1260.750000	0	0	21	cluster_21	0.8563
998	Spectrogram 1	1	1260.500000	1261.000000	0	0	22	cluster_22	1.0000
999	Spectrogram 1	1	1260.750000	1262.750000	0	0	noise	cluster_noise	0.0000
1000	Spectrogram 1	1	1262.500000	1263.000000	0	0	8	cluster_8	1.0000
1001	Spectrogram 1	1	1262.750000	1263.250000	0	0	noise	cluster_noise	0.0000
1002	Spectrogram 1	1	1263.000000	1263.750000	0	0	8	cluster_8	0.9267
1003	Spectrogram 1	1	1263.500000	1264.000000	0	0	13	cluster_13	1.0000
1004	Spectrogram 1	1	1263.750000	1265.000000	0	0	18	cluster_18	0.9384
1005	Spectrogram 1	1	1264.750000	1265.750000	0	0	19	cluster_19	0.9178
1006	Spectrogram 1	1	1265.500000	1266.000000	0	0	noise	cluster_noise	0.0000
1007	Spectrogram 1	1	1265.750000	1274.500000	0	0	8	cluster_8	0.9940
1008	Spectrogram 1	1	1274.250000	1275.000000	0	0	noise	cluster_noise	0.0000
1009	Spectrogram 1	1	1274.750000	1275.250000	0	0	22	cluster_22	1.0000
1010	Spectrogram 1	1	1275.000000	1276.250000	0	0	noise	cluster_noise	0.0000
1011	Spectrogram 1	1	1276.000000	1276.750000	0	0	20	cluster_20	0.5951
1012	Spectrogram 1	1	1276.500000	1277.000000	0	0	noise	cluster_noise	0.0000
1013	Spectrogram 1	1	1276.750000	1277.250000	0	0	17	cluster_17	0.8705
1014	Spectrogram 1	1	1277.000000	1277.750000	0	0	noise	cluster_noise	0.0000
1015	Spectrogram 1	1	1277.500000	1280.500000	0	0	8	cluster_8	1.0000
1016	Spectrogram 1	1	1280.250000	1281.250000	0	0	9	cluster_9	1.0000
1017	Spectrogram 1	1	1281.000000	1282.000000	0	0	8	cluster_8	1.0000
1018	Spectrogram 1	1	1281.750000	1282.500000	0	0	noise	cluster_noise	0.0000
1019	Spectrogram 1	1	1284.000000	1284.500000	0	0	8	cluster_8	1.0000
1020	Spectrogram 1	1	1284.250000	1285.750000	0	0	noise	cluster_noise	0.0000
1021	Spectrogram 1	1	1285.500000	1286.750000	0	0	8	cluster_8	1.0000
1022	Spectrogram 1	1	1286.500000	1287.500000	0	0	noise	cluster_noise	0.0000
1023	Spectrogram 1	1	1287.250000	1287.750000	0	0	20	cluster_20	0.5769
1024	Spectrogram 1	1	1287.500000	1288.750000	0	0	noise	cluster_noise	0.0000
1025	Spectrogram 1	1	1288.500000	1289.000000	0	0	17	cluster_17	1.0000
1026	Spectrogram 1	1	1288.750000	1289.250000	0	0	noise	cluster_noise	0.0000
1027	Spectrogram 1	1	1289.000000	1289.500000	0	0	17	cluster_17	1.0000
1028	Spectrogram 1	1	1289.250000	1294.500000	0	0	8	cluster_8	1.0000
1029	Spectrogram 1	1	1294.250000	1294.750000	0	0	noise	cluster_noise	0.0000
1030	Spectrogram 1	1	1294.500000	1295.000000	0	0	1	cluster_1	0.8774
1031	Spectrogram 1	1	1294.750000	1295.500000	0	0	2	cluster_2	1.0000
1032	Spectrogram 1	1	1297.000000	1298.500000	0	0	8	cluster_8	1.0000
1033	Spectrogram 1	1	1298.250000	1299.750000	0	0	noise	cluster_noise	0.0000
1034	Spectrogram 1	1	1299.500000	1300.000000	0	0	20	cluster_20	0.6752
1035	Spectrogram 1	1	1299.750000	1300.500000	0	0	noise	cluster_noise	0.0000
1036	Spectrogram 1	1	1300.250000	1301.250000	0	0	17	cluster_17	0.9117
1037	Spectrogram 1	1	1301.000000	1301.500000	0	0	noise	cluster_noise	0.0000
1038	Spectrogram 1	1	1301.250000	1302.250000	0	0	8	cluster_8	1.0000
1039	Spectrogram 1	1	1302.000000	1302.500000	0	0	noise	cluster_noise	0.0000
1040	Spectrogram 1	1	1302.250000	1303.500000	0	0	8	cluster_8	1.0000
1041	Spectrogram 1	1	1303.250000	1305.500000	0	0	9	cluster_9	0.9369
1042	Spectrogram 1	1	1305.250000	1306.500000	0	0	8	cluster_8	1.0000
1043	Spectrogram 1	1	1306.250000	1306.750000	0	0	noise	cluster_noise	0.0000
1044	Spectrogram 1	1	1306.500000	1307.500000	0	0	2	cluster_2	1.0000
1045	Spectrogram 1	1	1308.000000	1308.750000	0	0	noise	cluster_noise	0.0000
1046	Spectrogram 1	1	1308.500000	1310.250000	0	0	8	cluster_8	0.9948
1047	Spectrogram 1	1	1310.000000	1311.500000	0	0	noise	cluster_noise	0.0000
1048	Spectrogram 1	1	1311.250000	1312.000000	0	0	20	cluster_20	0.7078
1049	Spectrogram 1	1	1311.750000	1312.250000	0	0	noise	cluster_noise	0.0000
1050	Spectrogram 1	1	1312.000000	1313.250000	0	0	17	cluster_17	0.9226
1051	Spectrogram 1	1	1313.000000	1313.500000	0	0	noise	cluster_noise	0.0000
1052	Spectrogram 1	1	1313.250000	1315.500000	0	0	8	cluster_8	0.9931
1053	Spectrogram 1	1	1316.000000	1317.000000	0	0	9	cluster_9	0.8265
1054	Spectrogram 1	1	1316.750000	1321.750000	0	0	8	cluster_8	1.0000
1055	Spectrogram 1	1	1321.500000	1323.000000	0	0	noise	cluster_noise	0.0000
1056	Spectrogram 1	1	1322.750000	1323.750000	0	0	20	cluster_20	0.8790
1057	Spectrogram 1	1	1323.500000	1324.250000	0	0	noise	cluster_noise	0.0000
1058	Spectrogram 1	1	1324.000000	1324.500000	0	0	17	cluster_17	0.8671
1059	Spectrogram 1	1	1324.250000	1325.000000	0	0	noise	cluster_noise	0.0000
1060	Spectrogram 1	1	1324.750000	1327.000000	0	0	8	cluster_8	1.0000
1061	Spectrogram 1	1	1326.750000	1329.500000	0	0	9	cluster_9	0.7875
1062	Spectrogram 1	1	1332.000000	1332.500000	0	0	3	cluster_3	1.0000
1063	Spectrogram 1	1	1332.250000	1333.750000	0	0	8	cluster_8	1.0000
1064	Spectrogram 1	1	1333.500000	1335.000000	0	0	noise	cluster_noise	0.0000
1065	Spectrogram 1	1	1334.750000	1335.750000	0	0	20	cluster_20	0.9231
1066	Spectrogram 1	1	1335.500000	1336.750000	0	0	noise	cluster_noise	0.0000
1067	Spectrogram 1	1	1336.500000	1339.000000	0	0	8	cluster_8	0.9736
1068	Spectrogram 1	1	1338.750000	1340.750000	0	0	9	cluster_9	0.8313
1069	Spectrogram 1	1	1340.500000	1341.500000	0	0	8	cluster_8	0.9777
1070	Spectrogram 1	1	1342.000000	1343.000000	0	0	2	cluster_2	0.9628
1071	Spectrogram 1	1	1342.750000	1343.250000	0	0	noise	cluster_noise	0.0000
1072	Spectrogram 1	1	1343.000000	1343.500000	0	0	3	cluster_3	0.7522
1073	Spectrogram 1	1	1344.000000	1345.500000	0	0	8	cluster_8	1.0000
1074	Spectrogram 1	1	1345.250000	1347.000000	0	0	noise	cluster_noise	0.0000
1075	Spectrogram 1	1	1346.750000	1347.250000	0	0	20	cluster_20	0.6518
1076	Spectrogram 1	1	1347.000000	1347.750000	0	0	noise	cluster_noise	0.0000
1077	Spectrogram 1	1	1347.500000	1348.500000	0	0	17	cluster_17	0.8724
1078	Spectrogram 1	1	1348.250000	1350.750000	0	0	8	cluster_8	0.9845
1079	Spectrogram 1	1	1350.500000	1351.000000	0	0	noise	cluster_noise	0.0000
1080	Spectrogram 1	1	1350.750000	1351.500000	0	0	9	cluster_9	1.0000
1081	Spectrogram 1	1	1356.000000	1357.500000	0	0	8	cluster_8	1.0000
1082	Spectrogram 1	1	1357.250000	1358.250000	0	0	noise	cluster_noise	0.0000
1083	Spectrogram 1	1	1358.000000	1359.250000	0	0	20	cluster_20	0.8463
1084	Spectrogram 1	1	1359.000000	1360.500000	0	0	noise	cluster_noise	0.0000
1085	Spectrogram 1	1	1360.250000	1369.250000	0	0	8	cluster_8	0.9957
1086	Spectrogram 1	1	1369.000000	1370.500000	0	0	noise	cluster_noise	0.0000
1087	Spectrogram 1	1	1370.250000	1371.250000	0	0	20	cluster_20	0.8551
1088	Spectrogram 1	1	1371.000000	1371.500000	0	0	noise	cluster_noise	0.0000
1089	Spectrogram 1	1	1371.250000	1372.250000	0	0	17	cluster_17	0.9244
1090	Spectrogram 1	1	1372.000000	1372.500000	0	0	noise	cluster_noise	0.0000
1091	Spectrogram 1	1	1372.250000	1375.000000	0	0	8	cluster_8	0.9934
1092	Spectrogram 1	1	1374.750000	1375.500000	0	0	9	cluster_9	0.7100
1093	Spectrogram 1	1	1375.250000	1381.500000	0	0	8	cluster_8	1.0000
1094	Spectrogram 1	1	1381.250000	1383.250000	0	0	noise	cluster_noise	0.0000
1095	Spectrogram 1	1	1383.000000	1383.500000	0	0	20	cluster_20	1.0000
1096	Spectrogram 1	1	1383.250000	1384.000000	0	0	noise	cluster_noise	0.0000
1097	Spectrogram 1	1	1383.750000	1384.250000	0	0	17	cluster_17	0.9175
1098	Spectrogram 1	1	1384.000000	1384.750000	0	0	noise	cluster_noise	0.0000
1099	Spectrogram 1	1	1384.500000	1385.000000	0	0	17	cluster_17	0.8862
1100	Spectrogram 1	1	1384.750000	1386.500000	0	0	8	cluster_8	1.0000
1101	Spectrogram 1	1	1392.000000	1392.500000	0	0	noise	cluster_noise	0.0000
1102	Spectrogram 1	1	1392.250000	1392.750000	0	0	3	cluster_3	1.0000
1103	Spectrogram 1	1	1392.500000	1394.000000	0	0	8	cluster_8	1.0000
1104	Spectrogram 1	1	1393.750000	1395.250000	0	0	noise	cluster_noise	0.0000
1105	Spectrogram 1	1	1395.000000	1396.250000	0	0	20	cluster_20	0.8240
1106	Spectrogram 1	1	1396.000000	1396.500000	0	0	noise	cluster_noise	0.0000
1107	Spectrogram 1	1	1396.250000	1397.250000	0	0	17	cluster_17	0.9395
1108	Spectrogram 1	1	1397.000000	1398.000000	0	0	8	cluster_8	1.0000
1109	Spectrogram 1	1	1397.750000	1398.250000	0	0	noise	cluster_noise	0.0000
1110	Spectrogram 1	1	1398.000000	1399.750000	0	0	8	cluster_8	1.0000
1111	Spectrogram 1	1	1399.500000	1400.250000	0	0	9	cluster_9	0.6969
1112	Spectrogram 1	1	1400.000000	1405.500000	0	0	8	cluster_8	1.0000
1113	Spectrogram 1	1	1405.250000	1406.500000	0	0	noise	cluster_noise	0.0000
1114	Spectrogram 1	1	1406.250000	1406.750000	0	0	20	cluster_20	0.6334
1115	Spectrogram 1	1	1406.500000	1407.000000	0	0	noise	cluster_noise	0.0000
1116	Spectrogram 1	1	1406.750000	1407.750000	0	0	20	cluster_20	0.9643
1117	Spectrogram 1	1	1407.500000	1408.500000	0	0	noise	cluster_noise	0.0000
1118	Spectrogram 1	1	1408.250000	1408.750000	0	0	17	cluster_17	0.8850
1119	Spectrogram 1	1	1408.500000	1411.250000	0	0	8	cluster_8	1.0000
1120	Spectrogram 1	1	1411.000000	1411.500000	0	0	noise	cluster_noise	0.0000
1121	Spectrogram 1	1	1411.250000	1412.000000	0	0	9	cluster_9	1.0000
1122	Spectrogram 1	1	1411.750000	1412.250000	0	0	8	cluster_8	0.8314
1123	Spectrogram 1	1	1412.000000	1412.500000	0	0	0	cluster_0	0.4024
1124	Spectrogram 1	1	1417.000000	1417.500000	0	0	8	cluster_8	1.0000
1125	Spectrogram 1	1	1417.250000	1417.750000	0	0	noise	cluster_noise	0.0000
1126	Spectrogram 1	1	1417.500000	1418.000000	0	0	8	cluster_8	0.9854
1127	Spectrogram 1	1	1417.750000	1418.500000	0	0	noise	cluster_noise	0.0000
1128	Spectrogram 1	1	1418.250000	1419.500000	0	0	20	cluster_20	0.9545
1129	Spectrogram 1	1	1419.250000	1420.000000	0	0	noise	cluster_noise	0.0000
1130	Spectrogram 1	1	1419.750000	1420.500000	0	0	17	cluster_17	0.9222
1131	Spectrogram 1	1	1420.250000	1420.750000	0	0	noise	cluster_noise	0.0000
1132	Spectrogram 1	1	1420.500000	1422.750000	0	0	8	cluster_8	1.0000
1133	Spectrogram 1	1	1422.500000	1425.000000	0	0	9	cluster_9	0.8701
1134	Spectrogram 1	1	1424.750000	1425.500000	0	0	8	cluster_8	0.9249
1135	Spectrogram 1	1	1425.250000	1425.750000	0	0	noise	cluster_noise	0.0000
1136	Spectrogram 1	1	1425.500000	1427.000000	0	0	2	cluster_2	1.0000
1137	Spectrogram 1	1	1426.750000	1430.000000	0	0	noise	cluster_noise	0.0000
1138	Spectrogram 1	1	1429.750000	1431.250000	0	0	20	cluster_20	0.8826
1139	Spectrogram 1	1	1431.000000	1431.750000	0	0	noise	cluster_noise	0.0000
1140	Spectrogram 1	1	1431.500000	1432.500000	0	0	17	cluster_17	0.8969
1141	Spectrogram 1	1	1432.250000	1434.750000	0	0	8	cluster_8	1.0000
1142	Spectrogram 1	1	1434.500000	1435.500000	0	0	9	cluster_9	0.8389
1143	Spectrogram 1	1	1441.000000	1441.500000	0	0	17	cluster_17	0.8903
1144	Spectrogram 1	1	1441.250000	1441.750000	0	0	noise	cluster_noise	0.0000
1145	Spectrogram 1	1	1441.500000	1443.250000	0	0	20	cluster_20	0.9189
1146	Spectrogram 1	1	1443.000000	1443.500000	0	0	noise	cluster_noise	0.0000
1147	Spectrogram 1	1	1443.250000	1444.000000	0	0	17	cluster_17	0.9200
1148	Spectrogram 1	1	1443.750000	1444.250000	0	0	noise	cluster_noise	0.0000
1149	Spectrogram 1	1	1444.000000	1444.500000	0	0	17	cluster_17	0.8643
1150	Spectrogram 1	1	1444.250000	1446.500000	0	0	8	cluster_8	0.9829
1151	Spectrogram 1	1	1446.250000	1446.750000	0	0	noise	cluster_noise	0.0000
1152	Spectrogram 1	1	1446.500000	1447.500000	0	0	9	cluster_9	0.8333
1153	Spectrogram 1	1	1450.000000	1450.500000	0	0	3	cluster_3	0.9020
1154	Spectrogram 1	1	1450.250000	1451.500000	0	0	noise	cluster_noise	0.0000
1155	Spectrogram 1	1	1452.000000	1452.750000	0	0	8	cluster_8	1.0000
1156	Spectrogram 1	1	1452.500000	1453.500000	0	0	17	cluster_17	0.9207
1157	Spectrogram 1	1	1453.250000	1453.750000	0	0	noise	cluster_noise	0.0000
1158	Spectrogram 1	1	1453.500000	1454.750000	0	0	20	cluster_20	0.8739
1159	Spectrogram 1	1	1454.500000	1455.250000	0	0	noise	cluster_noise	0.0000
1160	Spectrogram 1	1	1455.000000	1455.750000	0	0	17	cluster_17	0.8968
1161	Spectrogram 1	1	1455.500000	1456.000000	0	0	noise	cluster_noise	0.0000
1162	Spectrogram 1	1	1455.750000	1457.750000	0	0	8	cluster_8	0.9731
1163	Spectrogram 1	1	1457.500000	1458.000000	0	0	noise	cluster_noise	0.0000
1164	Spectrogram 1	1	1457.750000	1465.000000	0	0	0	cluster_0	0.8863
1165	Spectrogram 1	1	1464.750000	1465.250000	0	0	8	cluster_8	0.9403
1166	Spectrogram 1	1	1465.000000	1465.750000	0	0	noise	cluster_noise	0.0000
1167	Spectrogram 1	1	1465.500000	1466.500000	0	0	8	cluster_8	0.9526
1168	Spectrogram 1	1	1466.250000	1466.750000	0	0	noise	cluster_noise	0.0000
1169	Spectrogram 1	1	1466.500000	1467.500000	0	0	8	cluster_8	1.0000
1170	Spectrogram 1	1	1467.250000	1468.000000	0	0	noise	cluster_noise	0.0000
1171	Spectrogram 1	1	1467.750000	1469.500000	0	0	8	cluster_8	1.0000
1172	Spectrogram 1	1	1469.250000	1470.000000	0	0	noise	cluster_noise	0.0000
1173	Spectrogram 1	1	1469.750000	1471.500000	0	0	8	cluster_8	1.0000
1174	Spectrogram 1	1	1471.250000	1471.750000	0	0	noise	cluster_noise	0.0000
1175	Spectrogram 1	1	1471.500000	1472.250000	0	0	8	cluster_8	0.9589
1176	Spectrogram 1	1	1472.000000	1474.000000	0	0	noise	cluster_noise	0.0000
1177	Spectrogram 1	1	1473.750000	1475.250000	0	0	0	cluster_0	0.5751
1178	Spectrogram 1	1	1475.000000	1475.500000	0	0	8	cluster_8	1.0000
1179	Spectrogram 1	1	1475.250000	1476.250000	0	0	noise	cluster_noise	0.0000
1180	Spectrogram 1	1	1476.000000	1476.500000	0	0	3	cluster_3	0.8152
1181	Spectrogram 1	1	1476.250000	1478.250000	0	0	0	cluster_0	0.8305
1182	Spectrogram 1	1	1478.000000	1478.500000	0	0	noise	cluster_noise	0.0000
1183	Spectrogram 1	1	1478.250000	1479.500000	0	0	0	cluster_0	0.8689
1184	Spectrogram 1	1	1479.250000	1480.250000	0	0	noise	cluster_noise	0.0000
1185	Spectrogram 1	1	1480.000000	1481.250000	0	0	8	cluster_8	0.9661
1186	Spectrogram 1	1	1481.000000	1481.500000	0	0	3	cluster_3	1.0000
1187	Spectrogram 1	1	1481.250000	1485.250000	0	0	8	cluster_8	0.9895
1188	Spectrogram 1	1	1485.000000	1485.500000	0	0	3	cluster_3	0.8412
1189	Spectrogram 1	1	1485.250000	1487.750000	0	0	8	cluster_8	0.9402
1190	Spectrogram 1	1	1487.500000	1488.000000	0	0	3	cluster_3	1.0000
1191	Spectrogram 1	1	1487.750000	1489.000000	0	0	8	cluster_8	1.0000
1192	Spectrogram 1	1	1488.750000	1489.250000	0	0	3	cluster_3	1.0000
1193	Spectrogram 1	1	1489.000000	1489.750000	0	0	8	cluster_8	1.0000
1194	Spectrogram 1	1	1489.500000	1490.000000	0	0	noise	cluster_noise	0.0000
1195	Spectrogram 1	1	1489.750000	1493.000000	0	0	8	cluster_8	1.0000
1196	Spectrogram 1	1	1492.750000	1494.250000	0	0	0	cluster_0	0.9220
1197	Spectrogram 1	1	1494.000000	1496.750000	0	0	8	cluster_8	0.9826
1198	Spectrogram 1	1	1496.500000	1498.000000	0	0	0	cluster_0	0.8999
1199	Spectrogram 1	1	1497.750000	1500.000000	0	0	8	cluster_8	0.9820
1200	Spectrogram 1	1	1499.750000	1500.250000	0	0	3	cluster_3	1.0000
1201	Spectrogram 1	1	1500.000000	1500.750000	0	0	8	cluster_8	0.9860
1202	Spectrogram 1	1	1500.500000	1501.000000	0	0	noise	cluster_noise	0.0000
1203	Spectrogram 1	1	1500.750000	1502.750000	0	0	8	cluster_8	1.0000
1204	Spectrogram 1	1	1502.500000	1503.000000	0	0	3	cluster_3	1.0000
1205	Spectrogram 1	1	1502.750000	1504.500000	0	0	8	cluster_8	1.0000
1206	Spectrogram 1	1	1504.250000	1504.750000	0	0	3	cluster_3	1.0000
1207	Spectrogram 1	1	1504.500000	1505.250000	0	0	8	cluster_8	1.0000
1208	Spectrogram 1	1	1505.000000	1505.500000	0	0	3	cluster_3	1.0000
1209	Spectrogram 1	1	1505.250000	1506.250000	0	0	8	cluster_8	0.9952
1210	Spectrogram 1	1	1506.000000	1506.500000	0	0	3	cluster_3	1.0000
1211	Spectrogram 1	1	1508.000000	1508.500000	0	0	8	cluster_8	1.0000
1212	Spectrogram 1	1	1508.250000	1508.750000	0	0	noise	cluster_noise	0.0000
1213	Spectrogram 1	1	1508.500000	1509.500000	0	0	8	cluster_8	0.9640
1214	Spectrogram 1	1	1509.250000	1509.750000	0	0	3	cluster_3	1.0000
1215	Spectrogram 1	1	1509.500000	1510.000000	0	0	8	cluster_8	1.0000
1216	Spectrogram 1	1	1509.750000	1510.250000	0	0	noise	cluster_noise	0.0000
1217	Spectrogram 1	1	1510.000000	1510.500000	0	0	3	cluster_3	1.0000
1218	Spectrogram 1	1	1511.000000	1511.750000	0	0	8	cluster_8	1.0000
1219	Spectrogram 1	1	1511.500000	1512.000000	0	0	11	cluster_11	0.4001
1220	Spectrogram 1	1	1511.750000	1513.000000	0	0	0	cluster_0	0.9912
1221	Spectrogram 1	1	1512.750000	1513.250000	0	0	noise	cluster_noise	0.0000
1222	Spectrogram 1	1	1513.000000	1515.500000	0	0	8	cluster_8	1.0000
1223	Spectrogram 1	1	1515.250000	1515.750000	0	0	noise	cluster_noise	0.0000
1224	Spectrogram 1	1	1515.500000	1516.750000	0	0	0	cluster_0	1.0000
1225	Spectrogram 1	1	1516.500000	1517.000000	0	0	11	cluster_11	0.4487
1226	Spectrogram 1	1	1516.750000	1518.500000	0	0	8	cluster_8	0.9764
1227	Spectrogram 1	1	1522.000000	1522.500000	0	0	noise	cluster_noise	0.0000
1228	Spectrogram 1	1	1522.250000	1523.250000	0	0	8	cluster_8	0.8774
1229	Spectrogram 1	1	1523.000000	1523.750000	0	0	noise	cluster_noise	0.0000
1230	Spectrogram 1	1	1523.500000	1524.000000	0	0	3	cluster_3	1.0000
1231	Spectrogram 1	1	1523.750000	1524.500000	0	0	8	cluster_8	0.9615
1232	Spectrogram 1	1	1525.000000	1525.500000	0	0	noise	cluster_noise	0.0000
1233	Spectrogram 1	1	1525.250000	1526.000000	0	0	8	cluster_8	1.0000
1234	Spectrogram 1	1	1525.750000	1526.250000	0	0	3	cluster_3	1.0000
1235	Spectrogram 1	1	1526.000000	1530.500000	0	0	8	cluster_8	1.0000
1236	Spectrogram 1	1	1530.250000	1531.250000	0	0	3	cluster_3	1.0000
1237	Spectrogram 1	1	1531.000000	1531.500000	0	0	noise	cluster_noise	0.0000
1238	Spectrogram 1	1	1531.250000	1531.750000	0	0	3	cluster_3	1.0000
1239	Spectrogram 1	1	1531.500000	1532.750000	0	0	8	cluster_8	1.0000
1240	Spectrogram 1	1	1532.500000	1533.000000	0	0	noise	cluster_noise	0.0000
1241	Spectrogram 1	1	1532.750000	1533.500000	0	0	8	cluster_8	1.0000
1242	Spectrogram 1	1	1533.250000	1533.750000	0	0	3	cluster_3	1.0000
1243	Spectrogram 1	1	1533.500000	1534.500000	0	0	noise	cluster_noise	0.0000
1244	Spectrogram 1	1	1534.250000	1536.000000	0	0	8	cluster_8	1.0000
1245	Spectrogram 1	1	1535.750000	1536.250000	0	0	3	cluster_3	1.0000
1246	Spectrogram 1	1	1536.000000	1537.500000	0	0	8	cluster_8	1.0000
1247	Spectrogram 1	1	1537.250000	1537.750000	0	0	11	cluster_11	0.3881
1248	Spectrogram 1	1	1537.500000	1538.000000	0	0	noise	cluster_noise	0.0000
1249	Spectrogram 1	1	1537.750000	1538.500000	0	0	11	cluster_11	0.3945
1250	Spectrogram 1	1	1542.000000	1543.000000	0	0	8	cluster_8	0.9907
1251	Spectrogram 1	1	1542.750000	1543.500000	0	0	11	cluster_11	0.4001
1252	Spectrogram 1	1	1544.000000	1545.250000	0	0	noise	cluster_noise	0.0000
1253	Spectrogram 1	1	1545.000000	1545.750000	0	0	11	cluster_11	0.3922
1254	Spectrogram 1	1	1545.500000	1546.000000	0	0	noise	cluster_noise	0.0000
1255	Spectrogram 1	1	1545.750000	1546.500000	0	0	11	cluster_11	0.4001
1256	Spectrogram 1	1	1548.000000	1550.250000	0	0	8	cluster_8	1.0000
1257	Spectrogram 1	1	1550.000000	1551.250000	0	0	3	cluster_3	1.0000
1258	Spectrogram 1	1	1551.000000	1552.500000	0	0	8	cluster_8	1.0000
1259	Spectrogram 1	1	1557.000000	1557.500000	0	0	3	cluster_3	1.0000
1260	Spectrogram 1	1	1557.250000	1557.750000	0	0	11	cluster_11	0.4001
1261	Spectrogram 1	1	1557.500000	1558.500000	0	0	noise	cluster_noise	0.0000
1262	Spectrogram 1	1	1567.000000	1568.500000	0	0	8	cluster_8	1.0000
1263	Spectrogram 1	1	1569.000000	1569.750000	0	0	3	cluster_3	0.9485
1264	Spectrogram 1	1	1569.500000	1570.000000	0	0	1	cluster_1	0.7547
1265	Spectrogram 1	1	1569.750000	1570.500000	0	0	noise	cluster_noise	0.0000
1266	Spectrogram 1	1	1581.000000	1583.750000	0	0	8	cluster_8	1.0000
1267	Spectrogram 1	1	1583.500000	1584.500000	0	0	3	cluster_3	1.0000
1268	Spectrogram 1	1	1584.250000	1585.000000	0	0	1	cluster_1	1.0000
1269	Spectrogram 1	1	1584.750000	1585.500000	0	0	noise	cluster_noise	0.0000
1270	Spectrogram 1	1	1585.250000	1586.500000	0	0	8	cluster_8	1.0000
1271	Spectrogram 1	1	1586.250000	1587.500000	0	0	3	cluster_3	0.9617
1272	Spectrogram 1	1	1587.250000	1587.750000	0	0	1	cluster_1	1.0000
1273	Spectrogram 1	1	1587.500000	1588.000000	0	0	noise	cluster_noise	0.0000
1274	Spectrogram 1	1	1587.750000	1588.500000	0	0	8	cluster_8	0.9296
1275	Spectrogram 1	1	1599.000000	1600.250000	0	0	1	cluster_1	0.9314
1276	Spectrogram 1	1	1600.000000	1600.500000	0	0	noise	cluster_noise	0.0000
1277	Spectrogram 1	1	1611.000000	1612.000000	0	0	8	cluster_8	0.9731
1278	Spectrogram 1	1	1611.750000	1612.500000	0	0	3	cluster_3	1.0000
1279	Spectrogram 1	1	1614.000000	1618.750000	0	0	8	cluster_8	1.0000
1280	Spectrogram 1	1	1618.500000	1619.000000	0	0	noise	cluster_noise	0.0000
1281	Spectrogram 1	1	1618.750000	1619.500000	0	0	3	cluster_3	0.9496
1282	Spectrogram 1	1	1620.000000	1620.750000	0	0	1	cluster_1	1.0000
1283	Spectrogram 1	1	1620.500000	1622.000000	0	0	8	cluster_8	1.0000
1284	Spectrogram 1	1	1621.750000	1622.500000	0	0	noise	cluster_noise	0.0000
1285	Spectrogram 1	1	1625.000000	1625.750000	0	0	3	cluster_3	0.9352
1286	Spectrogram 1	1	1625.500000	1626.500000	0	0	noise	cluster_noise	0.0000
1287	Spectrogram 1	1	1627.000000	1627.500000	0	0	3	cluster_3	0.9177
1288	Spectrogram 1	1	1627.250000	1628.000000	0	0	noise	cluster_noise	0.0000
1289	Spectrogram 1	1	1627.750000	1629.000000	0	0	1	cluster_1	1.0000
1290	Spectrogram 1	1	1628.750000	1630.500000	0	0	8	cluster_8	1.0000
1291	Spectrogram 1	1	1632.000000	1632.750000	0	0	1	cluster_1	0.9126
1292	Spectrogram 1	1	1632.500000	1633.500000	0	0	8	cluster_8	1.0000
1293	Spectrogram 1	1	1636.000000	1636.500000	0	0	3	cluster_3	1.0000
1294	Spectrogram 1	1	1636.250000	1636.750000	0	0	noise	cluster_noise	0.0000
1295	Spectrogram 1	1	1636.500000	1637.500000	0	0	8	cluster_8	1.0000
1296	Spectrogram 1	1	1644.000000	1645.500000	0	0	3	cluster_3	1.0000
1297	Spectrogram 1	1	1645.250000	1645.750000	0	0	8	cluster_8	0.8624
1298	Spectrogram 1	1	1645.500000	1646.250000	0	0	noise	cluster_noise	0.0000
1299	Spectrogram 1	1	1646.000000	1646.750000	0	0	8	cluster_8	1.0000
1300	Spectrogram 1	1	1646.500000	1647.000000	0	0	noise	cluster_noise	0.0000
1301	Spectrogram 1	1	1646.750000	1649.000000	0	0	1	cluster_1	0.9928
1302	Spectrogram 1	1	1648.750000	1650.500000	0	0	8	cluster_8	0.9988
1303	Spectrogram 1	1	1653.000000	1653.750000	0	0	3	cluster_3	1.0000
1304	Spectrogram 1	1	1653.500000	1654.500000	0	0	8	cluster_8	1.0000
1305	Spectrogram 1	1	1655.000000	1661.000000	0	0	3	cluster_3	1.0000
1306	Spectrogram 1	1	1660.750000	1662.250000	0	0	8	cluster_8	1.0000
1307	Spectrogram 1	1	1662.000000	1662.500000	0	0	noise	cluster_noise	0.0000
1308	Spectrogram 1	1	1662.250000	1664.750000	0	0	1	cluster_1	1.0000
1309	Spectrogram 1	1	1664.500000	1665.250000	0	0	8	cluster_8	1.0000
1310	Spectrogram 1	1	1665.000000	1677.500000	0	0	1	cluster_1	0.9641
1311	Spectrogram 1	1	1677.250000	1677.750000	0	0	8	cluster_8	1.0000
1312	Spectrogram 1	1	1677.500000	1678.000000	0	0	noise	cluster_noise	0.0000
1313	Spectrogram 1	1	1677.750000	1680.000000	0	0	1	cluster_1	0.9556
1314	Spectrogram 1	1	1679.750000	1680.250000	0	0	noise	cluster_noise	0.0000
1315	Spectrogram 1	1	1680.000000	1681.250000	0	0	8	cluster_8	1.0000
1316	Spectrogram 1	1	1681.000000	1682.750000	0	0	noise	cluster_noise	0.0000
1317	Spectrogram 1	1	1682.500000	1683.250000	0	0	16	cluster_16	0.9889
1318	Spectrogram 1	1	1683.000000	1683.750000	0	0	noise	cluster_noise	0.0000
1319	Spectrogram 1	1	1683.500000	1685.250000	0	0	8	cluster_8	0.9756
1320	Spectrogram 1	1	1685.000000	1686.500000	0	0	3	cluster_3	1.0000
1321	Spectrogram 1	1	1689.000000	1691.000000	0	0	1	cluster_1	1.0000
1322	Spectrogram 1	1	1690.750000	1691.250000	0	0	noise	cluster_noise	0.0000
1323	Spectrogram 1	1	1691.000000	1691.500000	0	0	8	cluster_8	1.0000
1324	Spectrogram 1	1	1691.250000	1691.750000	0	0	noise	cluster_noise	0.0000
1325	Spectrogram 1	1	1691.500000	1693.750000	0	0	1	cluster_1	0.9842
1326	Spectrogram 1	1	1693.500000	1694.750000	0	0	8	cluster_8	1.0000
1327	Spectrogram 1	1	1694.500000	1696.250000	0	0	noise	cluster_noise	0.0000
1328	Spectrogram 1	1	1696.000000	1696.750000	0	0	16	cluster_16	0.8787
1329	Spectrogram 1	1	1696.500000	1698.000000	0	0	noise	cluster_noise	0.0000
1330	Spectrogram 1	1	1697.750000	1699.000000	0	0	8	cluster_8	1.0000
1331	Spectrogram 1	1	1698.750000	1701.000000	0	0	3	cluster_3	0.9894
1332	Spectrogram 1	1	1700.750000	1701.500000	0	0	8	cluster_8	1.0000
1333	Spectrogram 1	1	1703.000000	1704.000000	0	0	1	cluster_1	0.9172
1334	Spectrogram 1	1	1703.750000	1704.750000	0	0	8	cluster_8	1.0000
1335	Spectrogram 1	1	1704.500000	1706.750000	0	0	1	cluster_1	0.9685
1336	Spectrogram 1	1	1706.500000	1707.000000	0	0	noise	cluster_noise	0.0000
1337	Spectrogram 1	1	1706.750000	1708.000000	0	0	8	cluster_8	1.0000
1338	Spectrogram 1	1	1707.750000	1708.750000	0	0	noise	cluster_noise	0.0000
1339	Spectrogram 1	1	1708.500000	1709.750000	0	0	16	cluster_16	1.0000
1340	Spectrogram 1	1	1709.500000	1710.750000	0	0	noise	cluster_noise	0.0000
1341	Spectrogram 1	1	1710.500000	1711.750000	0	0	8	cluster_8	1.0000
1342	Spectrogram 1	1	1711.500000	1712.000000	0	0	noise	cluster_noise	0.0000
1343	Spectrogram 1	1	1711.750000	1714.000000	0	0	3	cluster_3	1.0000
1344	Spectrogram 1	1	1713.750000	1714.500000	0	0	8	cluster_8	1.0000
1345	Spectrogram 1	1	1716.000000	1717.000000	0	0	1	cluster_1	1.0000
1346	Spectrogram 1	1	1716.750000	1717.250000	0	0	noise	cluster_noise	0.0000
1347	Spectrogram 1	1	1717.000000	1717.750000	0	0	8	cluster_8	1.0000
1348	Spectrogram 1	1	1717.500000	1719.750000	0	0	1	cluster_1	0.9528
1349	Spectrogram 1	1	1719.500000	1720.000000	0	0	noise	cluster_noise	0.0000
1350	Spectrogram 1	1	1719.750000	1721.250000	0	0	8	cluster_8	1.0000
1351	Spectrogram 1	1	1721.000000	1721.500000	0	0	noise	cluster_noise	0.0000
1352	Spectrogram 1	1	1721.250000	1721.750000	0	0	16	cluster_16	1.0000
1353	Spectrogram 1	1	1721.500000	1722.250000	0	0	noise	cluster_noise	0.0000
1354	Spectrogram 1	1	1722.000000	1722.500000	0	0	16	cluster_16	1.0000
1355	Spectrogram 1	1	1722.250000	1723.250000	0	0	noise	cluster_noise	0.0000
1356	Spectrogram 1	1	1723.000000	1724.000000	0	0	17	cluster_17	0.9254
1357	Spectrogram 1	1	1723.750000	1724.250000	0	0	8	cluster_8	1.0000
1358	Spectrogram 1	1	1724.000000	1724.500000	0	0	noise	cluster_noise	0.0000
1359	Spectrogram 1	1	1724.250000	1725.250000	0	0	8	cluster_8	0.9774
1360	Spectrogram 1	1	1725.000000	1727.500000	0	0	3	cluster_3	0.9702
1361	Spectrogram 1	1	1727.250000	1728.500000	0	0	8	cluster_8	1.0000
1362	Spectrogram 1	1	1729.000000	1730.500000	0	0	1	cluster_1	1.0000
1363	Spectrogram 1	1	1730.250000	1731.000000	0	0	8	cluster_8	0.9185
1364	Spectrogram 1	1	1730.750000	1731.250000	0	0	13	cluster_13	0.8798
1365	Spectrogram 1	1	1731.000000	1731.500000	0	0	noise	cluster_noise	0.0000
1366	Spectrogram 1	1	1731.250000	1732.500000	0	0	1	cluster_1	1.0000
1367	Spectrogram 1	1	1732.250000	1732.750000	0	0	noise	cluster_noise	0.0000
1368	Spectrogram 1	1	1732.500000	1734.500000	0	0	8	cluster_8	1.0000
1369	Spectrogram 1	1	1734.250000	1735.000000	0	0	noise	cluster_noise	0.0000
1370	Spectrogram 1	1	1734.750000	1736.000000	0	0	16	cluster_16	0.9866
1371	Spectrogram 1	1	1735.750000	1737.000000	0	0	noise	cluster_noise	0.0000
1372	Spectrogram 1	1	1736.750000	1737.500000	0	0	17	cluster_17	0.9055
1373	Spectrogram 1	1	1737.250000	1737.750000	0	0	noise	cluster_noise	0.0000
1374	Spectrogram 1	1	1737.500000	1738.000000	0	0	8	cluster_8	0.8254
1375	Spectrogram 1	1	1737.750000	1738.250000	0	0	noise	cluster_noise	0.0000
1376	Spectrogram 1	1	1738.000000	1740.250000	0	0	3	cluster_3	0.9673
1377	Spectrogram 1	1	1740.000000	1740.500000	0	0	noise	cluster_noise	0.0000
1378	Spectrogram 1	1	1740.250000	1741.500000	0	0	8	cluster_8	1.0000
1379	Spectrogram 1	1	1743.000000	1743.750000	0	0	1	cluster_1	0.7982
1380	Spectrogram 1	1	1743.500000	1744.000000	0	0	8	cluster_8	1.0000
1381	Spectrogram 1	1	1743.750000	1744.250000	0	0	13	cluster_13	1.0000
1382	Spectrogram 1	1	1744.000000	1744.500000	0	0	noise	cluster_noise	0.0000
1383	Spectrogram 1	1	1744.250000	1746.500000	0	0	1	cluster_1	0.9778
1384	Spectrogram 1	1	1746.250000	1747.500000	0	0	8	cluster_8	1.0000
1385	Spectrogram 1	1	1747.250000	1747.750000	0	0	13	cluster_13	1.0000
1386	Spectrogram 1	1	1747.500000	1748.750000	0	0	noise	cluster_noise	0.0000
1387	Spectrogram 1	1	1748.500000	1749.000000	0	0	12	cluster_12	0.7008
1388	Spectrogram 1	1	1748.750000	1749.250000	0	0	noise	cluster_noise	0.0000
1389	Spectrogram 1	1	1749.000000	1749.750000	0	0	17	cluster_17	0.9681
1390	Spectrogram 1	1	1749.500000	1750.000000	0	0	noise	cluster_noise	0.0000
1391	Spectrogram 1	1	1749.750000	1750.500000	0	0	8	cluster_8	1.0000
1392	Spectrogram 1	1	1750.250000	1750.750000	0	0	noise	cluster_noise	0.0000
1393	Spectrogram 1	1	1750.500000	1752.500000	0	0	3	cluster_3	1.0000
1394	Spectrogram 1	1	1752.250000	1753.750000	0	0	8	cluster_8	1.0000
1395	Spectrogram 1	1	1753.500000	1754.000000	0	0	13	cluster_13	0.7053
1396	Spectrogram 1	1	1753.750000	1754.250000	0	0	noise	cluster_noise	0.0000
1397	Spectrogram 1	1	1754.000000	1754.500000	0	0	1	cluster_1	1.0000
1398	Spectrogram 1	1	1756.000000	1756.500000	0	0	13	cluster_13	1.0000
1399	Spectrogram 1	1	1756.250000	1756.750000	0	0	noise	cluster_noise	0.0000
1400	Spectrogram 1	1	1756.500000	1757.750000	0	0	1	cluster_1	0.9632
1401	Spectrogram 1	1	1757.500000	1758.000000	0	0	noise	cluster_noise	0.0000
1402	Spectrogram 1	1	1757.750000	1759.500000	0	0	8	cluster_8	1.0000
1403	Spectrogram 1	1	1759.250000	1759.750000	0	0	13	cluster_13	0.8596
1404	Spectrogram 1	1	1759.500000	1760.000000	0	0	noise	cluster_noise	0.0000
1405	Spectrogram 1	1	1759.750000	1761.250000	0	0	18	cluster_18	0.9561
1406	Spectrogram 1	1	1761.000000	1761.500000	0	0	19	cluster_19	0.9272
1407	Spectrogram 1	1	1761.250000	1762.250000	0	0	noise	cluster_noise	0.0000
1408	Spectrogram 1	1	1762.000000	1762.750000	0	0	8	cluster_8	1.0000
1409	Spectrogram 1	1	1762.500000	1764.750000	0	0	3	cluster_3	1.0000
1410	Spectrogram 1	1	1764.500000	1765.750000	0	0	8	cluster_8	1.0000
1411	Spectrogram 1	1	1765.500000	1766.250000	0	0	13	cluster_13	0.8272
1412	Spectrogram 1	1	1766.000000	1766.750000	0	0	1	cluster_1	0.9516
1413	Spectrogram 1	1	1766.500000	1767.000000	0	0	noise	cluster_noise	0.0000
1414	Spectrogram 1	1	1766.750000	1767.500000	0	0	1	cluster_1	1.0000
1415	Spectrogram 1	1	1768.000000	1768.500000	0	0	13	cluster_13	0.9890
1416	Spectrogram 1	1	1768.250000	1768.750000	0	0	noise	cluster_noise	0.0000
1417	Spectrogram 1	1	1768.500000	1769.250000	0	0	1	cluster_1	0.8875
1418	Spectrogram 1	1	1769.000000	1769.500000	0	0	noise	cluster_noise	0.0000
1419	Spectrogram 1	1	1769.250000	1769.750000	0	0	1	cluster_1	0.9265
1420	Spectrogram 1	1	1769.500000	1770.000000	0	0	17	cluster_17	0.9483
1421	Spectrogram 1	1	1769.750000	1771.750000	0	0	8	cluster_8	1.0000
1422	Spectrogram 1	1	1771.500000	1772.000000	0	0	13	cluster_13	1.0000
1423	Spectrogram 1	1	1771.750000	1773.250000	0	0	18	cluster_18	0.9224
1424	Spectrogram 1	1	1773.000000	1773.500000	0	0	19	cluster_19	0.8164
1425	Spectrogram 1	1	1773.250000	1773.750000	0	0	noise	cluster_noise	0.0000
1426	Spectrogram 1	1	1773.500000	1774.000000	0	0	19	cluster_19	0.8707
1427	Spectrogram 1	1	1773.750000	1774.250000	0	0	17	cluster_17	1.0000
1428	Spectrogram 1	1	1774.000000	1774.500000	0	0	noise	cluster_noise	0.0000
1429	Spectrogram 1	1	1774.250000	1774.750000	0	0	8	cluster_8	1.0000
1430	Spectrogram 1	1	1774.500000	1775.000000	0	0	noise	cluster_noise	0.0000
1431	Spectrogram 1	1	1774.750000	1777.000000	0	0	3	cluster_3	1.0000
1432	Spectrogram 1	1	1776.750000	1777.500000	0	0	noise	cluster_noise	0.0000
1433	Spectrogram 1	1	1777.250000	1778.250000	0	0	8	cluster_8	1.0000
1434	Spectrogram 1	1	1778.000000	1778.750000	0	0	13	cluster_13	0.8222
1435	Spectrogram 1	1	1778.500000	1780.500000	0	0	1	cluster_1	0.9062
1436	Spectrogram 1	1	1780.250000	1780.750000	0	0	8	cluster_8	0.8897
1437	Spectrogram 1	1	1780.500000	1781.000000	0	0	13	cluster_13	0.9068
1438	Spectrogram 1	1	1780.750000	1781.250000	0	0	18	cluster_18	0.8681
1439	Spectrogram 1	1	1781.000000	1782.750000	0	0	1	cluster_1	0.9960
1440	Spectrogram 1	1	1782.500000	1783.000000	0	0	noise	cluster_noise	0.0000
1441	Spectrogram 1	1	1782.750000	1784.250000	0	0	8	cluster_8	1.0000
1442	Spectrogram 1	1	1784.000000	1784.500000	0	0	13	cluster_13	0.6469
1443	Spectrogram 1	1	1784.250000	1784.750000	0	0	noise	cluster_noise	0.0000
1444	Spectrogram 1	1	1784.500000	1785.500000	0	0	18	cluster_18	0.9475
1445	Spectrogram 1	1	1785.250000	1786.000000	0	0	noise	cluster_noise	0.0000
1446	Spectrogram 1	1	1785.750000	1786.250000	0	0	19	cluster_19	0.8176
1447	Spectrogram 1	1	1786.000000	1786.500000	0	0	17	cluster_17	0.9866
1448	Spectrogram 1	1	1786.250000	1787.000000	0	0	8	cluster_8	1.0000
1449	Spectrogram 1	1	1786.750000	1789.000000	0	0	3	cluster_3	1.0000
1450	Spectrogram 1	1	1788.750000	1789.250000	0	0	noise	cluster_noise	0.0000
1451	Spectrogram 1	1	1789.000000	1789.500000	0	0	3	cluster_3	1.0000
1452	Spectrogram 1	1	1789.250000	1790.500000	0	0	8	cluster_8	1.0000
1453	Spectrogram 1	1	1790.250000	1790.750000	0	0	noise	cluster_noise	0.0000
1454	Spectrogram 1	1	1790.500000	1791.000000	0	0	13	cluster_13	0.8127
1455	Spectrogram 1	1	1790.750000	1791.250000	0	0	noise	cluster_noise	0.0000
1456	Spectrogram 1	1	1791.000000	1791.500000	0	0	1	cluster_1	0.9828
1457	Spectrogram 1	1	1793.000000	1794.750000	0	0	8	cluster_8	1.0000
1458	Spectrogram 1	1	1794.500000	1795.000000	0	0	13	cluster_13	0.7308
1459	Spectrogram 1	1	1794.750000	1795.250000	0	0	18	cluster_18	0.8538
1460	Spectrogram 1	1	1795.000000	1795.750000	0	0	noise	cluster_noise	0.0000
1461	Spectrogram 1	1	1795.500000	1796.250000	0	0	18	cluster_18	0.9134
1462	Spectrogram 1	1	1796.000000	1797.000000	0	0	19	cluster_19	0.8421
1463	Spectrogram 1	1	1796.750000	1797.500000	0	0	8	cluster_8	0.9387
1464	Spectrogram 1	1	1797.250000	1797.750000	0	0	noise	cluster_noise	0.0000
1465	Spectrogram 1	1	1797.500000	1800.000000	0	0	3	cluster_3	1.0000
1466	Spectrogram 1	1	1799.750000	1801.000000	0	0	8	cluster_8	1.0000
1467	Spectrogram 1	1	1800.750000	1801.250000	0	0	13	cluster_13	1.0000
1468	Spectrogram 1	1	1801.000000	1801.500000	0	0	18	cluster_18	0.6817
1469	Spectrogram 1	1	1801.250000	1801.750000	0	0	noise	cluster_noise	0.0000
1470	Spectrogram 1	1	1801.500000	1803.500000	0	0	1	cluster_1	1.0000
1471	Spectrogram 1	1	1803.250000	1803.750000	0	0	17	cluster_17	0.8663
1472	Spectrogram 1	1	1803.500000	1804.500000	0	0	8	cluster_8	1.0000
1473	Spectrogram 1	1	1806.000000	1806.750000	0	0	noise	cluster_noise	0.0000
1474	Spectrogram 1	1	1806.500000	1807.500000	0	0	17	cluster_17	0.9248
1475	Spectrogram 1	1	1807.250000	1808.500000	0	0	3	cluster_3	0.9418
1476	Spectrogram 1	1	1808.250000	1808.750000	0	0	noise	cluster_noise	0.0000
1477	Spectrogram 1	1	1808.500000	1809.750000	0	0	3	cluster_3	1.0000
1478	Spectrogram 1	1	1809.500000	1810.250000	0	0	noise	cluster_noise	0.0000
1479	Spectrogram 1	1	1810.000000	1811.500000	0	0	8	cluster_8	0.9801
1480	Spectrogram 1	1	1811.250000	1812.000000	0	0	noise	cluster_noise	0.0000
1481	Spectrogram 1	1	1811.750000	1814.000000	0	0	1	cluster_1	0.9453
1482	Spectrogram 1	1	1813.750000	1815.500000	0	0	8	cluster_8	0.9670
1483	Spectrogram 1	1	1816.000000	1816.750000	0	0	16	cluster_16	1.0000
1484	Spectrogram 1	1	1816.500000	1817.750000	0	0	noise	cluster_noise	0.0000
1485	Spectrogram 1	1	1817.500000	1818.000000	0	0	17	cluster_17	0.8885
1486	Spectrogram 1	1	1817.750000	1821.000000	0	0	3	cluster_3	0.9854
1487	Spectrogram 1	1	1820.750000	1821.250000	0	0	noise	cluster_noise	0.0000
1488	Spectrogram 1	1	1821.000000	1822.000000	0	0	8	cluster_8	0.9508
1489	Spectrogram 1	1	1821.750000	1822.250000	0	0	13	cluster_13	1.0000
1490	Spectrogram 1	1	1822.000000	1822.500000	0	0	noise	cluster_noise	0.0000
1491	Spectrogram 1	1	1822.250000	1824.250000	0	0	1	cluster_1	1.0000
1492	Spectrogram 1	1	1824.000000	1824.500000	0	0	8	cluster_8	1.0000
1493	Spectrogram 1	1	1824.250000	1824.750000	0	0	noise	cluster_noise	0.0000
1494	Spectrogram 1	1	1824.500000	1825.000000	0	0	13	cluster_13	0.8660
1495	Spectrogram 1	1	1824.750000	1825.250000	0	0	noise	cluster_noise	0.0000
1496	Spectrogram 1	1	1825.000000	1826.750000	0	0	1	cluster_1	0.9870
1497	Spectrogram 1	1	1826.500000	1828.000000	0	0	8	cluster_8	1.0000
1498	Spectrogram 1	1	1827.750000	1828.500000	0	0	noise	cluster_noise	0.0000
1499	Spectrogram 1	1	1828.250000	1829.500000	0	0	16	cluster_16	0.8479
1500	Spectrogram 1	1	1829.250000	1830.750000	0	0	noise	cluster_noise	0.0000
1501	Spectrogram 1	1	1830.500000	1831.000000	0	0	8	cluster_8	1.0000
1502	Spectrogram 1	1	1830.750000	1831.250000	0	0	noise	cluster_noise	0.0000
1503	Spectrogram 1	1	1831.000000	1832.750000	0	0	3	cluster_3	0.9967
1504	Spectrogram 1	1	1832.500000	1834.250000	0	0	8	cluster_8	0.9868
1505	Spectrogram 1	1	1834.000000	1834.500000	0	0	noise	cluster_noise	0.0000
1506	Spectrogram 1	1	1834.250000	1836.000000	0	0	1	cluster_1	0.9847
1507	Spectrogram 1	1	1835.750000	1836.500000	0	0	8	cluster_8	1.0000
1508	Spectrogram 1	1	1837.000000	1838.500000	0	0	1	cluster_1	1.0000
1509	Spectrogram 1	1	1838.250000	1839.750000	0	0	8	cluster_8	0.9819
1510	Spectrogram 1	1	1839.500000	1840.250000	0	0	noise	cluster_noise	0.0000
1511	Spectrogram 1	1	1840.000000	1841.000000	0	0	16	cluster_16	0.9936
1512	Spectrogram 1	1	1840.750000	1842.000000	0	0	noise	cluster_noise	0.0000
1513	Spectrogram 1	1	1841.750000	1842.500000	0	0	17	cluster_17	0.9842
1514	Spectrogram 1	1	1842.250000	1842.750000	0	0	8	cluster_8	1.0000
1515	Spectrogram 1	1	1842.500000	1843.000000	0	0	noise	cluster_noise	0.0000
1516	Spectrogram 1	1	1842.750000	1844.500000	0	0	3	cluster_3	0.9762
1517	Spectrogram 1	1	1844.250000	1845.750000	0	0	8	cluster_8	1.0000
1518	Spectrogram 1	1	1845.500000	1846.000000	0	0	noise	cluster_noise	0.0000
1519	Spectrogram 1	1	1845.750000	1847.000000	0	0	8	cluster_8	1.0000
1520	Spectrogram 1	1	1846.750000	1847.250000	0	0	noise	cluster_noise	0.0000
1521	Spectrogram 1	1	1847.000000	1847.500000	0	0	13	cluster_13	0.6396
1522	Spectrogram 1	1	1847.250000	1848.000000	0	0	1	cluster_1	0.8147
1523	Spectrogram 1	1	1847.750000	1848.500000	0	0	17	cluster_17	0.9193
1524	Spectrogram 1	1	1848.250000	1848.750000	0	0	noise	cluster_noise	0.0000
1525	Spectrogram 1	1	1848.500000	1850.500000	0	0	8	cluster_8	0.9789
1526	Spectrogram 1	1	1850.250000	1850.750000	0	0	13	cluster_13	0.7058
1527	Spectrogram 1	1	1850.500000	1851.500000	0	0	18	cluster_18	0.8040
1528	Spectrogram 1	1	1851.250000	1852.250000	0	0	19	cluster_19	0.9154
1529	Spectrogram 1	1	1852.000000	1852.500000	0	0	17	cluster_17	1.0000
1530	Spectrogram 1	1	1852.250000	1853.500000	0	0	3	cluster_3	1.0000
1531	Spectrogram 1	1	1853.250000	1853.750000	0	0	noise	cluster_noise	0.0000
1532	Spectrogram 1	1	1853.500000	1854.000000	0	0	8	cluster_8	1.0000
1533	Spectrogram 1	1	1853.750000	1854.250000	0	0	noise	cluster_noise	0.0000
1534	Spectrogram 1	1	1854.000000	1855.000000	0	0	8	cluster_8	1.0000
1535	Spectrogram 1	1	1854.750000	1855.250000	0	0	noise	cluster_noise	0.0000
1536	Spectrogram 1	1	1855.000000	1855.750000	0	0	3	cluster_3	0.9674
1537	Spectrogram 1	1	1855.500000	1858.750000	0	0	8	cluster_8	1.0000
1538	Spectrogram 1	1	1858.500000	1859.250000	0	0	noise	cluster_noise	0.0000
1539	Spectrogram 1	1	1859.000000	1859.750000	0	0	8	cluster_8	1.0000
1540	Spectrogram 1	1	1859.500000	1860.000000	0	0	17	cluster_17	0.9584
1541	Spectrogram 1	1	1859.750000	1861.750000	0	0	8	cluster_8	1.0000
1542	Spectrogram 1	1	1861.500000	1862.000000	0	0	13	cluster_13	1.0000
1543	Spectrogram 1	1	1861.750000	1863.000000	0	0	18	cluster_18	0.9253
1544	Spectrogram 1	1	1862.750000	1863.250000	0	0	19	cluster_19	0.8707
1545	Spectrogram 1	1	1863.000000	1863.500000	0	0	noise	cluster_noise	0.0000
1546	Spectrogram 1	1	1863.250000	1863.750000	0	0	19	cluster_19	0.9748
1547	Spectrogram 1	1	1863.500000	1864.000000	0	0	17	cluster_17	0.9635
1548	Spectrogram 1	1	1863.750000	1864.250000	0	0	8	cluster_8	1.0000
1549	Spectrogram 1	1	1864.000000	1865.000000	0	0	3	cluster_3	1.0000
1550	Spectrogram 1	1	1864.750000	1866.250000	0	0	8	cluster_8	1.0000
1551	Spectrogram 1	1	1866.000000	1866.750000	0	0	noise	cluster_noise	0.0000
1552	Spectrogram 1	1	1866.500000	1870.250000	0	0	8	cluster_8	0.9972
1553	Spectrogram 1	1	1870.000000	1870.500000	0	0	noise	cluster_noise	0.0000
1554	Spectrogram 1	1	1870.250000	1872.500000	0	0	8	cluster_8	0.9804
1555	Spectrogram 1	1	1873.000000	1874.250000	0	0	18	cluster_18	0.8896
1556	Spectrogram 1	1	1874.000000	1875.000000	0	0	19	cluster_19	0.8506
1557	Spectrogram 1	1	1874.750000	1875.500000	0	0	noise	cluster_noise	0.0000
1558	Spectrogram 1	1	1875.250000	1875.750000	0	0	3	cluster_3	0.9707
1559	Spectrogram 1	1	1875.500000	1876.000000	0	0	noise	cluster_noise	0.0000
1560	Spectrogram 1	1	1875.750000	1876.250000	0	0	17	cluster_17	1.0000
1561	Spectrogram 1	1	1876.000000	1877.000000	0	0	8	cluster_8	1.0000
1562	Spectrogram 1	1	1876.750000	1877.500000	0	0	3	cluster_3	1.0000
1563	Spectrogram 1	1	1877.250000	1878.250000	0	0	8	cluster_8	1.0000
1564	Spectrogram 1	1	1878.000000	1878.750000	0	0	3	cluster_3	1.0000
1565	Spectrogram 1	1	1878.500000	1884.750000	0	0	8	cluster_8	0.9871
1566	Spectrogram 1	1	1884.500000	1885.000000	0	0	13	cluster_13	0.9594
1567	Spectrogram 1	1	1884.750000	1885.250000	0	0	noise	cluster_noise	0.0000
1568	Spectrogram 1	1	1885.000000	1886.000000	0	0	18	cluster_18	0.7919
1569	Spectrogram 1	1	1885.750000	1886.500000	0	0	19	cluster_19	0.8466
1570	Spectrogram 1	1	1886.250000	1886.750000	0	0	noise	cluster_noise	0.0000
1571	Spectrogram 1	1	1886.500000	1887.000000	0	0	19	cluster_19	0.9140
1572	Spectrogram 1	1	1886.750000	1887.250000	0	0	17	cluster_17	0.9352
1573	Spectrogram 1	1	1887.000000	1888.000000	0	0	3	cluster_3	0.9670
1574	Spectrogram 1	1	1887.750000	1889.000000	0	0	8	cluster_8	0.9494
1575	Spectrogram 1	1	1888.750000	1889.500000	0	0	3	cluster_3	1.0000
1576	Spectrogram 1	1	1889.250000	1890.000000	0	0	noise	cluster_noise	0.0000
1577	Spectrogram 1	1	1889.750000	1896.500000	0	0	8	cluster_8	0.9950
1578	Spectrogram 1	1	1896.250000	1896.750000	0	0	13	cluster_13	0.8029
1579	Spectrogram 1	1	1896.500000	1897.750000	0	0	18	cluster_18	0.9205
1580	Spectrogram 1	1	1897.500000	1898.000000	0	0	19	cluster_19	0.7787
1581	Spectrogram 1	1	1897.750000	1898.250000	0	0	noise	cluster_noise	0.0000
1582	Spectrogram 1	1	1898.000000	1898.750000	0	0	19	cluster_19	0.8120
1583	Spectrogram 1	1	1898.500000	1899.000000	0	0	17	cluster_17	0.9666
1584	Spectrogram 1	1	1898.750000	1899.500000	0	0	3	cluster_3	1.0000
1585	Spectrogram 1	1	1899.250000	1900.750000	0	0	8	cluster_8	0.9685
1586	Spectrogram 1	1	1900.500000	1901.250000	0	0	3	cluster_3	1.0000
1587	Spectrogram 1	1	1901.000000	1901.500000	0	0	8	cluster_8	1.0000
1588	Spectrogram 1	1	1901.250000	1902.000000	0	0	noise	cluster_noise	0.0000
1589	Spectrogram 1	1	1901.750000	1903.250000	0	0	8	cluster_8	1.0000
1590	Spectrogram 1	1	1903.000000	1903.500000	0	0	noise	cluster_noise	0.0000
1591	Spectrogram 1	1	1903.250000	1905.250000	0	0	8	cluster_8	1.0000
1592	Spectrogram 1	1	1905.000000	1905.500000	0	0	noise	cluster_noise	0.0000
1593	Spectrogram 1	1	1905.250000	1906.500000	0	0	8	cluster_8	1.0000
1594	Spectrogram 1	1	1908.000000	1909.250000	0	0	18	cluster_18	0.9463
1595	Spectrogram 1	1	1909.000000	1909.750000	0	0	noise	cluster_noise	0.0000
1596	Spectrogram 1	1	1909.500000	1910.000000	0	0	19	cluster_19	0.8409
1597	Spectrogram 1	1	1909.750000	1910.500000	0	0	noise	cluster_noise	0.0000
1598	Spectrogram 1	1	1910.250000	1911.000000	0	0	3	cluster_3	0.9766
1599	Spectrogram 1	1	1910.750000	1911.500000	0	0	17	cluster_17	0.9853
1600	Spectrogram 1	1	1911.250000	1912.000000	0	0	8	cluster_8	1.0000
1601	Spectrogram 1	1	1911.750000	1912.500000	0	0	3	cluster_3	0.9239
1602	Spectrogram 1	1	1912.250000	1916.250000	0	0	8	cluster_8	1.0000
1603	Spectrogram 1	1	1916.000000	1916.500000	0	0	noise	cluster_noise	0.0000
1604	Spectrogram 1	1	1916.250000	1917.000000	0	0	8	cluster_8	1.0000
1605	Spectrogram 1	1	1916.750000	1917.250000	0	0	noise	cluster_noise	0.0000
1606	Spectrogram 1	1	1917.000000	1918.500000	0	0	8	cluster_8	1.0000
1607	Spectrogram 1	1	1920.000000	1921.000000	0	0	19	cluster_19	1.0000
1608	Spectrogram 1	1	1920.750000	1921.250000	0	0	noise	cluster_noise	0.0000
1609	Spectrogram 1	1	1921.000000	1921.500000	0	0	8	cluster_8	1.0000
1610	Spectrogram 1	1	1921.250000	1922.000000	0	0	3	cluster_3	0.9184
1611	Spectrogram 1	1	1921.750000	1922.250000	0	0	noise	cluster_noise	0.0000
1612	Spectrogram 1	1	1922.000000	1923.000000	0	0	8	cluster_8	1.0000
1613	Spectrogram 1	1	1922.750000	1923.500000	0	0	3	cluster_3	1.0000
1614	Spectrogram 1	1	1923.250000	1927.750000	0	0	8	cluster_8	0.9973
1615	Spectrogram 1	1	1927.500000	1928.000000	0	0	noise	cluster_noise	0.0000
1616	Spectrogram 1	1	1927.750000	1928.250000	0	0	8	cluster_8	1.0000
1617	Spectrogram 1	1	1928.000000	1928.500000	0	0	noise	cluster_noise	0.0000
1618	Spectrogram 1	1	1928.250000	1929.500000	0	0	8	cluster_8	1.0000
1619	Spectrogram 1	1	1930.000000	1930.500000	0	0	19	cluster_19	0.8347
1620	Spectrogram 1	1	1930.250000	1930.750000	0	0	noise	cluster_noise	0.0000
1621	Spectrogram 1	1	1930.500000	1931.500000	0	0	18	cluster_18	0.9883
1622	Spectrogram 1	1	1931.250000	1931.750000	0	0	19	cluster_19	0.8707
1623	Spectrogram 1	1	1931.500000	1932.000000	0	0	noise	cluster_noise	0.0000
1624	Spectrogram 1	1	1931.750000	1932.250000	0	0	19	cluster_19	0.8707
1625	Spectrogram 1	1	1932.000000	1932.500000	0	0	noise	cluster_noise	0.0000
1626	Spectrogram 1	1	1932.250000	1933.000000	0	0	8	cluster_8	1.0000
1627	Spectrogram 1	1	1932.750000	1933.750000	0	0	3	cluster_3	0.9892
1628	Spectrogram 1	1	1933.500000	1934.000000	0	0	8	cluster_8	1.0000
1629	Spectrogram 1	1	1933.750000	1934.250000	0	0	noise	cluster_noise	0.0000
1630	Spectrogram 1	1	1934.000000	1934.500000	0	0	3	cluster_3	0.9395
1631	Spectrogram 1	1	1934.250000	1938.500000	0	0	8	cluster_8	1.0000
1632	Spectrogram 1	1	1938.250000	1938.750000	0	0	noise	cluster_noise	0.0000
1633	Spectrogram 1	1	1938.500000	1940.500000	0	0	8	cluster_8	1.0000
1634	Spectrogram 1	1	1943.000000	1943.500000	0	0	17	cluster_17	1.0000
1635	Spectrogram 1	1	1943.250000	1943.750000	0	0	noise	cluster_noise	0.0000
1636	Spectrogram 1	1	1943.500000	1944.000000	0	0	1	cluster_1	1.0000
1637	Spectrogram 1	1	1943.750000	1944.250000	0	0	3	cluster_3	1.0000
1638	Spectrogram 1	1	1944.000000	1951.750000	0	0	8	cluster_8	0.9929
1639	Spectrogram 1	1	1951.500000	1952.250000	0	0	noise	cluster_noise	0.0000
1640	Spectrogram 1	1	1952.000000	1952.750000	0	0	18	cluster_18	0.9718
1641	Spectrogram 1	1	1952.500000	1953.000000	0	0	noise	cluster_noise	0.0000
1642	Spectrogram 1	1	1952.750000	1953.750000	0	0	19	cluster_19	0.9505
1643	Spectrogram 1	1	1953.500000	1954.000000	0	0	17	cluster_17	1.0000
1644	Spectrogram 1	1	1953.750000	1954.750000	0	0	8	cluster_8	1.0000
1645	Spectrogram 1	1	1954.500000	1955.000000	0	0	noise	cluster_noise	0.0000
1646	Spectrogram 1	1	1954.750000	1963.000000	0	0	8	cluster_8	0.9921
1647	Spectrogram 1	1	1962.750000	1965.750000	0	0	noise	cluster_noise	0.0000
1648	Spectrogram 1	1	1965.500000	1967.000000	0	0	8	cluster_8	1.0000
1649	Spectrogram 1	1	1966.750000	1967.250000	0	0	13	cluster_13	1.0000
1650	Spectrogram 1	1	1967.000000	1968.000000	0	0	18	cluster_18	0.8892
1651	Spectrogram 1	1	1967.750000	1969.000000	0	0	19	cluster_19	0.9376
1652	Spectrogram 1	1	1968.750000	1969.500000	0	0	noise	cluster_noise	0.0000
1653	Spectrogram 1	1	1969.250000	1974.500000	0	0	8	cluster_8	1.0000
1654	Spectrogram 1	1	1974.250000	1974.750000	0	0	noise	cluster_noise	0.0000
1655	Spectrogram 1	1	1974.500000	1976.500000	0	0	8	cluster_8	0.9741
1656	Spectrogram 1	1	1976.250000	1976.750000	0	0	noise	cluster_noise	0.0000
1657	Spectrogram 1	1	1976.500000	1978.500000	0	0	8	cluster_8	1.0000
1658	Spectrogram 1	1	1978.250000	1979.750000	0	0	noise	cluster_noise	0.0000
1659	Spectrogram 1	1	1979.500000	1980.250000	0	0	20	cluster_20	0.6657
1660	Spectrogram 1	1	1980.000000	1980.500000	0	0	noise	cluster_noise	0.0000
1661	Spectrogram 1	1	1980.250000	1981.000000	0	0	17	cluster_17	0.9143
1662	Spectrogram 1	1	1980.750000	1981.250000	0	0	noise	cluster_noise	0.0000
1663	Spectrogram 1	1	1981.000000	1982.500000	0	0	8	cluster_8	1.0000
1664	Spectrogram 1	1	1982.250000	1983.000000	0	0	noise	cluster_noise	0.0000
1665	Spectrogram 1	1	1982.750000	1983.500000	0	0	18	cluster_18	0.8042
1666	Spectrogram 1	1	1983.250000	1983.750000	0	0	19	cluster_19	0.8627
1667	Spectrogram 1	1	1983.500000	1984.000000	0	0	17	cluster_17	0.8796
1668	Spectrogram 1	1	1983.750000	1984.500000	0	0	19	cluster_19	1.0000
1669	Spectrogram 1	1	1984.250000	1984.750000	0	0	17	cluster_17	0.9025
1670	Spectrogram 1	1	1984.500000	1993.500000	0	0	8	cluster_8	0.9945
1671	Spectrogram 1	1	1993.250000	1993.750000	0	0	noise	cluster_noise	0.0000
1672	Spectrogram 1	1	1993.500000	1994.000000	0	0	8	cluster_8	0.9575
1673	Spectrogram 1	1	1993.750000	1995.500000	0	0	noise	cluster_noise	0.0000
1674	Spectrogram 1	1	1995.250000	1995.750000	0	0	20	cluster_20	0.5734
1675	Spectrogram 1	1	1995.500000	1996.250000	0	0	noise	cluster_noise	0.0000
1676	Spectrogram 1	1	1996.000000	1997.000000	0	0	17	cluster_17	0.8937
1677	Spectrogram 1	1	1996.750000	1997.500000	0	0	noise	cluster_noise	0.0000
1678	Spectrogram 1	1	1997.250000	1998.250000	0	0	8	cluster_8	1.0000
1679	Spectrogram 1	1	1998.000000	1998.500000	0	0	13	cluster_13	1.0000
1680	Spectrogram 1	1	1998.250000	1999.250000	0	0	18	cluster_18	0.8430
1681	Spectrogram 1	1	1999.000000	1999.500000	0	0	19	cluster_19	0.8191
1682	Spectrogram 1	1	1999.250000	1999.750000	0	0	17	cluster_17	0.9932
1683	Spectrogram 1	1	1999.500000	2000.250000	0	0	noise	cluster_noise	0.0000
1684	Spectrogram 1	1	2000.000000	2008.000000	0	0	8	cluster_8	0.9990
1685	Spectrogram 1	1	2007.750000	2009.750000	0	0	noise	cluster_noise	0.0000
1686	Spectrogram 1	1	2009.500000	2010.000000	0	0	22	cluster_22	0.9733
1687	Spectrogram 1	1	2009.750000	2011.500000	0	0	noise	cluster_noise	0.0000
1688	Spectrogram 1	1	2011.250000	2014.500000	0	0	8	cluster_8	0.9738
1689	Spectrogram 1	1	2014.250000	2015.000000	0	0	9	cluster_9	1.0000
1690	Spectrogram 1	1	2014.750000	2015.750000	0	0	8	cluster_8	0.9793
1691	Spectrogram 1	1	2015.500000	2017.750000	0	0	3	cluster_3	0.9513
1692	Spectrogram 1	1	2017.500000	2018.000000	0	0	noise	cluster_noise	0.0000
1693	Spectrogram 1	1	2017.750000	2018.500000	0	0	3	cluster_3	0.8809
1694	Spectrogram 1	1	2018.250000	2018.750000	0	0	2	cluster_2	0.5038
1695	Spectrogram 1	1	2018.500000	2019.000000	0	0	noise	cluster_noise	0.0000
1696	Spectrogram 1	1	2018.750000	2019.500000	0	0	3	cluster_3	0.8901
1697	Spectrogram 1	1	2019.250000	2021.000000	0	0	8	cluster_8	1.0000
1698	Spectrogram 1	1	2020.750000	2021.500000	0	0	noise	cluster_noise	0.0000
1699	Spectrogram 1	1	2021.250000	2022.000000	0	0	22	cluster_22	0.9742
1700	Spectrogram 1	1	2021.750000	2022.250000	0	0	noise	cluster_noise	0.0000
1701	Spectrogram 1	1	2022.000000	2022.750000	0	0	20	cluster_20	0.9035
1702	Spectrogram 1	1	2022.500000	2023.000000	0	0	noise	cluster_noise	0.0000
1703	Spectrogram 1	1	2022.750000	2023.250000	0	0	17	cluster_17	0.9304
1704	Spectrogram 1	1	2023.000000	2023.500000	0	0	noise	cluster_noise	0.0000
1705	Spectrogram 1	1	2023.250000	2023.750000	0	0	17	cluster_17	0.8940
1706	Spectrogram 1	1	2023.500000	2024.000000	0	0	noise	cluster_noise	0.0000
1707	Spectrogram 1	1	2023.750000	2027.750000	0	0	8	cluster_8	1.0000
1708	Spectrogram 1	1	2027.500000	2030.250000	0	0	3	cluster_3	0.9223
1709	Spectrogram 1	1	2030.000000	2031.000000	0	0	noise	cluster_noise	0.0000
1710	Spectrogram 1	1	2030.750000	2031.750000	0	0	3	cluster_3	1.0000
1711	Spectrogram 1	1	2031.500000	2032.250000	0	0	noise	cluster_noise	0.0000
1712	Spectrogram 1	1	2032.000000	2033.750000	0	0	8	cluster_8	0.9736
1713	Spectrogram 1	1	2033.500000	2034.500000	0	0	noise	cluster_noise	0.0000
1714	Spectrogram 1	1	2034.250000	2035.500000	0	0	20	cluster_20	0.7737
1715	Spectrogram 1	1	2035.250000	2035.750000	0	0	noise	cluster_noise	0.0000
1716	Spectrogram 1	1	2035.500000	2036.500000	0	0	17	cluster_17	0.9161
1717	Spectrogram 1	1	2038.000000	2039.000000	0	0	8	cluster_8	1.0000
1718	Spectrogram 1	1	2038.750000	2039.250000	0	0	noise	cluster_noise	0.0000
1719	Spectrogram 1	1	2039.000000	2040.250000	0	0	8	cluster_8	1.0000
1720	Spectrogram 1	1	2040.000000	2040.500000	0	0	noise	cluster_noise	0.0000
1721	Spectrogram 1	1	2040.250000	2040.750000	0	0	3	cluster_3	0.7385
1722	Spectrogram 1	1	2040.500000	2041.250000	0	0	2	cluster_2	0.6524
1723	Spectrogram 1	1	2041.000000	2041.750000	0	0	noise	cluster_noise	0.0000
1724	Spectrogram 1	1	2041.500000	2042.000000	0	0	3	cluster_3	0.9971
1725	Spectrogram 1	1	2041.750000	2042.250000	0	0	noise	cluster_noise	0.0000
1726	Spectrogram 1	1	2042.000000	2043.750000	0	0	2	cluster_2	0.8506
1727	Spectrogram 1	1	2043.500000	2044.750000	0	0	noise	cluster_noise	0.0000
1728	Spectrogram 1	1	2044.500000	2046.000000	0	0	8	cluster_8	0.9699
1729	Spectrogram 1	1	2045.750000	2046.750000	0	0	noise	cluster_noise	0.0000
1730	Spectrogram 1	1	2046.500000	2047.750000	0	0	20	cluster_20	0.7886
1731	Spectrogram 1	1	2047.500000	2048.000000	0	0	noise	cluster_noise	0.0000
1732	Spectrogram 1	1	2047.750000	2048.750000	0	0	17	cluster_17	0.9304
1733	Spectrogram 1	1	2048.500000	2053.250000	0	0	8	cluster_8	0.9927
1734	Spectrogram 1	1	2053.000000	2053.500000	0	0	noise	cluster_noise	0.0000
1735	Spectrogram 1	1	2053.250000	2054.000000	0	0	2	cluster_2	0.8688
1736	Spectrogram 1	1	2053.750000	2054.500000	0	0	3	cluster_3	0.9508
1737	Spectrogram 1	1	2054.250000	2055.000000	0	0	noise	cluster_noise	0.0000
1738	Spectrogram 1	1	2054.750000	2056.250000	0	0	2	cluster_2	0.9295
1739	Spectrogram 1	1	2056.000000	2057.250000	0	0	noise	cluster_noise	0.0000
1740	Spectrogram 1	1	2057.000000	2058.750000	0	0	8	cluster_8	0.9624
1741	Spectrogram 1	1	2058.500000	2059.750000	0	0	noise	cluster_noise	0.0000
1742	Spectrogram 1	1	2059.500000	2060.000000	0	0	20	cluster_20	0.9202
1743	Spectrogram 1	1	2059.750000	2060.500000	0	0	noise	cluster_noise	0.0000
1744	Spectrogram 1	1	2063.000000	2064.250000	0	0	8	cluster_8	1.0000
1745	Spectrogram 1	1	2064.000000	2064.500000	0	0	9	cluster_9	0.6229
1746	Spectrogram 1	1	2064.250000	2065.750000	0	0	8	cluster_8	1.0000
1747	Spectrogram 1	1	2065.500000	2066.250000	0	0	noise	cluster_noise	0.0000
1748	Spectrogram 1	1	2066.000000	2068.000000	0	0	2	cluster_2	0.9323
1749	Spectrogram 1	1	2067.750000	2069.000000	0	0	noise	cluster_noise	0.0000
1750	Spectrogram 1	1	2068.750000	2070.250000	0	0	8	cluster_8	1.0000
1751	Spectrogram 1	1	2070.000000	2071.500000	0	0	noise	cluster_noise	0.0000
1752	Spectrogram 1	1	2071.250000	2072.500000	0	0	20	cluster_20	0.7329
1753	Spectrogram 1	1	2072.250000	2072.750000	0	0	noise	cluster_noise	0.0000
1754	Spectrogram 1	1	2072.500000	2073.000000	0	0	17	cluster_17	0.9405
1755	Spectrogram 1	1	2072.750000	2073.250000	0	0	noise	cluster_noise	0.0000
1756	Spectrogram 1	1	2073.000000	2073.500000	0	0	17	cluster_17	0.9125
1757	Spectrogram 1	1	2076.000000	2076.500000	0	0	9	cluster_9	0.7080
1758	Spectrogram 1	1	2076.250000	2076.750000	0	0	noise	cluster_noise	0.0000
1759	Spectrogram 1	1	2076.500000	2078.000000	0	0	8	cluster_8	1.0000
1760	Spectrogram 1	1	2077.750000	2078.250000	0	0	noise	cluster_noise	0.0000
1761	Spectrogram 1	1	2078.000000	2080.000000	0	0	2	cluster_2	0.9971
1762	Spectrogram 1	1	2079.750000	2080.250000	0	0	1	cluster_1	1.0000
1763	Spectrogram 1	1	2080.000000	2080.500000	0	0	8	cluster_8	1.0000
1764	Spectrogram 1	1	2080.250000	2080.750000	0	0	noise	cluster_noise	0.0000
1765	Spectrogram 1	1	2080.500000	2081.000000	0	0	8	cluster_8	1.0000
1766	Spectrogram 1	1	2080.750000	2081.250000	0	0	noise	cluster_noise	0.0000
1767	Spectrogram 1	1	2081.000000	2082.000000	0	0	8	cluster_8	1.0000
1768	Spectrogram 1	1	2081.750000	2082.250000	0	0	17	cluster_17	0.9405
1769	Spectrogram 1	1	2082.000000	2082.750000	0	0	noise	cluster_noise	0.0000
1770	Spectrogram 1	1	2082.500000	2083.500000	0	0	20	cluster_20	0.6565
1771	Spectrogram 1	1	2088.000000	2088.500000	0	0	noise	cluster_noise	0.0000
1772	Spectrogram 1	1	2088.250000	2089.250000	0	0	9	cluster_9	0.9690
1773	Spectrogram 1	1	2089.000000	2090.500000	0	0	8	cluster_8	1.0000
1774	Spectrogram 1	1	2090.250000	2091.000000	0	0	noise	cluster_noise	0.0000
1775	Spectrogram 1	1	2090.750000	2091.750000	0	0	2	cluster_2	1.0000
1776	Spectrogram 1	1	2091.500000	2092.750000	0	0	noise	cluster_noise	0.0000
1777	Spectrogram 1	1	2092.500000	2094.000000	0	0	8	cluster_8	1.0000
1778	Spectrogram 1	1	2093.750000	2094.500000	0	0	noise	cluster_noise	0.0000
1779	Spectrogram 1	1	2094.250000	2095.500000	0	0	20	cluster_20	0.7316
1780	Spectrogram 1	1	2096.000000	2096.500000	0	0	noise	cluster_noise	0.0000
1781	Spectrogram 1	1	2096.250000	2097.000000	0	0	17	cluster_17	0.9042
1782	Spectrogram 1	1	2096.750000	2101.500000	0	0	8	cluster_8	1.0000
1783	Spectrogram 1	1	2101.250000	2102.000000	0	0	noise	cluster_noise	0.0000
1784	Spectrogram 1	1	2101.750000	2103.250000	0	0	2	cluster_2	1.0000
1785	Spectrogram 1	1	2103.000000	2103.500000	0	0	noise	cluster_noise	0.0000
1786	Spectrogram 1	1	2103.250000	2105.750000	0	0	8	cluster_8	0.9648
1787	Spectrogram 1	1	2105.500000	2107.000000	0	0	noise	cluster_noise	0.0000
1788	Spectrogram 1	1	2106.750000	2107.250000	0	0	17	cluster_17	0.9084
1789	Spectrogram 1	1	2107.000000	2108.000000	0	0	20	cluster_20	0.8546
1790	Spectrogram 1	1	2107.750000	2108.250000	0	0	noise	cluster_noise	0.0000
1791	Spectrogram 1	1	2108.000000	2108.500000	0	0	17	cluster_17	0.9104
1792	Spectrogram 1	1	2109.000000	2111.500000	0	0	8	cluster_8	1.0000
1793	Spectrogram 1	1	2112.000000	2112.750000	0	0	9	cluster_9	0.7068
1794	Spectrogram 1	1	2112.500000	2113.000000	0	0	8	cluster_8	1.0000
1795	Spectrogram 1	1	2112.750000	2113.250000	0	0	noise	cluster_noise	0.0000
1796	Spectrogram 1	1	2113.000000	2113.750000	0	0	8	cluster_8	1.0000
1797	Spectrogram 1	1	2113.500000	2114.000000	0	0	noise	cluster_noise	0.0000
1798	Spectrogram 1	1	2113.750000	2114.750000	0	0	2	cluster_2	0.8980
1799	Spectrogram 1	1	2114.500000	2115.750000	0	0	noise	cluster_noise	0.0000
1800	Spectrogram 1	1	2115.500000	2117.000000	0	0	8	cluster_8	1.0000
1801	Spectrogram 1	1	2116.750000	2117.250000	0	0	noise	cluster_noise	0.0000
1802	Spectrogram 1	1	2117.000000	2117.500000	0	0	17	cluster_17	0.9169
1803	Spectrogram 1	1	2117.250000	2118.500000	0	0	noise	cluster_noise	0.0000
1804	Spectrogram 1	1	2118.250000	2119.250000	0	0	20	cluster_20	0.7309
1805	Spectrogram 1	1	2119.000000	2119.500000	0	0	noise	cluster_noise	0.0000
1806	Spectrogram 1	1	2124.000000	2124.500000	0	0	8	cluster_8	1.0000
1807	Spectrogram 1	1	2124.250000	2125.000000	0	0	noise	cluster_noise	0.0000
1808	Spectrogram 1	1	2124.750000	2125.750000	0	0	2	cluster_2	0.8277
1809	Spectrogram 1	1	2125.500000	2126.250000	0	0	1	cluster_1	1.0000
1810	Spectrogram 1	1	2126.000000	2128.000000	0	0	8	cluster_8	0.9821
1811	Spectrogram 1	1	2127.750000	2128.250000	0	0	noise	cluster_noise	0.0000
1812	Spectrogram 1	1	2128.000000	2128.500000	0	0	8	cluster_8	0.8300
1813	Spectrogram 1	1	2128.250000	2129.000000	0	0	noise	cluster_noise	0.0000
1814	Spectrogram 1	1	2128.750000	2130.250000	0	0	20	cluster_20	0.9498
1815	Spectrogram 1	1	2130.000000	2130.750000	0	0	noise	cluster_noise	0.0000
1816	Spectrogram 1	1	2130.500000	2131.500000	0	0	17	cluster_17	0.9111
1817	Spectrogram 1	1	2131.250000	2131.750000	0	0	noise	cluster_noise	0.0000
1818	Spectrogram 1	1	2131.500000	2133.750000	0	0	8	cluster_8	1.0000
1819	Spectrogram 1	1	2133.500000	2134.250000	0	0	noise	cluster_noise	0.0000
1820	Spectrogram 1	1	2134.000000	2134.500000	0	0	0	cluster_0	0.3885
1821	Spectrogram 1	1	2135.000000	2135.500000	0	0	noise	cluster_noise	0.0000
1822	Spectrogram 1	1	2135.250000	2136.250000	0	0	8	cluster_8	0.9675
1823	Spectrogram 1	1	2136.000000	2136.500000	0	0	noise	cluster_noise	0.0000
1824	Spectrogram 1	1	2136.250000	2137.750000	0	0	8	cluster_8	0.9661
1825	Spectrogram 1	1	2137.500000	2138.000000	0	0	noise	cluster_noise	0.0000
1826	Spectrogram 1	1	2137.750000	2138.500000	0	0	0	cluster_0	0.5657
1827	Spectrogram 1	1	2138.250000	2139.000000	0	0	noise	cluster_noise	0.0000
1828	Spectrogram 1	1	2138.750000	2140.250000	0	0	0	cluster_0	0.8913
1829	Spectrogram 1	1	2140.000000	2141.000000	0	0	8	cluster_8	0.9171
1830	Spectrogram 1	1	2140.750000	2141.250000	0	0	noise	cluster_noise	0.0000
1831	Spectrogram 1	1	2141.000000	2148.250000	0	0	8	cluster_8	0.9934
1832	Spectrogram 1	1	2148.000000	2149.000000	0	0	noise	cluster_noise	0.0000
1833	Spectrogram 1	1	2148.750000	2149.750000	0	0	0	cluster_0	0.5517
1834	Spectrogram 1	1	2149.500000	2150.000000	0	0	noise	cluster_noise	0.0000
1835	Spectrogram 1	1	2149.750000	2152.000000	0	0	8	cluster_8	0.9813
1836	Spectrogram 1	1	2151.750000	2152.250000	0	0	noise	cluster_noise	0.0000
1837	Spectrogram 1	1	2152.000000	2152.500000	0	0	8	cluster_8	0.8346
1838	Spectrogram 1	1	2152.250000	2154.000000	0	0	0	cluster_0	0.6529
1839	Spectrogram 1	1	2153.750000	2154.250000	0	0	noise	cluster_noise	0.0000
1840	Spectrogram 1	1	2154.000000	2156.500000	0	0	8	cluster_8	0.9888
1841	Spectrogram 1	1	2156.250000	2156.750000	0	0	noise	cluster_noise	0.0000
1842	Spectrogram 1	1	2156.500000	2163.000000	0	0	8	cluster_8	0.9922
1843	Spectrogram 1	1	2162.750000	2163.250000	0	0	noise	cluster_noise	0.0000
1844	Spectrogram 1	1	2163.000000	2166.000000	0	0	8	cluster_8	0.9842
1845	Spectrogram 1	1	2165.750000	2167.000000	0	0	0	cluster_0	1.0000
1846	Spectrogram 1	1	2166.750000	2169.750000	0	0	8	cluster_8	0.9909
1847	Spectrogram 1	1	2169.500000	2171.000000	0	0	0	cluster_0	1.0000
1848	Spectrogram 1	1	2170.750000	2181.500000	0	0	8	cluster_8	0.9904
1849	Spectrogram 1	1	2181.250000	2181.750000	0	0	noise	cluster_noise	0.0000
1850	Spectrogram 1	1	2181.500000	2185.000000	0	0	8	cluster_8	0.9893
1851	Spectrogram 1	1	2184.750000	2185.250000	0	0	noise	cluster_noise	0.0000
1852	Spectrogram 1	1	2185.000000	2186.000000	0	0	0	cluster_0	1.0000
1853	Spectrogram 1	1	2185.750000	2188.500000	0	0	8	cluster_8	0.9849
1854	Spectrogram 1	1	2188.250000	2188.750000	0	0	noise	cluster_noise	0.0000
1855	Spectrogram 1	1	2188.500000	2189.500000	0	0	0	cluster_0	1.0000
1856	Spectrogram 1	1	2191.000000	2192.000000	0	0	8	cluster_8	1.0000
1857	Spectrogram 1	1	2191.750000	2192.250000	0	0	noise	cluster_noise	0.0000
1858	Spectrogram 1	1	2192.000000	2192.750000	0	0	8	cluster_8	1.0000
1859	Spectrogram 1	1	2192.500000	2193.000000	0	0	noise	cluster_noise	0.0000
1860	Spectrogram 1	1	2192.750000	2194.000000	0	0	8	cluster_8	1.0000
1861	Spectrogram 1	1	2193.750000	2194.250000	0	0	3	cluster_3	1.0000
1862	Spectrogram 1	1	2194.000000	2194.500000	0	0	noise	cluster_noise	0.0000
1863	Spectrogram 1	1	2194.250000	2197.000000	0	0	8	cluster_8	1.0000
1864	Spectrogram 1	1	2196.750000	2197.250000	0	0	3	cluster_3	1.0000
1865	Spectrogram 1	1	2197.000000	2198.750000	0	0	8	cluster_8	0.9734
1866	Spectrogram 1	1	2198.500000	2199.000000	0	0	noise	cluster_noise	0.0000
1867	Spectrogram 1	1	2198.750000	2199.750000	0	0	8	cluster_8	0.9499
1868	Spectrogram 1	1	2199.500000	2200.000000	0	0	noise	cluster_noise	0.0000
1869	Spectrogram 1	1	2199.750000	2201.750000	0	0	8	cluster_8	1.0000
1870	Spectrogram 1	1	2201.500000	2202.000000	0	0	3	cluster_3	1.0000
1871	Spectrogram 1	1	2201.750000	2203.750000	0	0	8	cluster_8	0.9782
1872	Spectrogram 1	1	2203.500000	2204.750000	0	0	0	cluster_0	0.9747
1873	Spectrogram 1	1	2204.500000	2210.500000	0	0	8	cluster_8	0.9812
1874	Spectrogram 1	1	2210.250000	2210.750000	0	0	3	cluster_3	1.0000
1875	Spectrogram 1	1	2210.500000	2212.500000	0	0	8	cluster_8	0.9791
1876	Spectrogram 1	1	2212.250000	2212.750000	0	0	3	cluster_3	1.0000
1877	Spectrogram 1	1	2212.500000	2213.000000	0	0	noise	cluster_noise	0.0000
1878	Spectrogram 1	1	2212.750000	2214.750000	0	0	8	cluster_8	1.0000
1879	Spectrogram 1	1	2214.500000	2215.000000	0	0	3	cluster_3	1.0000
1880	Spectrogram 1	1	2214.750000	2216.000000	0	0	8	cluster_8	1.0000
1881	Spectrogram 1	1	2215.750000	2216.250000	0	0	3	cluster_3	1.0000
1882	Spectrogram 1	1	2216.000000	2216.750000	0	0	8	cluster_8	1.0000
1883	Spectrogram 1	1	2216.500000	2217.000000	0	0	3	cluster_3	1.0000
1884	Spectrogram 1	1	2216.750000	2218.000000	0	0	8	cluster_8	1.0000
1885	Spectrogram 1	1	2217.750000	2218.250000	0	0	3	cluster_3	1.0000
1886	Spectrogram 1	1	2218.000000	2218.500000	0	0	8	cluster_8	0.9180
1887	Spectrogram 1	1	2218.250000	2219.500000	0	0	noise	cluster_noise	0.0000
1888	Spectrogram 1	1	2219.250000	2219.750000	0	0	3	cluster_3	0.9962
1889	Spectrogram 1	1	2219.500000	2221.250000	0	0	8	cluster_8	0.9927
1890	Spectrogram 1	1	2221.000000	2221.500000	0	0	3	cluster_3	1.0000
1891	Spectrogram 1	1	2221.250000	2222.250000	0	0	noise	cluster_noise	0.0000
1892	Spectrogram 1	1	2222.000000	2223.250000	0	0	8	cluster_8	1.0000
1893	Spectrogram 1	1	2223.000000	2223.500000	0	0	noise	cluster_noise	0.0000
1894	Spectrogram 1	1	2223.250000	2224.000000	0	0	8	cluster_8	1.0000
1895	Spectrogram 1	1	2223.750000	2224.250000	0	0	3	cluster_3	1.0000
1896	Spectrogram 1	1	2224.000000	2224.500000	0	0	8	cluster_8	1.0000
1897	Spectrogram 1	1	2226.000000	2226.750000	0	0	3	cluster_3	1.0000
1898	Spectrogram 1	1	2226.500000	2227.000000	0	0	8	cluster_8	1.0000
1899	Spectrogram 1	1	2226.750000	2227.250000	0	0	noise	cluster_noise	0.0000
1900	Spectrogram 1	1	2227.000000	2227.500000	0	0	8	cluster_8	0.9189
1901	Spectrogram 1	1	2228.000000	2229.250000	0	0	11	cluster_11	0.4001
1902	Spectrogram 1	1	2229.000000	2230.250000	0	0	8	cluster_8	1.0000
1903	Spectrogram 1	1	2230.000000	2231.000000	0	0	11	cluster_11	0.3950
1904	Spectrogram 1	1	2230.750000	2231.750000	0	0	noise	cluster_noise	0.0000
1905	Spectrogram 1	1	2231.500000	2232.500000	0	0	11	cluster_11	0.4001
1906	Spectrogram 1	1	2232.250000	2232.750000	0	0	8	cluster_8	1.0000
1907	Spectrogram 1	1	2232.500000	2233.000000	0	0	noise	cluster_noise	0.0000
1908	Spectrogram 1	1	2232.750000	2237.500000	0	0	11	cluster_11	0.4001
1909	Spectrogram 1	1	2237.250000	2241.500000	0	0	8	cluster_8	1.0000
1910	Spectrogram 1	1	2241.250000	2242.500000	0	0	3	cluster_3	1.0000
1911	Spectrogram 1	1	2242.250000	2242.750000	0	0	noise	cluster_noise	0.0000
1912	Spectrogram 1	1	2242.500000	2243.000000	0	0	8	cluster_8	1.0000
1913	Spectrogram 1	1	2242.750000	2243.250000	0	0	noise	cluster_noise	0.0000
1914	Spectrogram 1	1	2243.000000	2244.500000	0	0	8	cluster_8	1.0000
1915	Spectrogram 1	1	2244.250000	2244.750000	0	0	noise	cluster_noise	0.0000
1916	Spectrogram 1	1	2244.500000	2246.500000	0	0	3	cluster_3	0.9420
1917	Spectrogram 1	1	2262.000000	2262.500000	0	0	8	cluster_8	1.0000
1918	Spectrogram 1	1	2262.250000	2263.000000	0	0	noise	cluster_noise	0.0000
1919	Spectrogram 1	1	2262.750000	2264.750000	0	0	8	cluster_8	1.0000
1920	Spectrogram 1	1	2264.500000	2265.750000	0	0	3	cluster_3	1.0000
1921	Spectrogram 1	1	2265.500000	2267.750000	0	0	8	cluster_8	1.0000
1922	Spectrogram 1	1	2267.500000	2268.500000	0	0	3	cluster_3	0.9819
1923	Spectrogram 1	1	2268.250000	2269.250000	0	0	8	cluster_8	0.9897
1924	Spectrogram 1	1	2269.000000	2269.500000	0	0	11	cluster_11	0.4001
1925	Spectrogram 1	1	2303.000000	2303.500000	0	0	3	cluster_3	1.0000
1926	Spectrogram 1	1	2303.250000	2305.750000	0	0	11	cluster_11	0.3993
1927	Spectrogram 1	1	2305.500000	2306.000000	0	0	8	cluster_8	1.0000
1928	Spectrogram 1	1	2305.750000	2306.500000	0	0	11	cluster_11	0.4001
1929	Spectrogram 1	1	2316.000000	2317.000000	0	0	8	cluster_8	1.0000
1930	Spectrogram 1	1	2316.750000	2317.750000	0	0	3	cluster_3	1.0000
1931	Spectrogram 1	1	2317.500000	2318.500000	0	0	1	cluster_1	1.0000
1932	Spectrogram 1	1	2318.250000	2318.750000	0	0	8	cluster_8	1.0000
1933	Spectrogram 1	1	2318.500000	2319.250000	0	0	1	cluster_1	1.0000
1934	Spectrogram 1	1	2319.000000	2339.250000	0	0	8	cluster_8	1.0000
1935	Spectrogram 1	1	2339.000000	2339.500000	0	0	noise	cluster_noise	0.0000
1936	Spectrogram 1	1	2339.250000	2339.750000	0	0	3	cluster_3	1.0000
1937	Spectrogram 1	1	2339.500000	2340.750000	0	0	1	cluster_1	1.0000
1938	Spectrogram 1	1	2340.500000	2341.000000	0	0	noise	cluster_noise	0.0000
1939	Spectrogram 1	1	2340.750000	2342.500000	0	0	8	cluster_8	1.0000
1940	Spectrogram 1	1	2343.000000	2344.250000	0	0	1	cluster_1	0.8970
1941	Spectrogram 1	1	2344.000000	2345.250000	0	0	8	cluster_8	1.0000
1942	Spectrogram 1	1	2345.000000	2345.750000	0	0	3	cluster_3	1.0000
1943	Spectrogram 1	1	2345.500000	2346.750000	0	0	1	cluster_1	1.0000
1944	Spectrogram 1	1	2346.500000	2347.000000	0	0	noise	cluster_noise	0.0000
1945	Spectrogram 1	1	2346.750000	2347.250000	0	0	1	cluster_1	0.6326
1946	Spectrogram 1	1	2347.000000	2347.500000	0	0	8	cluster_8	1.0000
1947	Spectrogram 1	1	2347.250000	2358.000000	0	0	1	cluster_1	1.0000
1948	Spectrogram 1	1	2357.750000	2359.750000	0	0	8	cluster_8	1.0000
1949	Spectrogram 1	1	2359.500000	2360.250000	0	0	3	cluster_3	1.0000
1950	Spectrogram 1	1	2360.000000	2360.500000	0	0	noise	cluster_noise	0.0000
1951	Spectrogram 1	1	2361.000000	2362.000000	0	0	3	cluster_3	0.9657
1952	Spectrogram 1	1	2361.750000	2362.500000	0	0	8	cluster_8	1.0000
1953	Spectrogram 1	1	2362.250000	2363.250000	0	0	3	cluster_3	0.9188
1954	Spectrogram 1	1	2363.000000	2363.500000	0	0	noise	cluster_noise	0.0000
1955	Spectrogram 1	1	2363.250000	2368.250000	0	0	3	cluster_3	0.9637
1956	Spectrogram 1	1	2368.000000	2368.750000	0	0	8	cluster_8	1.0000
1957	Spectrogram 1	1	2368.500000	2370.500000	0	0	1	cluster_1	0.9818
1958	Spectrogram 1	1	2370.250000	2370.750000	0	0	8	cluster_8	1.0000
1959	Spectrogram 1	1	2370.500000	2371.000000	0	0	noise	cluster_noise	0.0000
1960	Spectrogram 1	1	2370.750000	2371.500000	0	0	8	cluster_8	1.0000
1961	Spectrogram 1	1	2371.250000	2373.500000	0	0	1	cluster_1	0.9521
1962	Spectrogram 1	1	2373.250000	2373.750000	0	0	noise	cluster_noise	0.0000
1963	Spectrogram 1	1	2373.500000	2374.500000	0	0	8	cluster_8	1.0000
1964	Spectrogram 1	1	2375.000000	2376.250000	0	0	21	cluster_21	0.7172
1965	Spectrogram 1	1	2376.000000	2377.500000	0	0	noise	cluster_noise	0.0000
1966	Spectrogram 1	1	2377.250000	2379.000000	0	0	8	cluster_8	1.0000
1967	Spectrogram 1	1	2378.750000	2380.500000	0	0	3	cluster_3	0.9919
1968	Spectrogram 1	1	2380.250000	2382.000000	0	0	8	cluster_8	1.0000
1969	Spectrogram 1	1	2381.750000	2382.250000	0	0	noise	cluster_noise	0.0000
1970	Spectrogram 1	1	2382.000000	2384.250000	0	0	1	cluster_1	0.9993
1971	Spectrogram 1	1	2384.000000	2384.750000	0	0	8	cluster_8	1.0000
1972	Spectrogram 1	1	2384.500000	2385.000000	0	0	noise	cluster_noise	0.0000
1973	Spectrogram 1	1	2384.750000	2386.500000	0	0	1	cluster_1	1.0000
1974	Spectrogram 1	1	2389.000000	2389.500000	0	0	noise	cluster_noise	0.0000
1975	Spectrogram 1	1	2389.250000	2390.000000	0	0	3	cluster_3	0.9051
1976	Spectrogram 1	1	2389.750000	2390.250000	0	0	8	cluster_8	1.0000
1977	Spectrogram 1	1	2390.000000	2391.000000	0	0	noise	cluster_noise	0.0000
1978	Spectrogram 1	1	2390.750000	2392.000000	0	0	8	cluster_8	1.0000
1979	Spectrogram 1	1	2391.750000	2392.250000	0	0	noise	cluster_noise	0.0000
1980	Spectrogram 1	1	2392.000000	2394.500000	0	0	3	cluster_3	1.0000
1981	Spectrogram 1	1	2394.250000	2395.000000	0	0	8	cluster_8	1.0000
1982	Spectrogram 1	1	2394.750000	2395.250000	0	0	noise	cluster_noise	0.0000
1983	Spectrogram 1	1	2395.000000	2397.250000	0	0	1	cluster_1	0.9476
1984	Spectrogram 1	1	2397.000000	2397.750000	0	0	8	cluster_8	1.0000
1985	Spectrogram 1	1	2397.500000	2400.000000	0	0	1	cluster_1	0.9035
1986	Spectrogram 1	1	2399.750000	2401.000000	0	0	8	cluster_8	1.0000
1987	Spectrogram 1	1	2400.750000	2401.500000	0	0	noise	cluster_noise	0.0000
1988	Spectrogram 1	1	2403.000000	2403.500000	0	0	17	cluster_17	0.9156
1989	Spectrogram 1	1	2403.250000	2403.750000	0	0	noise	cluster_noise	0.0000
1990	Spectrogram 1	1	2403.500000	2404.500000	0	0	8	cluster_8	1.0000
1991	Spectrogram 1	1	2404.250000	2407.250000	0	0	3	cluster_3	0.9838
1992	Spectrogram 1	1	2407.000000	2408.000000	0	0	8	cluster_8	1.0000
1993	Spectrogram 1	1	2407.750000	2408.250000	0	0	noise	cluster_noise	0.0000
1994	Spectrogram 1	1	2408.000000	2410.250000	0	0	1	cluster_1	0.9630
1995	Spectrogram 1	1	2410.000000	2410.500000	0	0	noise	cluster_noise	0.0000
1996	Spectrogram 1	1	2410.250000	2410.750000	0	0	1	cluster_1	0.5563
1997	Spectrogram 1	1	2410.500000	2411.250000	0	0	noise	cluster_noise	0.0000
1998	Spectrogram 1	1	2411.000000	2413.250000	0	0	1	cluster_1	0.9467
1999	Spectrogram 1	1	2413.000000	2414.500000	0	0	8	cluster_8	0.9600
2000	Spectrogram 1	1	2414.250000	2415.000000	0	0	noise	cluster_noise	0.0000
2001	Spectrogram 1	1	2414.750000	2415.500000	0	0	16	cluster_16	1.0000
2002	Spectrogram 1	1	2416.000000	2417.000000	0	0	17	cluster_17	0.9186
2003	Spectrogram 1	1	2416.750000	2417.750000	0	0	8	cluster_8	1.0000
2004	Spectrogram 1	1	2417.500000	2419.750000	0	0	3	cluster_3	0.9391
2005	Spectrogram 1	1	2419.500000	2420.250000	0	0	noise	cluster_noise	0.0000
2006	Spectrogram 1	1	2420.000000	2420.500000	0	0	8	cluster_8	0.8175
2007	Spectrogram 1	1	2420.250000	2420.750000	0	0	noise	cluster_noise	0.0000
2008	Spectrogram 1	1	2420.500000	2421.250000	0	0	8	cluster_8	1.0000
2009	Spectrogram 1	1	2421.000000	2421.500000	0	0	13	cluster_13	0.8944
2010	Spectrogram 1	1	2421.250000	2423.500000	0	0	1	cluster_1	1.0000
2011	Spectrogram 1	1	2423.250000	2423.750000	0	0	8	cluster_8	1.0000
2012	Spectrogram 1	1	2423.500000	2424.000000	0	0	13	cluster_13	0.9326
2013	Spectrogram 1	1	2423.750000	2424.250000	0	0	noise	cluster_noise	0.0000
2014	Spectrogram 1	1	2424.000000	2426.000000	0	0	1	cluster_1	0.9513
2015	Spectrogram 1	1	2425.750000	2427.000000	0	0	8	cluster_8	1.0000
2016	Spectrogram 1	1	2426.750000	2430.000000	0	0	noise	cluster_noise	0.0000
2017	Spectrogram 1	1	2429.750000	2430.250000	0	0	8	cluster_8	0.9760
2018	Spectrogram 1	1	2430.000000	2433.000000	0	0	3	cluster_3	0.9440
2019	Spectrogram 1	1	2432.750000	2433.750000	0	0	8	cluster_8	1.0000
2020	Spectrogram 1	1	2433.500000	2434.000000	0	0	13	cluster_13	0.6677
2021	Spectrogram 1	1	2433.750000	2436.000000	0	0	1	cluster_1	0.9846
2022	Spectrogram 1	1	2435.750000	2436.250000	0	0	8	cluster_8	1.0000
2023	Spectrogram 1	1	2436.000000	2436.500000	0	0	13	cluster_13	0.8438
2024	Spectrogram 1	1	2436.250000	2436.750000	0	0	noise	cluster_noise	0.0000
2025	Spectrogram 1	1	2436.500000	2438.500000	0	0	1	cluster_1	0.9395
2026	Spectrogram 1	1	2438.250000	2439.750000	0	0	8	cluster_8	0.9915
2027	Spectrogram 1	1	2439.500000	2440.750000	0	0	noise	cluster_noise	0.0000
2028	Spectrogram 1	1	2440.500000	2441.000000	0	0	18	cluster_18	0.7700
2029	Spectrogram 1	1	2440.750000	2441.500000	0	0	noise	cluster_noise	0.0000
2030	Spectrogram 1	1	2443.000000	2444.250000	0	0	3	cluster_3	0.9965
2031	Spectrogram 1	1	2444.000000	2444.750000	0	0	noise	cluster_noise	0.0000
2032	Spectrogram 1	1	2444.500000	2445.000000	0	0	8	cluster_8	1.0000
2033	Spectrogram 1	1	2444.750000	2445.250000	0	0	noise	cluster_noise	0.0000
2034	Spectrogram 1	1	2445.000000	2446.250000	0	0	8	cluster_8	1.0000
2035	Spectrogram 1	1	2446.000000	2446.500000	0	0	13	cluster_13	0.6309
2036	Spectrogram 1	1	2446.250000	2448.250000	0	0	1	cluster_1	1.0000
2037	Spectrogram 1	1	2448.000000	2448.500000	0	0	noise	cluster_noise	0.0000
2038	Spectrogram 1	1	2448.250000	2448.750000	0	0	3	cluster_3	0.9936
2039	Spectrogram 1	1	2448.500000	2449.000000	0	0	13	cluster_13	0.6853
2040	Spectrogram 1	1	2448.750000	2451.000000	0	0	1	cluster_1	0.9537
2041	Spectrogram 1	1	2450.750000	2451.250000	0	0	8	cluster_8	1.0000
2042	Spectrogram 1	1	2451.000000	2451.500000	0	0	noise	cluster_noise	0.0000
2043	Spectrogram 1	1	2451.250000	2452.000000	0	0	8	cluster_8	1.0000
2044	Spectrogram 1	1	2451.750000	2452.500000	0	0	noise	cluster_noise	0.0000
2045	Spectrogram 1	1	2452.250000	2453.500000	0	0	18	cluster_18	0.9429
2046	Spectrogram 1	1	2453.250000	2454.000000	0	0	19	cluster_19	0.8186
2047	Spectrogram 1	1	2453.750000	2454.250000	0	0	noise	cluster_noise	0.0000
2048	Spectrogram 1	1	2454.000000	2454.500000	0	0	19	cluster_19	0.9658
2049	Spectrogram 1	1	2454.250000	2454.750000	0	0	noise	cluster_noise	0.0000
2050	Spectrogram 1	1	2454.500000	2455.000000	0	0	3	cluster_3	0.8103
2051	Spectrogram 1	1	2454.750000	2455.250000	0	0	noise	cluster_noise	0.0000
2052	Spectrogram 1	1	2455.000000	2457.250000	0	0	3	cluster_3	0.9431
2053	Spectrogram 1	1	2457.000000	2458.250000	0	0	8	cluster_8	0.9846
2054	Spectrogram 1	1	2458.000000	2458.750000	0	0	13	cluster_13	0.8240
2055	Spectrogram 1	1	2458.500000	2460.750000	0	0	1	cluster_1	0.9245
2056	Spectrogram 1	1	2460.500000	2461.000000	0	0	8	cluster_8	1.0000
2057	Spectrogram 1	1	2460.750000	2461.250000	0	0	13	cluster_13	0.6455
2058	Spectrogram 1	1	2461.000000	2462.750000	0	0	1	cluster_1	0.9578
2059	Spectrogram 1	1	2462.500000	2464.500000	0	0	8	cluster_8	0.9824
2060	Spectrogram 1	1	2464.250000	2464.750000	0	0	noise	cluster_noise	0.0000
2061	Spectrogram 1	1	2464.500000	2465.750000	0	0	18	cluster_18	0.7911
2062	Spectrogram 1	1	2465.500000	2466.000000	0	0	noise	cluster_noise	0.0000
2063	Spectrogram 1	1	2465.750000	2466.250000	0	0	19	cluster_19	0.8259
2064	Spectrogram 1	1	2466.000000	2466.500000	0	0	noise	cluster_noise	0.0000
2065	Spectrogram 1	1	2466.250000	2466.750000	0	0	17	cluster_17	0.9514
2066	Spectrogram 1	1	2466.500000	2467.750000	0	0	8	cluster_8	1.0000
2067	Spectrogram 1	1	2467.500000	2469.250000	0	0	3	cluster_3	1.0000
2068	Spectrogram 1	1	2469.000000	2470.750000	0	0	8	cluster_8	1.0000
2069	Spectrogram 1	1	2470.500000	2471.000000	0	0	13	cluster_13	0.9653
2070	Spectrogram 1	1	2470.750000	2471.250000	0	0	noise	cluster_noise	0.0000
2071	Spectrogram 1	1	2471.000000	2473.000000	0	0	1	cluster_1	0.9999
2072	Spectrogram 1	1	2472.750000	2473.250000	0	0	8	cluster_8	1.0000
2073	Spectrogram 1	1	2473.000000	2473.500000	0	0	13	cluster_13	1.0000
2074	Spectrogram 1	1	2473.250000	2473.750000	0	0	noise	cluster_noise	0.0000
2075	Spectrogram 1	1	2473.500000	2475.500000	0	0	1	cluster_1	1.0000
2076	Spectrogram 1	1	2475.250000	2476.000000	0	0	8	cluster_8	1.0000
2077	Spectrogram 1	1	2475.750000	2476.500000	0	0	noise	cluster_noise	0.0000
2078	Spectrogram 1	1	2476.250000	2476.750000	0	0	8	cluster_8	1.0000
2079	Spectrogram 1	1	2476.500000	2477.250000	0	0	noise	cluster_noise	0.0000
2080	Spectrogram 1	1	2477.000000	2478.250000	0	0	18	cluster_18	0.9185
2081	Spectrogram 1	1	2478.000000	2478.500000	0	0	noise	cluster_noise	0.0000
2082	Spectrogram 1	1	2478.250000	2478.750000	0	0	19	cluster_19	0.7657
2083	Spectrogram 1	1	2478.500000	2479.500000	0	0	noise	cluster_noise	0.0000
2084	Spectrogram 1	1	2479.250000	2480.000000	0	0	8	cluster_8	1.0000
2085	Spectrogram 1	1	2479.750000	2482.250000	0	0	3	cluster_3	0.9826
2086	Spectrogram 1	1	2482.000000	2483.500000	0	0	8	cluster_8	0.9695
2087	Spectrogram 1	1	2483.250000	2483.750000	0	0	13	cluster_13	0.6657
2088	Spectrogram 1	1	2483.500000	2484.750000	0	0	1	cluster_1	0.9466
2089	Spectrogram 1	1	2484.500000	2485.000000	0	0	8	cluster_8	0.8619
2090	Spectrogram 1	1	2484.750000	2485.500000	0	0	1	cluster_1	1.0000
2091	Spectrogram 1	1	2485.250000	2486.000000	0	0	8	cluster_8	1.0000
2092	Spectrogram 1	1	2485.750000	2486.500000	0	0	noise	cluster_noise	0.0000
2093	Spectrogram 1	1	2486.250000	2488.000000	0	0	1	cluster_1	0.9626
2094	Spectrogram 1	1	2487.750000	2488.250000	0	0	noise	cluster_noise	0.0000
2095	Spectrogram 1	1	2488.000000	2489.500000	0	0	8	cluster_8	1.0000
2096	Spectrogram 1	1	2489.250000	2489.750000	0	0	13	cluster_13	0.8466
2097	Spectrogram 1	1	2489.500000	2491.000000	0	0	18	cluster_18	0.9604
2098	Spectrogram 1	1	2490.750000	2491.500000	0	0	19	cluster_19	0.8276
2099	Spectrogram 1	1	2492.000000	2492.500000	0	0	noise	cluster_noise	0.0000
2100	Spectrogram 1	1	2492.250000	2492.750000	0	0	8	cluster_8	1.0000
2101	Spectrogram 1	1	2492.500000	2495.000000	0	0	3	cluster_3	1.0000
2102	Spectrogram 1	1	2494.750000	2496.000000	0	0	8	cluster_8	1.0000
2103	Spectrogram 1	1	2495.750000	2496.250000	0	0	13	cluster_13	1.0000
2104	Spectrogram 1	1	2496.000000	2496.500000	0	0	noise	cluster_noise	0.0000
2105	Spectrogram 1	1	2496.250000	2498.000000	0	0	1	cluster_1	1.0000
2106	Spectrogram 1	1	2497.750000	2498.250000	0	0	noise	cluster_noise	0.0000
2107	Spectrogram 1	1	2498.000000	2498.500000	0	0	8	cluster_8	1.0000
2108	Spectrogram 1	1	2498.250000	2498.750000	0	0	13	cluster_13	1.0000
2109	Spectrogram 1	1	2498.500000	2499.000000	0	0	noise	cluster_noise	0.0000
2110	Spectrogram 1	1	2498.750000	2500.000000	0	0	1	cluster_1	1.0000
2111	Spectrogram 1	1	2499.750000	2500.250000	0	0	noise	cluster_noise	0.0000
2112	Spectrogram 1	1	2500.000000	2500.750000	0	0	1	cluster_1	0.8190
2113	Spectrogram 1	1	2500.500000	2502.250000	0	0	8	cluster_8	0.9575
2114	Spectrogram 1	1	2502.000000	2502.500000	0	0	noise	cluster_noise	0.0000
2115	Spectrogram 1	1	2502.250000	2503.250000	0	0	18	cluster_18	0.9789
2116	Spectrogram 1	1	2503.000000	2504.250000	0	0	noise	cluster_noise	0.0000
2117	Spectrogram 1	1	2504.000000	2504.500000	0	0	17	cluster_17	0.9498
2118	Spectrogram 1	1	2505.000000	2506.500000	0	0	3	cluster_3	0.9522
2119	Spectrogram 1	1	2506.250000	2508.250000	0	0	8	cluster_8	0.9844
2120	Spectrogram 1	1	2508.000000	2508.500000	0	0	13	cluster_13	0.6618
2121	Spectrogram 1	1	2508.250000	2510.500000	0	0	1	cluster_1	0.9424
2122	Spectrogram 1	1	2510.250000	2510.750000	0	0	8	cluster_8	1.0000
2123	Spectrogram 1	1	2510.500000	2511.250000	0	0	noise	cluster_noise	0.0000
2124	Spectrogram 1	1	2511.000000	2513.000000	0	0	1	cluster_1	0.9908
2125	Spectrogram 1	1	2512.750000	2514.250000	0	0	8	cluster_8	0.9915
2126	Spectrogram 1	1	2514.000000	2514.500000	0	0	13	cluster_13	1.0000
2127	Spectrogram 1	1	2514.250000	2514.750000	0	0	noise	cluster_noise	0.0000
2128	Spectrogram 1	1	2514.500000	2516.000000	0	0	18	cluster_18	0.9811
2129	Spectrogram 1	1	2515.750000	2516.500000	0	0	noise	cluster_noise	0.0000
2130	Spectrogram 1	1	2516.250000	2516.750000	0	0	19	cluster_19	1.0000
2131	Spectrogram 1	1	2516.500000	2519.500000	0	0	3	cluster_3	0.9789
2132	Spectrogram 1	1	2519.250000	2519.750000	0	0	noise	cluster_noise	0.0000
2133	Spectrogram 1	1	2519.500000	2521.500000	0	0	8	cluster_8	1.0000
2134	Spectrogram 1	1	2521.250000	2522.000000	0	0	noise	cluster_noise	0.0000
2135	Spectrogram 1	1	2521.750000	2523.250000	0	0	1	cluster_1	1.0000
2136	Spectrogram 1	1	2523.000000	2523.500000	0	0	noise	cluster_noise	0.0000
2137	Spectrogram 1	1	2523.250000	2525.250000	0	0	8	cluster_8	1.0000
2138	Spectrogram 1	1	2525.000000	2525.500000	0	0	noise	cluster_noise	0.0000
2139	Spectrogram 1	1	2525.250000	2526.500000	0	0	16	cluster_16	0.9397
2140	Spectrogram 1	1	2526.250000	2526.750000	0	0	noise	cluster_noise	0.0000
2141	Spectrogram 1	1	2526.500000	2527.250000	0	0	17	cluster_17	0.9583
2142	Spectrogram 1	1	2527.000000	2527.500000	0	0	8	cluster_8	1.0000
2143	Spectrogram 1	1	2527.250000	2529.250000	0	0	3	cluster_3	1.0000
2144	Spectrogram 1	1	2529.000000	2529.500000	0	0	noise	cluster_noise	0.0000
2145	Spectrogram 1	1	2529.250000	2531.750000	0	0	8	cluster_8	0.9990
2146	Spectrogram 1	1	2531.500000	2532.000000	0	0	13	cluster_13	0.7467
2147	Spectrogram 1	1	2531.750000	2532.250000	0	0	noise	cluster_noise	0.0000
2148	Spectrogram 1	1	2532.000000	2533.750000	0	0	1	cluster_1	0.9968
2149	Spectrogram 1	1	2533.500000	2534.000000	0	0	noise	cluster_noise	0.0000
2150	Spectrogram 1	1	2533.750000	2534.250000	0	0	8	cluster_8	0.9943
2151	Spectrogram 1	1	2534.000000	2534.500000	0	0	noise	cluster_noise	0.0000
2152	Spectrogram 1	1	2534.250000	2535.250000	0	0	8	cluster_8	0.9620
2153	Spectrogram 1	1	2535.000000	2535.500000	0	0	noise	cluster_noise	0.0000
2154	Spectrogram 1	1	2535.250000	2535.750000	0	0	17	cluster_17	0.9906
2155	Spectrogram 1	1	2535.500000	2536.000000	0	0	noise	cluster_noise	0.0000
2156	Spectrogram 1	1	2535.750000	2536.750000	0	0	16	cluster_16	1.0000
2157	Spectrogram 1	1	2536.500000	2537.250000	0	0	noise	cluster_noise	0.0000
2158	Spectrogram 1	1	2537.000000	2537.750000	0	0	17	cluster_17	0.9320
2159	Spectrogram 1	1	2537.500000	2540.750000	0	0	3	cluster_3	0.9827
2160	Spectrogram 1	1	2540.500000	2542.750000	0	0	8	cluster_8	0.9847
2161	Spectrogram 1	1	2542.500000	2543.250000	0	0	noise	cluster_noise	0.0000
2162	Spectrogram 1	1	2543.000000	2543.500000	0	0	18	cluster_18	0.7639
2163	Spectrogram 1	1	2543.250000	2544.250000	0	0	1	cluster_1	0.8600
2164	Spectrogram 1	1	2544.000000	2544.500000	0	0	17	cluster_17	0.8778
2165	Spectrogram 1	1	2544.250000	2544.750000	0	0	noise	cluster_noise	0.0000
2166	Spectrogram 1	1	2544.500000	2545.750000	0	0	8	cluster_8	1.0000
2167	Spectrogram 1	1	2545.500000	2546.000000	0	0	noise	cluster_noise	0.0000
2168	Spectrogram 1	1	2545.750000	2546.500000	0	0	8	cluster_8	1.0000
2169	Spectrogram 1	1	2546.250000	2546.750000	0	0	13	cluster_13	0.9218
2170	Spectrogram 1	1	2546.500000	2547.000000	0	0	noise	cluster_noise	0.0000
2171	Spectrogram 1	1	2546.750000	2547.750000	0	0	18	cluster_18	0.9585
2172	Spectrogram 1	1	2547.500000	2548.500000	0	0	19	cluster_19	0.8779
2173	Spectrogram 1	1	2548.250000	2548.750000	0	0	17	cluster_17	1.0000
2174	Spectrogram 1	1	2548.500000	2549.250000	0	0	8	cluster_8	0.8930
2175	Spectrogram 1	1	2549.000000	2551.250000	0	0	3	cluster_3	0.9823
2176	Spectrogram 1	1	2551.000000	2552.750000	0	0	8	cluster_8	1.0000
2177	Spectrogram 1	1	2552.500000	2553.000000	0	0	noise	cluster_noise	0.0000
2178	Spectrogram 1	1	2552.750000	2554.250000	0	0	8	cluster_8	1.0000
2179	Spectrogram 1	1	2554.000000	2555.250000	0	0	noise	cluster_noise	0.0000
2180	Spectrogram 1	1	2555.000000	2555.750000	0	0	17	cluster_17	0.9885
2181	Spectrogram 1	1	2555.500000	2556.000000	0	0	noise	cluster_noise	0.0000
2182	Spectrogram 1	1	2555.750000	2557.500000	0	0	8	cluster_8	1.0000
2183	Spectrogram 1	1	2557.250000	2557.750000	0	0	13	cluster_13	0.6755
2184	Spectrogram 1	1	2557.500000	2558.750000	0	0	18	cluster_18	0.9185
2185	Spectrogram 1	1	2558.500000	2559.750000	0	0	19	cluster_19	0.8619
2186	Spectrogram 1	1	2559.500000	2561.500000	0	0	3	cluster_3	0.9634
2187	Spectrogram 1	1	2561.250000	2562.000000	0	0	noise	cluster_noise	0.0000
2188	Spectrogram 1	1	2561.750000	2566.000000	0	0	8	cluster_8	0.9696
2189	Spectrogram 1	1	2565.750000	2566.750000	0	0	noise	cluster_noise	0.0000
2190	Spectrogram 1	1	2566.500000	2568.500000	0	0	8	cluster_8	1.0000
2191	Spectrogram 1	1	2568.250000	2568.750000	0	0	13	cluster_13	0.7959
2192	Spectrogram 1	1	2568.500000	2569.000000	0	0	noise	cluster_noise	0.0000
2193	Spectrogram 1	1	2568.750000	2570.000000	0	0	18	cluster_18	0.9487
2194	Spectrogram 1	1	2569.750000	2570.500000	0	0	noise	cluster_noise	0.0000
2195	Spectrogram 1	1	2570.250000	2570.750000	0	0	19	cluster_19	0.7699
2196	Spectrogram 1	1	2570.500000	2571.000000	0	0	17	cluster_17	0.8769
2197	Spectrogram 1	1	2570.750000	2571.250000	0	0	8	cluster_8	1.0000
2198	Spectrogram 1	1	2571.000000	2573.000000	0	0	3	cluster_3	0.9591
2199	Spectrogram 1	1	2572.750000	2579.500000	0	0	8	cluster_8	0.9897
2200	Spectrogram 1	1	2579.250000	2580.000000	0	0	noise	cluster_noise	0.0000
2201	Spectrogram 1	1	2579.750000	2581.000000	0	0	18	cluster_18	0.9895
2202	Spectrogram 1	1	2580.750000	2582.000000	0	0	19	cluster_19	0.8706
2203	Spectrogram 1	1	2581.750000	2582.250000	0	0	17	cluster_17	0.9779
2204	Spectrogram 1	1	2582.000000	2583.000000	0	0	3	cluster_3	1.0000
2205	Spectrogram 1	1	2582.750000	2583.250000	0	0	8	cluster_8	0.9219
2206	Spectrogram 1	1	2583.000000	2583.500000	0	0	noise	cluster_noise	0.0000
2207	Spectrogram 1	1	2583.250000	2583.750000	0	0	3	cluster_3	0.8320
2208	Spectrogram 1	1	2583.500000	2584.000000	0	0	noise	cluster_noise	0.0000
2209	Spectrogram 1	1	2583.750000	2588.000000	0	0	8	cluster_8	1.0000
2210	Spectrogram 1	1	2587.750000	2588.250000	0	0	noise	cluster_noise	0.0000
2211	Spectrogram 1	1	2588.000000	2590.250000	0	0	8	cluster_8	1.0000
2212	Spectrogram 1	1	2590.000000	2590.750000	0	0	noise	cluster_noise	0.0000
2213	Spectrogram 1	1	2590.500000	2592.000000	0	0	18	cluster_18	0.9467
2214	Spectrogram 1	1	2591.750000	2593.250000	0	0	noise	cluster_noise	0.0000
2215	Spectrogram 1	1	2593.000000	2594.000000	0	0	3	cluster_3	1.0000
2216	Spectrogram 1	1	2593.750000	2594.250000	0	0	8	cluster_8	1.0000
2217	Spectrogram 1	1	2594.000000	2594.750000	0	0	3	cluster_3	0.9575
2218	Spectrogram 1	1	2594.500000	2601.500000	0	0	8	cluster_8	1.0000
2219	Spectrogram 1	1	2601.250000	2601.750000	0	0	13	cluster_13	0.7214
2220	Spectrogram 1	1	2601.500000	2602.750000	0	0	18	cluster_18	0.9133
2221	Spectrogram 1	1	2602.500000	2603.500000	0	0	19	cluster_19	0.9059
2222	Spectrogram 1	1	2603.250000	2604.000000	0	0	noise	cluster_noise	0.0000
2223	Spectrogram 1	1	2603.750000	2610.750000	0	0	8	cluster_8	0.9863
2224	Spectrogram 1	1	2610.500000	2612.500000	0	0	noise	cluster_noise	0.0000
2225	Spectrogram 1	1	2612.250000	2612.750000	0	0	8	cluster_8	0.8666
2226	Spectrogram 1	1	2612.500000	2613.000000	0	0	noise	cluster_noise	0.0000
2227	Spectrogram 1	1	2612.750000	2613.500000	0	0	17	cluster_17	0.9076
2228	Spectrogram 1	1	2613.250000	2614.750000	0	0	8	cluster_8	1.0000
2229	Spectrogram 1	1	2614.500000	2615.000000	0	0	13	cluster_13	0.9065
2230	Spectrogram 1	1	2614.750000	2615.750000	0	0	18	cluster_18	0.8363
2231	Spectrogram 1	1	2615.500000	2616.000000	0	0	19	cluster_19	0.8451
2232	Spectrogram 1	1	2615.750000	2616.500000	0	0	noise	cluster_noise	0.0000
2233	Spectrogram 1	1	2616.250000	2616.750000	0	0	19	cluster_19	0.8687
2234	Spectrogram 1	1	2616.500000	2617.000000	0	0	noise	cluster_noise	0.0000
2235	Spectrogram 1	1	2616.750000	2618.500000	0	0	8	cluster_8	0.9703
2236	Spectrogram 1	1	2618.250000	2618.750000	0	0	noise	cluster_noise	0.0000
2237	Spectrogram 1	1	2618.500000	2627.750000	0	0	8	cluster_8	0.9952
2238	Spectrogram 1	1	2627.500000	2628.250000	0	0	noise	cluster_noise	0.0000
2239	Spectrogram 1	1	2628.000000	2628.750000	0	0	22	cluster_22	1.0000
2240	Spectrogram 1	1	2628.500000	2630.250000	0	0	noise	cluster_noise	0.0000
2241	Spectrogram 1	1	2630.000000	2631.750000	0	0	8	cluster_8	0.9472
2242	Spectrogram 1	1	2631.500000	2632.000000	0	0	13	cluster_13	0.8340
2243	Spectrogram 1	1	2631.750000	2632.750000	0	0	18	cluster_18	0.8841
2244	Spectrogram 1	1	2632.500000	2633.000000	0	0	19	cluster_19	0.7907
2245	Spectrogram 1	1	2632.750000	2633.250000	0	0	noise	cluster_noise	0.0000
2246	Spectrogram 1	1	2633.000000	2633.500000	0	0	19	cluster_19	0.8674
2247	Spectrogram 1	1	2633.250000	2633.750000	0	0	17	cluster_17	1.0000
2248	Spectrogram 1	1	2633.500000	2642.750000	0	0	8	cluster_8	0.9990
2249	Spectrogram 1	1	2642.500000	2646.000000	0	0	noise	cluster_noise	0.0000
2250	Spectrogram 1	1	2645.750000	2647.250000	0	0	8	cluster_8	1.0000
2251	Spectrogram 1	1	2647.000000	2647.750000	0	0	noise	cluster_noise	0.0000
2252	Spectrogram 1	1	2647.500000	2648.500000	0	0	18	cluster_18	0.8979
2253	Spectrogram 1	1	2648.250000	2649.250000	0	0	19	cluster_19	0.9363
2254	Spectrogram 1	1	2649.000000	2658.750000	0	0	8	cluster_8	0.9980
2255	Spectrogram 1	1	2658.500000	2659.250000	0	0	noise	cluster_noise	0.0000
2256	Spectrogram 1	1	2659.000000	2659.750000	0	0	21	cluster_21	0.8509
2257	Spectrogram 1	1	2659.500000	2660.000000	0	0	noise	cluster_noise	0.0000
2258	Spectrogram 1	1	2659.750000	2660.250000	0	0	22	cluster_22	0.9827
2259	Spectrogram 1	1	2660.000000	2661.250000	0	0	noise	cluster_noise	0.0000
2260	Spectrogram 1	1	2661.000000	2663.000000	0	0	8	cluster_8	0.9452
2261	Spectrogram 1	1	2662.750000	2663.250000	0	0	13	cluster_13	0.9628
2262	Spectrogram 1	1	2663.000000	2663.500000	0	0	noise	cluster_noise	0.0000
2263	Spectrogram 1	1	2663.250000	2664.000000	0	0	18	cluster_18	0.8575
2264	Spectrogram 1	1	2663.750000	2664.250000	0	0	noise	cluster_noise	0.0000
2265	Spectrogram 1	1	2664.000000	2664.500000	0	0	19	cluster_19	1.0000
2266	Spectrogram 1	1	2666.000000	2674.000000	0	0	8	cluster_8	0.9949
2267	Spectrogram 1	1	2673.750000	2674.750000	0	0	noise	cluster_noise	0.0000
2268	Spectrogram 1	1	2674.500000	2675.500000	0	0	21	cluster_21	0.8268
2269	Spectrogram 1	1	2675.250000	2677.000000	0	0	noise	cluster_noise	0.0000
2270	Spectrogram 1	1	2676.750000	2677.750000	0	0	8	cluster_8	1.0000
2271	Spectrogram 1	1	2677.500000	2678.000000	0	0	noise	cluster_noise	0.0000
2272	Spectrogram 1	1	2677.750000	2678.750000	0	0	8	cluster_8	0.9451
2273	Spectrogram 1	1	2678.500000	2679.000000	0	0	noise	cluster_noise	0.0000
2274	Spectrogram 1	1	2678.750000	2679.750000	0	0	18	cluster_18	0.9524
2275	Spectrogram 1	1	2679.500000	2680.000000	0	0	noise	cluster_noise	0.0000
2276	Spectrogram 1	1	2679.750000	2680.250000	0	0	19	cluster_19	0.7658
2277	Spectrogram 1	1	2680.000000	2680.750000	0	0	noise	cluster_noise	0.0000
2278	Spectrogram 1	1	2680.500000	2682.500000	0	0	8	cluster_8	1.0000
2279	Spectrogram 1	1	2682.250000	2682.750000	0	0	noise	cluster_noise	0.0000
2280	Spectrogram 1	1	2682.500000	2685.500000	0	0	8	cluster_8	1.0000
2281	Spectrogram 1	1	2685.250000	2685.750000	0	0	noise	cluster_noise	0.0000
2282	Spectrogram 1	1	2685.500000	2690.000000	0	0	8	cluster_8	1.0000
2283	Spectrogram 1	1	2689.750000	2690.750000	0	0	noise	cluster_noise	0.0000
2284	Spectrogram 1	1	2690.500000	2691.000000	0	0	21	cluster_21	0.7853
2285	Spectrogram 1	1	2690.750000	2691.250000	0	0	noise	cluster_noise	0.0000
2286	Spectrogram 1	1	2691.000000	2691.750000	0	0	22	cluster_22	0.9771
2287	Spectrogram 1	1	2691.500000	2692.750000	0	0	noise	cluster_noise	0.0000
2288	Spectrogram 1	1	2692.500000	2693.250000	0	0	8	cluster_8	0.9322
2289	Spectrogram 1	1	2693.000000	2693.750000	0	0	noise	cluster_noise	0.0000
2290	Spectrogram 1	1	2693.500000	2694.250000	0	0	8	cluster_8	1.0000
2291	Spectrogram 1	1	2694.000000	2694.500000	0	0	13	cluster_13	0.7488
2292	Spectrogram 1	1	2694.250000	2695.250000	0	0	18	cluster_18	0.8560
2293	Spectrogram 1	1	2695.000000	2696.000000	0	0	19	cluster_19	0.8676
2294	Spectrogram 1	1	2695.750000	2696.250000	0	0	17	cluster_17	0.8596
2295	Spectrogram 1	1	2696.000000	2705.500000	0	0	8	cluster_8	0.9989
2296	Spectrogram 1	1	2705.250000	2705.750000	0	0	noise	cluster_noise	0.0000
2297	Spectrogram 1	1	2705.500000	2706.000000	0	0	3	cluster_3	0.9963
2298	Spectrogram 1	1	2705.750000	2706.250000	0	0	noise	cluster_noise	0.0000
2299	Spectrogram 1	1	2706.000000	2707.250000	0	0	21	cluster_21	0.8394
2300	Spectrogram 1	1	2707.000000	2707.500000	0	0	22	cluster_22	1.0000
2301	Spectrogram 1	1	2707.250000	2708.750000	0	0	noise	cluster_noise	0.0000
2302	Spectrogram 1	1	2708.500000	2720.250000	0	0	8	cluster_8	0.9966
2303	Spectrogram 1	1	2720.000000	2720.750000	0	0	noise	cluster_noise	0.0000
2304	Spectrogram 1	1	2720.500000	2722.250000	0	0	21	cluster_21	0.9470
2305	Spectrogram 1	1	2722.000000	2723.750000	0	0	noise	cluster_noise	0.0000
2306	Spectrogram 1	1	2723.500000	2726.000000	0	0	8	cluster_8	0.9418
2307	Spectrogram 1	1	2725.750000	2726.750000	0	0	noise	cluster_noise	0.0000
2308	Spectrogram 1	1	2726.500000	2733.250000	0	0	8	cluster_8	0.9948
2309	Spectrogram 1	1	2733.000000	2733.500000	0	0	noise	cluster_noise	0.0000
2310	Spectrogram 1	1	2733.250000	2734.000000	0	0	8	cluster_8	0.9214
2311	Spectrogram 1	1	2733.750000	2734.500000	0	0	noise	cluster_noise	0.0000
2312	Spectrogram 1	1	2734.250000	2735.250000	0	0	21	cluster_21	0.9211
2313	Spectrogram 1	1	2735.000000	2735.500000	0	0	noise	cluster_noise	0.0000
2314	Spectrogram 1	1	2735.250000	2736.000000	0	0	21	cluster_21	0.6610
2315	Spectrogram 1	1	2735.750000	2736.250000	0	0	22	cluster_22	1.0000
2316	Spectrogram 1	1	2736.000000	2737.500000	0	0	noise	cluster_noise	0.0000
2317	Spectrogram 1	1	2737.250000	2738.000000	0	0	8	cluster_8	0.8617
2318	Spectrogram 1	1	2737.750000	2738.250000	0	0	noise	cluster_noise	0.0000
2319	Spectrogram 1	1	2738.000000	2740.000000	0	0	8	cluster_8	0.9811
2320	Spectrogram 1	1	2739.750000	2740.500000	0	0	0	cluster_0	0.5158
2321	Spectrogram 1	1	2743.000000	2744.250000	0	0	8	cluster_8	1.0000
2322	Spectrogram 1	1	2744.000000	2744.750000	0	0	noise	cluster_noise	0.0000
2323	Spectrogram 1	1	2744.500000	2747.750000	0	0	8	cluster_8	0.9752
2324	Spectrogram 1	1	2747.500000	2748.000000	0	0	noise	cluster_noise	0.0000
2325	Spectrogram 1	1	2747.750000	2750.000000	0	0	8	cluster_8	0.9601
2326	Spectrogram 1	1	2749.750000	2750.250000	0	0	noise	cluster_noise	0.0000
2327	Spectrogram 1	1	2750.000000	2754.750000	0	0	8	cluster_8	0.9773
2328	Spectrogram 1	1	2754.500000	2755.000000	0	0	noise	cluster_noise	0.0000
2329	Spectrogram 1	1	2754.750000	2755.750000	0	0	0	cluster_0	0.7532
2330	Spectrogram 1	1	2755.500000	2756.000000	0	0	noise	cluster_noise	0.0000
2331	Spectrogram 1	1	2755.750000	2758.500000	0	0	8	cluster_8	1.0000
2332	Spectrogram 1	1	2758.250000	2759.750000	0	0	0	cluster_0	0.9502
2333	Spectrogram 1	1	2759.500000	2760.000000	0	0	8	cluster_8	1.0000
2334	Spectrogram 1	1	2759.750000	2760.250000	0	0	noise	cluster_noise	0.0000
2335	Spectrogram 1	1	2760.000000	2762.500000	0	0	8	cluster_8	0.9650
2336	Spectrogram 1	1	2762.250000	2762.750000	0	0	noise	cluster_noise	0.0000
2337	Spectrogram 1	1	2762.500000	2764.500000	0	0	8	cluster_8	0.9842
2338	Spectrogram 1	1	2764.250000	2764.750000	0	0	noise	cluster_noise	0.0000
2339	Spectrogram 1	1	2764.500000	2770.250000	0	0	8	cluster_8	0.9674
2340	Spectrogram 1	1	2770.000000	2770.500000	0	0	noise	cluster_noise	0.0000
2341	Spectrogram 1	1	2770.250000	2770.750000	0	0	8	cluster_8	1.0000
2342	Spectrogram 1	1	2770.500000	2771.000000	0	0	noise	cluster_noise	0.0000
2343	Spectrogram 1	1	2770.750000	2771.750000	0	0	8	cluster_8	0.8871
2344	Spectrogram 1	1	2771.500000	2772.000000	0	0	noise	cluster_noise	0.0000
2345	Spectrogram 1	1	2771.750000	2772.750000	0	0	0	cluster_0	0.9212
2346	Spectrogram 1	1	2772.500000	2775.500000	0	0	8	cluster_8	0.9534
2347	Spectrogram 1	1	2775.250000	2776.500000	0	0	0	cluster_0	0.8998
2348	Spectrogram 1	1	2776.250000	2778.750000	0	0	8	cluster_8	0.9461
2349	Spectrogram 1	1	2778.500000	2779.000000	0	0	noise	cluster_noise	0.0000
2350	Spectrogram 1	1	2778.750000	2779.500000	0	0	8	cluster_8	1.0000
2351	Spectrogram 1	1	2779.250000	2779.750000	0	0	noise	cluster_noise	0.0000
2352	Spectrogram 1	1	2779.500000	2780.500000	0	0	8	cluster_8	1.0000
2353	Spectrogram 1	1	2780.250000	2780.750000	0	0	3	cluster_3	1.0000
2354	Spectrogram 1	1	2780.500000	2781.000000	0	0	noise	cluster_noise	0.0000
2355	Spectrogram 1	1	2780.750000	2784.250000	0	0	8	cluster_8	0.9848
2356	Spectrogram 1	1	2784.000000	2784.500000	0	0	3	cluster_3	1.0000
2357	Spectrogram 1	1	2786.000000	2788.000000	0	0	8	cluster_8	1.0000
2358	Spectrogram 1	1	2787.750000	2788.250000	0	0	3	cluster_3	1.0000
2359	Spectrogram 1	1	2788.000000	2788.750000	0	0	8	cluster_8	1.0000
2360	Spectrogram 1	1	2788.500000	2789.000000	0	0	3	cluster_3	1.0000
2361	Spectrogram 1	1	2788.750000	2790.750000	0	0	8	cluster_8	0.9630
2362	Spectrogram 1	1	2790.500000	2791.000000	0	0	noise	cluster_noise	0.0000
2363	Spectrogram 1	1	2790.750000	2791.500000	0	0	0	cluster_0	0.9189
2364	Spectrogram 1	1	2791.250000	2791.750000	0	0	noise	cluster_noise	0.0000
2365	Spectrogram 1	1	2791.500000	2794.250000	0	0	8	cluster_8	0.9701
2366	Spectrogram 1	1	2794.000000	2795.250000	0	0	0	cluster_0	0.9755
2367	Spectrogram 1	1	2795.000000	2797.750000	0	0	8	cluster_8	0.9716
2368	Spectrogram 1	1	2797.500000	2798.000000	0	0	noise	cluster_noise	0.0000
2369	Spectrogram 1	1	2797.750000	2803.000000	0	0	8	cluster_8	0.9857
2370	Spectrogram 1	1	2802.750000	2803.250000	0	0	3	cluster_3	1.0000
2371	Spectrogram 1	1	2803.000000	2805.000000	0	0	8	cluster_8	0.9938
2372	Spectrogram 1	1	2804.750000	2805.250000	0	0	3	cluster_3	0.9668
2373	Spectrogram 1	1	2805.000000	2805.750000	0	0	8	cluster_8	1.0000
2374	Spectrogram 1	1	2805.500000	2806.000000	0	0	3	cluster_3	1.0000
2375	Spectrogram 1	1	2805.750000	2807.000000	0	0	8	cluster_8	1.0000
2376	Spectrogram 1	1	2806.750000	2807.250000	0	0	3	cluster_3	0.9759
2377	Spectrogram 1	1	2807.000000	2808.000000	0	0	8	cluster_8	0.9639
2378	Spectrogram 1	1	2807.750000	2808.250000	0	0	noise	cluster_noise	0.0000
2379	Spectrogram 1	1	2808.000000	2809.250000	0	0	8	cluster_8	0.9303
2380	Spectrogram 1	1	2809.000000	2809.500000	0	0	noise	cluster_noise	0.0000
2381	Spectrogram 1	1	2809.250000	2810.250000	0	0	8	cluster_8	1.0000
2382	Spectrogram 1	1	2810.000000	2810.500000	0	0	3	cluster_3	1.0000
2383	Spectrogram 1	1	2810.250000	2813.000000	0	0	8	cluster_8	0.9613
2384	Spectrogram 1	1	2812.750000	2813.250000	0	0	3	cluster_3	1.0000
2385	Spectrogram 1	1	2813.000000	2816.750000	0	0	8	cluster_8	0.9743
2386	Spectrogram 1	1	2816.500000	2818.000000	0	0	10	cluster_10	0.8538
2387	Spectrogram 1	1	2817.750000	2819.500000	0	0	8	cluster_8	0.9901
2388	Spectrogram 1	1	2819.250000	2820.500000	0	0	10	cluster_10	0.9247
2389	Spectrogram 1	1	2820.250000	2821.000000	0	0	noise	cluster_noise	0.0000
2390	Spectrogram 1	1	2820.750000	2822.250000	0	0	8	cluster_8	0.9831
2391	Spectrogram 1	1	2822.000000	2824.000000	0	0	10	cluster_10	0.9844
2392	Spectrogram 1	1	2823.750000	2824.500000	0	0	8	cluster_8	0.9704
2393	Spectrogram 1	1	2824.250000	2824.750000	0	0	noise	cluster_noise	0.0000
2394	Spectrogram 1	1	2824.500000	2825.000000	0	0	8	cluster_8	1.0000
2395	Spectrogram 1	1	2824.750000	2829.000000	0	0	10	cluster_10	0.8199
2396	Spectrogram 1	1	2828.750000	2830.000000	0	0	8	cluster_8	1.0000
2397	Spectrogram 1	1	2829.750000	2831.250000	0	0	3	cluster_3	0.9434
2398	Spectrogram 1	1	2831.000000	2832.750000	0	0	8	cluster_8	0.9596
2399	Spectrogram 1	1	2832.500000	2834.250000	0	0	3	cluster_3	0.8971
2400	Spectrogram 1	1	2834.000000	2835.500000	0	0	8	cluster_8	0.9649
2401	Spectrogram 1	1	2835.250000	2836.250000	0	0	3	cluster_3	0.9695
2402	Spectrogram 1	1	2836.000000	2836.500000	0	0	8	cluster_8	0.9051
2403	Spectrogram 1	1	2836.250000	2837.000000	0	0	3	cluster_3	0.9824
2404	Spectrogram 1	1	2836.750000	2838.000000	0	0	8	cluster_8	1.0000
2405	Spectrogram 1	1	2837.750000	2838.250000	0	0	noise	cluster_noise	0.0000
2406	Spectrogram 1	1	2838.000000	2838.500000	0	0	8	cluster_8	1.0000
2407	Spectrogram 1	1	2838.250000	2839.000000	0	0	3	cluster_3	0.9173
2408	Spectrogram 1	1	2838.750000	2840.000000	0	0	8	cluster_8	0.9874
2409	Spectrogram 1	1	2839.750000	2841.000000	0	0	10	cluster_10	0.9143
2410	Spectrogram 1	1	2840.750000	2842.000000	0	0	8	cluster_8	1.0000
2411	Spectrogram 1	1	2841.750000	2842.250000	0	0	noise	cluster_noise	0.0000
2412	Spectrogram 1	1	2842.000000	2844.250000	0	0	10	cluster_10	0.9349
2413	Spectrogram 1	1	2844.000000	2845.250000	0	0	8	cluster_8	0.9768
2414	Spectrogram 1	1	2845.000000	2845.500000	0	0	noise	cluster_noise	0.0000
2415	Spectrogram 1	1	2845.250000	2849.750000	0	0	10	cluster_10	0.8521
2416	Spectrogram 1	1	2849.500000	2850.250000	0	0	8	cluster_8	0.9860
2417	Spectrogram 1	1	2850.000000	2850.500000	0	0	noise	cluster_noise	0.0000
2418	Spectrogram 1	1	2851.000000	2851.500000	0	0	3	cluster_3	0.8861
2419	Spectrogram 1	1	2851.250000	2851.750000	0	0	noise	cluster_noise	0.0000
2420	Spectrogram 1	1	2851.500000	2853.000000	0	0	8	cluster_8	0.9504
2421	Spectrogram 1	1	2852.750000	2854.750000	0	0	3	cluster_3	1.0000
2422	Spectrogram 1	1	2854.500000	2856.000000	0	0	8	cluster_8	1.0000
2423	Spectrogram 1	1	2855.750000	2857.500000	0	0	3	cluster_3	1.0000
2424	Spectrogram 1	1	2857.250000	2858.500000	0	0	8	cluster_8	0.9577
2425	Spectrogram 1	1	2865.000000	2869.250000	0	0	3	cluster_3	0.9996
2426	Spectrogram 1	1	2869.000000	2869.500000	0	0	8	cluster_8	1.0000
2427	Spectrogram 1	1	2872.000000	2873.250000	0	0	3	cluster_3	1.0000
2428	Spectrogram 1	1	2873.000000	2878.000000	0	0	8	cluster_8	0.9603
2429	Spectrogram 1	1	2877.750000	2878.500000	0	0	noise	cluster_noise	0.0000
2430	Spectrogram 1	1	2888.000000	2891.000000	0	0	3	cluster_3	0.9988
2431	Spectrogram 1	1	2890.750000	2891.250000	0	0	8	cluster_8	1.0000
2432	Spectrogram 1	1	2891.000000	2891.500000	0	0	noise	cluster_noise	0.0000
2433	Spectrogram 1	1	2901.000000	2901.750000	0	0	3	cluster_3	1.0000
2434	Spectrogram 1	1	2901.500000	2902.000000	0	0	8	cluster_8	0.9172
2435	Spectrogram 1	1	2901.750000	2904.000000	0	0	3	cluster_3	0.9859
2436	Spectrogram 1	1	2903.750000	2905.250000	0	0	8	cluster_8	0.9519
2437	Spectrogram 1	1	2905.000000	2905.750000	0	0	noise	cluster_noise	0.0000
2438	Spectrogram 1	1	2905.500000	2906.500000	0	0	1	cluster_1	0.9708
2439	Spectrogram 1	1	2918.000000	2918.500000	0	0	3	cluster_3	1.0000
2440	Spectrogram 1	1	2918.250000	2918.750000	0	0	1	cluster_1	0.7033
2441	Spectrogram 1	1	2918.500000	2919.250000	0	0	3	cluster_3	0.7996
2442	Spectrogram 1	1	2919.000000	2919.500000	0	0	noise	cluster_noise	0.0000
2443	Spectrogram 1	1	2919.250000	2921.750000	0	0	1	cluster_1	0.9336
2444	Spectrogram 1	1	2921.500000	2922.000000	0	0	noise	cluster_noise	0.0000
2445	Spectrogram 1	1	2921.750000	2922.750000	0	0	8	cluster_8	0.9654
2446	Spectrogram 1	1	2922.500000	2923.500000	0	0	noise	cluster_noise	0.0000
2447	Spectrogram 1	1	2932.000000	2932.500000	0	0	1	cluster_1	1.0000
2448	Spectrogram 1	1	2932.250000	2932.750000	0	0	3	cluster_3	1.0000
2449	Spectrogram 1	1	2932.500000	2933.250000	0	0	noise	cluster_noise	0.0000
2450	Spectrogram 1	1	2933.000000	2934.500000	0	0	1	cluster_1	0.9721
2451	Spectrogram 1	1	2934.250000	2935.000000	0	0	8	cluster_8	1.0000
2452	Spectrogram 1	1	2934.750000	2935.500000	0	0	noise	cluster_noise	0.0000
2453	Spectrogram 1	1	2935.250000	2936.750000	0	0	8	cluster_8	1.0000
2454	Spectrogram 1	1	2936.500000	2937.000000	0	0	noise	cluster_noise	0.0000
2455	Spectrogram 1	1	2936.750000	2937.250000	0	0	12	cluster_12	0.9576
2456	Spectrogram 1	1	2937.000000	2937.500000	0	0	noise	cluster_noise	0.0000
2457	Spectrogram 1	1	2944.000000	2944.750000	0	0	1	cluster_1	1.0000
2458	Spectrogram 1	1	2944.500000	2945.250000	0	0	noise	cluster_noise	0.0000
2459	Spectrogram 1	1	2945.000000	2945.500000	0	0	8	cluster_8	1.0000
2460	Spectrogram 1	1	2945.250000	2945.750000	0	0	noise	cluster_noise	0.0000
2461	Spectrogram 1	1	2945.500000	2946.250000	0	0	8	cluster_8	1.0000
2462	Spectrogram 1	1	2946.000000	2947.250000	0	0	1	cluster_1	1.0000
2463	Spectrogram 1	1	2947.000000	2949.250000	0	0	8	cluster_8	0.9266
2464	Spectrogram 1	1	2949.000000	2949.500000	0	0	noise	cluster_noise	0.0000
2465	Spectrogram 1	1	2949.250000	2949.750000	0	0	17	cluster_17	0.9142
2466	Spectrogram 1	1	2949.500000	2951.000000	0	0	noise	cluster_noise	0.0000
2467	Spectrogram 1	1	2950.750000	2953.750000	0	0	8	cluster_8	0.9771
2468	Spectrogram 1	1	2953.500000	2954.500000	0	0	3	cluster_3	0.9879
2469	Spectrogram 1	1	2957.000000	2957.500000	0	0	1	cluster_1	1.0000
2470	Spectrogram 1	1	2957.250000	2958.250000	0	0	3	cluster_3	0.9854
2471	Spectrogram 1	1	2958.000000	2959.750000	0	0	8	cluster_8	0.9437
2472	Spectrogram 1	1	2959.500000	2960.000000	0	0	noise	cluster_noise	0.0000
2473	Spectrogram 1	1	2959.750000	2961.000000	0	0	1	cluster_1	0.8448
2474	Spectrogram 1	1	2960.750000	2962.000000	0	0	noise	cluster_noise	0.0000
2475	Spectrogram 1	1	2961.750000	2962.750000	0	0	8	cluster_8	0.9922
2476	Spectrogram 1	1	2962.500000	2963.000000	0	0	noise	cluster_noise	0.0000
2477	Spectrogram 1	1	2962.750000	2963.250000	0	0	17	cluster_17	0.9249
2478	Spectrogram 1	1	2963.000000	2965.250000	0	0	noise	cluster_noise	0.0000
2479	Spectrogram 1	1	2965.000000	2965.500000	0	0	17	cluster_17	0.9081
2480	Spectrogram 1	1	2965.250000	2966.000000	0	0	noise	cluster_noise	0.0000
2481	Spectrogram 1	1	2965.750000	2966.750000	0	0	8	cluster_8	0.9962
2482	Spectrogram 1	1	2966.500000	2967.000000	0	0	noise	cluster_noise	0.0000
2483	Spectrogram 1	1	2966.750000	2968.000000	0	0	3	cluster_3	1.0000
2484	Spectrogram 1	1	2967.750000	2968.250000	0	0	8	cluster_8	1.0000
2485	Spectrogram 1	1	2968.000000	2968.500000	0	0	3	cluster_3	1.0000
2486	Spectrogram 1	1	2970.000000	2971.000000	0	0	8	cluster_8	1.0000
2487	Spectrogram 1	1	2970.750000	2971.250000	0	0	noise	cluster_noise	0.0000
2488	Spectrogram 1	1	2971.000000	2971.500000	0	0	17	cluster_17	0.8638
2489	Spectrogram 1	1	2971.250000	2972.250000	0	0	noise	cluster_noise	0.0000
2490	Spectrogram 1	1	2972.000000	2972.500000	0	0	3	cluster_3	0.7780
2491	Spectrogram 1	1	2972.250000	2972.750000	0	0	8	cluster_8	1.0000
2492	Spectrogram 1	1	2972.500000	2973.000000	0	0	17	cluster_17	0.8633
2493	Spectrogram 1	1	2972.750000	2973.500000	0	0	noise	cluster_noise	0.0000
2494	Spectrogram 1	1	2973.250000	2975.750000	0	0	8	cluster_8	0.9798
2495	Spectrogram 1	1	2975.500000	2976.250000	0	0	noise	cluster_noise	0.0000
2496	Spectrogram 1	1	2976.000000	2976.750000	0	0	18	cluster_18	0.9172
2497	Spectrogram 1	1	2976.500000	2977.000000	0	0	noise	cluster_noise	0.0000
2498	Spectrogram 1	1	2976.750000	2977.250000	0	0	19	cluster_19	1.0000
2499	Spectrogram 1	1	2977.000000	2977.750000	0	0	17	cluster_17	0.9554
2500	Spectrogram 1	1	2977.500000	2978.250000	0	0	8	cluster_8	0.9712
2501	Spectrogram 1	1	2978.000000	2978.750000	0	0	3	cluster_3	0.9338
2502	Spectrogram 1	1	2978.500000	2979.000000	0	0	noise	cluster_noise	0.0000
2503	Spectrogram 1	1	2978.750000	2979.250000	0	0	3	cluster_3	1.0000
2504	Spectrogram 1	1	2979.000000	2979.500000	0	0	noise	cluster_noise	0.0000
2505	Spectrogram 1	1	2979.250000	2982.750000	0	0	8	cluster_8	0.9795
2506	Spectrogram 1	1	2982.500000	2983.500000	0	0	noise	cluster_noise	0.0000
2507	Spectrogram 1	1	2983.250000	2983.750000	0	0	8	cluster_8	1.0000
2508	Spectrogram 1	1	2983.500000	2984.000000	0	0	noise	cluster_noise	0.0000
2509	Spectrogram 1	1	2983.750000	2987.250000	0	0	8	cluster_8	0.9882
2510	Spectrogram 1	1	2987.000000	2989.500000	0	0	noise	cluster_noise	0.0000
2511	Spectrogram 1	1	2989.250000	2989.750000	0	0	17	cluster_17	0.8551
2512	Spectrogram 1	1	2989.500000	2990.000000	0	0	8	cluster_8	0.8031
2513	Spectrogram 1	1	2989.750000	2990.250000	0	0	noise	cluster_noise	0.0000
2514	Spectrogram 1	1	2990.000000	2991.750000	0	0	3	cluster_3	0.9995
2515	Spectrogram 1	1	2991.500000	2992.250000	0	0	8	cluster_8	0.9490
2516	Spectrogram 1	1	2992.000000	2993.000000	0	0	noise	cluster_noise	0.0000
2517	Spectrogram 1	1	2992.750000	2993.750000	0	0	8	cluster_8	0.9536
2518	Spectrogram 1	1	2993.500000	2996.250000	0	0	noise	cluster_noise	0.0000
2519	Spectrogram 1	1	2996.000000	2998.500000	0	0	8	cluster_8	0.9850
2520	Spectrogram 1	1	2998.250000	2999.250000	0	0	noise	cluster_noise	0.0000
2521	Spectrogram 1	1	2999.000000	2999.500000	0	0	18	cluster_18	1.0000
2522	Spectrogram 1	1	2999.250000	2999.750000	0	0	noise	cluster_noise	0.0000
2523	Spectrogram 1	1	2999.500000	3000.000000	0	0	19	cluster_19	1.0000
2524	Spectrogram 1	1	2999.750000	3000.250000	0	0	17	cluster_17	1.0000
2525	Spectrogram 1	1	3000.000000	3000.750000	0	0	noise	cluster_noise	0.0000
2526	Spectrogram 1	1	3000.500000	3001.250000	0	0	8	cluster_8	1.0000
2527	Spectrogram 1	1	3001.000000	3001.500000	0	0	noise	cluster_noise	0.0000
2528	Spectrogram 1	1	3001.250000	3002.250000	0	0	3	cluster_3	1.0000
2529	Spectrogram 1	1	3002.000000	3006.000000	0	0	8	cluster_8	0.9769
2530	Spectrogram 1	1	3005.750000	3006.250000	0	0	3	cluster_3	0.9372
2531	Spectrogram 1	1	3006.000000	3007.500000	0	0	noise	cluster_noise	0.0000
2532	Spectrogram 1	1	3010.000000	3010.500000	0	0	8	cluster_8	1.0000
2533	Spectrogram 1	1	3010.250000	3011.000000	0	0	noise	cluster_noise	0.0000
2534	Spectrogram 1	1	3010.750000	3011.500000	0	0	18	cluster_18	0.9395
2535	Spectrogram 1	1	3014.000000	3014.750000	0	0	noise	cluster_noise	0.0000
2536	Spectrogram 1	1	3014.500000	3015.500000	0	0	3	cluster_3	0.8456
2537	Spectrogram 1	1	3015.250000	3018.500000	0	0	8	cluster_8	0.9669
2538	Spectrogram 1	1	3018.250000	3020.750000	0	0	noise	cluster_noise	0.0000
2539	Spectrogram 1	1	3020.500000	3023.750000	0	0	8	cluster_8	0.9926
2540	Spectrogram 1	1	3023.500000	3025.500000	0	0	noise	cluster_noise	0.0000
2541	Spectrogram 1	1	3025.250000	3026.250000	0	0	8	cluster_8	0.9572
2542	Spectrogram 1	1	3026.000000	3026.750000	0	0	3	cluster_3	0.8664
2543	Spectrogram 1	1	3026.500000	3027.250000	0	0	8	cluster_8	1.0000
2544	Spectrogram 1	1	3027.000000	3027.750000	0	0	3	cluster_3	1.0000
2545	Spectrogram 1	1	3027.500000	3031.000000	0	0	8	cluster_8	0.9898
2546	Spectrogram 1	1	3030.750000	3031.500000	0	0	noise	cluster_noise	0.0000
2547	Spectrogram 1	1	3034.000000	3035.750000	0	0	8	cluster_8	0.9750
2548	Spectrogram 1	1	3035.500000	3036.000000	0	0	19	cluster_19	0.8291
2549	Spectrogram 1	1	3035.750000	3036.250000	0	0	noise	cluster_noise	0.0000
2550	Spectrogram 1	1	3036.000000	3036.500000	0	0	18	cluster_18	0.7893
2551	Spectrogram 1	1	3036.250000	3036.750000	0	0	noise	cluster_noise	0.0000
2552	Spectrogram 1	1	3036.500000	3037.000000	0	0	19	cluster_19	1.0000
2553	Spectrogram 1	1	3036.750000	3037.500000	0	0	noise	cluster_noise	0.0000
2554	Spectrogram 1	1	3037.250000	3038.000000	0	0	8	cluster_8	1.0000
2555	Spectrogram 1	1	3037.750000	3038.250000	0	0	noise	cluster_noise	0.0000
2556	Spectrogram 1	1	3038.000000	3039.000000	0	0	3	cluster_3	0.7995
2557	Spectrogram 1	1	3038.750000	3039.250000	0	0	noise	cluster_noise	0.0000
2558	Spectrogram 1	1	3039.000000	3043.250000	0	0	8	cluster_8	0.9905
2559	Spectrogram 1	1	3043.000000	3044.500000	0	0	noise	cluster_noise	0.0000
2560	Spectrogram 1	1	3047.000000	3047.750000	0	0	8	cluster_8	0.9721
2561	Spectrogram 1	1	3047.500000	3050.250000	0	0	noise	cluster_noise	0.0000
2562	Spectrogram 1	1	3050.000000	3050.500000	0	0	8	cluster_8	1.0000
2563	Spectrogram 1	1	3050.250000	3051.250000	0	0	3	cluster_3	0.9586
2564	Spectrogram 1	1	3051.000000	3051.500000	0	0	noise	cluster_noise	0.0000
2565	Spectrogram 1	1	3051.250000	3055.000000	0	0	8	cluster_8	0.9988
2566	Spectrogram 1	1	3054.750000	3059.500000	0	0	noise	cluster_noise	0.0000
2567	Spectrogram 1	1	3059.250000	3060.000000	0	0	14	cluster_14	0.9917
2568	Spectrogram 1	1	3059.750000	3060.250000	0	0	noise	cluster_noise	0.0000
2569	Spectrogram 1	1	3060.000000	3060.500000	0	0	18	cluster_18	0.7160
2570	Spectrogram 1	1	3060.250000	3060.750000	0	0	noise	cluster_noise	0.0000
2571	Spectrogram 1	1	3060.500000	3061.000000	0	0	17	cluster_17	1.0000
2572	Spectrogram 1	1	3060.750000	3061.250000	0	0	noise	cluster_noise	0.0000
2573	Spectrogram 1	1	3061.000000	3062.000000	0	0	3	cluster_3	0.9571
2574	Spectrogram 1	1	3061.750000	3062.750000	0	0	8	cluster_8	1.0000
2575	Spectrogram 1	1	3062.500000	3063.750000	0	0	3	cluster_3	0.8804
2576	Spectrogram 1	1	3063.500000	3064.250000	0	0	8	cluster_8	1.0000
2577	Spectrogram 1	1	3064.000000	3065.000000	0	0	3	cluster_3	0.9433
2578	Spectrogram 1	1	3064.750000	3066.750000	0	0	8	cluster_8	0.9752
2579	Spectrogram 1	1	3066.500000	3067.000000	0	0	noise	cluster_noise	0.0000
2580	Spectrogram 1	1	3066.750000	3068.000000	0	0	20	cluster_20	0.7202
2581	Spectrogram 1	1	3067.750000	3068.250000	0	0	noise	cluster_noise	0.0000
2582	Spectrogram 1	1	3068.000000	3068.500000	0	0	17	cluster_17	0.8959
2583	Spectrogram 1	1	3068.250000	3069.000000	0	0	noise	cluster_noise	0.0000
2584	Spectrogram 1	1	3068.750000	3069.500000	0	0	8	cluster_8	0.9246
2585	Spectrogram 1	1	3073.000000	3073.750000	0	0	3	cluster_3	0.8668
2586	Spectrogram 1	1	3073.500000	3074.500000	0	0	8	cluster_8	0.9543
2587	Spectrogram 1	1	3074.250000	3075.500000	0	0	3	cluster_3	1.0000
2588	Spectrogram 1	1	3075.250000	3077.500000	0	0	8	cluster_8	1.0000
2589	Spectrogram 1	1	3077.250000	3078.750000	0	0	noise	cluster_noise	0.0000
2590	Spectrogram 1	1	3078.500000	3079.250000	0	0	20	cluster_20	0.8092
2591	Spectrogram 1	1	3079.000000	3079.500000	0	0	noise	cluster_noise	0.0000
2592	Spectrogram 1	1	3079.250000	3079.750000	0	0	17	cluster_17	0.9320
2593	Spectrogram 1	1	3079.500000	3080.250000	0	0	noise	cluster_noise	0.0000
2594	Spectrogram 1	1	3080.000000	3081.500000	0	0	8	cluster_8	1.0000
2595	Spectrogram 1	1	3083.000000	3084.250000	0	0	noise	cluster_noise	0.0000
2596	Spectrogram 1	1	3084.000000	3084.750000	0	0	18	cluster_18	0.8229
2597	Spectrogram 1	1	3084.500000	3085.500000	0	0	noise	cluster_noise	0.0000
2598	Spectrogram 1	1	3085.250000	3085.750000	0	0	8	cluster_8	0.8241
2599	Spectrogram 1	1	3085.500000	3086.250000	0	0	noise	cluster_noise	0.0000
2600	Spectrogram 1	1	3086.000000	3086.500000	0	0	18	cluster_18	0.7775
2601	Spectrogram 1	1	3086.250000	3087.750000	0	0	noise	cluster_noise	0.0000
2602	Spectrogram 1	1	3087.500000	3088.250000	0	0	18	cluster_18	0.7707
2603	Spectrogram 1	1	3088.000000	3088.750000	0	0	8	cluster_8	0.9245
2604	Spectrogram 1	1	3088.500000	3089.250000	0	0	noise	cluster_noise	0.0000
2605	Spectrogram 1	1	3089.000000	3089.500000	0	0	8	cluster_8	0.9529
2606	Spectrogram 1	1	3089.250000	3090.250000	0	0	noise	cluster_noise	0.0000
2607	Spectrogram 1	1	3090.000000	3090.500000	0	0	8	cluster_8	1.0000
2608	Spectrogram 1	1	3090.250000	3091.000000	0	0	3	cluster_3	0.9029
2609	Spectrogram 1	1	3090.750000	3092.000000	0	0	8	cluster_8	0.9410
2610	Spectrogram 1	1	3091.750000	3092.500000	0	0	noise	cluster_noise	0.0000
2611	Spectrogram 1	1	3092.250000	3093.000000	0	0	22	cluster_22	1.0000
2612	Spectrogram 1	1	3092.750000	3094.500000	0	0	noise	cluster_noise	0.0000
2613	Spectrogram 1	1	3094.250000	3094.750000	0	0	17	cluster_17	0.8687
2614	Spectrogram 1	1	3094.500000	3095.250000	0	0	noise	cluster_noise	0.0000
2615	Spectrogram 1	1	3095.000000	3095.500000	0	0	8	cluster_8	1.0000
2616	Spectrogram 1	1	3095.250000	3095.750000	0	0	noise	cluster_noise	0.0000
2617	Spectrogram 1	1	3095.500000	3096.250000	0	0	8	cluster_8	0.9360
2618	Spectrogram 1	1	3096.000000	3096.500000	0	0	13	cluster_13	0.9758
2619	Spectrogram 1	1	3096.250000	3097.500000	0	0	18	cluster_18	0.9524
2620	Spectrogram 1	1	3097.250000	3098.000000	0	0	noise	cluster_noise	0.0000
2621	Spectrogram 1	1	3097.750000	3098.250000	0	0	17	cluster_17	0.8579
2622	Spectrogram 1	1	3098.000000	3098.750000	0	0	noise	cluster_noise	0.0000
2623	Spectrogram 1	1	3098.500000	3101.750000	0	0	8	cluster_8	0.9700
2624	Spectrogram 1	1	3101.500000	3102.250000	0	0	noise	cluster_noise	0.0000
2625	Spectrogram 1	1	3102.000000	3104.750000	0	0	8	cluster_8	0.9781
2626	Spectrogram 1	1	3104.500000	3105.000000	0	0	noise	cluster_noise	0.0000
2627	Spectrogram 1	1	3104.750000	3105.500000	0	0	8	cluster_8	1.0000
2628	Spectrogram 1	1	3105.250000	3105.750000	0	0	noise	cluster_noise	0.0000
2629	Spectrogram 1	1	3105.500000	3106.500000	0	0	8	cluster_8	1.0000
2630	Spectrogram 1	1	3106.250000	3106.750000	0	0	noise	cluster_noise	0.0000
2631	Spectrogram 1	1	3106.500000	3108.000000	0	0	21	cluster_21	0.9213
2632	Spectrogram 1	1	3107.750000	3110.000000	0	0	noise	cluster_noise	0.0000
2633	Spectrogram 1	1	3109.750000	3121.500000	0	0	8	cluster_8	0.9917
2634	Spectrogram 1	1	3121.250000	3121.750000	0	0	noise	cluster_noise	0.0000
2635	Spectrogram 1	1	3121.500000	3123.250000	0	0	21	cluster_21	0.8994
2636	Spectrogram 1	1	3123.000000	3123.500000	0	0	noise	cluster_noise	0.0000
2637	Spectrogram 1	1	3123.250000	3123.750000	0	0	22	cluster_22	0.9475
2638	Spectrogram 1	1	3123.500000	3124.500000	0	0	noise	cluster_noise	0.0000
2639	Spectrogram 1	1	3124.250000	3124.750000	0	0	8	cluster_8	0.8620
2640	Spectrogram 1	1	3124.500000	3125.000000	0	0	noise	cluster_noise	0.0000
2641	Spectrogram 1	1	3124.750000	3127.750000	0	0	8	cluster_8	0.9711
2642	Spectrogram 1	1	3127.500000	3128.250000	0	0	noise	cluster_noise	0.0000
2643	Spectrogram 1	1	3128.000000	3135.500000	0	0	8	cluster_8	0.9963
2644	Spectrogram 1	1	3135.250000	3136.000000	0	0	noise	cluster_noise	0.0000
2645	Spectrogram 1	1	3135.750000	3137.000000	0	0	21	cluster_21	0.9476
2646	Spectrogram 1	1	3136.750000	3137.250000	0	0	noise	cluster_noise	0.0000
2647	Spectrogram 1	1	3137.000000	3138.250000	0	0	21	cluster_21	0.8803
2648	Spectrogram 1	1	3138.000000	3138.750000	0	0	noise	cluster_noise	0.0000
2649	Spectrogram 1	1	3138.500000	3142.250000	0	0	8	cluster_8	0.9796
2650	Spectrogram 1	1	3142.000000	3142.500000	0	0	0	cluster_0	0.3956
2651	Spectrogram 1	1	3142.250000	3144.750000	0	0	8	cluster_8	0.9835
2652	Spectrogram 1	1	3144.500000	3145.000000	0	0	noise	cluster_noise	0.0000
2653	Spectrogram 1	1	3144.750000	3148.000000	0	0	8	cluster_8	0.9849
2654	Spectrogram 1	1	3147.750000	3148.250000	0	0	noise	cluster_noise	0.0000
2655	Spectrogram 1	1	3148.000000	3150.000000	0	0	8	cluster_8	0.9901
2656	Spectrogram 1	1	3149.750000	3150.250000	0	0	noise	cluster_noise	0.0000
2657	Spectrogram 1	1	3150.000000	3150.750000	0	0	21	cluster_21	0.9892
2658	Spectrogram 1	1	3150.500000	3152.250000	0	0	noise	cluster_noise	0.0000
2659	Spectrogram 1	1	3152.000000	3152.750000	0	0	21	cluster_21	0.9729
2660	Spectrogram 1	1	3152.500000	3153.000000	0	0	noise	cluster_noise	0.0000
2661	Spectrogram 1	1	3152.750000	3156.000000	0	0	8	cluster_8	0.9703
2662	Spectrogram 1	1	3155.750000	3156.750000	0	0	0	cluster_0	0.4493
2663	Spectrogram 1	1	3156.500000	3163.750000	0	0	8	cluster_8	0.9802
2664	Spectrogram 1	1	3163.500000	3164.250000	0	0	noise	cluster_noise	0.0000
2665	Spectrogram 1	1	3164.000000	3166.250000	0	0	21	cluster_21	0.8743
2666	Spectrogram 1	1	3166.000000	3166.500000	0	0	22	cluster_22	1.0000
2667	Spectrogram 1	1	3166.250000	3167.500000	0	0	noise	cluster_noise	0.0000
2668	Spectrogram 1	1	3167.250000	3167.750000	0	0	8	cluster_8	0.8811
2669	Spectrogram 1	1	3167.500000	3168.250000	0	0	noise	cluster_noise	0.0000
2670	Spectrogram 1	1	3168.000000	3170.000000	0	0	8	cluster_8	1.0000
2671	Spectrogram 1	1	3169.750000	3170.250000	0	0	noise	cluster_noise	0.0000
2672	Spectrogram 1	1	3170.000000	3170.750000	0	0	0	cluster_0	0.4539
2673	Spectrogram 1	1	3170.500000	3171.000000	0	0	noise	cluster_noise	0.0000
2674	Spectrogram 1	1	3170.750000	3179.250000	0	0	8	cluster_8	0.9826
2675	Spectrogram 1	1	3179.000000	3180.250000	0	0	noise	cluster_noise	0.0000
2676	Spectrogram 1	1	3180.000000	3181.250000	0	0	21	cluster_21	0.9798
2677	Spectrogram 1	1	3181.000000	3182.500000	0	0	noise	cluster_noise	0.0000
2678	Spectrogram 1	1	3182.250000	3185.500000	0	0	8	cluster_8	0.9756
2679	Spectrogram 1	1	3185.250000	3185.750000	0	0	noise	cluster_noise	0.0000
2680	Spectrogram 1	1	3185.500000	3186.000000	0	0	8	cluster_8	1.0000
2681	Spectrogram 1	1	3185.750000	3186.750000	0	0	noise	cluster_noise	0.0000
2682	Spectrogram 1	1	3186.500000	3194.250000	0	0	8	cluster_8	0.9962
2683	Spectrogram 1	1	3194.000000	3194.500000	0	0	noise	cluster_noise	0.0000
2684	Spectrogram 1	1	3194.250000	3196.500000	0	0	21	cluster_21	0.9500
2685	Spectrogram 1	1	3196.250000	3196.750000	0	0	22	cluster_22	1.0000
2686	Spectrogram 1	1	3196.500000	3197.500000	0	0	noise	cluster_noise	0.0000
2687	Spectrogram 1	1	3197.250000	3198.250000	0	0	8	cluster_8	0.8565
2688	Spectrogram 1	1	3198.000000	3198.500000	0	0	noise	cluster_noise	0.0000
2689	Spectrogram 1	1	3198.250000	3200.000000	0	0	8	cluster_8	1.0000
2690	Spectrogram 1	1	3199.750000	3200.750000	0	0	0	cluster_0	0.4352
2691	Spectrogram 1	1	3200.500000	3208.750000	0	0	8	cluster_8	0.9933
2692	Spectrogram 1	1	3208.500000	3209.500000	0	0	noise	cluster_noise	0.0000
2693	Spectrogram 1	1	3209.250000	3210.750000	0	0	21	cluster_21	0.8271
2694	Spectrogram 1	1	3210.500000	3211.250000	0	0	noise	cluster_noise	0.0000
2695	Spectrogram 1	1	3211.000000	3211.500000	0	0	21	cluster_21	0.9892
2696	Spectrogram 1	1	3211.250000	3212.750000	0	0	noise	cluster_noise	0.0000
2697	Spectrogram 1	1	3212.500000	3214.750000	0	0	8	cluster_8	0.9788
2698	Spectrogram 1	1	3214.500000	3215.000000	0	0	noise	cluster_noise	0.0000
2699	Spectrogram 1	1	3214.750000	3215.250000	0	0	8	cluster_8	1.0000
2700	Spectrogram 1	1	3215.000000	3215.750000	0	0	noise	cluster_noise	0.0000
2701	Spectrogram 1	1	3215.500000	3216.000000	0	0	8	cluster_8	0.9578
2702	Spectrogram 1	1	3215.750000	3216.250000	0	0	noise	cluster_noise	0.0000
2703	Spectrogram 1	1	3216.000000	3216.500000	0	0	8	cluster_8	0.9277
2704	Spectrogram 1	1	3216.250000	3216.750000	0	0	noise	cluster_noise	0.0000
2705	Spectrogram 1	1	3216.500000	3223.500000	0	0	8	cluster_8	0.9866
2706	Spectrogram 1	1	3223.250000	3224.250000	0	0	noise	cluster_noise	0.0000
2707	Spectrogram 1	1	3224.000000	3224.750000	0	0	21	cluster_21	0.8360
2708	Spectrogram 1	1	3224.500000	3225.000000	0	0	noise	cluster_noise	0.0000
2709	Spectrogram 1	1	3224.750000	3225.250000	0	0	22	cluster_22	1.0000
2710	Spectrogram 1	1	3225.000000	3226.750000	0	0	noise	cluster_noise	0.0000
2711	Spectrogram 1	1	3226.500000	3229.250000	0	0	8	cluster_8	0.9795
2712	Spectrogram 1	1	3229.000000	3229.500000	0	0	0	cluster_0	0.4062
2713	Spectrogram 1	1	3229.250000	3230.000000	0	0	noise	cluster_noise	0.0000
2714	Spectrogram 1	1	3229.750000	3238.000000	0	0	8	cluster_8	0.9881
2715	Spectrogram 1	1	3237.750000	3238.250000	0	0	noise	cluster_noise	0.0000
2716	Spectrogram 1	1	3238.000000	3239.000000	0	0	21	cluster_21	0.8358
2717	Spectrogram 1	1	3238.750000	3239.500000	0	0	noise	cluster_noise	0.0000
2718	Spectrogram 1	1	3239.250000	3240.250000	0	0	21	cluster_21	0.9183
2719	Spectrogram 1	1	3240.000000	3240.500000	0	0	22	cluster_22	0.9479
2720	Spectrogram 1	1	3240.250000	3241.250000	0	0	noise	cluster_noise	0.0000
2721	Spectrogram 1	1	3241.000000	3244.000000	0	0	8	cluster_8	0.9892
2722	Spectrogram 1	1	3243.750000	3245.000000	0	0	noise	cluster_noise	0.0000
2723	Spectrogram 1	1	3244.750000	3250.500000	0	0	8	cluster_8	0.9881
2724	Spectrogram 1	1	3250.250000	3251.000000	0	0	noise	cluster_noise	0.0000
2725	Spectrogram 1	1	3250.750000	3253.500000	0	0	8	cluster_8	0.9793
2726	Spectrogram 1	1	3253.250000	3253.750000	0	0	noise	cluster_noise	0.0000
2727	Spectrogram 1	1	3253.500000	3254.500000	0	0	21	cluster_21	0.8467
2728	Spectrogram 1	1	3254.250000	3255.250000	0	0	noise	cluster_noise	0.0000
2729	Spectrogram 1	1	3255.000000	3255.500000	0	0	21	cluster_21	0.8372
2730	Spectrogram 1	1	3255.250000	3255.750000	0	0	22	cluster_22	1.0000
2731	Spectrogram 1	1	3255.500000	3256.750000	0	0	noise	cluster_noise	0.0000
2732	Spectrogram 1	1	3256.500000	3259.250000	0	0	8	cluster_8	0.9908
2733	Spectrogram 1	1	3259.000000	3259.500000	0	0	noise	cluster_noise	0.0000
2734	Spectrogram 1	1	3259.250000	3260.000000	0	0	0	cluster_0	0.4286
2735	Spectrogram 1	1	3259.750000	3260.750000	0	0	8	cluster_8	0.9618
2736	Spectrogram 1	1	3260.500000	3261.000000	0	0	noise	cluster_noise	0.0000
2737	Spectrogram 1	1	3260.750000	3262.750000	0	0	8	cluster_8	0.9604
2738	Spectrogram 1	1	3262.500000	3263.000000	0	0	noise	cluster_noise	0.0000
2739	Spectrogram 1	1	3262.750000	3263.250000	0	0	8	cluster_8	0.9377
2740	Spectrogram 1	1	3263.000000	3263.500000	0	0	noise	cluster_noise	0.0000
2741	Spectrogram 1	1	3263.250000	3264.000000	0	0	8	cluster_8	1.0000
2742	Spectrogram 1	1	3263.750000	3264.250000	0	0	noise	cluster_noise	0.0000
2743	Spectrogram 1	1	3264.000000	3266.500000	0	0	8	cluster_8	0.9905
2744	Spectrogram 1	1	3266.250000	3266.750000	0	0	noise	cluster_noise	0.0000
2745	Spectrogram 1	1	3266.500000	3267.750000	0	0	8	cluster_8	0.9713
2746	Spectrogram 1	1	3267.500000	3268.000000	0	0	noise	cluster_noise	0.0000
2747	Spectrogram 1	1	3267.750000	3268.250000	0	0	21	cluster_21	0.6856
2748	Spectrogram 1	1	3268.000000	3268.500000	0	0	noise	cluster_noise	0.0000
2749	Spectrogram 1	1	3268.250000	3270.000000	0	0	21	cluster_21	0.9444
2750	Spectrogram 1	1	3269.750000	3271.000000	0	0	noise	cluster_noise	0.0000
2751	Spectrogram 1	1	3270.750000	3273.750000	0	0	8	cluster_8	0.9735
2752	Spectrogram 1	1	3273.500000	3274.000000	0	0	noise	cluster_noise	0.0000
2753	Spectrogram 1	1	3273.750000	3274.500000	0	0	0	cluster_0	0.4172
2754	Spectrogram 1	1	3274.250000	3277.250000	0	0	8	cluster_8	0.9858
2755	Spectrogram 1	1	3277.000000	3277.750000	0	0	0	cluster_0	0.6284
2756	Spectrogram 1	1	3277.500000	3278.250000	0	0	noise	cluster_noise	0.0000
2757	Spectrogram 1	1	3278.000000	3290.250000	0	0	8	cluster_8	0.9859
2758	Spectrogram 1	1	3290.000000	3290.500000	0	0	noise	cluster_noise	0.0000
2759	Spectrogram 1	1	3290.250000	3291.250000	0	0	0	cluster_0	0.8829
2760	Spectrogram 1	1	3291.000000	3291.500000	0	0	noise	cluster_noise	0.0000
2761	Spectrogram 1	1	3291.250000	3294.250000	0	0	8	cluster_8	0.9909
2762	Spectrogram 1	1	3294.000000	3295.250000	0	0	0	cluster_0	0.7844
2763	Spectrogram 1	1	3295.000000	3307.000000	0	0	8	cluster_8	0.9833
2764	Spectrogram 1	1	3306.750000	3307.250000	0	0	noise	cluster_noise	0.0000
2765	Spectrogram 1	1	3307.000000	3308.000000	0	0	0	cluster_0	0.8113
2766	Spectrogram 1	1	3307.750000	3310.750000	0	0	8	cluster_8	0.9939
2767	Spectrogram 1	1	3310.500000	3311.750000	0	0	0	cluster_0	0.8817
2768	Spectrogram 1	1	3311.500000	3312.000000	0	0	noise	cluster_noise	0.0000
2769	Spectrogram 1	1	3311.750000	3321.750000	0	0	8	cluster_8	0.9955
2770	Spectrogram 1	1	3321.500000	3322.000000	0	0	noise	cluster_noise	0.0000
2771	Spectrogram 1	1	3321.750000	3323.500000	0	0	8	cluster_8	1.0000
2772	Spectrogram 1	1	3323.250000	3323.750000	0	0	noise	cluster_noise	0.0000
2773	Spectrogram 1	1	3323.500000	3325.000000	0	0	8	cluster_8	1.0000
2774	Spectrogram 1	1	3324.750000	3325.500000	0	0	0	cluster_0	0.7806
2775	Spectrogram 1	1	3326.000000	3328.750000	0	0	8	cluster_8	0.9840
2776	Spectrogram 1	1	3328.500000	3329.000000	0	0	noise	cluster_noise	0.0000
2777	Spectrogram 1	1	3328.750000	3329.750000	0	0	0	cluster_0	0.7278
2778	Spectrogram 1	1	3329.500000	3332.000000	0	0	8	cluster_8	0.9989
2779	Spectrogram 1	1	3331.750000	3332.250000	0	0	noise	cluster_noise	0.0000
2780	Spectrogram 1	1	3332.000000	3337.500000	0	0	8	cluster_8	0.9976
2781	Spectrogram 1	1	3337.250000	3337.750000	0	0	noise	cluster_noise	0.0000
2782	Spectrogram 1	1	3337.500000	3339.250000	0	0	8	cluster_8	0.9875
2783	Spectrogram 1	1	3339.000000	3339.500000	0	0	noise	cluster_noise	0.0000
2784	Spectrogram 1	1	3339.250000	3345.500000	0	0	8	cluster_8	0.9885
2785	Spectrogram 1	1	3345.250000	3345.750000	0	0	noise	cluster_noise	0.0000
2786	Spectrogram 1	1	3345.500000	3346.500000	0	0	0	cluster_0	0.8289
2787	Spectrogram 1	1	3346.250000	3348.500000	0	0	8	cluster_8	0.9936
2788	Spectrogram 1	1	3348.250000	3348.750000	0	0	3	cluster_3	0.8536
2789	Spectrogram 1	1	3348.500000	3349.250000	0	0	8	cluster_8	1.0000
2790	Spectrogram 1	1	3349.000000	3349.500000	0	0	noise	cluster_noise	0.0000
2791	Spectrogram 1	1	3349.250000	3354.500000	0	0	8	cluster_8	1.0000
2792	Spectrogram 1	1	3355.000000	3355.500000	0	0	3	cluster_3	0.9839
2793	Spectrogram 1	1	3355.250000	3356.000000	0	0	8	cluster_8	1.0000
2794	Spectrogram 1	1	3355.750000	3356.250000	0	0	3	cluster_3	1.0000
2795	Spectrogram 1	1	3356.000000	3362.500000	0	0	8	cluster_8	0.9907
2796	Spectrogram 1	1	3362.250000	3362.750000	0	0	3	cluster_3	0.9039
2797	Spectrogram 1	1	3362.500000	3363.000000	0	0	noise	cluster_noise	0.0000
2798	Spectrogram 1	1	3362.750000	3365.000000	0	0	8	cluster_8	0.9776
2799	Spectrogram 1	1	3364.750000	3365.500000	0	0	3	cluster_3	0.9873
2800	Spectrogram 1	1	3365.250000	3365.750000	0	0	noise	cluster_noise	0.0000
2801	Spectrogram 1	1	3365.500000	3367.000000	0	0	8	cluster_8	0.9670
2802	Spectrogram 1	1	3366.750000	3368.000000	0	0	10	cluster_10	0.9583
2803	Spectrogram 1	1	3367.750000	3369.250000	0	0	8	cluster_8	1.0000
2804	Spectrogram 1	1	3369.000000	3369.500000	0	0	noise	cluster_noise	0.0000
2805	Spectrogram 1	1	3369.250000	3374.500000	0	0	10	cluster_10	0.7795
2806	Spectrogram 1	1	3374.250000	3374.750000	0	0	noise	cluster_noise	0.0000
2807	Spectrogram 1	1	3374.500000	3375.000000	0	0	11	cluster_11	0.4029
2808	Spectrogram 1	1	3374.750000	3375.500000	0	0	noise	cluster_noise	0.0000
2809	Spectrogram 1	1	3375.250000	3376.000000	0	0	8	cluster_8	1.0000
2810	Spectrogram 1	1	3375.750000	3376.250000	0	0	noise	cluster_noise	0.0000
2811	Spectrogram 1	1	3376.000000	3376.750000	0	0	3	cluster_3	0.9748
2812	Spectrogram 1	1	3376.500000	3377.000000	0	0	noise	cluster_noise	0.0000
2813	Spectrogram 1	1	3376.750000	3379.000000	0	0	8	cluster_8	0.9928
2814	Spectrogram 1	1	3378.750000	3380.500000	0	0	3	cluster_3	0.9661
2815	Spectrogram 1	1	3380.250000	3382.000000	0	0	8	cluster_8	1.0000
2816	Spectrogram 1	1	3381.750000	3382.250000	0	0	noise	cluster_noise	0.0000
2817	Spectrogram 1	1	3382.000000	3382.750000	0	0	3	cluster_3	0.8978
2818	Spectrogram 1	1	3382.500000	3384.500000	0	0	8	cluster_8	0.9806
2819	Spectrogram 1	1	3384.250000	3384.750000	0	0	noise	cluster_noise	0.0000
2820	Spectrogram 1	1	3384.500000	3385.250000	0	0	3	cluster_3	1.0000
2821	Spectrogram 1	1	3385.000000	3386.500000	0	0	8	cluster_8	0.9603
2822	Spectrogram 1	1	3386.250000	3386.750000	0	0	10	cluster_10	0.5800
2823	Spectrogram 1	1	3386.500000	3387.250000	0	0	noise	cluster_noise	0.0000
2824	Spectrogram 1	1	3387.000000	3387.500000	0	0	11	cluster_11	0.3886
2825	Spectrogram 1	1	3387.250000	3388.750000	0	0	8	cluster_8	1.0000
2826	Spectrogram 1	1	3388.500000	3389.500000	0	0	10	cluster_10	0.7897
2827	Spectrogram 1	1	3389.250000	3389.750000	0	0	noise	cluster_noise	0.0000
2828	Spectrogram 1	1	3389.500000	3390.250000	0	0	11	cluster_11	0.7873
2829	Spectrogram 1	1	3390.000000	3390.750000	0	0	noise	cluster_noise	0.0000
2830	Spectrogram 1	1	3390.500000	3391.750000	0	0	8	cluster_8	1.0000
2831	Spectrogram 1	1	3391.500000	3392.750000	0	0	10	cluster_10	0.8103
2832	Spectrogram 1	1	3392.500000	3393.000000	0	0	8	cluster_8	0.8766
2833	Spectrogram 1	1	3392.750000	3394.500000	0	0	10	cluster_10	0.9163
2834	Spectrogram 1	1	3394.250000	3395.250000	0	0	8	cluster_8	0.9847
2835	Spectrogram 1	1	3395.000000	3396.250000	0	0	3	cluster_3	0.9875
2836	Spectrogram 1	1	3396.000000	3396.500000	0	0	noise	cluster_noise	0.0000
2837	Spectrogram 1	1	3396.250000	3396.750000	0	0	3	cluster_3	0.8297
2838	Spectrogram 1	1	3396.500000	3398.250000	0	0	8	cluster_8	1.0000
2839	Spectrogram 1	1	3398.000000	3399.750000	0	0	3	cluster_3	0.9981
2840	Spectrogram 1	1	3399.500000	3401.250000	0	0	8	cluster_8	0.9754
2841	Spectrogram 1	1	3401.000000	3402.500000	0	0	3	cluster_3	0.9338
2842	Spectrogram 1	1	3402.250000	3403.500000	0	0	8	cluster_8	0.9747
2843	Spectrogram 1	1	3403.250000	3403.750000	0	0	noise	cluster_noise	0.0000
2844	Spectrogram 1	1	3403.500000	3404.250000	0	0	8	cluster_8	0.9084
2845	Spectrogram 1	1	3404.000000	3405.500000	0	0	3	cluster_3	0.8141
2846	Spectrogram 1	1	3405.250000	3406.500000	0	0	8	cluster_8	0.9866
2847	Spectrogram 1	1	3408.000000	3408.500000	0	0	3	cluster_3	0.7792
2848	Spectrogram 1	1	3408.250000	3408.750000	0	0	1	cluster_1	0.7732
2849	Spectrogram 1	1	3408.500000	3419.750000	0	0	8	cluster_8	0.9640
2850	Spectrogram 1	1	3419.500000	3420.750000	0	0	3	cluster_3	0.9884
2851	Spectrogram 1	1	3420.500000	3422.500000	0	0	8	cluster_8	0.9434
2852	Spectrogram 1	1	3423.000000	3423.750000	0	0	3	cluster_3	0.9706
2853	Spectrogram 1	1	3423.500000	3424.000000	0	0	noise	cluster_noise	0.0000
2854	Spectrogram 1	1	3423.750000	3425.500000	0	0	8	cluster_8	0.9936
2855	Spectrogram 1	1	3428.000000	3428.750000	0	0	noise	cluster_noise	0.0000
2856	Spectrogram 1	1	3428.500000	3429.500000	0	0	8	cluster_8	0.9669
2857	Spectrogram 1	1	3432.000000	3432.500000	0	0	3	cluster_3	0.9484
2858	Spectrogram 1	1	3432.250000	3432.750000	0	0	noise	cluster_noise	0.0000
2859	Spectrogram 1	1	3432.500000	3434.250000	0	0	3	cluster_3	0.9121
2860	Spectrogram 1	1	3434.000000	3434.500000	0	0	7	cluster_7	0.9940
2861	Spectrogram 1	1	3434.250000	3436.250000	0	0	8	cluster_8	0.9867
2862	Spectrogram 1	1	3436.000000	3437.000000	0	0	1	cluster_1	0.9130
2863	Spectrogram 1	1	3436.750000	3437.500000	0	0	noise	cluster_noise	0.0000
2864	Spectrogram 1	1	3437.250000	3438.250000	0	0	3	cluster_3	0.8487
2865	Spectrogram 1	1	3438.000000	3440.500000	0	0	8	cluster_8	1.0000
2866	Spectrogram 1	1	3441.000000	3442.250000	0	0	3	cluster_3	1.0000
2867	Spectrogram 1	1	3442.000000	3449.500000	0	0	8	cluster_8	1.0000
2868	Spectrogram 1	1	3451.000000	3451.750000	0	0	noise	cluster_noise	0.0000
2869	Spectrogram 1	1	3451.500000	3452.000000	0	0	1	cluster_1	0.6517
2870	Spectrogram 1	1	3451.750000	3452.500000	0	0	8	cluster_8	1.0000
2871	Spectrogram 1	1	3468.000000	3468.500000	0	0	noise	cluster_noise	0.0000
2872	Spectrogram 1	1	3468.250000	3468.750000	0	0	8	cluster_8	1.0000
2873	Spectrogram 1	1	3468.500000	3470.250000	0	0	3	cluster_3	1.0000
2874	Spectrogram 1	1	3470.000000	3472.250000	0	0	8	cluster_8	1.0000
2875	Spectrogram 1	1	3472.000000	3473.500000	0	0	1	cluster_1	0.9358
2876	Spectrogram 1	1	3483.000000	3484.000000	0	0	3	cluster_3	1.0000
2877	Spectrogram 1	1	3483.750000	3485.250000	0	0	8	cluster_8	1.0000
2878	Spectrogram 1	1	3485.000000	3485.500000	0	0	13	cluster_13	0.6788
2879	Spectrogram 1	1	3485.250000	3487.250000	0	0	1	cluster_1	0.9978
2880	Spectrogram 1	1	3487.000000	3491.250000	0	0	8	cluster_8	0.9108
2881	Spectrogram 1	1	3491.000000	3493.250000	0	0	noise	cluster_noise	0.0000
2882	Spectrogram 1	1	3493.000000	3494.250000	0	0	8	cluster_8	1.0000
2883	Spectrogram 1	1	3494.000000	3494.500000	0	0	7	cluster_7	1.0000
2884	Spectrogram 1	1	3494.250000	3496.000000	0	0	3	cluster_3	1.0000
2885	Spectrogram 1	1	3495.750000	3496.250000	0	0	8	cluster_8	0.9978
2886	Spectrogram 1	1	3496.000000	3496.500000	0	0	7	cluster_7	1.0000
2887	Spectrogram 1	1	3496.250000	3497.500000	0	0	8	cluster_8	0.9898
2888	Spectrogram 1	1	3497.250000	3497.750000	0	0	13	cluster_13	1.0000
2889	Spectrogram 1	1	3497.500000	3498.000000	0	0	noise	cluster_noise	0.0000
2890	Spectrogram 1	1	3497.750000	3499.500000	0	0	1	cluster_1	1.0000
2891	Spectrogram 1	1	3499.250000	3500.000000	0	0	8	cluster_8	1.0000
2892	Spectrogram 1	1	3499.750000	3500.250000	0	0	13	cluster_13	1.0000
2893	Spectrogram 1	1	3500.000000	3500.500000	0	0	noise	cluster_noise	0.0000
2894	Spectrogram 1	1	3500.250000	3501.500000	0	0	1	cluster_1	1.0000
2895	Spectrogram 1	1	3504.000000	3504.750000	0	0	noise	cluster_noise	0.0000
2896	Spectrogram 1	1	3504.500000	3505.000000	0	0	18	cluster_18	0.7356
2897	Spectrogram 1	1	3504.750000	3506.000000	0	0	noise	cluster_noise	0.0000
2898	Spectrogram 1	1	3505.750000	3507.000000	0	0	8	cluster_8	0.9849
2899	Spectrogram 1	1	3506.750000	3508.500000	0	0	3	cluster_3	0.9784
2900	Spectrogram 1	1	3508.250000	3510.250000	0	0	8	cluster_8	1.0000
2901	Spectrogram 1	1	3510.000000	3510.500000	0	0	noise	cluster_noise	0.0000
2902	Spectrogram 1	1	3510.250000	3510.750000	0	0	13	cluster_13	0.8970
2903	Spectrogram 1	1	3510.500000	3512.500000	0	0	1	cluster_1	0.9684
2904	Spectrogram 1	1	3512.250000	3513.000000	0	0	8	cluster_8	0.9975
2905	Spectrogram 1	1	3512.750000	3513.250000	0	0	13	cluster_13	0.6853
2906	Spectrogram 1	1	3513.000000	3514.250000	0	0	1	cluster_1	0.9585
2907	Spectrogram 1	1	3514.000000	3514.500000	0	0	noise	cluster_noise	0.0000
2908	Spectrogram 1	1	3514.250000	3514.750000	0	0	8	cluster_8	1.0000
2909	Spectrogram 1	1	3514.500000	3515.000000	0	0	noise	cluster_noise	0.0000
2910	Spectrogram 1	1	3514.750000	3515.500000	0	0	8	cluster_8	1.0000
2911	Spectrogram 1	1	3517.000000	3517.500000	0	0	18	cluster_18	0.9582
2912	Spectrogram 1	1	3517.250000	3517.750000	0	0	noise	cluster_noise	0.0000
2913	Spectrogram 1	1	3517.500000	3518.000000	0	0	17	cluster_17	1.0000
2914	Spectrogram 1	1	3517.750000	3518.250000	0	0	noise	cluster_noise	0.0000
2915	Spectrogram 1	1	3518.000000	3518.500000	0	0	8	cluster_8	1.0000
2916	Spectrogram 1	1	3518.250000	3518.750000	0	0	noise	cluster_noise	0.0000
2917	Spectrogram 1	1	3518.500000	3520.000000	0	0	8	cluster_8	0.9807
2918	Spectrogram 1	1	3519.750000	3521.250000	0	0	3	cluster_3	0.9758
2919	Spectrogram 1	1	3521.000000	3523.000000	0	0	8	cluster_8	1.0000
2920	Spectrogram 1	1	3522.750000	3523.500000	0	0	noise	cluster_noise	0.0000
2921	Spectrogram 1	1	3523.250000	3525.250000	0	0	1	cluster_1	1.0000
2922	Spectrogram 1	1	3525.000000	3526.250000	0	0	noise	cluster_noise	0.0000
2923	Spectrogram 1	1	3526.000000	3528.000000	0	0	1	cluster_1	1.0000
2924	Spectrogram 1	1	3527.750000	3528.500000	0	0	8	cluster_8	1.0000
2925	Spectrogram 1	1	3530.000000	3531.250000	0	0	noise	cluster_noise	0.0000
2926	Spectrogram 1	1	3531.000000	3531.500000	0	0	8	cluster_8	0.7946
2927	Spectrogram 1	1	3531.250000	3534.000000	0	0	3	cluster_3	0.9389
2928	Spectrogram 1	1	3533.750000	3534.500000	0	0	8	cluster_8	0.9699
2929	Spectrogram 1	1	3534.250000	3534.750000	0	0	3	cluster_3	0.8811
2930	Spectrogram 1	1	3534.500000	3535.500000	0	0	8	cluster_8	1.0000
2931	Spectrogram 1	1	3535.250000	3535.750000	0	0	noise	cluster_noise	0.0000
2932	Spectrogram 1	1	3535.500000	3536.000000	0	0	8	cluster_8	1.0000
2933	Spectrogram 1	1	3535.750000	3536.250000	0	0	13	cluster_13	0.7027
2934	Spectrogram 1	1	3536.000000	3536.500000	0	0	noise	cluster_noise	0.0000
2935	Spectrogram 1	1	3536.250000	3538.250000	0	0	1	cluster_1	0.9171
2936	Spectrogram 1	1	3538.000000	3538.500000	0	0	noise	cluster_noise	0.0000
2937	Spectrogram 1	1	3538.250000	3540.000000	0	0	8	cluster_8	0.9656
2938	Spectrogram 1	1	3539.750000	3540.500000	0	0	noise	cluster_noise	0.0000
2939	Spectrogram 1	1	3540.250000	3541.250000	0	0	16	cluster_16	0.9831
2940	Spectrogram 1	1	3541.000000	3541.750000	0	0	noise	cluster_noise	0.0000
2941	Spectrogram 1	1	3541.500000	3542.000000	0	0	17	cluster_17	0.9320
2942	Spectrogram 1	1	3541.750000	3542.250000	0	0	noise	cluster_noise	0.0000
2943	Spectrogram 1	1	3542.000000	3544.750000	0	0	3	cluster_3	1.0000
2944	Spectrogram 1	1	3544.500000	3547.250000	0	0	8	cluster_8	1.0000
2945	Spectrogram 1	1	3547.000000	3548.250000	0	0	noise	cluster_noise	0.0000
2946	Spectrogram 1	1	3548.000000	3548.750000	0	0	1	cluster_1	0.8928
2947	Spectrogram 1	1	3548.500000	3549.000000	0	0	noise	cluster_noise	0.0000
2948	Spectrogram 1	1	3548.750000	3551.000000	0	0	8	cluster_8	0.9596
2949	Spectrogram 1	1	3550.750000	3551.250000	0	0	13	cluster_13	0.6513
2950	Spectrogram 1	1	3551.000000	3551.500000	0	0	noise	cluster_noise	0.0000
2951	Spectrogram 1	1	3551.250000	3552.250000	0	0	16	cluster_16	0.9585
2952	Spectrogram 1	1	3552.000000	3552.500000	0	0	noise	cluster_noise	0.0000
2953	Spectrogram 1	1	3552.250000	3553.000000	0	0	17	cluster_17	0.9320
2954	Spectrogram 1	1	3552.750000	3553.250000	0	0	noise	cluster_noise	0.0000
2955	Spectrogram 1	1	3553.000000	3554.000000	0	0	3	cluster_3	0.9425
2956	Spectrogram 1	1	3553.750000	3554.250000	0	0	noise	cluster_noise	0.0000
2957	Spectrogram 1	1	3554.000000	3555.750000	0	0	3	cluster_3	1.0000
2958	Spectrogram 1	1	3555.500000	3557.750000	0	0	8	cluster_8	0.9789
2959	Spectrogram 1	1	3557.500000	3558.000000	0	0	noise	cluster_noise	0.0000
2960	Spectrogram 1	1	3557.750000	3559.000000	0	0	8	cluster_8	0.9657
2961	Spectrogram 1	1	3558.750000	3559.500000	0	0	noise	cluster_noise	0.0000
2962	Spectrogram 1	1	3559.250000	3562.000000	0	0	8	cluster_8	0.9828
2963	Spectrogram 1	1	3561.750000	3562.250000	0	0	13	cluster_13	0.9449
2964	Spectrogram 1	1	3562.000000	3563.000000	0	0	18	cluster_18	0.9247
2965	Spectrogram 1	1	3562.750000	3563.250000	0	0	noise	cluster_noise	0.0000
2966	Spectrogram 1	1	3563.000000	3563.750000	0	0	19	cluster_19	0.9805
2967	Spectrogram 1	1	3563.500000	3564.000000	0	0	17	cluster_17	1.0000
2968	Spectrogram 1	1	3563.750000	3565.500000	0	0	3	cluster_3	1.0000
2969	Spectrogram 1	1	3565.250000	3565.750000	0	0	8	cluster_8	1.0000
2970	Spectrogram 1	1	3565.500000	3566.500000	0	0	3	cluster_3	0.8272
2971	Spectrogram 1	1	3568.000000	3570.750000	0	0	8	cluster_8	1.0000
2972	Spectrogram 1	1	3570.500000	3571.000000	0	0	noise	cluster_noise	0.0000
2973	Spectrogram 1	1	3570.750000	3573.250000	0	0	8	cluster_8	0.9822
2974	Spectrogram 1	1	3573.000000	3574.000000	0	0	noise	cluster_noise	0.0000
2975	Spectrogram 1	1	3573.750000	3574.250000	0	0	18	cluster_18	0.9209
2976	Spectrogram 1	1	3574.000000	3574.500000	0	0	noise	cluster_noise	0.0000
2977	Spectrogram 1	1	3574.250000	3575.250000	0	0	19	cluster_19	0.8705
2978	Spectrogram 1	1	3575.000000	3575.750000	0	0	noise	cluster_noise	0.0000
2979	Spectrogram 1	1	3575.500000	3576.750000	0	0	3	cluster_3	1.0000
2980	Spectrogram 1	1	3576.500000	3577.000000	0	0	noise	cluster_noise	0.0000
2981	Spectrogram 1	1	3576.750000	3584.000000	0	0	8	cluster_8	0.9887
2982	Spectrogram 1	1	3583.750000	3584.250000	0	0	noise	cluster_noise	0.0000
2983	Spectrogram 1	1	3584.000000	3584.500000	0	0	13	cluster_13	0.6392
2984	Spectrogram 1	1	3584.250000	3585.000000	0	0	noise	cluster_noise	0.0000
2985	Spectrogram 1	1	3584.750000	3585.250000	0	0	18	cluster_18	0.9211
2986	Spectrogram 1	1	3585.000000	3586.250000	0	0	noise	cluster_noise	0.0000
2987	Spectrogram 1	1	3586.000000	3586.750000	0	0	8	cluster_8	1.0000
2988	Spectrogram 1	1	3586.500000	3587.750000	0	0	3	cluster_3	1.0000
2989	Spectrogram 1	1	3587.500000	3595.000000	0	0	8	cluster_8	0.9633
2990	Spectrogram 1	1	3594.750000	3595.250000	0	0	noise	cluster_noise	0.0000
2991	Spectrogram 1	1	3595.000000	3595.500000	0	0	14	cluster_14	1.0000
2992	Spectrogram 1	1	3595.250000	3595.750000	0	0	noise	cluster_noise	0.0000
2993	Spectrogram 1	1	3595.500000	3596.250000	0	0	18	cluster_18	0.8562
2994	Spectrogram 1	1	3596.000000	3596.500000	0	0	noise	cluster_noise	0.0000
2995	Spectrogram 1	1	3596.250000	3596.750000	0	0	17	cluster_17	1.0000
2996	Spectrogram 1	1	3596.500000	3597.500000	0	0	noise	cluster_noise	0.0000
2997	Spectrogram 1	1	3597.250000	3598.500000	0	0	3	cluster_3	0.9513
2998	Spectrogram 1	1	3598.250000	3603.500000	0	0	8	cluster_8	0.9755
2999	Spectrogram 1	1	3603.250000	3603.750000	0	0	noise	cluster_noise	0.0000
3000	Spectrogram 1	1	3603.500000	3606.000000	0	0	8	cluster_8	1.0000
3001	Spectrogram 1	1	3605.750000	3606.250000	0	0	noise	cluster_noise	0.0000
3002	Spectrogram 1	1	3606.000000	3607.000000	0	0	18	cluster_18	0.9830
3003	Spectrogram 1	1	3606.750000	3607.250000	0	0	noise	cluster_noise	0.0000
3004	Spectrogram 1	1	3607.000000	3607.500000	0	0	19	cluster_19	0.9920
3005	Spectrogram 1	1	3607.250000	3608.250000	0	0	noise	cluster_noise	0.0000
3006	Spectrogram 1	1	3608.000000	3612.000000	0	0	8	cluster_8	0.9926
3007	Spectrogram 1	1	3611.750000	3612.250000	0	0	noise	cluster_noise	0.0000
3008	Spectrogram 1	1	3612.000000	3614.250000	0	0	8	cluster_8	0.9803
3009	Spectrogram 1	1	3614.000000	3614.500000	0	0	noise	cluster_noise	0.0000
3010	Spectrogram 1	1	3614.250000	3616.500000	0	0	8	cluster_8	0.9734
3011	Spectrogram 1	1	3616.250000	3618.250000	0	0	noise	cluster_noise	0.0000
3012	Spectrogram 1	1	3618.000000	3618.750000	0	0	17	cluster_17	0.9273
3013	Spectrogram 1	1	3618.500000	3619.000000	0	0	noise	cluster_noise	0.0000
3014	Spectrogram 1	1	3618.750000	3620.750000	0	0	8	cluster_8	0.9913
3015	Spectrogram 1	1	3620.500000	3621.000000	0	0	noise	cluster_noise	0.0000
3016	Spectrogram 1	1	3620.750000	3621.750000	0	0	18	cluster_18	0.8777
3017	Spectrogram 1	1	3621.500000	3622.250000	0	0	noise	cluster_noise	0.0000
3018	Spectrogram 1	1	3622.000000	3622.500000	0	0	19	cluster_19	0.8422
3019	Spectrogram 1	1	3622.250000	3622.750000	0	0	noise	cluster_noise	0.0000
3020	Spectrogram 1	1	3622.500000	3630.000000	0	0	8	cluster_8	1.0000
3021	Spectrogram 1	1	3629.750000	3630.250000	0	0	noise	cluster_noise	0.0000
3022	Spectrogram 1	1	3630.000000	3632.500000	0	0	8	cluster_8	1.0000
3023	Spectrogram 1	1	3632.250000	3633.250000	0	0	noise	cluster_noise	0.0000
3024	Spectrogram 1	1	3633.000000	3633.750000	0	0	22	cluster_22	1.0000
3025	Spectrogram 1	1	3633.500000	3634.250000	0	0	noise	cluster_noise	0.0000
3026	Spectrogram 1	1	3634.000000	3634.500000	0	0	20	cluster_20	0.6100
3027	Spectrogram 1	1	3635.000000	3635.500000	0	0	noise	cluster_noise	0.0000
3028	Spectrogram 1	1	3635.250000	3635.750000	0	0	17	cluster_17	0.9976
3029	Spectrogram 1	1	3635.500000	3636.750000	0	0	8	cluster_8	0.9758
3030	Spectrogram 1	1	3636.500000	3637.250000	0	0	noise	cluster_noise	0.0000
3031	Spectrogram 1	1	3637.000000	3637.750000	0	0	18	cluster_18	0.9424
3032	Spectrogram 1	1	3637.500000	3638.500000	0	0	noise	cluster_noise	0.0000
3033	Spectrogram 1	1	3638.250000	3638.750000	0	0	17	cluster_17	1.0000
3034	Spectrogram 1	1	3638.500000	3647.250000	0	0	8	cluster_8	0.9906
3035	Spectrogram 1	1	3647.000000	3647.750000	0	0	noise	cluster_noise	0.0000
3036	Spectrogram 1	1	3647.500000	3648.000000	0	0	22	cluster_22	1.0000
3037	Spectrogram 1	1	3647.750000	3649.500000	0	0	noise	cluster_noise	0.0000
3038	Spectrogram 1	1	3649.250000	3649.750000	0	0	17	cluster_17	0.9052
3039	Spectrogram 1	1	3649.500000	3650.000000	0	0	noise	cluster_noise	0.0000
3040	Spectrogram 1	1	3649.750000	3651.500000	0	0	8	cluster_8	1.0000
3041	Spectrogram 1	1	3651.250000	3651.750000	0	0	noise	cluster_noise	0.0000
3042	Spectrogram 1	1	3651.500000	3652.500000	0	0	18	cluster_18	0.8937
3043	Spectrogram 1	1	3652.250000	3652.750000	0	0	17	cluster_17	1.0000
3044	Spectrogram 1	1	3652.500000	3653.250000	0	0	noise	cluster_noise	0.0000
3045	Spectrogram 1	1	3653.000000	3662.250000	0	0	8	cluster_8	0.9866
3046	Spectrogram 1	1	3662.000000	3663.250000	0	0	noise	cluster_noise	0.0000
3047	Spectrogram 1	1	3663.000000	3663.750000	0	0	8	cluster_8	1.0000
3048	Spectrogram 1	1	3663.500000	3664.250000	0	0	noise	cluster_noise	0.0000
3049	Spectrogram 1	1	3664.000000	3664.500000	0	0	17	cluster_17	0.9662
3050	Spectrogram 1	1	3664.250000	3665.000000	0	0	8	cluster_8	1.0000
3051	Spectrogram 1	1	3664.750000	3665.500000	0	0	noise	cluster_noise	0.0000
3052	Spectrogram 1	1	3665.250000	3665.750000	0	0	8	cluster_8	1.0000
3053	Spectrogram 1	1	3665.500000	3666.000000	0	0	13	cluster_13	1.0000
3054	Spectrogram 1	1	3665.750000	3666.250000	0	0	noise	cluster_noise	0.0000
3055	Spectrogram 1	1	3666.000000	3666.750000	0	0	18	cluster_18	1.0000
3056	Spectrogram 1	1	3666.500000	3667.000000	0	0	noise	cluster_noise	0.0000
3057	Spectrogram 1	1	3666.750000	3667.250000	0	0	17	cluster_17	1.0000
3058	Spectrogram 1	1	3667.000000	3667.500000	0	0	noise	cluster_noise	0.0000
3059	Spectrogram 1	1	3667.250000	3667.750000	0	0	17	cluster_17	1.0000
3060	Spectrogram 1	1	3667.500000	3668.000000	0	0	noise	cluster_noise	0.0000
3061	Spectrogram 1	1	3667.750000	3676.750000	0	0	8	cluster_8	0.9968
3062	Spectrogram 1	1	3676.500000	3677.500000	0	0	noise	cluster_noise	0.0000
3063	Spectrogram 1	1	3677.250000	3677.750000	0	0	21	cluster_21	0.6226
3064	Spectrogram 1	1	3677.500000	3678.000000	0	0	22	cluster_22	1.0000
3065	Spectrogram 1	1	3677.750000	3679.500000	0	0	noise	cluster_noise	0.0000
3066	Spectrogram 1	1	3679.250000	3681.000000	0	0	8	cluster_8	0.9691
3067	Spectrogram 1	1	3680.750000	3681.250000	0	0	noise	cluster_noise	0.0000
3068	Spectrogram 1	1	3681.000000	3681.750000	0	0	14	cluster_14	1.0000
3069	Spectrogram 1	1	3681.500000	3682.000000	0	0	19	cluster_19	0.9679
3070	Spectrogram 1	1	3681.750000	3682.250000	0	0	noise	cluster_noise	0.0000
3071	Spectrogram 1	1	3682.000000	3682.750000	0	0	17	cluster_17	1.0000
3072	Spectrogram 1	1	3682.500000	3683.000000	0	0	noise	cluster_noise	0.0000
3073	Spectrogram 1	1	3682.750000	3684.500000	0	0	8	cluster_8	1.0000
3074	Spectrogram 1	1	3684.250000	3685.000000	0	0	noise	cluster_noise	0.0000
3075	Spectrogram 1	1	3684.750000	3685.250000	0	0	8	cluster_8	1.0000
3076	Spectrogram 1	1	3685.000000	3685.500000	0	0	noise	cluster_noise	0.0000
3077	Spectrogram 1	1	3685.250000	3688.000000	0	0	8	cluster_8	0.9945
3078	Spectrogram 1	1	3687.750000	3688.250000	0	0	3	cluster_3	0.8548
3079	Spectrogram 1	1	3688.000000	3688.500000	0	0	noise	cluster_noise	0.0000
3080	Spectrogram 1	1	3688.250000	3689.500000	0	0	8	cluster_8	0.9490
3081	Spectrogram 1	1	3689.250000	3689.750000	0	0	noise	cluster_noise	0.0000
3082	Spectrogram 1	1	3689.500000	3690.000000	0	0	8	cluster_8	0.8081
3083	Spectrogram 1	1	3689.750000	3690.250000	0	0	noise	cluster_noise	0.0000
3084	Spectrogram 1	1	3690.000000	3690.500000	0	0	8	cluster_8	0.8448
3085	Spectrogram 1	1	3690.250000	3690.750000	0	0	noise	cluster_noise	0.0000
3086	Spectrogram 1	1	3690.500000	3691.000000	0	0	8	cluster_8	1.0000
3087	Spectrogram 1	1	3690.750000	3691.750000	0	0	noise	cluster_noise	0.0000
3088	Spectrogram 1	1	3691.500000	3693.000000	0	0	8	cluster_8	0.9762
3089	Spectrogram 1	1	3692.750000	3694.000000	0	0	noise	cluster_noise	0.0000
3090	Spectrogram 1	1	3693.750000	3694.250000	0	0	21	cluster_21	0.9841
3091	Spectrogram 1	1	3694.000000	3695.000000	0	0	noise	cluster_noise	0.0000
3092	Spectrogram 1	1	3694.750000	3697.000000	0	0	8	cluster_8	0.9748
3093	Spectrogram 1	1	3696.750000	3697.750000	0	0	noise	cluster_noise	0.0000
3094	Spectrogram 1	1	3697.500000	3698.000000	0	0	18	cluster_18	1.0000
3095	Spectrogram 1	1	3697.750000	3698.250000	0	0	19	cluster_19	0.8707
3096	Spectrogram 1	1	3698.000000	3698.500000	0	0	noise	cluster_noise	0.0000
3097	Spectrogram 1	1	3698.250000	3699.250000	0	0	8	cluster_8	1.0000
3098	Spectrogram 1	1	3699.000000	3699.500000	0	0	noise	cluster_noise	0.0000
3099	Spectrogram 1	1	3699.250000	3703.250000	0	0	8	cluster_8	0.9750
3100	Spectrogram 1	1	3703.000000	3703.750000	0	0	noise	cluster_noise	0.0000
3101	Spectrogram 1	1	3703.500000	3704.250000	0	0	8	cluster_8	0.9777
3102	Spectrogram 1	1	3704.000000	3705.000000	0	0	noise	cluster_noise	0.0000
3103	Spectrogram 1	1	3704.750000	3705.750000	0	0	8	cluster_8	0.9934
3104	Spectrogram 1	1	3705.500000	3706.000000	0	0	noise	cluster_noise	0.0000
3105	Spectrogram 1	1	3705.750000	3707.500000	0	0	8	cluster_8	1.0000
3106	Spectrogram 1	1	3707.250000	3707.750000	0	0	noise	cluster_noise	0.0000
3107	Spectrogram 1	1	3707.500000	3708.750000	0	0	8	cluster_8	0.9759
3108	Spectrogram 1	1	3708.500000	3709.000000	0	0	noise	cluster_noise	0.0000
3109	Spectrogram 1	1	3708.750000	3709.750000	0	0	8	cluster_8	0.9207
3110	Spectrogram 1	1	3709.500000	3711.000000	0	0	noise	cluster_noise	0.0000
3111	Spectrogram 1	1	3710.750000	3713.000000	0	0	8	cluster_8	0.9677
3112	Spectrogram 1	1	3712.750000	3714.500000	0	0	noise	cluster_noise	0.0000
3113	Spectrogram 1	1	3714.250000	3715.000000	0	0	8	cluster_8	0.9434
3114	Spectrogram 1	1	3714.750000	3715.250000	0	0	noise	cluster_noise	0.0000
3115	Spectrogram 1	1	3715.000000	3718.000000	0	0	8	cluster_8	0.9704
3116	Spectrogram 1	1	3717.750000	3718.250000	0	0	noise	cluster_noise	0.0000
3117	Spectrogram 1	1	3718.000000	3719.750000	0	0	8	cluster_8	1.0000
3118	Spectrogram 1	1	3719.500000	3720.000000	0	0	noise	cluster_noise	0.0000
3119	Spectrogram 1	1	3719.750000	3725.500000	0	0	8	cluster_8	0.9814
3120	Spectrogram 1	1	3725.250000	3725.750000	0	0	noise	cluster_noise	0.0000
3121	Spectrogram 1	1	3725.500000	3726.750000	0	0	21	cluster_21	0.7752
3122	Spectrogram 1	1	3726.500000	3727.000000	0	0	1	cluster_1	0.7294
3123	Spectrogram 1	1	3726.750000	3727.750000	0	0	noise	cluster_noise	0.0000
3124	Spectrogram 1	1	3727.500000	3728.500000	0	0	8	cluster_8	0.9215
3125	Spectrogram 1	1	3728.250000	3728.750000	0	0	noise	cluster_noise	0.0000
3126	Spectrogram 1	1	3728.500000	3730.250000	0	0	8	cluster_8	0.9772
3127	Spectrogram 1	1	3730.000000	3730.750000	0	0	3	cluster_3	1.0000
3128	Spectrogram 1	1	3730.500000	3731.000000	0	0	noise	cluster_noise	0.0000
3129	Spectrogram 1	1	3730.750000	3731.250000	0	0	8	cluster_8	0.9932
3130	Spectrogram 1	1	3731.000000	3731.750000	0	0	noise	cluster_noise	0.0000
3131	Spectrogram 1	1	3731.500000	3732.250000	0	0	8	cluster_8	0.9759
3132	Spectrogram 1	1	3732.000000	3732.500000	0	0	noise	cluster_noise	0.0000
3133	Spectrogram 1	1	3732.250000	3732.750000	0	0	8	cluster_8	1.0000
3134	Spectrogram 1	1	3732.500000	3733.000000	0	0	noise	cluster_noise	0.0000
3135	Spectrogram 1	1	3732.750000	3734.250000	0	0	8	cluster_8	0.9905
3136	Spectrogram 1	1	3734.000000	3734.500000	0	0	noise	cluster_noise	0.0000
3137	Spectrogram 1	1	3734.250000	3734.750000	0	0	0	cluster_0	1.0000
3138	Spectrogram 1	1	3734.500000	3736.250000	0	0	8	cluster_8	0.9861
3139	Spectrogram 1	1	3736.000000	3736.500000	0	0	noise	cluster_noise	0.0000
3140	Spectrogram 1	1	3736.250000	3736.750000	0	0	0	cluster_0	0.6333
3141	Spectrogram 1	1	3736.500000	3739.000000	0	0	8	cluster_8	0.9763
3142	Spectrogram 1	1	3738.750000	3741.000000	0	0	noise	cluster_noise	0.0000
3143	Spectrogram 1	1	3740.750000	3745.750000	0	0	8	cluster_8	0.9697
3144	Spectrogram 1	1	3745.500000	3746.000000	0	0	3	cluster_3	0.8784
3145	Spectrogram 1	1	3745.750000	3746.250000	0	0	noise	cluster_noise	0.0000
3146	Spectrogram 1	1	3746.000000	3748.000000	0	0	8	cluster_8	0.9844
3147	Spectrogram 1	1	3747.750000	3748.250000	0	0	3	cluster_3	0.8133
3148	Spectrogram 1	1	3748.000000	3748.500000	0	0	8	cluster_8	0.9508
3149	Spectrogram 1	1	3748.250000	3749.500000	0	0	noise	cluster_noise	0.0000
3150	Spectrogram 1	1	3749.250000	3751.750000	0	0	8	cluster_8	0.9615
3151	Spectrogram 1	1	3751.500000	3753.000000	0	0	noise	cluster_noise	0.0000
3152	Spectrogram 1	1	3752.750000	3753.250000	0	0	17	cluster_17	0.8890
3153	Spectrogram 1	1	3753.000000	3753.500000	0	0	noise	cluster_noise	0.0000
3154	Spectrogram 1	1	3753.250000	3757.500000	0	0	8	cluster_8	0.9639
3155	Spectrogram 1	1	3757.250000	3757.750000	0	0	noise	cluster_noise	0.0000
3156	Spectrogram 1	1	3757.500000	3758.000000	0	0	8	cluster_8	0.8683
3157	Spectrogram 1	1	3757.750000	3758.250000	0	0	noise	cluster_noise	0.0000
3158	Spectrogram 1	1	3758.000000	3759.250000	0	0	8	cluster_8	0.9864
3159	Spectrogram 1	1	3759.000000	3759.500000	0	0	noise	cluster_noise	0.0000
3160	Spectrogram 1	1	3759.250000	3760.000000	0	0	7	cluster_7	1.0000
3161	Spectrogram 1	1	3759.750000	3760.250000	0	0	noise	cluster_noise	0.0000
3162	Spectrogram 1	1	3760.000000	3761.000000	0	0	8	cluster_8	1.0000
3163	Spectrogram 1	1	3760.750000	3761.250000	0	0	noise	cluster_noise	0.0000
3164	Spectrogram 1	1	3761.000000	3761.750000	0	0	8	cluster_8	0.9692
3165	Spectrogram 1	1	3761.500000	3762.750000	0	0	noise	cluster_noise	0.0000
3166	Spectrogram 1	1	3762.500000	3764.750000	0	0	8	cluster_8	0.9464
3167	Spectrogram 1	1	3764.500000	3766.500000	0	0	noise	cluster_noise	0.0000
3168	Spectrogram 1	1	3767.000000	3769.750000	0	0	8	cluster_8	0.9881
3169	Spectrogram 1	1	3769.500000	3770.750000	0	0	noise	cluster_noise	0.0000
3170	Spectrogram 1	1	3770.500000	3771.750000	0	0	8	cluster_8	1.0000
3171	Spectrogram 1	1	3771.500000	3772.250000	0	0	noise	cluster_noise	0.0000
3172	Spectrogram 1	1	3772.000000	3772.500000	0	0	8	cluster_8	0.8512
3173	Spectrogram 1	1	3772.250000	3772.750000	0	0	noise	cluster_noise	0.0000
3174	Spectrogram 1	1	3772.500000	3773.000000	0	0	3	cluster_3	0.9544
3175	Spectrogram 1	1	3772.750000	3773.250000	0	0	noise	cluster_noise	0.0000
3176	Spectrogram 1	1	3773.000000	3774.250000	0	0	8	cluster_8	1.0000
3177	Spectrogram 1	1	3774.000000	3775.250000	0	0	noise	cluster_noise	0.0000
3178	Spectrogram 1	1	3775.000000	3777.250000	0	0	8	cluster_8	1.0000
3179	Spectrogram 1	1	3777.000000	3778.500000	0	0	noise	cluster_noise	0.0000
3180	Spectrogram 1	1	3786.000000	3786.500000	0	0	2	cluster_2	0.7468
3181	Spectrogram 1	1	3786.250000	3787.000000	0	0	noise	cluster_noise	0.0000
3182	Spectrogram 1	1	3786.750000	3789.000000	0	0	8	cluster_8	0.9795
3183	Spectrogram 1	1	3788.750000	3791.500000	0	0	noise	cluster_noise	0.0000
3184	Spectrogram 1	1	3794.000000	3801.750000	0	0	0	cluster_0	0.6499
3185	Spectrogram 1	1	3801.500000	3802.000000	0	0	noise	cluster_noise	0.0000
3186	Spectrogram 1	1	3801.750000	3802.250000	0	0	7	cluster_7	1.0000
3187	Spectrogram 1	1	3802.000000	3802.500000	0	0	noise	cluster_noise	0.0000
3188	Spectrogram 1	1	3802.250000	3806.250000	0	0	8	cluster_8	0.9796
3189	Spectrogram 1	1	3806.000000	3806.500000	0	0	noise	cluster_noise	0.0000
3190	Spectrogram 1	1	3807.000000	3813.250000	0	0	8	cluster_8	0.9877
3191	Spectrogram 1	1	3813.000000	3813.500000	0	0	noise	cluster_noise	0.0000
3192	Spectrogram 1	1	3813.250000	3815.750000	0	0	0	cluster_0	0.7873
3193	Spectrogram 1	1	3815.500000	3816.000000	0	0	noise	cluster_noise	0.0000
3194	Spectrogram 1	1	3815.750000	3816.500000	0	0	0	cluster_0	0.3850
3195	Spectrogram 1	1	3816.250000	3817.250000	0	0	noise	cluster_noise	0.0000
3196	Spectrogram 1	1	3817.000000	3818.000000	0	0	8	cluster_8	1.0000
3197	Spectrogram 1	1	3817.750000	3818.250000	0	0	noise	cluster_noise	0.0000
3198	Spectrogram 1	1	3818.000000	3818.500000	0	0	8	cluster_8	1.0000
3199	Spectrogram 1	1	3824.000000	3825.000000	0	0	0	cluster_0	0.8302
3200	Spectrogram 1	1	3824.750000	3825.250000	0	0	6	cluster_6	0.9271
3201	Spectrogram 1	1	3825.000000	3828.250000	0	0	8	cluster_8	0.9653
3202	Spectrogram 1	1	3828.000000	3828.500000	0	0	noise	cluster_noise	0.0000
3203	Spectrogram 1	1	3828.250000	3828.750000	0	0	11	cluster_11	0.4135
3204	Spectrogram 1	1	3828.500000	3829.000000	0	0	noise	cluster_noise	0.0000
3205	Spectrogram 1	1	3828.750000	3831.250000	0	0	0	cluster_0	0.7629
3206	Spectrogram 1	1	3831.000000	3831.500000	0	0	noise	cluster_noise	0.0000
3207	Spectrogram 1	1	3839.000000	3841.250000	0	0	0	cluster_0	0.8175
3208	Spectrogram 1	1	3841.000000	3841.500000	0	0	noise	cluster_noise	0.0000
3209	Spectrogram 1	1	3841.250000	3842.250000	0	0	8	cluster_8	0.9969
3210	Spectrogram 1	1	3842.000000	3842.500000	0	0	noise	cluster_noise	0.0000
3211	Spectrogram 1	1	3842.250000	3842.750000	0	0	8	cluster_8	1.0000
3212	Spectrogram 1	1	3842.500000	3844.500000	0	0	0	cluster_0	1.0000
3213	Spectrogram 1	1	3848.000000	3849.500000	0	0	8	cluster_8	1.0000
3214	Spectrogram 1	1	3854.000000	3854.500000	0	0	0	cluster_0	1.0000
3215	Spectrogram 1	1	3854.250000	3855.000000	0	0	noise	cluster_noise	0.0000
3216	Spectrogram 1	1	3854.750000	3856.250000	0	0	8	cluster_8	0.9289
3217	Spectrogram 1	1	3856.000000	3859.500000	0	0	0	cluster_0	0.8565
3218	Spectrogram 1	1	3859.250000	3859.750000	0	0	noise	cluster_noise	0.0000
3219	Spectrogram 1	1	3859.500000	3861.500000	0	0	8	cluster_8	0.9646
3220	Spectrogram 1	1	3861.250000	3861.750000	0	0	3	cluster_3	1.0000
3221	Spectrogram 1	1	3861.500000	3862.500000	0	0	8	cluster_8	1.0000
3222	Spectrogram 1	1	3868.000000	3868.500000	0	0	3	cluster_3	1.0000
3223	Spectrogram 1	1	3868.250000	3869.000000	0	0	8	cluster_8	1.0000
3224	Spectrogram 1	1	3868.750000	3869.250000	0	0	3	cluster_3	1.0000
3225	Spectrogram 1	1	3869.000000	3870.250000	0	0	8	cluster_8	1.0000
3226	Spectrogram 1	1	3870.000000	3870.500000	0	0	3	cluster_3	1.0000
3227	Spectrogram 1	1	3870.250000	3871.000000	0	0	8	cluster_8	1.0000
3228	Spectrogram 1	1	3870.750000	3871.250000	0	0	3	cluster_3	0.8365
3229	Spectrogram 1	1	3871.000000	3871.750000	0	0	8	cluster_8	1.0000
3230	Spectrogram 1	1	3871.500000	3872.000000	0	0	3	cluster_3	1.0000
3231	Spectrogram 1	1	3871.750000	3874.000000	0	0	8	cluster_8	0.9801
3232	Spectrogram 1	1	3873.750000	3874.250000	0	0	noise	cluster_noise	0.0000
3233	Spectrogram 1	1	3874.000000	3875.000000	0	0	0	cluster_0	0.8645
3234	Spectrogram 1	1	3874.750000	3875.250000	0	0	noise	cluster_noise	0.0000
3235	Spectrogram 1	1	3875.000000	3891.750000	0	0	8	cluster_8	0.9994
3236	Spectrogram 1	1	3891.500000	3892.000000	0	0	3	cluster_3	0.9015
3237	Spectrogram 1	1	3891.750000	3898.000000	0	0	8	cluster_8	1.0000
3238	Spectrogram 1	1	3897.750000	3898.750000	0	0	noise	cluster_noise	0.0000
3239	Spectrogram 1	1	3898.500000	3899.250000	0	0	11	cluster_11	0.5023
3240	Spectrogram 1	1	3899.000000	3899.500000	0	0	noise	cluster_noise	0.0000
3241	Spectrogram 1	1	3899.250000	3900.250000	0	0	8	cluster_8	1.0000
3242	Spectrogram 1	1	3900.000000	3900.500000	0	0	noise	cluster_noise	0.0000
3243	Spectrogram 1	1	3900.250000	3901.000000	0	0	10	cluster_10	0.6924
3244	Spectrogram 1	1	3900.750000	3901.750000	0	0	11	cluster_11	0.6272
3245	Spectrogram 1	1	3901.500000	3902.750000	0	0	8	cluster_8	0.9605
3246	Spectrogram 1	1	3902.500000	3903.000000	0	0	noise	cluster_noise	0.0000
3247	Spectrogram 1	1	3902.750000	3904.250000	0	0	11	cluster_11	0.7196
3248	Spectrogram 1	1	3904.000000	3904.500000	0	0	noise	cluster_noise	0.0000
3249	Spectrogram 1	1	3905.000000	3906.750000	0	0	11	cluster_11	0.7902
3250	Spectrogram 1	1	3906.500000	3907.250000	0	0	8	cluster_8	0.9754
3251	Spectrogram 1	1	3907.000000	3907.500000	0	0	11	cluster_11	0.4908
3252	Spectrogram 1	1	3913.000000	3914.250000	0	0	8	cluster_8	1.0000
3253	Spectrogram 1	1	3914.000000	3915.250000	0	0	3	cluster_3	1.0000
3254	Spectrogram 1	1	3915.000000	3917.000000	0	0	8	cluster_8	0.9600
3255	Spectrogram 1	1	3916.750000	3917.250000	0	0	noise	cluster_noise	0.0000
3256	Spectrogram 1	1	3917.000000	3918.000000	0	0	3	cluster_3	0.9184
3257	Spectrogram 1	1	3917.750000	3919.500000	0	0	8	cluster_8	0.8834
3258	Spectrogram 1	1	3919.250000	3920.000000	0	0	noise	cluster_noise	0.0000
3259	Spectrogram 1	1	3919.750000	3920.250000	0	0	3	cluster_3	0.7873
3260	Spectrogram 1	1	3920.000000	3920.500000	0	0	8	cluster_8	1.0000
3261	Spectrogram 1	1	3920.250000	3920.750000	0	0	noise	cluster_noise	0.0000
3262	Spectrogram 1	1	3920.500000	3921.000000	0	0	3	cluster_3	0.7545
3263	Spectrogram 1	1	3920.750000	3921.250000	0	0	8	cluster_8	1.0000
3264	Spectrogram 1	1	3921.000000	3921.500000	0	0	10	cluster_10	0.4789
3265	Spectrogram 1	1	3921.250000	3921.750000	0	0	noise	cluster_noise	0.0000
3266	Spectrogram 1	1	3921.500000	3922.250000	0	0	11	cluster_11	0.6135
3267	Spectrogram 1	1	3922.000000	3922.500000	0	0	noise	cluster_noise	0.0000
3268	Spectrogram 1	1	3922.250000	3926.500000	0	0	8	cluster_8	1.0000
3269	Spectrogram 1	1	3926.250000	3927.250000	0	0	3	cluster_3	0.9973
3270	Spectrogram 1	1	3927.000000	3928.000000	0	0	8	cluster_8	0.9309
3271	Spectrogram 1	1	3927.750000	3928.250000	0	0	noise	cluster_noise	0.0000
3272	Spectrogram 1	1	3928.000000	3929.250000	0	0	8	cluster_8	1.0000
3273	Spectrogram 1	1	3929.000000	3930.250000	0	0	3	cluster_3	0.9896
3274	Spectrogram 1	1	3930.000000	3930.500000	0	0	8	cluster_8	0.9211
3275	Spectrogram 1	1	3930.250000	3930.750000	0	0	noise	cluster_noise	0.0000
3276	Spectrogram 1	1	3930.500000	3932.000000	0	0	8	cluster_8	1.0000
3277	Spectrogram 1	1	3931.750000	3933.500000	0	0	3	cluster_3	0.9541
3278	Spectrogram 1	1	3933.250000	3934.000000	0	0	8	cluster_8	1.0000
3279	Spectrogram 1	1	3933.750000	3938.250000	0	0	3	cluster_3	0.9837
3280	Spectrogram 1	1	3938.000000	3940.000000	0	0	8	cluster_8	0.9757
3281	Spectrogram 1	1	3939.750000	3940.750000	0	0	1	cluster_1	0.9724
3282	Spectrogram 1	1	3940.500000	3941.250000	0	0	3	cluster_3	0.8716
3283	Spectrogram 1	1	3941.000000	3941.500000	0	0	noise	cluster_noise	0.0000
3284	Spectrogram 1	1	3942.000000	3954.250000	0	0	8	cluster_8	1.0000
3285	Spectrogram 1	1	3954.000000	3954.500000	0	0	1	cluster_1	1.0000
3286	Spectrogram 1	1	3959.000000	3960.250000	0	0	3	cluster_3	1.0000
3287	Spectrogram 1	1	3960.000000	3961.500000	0	0	8	cluster_8	1.0000
3288	Spectrogram 1	1	3977.000000	3978.250000	0	0	3	cluster_3	0.9792
3289	Spectrogram 1	1	3978.000000	3979.750000	0	0	8	cluster_8	1.0000
3290	Spectrogram 1	1	3979.500000	3981.750000	0	0	1	cluster_1	0.9528
3291	Spectrogram 1	1	3981.500000	3982.000000	0	0	noise	cluster_noise	0.0000
3292	Spectrogram 1	1	3981.750000	3982.500000	0	0	8	cluster_8	1.0000
3293	Spectrogram 1	1	3982.250000	3982.750000	0	0	noise	cluster_noise	0.0000
3294	Spectrogram 1	1	3982.500000	3984.750000	0	0	1	cluster_1	0.9639
3295	Spectrogram 1	1	3984.500000	3985.500000	0	0	8	cluster_8	1.0000
3296	Spectrogram 1	1	3991.000000	3992.250000	0	0	3	cluster_3	0.9635
3297	Spectrogram 1	1	3992.000000	3993.250000	0	0	8	cluster_8	1.0000
3298	Spectrogram 1	1	3993.000000	3995.000000	0	0	1	cluster_1	0.9462
3299	Spectrogram 1	1	3994.750000	3995.250000	0	0	noise	cluster_noise	0.0000
3300	Spectrogram 1	1	3995.000000	3996.000000	0	0	8	cluster_8	0.9713
3301	Spectrogram 1	1	3995.750000	4008.000000	0	0	1	cluster_1	0.8833
3302	Spectrogram 1	1	4007.750000	4008.250000	0	0	noise	cluster_noise	0.0000
3303	Spectrogram 1	1	4008.000000	4008.500000	0	0	8	cluster_8	1.0000
3304	Spectrogram 1	1	4008.250000	4008.750000	0	0	13	cluster_13	0.8976
3305	Spectrogram 1	1	4008.500000	4010.750000	0	0	1	cluster_1	0.9441
3306	Spectrogram 1	1	4010.500000	4011.500000	0	0	8	cluster_8	1.0000
3307	Spectrogram 1	1	4017.000000	4017.500000	0	0	3	cluster_3	0.9763
3308	Spectrogram 1	1	4017.250000	4018.750000	0	0	8	cluster_8	0.9763
3309	Spectrogram 1	1	4018.500000	4019.000000	0	0	13	cluster_13	0.6747
3310	Spectrogram 1	1	4018.750000	4020.750000	0	0	1	cluster_1	1.0000
3311	Spectrogram 1	1	4020.500000	4021.000000	0	0	8	cluster_8	1.0000
3312	Spectrogram 1	1	4020.750000	4021.250000	0	0	13	cluster_13	1.0000
3313	Spectrogram 1	1	4021.000000	4021.500000	0	0	noise	cluster_noise	0.0000
3314	Spectrogram 1	1	4021.250000	4023.250000	0	0	1	cluster_1	0.8826
3315	Spectrogram 1	1	4023.000000	4024.750000	0	0	8	cluster_8	1.0000
3316	Spectrogram 1	1	4024.500000	4025.000000	0	0	13	cluster_13	0.9640
3317	Spectrogram 1	1	4024.750000	4025.250000	0	0	18	cluster_18	0.8236
3318	Spectrogram 1	1	4025.000000	4026.500000	0	0	noise	cluster_noise	0.0000
3319	Spectrogram 1	1	4026.250000	4026.750000	0	0	17	cluster_17	0.8639
3320	Spectrogram 1	1	4026.500000	4028.500000	0	0	3	cluster_3	0.9904
3321	Spectrogram 1	1	4030.000000	4030.500000	0	0	8	cluster_8	1.0000
3322	Spectrogram 1	1	4030.250000	4030.750000	0	0	noise	cluster_noise	0.0000
3323	Spectrogram 1	1	4030.500000	4031.000000	0	0	13	cluster_13	1.0000
3324	Spectrogram 1	1	4030.750000	4031.250000	0	0	noise	cluster_noise	0.0000
3325	Spectrogram 1	1	4031.000000	4032.750000	0	0	1	cluster_1	0.9770
3326	Spectrogram 1	1	4032.500000	4033.250000	0	0	8	cluster_8	0.9830
3327	Spectrogram 1	1	4033.000000	4033.750000	0	0	noise	cluster_noise	0.0000
3328	Spectrogram 1	1	4033.500000	4035.500000	0	0	1	cluster_1	0.9313
3329	Spectrogram 1	1	4035.250000	4036.500000	0	0	8	cluster_8	1.0000
3330	Spectrogram 1	1	4036.250000	4037.000000	0	0	noise	cluster_noise	0.0000
3331	Spectrogram 1	1	4036.750000	4038.000000	0	0	18	cluster_18	0.9260
3332	Spectrogram 1	1	4037.750000	4038.500000	0	0	noise	cluster_noise	0.0000
3333	Spectrogram 1	1	4038.250000	4038.750000	0	0	17	cluster_17	0.9061
3334	Spectrogram 1	1	4038.500000	4039.250000	0	0	8	cluster_8	0.9148
3335	Spectrogram 1	1	4039.000000	4041.250000	0	0	3	cluster_3	0.9942
3336	Spectrogram 1	1	4041.000000	4041.500000	0	0	8	cluster_8	1.0000
3337	Spectrogram 1	1	4043.000000	4043.500000	0	0	13	cluster_13	0.6485
3338	Spectrogram 1	1	4043.250000	4045.250000	0	0	1	cluster_1	0.9641
3339	Spectrogram 1	1	4045.000000	4045.750000	0	0	8	cluster_8	0.9532
3340	Spectrogram 1	1	4045.500000	4046.000000	0	0	noise	cluster_noise	0.0000
3341	Spectrogram 1	1	4045.750000	4047.500000	0	0	1	cluster_1	0.9359
3342	Spectrogram 1	1	4047.250000	4049.250000	0	0	8	cluster_8	1.0000
3343	Spectrogram 1	1	4049.000000	4049.500000	0	0	noise	cluster_noise	0.0000
3344	Spectrogram 1	1	4049.250000	4050.500000	0	0	18	cluster_18	0.9235
3345	Spectrogram 1	1	4050.250000	4050.750000	0	0	noise	cluster_noise	0.0000
3346	Spectrogram 1	1	4050.500000	4051.000000	0	0	17	cluster_17	0.9378
3347	Spectrogram 1	1	4050.750000	4051.500000	0	0	noise	cluster_noise	0.0000
3348	Spectrogram 1	1	4051.250000	4051.750000	0	0	8	cluster_8	1.0000
3349	Spectrogram 1	1	4051.500000	4054.500000	0	0	3	cluster_3	0.9915
3350	Spectrogram 1	1	4054.250000	4055.500000	0	0	8	cluster_8	1.0000
3351	Spectrogram 1	1	4056.000000	4057.750000	0	0	1	cluster_1	0.9875
3352	Spectrogram 1	1	4057.500000	4059.500000	0	0	8	cluster_8	0.9608
3353	Spectrogram 1	1	4059.250000	4059.750000	0	0	13	cluster_13	0.9208
3354	Spectrogram 1	1	4059.500000	4060.750000	0	0	18	cluster_18	0.8967
3355	Spectrogram 1	1	4060.500000	4061.250000	0	0	noise	cluster_noise	0.0000
3356	Spectrogram 1	1	4061.000000	4061.500000	0	0	19	cluster_19	0.8188
3357	Spectrogram 1	1	4061.250000	4064.250000	0	0	3	cluster_3	0.9544
3358	Spectrogram 1	1	4064.000000	4064.500000	0	0	noise	cluster_noise	0.0000
3359	Spectrogram 1	1	4064.250000	4067.500000	0	0	8	cluster_8	1.0000
3360	Spectrogram 1	1	4067.250000	4068.250000	0	0	noise	cluster_noise	0.0000
3361	Spectrogram 1	1	4068.000000	4070.750000	0	0	8	cluster_8	1.0000
3362	Spectrogram 1	1	4070.500000	4071.000000	0	0	13	cluster_13	0.9326
3363	Spectrogram 1	1	4070.750000	4072.000000	0	0	18	cluster_18	0.8068
3364	Spectrogram 1	1	4071.750000	4072.250000	0	0	19	cluster_19	0.8437
3365	Spectrogram 1	1	4072.000000	4072.500000	0	0	noise	cluster_noise	0.0000
3366	Spectrogram 1	1	4072.250000	4073.000000	0	0	8	cluster_8	0.9529
3367	Spectrogram 1	1	4072.750000	4074.500000	0	0	3	cluster_3	1.0000
3368	Spectrogram 1	1	4074.250000	4074.750000	0	0	noise	cluster_noise	0.0000
3369	Spectrogram 1	1	4074.500000	4075.250000	0	0	3	cluster_3	1.0000
3370	Spectrogram 1	1	4075.000000	4079.500000	0	0	8	cluster_8	1.0000
3371	Spectrogram 1	1	4079.250000	4079.750000	0	0	noise	cluster_noise	0.0000
3372	Spectrogram 1	1	4079.500000	4081.750000	0	0	8	cluster_8	1.0000
3373	Spectrogram 1	1	4081.500000	4082.000000	0	0	13	cluster_13	0.9837
3374	Spectrogram 1	1	4081.750000	4082.250000	0	0	noise	cluster_noise	0.0000
3375	Spectrogram 1	1	4082.000000	4083.000000	0	0	18	cluster_18	0.8472
3376	Spectrogram 1	1	4082.750000	4083.250000	0	0	19	cluster_19	1.0000
3377	Spectrogram 1	1	4083.000000	4083.500000	0	0	noise	cluster_noise	0.0000
3378	Spectrogram 1	1	4083.250000	4084.000000	0	0	17	cluster_17	0.9520
3379	Spectrogram 1	1	4083.750000	4084.250000	0	0	noise	cluster_noise	0.0000
3380	Spectrogram 1	1	4084.000000	4086.250000	0	0	3	cluster_3	0.9600
3381	Spectrogram 1	1	4086.000000	4090.750000	0	0	8	cluster_8	1.0000
3382	Spectrogram 1	1	4090.500000	4091.250000	0	0	noise	cluster_noise	0.0000
3383	Spectrogram 1	1	4091.000000	4092.000000	0	0	8	cluster_8	0.9410
3384	Spectrogram 1	1	4091.750000	4092.250000	0	0	noise	cluster_noise	0.0000
3385	Spectrogram 1	1	4092.000000	4093.000000	0	0	8	cluster_8	1.0000
3386	Spectrogram 1	1	4092.750000	4093.500000	0	0	noise	cluster_noise	0.0000
3387	Spectrogram 1	1	4093.250000	4094.250000	0	0	18	cluster_18	0.9382
3388	Spectrogram 1	1	4094.000000	4095.000000	0	0	noise	cluster_noise	0.0000
3389	Spectrogram 1	1	4094.750000	4095.250000	0	0	19	cluster_19	0.8289
3390	Spectrogram 1	1	4095.000000	4095.500000	0	0	17	cluster_17	1.0000
3391	Spectrogram 1	1	4095.250000	4096.250000	0	0	3	cluster_3	1.0000
3392	Spectrogram 1	1	4096.000000	4097.000000	0	0	8	cluster_8	1.0000
3393	Spectrogram 1	1	4096.750000	4097.750000	0	0	3	cluster_3	1.0000
3394	Spectrogram 1	1	4097.500000	4098.000000	0	0	8	cluster_8	0.7955
3395	Spectrogram 1	1	4097.750000	4098.500000	0	0	noise	cluster_noise	0.0000
3396	Spectrogram 1	1	4098.250000	4102.250000	0	0	8	cluster_8	0.9916
3397	Spectrogram 1	1	4102.000000	4102.500000	0	0	noise	cluster_noise	0.0000
3398	Spectrogram 1	1	4102.250000	4104.250000	0	0	8	cluster_8	0.9911
3399	Spectrogram 1	1	4104.000000	4104.750000	0	0	noise	cluster_noise	0.0000
3400	Spectrogram 1	1	4104.500000	4105.500000	0	0	18	cluster_18	0.8576
3401	Spectrogram 1	1	4105.250000	4106.250000	0	0	19	cluster_19	0.9118
3402	Spectrogram 1	1	4106.000000	4106.500000	0	0	noise	cluster_noise	0.0000
3403	Spectrogram 1	1	4106.250000	4106.750000	0	0	17	cluster_17	0.8821
3404	Spectrogram 1	1	4106.500000	4108.500000	0	0	3	cluster_3	1.0000
3405	Spectrogram 1	1	4108.250000	4111.500000	0	0	8	cluster_8	1.0000
3406	Spectrogram 1	1	4111.250000	4112.250000	0	0	noise	cluster_noise	0.0000
3407	Spectrogram 1	1	4112.000000	4115.500000	0	0	8	cluster_8	0.9788
3408	Spectrogram 1	1	4115.250000	4115.750000	0	0	noise	cluster_noise	0.0000
3409	Spectrogram 1	1	4115.500000	4116.250000	0	0	18	cluster_18	0.8473
3410	Spectrogram 1	1	4116.000000	4116.500000	0	0	noise	cluster_noise	0.0000
3411	Spectrogram 1	1	4116.250000	4116.750000	0	0	19	cluster_19	1.0000
3412	Spectrogram 1	1	4116.500000	4117.500000	0	0	noise	cluster_noise	0.0000
3413	Spectrogram 1	1	4117.250000	4118.750000	0	0	3	cluster_3	1.0000
3414	Spectrogram 1	1	4118.500000	4121.500000	0	0	8	cluster_8	1.0000
3415	Spectrogram 1	1	4121.250000	4121.750000	0	0	noise	cluster_noise	0.0000
3416	Spectrogram 1	1	4121.500000	4123.250000	0	0	20	cluster_20	0.8907
3417	Spectrogram 1	1	4123.000000	4123.750000	0	0	noise	cluster_noise	0.0000
3418	Spectrogram 1	1	4123.500000	4124.250000	0	0	17	cluster_17	0.8972
3419	Spectrogram 1	1	4124.000000	4124.500000	0	0	noise	cluster_noise	0.0000
3420	Spectrogram 1	1	4124.250000	4124.750000	0	0	17	cluster_17	0.9198
3421	Spectrogram 1	1	4124.500000	4126.000000	0	0	8	cluster_8	0.9757
3422	Spectrogram 1	1	4125.750000	4126.250000	0	0	noise	cluster_noise	0.0000
3423	Spectrogram 1	1	4126.000000	4127.000000	0	0	18	cluster_18	0.7958
3424	Spectrogram 1	1	4126.750000	4128.000000	0	0	19	cluster_19	0.8983
3425	Spectrogram 1	1	4127.750000	4128.250000	0	0	noise	cluster_noise	0.0000
3426	Spectrogram 1	1	4128.000000	4129.750000	0	0	3	cluster_3	1.0000
3427	Spectrogram 1	1	4129.500000	4132.000000	0	0	8	cluster_8	0.9855
3428	Spectrogram 1	1	4131.750000	4132.750000	0	0	noise	cluster_noise	0.0000
3429	Spectrogram 1	1	4132.500000	4134.000000	0	0	20	cluster_20	0.9159
3430	Spectrogram 1	1	4133.750000	4134.500000	0	0	noise	cluster_noise	0.0000
3431	Spectrogram 1	1	4134.250000	4134.750000	0	0	17	cluster_17	0.8734
3432	Spectrogram 1	1	4134.500000	4135.250000	0	0	noise	cluster_noise	0.0000
3433	Spectrogram 1	1	4135.000000	4136.500000	0	0	8	cluster_8	1.0000
3434	Spectrogram 1	1	4136.250000	4136.750000	0	0	13	cluster_13	0.9850
3435	Spectrogram 1	1	4136.500000	4137.500000	0	0	noise	cluster_noise	0.0000
3436	Spectrogram 1	1	4137.250000	4138.000000	0	0	18	cluster_18	0.8810
3437	Spectrogram 1	1	4137.750000	4138.250000	0	0	19	cluster_19	0.9296
3438	Spectrogram 1	1	4138.000000	4138.500000	0	0	noise	cluster_noise	0.0000
3439	Spectrogram 1	1	4138.250000	4138.750000	0	0	19	cluster_19	0.8304
3440	Spectrogram 1	1	4138.500000	4139.000000	0	0	17	cluster_17	0.9523
3441	Spectrogram 1	1	4138.750000	4140.500000	0	0	3	cluster_3	1.0000
3442	Spectrogram 1	1	4140.250000	4140.750000	0	0	noise	cluster_noise	0.0000
3443	Spectrogram 1	1	4140.500000	4141.000000	0	0	3	cluster_3	0.9956
3444	Spectrogram 1	1	4140.750000	4142.750000	0	0	8	cluster_8	0.9848
3445	Spectrogram 1	1	4142.500000	4143.000000	0	0	17	cluster_17	0.9320
3446	Spectrogram 1	1	4142.750000	4143.250000	0	0	noise	cluster_noise	0.0000
3447	Spectrogram 1	1	4143.000000	4143.750000	0	0	15	cluster_15	0.8528
3448	Spectrogram 1	1	4143.500000	4144.750000	0	0	20	cluster_20	0.9081
3449	Spectrogram 1	1	4144.500000	4145.500000	0	0	noise	cluster_noise	0.0000
3450	Spectrogram 1	1	4145.250000	4145.750000	0	0	17	cluster_17	0.8658
3451	Spectrogram 1	1	4145.500000	4147.250000	0	0	8	cluster_8	1.0000
3452	Spectrogram 1	1	4147.000000	4147.500000	0	0	13	cluster_13	0.9692
3453	Spectrogram 1	1	4147.250000	4147.750000	0	0	noise	cluster_noise	0.0000
3454	Spectrogram 1	1	4147.500000	4148.500000	0	0	18	cluster_18	0.7817
3455	Spectrogram 1	1	4148.250000	4148.750000	0	0	noise	cluster_noise	0.0000
3456	Spectrogram 1	1	4148.500000	4149.000000	0	0	18	cluster_18	0.8145
3457	Spectrogram 1	1	4148.750000	4149.500000	0	0	17	cluster_17	0.9073
3458	Spectrogram 1	1	4149.250000	4149.750000	0	0	noise	cluster_noise	0.0000
3459	Spectrogram 1	1	4149.500000	4150.000000	0	0	8	cluster_8	1.0000
3460	Spectrogram 1	1	4149.750000	4151.250000	0	0	3	cluster_3	1.0000
3461	Spectrogram 1	1	4151.000000	4151.500000	0	0	noise	cluster_noise	0.0000
3462	Spectrogram 1	1	4151.250000	4153.500000	0	0	8	cluster_8	0.9577
3463	Spectrogram 1	1	4153.250000	4154.250000	0	0	noise	cluster_noise	0.0000
3464	Spectrogram 1	1	4154.000000	4155.750000	0	0	20	cluster_20	0.7647
3465	Spectrogram 1	1	4155.500000	4156.000000	0	0	noise	cluster_noise	0.0000
3466	Spectrogram 1	1	4155.750000	4156.250000	0	0	17	cluster_17	0.8730
3467	Spectrogram 1	1	4156.000000	4156.500000	0	0	noise	cluster_noise	0.0000
3468	Spectrogram 1	1	4156.250000	4156.750000	0	0	17	cluster_17	0.9048
3469	Spectrogram 1	1	4156.500000	4158.000000	0	0	8	cluster_8	1.0000
3470	Spectrogram 1	1	4157.750000	4158.250000	0	0	13	cluster_13	1.0000
3471	Spectrogram 1	1	4158.000000	4158.500000	0	0	noise	cluster_noise	0.0000
3472	Spectrogram 1	1	4158.250000	4159.500000	0	0	18	cluster_18	0.8407
3473	Spectrogram 1	1	4159.250000	4159.750000	0	0	19	cluster_19	0.9434
3474	Spectrogram 1	1	4159.500000	4160.000000	0	0	17	cluster_17	0.9905
3475	Spectrogram 1	1	4159.750000	4160.500000	0	0	8	cluster_8	1.0000
3476	Spectrogram 1	1	4160.250000	4162.000000	0	0	3	cluster_3	1.0000
3477	Spectrogram 1	1	4161.750000	4164.500000	0	0	8	cluster_8	0.9992
3478	Spectrogram 1	1	4164.250000	4165.000000	0	0	noise	cluster_noise	0.0000
3479	Spectrogram 1	1	4164.750000	4166.000000	0	0	20	cluster_20	0.7782
3480	Spectrogram 1	1	4165.750000	4166.500000	0	0	noise	cluster_noise	0.0000
3481	Spectrogram 1	1	4166.250000	4167.000000	0	0	17	cluster_17	0.8969
3482	Spectrogram 1	1	4166.750000	4167.250000	0	0	noise	cluster_noise	0.0000
3483	Spectrogram 1	1	4167.000000	4168.500000	0	0	8	cluster_8	1.0000
3484	Spectrogram 1	1	4168.250000	4169.000000	0	0	noise	cluster_noise	0.0000
3485	Spectrogram 1	1	4168.750000	4169.500000	0	0	18	cluster_18	0.8846
3486	Spectrogram 1	1	4169.250000	4170.000000	0	0	noise	cluster_noise	0.0000
3487	Spectrogram 1	1	4169.750000	4170.750000	0	0	19	cluster_19	0.9487
3488	Spectrogram 1	1	4170.500000	4171.000000	0	0	noise	cluster_noise	0.0000
3489	Spectrogram 1	1	4170.750000	4172.500000	0	0	3	cluster_3	1.0000
3490	Spectrogram 1	1	4173.000000	4174.750000	0	0	8	cluster_8	1.0000
3491	Spectrogram 1	1	4174.500000	4175.500000	0	0	noise	cluster_noise	0.0000
3492	Spectrogram 1	1	4175.250000	4176.750000	0	0	20	cluster_20	0.7064
3493	Spectrogram 1	1	4176.500000	4177.250000	0	0	noise	cluster_noise	0.0000
3494	Spectrogram 1	1	4177.000000	4179.000000	0	0	8	cluster_8	1.0000
3495	Spectrogram 1	1	4178.750000	4179.250000	0	0	13	cluster_13	0.7079
3496	Spectrogram 1	1	4179.000000	4179.500000	0	0	noise	cluster_noise	0.0000
3497	Spectrogram 1	1	4179.250000	4180.000000	0	0	18	cluster_18	0.9150
3498	Spectrogram 1	1	4179.750000	4180.250000	0	0	noise	cluster_noise	0.0000
3499	Spectrogram 1	1	4180.000000	4180.500000	0	0	18	cluster_18	0.7754
3500	Spectrogram 1	1	4180.250000	4180.750000	0	0	19	cluster_19	0.9137
3501	Spectrogram 1	1	4180.500000	4181.500000	0	0	noise	cluster_noise	0.0000
3502	Spectrogram 1	1	4181.250000	4182.750000	0	0	3	cluster_3	1.0000
3503	Spectrogram 1	1	4182.500000	4183.000000	0	0	8	cluster_8	1.0000
3504	Spectrogram 1	1	4182.750000	4183.500000	0	0	3	cluster_3	1.0000
3505	Spectrogram 1	1	4183.250000	4185.250000	0	0	8	cluster_8	1.0000
3506	Spectrogram 1	1	4185.000000	4185.500000	0	0	noise	cluster_noise	0.0000
3507	Spectrogram 1	1	4185.250000	4187.000000	0	0	20	cluster_20	0.7583
3508	Spectrogram 1	1	4186.750000	4187.500000	0	0	noise	cluster_noise	0.0000
3509	Spectrogram 1	1	4187.250000	4187.750000	0	0	17	cluster_17	0.9320
3510	Spectrogram 1	1	4187.500000	4188.250000	0	0	noise	cluster_noise	0.0000
3511	Spectrogram 1	1	4188.000000	4189.500000	0	0	8	cluster_8	0.9300
3512	Spectrogram 1	1	4189.250000	4189.750000	0	0	13	cluster_13	1.0000
3513	Spectrogram 1	1	4189.500000	4190.000000	0	0	19	cluster_19	0.8059
3514	Spectrogram 1	1	4189.750000	4190.250000	0	0	noise	cluster_noise	0.0000
3515	Spectrogram 1	1	4190.000000	4191.250000	0	0	18	cluster_18	0.9074
3516	Spectrogram 1	1	4191.000000	4191.500000	0	0	noise	cluster_noise	0.0000
3517	Spectrogram 1	1	4191.250000	4192.250000	0	0	8	cluster_8	0.9885
3518	Spectrogram 1	1	4192.000000	4193.500000	0	0	3	cluster_3	1.0000
3519	Spectrogram 1	1	4193.250000	4193.750000	0	0	noise	cluster_noise	0.0000
3520	Spectrogram 1	1	4193.500000	4194.250000	0	0	3	cluster_3	1.0000
3521	Spectrogram 1	1	4194.000000	4196.000000	0	0	8	cluster_8	0.9993
3522	Spectrogram 1	1	4195.750000	4196.250000	0	0	noise	cluster_noise	0.0000
3523	Spectrogram 1	1	4196.000000	4197.000000	0	0	20	cluster_20	0.8455
3524	Spectrogram 1	1	4196.750000	4198.750000	0	0	noise	cluster_noise	0.0000
3525	Spectrogram 1	1	4198.500000	4200.250000	0	0	8	cluster_8	1.0000
3526	Spectrogram 1	1	4200.000000	4200.500000	0	0	13	cluster_13	0.9172
3527	Spectrogram 1	1	4200.250000	4200.750000	0	0	18	cluster_18	0.7204
3528	Spectrogram 1	1	4200.500000	4201.250000	0	0	noise	cluster_noise	0.0000
3529	Spectrogram 1	1	4201.000000	4201.500000	0	0	18	cluster_18	0.7001
3530	Spectrogram 1	1	4201.250000	4202.500000	0	0	noise	cluster_noise	0.0000
3531	Spectrogram 1	1	4202.250000	4204.500000	0	0	3	cluster_3	0.9475
3532	Spectrogram 1	1	4204.250000	4206.250000	0	0	8	cluster_8	1.0000
3533	Spectrogram 1	1	4206.000000	4206.500000	0	0	noise	cluster_noise	0.0000
3534	Spectrogram 1	1	4206.250000	4207.250000	0	0	20	cluster_20	0.6806
3535	Spectrogram 1	1	4207.000000	4207.750000	0	0	noise	cluster_noise	0.0000
3536	Spectrogram 1	1	4207.500000	4208.000000	0	0	20	cluster_20	0.9163
3537	Spectrogram 1	1	4207.750000	4208.750000	0	0	noise	cluster_noise	0.0000
3538	Spectrogram 1	1	4208.500000	4210.500000	0	0	8	cluster_8	0.9961
3539	Spectrogram 1	1	4210.250000	4210.750000	0	0	13	cluster_13	0.8899
3540	Spectrogram 1	1	4210.500000	4211.000000	0	0	18	cluster_18	0.6837
3541	Spectrogram 1	1	4210.750000	4212.000000	0	0	noise	cluster_noise	0.0000
3542	Spectrogram 1	1	4211.750000	4212.250000	0	0	19	cluster_19	0.9312
3543	Spectrogram 1	1	4212.000000	4212.500000	0	0	noise	cluster_noise	0.0000
3544	Spectrogram 1	1	4212.250000	4213.000000	0	0	17	cluster_17	0.9928
3545	Spectrogram 1	1	4212.750000	4214.250000	0	0	3	cluster_3	1.0000
3546	Spectrogram 1	1	4214.000000	4214.500000	0	0	noise	cluster_noise	0.0000
3547	Spectrogram 1	1	4214.250000	4214.750000	0	0	3	cluster_3	0.7364
3548	Spectrogram 1	1	4214.500000	4216.500000	0	0	8	cluster_8	0.9762
3549	Spectrogram 1	1	4216.250000	4217.000000	0	0	noise	cluster_noise	0.0000
3550	Spectrogram 1	1	4216.750000	4217.250000	0	0	20	cluster_20	0.9547
3551	Spectrogram 1	1	4217.000000	4219.000000	0	0	noise	cluster_noise	0.0000
3552	Spectrogram 1	1	4218.750000	4219.750000	0	0	17	cluster_17	0.9254
3553	Spectrogram 1	1	4219.500000	4220.000000	0	0	noise	cluster_noise	0.0000
3554	Spectrogram 1	1	4219.750000	4220.750000	0	0	8	cluster_8	1.0000
3555	Spectrogram 1	1	4220.500000	4221.000000	0	0	noise	cluster_noise	0.0000
3556	Spectrogram 1	1	4220.750000	4221.250000	0	0	13	cluster_13	0.7108
3557	Spectrogram 1	1	4221.000000	4221.500000	0	0	14	cluster_14	1.0000
3558	Spectrogram 1	1	4221.250000	4222.250000	0	0	noise	cluster_noise	0.0000
3559	Spectrogram 1	1	4222.000000	4222.750000	0	0	18	cluster_18	0.8111
3560	Spectrogram 1	1	4222.500000	4223.000000	0	0	19	cluster_19	0.9671
3561	Spectrogram 1	1	4222.750000	4223.500000	0	0	noise	cluster_noise	0.0000
3562	Spectrogram 1	1	4223.250000	4223.750000	0	0	17	cluster_17	1.0000
3563	Spectrogram 1	1	4223.500000	4228.250000	0	0	8	cluster_8	0.9733
3564	Spectrogram 1	1	4228.000000	4228.500000	0	0	noise	cluster_noise	0.0000
3565	Spectrogram 1	1	4228.250000	4229.000000	0	0	8	cluster_8	1.0000
3566	Spectrogram 1	1	4228.750000	4229.500000	0	0	noise	cluster_noise	0.0000
3567	Spectrogram 1	1	4229.250000	4232.250000	0	0	8	cluster_8	0.9902
3568	Spectrogram 1	1	4232.000000	4233.250000	0	0	noise	cluster_noise	0.0000
3569	Spectrogram 1	1	4233.000000	4233.500000	0	0	22	cluster_22	1.0000
3570	Spectrogram 1	1	4233.250000	4235.000000	0	0	noise	cluster_noise	0.0000
3571	Spectrogram 1	1	4234.750000	4236.250000	0	0	8	cluster_8	0.9751
3572	Spectrogram 1	1	4236.000000	4236.500000	0	0	noise	cluster_noise	0.0000
3573	Spectrogram 1	1	4236.250000	4236.750000	0	0	13	cluster_13	0.6674
3574	Spectrogram 1	1	4236.500000	4237.000000	0	0	noise	cluster_noise	0.0000
3575	Spectrogram 1	1	4236.750000	4237.250000	0	0	14	cluster_14	1.0000
3576	Spectrogram 1	1	4237.000000	4237.500000	0	0	18	cluster_18	0.7248
3577	Spectrogram 1	1	4237.250000	4238.000000	0	0	noise	cluster_noise	0.0000
3578	Spectrogram 1	1	4237.750000	4238.250000	0	0	19	cluster_19	0.9842
3579	Spectrogram 1	1	4238.000000	4238.500000	0	0	17	cluster_17	0.8675
3580	Spectrogram 1	1	4238.250000	4240.000000	0	0	8	cluster_8	1.0000
3581	Spectrogram 1	1	4239.750000	4240.500000	0	0	noise	cluster_noise	0.0000
3582	Spectrogram 1	1	4240.250000	4245.750000	0	0	8	cluster_8	0.9849
3583	Spectrogram 1	1	4245.500000	4246.500000	0	0	noise	cluster_noise	0.0000
3584	Spectrogram 1	1	4246.250000	4247.250000	0	0	21	cluster_21	0.8727
3585	Spectrogram 1	1	4247.000000	4247.500000	0	0	noise	cluster_noise	0.0000
3586	Spectrogram 1	1	4247.250000	4248.000000	0	0	20	cluster_20	0.7399
3587	Spectrogram 1	1	4247.750000	4248.500000	0	0	noise	cluster_noise	0.0000
3588	Spectrogram 1	1	4248.250000	4249.000000	0	0	17	cluster_17	0.9320
3589	Spectrogram 1	1	4248.750000	4251.750000	0	0	8	cluster_8	0.9900
3590	Spectrogram 1	1	4251.500000	4252.000000	0	0	noise	cluster_noise	0.0000
3591	Spectrogram 1	1	4251.750000	4254.000000	0	0	8	cluster_8	0.9788
3592	Spectrogram 1	1	4253.750000	4254.250000	0	0	noise	cluster_noise	0.0000
3593	Spectrogram 1	1	4254.000000	4261.500000	0	0	8	cluster_8	0.9934
3594	Spectrogram 1	1	4261.250000	4262.250000	0	0	noise	cluster_noise	0.0000
3595	Spectrogram 1	1	4262.000000	4263.000000	0	0	22	cluster_22	0.9879
3596	Spectrogram 1	1	4262.750000	4264.500000	0	0	noise	cluster_noise	0.0000
3597	Spectrogram 1	1	4264.250000	4266.000000	0	0	8	cluster_8	1.0000
3598	Spectrogram 1	1	4265.750000	4266.250000	0	0	noise	cluster_noise	0.0000
3599	Spectrogram 1	1	4266.000000	4267.000000	0	0	18	cluster_18	0.9377
3600	Spectrogram 1	1	4266.750000	4267.750000	0	0	noise	cluster_noise	0.0000
3601	Spectrogram 1	1	4267.500000	4268.000000	0	0	17	cluster_17	0.9219
3602	Spectrogram 1	1	4267.750000	4269.500000	0	0	8	cluster_8	1.0000
3603	Spectrogram 1	1	4269.250000	4269.750000	0	0	noise	cluster_noise	0.0000
3604	Spectrogram 1	1	4269.500000	4270.750000	0	0	8	cluster_8	1.0000
3605	Spectrogram 1	1	4270.500000	4271.000000	0	0	noise	cluster_noise	0.0000
3606	Spectrogram 1	1	4270.750000	4271.250000	0	0	8	cluster_8	1.0000
3607	Spectrogram 1	1	4271.000000	4271.500000	0	0	noise	cluster_noise	0.0000
3608	Spectrogram 1	1	4271.250000	4272.250000	0	0	8	cluster_8	0.9453
3609	Spectrogram 1	1	4272.000000	4272.500000	0	0	noise	cluster_noise	0.0000
3610	Spectrogram 1	1	4272.250000	4276.000000	0	0	8	cluster_8	0.9601
3611	Spectrogram 1	1	4275.750000	4277.250000	0	0	noise	cluster_noise	0.0000
3612	Spectrogram 1	1	4277.000000	4277.500000	0	0	20	cluster_20	0.9653
3613	Spectrogram 1	1	4277.250000	4277.750000	0	0	noise	cluster_noise	0.0000
3614	Spectrogram 1	1	4277.500000	4278.000000	0	0	8	cluster_8	1.0000
3615	Spectrogram 1	1	4277.750000	4278.500000	0	0	noise	cluster_noise	0.0000
3616	Spectrogram 1	1	4278.250000	4280.750000	0	0	8	cluster_8	1.0000
3617	Spectrogram 1	1	4280.500000	4281.000000	0	0	noise	cluster_noise	0.0000
3618	Spectrogram 1	1	4280.750000	4282.750000	0	0	8	cluster_8	1.0000
3619	Spectrogram 1	1	4282.500000	4283.000000	0	0	noise	cluster_noise	0.0000
3620	Spectrogram 1	1	4282.750000	4289.250000	0	0	8	cluster_8	0.9933
3621	Spectrogram 1	1	4289.000000	4289.750000	0	0	noise	cluster_noise	0.0000
3622	Spectrogram 1	1	4289.500000	4290.250000	0	0	21	cluster_21	0.7191
3623	Spectrogram 1	1	4290.000000	4292.000000	0	0	noise	cluster_noise	0.0000
3624	Spectrogram 1	1	4291.750000	4294.500000	0	0	8	cluster_8	1.0000
3625	Spectrogram 1	1	4294.250000	4295.000000	0	0	noise	cluster_noise	0.0000
3626	Spectrogram 1	1	4294.750000	4295.500000	0	0	8	cluster_8	1.0000
3627	Spectrogram 1	1	4295.250000	4296.000000	0	0	noise	cluster_noise	0.0000
3628	Spectrogram 1	1	4295.750000	4296.750000	0	0	8	cluster_8	0.9382
3629	Spectrogram 1	1	4296.500000	4297.000000	0	0	noise	cluster_noise	0.0000
3630	Spectrogram 1	1	4296.750000	4305.000000	0	0	8	cluster_8	0.9740
3631	Spectrogram 1	1	4304.750000	4305.250000	0	0	noise	cluster_noise	0.0000
3632	Spectrogram 1	1	4305.000000	4306.250000	0	0	21	cluster_21	0.8042
3633	Spectrogram 1	1	4306.000000	4307.500000	0	0	noise	cluster_noise	0.0000
3634	Spectrogram 1	1	4307.250000	4310.500000	0	0	8	cluster_8	0.9807
3635	Spectrogram 1	1	4310.250000	4311.250000	0	0	0	cluster_0	0.8426
3636	Spectrogram 1	1	4311.000000	4311.750000	0	0	8	cluster_8	1.0000
3637	Spectrogram 1	1	4311.500000	4312.000000	0	0	noise	cluster_noise	0.0000
3638	Spectrogram 1	1	4311.750000	4314.000000	0	0	8	cluster_8	0.9890
3639	Spectrogram 1	1	4313.750000	4315.500000	0	0	0	cluster_0	0.7279
3640	Spectrogram 1	1	4315.250000	4315.750000	0	0	8	cluster_8	0.8965
3641	Spectrogram 1	1	4315.500000	4316.000000	0	0	noise	cluster_noise	0.0000
3642	Spectrogram 1	1	4315.750000	4318.000000	0	0	8	cluster_8	1.0000
3643	Spectrogram 1	1	4317.750000	4318.250000	0	0	noise	cluster_noise	0.0000
3644	Spectrogram 1	1	4318.000000	4319.500000	0	0	8	cluster_8	1.0000
3645	Spectrogram 1	1	4319.250000	4319.750000	0	0	noise	cluster_noise	0.0000
3646	Spectrogram 1	1	4319.500000	4325.750000	0	0	8	cluster_8	0.9994
3647	Spectrogram 1	1	4325.500000	4326.000000	0	0	noise	cluster_noise	0.0000
3648	Spectrogram 1	1	4325.750000	4326.750000	0	0	0	cluster_0	0.8418
3649	Spectrogram 1	1	4326.500000	4329.500000	0	0	8	cluster_8	0.9941
3650	Spectrogram 1	1	4329.250000	4330.500000	0	0	0	cluster_0	0.8908
3651	Spectrogram 1	1	4330.250000	4333.250000	0	0	8	cluster_8	0.9926
3652	Spectrogram 1	1	4333.000000	4333.500000	0	0	noise	cluster_noise	0.0000
3653	Spectrogram 1	1	4333.250000	4335.500000	0	0	8	cluster_8	1.0000
3654	Spectrogram 1	1	4335.250000	4335.750000	0	0	noise	cluster_noise	0.0000
3655	Spectrogram 1	1	4335.500000	4342.000000	0	0	8	cluster_8	0.9998
3656	Spectrogram 1	1	4341.750000	4342.250000	0	0	noise	cluster_noise	0.0000
3657	Spectrogram 1	1	4342.000000	4347.250000	0	0	8	cluster_8	1.0000
3658	Spectrogram 1	1	4347.000000	4347.500000	0	0	noise	cluster_noise	0.0000
3659	Spectrogram 1	1	4347.250000	4348.500000	0	0	0	cluster_0	1.0000
3660	Spectrogram 1	1	4348.250000	4351.250000	0	0	8	cluster_8	1.0000
3661	Spectrogram 1	1	4351.000000	4351.500000	0	0	noise	cluster_noise	0.0000
3662	Spectrogram 1	1	4354.000000	4359.750000	0	0	8	cluster_8	0.9849
3663	Spectrogram 1	1	4359.500000	4360.000000	0	0	noise	cluster_noise	0.0000
3664	Spectrogram 1	1	4359.750000	4361.000000	0	0	0	cluster_0	0.9988
3665	Spectrogram 1	1	4360.750000	4361.250000	0	0	noise	cluster_noise	0.0000
3666	Spectrogram 1	1	4361.000000	4363.500000	0	0	8	cluster_8	1.0000
3667	Spectrogram 1	1	4363.250000	4363.750000	0	0	noise	cluster_noise	0.0000
3668	Spectrogram 1	1	4363.500000	4365.000000	0	0	0	cluster_0	0.8967
3669	Spectrogram 1	1	4364.750000	4370.000000	0	0	8	cluster_8	0.9903
3670	Spectrogram 1	1	4369.750000	4370.250000	0	0	noise	cluster_noise	0.0000
3671	Spectrogram 1	1	4370.000000	4377.250000	0	0	8	cluster_8	0.9809
3672	Spectrogram 1	1	4377.000000	4378.250000	0	0	0	cluster_0	0.9359
3673	Spectrogram 1	1	4378.000000	4380.500000	0	0	8	cluster_8	0.9823
3674	Spectrogram 1	1	4380.250000	4380.750000	0	0	noise	cluster_noise	0.0000
3675	Spectrogram 1	1	4380.500000	4381.750000	0	0	0	cluster_0	0.9858
3676	Spectrogram 1	1	4381.500000	4382.000000	0	0	noise	cluster_noise	0.0000
3677	Spectrogram 1	1	4381.750000	4383.750000	0	0	8	cluster_8	1.0000
3678	Spectrogram 1	1	4383.500000	4384.000000	0	0	3	cluster_3	1.0000
3679	Spectrogram 1	1	4383.750000	4384.250000	0	0	8	cluster_8	1.0000
3680	Spectrogram 1	1	4384.000000	4384.500000	0	0	noise	cluster_noise	0.0000
3681	Spectrogram 1	1	4384.250000	4385.750000	0	0	8	cluster_8	0.9625
3682	Spectrogram 1	1	4385.500000	4386.000000	0	0	noise	cluster_noise	0.0000
3683	Spectrogram 1	1	4385.750000	4392.000000	0	0	8	cluster_8	0.9693
3684	Spectrogram 1	1	4391.750000	4392.500000	0	0	noise	cluster_noise	0.0000
3685	Spectrogram 1	1	4392.250000	4393.750000	0	0	8	cluster_8	1.0000
3686	Spectrogram 1	1	4393.500000	4394.000000	0	0	3	cluster_3	0.7866
3687	Spectrogram 1	1	4393.750000	4394.500000	0	0	noise	cluster_noise	0.0000
3688	Spectrogram 1	1	4394.250000	4396.750000	0	0	8	cluster_8	1.0000
3689	Spectrogram 1	1	4396.500000	4397.250000	0	0	noise	cluster_noise	0.0000
3690	Spectrogram 1	1	4397.000000	4400.500000	0	0	8	cluster_8	1.0000
3691	Spectrogram 1	1	4400.250000	4401.500000	0	0	noise	cluster_noise	0.0000
3692	Spectrogram 1	1	4402.000000	4403.000000	0	0	8	cluster_8	0.9436
3693	Spectrogram 1	1	4402.750000	4403.250000	0	0	noise	cluster_noise	0.0000
3694	Spectrogram 1	1	4403.000000	4403.500000	0	0	0	cluster_0	0.3832
3695	Spectrogram 1	1	4403.250000	4403.750000	0	0	noise	cluster_noise	0.0000
3696	Spectrogram 1	1	4403.500000	4404.500000	0	0	8	cluster_8	0.9053
3697	Spectrogram 1	1	4404.250000	4404.750000	0	0	noise	cluster_noise	0.0000
3698	Spectrogram 1	1	4404.500000	4405.250000	0	0	8	cluster_8	1.0000
3699	Spectrogram 1	1	4405.000000	4405.500000	0	0	noise	cluster_noise	0.0000
3700	Spectrogram 1	1	4406.000000	4406.500000	0	0	17	cluster_17	0.8729
3701	Spectrogram 1	1	4406.250000	4406.750000	0	0	noise	cluster_noise	0.0000
3702	Spectrogram 1	1	4406.500000	4410.000000	0	0	8	cluster_8	0.9976
3703	Spectrogram 1	1	4409.750000	4410.250000	0	0	noise	cluster_noise	0.0000
3704	Spectrogram 1	1	4410.000000	4410.500000	0	0	1	cluster_1	0.6282
3705	Spectrogram 1	1	4410.250000	4410.750000	0	0	noise	cluster_noise	0.0000
3706	Spectrogram 1	1	4410.500000	4412.750000	0	0	8	cluster_8	1.0000
3707	Spectrogram 1	1	4412.500000	4413.250000	0	0	noise	cluster_noise	0.0000
3708	Spectrogram 1	1	4413.000000	4415.500000	0	0	8	cluster_8	0.9941
3709	Spectrogram 1	1	4415.250000	4415.750000	0	0	noise	cluster_noise	0.0000
3710	Spectrogram 1	1	4415.500000	4416.250000	0	0	3	cluster_3	1.0000
3711	Spectrogram 1	1	4416.000000	4420.750000	0	0	8	cluster_8	0.9871
3712	Spectrogram 1	1	4420.500000	4422.500000	0	0	noise	cluster_noise	0.0000
3713	Spectrogram 1	1	4422.250000	4424.000000	0	0	8	cluster_8	0.9762
3714	Spectrogram 1	1	4423.750000	4424.750000	0	0	noise	cluster_noise	0.0000
3715	Spectrogram 1	1	4424.500000	4425.000000	0	0	8	cluster_8	1.0000
3716	Spectrogram 1	1	4424.750000	4425.250000	0	0	noise	cluster_noise	0.0000
3717	Spectrogram 1	1	4425.000000	4425.750000	0	0	8	cluster_8	1.0000
3718	Spectrogram 1	1	4425.500000	4426.500000	0	0	11	cluster_11	0.3998
3719	Spectrogram 1	1	4426.250000	4427.000000	0	0	noise	cluster_noise	0.0000
3720	Spectrogram 1	1	4426.750000	4427.500000	0	0	8	cluster_8	1.0000
3721	Spectrogram 1	1	4427.250000	4427.750000	0	0	noise	cluster_noise	0.0000
3722	Spectrogram 1	1	4427.500000	4428.250000	0	0	3	cluster_3	1.0000
3723	Spectrogram 1	1	4428.000000	4431.000000	0	0	8	cluster_8	1.0000
3724	Spectrogram 1	1	4430.750000	4431.500000	0	0	3	cluster_3	1.0000
3725	Spectrogram 1	1	4431.250000	4431.750000	0	0	noise	cluster_noise	0.0000
3726	Spectrogram 1	1	4431.500000	4432.000000	0	0	1	cluster_1	1.0000
3727	Spectrogram 1	1	4431.750000	4434.000000	0	0	8	cluster_8	0.9757
3728	Spectrogram 1	1	4433.750000	4434.500000	0	0	3	cluster_3	1.0000
3729	Spectrogram 1	1	4434.250000	4435.000000	0	0	1	cluster_1	1.0000
3730	Spectrogram 1	1	4434.750000	4436.750000	0	0	8	cluster_8	0.9675
3731	Spectrogram 1	1	4436.500000	4437.250000	0	0	3	cluster_3	1.0000
3732	Spectrogram 1	1	4437.000000	4449.500000	0	0	8	cluster_8	0.9906
3733	Spectrogram 1	1	4449.250000	4450.250000	0	0	3	cluster_3	0.9950
3734	Spectrogram 1	1	4450.000000	4450.500000	0	0	1	cluster_1	0.9030
3735	Spectrogram 1	1	4473.000000	4473.750000	0	0	noise	cluster_noise	0.0000
3736	Spectrogram 1	1	4473.500000	4476.000000	0	0	8	cluster_8	0.9606
3737	Spectrogram 1	1	4475.750000	4476.250000	0	0	1	cluster_1	0.9963
3738	Spectrogram 1	1	4476.000000	4477.500000	0	0	8	cluster_8	0.9824
3739	Spectrogram 1	1	4492.000000	4504.750000	0	0	3	cluster_3	0.9705
3740	Spectrogram 1	1	4504.500000	4506.500000	0	0	8	cluster_8	1.0000
3741	Spectrogram 1	1	4506.250000	4510.750000	0	0	3	cluster_3	0.9625
3742	Spectrogram 1	1	4510.500000	4512.750000	0	0	8	cluster_8	1.0000
3743	Spectrogram 1	1	4512.500000	4515.000000	0	0	1	cluster_1	1.0000
3744	Spectrogram 1	1	4514.750000	4515.250000	0	0	noise	cluster_noise	0.0000
3745	Spectrogram 1	1	4515.000000	4517.000000	0	0	8	cluster_8	1.0000
3746	Spectrogram 1	1	4516.750000	4518.750000	0	0	3	cluster_3	0.9933
3747	Spectrogram 1	1	4518.500000	4519.000000	0	0	noise	cluster_noise	0.0000
3748	Spectrogram 1	1	4518.750000	4519.500000	0	0	8	cluster_8	1.0000
3749	Spectrogram 1	1	4523.000000	4525.000000	0	0	1	cluster_1	0.9861
3750	Spectrogram 1	1	4524.750000	4525.250000	0	0	8	cluster_8	0.9798
3751	Spectrogram 1	1	4525.000000	4525.500000	0	0	noise	cluster_noise	0.0000
3752	Spectrogram 1	1	4525.250000	4526.250000	0	0	8	cluster_8	0.9350
3753	Spectrogram 1	1	4526.000000	4528.250000	0	0	1	cluster_1	0.9745
3754	Spectrogram 1	1	4528.000000	4529.250000	0	0	8	cluster_8	1.0000
3755	Spectrogram 1	1	4529.000000	4529.750000	0	0	noise	cluster_noise	0.0000
3756	Spectrogram 1	1	4529.500000	4530.500000	0	0	21	cluster_21	0.6835
3757	Spectrogram 1	1	4530.250000	4531.250000	0	0	noise	cluster_noise	0.0000
3758	Spectrogram 1	1	4531.000000	4533.500000	0	0	8	cluster_8	1.0000
3759	Spectrogram 1	1	4533.250000	4535.500000	0	0	3	cluster_3	0.9565
3760	Spectrogram 1	1	4541.000000	4541.750000	0	0	1	cluster_1	1.0000
3761	Spectrogram 1	1	4541.500000	4543.250000	0	0	8	cluster_8	1.0000
3762	Spectrogram 1	1	4543.000000	4544.000000	0	0	noise	cluster_noise	0.0000
3763	Spectrogram 1	1	4543.750000	4544.500000	0	0	16	cluster_16	0.9465
3764	Spectrogram 1	1	4544.250000	4545.000000	0	0	noise	cluster_noise	0.0000
3765	Spectrogram 1	1	4544.750000	4547.000000	0	0	8	cluster_8	0.9631
3766	Spectrogram 1	1	4546.750000	4547.250000	0	0	noise	cluster_noise	0.0000
3767	Spectrogram 1	1	4547.000000	4547.500000	0	0	3	cluster_3	1.0000
3768	Spectrogram 1	1	4555.000000	4556.750000	0	0	8	cluster_8	1.0000
3769	Spectrogram 1	1	4556.500000	4557.000000	0	0	noise	cluster_noise	0.0000
3770	Spectrogram 1	1	4556.750000	4558.000000	0	0	16	cluster_16	0.9976
3771	Spectrogram 1	1	4557.750000	4558.500000	0	0	noise	cluster_noise	0.0000
3772	Spectrogram 1	1	4558.250000	4558.750000	0	0	17	cluster_17	0.8637
3773	Spectrogram 1	1	4558.500000	4559.000000	0	0	noise	cluster_noise	0.0000
3774	Spectrogram 1	1	4558.750000	4560.000000	0	0	8	cluster_8	1.0000
3775	Spectrogram 1	1	4559.750000	4560.500000	0	0	3	cluster_3	0.9280
3776	Spectrogram 1	1	4566.000000	4566.500000	0	0	noise	cluster_noise	0.0000
3777	Spectrogram 1	1	4566.250000	4568.000000	0	0	1	cluster_1	0.9688
3778	Spectrogram 1	1	4567.750000	4569.500000	0	0	8	cluster_8	1.0000
3779	Spectrogram 1	1	4569.250000	4570.000000	0	0	noise	cluster_noise	0.0000
3780	Spectrogram 1	1	4569.750000	4570.750000	0	0	18	cluster_18	1.0000
3781	Spectrogram 1	1	4570.500000	4571.500000	0	0	noise	cluster_noise	0.0000
3782	Spectrogram 1	1	4571.250000	4572.250000	0	0	8	cluster_8	0.9673
3783	Spectrogram 1	1	4572.000000	4574.250000	0	0	3	cluster_3	0.9542
3784	Spectrogram 1	1	4574.000000	4574.500000	0	0	8	cluster_8	1.0000
3785	Spectrogram 1	1	4580.000000	4580.500000	0	0	noise	cluster_noise	0.0000
3786	Spectrogram 1	1	4580.250000	4581.250000	0	0	16	cluster_16	0.9085
3787	Spectrogram 1	1	4581.000000	4581.500000	0	0	noise	cluster_noise	0.0000
3788	Spectrogram 1	1	4581.250000	4582.000000	0	0	17	cluster_17	0.9178
3789	Spectrogram 1	1	4581.750000	4582.750000	0	0	8	cluster_8	0.9268
3790	Spectrogram 1	1	4582.500000	4584.250000	0	0	3	cluster_3	0.9714
3791	Spectrogram 1	1	4584.000000	4584.750000	0	0	noise	cluster_noise	0.0000
3792	Spectrogram 1	1	4584.500000	4585.000000	0	0	3	cluster_3	0.8511
3793	Spectrogram 1	1	4584.750000	4585.250000	0	0	noise	cluster_noise	0.0000
3794	Spectrogram 1	1	4585.000000	4586.250000	0	0	8	cluster_8	0.9912
3795	Spectrogram 1	1	4586.000000	4586.500000	0	0	13	cluster_13	0.8651
3796	Spectrogram 1	1	4586.250000	4586.750000	0	0	noise	cluster_noise	0.0000
3797	Spectrogram 1	1	4586.500000	4588.500000	0	0	1	cluster_1	0.9730
3798	Spectrogram 1	1	4588.250000	4590.250000	0	0	8	cluster_8	1.0000
3799	Spectrogram 1	1	4590.000000	4590.500000	0	0	13	cluster_13	0.7880
3800	Spectrogram 1	1	4590.250000	4590.750000	0	0	noise	cluster_noise	0.0000
3801	Spectrogram 1	1	4590.500000	4591.000000	0	0	16	cluster_16	1.0000
3802	Spectrogram 1	1	4590.750000	4591.500000	0	0	noise	cluster_noise	0.0000
3803	Spectrogram 1	1	4594.000000	4594.500000	0	0	3	cluster_3	1.0000
3804	Spectrogram 1	1	4594.250000	4595.250000	0	0	8	cluster_8	0.9704
3805	Spectrogram 1	1	4595.000000	4595.500000	0	0	noise	cluster_noise	0.0000
3806	Spectrogram 1	1	4595.250000	4597.000000	0	0	8	cluster_8	1.0000
3807	Spectrogram 1	1	4596.750000	4597.250000	0	0	13	cluster_13	0.7847
3808	Spectrogram 1	1	4597.000000	4597.500000	0	0	noise	cluster_noise	0.0000
3809	Spectrogram 1	1	4597.250000	4598.750000	0	0	1	cluster_1	0.8687
3810	Spectrogram 1	1	4598.500000	4601.000000	0	0	8	cluster_8	1.0000
3811	Spectrogram 1	1	4600.750000	4601.250000	0	0	noise	cluster_noise	0.0000
3812	Spectrogram 1	1	4601.000000	4602.250000	0	0	18	cluster_18	0.9053
3813	Spectrogram 1	1	4602.000000	4603.000000	0	0	19	cluster_19	0.8834
3814	Spectrogram 1	1	4602.750000	4603.250000	0	0	17	cluster_17	0.9117
3815	Spectrogram 1	1	4603.000000	4603.750000	0	0	3	cluster_3	1.0000
3816	Spectrogram 1	1	4603.500000	4604.000000	0	0	noise	cluster_noise	0.0000
3817	Spectrogram 1	1	4603.750000	4604.500000	0	0	3	cluster_3	1.0000
3818	Spectrogram 1	1	4606.000000	4608.750000	0	0	8	cluster_8	0.9953
3819	Spectrogram 1	1	4608.500000	4609.500000	0	0	noise	cluster_noise	0.0000
3820	Spectrogram 1	1	4609.250000	4612.000000	0	0	8	cluster_8	0.9654
3821	Spectrogram 1	1	4611.750000	4612.250000	0	0	13	cluster_13	0.8468
3822	Spectrogram 1	1	4612.000000	4613.250000	0	0	18	cluster_18	0.9847
3823	Spectrogram 1	1	4613.000000	4614.000000	0	0	19	cluster_19	0.8946
3824	Spectrogram 1	1	4613.750000	4614.250000	0	0	noise	cluster_noise	0.0000
3825	Spectrogram 1	1	4614.000000	4614.500000	0	0	8	cluster_8	1.0000
3826	Spectrogram 1	1	4614.250000	4614.750000	0	0	noise	cluster_noise	0.0000
3827	Spectrogram 1	1	4614.500000	4615.000000	0	0	3	cluster_3	0.9265
3828	Spectrogram 1	1	4614.750000	4615.250000	0	0	noise	cluster_noise	0.0000
3829	Spectrogram 1	1	4615.000000	4616.250000	0	0	3	cluster_3	1.0000
3830	Spectrogram 1	1	4616.000000	4620.000000	0	0	8	cluster_8	0.9928
3831	Spectrogram 1	1	4619.750000	4620.500000	0	0	noise	cluster_noise	0.0000
3832	Spectrogram 1	1	4620.250000	4620.750000	0	0	8	cluster_8	0.9591
3833	Spectrogram 1	1	4620.500000	4621.000000	0	0	noise	cluster_noise	0.0000
3834	Spectrogram 1	1	4620.750000	4623.000000	0	0	8	cluster_8	0.9799
3835	Spectrogram 1	1	4622.750000	4623.250000	0	0	13	cluster_13	0.7493
3836	Spectrogram 1	1	4623.000000	4623.500000	0	0	noise	cluster_noise	0.0000
3837	Spectrogram 1	1	4623.250000	4624.750000	0	0	18	cluster_18	0.9429
3838	Spectrogram 1	1	4624.500000	4625.500000	0	0	19	cluster_19	0.9282
3839	Spectrogram 1	1	4625.250000	4625.750000	0	0	noise	cluster_noise	0.0000
3840	Spectrogram 1	1	4625.500000	4627.250000	0	0	3	cluster_3	1.0000
3841	Spectrogram 1	1	4627.000000	4631.250000	0	0	8	cluster_8	0.9935
3842	Spectrogram 1	1	4631.000000	4631.750000	0	0	noise	cluster_noise	0.0000
3843	Spectrogram 1	1	4631.500000	4632.000000	0	0	8	cluster_8	0.8967
3844	Spectrogram 1	1	4631.750000	4632.250000	0	0	noise	cluster_noise	0.0000
3845	Spectrogram 1	1	4632.000000	4634.000000	0	0	8	cluster_8	0.9896
3846	Spectrogram 1	1	4633.750000	4634.250000	0	0	13	cluster_13	1.0000
3847	Spectrogram 1	1	4634.000000	4634.500000	0	0	noise	cluster_noise	0.0000
3848	Spectrogram 1	1	4634.250000	4635.250000	0	0	18	cluster_18	0.9973
3849	Spectrogram 1	1	4635.000000	4635.500000	0	0	noise	cluster_noise	0.0000
3850	Spectrogram 1	1	4635.250000	4635.750000	0	0	19	cluster_19	0.8449
3851	Spectrogram 1	1	4635.500000	4636.000000	0	0	17	cluster_17	1.0000
3852	Spectrogram 1	1	4635.750000	4636.250000	0	0	noise	cluster_noise	0.0000
3853	Spectrogram 1	1	4636.000000	4636.500000	0	0	8	cluster_8	1.0000
3854	Spectrogram 1	1	4636.250000	4638.000000	0	0	3	cluster_3	1.0000
3855	Spectrogram 1	1	4637.750000	4642.250000	0	0	8	cluster_8	0.9930
3856	Spectrogram 1	1	4642.000000	4642.500000	0	0	noise	cluster_noise	0.0000
3857	Spectrogram 1	1	4642.250000	4644.750000	0	0	8	cluster_8	0.9837
3858	Spectrogram 1	1	4644.500000	4645.000000	0	0	noise	cluster_noise	0.0000
3859	Spectrogram 1	1	4644.750000	4645.250000	0	0	13	cluster_13	0.6825
3860	Spectrogram 1	1	4645.000000	4646.250000	0	0	18	cluster_18	0.9162
3861	Spectrogram 1	1	4646.000000	4647.000000	0	0	19	cluster_19	0.9569
3862	Spectrogram 1	1	4646.750000	4647.250000	0	0	17	cluster_17	1.0000
3863	Spectrogram 1	1	4647.000000	4647.500000	0	0	8	cluster_8	0.9517
3864	Spectrogram 1	1	4647.250000	4648.500000	0	0	3	cluster_3	1.0000
3865	Spectrogram 1	1	4648.250000	4655.500000	0	0	8	cluster_8	1.0000
3866	Spectrogram 1	1	4655.250000	4655.750000	0	0	13	cluster_13	0.9332
3867	Spectrogram 1	1	4655.500000	4656.000000	0	0	noise	cluster_noise	0.0000
3868	Spectrogram 1	1	4655.750000	4657.250000	0	0	18	cluster_18	0.9213
3869	Spectrogram 1	1	4657.000000	4657.500000	0	0	noise	cluster_noise	0.0000
3870	Spectrogram 1	1	4657.250000	4658.000000	0	0	17	cluster_17	0.8863
3871	Spectrogram 1	1	4657.750000	4658.250000	0	0	8	cluster_8	1.0000
3872	Spectrogram 1	1	4658.000000	4659.500000	0	0	3	cluster_3	0.9860
3873	Spectrogram 1	1	4659.250000	4659.750000	0	0	8	cluster_8	0.9716
3874	Spectrogram 1	1	4659.500000	4660.000000	0	0	3	cluster_3	1.0000
3875	Spectrogram 1	1	4659.750000	4666.500000	0	0	8	cluster_8	0.9993
3876	Spectrogram 1	1	4666.250000	4666.750000	0	0	13	cluster_13	0.7666
3877	Spectrogram 1	1	4666.500000	4668.000000	0	0	18	cluster_18	0.9052
3878	Spectrogram 1	1	4667.750000	4668.500000	0	0	19	cluster_19	0.8580
3879	Spectrogram 1	1	4668.250000	4668.750000	0	0	noise	cluster_noise	0.0000
3880	Spectrogram 1	1	4668.500000	4669.250000	0	0	8	cluster_8	0.8978
3881	Spectrogram 1	1	4669.000000	4670.250000	0	0	3	cluster_3	0.8930
3882	Spectrogram 1	1	4670.000000	4675.500000	0	0	8	cluster_8	0.9915
3883	Spectrogram 1	1	4675.250000	4676.000000	0	0	noise	cluster_noise	0.0000
3884	Spectrogram 1	1	4675.750000	4677.500000	0	0	8	cluster_8	0.9999
3885	Spectrogram 1	1	4677.250000	4677.750000	0	0	noise	cluster_noise	0.0000
3886	Spectrogram 1	1	4677.500000	4678.750000	0	0	18	cluster_18	1.0000
3887	Spectrogram 1	1	4678.500000	4679.000000	0	0	noise	cluster_noise	0.0000
3888	Spectrogram 1	1	4678.750000	4679.250000	0	0	19	cluster_19	0.8707
3889	Spectrogram 1	1	4679.000000	4679.500000	0	0	17	cluster_17	0.9572
3890	Spectrogram 1	1	4679.250000	4679.750000	0	0	noise	cluster_noise	0.0000
3891	Spectrogram 1	1	4679.500000	4680.000000	0	0	8	cluster_8	0.8145
3892	Spectrogram 1	1	4679.750000	4680.750000	0	0	3	cluster_3	1.0000
3893	Spectrogram 1	1	4680.500000	4681.000000	0	0	noise	cluster_noise	0.0000
3894	Spectrogram 1	1	4680.750000	4681.250000	0	0	3	cluster_3	1.0000
3895	Spectrogram 1	1	4681.000000	4681.500000	0	0	noise	cluster_noise	0.0000
3896	Spectrogram 1	1	4681.250000	4685.750000	0	0	8	cluster_8	1.0000
3897	Spectrogram 1	1	4685.500000	4686.000000	0	0	noise	cluster_noise	0.0000
3898	Spectrogram 1	1	4685.750000	4688.250000	0	0	8	cluster_8	1.0000
3899	Spectrogram 1	1	4688.000000	4688.750000	0	0	noise	cluster_noise	0.0000
3900	Spectrogram 1	1	4688.500000	4689.500000	0	0	18	cluster_18	0.9453
3901	Spectrogram 1	1	4689.250000	4690.250000	0	0	noise	cluster_noise	0.0000
3902	Spectrogram 1	1	4690.000000	4690.500000	0	0	17	cluster_17	1.0000
3903	Spectrogram 1	1	4690.250000	4690.750000	0	0	noise	cluster_noise	0.0000
3904	Spectrogram 1	1	4690.500000	4691.000000	0	0	8	cluster_8	1.0000
3905	Spectrogram 1	1	4690.750000	4692.250000	0	0	3	cluster_3	0.9895
3906	Spectrogram 1	1	4692.000000	4696.750000	0	0	8	cluster_8	1.0000
3907	Spectrogram 1	1	4696.500000	4697.000000	0	0	noise	cluster_noise	0.0000
3908	Spectrogram 1	1	4696.750000	4697.500000	0	0	3	cluster_3	1.0000
3909	Spectrogram 1	1	4697.250000	4699.500000	0	0	8	cluster_8	1.0000
3910	Spectrogram 1	1	4699.250000	4699.750000	0	0	noise	cluster_noise	0.0000
3911	Spectrogram 1	1	4699.500000	4701.000000	0	0	18	cluster_18	0.8741
3912	Spectrogram 1	1	4700.750000	4701.250000	0	0	noise	cluster_noise	0.0000
3913	Spectrogram 1	1	4701.000000	4701.750000	0	0	17	cluster_17	0.9728
3914	Spectrogram 1	1	4701.500000	4702.000000	0	0	8	cluster_8	0.8078
3915	Spectrogram 1	1	4701.750000	4703.250000	0	0	3	cluster_3	1.0000
3916	Spectrogram 1	1	4703.000000	4708.000000	0	0	8	cluster_8	1.0000
3917	Spectrogram 1	1	4707.750000	4708.250000	0	0	10	cluster_10	0.7401
3918	Spectrogram 1	1	4708.000000	4710.500000	0	0	8	cluster_8	1.0000
3919	Spectrogram 1	1	4710.250000	4710.750000	0	0	noise	cluster_noise	0.0000
3920	Spectrogram 1	1	4710.500000	4711.750000	0	0	18	cluster_18	0.9760
3921	Spectrogram 1	1	4711.500000	4712.000000	0	0	19	cluster_19	0.8707
3922	Spectrogram 1	1	4711.750000	4712.250000	0	0	noise	cluster_noise	0.0000
3923	Spectrogram 1	1	4712.000000	4712.500000	0	0	19	cluster_19	1.0000
3924	Spectrogram 1	1	4712.250000	4712.750000	0	0	17	cluster_17	1.0000
3925	Spectrogram 1	1	4712.500000	4713.250000	0	0	8	cluster_8	0.9269
3926	Spectrogram 1	1	4713.000000	4713.500000	0	0	noise	cluster_noise	0.0000
3927	Spectrogram 1	1	4713.250000	4721.250000	0	0	8	cluster_8	1.0000
3928	Spectrogram 1	1	4721.000000	4721.500000	0	0	noise	cluster_noise	0.0000
3929	Spectrogram 1	1	4721.250000	4721.750000	0	0	22	cluster_22	1.0000
3930	Spectrogram 1	1	4721.500000	4723.750000	0	0	noise	cluster_noise	0.0000
3931	Spectrogram 1	1	4723.500000	4725.000000	0	0	8	cluster_8	1.0000
3932	Spectrogram 1	1	4724.750000	4725.250000	0	0	13	cluster_13	0.7502
3933	Spectrogram 1	1	4725.000000	4726.250000	0	0	18	cluster_18	0.8484
3934	Spectrogram 1	1	4726.000000	4726.750000	0	0	19	cluster_19	0.9440
3935	Spectrogram 1	1	4726.500000	4727.000000	0	0	noise	cluster_noise	0.0000
3936	Spectrogram 1	1	4726.750000	4737.000000	0	0	8	cluster_8	0.9949
3937	Spectrogram 1	1	4736.750000	4737.250000	0	0	noise	cluster_noise	0.0000
3938	Spectrogram 1	1	4737.000000	4737.750000	0	0	21	cluster_21	0.8704
3939	Spectrogram 1	1	4737.500000	4739.500000	0	0	noise	cluster_noise	0.0000
3940	Spectrogram 1	1	4739.250000	4741.000000	0	0	8	cluster_8	0.9982
3941	Spectrogram 1	1	4740.750000	4741.250000	0	0	13	cluster_13	1.0000
3942	Spectrogram 1	1	4741.000000	4741.500000	0	0	noise	cluster_noise	0.0000
3943	Spectrogram 1	1	4741.250000	4742.250000	0	0	18	cluster_18	0.8702
3944	Spectrogram 1	1	4742.000000	4742.500000	0	0	19	cluster_19	1.0000
3945	Spectrogram 1	1	4742.250000	4742.750000	0	0	noise	cluster_noise	0.0000
3946	Spectrogram 1	1	4742.500000	4743.000000	0	0	17	cluster_17	1.0000
3947	Spectrogram 1	1	4742.750000	4749.500000	0	0	8	cluster_8	0.9982
3948	Spectrogram 1	1	4749.250000	4749.750000	0	0	noise	cluster_noise	0.0000
3949	Spectrogram 1	1	4749.500000	4753.000000	0	0	8	cluster_8	1.0000
3950	Spectrogram 1	1	4752.750000	4753.250000	0	0	noise	cluster_noise	0.0000
3951	Spectrogram 1	1	4753.000000	4753.500000	0	0	21	cluster_21	0.7051
3952	Spectrogram 1	1	4753.250000	4754.000000	0	0	noise	cluster_noise	0.0000
3953	Spectrogram 1	1	4753.750000	4754.500000	0	0	22	cluster_22	1.0000
3954	Spectrogram 1	1	4754.250000	4756.000000	0	0	noise	cluster_noise	0.0000
3955	Spectrogram 1	1	4755.750000	4757.250000	0	0	8	cluster_8	0.9763
3956	Spectrogram 1	1	4757.000000	4757.500000	0	0	13	cluster_13	0.6951
3957	Spectrogram 1	1	4757.250000	4758.500000	0	0	18	cluster_18	0.9108
3958	Spectrogram 1	1	4758.250000	4759.250000	0	0	17	cluster_17	0.9187
3959	Spectrogram 1	1	4759.000000	4765.500000	0	0	8	cluster_8	0.9922
3960	Spectrogram 1	1	4765.250000	4765.750000	0	0	noise	cluster_noise	0.0000
3961	Spectrogram 1	1	4765.500000	4767.750000	0	0	8	cluster_8	1.0000
3962	Spectrogram 1	1	4767.500000	4768.000000	0	0	noise	cluster_noise	0.0000
3963	Spectrogram 1	1	4767.750000	4769.250000	0	0	21	cluster_21	0.7322
3964	Spectrogram 1	1	4769.000000	4769.500000	0	0	22	cluster_22	0.9963
3965	Spectrogram 1	1	4769.250000	4771.000000	0	0	noise	cluster_noise	0.0000
3966	Spectrogram 1	1	4770.750000	4773.250000	0	0	8	cluster_8	0.9955
3967	Spectrogram 1	1	4773.000000	4773.750000	0	0	0	cluster_0	0.3977
3968	Spectrogram 1	1	4773.500000	4776.000000	0	0	8	cluster_8	1.0000
3969	Spectrogram 1	1	4775.750000	4776.500000	0	0	noise	cluster_noise	0.0000
3970	Spectrogram 1	1	4776.250000	4781.500000	0	0	8	cluster_8	0.9941
3971	Spectrogram 1	1	4781.250000	4781.750000	0	0	noise	cluster_noise	0.0000
3972	Spectrogram 1	1	4781.500000	4783.250000	0	0	21	cluster_21	0.7494
3973	Spectrogram 1	1	4783.000000	4784.500000	0	0	noise	cluster_noise	0.0000
3974	Spectrogram 1	1	4784.250000	4795.000000	0	0	8	cluster_8	0.9918
3975	Spectrogram 1	1	4794.750000	4797.000000	0	0	noise	cluster_noise	0.0000
3976	Spectrogram 1	1	4796.750000	4797.750000	0	0	21	cluster_21	0.8323
3977	Spectrogram 1	1	4797.500000	4798.250000	0	0	noise	cluster_noise	0.0000
3978	Spectrogram 1	1	4798.000000	4798.500000	0	0	8	cluster_8	1.0000
3979	Spectrogram 1	1	4798.250000	4798.750000	0	0	noise	cluster_noise	0.0000
3980	Spectrogram 1	1	4798.500000	4801.500000	0	0	8	cluster_8	0.9672
3981	Spectrogram 1	1	4801.250000	4802.250000	0	0	noise	cluster_noise	0.0000
3982	Spectrogram 1	1	4802.000000	4808.750000	0	0	8	cluster_8	0.9906
3983	Spectrogram 1	1	4808.500000	4810.250000	0	0	noise	cluster_noise	0.0000
3984	Spectrogram 1	1	4810.000000	4811.500000	0	0	21	cluster_21	0.7704
3985	Spectrogram 1	1	4811.250000	4812.000000	0	0	noise	cluster_noise	0.0000
3986	Spectrogram 1	1	4811.750000	4814.750000	0	0	8	cluster_8	0.9691
3987	Spectrogram 1	1	4814.500000	4815.500000	0	0	0	cluster_0	0.4035
3988	Spectrogram 1	1	4815.250000	4823.250000	0	0	8	cluster_8	0.9843
3989	Spectrogram 1	1	4823.000000	4823.500000	0	0	noise	cluster_noise	0.0000
3990	Spectrogram 1	1	4823.250000	4823.750000	0	0	22	cluster_22	0.9787
3991	Spectrogram 1	1	4823.500000	4824.250000	0	0	21	cluster_21	0.9111
3992	Spectrogram 1	1	4824.000000	4824.750000	0	0	noise	cluster_noise	0.0000
3993	Spectrogram 1	1	4824.500000	4825.500000	0	0	21	cluster_21	0.9136
3994	Spectrogram 1	1	4825.250000	4826.500000	0	0	noise	cluster_noise	0.0000
3995	Spectrogram 1	1	4826.250000	4829.250000	0	0	8	cluster_8	0.9806
3996	Spectrogram 1	1	4829.000000	4829.500000	0	0	noise	cluster_noise	0.0000
3997	Spectrogram 1	1	4829.250000	4829.750000	0	0	0	cluster_0	0.3937
3998	Spectrogram 1	1	4829.500000	4830.000000	0	0	noise	cluster_noise	0.0000
3999	Spectrogram 1	1	4829.750000	4831.250000	0	0	8	cluster_8	0.9654
4000	Spectrogram 1	1	4831.000000	4831.750000	0	0	noise	cluster_noise	0.0000
4001	Spectrogram 1	1	4831.500000	4833.000000	0	0	8	cluster_8	0.9809
4002	Spectrogram 1	1	4832.750000	4833.250000	0	0	noise	cluster_noise	0.0000
4003	Spectrogram 1	1	4833.000000	4833.750000	0	0	8	cluster_8	0.9859
4004	Spectrogram 1	1	4833.500000	4834.000000	0	0	noise	cluster_noise	0.0000
4005	Spectrogram 1	1	4833.750000	4836.750000	0	0	8	cluster_8	0.9963
4006	Spectrogram 1	1	4836.500000	4837.250000	0	0	noise	cluster_noise	0.0000
4007	Spectrogram 1	1	4837.000000	4839.250000	0	0	21	cluster_21	0.9269
4008	Spectrogram 1	1	4839.000000	4840.000000	0	0	noise	cluster_noise	0.0000
4009	Spectrogram 1	1	4839.750000	4842.750000	0	0	8	cluster_8	0.9762
4010	Spectrogram 1	1	4842.500000	4843.000000	0	0	noise	cluster_noise	0.0000
4011	Spectrogram 1	1	4842.750000	4843.500000	0	0	0	cluster_0	0.4430
4012	Spectrogram 1	1	4843.250000	4843.750000	0	0	noise	cluster_noise	0.0000
4013	Spectrogram 1	1	4843.500000	4846.500000	0	0	8	cluster_8	1.0000
4014	Spectrogram 1	1	4846.250000	4847.250000	0	0	0	cluster_0	0.4316
4015	Spectrogram 1	1	4847.000000	4849.500000	0	0	8	cluster_8	0.9933
4016	Spectrogram 1	1	4849.250000	4849.750000	0	0	noise	cluster_noise	0.0000
4017	Spectrogram 1	1	4849.500000	4850.000000	0	0	8	cluster_8	0.8191
4018	Spectrogram 1	1	4849.750000	4850.250000	0	0	noise	cluster_noise	0.0000
4019	Spectrogram 1	1	4850.000000	4852.250000	0	0	8	cluster_8	1.0000
4020	Spectrogram 1	1	4852.000000	4852.500000	0	0	noise	cluster_noise	0.0000
4021	Spectrogram 1	1	4852.250000	4854.000000	0	0	8	cluster_8	1.0000
4022	Spectrogram 1	1	4853.750000	4854.250000	0	0	noise	cluster_noise	0.0000
4023	Spectrogram 1	1	4854.000000	4857.500000	0	0	8	cluster_8	0.9941
4024	Spectrogram 1	1	4857.250000	4857.750000	0	0	noise	cluster_noise	0.0000
4025	Spectrogram 1	1	4857.500000	4858.250000	0	0	0	cluster_0	0.5330
4026	Spectrogram 1	1	4858.000000	4861.250000	0	0	8	cluster_8	0.9965
4027	Spectrogram 1	1	4861.000000	4861.500000	0	0	noise	cluster_noise	0.0000
4028	Spectrogram 1	1	4861.250000	4862.000000	0	0	0	cluster_0	0.6303
4029	Spectrogram 1	1	4861.750000	4870.750000	0	0	8	cluster_8	0.9863
4030	Spectrogram 1	1	4870.500000	4871.000000	0	0	noise	cluster_noise	0.0000
4031	Spectrogram 1	1	4870.750000	4875.000000	0	0	8	cluster_8	0.9882
4032	Spectrogram 1	1	4874.750000	4875.250000	0	0	noise	cluster_noise	0.0000
4033	Spectrogram 1	1	4875.000000	4875.750000	0	0	0	cluster_0	0.7430
4034	Spectrogram 1	1	4875.500000	4878.750000	0	0	8	cluster_8	0.9832
4035	Spectrogram 1	1	4878.500000	4879.000000	0	0	noise	cluster_noise	0.0000
4036	Spectrogram 1	1	4878.750000	4879.750000	0	0	0	cluster_0	0.7910
4037	Spectrogram 1	1	4879.500000	4883.750000	0	0	8	cluster_8	0.9552
4038	Spectrogram 1	1	4883.500000	4884.000000	0	0	noise	cluster_noise	0.0000
4039	Spectrogram 1	1	4883.750000	4884.500000	0	0	8	cluster_8	1.0000
4040	Spectrogram 1	1	4884.250000	4884.750000	0	0	noise	cluster_noise	0.0000
4041	Spectrogram 1	1	4884.500000	4886.500000	0	0	8	cluster_8	1.0000
4042	Spectrogram 1	1	4886.250000	4886.750000	0	0	noise	cluster_noise	0.0000
4043	Spectrogram 1	1	4886.500000	4893.500000	0	0	8	cluster_8	0.9814
4044	Spectrogram 1	1	4893.250000	4893.750000	0	0	noise	cluster_noise	0.0000
4045	Spectrogram 1	1	4893.500000	4894.250000	0	0	0	cluster_0	0.9009
4046	Spectrogram 1	1	4894.000000	4897.000000	0	0	8	cluster_8	0.9752
4047	Spectrogram 1	1	4896.750000	4897.250000	0	0	noise	cluster_noise	0.0000
4048	Spectrogram 1	1	4897.000000	4898.000000	0	0	0	cluster_0	0.9498
4049	Spectrogram 1	1	4897.750000	4898.250000	0	0	noise	cluster_noise	0.0000
4050	Spectrogram 1	1	4898.000000	4902.500000	0	0	8	cluster_8	0.9832
4051	Spectrogram 1	1	4902.250000	4902.750000	0	0	noise	cluster_noise	0.0000
4052	Spectrogram 1	1	4902.500000	4904.000000	0	0	8	cluster_8	1.0000
4053	Spectrogram 1	1	4903.750000	4904.250000	0	0	3	cluster_3	1.0000
4054	Spectrogram 1	1	4904.000000	4904.750000	0	0	8	cluster_8	1.0000
4055	Spectrogram 1	1	4904.500000	4905.000000	0	0	3	cluster_3	1.0000
4056	Spectrogram 1	1	4904.750000	4906.000000	0	0	8	cluster_8	1.0000
4057	Spectrogram 1	1	4905.750000	4906.250000	0	0	3	cluster_3	1.0000
4058	Spectrogram 1	1	4906.000000	4906.750000	0	0	8	cluster_8	1.0000
4059	Spectrogram 1	1	4906.500000	4907.000000	0	0	3	cluster_3	1.0000
4060	Spectrogram 1	1	4906.750000	4909.250000	0	0	8	cluster_8	1.0000
4061	Spectrogram 1	1	4909.000000	4909.500000	0	0	3	cluster_3	1.0000
4062	Spectrogram 1	1	4909.250000	4910.000000	0	0	8	cluster_8	1.0000
4063	Spectrogram 1	1	4909.750000	4910.250000	0	0	3	cluster_3	1.0000
4064	Spectrogram 1	1	4910.000000	4911.750000	0	0	8	cluster_8	1.0000
4065	Spectrogram 1	1	4911.500000	4912.250000	0	0	3	cluster_3	0.8671
4066	Spectrogram 1	1	4912.000000	4914.500000	0	0	8	cluster_8	1.0000
4067	Spectrogram 1	1	4914.250000	4915.000000	0	0	3	cluster_3	1.0000
4068	Spectrogram 1	1	4914.750000	4915.500000	0	0	8	cluster_8	0.7968
4069	Spectrogram 1	1	4915.250000	4915.750000	0	0	noise	cluster_noise	0.0000
4070	Spectrogram 1	1	4915.500000	4917.250000	0	0	8	cluster_8	0.9974
4071	Spectrogram 1	1	4917.000000	4917.500000	0	0	3	cluster_3	1.0000
4072	Spectrogram 1	1	4917.250000	4918.000000	0	0	8	cluster_8	0.8369
4073	Spectrogram 1	1	4917.750000	4918.250000	0	0	noise	cluster_noise	0.0000
4074	Spectrogram 1	1	4918.000000	4918.500000	0	0	8	cluster_8	1.0000
4075	Spectrogram 1	1	4918.250000	4918.750000	0	0	noise	cluster_noise	0.0000
4076	Spectrogram 1	1	4918.500000	4920.000000	0	0	10	cluster_10	0.9734
4077	Spectrogram 1	1	4919.750000	4921.000000	0	0	8	cluster_8	1.0000
4078	Spectrogram 1	1	4920.750000	4922.000000	0	0	10	cluster_10	0.9137
4079	Spectrogram 1	1	4921.750000	4922.250000	0	0	noise	cluster_noise	0.0000
4080	Spectrogram 1	1	4922.000000	4925.500000	0	0	10	cluster_10	0.8177
4081	Spectrogram 1	1	4927.000000	4927.750000	0	0	11	cluster_11	0.5386
4082	Spectrogram 1	1	4927.500000	4930.000000	0	0	10	cluster_10	0.9062
4083	Spectrogram 1	1	4929.750000	4931.000000	0	0	8	cluster_8	1.0000
4084	Spectrogram 1	1	4930.750000	4932.000000	0	0	3	cluster_3	1.0000
4085	Spectrogram 1	1	4931.750000	4933.750000	0	0	8	cluster_8	1.0000
4086	Spectrogram 1	1	4933.500000	4935.250000	0	0	3	cluster_3	0.9045
4087	Spectrogram 1	1	4935.000000	4936.500000	0	0	8	cluster_8	0.9114
4088	Spectrogram 1	1	4936.250000	4937.250000	0	0	3	cluster_3	0.9997
4089	Spectrogram 1	1	4937.000000	4939.000000	0	0	8	cluster_8	1.0000
4090	Spectrogram 1	1	4938.750000	4939.750000	0	0	3	cluster_3	0.9589
4091	Spectrogram 1	1	4939.500000	4941.000000	0	0	8	cluster_8	0.9969
4092	Spectrogram 1	1	4940.750000	4941.750000	0	0	11	cluster_11	0.8631
4093	Spectrogram 1	1	4941.500000	4942.000000	0	0	noise	cluster_noise	0.0000
4094	Spectrogram 1	1	4941.750000	4942.750000	0	0	8	cluster_8	1.0000
4095	Spectrogram 1	1	4942.500000	4943.000000	0	0	noise	cluster_noise	0.0000
4096	Spectrogram 1	1	4942.750000	4943.500000	0	0	11	cluster_11	0.9007
4097	Spectrogram 1	1	4945.000000	4945.500000	0	0	8	cluster_8	1.0000
4098	Spectrogram 1	1	4945.250000	4945.750000	0	0	noise	cluster_noise	0.0000
4099	Spectrogram 1	1	4945.500000	4948.000000	0	0	11	cluster_11	0.9878
4100	Spectrogram 1	1	4947.750000	4948.250000	0	0	noise	cluster_noise	0.0000
4101	Spectrogram 1	1	4948.000000	4948.750000	0	0	8	cluster_8	1.0000
4102	Spectrogram 1	1	4948.500000	4949.000000	0	0	noise	cluster_noise	0.0000
4103	Spectrogram 1	1	4948.750000	4951.250000	0	0	11	cluster_11	0.9118
4104	Spectrogram 1	1	4951.000000	4951.500000	0	0	noise	cluster_noise	0.0000
4105	Spectrogram 1	1	4951.250000	4952.500000	0	0	8	cluster_8	0.9998
4106	Spectrogram 1	1	4952.250000	4954.000000	0	0	3	cluster_3	0.9630
4107	Spectrogram 1	1	4953.750000	4955.250000	0	0	8	cluster_8	1.0000
4108	Spectrogram 1	1	4955.000000	4957.000000	0	0	3	cluster_3	0.9959
4109	Spectrogram 1	1	4956.750000	4958.000000	0	0	8	cluster_8	1.0000
4110	Spectrogram 1	1	4957.750000	4958.750000	0	0	3	cluster_3	0.9936
4111	Spectrogram 1	1	4958.500000	4959.000000	0	0	8	cluster_8	0.8308
4112	Spectrogram 1	1	4958.750000	4959.500000	0	0	3	cluster_3	1.0000
4113	Spectrogram 1	1	4959.250000	4960.500000	0	0	8	cluster_8	0.9879
4114	Spectrogram 1	1	4960.250000	4961.250000	0	0	3	cluster_3	1.0000
4115	Spectrogram 1	1	4961.000000	4961.500000	0	0	8	cluster_8	1.0000
4116	Spectrogram 1	1	4961.250000	4962.000000	0	0	3	cluster_3	0.9288
4117	Spectrogram 1	1	4961.750000	4962.250000	0	0	noise	cluster_noise	0.0000
4118	Spectrogram 1	1	4962.000000	4963.500000	0	0	11	cluster_11	0.9937
4119	Spectrogram 1	1	4963.250000	4964.250000	0	0	8	cluster_8	1.0000
4120	Spectrogram 1	1	4964.000000	4964.500000	0	0	noise	cluster_noise	0.0000
4121	Spectrogram 1	1	4964.250000	4966.750000	0	0	11	cluster_11	0.9522
4122	Spectrogram 1	1	4966.500000	4967.500000	0	0	8	cluster_8	1.0000
4123	Spectrogram 1	1	4968.000000	4973.250000	0	0	11	cluster_11	0.9622
4124	Spectrogram 1	1	4973.000000	4973.500000	0	0	noise	cluster_noise	0.0000
4125	Spectrogram 1	1	4973.250000	4974.750000	0	0	8	cluster_8	1.0000
4126	Spectrogram 1	1	4974.500000	4976.250000	0	0	3	cluster_3	1.0000
4127	Spectrogram 1	1	4976.000000	4979.750000	0	0	8	cluster_8	0.9834
4128	Spectrogram 1	1	4979.500000	4980.000000	0	0	noise	cluster_noise	0.0000
4129	Spectrogram 1	1	4979.750000	4980.500000	0	0	8	cluster_8	1.0000
4130	Spectrogram 1	1	4983.000000	4983.750000	0	0	3	cluster_3	1.0000
4131	Spectrogram 1	1	4983.500000	4984.000000	0	0	8	cluster_8	1.0000
4132	Spectrogram 1	1	4983.750000	4984.250000	0	0	3	cluster_3	0.7462
4133	Spectrogram 1	1	4984.000000	4984.500000	0	0	noise	cluster_noise	0.0000
4134	Spectrogram 1	1	4988.000000	4989.250000	0	0	11	cluster_11	0.9983
4135	Spectrogram 1	1	4989.000000	4989.500000	0	0	noise	cluster_noise	0.0000
4136	Spectrogram 1	1	4989.250000	4990.000000	0	0	8	cluster_8	1.0000
4137	Spectrogram 1	1	4989.750000	4990.250000	0	0	noise	cluster_noise	0.0000
4138	Spectrogram 1	1	4990.000000	4990.500000	0	0	11	cluster_11	1.0000
4139	Spectrogram 1	1	5000.000000	5001.000000	0	0	3	cluster_3	0.9785
4140	Spectrogram 1	1	5000.750000	5002.000000	0	0	8	cluster_8	1.0000
4141	Spectrogram 1	1	5001.750000	5003.750000	0	0	3	cluster_3	0.9732
4142	Spectrogram 1	1	5003.500000	5004.000000	0	0	noise	cluster_noise	0.0000
4143	Spectrogram 1	1	5003.750000	5026.500000	0	0	8	cluster_8	1.0000
4144	Spectrogram 1	1	5028.000000	5028.750000	0	0	noise	cluster_noise	0.0000
4145	Spectrogram 1	1	5028.500000	5029.500000	0	0	8	cluster_8	1.0000
4146	Spectrogram 1	1	5030.000000	5046.250000	0	0	3	cluster_3	0.9807
4147	Spectrogram 1	1	5046.000000	5053.250000	0	0	8	cluster_8	0.9973
4148	Spectrogram 1	1	5053.000000	5053.500000	0	0	3	cluster_3	0.8375
4149	Spectrogram 1	1	5066.000000	5067.750000	0	0	8	cluster_8	1.0000
4150	Spectrogram 1	1	5067.500000	5070.000000	0	0	3	cluster_3	0.9600
4151	Spectrogram 1	1	5069.750000	5071.000000	0	0	8	cluster_8	0.9904
4152	Spectrogram 1	1	5070.750000	5071.250000	0	0	noise	cluster_noise	0.0000
4153	Spectrogram 1	1	5071.000000	5072.500000	0	0	1	cluster_1	1.0000
4154	Spectrogram 1	1	5082.000000	5083.750000	0	0	3	cluster_3	1.0000
4155	Spectrogram 1	1	5083.500000	5085.250000	0	0	8	cluster_8	0.9426
4156	Spectrogram 1	1	5085.000000	5087.500000	0	0	1	cluster_1	0.9595
4157	Spectrogram 1	1	5096.000000	5097.500000	0	0	3	cluster_3	1.0000
4158	Spectrogram 1	1	5097.250000	5099.250000	0	0	8	cluster_8	0.9979
4159	Spectrogram 1	1	5099.000000	5099.500000	0	0	noise	cluster_noise	0.0000
4160	Spectrogram 1	1	5099.250000	5100.250000	0	0	1	cluster_1	0.9785
4161	Spectrogram 1	1	5100.000000	5100.500000	0	0	noise	cluster_noise	0.0000
4162	Spectrogram 1	1	5108.000000	5109.000000	0	0	8	cluster_8	0.9957
4163	Spectrogram 1	1	5108.750000	5111.000000	0	0	3	cluster_3	0.9573
4164	Spectrogram 1	1	5110.750000	5113.500000	0	0	8	cluster_8	1.0000
4165	Spectrogram 1	1	5119.000000	5119.500000	0	0	noise	cluster_noise	0.0000
4166	Spectrogram 1	1	5119.250000	5120.000000	0	0	8	cluster_8	0.8491
4167	Spectrogram 1	1	5119.750000	5122.500000	0	0	3	cluster_3	0.9654
4168	Spectrogram 1	1	5122.250000	5124.000000	0	0	8	cluster_8	1.0000
4169	Spectrogram 1	1	5123.750000	5124.250000	0	0	13	cluster_13	0.7914
4170	Spectrogram 1	1	5124.000000	5124.500000	0	0	noise	cluster_noise	0.0000
4171	Spectrogram 1	1	5124.250000	5125.500000	0	0	1	cluster_1	0.9229
4172	Spectrogram 1	1	5125.250000	5126.750000	0	0	8	cluster_8	1.0000
4173	Spectrogram 1	1	5126.500000	5127.500000	0	0	noise	cluster_noise	0.0000
4174	Spectrogram 1	1	5127.250000	5127.750000	0	0	3	cluster_3	1.0000
4175	Spectrogram 1	1	5127.500000	5128.500000	0	0	8	cluster_8	1.0000
4176	Spectrogram 1	1	5133.000000	5133.500000	0	0	noise	cluster_noise	0.0000
4177	Spectrogram 1	1	5133.250000	5135.250000	0	0	3	cluster_3	0.9802
4178	Spectrogram 1	1	5135.000000	5136.500000	0	0	8	cluster_8	1.0000
4179	Spectrogram 1	1	5136.250000	5136.750000	0	0	noise	cluster_noise	0.0000
4180	Spectrogram 1	1	5136.500000	5137.500000	0	0	1	cluster_1	1.0000
4181	Spectrogram 1	1	5137.250000	5141.500000	0	0	8	cluster_8	0.9942
4182	Spectrogram 1	1	5141.250000	5142.000000	0	0	noise	cluster_noise	0.0000
4183	Spectrogram 1	1	5141.750000	5142.500000	0	0	17	cluster_17	0.9522
4184	Spectrogram 1	1	5142.250000	5143.500000	0	0	noise	cluster_noise	0.0000
4185	Spectrogram 1	1	5143.250000	5144.000000	0	0	8	cluster_8	0.9536
4186	Spectrogram 1	1	5143.750000	5145.500000	0	0	3	cluster_3	0.9569
4187	Spectrogram 1	1	5147.000000	5148.250000	0	0	8	cluster_8	1.0000
4188	Spectrogram 1	1	5148.000000	5148.500000	0	0	17	cluster_17	0.8920
4189	Spectrogram 1	1	5148.250000	5148.750000	0	0	13	cluster_13	0.6586
4190	Spectrogram 1	1	5148.500000	5150.250000	0	0	1	cluster_1	0.9471
4191	Spectrogram 1	1	5150.000000	5152.500000	0	0	8	cluster_8	1.0000
4192	Spectrogram 1	1	5152.250000	5153.000000	0	0	noise	cluster_noise	0.0000
4193	Spectrogram 1	1	5152.750000	5153.500000	0	0	16	cluster_16	1.0000
4194	Spectrogram 1	1	5153.250000	5154.250000	0	0	noise	cluster_noise	0.0000
4195	Spectrogram 1	1	5154.000000	5154.500000	0	0	17	cluster_17	0.8714
4196	Spectrogram 1	1	5154.250000	5154.750000	0	0	noise	cluster_noise	0.0000
4197	Spectrogram 1	1	5154.500000	5155.750000	0	0	3	cluster_3	0.8918
4198	Spectrogram 1	1	5155.500000	5156.000000	0	0	noise	cluster_noise	0.0000
4199	Spectrogram 1	1	5155.750000	5157.500000	0	0	3	cluster_3	1.0000
4200	Spectrogram 1	1	5157.250000	5163.250000	0	0	8	cluster_8	0.9949
4201	Spectrogram 1	1	5163.000000	5163.500000	0	0	noise	cluster_noise	0.0000
4202	Spectrogram 1	1	5163.250000	5164.250000	0	0	16	cluster_16	0.9430
4203	Spectrogram 1	1	5164.000000	5165.000000	0	0	noise	cluster_noise	0.0000
4204	Spectrogram 1	1	5164.750000	5165.250000	0	0	17	cluster_17	0.8653
4205	Spectrogram 1	1	5165.000000	5166.000000	0	0	8	cluster_8	1.0000
4206	Spectrogram 1	1	5165.750000	5167.750000	0	0	3	cluster_3	0.9784
4207	Spectrogram 1	1	5167.500000	5169.500000	0	0	8	cluster_8	0.9761
4208	Spectrogram 1	1	5169.250000	5169.750000	0	0	13	cluster_13	0.6834
4209	Spectrogram 1	1	5169.500000	5171.500000	0	0	1	cluster_1	0.8541
4210	Spectrogram 1	1	5171.250000	5172.000000	0	0	8	cluster_8	0.8457
4211	Spectrogram 1	1	5171.750000	5172.250000	0	0	noise	cluster_noise	0.0000
4212	Spectrogram 1	1	5172.000000	5173.750000	0	0	1	cluster_1	1.0000
4213	Spectrogram 1	1	5173.500000	5175.250000	0	0	8	cluster_8	0.9735
4214	Spectrogram 1	1	5175.000000	5176.500000	0	0	noise	cluster_noise	0.0000
4215	Spectrogram 1	1	5176.250000	5176.750000	0	0	3	cluster_3	1.0000
4216	Spectrogram 1	1	5176.500000	5177.000000	0	0	noise	cluster_noise	0.0000
4217	Spectrogram 1	1	5176.750000	5177.750000	0	0	8	cluster_8	1.0000
4218	Spectrogram 1	1	5177.500000	5179.250000	0	0	3	cluster_3	0.9741
4219	Spectrogram 1	1	5179.000000	5181.250000	0	0	8	cluster_8	0.9974
4220	Spectrogram 1	1	5181.000000	5181.500000	0	0	3	cluster_3	1.0000
4221	Spectrogram 1	1	5181.250000	5181.750000	0	0	noise	cluster_noise	0.0000
4222	Spectrogram 1	1	5181.500000	5182.500000	0	0	1	cluster_1	0.9359
4223	Spectrogram 1	1	5182.250000	5182.750000	0	0	8	cluster_8	0.7977
4224	Spectrogram 1	1	5182.500000	5183.250000	0	0	1	cluster_1	0.9626
4225	Spectrogram 1	1	5183.000000	5183.500000	0	0	noise	cluster_noise	0.0000
4226	Spectrogram 1	1	5183.250000	5184.500000	0	0	8	cluster_8	1.0000
4227	Spectrogram 1	1	5185.000000	5185.500000	0	0	17	cluster_17	0.8586
4228	Spectrogram 1	1	5185.250000	5186.500000	0	0	16	cluster_16	0.8739
4229	Spectrogram 1	1	5186.250000	5187.250000	0	0	noise	cluster_noise	0.0000
4230	Spectrogram 1	1	5187.000000	5187.500000	0	0	17	cluster_17	0.9225
4231	Spectrogram 1	1	5187.250000	5187.750000	0	0	noise	cluster_noise	0.0000
4232	Spectrogram 1	1	5187.500000	5188.000000	0	0	8	cluster_8	0.8377
4233	Spectrogram 1	1	5187.750000	5189.750000	0	0	3	cluster_3	0.9841
4234	Spectrogram 1	1	5189.500000	5191.500000	0	0	8	cluster_8	0.9823
4235	Spectrogram 1	1	5191.250000	5191.750000	0	0	13	cluster_13	0.7114
4236	Spectrogram 1	1	5191.500000	5192.000000	0	0	noise	cluster_noise	0.0000
4237	Spectrogram 1	1	5191.750000	5192.750000	0	0	1	cluster_1	0.9487
4238	Spectrogram 1	1	5192.500000	5193.000000	0	0	noise	cluster_noise	0.0000
4239	Spectrogram 1	1	5192.750000	5193.500000	0	0	1	cluster_1	1.0000
4240	Spectrogram 1	1	5193.250000	5195.500000	0	0	8	cluster_8	1.0000
4241	Spectrogram 1	1	5195.250000	5195.750000	0	0	noise	cluster_noise	0.0000
4242	Spectrogram 1	1	5195.500000	5196.500000	0	0	16	cluster_16	0.9473
4243	Spectrogram 1	1	5197.000000	5197.500000	0	0	noise	cluster_noise	0.0000
4244	Spectrogram 1	1	5197.250000	5197.750000	0	0	17	cluster_17	0.8727
4245	Spectrogram 1	1	5197.500000	5198.000000	0	0	noise	cluster_noise	0.0000
4246	Spectrogram 1	1	5197.750000	5198.500000	0	0	8	cluster_8	1.0000
4247	Spectrogram 1	1	5198.250000	5198.750000	0	0	noise	cluster_noise	0.0000
4248	Spectrogram 1	1	5198.500000	5200.500000	0	0	3	cluster_3	0.9625
4249	Spectrogram 1	1	5200.250000	5202.750000	0	0	8	cluster_8	0.9863
4250	Spectrogram 1	1	5202.500000	5204.000000	0	0	noise	cluster_noise	0.0000
4251	Spectrogram 1	1	5203.750000	5206.500000	0	0	8	cluster_8	0.9829
4252	Spectrogram 1	1	5206.250000	5206.750000	0	0	13	cluster_13	0.9054
4253	Spectrogram 1	1	5206.500000	5207.500000	0	0	18	cluster_18	0.9060
4254	Spectrogram 1	1	5208.000000	5208.500000	0	0	noise	cluster_noise	0.0000
4255	Spectrogram 1	1	5208.250000	5208.750000	0	0	17	cluster_17	0.9723
4256	Spectrogram 1	1	5208.500000	5209.750000	0	0	3	cluster_3	0.9422
4257	Spectrogram 1	1	5209.500000	5210.000000	0	0	noise	cluster_noise	0.0000
4258	Spectrogram 1	1	5209.750000	5210.250000	0	0	3	cluster_3	0.9879
4259	Spectrogram 1	1	5210.000000	5210.500000	0	0	noise	cluster_noise	0.0000
4260	Spectrogram 1	1	5210.250000	5213.250000	0	0	8	cluster_8	1.0000
4261	Spectrogram 1	1	5213.000000	5213.500000	0	0	noise	cluster_noise	0.0000
4262	Spectrogram 1	1	5213.250000	5213.750000	0	0	3	cluster_3	1.0000
4263	Spectrogram 1	1	5213.500000	5214.750000	0	0	8	cluster_8	0.9381
4264	Spectrogram 1	1	5214.500000	5215.000000	0	0	noise	cluster_noise	0.0000
4265	Spectrogram 1	1	5214.750000	5217.500000	0	0	8	cluster_8	1.0000
4266	Spectrogram 1	1	5219.000000	5219.500000	0	0	17	cluster_17	1.0000
4267	Spectrogram 1	1	5219.250000	5219.750000	0	0	8	cluster_8	1.0000
4268	Spectrogram 1	1	5219.500000	5220.000000	0	0	noise	cluster_noise	0.0000
4269	Spectrogram 1	1	5219.750000	5220.500000	0	0	18	cluster_18	0.7607
4270	Spectrogram 1	1	5220.250000	5221.000000	0	0	noise	cluster_noise	0.0000
4271	Spectrogram 1	1	5220.750000	5221.250000	0	0	17	cluster_17	0.9086
4272	Spectrogram 1	1	5221.000000	5221.500000	0	0	8	cluster_8	0.8243
4273	Spectrogram 1	1	5221.250000	5222.000000	0	0	noise	cluster_noise	0.0000
4274	Spectrogram 1	1	5221.750000	5222.250000	0	0	18	cluster_18	0.6910
4275	Spectrogram 1	1	5222.000000	5222.500000	0	0	8	cluster_8	1.0000
4276	Spectrogram 1	1	5222.250000	5222.750000	0	0	noise	cluster_noise	0.0000
4277	Spectrogram 1	1	5222.500000	5223.250000	0	0	17	cluster_17	0.9681
4278	Spectrogram 1	1	5223.000000	5223.500000	0	0	noise	cluster_noise	0.0000
4279	Spectrogram 1	1	5223.250000	5223.750000	0	0	18	cluster_18	0.7064
4280	Spectrogram 1	1	5223.500000	5224.000000	0	0	noise	cluster_noise	0.0000
4281	Spectrogram 1	1	5223.750000	5224.250000	0	0	8	cluster_8	0.8523
4282	Spectrogram 1	1	5224.000000	5225.500000	0	0	noise	cluster_noise	0.0000
4283	Spectrogram 1	1	5225.250000	5225.750000	0	0	8	cluster_8	1.0000
4284	Spectrogram 1	1	5225.500000	5226.000000	0	0	noise	cluster_noise	0.0000
4285	Spectrogram 1	1	5225.750000	5227.000000	0	0	8	cluster_8	0.9494
4286	Spectrogram 1	1	5226.750000	5227.250000	0	0	noise	cluster_noise	0.0000
4287	Spectrogram 1	1	5227.000000	5227.500000	0	0	8	cluster_8	1.0000
4288	Spectrogram 1	1	5227.250000	5227.750000	0	0	noise	cluster_noise	0.0000
4289	Spectrogram 1	1	5227.500000	5228.500000	0	0	21	cluster_21	0.8534
4290	Spectrogram 1	1	5228.250000	5228.750000	0	0	22	cluster_22	1.0000
4291	Spectrogram 1	1	5228.500000	5229.500000	0	0	noise	cluster_noise	0.0000
4292	Spectrogram 1	1	5231.000000	5231.500000	0	0	8	cluster_8	0.8263
4293	Spectrogram 1	1	5231.250000	5231.750000	0	0	13	cluster_13	1.0000
4294	Spectrogram 1	1	5231.500000	5232.750000	0	0	18	cluster_18	0.9212
4295	Spectrogram 1	1	5232.500000	5233.000000	0	0	19	cluster_19	0.8416
4296	Spectrogram 1	1	5232.750000	5233.250000	0	0	17	cluster_17	1.0000
4297	Spectrogram 1	1	5233.000000	5233.500000	0	0	noise	cluster_noise	0.0000
4298	Spectrogram 1	1	5233.250000	5233.750000	0	0	17	cluster_17	0.9965
4299	Spectrogram 1	1	5233.500000	5234.000000	0	0	noise	cluster_noise	0.0000
4300	Spectrogram 1	1	5233.750000	5241.500000	0	0	8	cluster_8	0.9892
4301	Spectrogram 1	1	5241.250000	5241.750000	0	0	noise	cluster_noise	0.0000
4302	Spectrogram 1	1	5241.500000	5243.000000	0	0	8	cluster_8	1.0000
4303	Spectrogram 1	1	5242.750000	5243.500000	0	0	noise	cluster_noise	0.0000
4304	Spectrogram 1	1	5243.250000	5244.250000	0	0	21	cluster_21	0.8626
4305	Spectrogram 1	1	5244.000000	5245.250000	0	0	noise	cluster_noise	0.0000
4306	Spectrogram 1	1	5245.000000	5245.500000	0	0	8	cluster_8	0.8811
4307	Spectrogram 1	1	5245.250000	5246.000000	0	0	noise	cluster_noise	0.0000
4308	Spectrogram 1	1	5245.750000	5247.500000	0	0	8	cluster_8	0.9891
4309	Spectrogram 1	1	5247.250000	5247.750000	0	0	13	cluster_13	1.0000
4310	Spectrogram 1	1	5247.500000	5248.000000	0	0	noise	cluster_noise	0.0000
4311	Spectrogram 1	1	5247.750000	5248.750000	0	0	18	cluster_18	0.9136
4312	Spectrogram 1	1	5248.500000	5249.500000	0	0	noise	cluster_noise	0.0000
4313	Spectrogram 1	1	5249.250000	5249.750000	0	0	17	cluster_17	0.9513
4314	Spectrogram 1	1	5249.500000	5258.250000	0	0	8	cluster_8	0.9989
4315	Spectrogram 1	1	5258.000000	5258.750000	0	0	noise	cluster_noise	0.0000
4316	Spectrogram 1	1	5258.500000	5259.250000	0	0	22	cluster_22	0.9876
4317	Spectrogram 1	1	5259.000000	5259.500000	0	0	noise	cluster_noise	0.0000
4318	Spectrogram 1	1	5259.250000	5259.750000	0	0	20	cluster_20	0.5686
4319	Spectrogram 1	1	5259.500000	5260.750000	0	0	noise	cluster_noise	0.0000
4320	Spectrogram 1	1	5260.500000	5268.250000	0	0	8	cluster_8	0.9904
4321	Spectrogram 1	1	5268.000000	5268.500000	0	0	noise	cluster_noise	0.0000
4322	Spectrogram 1	1	5268.250000	5269.500000	0	0	8	cluster_8	0.9788
4323	Spectrogram 1	1	5269.250000	5269.750000	0	0	noise	cluster_noise	0.0000
4324	Spectrogram 1	1	5269.500000	5274.500000	0	0	8	cluster_8	1.0000
4325	Spectrogram 1	1	5274.250000	5277.000000	0	0	noise	cluster_noise	0.0000
4326	Spectrogram 1	1	5276.750000	5278.750000	0	0	8	cluster_8	1.0000
4327	Spectrogram 1	1	5278.500000	5279.000000	0	0	13	cluster_13	1.0000
4328	Spectrogram 1	1	5278.750000	5280.000000	0	0	18	cluster_18	0.8859
4329	Spectrogram 1	1	5279.750000	5280.250000	0	0	17	cluster_17	1.0000
4330	Spectrogram 1	1	5280.000000	5280.500000	0	0	noise	cluster_noise	0.0000
4331	Spectrogram 1	1	5280.250000	5280.750000	0	0	17	cluster_17	0.9323
4332	Spectrogram 1	1	5280.500000	5282.750000	0	0	8	cluster_8	0.9620
4333	Spectrogram 1	1	5282.500000	5283.250000	0	0	noise	cluster_noise	0.0000
4334	Spectrogram 1	1	5283.000000	5284.500000	0	0	8	cluster_8	0.9830
4335	Spectrogram 1	1	5284.250000	5285.000000	0	0	3	cluster_3	0.9457
4336	Spectrogram 1	1	5284.750000	5285.750000	0	0	8	cluster_8	1.0000
4337	Spectrogram 1	1	5285.500000	5286.000000	0	0	noise	cluster_noise	0.0000
4338	Spectrogram 1	1	5285.750000	5287.500000	0	0	8	cluster_8	0.9621
4339	Spectrogram 1	1	5287.250000	5288.000000	0	0	noise	cluster_noise	0.0000
4340	Spectrogram 1	1	5287.750000	5288.750000	0	0	8	cluster_8	1.0000
4341	Spectrogram 1	1	5288.500000	5289.250000	0	0	noise	cluster_noise	0.0000
4342	Spectrogram 1	1	5289.000000	5291.250000	0	0	8	cluster_8	0.9332
4343	Spectrogram 1	1	5291.000000	5291.500000	0	0	noise	cluster_noise	0.0000
4344	Spectrogram 1	1	5291.250000	5291.750000	0	0	22	cluster_22	0.9861
4345	Spectrogram 1	1	5291.500000	5292.750000	0	0	noise	cluster_noise	0.0000
4346	Spectrogram 1	1	5292.500000	5293.000000	0	0	17	cluster_17	0.8801
4347	Spectrogram 1	1	5292.750000	5293.500000	0	0	noise	cluster_noise	0.0000
4348	Spectrogram 1	1	5293.250000	5297.500000	0	0	8	cluster_8	0.9918
4349	Spectrogram 1	1	5297.250000	5297.750000	0	0	noise	cluster_noise	0.0000
4350	Spectrogram 1	1	5297.500000	5298.500000	0	0	3	cluster_3	1.0000
4351	Spectrogram 1	1	5298.250000	5299.500000	0	0	8	cluster_8	1.0000
4352	Spectrogram 1	1	5299.250000	5300.250000	0	0	noise	cluster_noise	0.0000
4353	Spectrogram 1	1	5300.000000	5303.000000	0	0	8	cluster_8	0.9864
4354	Spectrogram 1	1	5302.750000	5304.000000	0	0	noise	cluster_noise	0.0000
4355	Spectrogram 1	1	5303.750000	5304.250000	0	0	22	cluster_22	0.9613
4356	Spectrogram 1	1	5304.000000	5305.750000	0	0	noise	cluster_noise	0.0000
4357	Spectrogram 1	1	5305.500000	5310.750000	0	0	8	cluster_8	0.9965
4358	Spectrogram 1	1	5310.500000	5313.000000	0	0	3	cluster_3	0.9727
4359	Spectrogram 1	1	5312.750000	5313.250000	0	0	noise	cluster_noise	0.0000
4360	Spectrogram 1	1	5313.000000	5313.750000	0	0	3	cluster_3	0.9312
4361	Spectrogram 1	1	5313.500000	5315.500000	0	0	8	cluster_8	1.0000
4362	Spectrogram 1	1	5315.250000	5318.000000	0	0	noise	cluster_noise	0.0000
4363	Spectrogram 1	1	5317.750000	5318.250000	0	0	17	cluster_17	0.9320
4364	Spectrogram 1	1	5318.000000	5318.500000	0	0	noise	cluster_noise	0.0000
4365	Spectrogram 1	1	5318.250000	5322.500000	0	0	8	cluster_8	0.9781
4366	Spectrogram 1	1	5322.250000	5322.750000	0	0	3	cluster_3	1.0000
4367	Spectrogram 1	1	5322.500000	5323.750000	0	0	noise	cluster_noise	0.0000
4368	Spectrogram 1	1	5323.500000	5324.000000	0	0	3	cluster_3	0.8888
4369	Spectrogram 1	1	5323.750000	5324.500000	0	0	noise	cluster_noise	0.0000
4370	Spectrogram 1	1	5324.250000	5324.750000	0	0	8	cluster_8	0.8778
4371	Spectrogram 1	1	5324.500000	5325.000000	0	0	7	cluster_7	1.0000
4372	Spectrogram 1	1	5324.750000	5326.250000	0	0	noise	cluster_noise	0.0000
4373	Spectrogram 1	1	5326.000000	5328.000000	0	0	8	cluster_8	0.9892
4374	Spectrogram 1	1	5327.750000	5330.750000	0	0	noise	cluster_noise	0.0000
4375	Spectrogram 1	1	5330.500000	5331.000000	0	0	17	cluster_17	0.9229
4376	Spectrogram 1	1	5330.750000	5333.500000	0	0	8	cluster_8	0.9578
4377	Spectrogram 1	1	5333.250000	5333.750000	0	0	noise	cluster_noise	0.0000
4378	Spectrogram 1	1	5333.500000	5334.500000	0	0	9	cluster_9	0.5515
4379	Spectrogram 1	1	5334.250000	5334.750000	0	0	noise	cluster_noise	0.0000
4380	Spectrogram 1	1	5334.500000	5335.000000	0	0	8	cluster_8	0.8932
4381	Spectrogram 1	1	5334.750000	5335.500000	0	0	noise	cluster_noise	0.0000
4382	Spectrogram 1	1	5335.250000	5338.250000	0	0	3	cluster_3	0.9929
4383	Spectrogram 1	1	5338.000000	5340.000000	0	0	8	cluster_8	1.0000
4384	Spectrogram 1	1	5339.750000	5342.500000	0	0	noise	cluster_noise	0.0000
4385	Spectrogram 1	1	5342.250000	5342.750000	0	0	17	cluster_17	0.9056
4386	Spectrogram 1	1	5342.500000	5343.000000	0	0	noise	cluster_noise	0.0000
4387	Spectrogram 1	1	5342.750000	5345.750000	0	0	8	cluster_8	0.9752
4388	Spectrogram 1	1	5345.500000	5346.500000	0	0	9	cluster_9	0.8388
4389	Spectrogram 1	1	5350.000000	5352.000000	0	0	8	cluster_8	1.0000
4390	Spectrogram 1	1	5351.750000	5352.500000	0	0	noise	cluster_noise	0.0000
4391	Spectrogram 1	1	5353.000000	5353.500000	0	0	20	cluster_20	0.6103
4392	Spectrogram 1	1	5353.250000	5354.000000	0	0	noise	cluster_noise	0.0000
4393	Spectrogram 1	1	5353.750000	5354.750000	0	0	17	cluster_17	0.9163
4394	Spectrogram 1	1	5354.500000	5355.000000	0	0	noise	cluster_noise	0.0000
4395	Spectrogram 1	1	5354.750000	5357.250000	0	0	8	cluster_8	0.9571
4396	Spectrogram 1	1	5357.000000	5359.250000	0	0	9	cluster_9	0.9382
4397	Spectrogram 1	1	5359.000000	5359.500000	0	0	8	cluster_8	0.9085
4398	Spectrogram 1	1	5366.000000	5366.500000	0	0	noise	cluster_noise	0.0000
4399	Spectrogram 1	1	5366.250000	5368.250000	0	0	8	cluster_8	0.9877
4400	Spectrogram 1	1	5368.000000	5368.500000	0	0	noise	cluster_noise	0.0000
4401	Spectrogram 1	1	5368.250000	5369.250000	0	0	9	cluster_9	0.6195
4402	Spectrogram 1	1	5369.000000	5370.500000	0	0	noise	cluster_noise	0.0000
4403	Spectrogram 1	1	5370.250000	5371.500000	0	0	0	cluster_0	0.8888
4404	Spectrogram 1	1	5371.250000	5372.500000	0	0	8	cluster_8	0.9494
4405	Spectrogram 1	1	5374.000000	5375.500000	0	0	0	cluster_0	0.9883
4406	Spectrogram 1	1	5379.000000	5379.500000	0	0	noise	cluster_noise	0.0000
4407	Spectrogram 1	1	5379.250000	5381.500000	0	0	8	cluster_8	0.9673
4408	Spectrogram 1	1	5381.250000	5381.750000	0	0	noise	cluster_noise	0.0000
4409	Spectrogram 1	1	5381.500000	5382.500000	0	0	8	cluster_8	1.0000
4410	Spectrogram 1	1	5382.250000	5383.250000	0	0	noise	cluster_noise	0.0000
4411	Spectrogram 1	1	5383.000000	5385.250000	0	0	0	cluster_0	0.9379
4412	Spectrogram 1	1	5385.000000	5385.500000	0	0	noise	cluster_noise	0.0000
4413	Spectrogram 1	1	5391.000000	5392.000000	0	0	8	cluster_8	1.0000
4414	Spectrogram 1	1	5391.750000	5392.500000	0	0	noise	cluster_noise	0.0000
4415	Spectrogram 1	1	5392.250000	5396.750000	0	0	8	cluster_8	0.9827
4416	Spectrogram 1	1	5396.500000	5397.000000	0	0	noise	cluster_noise	0.0000
4417	Spectrogram 1	1	5396.750000	5397.500000	0	0	8	cluster_8	1.0000
4418	Spectrogram 1	1	5397.250000	5397.750000	0	0	noise	cluster_noise	0.0000
4419	Spectrogram 1	1	5397.500000	5398.000000	0	0	9	cluster_9	0.8044
4420	Spectrogram 1	1	5397.750000	5398.250000	0	0	noise	cluster_noise	0.0000
4421	Spectrogram 1	1	5398.000000	5400.000000	0	0	0	cluster_0	0.7480
4422	Spectrogram 1	1	5399.750000	5400.250000	0	0	8	cluster_8	1.0000
4423	Spectrogram 1	1	5400.000000	5400.750000	0	0	noise	cluster_noise	0.0000
4424	Spectrogram 1	1	5400.500000	5401.000000	0	0	8	cluster_8	1.0000
4425	Spectrogram 1	1	5400.750000	5401.500000	0	0	noise	cluster_noise	0.0000
4426	Spectrogram 1	1	5401.250000	5404.500000	0	0	0	cluster_0	0.8343
4427	Spectrogram 1	1	5404.250000	5405.000000	0	0	noise	cluster_noise	0.0000
4428	Spectrogram 1	1	5404.750000	5406.250000	0	0	8	cluster_8	1.0000
4429	Spectrogram 1	1	5406.000000	5406.500000	0	0	3	cluster_3	1.0000
4430	Spectrogram 1	1	5406.250000	5406.750000	0	0	8	cluster_8	1.0000
4431	Spectrogram 1	1	5406.500000	5407.000000	0	0	noise	cluster_noise	0.0000
4432	Spectrogram 1	1	5406.750000	5408.500000	0	0	8	cluster_8	1.0000
4433	Spectrogram 1	1	5408.250000	5408.750000	0	0	3	cluster_3	1.0000
4434	Spectrogram 1	1	5408.500000	5409.500000	0	0	8	cluster_8	0.9059
4435	Spectrogram 1	1	5412.000000	5414.250000	0	0	0	cluster_0	0.9137
4436	Spectrogram 1	1	5414.000000	5415.250000	0	0	8	cluster_8	1.0000
4437	Spectrogram 1	1	5415.000000	5416.000000	0	0	noise	cluster_noise	0.0000
4438	Spectrogram 1	1	5415.750000	5417.750000	0	0	0	cluster_0	0.9179
4439	Spectrogram 1	1	5417.500000	5419.500000	0	0	8	cluster_8	1.0000
4440	Spectrogram 1	1	5419.250000	5419.750000	0	0	3	cluster_3	1.0000
4441	Spectrogram 1	1	5419.500000	5420.500000	0	0	8	cluster_8	1.0000
4442	Spectrogram 1	1	5423.000000	5423.500000	0	0	3	cluster_3	1.0000
4443	Spectrogram 1	1	5423.250000	5424.250000	0	0	8	cluster_8	1.0000
4444	Spectrogram 1	1	5424.000000	5424.500000	0	0	3	cluster_3	1.0000
4445	Spectrogram 1	1	5424.250000	5425.000000	0	0	8	cluster_8	1.0000
4446	Spectrogram 1	1	5424.750000	5425.250000	0	0	3	cluster_3	1.0000
4447	Spectrogram 1	1	5425.000000	5428.500000	0	0	8	cluster_8	0.9987
4448	Spectrogram 1	1	5428.250000	5428.750000	0	0	3	cluster_3	1.0000
4449	Spectrogram 1	1	5428.500000	5429.000000	0	0	noise	cluster_noise	0.0000
4450	Spectrogram 1	1	5428.750000	5430.000000	0	0	8	cluster_8	0.9760
4451	Spectrogram 1	1	5429.750000	5430.250000	0	0	noise	cluster_noise	0.0000
4452	Spectrogram 1	1	5430.000000	5430.500000	0	0	8	cluster_8	1.0000
4453	Spectrogram 1	1	5430.250000	5431.250000	0	0	0	cluster_0	0.9555
4454	Spectrogram 1	1	5431.000000	5431.500000	0	0	noise	cluster_noise	0.0000
4455	Spectrogram 1	1	5431.250000	5434.000000	0	0	8	cluster_8	0.9863
4456	Spectrogram 1	1	5433.750000	5434.250000	0	0	noise	cluster_noise	0.0000
4457	Spectrogram 1	1	5434.000000	5435.000000	0	0	0	cluster_0	0.9330
4458	Spectrogram 1	1	5434.750000	5435.250000	0	0	noise	cluster_noise	0.0000
4459	Spectrogram 1	1	5435.000000	5437.000000	0	0	8	cluster_8	1.0000
4460	Spectrogram 1	1	5436.750000	5437.250000	0	0	3	cluster_3	1.0000
4461	Spectrogram 1	1	5437.000000	5443.750000	0	0	8	cluster_8	0.9913
4462	Spectrogram 1	1	5443.500000	5444.000000	0	0	3	cluster_3	1.0000
4463	Spectrogram 1	1	5443.750000	5445.750000	0	0	8	cluster_8	0.9746
4464	Spectrogram 1	1	5445.500000	5446.000000	0	0	3	cluster_3	1.0000
4465	Spectrogram 1	1	5445.750000	5447.750000	0	0	8	cluster_8	0.9876
4466	Spectrogram 1	1	5447.500000	5448.000000	0	0	noise	cluster_noise	0.0000
4467	Spectrogram 1	1	5447.750000	5448.750000	0	0	0	cluster_0	0.7981
4468	Spectrogram 1	1	5448.500000	5449.000000	0	0	noise	cluster_noise	0.0000
4469	Spectrogram 1	1	5448.750000	5451.500000	0	0	8	cluster_8	0.9888
4470	Spectrogram 1	1	5451.250000	5452.750000	0	0	0	cluster_0	0.8683
4471	Spectrogram 1	1	5452.500000	5454.500000	0	0	8	cluster_8	1.0000
4472	Spectrogram 1	1	5457.000000	5457.500000	0	0	noise	cluster_noise	0.0000
4473	Spectrogram 1	1	5457.250000	5458.500000	0	0	8	cluster_8	1.0000
4474	Spectrogram 1	1	5458.250000	5458.750000	0	0	3	cluster_3	1.0000
4475	Spectrogram 1	1	5458.500000	5460.500000	0	0	8	cluster_8	0.9836
4476	Spectrogram 1	1	5460.250000	5460.750000	0	0	3	cluster_3	1.0000
4477	Spectrogram 1	1	5460.500000	5461.250000	0	0	8	cluster_8	1.0000
4478	Spectrogram 1	1	5461.000000	5461.500000	0	0	3	cluster_3	1.0000
4479	Spectrogram 1	1	5461.250000	5462.250000	0	0	8	cluster_8	1.0000
4480	Spectrogram 1	1	5462.000000	5462.500000	0	0	3	cluster_3	1.0000
4481	Spectrogram 1	1	5462.250000	5463.000000	0	0	8	cluster_8	1.0000
4482	Spectrogram 1	1	5462.750000	5463.250000	0	0	3	cluster_3	1.0000
4483	Spectrogram 1	1	5463.000000	5464.250000	0	0	8	cluster_8	0.9625
4484	Spectrogram 1	1	5464.000000	5464.500000	0	0	3	cluster_3	1.0000
4485	Spectrogram 1	1	5464.250000	5473.500000	0	0	8	cluster_8	0.9948
4486	Spectrogram 1	1	5473.250000	5473.750000	0	0	10	cluster_10	0.7095
4487	Spectrogram 1	1	5473.500000	5474.000000	0	0	noise	cluster_noise	0.0000
4488	Spectrogram 1	1	5473.750000	5474.250000	0	0	11	cluster_11	0.6889
4489	Spectrogram 1	1	5474.000000	5475.750000	0	0	8	cluster_8	0.9751
4490	Spectrogram 1	1	5475.500000	5476.250000	0	0	10	cluster_10	0.5115
4491	Spectrogram 1	1	5476.000000	5477.000000	0	0	11	cluster_11	0.5895
4492	Spectrogram 1	1	5476.750000	5478.000000	0	0	8	cluster_8	0.9584
4493	Spectrogram 1	1	5477.750000	5478.250000	0	0	10	cluster_10	0.6723
4494	Spectrogram 1	1	5478.000000	5478.500000	0	0	noise	cluster_noise	0.0000
4495	Spectrogram 1	1	5478.250000	5480.000000	0	0	11	cluster_11	0.5455
4496	Spectrogram 1	1	5479.750000	5480.500000	0	0	8	cluster_8	0.9103
4497	Spectrogram 1	1	5480.250000	5481.000000	0	0	noise	cluster_noise	0.0000
4498	Spectrogram 1	1	5480.750000	5482.750000	0	0	11	cluster_11	0.8129
4499	Spectrogram 1	1	5482.500000	5484.000000	0	0	8	cluster_8	0.9538
4500	Spectrogram 1	1	5483.750000	5488.500000	0	0	3	cluster_3	1.0000
4501	Spectrogram 1	1	5488.250000	5489.500000	0	0	8	cluster_8	1.0000
4502	Spectrogram 1	1	5490.000000	5490.500000	0	0	3	cluster_3	1.0000
4503	Spectrogram 1	1	5490.250000	5490.750000	0	0	8	cluster_8	1.0000
4504	Spectrogram 1	1	5490.500000	5491.250000	0	0	3	cluster_3	1.0000
4505	Spectrogram 1	1	5491.000000	5492.250000	0	0	8	cluster_8	1.0000
4506	Spectrogram 1	1	5492.000000	5492.500000	0	0	noise	cluster_noise	0.0000
4507	Spectrogram 1	1	5492.250000	5493.000000	0	0	3	cluster_3	1.0000
4508	Spectrogram 1	1	5492.750000	5494.250000	0	0	8	cluster_8	0.9595
4509	Spectrogram 1	1	5494.000000	5494.500000	0	0	noise	cluster_noise	0.0000
4510	Spectrogram 1	1	5494.250000	5495.250000	0	0	11	cluster_11	0.7820
4511	Spectrogram 1	1	5495.000000	5495.500000	0	0	noise	cluster_noise	0.0000
4512	Spectrogram 1	1	5495.250000	5496.250000	0	0	8	cluster_8	1.0000
4513	Spectrogram 1	1	5496.000000	5497.000000	0	0	noise	cluster_noise	0.0000
4514	Spectrogram 1	1	5496.750000	5498.250000	0	0	11	cluster_11	0.8255
4515	Spectrogram 1	1	5498.000000	5498.500000	0	0	noise	cluster_noise	0.0000
4516	Spectrogram 1	1	5498.250000	5499.250000	0	0	8	cluster_8	0.9885
4517	Spectrogram 1	1	5499.000000	5503.250000	0	0	11	cluster_11	0.8073
4518	Spectrogram 1	1	5503.000000	5504.250000	0	0	8	cluster_8	1.0000
4519	Spectrogram 1	1	5504.000000	5505.750000	0	0	3	cluster_3	1.0000
4520	Spectrogram 1	1	5505.500000	5507.000000	0	0	8	cluster_8	1.0000
4521	Spectrogram 1	1	5506.750000	5508.250000	0	0	3	cluster_3	0.9935
4522	Spectrogram 1	1	5508.000000	5510.000000	0	0	8	cluster_8	1.0000
4523	Spectrogram 1	1	5509.750000	5511.500000	0	0	3	cluster_3	0.9275
4524	Spectrogram 1	1	5511.250000	5512.500000	0	0	8	cluster_8	1.0000
4525	Spectrogram 1	1	5512.250000	5514.000000	0	0	3	cluster_3	0.9596
4526	Spectrogram 1	1	5513.750000	5514.250000	0	0	1	cluster_1	0.6552
4527	Spectrogram 1	1	5514.000000	5514.750000	0	0	8	cluster_8	1.0000
4528	Spectrogram 1	1	5514.500000	5515.000000	0	0	17	cluster_17	1.0000
4529	Spectrogram 1	1	5514.750000	5515.250000	0	0	noise	cluster_noise	0.0000
4530	Spectrogram 1	1	5515.000000	5515.750000	0	0	8	cluster_8	0.9338
4531	Spectrogram 1	1	5515.500000	5516.000000	0	0	noise	cluster_noise	0.0000
4532	Spectrogram 1	1	5515.750000	5517.250000	0	0	3	cluster_3	0.9529
4533	Spectrogram 1	1	5517.000000	5518.500000	0	0	8	cluster_8	1.0000
4534	Spectrogram 1	1	5518.250000	5518.750000	0	0	noise	cluster_noise	0.0000
4535	Spectrogram 1	1	5518.500000	5519.500000	0	0	3	cluster_3	0.9907
4536	Spectrogram 1	1	5519.250000	5519.750000	0	0	noise	cluster_noise	0.0000
4537	Spectrogram 1	1	5519.500000	5520.000000	0	0	1	cluster_1	1.0000
4538	Spectrogram 1	1	5519.750000	5521.000000	0	0	8	cluster_8	1.0000
4539	Spectrogram 1	1	5520.750000	5522.000000	0	0	3	cluster_3	0.9984
4540	Spectrogram 1	1	5521.750000	5522.500000	0	0	1	cluster_1	1.0000
4541	Spectrogram 1	1	5522.250000	5522.750000	0	0	noise	cluster_noise	0.0000
4542	Spectrogram 1	1	5522.500000	5523.250000	0	0	3	cluster_3	0.9923
4543	Spectrogram 1	1	5523.000000	5523.500000	0	0	8	cluster_8	0.9340
4544	Spectrogram 1	1	5523.250000	5524.000000	0	0	noise	cluster_noise	0.0000
4545	Spectrogram 1	1	5523.750000	5525.000000	0	0	3	cluster_3	1.0000
4546	Spectrogram 1	1	5524.750000	5525.250000	0	0	noise	cluster_noise	0.0000
4547	Spectrogram 1	1	5525.000000	5525.500000	0	0	1	cluster_1	0.9848
4548	Spectrogram 1	1	5525.250000	5528.250000	0	0	3	cluster_3	0.9541
4549	Spectrogram 1	1	5528.000000	5529.500000	0	0	8	cluster_8	0.9747
4550	Spectrogram 1	1	5530.000000	5532.000000	0	0	1	cluster_1	0.9694
4551	Spectrogram 1	1	5531.750000	5532.250000	0	0	noise	cluster_noise	0.0000
4552	Spectrogram 1	1	5532.000000	5534.500000	0	0	8	cluster_8	0.9935
4553	Spectrogram 1	1	5534.250000	5536.000000	0	0	3	cluster_3	0.9831
4554	Spectrogram 1	1	5535.750000	5548.500000	0	0	8	cluster_8	1.0000
4555	Spectrogram 1	1	5548.250000	5549.500000	0	0	3	cluster_3	1.0000
4556	Spectrogram 1	1	5583.000000	5584.250000	0	0	8	cluster_8	1.0000
4557	Spectrogram 1	1	5584.000000	5586.000000	0	0	1	cluster_1	0.9877
4558	Spectrogram 1	1	5585.750000	5587.000000	0	0	8	cluster_8	0.9861
4559	Spectrogram 1	1	5586.750000	5588.250000	0	0	1	cluster_1	0.9868
4560	Spectrogram 1	1	5588.000000	5588.500000	0	0	8	cluster_8	1.0000
4561	Spectrogram 1	1	5598.000000	5598.500000	0	0	3	cluster_3	0.9537
4562	Spectrogram 1	1	5598.250000	5599.250000	0	0	1	cluster_1	1.0000
4563	Spectrogram 1	1	5599.000000	5599.750000	0	0	8	cluster_8	1.0000
4564	Spectrogram 1	1	5599.500000	5600.000000	0	0	13	cluster_13	0.8305
4565	Spectrogram 1	1	5599.750000	5601.250000	0	0	1	cluster_1	0.9576
4566	Spectrogram 1	1	5601.000000	5612.500000	0	0	8	cluster_8	1.0000
4567	Spectrogram 1	1	5612.250000	5612.750000	0	0	noise	cluster_noise	0.0000
4568	Spectrogram 1	1	5612.500000	5613.000000	0	0	13	cluster_13	0.6978
4569	Spectrogram 1	1	5612.750000	5614.250000	0	0	1	cluster_1	0.9892
4570	Spectrogram 1	1	5614.000000	5616.250000	0	0	8	cluster_8	1.0000
4571	Spectrogram 1	1	5616.000000	5617.250000	0	0	noise	cluster_noise	0.0000
4572	Spectrogram 1	1	5617.000000	5617.500000	0	0	18	cluster_18	0.6987
4573	Spectrogram 1	1	5624.000000	5624.750000	0	0	8	cluster_8	1.0000
4574	Spectrogram 1	1	5624.500000	5625.250000	0	0	13	cluster_13	0.8450
4575	Spectrogram 1	1	5625.000000	5627.000000	0	0	1	cluster_1	0.9589
4576	Spectrogram 1	1	5626.750000	5628.500000	0	0	8	cluster_8	1.0000
4577	Spectrogram 1	1	5628.250000	5629.000000	0	0	noise	cluster_noise	0.0000
4578	Spectrogram 1	1	5628.750000	5629.500000	0	0	18	cluster_18	0.7762
4579	Spectrogram 1	1	5629.250000	5630.000000	0	0	noise	cluster_noise	0.0000
4580	Spectrogram 1	1	5629.750000	5630.250000	0	0	17	cluster_17	1.0000
4581	Spectrogram 1	1	5630.000000	5630.750000	0	0	noise	cluster_noise	0.0000
4582	Spectrogram 1	1	5630.500000	5631.000000	0	0	8	cluster_8	1.0000
4583	Spectrogram 1	1	5630.750000	5631.250000	0	0	noise	cluster_noise	0.0000
4584	Spectrogram 1	1	5631.000000	5631.500000	0	0	3	cluster_3	0.9110
4585	Spectrogram 1	1	5634.000000	5635.000000	0	0	8	cluster_8	0.9785
4586	Spectrogram 1	1	5634.750000	5635.250000	0	0	13	cluster_13	0.8189
4587	Spectrogram 1	1	5635.000000	5635.500000	0	0	noise	cluster_noise	0.0000
4588	Spectrogram 1	1	5635.250000	5636.500000	0	0	1	cluster_1	0.9723
4589	Spectrogram 1	1	5637.000000	5637.500000	0	0	noise	cluster_noise	0.0000
4590	Spectrogram 1	1	5637.250000	5639.000000	0	0	8	cluster_8	1.0000
4591	Spectrogram 1	1	5638.750000	5640.000000	0	0	noise	cluster_noise	0.0000
4592	Spectrogram 1	1	5639.750000	5640.250000	0	0	16	cluster_16	0.8043
4593	Spectrogram 1	1	5640.000000	5640.500000	0	0	noise	cluster_noise	0.0000
4594	Spectrogram 1	1	5640.250000	5640.750000	0	0	17	cluster_17	0.8996
4595	Spectrogram 1	1	5640.500000	5641.250000	0	0	noise	cluster_noise	0.0000
4596	Spectrogram 1	1	5641.000000	5642.000000	0	0	8	cluster_8	0.9895
4597	Spectrogram 1	1	5641.750000	5643.250000	0	0	3	cluster_3	1.0000
4598	Spectrogram 1	1	5643.000000	5645.750000	0	0	8	cluster_8	1.0000
4599	Spectrogram 1	1	5645.500000	5646.000000	0	0	noise	cluster_noise	0.0000
4600	Spectrogram 1	1	5645.750000	5647.000000	0	0	8	cluster_8	1.0000
4601	Spectrogram 1	1	5646.750000	5647.750000	0	0	noise	cluster_noise	0.0000
4602	Spectrogram 1	1	5647.500000	5648.500000	0	0	8	cluster_8	1.0000
4603	Spectrogram 1	1	5651.000000	5651.750000	0	0	noise	cluster_noise	0.0000
4604	Spectrogram 1	1	5651.500000	5652.000000	0	0	17	cluster_17	1.0000
4605	Spectrogram 1	1	5651.750000	5652.250000	0	0	8	cluster_8	1.0000
4606	Spectrogram 1	1	5652.000000	5653.500000	0	0	3	cluster_3	0.9968
4607	Spectrogram 1	1	5653.250000	5653.750000	0	0	8	cluster_8	1.0000
4608	Spectrogram 1	1	5653.500000	5654.500000	0	0	3	cluster_3	0.8468
4609	Spectrogram 1	1	5654.250000	5655.750000	0	0	8	cluster_8	1.0000
4610	Spectrogram 1	1	5655.500000	5656.250000	0	0	3	cluster_3	1.0000
4611	Spectrogram 1	1	5656.000000	5659.750000	0	0	8	cluster_8	0.9985
4612	Spectrogram 1	1	5659.500000	5660.000000	0	0	noise	cluster_noise	0.0000
4613	Spectrogram 1	1	5659.750000	5662.250000	0	0	8	cluster_8	0.9844
4614	Spectrogram 1	1	5662.000000	5662.500000	0	0	noise	cluster_noise	0.0000
4615	Spectrogram 1	1	5664.000000	5664.750000	0	0	8	cluster_8	0.9178
4616	Spectrogram 1	1	5664.500000	5665.750000	0	0	3	cluster_3	1.0000
4617	Spectrogram 1	1	5665.500000	5666.250000	0	0	8	cluster_8	1.0000
4618	Spectrogram 1	1	5666.000000	5666.750000	0	0	3	cluster_3	0.9948
4619	Spectrogram 1	1	5666.500000	5667.250000	0	0	8	cluster_8	1.0000
4620	Spectrogram 1	1	5667.000000	5668.000000	0	0	3	cluster_3	1.0000
4621	Spectrogram 1	1	5667.750000	5671.750000	0	0	8	cluster_8	1.0000
4622	Spectrogram 1	1	5671.500000	5672.250000	0	0	noise	cluster_noise	0.0000
4623	Spectrogram 1	1	5672.000000	5674.250000	0	0	8	cluster_8	1.0000
4624	Spectrogram 1	1	5674.000000	5674.500000	0	0	13	cluster_13	0.6662
4625	Spectrogram 1	1	5674.250000	5675.500000	0	0	18	cluster_18	0.8865
4626	Spectrogram 1	1	5675.250000	5675.750000	0	0	noise	cluster_noise	0.0000
4627	Spectrogram 1	1	5675.500000	5676.250000	0	0	19	cluster_19	0.9407
4628	Spectrogram 1	1	5676.000000	5676.500000	0	0	17	cluster_17	1.0000
4629	Spectrogram 1	1	5676.250000	5676.750000	0	0	8	cluster_8	1.0000
4630	Spectrogram 1	1	5676.500000	5677.250000	0	0	3	cluster_3	0.9443
4631	Spectrogram 1	1	5677.000000	5678.250000	0	0	8	cluster_8	0.9610
4632	Spectrogram 1	1	5678.000000	5678.750000	0	0	3	cluster_3	1.0000
4633	Spectrogram 1	1	5678.500000	5683.000000	0	0	8	cluster_8	1.0000
4634	Spectrogram 1	1	5682.750000	5683.500000	0	0	noise	cluster_noise	0.0000
4635	Spectrogram 1	1	5683.250000	5685.000000	0	0	8	cluster_8	0.9886
4636	Spectrogram 1	1	5684.750000	5685.500000	0	0	noise	cluster_noise	0.0000
4637	Spectrogram 1	1	5685.250000	5685.750000	0	0	13	cluster_13	1.0000
4638	Spectrogram 1	1	5685.500000	5687.250000	0	0	18	cluster_18	0.9588
4639	Spectrogram 1	1	5687.000000	5687.500000	0	0	19	cluster_19	0.9601
4640	Spectrogram 1	1	5689.000000	5689.750000	0	0	8	cluster_8	0.9189
4641	Spectrogram 1	1	5689.500000	5690.000000	0	0	noise	cluster_noise	0.0000
4642	Spectrogram 1	1	5689.750000	5692.250000	0	0	8	cluster_8	1.0000
4643	Spectrogram 1	1	5692.000000	5692.500000	0	0	noise	cluster_noise	0.0000
4644	Spectrogram 1	1	5692.250000	5694.000000	0	0	8	cluster_8	1.0000
4645	Spectrogram 1	1	5693.750000	5694.250000	0	0	noise	cluster_noise	0.0000
4646	Spectrogram 1	1	5694.000000	5696.250000	0	0	8	cluster_8	0.9989
4647	Spectrogram 1	1	5696.000000	5696.500000	0	0	noise	cluster_noise	0.0000
4648	Spectrogram 1	1	5696.250000	5696.750000	0	0	13	cluster_13	0.7130
4649	Spectrogram 1	1	5696.500000	5697.750000	0	0	18	cluster_18	0.9516
4650	Spectrogram 1	1	5697.500000	5698.000000	0	0	19	cluster_19	0.8216
4651	Spectrogram 1	1	5697.750000	5698.250000	0	0	noise	cluster_noise	0.0000
4652	Spectrogram 1	1	5698.000000	5700.750000	0	0	8	cluster_8	0.9186
4653	Spectrogram 1	1	5700.500000	5701.250000	0	0	3	cluster_3	1.0000
4654	Spectrogram 1	1	5701.000000	5702.000000	0	0	noise	cluster_noise	0.0000
4655	Spectrogram 1	1	5701.750000	5702.250000	0	0	8	cluster_8	1.0000
4656	Spectrogram 1	1	5702.000000	5702.500000	0	0	noise	cluster_noise	0.0000
4657	Spectrogram 1	1	5702.250000	5703.750000	0	0	8	cluster_8	1.0000
4658	Spectrogram 1	1	5703.500000	5704.000000	0	0	noise	cluster_noise	0.0000
4659	Spectrogram 1	1	5703.750000	5705.500000	0	0	8	cluster_8	0.9988
4660	Spectrogram 1	1	5705.250000	5706.000000	0	0	noise	cluster_noise	0.0000
4661	Spectrogram 1	1	5705.750000	5706.250000	0	0	3	cluster_3	0.8109
4662	Spectrogram 1	1	5706.000000	5707.500000	0	0	8	cluster_8	1.0000
4663	Spectrogram 1	1	5707.250000	5707.750000	0	0	13	cluster_13	0.8488
4664	Spectrogram 1	1	5707.500000	5709.250000	0	0	18	cluster_18	0.9625
4665	Spectrogram 1	1	5709.000000	5709.500000	0	0	19	cluster_19	0.7911
4666	Spectrogram 1	1	5712.000000	5716.250000	0	0	8	cluster_8	0.9943
4667	Spectrogram 1	1	5716.000000	5716.500000	0	0	noise	cluster_noise	0.0000
4668	Spectrogram 1	1	5716.250000	5718.250000	0	0	8	cluster_8	0.9741
4669	Spectrogram 1	1	5718.000000	5718.750000	0	0	noise	cluster_noise	0.0000
4670	Spectrogram 1	1	5718.500000	5719.750000	0	0	18	cluster_18	0.9264
4671	Spectrogram 1	1	5719.500000	5720.000000	0	0	19	cluster_19	0.8364
4672	Spectrogram 1	1	5719.750000	5720.750000	0	0	noise	cluster_noise	0.0000
4673	Spectrogram 1	1	5720.500000	5721.500000	0	0	8	cluster_8	0.9305
4674	Spectrogram 1	1	5721.250000	5721.750000	0	0	noise	cluster_noise	0.0000
4675	Spectrogram 1	1	5721.500000	5730.250000	0	0	8	cluster_8	0.9893
4676	Spectrogram 1	1	5730.000000	5732.750000	0	0	noise	cluster_noise	0.0000
4677	Spectrogram 1	1	5732.500000	5733.000000	0	0	17	cluster_17	0.9320
4678	Spectrogram 1	1	5732.750000	5734.500000	0	0	8	cluster_8	0.9440
4679	Spectrogram 1	1	5736.000000	5736.500000	0	0	17	cluster_17	0.9941
4680	Spectrogram 1	1	5736.250000	5736.750000	0	0	noise	cluster_noise	0.0000
4681	Spectrogram 1	1	5736.500000	5740.250000	0	0	8	cluster_8	0.9828
4682	Spectrogram 1	1	5740.000000	5740.500000	0	0	noise	cluster_noise	0.0000
4683	Spectrogram 1	1	5740.250000	5745.250000	0	0	8	cluster_8	0.9558
4684	Spectrogram 1	1	5745.000000	5746.750000	0	0	noise	cluster_noise	0.0000
4685	Spectrogram 1	1	5746.500000	5747.000000	0	0	22	cluster_22	1.0000
4686	Spectrogram 1	1	5746.750000	5748.250000	0	0	noise	cluster_noise	0.0000
4687	Spectrogram 1	1	5748.000000	5748.500000	0	0	17	cluster_17	0.8806
4688	Spectrogram 1	1	5748.250000	5749.500000	0	0	8	cluster_8	0.9481
4689	Spectrogram 1	1	5749.250000	5750.250000	0	0	noise	cluster_noise	0.0000
4690	Spectrogram 1	1	5750.000000	5750.500000	0	0	14	cluster_14	1.0000
4691	Spectrogram 1	1	5750.250000	5751.000000	0	0	noise	cluster_noise	0.0000
4692	Spectrogram 1	1	5750.750000	5751.250000	0	0	8	cluster_8	1.0000
4693	Spectrogram 1	1	5751.000000	5751.750000	0	0	noise	cluster_noise	0.0000
4694	Spectrogram 1	1	5751.500000	5753.000000	0	0	8	cluster_8	1.0000
4695	Spectrogram 1	1	5752.750000	5753.250000	0	0	noise	cluster_noise	0.0000
4696	Spectrogram 1	1	5753.000000	5755.250000	0	0	8	cluster_8	0.9597
4697	Spectrogram 1	1	5755.000000	5755.500000	0	0	noise	cluster_noise	0.0000
4698	Spectrogram 1	1	5755.250000	5759.250000	0	0	8	cluster_8	0.9778
4699	Spectrogram 1	1	5759.000000	5759.750000	0	0	noise	cluster_noise	0.0000
4700	Spectrogram 1	1	5759.500000	5760.750000	0	0	8	cluster_8	0.9596
4701	Spectrogram 1	1	5760.500000	5764.000000	0	0	noise	cluster_noise	0.0000
4702	Spectrogram 1	1	5763.750000	5765.000000	0	0	8	cluster_8	1.0000
4703	Spectrogram 1	1	5764.750000	5765.250000	0	0	13	cluster_13	0.6378
4704	Spectrogram 1	1	5765.000000	5765.500000	0	0	noise	cluster_noise	0.0000
4705	Spectrogram 1	1	5765.250000	5766.250000	0	0	18	cluster_18	0.9616
4706	Spectrogram 1	1	5766.000000	5766.750000	0	0	noise	cluster_noise	0.0000
4707	Spectrogram 1	1	5766.500000	5767.000000	0	0	17	cluster_17	0.9424
4708	Spectrogram 1	1	5766.750000	5767.250000	0	0	noise	cluster_noise	0.0000
4709	Spectrogram 1	1	5767.000000	5767.500000	0	0	8	cluster_8	1.0000
4710	Spectrogram 1	1	5769.000000	5769.500000	0	0	noise	cluster_noise	0.0000
4711	Spectrogram 1	1	5769.250000	5775.000000	0	0	8	cluster_8	0.9856
4712	Spectrogram 1	1	5774.750000	5775.250000	0	0	noise	cluster_noise	0.0000
4713	Spectrogram 1	1	5775.000000	5776.750000	0	0	21	cluster_21	0.7648
4714	Spectrogram 1	1	5776.500000	5777.500000	0	0	noise	cluster_noise	0.0000
4715	Spectrogram 1	1	5777.250000	5778.000000	0	0	8	cluster_8	0.9282
4716	Spectrogram 1	1	5777.750000	5778.250000	0	0	noise	cluster_noise	0.0000
4717	Spectrogram 1	1	5778.000000	5779.500000	0	0	8	cluster_8	1.0000
4718	Spectrogram 1	1	5779.250000	5780.000000	0	0	noise	cluster_noise	0.0000
4719	Spectrogram 1	1	5779.750000	5780.750000	0	0	18	cluster_18	0.9533
4720	Spectrogram 1	1	5780.500000	5781.000000	0	0	noise	cluster_noise	0.0000
4721	Spectrogram 1	1	5780.750000	5790.500000	0	0	8	cluster_8	0.9917
4722	Spectrogram 1	1	5790.250000	5791.250000	0	0	noise	cluster_noise	0.0000
4723	Spectrogram 1	1	5791.000000	5791.750000	0	0	21	cluster_21	0.7520
4724	Spectrogram 1	1	5791.500000	5792.750000	0	0	noise	cluster_noise	0.0000
4725	Spectrogram 1	1	5792.500000	5794.000000	0	0	8	cluster_8	0.9625
4726	Spectrogram 1	1	5793.750000	5794.250000	0	0	noise	cluster_noise	0.0000
4727	Spectrogram 1	1	5794.000000	5795.000000	0	0	8	cluster_8	0.9649
4728	Spectrogram 1	1	5794.750000	5795.500000	0	0	noise	cluster_noise	0.0000
4729	Spectrogram 1	1	5795.250000	5795.750000	0	0	18	cluster_18	1.0000
4730	Spectrogram 1	1	5795.500000	5796.000000	0	0	19	cluster_19	0.7752
4731	Spectrogram 1	1	5795.750000	5796.250000	0	0	noise	cluster_noise	0.0000
4732	Spectrogram 1	1	5796.000000	5798.750000	0	0	8	cluster_8	0.9783
4733	Spectrogram 1	1	5798.500000	5799.000000	0	0	noise	cluster_noise	0.0000
4734	Spectrogram 1	1	5798.750000	5800.750000	0	0	8	cluster_8	0.9375
4735	Spectrogram 1	1	5800.500000	5801.000000	0	0	noise	cluster_noise	0.0000
4736	Spectrogram 1	1	5800.750000	5805.000000	0	0	8	cluster_8	0.9751
4737	Spectrogram 1	1	5804.750000	5805.250000	0	0	noise	cluster_noise	0.0000
4738	Spectrogram 1	1	5805.000000	5808.250000	0	0	8	cluster_8	0.9835
4739	Spectrogram 1	1	5808.000000	5808.750000	0	0	noise	cluster_noise	0.0000
4740	Spectrogram 1	1	5808.500000	5809.000000	0	0	12	cluster_12	0.8579
4741	Spectrogram 1	1	5808.750000	5809.250000	0	0	8	cluster_8	0.8811
4742	Spectrogram 1	1	5809.000000	5811.250000	0	0	noise	cluster_noise	0.0000
4743	Spectrogram 1	1	5811.000000	5814.500000	0	0	8	cluster_8	0.9986
4744	Spectrogram 1	1	5814.250000	5815.000000	0	0	noise	cluster_noise	0.0000
4745	Spectrogram 1	1	5814.750000	5820.500000	0	0	8	cluster_8	0.9875
4746	Spectrogram 1	1	5820.250000	5820.750000	0	0	noise	cluster_noise	0.0000
4747	Spectrogram 1	1	5820.500000	5826.000000	0	0	8	cluster_8	0.9574
4748	Spectrogram 1	1	5825.750000	5831.000000	0	0	noise	cluster_noise	0.0000
4749	Spectrogram 1	1	5830.750000	5832.250000	0	0	8	cluster_8	0.9317
4750	Spectrogram 1	1	5832.000000	5832.500000	0	0	noise	cluster_noise	0.0000
4751	Spectrogram 1	1	5832.250000	5835.750000	0	0	8	cluster_8	0.9933
4752	Spectrogram 1	1	5835.500000	5836.250000	0	0	noise	cluster_noise	0.0000
4753	Spectrogram 1	1	5836.000000	5838.250000	0	0	8	cluster_8	0.9745
4754	Spectrogram 1	1	5838.000000	5838.500000	0	0	noise	cluster_noise	0.0000
4755	Spectrogram 1	1	5838.250000	5838.750000	0	0	8	cluster_8	0.8803
4756	Spectrogram 1	1	5838.500000	5839.500000	0	0	noise	cluster_noise	0.0000
4757	Spectrogram 1	1	5847.000000	5848.000000	0	0	8	cluster_8	1.0000
4758	Spectrogram 1	1	5847.750000	5848.500000	0	0	noise	cluster_noise	0.0000
4759	Spectrogram 1	1	5848.250000	5851.000000	0	0	8	cluster_8	0.9852
4760	Spectrogram 1	1	5850.750000	5851.250000	0	0	noise	cluster_noise	0.0000
4761	Spectrogram 1	1	5851.000000	5853.250000	0	0	8	cluster_8	0.9901
4762	Spectrogram 1	1	5853.000000	5853.750000	0	0	noise	cluster_noise	0.0000
4763	Spectrogram 1	1	5853.500000	5854.000000	0	0	3	cluster_3	1.0000
4764	Spectrogram 1	1	5853.750000	5855.500000	0	0	noise	cluster_noise	0.0000
4765	Spectrogram 1	1	5855.250000	5865.750000	0	0	8	cluster_8	0.9686
4766	Spectrogram 1	1	5865.500000	5866.000000	0	0	noise	cluster_noise	0.0000
4767	Spectrogram 1	1	5865.750000	5868.750000	0	0	8	cluster_8	0.9532
4768	Spectrogram 1	1	5868.500000	5869.000000	0	0	12	cluster_12	0.9349
4769	Spectrogram 1	1	5868.750000	5870.500000	0	0	noise	cluster_noise	0.0000
4770	Spectrogram 1	1	5871.000000	5880.000000	0	0	8	cluster_8	0.9670
4771	Spectrogram 1	1	5879.750000	5880.250000	0	0	noise	cluster_noise	0.0000
4772	Spectrogram 1	1	5880.000000	5883.000000	0	0	8	cluster_8	0.8843
4773	Spectrogram 1	1	5882.750000	5885.250000	0	0	noise	cluster_noise	0.0000
4774	Spectrogram 1	1	5885.000000	5896.500000	0	0	8	cluster_8	0.9775
4775	Spectrogram 1	1	5898.000000	5899.500000	0	0	noise	cluster_noise	0.0000
4776	Spectrogram 1	1	5902.000000	5902.750000	0	0	8	cluster_8	0.9776
4777	Spectrogram 1	1	5902.500000	5903.500000	0	0	noise	cluster_noise	0.0000
4778	Spectrogram 1	1	5903.250000	5953.500000	0	0	8	cluster_8	1.0000
4779	Spectrogram 1	1	5953.250000	5953.750000	0	0	noise	cluster_noise	0.0000
4780	Spectrogram 1	1	5953.500000	5957.250000	0	0	8	cluster_8	0.9795
4781	Spectrogram 1	1	5957.000000	5958.250000	0	0	0	cluster_0	0.7815
4782	Spectrogram 1	1	5958.000000	5958.500000	0	0	8	cluster_8	1.0000
4783	Spectrogram 1	1	5958.250000	5958.750000	0	0	noise	cluster_noise	0.0000
4784	Spectrogram 1	1	5958.500000	5960.500000	0	0	8	cluster_8	0.9867
4785	Spectrogram 1	1	5969.000000	5969.500000	0	0	noise	cluster_noise	0.0000
4786	Spectrogram 1	1	5969.250000	5972.000000	0	0	8	cluster_8	0.9999
4787	Spectrogram 1	1	5971.750000	5972.250000	0	0	noise	cluster_noise	0.0000
4788	Spectrogram 1	1	5972.000000	5972.500000	0	0	8	cluster_8	0.9638
4789	Spectrogram 1	1	5972.250000	5973.000000	0	0	3	cluster_3	0.9373
4790	Spectrogram 1	1	5972.750000	5973.250000	0	0	8	cluster_8	0.8603
4791	Spectrogram 1	1	5973.000000	5974.250000	0	0	noise	cluster_noise	0.0000
4792	Spectrogram 1	1	5974.000000	5976.000000	0	0	8	cluster_8	0.9943
4793	Spectrogram 1	1	5975.750000	5976.250000	0	0	3	cluster_3	0.9987
4794	Spectrogram 1	1	5976.000000	5976.500000	0	0	noise	cluster_noise	0.0000
4795	Spectrogram 1	1	5976.250000	5978.750000	0	0	8	cluster_8	0.9986
4796	Spectrogram 1	1	5978.500000	5979.250000	0	0	3	cluster_3	1.0000
4797	Spectrogram 1	1	5979.000000	5980.500000	0	0	8	cluster_8	0.9316
4798	Spectrogram 1	1	5980.250000	5980.750000	0	0	noise	cluster_noise	0.0000
4799	Spectrogram 1	1	5980.500000	5981.250000	0	0	8	cluster_8	1.0000
4800	Spectrogram 1	1	5981.000000	5981.500000	0	0	3	cluster_3	1.0000
4801	Spectrogram 1	1	5981.250000	5981.750000	0	0	noise	cluster_noise	0.0000
4802	Spectrogram 1	1	5981.500000	5982.500000	0	0	8	cluster_8	0.9015
4803	Spectrogram 1	1	5985.000000	5986.250000	0	0	11	cluster_11	0.5829
4804	Spectrogram 1	1	5986.000000	5986.500000	0	0	noise	cluster_noise	0.0000
4805	Spectrogram 1	1	5986.250000	5987.500000	0	0	8	cluster_8	0.9555
4806	Spectrogram 1	1	5987.250000	5988.000000	0	0	noise	cluster_noise	0.0000
4807	Spectrogram 1	1	5987.750000	5989.500000	0	0	11	cluster_11	0.5112
4808	Spectrogram 1	1	5989.250000	5989.750000	0	0	noise	cluster_noise	0.0000
4809	Spectrogram 1	1	5989.500000	5990.250000	0	0	8	cluster_8	1.0000
4810	Spectrogram 1	1	5990.000000	5990.500000	0	0	noise	cluster_noise	0.0000
4811	Spectrogram 1	1	5990.250000	5992.000000	0	0	11	cluster_11	0.5329
4812	Spectrogram 1	1	5991.750000	5992.250000	0	0	noise	cluster_noise	0.0000
4813	Spectrogram 1	1	5992.000000	5994.000000	0	0	11	cluster_11	0.6410
4814	Spectrogram 1	1	5993.750000	5994.250000	0	0	noise	cluster_noise	0.0000
4815	Spectrogram 1	1	5994.000000	5995.500000	0	0	8	cluster_8	1.0000
4816	Spectrogram 1	1	5995.250000	5996.250000	0	0	3	cluster_3	1.0000
4817	Spectrogram 1	1	5996.000000	5998.250000	0	0	8	cluster_8	1.0000
4818	Spectrogram 1	1	5998.000000	5999.250000	0	0	3	cluster_3	1.0000
4819	Spectrogram 1	1	5999.000000	6001.250000	0	0	8	cluster_8	0.9882
4820	Spectrogram 1	1	6001.000000	6002.000000	0	0	3	cluster_3	0.9176
4821	Spectrogram 1	1	6001.750000	6002.250000	0	0	8	cluster_8	1.0000
4822	Spectrogram 1	1	6002.000000	6002.500000	0	0	3	cluster_3	1.0000
4823	Spectrogram 1	1	6003.000000	6003.500000	0	0	8	cluster_8	1.0000
4824	Spectrogram 1	1	6003.250000	6003.750000	0	0	noise	cluster_noise	0.0000
4825	Spectrogram 1	1	6003.500000	6004.250000	0	0	3	cluster_3	1.0000
4826	Spectrogram 1	1	6004.000000	6005.250000	0	0	8	cluster_8	1.0000
4827	Spectrogram 1	1	6005.000000	6005.750000	0	0	noise	cluster_noise	0.0000
4828	Spectrogram 1	1	6005.500000	6006.500000	0	0	11	cluster_11	0.6109
4829	Spectrogram 1	1	6006.250000	6006.750000	0	0	noise	cluster_noise	0.0000
4830	Spectrogram 1	1	6006.500000	6007.750000	0	0	8	cluster_8	1.0000
4831	Spectrogram 1	1	6007.500000	6009.750000	0	0	11	cluster_11	0.5451
4832	Spectrogram 1	1	6009.500000	6010.750000	0	0	8	cluster_8	0.9778
4833	Spectrogram 1	1	6010.500000	6013.000000	0	0	11	cluster_11	0.7608
4834	Spectrogram 1	1	6012.750000	6013.500000	0	0	noise	cluster_noise	0.0000
4835	Spectrogram 1	1	6013.250000	6016.750000	0	0	11	cluster_11	0.7763
4836	Spectrogram 1	1	6016.500000	6018.000000	0	0	8	cluster_8	1.0000
4837	Spectrogram 1	1	6017.750000	6018.500000	0	0	3	cluster_3	1.0000
4838	Spectrogram 1	1	6020.000000	6020.500000	0	0	8	cluster_8	1.0000
4839	Spectrogram 1	1	6020.250000	6021.000000	0	0	noise	cluster_noise	0.0000
4840	Spectrogram 1	1	6020.750000	6022.500000	0	0	3	cluster_3	1.0000
4841	Spectrogram 1	1	6022.250000	6023.750000	0	0	8	cluster_8	1.0000
4842	Spectrogram 1	1	6023.500000	6025.250000	0	0	3	cluster_3	0.9565
4843	Spectrogram 1	1	6025.000000	6027.000000	0	0	8	cluster_8	1.0000
4844	Spectrogram 1	1	6026.750000	6028.500000	0	0	3	cluster_3	0.9756
4845	Spectrogram 1	1	6028.250000	6028.750000	0	0	noise	cluster_noise	0.0000
4846	Spectrogram 1	1	6028.500000	6030.000000	0	0	8	cluster_8	0.9977
4847	Spectrogram 1	1	6029.750000	6031.000000	0	0	3	cluster_3	1.0000
4848	Spectrogram 1	1	6030.750000	6031.250000	0	0	1	cluster_1	0.7436
4849	Spectrogram 1	1	6031.000000	6031.500000	0	0	noise	cluster_noise	0.0000
4850	Spectrogram 1	1	6031.250000	6032.500000	0	0	8	cluster_8	1.0000
4851	Spectrogram 1	1	6033.000000	6034.000000	0	0	3	cluster_3	0.9231
4852	Spectrogram 1	1	6033.750000	6034.500000	0	0	noise	cluster_noise	0.0000
4853	Spectrogram 1	1	6034.250000	6035.250000	0	0	8	cluster_8	1.0000
4854	Spectrogram 1	1	6035.000000	6035.500000	0	0	noise	cluster_noise	0.0000
4855	Spectrogram 1	1	6035.250000	6036.500000	0	0	3	cluster_3	0.9570
4856	Spectrogram 1	1	6036.250000	6037.000000	0	0	1	cluster_1	1.0000
4857	Spectrogram 1	1	6036.750000	6038.500000	0	0	8	cluster_8	0.9854
4858	Spectrogram 1	1	6038.250000	6040.000000	0	0	3	cluster_3	0.9696
4859	Spectrogram 1	1	6039.750000	6041.750000	0	0	8	cluster_8	0.9845
4860	Spectrogram 1	1	6041.500000	6042.750000	0	0	3	cluster_3	0.9497
4861	Spectrogram 1	1	6042.500000	6113.750000	0	0	noise	cluster_noise	0.0000
4862	Spectrogram 1	1	6113.500000	6114.000000	0	0	16	cluster_16	0.8595
4863	Spectrogram 1	1	6113.750000	6114.250000	0	0	noise	cluster_noise	0.0000
4864	Spectrogram 1	1	6114.000000	6115.000000	0	0	16	cluster_16	0.8848
4865	Spectrogram 1	1	6114.750000	6116.250000	0	0	noise	cluster_noise	0.0000
4866	Spectrogram 1	1	6116.000000	6117.500000	0	0	8	cluster_8	1.0000
4867	Spectrogram 1	1	6127.000000	6127.500000	0	0	noise	cluster_noise	0.0000
4868	Spectrogram 1	1	6127.250000	6128.250000	0	0	16	cluster_16	0.9256
4869	Spectrogram 1	1	6128.000000	6129.000000	0	0	noise	cluster_noise	0.0000
4870	Spectrogram 1	1	6128.750000	6130.500000	0	0	8	cluster_8	0.9756
4871	Spectrogram 1	1	6130.250000	6132.500000	0	0	3	cluster_3	1.0000
4872	Spectrogram 1	1	6142.000000	6142.500000	0	0	noise	cluster_noise	0.0000
4873	Spectrogram 1	1	6142.250000	6142.750000	0	0	8	cluster_8	1.0000
4874	Spectrogram 1	1	6142.500000	6143.000000	0	0	noise	cluster_noise	0.0000
4875	Spectrogram 1	1	6142.750000	6143.500000	0	0	8	cluster_8	1.0000
4876	Spectrogram 1	1	6143.250000	6145.000000	0	0	3	cluster_3	1.0000
4877	Spectrogram 1	1	6144.750000	6145.250000	0	0	8	cluster_8	1.0000
4878	Spectrogram 1	1	6145.000000	6145.500000	0	0	noise	cluster_noise	0.0000
4879	Spectrogram 1	1	6145.250000	6146.750000	0	0	8	cluster_8	0.9623
4880	Spectrogram 1	1	6146.500000	6147.000000	0	0	13	cluster_13	0.6474
4881	Spectrogram 1	1	6146.750000	6147.250000	0	0	noise	cluster_noise	0.0000
4882	Spectrogram 1	1	6147.000000	6147.500000	0	0	1	cluster_1	1.0000
4883	Spectrogram 1	1	6153.000000	6154.750000	0	0	18	cluster_18	0.8523
4884	Spectrogram 1	1	6154.500000	6155.500000	0	0	noise	cluster_noise	0.0000
4885	Spectrogram 1	1	6155.250000	6156.250000	0	0	8	cluster_8	1.0000
4886	Spectrogram 1	1	6156.000000	6158.000000	0	0	3	cluster_3	0.9659
4887	Spectrogram 1	1	6157.750000	6158.500000	0	0	7	cluster_7	1.0000
4888	Spectrogram 1	1	6158.250000	6159.750000	0	0	8	cluster_8	0.9976
4889	Spectrogram 1	1	6159.500000	6160.000000	0	0	13	cluster_13	0.9343
4890	Spectrogram 1	1	6159.750000	6161.750000	0	0	1	cluster_1	0.9259
4891	Spectrogram 1	1	6161.500000	6166.750000	0	0	8	cluster_8	0.9944
4892	Spectrogram 1	1	6166.500000	6168.500000	0	0	3	cluster_3	0.9690
4893	Spectrogram 1	1	6168.250000	6168.750000	0	0	7	cluster_7	0.8966
4894	Spectrogram 1	1	6168.500000	6170.500000	0	0	8	cluster_8	0.9748
4895	Spectrogram 1	1	6170.250000	6170.750000	0	0	13	cluster_13	1.0000
4896	Spectrogram 1	1	6170.500000	6171.000000	0	0	18	cluster_18	0.6976
4897	Spectrogram 1	1	6170.750000	6171.250000	0	0	noise	cluster_noise	0.0000
4898	Spectrogram 1	1	6171.000000	6172.750000	0	0	1	cluster_1	1.0000
4899	Spectrogram 1	1	6172.500000	6173.000000	0	0	noise	cluster_noise	0.0000
4900	Spectrogram 1	1	6172.750000	6174.750000	0	0	8	cluster_8	1.0000
4901	Spectrogram 1	1	6174.500000	6175.000000	0	0	13	cluster_13	0.8505
4902	Spectrogram 1	1	6174.750000	6176.000000	0	0	18	cluster_18	0.8970
4903	Spectrogram 1	1	6175.750000	6177.250000	0	0	noise	cluster_noise	0.0000
4904	Spectrogram 1	1	6177.000000	6177.500000	0	0	3	cluster_3	0.9370
4905	Spectrogram 1	1	6179.000000	6182.750000	0	0	8	cluster_8	0.9942
4906	Spectrogram 1	1	6182.500000	6183.750000	0	0	noise	cluster_noise	0.0000
4907	Spectrogram 1	1	6183.500000	6186.000000	0	0	8	cluster_8	0.9820
4908	Spectrogram 1	1	6185.750000	6186.500000	0	0	noise	cluster_noise	0.0000
4909	Spectrogram 1	1	6186.250000	6187.250000	0	0	18	cluster_18	0.9276
4910	Spectrogram 1	1	6187.000000	6188.500000	0	0	noise	cluster_noise	0.0000
4911	Spectrogram 1	1	6188.250000	6189.750000	0	0	3	cluster_3	0.9508
4912	Spectrogram 1	1	6189.500000	6190.000000	0	0	7	cluster_7	1.0000
4913	Spectrogram 1	1	6189.750000	6194.250000	0	0	8	cluster_8	1.0000
4914	Spectrogram 1	1	6194.000000	6194.500000	0	0	noise	cluster_noise	0.0000
4915	Spectrogram 1	1	6194.250000	6197.000000	0	0	8	cluster_8	0.9622
4916	Spectrogram 1	1	6196.750000	6197.250000	0	0	noise	cluster_noise	0.0000
4917	Spectrogram 1	1	6197.000000	6198.000000	0	0	18	cluster_18	0.8828
4918	Spectrogram 1	1	6197.750000	6199.250000	0	0	noise	cluster_noise	0.0000
4919	Spectrogram 1	1	6199.000000	6199.500000	0	0	8	cluster_8	0.9948
4920	Spectrogram 1	1	6199.250000	6199.750000	0	0	3	cluster_3	1.0000
4921	Spectrogram 1	1	6199.500000	6200.250000	0	0	noise	cluster_noise	0.0000
4922	Spectrogram 1	1	6200.000000	6200.750000	0	0	3	cluster_3	0.8101
4923	Spectrogram 1	1	6200.500000	6201.000000	0	0	noise	cluster_noise	0.0000
4924	Spectrogram 1	1	6200.750000	6204.500000	0	0	8	cluster_8	1.0000
4925	Spectrogram 1	1	6206.000000	6206.750000	0	0	noise	cluster_noise	0.0000
4926	Spectrogram 1	1	6206.500000	6208.250000	0	0	8	cluster_8	0.9726
4927	Spectrogram 1	1	6208.000000	6208.750000	0	0	noise	cluster_noise	0.0000
4928	Spectrogram 1	1	6208.500000	6209.250000	0	0	18	cluster_18	0.8510
4929	Spectrogram 1	1	6209.000000	6211.000000	0	0	noise	cluster_noise	0.0000
4930	Spectrogram 1	1	6210.750000	6212.000000	0	0	3	cluster_3	0.9317
4931	Spectrogram 1	1	6211.750000	6212.250000	0	0	8	cluster_8	0.8924
4932	Spectrogram 1	1	6212.000000	6212.500000	0	0	7	cluster_7	0.9471
4933	Spectrogram 1	1	6212.250000	6216.750000	0	0	8	cluster_8	0.9999
4934	Spectrogram 1	1	6216.500000	6217.000000	0	0	noise	cluster_noise	0.0000
4935	Spectrogram 1	1	6216.750000	6217.250000	0	0	8	cluster_8	1.0000
4936	Spectrogram 1	1	6217.000000	6219.750000	0	0	noise	cluster_noise	0.0000
4937	Spectrogram 1	1	6219.500000	6220.750000	0	0	18	cluster_18	0.9561
4938	Spectrogram 1	1	6220.500000	6222.000000	0	0	noise	cluster_noise	0.0000
4939	Spectrogram 1	1	6221.750000	6223.000000	0	0	3	cluster_3	0.9298
4940	Spectrogram 1	1	6222.750000	6223.750000	0	0	7	cluster_7	0.9675
4941	Spectrogram 1	1	6223.500000	6224.250000	0	0	8	cluster_8	1.0000
4942	Spectrogram 1	1	6224.000000	6224.500000	0	0	7	cluster_7	0.9298
4943	Spectrogram 1	1	6224.250000	6225.500000	0	0	8	cluster_8	0.9924
4944	Spectrogram 1	1	6225.250000	6226.000000	0	0	noise	cluster_noise	0.0000
4945	Spectrogram 1	1	6225.750000	6227.500000	0	0	8	cluster_8	1.0000
4946	Spectrogram 1	1	6227.250000	6228.500000	0	0	noise	cluster_noise	0.0000
4947	Spectrogram 1	1	6230.000000	6230.500000	0	0	3	cluster_3	1.0000
4948	Spectrogram 1	1	6230.250000	6230.750000	0	0	noise	cluster_noise	0.0000
4949	Spectrogram 1	1	6230.500000	6231.750000	0	0	18	cluster_18	0.8662
4950	Spectrogram 1	1	6231.500000	6233.000000	0	0	noise	cluster_noise	0.0000
4951	Spectrogram 1	1	6232.750000	6234.000000	0	0	3	cluster_3	0.9524
4952	Spectrogram 1	1	6233.750000	6234.500000	0	0	noise	cluster_noise	0.0000
4953	Spectrogram 1	1	6234.250000	6235.000000	0	0	8	cluster_8	0.9974
4954	Spectrogram 1	1	6234.750000	6235.250000	0	0	noise	cluster_noise	0.0000
4955	Spectrogram 1	1	6235.000000	6236.250000	0	0	8	cluster_8	0.9798
4956	Spectrogram 1	1	6236.000000	6236.500000	0	0	7	cluster_7	0.9470
4957	Spectrogram 1	1	6236.250000	6236.750000	0	0	8	cluster_8	1.0000
4958	Spectrogram 1	1	6236.500000	6237.250000	0	0	noise	cluster_noise	0.0000
4959	Spectrogram 1	1	6237.000000	6239.000000	0	0	8	cluster_8	0.9984
4960	Spectrogram 1	1	6238.750000	6241.500000	0	0	noise	cluster_noise	0.0000
4961	Spectrogram 1	1	6241.250000	6242.750000	0	0	18	cluster_18	0.9588
4962	Spectrogram 1	1	6242.500000	6243.750000	0	0	noise	cluster_noise	0.0000
4963	Spectrogram 1	1	6243.500000	6245.000000	0	0	3	cluster_3	0.9817
4964	Spectrogram 1	1	6244.750000	6247.250000	0	0	8	cluster_8	0.9693
4965	Spectrogram 1	1	6247.000000	6247.750000	0	0	7	cluster_7	1.0000
4966	Spectrogram 1	1	6247.500000	6248.000000	0	0	8	cluster_8	1.0000
4967	Spectrogram 1	1	6247.750000	6248.250000	0	0	noise	cluster_noise	0.0000
4968	Spectrogram 1	1	6248.000000	6250.000000	0	0	8	cluster_8	0.9993
4969	Spectrogram 1	1	6249.750000	6250.500000	0	0	7	cluster_7	0.8719
4970	Spectrogram 1	1	6252.000000	6252.500000	0	0	noise	cluster_noise	0.0000
4971	Spectrogram 1	1	6252.250000	6254.000000	0	0	18	cluster_18	0.8935
4972	Spectrogram 1	1	6253.750000	6255.000000	0	0	noise	cluster_noise	0.0000
4973	Spectrogram 1	1	6254.750000	6256.000000	0	0	3	cluster_3	0.8750
4974	Spectrogram 1	1	6255.750000	6256.250000	0	0	8	cluster_8	0.9808
4975	Spectrogram 1	1	6256.000000	6257.250000	0	0	7	cluster_7	0.9637
4976	Spectrogram 1	1	6257.000000	6257.500000	0	0	noise	cluster_noise	0.0000
4977	Spectrogram 1	1	6257.250000	6258.000000	0	0	8	cluster_8	0.9910
4978	Spectrogram 1	1	6257.750000	6258.500000	0	0	7	cluster_7	1.0000
4979	Spectrogram 1	1	6258.250000	6258.750000	0	0	8	cluster_8	0.9193
4980	Spectrogram 1	1	6258.500000	6259.250000	0	0	noise	cluster_noise	0.0000
4981	Spectrogram 1	1	6259.000000	6260.750000	0	0	8	cluster_8	1.0000
4982	Spectrogram 1	1	6260.500000	6261.000000	0	0	noise	cluster_noise	0.0000
4983	Spectrogram 1	1	6260.750000	6261.250000	0	0	7	cluster_7	0.8299
4984	Spectrogram 1	1	6261.000000	6261.750000	0	0	noise	cluster_noise	0.0000
4985	Spectrogram 1	1	6261.500000	6262.000000	0	0	7	cluster_7	1.0000
4986	Spectrogram 1	1	6261.750000	6262.250000	0	0	8	cluster_8	1.0000
4987	Spectrogram 1	1	6262.000000	6262.500000	0	0	7	cluster_7	1.0000
4988	Spectrogram 1	1	6263.000000	6263.500000	0	0	noise	cluster_noise	0.0000
4989	Spectrogram 1	1	6263.250000	6265.000000	0	0	18	cluster_18	0.9746
4990	Spectrogram 1	1	6264.750000	6266.000000	0	0	noise	cluster_noise	0.0000
4991	Spectrogram 1	1	6265.750000	6267.000000	0	0	3	cluster_3	0.9380
4992	Spectrogram 1	1	6266.750000	6267.250000	0	0	noise	cluster_noise	0.0000
4993	Spectrogram 1	1	6267.000000	6268.250000	0	0	7	cluster_7	0.9472
4994	Spectrogram 1	1	6268.000000	6268.500000	0	0	8	cluster_8	0.8097
4995	Spectrogram 1	1	6268.250000	6268.750000	0	0	7	cluster_7	1.0000
4996	Spectrogram 1	1	6268.500000	6269.250000	0	0	noise	cluster_noise	0.0000
4997	Spectrogram 1	1	6269.000000	6269.750000	0	0	7	cluster_7	0.9898
4998	Spectrogram 1	1	6269.500000	6270.000000	0	0	noise	cluster_noise	0.0000
4999	Spectrogram 1	1	6269.750000	6272.000000	0	0	8	cluster_8	0.9937
5000	Spectrogram 1	1	6271.750000	6273.000000	0	0	noise	cluster_noise	0.0000
5001	Spectrogram 1	1	6272.750000	6273.500000	0	0	7	cluster_7	0.9708
5002	Spectrogram 1	1	6275.000000	6276.000000	0	0	18	cluster_18	0.9913
5003	Spectrogram 1	1	6275.750000	6277.000000	0	0	noise	cluster_noise	0.0000
5004	Spectrogram 1	1	6276.750000	6278.000000	0	0	3	cluster_3	0.9545
5005	Spectrogram 1	1	6277.750000	6278.250000	0	0	7	cluster_7	0.8508
5006	Spectrogram 1	1	6278.000000	6278.500000	0	0	noise	cluster_noise	0.0000
5007	Spectrogram 1	1	6278.250000	6279.750000	0	0	7	cluster_7	0.9687
5008	Spectrogram 1	1	6279.500000	6280.500000	0	0	8	cluster_8	0.8971
5009	Spectrogram 1	1	6280.250000	6281.000000	0	0	7	cluster_7	1.0000
5010	Spectrogram 1	1	6280.750000	6281.250000	0	0	noise	cluster_noise	0.0000
5011	Spectrogram 1	1	6281.000000	6283.000000	0	0	8	cluster_8	1.0000
5012	Spectrogram 1	1	6282.750000	6284.250000	0	0	noise	cluster_noise	0.0000
5013	Spectrogram 1	1	6284.000000	6284.500000	0	0	7	cluster_7	0.9365
5014	Spectrogram 1	1	6286.000000	6287.000000	0	0	18	cluster_18	1.0000
5015	Spectrogram 1	1	6286.750000	6288.000000	0	0	noise	cluster_noise	0.0000
5016	Spectrogram 1	1	6287.750000	6288.750000	0	0	3	cluster_3	0.9711
5017	Spectrogram 1	1	6288.500000	6289.000000	0	0	noise	cluster_noise	0.0000
5018	Spectrogram 1	1	6288.750000	6289.250000	0	0	8	cluster_8	0.9216
5019	Spectrogram 1	1	6289.000000	6290.000000	0	0	7	cluster_7	0.9336
5020	Spectrogram 1	1	6289.750000	6290.500000	0	0	8	cluster_8	1.0000
5021	Spectrogram 1	1	6290.250000	6290.750000	0	0	7	cluster_7	0.8448
5022	Spectrogram 1	1	6290.500000	6291.000000	0	0	8	cluster_8	0.9728
5023	Spectrogram 1	1	6290.750000	6291.250000	0	0	7	cluster_7	0.9222
5024	Spectrogram 1	1	6291.000000	6291.500000	0	0	8	cluster_8	1.0000
5025	Spectrogram 1	1	6291.250000	6292.250000	0	0	noise	cluster_noise	0.0000
5026	Spectrogram 1	1	6292.000000	6294.000000	0	0	8	cluster_8	1.0000
5027	Spectrogram 1	1	6293.750000	6294.250000	0	0	noise	cluster_noise	0.0000
5028	Spectrogram 1	1	6294.000000	6294.500000	0	0	7	cluster_7	0.9029
5029	Spectrogram 1	1	6294.250000	6294.750000	0	0	noise	cluster_noise	0.0000
5030	Spectrogram 1	1	6294.500000	6295.000000	0	0	8	cluster_8	1.0000
5031	Spectrogram 1	1	6294.750000	6295.500000	0	0	7	cluster_7	0.9340
5032	Spectrogram 1	1	6295.250000	6295.750000	0	0	noise	cluster_noise	0.0000
5033	Spectrogram 1	1	6295.500000	6296.000000	0	0	8	cluster_8	0.8868
5034	Spectrogram 1	1	6295.750000	6296.250000	0	0	7	cluster_7	0.8109
5035	Spectrogram 1	1	6296.000000	6296.500000	0	0	noise	cluster_noise	0.0000
5036	Spectrogram 1	1	6297.000000	6298.000000	0	0	18	cluster_18	0.9901
5037	Spectrogram 1	1	6297.750000	6298.500000	0	0	14	cluster_14	0.9938
5038	Spectrogram 1	1	6298.250000	6300.000000	0	0	noise	cluster_noise	0.0000
5039	Spectrogram 1	1	6299.750000	6300.250000	0	0	8	cluster_8	0.8915
5040	Spectrogram 1	1	6300.000000	6301.500000	0	0	noise	cluster_noise	0.0000
5041	Spectrogram 1	1	6301.250000	6301.750000	0	0	7	cluster_7	0.9249
5042	Spectrogram 1	1	6301.500000	6302.000000	0	0	8	cluster_8	1.0000
5043	Spectrogram 1	1	6301.750000	6302.500000	0	0	noise	cluster_noise	0.0000
5044	Spectrogram 1	1	6302.250000	6303.000000	0	0	8	cluster_8	0.9487
5045	Spectrogram 1	1	6302.750000	6303.500000	0	0	7	cluster_7	0.8377
5046	Spectrogram 1	1	6303.250000	6303.750000	0	0	noise	cluster_noise	0.0000
5047	Spectrogram 1	1	6303.500000	6304.250000	0	0	8	cluster_8	0.9134
5048	Spectrogram 1	1	6304.000000	6304.500000	0	0	noise	cluster_noise	0.0000
5049	Spectrogram 1	1	6304.250000	6305.250000	0	0	7	cluster_7	0.9318
5050	Spectrogram 1	1	6305.000000	6306.000000	0	0	8	cluster_8	0.9588
5051	Spectrogram 1	1	6305.750000	6306.500000	0	0	7	cluster_7	0.9031
5052	Spectrogram 1	1	6308.000000	6308.500000	0	0	22	cluster_22	1.0000
5053	Spectrogram 1	1	6308.250000	6310.250000	0	0	noise	cluster_noise	0.0000
5054	Spectrogram 1	1	6310.000000	6311.250000	0	0	7	cluster_7	0.9062
5055	Spectrogram 1	1	6311.000000	6312.000000	0	0	noise	cluster_noise	0.0000
5056	Spectrogram 1	1	6311.750000	6312.500000	0	0	18	cluster_18	0.9722
5057	Spectrogram 1	1	6312.250000	6313.250000	0	0	noise	cluster_noise	0.0000
5058	Spectrogram 1	1	6313.000000	6313.750000	0	0	7	cluster_7	0.9073
5059	Spectrogram 1	1	6313.500000	6314.750000	0	0	8	cluster_8	0.9631
5060	Spectrogram 1	1	6314.500000	6315.000000	0	0	7	cluster_7	0.8514
5061	Spectrogram 1	1	6314.750000	6315.250000	0	0	noise	cluster_noise	0.0000
5062	Spectrogram 1	1	6315.000000	6316.000000	0	0	7	cluster_7	0.9416
5063	Spectrogram 1	1	6315.750000	6316.750000	0	0	8	cluster_8	0.9491
5064	Spectrogram 1	1	6316.500000	6317.500000	0	0	7	cluster_7	0.9878
5065	Spectrogram 1	1	6319.000000	6320.000000	0	0	8	cluster_8	0.9783
5066	Spectrogram 1	1	6319.750000	6321.250000	0	0	noise	cluster_noise	0.0000
5067	Spectrogram 1	1	6321.000000	6321.500000	0	0	7	cluster_7	1.0000
5068	Spectrogram 1	1	6321.250000	6321.750000	0	0	8	cluster_8	0.9531
5069	Spectrogram 1	1	6321.500000	6324.250000	0	0	noise	cluster_noise	0.0000
5070	Spectrogram 1	1	6324.000000	6324.500000	0	0	12	cluster_12	0.8749
5071	Spectrogram 1	1	6324.250000	6325.000000	0	0	7	cluster_7	0.9049
5072	Spectrogram 1	1	6324.750000	6325.250000	0	0	noise	cluster_noise	0.0000
5073	Spectrogram 1	1	6325.000000	6325.500000	0	0	8	cluster_8	1.0000
5074	Spectrogram 1	1	6325.250000	6325.750000	0	0	noise	cluster_noise	0.0000
5075	Spectrogram 1	1	6325.500000	6326.000000	0	0	8	cluster_8	0.8923
5076	Spectrogram 1	1	6325.750000	6326.500000	0	0	noise	cluster_noise	0.0000
5077	Spectrogram 1	1	6326.250000	6327.000000	0	0	18	cluster_18	0.9387
5078	Spectrogram 1	1	6326.750000	6327.250000	0	0	noise	cluster_noise	0.0000
5079	Spectrogram 1	1	6327.000000	6328.000000	0	0	12	cluster_12	0.8420
5080	Spectrogram 1	1	6327.750000	6328.500000	0	0	7	cluster_7	0.9874
5081	Spectrogram 1	1	6328.250000	6329.250000	0	0	8	cluster_8	0.9118
5082	Spectrogram 1	1	6329.000000	6330.500000	0	0	7	cluster_7	0.9250
5083	Spectrogram 1	1	6330.250000	6331.250000	0	0	8	cluster_8	0.9264
5084	Spectrogram 1	1	6331.000000	6332.500000	0	0	7	cluster_7	0.9499
5085	Spectrogram 1	1	6332.250000	6333.250000	0	0	8	cluster_8	0.9557
5086	Spectrogram 1	1	6333.000000	6333.500000	0	0	noise	cluster_noise	0.0000
5087	Spectrogram 1	1	6333.250000	6334.000000	0	0	7	cluster_7	0.9922
5088	Spectrogram 1	1	6333.750000	6334.750000	0	0	8	cluster_8	0.9451
5089	Spectrogram 1	1	6334.500000	6335.250000	0	0	noise	cluster_noise	0.0000
5090	Spectrogram 1	1	6335.000000	6336.500000	0	0	7	cluster_7	0.9332
5091	Spectrogram 1	1	6336.250000	6336.750000	0	0	8	cluster_8	0.9699
5092	Spectrogram 1	1	6336.500000	6338.500000	0	0	noise	cluster_noise	0.0000
5093	Spectrogram 1	1	6338.250000	6338.750000	0	0	12	cluster_12	0.7042
5094	Spectrogram 1	1	6338.500000	6339.250000	0	0	noise	cluster_noise	0.0000
5095	Spectrogram 1	1	6339.000000	6339.500000	0	0	12	cluster_12	0.9603
5096	Spectrogram 1	1	6339.250000	6340.500000	0	0	7	cluster_7	0.9909
5097	Spectrogram 1	1	6341.000000	6341.750000	0	0	18	cluster_18	0.9763
5098	Spectrogram 1	1	6341.500000	6342.000000	0	0	noise	cluster_noise	0.0000
5099	Spectrogram 1	1	6341.750000	6342.500000	0	0	12	cluster_12	0.7571
5100	Spectrogram 1	1	6342.250000	6342.750000	0	0	noise	cluster_noise	0.0000
5101	Spectrogram 1	1	6342.500000	6343.000000	0	0	7	cluster_7	1.0000
5102	Spectrogram 1	1	6342.750000	6343.250000	0	0	noise	cluster_noise	0.0000
5103	Spectrogram 1	1	6343.000000	6344.000000	0	0	8	cluster_8	0.9672
5104	Spectrogram 1	1	6343.750000	6345.250000	0	0	7	cluster_7	0.9664
5105	Spectrogram 1	1	6345.000000	6345.500000	0	0	8	cluster_8	0.9208
5106	Spectrogram 1	1	6345.250000	6346.000000	0	0	noise	cluster_noise	0.0000
5107	Spectrogram 1	1	6345.750000	6346.750000	0	0	7	cluster_7	0.9819
5108	Spectrogram 1	1	6346.500000	6347.000000	0	0	noise	cluster_noise	0.0000
5109	Spectrogram 1	1	6346.750000	6347.500000	0	0	8	cluster_8	1.0000
5110	Spectrogram 1	1	6347.250000	6348.000000	0	0	noise	cluster_noise	0.0000
5111	Spectrogram 1	1	6347.750000	6348.500000	0	0	7	cluster_7	0.8993
5112	Spectrogram 1	1	6348.250000	6349.000000	0	0	noise	cluster_noise	0.0000
5113	Spectrogram 1	1	6348.750000	6349.250000	0	0	8	cluster_8	1.0000
5114	Spectrogram 1	1	6349.000000	6350.750000	0	0	7	cluster_7	0.9948
5115	Spectrogram 1	1	6350.500000	6353.500000	0	0	noise	cluster_noise	0.0000
5116	Spectrogram 1	1	6353.250000	6353.750000	0	0	12	cluster_12	0.7144
5117	Spectrogram 1	1	6353.500000	6356.500000	0	0	7	cluster_7	0.9608
5118	Spectrogram 1	1	6356.250000	6356.750000	0	0	9	cluster_9	0.7152
5119	Spectrogram 1	1	6356.500000	6357.250000	0	0	noise	cluster_noise	0.0000
5120	Spectrogram 1	1	6357.000000	6357.750000	0	0	7	cluster_7	0.9886
5121	Spectrogram 1	1	6357.500000	6358.250000	0	0	noise	cluster_noise	0.0000
5122	Spectrogram 1	1	6358.000000	6358.500000	0	0	7	cluster_7	1.0000
5123	Spectrogram 1	1	6358.250000	6358.750000	0	0	noise	cluster_noise	0.0000
5124	Spectrogram 1	1	6358.500000	6359.250000	0	0	7	cluster_7	1.0000
5125	Spectrogram 1	1	6359.000000	6359.500000	0	0	noise	cluster_noise	0.0000
5126	Spectrogram 1	1	6359.250000	6359.750000	0	0	7	cluster_7	0.8624
5127	Spectrogram 1	1	6359.500000	6360.000000	0	0	3	cluster_3	0.7749
5128	Spectrogram 1	1	6359.750000	6361.000000	0	0	noise	cluster_noise	0.0000
5129	Spectrogram 1	1	6360.750000	6361.250000	0	0	3	cluster_3	0.9838
5130	Spectrogram 1	1	6361.000000	6362.250000	0	0	7	cluster_7	0.9855
5131	Spectrogram 1	1	6362.000000	6362.500000	0	0	8	cluster_8	0.9472
5132	Spectrogram 1	1	6362.250000	6362.750000	0	0	7	cluster_7	1.0000
5133	Spectrogram 1	1	6362.500000	6364.750000	0	0	noise	cluster_noise	0.0000
5134	Spectrogram 1	1	6364.500000	6365.250000	0	0	12	cluster_12	0.8508
5135	Spectrogram 1	1	6365.000000	6365.500000	0	0	noise	cluster_noise	0.0000
5136	Spectrogram 1	1	6365.250000	6366.750000	0	0	7	cluster_7	0.9586
5137	Spectrogram 1	1	6366.500000	6367.000000	0	0	noise	cluster_noise	0.0000
5138	Spectrogram 1	1	6366.750000	6369.000000	0	0	7	cluster_7	0.9522
5139	Spectrogram 1	1	6368.750000	6369.250000	0	0	noise	cluster_noise	0.0000
5140	Spectrogram 1	1	6369.000000	6369.500000	0	0	7	cluster_7	1.0000
5141	Spectrogram 1	1	6369.250000	6370.000000	0	0	noise	cluster_noise	0.0000
5142	Spectrogram 1	1	6369.750000	6373.250000	0	0	3	cluster_3	0.9827
5143	Spectrogram 1	1	6373.000000	6375.000000	0	0	7	cluster_7	0.9908
5144	Spectrogram 1	1	6374.750000	6377.750000	0	0	noise	cluster_noise	0.0000
5145	Spectrogram 1	1	6377.500000	6378.000000	0	0	7	cluster_7	0.8676
5146	Spectrogram 1	1	6377.750000	6378.250000	0	0	noise	cluster_noise	0.0000
5147	Spectrogram 1	1	6378.000000	6380.000000	0	0	7	cluster_7	0.9823
5148	Spectrogram 1	1	6379.750000	6380.500000	0	0	noise	cluster_noise	0.0000
5149	Spectrogram 1	1	6380.250000	6382.500000	0	0	7	cluster_7	0.9950
5150	Spectrogram 1	1	6382.250000	6383.000000	0	0	3	cluster_3	0.7799
5151	Spectrogram 1	1	6382.750000	6383.250000	0	0	noise	cluster_noise	0.0000
5152	Spectrogram 1	1	6383.000000	6384.250000	0	0	2	cluster_2	0.8517
5153	Spectrogram 1	1	6384.000000	6384.500000	0	0	noise	cluster_noise	0.0000
5154	Spectrogram 1	1	6384.250000	6384.750000	0	0	3	cluster_3	0.8268
5155	Spectrogram 1	1	6384.500000	6386.500000	0	0	7	cluster_7	0.9783
5156	Spectrogram 1	1	6386.250000	6388.750000	0	0	noise	cluster_noise	0.0000
5157	Spectrogram 1	1	6388.500000	6389.250000	0	0	12	cluster_12	0.8724
5158	Spectrogram 1	1	6389.000000	6389.750000	0	0	7	cluster_7	0.9544
5159	Spectrogram 1	1	6389.500000	6390.000000	0	0	noise	cluster_noise	0.0000
5160	Spectrogram 1	1	6389.750000	6392.000000	0	0	7	cluster_7	0.9964
5161	Spectrogram 1	1	6391.750000	6392.250000	0	0	noise	cluster_noise	0.0000
5162	Spectrogram 1	1	6392.000000	6392.500000	0	0	7	cluster_7	0.9837
5163	Spectrogram 1	1	6392.250000	6393.000000	0	0	noise	cluster_noise	0.0000
5164	Spectrogram 1	1	6392.750000	6393.250000	0	0	7	cluster_7	0.9838
5165	Spectrogram 1	1	6393.000000	6393.500000	0	0	noise	cluster_noise	0.0000
5166	Spectrogram 1	1	6393.250000	6394.250000	0	0	7	cluster_7	1.0000
5167	Spectrogram 1	1	6394.000000	6394.500000	0	0	noise	cluster_noise	0.0000
5168	Spectrogram 1	1	6394.250000	6396.000000	0	0	2	cluster_2	0.8561
5169	Spectrogram 1	1	6395.750000	6396.250000	0	0	1	cluster_1	0.5965
5170	Spectrogram 1	1	6396.000000	6398.000000	0	0	7	cluster_7	0.9903
5171	Spectrogram 1	1	6397.750000	6399.250000	0	0	noise	cluster_noise	0.0000
5172	Spectrogram 1	1	6399.000000	6399.750000	0	0	20	cluster_20	0.8103
5173	Spectrogram 1	1	6399.500000	6401.000000	0	0	noise	cluster_noise	0.0000
5174	Spectrogram 1	1	6400.750000	6403.500000	0	0	7	cluster_7	0.9816
5175	Spectrogram 1	1	6403.250000	6404.500000	0	0	0	cluster_0	0.7383
5176	Spectrogram 1	1	6404.250000	6405.000000	0	0	noise	cluster_noise	0.0000
5177	Spectrogram 1	1	6404.750000	6405.250000	0	0	8	cluster_8	1.0000
5178	Spectrogram 1	1	6405.000000	6405.500000	0	0	noise	cluster_noise	0.0000
5179	Spectrogram 1	1	6405.250000	6405.750000	0	0	12	cluster_12	0.7104
5180	Spectrogram 1	1	6405.500000	6406.250000	0	0	7	cluster_7	0.9992
5181	Spectrogram 1	1	6406.000000	6406.500000	0	0	8	cluster_8	1.0000
5182	Spectrogram 1	1	6406.250000	6407.750000	0	0	7	cluster_7	0.9769
5183	Spectrogram 1	1	6407.500000	6409.250000	0	0	noise	cluster_noise	0.0000
5184	Spectrogram 1	1	6409.000000	6410.250000	0	0	0	cluster_0	0.7067
5185	Spectrogram 1	1	6410.000000	6410.500000	0	0	noise	cluster_noise	0.0000
5186	Spectrogram 1	1	6410.250000	6410.750000	0	0	12	cluster_12	0.9578
5187	Spectrogram 1	1	6410.500000	6411.000000	0	0	noise	cluster_noise	0.0000
5188	Spectrogram 1	1	6410.750000	6412.000000	0	0	7	cluster_7	0.9020
5189	Spectrogram 1	1	6411.750000	6412.250000	0	0	noise	cluster_noise	0.0000
5190	Spectrogram 1	1	6412.000000	6412.750000	0	0	8	cluster_8	0.9341
5191	Spectrogram 1	1	6412.500000	6413.000000	0	0	7	cluster_7	0.8088
5192	Spectrogram 1	1	6412.750000	6413.500000	0	0	noise	cluster_noise	0.0000
5193	Spectrogram 1	1	6413.250000	6414.250000	0	0	7	cluster_7	1.0000
5194	Spectrogram 1	1	6414.000000	6415.000000	0	0	8	cluster_8	0.9351
5195	Spectrogram 1	1	6414.750000	6415.250000	0	0	7	cluster_7	1.0000
5196	Spectrogram 1	1	6415.000000	6415.500000	0	0	noise	cluster_noise	0.0000
5197	Spectrogram 1	1	6415.250000	6416.750000	0	0	7	cluster_7	0.9620
5198	Spectrogram 1	1	6416.500000	6417.000000	0	0	noise	cluster_noise	0.0000
5199	Spectrogram 1	1	6416.750000	6422.500000	0	0	0	cluster_0	0.9917
5200	Spectrogram 1	1	6424.000000	6425.250000	0	0	7	cluster_7	0.9954
5201	Spectrogram 1	1	6425.000000	6426.000000	0	0	8	cluster_8	0.9327
5202	Spectrogram 1	1	6425.750000	6426.250000	0	0	7	cluster_7	1.0000
5203	Spectrogram 1	1	6426.000000	6426.500000	0	0	noise	cluster_noise	0.0000
5204	Spectrogram 1	1	6426.250000	6427.500000	0	0	7	cluster_7	0.9525
5205	Spectrogram 1	1	6427.250000	6427.750000	0	0	noise	cluster_noise	0.0000
5206	Spectrogram 1	1	6427.500000	6428.250000	0	0	8	cluster_8	1.0000
5207	Spectrogram 1	1	6428.000000	6429.500000	0	0	7	cluster_7	0.9507
5208	Spectrogram 1	1	6436.000000	6436.500000	0	0	8	cluster_8	0.8772
5209	Spectrogram 1	1	6436.250000	6437.000000	0	0	12	cluster_12	0.9025
5210	Spectrogram 1	1	6436.750000	6437.750000	0	0	7	cluster_7	0.9995
5211	Spectrogram 1	1	6437.500000	6438.250000	0	0	8	cluster_8	1.0000
5212	Spectrogram 1	1	6438.000000	6438.500000	0	0	3	cluster_3	1.0000
5213	Spectrogram 1	1	6438.250000	6438.750000	0	0	7	cluster_7	0.8652
5214	Spectrogram 1	1	6438.500000	6439.000000	0	0	noise	cluster_noise	0.0000
5215	Spectrogram 1	1	6438.750000	6439.750000	0	0	7	cluster_7	0.9970
5216	Spectrogram 1	1	6439.500000	6440.500000	0	0	8	cluster_8	0.9429
5217	Spectrogram 1	1	6440.250000	6440.750000	0	0	7	cluster_7	1.0000
5218	Spectrogram 1	1	6440.500000	6441.000000	0	0	noise	cluster_noise	0.0000
5219	Spectrogram 1	1	6440.750000	6441.750000	0	0	7	cluster_7	0.9629
5220	Spectrogram 1	1	6441.500000	6442.500000	0	0	8	cluster_8	0.9732
5221	Spectrogram 1	1	6448.000000	6449.750000	0	0	0	cluster_0	0.9030
5222	Spectrogram 1	1	6449.500000	6450.500000	0	0	noise	cluster_noise	0.0000
5223	Spectrogram 1	1	6450.250000	6451.250000	0	0	7	cluster_7	0.9321
5224	Spectrogram 1	1	6451.000000	6451.750000	0	0	8	cluster_8	1.0000
5225	Spectrogram 1	1	6451.500000	6452.000000	0	0	3	cluster_3	0.8427
5226	Spectrogram 1	1	6451.750000	6452.500000	0	0	6	cluster_6	0.9866
5227	Spectrogram 1	1	6452.250000	6453.500000	0	0	7	cluster_7	0.9870
5228	Spectrogram 1	1	6453.250000	6454.000000	0	0	8	cluster_8	1.0000
5229	Spectrogram 1	1	6453.750000	6454.250000	0	0	7	cluster_7	1.0000
5230	Spectrogram 1	1	6454.000000	6454.500000	0	0	6	cluster_6	0.9312
5231	Spectrogram 1	1	6460.000000	6460.500000	0	0	7	cluster_7	1.0000
5232	Spectrogram 1	1	6460.250000	6460.750000	0	0	noise	cluster_noise	0.0000
5233	Spectrogram 1	1	6460.500000	6462.000000	0	0	0	cluster_0	0.8587
5234	Spectrogram 1	1	6461.750000	6462.500000	0	0	noise	cluster_noise	0.0000
5235	Spectrogram 1	1	6462.250000	6464.500000	0	0	7	cluster_7	0.9792
5236	Spectrogram 1	1	6464.250000	6464.750000	0	0	noise	cluster_noise	0.0000
5237	Spectrogram 1	1	6464.500000	6465.750000	0	0	0	cluster_0	0.8704
5238	Spectrogram 1	1	6465.500000	6466.500000	0	0	7	cluster_7	0.9570
5239	Spectrogram 1	1	6467.000000	6467.500000	0	0	8	cluster_8	0.8565
5240	Spectrogram 1	1	6467.250000	6467.750000	0	0	3	cluster_3	1.0000
5241	Spectrogram 1	1	6467.500000	6468.500000	0	0	7	cluster_7	0.9496
5242	Spectrogram 1	1	6468.250000	6468.750000	0	0	noise	cluster_noise	0.0000
5243	Spectrogram 1	1	6468.500000	6469.000000	0	0	7	cluster_7	0.9991
5244	Spectrogram 1	1	6468.750000	6469.500000	0	0	8	cluster_8	1.0000
5245	Spectrogram 1	1	6469.250000	6469.750000	0	0	3	cluster_3	1.0000
5246	Spectrogram 1	1	6469.500000	6470.250000	0	0	7	cluster_7	0.9585
5247	Spectrogram 1	1	6470.000000	6470.500000	0	0	6	cluster_6	1.0000
5248	Spectrogram 1	1	6473.000000	6474.000000	0	0	3	cluster_3	0.9478
5249	Spectrogram 1	1	6473.750000	6474.250000	0	0	7	cluster_7	1.0000
5250	Spectrogram 1	1	6474.000000	6474.500000	0	0	6	cluster_6	0.9502
5251	Spectrogram 1	1	6474.250000	6475.000000	0	0	noise	cluster_noise	0.0000
5252	Spectrogram 1	1	6474.750000	6475.500000	0	0	6	cluster_6	1.0000
5253	Spectrogram 1	1	6475.250000	6475.750000	0	0	3	cluster_3	0.7299
5254	Spectrogram 1	1	6475.500000	6476.000000	0	0	7	cluster_7	1.0000
5255	Spectrogram 1	1	6475.750000	6476.500000	0	0	6	cluster_6	0.9677
5256	Spectrogram 1	1	6476.250000	6476.750000	0	0	3	cluster_3	1.0000
5257	Spectrogram 1	1	6476.500000	6477.000000	0	0	noise	cluster_noise	0.0000
5258	Spectrogram 1	1	6476.750000	6477.500000	0	0	3	cluster_3	1.0000
5259	Spectrogram 1	1	6477.250000	6479.500000	0	0	7	cluster_7	0.9915
5260	Spectrogram 1	1	6479.250000	6480.500000	0	0	noise	cluster_noise	0.0000
5261	Spectrogram 1	1	6487.000000	6487.500000	0	0	7	cluster_7	0.8297
5262	Spectrogram 1	1	6487.250000	6487.750000	0	0	noise	cluster_noise	0.0000
5263	Spectrogram 1	1	6487.500000	6488.000000	0	0	7	cluster_7	0.9343
5264	Spectrogram 1	1	6487.750000	6488.250000	0	0	noise	cluster_noise	0.0000
5265	Spectrogram 1	1	6488.000000	6488.750000	0	0	3	cluster_3	0.9441
5266	Spectrogram 1	1	6488.500000	6489.250000	0	0	6	cluster_6	1.0000
5267	Spectrogram 1	1	6489.000000	6489.750000	0	0	7	cluster_7	0.9571
5268	Spectrogram 1	1	6489.500000	6490.250000	0	0	noise	cluster_noise	0.0000
5269	Spectrogram 1	1	6490.000000	6490.500000	0	0	3	cluster_3	0.8140
5270	Spectrogram 1	1	6490.250000	6490.750000	0	0	noise	cluster_noise	0.0000
5271	Spectrogram 1	1	6490.500000	6491.000000	0	0	6	cluster_6	0.9733
5272	Spectrogram 1	1	6490.750000	6491.500000	0	0	7	cluster_7	1.0000
5273	Spectrogram 1	1	6491.250000	6491.750000	0	0	6	cluster_6	0.9460
5274	Spectrogram 1	1	6491.500000	6492.250000	0	0	3	cluster_3	0.9182
5275	Spectrogram 1	1	6492.000000	6492.750000	0	0	6	cluster_6	0.9602
5276	Spectrogram 1	1	6492.500000	6493.250000	0	0	7	cluster_7	1.0000
5277	Spectrogram 1	1	6493.000000	6494.500000	0	0	6	cluster_6	0.9773
5278	Spectrogram 1	1	6494.250000	6495.000000	0	0	7	cluster_7	1.0000
5279	Spectrogram 1	1	6494.750000	6495.500000	0	0	noise	cluster_noise	0.0000
5280	Spectrogram 1	1	6495.250000	6495.750000	0	0	7	cluster_7	1.0000
5281	Spectrogram 1	1	6495.500000	6496.250000	0	0	6	cluster_6	0.9731
5282	Spectrogram 1	1	6496.000000	6496.500000	0	0	3	cluster_3	0.8057
5283	Spectrogram 1	1	6496.250000	6497.000000	0	0	6	cluster_6	1.0000
5284	Spectrogram 1	1	6496.750000	6497.250000	0	0	3	cluster_3	0.9245
5285	Spectrogram 1	1	6497.000000	6498.750000	0	0	7	cluster_7	1.0000
5286	Spectrogram 1	1	6498.500000	6499.750000	0	0	3	cluster_3	1.0000
5287	Spectrogram 1	1	6499.500000	6501.500000	0	0	7	cluster_7	0.9648
5288	Spectrogram 1	1	6501.250000	6502.250000	0	0	3	cluster_3	1.0000
5289	Spectrogram 1	1	6502.000000	6504.000000	0	0	7	cluster_7	0.9956
5290	Spectrogram 1	1	6503.750000	6504.250000	0	0	noise	cluster_noise	0.0000
5291	Spectrogram 1	1	6504.000000	6504.750000	0	0	3	cluster_3	1.0000
5292	Spectrogram 1	1	6504.500000	6507.750000	0	0	7	cluster_7	0.9663
5293	Spectrogram 1	1	6507.500000	6508.250000	0	0	noise	cluster_noise	0.0000
5294	Spectrogram 1	1	6508.000000	6512.750000	0	0	7	cluster_7	0.9914
5295	Spectrogram 1	1	6512.500000	6514.000000	0	0	noise	cluster_noise	0.0000
5296	Spectrogram 1	1	6513.750000	6515.250000	0	0	7	cluster_7	0.9866
5297	Spectrogram 1	1	6515.000000	6515.500000	0	0	noise	cluster_noise	0.0000
5298	Spectrogram 1	1	6515.250000	6516.000000	0	0	3	cluster_3	1.0000
5299	Spectrogram 1	1	6515.750000	6518.250000	0	0	7	cluster_7	1.0000
5300	Spectrogram 1	1	6518.000000	6519.000000	0	0	3	cluster_3	0.9238
5301	Spectrogram 1	1	6518.750000	6519.250000	0	0	noise	cluster_noise	0.0000
5302	Spectrogram 1	1	6519.000000	6521.000000	0	0	7	cluster_7	0.9820
5303	Spectrogram 1	1	6520.750000	6521.750000	0	0	3	cluster_3	0.9623
5304	Spectrogram 1	1	6521.500000	6523.000000	0	0	7	cluster_7	0.9889
5305	Spectrogram 1	1	6522.750000	6524.250000	0	0	noise	cluster_noise	0.0000
5306	Spectrogram 1	1	6524.000000	6524.500000	0	0	7	cluster_7	0.8901
5307	Spectrogram 1	1	6525.000000	6529.500000	0	0	noise	cluster_noise	0.0000
5308	Spectrogram 1	1	6529.250000	6531.500000	0	0	7	cluster_7	0.9849
5309	Spectrogram 1	1	6531.250000	6531.750000	0	0	noise	cluster_noise	0.0000
5310	Spectrogram 1	1	6531.500000	6532.500000	0	0	7	cluster_7	0.9446
5311	Spectrogram 1	1	6532.250000	6533.250000	0	0	3	cluster_3	1.0000
5312	Spectrogram 1	1	6533.000000	6533.500000	0	0	7	cluster_7	1.0000
5313	Spectrogram 1	1	6533.250000	6533.750000	0	0	noise	cluster_noise	0.0000
5314	Spectrogram 1	1	6533.500000	6535.500000	0	0	7	cluster_7	1.0000
5315	Spectrogram 1	1	6536.000000	6537.000000	0	0	3	cluster_3	1.0000
5316	Spectrogram 1	1	6536.750000	6538.000000	0	0	7	cluster_7	0.9669
5317	Spectrogram 1	1	6537.750000	6538.500000	0	0	3	cluster_3	1.0000
5318	Spectrogram 1	1	6539.000000	6539.500000	0	0	7	cluster_7	1.0000
5319	Spectrogram 1	1	6539.250000	6546.500000	0	0	noise	cluster_noise	0.0000
5320	Spectrogram 1	1	6547.000000	6548.000000	0	0	7	cluster_7	1.0000
5321	Spectrogram 1	1	6547.750000	6548.250000	0	0	noise	cluster_noise	0.0000
5322	Spectrogram 1	1	6548.000000	6548.500000	0	0	7	cluster_7	0.8112
5323	Spectrogram 1	1	6548.250000	6548.750000	0	0	noise	cluster_noise	0.0000
5324	Spectrogram 1	1	6548.500000	6549.000000	0	0	7	cluster_7	0.7984
5325	Spectrogram 1	1	6548.750000	6549.250000	0	0	noise	cluster_noise	0.0000
5326	Spectrogram 1	1	6549.000000	6550.000000	0	0	7	cluster_7	0.8728
5327	Spectrogram 1	1	6549.750000	6550.250000	0	0	noise	cluster_noise	0.0000
5328	Spectrogram 1	1	6550.000000	6551.750000	0	0	7	cluster_7	0.9684
5329	Spectrogram 1	1	6551.500000	6553.250000	0	0	3	cluster_3	0.9316
5330	Spectrogram 1	1	6553.000000	6554.500000	0	0	7	cluster_7	0.9817
5331	Spectrogram 1	1	6664.000000	6665.250000	0	0	1	cluster_1	1.0000
5332	Spectrogram 1	1	6665.000000	6681.750000	0	0	noise	cluster_noise	0.0000
5333	Spectrogram 1	1	6681.500000	6682.000000	0	0	7	cluster_7	1.0000
5334	Spectrogram 1	1	6681.750000	6682.250000	0	0	3	cluster_3	1.0000
5335	Spectrogram 1	1	6682.000000	6682.500000	0	0	12	cluster_12	0.9548
5336	Spectrogram 1	1	6682.250000	6682.750000	0	0	noise	cluster_noise	0.0000
5337	Spectrogram 1	1	6682.500000	6683.000000	0	0	12	cluster_12	0.9372
5338	Spectrogram 1	1	6682.750000	6684.750000	0	0	7	cluster_7	0.9843
5339	Spectrogram 1	1	6684.500000	6685.500000	0	0	3	cluster_3	1.0000
5340	Spectrogram 1	1	6700.000000	6701.000000	0	0	7	cluster_7	1.0000
5341	Spectrogram 1	1	6700.750000	6701.250000	0	0	noise	cluster_noise	0.0000
5342	Spectrogram 1	1	6701.000000	6702.500000	0	0	1	cluster_1	0.9567
5343	Spectrogram 1	1	6702.250000	6703.750000	0	0	7	cluster_7	0.9847
5344	Spectrogram 1	1	6703.500000	6704.000000	0	0	noise	cluster_noise	0.0000
5345	Spectrogram 1	1	6703.750000	6704.500000	0	0	1	cluster_1	1.0000
5346	Spectrogram 1	1	6712.000000	6714.250000	0	0	7	cluster_7	1.0000
5347	Spectrogram 1	1	6714.000000	6715.500000	0	0	1	cluster_1	0.9470
5348	Spectrogram 1	1	6715.250000	6715.750000	0	0	noise	cluster_noise	0.0000
5349	Spectrogram 1	1	6715.500000	6716.750000	0	0	7	cluster_7	1.0000
5350	Spectrogram 1	1	6716.500000	6717.000000	0	0	noise	cluster_noise	0.0000
5351	Spectrogram 1	1	6716.750000	6718.000000	0	0	1	cluster_1	0.9724
5352	Spectrogram 1	1	6717.750000	6718.250000	0	0	7	cluster_7	0.8717
5353	Spectrogram 1	1	6718.000000	6718.500000	0	0	noise	cluster_noise	0.0000
5354	Spectrogram 1	1	6718.250000	6719.750000	0	0	7	cluster_7	0.9764
5355	Spectrogram 1	1	6719.500000	6720.000000	0	0	12	cluster_12	0.9046
5356	Spectrogram 1	1	6719.750000	6720.500000	0	0	noise	cluster_noise	0.0000
5357	Spectrogram 1	1	6720.250000	6721.250000	0	0	16	cluster_16	0.9492
5358	Spectrogram 1	1	6721.000000	6721.750000	0	0	noise	cluster_noise	0.0000
5359	Spectrogram 1	1	6721.500000	6722.250000	0	0	12	cluster_12	0.9332
5360	Spectrogram 1	1	6722.000000	6727.000000	0	0	7	cluster_7	0.9878
5361	Spectrogram 1	1	6726.750000	6727.250000	0	0	noise	cluster_noise	0.0000
5362	Spectrogram 1	1	6727.000000	6728.500000	0	0	1	cluster_1	0.9888
5363	Spectrogram 1	1	6728.250000	6729.000000	0	0	noise	cluster_noise	0.0000
5364	Spectrogram 1	1	6728.750000	6729.500000	0	0	7	cluster_7	1.0000
5365	Spectrogram 1	1	6729.250000	6729.750000	0	0	noise	cluster_noise	0.0000
5366	Spectrogram 1	1	6729.500000	6731.000000	0	0	1	cluster_1	0.8578
5367	Spectrogram 1	1	6730.750000	6731.500000	0	0	7	cluster_7	0.8628
5368	Spectrogram 1	1	6731.250000	6731.750000	0	0	noise	cluster_noise	0.0000
5369	Spectrogram 1	1	6731.500000	6733.250000	0	0	7	cluster_7	0.9772
5370	Spectrogram 1	1	6733.000000	6734.250000	0	0	noise	cluster_noise	0.0000
5371	Spectrogram 1	1	6734.000000	6734.750000	0	0	16	cluster_16	0.9373
5372	Spectrogram 1	1	6734.500000	6735.250000	0	0	noise	cluster_noise	0.0000
5373	Spectrogram 1	1	6735.000000	6735.500000	0	0	12	cluster_12	0.8304
5374	Spectrogram 1	1	6735.250000	6740.000000	0	0	7	cluster_7	0.9987
5375	Spectrogram 1	1	6739.750000	6740.500000	0	0	noise	cluster_noise	0.0000
5376	Spectrogram 1	1	6740.250000	6741.500000	0	0	1	cluster_1	0.9792
5377	Spectrogram 1	1	6741.250000	6742.750000	0	0	7	cluster_7	0.9788
5378	Spectrogram 1	1	6742.500000	6743.000000	0	0	noise	cluster_noise	0.0000
5379	Spectrogram 1	1	6742.750000	6743.750000	0	0	1	cluster_1	0.9808
5380	Spectrogram 1	1	6743.500000	6744.000000	0	0	3	cluster_3	1.0000
5381	Spectrogram 1	1	6743.750000	6746.250000	0	0	7	cluster_7	0.9849
5382	Spectrogram 1	1	6746.000000	6746.750000	0	0	noise	cluster_noise	0.0000
5383	Spectrogram 1	1	6746.500000	6747.250000	0	0	16	cluster_16	0.9175
5384	Spectrogram 1	1	6747.000000	6747.500000	0	0	noise	cluster_noise	0.0000
5385	Spectrogram 1	1	6747.250000	6747.750000	0	0	16	cluster_16	0.7675
5386	Spectrogram 1	1	6747.500000	6748.250000	0	0	noise	cluster_noise	0.0000
5387	Spectrogram 1	1	6748.000000	6749.250000	0	0	7	cluster_7	0.9283
5388	Spectrogram 1	1	6749.000000	6750.500000	0	0	3	cluster_3	1.0000
5389	Spectrogram 1	1	6752.000000	6752.750000	0	0	7	cluster_7	1.0000
5390	Spectrogram 1	1	6752.500000	6753.250000	0	0	noise	cluster_noise	0.0000
5391	Spectrogram 1	1	6753.000000	6754.000000	0	0	1	cluster_1	1.0000
5392	Spectrogram 1	1	6753.750000	6754.500000	0	0	noise	cluster_noise	0.0000
5393	Spectrogram 1	1	6754.250000	6756.500000	0	0	7	cluster_7	0.9919
5394	Spectrogram 1	1	6756.250000	6757.000000	0	0	noise	cluster_noise	0.0000
5395	Spectrogram 1	1	6756.750000	6757.250000	0	0	18	cluster_18	0.7636
5396	Spectrogram 1	1	6757.000000	6758.000000	0	0	noise	cluster_noise	0.0000
5397	Spectrogram 1	1	6757.750000	6758.250000	0	0	18	cluster_18	0.9194
5398	Spectrogram 1	1	6758.000000	6758.750000	0	0	noise	cluster_noise	0.0000
5399	Spectrogram 1	1	6758.500000	6759.000000	0	0	12	cluster_12	0.9603
5400	Spectrogram 1	1	6758.750000	6759.500000	0	0	7	cluster_7	0.9528
5401	Spectrogram 1	1	6759.250000	6759.750000	0	0	noise	cluster_noise	0.0000
5402	Spectrogram 1	1	6759.500000	6762.000000	0	0	3	cluster_3	0.8967
5403	Spectrogram 1	1	6761.750000	6766.750000	0	0	7	cluster_7	0.9929
5404	Spectrogram 1	1	6766.500000	6767.000000	0	0	noise	cluster_noise	0.0000
5405	Spectrogram 1	1	6766.750000	6767.750000	0	0	7	cluster_7	1.0000
5406	Spectrogram 1	1	6767.500000	6768.250000	0	0	noise	cluster_noise	0.0000
5407	Spectrogram 1	1	6768.000000	6769.000000	0	0	16	cluster_16	0.8749
5408	Spectrogram 1	1	6768.750000	6769.750000	0	0	noise	cluster_noise	0.0000
5409	Spectrogram 1	1	6769.500000	6770.000000	0	0	12	cluster_12	0.8375
5410	Spectrogram 1	1	6769.750000	6770.500000	0	0	3	cluster_3	0.9845
5411	Spectrogram 1	1	6770.250000	6771.000000	0	0	noise	cluster_noise	0.0000
5412	Spectrogram 1	1	6770.750000	6772.500000	0	0	3	cluster_3	0.9868
5413	Spectrogram 1	1	6772.250000	6774.750000	0	0	7	cluster_7	1.0000
5414	Spectrogram 1	1	6774.500000	6775.500000	0	0	8	cluster_8	0.9499
5415	Spectrogram 1	1	6775.250000	6776.250000	0	0	noise	cluster_noise	0.0000
5416	Spectrogram 1	1	6776.000000	6777.500000	0	0	7	cluster_7	0.9914
5417	Spectrogram 1	1	6779.000000	6780.000000	0	0	18	cluster_18	0.9508
5418	Spectrogram 1	1	6779.750000	6780.250000	0	0	noise	cluster_noise	0.0000
5419	Spectrogram 1	1	6780.000000	6780.500000	0	0	7	cluster_7	0.8851
5420	Spectrogram 1	1	6780.250000	6780.750000	0	0	12	cluster_12	0.8865
5421	Spectrogram 1	1	6780.500000	6781.250000	0	0	7	cluster_7	0.9203
5422	Spectrogram 1	1	6781.000000	6781.500000	0	0	3	cluster_3	0.7293
5423	Spectrogram 1	1	6781.250000	6781.750000	0	0	noise	cluster_noise	0.0000
5424	Spectrogram 1	1	6781.500000	6782.500000	0	0	3	cluster_3	0.9317
5425	Spectrogram 1	1	6782.250000	6782.750000	0	0	7	cluster_7	1.0000
5426	Spectrogram 1	1	6782.500000	6783.000000	0	0	3	cluster_3	1.0000
5427	Spectrogram 1	1	6782.750000	6784.750000	0	0	7	cluster_7	1.0000
5428	Spectrogram 1	1	6784.500000	6785.000000	0	0	noise	cluster_noise	0.0000
5429	Spectrogram 1	1	6784.750000	6785.750000	0	0	7	cluster_7	0.8978
5430	Spectrogram 1	1	6785.500000	6787.000000	0	0	8	cluster_8	0.9991
5431	Spectrogram 1	1	6786.750000	6787.750000	0	0	noise	cluster_noise	0.0000
5432	Spectrogram 1	1	6787.500000	6788.000000	0	0	7	cluster_7	1.0000
5433	Spectrogram 1	1	6787.750000	6788.250000	0	0	noise	cluster_noise	0.0000
5434	Spectrogram 1	1	6788.000000	6788.750000	0	0	7	cluster_7	0.8322
5435	Spectrogram 1	1	6788.500000	6789.000000	0	0	noise	cluster_noise	0.0000
5436	Spectrogram 1	1	6788.750000	6789.250000	0	0	7	cluster_7	0.9922
5437	Spectrogram 1	1	6789.000000	6789.500000	0	0	noise	cluster_noise	0.0000
5438	Spectrogram 1	1	6789.250000	6789.750000	0	0	7	cluster_7	0.9793
5439	Spectrogram 1	1	6789.500000	6792.500000	0	0	noise	cluster_noise	0.0000
5440	Spectrogram 1	1	6792.250000	6793.750000	0	0	3	cluster_3	0.9753
5441	Spectrogram 1	1	6793.500000	6796.750000	0	0	7	cluster_7	1.0000
5442	Spectrogram 1	1	6796.500000	6797.500000	0	0	8	cluster_8	0.9984
5443	Spectrogram 1	1	6797.250000	6798.750000	0	0	noise	cluster_noise	0.0000
5444	Spectrogram 1	1	6798.500000	6799.250000	0	0	12	cluster_12	0.8707
5445	Spectrogram 1	1	6799.000000	6801.250000	0	0	7	cluster_7	0.9777
5446	Spectrogram 1	1	6801.000000	6802.000000	0	0	noise	cluster_noise	0.0000
5447	Spectrogram 1	1	6801.750000	6802.250000	0	0	14	cluster_14	1.0000
5448	Spectrogram 1	1	6802.000000	6802.750000	0	0	noise	cluster_noise	0.0000
5449	Spectrogram 1	1	6802.500000	6803.250000	0	0	12	cluster_12	0.9060
5450	Spectrogram 1	1	6803.000000	6808.000000	0	0	7	cluster_7	0.9880
5451	Spectrogram 1	1	6807.750000	6810.000000	0	0	8	cluster_8	0.9811
5452	Spectrogram 1	1	6809.750000	6812.750000	0	0	7	cluster_7	0.9871
5453	Spectrogram 1	1	6812.500000	6814.250000	0	0	noise	cluster_noise	0.0000
5454	Spectrogram 1	1	6814.000000	6814.500000	0	0	14	cluster_14	1.0000
5455	Spectrogram 1	1	6814.250000	6815.000000	0	0	noise	cluster_noise	0.0000
5456	Spectrogram 1	1	6814.750000	6815.250000	0	0	3	cluster_3	1.0000
5457	Spectrogram 1	1	6815.000000	6815.750000	0	0	noise	cluster_noise	0.0000
5458	Spectrogram 1	1	6815.500000	6816.250000	0	0	3	cluster_3	0.9924
5459	Spectrogram 1	1	6816.000000	6819.250000	0	0	7	cluster_7	0.9999
5460	Spectrogram 1	1	6819.000000	6821.000000	0	0	8	cluster_8	1.0000
5461	Spectrogram 1	1	6820.750000	6821.250000	0	0	noise	cluster_noise	0.0000
5462	Spectrogram 1	1	6821.000000	6823.250000	0	0	7	cluster_7	0.9670
5463	Spectrogram 1	1	6823.000000	6824.000000	0	0	noise	cluster_noise	0.0000
5464	Spectrogram 1	1	6823.750000	6825.000000	0	0	18	cluster_18	0.8530
5465	Spectrogram 1	1	6824.750000	6825.750000	0	0	noise	cluster_noise	0.0000
5466	Spectrogram 1	1	6825.500000	6826.250000	0	0	7	cluster_7	0.9147
5467	Spectrogram 1	1	6826.000000	6826.750000	0	0	3	cluster_3	0.9931
5468	Spectrogram 1	1	6826.500000	6827.250000	0	0	noise	cluster_noise	0.0000
5469	Spectrogram 1	1	6827.000000	6827.500000	0	0	7	cluster_7	1.0000
5470	Spectrogram 1	1	6829.000000	6829.500000	0	0	noise	cluster_noise	0.0000
5471	Spectrogram 1	1	6829.250000	6830.250000	0	0	7	cluster_7	1.0000
5472	Spectrogram 1	1	6830.000000	6832.250000	0	0	8	cluster_8	0.9847
5473	Spectrogram 1	1	6832.000000	6834.250000	0	0	7	cluster_7	0.9996
5474	Spectrogram 1	1	6834.000000	6835.000000	0	0	noise	cluster_noise	0.0000
5475	Spectrogram 1	1	6834.750000	6836.000000	0	0	18	cluster_18	0.7987
5476	Spectrogram 1	1	6835.750000	6837.250000	0	0	noise	cluster_noise	0.0000
5477	Spectrogram 1	1	6837.000000	6838.250000	0	0	3	cluster_3	0.8320
5478	Spectrogram 1	1	6838.000000	6838.500000	0	0	noise	cluster_noise	0.0000
5479	Spectrogram 1	1	6840.000000	6841.250000	0	0	7	cluster_7	1.0000
5480	Spectrogram 1	1	6841.000000	6843.000000	0	0	8	cluster_8	0.9975
5481	Spectrogram 1	1	6842.750000	6843.500000	0	0	noise	cluster_noise	0.0000
5482	Spectrogram 1	1	6843.250000	6845.500000	0	0	7	cluster_7	0.9884
5483	Spectrogram 1	1	6845.250000	6846.500000	0	0	noise	cluster_noise	0.0000
5484	Spectrogram 1	1	6846.250000	6846.750000	0	0	12	cluster_12	0.7476
5485	Spectrogram 1	1	6846.500000	6847.000000	0	0	14	cluster_14	1.0000
5486	Spectrogram 1	1	6846.750000	6848.000000	0	0	noise	cluster_noise	0.0000
5487	Spectrogram 1	1	6847.750000	6848.500000	0	0	12	cluster_12	0.7789
5488	Spectrogram 1	1	6848.250000	6848.750000	0	0	7	cluster_7	0.9265
5489	Spectrogram 1	1	6848.500000	6849.000000	0	0	noise	cluster_noise	0.0000
5490	Spectrogram 1	1	6848.750000	6852.250000	0	0	7	cluster_7	0.9711
5491	Spectrogram 1	1	6852.000000	6854.250000	0	0	8	cluster_8	0.9799
5492	Spectrogram 1	1	6854.000000	6854.500000	0	0	12	cluster_12	0.7792
5493	Spectrogram 1	1	6854.250000	6856.500000	0	0	7	cluster_7	0.9711
5494	Spectrogram 1	1	6856.250000	6857.250000	0	0	noise	cluster_noise	0.0000
5495	Spectrogram 1	1	6857.000000	6857.750000	0	0	18	cluster_18	0.9589
5496	Spectrogram 1	1	6857.500000	6858.750000	0	0	noise	cluster_noise	0.0000
5497	Spectrogram 1	1	6858.500000	6859.000000	0	0	12	cluster_12	0.8639
5498	Spectrogram 1	1	6858.750000	6859.250000	0	0	noise	cluster_noise	0.0000
5499	Spectrogram 1	1	6859.000000	6860.250000	0	0	3	cluster_3	0.8732
5500	Spectrogram 1	1	6860.000000	6863.000000	0	0	7	cluster_7	0.9324
5501	Spectrogram 1	1	6862.750000	6864.750000	0	0	8	cluster_8	0.9931
5502	Spectrogram 1	1	6864.500000	6865.000000	0	0	noise	cluster_noise	0.0000
5503	Spectrogram 1	1	6864.750000	6867.000000	0	0	7	cluster_7	0.9855
5504	Spectrogram 1	1	6866.750000	6867.500000	0	0	noise	cluster_noise	0.0000
5505	Spectrogram 1	1	6867.250000	6867.750000	0	0	12	cluster_12	0.7093
5506	Spectrogram 1	1	6867.500000	6868.500000	0	0	noise	cluster_noise	0.0000
5507	Spectrogram 1	1	6868.250000	6868.750000	0	0	14	cluster_14	1.0000
5508	Spectrogram 1	1	6868.500000	6869.500000	0	0	noise	cluster_noise	0.0000
5509	Spectrogram 1	1	6869.250000	6869.750000	0	0	7	cluster_7	1.0000
5510	Spectrogram 1	1	6869.500000	6870.000000	0	0	3	cluster_3	0.9948
5511	Spectrogram 1	1	6869.750000	6870.250000	0	0	noise	cluster_noise	0.0000
5512	Spectrogram 1	1	6870.000000	6871.000000	0	0	3	cluster_3	0.9668
5513	Spectrogram 1	1	6870.750000	6871.500000	0	0	7	cluster_7	0.9494
5514	Spectrogram 1	1	6871.250000	6872.000000	0	0	noise	cluster_noise	0.0000
5515	Spectrogram 1	1	6871.750000	6872.500000	0	0	7	cluster_7	0.9754
5516	Spectrogram 1	1	6874.000000	6875.250000	0	0	8	cluster_8	1.0000
5517	Spectrogram 1	1	6875.000000	6875.500000	0	0	noise	cluster_noise	0.0000
5518	Spectrogram 1	1	6875.250000	6875.750000	0	0	6	cluster_6	0.9729
5519	Spectrogram 1	1	6875.500000	6877.750000	0	0	7	cluster_7	0.9766
5520	Spectrogram 1	1	6877.500000	6878.250000	0	0	noise	cluster_noise	0.0000
5521	Spectrogram 1	1	6878.000000	6878.750000	0	0	12	cluster_12	0.7745
5522	Spectrogram 1	1	6878.500000	6879.000000	0	0	noise	cluster_noise	0.0000
5523	Spectrogram 1	1	6878.750000	6879.500000	0	0	14	cluster_14	1.0000
5524	Spectrogram 1	1	6879.250000	6879.750000	0	0	noise	cluster_noise	0.0000
5525	Spectrogram 1	1	6879.500000	6880.250000	0	0	12	cluster_12	0.9241
5526	Spectrogram 1	1	6880.000000	6880.750000	0	0	noise	cluster_noise	0.0000
5527	Spectrogram 1	1	6880.500000	6881.750000	0	0	7	cluster_7	0.9567
5528	Spectrogram 1	1	6881.500000	6882.250000	0	0	3	cluster_3	1.0000
5529	Spectrogram 1	1	6882.000000	6883.000000	0	0	7	cluster_7	1.0000
5530	Spectrogram 1	1	6882.750000	6883.500000	0	0	8	cluster_8	0.9038
5531	Spectrogram 1	1	6883.250000	6883.750000	0	0	noise	cluster_noise	0.0000
5532	Spectrogram 1	1	6883.500000	6884.000000	0	0	12	cluster_12	0.8036
5533	Spectrogram 1	1	6883.750000	6887.500000	0	0	7	cluster_7	0.9865
5534	Spectrogram 1	1	6887.250000	6888.000000	0	0	noise	cluster_noise	0.0000
5535	Spectrogram 1	1	6887.750000	6888.500000	0	0	22	cluster_22	0.9777
5536	Spectrogram 1	1	6888.250000	6889.500000	0	0	noise	cluster_noise	0.0000
5537	Spectrogram 1	1	6889.250000	6889.750000	0	0	12	cluster_12	0.9304
5538	Spectrogram 1	1	6889.500000	6891.500000	0	0	7	cluster_7	0.9590
5539	Spectrogram 1	1	6891.250000	6892.250000	0	0	noise	cluster_noise	0.0000
5540	Spectrogram 1	1	6892.000000	6892.500000	0	0	18	cluster_18	0.9586
5541	Spectrogram 1	1	6892.250000	6893.000000	0	0	14	cluster_14	1.0000
5542	Spectrogram 1	1	6892.750000	6893.250000	0	0	noise	cluster_noise	0.0000
5543	Spectrogram 1	1	6893.000000	6893.500000	0	0	12	cluster_12	0.8711
5544	Spectrogram 1	1	6893.250000	6894.000000	0	0	7	cluster_7	1.0000
5545	Spectrogram 1	1	6893.750000	6894.250000	0	0	8	cluster_8	0.9048
5546	Spectrogram 1	1	6894.000000	6894.750000	0	0	noise	cluster_noise	0.0000
5547	Spectrogram 1	1	6894.500000	6895.500000	0	0	7	cluster_7	1.0000
5548	Spectrogram 1	1	6896.000000	6896.500000	0	0	8	cluster_8	0.9924
5549	Spectrogram 1	1	6896.250000	6896.750000	0	0	noise	cluster_noise	0.0000
5550	Spectrogram 1	1	6896.500000	6897.250000	0	0	7	cluster_7	0.9547
5551	Spectrogram 1	1	6897.000000	6898.000000	0	0	8	cluster_8	0.9049
5552	Spectrogram 1	1	6897.750000	6898.250000	0	0	noise	cluster_noise	0.0000
5553	Spectrogram 1	1	6898.000000	6899.000000	0	0	7	cluster_7	1.0000
5554	Spectrogram 1	1	6898.750000	6899.250000	0	0	8	cluster_8	0.8711
5555	Spectrogram 1	1	6899.000000	6899.750000	0	0	noise	cluster_noise	0.0000
5556	Spectrogram 1	1	6899.500000	6900.000000	0	0	12	cluster_12	0.7847
5557	Spectrogram 1	1	6899.750000	6901.250000	0	0	7	cluster_7	1.0000
5558	Spectrogram 1	1	6901.000000	6902.000000	0	0	noise	cluster_noise	0.0000
5559	Spectrogram 1	1	6901.750000	6902.500000	0	0	22	cluster_22	0.9826
5560	Spectrogram 1	1	6902.250000	6904.000000	0	0	noise	cluster_noise	0.0000
5561	Spectrogram 1	1	6903.750000	6904.250000	0	0	12	cluster_12	0.9218
5562	Spectrogram 1	1	6904.000000	6905.500000	0	0	7	cluster_7	0.9597
5563	Spectrogram 1	1	6905.250000	6906.000000	0	0	noise	cluster_noise	0.0000
5564	Spectrogram 1	1	6905.750000	6906.500000	0	0	18	cluster_18	0.9914
5565	Spectrogram 1	1	6909.000000	6909.750000	0	0	7	cluster_7	1.0000
5566	Spectrogram 1	1	6909.500000	6910.000000	0	0	8	cluster_8	0.8377
5567	Spectrogram 1	1	6909.750000	6910.250000	0	0	noise	cluster_noise	0.0000
5568	Spectrogram 1	1	6910.000000	6910.500000	0	0	8	cluster_8	0.8786
5569	Spectrogram 1	1	6910.250000	6910.750000	0	0	noise	cluster_noise	0.0000
5570	Spectrogram 1	1	6910.500000	6911.250000	0	0	7	cluster_7	1.0000
5571	Spectrogram 1	1	6911.000000	6911.500000	0	0	noise	cluster_noise	0.0000
5572	Spectrogram 1	1	6911.250000	6911.750000	0	0	8	cluster_8	0.9936
5573	Spectrogram 1	1	6911.500000	6912.250000	0	0	noise	cluster_noise	0.0000
5574	Spectrogram 1	1	6912.000000	6912.750000	0	0	7	cluster_7	1.0000
5575	Spectrogram 1	1	6912.500000	6913.000000	0	0	8	cluster_8	0.9615
5576	Spectrogram 1	1	6912.750000	6913.250000	0	0	noise	cluster_noise	0.0000
5577	Spectrogram 1	1	6913.000000	6913.500000	0	0	8	cluster_8	0.8787
5578	Spectrogram 1	1	6913.250000	6913.750000	0	0	noise	cluster_noise	0.0000
5579	Spectrogram 1	1	6913.500000	6914.250000	0	0	7	cluster_7	0.9802
5580	Spectrogram 1	1	6914.000000	6914.750000	0	0	8	cluster_8	0.8635
5581	Spectrogram 1	1	6914.500000	6915.000000	0	0	noise	cluster_noise	0.0000
5582	Spectrogram 1	1	6914.750000	6915.250000	0	0	6	cluster_6	0.9941
5583	Spectrogram 1	1	6915.000000	6915.500000	0	0	7	cluster_7	1.0000
5584	Spectrogram 1	1	6916.000000	6917.250000	0	0	noise	cluster_noise	0.0000
5585	Spectrogram 1	1	6917.000000	6917.500000	0	0	21	cluster_21	0.6321
5586	Spectrogram 1	1	6919.000000	6920.500000	0	0	7	cluster_7	1.0000
5587	Spectrogram 1	1	6920.250000	6920.750000	0	0	noise	cluster_noise	0.0000
5588	Spectrogram 1	1	6920.500000	6921.000000	0	0	7	cluster_7	0.8842
5589	Spectrogram 1	1	6920.750000	6921.500000	0	0	8	cluster_8	0.8721
5590	Spectrogram 1	1	6921.250000	6921.750000	0	0	noise	cluster_noise	0.0000
5591	Spectrogram 1	1	6921.500000	6922.750000	0	0	7	cluster_7	0.9406
5592	Spectrogram 1	1	6922.500000	6923.500000	0	0	8	cluster_8	0.8745
5593	Spectrogram 1	1	6923.250000	6923.750000	0	0	noise	cluster_noise	0.0000
5594	Spectrogram 1	1	6923.500000	6924.250000	0	0	7	cluster_7	1.0000
5595	Spectrogram 1	1	6924.000000	6925.000000	0	0	8	cluster_8	0.8588
5596	Spectrogram 1	1	6924.750000	6925.250000	0	0	noise	cluster_noise	0.0000
5597	Spectrogram 1	1	6925.000000	6926.000000	0	0	7	cluster_7	0.9656
5598	Spectrogram 1	1	6925.750000	6926.250000	0	0	noise	cluster_noise	0.0000
5599	Spectrogram 1	1	6926.000000	6926.500000	0	0	8	cluster_8	0.8598
5600	Spectrogram 1	1	6926.250000	6926.750000	0	0	noise	cluster_noise	0.0000
5601	Spectrogram 1	1	6926.500000	6927.250000	0	0	7	cluster_7	1.0000
5602	Spectrogram 1	1	6927.000000	6927.750000	0	0	8	cluster_8	0.8817
5603	Spectrogram 1	1	6927.500000	6928.000000	0	0	noise	cluster_noise	0.0000
5604	Spectrogram 1	1	6927.750000	6928.500000	0	0	7	cluster_7	0.8469
5605	Spectrogram 1	1	6929.000000	6929.500000	0	0	noise	cluster_noise	0.0000
5606	Spectrogram 1	1	6929.250000	6929.750000	0	0	7	cluster_7	1.0000
5607	Spectrogram 1	1	6929.500000	6930.000000	0	0	noise	cluster_noise	0.0000
5608	Spectrogram 1	1	6929.750000	6930.500000	0	0	7	cluster_7	1.0000
5609	Spectrogram 1	1	6930.250000	6931.750000	0	0	noise	cluster_noise	0.0000
5610	Spectrogram 1	1	6931.500000	6932.250000	0	0	22	cluster_22	0.9623
5611	Spectrogram 1	1	6932.000000	6933.250000	0	0	noise	cluster_noise	0.0000
5612	Spectrogram 1	1	6933.000000	6933.500000	0	0	12	cluster_12	0.8168
5613	Spectrogram 1	1	6933.250000	6934.000000	0	0	noise	cluster_noise	0.0000
5614	Spectrogram 1	1	6933.750000	6935.500000	0	0	7	cluster_7	1.0000
5615	Spectrogram 1	1	6935.250000	6935.750000	0	0	8	cluster_8	0.8013
5616	Spectrogram 1	1	6935.500000	6936.250000	0	0	noise	cluster_noise	0.0000
5617	Spectrogram 1	1	6936.000000	6937.250000	0	0	7	cluster_7	0.9934
5618	Spectrogram 1	1	6937.000000	6937.750000	0	0	8	cluster_8	0.8129
5619	Spectrogram 1	1	6937.500000	6938.000000	0	0	noise	cluster_noise	0.0000
5620	Spectrogram 1	1	6937.750000	6938.750000	0	0	7	cluster_7	1.0000
5621	Spectrogram 1	1	6938.500000	6939.000000	0	0	noise	cluster_noise	0.0000
5622	Spectrogram 1	1	6938.750000	6939.500000	0	0	8	cluster_8	0.8615
5623	Spectrogram 1	1	6940.000000	6941.000000	0	0	noise	cluster_noise	0.0000
5624	Spectrogram 1	1	6940.750000	6941.250000	0	0	7	cluster_7	1.0000
5625	Spectrogram 1	1	6941.000000	6941.500000	0	0	noise	cluster_noise	0.0000
5626	Spectrogram 1	1	6941.250000	6942.000000	0	0	8	cluster_8	0.8416
5627	Spectrogram 1	1	6941.750000	6942.750000	0	0	7	cluster_7	1.0000
5628	Spectrogram 1	1	6942.500000	6943.250000	0	0	8	cluster_8	0.8573
5629	Spectrogram 1	1	6943.000000	6943.500000	0	0	noise	cluster_noise	0.0000
5630	Spectrogram 1	1	6943.250000	6943.750000	0	0	7	cluster_7	1.0000
5631	Spectrogram 1	1	6943.500000	6944.000000	0	0	noise	cluster_noise	0.0000
5632	Spectrogram 1	1	6943.750000	6945.000000	0	0	7	cluster_7	1.0000
5633	Spectrogram 1	1	6944.750000	6946.250000	0	0	noise	cluster_noise	0.0000
5634	Spectrogram 1	1	6946.000000	6946.500000	0	0	21	cluster_21	0.7885
5635	Spectrogram 1	1	6946.250000	6946.750000	0	0	noise	cluster_noise	0.0000
5636	Spectrogram 1	1	6946.500000	6947.000000	0	0	22	cluster_22	0.9558
5637	Spectrogram 1	1	6946.750000	6947.750000	0	0	noise	cluster_noise	0.0000
5638	Spectrogram 1	1	6947.500000	6948.000000	0	0	12	cluster_12	0.7499
5639	Spectrogram 1	1	6947.750000	6948.500000	0	0	noise	cluster_noise	0.0000
5640	Spectrogram 1	1	6948.250000	6950.000000	0	0	7	cluster_7	1.0000
5641	Spectrogram 1	1	6949.750000	6950.250000	0	0	8	cluster_8	0.8956
5642	Spectrogram 1	1	6950.000000	6950.750000	0	0	0	cluster_0	0.4281
5643	Spectrogram 1	1	6950.500000	6951.000000	0	0	noise	cluster_noise	0.0000
5644	Spectrogram 1	1	6950.750000	6951.250000	0	0	6	cluster_6	0.9202
5645	Spectrogram 1	1	6951.000000	6952.250000	0	0	7	cluster_7	0.9511
5646	Spectrogram 1	1	6952.000000	6952.750000	0	0	8	cluster_8	0.8730
5647	Spectrogram 1	1	6952.500000	6953.000000	0	0	noise	cluster_noise	0.0000
5648	Spectrogram 1	1	6952.750000	6953.500000	0	0	7	cluster_7	1.0000
5649	Spectrogram 1	1	6953.250000	6954.250000	0	0	8	cluster_8	0.8610
5650	Spectrogram 1	1	6954.000000	6954.500000	0	0	noise	cluster_noise	0.0000
5651	Spectrogram 1	1	6954.250000	6955.000000	0	0	7	cluster_7	0.9633
5652	Spectrogram 1	1	6954.750000	6955.250000	0	0	noise	cluster_noise	0.0000
5653	Spectrogram 1	1	6955.000000	6955.750000	0	0	8	cluster_8	0.8825
5654	Spectrogram 1	1	6955.500000	6956.250000	0	0	7	cluster_7	1.0000
5655	Spectrogram 1	1	6956.000000	6956.750000	0	0	8	cluster_8	0.8266
5656	Spectrogram 1	1	6956.500000	6957.000000	0	0	noise	cluster_noise	0.0000
5657	Spectrogram 1	1	6956.750000	6958.750000	0	0	7	cluster_7	0.9993
5658	Spectrogram 1	1	6958.500000	6959.500000	0	0	noise	cluster_noise	0.0000
5659	Spectrogram 1	1	6959.250000	6959.750000	0	0	22	cluster_22	1.0000
5660	Spectrogram 1	1	6959.500000	6961.500000	0	0	noise	cluster_noise	0.0000
5661	Spectrogram 1	1	6961.250000	6961.750000	0	0	12	cluster_12	0.7879
5662	Spectrogram 1	1	6961.500000	6962.000000	0	0	noise	cluster_noise	0.0000
5663	Spectrogram 1	1	6961.750000	6964.000000	0	0	7	cluster_7	1.0000
5664	Spectrogram 1	1	6963.750000	6964.250000	0	0	8	cluster_8	0.8559
5665	Spectrogram 1	1	6964.000000	6965.000000	0	0	0	cluster_0	0.9117
5666	Spectrogram 1	1	6964.750000	6965.250000	0	0	noise	cluster_noise	0.0000
5667	Spectrogram 1	1	6965.000000	6965.500000	0	0	7	cluster_7	1.0000
5668	Spectrogram 1	1	6965.250000	6965.750000	0	0	6	cluster_6	0.9193
5669	Spectrogram 1	1	6965.500000	6966.000000	0	0	noise	cluster_noise	0.0000
5670	Spectrogram 1	1	6965.750000	6968.000000	0	0	7	cluster_7	0.9435
5671	Spectrogram 1	1	6967.750000	6968.500000	0	0	0	cluster_0	0.8259
5672	Spectrogram 1	1	6968.250000	6968.750000	0	0	noise	cluster_noise	0.0000
5673	Spectrogram 1	1	6968.500000	6970.000000	0	0	7	cluster_7	1.0000
5674	Spectrogram 1	1	6969.750000	6970.250000	0	0	noise	cluster_noise	0.0000
5675	Spectrogram 1	1	6970.000000	6970.750000	0	0	8	cluster_8	1.0000
5676	Spectrogram 1	1	6970.500000	6971.000000	0	0	7	cluster_7	1.0000
5677	Spectrogram 1	1	6970.750000	6971.250000	0	0	6	cluster_6	0.9717
5678	Spectrogram 1	1	6971.000000	6971.500000	0	0	noise	cluster_noise	0.0000
5679	Spectrogram 1	1	6971.250000	6972.000000	0	0	7	cluster_7	1.0000
5680	Spectrogram 1	1	6971.750000	6972.750000	0	0	8	cluster_8	0.9416
5681	Spectrogram 1	1	6972.500000	6973.000000	0	0	7	cluster_7	1.0000
5682	Spectrogram 1	1	6972.750000	6973.250000	0	0	noise	cluster_noise	0.0000
5683	Spectrogram 1	1	6973.000000	6973.750000	0	0	7	cluster_7	0.9439
5684	Spectrogram 1	1	6973.500000	6974.000000	0	0	noise	cluster_noise	0.0000
5685	Spectrogram 1	1	6973.750000	6974.250000	0	0	8	cluster_8	1.0000
5686	Spectrogram 1	1	6974.000000	6974.500000	0	0	noise	cluster_noise	0.0000
5687	Spectrogram 1	1	6974.250000	6974.750000	0	0	7	cluster_7	1.0000
5688	Spectrogram 1	1	6974.500000	6975.000000	0	0	6	cluster_6	0.9729
5689	Spectrogram 1	1	6974.750000	6975.500000	0	0	noise	cluster_noise	0.0000
5690	Spectrogram 1	1	6975.250000	6976.000000	0	0	8	cluster_8	1.0000
5691	Spectrogram 1	1	6975.750000	6976.250000	0	0	7	cluster_7	1.0000
5692	Spectrogram 1	1	6976.000000	6976.500000	0	0	noise	cluster_noise	0.0000
5693	Spectrogram 1	1	6976.250000	6977.000000	0	0	8	cluster_8	1.0000
5694	Spectrogram 1	1	6976.750000	6977.750000	0	0	7	cluster_7	1.0000
5695	Spectrogram 1	1	6977.500000	6978.000000	0	0	noise	cluster_noise	0.0000
5696	Spectrogram 1	1	6977.750000	6978.500000	0	0	8	cluster_8	1.0000
5697	Spectrogram 1	1	6978.250000	6978.750000	0	0	7	cluster_7	0.8883
5698	Spectrogram 1	1	6978.500000	6979.000000	0	0	6	cluster_6	0.9506
5699	Spectrogram 1	1	6978.750000	6980.250000	0	0	7	cluster_7	1.0000
5700	Spectrogram 1	1	6980.000000	6980.500000	0	0	noise	cluster_noise	0.0000
5701	Spectrogram 1	1	6980.250000	6981.250000	0	0	0	cluster_0	0.8333
5702	Spectrogram 1	1	6981.000000	6981.500000	0	0	noise	cluster_noise	0.0000
5703	Spectrogram 1	1	6981.250000	6984.250000	0	0	7	cluster_7	0.9947
5704	Spectrogram 1	1	6984.000000	6985.250000	0	0	noise	cluster_noise	0.0000
5705	Spectrogram 1	1	6985.000000	6985.500000	0	0	7	cluster_7	1.0000
5706	Spectrogram 1	1	6985.250000	6985.750000	0	0	noise	cluster_noise	0.0000
5707	Spectrogram 1	1	6985.500000	6986.500000	0	0	7	cluster_7	1.0000
5708	Spectrogram 1	1	6986.250000	6987.000000	0	0	8	cluster_8	1.0000
5709	Spectrogram 1	1	6986.750000	6987.250000	0	0	7	cluster_7	0.9756
5710	Spectrogram 1	1	6987.000000	6987.750000	0	0	noise	cluster_noise	0.0000
5711	Spectrogram 1	1	6987.500000	6988.500000	0	0	7	cluster_7	1.0000
5712	Spectrogram 1	1	6988.250000	6988.750000	0	0	noise	cluster_noise	0.0000
5713	Spectrogram 1	1	6988.500000	6989.250000	0	0	8	cluster_8	1.0000
5714	Spectrogram 1	1	6989.000000	6989.500000	0	0	6	cluster_6	1.0000
5715	Spectrogram 1	1	6989.250000	6990.000000	0	0	8	cluster_8	1.0000
5716	Spectrogram 1	1	6989.750000	6990.500000	0	0	7	cluster_7	1.0000
5717	Spectrogram 1	1	6990.250000	6990.750000	0	0	noise	cluster_noise	0.0000
5718	Spectrogram 1	1	6990.500000	6991.250000	0	0	8	cluster_8	1.0000
5719	Spectrogram 1	1	6991.000000	6991.500000	0	0	noise	cluster_noise	0.0000
5720	Spectrogram 1	1	6991.250000	6992.000000	0	0	8	cluster_8	1.0000
5721	Spectrogram 1	1	6991.750000	6992.250000	0	0	noise	cluster_noise	0.0000
5722	Spectrogram 1	1	6992.000000	6992.750000	0	0	8	cluster_8	1.0000
5723	Spectrogram 1	1	6992.500000	6993.500000	0	0	7	cluster_7	1.0000
5724	Spectrogram 1	1	6993.250000	6994.000000	0	0	8	cluster_8	1.0000
5725	Spectrogram 1	1	6993.750000	6994.750000	0	0	noise	cluster_noise	0.0000
5726	Spectrogram 1	1	6994.500000	6996.250000	0	0	7	cluster_7	0.9824
5727	Spectrogram 1	1	6996.000000	6996.500000	0	0	noise	cluster_noise	0.0000
5728	Spectrogram 1	1	6996.250000	6997.250000	0	0	0	cluster_0	0.4180
5729	Spectrogram 1	1	6997.000000	6997.500000	0	0	noise	cluster_noise	0.0000
5730	Spectrogram 1	1	6997.250000	6997.750000	0	0	7	cluster_7	0.8898
5731	Spectrogram 1	1	6997.500000	6998.000000	0	0	noise	cluster_noise	0.0000
5732	Spectrogram 1	1	6997.750000	7000.000000	0	0	7	cluster_7	1.0000
5733	Spectrogram 1	1	6999.750000	7000.750000	0	0	noise	cluster_noise	0.0000
5734	Spectrogram 1	1	7000.500000	7001.000000	0	0	12	cluster_12	0.9339
5735	Spectrogram 1	1	7000.750000	7002.500000	0	0	7	cluster_7	1.0000
5736	Spectrogram 1	1	7002.250000	7003.000000	0	0	8	cluster_8	1.0000
5737	Spectrogram 1	1	7002.750000	7003.250000	0	0	7	cluster_7	1.0000
5738	Spectrogram 1	1	7003.000000	7003.750000	0	0	8	cluster_8	1.0000
5739	Spectrogram 1	1	7003.500000	7004.000000	0	0	noise	cluster_noise	0.0000
5740	Spectrogram 1	1	7003.750000	7004.750000	0	0	7	cluster_7	0.9596
5741	Spectrogram 1	1	7004.500000	7005.250000	0	0	8	cluster_8	1.0000
5742	Spectrogram 1	1	7005.000000	7005.500000	0	0	7	cluster_7	1.0000
5743	Spectrogram 1	1	7005.250000	7006.000000	0	0	8	cluster_8	1.0000
5744	Spectrogram 1	1	7005.750000	7006.750000	0	0	7	cluster_7	0.9993
5745	Spectrogram 1	1	7006.500000	7007.000000	0	0	noise	cluster_noise	0.0000
5746	Spectrogram 1	1	7006.750000	7007.500000	0	0	8	cluster_8	1.0000
5747	Spectrogram 1	1	7007.250000	7007.750000	0	0	7	cluster_7	1.0000
5748	Spectrogram 1	1	7007.500000	7008.250000	0	0	8	cluster_8	1.0000
5749	Spectrogram 1	1	7008.000000	7008.500000	0	0	7	cluster_7	1.0000
5750	Spectrogram 1	1	7008.250000	7009.000000	0	0	noise	cluster_noise	0.0000
5751	Spectrogram 1	1	7008.750000	7009.500000	0	0	8	cluster_8	1.0000
5752	Spectrogram 1	1	7010.000000	7010.500000	0	0	7	cluster_7	1.0000
5753	Spectrogram 1	1	7010.250000	7011.000000	0	0	noise	cluster_noise	0.0000
5754	Spectrogram 1	1	7010.750000	7011.250000	0	0	7	cluster_7	0.8773
5755	Spectrogram 1	1	7011.000000	7011.500000	0	0	noise	cluster_noise	0.0000
5756	Spectrogram 1	1	7011.250000	7013.000000	0	0	7	cluster_7	1.0000
5757	Spectrogram 1	1	7012.750000	7013.500000	0	0	noise	cluster_noise	0.0000
5758	Spectrogram 1	1	7013.250000	7013.750000	0	0	0	cluster_0	0.4094
5759	Spectrogram 1	1	7013.500000	7014.000000	0	0	12	cluster_12	0.9496
5760	Spectrogram 1	1	7013.750000	7016.750000	0	0	7	cluster_7	0.9696
5761	Spectrogram 1	1	7016.500000	7017.500000	0	0	0	cluster_0	0.5922
5762	Spectrogram 1	1	7017.250000	7017.750000	0	0	noise	cluster_noise	0.0000
5763	Spectrogram 1	1	7017.500000	7019.000000	0	0	7	cluster_7	1.0000
5764	Spectrogram 1	1	7018.750000	7019.500000	0	0	8	cluster_8	1.0000
5765	Spectrogram 1	1	7019.250000	7019.750000	0	0	6	cluster_6	1.0000
5766	Spectrogram 1	1	7019.500000	7020.000000	0	0	noise	cluster_noise	0.0000
5767	Spectrogram 1	1	7019.750000	7020.250000	0	0	12	cluster_12	0.8085
5768	Spectrogram 1	1	7020.000000	7020.750000	0	0	noise	cluster_noise	0.0000
5769	Spectrogram 1	1	7020.500000	7021.250000	0	0	7	cluster_7	1.0000
5770	Spectrogram 1	1	7021.000000	7021.500000	0	0	noise	cluster_noise	0.0000
5771	Spectrogram 1	1	7021.250000	7022.000000	0	0	8	cluster_8	1.0000
5772	Spectrogram 1	1	7021.750000	7022.250000	0	0	noise	cluster_noise	0.0000
5773	Spectrogram 1	1	7022.000000	7022.500000	0	0	6	cluster_6	0.9379
5774	Spectrogram 1	1	7022.250000	7022.750000	0	0	7	cluster_7	1.0000
5775	Spectrogram 1	1	7022.500000	7023.000000	0	0	noise	cluster_noise	0.0000
5776	Spectrogram 1	1	7022.750000	7023.250000	0	0	7	cluster_7	0.9269
5777	Spectrogram 1	1	7023.000000	7023.500000	0	0	noise	cluster_noise	0.0000
5778	Spectrogram 1	1	7023.250000	7024.000000	0	0	8	cluster_8	1.0000
5779	Spectrogram 1	1	7023.750000	7024.250000	0	0	7	cluster_7	1.0000
5780	Spectrogram 1	1	7024.000000	7024.500000	0	0	6	cluster_6	0.9350
5781	Spectrogram 1	1	7025.000000	7025.500000	0	0	noise	cluster_noise	0.0000
5782	Spectrogram 1	1	7025.250000	7026.000000	0	0	8	cluster_8	1.0000
5783	Spectrogram 1	1	7025.750000	7026.250000	0	0	7	cluster_7	1.0000
5784	Spectrogram 1	1	7026.000000	7026.750000	0	0	noise	cluster_noise	0.0000
5785	Spectrogram 1	1	7026.500000	7027.500000	0	0	7	cluster_7	0.9695
5786	Spectrogram 1	1	7027.250000	7027.750000	0	0	noise	cluster_noise	0.0000
5787	Spectrogram 1	1	7027.500000	7028.750000	0	0	8	cluster_8	0.9300
5788	Spectrogram 1	1	7028.500000	7029.750000	0	0	7	cluster_7	0.9989
5789	Spectrogram 1	1	7029.500000	7030.000000	0	0	noise	cluster_noise	0.0000
5790	Spectrogram 1	1	7029.750000	7030.750000	0	0	7	cluster_7	0.9859
5791	Spectrogram 1	1	7030.500000	7031.000000	0	0	noise	cluster_noise	0.0000
5792	Spectrogram 1	1	7030.750000	7032.000000	0	0	0	cluster_0	0.7507
5793	Spectrogram 1	1	7031.750000	7034.750000	0	0	7	cluster_7	1.0000
5794	Spectrogram 1	1	7034.500000	7035.000000	0	0	noise	cluster_noise	0.0000
5795	Spectrogram 1	1	7034.750000	7035.750000	0	0	0	cluster_0	0.4309
5796	Spectrogram 1	1	7035.500000	7036.000000	0	0	noise	cluster_noise	0.0000
5797	Spectrogram 1	1	7035.750000	7037.000000	0	0	7	cluster_7	1.0000
5798	Spectrogram 1	1	7036.750000	7037.250000	0	0	6	cluster_6	1.0000
5799	Spectrogram 1	1	7037.000000	7037.750000	0	0	8	cluster_8	1.0000
5800	Spectrogram 1	1	7037.500000	7038.000000	0	0	7	cluster_7	1.0000
5801	Spectrogram 1	1	7037.750000	7038.500000	0	0	noise	cluster_noise	0.0000
5802	Spectrogram 1	1	7038.250000	7039.250000	0	0	7	cluster_7	1.0000
5803	Spectrogram 1	1	7039.000000	7039.500000	0	0	noise	cluster_noise	0.0000
5804	Spectrogram 1	1	7039.250000	7039.750000	0	0	8	cluster_8	1.0000
5805	Spectrogram 1	1	7039.500000	7040.000000	0	0	7	cluster_7	1.0000
5806	Spectrogram 1	1	7039.750000	7040.500000	0	0	6	cluster_6	0.9646
5807	Spectrogram 1	1	7040.250000	7040.750000	0	0	7	cluster_7	1.0000
5808	Spectrogram 1	1	7040.500000	7041.250000	0	0	6	cluster_6	0.9878
5809	Spectrogram 1	1	7041.000000	7041.500000	0	0	7	cluster_7	1.0000
5810	Spectrogram 1	1	7041.250000	7042.000000	0	0	8	cluster_8	0.9550
5811	Spectrogram 1	1	7041.750000	7042.750000	0	0	7	cluster_7	1.0000
5812	Spectrogram 1	1	7042.500000	7043.250000	0	0	8	cluster_8	1.0000
5813	Spectrogram 1	1	7043.000000	7043.500000	0	0	3	cluster_3	0.7860
5814	Spectrogram 1	1	7043.250000	7044.000000	0	0	6	cluster_6	0.9911
5815	Spectrogram 1	1	7043.750000	7044.500000	0	0	noise	cluster_noise	0.0000
5816	Spectrogram 1	1	7044.250000	7044.750000	0	0	7	cluster_7	1.0000
5817	Spectrogram 1	1	7044.500000	7045.250000	0	0	6	cluster_6	0.9786
5818	Spectrogram 1	1	7045.000000	7045.500000	0	0	noise	cluster_noise	0.0000
5819	Spectrogram 1	1	7045.250000	7046.000000	0	0	8	cluster_8	1.0000
5820	Spectrogram 1	1	7045.750000	7046.250000	0	0	7	cluster_7	1.0000
5821	Spectrogram 1	1	7046.000000	7046.750000	0	0	3	cluster_3	1.0000
5822	Spectrogram 1	1	7046.500000	7047.000000	0	0	7	cluster_7	1.0000
5823	Spectrogram 1	1	7046.750000	7047.500000	0	0	3	cluster_3	1.0000
5824	Spectrogram 1	1	7047.250000	7049.000000	0	0	7	cluster_7	1.0000
5825	Spectrogram 1	1	7048.750000	7049.250000	0	0	6	cluster_6	0.9215
5826	Spectrogram 1	1	7049.000000	7049.500000	0	0	noise	cluster_noise	0.0000
5827	Spectrogram 1	1	7049.250000	7050.000000	0	0	3	cluster_3	0.8851
5828	Spectrogram 1	1	7049.750000	7051.750000	0	0	7	cluster_7	1.0000
5829	Spectrogram 1	1	7051.500000	7052.250000	0	0	8	cluster_8	0.9420
5830	Spectrogram 1	1	7052.000000	7052.500000	0	0	3	cluster_3	1.0000
5831	Spectrogram 1	1	7054.000000	7054.750000	0	0	8	cluster_8	0.9688
5832	Spectrogram 1	1	7054.500000	7055.000000	0	0	3	cluster_3	1.0000
5833	Spectrogram 1	1	7054.750000	7055.500000	0	0	7	cluster_7	0.9086
5834	Spectrogram 1	1	7055.250000	7055.750000	0	0	noise	cluster_noise	0.0000
5835	Spectrogram 1	1	7055.500000	7056.000000	0	0	7	cluster_7	1.0000
5836	Spectrogram 1	1	7055.750000	7057.000000	0	0	5	cluster_5	0.9657
5837	Spectrogram 1	1	7056.750000	7057.250000	0	0	noise	cluster_noise	0.0000
5838	Spectrogram 1	1	7057.000000	7058.250000	0	0	7	cluster_7	0.9891
5839	Spectrogram 1	1	7058.000000	7058.500000	0	0	noise	cluster_noise	0.0000
5840	Spectrogram 1	1	7058.250000	7059.750000	0	0	5	cluster_5	1.0000
5841	Spectrogram 1	1	7059.500000	7060.000000	0	0	noise	cluster_noise	0.0000
5842	Spectrogram 1	1	7059.750000	7060.500000	0	0	7	cluster_7	1.0000
5843	Spectrogram 1	1	7062.000000	7062.750000	0	0	5	cluster_5	0.9908
5844	Spectrogram 1	1	7062.500000	7064.000000	0	0	7	cluster_7	0.9831
5845	Spectrogram 1	1	7063.750000	7064.500000	0	0	5	cluster_5	1.0000
5846	Spectrogram 1	1	7067.000000	7068.500000	0	0	7	cluster_7	1.0000
5847	Spectrogram 1	1	7071.000000	7071.500000	0	0	noise	cluster_noise	0.0000
5848	Spectrogram 1	1	7071.250000	7072.000000	0	0	3	cluster_3	1.0000
5849	Spectrogram 1	1	7071.750000	7074.000000	0	0	7	cluster_7	1.0000
5850	Spectrogram 1	1	7073.750000	7074.750000	0	0	3	cluster_3	0.9048
5851	Spectrogram 1	1	7074.500000	7076.000000	0	0	7	cluster_7	1.0000
5852	Spectrogram 1	1	7075.750000	7077.000000	0	0	5	cluster_5	0.9374
5853	Spectrogram 1	1	7076.750000	7077.500000	0	0	7	cluster_7	1.0000
5854	Spectrogram 1	1	7078.000000	7080.000000	0	0	5	cluster_5	1.0000
5855	Spectrogram 1	1	7079.750000	7080.500000	0	0	7	cluster_7	0.9928
5856	Spectrogram 1	1	7082.000000	7082.500000	0	0	noise	cluster_noise	0.0000
5857	Spectrogram 1	1	7082.250000	7082.750000	0	0	7	cluster_7	0.8332
5858	Spectrogram 1	1	7082.500000	7083.000000	0	0	noise	cluster_noise	0.0000
5859	Spectrogram 1	1	7082.750000	7083.500000	0	0	5	cluster_5	1.0000
5860	Spectrogram 1	1	7087.000000	7088.250000	0	0	7	cluster_7	1.0000
5861	Spectrogram 1	1	7088.000000	7089.000000	0	0	3	cluster_3	1.0000
5862	Spectrogram 1	1	7088.750000	7089.250000	0	0	noise	cluster_noise	0.0000
5863	Spectrogram 1	1	7089.000000	7091.000000	0	0	7	cluster_7	1.0000
5864	Spectrogram 1	1	7090.750000	7092.500000	0	0	3	cluster_3	0.9703
5865	Spectrogram 1	1	7092.250000	7093.750000	0	0	7	cluster_7	0.9917
5866	Spectrogram 1	1	7093.500000	7094.750000	0	0	3	cluster_3	1.0000
5867	Spectrogram 1	1	7094.500000	7095.000000	0	0	noise	cluster_noise	0.0000
5868	Spectrogram 1	1	7094.750000	7096.500000	0	0	7	cluster_7	1.0000
5869	Spectrogram 1	1	7096.250000	7097.750000	0	0	3	cluster_3	0.9630
5870	Spectrogram 1	1	7097.500000	7098.250000	0	0	7	cluster_7	1.0000
5871	Spectrogram 1	1	7098.000000	7098.750000	0	0	noise	cluster_noise	0.0000
5872	Spectrogram 1	1	7098.500000	7099.000000	0	0	7	cluster_7	0.8970
5873	Spectrogram 1	1	7098.750000	7100.000000	0	0	3	cluster_3	1.0000
5874	Spectrogram 1	1	7099.750000	7102.500000	0	0	7	cluster_7	1.0000
5875	Spectrogram 1	1	7102.250000	7102.750000	0	0	noise	cluster_noise	0.0000
5876	Spectrogram 1	1	7102.500000	7103.500000	0	0	3	cluster_3	1.0000
5877	Spectrogram 1	1	7105.000000	7106.250000	0	0	7	cluster_7	1.0000
5878	Spectrogram 1	1	7106.000000	7106.500000	0	0	noise	cluster_noise	0.0000
5879	Spectrogram 1	1	7106.250000	7107.750000	0	0	1	cluster_1	0.9879
5880	Spectrogram 1	1	7107.500000	7110.250000	0	0	7	cluster_7	1.0000
5881	Spectrogram 1	1	7110.000000	7110.500000	0	0	noise	cluster_noise	0.0000
5882	Spectrogram 1	1	7110.250000	7110.750000	0	0	7	cluster_7	1.0000
5883	Spectrogram 1	1	7110.500000	7111.750000	0	0	3	cluster_3	0.9403
5884	Spectrogram 1	1	7111.500000	7117.000000	0	0	7	cluster_7	1.0000
5885	Spectrogram 1	1	7116.750000	7118.500000	0	0	3	cluster_3	1.0000
5886	Spectrogram 1	1	7118.250000	7120.000000	0	0	7	cluster_7	0.9874
5887	Spectrogram 1	1	7119.750000	7121.750000	0	0	3	cluster_3	0.9614
5888	Spectrogram 1	1	7121.500000	7124.000000	0	0	7	cluster_7	0.9909
5889	Spectrogram 1	1	7123.750000	7124.250000	0	0	3	cluster_3	0.8799
5890	Spectrogram 1	1	7124.000000	7124.500000	0	0	1	cluster_1	0.9792
5891	Spectrogram 1	1	7124.250000	7125.000000	0	0	noise	cluster_noise	0.0000
5892	Spectrogram 1	1	7124.750000	7128.000000	0	0	7	cluster_7	0.9896
5893	Spectrogram 1	1	7127.750000	7129.000000	0	0	3	cluster_3	0.9551
5894	Spectrogram 1	1	7128.750000	7129.500000	0	0	7	cluster_7	1.0000
5895	Spectrogram 1	1	7135.000000	7136.000000	0	0	3	cluster_3	1.0000
5896	Spectrogram 1	1	7135.750000	7136.250000	0	0	noise	cluster_noise	0.0000
5897	Spectrogram 1	1	7136.000000	7146.000000	0	0	7	cluster_7	0.9694
5898	Spectrogram 1	1	7145.750000	7146.750000	0	0	3	cluster_3	1.0000
5899	Spectrogram 1	1	7146.500000	7154.750000	0	0	7	cluster_7	0.9913
5900	Spectrogram 1	1	7154.500000	7155.000000	0	0	noise	cluster_noise	0.0000
5901	Spectrogram 1	1	7154.750000	7175.500000	0	0	7	cluster_7	0.9998
5902	Spectrogram 1	1	7175.250000	7175.750000	0	0	noise	cluster_noise	0.0000
5903	Spectrogram 1	1	7175.500000	7176.250000	0	0	1	cluster_1	0.8245
5904	Spectrogram 1	1	7176.000000	7176.750000	0	0	3	cluster_3	0.9142
5905	Spectrogram 1	1	7176.500000	7178.000000	0	0	7	cluster_7	0.9909
5906	Spectrogram 1	1	7177.750000	7178.250000	0	0	noise	cluster_noise	0.0000
5907	Spectrogram 1	1	7178.000000	7178.500000	0	0	8	cluster_8	0.8262
5908	Spectrogram 1	1	7178.250000	7178.750000	0	0	3	cluster_3	1.0000
5909	Spectrogram 1	1	7178.500000	7179.250000	0	0	noise	cluster_noise	0.0000
5910	Spectrogram 1	1	7179.000000	7179.500000	0	0	1	cluster_1	0.9723
5911	Spectrogram 1	1	7208.000000	7208.500000	0	0	12	cluster_12	0.8339
5912	Spectrogram 1	1	7208.250000	7208.750000	0	0	3	cluster_3	1.0000
5913	Spectrogram 1	1	7208.500000	7209.250000	0	0	12	cluster_12	0.9268
5914	Spectrogram 1	1	7209.000000	7209.500000	0	0	noise	cluster_noise	0.0000
5915	Spectrogram 1	1	7209.250000	7210.000000	0	0	7	cluster_7	0.9863
5916	Spectrogram 1	1	7209.750000	7210.250000	0	0	noise	cluster_noise	0.0000
5917	Spectrogram 1	1	7210.000000	7210.500000	0	0	7	cluster_7	0.9366
5918	Spectrogram 1	1	7210.250000	7211.500000	0	0	3	cluster_3	1.0000
5919	Spectrogram 1	1	7219.000000	7219.750000	0	0	7	cluster_7	0.9061
5920	Spectrogram 1	1	7219.500000	7220.250000	0	0	noise	cluster_noise	0.0000
5921	Spectrogram 1	1	7220.000000	7220.500000	0	0	18	cluster_18	0.6872
5922	Spectrogram 1	1	7220.250000	7221.250000	0	0	noise	cluster_noise	0.0000
5923	Spectrogram 1	1	7221.000000	7222.000000	0	0	12	cluster_12	0.9481
5924	Spectrogram 1	1	7221.750000	7223.000000	0	0	7	cluster_7	0.9899
5925	Spectrogram 1	1	7222.750000	7224.750000	0	0	3	cluster_3	0.9773
5926	Spectrogram 1	1	7224.500000	7226.250000	0	0	7	cluster_7	0.9600
5927	Spectrogram 1	1	7226.000000	7226.500000	0	0	6	cluster_6	1.0000
5928	Spectrogram 1	1	7226.250000	7226.750000	0	0	noise	cluster_noise	0.0000
5929	Spectrogram 1	1	7226.500000	7227.500000	0	0	1	cluster_1	1.0000
5930	Spectrogram 1	1	7232.000000	7232.750000	0	0	12	cluster_12	0.9338
5931	Spectrogram 1	1	7232.500000	7233.500000	0	0	7	cluster_7	1.0000
5932	Spectrogram 1	1	7233.250000	7235.000000	0	0	3	cluster_3	0.9333
5933	Spectrogram 1	1	7234.750000	7237.500000	0	0	7	cluster_7	1.0000
5934	Spectrogram 1	1	7237.250000	7238.750000	0	0	8	cluster_8	0.9937
5935	Spectrogram 1	1	7238.500000	7239.250000	0	0	noise	cluster_noise	0.0000
5936	Spectrogram 1	1	7239.000000	7241.500000	0	0	7	cluster_7	1.0000
5937	Spectrogram 1	1	7241.250000	7242.000000	0	0	noise	cluster_noise	0.0000
5938	Spectrogram 1	1	7241.750000	7243.000000	0	0	18	cluster_18	0.9080
5939	Spectrogram 1	1	7242.750000	7243.250000	0	0	14	cluster_14	0.9976
5940	Spectrogram 1	1	7243.000000	7243.500000	0	0	noise	cluster_noise	0.0000
5941	Spectrogram 1	1	7245.000000	7245.750000	0	0	3	cluster_3	0.9815
5942	Spectrogram 1	1	7245.500000	7248.500000	0	0	7	cluster_7	0.9916
5943	Spectrogram 1	1	7248.250000	7249.750000	0	0	8	cluster_8	0.9991
5944	Spectrogram 1	1	7249.500000	7250.250000	0	0	noise	cluster_noise	0.0000
5945	Spectrogram 1	1	7250.000000	7252.500000	0	0	7	cluster_7	1.0000
5946	Spectrogram 1	1	7252.250000	7253.000000	0	0	noise	cluster_noise	0.0000
5947	Spectrogram 1	1	7252.750000	7254.250000	0	0	18	cluster_18	0.8772
5948	Spectrogram 1	1	7254.000000	7254.500000	0	0	12	cluster_12	0.9900
5949	Spectrogram 1	1	7258.000000	7259.750000	0	0	7	cluster_7	1.0000
5950	Spectrogram 1	1	7259.500000	7260.000000	0	0	noise	cluster_noise	0.0000
5951	Spectrogram 1	1	7259.750000	7260.250000	0	0	8	cluster_8	0.9953
5952	Spectrogram 1	1	7260.000000	7260.500000	0	0	15	cluster_15	1.0000
5953	Spectrogram 1	1	7260.250000	7261.000000	0	0	noise	cluster_noise	0.0000
5954	Spectrogram 1	1	7260.750000	7261.250000	0	0	15	cluster_15	0.8700
5955	Spectrogram 1	1	7261.000000	7261.750000	0	0	noise	cluster_noise	0.0000
5956	Spectrogram 1	1	7261.500000	7262.000000	0	0	12	cluster_12	0.9369
5957	Spectrogram 1	1	7261.750000	7263.750000	0	0	7	cluster_7	0.9895
5958	Spectrogram 1	1	7263.500000	7264.250000	0	0	noise	cluster_noise	0.0000
5959	Spectrogram 1	1	7264.000000	7265.250000	0	0	18	cluster_18	0.9746
5960	Spectrogram 1	1	7265.000000	7265.500000	0	0	14	cluster_14	1.0000
5961	Spectrogram 1	1	7265.250000	7266.000000	0	0	12	cluster_12	0.8442
5962	Spectrogram 1	1	7265.750000	7266.500000	0	0	noise	cluster_noise	0.0000
5963	Spectrogram 1	1	7266.250000	7267.500000	0	0	3	cluster_3	0.9471
5964	Spectrogram 1	1	7267.250000	7268.250000	0	0	7	cluster_7	1.0000
5965	Spectrogram 1	1	7268.000000	7268.500000	0	0	3	cluster_3	0.8972
5966	Spectrogram 1	1	7270.000000	7271.250000	0	0	7	cluster_7	1.0000
5967	Spectrogram 1	1	7271.000000	7271.500000	0	0	noise	cluster_noise	0.0000
5968	Spectrogram 1	1	7271.250000	7272.000000	0	0	15	cluster_15	0.9659
5969	Spectrogram 1	1	7271.750000	7272.750000	0	0	noise	cluster_noise	0.0000
5970	Spectrogram 1	1	7272.500000	7273.250000	0	0	12	cluster_12	0.7797
5971	Spectrogram 1	1	7273.000000	7275.000000	0	0	7	cluster_7	1.0000
5972	Spectrogram 1	1	7274.750000	7275.250000	0	0	noise	cluster_noise	0.0000
5973	Spectrogram 1	1	7275.000000	7276.250000	0	0	18	cluster_18	0.9316
5974	Spectrogram 1	1	7276.000000	7276.500000	0	0	noise	cluster_noise	0.0000
5975	Spectrogram 1	1	7276.250000	7277.250000	0	0	12	cluster_12	0.9589
5976	Spectrogram 1	1	7277.000000	7278.250000	0	0	3	cluster_3	0.9752
5977	Spectrogram 1	1	7278.000000	7279.250000	0	0	7	cluster_7	1.0000
5978	Spectrogram 1	1	7279.000000	7279.750000	0	0	3	cluster_3	1.0000
5979	Spectrogram 1	1	7279.500000	7285.750000	0	0	7	cluster_7	1.0000
5980	Spectrogram 1	1	7285.500000	7286.250000	0	0	noise	cluster_noise	0.0000
5981	Spectrogram 1	1	7286.000000	7287.250000	0	0	18	cluster_18	0.9302
5982	Spectrogram 1	1	7287.000000	7287.750000	0	0	12	cluster_12	0.9625
5983	Spectrogram 1	1	7287.500000	7288.250000	0	0	7	cluster_7	0.9764
5984	Spectrogram 1	1	7288.000000	7289.000000	0	0	noise	cluster_noise	0.0000
5985	Spectrogram 1	1	7288.750000	7290.000000	0	0	7	cluster_7	1.0000
5986	Spectrogram 1	1	7289.750000	7290.750000	0	0	noise	cluster_noise	0.0000
5987	Spectrogram 1	1	7290.500000	7291.500000	0	0	7	cluster_7	1.0000
5988	Spectrogram 1	1	7291.250000	7291.750000	0	0	8	cluster_8	0.8711
5989	Spectrogram 1	1	7291.500000	7292.500000	0	0	noise	cluster_noise	0.0000
5990	Spectrogram 1	1	7292.250000	7293.000000	0	0	6	cluster_6	0.9703
5991	Spectrogram 1	1	7292.750000	7293.500000	0	0	7	cluster_7	1.0000
5992	Spectrogram 1	1	7293.250000	7293.750000	0	0	8	cluster_8	0.9935
5993	Spectrogram 1	1	7293.500000	7294.250000	0	0	noise	cluster_noise	0.0000
5994	Spectrogram 1	1	7294.000000	7294.500000	0	0	7	cluster_7	1.0000
5995	Spectrogram 1	1	7297.000000	7297.500000	0	0	noise	cluster_noise	0.0000
5996	Spectrogram 1	1	7297.250000	7297.750000	0	0	12	cluster_12	0.7793
5997	Spectrogram 1	1	7297.500000	7298.250000	0	0	noise	cluster_noise	0.0000
5998	Spectrogram 1	1	7298.000000	7299.750000	0	0	7	cluster_7	0.9597
5999	Spectrogram 1	1	7299.500000	7300.250000	0	0	noise	cluster_noise	0.0000
6000	Spectrogram 1	1	7300.000000	7301.000000	0	0	18	cluster_18	0.9187
6001	Spectrogram 1	1	7300.750000	7301.250000	0	0	12	cluster_12	0.9059
6002	Spectrogram 1	1	7301.000000	7301.500000	0	0	7	cluster_7	0.8228
6003	Spectrogram 1	1	7301.250000	7301.750000	0	0	12	cluster_12	0.9572
6004	Spectrogram 1	1	7301.500000	7302.250000	0	0	7	cluster_7	0.9259
6005	Spectrogram 1	1	7302.000000	7302.500000	0	0	noise	cluster_noise	0.0000
6006	Spectrogram 1	1	7302.250000	7302.750000	0	0	8	cluster_8	0.8820
6007	Spectrogram 1	1	7302.500000	7303.250000	0	0	noise	cluster_noise	0.0000
6008	Spectrogram 1	1	7303.000000	7304.250000	0	0	7	cluster_7	1.0000
6009	Spectrogram 1	1	7304.000000	7304.750000	0	0	8	cluster_8	0.8648
6010	Spectrogram 1	1	7304.500000	7305.000000	0	0	noise	cluster_noise	0.0000
6011	Spectrogram 1	1	7304.750000	7309.750000	0	0	7	cluster_7	0.9651
6012	Spectrogram 1	1	7309.500000	7310.000000	0	0	3	cluster_3	0.8633
6013	Spectrogram 1	1	7309.750000	7310.500000	0	0	noise	cluster_noise	0.0000
6014	Spectrogram 1	1	7311.000000	7313.000000	0	0	7	cluster_7	1.0000
6015	Spectrogram 1	1	7312.750000	7314.750000	0	0	noise	cluster_noise	0.0000
6016	Spectrogram 1	1	7314.500000	7316.000000	0	0	7	cluster_7	1.0000
6017	Spectrogram 1	1	7315.750000	7316.250000	0	0	noise	cluster_noise	0.0000
6018	Spectrogram 1	1	7316.000000	7317.000000	0	0	18	cluster_18	0.8987
6019	Spectrogram 1	1	7316.750000	7317.250000	0	0	noise	cluster_noise	0.0000
6020	Spectrogram 1	1	7317.000000	7317.500000	0	0	12	cluster_12	0.9599
6021	Spectrogram 1	1	7320.000000	7320.750000	0	0	8	cluster_8	0.8965
6022	Spectrogram 1	1	7320.500000	7321.000000	0	0	noise	cluster_noise	0.0000
6023	Spectrogram 1	1	7320.750000	7321.250000	0	0	12	cluster_12	0.8985
6024	Spectrogram 1	1	7321.000000	7321.750000	0	0	7	cluster_7	0.9839
6025	Spectrogram 1	1	7321.500000	7322.000000	0	0	noise	cluster_noise	0.0000
6026	Spectrogram 1	1	7321.750000	7322.500000	0	0	8	cluster_8	0.9721
6027	Spectrogram 1	1	7322.250000	7322.750000	0	0	noise	cluster_noise	0.0000
6028	Spectrogram 1	1	7322.500000	7323.750000	0	0	7	cluster_7	0.9780
6029	Spectrogram 1	1	7323.500000	7324.000000	0	0	8	cluster_8	0.9953
6030	Spectrogram 1	1	7323.750000	7324.250000	0	0	noise	cluster_noise	0.0000
6031	Spectrogram 1	1	7324.000000	7324.500000	0	0	12	cluster_12	0.7558
6032	Spectrogram 1	1	7324.250000	7325.500000	0	0	7	cluster_7	1.0000
6033	Spectrogram 1	1	7325.250000	7325.750000	0	0	noise	cluster_noise	0.0000
6034	Spectrogram 1	1	7325.500000	7326.000000	0	0	7	cluster_7	0.8794
6035	Spectrogram 1	1	7325.750000	7326.750000	0	0	noise	cluster_noise	0.0000
6036	Spectrogram 1	1	7326.500000	7327.000000	0	0	21	cluster_21	0.6368
6037	Spectrogram 1	1	7326.750000	7327.500000	0	0	noise	cluster_noise	0.0000
6038	Spectrogram 1	1	7327.250000	7328.250000	0	0	15	cluster_15	1.0000
6039	Spectrogram 1	1	7328.000000	7328.500000	0	0	noise	cluster_noise	0.0000
6040	Spectrogram 1	1	7331.000000	7331.500000	0	0	18	cluster_18	0.8630
6041	Spectrogram 1	1	7331.250000	7331.750000	0	0	noise	cluster_noise	0.0000
6042	Spectrogram 1	1	7331.500000	7332.500000	0	0	12	cluster_12	0.8567
6043	Spectrogram 1	1	7332.250000	7333.250000	0	0	7	cluster_7	1.0000
6044	Spectrogram 1	1	7333.000000	7333.500000	0	0	8	cluster_8	0.9242
6045	Spectrogram 1	1	7333.250000	7334.000000	0	0	noise	cluster_noise	0.0000
6046	Spectrogram 1	1	7333.750000	7335.250000	0	0	7	cluster_7	0.9764
6047	Spectrogram 1	1	7335.000000	7335.500000	0	0	8	cluster_8	0.9953
6048	Spectrogram 1	1	7335.250000	7336.000000	0	0	noise	cluster_noise	0.0000
6049	Spectrogram 1	1	7335.750000	7337.000000	0	0	7	cluster_7	0.9871
6050	Spectrogram 1	1	7336.750000	7337.250000	0	0	8	cluster_8	1.0000
6051	Spectrogram 1	1	7337.000000	7337.750000	0	0	noise	cluster_noise	0.0000
6052	Spectrogram 1	1	7337.500000	7338.750000	0	0	7	cluster_7	1.0000
6053	Spectrogram 1	1	7338.500000	7343.750000	0	0	noise	cluster_noise	0.0000
6054	Spectrogram 1	1	7343.500000	7344.000000	0	0	22	cluster_22	0.9549
6055	Spectrogram 1	1	7343.750000	7344.250000	0	0	noise	cluster_noise	0.0000
6056	Spectrogram 1	1	7344.000000	7344.750000	0	0	12	cluster_12	0.9617
6057	Spectrogram 1	1	7344.500000	7345.000000	0	0	noise	cluster_noise	0.0000
6058	Spectrogram 1	1	7344.750000	7349.750000	0	0	7	cluster_7	0.9913
6059	Spectrogram 1	1	7349.500000	7350.000000	0	0	noise	cluster_noise	0.0000
6060	Spectrogram 1	1	7349.750000	7350.250000	0	0	7	cluster_7	0.9136
6061	Spectrogram 1	1	7350.000000	7353.500000	0	0	noise	cluster_noise	0.0000
6062	Spectrogram 1	1	7353.250000	7355.250000	0	0	7	cluster_7	1.0000
6063	Spectrogram 1	1	7355.000000	7357.250000	0	0	noise	cluster_noise	0.0000
6064	Spectrogram 1	1	7357.000000	7366.000000	0	0	7	cluster_7	0.9922
6065	Spectrogram 1	1	7365.750000	7367.500000	0	0	noise	cluster_noise	0.0000
6066	Spectrogram 1	1	7367.250000	7367.750000	0	0	7	cluster_7	0.8394
6067	Spectrogram 1	1	7367.500000	7368.000000	0	0	noise	cluster_noise	0.0000
6068	Spectrogram 1	1	7367.750000	7376.500000	0	0	7	cluster_7	0.9961
6069	Spectrogram 1	1	7376.250000	7376.750000	0	0	noise	cluster_noise	0.0000
6070	Spectrogram 1	1	7376.500000	7380.250000	0	0	7	cluster_7	1.0000
6071	Spectrogram 1	1	7380.000000	7380.750000	0	0	12	cluster_12	0.9900
6072	Spectrogram 1	1	7380.500000	7381.000000	0	0	noise	cluster_noise	0.0000
6073	Spectrogram 1	1	7380.750000	7386.500000	0	0	7	cluster_7	0.9973
6074	Spectrogram 1	1	7386.250000	7386.750000	0	0	noise	cluster_noise	0.0000
6075	Spectrogram 1	1	7386.500000	7388.000000	0	0	7	cluster_7	1.0000
6076	Spectrogram 1	1	7387.750000	7388.250000	0	0	noise	cluster_noise	0.0000
6077	Spectrogram 1	1	7388.000000	7389.750000	0	0	7	cluster_7	1.0000
6078	Spectrogram 1	1	7389.500000	7390.000000	0	0	noise	cluster_noise	0.0000
6079	Spectrogram 1	1	7389.750000	7393.250000	0	0	7	cluster_7	1.0000
6080	Spectrogram 1	1	7393.000000	7393.500000	0	0	noise	cluster_noise	0.0000
6081	Spectrogram 1	1	7393.250000	7401.500000	0	0	7	cluster_7	0.9916
6082	Spectrogram 1	1	7401.250000	7401.750000	0	0	noise	cluster_noise	0.0000
6083	Spectrogram 1	1	7401.500000	7404.750000	0	0	7	cluster_7	0.9872
6084	Spectrogram 1	1	7404.500000	7405.250000	0	0	noise	cluster_noise	0.0000
6085	Spectrogram 1	1	7405.000000	7416.500000	0	0	7	cluster_7	0.9896
6086	Spectrogram 1	1	7416.250000	7416.750000	0	0	noise	cluster_noise	0.0000
6087	Spectrogram 1	1	7416.500000	7538.250000	0	0	7	cluster_7	0.9927
6088	Spectrogram 1	1	7538.000000	7539.000000	0	0	noise	cluster_noise	0.0000
6089	Spectrogram 1	1	7538.750000	7539.250000	0	0	12	cluster_12	0.9900
6090	Spectrogram 1	1	7539.000000	7539.500000	0	0	noise	cluster_noise	0.0000
6091	Spectrogram 1	1	7539.250000	7540.500000	0	0	7	cluster_7	1.0000
6092	Spectrogram 1	1	7540.250000	7540.750000	0	0	noise	cluster_noise	0.0000
6093	Spectrogram 1	1	7540.500000	7541.250000	0	0	8	cluster_8	1.0000
6094	Spectrogram 1	1	7541.000000	7542.250000	0	0	7	cluster_7	0.9548
6095	Spectrogram 1	1	7542.000000	7542.500000	0	0	8	cluster_8	0.9850
6096	Spectrogram 1	1	7545.000000	7546.250000	0	0	noise	cluster_noise	0.0000
6097	Spectrogram 1	1	7546.000000	7547.000000	0	0	7	cluster_7	0.9650
6098	Spectrogram 1	1	7546.750000	7547.500000	0	0	8	cluster_8	1.0000
6099	Spectrogram 1	1	7547.250000	7547.750000	0	0	7	cluster_7	1.0000
6100	Spectrogram 1	1	7547.500000	7548.250000	0	0	8	cluster_8	0.9540
6101	Spectrogram 1	1	7548.000000	7548.500000	0	0	3	cluster_3	1.0000
6102	Spectrogram 1	1	7549.000000	7549.750000	0	0	8	cluster_8	0.9641
6103	Spectrogram 1	1	7549.500000	7550.000000	0	0	noise	cluster_noise	0.0000
6104	Spectrogram 1	1	7549.750000	7550.250000	0	0	6	cluster_6	1.0000
6105	Spectrogram 1	1	7550.000000	7551.500000	0	0	7	cluster_7	0.9635
6106	Spectrogram 1	1	7551.250000	7551.750000	0	0	noise	cluster_noise	0.0000
6107	Spectrogram 1	1	7551.500000	7552.000000	0	0	8	cluster_8	1.0000
6108	Spectrogram 1	1	7551.750000	7552.500000	0	0	3	cluster_3	1.0000
6109	Spectrogram 1	1	7552.250000	7554.000000	0	0	7	cluster_7	0.9941
6110	Spectrogram 1	1	7553.750000	7554.250000	0	0	noise	cluster_noise	0.0000
6111	Spectrogram 1	1	7554.000000	7554.750000	0	0	8	cluster_8	1.0000
6112	Spectrogram 1	1	7554.500000	7555.000000	0	0	3	cluster_3	0.8971
6113	Spectrogram 1	1	7554.750000	7556.500000	0	0	7	cluster_7	0.9901
6114	Spectrogram 1	1	7556.250000	7557.250000	0	0	8	cluster_8	0.9842
6115	Spectrogram 1	1	7557.000000	7557.500000	0	0	7	cluster_7	1.0000
6116	Spectrogram 1	1	7557.250000	7557.750000	0	0	noise	cluster_noise	0.0000
6117	Spectrogram 1	1	7557.500000	7558.750000	0	0	7	cluster_7	1.0000
6118	Spectrogram 1	1	7558.500000	7559.750000	0	0	5	cluster_5	0.9205
6119	Spectrogram 1	1	7559.500000	7561.000000	0	0	7	cluster_7	1.0000
6120	Spectrogram 1	1	7560.750000	7562.500000	0	0	5	cluster_5	0.9920
6121	Spectrogram 1	1	7562.250000	7562.750000	0	0	noise	cluster_noise	0.0000
6122	Spectrogram 1	1	7562.500000	7563.500000	0	0	7	cluster_7	1.0000
6123	Spectrogram 1	1	7564.000000	7565.750000	0	0	5	cluster_5	0.9611
6124	Spectrogram 1	1	7565.500000	7566.000000	0	0	noise	cluster_noise	0.0000
6125	Spectrogram 1	1	7565.750000	7567.500000	0	0	5	cluster_5	0.9646
6126	Spectrogram 1	1	7567.250000	7568.750000	0	0	7	cluster_7	1.0000
6127	Spectrogram 1	1	7568.500000	7569.500000	0	0	3	cluster_3	1.0000
6128	Spectrogram 1	1	7569.250000	7571.500000	0	0	7	cluster_7	0.9879
6129	Spectrogram 1	1	7571.250000	7572.000000	0	0	3	cluster_3	1.0000
6130	Spectrogram 1	1	7571.750000	7574.000000	0	0	7	cluster_7	1.0000
6131	Spectrogram 1	1	7573.750000	7574.500000	0	0	3	cluster_3	1.0000
6132	Spectrogram 1	1	7575.000000	7576.500000	0	0	7	cluster_7	1.0000
6133	Spectrogram 1	1	7576.250000	7577.000000	0	0	3	cluster_3	1.0000
6134	Spectrogram 1	1	7576.750000	7578.000000	0	0	7	cluster_7	1.0000
6135	Spectrogram 1	1	7577.750000	7578.250000	0	0	noise	cluster_noise	0.0000
6136	Spectrogram 1	1	7578.000000	7579.000000	0	0	5	cluster_5	1.0000
6137	Spectrogram 1	1	7578.750000	7580.250000	0	0	7	cluster_7	0.9991
6138	Spectrogram 1	1	7580.000000	7580.750000	0	0	5	cluster_5	1.0000
6139	Spectrogram 1	1	7580.500000	7582.000000	0	0	4	cluster_4	0.9343
6140	Spectrogram 1	1	7581.750000	7583.250000	0	0	7	cluster_7	0.9906
6141	Spectrogram 1	1	7583.000000	7584.750000	0	0	4	cluster_4	0.6832
6142	Spectrogram 1	1	7584.500000	7585.250000	0	0	noise	cluster_noise	0.0000
6143	Spectrogram 1	1	7585.000000	7586.000000	0	0	4	cluster_4	0.6363
6144	Spectrogram 1	1	7585.750000	7586.250000	0	0	noise	cluster_noise	0.0000
6145	Spectrogram 1	1	7586.000000	7587.750000	0	0	4	cluster_4	0.4162
6146	Spectrogram 1	1	7587.500000	7589.000000	0	0	7	cluster_7	1.0000
6147	Spectrogram 1	1	7588.750000	7589.750000	0	0	3	cluster_3	1.0000
6148	Spectrogram 1	1	7589.500000	7591.750000	0	0	7	cluster_7	1.0000
6149	Spectrogram 1	1	7591.500000	7592.750000	0	0	3	cluster_3	1.0000
6150	Spectrogram 1	1	7592.500000	7594.500000	0	0	7	cluster_7	0.9959
6151	Spectrogram 1	1	7595.000000	7595.500000	0	0	3	cluster_3	0.9136
6152	Spectrogram 1	1	7595.250000	7596.000000	0	0	7	cluster_7	1.0000
6153	Spectrogram 1	1	7595.750000	7596.500000	0	0	noise	cluster_noise	0.0000
6154	Spectrogram 1	1	7596.250000	7597.250000	0	0	7	cluster_7	1.0000
6155	Spectrogram 1	1	7597.000000	7597.750000	0	0	3	cluster_3	1.0000
6156	Spectrogram 1	1	7597.500000	7599.250000	0	0	7	cluster_7	1.0000
6157	Spectrogram 1	1	7599.000000	7599.750000	0	0	5	cluster_5	1.0000
6158	Spectrogram 1	1	7599.500000	7600.250000	0	0	4	cluster_4	0.4524
6159	Spectrogram 1	1	7600.000000	7600.500000	0	0	5	cluster_5	0.6685
6160	Spectrogram 1	1	7600.250000	7601.250000	0	0	7	cluster_7	1.0000
6161	Spectrogram 1	1	7601.000000	7601.500000	0	0	noise	cluster_noise	0.0000
6162	Spectrogram 1	1	7601.250000	7603.250000	0	0	4	cluster_4	0.7221
6163	Spectrogram 1	1	7603.000000	7604.500000	0	0	7	cluster_7	0.9268
6164	Spectrogram 1	1	7604.250000	7604.750000	0	0	noise	cluster_noise	0.0000
6165	Spectrogram 1	1	7604.500000	7605.500000	0	0	4	cluster_4	0.5008
6166	Spectrogram 1	1	7605.250000	7605.750000	0	0	noise	cluster_noise	0.0000
6167	Spectrogram 1	1	7605.500000	7607.250000	0	0	4	cluster_4	0.3198
6168	Spectrogram 1	1	7607.000000	7607.500000	0	0	noise	cluster_noise	0.0000
6169	Spectrogram 1	1	7607.250000	7608.250000	0	0	4	cluster_4	0.3357
6170	Spectrogram 1	1	7608.000000	7608.750000	0	0	noise	cluster_noise	0.0000
6171	Spectrogram 1	1	7608.500000	7609.500000	0	0	7	cluster_7	1.0000
6172	Spectrogram 1	1	7610.000000	7611.500000	0	0	3	cluster_3	0.9250
6173	Spectrogram 1	1	7611.250000	7613.000000	0	0	7	cluster_7	1.0000
6174	Spectrogram 1	1	7612.750000	7614.000000	0	0	3	cluster_3	0.9569
6175	Spectrogram 1	1	7613.750000	7615.750000	0	0	7	cluster_7	1.0000
6176	Spectrogram 1	1	7615.500000	7616.750000	0	0	3	cluster_3	0.9724
6177	Spectrogram 1	1	7616.500000	7618.500000	0	0	7	cluster_7	1.0000
6178	Spectrogram 1	1	7618.250000	7619.750000	0	0	3	cluster_3	0.9571
6179	Spectrogram 1	1	7619.500000	7621.500000	0	0	7	cluster_7	1.0000
6180	Spectrogram 1	1	7621.250000	7622.500000	0	0	3	cluster_3	1.0000
6181	Spectrogram 1	1	7622.250000	7624.000000	0	0	7	cluster_7	0.9750
6182	Spectrogram 1	1	7623.750000	7625.250000	0	0	3	cluster_3	0.9994
6183	Spectrogram 1	1	7625.000000	7627.250000	0	0	7	cluster_7	1.0000
6184	Spectrogram 1	1	7627.000000	7628.250000	0	0	3	cluster_3	1.0000
6185	Spectrogram 1	1	7628.000000	7630.000000	0	0	7	cluster_7	1.0000
6186	Spectrogram 1	1	7629.750000	7630.750000	0	0	3	cluster_3	1.0000
6187	Spectrogram 1	1	7630.500000	7631.250000	0	0	7	cluster_7	1.0000
6188	Spectrogram 1	1	7631.000000	7631.500000	0	0	3	cluster_3	1.0000
6189	Spectrogram 1	1	7631.250000	7633.500000	0	0	7	cluster_7	1.0000
6190	Spectrogram 1	1	7633.250000	7634.750000	0	0	1	cluster_1	0.9346
6191	Spectrogram 1	1	7634.500000	7637.750000	0	0	7	cluster_7	1.0000
6192	Spectrogram 1	1	7637.500000	7653.000000	0	0	3	cluster_3	1.0000
6193	Spectrogram 1	1	7652.750000	7653.250000	0	0	noise	cluster_noise	0.0000
6194	Spectrogram 1	1	7653.000000	7654.500000	0	0	7	cluster_7	1.0000
6195	Spectrogram 1	1	7673.000000	7674.000000	0	0	1	cluster_1	1.0000
6196	Spectrogram 1	1	7673.750000	7675.500000	0	0	7	cluster_7	1.0000
6197	Spectrogram 1	1	7675.250000	7676.500000	0	0	1	cluster_1	0.9095
6198	Spectrogram 1	1	7708.000000	7708.500000	0	0	7	cluster_7	1.0000
6199	Spectrogram 1	1	7708.250000	7709.750000	0	0	3	cluster_3	0.9684
6200	Spectrogram 1	1	7709.500000	7711.500000	0	0	7	cluster_7	0.9935
6201	Spectrogram 1	1	7722.000000	7722.500000	0	0	3	cluster_3	1.0000
6202	Spectrogram 1	1	7722.250000	7722.750000	0	0	noise	cluster_noise	0.0000
6203	Spectrogram 1	1	7722.500000	7723.500000	0	0	7	cluster_7	1.0000
6204	Spectrogram 1	1	7723.250000	7723.750000	0	0	noise	cluster_noise	0.0000
6205	Spectrogram 1	1	7723.500000	7724.500000	0	0	7	cluster_7	0.9543
6206	Spectrogram 1	1	7724.250000	7724.750000	0	0	noise	cluster_noise	0.0000
6207	Spectrogram 1	1	7724.500000	7725.750000	0	0	1	cluster_1	1.0000
6208	Spectrogram 1	1	7725.500000	7737.250000	0	0	7	cluster_7	0.9952
6209	Spectrogram 1	1	7737.000000	7737.500000	0	0	noise	cluster_noise	0.0000
6210	Spectrogram 1	1	7737.250000	7738.500000	0	0	1	cluster_1	0.9875
6211	Spectrogram 1	1	7738.250000	7739.750000	0	0	7	cluster_7	0.9595
6212	Spectrogram 1	1	7739.500000	7740.000000	0	0	noise	cluster_noise	0.0000
6213	Spectrogram 1	1	7739.750000	7740.500000	0	0	1	cluster_1	1.0000
6214	Spectrogram 1	1	7747.000000	7747.500000	0	0	3	cluster_3	1.0000
6215	Spectrogram 1	1	7747.250000	7748.000000	0	0	noise	cluster_noise	0.0000
6216	Spectrogram 1	1	7747.750000	7749.500000	0	0	7	cluster_7	1.0000
6217	Spectrogram 1	1	7749.250000	7750.000000	0	0	noise	cluster_noise	0.0000
6218	Spectrogram 1	1	7749.750000	7751.000000	0	0	1	cluster_1	0.8920
6219	Spectrogram 1	1	7750.750000	7752.000000	0	0	7	cluster_7	1.0000
6220	Spectrogram 1	1	7751.750000	7752.500000	0	0	noise	cluster_noise	0.0000
6221	Spectrogram 1	1	7752.250000	7753.250000	0	0	1	cluster_1	0.9384
6222	Spectrogram 1	1	7753.000000	7753.750000	0	0	noise	cluster_noise	0.0000
6223	Spectrogram 1	1	7753.500000	7755.750000	0	0	7	cluster_7	0.9927
6224	Spectrogram 1	1	7755.500000	7756.000000	0	0	12	cluster_12	0.8946
6225	Spectrogram 1	1	7755.750000	7756.500000	0	0	noise	cluster_noise	0.0000
6226	Spectrogram 1	1	7756.250000	7757.000000	0	0	18	cluster_18	0.9209
6227	Spectrogram 1	1	7756.750000	7757.250000	0	0	14	cluster_14	1.0000
6228	Spectrogram 1	1	7757.000000	7757.500000	0	0	12	cluster_12	0.7184
6229	Spectrogram 1	1	7760.000000	7760.500000	0	0	3	cluster_3	1.0000
6230	Spectrogram 1	1	7760.250000	7762.750000	0	0	7	cluster_7	1.0000
6231	Spectrogram 1	1	7762.500000	7763.250000	0	0	noise	cluster_noise	0.0000
6232	Spectrogram 1	1	7763.000000	7764.000000	0	0	1	cluster_1	0.9792
6233	Spectrogram 1	1	7763.750000	7766.750000	0	0	7	cluster_7	0.9956
6234	Spectrogram 1	1	7766.500000	7767.250000	0	0	12	cluster_12	0.9221
6235	Spectrogram 1	1	7767.000000	7767.750000	0	0	noise	cluster_noise	0.0000
6236	Spectrogram 1	1	7767.500000	7768.000000	0	0	14	cluster_14	0.9843
6237	Spectrogram 1	1	7767.750000	7768.250000	0	0	12	cluster_12	0.9446
6238	Spectrogram 1	1	7768.000000	7768.500000	0	0	noise	cluster_noise	0.0000
6239	Spectrogram 1	1	7768.250000	7768.750000	0	0	12	cluster_12	0.9894
6240	Spectrogram 1	1	7768.500000	7769.000000	0	0	noise	cluster_noise	0.0000
6241	Spectrogram 1	1	7768.750000	7770.250000	0	0	7	cluster_7	0.9705
6242	Spectrogram 1	1	7770.000000	7771.500000	0	0	3	cluster_3	0.9155
6243	Spectrogram 1	1	7773.000000	7773.750000	0	0	7	cluster_7	1.0000
6244	Spectrogram 1	1	7773.500000	7775.250000	0	0	8	cluster_8	0.9496
6245	Spectrogram 1	1	7775.000000	7775.500000	0	0	7	cluster_7	0.8536
6246	Spectrogram 1	1	7775.250000	7776.250000	0	0	noise	cluster_noise	0.0000
6247	Spectrogram 1	1	7776.000000	7777.500000	0	0	7	cluster_7	1.0000
6248	Spectrogram 1	1	7777.250000	7777.750000	0	0	noise	cluster_noise	0.0000
6249	Spectrogram 1	1	7777.500000	7778.000000	0	0	7	cluster_7	1.0000
6250	Spectrogram 1	1	7777.750000	7778.250000	0	0	noise	cluster_noise	0.0000
6251	Spectrogram 1	1	7778.000000	7779.250000	0	0	18	cluster_18	0.8843
6252	Spectrogram 1	1	7779.000000	7779.750000	0	0	12	cluster_12	0.9900
6253	Spectrogram 1	1	7779.500000	7780.750000	0	0	7	cluster_7	1.0000
6254	Spectrogram 1	1	7780.500000	7781.750000	0	0	3	cluster_3	1.0000
6255	Spectrogram 1	1	7781.500000	7784.500000	0	0	7	cluster_7	0.9478
6256	Spectrogram 1	1	7786.000000	7786.500000	0	0	noise	cluster_noise	0.0000
6257	Spectrogram 1	1	7786.250000	7788.750000	0	0	7	cluster_7	0.9932
6258	Spectrogram 1	1	7788.500000	7789.250000	0	0	noise	cluster_noise	0.0000
6259	Spectrogram 1	1	7789.000000	7790.250000	0	0	18	cluster_18	0.9447
6260	Spectrogram 1	1	7790.000000	7790.500000	0	0	noise	cluster_noise	0.0000
6261	Spectrogram 1	1	7790.250000	7790.750000	0	0	12	cluster_12	0.9549
6262	Spectrogram 1	1	7790.500000	7791.750000	0	0	7	cluster_7	1.0000
6263	Spectrogram 1	1	7791.500000	7792.500000	0	0	3	cluster_3	1.0000
6264	Spectrogram 1	1	7792.250000	7795.750000	0	0	7	cluster_7	1.0000
6265	Spectrogram 1	1	7795.500000	7797.500000	0	0	8	cluster_8	0.9734
6266	Spectrogram 1	1	7799.000000	7799.750000	0	0	7	cluster_7	0.9643
6267	Spectrogram 1	1	7799.500000	7800.250000	0	0	noise	cluster_noise	0.0000
6268	Spectrogram 1	1	7800.000000	7801.500000	0	0	18	cluster_18	0.9779
6269	Spectrogram 1	1	7801.250000	7801.750000	0	0	noise	cluster_noise	0.0000
6270	Spectrogram 1	1	7801.500000	7802.000000	0	0	12	cluster_12	1.0000
6271	Spectrogram 1	1	7801.750000	7802.500000	0	0	7	cluster_7	1.0000
6272	Spectrogram 1	1	7802.250000	7803.750000	0	0	3	cluster_3	1.0000
6273	Spectrogram 1	1	7803.500000	7806.500000	0	0	7	cluster_7	0.9711
6274	Spectrogram 1	1	7806.250000	7806.750000	0	0	12	cluster_12	0.8749
6275	Spectrogram 1	1	7806.500000	7808.000000	0	0	15	cluster_15	0.9752
6276	Spectrogram 1	1	7807.750000	7808.750000	0	0	12	cluster_12	0.9028
6277	Spectrogram 1	1	7808.500000	7810.500000	0	0	7	cluster_7	0.9868
6278	Spectrogram 1	1	7812.000000	7812.750000	0	0	noise	cluster_noise	0.0000
6279	Spectrogram 1	1	7812.500000	7813.000000	0	0	12	cluster_12	0.9658
6280	Spectrogram 1	1	7812.750000	7813.250000	0	0	noise	cluster_noise	0.0000
6281	Spectrogram 1	1	7813.000000	7814.500000	0	0	3	cluster_3	0.9100
6282	Spectrogram 1	1	7814.250000	7817.250000	0	0	7	cluster_7	0.9973
6283	Spectrogram 1	1	7817.000000	7817.500000	0	0	12	cluster_12	0.9900
6284	Spectrogram 1	1	7817.250000	7817.750000	0	0	noise	cluster_noise	0.0000
6285	Spectrogram 1	1	7817.500000	7818.750000	0	0	15	cluster_15	1.0000
6286	Spectrogram 1	1	7818.500000	7819.000000	0	0	noise	cluster_noise	0.0000
6287	Spectrogram 1	1	7818.750000	7819.500000	0	0	12	cluster_12	0.9865
6288	Spectrogram 1	1	7819.250000	7821.250000	0	0	7	cluster_7	0.9711
6289	Spectrogram 1	1	7821.000000	7821.750000	0	0	noise	cluster_noise	0.0000
6290	Spectrogram 1	1	7821.500000	7822.750000	0	0	18	cluster_18	0.9799
6291	Spectrogram 1	1	7822.500000	7823.000000	0	0	noise	cluster_noise	0.0000
6292	Spectrogram 1	1	7822.750000	7823.500000	0	0	12	cluster_12	0.9164
6293	Spectrogram 1	1	7825.000000	7826.000000	0	0	7	cluster_7	1.0000
6294	Spectrogram 1	1	7825.750000	7826.500000	0	0	noise	cluster_noise	0.0000
6295	Spectrogram 1	1	7826.250000	7827.500000	0	0	7	cluster_7	0.9692
6296	Spectrogram 1	1	7827.250000	7828.000000	0	0	12	cluster_12	0.8239
6297	Spectrogram 1	1	7827.750000	7829.250000	0	0	15	cluster_15	0.9900
6298	Spectrogram 1	1	7829.000000	7829.500000	0	0	noise	cluster_noise	0.0000
6299	Spectrogram 1	1	7829.250000	7830.250000	0	0	12	cluster_12	0.8480
6300	Spectrogram 1	1	7830.000000	7830.500000	0	0	noise	cluster_noise	0.0000
6301	Spectrogram 1	1	7830.250000	7832.000000	0	0	7	cluster_7	0.9687
6302	Spectrogram 1	1	7831.750000	7832.250000	0	0	noise	cluster_noise	0.0000
6303	Spectrogram 1	1	7832.000000	7833.500000	0	0	18	cluster_18	0.9937
6304	Spectrogram 1	1	7833.250000	7834.250000	0	0	12	cluster_12	0.8696
6305	Spectrogram 1	1	7834.000000	7834.750000	0	0	7	cluster_7	1.0000
6306	Spectrogram 1	1	7834.500000	7835.750000	0	0	3	cluster_3	0.9714
6307	Spectrogram 1	1	7835.500000	7838.500000	0	0	7	cluster_7	1.0000
6308	Spectrogram 1	1	7838.250000	7838.750000	0	0	12	cluster_12	0.8617
6309	Spectrogram 1	1	7838.500000	7840.250000	0	0	15	cluster_15	0.9787
6310	Spectrogram 1	1	7840.000000	7840.500000	0	0	noise	cluster_noise	0.0000
6311	Spectrogram 1	1	7840.250000	7840.750000	0	0	12	cluster_12	0.9826
6312	Spectrogram 1	1	7840.500000	7841.000000	0	0	noise	cluster_noise	0.0000
6313	Spectrogram 1	1	7840.750000	7842.750000	0	0	7	cluster_7	1.0000
6314	Spectrogram 1	1	7842.500000	7843.000000	0	0	noise	cluster_noise	0.0000
6315	Spectrogram 1	1	7842.750000	7844.250000	0	0	18	cluster_18	0.9906
6316	Spectrogram 1	1	7844.000000	7844.500000	0	0	noise	cluster_noise	0.0000
6317	Spectrogram 1	1	7844.250000	7845.000000	0	0	12	cluster_12	0.7565
6318	Spectrogram 1	1	7844.750000	7845.250000	0	0	7	cluster_7	1.0000
6319	Spectrogram 1	1	7845.000000	7845.750000	0	0	3	cluster_3	1.0000
6320	Spectrogram 1	1	7845.500000	7846.000000	0	0	7	cluster_7	1.0000
6321	Spectrogram 1	1	7845.750000	7846.250000	0	0	3	cluster_3	0.9188
6322	Spectrogram 1	1	7846.000000	7846.500000	0	0	noise	cluster_noise	0.0000
6323	Spectrogram 1	1	7846.250000	7853.000000	0	0	7	cluster_7	0.9863
6324	Spectrogram 1	1	7852.750000	7853.500000	0	0	noise	cluster_noise	0.0000
6325	Spectrogram 1	1	7853.250000	7854.750000	0	0	18	cluster_18	0.9881
6326	Spectrogram 1	1	7854.500000	7855.250000	0	0	12	cluster_12	0.9083
6327	Spectrogram 1	1	7855.000000	7855.500000	0	0	noise	cluster_noise	0.0000
6328	Spectrogram 1	1	7855.250000	7856.750000	0	0	3	cluster_3	0.9416
6329	Spectrogram 1	1	7856.500000	7858.500000	0	0	7	cluster_7	0.9775
6330	Spectrogram 1	1	7860.000000	7861.000000	0	0	15	cluster_15	1.0000
6331	Spectrogram 1	1	7860.750000	7861.250000	0	0	noise	cluster_noise	0.0000
6332	Spectrogram 1	1	7861.000000	7861.750000	0	0	12	cluster_12	0.9868
6333	Spectrogram 1	1	7861.500000	7863.250000	0	0	7	cluster_7	0.9822
6334	Spectrogram 1	1	7863.000000	7863.750000	0	0	noise	cluster_noise	0.0000
6335	Spectrogram 1	1	7863.500000	7864.750000	0	0	18	cluster_18	1.0000
6336	Spectrogram 1	1	7864.500000	7865.000000	0	0	noise	cluster_noise	0.0000
6337	Spectrogram 1	1	7864.750000	7865.500000	0	0	12	cluster_12	0.9603
6338	Spectrogram 1	1	7865.250000	7865.750000	0	0	noise	cluster_noise	0.0000
6339	Spectrogram 1	1	7865.500000	7866.250000	0	0	7	cluster_7	0.9915
6340	Spectrogram 1	1	7866.000000	7866.750000	0	0	noise	cluster_noise	0.0000
6341	Spectrogram 1	1	7866.500000	7868.000000	0	0	7	cluster_7	1.0000
6342	Spectrogram 1	1	7867.750000	7868.250000	0	0	noise	cluster_noise	0.0000
6343	Spectrogram 1	1	7868.000000	7873.750000	0	0	7	cluster_7	1.0000
6344	Spectrogram 1	1	7873.500000	7874.000000	0	0	noise	cluster_noise	0.0000
6345	Spectrogram 1	1	7873.750000	7874.250000	0	0	21	cluster_21	0.6657
6346	Spectrogram 1	1	7874.000000	7875.500000	0	0	noise	cluster_noise	0.0000
6347	Spectrogram 1	1	7875.250000	7875.750000	0	0	15	cluster_15	0.9899
6348	Spectrogram 1	1	7875.500000	7876.500000	0	0	noise	cluster_noise	0.0000
6349	Spectrogram 1	1	7876.250000	7878.000000	0	0	7	cluster_7	0.9643
6350	Spectrogram 1	1	7877.750000	7878.250000	0	0	12	cluster_12	0.9582
6351	Spectrogram 1	1	7878.000000	7878.500000	0	0	noise	cluster_noise	0.0000
6352	Spectrogram 1	1	7878.250000	7879.250000	0	0	18	cluster_18	0.9665
6353	Spectrogram 1	1	7879.000000	7880.000000	0	0	12	cluster_12	0.8231
6354	Spectrogram 1	1	7879.750000	7880.500000	0	0	7	cluster_7	1.0000
6355	Spectrogram 1	1	7880.250000	7881.000000	0	0	8	cluster_8	0.8957
6356	Spectrogram 1	1	7880.750000	7881.500000	0	0	noise	cluster_noise	0.0000
6357	Spectrogram 1	1	7882.000000	7882.750000	0	0	7	cluster_7	1.0000
6358	Spectrogram 1	1	7882.500000	7883.000000	0	0	8	cluster_8	0.9953
6359	Spectrogram 1	1	7882.750000	7883.500000	0	0	noise	cluster_noise	0.0000
6360	Spectrogram 1	1	7883.250000	7884.500000	0	0	7	cluster_7	1.0000
6361	Spectrogram 1	1	7884.250000	7884.750000	0	0	noise	cluster_noise	0.0000
6362	Spectrogram 1	1	7884.500000	7885.250000	0	0	8	cluster_8	0.9828
6363	Spectrogram 1	1	7885.000000	7885.500000	0	0	noise	cluster_noise	0.0000
6364	Spectrogram 1	1	7885.250000	7886.500000	0	0	7	cluster_7	1.0000
6365	Spectrogram 1	1	7886.250000	7886.750000	0	0	noise	cluster_noise	0.0000
6366	Spectrogram 1	1	7886.500000	7887.250000	0	0	8	cluster_8	0.9171
6367	Spectrogram 1	1	7887.000000	7887.500000	0	0	noise	cluster_noise	0.0000
6368	Spectrogram 1	1	7887.250000	7888.250000	0	0	7	cluster_7	1.0000
6369	Spectrogram 1	1	7888.000000	7888.500000	0	0	noise	cluster_noise	0.0000
6370	Spectrogram 1	1	7888.250000	7889.000000	0	0	8	cluster_8	0.8879
6371	Spectrogram 1	1	7888.750000	7889.250000	0	0	noise	cluster_noise	0.0000
6372	Spectrogram 1	1	7889.000000	7890.500000	0	0	7	cluster_7	1.0000
6373	Spectrogram 1	1	7890.250000	7891.000000	0	0	noise	cluster_noise	0.0000
6374	Spectrogram 1	1	7890.750000	7891.250000	0	0	21	cluster_21	0.6212
6375	Spectrogram 1	1	7891.000000	7892.250000	0	0	noise	cluster_noise	0.0000
6376	Spectrogram 1	1	7892.000000	7892.500000	0	0	15	cluster_15	1.0000
6377	Spectrogram 1	1	7895.000000	7895.750000	0	0	18	cluster_18	0.9844
6378	Spectrogram 1	1	7895.500000	7896.500000	0	0	12	cluster_12	0.8675
6379	Spectrogram 1	1	7897.000000	7897.500000	0	0	8	cluster_8	0.9953
6380	Spectrogram 1	1	7897.250000	7898.000000	0	0	noise	cluster_noise	0.0000
6381	Spectrogram 1	1	7897.750000	7899.250000	0	0	7	cluster_7	0.9460
6382	Spectrogram 1	1	7899.000000	7899.750000	0	0	8	cluster_8	0.8964
6383	Spectrogram 1	1	7899.500000	7900.000000	0	0	noise	cluster_noise	0.0000
6384	Spectrogram 1	1	7899.750000	7901.000000	0	0	7	cluster_7	1.0000
6385	Spectrogram 1	1	7900.750000	7901.500000	0	0	8	cluster_8	0.9121
6386	Spectrogram 1	1	7901.250000	7902.000000	0	0	noise	cluster_noise	0.0000
6387	Spectrogram 1	1	7901.750000	7905.500000	0	0	7	cluster_7	1.0000
6388	Spectrogram 1	1	7905.250000	7907.000000	0	0	noise	cluster_noise	0.0000
6389	Spectrogram 1	1	7906.750000	7907.250000	0	0	15	cluster_15	1.0000
6390	Spectrogram 1	1	7907.000000	7907.500000	0	0	12	cluster_12	0.7440
6391	Spectrogram 1	1	7907.250000	7909.500000	0	0	7	cluster_7	0.9984
6392	Spectrogram 1	1	7909.250000	7910.000000	0	0	noise	cluster_noise	0.0000
6393	Spectrogram 1	1	7909.750000	7910.750000	0	0	18	cluster_18	0.9883
6394	Spectrogram 1	1	7910.500000	7911.500000	0	0	12	cluster_12	0.9253
6395	Spectrogram 1	1	7911.250000	7911.750000	0	0	noise	cluster_noise	0.0000
6396	Spectrogram 1	1	7911.500000	7912.000000	0	0	7	cluster_7	0.9444
6397	Spectrogram 1	1	7911.750000	7912.500000	0	0	8	cluster_8	0.8652
6398	Spectrogram 1	1	7912.250000	7912.750000	0	0	noise	cluster_noise	0.0000
6399	Spectrogram 1	1	7912.500000	7913.500000	0	0	7	cluster_7	1.0000
6400	Spectrogram 1	1	7914.000000	7914.500000	0	0	8	cluster_8	0.8304
6401	Spectrogram 1	1	7914.250000	7914.750000	0	0	noise	cluster_noise	0.0000
6402	Spectrogram 1	1	7914.500000	7916.000000	0	0	7	cluster_7	1.0000
6403	Spectrogram 1	1	7915.750000	7916.250000	0	0	8	cluster_8	0.8813
6404	Spectrogram 1	1	7916.000000	7916.750000	0	0	noise	cluster_noise	0.0000
6405	Spectrogram 1	1	7916.500000	7918.000000	0	0	7	cluster_7	1.0000
6406	Spectrogram 1	1	7917.750000	7918.500000	0	0	8	cluster_8	0.9365
6407	Spectrogram 1	1	7918.250000	7919.000000	0	0	noise	cluster_noise	0.0000
6408	Spectrogram 1	1	7918.750000	7920.500000	0	0	7	cluster_7	0.9788
6409	Spectrogram 1	1	7920.250000	7922.250000	0	0	noise	cluster_noise	0.0000
6410	Spectrogram 1	1	7922.000000	7922.500000	0	0	15	cluster_15	0.9975
6411	Spectrogram 1	1	7922.250000	7922.750000	0	0	noise	cluster_noise	0.0000
6412	Spectrogram 1	1	7922.500000	7923.000000	0	0	12	cluster_12	0.9900
6413	Spectrogram 1	1	7922.750000	7928.000000	0	0	7	cluster_7	0.9996
6414	Spectrogram 1	1	7927.750000	7928.500000	0	0	noise	cluster_noise	0.0000
6415	Spectrogram 1	1	7928.250000	7929.250000	0	0	3	cluster_3	1.0000
6416	Spectrogram 1	1	7929.000000	7930.250000	0	0	7	cluster_7	1.0000
6417	Spectrogram 1	1	7930.000000	7930.500000	0	0	noise	cluster_noise	0.0000
6418	Spectrogram 1	1	7930.250000	7931.250000	0	0	3	cluster_3	0.9844
6419	Spectrogram 1	1	7931.000000	7931.500000	0	0	noise	cluster_noise	0.0000
6420	Spectrogram 1	1	7931.250000	7933.000000	0	0	7	cluster_7	1.0000
6421	Spectrogram 1	1	7932.750000	7934.500000	0	0	noise	cluster_noise	0.0000
6422	Spectrogram 1	1	7937.000000	7938.750000	0	0	7	cluster_7	1.0000
6423	Spectrogram 1	1	7938.500000	7939.000000	0	0	noise	cluster_noise	0.0000
6424	Spectrogram 1	1	7938.750000	7940.750000	0	0	7	cluster_7	0.9851
6425	Spectrogram 1	1	7940.500000	7941.000000	0	0	noise	cluster_noise	0.0000
6426	Spectrogram 1	1	7940.750000	7941.500000	0	0	3	cluster_3	0.8247
6427	Spectrogram 1	1	7941.250000	7941.750000	0	0	noise	cluster_noise	0.0000
6428	Spectrogram 1	1	7941.500000	7942.000000	0	0	3	cluster_3	0.8282
6429	Spectrogram 1	1	7941.750000	7945.000000	0	0	7	cluster_7	1.0000
6430	Spectrogram 1	1	7944.750000	7946.250000	0	0	noise	cluster_noise	0.0000
6431	Spectrogram 1	1	7946.000000	7946.500000	0	0	15	cluster_15	1.0000
6432	Spectrogram 1	1	7947.000000	7952.000000	0	0	7	cluster_7	0.9956
6433	Spectrogram 1	1	7951.750000	7952.250000	0	0	noise	cluster_noise	0.0000
6434	Spectrogram 1	1	7952.000000	7953.000000	0	0	3	cluster_3	0.9744
6435	Spectrogram 1	1	7952.750000	7954.000000	0	0	7	cluster_7	1.0000
6436	Spectrogram 1	1	7953.750000	7954.250000	0	0	3	cluster_3	0.8648
6437	Spectrogram 1	1	7954.000000	7954.500000	0	0	noise	cluster_noise	0.0000
6438	Spectrogram 1	1	7954.250000	7955.000000	0	0	3	cluster_3	0.8732
6439	Spectrogram 1	1	7954.750000	7957.250000	0	0	7	cluster_7	1.0000
6440	Spectrogram 1	1	7957.000000	7958.500000	0	0	noise	cluster_noise	0.0000
6441	Spectrogram 1	1	7958.250000	7958.750000	0	0	15	cluster_15	1.0000
6442	Spectrogram 1	1	7958.500000	7959.000000	0	0	noise	cluster_noise	0.0000
6443	Spectrogram 1	1	7958.750000	7959.500000	0	0	12	cluster_12	0.9866
6444	Spectrogram 1	1	7959.250000	7965.000000	0	0	7	cluster_7	0.9985
6445	Spectrogram 1	1	7964.750000	7965.250000	0	0	noise	cluster_noise	0.0000
6446	Spectrogram 1	1	7965.000000	7966.500000	0	0	3	cluster_3	0.9750
6447	Spectrogram 1	1	7966.250000	7968.750000	0	0	7	cluster_7	1.0000
6448	Spectrogram 1	1	7968.500000	7969.000000	0	0	12	cluster_12	0.7367
6449	Spectrogram 1	1	7968.750000	7969.500000	0	0	noise	cluster_noise	0.0000
6450	Spectrogram 1	1	7969.250000	7970.500000	0	0	15	cluster_15	0.9953
6451	Spectrogram 1	1	7970.250000	7970.750000	0	0	noise	cluster_noise	0.0000
6452	Spectrogram 1	1	7970.500000	7971.000000	0	0	12	cluster_12	0.9900
6453	Spectrogram 1	1	7970.750000	7971.500000	0	0	noise	cluster_noise	0.0000
6454	Spectrogram 1	1	7971.250000	7974.750000	0	0	7	cluster_7	0.9862
6455	Spectrogram 1	1	7974.500000	7975.250000	0	0	noise	cluster_noise	0.0000
6456	Spectrogram 1	1	7975.000000	7976.500000	0	0	7	cluster_7	1.0000
6457	Spectrogram 1	1	7976.250000	7977.000000	0	0	3	cluster_3	0.9449
6458	Spectrogram 1	1	7976.750000	7977.500000	0	0	noise	cluster_noise	0.0000
6459	Spectrogram 1	1	7977.250000	7977.750000	0	0	3	cluster_3	0.9179
6460	Spectrogram 1	1	7977.500000	7978.000000	0	0	noise	cluster_noise	0.0000
6461	Spectrogram 1	1	7977.750000	7980.000000	0	0	7	cluster_7	1.0000
6462	Spectrogram 1	1	7979.750000	7980.250000	0	0	12	cluster_12	0.8454
6463	Spectrogram 1	1	7980.000000	7981.000000	0	0	noise	cluster_noise	0.0000
6464	Spectrogram 1	1	7980.750000	7982.000000	0	0	15	cluster_15	0.9455
6465	Spectrogram 1	1	7981.750000	7982.250000	0	0	noise	cluster_noise	0.0000
6466	Spectrogram 1	1	7982.000000	7982.500000	0	0	12	cluster_12	0.9900
6467	Spectrogram 1	1	7982.250000	7988.000000	0	0	7	cluster_7	0.9789
6468	Spectrogram 1	1	7987.750000	7988.250000	0	0	noise	cluster_noise	0.0000
6469	Spectrogram 1	1	7988.000000	7988.500000	0	0	7	cluster_7	1.0000
6470	Spectrogram 1	1	7988.250000	7989.250000	0	0	noise	cluster_noise	0.0000
6471	Spectrogram 1	1	7989.000000	7989.500000	0	0	3	cluster_3	0.7999
6472	Spectrogram 1	1	7989.250000	7991.500000	0	0	7	cluster_7	1.0000
6473	Spectrogram 1	1	7991.250000	7991.750000	0	0	12	cluster_12	0.8223
6474	Spectrogram 1	1	7991.500000	7992.000000	0	0	noise	cluster_noise	0.0000
6475	Spectrogram 1	1	7991.750000	7993.500000	0	0	15	cluster_15	0.9914
6476	Spectrogram 1	1	7993.250000	7993.750000	0	0	noise	cluster_noise	0.0000
6477	Spectrogram 1	1	7993.500000	7994.000000	0	0	12	cluster_12	0.9826
6478	Spectrogram 1	1	7993.750000	7994.250000	0	0	noise	cluster_noise	0.0000
6479	Spectrogram 1	1	7994.000000	7998.000000	0	0	7	cluster_7	0.9544
6480	Spectrogram 1	1	7997.750000	7998.500000	0	0	noise	cluster_noise	0.0000
6481	Spectrogram 1	1	7998.250000	7999.250000	0	0	12	cluster_12	0.9163
6482	Spectrogram 1	1	7999.000000	8002.250000	0	0	7	cluster_7	0.9723
6483	Spectrogram 1	1	8002.000000	8002.500000	0	0	noise	cluster_noise	0.0000
6484	Spectrogram 1	1	8002.250000	8003.500000	0	0	12	cluster_12	0.8346
6485	Spectrogram 1	1	8005.000000	8005.500000	0	0	8	cluster_8	1.0000
6486	Spectrogram 1	1	8005.250000	8010.750000	0	0	7	cluster_7	0.9625
6487	Spectrogram 1	1	8010.500000	8011.250000	0	0	0	cluster_0	0.7596
6488	Spectrogram 1	1	8011.000000	8011.500000	0	0	noise	cluster_noise	0.0000
6489	Spectrogram 1	1	8011.250000	8011.750000	0	0	12	cluster_12	0.7954
6490	Spectrogram 1	1	8011.500000	8014.500000	0	0	7	cluster_7	0.9975
6491	Spectrogram 1	1	8014.250000	8014.750000	0	0	noise	cluster_noise	0.0000
6492	Spectrogram 1	1	8014.500000	8015.250000	0	0	12	cluster_12	0.8216
6493	Spectrogram 1	1	8015.000000	8015.500000	0	0	noise	cluster_noise	0.0000
6494	Spectrogram 1	1	8023.000000	8024.750000	0	0	7	cluster_7	1.0000
6495	Spectrogram 1	1	8024.500000	8025.250000	0	0	0	cluster_0	0.4605
6496	Spectrogram 1	1	8025.000000	8026.250000	0	0	noise	cluster_noise	0.0000
6497	Spectrogram 1	1	8026.000000	8026.750000	0	0	12	cluster_12	0.9199
6498	Spectrogram 1	1	8026.500000	8036.250000	0	0	7	cluster_7	1.0000
6499	Spectrogram 1	1	8036.000000	8036.750000	0	0	noise	cluster_noise	0.0000
6500	Spectrogram 1	1	8036.500000	8089.500000	0	0	7	cluster_7	0.9916
6501	Spectrogram 1	1	8089.250000	8090.000000	0	0	noise	cluster_noise	0.0000
6502	Spectrogram 1	1	8089.750000	8092.750000	0	0	7	cluster_7	1.0000
6503	Spectrogram 1	1	8092.500000	8093.250000	0	0	3	cluster_3	0.8140
6504	Spectrogram 1	1	8093.000000	8093.500000	0	0	noise	cluster_noise	0.0000
6505	Spectrogram 1	1	8093.250000	8112.250000	0	0	7	cluster_7	0.9975
6506	Spectrogram 1	1	8112.000000	8112.500000	0	0	3	cluster_3	0.7711
6507	Spectrogram 1	1	8112.250000	8112.750000	0	0	noise	cluster_noise	0.0000
6508	Spectrogram 1	1	8112.500000	8120.500000	0	0	7	cluster_7	1.0000
6509	Spectrogram 1	1	8236.000000	8237.000000	0	0	16	cluster_16	0.9985
6510	Spectrogram 1	1	8236.750000	8237.250000	0	0	noise	cluster_noise	0.0000
6511	Spectrogram 1	1	8237.000000	8237.500000	0	0	12	cluster_12	0.9900
6512	Spectrogram 1	1	8237.250000	8237.750000	0	0	noise	cluster_noise	0.0000
6513	Spectrogram 1	1	8237.500000	8239.500000	0	0	7	cluster_7	0.9901
6514	Spectrogram 1	1	8239.250000	8240.500000	0	0	3	cluster_3	0.9558
6515	Spectrogram 1	1	8254.000000	8272.000000	0	0	7	cluster_7	1.0000
6516	Spectrogram 1	1	8271.750000	8273.500000	0	0	12	cluster_12	0.9159
6517	Spectrogram 1	1	8273.250000	8274.500000	0	0	7	cluster_7	1.0000
6518	Spectrogram 1	1	8274.250000	8274.750000	0	0	noise	cluster_noise	0.0000
6519	Spectrogram 1	1	8274.500000	8275.000000	0	0	7	cluster_7	1.0000
6520	Spectrogram 1	1	8274.750000	8275.250000	0	0	noise	cluster_noise	0.0000
6521	Spectrogram 1	1	8275.000000	8275.500000	0	0	3	cluster_3	1.0000
6522	Spectrogram 1	1	8275.250000	8276.000000	0	0	7	cluster_7	1.0000
6523	Spectrogram 1	1	8275.750000	8276.250000	0	0	3	cluster_3	1.0000
6524	Spectrogram 1	1	8276.000000	8277.500000	0	0	7	cluster_7	0.9823
6525	Spectrogram 1	1	8284.000000	8284.500000	0	0	12	cluster_12	1.0000
6526	Spectrogram 1	1	8284.250000	8286.750000	0	0	7	cluster_7	1.0000
6527	Spectrogram 1	1	8286.500000	8287.000000	0	0	3	cluster_3	1.0000
6528	Spectrogram 1	1	8286.750000	8289.750000	0	0	7	cluster_7	0.9828
6529	Spectrogram 1	1	8289.500000	8290.250000	0	0	8	cluster_8	0.8762
6530	Spectrogram 1	1	8290.000000	8290.750000	0	0	noise	cluster_noise	0.0000
6531	Spectrogram 1	1	8290.500000	8291.000000	0	0	12	cluster_12	0.9458
6532	Spectrogram 1	1	8290.750000	8300.750000	0	0	7	cluster_7	0.9971
6533	Spectrogram 1	1	8300.500000	8301.500000	0	0	8	cluster_8	0.9067
6534	Spectrogram 1	1	8301.250000	8302.000000	0	0	noise	cluster_noise	0.0000
6535	Spectrogram 1	1	8301.750000	8304.750000	0	0	7	cluster_7	1.0000
6536	Spectrogram 1	1	8304.500000	8305.250000	0	0	noise	cluster_noise	0.0000
6537	Spectrogram 1	1	8305.000000	8305.750000	0	0	18	cluster_18	1.0000
6538	Spectrogram 1	1	8305.500000	8306.250000	0	0	12	cluster_12	0.8544
6539	Spectrogram 1	1	8306.000000	8307.250000	0	0	7	cluster_7	1.0000
6540	Spectrogram 1	1	8307.000000	8308.500000	0	0	3	cluster_3	0.9383
6541	Spectrogram 1	1	8310.000000	8311.500000	0	0	7	cluster_7	1.0000
6542	Spectrogram 1	1	8311.250000	8312.750000	0	0	8	cluster_8	0.9631
6543	Spectrogram 1	1	8312.500000	8313.000000	0	0	noise	cluster_noise	0.0000
6544	Spectrogram 1	1	8312.750000	8316.000000	0	0	7	cluster_7	0.9905
6545	Spectrogram 1	1	8315.750000	8316.250000	0	0	12	cluster_12	1.0000
6546	Spectrogram 1	1	8316.000000	8316.750000	0	0	noise	cluster_noise	0.0000
6547	Spectrogram 1	1	8316.500000	8317.500000	0	0	12	cluster_12	0.8631
6548	Spectrogram 1	1	8317.250000	8318.000000	0	0	7	cluster_7	1.0000
6549	Spectrogram 1	1	8317.750000	8318.500000	0	0	noise	cluster_noise	0.0000
6550	Spectrogram 1	1	8318.250000	8321.500000	0	0	7	cluster_7	0.9823
6551	Spectrogram 1	1	8323.000000	8323.750000	0	0	8	cluster_8	1.0000
6552	Spectrogram 1	1	8323.500000	8326.750000	0	0	7	cluster_7	1.0000
6553	Spectrogram 1	1	8326.500000	8327.000000	0	0	noise	cluster_noise	0.0000
6554	Spectrogram 1	1	8326.750000	8327.500000	0	0	18	cluster_18	0.9948
6555	Spectrogram 1	1	8327.250000	8327.750000	0	0	noise	cluster_noise	0.0000
6556	Spectrogram 1	1	8327.500000	8328.500000	0	0	12	cluster_12	0.8818
6557	Spectrogram 1	1	8328.250000	8328.750000	0	0	7	cluster_7	1.0000
6558	Spectrogram 1	1	8328.500000	8329.000000	0	0	3	cluster_3	1.0000
6559	Spectrogram 1	1	8328.750000	8329.750000	0	0	7	cluster_7	0.9463
6560	Spectrogram 1	1	8329.500000	8330.000000	0	0	noise	cluster_noise	0.0000
6561	Spectrogram 1	1	8329.750000	8333.000000	0	0	7	cluster_7	1.0000
6562	Spectrogram 1	1	8332.750000	8334.250000	0	0	8	cluster_8	0.9804
6563	Spectrogram 1	1	8334.000000	8334.500000	0	0	noise	cluster_noise	0.0000
6564	Spectrogram 1	1	8336.000000	8337.250000	0	0	7	cluster_7	1.0000
6565	Spectrogram 1	1	8337.000000	8339.000000	0	0	12	cluster_12	0.9633
6566	Spectrogram 1	1	8338.750000	8339.500000	0	0	7	cluster_7	1.0000
6567	Spectrogram 1	1	8339.250000	8340.500000	0	0	3	cluster_3	0.9444
6568	Spectrogram 1	1	8340.250000	8340.750000	0	0	noise	cluster_noise	0.0000
6569	Spectrogram 1	1	8340.500000	8343.750000	0	0	7	cluster_7	1.0000
6570	Spectrogram 1	1	8343.500000	8345.250000	0	0	8	cluster_8	1.0000
6571	Spectrogram 1	1	8345.000000	8345.500000	0	0	7	cluster_7	0.9767
6572	Spectrogram 1	1	8345.250000	8345.750000	0	0	12	cluster_12	0.9703
6573	Spectrogram 1	1	8345.500000	8347.500000	0	0	7	cluster_7	1.0000
6574	Spectrogram 1	1	8348.000000	8349.750000	0	0	12	cluster_12	0.9500
6575	Spectrogram 1	1	8349.500000	8350.500000	0	0	7	cluster_7	0.9868
6576	Spectrogram 1	1	8350.250000	8351.500000	0	0	3	cluster_3	0.9986
6577	Spectrogram 1	1	8351.250000	8354.750000	0	0	7	cluster_7	0.9972
6578	Spectrogram 1	1	8354.500000	8356.000000	0	0	8	cluster_8	0.9818
6579	Spectrogram 1	1	8355.750000	8356.500000	0	0	7	cluster_7	1.0000
6580	Spectrogram 1	1	8359.000000	8359.500000	0	0	noise	cluster_noise	0.0000
6581	Spectrogram 1	1	8359.250000	8360.000000	0	0	12	cluster_12	1.0000
6582	Spectrogram 1	1	8359.750000	8360.250000	0	0	noise	cluster_noise	0.0000
6583	Spectrogram 1	1	8360.000000	8361.250000	0	0	7	cluster_7	1.0000
6584	Spectrogram 1	1	8361.000000	8362.250000	0	0	3	cluster_3	0.9838
6585	Spectrogram 1	1	8362.000000	8365.500000	0	0	7	cluster_7	1.0000
6586	Spectrogram 1	1	8365.250000	8366.750000	0	0	8	cluster_8	1.0000
6587	Spectrogram 1	1	8366.500000	8367.000000	0	0	noise	cluster_noise	0.0000
6588	Spectrogram 1	1	8366.750000	8368.500000	0	0	7	cluster_7	1.0000
6589	Spectrogram 1	1	8370.000000	8370.500000	0	0	12	cluster_12	1.0000
6590	Spectrogram 1	1	8370.250000	8370.750000	0	0	noise	cluster_noise	0.0000
6591	Spectrogram 1	1	8370.500000	8371.000000	0	0	12	cluster_12	0.8653
6592	Spectrogram 1	1	8370.750000	8371.750000	0	0	7	cluster_7	0.9991
6593	Spectrogram 1	1	8371.500000	8373.000000	0	0	3	cluster_3	0.9098
6594	Spectrogram 1	1	8372.750000	8376.000000	0	0	7	cluster_7	1.0000
6595	Spectrogram 1	1	8375.750000	8377.250000	0	0	8	cluster_8	0.9944
6596	Spectrogram 1	1	8377.000000	8382.750000	0	0	7	cluster_7	0.9966
6597	Spectrogram 1	1	8382.500000	8383.250000	0	0	noise	cluster_noise	0.0000
6598	Spectrogram 1	1	8383.000000	8384.500000	0	0	7	cluster_7	0.9921
6599	Spectrogram 1	1	8384.250000	8385.250000	0	0	12	cluster_12	0.9079
6600	Spectrogram 1	1	8385.000000	8386.250000	0	0	7	cluster_7	0.9867
6601	Spectrogram 1	1	8386.000000	8387.000000	0	0	12	cluster_12	0.9693
6602	Spectrogram 1	1	8386.750000	8388.750000	0	0	7	cluster_7	1.0000
6603	Spectrogram 1	1	8388.500000	8389.000000	0	0	12	cluster_12	0.8497
6604	Spectrogram 1	1	8388.750000	8389.750000	0	0	noise	cluster_noise	0.0000
6605	Spectrogram 1	1	8389.500000	8390.250000	0	0	15	cluster_15	1.0000
6606	Spectrogram 1	1	8390.000000	8393.750000	0	0	noise	cluster_noise	0.0000
6607	Spectrogram 1	1	8393.500000	8394.000000	0	0	12	cluster_12	1.0000
6608	Spectrogram 1	1	8393.750000	8394.250000	0	0	7	cluster_7	1.0000
6609	Spectrogram 1	1	8394.000000	8394.500000	0	0	noise	cluster_noise	0.0000
6610	Spectrogram 1	1	8394.250000	8395.000000	0	0	7	cluster_7	1.0000
6611	Spectrogram 1	1	8394.750000	8395.250000	0	0	noise	cluster_noise	0.0000
6612	Spectrogram 1	1	8395.000000	8395.750000	0	0	12	cluster_12	0.9935
6613	Spectrogram 1	1	8395.500000	8397.000000	0	0	7	cluster_7	0.9737
6614	Spectrogram 1	1	8396.750000	8397.750000	0	0	12	cluster_12	0.9912
6615	Spectrogram 1	1	8397.500000	8398.250000	0	0	7	cluster_7	0.8156
6616	Spectrogram 1	1	8398.000000	8398.750000	0	0	noise	cluster_noise	0.0000
6617	Spectrogram 1	1	8398.500000	8399.000000	0	0	12	cluster_12	1.0000
6618	Spectrogram 1	1	8398.750000	8399.250000	0	0	noise	cluster_noise	0.0000
6619	Spectrogram 1	1	8399.000000	8401.000000	0	0	7	cluster_7	0.9855
6620	Spectrogram 1	1	8400.750000	8401.500000	0	0	noise	cluster_noise	0.0000
6621	Spectrogram 1	1	8403.000000	8408.000000	0	0	7	cluster_7	0.9779
6622	Spectrogram 1	1	8407.750000	8408.250000	0	0	3	cluster_3	0.8204
6623	Spectrogram 1	1	8408.000000	8409.500000	0	0	7	cluster_7	0.9663
6624	Spectrogram 1	1	8409.250000	8410.000000	0	0	noise	cluster_noise	0.0000
6625	Spectrogram 1	1	8409.750000	8412.500000	0	0	7	cluster_7	1.0000
6626	Spectrogram 1	1	8414.000000	8414.500000	0	0	12	cluster_12	0.8355
6627	Spectrogram 1	1	8414.250000	8414.750000	0	0	7	cluster_7	1.0000
6628	Spectrogram 1	1	8414.500000	8415.000000	0	0	12	cluster_12	0.8347
6629	Spectrogram 1	1	8414.750000	8420.250000	0	0	7	cluster_7	0.9951
6630	Spectrogram 1	1	8420.000000	8421.000000	0	0	noise	cluster_noise	0.0000
6631	Spectrogram 1	1	8420.750000	8421.500000	0	0	7	cluster_7	0.8520
6632	Spectrogram 1	1	8421.250000	8421.750000	0	0	noise	cluster_noise	0.0000
6633	Spectrogram 1	1	8421.500000	8422.500000	0	0	7	cluster_7	1.0000
6634	Spectrogram 1	1	8425.000000	8425.500000	0	0	15	cluster_15	1.0000
6635	Spectrogram 1	1	8425.250000	8425.750000	0	0	12	cluster_12	0.7395
6636	Spectrogram 1	1	8425.500000	8426.000000	0	0	noise	cluster_noise	0.0000
6637	Spectrogram 1	1	8425.750000	8431.500000	0	0	7	cluster_7	0.9648
6638	Spectrogram 1	1	8431.250000	8431.750000	0	0	noise	cluster_noise	0.0000
6639	Spectrogram 1	1	8431.500000	8432.000000	0	0	7	cluster_7	0.8613
6640	Spectrogram 1	1	8431.750000	8432.500000	0	0	2	cluster_2	0.5199
6641	Spectrogram 1	1	8432.250000	8433.000000	0	0	noise	cluster_noise	0.0000
6642	Spectrogram 1	1	8432.750000	8434.500000	0	0	7	cluster_7	1.0000
6643	Spectrogram 1	1	8436.000000	8436.750000	0	0	15	cluster_15	1.0000
6644	Spectrogram 1	1	8436.500000	8437.000000	0	0	noise	cluster_noise	0.0000
6645	Spectrogram 1	1	8436.750000	8437.250000	0	0	12	cluster_12	0.9900
6646	Spectrogram 1	1	8437.000000	8442.750000	0	0	7	cluster_7	0.9736
6647	Spectrogram 1	1	8442.500000	8443.500000	0	0	noise	cluster_noise	0.0000
6648	Spectrogram 1	1	8447.000000	8447.750000	0	0	15	cluster_15	0.8919
6649	Spectrogram 1	1	8447.500000	8448.000000	0	0	noise	cluster_noise	0.0000
6650	Spectrogram 1	1	8447.750000	8448.250000	0	0	12	cluster_12	0.8761
6651	Spectrogram 1	1	8448.000000	8454.500000	0	0	7	cluster_7	0.9823
6652	Spectrogram 1	1	8455.000000	8455.500000	0	0	noise	cluster_noise	0.0000
6653	Spectrogram 1	1	8455.250000	8456.500000	0	0	7	cluster_7	1.0000
6654	Spectrogram 1	1	8457.000000	8457.500000	0	0	12	cluster_12	0.8233
6655	Spectrogram 1	1	8457.250000	8457.750000	0	0	noise	cluster_noise	0.0000
6656	Spectrogram 1	1	8457.500000	8458.750000	0	0	15	cluster_15	0.9227
6657	Spectrogram 1	1	8458.500000	8459.000000	0	0	noise	cluster_noise	0.0000
6658	Spectrogram 1	1	8458.750000	8459.250000	0	0	12	cluster_12	0.9900
6659	Spectrogram 1	1	8459.000000	8466.000000	0	0	7	cluster_7	0.9700
6660	Spectrogram 1	1	8465.750000	8466.250000	0	0	noise	cluster_noise	0.0000
6661	Spectrogram 1	1	8466.000000	8468.250000	0	0	7	cluster_7	1.0000
6662	Spectrogram 1	1	8468.000000	8468.500000	0	0	12	cluster_12	0.8239
6663	Spectrogram 1	1	8468.250000	8468.750000	0	0	noise	cluster_noise	0.0000
6664	Spectrogram 1	1	8468.500000	8469.000000	0	0	15	cluster_15	0.9795
6665	Spectrogram 1	1	8468.750000	8469.500000	0	0	noise	cluster_noise	0.0000
6666	Spectrogram 1	1	8469.250000	8470.000000	0	0	15	cluster_15	1.0000
6667	Spectrogram 1	1	8469.750000	8470.250000	0	0	noise	cluster_noise	0.0000
6668	Spectrogram 1	1	8470.000000	8470.500000	0	0	12	cluster_12	0.9900
6669	Spectrogram 1	1	8470.250000	8476.500000	0	0	7	cluster_7	1.0000
6670	Spectrogram 1	1	8476.250000	8477.750000	0	0	noise	cluster_noise	0.0000
6671	Spectrogram 1	1	8477.500000	8479.500000	0	0	7	cluster_7	1.0000
6672	Spectrogram 1	1	8479.250000	8479.750000	0	0	12	cluster_12	0.8288
6673	Spectrogram 1	1	8479.500000	8481.250000	0	0	15	cluster_15	0.9811
6674	Spectrogram 1	1	8481.000000	8481.500000	0	0	noise	cluster_noise	0.0000
6675	Spectrogram 1	1	8481.250000	8482.000000	0	0	12	cluster_12	0.9900
6676	Spectrogram 1	1	8481.750000	8486.750000	0	0	7	cluster_7	0.9855
6677	Spectrogram 1	1	8486.500000	8487.000000	0	0	noise	cluster_noise	0.0000
6678	Spectrogram 1	1	8486.750000	8495.250000	0	0	7	cluster_7	1.0000
6679	Spectrogram 1	1	8495.000000	8495.500000	0	0	8	cluster_8	0.9312
6680	Spectrogram 1	1	8495.250000	8519.250000	0	0	7	cluster_7	0.9932
6681	Spectrogram 1	1	8519.000000	8520.250000	0	0	noise	cluster_noise	0.0000
6682	Spectrogram 1	1	8520.000000	8532.500000	0	0	7	cluster_7	0.9962
6683	Spectrogram 1	1	8532.250000	8532.750000	0	0	noise	cluster_noise	0.0000
6684	Spectrogram 1	1	8532.500000	8545.500000	0	0	7	cluster_7	0.9970
6685	Spectrogram 1	1	8551.000000	8551.500000	0	0	noise	cluster_noise	0.0000
6686	Spectrogram 1	1	8551.250000	8551.750000	0	0	12	cluster_12	0.8450
6687	Spectrogram 1	1	8551.500000	8564.000000	0	0	7	cluster_7	0.9940
6688	Spectrogram 1	1	8563.750000	8564.250000	0	0	noise	cluster_noise	0.0000
6689	Spectrogram 1	1	8564.000000	8568.000000	0	0	7	cluster_7	0.9988
6690	Spectrogram 1	1	8567.750000	8568.250000	0	0	noise	cluster_noise	0.0000
6691	Spectrogram 1	1	8568.000000	8568.500000	0	0	7	cluster_7	1.0000
6692	Spectrogram 1	1	8571.000000	8571.750000	0	0	3	cluster_3	0.9938
6693	Spectrogram 1	1	8571.500000	8572.500000	0	0	7	cluster_7	1.0000
6694	Spectrogram 1	1	8576.000000	8576.500000	0	0	8	cluster_8	1.0000
6695	Spectrogram 1	1	8576.250000	8576.750000	0	0	noise	cluster_noise	0.0000
6696	Spectrogram 1	1	8576.500000	8587.000000	0	0	7	cluster_7	1.0000
6697	Spectrogram 1	1	8586.750000	8590.500000	0	0	3	cluster_3	1.0000
6698	Spectrogram 1	1	8590.250000	8592.250000	0	0	7	cluster_7	1.0000
6699	Spectrogram 1	1	8592.000000	8593.000000	0	0	3	cluster_3	0.9579
6700	Spectrogram 1	1	8592.750000	8595.000000	0	0	7	cluster_7	1.0000
6701	Spectrogram 1	1	8594.750000	8595.500000	0	0	3	cluster_3	0.9219
6702	Spectrogram 1	1	8595.250000	8607.500000	0	0	7	cluster_7	1.0000
6703	Spectrogram 1	1	8607.250000	8608.000000	0	0	3	cluster_3	1.0000
6704	Spectrogram 1	1	8607.750000	8608.250000	0	0	noise	cluster_noise	0.0000
6705	Spectrogram 1	1	8608.000000	8610.250000	0	0	7	cluster_7	1.0000
6706	Spectrogram 1	1	8610.000000	8611.000000	0	0	3	cluster_3	1.0000
6707	Spectrogram 1	1	8610.750000	8611.250000	0	0	noise	cluster_noise	0.0000
6708	Spectrogram 1	1	8611.000000	8613.000000	0	0	7	cluster_7	0.9987
6709	Spectrogram 1	1	8612.750000	8613.500000	0	0	3	cluster_3	1.0000
6710	Spectrogram 1	1	8613.250000	8615.500000	0	0	7	cluster_7	1.0000
6711	Spectrogram 1	1	8615.250000	8616.000000	0	0	3	cluster_3	0.9896
6712	Spectrogram 1	1	8615.750000	8617.500000	0	0	7	cluster_7	1.0000
6713	Spectrogram 1	1	8617.250000	8618.000000	0	0	3	cluster_3	0.9443
6714	Spectrogram 1	1	8617.750000	8630.250000	0	0	7	cluster_7	0.9997
6715	Spectrogram 1	1	8630.000000	8631.000000	0	0	3	cluster_3	1.0000
6716	Spectrogram 1	1	8630.750000	8632.750000	0	0	7	cluster_7	0.9981
6717	Spectrogram 1	1	8632.500000	8633.000000	0	0	noise	cluster_noise	0.0000
6718	Spectrogram 1	1	8632.750000	8633.750000	0	0	3	cluster_3	1.0000
6719	Spectrogram 1	1	8633.500000	8635.500000	0	0	7	cluster_7	1.0000
6720	Spectrogram 1	1	8635.250000	8635.750000	0	0	noise	cluster_noise	0.0000
6721	Spectrogram 1	1	8635.500000	8636.500000	0	0	3	cluster_3	1.0000
6722	Spectrogram 1	1	8636.250000	8638.250000	0	0	7	cluster_7	0.9992
6723	Spectrogram 1	1	8638.000000	8638.500000	0	0	3	cluster_3	1.0000
6724	Spectrogram 1	1	8640.000000	8641.250000	0	0	7	cluster_7	1.0000
6725	Spectrogram 1	1	8641.000000	8642.000000	0	0	3	cluster_3	1.0000
6726	Spectrogram 1	1	8641.750000	8644.000000	0	0	7	cluster_7	1.0000
6727	Spectrogram 1	1	8643.750000	8645.000000	0	0	3	cluster_3	1.0000
6728	Spectrogram 1	1	8644.750000	8646.500000	0	0	7	cluster_7	1.0000
6729	Spectrogram 1	1	8646.250000	8647.500000	0	0	3	cluster_3	1.0000
6730	Spectrogram 1	1	8647.250000	8647.750000	0	0	noise	cluster_noise	0.0000
6731	Spectrogram 1	1	8647.500000	8649.000000	0	0	7	cluster_7	1.0000
6732	Spectrogram 1	1	8648.750000	8649.750000	0	0	3	cluster_3	0.9699
6733	Spectrogram 1	1	8649.500000	8652.000000	0	0	7	cluster_7	0.9641
6734	Spectrogram 1	1	8651.750000	8652.500000	0	0	3	cluster_3	0.8165
6735	Spectrogram 1	1	8653.000000	8653.750000	0	0	7	cluster_7	1.0000
6736	Spectrogram 1	1	8653.500000	8654.000000	0	0	noise	cluster_noise	0.0000
6737	Spectrogram 1	1	8653.750000	8656.250000	0	0	7	cluster_7	1.0000
6738	Spectrogram 1	1	8656.000000	8657.500000	0	0	3	cluster_3	1.0000
6739	Spectrogram 1	1	8657.250000	8660.250000	0	0	7	cluster_7	1.0000
6740	Spectrogram 1	1	8660.000000	8660.750000	0	0	1	cluster_1	0.8755
6741	Spectrogram 1	1	8660.500000	8661.000000	0	0	3	cluster_3	0.9433
6742	Spectrogram 1	1	8660.750000	8749.500000	0	0	7	cluster_7	0.9993
6743	Spectrogram 1	1	8761.000000	8761.500000	0	0	12	cluster_12	0.7353
6744	Spectrogram 1	1	8761.250000	8762.500000	0	0	noise	cluster_noise	0.0000
6745	Spectrogram 1	1	8772.000000	8772.750000	0	0	7	cluster_7	1.0000
6746	Spectrogram 1	1	8772.500000	8774.000000	0	0	noise	cluster_noise	0.0000
6747	Spectrogram 1	1	8773.750000	8774.250000	0	0	12	cluster_12	0.7387
6748	Spectrogram 1	1	8774.000000	8784.250000	0	0	7	cluster_7	0.9915
6749	Spectrogram 1	1	8784.000000	8785.000000	0	0	noise	cluster_noise	0.0000
6750	Spectrogram 1	1	8784.750000	8785.250000	0	0	12	cluster_12	0.9706
6751	Spectrogram 1	1	8785.000000	8785.750000	0	0	noise	cluster_noise	0.0000
6752	Spectrogram 1	1	8785.500000	8786.250000	0	0	12	cluster_12	0.8457
6753	Spectrogram 1	1	8786.000000	8788.750000	0	0	7	cluster_7	0.9867
6754	Spectrogram 1	1	8788.500000	8789.250000	0	0	12	cluster_12	0.8799
6755	Spectrogram 1	1	8789.000000	8789.500000	0	0	noise	cluster_noise	0.0000
6756	Spectrogram 1	1	8789.250000	8789.750000	0	0	12	cluster_12	0.8891
6757	Spectrogram 1	1	8789.500000	8793.500000	0	0	7	cluster_7	0.9987
6758	Spectrogram 1	1	8796.000000	8796.750000	0	0	8	cluster_8	1.0000
6759	Spectrogram 1	1	8796.500000	8797.000000	0	0	noise	cluster_noise	0.0000
6760	Spectrogram 1	1	8796.750000	8800.500000	0	0	7	cluster_7	1.0000
6761	Spectrogram 1	1	8800.250000	8801.000000	0	0	12	cluster_12	0.9900
6762	Spectrogram 1	1	8800.750000	8810.750000	0	0	7	cluster_7	0.9871
6763	Spectrogram 1	1	8810.500000	8812.000000	0	0	noise	cluster_noise	0.0000
6764	Spectrogram 1	1	8811.750000	8814.750000	0	0	7	cluster_7	1.0000
6765	Spectrogram 1	1	8814.500000	8815.250000	0	0	12	cluster_12	0.9634
6766	Spectrogram 1	1	8815.000000	8825.000000	0	0	7	cluster_7	0.9899
6767	Spectrogram 1	1	8824.750000	8826.000000	0	0	noise	cluster_noise	0.0000
6768	Spectrogram 1	1	8825.750000	8829.500000	0	0	7	cluster_7	1.0000
6769	Spectrogram 1	1	8829.250000	8830.000000	0	0	12	cluster_12	0.8970
6770	Spectrogram 1	1	8829.750000	8836.000000	0	0	7	cluster_7	0.9954
6771	Spectrogram 1	1	8835.750000	8836.250000	0	0	noise	cluster_noise	0.0000
6772	Spectrogram 1	1	8836.000000	9038.500000	0	0	7	cluster_7	0.9997
6773	Spectrogram 1	1	9038.250000	9039.000000	0	0	3	cluster_3	0.9518
6774	Spectrogram 1	1	9038.750000	9039.500000	0	0	7	cluster_7	1.0000
6775	Spectrogram 1	1	9041.000000	9041.500000	0	0	3	cluster_3	0.9997
6776	Spectrogram 1	1	9041.250000	9060.500000	0	0	7	cluster_7	1.0000
6777	Spectrogram 1	1	9062.000000	9062.500000	0	0	3	cluster_3	0.8658
6778	Spectrogram 1	1	9062.250000	9078.750000	0	0	7	cluster_7	1.0000
6779	Spectrogram 1	1	9078.500000	9079.250000	0	0	3	cluster_3	0.9631
6780	Spectrogram 1	1	9079.000000	9082.000000	0	0	7	cluster_7	1.0000
6781	Spectrogram 1	1	9081.750000	9082.500000	0	0	3	cluster_3	0.9201
6782	Spectrogram 1	1	9082.250000	9100.000000	0	0	7	cluster_7	1.0000
6783	Spectrogram 1	1	9099.750000	9101.000000	0	0	1	cluster_1	0.5936
6784	Spectrogram 1	1	9100.750000	9105.000000	0	0	7	cluster_7	1.0000
6785	Spectrogram 1	1	9104.750000	9105.250000	0	0	3	cluster_3	1.0000
6786	Spectrogram 1	1	9105.000000	9114.750000	0	0	7	cluster_7	1.0000
6787	Spectrogram 1	1	9114.500000	9115.750000	0	0	1	cluster_1	0.6728
6788	Spectrogram 1	1	9115.500000	9206.750000	0	0	7	cluster_7	0.9973
6789	Spectrogram 1	1	9206.500000	9207.000000	0	0	noise	cluster_noise	0.0000
6790	Spectrogram 1	1	9206.750000	9207.500000	0	0	1	cluster_1	0.7946
6791	Spectrogram 1	1	9219.000000	9221.750000	0	0	7	cluster_7	1.0000
6792	Spectrogram 1	1	9221.500000	9222.750000	0	0	noise	cluster_noise	0.0000
6793	Spectrogram 1	1	9222.500000	9223.250000	0	0	12	cluster_12	0.8680
6794	Spectrogram 1	1	9223.000000	9233.500000	0	0	7	cluster_7	1.0000
6795	Spectrogram 1	1	9233.250000	9234.000000	0	0	noise	cluster_noise	0.0000
6796	Spectrogram 1	1	9233.750000	9235.000000	0	0	12	cluster_12	0.9444
6797	Spectrogram 1	1	9234.750000	9240.750000	0	0	7	cluster_7	1.0000
6798	Spectrogram 1	1	9240.500000	9241.500000	0	0	8	cluster_8	0.9690
6799	Spectrogram 1	1	9244.000000	9244.750000	0	0	7	cluster_7	1.0000
6800	Spectrogram 1	1	9244.500000	9245.000000	0	0	noise	cluster_noise	0.0000
6801	Spectrogram 1	1	9244.750000	9245.500000	0	0	7	cluster_7	1.0000
6802	Spectrogram 1	1	9245.250000	9245.750000	0	0	noise	cluster_noise	0.0000
6803	Spectrogram 1	1	9245.500000	9252.500000	0	0	7	cluster_7	0.9820
6804	Spectrogram 1	1	9252.250000	9253.500000	0	0	noise	cluster_noise	0.0000
6805	Spectrogram 1	1	9253.250000	9253.750000	0	0	12	cluster_12	0.7559
6806	Spectrogram 1	1	9253.500000	9254.500000	0	0	7	cluster_7	1.0000
6807	Spectrogram 1	1	9257.000000	9258.250000	0	0	12	cluster_12	0.9331
6808	Spectrogram 1	1	9258.000000	9263.000000	0	0	7	cluster_7	1.0000
6809	Spectrogram 1	1	9262.750000	9264.000000	0	0	noise	cluster_noise	0.0000
6810	Spectrogram 1	1	9263.750000	9264.250000	0	0	12	cluster_12	0.7751
6811	Spectrogram 1	1	9264.000000	9267.000000	0	0	7	cluster_7	0.9859
6812	Spectrogram 1	1	9266.750000	9267.250000	0	0	noise	cluster_noise	0.0000
6813	Spectrogram 1	1	9267.000000	9268.500000	0	0	12	cluster_12	0.9335
6814	Spectrogram 1	1	9270.000000	9273.500000	0	0	7	cluster_7	1.0000
6815	Spectrogram 1	1	9273.250000	9274.750000	0	0	noise	cluster_noise	0.0000
6816	Spectrogram 1	1	9274.500000	9275.000000	0	0	12	cluster_12	0.9900
6817	Spectrogram 1	1	9274.750000	9277.500000	0	0	7	cluster_7	1.0000
6818	Spectrogram 1	1	9277.250000	9279.000000	0	0	12	cluster_12	0.9365
6819	Spectrogram 1	1	9278.750000	9284.750000	0	0	7	cluster_7	1.0000
6820	Spectrogram 1	1	9284.500000	9285.000000	0	0	8	cluster_8	0.9441
6821	Spectrogram 1	1	9284.750000	9287.500000	0	0	7	cluster_7	1.0000
6822	Spectrogram 1	1	9287.250000	9289.000000	0	0	noise	cluster_noise	0.0000
6823	Spectrogram 1	1	9288.750000	9289.250000	0	0	12	cluster_12	0.7295
6824	Spectrogram 1	1	9289.000000	9291.500000	0	0	7	cluster_7	1.0000
6825	Spectrogram 1	1	9291.250000	9291.750000	0	0	noise	cluster_noise	0.0000
6826	Spectrogram 1	1	9291.500000	9292.250000	0	0	18	cluster_18	1.0000
6827	Spectrogram 1	1	9292.000000	9292.500000	0	0	noise	cluster_noise	0.0000
6828	Spectrogram 1	1	9292.250000	9293.250000	0	0	12	cluster_12	0.9250
6829	Spectrogram 1	1	9293.000000	9297.250000	0	0	7	cluster_7	0.9840
6830	Spectrogram 1	1	9297.000000	9297.750000	0	0	8	cluster_8	0.8642
6831	Spectrogram 1	1	9297.500000	9298.750000	0	0	7	cluster_7	0.9591
6832	Spectrogram 1	1	9298.500000	9299.250000	0	0	8	cluster_8	0.8721
6833	Spectrogram 1	1	9299.000000	9301.750000	0	0	7	cluster_7	1.0000
6834	Spectrogram 1	1	9301.500000	9303.000000	0	0	noise	cluster_noise	0.0000
6835	Spectrogram 1	1	9302.750000	9303.250000	0	0	12	cluster_12	0.7900
6836	Spectrogram 1	1	9303.000000	9313.750000	0	0	7	cluster_7	0.9913
6837	Spectrogram 1	1	9313.500000	9314.000000	0	0	noise	cluster_noise	0.0000
6838	Spectrogram 1	1	9313.750000	9347.750000	0	0	7	cluster_7	0.9922
6839	Spectrogram 1	1	9347.500000	9348.000000	0	0	noise	cluster_noise	0.0000
6840	Spectrogram 1	1	9347.750000	9361.500000	0	0	7	cluster_7	0.9744
6841	Spectrogram 1	1	9361.250000	9361.750000	0	0	noise	cluster_noise	0.0000
6842	Spectrogram 1	1	9361.500000	9370.750000	0	0	7	cluster_7	0.9900
6843	Spectrogram 1	1	9370.500000	9371.000000	0	0	noise	cluster_noise	0.0000
6844	Spectrogram 1	1	9370.750000	9374.500000	0	0	7	cluster_7	0.9991
6845	Spectrogram 1	1	9374.250000	9374.750000	0	0	noise	cluster_noise	0.0000
6846	Spectrogram 1	1	9374.500000	9385.250000	0	0	7	cluster_7	0.9912
6847	Spectrogram 1	1	9385.000000	9385.500000	0	0	noise	cluster_noise	0.0000
6848	Spectrogram 1	1	9385.250000	9680.750000	0	0	7	cluster_7	0.9976
6849	Spectrogram 1	1	9680.500000	9681.750000	0	0	12	cluster_12	0.9770
6850	Spectrogram 1	1	9681.500000	9714.750000	0	0	7	cluster_7	0.9988
6851	Spectrogram 1	1	9714.500000	9715.750000	0	0	12	cluster_12	0.8893
6852	Spectrogram 1	1	9715.500000	9716.000000	0	0	noise	cluster_noise	0.0000
6853	Spectrogram 1	1	9715.750000	9725.500000	0	0	7	cluster_7	1.0000
6854	Spectrogram 1	1	9725.250000	9726.500000	0	0	12	cluster_12	0.9617
6855	Spectrogram 1	1	9726.250000	9726.750000	0	0	noise	cluster_noise	0.0000
6856	Spectrogram 1	1	9726.500000	9736.750000	0	0	7	cluster_7	1.0000
6857	Spectrogram 1	1	9736.500000	9737.500000	0	0	12	cluster_12	0.9566
6858	Spectrogram 1	1	9738.000000	9754.500000	0	0	7	cluster_7	0.9961
6859	Spectrogram 1	1	9763.000000	9763.500000	0	0	12	cluster_12	0.7097
6860	Spectrogram 1	1	9763.250000	9766.500000	0	0	7	cluster_7	0.9850
6861	Spectrogram 1	1	9775.000000	9776.750000	0	0	noise	cluster_noise	0.0000
6862	Spectrogram 1	1	9776.500000	9777.000000	0	0	12	cluster_12	0.9466
6863	Spectrogram 1	1	9776.750000	9779.250000	0	0	7	cluster_7	1.0000
6864	Spectrogram 1	1	9779.000000	9780.000000	0	0	12	cluster_12	0.9669
6865	Spectrogram 1	1	9779.750000	9780.500000	0	0	noise	cluster_noise	0.0000
6866	Spectrogram 1	1	9787.000000	9802.500000	0	0	7	cluster_7	0.9992
6867	Spectrogram 1	1	9809.000000	9810.000000	0	0	noise	cluster_noise	0.0000
6868	Spectrogram 1	1	9809.750000	9810.250000	0	0	12	cluster_12	0.8734
6869	Spectrogram 1	1	9810.000000	9813.000000	0	0	7	cluster_7	1.0000
6870	Spectrogram 1	1	9812.750000	9813.250000	0	0	noise	cluster_noise	0.0000
6871	Spectrogram 1	1	9813.000000	9848.500000	0	0	7	cluster_7	0.9992
6872	Spectrogram 1	1	9849.000000	9849.500000	0	0	noise	cluster_noise	0.0000
6873	Spectrogram 1	1	9849.250000	9849.750000	0	0	15	cluster_15	0.8102
6874	Spectrogram 1	1	9849.500000	9850.000000	0	0	noise	cluster_noise	0.0000
6875	Spectrogram 1	1	9849.750000	9850.250000	0	0	12	cluster_12	0.8258
6876	Spectrogram 1	1	9850.000000	9860.750000	0	0	7	cluster_7	0.9992
6877	Spectrogram 1	1	9860.500000	9862.000000	0	0	noise	cluster_noise	0.0000
6878	Spectrogram 1	1	9861.750000	9862.250000	0	0	12	cluster_12	0.8382
6879	Spectrogram 1	1	9862.000000	9869.000000	0	0	7	cluster_7	0.9952
6880	Spectrogram 1	1	9868.750000	9869.250000	0	0	noise	cluster_noise	0.0000
6881	Spectrogram 1	1	9869.000000	9871.750000	0	0	7	cluster_7	1.0000
6882	Spectrogram 1	1	9871.500000	9872.000000	0	0	12	cluster_12	0.8677
6883	Spectrogram 1	1	9871.750000	9873.250000	0	0	noise	cluster_noise	0.0000
6884	Spectrogram 1	1	9873.000000	9873.500000	0	0	12	cluster_12	0.7642
6885	Spectrogram 1	1	9873.250000	9883.250000	0	0	7	cluster_7	0.9997
6886	Spectrogram 1	1	9883.000000	9884.500000	0	0	noise	cluster_noise	0.0000
6887	Spectrogram 1	1	9884.250000	9884.750000	0	0	12	cluster_12	0.8094
6888	Spectrogram 1	1	9884.500000	9894.250000	0	0	7	cluster_7	0.9997
6889	Spectrogram 1	1	9894.000000	9894.500000	0	0	12	cluster_12	0.9186
6890	Spectrogram 1	1	9894.250000	9895.500000	0	0	noise	cluster_noise	0.0000
6891	Spectrogram 1	1	9895.250000	9895.750000	0	0	15	cluster_15	0.8403
6892	Spectrogram 1	1	9895.500000	9896.000000	0	0	12	cluster_12	0.7365
6893	Spectrogram 1	1	9895.750000	9905.250000	0	0	7	cluster_7	1.0000
6894	Spectrogram 1	1	9905.000000	9906.250000	0	0	noise	cluster_noise	0.0000
6895	Spectrogram 1	1	9906.000000	9973.500000	0	0	7	cluster_7	0.9961
6896	Spectrogram 1	1	9980.000000	9980.500000	0	0	noise	cluster_noise	0.0000
6897	Spectrogram 1	1	9980.250000	10003.250000	0	0	7	cluster_7	1.0000
6898	Spectrogram 1	1	10003.000000	10003.500000	0	0	3	cluster_3	0.9863
6899	Spectrogram 1	1	10003.250000	10003.750000	0	0	noise	cluster_noise	0.0000
6900	Spectrogram 1	1	10003.500000	10005.250000	0	0	7	cluster_7	1.0000
6901	Spectrogram 1	1	10005.000000	10005.750000	0	0	3	cluster_3	0.7941
6902	Spectrogram 1	1	10005.500000	10018.500000	0	0	7	cluster_7	1.0000
6903	Spectrogram 1	1	10018.250000	10019.000000	0	0	3	cluster_3	0.9165
6904	Spectrogram 1	1	10018.750000	10032.000000	0	0	7	cluster_7	1.0000
6905	Spectrogram 1	1	10031.750000	10032.500000	0	0	3	cluster_3	0.8465
6906	Spectrogram 1	1	10032.250000	10032.750000	0	0	noise	cluster_noise	0.0000
6907	Spectrogram 1	1	10032.500000	10037.250000	0	0	7	cluster_7	1.0000
6908	Spectrogram 1	1	10037.000000	10037.500000	0	0	3	cluster_3	0.8890
6909	Spectrogram 1	1	10043.000000	10043.750000	0	0	1	cluster_1	0.6572
6910	Spectrogram 1	1	10043.500000	10053.000000	0	0	7	cluster_7	1.0000
6911	Spectrogram 1	1	10052.750000	10053.250000	0	0	noise	cluster_noise	0.0000
6912	Spectrogram 1	1	10053.000000	10053.750000	0	0	3	cluster_3	0.8099
6913	Spectrogram 1	1	10053.500000	10054.000000	0	0	7	cluster_7	1.0000
6914	Spectrogram 1	1	10053.750000	10054.250000	0	0	3	cluster_3	0.7299
6915	Spectrogram 1	1	10054.000000	10085.500000	0	0	7	cluster_7	1.0000
6916	Spectrogram 1	1	10141.000000	10141.500000	0	0	1	cluster_1	0.8649
6917	Spectrogram 1	1	10141.250000	10141.750000	0	0	noise	cluster_noise	0.0000
6918	Spectrogram 1	1	10141.500000	10195.250000	0	0	7	cluster_7	0.9902
6919	Spectrogram 1	1	10195.000000	10195.500000	0	0	noise	cluster_noise	0.0000
6920	Spectrogram 1	1	10198.000000	10205.250000	0	0	7	cluster_7	0.9998
6921	Spectrogram 1	1	10205.000000	10205.500000	0	0	12	cluster_12	0.8339
6922	Spectrogram 1	1	10205.250000	10217.250000	0	0	7	cluster_7	0.9983
6923	Spectrogram 1	1	10217.000000	10218.000000	0	0	12	cluster_12	0.9440
6924	Spectrogram 1	1	10217.750000	10462.500000	0	0	7	cluster_7	0.9987
6925	Spectrogram 1	1	10462.250000	10463.250000	0	0	3	cluster_3	1.0000
6926	Spectrogram 1	1	10463.000000	10463.500000	0	0	noise	cluster_noise	0.0000
6927	Spectrogram 1	1	10463.250000	10465.250000	0	0	7	cluster_7	1.0000
6928	Spectrogram 1	1	10465.000000	10466.500000	0	0	3	cluster_3	0.9329
6929	Spectrogram 1	1	10466.250000	10468.500000	0	0	7	cluster_7	1.0000
6930	Spectrogram 1	1	10468.250000	10469.000000	0	0	3	cluster_3	1.0000
6931	Spectrogram 1	1	10468.750000	10473.500000	0	0	7	cluster_7	0.9878
6932	Spectrogram 1	1	10474.000000	10474.750000	0	0	1	cluster_1	1.0000
6933	Spectrogram 1	1	10474.500000	10481.750000	0	0	7	cluster_7	1.0000
6934	Spectrogram 1	1	10481.500000	10482.500000	0	0	3	cluster_3	0.8877
6935	Spectrogram 1	1	10483.000000	10483.500000	0	0	8	cluster_8	1.0000
6936	Spectrogram 1	1	10483.250000	10485.000000	0	0	7	cluster_7	0.9688
6937	Spectrogram 1	1	10484.750000	10485.250000	0	0	noise	cluster_noise	0.0000
6938	Spectrogram 1	1	10485.000000	10486.000000	0	0	3	cluster_3	0.9578
6939	Spectrogram 1	1	10485.750000	10487.750000	0	0	7	cluster_7	0.9753
6940	Spectrogram 1	1	10487.500000	10488.500000	0	0	3	cluster_3	0.9853
6941	Spectrogram 1	1	10492.000000	10492.750000	0	0	noise	cluster_noise	0.0000
6942	Spectrogram 1	1	10492.500000	10499.500000	0	0	7	cluster_7	0.9824
6943	Spectrogram 1	1	10499.250000	10500.750000	0	0	3	cluster_3	1.0000
6944	Spectrogram 1	1	10500.500000	10501.500000	0	0	7	cluster_7	1.0000
6945	Spectrogram 1	1	10501.250000	10501.750000	0	0	8	cluster_8	1.0000
6946	Spectrogram 1	1	10501.500000	10502.250000	0	0	7	cluster_7	1.0000
6947	Spectrogram 1	1	10502.000000	10504.250000	0	0	3	cluster_3	1.0000
6948	Spectrogram 1	1	10504.000000	10505.500000	0	0	7	cluster_7	1.0000
6949	Spectrogram 1	1	10505.250000	10505.750000	0	0	8	cluster_8	1.0000
6950	Spectrogram 1	1	10505.500000	10506.000000	0	0	7	cluster_7	1.0000
6951	Spectrogram 1	1	10505.750000	10506.250000	0	0	noise	cluster_noise	0.0000
6952	Spectrogram 1	1	10506.000000	10506.500000	0	0	1	cluster_1	0.8846
6953	Spectrogram 1	1	10512.000000	10512.500000	0	0	8	cluster_8	0.8778
6954	Spectrogram 1	1	10512.250000	10512.750000	0	0	7	cluster_7	1.0000
6955	Spectrogram 1	1	10512.500000	10513.500000	0	0	8	cluster_8	0.9756
6956	Spectrogram 1	1	10514.000000	10515.500000	0	0	3	cluster_3	1.0000
6957	Spectrogram 1	1	10578.000000	10578.750000	0	0	8	cluster_8	1.0000
6958	Spectrogram 1	1	10578.500000	10579.750000	0	0	3	cluster_3	1.0000
6959	Spectrogram 1	1	10579.500000	10580.000000	0	0	noise	cluster_noise	0.0000
6960	Spectrogram 1	1	10579.750000	10580.500000	0	0	3	cluster_3	1.0000
6961	Spectrogram 1	1	10580.250000	10594.500000	0	0	8	cluster_8	0.9827
6962	Spectrogram 1	1	10594.250000	10594.750000	0	0	noise	cluster_noise	0.0000
6963	Spectrogram 1	1	10594.500000	10595.000000	0	0	8	cluster_8	0.8714
6964	Spectrogram 1	1	10594.750000	10595.500000	0	0	noise	cluster_noise	0.0000
6965	Spectrogram 1	1	10595.250000	10596.750000	0	0	1	cluster_1	1.0000
6966	Spectrogram 1	1	10596.500000	10609.750000	0	0	8	cluster_8	0.9802
6967	Spectrogram 1	1	10609.500000	10612.000000	0	0	noise	cluster_noise	0.0000
6968	Spectrogram 1	1	10611.750000	10612.250000	0	0	8	cluster_8	1.0000
6969	Spectrogram 1	1	10612.000000	10625.000000	0	0	3	cluster_3	0.9809
6970	Spectrogram 1	1	10624.750000	10627.750000	0	0	8	cluster_8	1.0000
6971	Spectrogram 1	1	10627.500000	10629.500000	0	0	noise	cluster_noise	0.0000
6972	Spectrogram 1	1	10635.000000	10635.500000	0	0	8	cluster_8	0.8826
6973	Spectrogram 1	1	10635.250000	10636.000000	0	0	3	cluster_3	1.0000
6974	Spectrogram 1	1	10635.750000	10636.250000	0	0	8	cluster_8	1.0000
6975	Spectrogram 1	1	10636.000000	10636.750000	0	0	3	cluster_3	1.0000
6976	Spectrogram 1	1	10636.500000	10640.000000	0	0	8	cluster_8	0.9701
6977	Spectrogram 1	1	10639.750000	10641.750000	0	0	noise	cluster_noise	0.0000
6978	Spectrogram 1	1	10641.500000	10644.250000	0	0	8	cluster_8	0.9979
6979	Spectrogram 1	1	10644.000000	10644.500000	0	0	noise	cluster_noise	0.0000
6980	Spectrogram 1	1	10648.000000	10649.250000	0	0	8	cluster_8	0.9669
6981	Spectrogram 1	1	10649.000000	10649.750000	0	0	3	cluster_3	1.0000
6982	Spectrogram 1	1	10649.500000	10650.000000	0	0	8	cluster_8	1.0000
6983	Spectrogram 1	1	10649.750000	10650.500000	0	0	3	cluster_3	0.9404
6984	Spectrogram 1	1	10650.250000	10651.750000	0	0	8	cluster_8	0.9791
6985	Spectrogram 1	1	10651.500000	10652.000000	0	0	noise	cluster_noise	0.0000
6986	Spectrogram 1	1	10651.750000	10652.250000	0	0	17	cluster_17	0.8691
6987	Spectrogram 1	1	10652.000000	10652.500000	0	0	noise	cluster_noise	0.0000
6988	Spectrogram 1	1	10652.250000	10652.750000	0	0	12	cluster_12	0.7764
6989	Spectrogram 1	1	10652.500000	10653.750000	0	0	noise	cluster_noise	0.0000
6990	Spectrogram 1	1	10653.500000	10656.000000	0	0	8	cluster_8	0.9937
6991	Spectrogram 1	1	10655.750000	10656.750000	0	0	3	cluster_3	0.8961
6992	Spectrogram 1	1	10656.500000	10657.500000	0	0	noise	cluster_noise	0.0000
6993	Spectrogram 1	1	10657.250000	10657.750000	0	0	17	cluster_17	0.9841
6994	Spectrogram 1	1	10657.500000	10658.000000	0	0	noise	cluster_noise	0.0000
6995	Spectrogram 1	1	10657.750000	10658.750000	0	0	8	cluster_8	1.0000
6996	Spectrogram 1	1	10658.500000	10659.500000	0	0	3	cluster_3	0.9799
6997	Spectrogram 1	1	10661.000000	10662.500000	0	0	8	cluster_8	1.0000
6998	Spectrogram 1	1	10662.250000	10664.250000	0	0	noise	cluster_noise	0.0000
6999	Spectrogram 1	1	10664.000000	10664.500000	0	0	8	cluster_8	0.7962
7000	Spectrogram 1	1	10664.250000	10664.750000	0	0	noise	cluster_noise	0.0000
7001	Spectrogram 1	1	10664.500000	10666.750000	0	0	8	cluster_8	0.9653
7002	Spectrogram 1	1	10666.500000	10667.250000	0	0	noise	cluster_noise	0.0000
7003	Spectrogram 1	1	10667.000000	10667.500000	0	0	14	cluster_14	1.0000
7004	Spectrogram 1	1	10667.250000	10668.250000	0	0	noise	cluster_noise	0.0000
7005	Spectrogram 1	1	10668.000000	10668.500000	0	0	17	cluster_17	0.8855
7006	Spectrogram 1	1	10668.250000	10668.750000	0	0	8	cluster_8	0.8716
7007	Spectrogram 1	1	10668.500000	10669.000000	0	0	noise	cluster_noise	0.0000
7008	Spectrogram 1	1	10668.750000	10669.250000	0	0	8	cluster_8	1.0000
7009	Spectrogram 1	1	10669.000000	10670.250000	0	0	3	cluster_3	0.9797
7010	Spectrogram 1	1	10670.000000	10671.000000	0	0	8	cluster_8	1.0000
7011	Spectrogram 1	1	10670.750000	10671.250000	0	0	noise	cluster_noise	0.0000
7012	Spectrogram 1	1	10671.000000	10672.500000	0	0	8	cluster_8	0.9231
7013	Spectrogram 1	1	10673.000000	10675.000000	0	0	noise	cluster_noise	0.0000
7014	Spectrogram 1	1	10674.750000	10675.500000	0	0	8	cluster_8	0.9117
7015	Spectrogram 1	1	10675.250000	10676.000000	0	0	noise	cluster_noise	0.0000
7016	Spectrogram 1	1	10675.750000	10677.500000	0	0	8	cluster_8	0.9693
7017	Spectrogram 1	1	10677.250000	10677.750000	0	0	noise	cluster_noise	0.0000
7018	Spectrogram 1	1	10677.500000	10678.000000	0	0	14	cluster_14	1.0000
7019	Spectrogram 1	1	10677.750000	10678.250000	0	0	noise	cluster_noise	0.0000
7020	Spectrogram 1	1	10678.000000	10678.500000	0	0	18	cluster_18	0.7436
7021	Spectrogram 1	1	10678.250000	10678.750000	0	0	14	cluster_14	0.9787
7022	Spectrogram 1	1	10678.500000	10679.000000	0	0	19	cluster_19	0.8883
7023	Spectrogram 1	1	10678.750000	10679.250000	0	0	noise	cluster_noise	0.0000
7024	Spectrogram 1	1	10679.000000	10679.500000	0	0	19	cluster_19	0.8153
7025	Spectrogram 1	1	10679.250000	10679.750000	0	0	8	cluster_8	1.0000
7026	Spectrogram 1	1	10679.500000	10681.000000	0	0	3	cluster_3	0.9541
7027	Spectrogram 1	1	10680.750000	10683.500000	0	0	8	cluster_8	0.9953
7028	Spectrogram 1	1	10683.250000	10684.500000	0	0	noise	cluster_noise	0.0000
7029	Spectrogram 1	1	10686.000000	10687.500000	0	0	8	cluster_8	1.0000
7030	Spectrogram 1	1	10687.250000	10688.000000	0	0	noise	cluster_noise	0.0000
7031	Spectrogram 1	1	10687.750000	10689.000000	0	0	14	cluster_14	1.0000
7032	Spectrogram 1	1	10688.750000	10689.750000	0	0	19	cluster_19	0.9845
7033	Spectrogram 1	1	10689.500000	10690.000000	0	0	17	cluster_17	0.8703
7034	Spectrogram 1	1	10689.750000	10690.500000	0	0	noise	cluster_noise	0.0000
7035	Spectrogram 1	1	10690.250000	10691.000000	0	0	18	cluster_18	0.8188
7036	Spectrogram 1	1	10690.750000	10691.250000	0	0	noise	cluster_noise	0.0000
7037	Spectrogram 1	1	10691.000000	10691.500000	0	0	17	cluster_17	0.9284
7038	Spectrogram 1	1	10691.250000	10692.750000	0	0	noise	cluster_noise	0.0000
7039	Spectrogram 1	1	10692.500000	10693.000000	0	0	8	cluster_8	1.0000
7040	Spectrogram 1	1	10692.750000	10693.250000	0	0	noise	cluster_noise	0.0000
7041	Spectrogram 1	1	10693.000000	10693.500000	0	0	8	cluster_8	1.0000
7042	Spectrogram 1	1	10693.250000	10694.250000	0	0	noise	cluster_noise	0.0000
7043	Spectrogram 1	1	10694.000000	10695.000000	0	0	8	cluster_8	0.9424
7044	Spectrogram 1	1	10694.750000	10696.000000	0	0	noise	cluster_noise	0.0000
7045	Spectrogram 1	1	10695.750000	10696.500000	0	0	8	cluster_8	1.0000
7046	Spectrogram 1	1	10696.250000	10697.000000	0	0	noise	cluster_noise	0.0000
7047	Spectrogram 1	1	10696.750000	10697.500000	0	0	8	cluster_8	1.0000
7048	Spectrogram 1	1	10699.000000	10699.500000	0	0	noise	cluster_noise	0.0000
7049	Spectrogram 1	1	10699.250000	10699.750000	0	0	17	cluster_17	0.9320
7050	Spectrogram 1	1	10699.500000	10700.000000	0	0	noise	cluster_noise	0.0000
7051	Spectrogram 1	1	10699.750000	10701.500000	0	0	8	cluster_8	1.0000
7052	Spectrogram 1	1	10701.250000	10703.000000	0	0	noise	cluster_noise	0.0000
7053	Spectrogram 1	1	10702.750000	10703.500000	0	0	17	cluster_17	0.8880
7054	Spectrogram 1	1	10703.250000	10704.000000	0	0	8	cluster_8	0.8362
7055	Spectrogram 1	1	10703.750000	10704.750000	0	0	noise	cluster_noise	0.0000
7056	Spectrogram 1	1	10704.500000	10707.500000	0	0	8	cluster_8	0.9765
7057	Spectrogram 1	1	10707.250000	10708.250000	0	0	noise	cluster_noise	0.0000
7058	Spectrogram 1	1	10708.000000	10711.750000	0	0	8	cluster_8	0.9830
7059	Spectrogram 1	1	10711.500000	10712.000000	0	0	noise	cluster_noise	0.0000
7060	Spectrogram 1	1	10711.750000	10712.750000	0	0	21	cluster_21	0.6791
7061	Spectrogram 1	1	10712.500000	10714.000000	0	0	noise	cluster_noise	0.0000
7062	Spectrogram 1	1	10713.750000	10714.250000	0	0	17	cluster_17	0.9320
7063	Spectrogram 1	1	10714.000000	10714.750000	0	0	noise	cluster_noise	0.0000
7064	Spectrogram 1	1	10714.500000	10719.000000	0	0	8	cluster_8	0.9651
7065	Spectrogram 1	1	10718.750000	10722.500000	0	0	3	cluster_3	0.9768
7066	Spectrogram 1	1	10722.250000	10723.000000	0	0	noise	cluster_noise	0.0000
7067	Spectrogram 1	1	10722.750000	10723.500000	0	0	8	cluster_8	1.0000
7068	Spectrogram 1	1	10723.250000	10724.000000	0	0	noise	cluster_noise	0.0000
7069	Spectrogram 1	1	10723.750000	10724.500000	0	0	8	cluster_8	0.9111
7070	Spectrogram 1	1	10724.250000	10725.750000	0	0	noise	cluster_noise	0.0000
7071	Spectrogram 1	1	10725.500000	10726.000000	0	0	17	cluster_17	0.9320
7072	Spectrogram 1	1	10725.750000	10728.000000	0	0	8	cluster_8	0.9801
7073	Spectrogram 1	1	10727.750000	10728.250000	0	0	noise	cluster_noise	0.0000
7074	Spectrogram 1	1	10728.000000	10729.500000	0	0	8	cluster_8	0.9607
7075	Spectrogram 1	1	10735.000000	10735.750000	0	0	noise	cluster_noise	0.0000
7076	Spectrogram 1	1	10735.500000	10736.000000	0	0	8	cluster_8	0.8323
7077	Spectrogram 1	1	10735.750000	10738.000000	0	0	noise	cluster_noise	0.0000
7078	Spectrogram 1	1	10737.750000	10741.250000	0	0	8	cluster_8	0.9436
7079	Spectrogram 1	1	10741.000000	10749.000000	0	0	noise	cluster_noise	0.0000
7080	Spectrogram 1	1	10748.750000	10749.500000	0	0	7	cluster_7	0.9253
7081	Spectrogram 1	1	10750.000000	10750.500000	0	0	noise	cluster_noise	0.0000
7082	Spectrogram 1	1	10750.250000	10752.000000	0	0	7	cluster_7	0.9692
7083	Spectrogram 1	1	10751.750000	10752.750000	0	0	noise	cluster_noise	0.0000
7084	Spectrogram 1	1	10752.500000	10753.500000	0	0	7	cluster_7	0.9020
7085	Spectrogram 1	1	10759.000000	10760.500000	0	0	noise	cluster_noise	0.0000
7086	Spectrogram 1	1	10760.250000	10766.500000	0	0	7	cluster_7	0.9742
7087	Spectrogram 1	1	10767.000000	10768.250000	0	0	noise	cluster_noise	0.0000
7088	Spectrogram 1	1	10768.000000	10770.000000	0	0	7	cluster_7	1.0000
7089	Spectrogram 1	1	10769.750000	10771.000000	0	0	noise	cluster_noise	0.0000
7090	Spectrogram 1	1	10770.750000	10771.250000	0	0	15	cluster_15	0.8348
7091	Spectrogram 1	1	10771.000000	10772.000000	0	0	noise	cluster_noise	0.0000
7092	Spectrogram 1	1	10771.750000	10775.250000	0	0	7	cluster_7	0.9897
7093	Spectrogram 1	1	10775.000000	10775.500000	0	0	noise	cluster_noise	0.0000
7094	Spectrogram 1	1	10775.250000	10779.500000	0	0	7	cluster_7	0.9807
7095	Spectrogram 1	1	10779.250000	10779.750000	0	0	noise	cluster_noise	0.0000
7096	Spectrogram 1	1	10779.500000	10782.500000	0	0	0	cluster_0	0.5796
7097	Spectrogram 1	1	10782.250000	10782.750000	0	0	12	cluster_12	0.8016
7098	Spectrogram 1	1	10782.500000	10784.500000	0	0	7	cluster_7	1.0000
7099	Spectrogram 1	1	10784.250000	10785.000000	0	0	8	cluster_8	1.0000
7100	Spectrogram 1	1	10784.750000	10786.750000	0	0	7	cluster_7	1.0000
7101	Spectrogram 1	1	10786.500000	10787.250000	0	0	8	cluster_8	1.0000
7102	Spectrogram 1	1	10787.000000	10789.500000	0	0	7	cluster_7	1.0000
7103	Spectrogram 1	1	10790.000000	10791.000000	0	0	0	cluster_0	0.5235
7104	Spectrogram 1	1	10790.750000	10791.250000	0	0	12	cluster_12	0.8765
7105	Spectrogram 1	1	10791.000000	10791.500000	0	0	7	cluster_7	1.0000
7106	Spectrogram 1	1	10791.250000	10791.750000	0	0	noise	cluster_noise	0.0000
7107	Spectrogram 1	1	10791.500000	10793.750000	0	0	7	cluster_7	1.0000
7108	Spectrogram 1	1	10793.500000	10795.000000	0	0	0	cluster_0	0.9399
7109	Spectrogram 1	1	10794.750000	10795.250000	0	0	noise	cluster_noise	0.0000
7110	Spectrogram 1	1	10795.000000	10795.500000	0	0	12	cluster_12	0.8085
7111	Spectrogram 1	1	10795.250000	10796.750000	0	0	7	cluster_7	0.9736
7112	Spectrogram 1	1	10796.500000	10797.000000	0	0	noise	cluster_noise	0.0000
7113	Spectrogram 1	1	10796.750000	10797.500000	0	0	8	cluster_8	1.0000
7114	Spectrogram 1	1	10797.250000	10799.000000	0	0	7	cluster_7	0.9548
7115	Spectrogram 1	1	10798.750000	10799.500000	0	0	8	cluster_8	1.0000
7116	Spectrogram 1	1	10799.250000	10799.750000	0	0	7	cluster_7	1.0000
7117	Spectrogram 1	1	10799.500000	10800.250000	0	0	noise	cluster_noise	0.0000
7118	Spectrogram 1	1	10800.000000	10801.000000	0	0	7	cluster_7	1.0000
7119	Spectrogram 1	1	10800.750000	10801.500000	0	0	8	cluster_8	1.0000
7120	Spectrogram 1	1	10801.250000	10802.000000	0	0	7	cluster_7	1.0000
7121	Spectrogram 1	1	10801.750000	10802.250000	0	0	3	cluster_3	1.0000
7122	Spectrogram 1	1	10802.000000	10803.250000	0	0	7	cluster_7	1.0000
7123	Spectrogram 1	1	10803.000000	10803.750000	0	0	8	cluster_8	1.0000
7124	Spectrogram 1	1	10803.500000	10805.500000	0	0	7	cluster_7	1.0000
7125	Spectrogram 1	1	10805.250000	10805.750000	0	0	0	cluster_0	0.6332
7126	Spectrogram 1	1	10805.500000	10806.000000	0	0	7	cluster_7	0.8271
7127	Spectrogram 1	1	10805.750000	10806.750000	0	0	0	cluster_0	0.9128
7128	Spectrogram 1	1	10806.500000	10807.000000	0	0	6	cluster_6	0.9729
7129	Spectrogram 1	1	10806.750000	10809.250000	0	0	7	cluster_7	1.0000
7130	Spectrogram 1	1	10809.000000	10810.500000	0	0	0	cluster_0	0.7990
7131	Spectrogram 1	1	10810.250000	10810.750000	0	0	noise	cluster_noise	0.0000
7132	Spectrogram 1	1	10810.500000	10811.750000	0	0	7	cluster_7	0.9502
7133	Spectrogram 1	1	10811.500000	10812.000000	0	0	6	cluster_6	0.9272
7134	Spectrogram 1	1	10811.750000	10812.250000	0	0	noise	cluster_noise	0.0000
7135	Spectrogram 1	1	10812.000000	10814.000000	0	0	7	cluster_7	1.0000
7136	Spectrogram 1	1	10813.750000	10814.250000	0	0	noise	cluster_noise	0.0000
7137	Spectrogram 1	1	10814.000000	10815.750000	0	0	7	cluster_7	1.0000
7138	Spectrogram 1	1	10815.500000	10816.000000	0	0	noise	cluster_noise	0.0000
7139	Spectrogram 1	1	10815.750000	10818.000000	0	0	7	cluster_7	0.9978
7140	Spectrogram 1	1	10817.750000	10818.750000	0	0	noise	cluster_noise	0.0000
7141	Spectrogram 1	1	10818.500000	10821.000000	0	0	7	cluster_7	0.9717
7142	Spectrogram 1	1	10820.750000	10821.250000	0	0	noise	cluster_noise	0.0000
7143	Spectrogram 1	1	10821.000000	10829.000000	0	0	7	cluster_7	0.9859
7144	Spectrogram 1	1	10828.750000	10829.250000	0	0	6	cluster_6	1.0000
7145	Spectrogram 1	1	10829.000000	10829.750000	0	0	noise	cluster_noise	0.0000
7146	Spectrogram 1	1	10829.500000	10830.250000	0	0	7	cluster_7	0.9694
7147	Spectrogram 1	1	10830.000000	10830.500000	0	0	noise	cluster_noise	0.0000
7148	Spectrogram 1	1	10830.250000	10831.250000	0	0	7	cluster_7	1.0000
7149	Spectrogram 1	1	10831.000000	10831.750000	0	0	noise	cluster_noise	0.0000
7150	Spectrogram 1	1	10831.500000	10833.000000	0	0	7	cluster_7	0.9981
7151	Spectrogram 1	1	10832.750000	10834.000000	0	0	noise	cluster_noise	0.0000
7152	Spectrogram 1	1	10833.750000	10842.000000	0	0	7	cluster_7	0.9280
7153	Spectrogram 1	1	10841.750000	10842.250000	0	0	noise	cluster_noise	0.0000
7154	Spectrogram 1	1	10842.000000	10843.250000	0	0	7	cluster_7	0.9570
7155	Spectrogram 1	1	10843.000000	10843.750000	0	0	noise	cluster_noise	0.0000
7156	Spectrogram 1	1	10843.500000	10845.750000	0	0	7	cluster_7	1.0000
7157	Spectrogram 1	1	10845.500000	10846.250000	0	0	noise	cluster_noise	0.0000
7158	Spectrogram 1	1	10846.000000	10846.500000	0	0	7	cluster_7	1.0000
7159	Spectrogram 1	1	10852.000000	10852.750000	0	0	noise	cluster_noise	0.0000
7160	Spectrogram 1	1	10852.500000	10854.750000	0	0	7	cluster_7	1.0000
7161	Spectrogram 1	1	10854.500000	10855.250000	0	0	noise	cluster_noise	0.0000
7162	Spectrogram 1	1	10855.000000	10855.500000	0	0	7	cluster_7	1.0000
7163	Spectrogram 1	1	10855.250000	10856.000000	0	0	6	cluster_6	0.9729
7164	Spectrogram 1	1	10855.750000	10856.500000	0	0	7	cluster_7	1.0000
7165	Spectrogram 1	1	10856.250000	10857.000000	0	0	6	cluster_6	0.9626
7166	Spectrogram 1	1	10856.750000	10918.000000	0	0	7	cluster_7	0.9994
7167	Spectrogram 1	1	10917.750000	10918.250000	0	0	noise	cluster_noise	0.0000
7168	Spectrogram 1	1	10918.000000	10921.000000	0	0	7	cluster_7	0.9957
7169	Spectrogram 1	1	10920.750000	10921.250000	0	0	noise	cluster_noise	0.0000
7170	Spectrogram 1	1	10921.000000	10922.000000	0	0	7	cluster_7	1.0000
7171	Spectrogram 1	1	10921.750000	10922.250000	0	0	noise	cluster_noise	0.0000
7172	Spectrogram 1	1	10922.000000	10935.750000	0	0	7	cluster_7	0.9983
7173	Spectrogram 1	1	10935.500000	10936.000000	0	0	noise	cluster_noise	0.0000
7174	Spectrogram 1	1	10935.750000	10943.750000	0	0	7	cluster_7	0.9863
7175	Spectrogram 1	1	10943.500000	10944.000000	0	0	noise	cluster_noise	0.0000
7176	Spectrogram 1	1	10943.750000	10944.250000	0	0	7	cluster_7	0.8576
7177	Spectrogram 1	1	10944.000000	10944.500000	0	0	8	cluster_8	1.0000
7178	Spectrogram 1	1	10944.250000	10944.750000	0	0	7	cluster_7	1.0000
7179	Spectrogram 1	1	10944.500000	10945.000000	0	0	8	cluster_8	1.0000
7180	Spectrogram 1	1	10944.750000	10956.000000	0	0	7	cluster_7	1.0000
7181	Spectrogram 1	1	10955.750000	10956.250000	0	0	noise	cluster_noise	0.0000
7182	Spectrogram 1	1	10956.000000	11044.750000	0	0	7	cluster_7	0.9971
7183	Spectrogram 1	1	11044.500000	11059.000000	0	0	noise	cluster_noise	0.0000
7184	Spectrogram 1	1	11058.750000	11074.750000	0	0	7	cluster_7	0.9890
7185	Spectrogram 1	1	11074.500000	11075.000000	0	0	noise	cluster_noise	0.0000
7186	Spectrogram 1	1	11074.750000	11075.500000	0	0	7	cluster_7	0.9585
7187	Spectrogram 1	1	11083.000000	11083.500000	0	0	12	cluster_12	0.8505
7188	Spectrogram 1	1	11083.250000	11083.750000	0	0	noise	cluster_noise	0.0000
7189	Spectrogram 1	1	11083.500000	11084.750000	0	0	7	cluster_7	0.9738
7190	Spectrogram 1	1	11084.500000	11085.500000	0	0	3	cluster_3	0.9758
7191	Spectrogram 1	1	11085.250000	11087.000000	0	0	7	cluster_7	1.0000
7192	Spectrogram 1	1	11086.750000	11087.500000	0	0	3	cluster_3	1.0000
7193	Spectrogram 1	1	11087.250000	11089.500000	0	0	7	cluster_7	1.0000
7194	Spectrogram 1	1	11089.250000	11090.500000	0	0	8	cluster_8	0.9595
7195	Spectrogram 1	1	11096.000000	11097.000000	0	0	3	cluster_3	1.0000
7196	Spectrogram 1	1	11096.750000	11097.750000	0	0	7	cluster_7	1.0000
7197	Spectrogram 1	1	11097.500000	11098.250000	0	0	3	cluster_3	0.9251
7198	Spectrogram 1	1	11098.000000	11101.750000	0	0	7	cluster_7	1.0000
7199	Spectrogram 1	1	11101.500000	11102.000000	0	0	3	cluster_3	0.7330
7200	Spectrogram 1	1	11101.750000	11102.750000	0	0	8	cluster_8	1.0000
7201	Spectrogram 1	1	11102.500000	11106.500000	0	0	noise	cluster_noise	0.0000
7202	Spectrogram 1	1	11106.250000	11106.750000	0	0	14	cluster_14	1.0000
7203	Spectrogram 1	1	11106.500000	11107.000000	0	0	noise	cluster_noise	0.0000
7204	Spectrogram 1	1	11106.750000	11107.500000	0	0	12	cluster_12	0.8353
7205	Spectrogram 1	1	11109.000000	11110.500000	0	0	7	cluster_7	1.0000
7206	Spectrogram 1	1	11110.250000	11111.000000	0	0	3	cluster_3	1.0000
7207	Spectrogram 1	1	11110.750000	11113.750000	0	0	7	cluster_7	0.9794
7208	Spectrogram 1	1	11113.500000	11114.750000	0	0	8	cluster_8	1.0000
7209	Spectrogram 1	1	11114.500000	11115.000000	0	0	noise	cluster_noise	0.0000
7210	Spectrogram 1	1	11114.750000	11118.000000	0	0	7	cluster_7	0.9976
7211	Spectrogram 1	1	11117.750000	11118.250000	0	0	noise	cluster_noise	0.0000
7212	Spectrogram 1	1	11118.000000	11118.500000	0	0	14	cluster_14	1.0000
7213	Spectrogram 1	1	11118.250000	11119.000000	0	0	noise	cluster_noise	0.0000
7214	Spectrogram 1	1	11118.750000	11119.250000	0	0	12	cluster_12	0.8907
7215	Spectrogram 1	1	11119.000000	11120.250000	0	0	7	cluster_7	1.0000
7216	Spectrogram 1	1	11120.000000	11120.500000	0	0	3	cluster_3	1.0000
7217	Spectrogram 1	1	11123.000000	11125.500000	0	0	7	cluster_7	1.0000
7218	Spectrogram 1	1	11125.250000	11126.250000	0	0	8	cluster_8	0.9634
7219	Spectrogram 1	1	11126.000000	11126.750000	0	0	noise	cluster_noise	0.0000
7220	Spectrogram 1	1	11126.500000	11129.750000	0	0	7	cluster_7	0.9784
7221	Spectrogram 1	1	11129.500000	11130.750000	0	0	noise	cluster_noise	0.0000
7222	Spectrogram 1	1	11130.500000	11131.000000	0	0	12	cluster_12	0.9603
7223	Spectrogram 1	1	11130.750000	11132.000000	0	0	7	cluster_7	1.0000
7224	Spectrogram 1	1	11131.750000	11133.000000	0	0	3	cluster_3	0.8510
7225	Spectrogram 1	1	11132.750000	11137.000000	0	0	7	cluster_7	0.9883
7226	Spectrogram 1	1	11136.750000	11137.750000	0	0	8	cluster_8	0.9779
7227	Spectrogram 1	1	11137.500000	11138.250000	0	0	noise	cluster_noise	0.0000
7228	Spectrogram 1	1	11138.000000	11141.250000	0	0	7	cluster_7	0.9924
7229	Spectrogram 1	1	11141.000000	11141.500000	0	0	noise	cluster_noise	0.0000
7230	Spectrogram 1	1	11141.250000	11141.750000	0	0	12	cluster_12	0.9046
7231	Spectrogram 1	1	11141.500000	11143.250000	0	0	7	cluster_7	1.0000
7232	Spectrogram 1	1	11143.000000	11143.500000	0	0	noise	cluster_noise	0.0000
7233	Spectrogram 1	1	11143.250000	11144.250000	0	0	3	cluster_3	1.0000
7234	Spectrogram 1	1	11144.000000	11145.250000	0	0	7	cluster_7	1.0000
7235	Spectrogram 1	1	11145.000000	11146.000000	0	0	3	cluster_3	0.9401
7236	Spectrogram 1	1	11145.750000	11146.500000	0	0	7	cluster_7	1.0000
7237	Spectrogram 1	1	11148.000000	11149.500000	0	0	8	cluster_8	0.9637
7238	Spectrogram 1	1	11149.250000	11149.750000	0	0	noise	cluster_noise	0.0000
7239	Spectrogram 1	1	11149.500000	11152.250000	0	0	7	cluster_7	1.0000
7240	Spectrogram 1	1	11152.000000	11152.500000	0	0	noise	cluster_noise	0.0000
7241	Spectrogram 1	1	11152.250000	11152.750000	0	0	12	cluster_12	0.7598
7242	Spectrogram 1	1	11152.500000	11153.000000	0	0	noise	cluster_noise	0.0000
7243	Spectrogram 1	1	11152.750000	11153.250000	0	0	14	cluster_14	1.0000
7244	Spectrogram 1	1	11153.000000	11153.500000	0	0	noise	cluster_noise	0.0000
7245	Spectrogram 1	1	11153.250000	11154.000000	0	0	7	cluster_7	1.0000
7246	Spectrogram 1	1	11153.750000	11154.250000	0	0	noise	cluster_noise	0.0000
7247	Spectrogram 1	1	11154.000000	11154.750000	0	0	7	cluster_7	1.0000
7248	Spectrogram 1	1	11154.500000	11155.000000	0	0	noise	cluster_noise	0.0000
7249	Spectrogram 1	1	11154.750000	11155.500000	0	0	3	cluster_3	0.9775
7250	Spectrogram 1	1	11155.250000	11156.250000	0	0	7	cluster_7	1.0000
7251	Spectrogram 1	1	11156.000000	11157.000000	0	0	3	cluster_3	0.9445
7252	Spectrogram 1	1	11156.750000	11158.000000	0	0	7	cluster_7	1.0000
7253	Spectrogram 1	1	11157.750000	11158.500000	0	0	3	cluster_3	0.9224
7254	Spectrogram 1	1	11160.000000	11160.500000	0	0	noise	cluster_noise	0.0000
7255	Spectrogram 1	1	11160.250000	11161.500000	0	0	8	cluster_8	1.0000
7256	Spectrogram 1	1	11161.250000	11162.000000	0	0	noise	cluster_noise	0.0000
7257	Spectrogram 1	1	11161.750000	11164.750000	0	0	7	cluster_7	0.9863
7258	Spectrogram 1	1	11164.500000	11166.250000	0	0	noise	cluster_noise	0.0000
7259	Spectrogram 1	1	11166.000000	11166.750000	0	0	7	cluster_7	1.0000
7260	Spectrogram 1	1	11166.500000	11167.500000	0	0	3	cluster_3	1.0000
7261	Spectrogram 1	1	11167.250000	11169.000000	0	0	7	cluster_7	1.0000
7262	Spectrogram 1	1	11168.750000	11169.500000	0	0	3	cluster_3	1.0000
7263	Spectrogram 1	1	11169.250000	11170.500000	0	0	7	cluster_7	1.0000
7264	Spectrogram 1	1	11180.000000	11180.750000	0	0	3	cluster_3	1.0000
7265	Spectrogram 1	1	11180.500000	11182.500000	0	0	7	cluster_7	1.0000
7266	Spectrogram 1	1	11191.000000	11191.500000	0	0	noise	cluster_noise	0.0000
7267	Spectrogram 1	1	11191.250000	11192.000000	0	0	12	cluster_12	0.9258
7268	Spectrogram 1	1	11191.750000	11192.250000	0	0	7	cluster_7	1.0000
7269	Spectrogram 1	1	11192.000000	11192.750000	0	0	noise	cluster_noise	0.0000
7270	Spectrogram 1	1	11192.500000	11193.000000	0	0	18	cluster_18	0.7610
7271	Spectrogram 1	1	11192.750000	11194.000000	0	0	noise	cluster_noise	0.0000
7272	Spectrogram 1	1	11193.750000	11195.000000	0	0	7	cluster_7	1.0000
7273	Spectrogram 1	1	11194.750000	11195.500000	0	0	noise	cluster_noise	0.0000
7274	Spectrogram 1	1	11202.000000	11202.500000	0	0	12	cluster_12	0.9603
7275	Spectrogram 1	1	11202.250000	11202.750000	0	0	noise	cluster_noise	0.0000
7276	Spectrogram 1	1	11202.500000	11203.000000	0	0	7	cluster_7	1.0000
7277	Spectrogram 1	1	11202.750000	11204.000000	0	0	noise	cluster_noise	0.0000
7278	Spectrogram 1	1	11203.750000	11207.500000	0	0	7	cluster_7	0.9921
7279	Spectrogram 1	1	11207.250000	11208.500000	0	0	noise	cluster_noise	0.0000
7280	Spectrogram 1	1	11211.000000	11214.500000	0	0	7	cluster_7	1.0000
7281	Spectrogram 1	1	11215.000000	11215.500000	0	0	3	cluster_3	1.0000
7282	Spectrogram 1	1	11215.250000	11216.250000	0	0	7	cluster_7	0.9347
7283	Spectrogram 1	1	11216.000000	11217.000000	0	0	noise	cluster_noise	0.0000
7284	Spectrogram 1	1	11216.750000	11217.500000	0	0	3	cluster_3	0.9732
7285	Spectrogram 1	1	11217.250000	11227.500000	0	0	7	cluster_7	0.9920
7286	Spectrogram 1	1	11227.250000	11228.000000	0	0	noise	cluster_noise	0.0000
7287	Spectrogram 1	1	11227.750000	11230.500000	0	0	7	cluster_7	0.9836
7288	Spectrogram 1	1	11230.250000	11232.250000	0	0	noise	cluster_noise	0.0000
7289	Spectrogram 1	1	11232.000000	11232.500000	0	0	12	cluster_12	0.9603
7290	Spectrogram 1	1	11236.000000	11241.500000	0	0	7	cluster_7	0.9985
7291	Spectrogram 1	1	11241.250000	11243.500000	0	0	noise	cluster_noise	0.0000
7292	Spectrogram 1	1	11253.000000	11259.750000	0	0	7	cluster_7	1.0000
7293	Spectrogram 1	1	11259.500000	11260.750000	0	0	noise	cluster_noise	0.0000
7294	Spectrogram 1	1	11260.500000	11262.000000	0	0	7	cluster_7	1.0000
7295	Spectrogram 1	1	11261.750000	11262.500000	0	0	noise	cluster_noise	0.0000
7296	Spectrogram 1	1	11262.250000	11262.750000	0	0	6	cluster_6	1.0000
7297	Spectrogram 1	1	11262.500000	11263.500000	0	0	7	cluster_7	0.9927
7298	Spectrogram 1	1	11263.250000	11264.250000	0	0	noise	cluster_noise	0.0000
7299	Spectrogram 1	1	11264.000000	11265.000000	0	0	7	cluster_7	0.9801
7300	Spectrogram 1	1	11264.750000	11265.500000	0	0	noise	cluster_noise	0.0000
7301	Spectrogram 1	1	11265.250000	11265.750000	0	0	6	cluster_6	0.9293
7302	Spectrogram 1	1	11265.500000	11273.000000	0	0	7	cluster_7	0.9847
7303	Spectrogram 1	1	11272.750000	11273.250000	0	0	noise	cluster_noise	0.0000
7304	Spectrogram 1	1	11273.000000	11273.500000	0	0	0	cluster_0	0.3997
7305	Spectrogram 1	1	11274.000000	11275.250000	0	0	7	cluster_7	1.0000
7306	Spectrogram 1	1	11275.000000	11276.000000	0	0	noise	cluster_noise	0.0000
7307	Spectrogram 1	1	11275.750000	11277.250000	0	0	7	cluster_7	1.0000
7308	Spectrogram 1	1	11277.000000	11277.500000	0	0	8	cluster_8	0.8336
7309	Spectrogram 1	1	11277.250000	11277.750000	0	0	noise	cluster_noise	0.0000
7310	Spectrogram 1	1	11277.500000	11278.000000	0	0	7	cluster_7	1.0000
7311	Spectrogram 1	1	11277.750000	11284.000000	0	0	noise	cluster_noise	0.0000
7312	Spectrogram 1	1	11283.750000	11286.750000	0	0	7	cluster_7	0.9988
7313	Spectrogram 1	1	11286.500000	11287.000000	0	0	noise	cluster_noise	0.0000
7314	Spectrogram 1	1	11286.750000	11287.500000	0	0	0	cluster_0	0.3851
7315	Spectrogram 1	1	11287.250000	11287.750000	0	0	noise	cluster_noise	0.0000
7316	Spectrogram 1	1	11287.500000	11288.750000	0	0	7	cluster_7	1.0000
7317	Spectrogram 1	1	11288.500000	11289.000000	0	0	0	cluster_0	0.3901
7318	Spectrogram 1	1	11288.750000	11289.500000	0	0	noise	cluster_noise	0.0000
7319	Spectrogram 1	1	11289.250000	11290.250000	0	0	7	cluster_7	1.0000
7320	Spectrogram 1	1	11290.000000	11290.500000	0	0	noise	cluster_noise	0.0000
7321	Spectrogram 1	1	11295.000000	11295.750000	0	0	7	cluster_7	0.9154
7322	Spectrogram 1	1	11295.500000	11296.750000	0	0	noise	cluster_noise	0.0000
7323	Spectrogram 1	1	11296.500000	11297.000000	0	0	22	cluster_22	0.9753
7324	Spectrogram 1	1	11296.750000	11297.500000	0	0	noise	cluster_noise	0.0000
7325	Spectrogram 1	1	11297.250000	11298.250000	0	0	12	cluster_12	0.8426
7326	Spectrogram 1	1	11298.000000	11300.750000	0	0	7	cluster_7	0.9919
7327	Spectrogram 1	1	11300.500000	11301.250000	0	0	0	cluster_0	0.3926
7328	Spectrogram 1	1	11301.000000	11301.500000	0	0	noise	cluster_noise	0.0000
7329	Spectrogram 1	1	11301.250000	11302.750000	0	0	7	cluster_7	0.9859
7330	Spectrogram 1	1	11302.500000	11303.000000	0	0	8	cluster_8	0.9402
7331	Spectrogram 1	1	11302.750000	11303.500000	0	0	noise	cluster_noise	0.0000
7332	Spectrogram 1	1	11303.250000	11305.750000	0	0	7	cluster_7	0.9964
7333	Spectrogram 1	1	11305.500000	11306.000000	0	0	noise	cluster_noise	0.0000
7334	Spectrogram 1	1	11305.750000	11306.500000	0	0	8	cluster_8	0.8464
7335	Spectrogram 1	1	11306.250000	11308.750000	0	0	7	cluster_7	0.9909
7336	Spectrogram 1	1	11308.500000	11310.000000	0	0	noise	cluster_noise	0.0000
7337	Spectrogram 1	1	11309.750000	11310.250000	0	0	22	cluster_22	0.9751
7338	Spectrogram 1	1	11310.000000	11310.750000	0	0	noise	cluster_noise	0.0000
7339	Spectrogram 1	1	11310.500000	11311.000000	0	0	12	cluster_12	0.7457
7340	Spectrogram 1	1	11310.750000	11311.250000	0	0	noise	cluster_noise	0.0000
7341	Spectrogram 1	1	11311.000000	11311.500000	0	0	12	cluster_12	0.8301
7342	Spectrogram 1	1	11311.250000	11314.250000	0	0	7	cluster_7	1.0000
7343	Spectrogram 1	1	11314.000000	11315.000000	0	0	0	cluster_0	0.5939
7344	Spectrogram 1	1	11314.750000	11315.250000	0	0	6	cluster_6	0.9265
7345	Spectrogram 1	1	11315.000000	11318.000000	0	0	7	cluster_7	0.9999
7346	Spectrogram 1	1	11317.750000	11318.750000	0	0	0	cluster_0	0.8973
7347	Spectrogram 1	1	11318.500000	11319.000000	0	0	noise	cluster_noise	0.0000
7348	Spectrogram 1	1	11318.750000	11320.750000	0	0	7	cluster_7	1.0000
7349	Spectrogram 1	1	11320.500000	11321.000000	0	0	noise	cluster_noise	0.0000
7350	Spectrogram 1	1	11320.750000	11321.500000	0	0	8	cluster_8	1.0000
7351	Spectrogram 1	1	11321.250000	11331.500000	0	0	7	cluster_7	0.9950
7352	Spectrogram 1	1	11331.250000	11331.750000	0	0	noise	cluster_noise	0.0000
7353	Spectrogram 1	1	11331.500000	11333.000000	0	0	0	cluster_0	0.9736
7354	Spectrogram 1	1	11332.750000	11333.250000	0	0	6	cluster_6	0.9247
7355	Spectrogram 1	1	11333.000000	11342.000000	0	0	7	cluster_7	0.9952
7356	Spectrogram 1	1	11341.750000	11343.000000	0	0	0	cluster_0	0.8870
7357	Spectrogram 1	1	11342.750000	11343.250000	0	0	noise	cluster_noise	0.0000
7358	Spectrogram 1	1	11343.000000	11343.500000	0	0	7	cluster_7	0.8843
7359	Spectrogram 1	1	11343.250000	11343.750000	0	0	noise	cluster_noise	0.0000
7360	Spectrogram 1	1	11343.500000	11345.500000	0	0	7	cluster_7	1.0000
7361	Spectrogram 1	1	11345.250000	11346.500000	0	0	0	cluster_0	0.9800
7362	Spectrogram 1	1	11352.000000	11352.750000	0	0	8	cluster_8	1.0000
7363	Spectrogram 1	1	11352.500000	11353.250000	0	0	7	cluster_7	0.9750
7364	Spectrogram 1	1	11353.000000	11353.750000	0	0	8	cluster_8	1.0000
7365	Spectrogram 1	1	11353.500000	11354.500000	0	0	7	cluster_7	0.9595
7366	Spectrogram 1	1	11354.250000	11355.250000	0	0	8	cluster_8	1.0000
7367	Spectrogram 1	1	11355.000000	11355.500000	0	0	noise	cluster_noise	0.0000
7368	Spectrogram 1	1	11355.250000	11356.000000	0	0	8	cluster_8	1.0000
7369	Spectrogram 1	1	11355.750000	11356.250000	0	0	7	cluster_7	0.9520
7370	Spectrogram 1	1	11356.000000	11356.750000	0	0	noise	cluster_noise	0.0000
7371	Spectrogram 1	1	11356.500000	11358.500000	0	0	7	cluster_7	0.9560
7372	Spectrogram 1	1	11359.000000	11359.750000	0	0	0	cluster_0	0.7067
7373	Spectrogram 1	1	11359.500000	11365.000000	0	0	7	cluster_7	0.9960
7374	Spectrogram 1	1	11364.750000	11365.750000	0	0	8	cluster_8	1.0000
7375	Spectrogram 1	1	11365.500000	11366.000000	0	0	noise	cluster_noise	0.0000
7376	Spectrogram 1	1	11365.750000	11367.000000	0	0	7	cluster_7	0.9744
7377	Spectrogram 1	1	11366.750000	11367.250000	0	0	noise	cluster_noise	0.0000
7378	Spectrogram 1	1	11367.000000	11367.500000	0	0	8	cluster_8	1.0000
7379	Spectrogram 1	1	11367.250000	11369.250000	0	0	7	cluster_7	0.9509
7380	Spectrogram 1	1	11369.000000	11369.500000	0	0	noise	cluster_noise	0.0000
7381	Spectrogram 1	1	11369.250000	11369.750000	0	0	8	cluster_8	1.0000
7382	Spectrogram 1	1	11369.500000	11370.000000	0	0	3	cluster_3	0.7782
7383	Spectrogram 1	1	11369.750000	11370.500000	0	0	7	cluster_7	0.9559
7384	Spectrogram 1	1	11370.250000	11370.750000	0	0	3	cluster_3	1.0000
7385	Spectrogram 1	1	11370.500000	11371.000000	0	0	7	cluster_7	1.0000
7386	Spectrogram 1	1	11370.750000	11371.500000	0	0	3	cluster_3	0.7853
7387	Spectrogram 1	1	11372.000000	11373.000000	0	0	7	cluster_7	0.9611
7388	Spectrogram 1	1	11372.750000	11373.250000	0	0	noise	cluster_noise	0.0000
7389	Spectrogram 1	1	11373.000000	11373.500000	0	0	3	cluster_3	0.8236
7390	Spectrogram 1	1	11373.250000	11373.750000	0	0	7	cluster_7	1.0000
7391	Spectrogram 1	1	11373.500000	11374.250000	0	0	noise	cluster_noise	0.0000
7392	Spectrogram 1	1	11374.000000	11374.500000	0	0	7	cluster_7	1.0000
7393	Spectrogram 1	1	11374.250000	11375.000000	0	0	3	cluster_3	1.0000
7394	Spectrogram 1	1	11374.750000	11377.000000	0	0	7	cluster_7	0.9635
7395	Spectrogram 1	1	11376.750000	11377.500000	0	0	0	cluster_0	0.9859
7396	Spectrogram 1	1	11378.000000	11380.750000	0	0	7	cluster_7	0.9933
7397	Spectrogram 1	1	11380.500000	11381.000000	0	0	noise	cluster_noise	0.0000
7398	Spectrogram 1	1	11380.750000	11382.000000	0	0	0	cluster_0	1.0000
7399	Spectrogram 1	1	11381.750000	11383.500000	0	0	7	cluster_7	1.0000
7400	Spectrogram 1	1	11383.250000	11384.000000	0	0	8	cluster_8	1.0000
7401	Spectrogram 1	1	11383.750000	11384.250000	0	0	3	cluster_3	1.0000
7402	Spectrogram 1	1	11384.000000	11385.500000	0	0	7	cluster_7	1.0000
7403	Spectrogram 1	1	11385.250000	11386.000000	0	0	8	cluster_8	1.0000
7404	Spectrogram 1	1	11385.750000	11386.250000	0	0	3	cluster_3	1.0000
7405	Spectrogram 1	1	11386.000000	11386.750000	0	0	noise	cluster_noise	0.0000
7406	Spectrogram 1	1	11386.500000	11387.750000	0	0	7	cluster_7	1.0000
7407	Spectrogram 1	1	11387.500000	11388.250000	0	0	8	cluster_8	1.0000
7408	Spectrogram 1	1	11388.000000	11388.500000	0	0	3	cluster_3	1.0000
7409	Spectrogram 1	1	11388.250000	11388.750000	0	0	7	cluster_7	1.0000
7410	Spectrogram 1	1	11388.500000	11389.000000	0	0	12	cluster_12	0.7781
7411	Spectrogram 1	1	11388.750000	11389.250000	0	0	3	cluster_3	1.0000
7412	Spectrogram 1	1	11389.000000	11389.500000	0	0	7	cluster_7	1.0000
7413	Spectrogram 1	1	11389.250000	11390.000000	0	0	noise	cluster_noise	0.0000
7414	Spectrogram 1	1	11389.750000	11390.750000	0	0	7	cluster_7	1.0000
7415	Spectrogram 1	1	11390.500000	11391.250000	0	0	8	cluster_8	1.0000
7416	Spectrogram 1	1	11391.000000	11391.500000	0	0	7	cluster_7	1.0000
7417	Spectrogram 1	1	11392.000000	11392.750000	0	0	3	cluster_3	0.9882
7418	Spectrogram 1	1	11392.500000	11393.000000	0	0	7	cluster_7	1.0000
7419	Spectrogram 1	1	11392.750000	11393.500000	0	0	3	cluster_3	1.0000
7420	Spectrogram 1	1	11393.250000	11394.750000	0	0	7	cluster_7	1.0000
7421	Spectrogram 1	1	11394.500000	11395.000000	0	0	noise	cluster_noise	0.0000
7422	Spectrogram 1	1	11394.750000	11395.250000	0	0	8	cluster_8	1.0000
7423	Spectrogram 1	1	11395.000000	11395.750000	0	0	3	cluster_3	0.9966
7424	Spectrogram 1	1	11395.500000	11397.500000	0	0	7	cluster_7	1.0000
7425	Spectrogram 1	1	11397.250000	11397.750000	0	0	noise	cluster_noise	0.0000
7426	Spectrogram 1	1	11397.500000	11398.500000	0	0	3	cluster_3	0.9683
7427	Spectrogram 1	1	11398.250000	11400.250000	0	0	7	cluster_7	1.0000
7428	Spectrogram 1	1	11400.000000	11400.500000	0	0	noise	cluster_noise	0.0000
7429	Spectrogram 1	1	11400.250000	11400.750000	0	0	8	cluster_8	1.0000
7430	Spectrogram 1	1	11400.500000	11401.000000	0	0	3	cluster_3	1.0000
7431	Spectrogram 1	1	11400.750000	11402.250000	0	0	7	cluster_7	0.9776
7432	Spectrogram 1	1	11402.000000	11403.000000	0	0	4	cluster_4	1.0000
7433	Spectrogram 1	1	11402.750000	11404.500000	0	0	7	cluster_7	0.9741
7434	Spectrogram 1	1	11405.000000	11406.000000	0	0	4	cluster_4	0.9673
7435	Spectrogram 1	1	11405.750000	11407.000000	0	0	7	cluster_7	1.0000
7436	Spectrogram 1	1	11406.750000	11411.000000	0	0	4	cluster_4	0.9216
7437	Spectrogram 1	1	11410.750000	11412.250000	0	0	7	cluster_7	0.9785
7438	Spectrogram 1	1	11412.000000	11412.500000	0	0	3	cluster_3	1.0000
7439	Spectrogram 1	1	11414.000000	11415.000000	0	0	7	cluster_7	1.0000
7440	Spectrogram 1	1	11414.750000	11415.750000	0	0	3	cluster_3	1.0000
7441	Spectrogram 1	1	11415.500000	11417.500000	0	0	7	cluster_7	1.0000
7442	Spectrogram 1	1	11417.250000	11418.250000	0	0	3	cluster_3	1.0000
7443	Spectrogram 1	1	11418.000000	11418.500000	0	0	7	cluster_7	1.0000
7444	Spectrogram 1	1	11420.000000	11420.500000	0	0	3	cluster_3	0.9905
7445	Spectrogram 1	1	11420.250000	11421.750000	0	0	7	cluster_7	0.9901
7446	Spectrogram 1	1	11421.500000	11422.750000	0	0	4	cluster_4	1.0000
7447	Spectrogram 1	1	11422.500000	11423.000000	0	0	noise	cluster_noise	0.0000
7448	Spectrogram 1	1	11422.750000	11423.750000	0	0	7	cluster_7	0.9966
7449	Spectrogram 1	1	11423.500000	11424.750000	0	0	4	cluster_4	0.8515
7450	Spectrogram 1	1	11424.500000	11425.250000	0	0	noise	cluster_noise	0.0000
7451	Spectrogram 1	1	11425.000000	11425.750000	0	0	4	cluster_4	0.8750
7452	Spectrogram 1	1	11425.500000	11427.000000	0	0	7	cluster_7	1.0000
7453	Spectrogram 1	1	11426.750000	11430.500000	0	0	4	cluster_4	0.9013
7454	Spectrogram 1	1	11432.000000	11432.500000	0	0	7	cluster_7	1.0000
7455	Spectrogram 1	1	11432.250000	11433.250000	0	0	3	cluster_3	1.0000
7456	Spectrogram 1	1	11433.000000	11433.500000	0	0	noise	cluster_noise	0.0000
7457	Spectrogram 1	1	11433.250000	11435.000000	0	0	7	cluster_7	1.0000
7458	Spectrogram 1	1	11434.750000	11435.750000	0	0	3	cluster_3	0.9327
7459	Spectrogram 1	1	11435.500000	11436.000000	0	0	noise	cluster_noise	0.0000
7460	Spectrogram 1	1	11435.750000	11436.500000	0	0	3	cluster_3	0.9748
7461	Spectrogram 1	1	11436.250000	11437.500000	0	0	7	cluster_7	1.0000
7462	Spectrogram 1	1	11437.250000	11438.250000	0	0	3	cluster_3	0.9912
7463	Spectrogram 1	1	11438.000000	11439.750000	0	0	7	cluster_7	1.0000
7464	Spectrogram 1	1	11439.500000	11440.500000	0	0	3	cluster_3	1.0000
7465	Spectrogram 1	1	11441.000000	11441.750000	0	0	7	cluster_7	0.9342
7466	Spectrogram 1	1	11441.500000	11442.250000	0	0	4	cluster_4	0.8471
7467	Spectrogram 1	1	11442.000000	11443.500000	0	0	7	cluster_7	0.9298
7468	Spectrogram 1	1	11443.250000	11447.250000	0	0	4	cluster_4	0.8554
7469	Spectrogram 1	1	11447.000000	11447.750000	0	0	7	cluster_7	1.0000
7470	Spectrogram 1	1	11447.500000	11449.000000	0	0	4	cluster_4	0.9417
7471	Spectrogram 1	1	11448.750000	11449.250000	0	0	7	cluster_7	0.8227
7472	Spectrogram 1	1	11449.000000	11449.500000	0	0	noise	cluster_noise	0.0000
7473	Spectrogram 1	1	11449.250000	11450.250000	0	0	7	cluster_7	1.0000
7474	Spectrogram 1	1	11450.000000	11451.000000	0	0	3	cluster_3	1.0000
7475	Spectrogram 1	1	11450.750000	11452.750000	0	0	7	cluster_7	0.9878
7476	Spectrogram 1	1	11452.500000	11453.000000	0	0	noise	cluster_noise	0.0000
7477	Spectrogram 1	1	11452.750000	11453.750000	0	0	3	cluster_3	0.9672
7478	Spectrogram 1	1	11453.500000	11454.000000	0	0	noise	cluster_noise	0.0000
7479	Spectrogram 1	1	11453.750000	11454.500000	0	0	7	cluster_7	1.0000
7480	Spectrogram 1	1	11459.000000	11459.500000	0	0	3	cluster_3	1.0000
7481	Spectrogram 1	1	11459.250000	11459.750000	0	0	1	cluster_1	0.5537
7482	Spectrogram 1	1	11459.500000	11461.500000	0	0	7	cluster_7	0.9791
7483	Spectrogram 1	1	11461.250000	11462.500000	0	0	3	cluster_3	0.8725
7484	Spectrogram 1	1	11462.250000	11462.750000	0	0	noise	cluster_noise	0.0000
7485	Spectrogram 1	1	11462.500000	11464.000000	0	0	7	cluster_7	0.9901
7486	Spectrogram 1	1	11463.750000	11465.000000	0	0	3	cluster_3	0.9895
7487	Spectrogram 1	1	11464.750000	11465.250000	0	0	1	cluster_1	0.6793
7488	Spectrogram 1	1	11465.000000	11466.500000	0	0	7	cluster_7	1.0000
7489	Spectrogram 1	1	11466.250000	11467.500000	0	0	3	cluster_3	1.0000
7490	Spectrogram 1	1	11468.000000	11468.750000	0	0	7	cluster_7	0.9839
7491	Spectrogram 1	1	11468.500000	11469.250000	0	0	noise	cluster_noise	0.0000
7492	Spectrogram 1	1	11469.000000	11469.500000	0	0	3	cluster_3	1.0000
7493	Spectrogram 1	1	11472.000000	11479.250000	0	0	7	cluster_7	0.9973
7494	Spectrogram 1	1	11479.000000	11479.750000	0	0	noise	cluster_noise	0.0000
7495	Spectrogram 1	1	11479.500000	11480.250000	0	0	3	cluster_3	0.8932
7496	Spectrogram 1	1	11480.000000	11491.250000	0	0	7	cluster_7	0.9976
7497	Spectrogram 1	1	11491.000000	11491.750000	0	0	1	cluster_1	0.9490
7498	Spectrogram 1	1	11491.500000	11515.250000	0	0	7	cluster_7	0.9951
7499	Spectrogram 1	1	11515.000000	11516.500000	0	0	1	cluster_1	0.9522
7500	Spectrogram 1	1	11526.000000	11576.500000	0	0	7	cluster_7	0.9820
7501	Spectrogram 1	1	11580.000000	11581.500000	0	0	noise	cluster_noise	0.0000
7502	Spectrogram 1	1	11605.000000	11607.500000	0	0	7	cluster_7	1.0000
7503	Spectrogram 1	1	11628.000000	11628.750000	0	0	noise	cluster_noise	0.0000
7504	Spectrogram 1	1	11628.500000	11630.250000	0	0	7	cluster_7	1.0000
7505	Spectrogram 1	1	11630.000000	11630.750000	0	0	noise	cluster_noise	0.0000
7506	Spectrogram 1	1	11630.500000	11631.500000	0	0	0	cluster_0	0.4040
7507	Spectrogram 1	1	11631.250000	11631.750000	0	0	noise	cluster_noise	0.0000
7508	Spectrogram 1	1	11631.500000	11632.000000	0	0	12	cluster_12	0.7883
7509	Spectrogram 1	1	11631.750000	11633.000000	0	0	7	cluster_7	0.9593
7510	Spectrogram 1	1	11632.750000	11633.750000	0	0	3	cluster_3	0.9435
7511	Spectrogram 1	1	11633.500000	11642.500000	0	0	7	cluster_7	1.0000
7512	Spectrogram 1	1	11642.250000	11643.750000	0	0	noise	cluster_noise	0.0000
7513	Spectrogram 1	1	11643.500000	11644.000000	0	0	12	cluster_12	0.8839
7514	Spectrogram 1	1	11643.750000	11644.250000	0	0	noise	cluster_noise	0.0000
7515	Spectrogram 1	1	11644.000000	11649.250000	0	0	7	cluster_7	0.9928
7516	Spectrogram 1	1	11649.000000	11649.500000	0	0	noise	cluster_noise	0.0000
7517	Spectrogram 1	1	11650.000000	11651.500000	0	0	7	cluster_7	0.9712
7518	Spectrogram 1	1	11655.000000	11655.500000	0	0	noise	cluster_noise	0.0000
7519	Spectrogram 1	1	11655.250000	11660.750000	0	0	7	cluster_7	0.9911
7520	Spectrogram 1	1	11660.500000	11661.000000	0	0	noise	cluster_noise	0.0000
7521	Spectrogram 1	1	11660.750000	11677.250000	0	0	7	cluster_7	0.9994
7522	Spectrogram 1	1	11677.000000	11677.500000	0	0	noise	cluster_noise	0.0000
7523	Spectrogram 1	1	11681.000000	11685.750000	0	0	7	cluster_7	1.0000
7524	Spectrogram 1	1	11685.500000	11686.000000	0	0	12	cluster_12	0.7619
7525	Spectrogram 1	1	11685.750000	11687.000000	0	0	noise	cluster_noise	0.0000
7526	Spectrogram 1	1	11686.750000	11687.500000	0	0	0	cluster_0	0.3896
7527	Spectrogram 1	1	11687.250000	11688.000000	0	0	noise	cluster_noise	0.0000
7528	Spectrogram 1	1	11687.750000	11688.250000	0	0	8	cluster_8	1.0000
7529	Spectrogram 1	1	11688.000000	11689.750000	0	0	7	cluster_7	1.0000
7530	Spectrogram 1	1	11689.500000	11690.250000	0	0	noise	cluster_noise	0.0000
7531	Spectrogram 1	1	11690.000000	11690.500000	0	0	18	cluster_18	0.7680
7532	Spectrogram 1	1	11695.000000	11695.500000	0	0	7	cluster_7	1.0000
7533	Spectrogram 1	1	11695.250000	11695.750000	0	0	noise	cluster_noise	0.0000
7534	Spectrogram 1	1	11695.500000	11696.000000	0	0	6	cluster_6	1.0000
7535	Spectrogram 1	1	11695.750000	11696.750000	0	0	noise	cluster_noise	0.0000
7536	Spectrogram 1	1	11696.500000	11698.500000	0	0	7	cluster_7	1.0000
7537	Spectrogram 1	1	11698.250000	11700.750000	0	0	noise	cluster_noise	0.0000
7538	Spectrogram 1	1	11700.500000	11702.500000	0	0	7	cluster_7	1.0000
7539	Spectrogram 1	1	11705.000000	11705.750000	0	0	18	cluster_18	0.8748
7540	Spectrogram 1	1	11705.500000	11706.000000	0	0	noise	cluster_noise	0.0000
7541	Spectrogram 1	1	11705.750000	11706.500000	0	0	12	cluster_12	0.9603
7542	Spectrogram 1	1	11706.250000	11706.750000	0	0	7	cluster_7	1.0000
7543	Spectrogram 1	1	11706.500000	11708.000000	0	0	noise	cluster_noise	0.0000
7544	Spectrogram 1	1	11707.750000	11708.500000	0	0	7	cluster_7	1.0000
7545	Spectrogram 1	1	11708.250000	11709.500000	0	0	noise	cluster_noise	0.0000
7546	Spectrogram 1	1	11710.000000	11736.500000	0	0	7	cluster_7	1.0000
7547	Spectrogram 1	1	11736.250000	11737.500000	0	0	noise	cluster_noise	0.0000
7548	Spectrogram 1	1	11745.000000	11745.500000	0	0	7	cluster_7	1.0000
7549	Spectrogram 1	1	11745.250000	11746.000000	0	0	noise	cluster_noise	0.0000
7550	Spectrogram 1	1	11745.750000	11746.250000	0	0	3	cluster_3	0.8066
7551	Spectrogram 1	1	11746.000000	11748.250000	0	0	7	cluster_7	1.0000
7552	Spectrogram 1	1	11748.000000	11748.500000	0	0	noise	cluster_noise	0.0000
7553	Spectrogram 1	1	11757.000000	11758.500000	0	0	3	cluster_3	0.9290
7554	Spectrogram 1	1	11758.250000	11769.500000	0	0	7	cluster_7	0.9987
7555	Spectrogram 1	1	11769.250000	11770.500000	0	0	noise	cluster_noise	0.0000
7556	Spectrogram 1	1	11770.250000	11771.500000	0	0	0	cluster_0	0.5559
7557	Spectrogram 1	1	11771.250000	11771.750000	0	0	noise	cluster_noise	0.0000
7558	Spectrogram 1	1	11771.500000	11772.500000	0	0	0	cluster_0	0.4061
7559	Spectrogram 1	1	11780.000000	11781.000000	0	0	noise	cluster_noise	0.0000
7560	Spectrogram 1	1	11780.750000	11781.500000	0	0	12	cluster_12	0.9220
7561	Spectrogram 1	1	11781.250000	11783.000000	0	0	7	cluster_7	0.9729
7562	Spectrogram 1	1	11782.750000	11783.250000	0	0	noise	cluster_noise	0.0000
7563	Spectrogram 1	1	11783.000000	11795.500000	0	0	7	cluster_7	0.9839
7564	Spectrogram 1	1	11805.000000	11805.500000	0	0	8	cluster_8	1.0000
7565	Spectrogram 1	1	11805.250000	11806.750000	0	0	7	cluster_7	0.9732
7566	Spectrogram 1	1	11806.500000	11807.500000	0	0	8	cluster_8	1.0000
7567	Spectrogram 1	1	11807.250000	11807.750000	0	0	7	cluster_7	1.0000
7568	Spectrogram 1	1	11807.500000	11808.250000	0	0	8	cluster_8	1.0000
7569	Spectrogram 1	1	11808.000000	11808.500000	0	0	noise	cluster_noise	0.0000
7570	Spectrogram 1	1	11808.250000	11809.250000	0	0	7	cluster_7	0.9485
7571	Spectrogram 1	1	11809.000000	11810.500000	0	0	8	cluster_8	0.9737
7572	Spectrogram 1	1	11810.250000	11812.250000	0	0	7	cluster_7	1.0000
7573	Spectrogram 1	1	11812.000000	11812.500000	0	0	8	cluster_8	1.0000
7574	Spectrogram 1	1	11812.250000	11813.250000	0	0	7	cluster_7	0.9387
7575	Spectrogram 1	1	11813.000000	11813.750000	0	0	noise	cluster_noise	0.0000
7576	Spectrogram 1	1	11813.500000	11816.500000	0	0	7	cluster_7	1.0000
7577	Spectrogram 1	1	11816.250000	11817.750000	0	0	noise	cluster_noise	0.0000
7578	Spectrogram 1	1	11817.500000	11819.250000	0	0	7	cluster_7	1.0000
7579	Spectrogram 1	1	11819.000000	11819.750000	0	0	8	cluster_8	1.0000
7580	Spectrogram 1	1	11819.500000	11821.000000	0	0	7	cluster_7	1.0000
7581	Spectrogram 1	1	11820.750000	11821.750000	0	0	8	cluster_8	1.0000
7582	Spectrogram 1	1	11821.500000	11822.000000	0	0	7	cluster_7	1.0000
7583	Spectrogram 1	1	11821.750000	11822.500000	0	0	8	cluster_8	1.0000
7584	Spectrogram 1	1	11822.250000	11823.500000	0	0	7	cluster_7	1.0000
7585	Spectrogram 1	1	11823.250000	11824.250000	0	0	8	cluster_8	1.0000
7586	Spectrogram 1	1	11824.000000	11824.500000	0	0	7	cluster_7	0.9229
7587	Spectrogram 1	1	11824.250000	11825.000000	0	0	8	cluster_8	1.0000
7588	Spectrogram 1	1	11824.750000	11825.250000	0	0	7	cluster_7	1.0000
7589	Spectrogram 1	1	11825.000000	11825.500000	0	0	noise	cluster_noise	0.0000
7590	Spectrogram 1	1	11825.250000	11826.000000	0	0	7	cluster_7	0.9095
7591	Spectrogram 1	1	11825.750000	11826.750000	0	0	8	cluster_8	1.0000
7592	Spectrogram 1	1	11826.500000	11827.250000	0	0	noise	cluster_noise	0.0000
7593	Spectrogram 1	1	11827.000000	11829.000000	0	0	7	cluster_7	1.0000
7594	Spectrogram 1	1	11828.750000	11830.000000	0	0	noise	cluster_noise	0.0000
7595	Spectrogram 1	1	11829.750000	11830.250000	0	0	6	cluster_6	1.0000
7596	Spectrogram 1	1	11830.000000	11841.000000	0	0	7	cluster_7	1.0000
7597	Spectrogram 1	1	11840.750000	11841.250000	0	0	6	cluster_6	1.0000
7598	Spectrogram 1	1	11841.000000	11841.750000	0	0	8	cluster_8	1.0000
7599	Spectrogram 1	1	11841.500000	11842.250000	0	0	7	cluster_7	0.8200
7600	Spectrogram 1	1	11842.000000	11842.500000	0	0	6	cluster_6	1.0000
7601	Spectrogram 1	1	11842.250000	11842.750000	0	0	8	cluster_8	1.0000
7602	Spectrogram 1	1	11842.500000	11844.500000	0	0	7	cluster_7	0.9836
7603	Spectrogram 1	1	11852.000000	11852.500000	0	0	8	cluster_8	1.0000
7604	Spectrogram 1	1	11852.250000	11853.750000	0	0	7	cluster_7	1.0000
7605	Spectrogram 1	1	11853.500000	11854.250000	0	0	3	cluster_3	1.0000
7606	Spectrogram 1	1	11854.000000	11854.500000	0	0	noise	cluster_noise	0.0000
7607	Spectrogram 1	1	11854.250000	11856.500000	0	0	7	cluster_7	0.9794
7608	Spectrogram 1	1	11856.250000	11856.750000	0	0	8	cluster_8	0.8776
7609	Spectrogram 1	1	11856.500000	11857.250000	0	0	3	cluster_3	1.0000
7610	Spectrogram 1	1	11857.000000	11857.500000	0	0	noise	cluster_noise	0.0000
7611	Spectrogram 1	1	11864.000000	11865.000000	0	0	0	cluster_0	0.9787
7612	Spectrogram 1	1	11864.750000	11865.250000	0	0	noise	cluster_noise	0.0000
7613	Spectrogram 1	1	11865.000000	11866.750000	0	0	7	cluster_7	1.0000
7614	Spectrogram 1	1	11866.500000	11867.000000	0	0	8	cluster_8	1.0000
7615	Spectrogram 1	1	11866.750000	11867.250000	0	0	noise	cluster_noise	0.0000
7616	Spectrogram 1	1	11867.000000	11867.500000	0	0	3	cluster_3	1.0000
7617	Spectrogram 1	1	11867.250000	11868.750000	0	0	7	cluster_7	1.0000
7618	Spectrogram 1	1	11868.500000	11869.000000	0	0	noise	cluster_noise	0.0000
7619	Spectrogram 1	1	11868.750000	11869.500000	0	0	8	cluster_8	1.0000
7620	Spectrogram 1	1	11874.000000	11874.500000	0	0	7	cluster_7	0.8493
7621	Spectrogram 1	1	11874.250000	11875.000000	0	0	3	cluster_3	0.9618
7622	Spectrogram 1	1	11874.750000	11875.250000	0	0	7	cluster_7	1.0000
7623	Spectrogram 1	1	11875.000000	11875.500000	0	0	noise	cluster_noise	0.0000
7624	Spectrogram 1	1	11876.000000	11876.500000	0	0	3	cluster_3	1.0000
7625	Spectrogram 1	1	11876.250000	11877.750000	0	0	7	cluster_7	1.0000
7626	Spectrogram 1	1	11877.500000	11878.250000	0	0	noise	cluster_noise	0.0000
7627	Spectrogram 1	1	11878.000000	11880.500000	0	0	7	cluster_7	1.0000
7628	Spectrogram 1	1	11880.250000	11881.000000	0	0	8	cluster_8	1.0000
7629	Spectrogram 1	1	11880.750000	11881.250000	0	0	noise	cluster_noise	0.0000
7630	Spectrogram 1	1	11881.000000	11892.000000	0	0	7	cluster_7	0.9879
7631	Spectrogram 1	1	11891.750000	11892.500000	0	0	4	cluster_4	1.0000
7632	Spectrogram 1	1	11892.250000	11892.750000	0	0	11	cluster_11	0.3856
7633	Spectrogram 1	1	11892.500000	11894.750000	0	0	7	cluster_7	1.0000
7634	Spectrogram 1	1	11894.500000	11895.500000	0	0	3	cluster_3	0.9416
7635	Spectrogram 1	1	11895.250000	11897.500000	0	0	7	cluster_7	1.0000
7636	Spectrogram 1	1	11903.000000	11903.750000	0	0	3	cluster_3	0.8890
7637	Spectrogram 1	1	11903.500000	11905.750000	0	0	7	cluster_7	1.0000
7638	Spectrogram 1	1	11905.500000	11907.000000	0	0	3	cluster_3	0.9616
7639	Spectrogram 1	1	11906.750000	11908.750000	0	0	7	cluster_7	1.0000
7640	Spectrogram 1	1	11908.500000	11910.000000	0	0	3	cluster_3	1.0000
7641	Spectrogram 1	1	11909.750000	11911.750000	0	0	7	cluster_7	1.0000
7642	Spectrogram 1	1	11911.500000	11913.000000	0	0	3	cluster_3	1.0000
7643	Spectrogram 1	1	11912.750000	11917.500000	0	0	7	cluster_7	0.9862
7644	Spectrogram 1	1	11919.000000	11919.750000	0	0	1	cluster_1	0.7501
7645	Spectrogram 1	1	11919.500000	11922.500000	0	0	7	cluster_7	0.9872
7646	Spectrogram 1	1	11922.250000	11923.500000	0	0	3	cluster_3	0.9538
7647	Spectrogram 1	1	11923.250000	11925.500000	0	0	7	cluster_7	1.0000
7648	Spectrogram 1	1	11925.250000	11925.750000	0	0	noise	cluster_noise	0.0000
7649	Spectrogram 1	1	11925.500000	11926.250000	0	0	3	cluster_3	1.0000
7650	Spectrogram 1	1	11926.000000	11928.500000	0	0	7	cluster_7	1.0000
7651	Spectrogram 1	1	11928.250000	11928.750000	0	0	noise	cluster_noise	0.0000
7652	Spectrogram 1	1	11928.500000	11929.750000	0	0	3	cluster_3	1.0000
7653	Spectrogram 1	1	11929.500000	11936.750000	0	0	7	cluster_7	1.0000
7654	Spectrogram 1	1	11936.500000	11938.000000	0	0	3	cluster_3	0.9670
7655	Spectrogram 1	1	11937.750000	11940.000000	0	0	7	cluster_7	1.0000
7656	Spectrogram 1	1	11939.750000	11941.500000	0	0	3	cluster_3	0.9581
7657	Spectrogram 1	1	11941.250000	11943.000000	0	0	7	cluster_7	1.0000
7658	Spectrogram 1	1	11942.750000	11944.500000	0	0	3	cluster_3	0.9927
7659	Spectrogram 1	1	11944.250000	11950.500000	0	0	7	cluster_7	1.0000
7660	Spectrogram 1	1	11952.000000	11952.750000	0	0	3	cluster_3	1.0000
7661	Spectrogram 1	1	11952.500000	11954.750000	0	0	7	cluster_7	1.0000
7662	Spectrogram 1	1	11954.500000	11956.250000	0	0	3	cluster_3	1.0000
7663	Spectrogram 1	1	11956.000000	11958.000000	0	0	7	cluster_7	1.0000
7664	Spectrogram 1	1	11957.750000	11959.500000	0	0	3	cluster_3	0.9901
7665	Spectrogram 1	1	11959.250000	11965.500000	0	0	7	cluster_7	1.0000
7666	Spectrogram 1	1	11965.250000	11966.500000	0	0	3	cluster_3	0.9398
7667	Spectrogram 1	1	11967.000000	11984.500000	0	0	7	cluster_7	1.0000
7668	Spectrogram 1	1	11984.250000	11985.750000	0	0	1	cluster_1	0.9552
7669	Spectrogram 1	1	11985.500000	11988.000000	0	0	7	cluster_7	1.0000
7670	Spectrogram 1	1	11987.750000	11989.250000	0	0	noise	cluster_noise	0.0000
7671	Spectrogram 1	1	11989.000000	11989.500000	0	0	7	cluster_7	0.9523
7672	Spectrogram 1	1	11989.250000	11989.750000	0	0	12	cluster_12	0.8825
7673	Spectrogram 1	1	11989.500000	11997.500000	0	0	7	cluster_7	0.9533
7674	Spectrogram 1	1	11997.250000	11997.750000	0	0	8	cluster_8	1.0000
7675	Spectrogram 1	1	11997.500000	11998.500000	0	0	1	cluster_1	1.0000
7676	Spectrogram 1	1	11999.000000	12001.250000	0	0	7	cluster_7	0.9971
7677	Spectrogram 1	1	12001.000000	12002.750000	0	0	noise	cluster_noise	0.0000
7678	Spectrogram 1	1	12002.500000	12003.000000	0	0	12	cluster_12	0.8866
7679	Spectrogram 1	1	12002.750000	12003.250000	0	0	noise	cluster_noise	0.0000
7680	Spectrogram 1	1	12003.000000	12004.500000	0	0	7	cluster_7	1.0000
7681	Spectrogram 1	1	12036.000000	12036.750000	0	0	3	cluster_3	1.0000
7682	Spectrogram 1	1	12036.500000	12052.250000	0	0	7	cluster_7	1.0000
7683	Spectrogram 1	1	12052.000000	12052.500000	0	0	3	cluster_3	0.9615
7684	Spectrogram 1	1	12052.250000	12053.250000	0	0	8	cluster_8	1.0000
7685	Spectrogram 1	1	12053.000000	12053.500000	0	0	noise	cluster_noise	0.0000
7686	Spectrogram 1	1	12053.250000	12054.500000	0	0	7	cluster_7	1.0000
7687	Spectrogram 1	1	12064.000000	12064.500000	0	0	noise	cluster_noise	0.0000
7688	Spectrogram 1	1	12064.250000	12065.250000	0	0	8	cluster_8	1.0000
7689	Spectrogram 1	1	12065.000000	12065.500000	0	0	12	cluster_12	0.9603
7690	Spectrogram 1	1	12065.250000	12065.750000	0	0	noise	cluster_noise	0.0000
7691	Spectrogram 1	1	12065.500000	12068.000000	0	0	7	cluster_7	1.0000
7692	Spectrogram 1	1	12067.750000	12068.250000	0	0	noise	cluster_noise	0.0000
7693	Spectrogram 1	1	12068.000000	12069.250000	0	0	18	cluster_18	0.8579
7694	Spectrogram 1	1	12069.000000	12069.500000	0	0	noise	cluster_noise	0.0000
7695	Spectrogram 1	1	12079.000000	12079.500000	0	0	18	cluster_18	1.0000
7696	Spectrogram 1	1	12079.250000	12079.750000	0	0	noise	cluster_noise	0.0000
7697	Spectrogram 1	1	12079.500000	12080.250000	0	0	12	cluster_12	0.9603
7698	Spectrogram 1	1	12080.000000	12088.750000	0	0	7	cluster_7	0.9877
7699	Spectrogram 1	1	12088.500000	12089.000000	0	0	noise	cluster_noise	0.0000
7700	Spectrogram 1	1	12088.750000	12090.000000	0	0	18	cluster_18	0.9620
7701	Spectrogram 1	1	12089.750000	12090.250000	0	0	noise	cluster_noise	0.0000
7702	Spectrogram 1	1	12090.000000	12090.500000	0	0	12	cluster_12	0.9013
7703	Spectrogram 1	1	12090.250000	12091.250000	0	0	7	cluster_7	1.0000
7704	Spectrogram 1	1	12091.000000	12091.500000	0	0	noise	cluster_noise	0.0000
7705	Spectrogram 1	1	12091.250000	12092.250000	0	0	3	cluster_3	1.0000
7706	Spectrogram 1	1	12092.000000	12095.500000	0	0	7	cluster_7	1.0000
7707	Spectrogram 1	1	12095.250000	12096.500000	0	0	12	cluster_12	0.8918
7708	Spectrogram 1	1	12096.250000	12096.750000	0	0	noise	cluster_noise	0.0000
7709	Spectrogram 1	1	12096.500000	12097.000000	0	0	12	cluster_12	0.9026
7710	Spectrogram 1	1	12096.750000	12097.500000	0	0	7	cluster_7	1.0000
7711	Spectrogram 1	1	12100.000000	12100.500000	0	0	18	cluster_18	0.8110
7712	Spectrogram 1	1	12100.250000	12100.750000	0	0	noise	cluster_noise	0.0000
7713	Spectrogram 1	1	12100.500000	12101.500000	0	0	7	cluster_7	0.9331
7714	Spectrogram 1	1	12101.250000	12102.500000	0	0	3	cluster_3	0.9099
7715	Spectrogram 1	1	12102.250000	12106.000000	0	0	7	cluster_7	0.9865
7716	Spectrogram 1	1	12105.750000	12106.500000	0	0	12	cluster_12	0.9501
7717	Spectrogram 1	1	12106.250000	12107.000000	0	0	noise	cluster_noise	0.0000
7718	Spectrogram 1	1	12106.750000	12107.250000	0	0	12	cluster_12	0.8070
7719	Spectrogram 1	1	12107.000000	12107.500000	0	0	7	cluster_7	1.0000
7720	Spectrogram 1	1	12107.250000	12107.750000	0	0	12	cluster_12	0.8703
7721	Spectrogram 1	1	12107.500000	12109.250000	0	0	7	cluster_7	1.0000
7722	Spectrogram 1	1	12109.000000	12109.500000	0	0	noise	cluster_noise	0.0000
7723	Spectrogram 1	1	12109.250000	12110.500000	0	0	18	cluster_18	0.9403
7724	Spectrogram 1	1	12113.000000	12113.500000	0	0	7	cluster_7	1.0000
7725	Spectrogram 1	1	12113.250000	12114.250000	0	0	noise	cluster_noise	0.0000
7726	Spectrogram 1	1	12114.000000	12115.250000	0	0	7	cluster_7	1.0000
7727	Spectrogram 1	1	12115.000000	12116.000000	0	0	noise	cluster_noise	0.0000
7728	Spectrogram 1	1	12115.750000	12117.500000	0	0	7	cluster_7	0.9980
7729	Spectrogram 1	1	12117.250000	12117.750000	0	0	noise	cluster_noise	0.0000
7730	Spectrogram 1	1	12117.500000	12119.500000	0	0	7	cluster_7	1.0000
7731	Spectrogram 1	1	12119.250000	12127.000000	0	0	noise	cluster_noise	0.0000
7732	Spectrogram 1	1	12126.750000	12128.250000	0	0	7	cluster_7	0.9955
7733	Spectrogram 1	1	12128.000000	12128.500000	0	0	0	cluster_0	0.7882
7734	Spectrogram 1	1	12128.250000	12129.000000	0	0	noise	cluster_noise	0.0000
7735	Spectrogram 1	1	12128.750000	12130.500000	0	0	7	cluster_7	0.9261
7736	Spectrogram 1	1	12130.250000	12130.750000	0	0	noise	cluster_noise	0.0000
7737	Spectrogram 1	1	12130.500000	12131.500000	0	0	7	cluster_7	0.9592
7738	Spectrogram 1	1	12131.250000	12132.000000	0	0	noise	cluster_noise	0.0000
7739	Spectrogram 1	1	12131.750000	12132.250000	0	0	7	cluster_7	0.8573
7740	Spectrogram 1	1	12132.000000	12133.000000	0	0	noise	cluster_noise	0.0000
7741	Spectrogram 1	1	12132.750000	12138.750000	0	0	7	cluster_7	0.9950
7742	Spectrogram 1	1	12138.500000	12139.000000	0	0	noise	cluster_noise	0.0000
7743	Spectrogram 1	1	12138.750000	12139.250000	0	0	14	cluster_14	1.0000
7744	Spectrogram 1	1	12139.000000	12139.750000	0	0	18	cluster_18	0.8015
7745	Spectrogram 1	1	12139.500000	12140.500000	0	0	noise	cluster_noise	0.0000
7746	Spectrogram 1	1	12140.250000	12140.750000	0	0	12	cluster_12	0.9603
7747	Spectrogram 1	1	12140.500000	12141.750000	0	0	7	cluster_7	0.9575
7748	Spectrogram 1	1	12141.500000	12142.250000	0	0	8	cluster_8	1.0000
7749	Spectrogram 1	1	12142.000000	12143.500000	0	0	7	cluster_7	0.9904
7750	Spectrogram 1	1	12143.250000	12144.000000	0	0	noise	cluster_noise	0.0000
7751	Spectrogram 1	1	12143.750000	12144.250000	0	0	8	cluster_8	0.8255
7752	Spectrogram 1	1	12144.000000	12150.250000	0	0	7	cluster_7	0.9879
7753	Spectrogram 1	1	12150.000000	12151.750000	0	0	noise	cluster_noise	0.0000
7754	Spectrogram 1	1	12151.500000	12153.750000	0	0	7	cluster_7	1.0000
7755	Spectrogram 1	1	12153.500000	12154.500000	0	0	noise	cluster_noise	0.0000
7756	Spectrogram 1	1	12154.250000	12154.750000	0	0	14	cluster_14	0.9768
7757	Spectrogram 1	1	12154.500000	12155.000000	0	0	noise	cluster_noise	0.0000
7758	Spectrogram 1	1	12154.750000	12155.500000	0	0	12	cluster_12	0.9310
7759	Spectrogram 1	1	12155.250000	12156.250000	0	0	7	cluster_7	1.0000
7760	Spectrogram 1	1	12156.000000	12160.750000	0	0	noise	cluster_noise	0.0000
7761	Spectrogram 1	1	12160.500000	12161.750000	0	0	7	cluster_7	0.9970
7762	Spectrogram 1	1	12161.500000	12162.000000	0	0	6	cluster_6	0.9889
7763	Spectrogram 1	1	12161.750000	12162.250000	0	0	noise	cluster_noise	0.0000
7764	Spectrogram 1	1	12162.000000	12164.250000	0	0	7	cluster_7	0.9951
7765	Spectrogram 1	1	12164.000000	12165.250000	0	0	noise	cluster_noise	0.0000
7766	Spectrogram 1	1	12165.000000	12165.500000	0	0	22	cluster_22	1.0000
7767	Spectrogram 1	1	12165.250000	12166.000000	0	0	noise	cluster_noise	0.0000
7768	Spectrogram 1	1	12165.750000	12176.500000	0	0	7	cluster_7	0.9907
7769	Spectrogram 1	1	12176.250000	12176.750000	0	0	noise	cluster_noise	0.0000
7770	Spectrogram 1	1	12176.500000	12179.250000	0	0	7	cluster_7	0.9851
7771	Spectrogram 1	1	12179.000000	12180.250000	0	0	noise	cluster_noise	0.0000
7772	Spectrogram 1	1	12180.000000	12180.500000	0	0	7	cluster_7	1.0000
7773	Spectrogram 1	1	12187.000000	12187.500000	0	0	noise	cluster_noise	0.0000
7774	Spectrogram 1	1	12187.250000	12188.500000	0	0	7	cluster_7	0.9708
7775	Spectrogram 1	1	12188.250000	12189.250000	0	0	8	cluster_8	0.9457
7776	Spectrogram 1	1	12189.000000	12190.250000	0	0	7	cluster_7	1.0000
7777	Spectrogram 1	1	12190.000000	12190.750000	0	0	8	cluster_8	0.9521
7778	Spectrogram 1	1	12190.500000	12196.750000	0	0	7	cluster_7	0.9927
7779	Spectrogram 1	1	12196.500000	12197.250000	0	0	noise	cluster_noise	0.0000
7780	Spectrogram 1	1	12197.000000	12197.500000	0	0	18	cluster_18	0.9877
7781	Spectrogram 1	1	12197.250000	12197.750000	0	0	noise	cluster_noise	0.0000
7782	Spectrogram 1	1	12197.500000	12198.000000	0	0	12	cluster_12	0.9603
7783	Spectrogram 1	1	12197.750000	12198.250000	0	0	noise	cluster_noise	0.0000
7784	Spectrogram 1	1	12198.000000	12199.250000	0	0	7	cluster_7	0.9561
7785	Spectrogram 1	1	12199.000000	12199.750000	0	0	8	cluster_8	0.9578
7786	Spectrogram 1	1	12199.500000	12200.000000	0	0	noise	cluster_noise	0.0000
7787	Spectrogram 1	1	12199.750000	12201.000000	0	0	7	cluster_7	1.0000
7788	Spectrogram 1	1	12200.750000	12201.250000	0	0	noise	cluster_noise	0.0000
7789	Spectrogram 1	1	12201.000000	12201.750000	0	0	8	cluster_8	1.0000
7790	Spectrogram 1	1	12201.500000	12202.000000	0	0	noise	cluster_noise	0.0000
7791	Spectrogram 1	1	12201.750000	12206.000000	0	0	7	cluster_7	0.9641
7792	Spectrogram 1	1	12205.750000	12206.500000	0	0	8	cluster_8	1.0000
7793	Spectrogram 1	1	12206.250000	12206.750000	0	0	noise	cluster_noise	0.0000
7794	Spectrogram 1	1	12206.500000	12208.250000	0	0	7	cluster_7	1.0000
7795	Spectrogram 1	1	12208.000000	12208.500000	0	0	noise	cluster_noise	0.0000
7796	Spectrogram 1	1	12208.250000	12208.750000	0	0	21	cluster_21	0.6691
7797	Spectrogram 1	1	12208.500000	12209.000000	0	0	noise	cluster_noise	0.0000
7798	Spectrogram 1	1	12208.750000	12209.250000	0	0	21	cluster_21	0.7232
7799	Spectrogram 1	1	12209.000000	12209.500000	0	0	noise	cluster_noise	0.0000
7800	Spectrogram 1	1	12209.250000	12209.750000	0	0	12	cluster_12	0.7333
7801	Spectrogram 1	1	12209.500000	12210.000000	0	0	noise	cluster_noise	0.0000
7802	Spectrogram 1	1	12209.750000	12210.250000	0	0	12	cluster_12	0.7832
7803	Spectrogram 1	1	12210.000000	12212.500000	0	0	7	cluster_7	0.9938
7804	Spectrogram 1	1	12212.250000	12212.750000	0	0	noise	cluster_noise	0.0000
7805	Spectrogram 1	1	12212.500000	12213.250000	0	0	14	cluster_14	1.0000
7806	Spectrogram 1	1	12213.000000	12213.500000	0	0	noise	cluster_noise	0.0000
7807	Spectrogram 1	1	12218.000000	12218.500000	0	0	7	cluster_7	1.0000
7808	Spectrogram 1	1	12218.250000	12218.750000	0	0	noise	cluster_noise	0.0000
7809	Spectrogram 1	1	12218.500000	12219.250000	0	0	8	cluster_8	1.0000
7810	Spectrogram 1	1	12219.000000	12219.500000	0	0	6	cluster_6	0.9603
7811	Spectrogram 1	1	12219.250000	12220.250000	0	0	7	cluster_7	1.0000
7812	Spectrogram 1	1	12220.000000	12220.750000	0	0	8	cluster_8	0.9807
7813	Spectrogram 1	1	12220.500000	12221.000000	0	0	noise	cluster_noise	0.0000
7814	Spectrogram 1	1	12220.750000	12221.500000	0	0	7	cluster_7	1.0000
7815	Spectrogram 1	1	12221.250000	12221.750000	0	0	noise	cluster_noise	0.0000
7816	Spectrogram 1	1	12221.500000	12222.250000	0	0	8	cluster_8	0.9994
7817	Spectrogram 1	1	12222.000000	12222.500000	0	0	noise	cluster_noise	0.0000
7818	Spectrogram 1	1	12222.250000	12228.250000	0	0	7	cluster_7	1.0000
7819	Spectrogram 1	1	12228.000000	12228.750000	0	0	noise	cluster_noise	0.0000
7820	Spectrogram 1	1	12228.500000	12229.250000	0	0	18	cluster_18	0.9508
7821	Spectrogram 1	1	12229.000000	12229.500000	0	0	noise	cluster_noise	0.0000
7822	Spectrogram 1	1	12229.250000	12229.750000	0	0	12	cluster_12	0.8295
7823	Spectrogram 1	1	12229.500000	12230.750000	0	0	7	cluster_7	0.9955
7824	Spectrogram 1	1	12230.500000	12231.250000	0	0	noise	cluster_noise	0.0000
7825	Spectrogram 1	1	12231.000000	12233.500000	0	0	7	cluster_7	0.9409
7826	Spectrogram 1	1	12233.250000	12234.000000	0	0	noise	cluster_noise	0.0000
7827	Spectrogram 1	1	12233.750000	12234.750000	0	0	7	cluster_7	1.0000
7828	Spectrogram 1	1	12234.500000	12235.250000	0	0	8	cluster_8	0.9296
7829	Spectrogram 1	1	12235.000000	12243.750000	0	0	7	cluster_7	0.9953
7830	Spectrogram 1	1	12243.500000	12244.750000	0	0	3	cluster_3	0.9832
7831	Spectrogram 1	1	12244.500000	12245.000000	0	0	noise	cluster_noise	0.0000
7832	Spectrogram 1	1	12244.750000	12245.750000	0	0	7	cluster_7	0.9660
7833	Spectrogram 1	1	12245.500000	12246.250000	0	0	3	cluster_3	0.9738
7834	Spectrogram 1	1	12246.000000	12246.500000	0	0	noise	cluster_noise	0.0000
7835	Spectrogram 1	1	12246.250000	12247.250000	0	0	3	cluster_3	0.9705
7836	Spectrogram 1	1	12247.000000	12247.500000	0	0	noise	cluster_noise	0.0000
7837	Spectrogram 1	1	12247.250000	12248.500000	0	0	3	cluster_3	0.9648
7838	Spectrogram 1	1	12248.250000	12257.000000	0	0	7	cluster_7	1.0000
7839	Spectrogram 1	1	12256.750000	12258.500000	0	0	3	cluster_3	0.9811
7840	Spectrogram 1	1	12258.250000	12258.750000	0	0	noise	cluster_noise	0.0000
7841	Spectrogram 1	1	12258.500000	12259.750000	0	0	7	cluster_7	1.0000
7842	Spectrogram 1	1	12259.500000	12260.000000	0	0	noise	cluster_noise	0.0000
7843	Spectrogram 1	1	12259.750000	12261.500000	0	0	7	cluster_7	1.0000
7844	Spectrogram 1	1	12261.250000	12261.750000	0	0	8	cluster_8	1.0000
7845	Spectrogram 1	1	12261.500000	12262.750000	0	0	7	cluster_7	1.0000
7846	Spectrogram 1	1	12262.500000	12263.500000	0	0	noise	cluster_noise	0.0000
7847	Spectrogram 1	1	12263.250000	12264.000000	0	0	15	cluster_15	0.8554
7848	Spectrogram 1	1	12263.750000	12264.500000	0	0	noise	cluster_noise	0.0000
7849	Spectrogram 1	1	12264.250000	12269.500000	0	0	7	cluster_7	0.9854
7850	Spectrogram 1	1	12269.250000	12270.000000	0	0	noise	cluster_noise	0.0000
7851	Spectrogram 1	1	12269.750000	12274.750000	0	0	7	cluster_7	0.9994
7852	Spectrogram 1	1	12274.500000	12276.250000	0	0	noise	cluster_noise	0.0000
7853	Spectrogram 1	1	12276.000000	12276.500000	0	0	7	cluster_7	1.0000
7854	Spectrogram 1	1	12276.250000	12276.750000	0	0	noise	cluster_noise	0.0000
7855	Spectrogram 1	1	12276.500000	12280.250000	0	0	7	cluster_7	0.9999
7856	Spectrogram 1	1	12280.000000	12280.500000	0	0	noise	cluster_noise	0.0000
7857	Spectrogram 1	1	12280.250000	12281.500000	0	0	7	cluster_7	0.9508
7858	Spectrogram 1	1	12281.250000	12283.000000	0	0	3	cluster_3	0.9857
7859	Spectrogram 1	1	12282.750000	12284.750000	0	0	7	cluster_7	1.0000
7860	Spectrogram 1	1	12284.500000	12285.500000	0	0	3	cluster_3	0.9840
7861	Spectrogram 1	1	12285.250000	12289.500000	0	0	7	cluster_7	1.0000
7862	Spectrogram 1	1	12289.250000	12290.000000	0	0	noise	cluster_noise	0.0000
7863	Spectrogram 1	1	12289.750000	12310.500000	0	0	7	cluster_7	0.9970
7864	Spectrogram 1	1	12312.000000	12312.750000	0	0	noise	cluster_noise	0.0000
7865	Spectrogram 1	1	12312.500000	12337.500000	0	0	7	cluster_7	0.9954
7866	Spectrogram 1	1	12344.000000	12345.500000	0	0	noise	cluster_noise	0.0000
7867	Spectrogram 1	1	12345.250000	12348.250000	0	0	7	cluster_7	0.9887
7868	Spectrogram 1	1	12348.000000	12348.750000	0	0	noise	cluster_noise	0.0000
7869	Spectrogram 1	1	12348.500000	12349.250000	0	0	0	cluster_0	0.3994
7870	Spectrogram 1	1	12349.000000	12349.500000	0	0	noise	cluster_noise	0.0000
7871	Spectrogram 1	1	12349.250000	12351.250000	0	0	7	cluster_7	0.9983
7872	Spectrogram 1	1	12351.000000	12351.500000	0	0	noise	cluster_noise	0.0000
7873	Spectrogram 1	1	12351.250000	12353.500000	0	0	7	cluster_7	0.9801
7874	Spectrogram 1	1	12358.000000	12358.500000	0	0	12	cluster_12	0.7541
7875	Spectrogram 1	1	12358.250000	12358.750000	0	0	noise	cluster_noise	0.0000
7876	Spectrogram 1	1	12358.500000	12362.000000	0	0	7	cluster_7	0.9992
7877	Spectrogram 1	1	12361.750000	12362.500000	0	0	noise	cluster_noise	0.0000
7878	Spectrogram 1	1	12362.250000	12366.000000	0	0	7	cluster_7	1.0000
7879	Spectrogram 1	1	12365.750000	12366.250000	0	0	noise	cluster_noise	0.0000
7880	Spectrogram 1	1	12366.000000	12373.500000	0	0	7	cluster_7	0.9992
7881	Spectrogram 1	1	12373.250000	12373.750000	0	0	12	cluster_12	0.9603
7882	Spectrogram 1	1	12373.500000	12374.000000	0	0	noise	cluster_noise	0.0000
7883	Spectrogram 1	1	12373.750000	12374.250000	0	0	7	cluster_7	1.0000
7884	Spectrogram 1	1	12374.000000	12374.500000	0	0	noise	cluster_noise	0.0000
7885	Spectrogram 1	1	12374.250000	12384.000000	0	0	7	cluster_7	0.9914
7886	Spectrogram 1	1	12383.750000	12384.250000	0	0	noise	cluster_noise	0.0000
7887	Spectrogram 1	1	12384.000000	12388.250000	0	0	7	cluster_7	0.9938
7888	Spectrogram 1	1	12388.000000	12388.500000	0	0	noise	cluster_noise	0.0000
7889	Spectrogram 1	1	12388.250000	12388.750000	0	0	7	cluster_7	1.0000
7890	Spectrogram 1	1	12388.500000	12389.500000	0	0	noise	cluster_noise	0.0000
7891	Spectrogram 1	1	12397.000000	12400.500000	0	0	7	cluster_7	0.9892
7892	Spectrogram 1	1	12439.000000	12440.000000	0	0	0	cluster_0	0.7253
7893	Spectrogram 1	1	12439.750000	12440.250000	0	0	noise	cluster_noise	0.0000
7894	Spectrogram 1	1	12440.000000	12440.500000	0	0	7	cluster_7	1.0000
7895	Spectrogram 1	1	12440.250000	12440.750000	0	0	noise	cluster_noise	0.0000
7896	Spectrogram 1	1	12440.500000	12441.500000	0	0	7	cluster_7	0.9535
7897	Spectrogram 1	1	12463.000000	12463.500000	0	0	noise	cluster_noise	0.0000
7898	Spectrogram 1	1	12463.250000	12464.000000	0	0	3	cluster_3	1.0000
7899	Spectrogram 1	1	12463.750000	12464.250000	0	0	7	cluster_7	0.8515
7900	Spectrogram 1	1	12464.000000	12469.500000	0	0	noise	cluster_noise	0.0000
7901	Spectrogram 1	1	12469.250000	12470.500000	0	0	7	cluster_7	1.0000
7902	Spectrogram 1	1	12480.000000	12482.250000	0	0	noise	cluster_noise	0.0000
7903	Spectrogram 1	1	12482.000000	12482.750000	0	0	7	cluster_7	0.9071
7904	Spectrogram 1	1	12482.500000	12483.000000	0	0	noise	cluster_noise	0.0000
7905	Spectrogram 1	1	12482.750000	12483.500000	0	0	7	cluster_7	1.0000
7906	Spectrogram 1	1	12498.000000	12499.000000	0	0	noise	cluster_noise	0.0000
7907	Spectrogram 1	1	12498.750000	12499.500000	0	0	11	cluster_11	0.4045
7908	Spectrogram 1	1	12550.000000	12550.500000	0	0	noise	cluster_noise	0.0000
7909	Spectrogram 1	1	12550.250000	12552.500000	0	0	7	cluster_7	1.0000
7910	Spectrogram 1	1	12564.000000	12564.500000	0	0	3	cluster_3	1.0000
7911	Spectrogram 1	1	12564.250000	12566.750000	0	0	7	cluster_7	1.0000
7912	Spectrogram 1	1	12566.500000	12568.500000	0	0	3	cluster_3	1.0000
7913	Spectrogram 1	1	12569.000000	12570.000000	0	0	7	cluster_7	1.0000
7914	Spectrogram 1	1	12569.750000	12574.000000	0	0	1	cluster_1	0.9851
7915	Spectrogram 1	1	12573.750000	12576.500000	0	0	7	cluster_7	0.9844
7916	Spectrogram 1	1	12577.000000	12577.500000	0	0	noise	cluster_noise	0.0000
7917	Spectrogram 1	1	12577.250000	12578.000000	0	0	8	cluster_8	0.9023
7918	Spectrogram 1	1	12577.750000	12579.500000	0	0	7	cluster_7	1.0000
7919	Spectrogram 1	1	12580.000000	12581.750000	0	0	3	cluster_3	1.0000
7920	Spectrogram 1	1	12581.500000	12583.500000	0	0	7	cluster_7	1.0000
7921	Spectrogram 1	1	12583.250000	12583.750000	0	0	noise	cluster_noise	0.0000
7922	Spectrogram 1	1	12583.500000	12584.500000	0	0	1	cluster_1	0.9811
7923	Spectrogram 1	1	12592.000000	12593.500000	0	0	7	cluster_7	1.0000
7924	Spectrogram 1	1	12593.250000	12595.000000	0	0	3	cluster_3	1.0000
7925	Spectrogram 1	1	12594.750000	12595.500000	0	0	7	cluster_7	1.0000
7926	Spectrogram 1	1	12597.000000	12598.000000	0	0	1	cluster_1	1.0000
7927	Spectrogram 1	1	12597.750000	12598.750000	0	0	noise	cluster_noise	0.0000
7928	Spectrogram 1	1	12598.500000	12599.000000	0	0	7	cluster_7	1.0000
7929	Spectrogram 1	1	12598.750000	12599.500000	0	0	noise	cluster_noise	0.0000
7930	Spectrogram 1	1	12610.000000	12610.500000	0	0	3	cluster_3	1.0000
7931	Spectrogram 1	1	12610.250000	12610.750000	0	0	1	cluster_1	0.5855
7932	Spectrogram 1	1	12610.500000	12611.000000	0	0	8	cluster_8	1.0000
7933	Spectrogram 1	1	12610.750000	12612.000000	0	0	7	cluster_7	1.0000
7934	Spectrogram 1	1	12611.750000	12612.250000	0	0	8	cluster_8	1.0000
7935	Spectrogram 1	1	12612.000000	12612.500000	0	0	noise	cluster_noise	0.0000
7936	Spectrogram 1	1	12612.250000	12613.250000	0	0	1	cluster_1	0.9292
7937	Spectrogram 1	1	12613.000000	12615.250000	0	0	7	cluster_7	1.0000
7938	Spectrogram 1	1	12615.000000	12615.500000	0	0	noise	cluster_noise	0.0000
7939	Spectrogram 1	1	12615.250000	12616.000000	0	0	7	cluster_7	1.0000
7940	Spectrogram 1	1	12615.750000	12616.500000	0	0	noise	cluster_noise	0.0000
7941	Spectrogram 1	1	12616.250000	12616.750000	0	0	7	cluster_7	0.8004
7942	Spectrogram 1	1	12616.500000	12617.000000	0	0	noise	cluster_noise	0.0000
7943	Spectrogram 1	1	12616.750000	12670.000000	0	0	7	cluster_7	1.0000
7944	Spectrogram 1	1	12669.750000	12670.750000	0	0	3	cluster_3	1.0000
7945	Spectrogram 1	1	12670.500000	12671.750000	0	0	noise	cluster_noise	0.0000
7946	Spectrogram 1	1	12671.500000	12672.000000	0	0	7	cluster_7	1.0000
7947	Spectrogram 1	1	12671.750000	12672.250000	0	0	noise	cluster_noise	0.0000
7948	Spectrogram 1	1	12672.000000	12672.750000	0	0	8	cluster_8	0.9438
7949	Spectrogram 1	1	12672.500000	12673.000000	0	0	noise	cluster_noise	0.0000
7950	Spectrogram 1	1	12672.750000	12673.500000	0	0	7	cluster_7	1.0000
7951	Spectrogram 1	1	12683.000000	12683.750000	0	0	noise	cluster_noise	0.0000
7952	Spectrogram 1	1	12683.500000	12684.250000	0	0	7	cluster_7	1.0000
7953	Spectrogram 1	1	12684.000000	12684.500000	0	0	noise	cluster_noise	0.0000
7954	Spectrogram 1	1	12684.250000	12685.250000	0	0	7	cluster_7	0.9336
7955	Spectrogram 1	1	12685.000000	12685.750000	0	0	noise	cluster_noise	0.0000
7956	Spectrogram 1	1	12685.500000	12686.750000	0	0	18	cluster_18	0.9294
7957	Spectrogram 1	1	12686.500000	12687.500000	0	0	noise	cluster_noise	0.0000
7958	Spectrogram 1	1	12694.000000	12695.500000	0	0	7	cluster_7	1.0000
7959	Spectrogram 1	1	12695.250000	12696.000000	0	0	noise	cluster_noise	0.0000
7960	Spectrogram 1	1	12695.750000	12696.250000	0	0	14	cluster_14	1.0000
7961	Spectrogram 1	1	12696.000000	12697.250000	0	0	18	cluster_18	0.8843
7962	Spectrogram 1	1	12697.000000	12698.000000	0	0	noise	cluster_noise	0.0000
7963	Spectrogram 1	1	12697.750000	12698.250000	0	0	8	cluster_8	1.0000
7964	Spectrogram 1	1	12698.000000	12698.500000	0	0	7	cluster_7	1.0000
7965	Spectrogram 1	1	12698.250000	12699.500000	0	0	noise	cluster_noise	0.0000
7966	Spectrogram 1	1	12699.250000	12700.000000	0	0	7	cluster_7	0.9254
7967	Spectrogram 1	1	12699.750000	12700.250000	0	0	8	cluster_8	1.0000
7968	Spectrogram 1	1	12700.000000	12701.000000	0	0	7	cluster_7	0.9521
7969	Spectrogram 1	1	12700.750000	12702.500000	0	0	noise	cluster_noise	0.0000
7970	Spectrogram 1	1	12702.250000	12703.000000	0	0	0	cluster_0	0.6443
7971	Spectrogram 1	1	12702.750000	12703.500000	0	0	noise	cluster_noise	0.0000
7972	Spectrogram 1	1	12708.000000	12708.500000	0	0	8	cluster_8	1.0000
7973	Spectrogram 1	1	12708.250000	12709.250000	0	0	7	cluster_7	1.0000
7974	Spectrogram 1	1	12709.000000	12709.750000	0	0	noise	cluster_noise	0.0000
7975	Spectrogram 1	1	12709.500000	12710.750000	0	0	18	cluster_18	0.9669
7976	Spectrogram 1	1	12710.500000	12711.250000	0	0	noise	cluster_noise	0.0000
7977	Spectrogram 1	1	12711.000000	12711.750000	0	0	12	cluster_12	0.7880
7978	Spectrogram 1	1	12711.500000	12712.000000	0	0	7	cluster_7	0.8381
7979	Spectrogram 1	1	12711.750000	12713.250000	0	0	noise	cluster_noise	0.0000
7980	Spectrogram 1	1	12713.000000	12713.500000	0	0	8	cluster_8	1.0000
7981	Spectrogram 1	1	12713.250000	12714.250000	0	0	7	cluster_7	0.9658
7982	Spectrogram 1	1	12714.000000	12715.250000	0	0	noise	cluster_noise	0.0000
7983	Spectrogram 1	1	12715.000000	12715.500000	0	0	8	cluster_8	1.0000
7984	Spectrogram 1	1	12721.000000	12722.750000	0	0	noise	cluster_noise	0.0000
7985	Spectrogram 1	1	12722.500000	12723.000000	0	0	8	cluster_8	0.9776
7986	Spectrogram 1	1	12722.750000	12723.250000	0	0	noise	cluster_noise	0.0000
7987	Spectrogram 1	1	12723.000000	12723.500000	0	0	8	cluster_8	1.0000
7988	Spectrogram 1	1	12723.250000	12724.000000	0	0	noise	cluster_noise	0.0000
7989	Spectrogram 1	1	12723.750000	12726.250000	0	0	7	cluster_7	0.9761
7990	Spectrogram 1	1	12726.000000	12726.750000	0	0	noise	cluster_noise	0.0000
7991	Spectrogram 1	1	12726.500000	12727.000000	0	0	8	cluster_8	0.8400
7992	Spectrogram 1	1	12726.750000	12727.250000	0	0	noise	cluster_noise	0.0000
7993	Spectrogram 1	1	12727.000000	12727.750000	0	0	7	cluster_7	1.0000
7994	Spectrogram 1	1	12727.500000	12728.500000	0	0	3	cluster_3	0.9885
7995	Spectrogram 1	1	12734.000000	12735.250000	0	0	8	cluster_8	1.0000
7996	Spectrogram 1	1	12735.000000	12736.250000	0	0	7	cluster_7	0.9912
7997	Spectrogram 1	1	12736.000000	12736.500000	0	0	noise	cluster_noise	0.0000
7998	Spectrogram 1	1	12736.250000	12737.500000	0	0	7	cluster_7	0.9570
7999	Spectrogram 1	1	12737.250000	12738.750000	0	0	noise	cluster_noise	0.0000
8000	Spectrogram 1	1	12738.500000	12739.250000	0	0	2	cluster_2	0.4633
8001	Spectrogram 1	1	12739.000000	12740.000000	0	0	noise	cluster_noise	0.0000
8002	Spectrogram 1	1	12739.750000	12740.250000	0	0	8	cluster_8	1.0000
8003	Spectrogram 1	1	12740.000000	12740.500000	0	0	noise	cluster_noise	0.0000
8004	Spectrogram 1	1	12746.000000	12746.500000	0	0	8	cluster_8	1.0000
8005	Spectrogram 1	1	12746.250000	12747.250000	0	0	7	cluster_7	1.0000
8006	Spectrogram 1	1	12747.000000	12748.000000	0	0	8	cluster_8	0.9241
8007	Spectrogram 1	1	12747.750000	12748.250000	0	0	7	cluster_7	0.8910
8008	Spectrogram 1	1	12748.000000	12748.750000	0	0	8	cluster_8	1.0000
8009	Spectrogram 1	1	12748.500000	12750.000000	0	0	7	cluster_7	0.9175
8010	Spectrogram 1	1	12749.750000	12750.250000	0	0	noise	cluster_noise	0.0000
8011	Spectrogram 1	1	12750.000000	12750.500000	0	0	7	cluster_7	0.9131
8012	Spectrogram 1	1	12750.250000	12750.750000	0	0	noise	cluster_noise	0.0000
8013	Spectrogram 1	1	12750.500000	12751.000000	0	0	7	cluster_7	0.8422
8014	Spectrogram 1	1	12750.750000	12752.000000	0	0	3	cluster_3	1.0000
8015	Spectrogram 1	1	12751.750000	12752.250000	0	0	noise	cluster_noise	0.0000
8016	Spectrogram 1	1	12752.000000	12752.500000	0	0	3	cluster_3	1.0000
8017	Spectrogram 1	1	12752.250000	12752.750000	0	0	noise	cluster_noise	0.0000
8018	Spectrogram 1	1	12752.500000	12753.000000	0	0	7	cluster_7	1.0000
8019	Spectrogram 1	1	12752.750000	12753.500000	0	0	noise	cluster_noise	0.0000
8020	Spectrogram 1	1	12753.250000	12754.250000	0	0	7	cluster_7	0.9774
8021	Spectrogram 1	1	12754.000000	12755.500000	0	0	8	cluster_8	0.9931
8022	Spectrogram 1	1	12755.250000	12757.500000	0	0	noise	cluster_noise	0.0000
8023	Spectrogram 1	1	12760.000000	12761.250000	0	0	8	cluster_8	0.8852
8024	Spectrogram 1	1	12761.000000	12762.250000	0	0	noise	cluster_noise	0.0000
8025	Spectrogram 1	1	12762.000000	12762.500000	0	0	7	cluster_7	1.0000
8026	Spectrogram 1	1	12762.250000	12764.500000	0	0	8	cluster_8	0.9646
8027	Spectrogram 1	1	12764.250000	12766.250000	0	0	noise	cluster_noise	0.0000
8028	Spectrogram 1	1	12766.000000	12768.500000	0	0	8	cluster_8	0.9491
8029	Spectrogram 1	1	12774.000000	12774.500000	0	0	noise	cluster_noise	0.0000
8030	Spectrogram 1	1	12774.250000	12774.750000	0	0	8	cluster_8	0.9595
8031	Spectrogram 1	1	12774.500000	12775.000000	0	0	noise	cluster_noise	0.0000
8032	Spectrogram 1	1	12774.750000	12776.500000	0	0	8	cluster_8	1.0000
8033	Spectrogram 1	1	12776.250000	12778.250000	0	0	0	cluster_0	0.8655
8034	Spectrogram 1	1	12778.000000	12778.750000	0	0	noise	cluster_noise	0.0000
8035	Spectrogram 1	1	12778.500000	12780.250000	0	0	8	cluster_8	1.0000
8036	Spectrogram 1	1	12780.000000	12780.500000	0	0	noise	cluster_noise	0.0000
8037	Spectrogram 1	1	12780.250000	12781.500000	0	0	8	cluster_8	1.0000
8038	Spectrogram 1	1	12787.000000	12788.250000	0	0	0	cluster_0	0.9007
8039	Spectrogram 1	1	12788.000000	12788.500000	0	0	noise	cluster_noise	0.0000
8040	Spectrogram 1	1	12788.250000	12790.250000	0	0	8	cluster_8	1.0000
8041	Spectrogram 1	1	12790.000000	12792.500000	0	0	0	cluster_0	0.7372
8042	Spectrogram 1	1	12796.000000	12796.750000	0	0	8	cluster_8	0.9912
8043	Spectrogram 1	1	12796.500000	12797.000000	0	0	3	cluster_3	0.8818
8044	Spectrogram 1	1	12796.750000	12797.250000	0	0	noise	cluster_noise	0.0000
8045	Spectrogram 1	1	12797.000000	12798.750000	0	0	8	cluster_8	0.9738
8046	Spectrogram 1	1	12798.500000	12799.000000	0	0	3	cluster_3	0.8982
8047	Spectrogram 1	1	12798.750000	12799.250000	0	0	noise	cluster_noise	0.0000
8048	Spectrogram 1	1	12799.000000	12800.750000	0	0	8	cluster_8	0.9277
8049	Spectrogram 1	1	12800.500000	12801.000000	0	0	noise	cluster_noise	0.0000
8050	Spectrogram 1	1	12800.750000	12802.000000	0	0	0	cluster_0	1.0000
8051	Spectrogram 1	1	12801.750000	12803.750000	0	0	8	cluster_8	1.0000
8052	Spectrogram 1	1	12803.500000	12804.250000	0	0	noise	cluster_noise	0.0000
8053	Spectrogram 1	1	12804.000000	12804.500000	0	0	0	cluster_0	0.4827
8054	Spectrogram 1	1	12809.000000	12810.500000	0	0	8	cluster_8	1.0000
8055	Spectrogram 1	1	12810.250000	12810.750000	0	0	3	cluster_3	0.9644
8056	Spectrogram 1	1	12810.500000	12811.000000	0	0	noise	cluster_noise	0.0000
8057	Spectrogram 1	1	12810.750000	12811.250000	0	0	3	cluster_3	0.7334
8058	Spectrogram 1	1	12811.000000	12812.500000	0	0	8	cluster_8	0.9857
8059	Spectrogram 1	1	12812.250000	12813.000000	0	0	noise	cluster_noise	0.0000
8060	Spectrogram 1	1	12812.750000	12813.250000	0	0	8	cluster_8	0.8177
8061	Spectrogram 1	1	12813.000000	12814.250000	0	0	3	cluster_3	1.0000
8062	Spectrogram 1	1	12814.000000	12814.500000	0	0	noise	cluster_noise	0.0000
8063	Spectrogram 1	1	12814.250000	12814.750000	0	0	3	cluster_3	0.8340
8064	Spectrogram 1	1	12814.500000	12815.000000	0	0	noise	cluster_noise	0.0000
8065	Spectrogram 1	1	12814.750000	12815.250000	0	0	3	cluster_3	0.8265
8066	Spectrogram 1	1	12815.000000	12820.000000	0	0	8	cluster_8	0.9600
8067	Spectrogram 1	1	12819.750000	12820.250000	0	0	noise	cluster_noise	0.0000
8068	Spectrogram 1	1	12820.000000	12821.750000	0	0	0	cluster_0	0.8374
8069	Spectrogram 1	1	12821.500000	12823.750000	0	0	8	cluster_8	0.9794
8070	Spectrogram 1	1	12823.500000	12824.000000	0	0	3	cluster_3	0.8533
8071	Spectrogram 1	1	12823.750000	12824.750000	0	0	noise	cluster_noise	0.0000
8072	Spectrogram 1	1	12824.500000	12825.500000	0	0	8	cluster_8	0.9910
8073	Spectrogram 1	1	12825.250000	12826.000000	0	0	3	cluster_3	1.0000
8074	Spectrogram 1	1	12825.750000	12826.750000	0	0	noise	cluster_noise	0.0000
8075	Spectrogram 1	1	12826.500000	12827.250000	0	0	3	cluster_3	0.9042
8076	Spectrogram 1	1	12827.000000	12828.000000	0	0	8	cluster_8	1.0000
8077	Spectrogram 1	1	12827.750000	12828.250000	0	0	noise	cluster_noise	0.0000
8078	Spectrogram 1	1	12828.000000	12828.750000	0	0	3	cluster_3	0.8069
8079	Spectrogram 1	1	12828.500000	12829.500000	0	0	noise	cluster_noise	0.0000
8080	Spectrogram 1	1	12829.250000	12830.750000	0	0	3	cluster_3	0.9212
8081	Spectrogram 1	1	12830.500000	12832.250000	0	0	8	cluster_8	0.9905
8082	Spectrogram 1	1	12832.000000	12833.000000	0	0	0	cluster_0	1.0000
8083	Spectrogram 1	1	12832.750000	12833.250000	0	0	8	cluster_8	1.0000
8084	Spectrogram 1	1	12833.000000	12833.500000	0	0	noise	cluster_noise	0.0000
8085	Spectrogram 1	1	12833.250000	12834.000000	0	0	8	cluster_8	1.0000
8086	Spectrogram 1	1	12833.750000	12834.250000	0	0	noise	cluster_noise	0.0000
8087	Spectrogram 1	1	12834.000000	12835.750000	0	0	8	cluster_8	0.9766
8088	Spectrogram 1	1	12835.500000	12836.000000	0	0	noise	cluster_noise	0.0000
8089	Spectrogram 1	1	12835.750000	12836.500000	0	0	0	cluster_0	1.0000
8090	Spectrogram 1	1	12836.250000	12838.500000	0	0	8	cluster_8	0.9481
8091	Spectrogram 1	1	12838.250000	12838.750000	0	0	noise	cluster_noise	0.0000
8092	Spectrogram 1	1	12838.500000	12841.500000	0	0	8	cluster_8	0.9561
8093	Spectrogram 1	1	12841.250000	12841.750000	0	0	3	cluster_3	0.7314
8094	Spectrogram 1	1	12841.500000	12842.000000	0	0	8	cluster_8	0.8105
8095	Spectrogram 1	1	12841.750000	12842.500000	0	0	noise	cluster_noise	0.0000
8096	Spectrogram 1	1	12842.250000	12843.000000	0	0	8	cluster_8	0.9160
8097	Spectrogram 1	1	12842.750000	12843.750000	0	0	noise	cluster_noise	0.0000
8098	Spectrogram 1	1	12843.500000	12844.000000	0	0	3	cluster_3	0.9558
8099	Spectrogram 1	1	12843.750000	12844.250000	0	0	8	cluster_8	0.9392
8100	Spectrogram 1	1	12844.000000	12845.000000	0	0	noise	cluster_noise	0.0000
8101	Spectrogram 1	1	12844.750000	12845.500000	0	0	3	cluster_3	1.0000
8102	Spectrogram 1	1	12845.250000	12847.250000	0	0	8	cluster_8	0.9776
8103	Spectrogram 1	1	12847.000000	12847.500000	0	0	3	cluster_3	0.7547
8104	Spectrogram 1	1	12847.250000	12860.750000	0	0	8	cluster_8	0.9861
8105	Spectrogram 1	1	12860.500000	12861.750000	0	0	noise	cluster_noise	0.0000
8106	Spectrogram 1	1	12861.500000	12872.000000	0	0	8	cluster_8	1.0000
8107	Spectrogram 1	1	12871.750000	12873.000000	0	0	3	cluster_3	0.9776
8108	Spectrogram 1	1	12872.750000	12874.000000	0	0	8	cluster_8	1.0000
8109	Spectrogram 1	1	12873.750000	12874.250000	0	0	noise	cluster_noise	0.0000
8110	Spectrogram 1	1	12874.000000	12874.750000	0	0	8	cluster_8	1.0000
8111	Spectrogram 1	1	12874.500000	12875.500000	0	0	3	cluster_3	1.0000
8112	Spectrogram 1	1	12881.000000	12882.000000	0	0	8	cluster_8	0.9922
8113	Spectrogram 1	1	12881.750000	12882.500000	0	0	noise	cluster_noise	0.0000
8114	Spectrogram 1	1	12882.250000	12885.250000	0	0	8	cluster_8	0.9811
8115	Spectrogram 1	1	12885.000000	12885.500000	0	0	noise	cluster_noise	0.0000
8116	Spectrogram 1	1	12885.250000	12886.500000	0	0	8	cluster_8	0.9748
8117	Spectrogram 1	1	12889.000000	12889.500000	0	0	3	cluster_3	0.9037
8118	Spectrogram 1	1	12889.250000	12890.500000	0	0	8	cluster_8	1.0000
8119	Spectrogram 1	1	12890.250000	12891.500000	0	0	3	cluster_3	0.9772
8120	Spectrogram 1	1	12894.000000	12897.750000	0	0	8	cluster_8	0.9892
8121	Spectrogram 1	1	12897.500000	12898.750000	0	0	1	cluster_1	0.8913
8122	Spectrogram 1	1	12898.500000	12899.250000	0	0	8	cluster_8	0.8703
8123	Spectrogram 1	1	12899.000000	12899.750000	0	0	noise	cluster_noise	0.0000
8124	Spectrogram 1	1	12899.500000	12911.750000	0	0	8	cluster_8	0.9971
8125	Spectrogram 1	1	12911.500000	12912.000000	0	0	noise	cluster_noise	0.0000
8126	Spectrogram 1	1	12911.750000	12913.250000	0	0	1	cluster_1	0.9868
8127	Spectrogram 1	1	12913.000000	12914.500000	0	0	8	cluster_8	1.0000
8128	Spectrogram 1	1	12920.000000	12920.750000	0	0	1	cluster_1	1.0000
8129	Spectrogram 1	1	12920.500000	12922.250000	0	0	8	cluster_8	1.0000
8130	Spectrogram 1	1	12922.000000	12922.500000	0	0	3	cluster_3	1.0000
8131	Spectrogram 1	1	12922.250000	12923.250000	0	0	1	cluster_1	1.0000
8132	Spectrogram 1	1	12923.000000	12925.750000	0	0	8	cluster_8	0.9962
8133	Spectrogram 1	1	12925.500000	12926.250000	0	0	noise	cluster_noise	0.0000
8134	Spectrogram 1	1	12926.000000	12933.250000	0	0	8	cluster_8	0.9702
8135	Spectrogram 1	1	12933.000000	12934.250000	0	0	1	cluster_1	1.0000
8136	Spectrogram 1	1	12934.000000	12935.000000	0	0	3	cluster_3	0.9554
8137	Spectrogram 1	1	12934.750000	12937.500000	0	0	8	cluster_8	0.9983
8138	Spectrogram 1	1	12937.250000	12938.000000	0	0	3	cluster_3	0.8749
8139	Spectrogram 1	1	12937.750000	12939.000000	0	0	1	cluster_1	0.9344
8140	Spectrogram 1	1	12938.750000	12939.250000	0	0	noise	cluster_noise	0.0000
8141	Spectrogram 1	1	12939.000000	12941.000000	0	0	8	cluster_8	0.9506
8142	Spectrogram 1	1	12940.750000	12942.250000	0	0	noise	cluster_noise	0.0000
8143	Spectrogram 1	1	12942.000000	12946.000000	0	0	8	cluster_8	0.9974
8144	Spectrogram 1	1	12945.750000	12946.250000	0	0	noise	cluster_noise	0.0000
8145	Spectrogram 1	1	12946.000000	12947.500000	0	0	8	cluster_8	0.9775
8146	Spectrogram 1	1	12948.000000	12949.750000	0	0	1	cluster_1	0.9975
8147	Spectrogram 1	1	12949.500000	12950.750000	0	0	8	cluster_8	0.9717
8148	Spectrogram 1	1	12950.500000	12951.000000	0	0	noise	cluster_noise	0.0000
8149	Spectrogram 1	1	12950.750000	12951.250000	0	0	1	cluster_1	1.0000
8150	Spectrogram 1	1	12951.000000	12951.500000	0	0	noise	cluster_noise	0.0000
8151	Spectrogram 1	1	12951.250000	12952.250000	0	0	1	cluster_1	0.9859
8152	Spectrogram 1	1	12952.000000	12965.500000	0	0	8	cluster_8	0.9866
8153	Spectrogram 1	1	12976.000000	12976.500000	0	0	noise	cluster_noise	0.0000
8154	Spectrogram 1	1	12976.250000	12979.250000	0	0	8	cluster_8	0.9898
8155	Spectrogram 1	1	12979.000000	12979.500000	0	0	noise	cluster_noise	0.0000
8156	Spectrogram 1	1	12979.250000	12980.500000	0	0	14	cluster_14	1.0000
8157	Spectrogram 1	1	13005.000000	13005.500000	0	0	noise	cluster_noise	0.0000
8158	Spectrogram 1	1	13005.250000	13006.000000	0	0	8	cluster_8	1.0000
8159	Spectrogram 1	1	13005.750000	13006.500000	0	0	noise	cluster_noise	0.0000
8160	Spectrogram 1	1	13016.000000	13017.000000	0	0	18	cluster_18	0.9028
8161	Spectrogram 1	1	13016.750000	13017.500000	0	0	noise	cluster_noise	0.0000
8162	Spectrogram 1	1	13017.250000	13017.750000	0	0	8	cluster_8	1.0000
8163	Spectrogram 1	1	13017.500000	13018.000000	0	0	noise	cluster_noise	0.0000
8164	Spectrogram 1	1	13017.750000	13018.750000	0	0	18	cluster_18	0.9593
8165	Spectrogram 1	1	13018.500000	13019.000000	0	0	noise	cluster_noise	0.0000
8166	Spectrogram 1	1	13018.750000	13019.500000	0	0	17	cluster_17	0.9786
8167	Spectrogram 1	1	13025.000000	13026.250000	0	0	8	cluster_8	0.9941
8168	Spectrogram 1	1	13026.000000	13026.750000	0	0	noise	cluster_noise	0.0000
8169	Spectrogram 1	1	13026.500000	13027.500000	0	0	18	cluster_18	0.9080
8170	Spectrogram 1	1	13027.250000	13027.750000	0	0	noise	cluster_noise	0.0000
8171	Spectrogram 1	1	13027.500000	13028.000000	0	0	17	cluster_17	0.9979
8172	Spectrogram 1	1	13027.750000	13028.250000	0	0	noise	cluster_noise	0.0000
8173	Spectrogram 1	1	13028.000000	13028.750000	0	0	8	cluster_8	1.0000
8174	Spectrogram 1	1	13028.500000	13029.250000	0	0	noise	cluster_noise	0.0000
8175	Spectrogram 1	1	13029.000000	13029.500000	0	0	18	cluster_18	0.7424
8176	Spectrogram 1	1	13039.000000	13041.500000	0	0	8	cluster_8	0.9636
8177	Spectrogram 1	1	13041.250000	13043.500000	0	0	3	cluster_3	0.9405
8178	Spectrogram 1	1	13047.000000	13048.500000	0	0	noise	cluster_noise	0.0000
8179	Spectrogram 1	1	13048.250000	13049.000000	0	0	3	cluster_3	1.0000
8180	Spectrogram 1	1	13048.750000	13052.250000	0	0	8	cluster_8	0.9942
8181	Spectrogram 1	1	13052.000000	13052.500000	0	0	noise	cluster_noise	0.0000
8182	Spectrogram 1	1	13052.250000	13053.750000	0	0	8	cluster_8	0.9683
8183	Spectrogram 1	1	13053.500000	13054.000000	0	0	noise	cluster_noise	0.0000
8184	Spectrogram 1	1	13053.750000	13054.500000	0	0	3	cluster_3	1.0000
8185	Spectrogram 1	1	13061.000000	13065.500000	0	0	8	cluster_8	0.9883
8186	Spectrogram 1	1	13066.000000	13067.500000	0	0	3	cluster_3	1.0000
8187	Spectrogram 1	1	13067.250000	13067.750000	0	0	noise	cluster_noise	0.0000
8188	Spectrogram 1	1	13067.500000	13068.000000	0	0	8	cluster_8	1.0000
8189	Spectrogram 1	1	13067.750000	13068.250000	0	0	noise	cluster_noise	0.0000
8190	Spectrogram 1	1	13068.000000	13069.500000	0	0	3	cluster_3	0.9314
8191	Spectrogram 1	1	13069.250000	13069.750000	0	0	noise	cluster_noise	0.0000
8192	Spectrogram 1	1	13069.500000	13070.000000	0	0	3	cluster_3	1.0000
8193	Spectrogram 1	1	13069.750000	13078.250000	0	0	8	cluster_8	1.0000
8194	Spectrogram 1	1	13078.000000	13078.750000	0	0	noise	cluster_noise	0.0000
8195	Spectrogram 1	1	13078.500000	13079.500000	0	0	2	cluster_2	0.8194
8196	Spectrogram 1	1	13079.250000	13080.500000	0	0	noise	cluster_noise	0.0000
8197	Spectrogram 1	1	13080.250000	13081.000000	0	0	2	cluster_2	1.0000
8198	Spectrogram 1	1	13080.750000	13081.250000	0	0	noise	cluster_noise	0.0000
8199	Spectrogram 1	1	13081.000000	13083.250000	0	0	8	cluster_8	0.9758
8200	Spectrogram 1	1	13083.000000	13089.500000	0	0	noise	cluster_noise	0.0000
8201	Spectrogram 1	1	13089.250000	13089.750000	0	0	17	cluster_17	0.9594
8202	Spectrogram 1	1	13089.500000	13093.250000	0	0	8	cluster_8	0.9882
8203	Spectrogram 1	1	13093.000000	13093.750000	0	0	3	cluster_3	1.0000
8204	Spectrogram 1	1	13093.500000	13094.000000	0	0	noise	cluster_noise	0.0000
8205	Spectrogram 1	1	13093.750000	13094.500000	0	0	8	cluster_8	0.8982
8206	Spectrogram 1	1	13098.000000	13099.000000	0	0	noise	cluster_noise	0.0000
8207	Spectrogram 1	1	13098.750000	13101.750000	0	0	8	cluster_8	0.9652
8208	Spectrogram 1	1	13101.500000	13103.000000	0	0	noise	cluster_noise	0.0000
8209	Spectrogram 1	1	13102.750000	13104.250000	0	0	8	cluster_8	0.9723
8210	Spectrogram 1	1	13104.000000	13104.500000	0	0	noise	cluster_noise	0.0000
8211	Spectrogram 1	1	13104.250000	13104.750000	0	0	0	cluster_0	0.3869
8212	Spectrogram 1	1	13104.500000	13106.000000	0	0	8	cluster_8	0.9795
8213	Spectrogram 1	1	13105.750000	13106.500000	0	0	noise	cluster_noise	0.0000
8214	Spectrogram 1	1	13106.250000	13107.500000	0	0	8	cluster_8	0.9997
8215	Spectrogram 1	1	13107.250000	13107.750000	0	0	0	cluster_0	0.5153
8216	Spectrogram 1	1	13107.500000	13108.000000	0	0	noise	cluster_noise	0.0000
8217	Spectrogram 1	1	13107.750000	13110.250000	0	0	8	cluster_8	0.9877
8218	Spectrogram 1	1	13110.000000	13110.750000	0	0	noise	cluster_noise	0.0000
8219	Spectrogram 1	1	13110.500000	13111.000000	0	0	8	cluster_8	0.8266
8220	Spectrogram 1	1	13110.750000	13111.500000	0	0	noise	cluster_noise	0.0000
8221	Spectrogram 1	1	13111.250000	13111.750000	0	0	1	cluster_1	0.9343
8222	Spectrogram 1	1	13111.500000	13112.500000	0	0	noise	cluster_noise	0.0000
8223	Spectrogram 1	1	13119.000000	13119.500000	0	0	8	cluster_8	0.7956
8224	Spectrogram 1	1	13119.250000	13119.750000	0	0	noise	cluster_noise	0.0000
8225	Spectrogram 1	1	13119.500000	13124.500000	0	0	8	cluster_8	0.9825
8226	Spectrogram 1	1	13124.250000	13125.500000	0	0	noise	cluster_noise	0.0000
8227	Spectrogram 1	1	13129.000000	13130.500000	0	0	8	cluster_8	0.9620
8228	Spectrogram 1	1	13130.250000	13131.000000	0	0	noise	cluster_noise	0.0000
8229	Spectrogram 1	1	13130.750000	13131.250000	0	0	8	cluster_8	1.0000
8230	Spectrogram 1	1	13131.000000	13131.750000	0	0	noise	cluster_noise	0.0000
8231	Spectrogram 1	1	13131.500000	13132.000000	0	0	8	cluster_8	0.8661
8232	Spectrogram 1	1	13131.750000	13132.250000	0	0	noise	cluster_noise	0.0000
8233	Spectrogram 1	1	13132.000000	13132.500000	0	0	8	cluster_8	1.0000
8234	Spectrogram 1	1	13132.250000	13132.750000	0	0	0	cluster_0	0.3978
8235	Spectrogram 1	1	13132.500000	13133.000000	0	0	8	cluster_8	0.9484
8236	Spectrogram 1	1	13132.750000	13133.250000	0	0	noise	cluster_noise	0.0000
8237	Spectrogram 1	1	13133.000000	13134.250000	0	0	8	cluster_8	0.9503
8238	Spectrogram 1	1	13134.000000	13134.500000	0	0	noise	cluster_noise	0.0000
8239	Spectrogram 1	1	13134.250000	13135.500000	0	0	8	cluster_8	0.9675
8240	Spectrogram 1	1	13139.000000	13139.500000	0	0	noise	cluster_noise	0.0000
8241	Spectrogram 1	1	13139.250000	13140.000000	0	0	22	cluster_22	1.0000
8242	Spectrogram 1	1	13139.750000	13141.250000	0	0	noise	cluster_noise	0.0000
8243	Spectrogram 1	1	13141.000000	13141.500000	0	0	8	cluster_8	1.0000
8244	Spectrogram 1	1	13141.250000	13142.000000	0	0	3	cluster_3	0.8227
8245	Spectrogram 1	1	13141.750000	13143.500000	0	0	8	cluster_8	0.9559
8246	Spectrogram 1	1	13143.250000	13144.750000	0	0	noise	cluster_noise	0.0000
8247	Spectrogram 1	1	13144.500000	13147.500000	0	0	8	cluster_8	0.9708
8248	Spectrogram 1	1	13147.250000	13147.750000	0	0	noise	cluster_noise	0.0000
8249	Spectrogram 1	1	13147.500000	13148.500000	0	0	0	cluster_0	0.5677
8250	Spectrogram 1	1	13148.250000	13148.750000	0	0	noise	cluster_noise	0.0000
8251	Spectrogram 1	1	13148.500000	13149.750000	0	0	8	cluster_8	0.9900
8252	Spectrogram 1	1	13149.500000	13150.000000	0	0	noise	cluster_noise	0.0000
8253	Spectrogram 1	1	13149.750000	13150.750000	0	0	8	cluster_8	1.0000
8254	Spectrogram 1	1	13150.500000	13151.000000	0	0	noise	cluster_noise	0.0000
8255	Spectrogram 1	1	13150.750000	13153.750000	0	0	8	cluster_8	0.9560
8256	Spectrogram 1	1	13153.500000	13154.250000	0	0	noise	cluster_noise	0.0000
8257	Spectrogram 1	1	13154.000000	13156.750000	0	0	8	cluster_8	1.0000
8258	Spectrogram 1	1	13156.500000	13157.000000	0	0	noise	cluster_noise	0.0000
8259	Spectrogram 1	1	13156.750000	13158.750000	0	0	8	cluster_8	0.9617
8260	Spectrogram 1	1	13158.500000	13159.000000	0	0	noise	cluster_noise	0.0000
8261	Spectrogram 1	1	13158.750000	13159.750000	0	0	0	cluster_0	0.6219
8262	Spectrogram 1	1	13159.500000	13162.750000	0	0	8	cluster_8	0.9646
8263	Spectrogram 1	1	13162.500000	13163.750000	0	0	0	cluster_0	0.6082
8264	Spectrogram 1	1	13163.500000	13174.750000	0	0	8	cluster_8	0.9881
8265	Spectrogram 1	1	13174.500000	13175.000000	0	0	noise	cluster_noise	0.0000
8266	Spectrogram 1	1	13174.750000	13175.750000	0	0	0	cluster_0	0.5860
8267	Spectrogram 1	1	13175.500000	13176.250000	0	0	noise	cluster_noise	0.0000
8268	Spectrogram 1	1	13176.000000	13178.500000	0	0	8	cluster_8	0.9593
8269	Spectrogram 1	1	13178.250000	13179.500000	0	0	0	cluster_0	0.8385
8270	Spectrogram 1	1	13185.000000	13189.000000	0	0	8	cluster_8	0.9996
8271	Spectrogram 1	1	13188.750000	13189.250000	0	0	noise	cluster_noise	0.0000
8272	Spectrogram 1	1	13189.000000	13189.500000	0	0	8	cluster_8	1.0000
8273	Spectrogram 1	1	13189.250000	13190.000000	0	0	noise	cluster_noise	0.0000
8274	Spectrogram 1	1	13189.750000	13191.500000	0	0	8	cluster_8	0.9704
8275	Spectrogram 1	1	13191.250000	13191.750000	0	0	noise	cluster_noise	0.0000
8276	Spectrogram 1	1	13191.500000	13192.750000	0	0	0	cluster_0	0.8833
8277	Spectrogram 1	1	13192.500000	13198.250000	0	0	8	cluster_8	0.9820
8278	Spectrogram 1	1	13198.000000	13200.500000	0	0	noise	cluster_noise	0.0000
8279	Spectrogram 1	1	13200.250000	13201.000000	0	0	3	cluster_3	1.0000
8280	Spectrogram 1	1	13200.750000	13201.250000	0	0	noise	cluster_noise	0.0000
8281	Spectrogram 1	1	13201.000000	13201.750000	0	0	3	cluster_3	1.0000
8282	Spectrogram 1	1	13201.500000	13202.250000	0	0	8	cluster_8	0.8750
8283	Spectrogram 1	1	13202.000000	13202.500000	0	0	noise	cluster_noise	0.0000
8284	Spectrogram 1	1	13202.250000	13203.000000	0	0	8	cluster_8	1.0000
8285	Spectrogram 1	1	13202.750000	13203.500000	0	0	noise	cluster_noise	0.0000
8286	Spectrogram 1	1	13203.250000	13203.750000	0	0	3	cluster_3	1.0000
8287	Spectrogram 1	1	13203.500000	13204.250000	0	0	noise	cluster_noise	0.0000
8288	Spectrogram 1	1	13204.000000	13204.500000	0	0	8	cluster_8	0.9334
8289	Spectrogram 1	1	13204.250000	13204.750000	0	0	noise	cluster_noise	0.0000
8290	Spectrogram 1	1	13204.500000	13205.000000	0	0	3	cluster_3	1.0000
8291	Spectrogram 1	1	13204.750000	13212.500000	0	0	8	cluster_8	0.9744
8292	Spectrogram 1	1	13212.250000	13212.750000	0	0	3	cluster_3	1.0000
8293	Spectrogram 1	1	13212.500000	13214.000000	0	0	8	cluster_8	0.9683
8294	Spectrogram 1	1	13213.750000	13214.250000	0	0	noise	cluster_noise	0.0000
8295	Spectrogram 1	1	13214.000000	13215.250000	0	0	11	cluster_11	0.4730
8296	Spectrogram 1	1	13215.000000	13215.500000	0	0	noise	cluster_noise	0.0000
8297	Spectrogram 1	1	13215.250000	13216.500000	0	0	8	cluster_8	0.9948
8298	Spectrogram 1	1	13216.250000	13217.000000	0	0	noise	cluster_noise	0.0000
8299	Spectrogram 1	1	13216.750000	13217.500000	0	0	11	cluster_11	0.3965
8300	Spectrogram 1	1	13217.250000	13217.750000	0	0	noise	cluster_noise	0.0000
8301	Spectrogram 1	1	13217.500000	13218.000000	0	0	11	cluster_11	0.3820
8302	Spectrogram 1	1	13217.750000	13218.250000	0	0	noise	cluster_noise	0.0000
8303	Spectrogram 1	1	13218.000000	13218.500000	0	0	11	cluster_11	0.4364
8304	Spectrogram 1	1	13218.250000	13219.500000	0	0	8	cluster_8	0.9258
8305	Spectrogram 1	1	13219.250000	13221.000000	0	0	noise	cluster_noise	0.0000
8306	Spectrogram 1	1	13220.750000	13221.250000	0	0	8	cluster_8	1.0000
8307	Spectrogram 1	1	13221.000000	13222.000000	0	0	noise	cluster_noise	0.0000
8308	Spectrogram 1	1	13221.750000	13222.500000	0	0	11	cluster_11	0.4868
8309	Spectrogram 1	1	13222.250000	13223.250000	0	0	noise	cluster_noise	0.0000
8310	Spectrogram 1	1	13223.000000	13224.250000	0	0	8	cluster_8	1.0000
8311	Spectrogram 1	1	13224.000000	13224.500000	0	0	3	cluster_3	1.0000
8312	Spectrogram 1	1	13225.000000	13226.750000	0	0	8	cluster_8	1.0000
8313	Spectrogram 1	1	13226.500000	13227.500000	0	0	3	cluster_3	0.9056
8314	Spectrogram 1	1	13227.250000	13229.500000	0	0	8	cluster_8	1.0000
8315	Spectrogram 1	1	13229.250000	13230.250000	0	0	3	cluster_3	1.0000
8316	Spectrogram 1	1	13230.000000	13230.500000	0	0	noise	cluster_noise	0.0000
8317	Spectrogram 1	1	13230.250000	13230.750000	0	0	3	cluster_3	0.8101
8318	Spectrogram 1	1	13230.500000	13232.250000	0	0	8	cluster_8	0.9918
8319	Spectrogram 1	1	13232.000000	13232.750000	0	0	3	cluster_3	0.7985
8320	Spectrogram 1	1	13232.500000	13233.750000	0	0	8	cluster_8	1.0000
8321	Spectrogram 1	1	13233.500000	13234.000000	0	0	noise	cluster_noise	0.0000
8322	Spectrogram 1	1	13233.750000	13234.750000	0	0	11	cluster_11	0.5081
8323	Spectrogram 1	1	13234.500000	13235.750000	0	0	8	cluster_8	0.9559
8324	Spectrogram 1	1	13235.500000	13236.000000	0	0	noise	cluster_noise	0.0000
8325	Spectrogram 1	1	13235.750000	13238.000000	0	0	11	cluster_11	0.5612
8326	Spectrogram 1	1	13237.750000	13238.250000	0	0	noise	cluster_noise	0.0000
8327	Spectrogram 1	1	13238.000000	13239.000000	0	0	8	cluster_8	1.0000
8328	Spectrogram 1	1	13238.750000	13239.250000	0	0	noise	cluster_noise	0.0000
8329	Spectrogram 1	1	13239.000000	13242.000000	0	0	11	cluster_11	0.7015
8330	Spectrogram 1	1	13241.750000	13242.250000	0	0	noise	cluster_noise	0.0000
8331	Spectrogram 1	1	13242.000000	13243.250000	0	0	8	cluster_8	0.9678
8332	Spectrogram 1	1	13243.000000	13243.500000	0	0	noise	cluster_noise	0.0000
8333	Spectrogram 1	1	13243.250000	13244.500000	0	0	3	cluster_3	0.9453
8334	Spectrogram 1	1	13244.250000	13246.000000	0	0	8	cluster_8	0.9738
8335	Spectrogram 1	1	13245.750000	13247.000000	0	0	3	cluster_3	1.0000
8336	Spectrogram 1	1	13246.750000	13247.250000	0	0	noise	cluster_noise	0.0000
8337	Spectrogram 1	1	13247.000000	13248.750000	0	0	8	cluster_8	0.9497
8338	Spectrogram 1	1	13248.500000	13249.750000	0	0	3	cluster_3	0.9925
8339	Spectrogram 1	1	13249.500000	13250.000000	0	0	noise	cluster_noise	0.0000
8340	Spectrogram 1	1	13249.750000	13251.500000	0	0	8	cluster_8	1.0000
8341	Spectrogram 1	1	13251.250000	13252.750000	0	0	3	cluster_3	1.0000
8342	Spectrogram 1	1	13252.500000	13254.250000	0	0	8	cluster_8	0.9678
8343	Spectrogram 1	1	13254.000000	13255.250000	0	0	3	cluster_3	0.9789
8344	Spectrogram 1	1	13255.000000	13255.500000	0	0	1	cluster_1	1.0000
8345	Spectrogram 1	1	13255.250000	13256.750000	0	0	8	cluster_8	1.0000
8346	Spectrogram 1	1	13256.500000	13257.000000	0	0	noise	cluster_noise	0.0000
8347	Spectrogram 1	1	13256.750000	13257.250000	0	0	8	cluster_8	0.9809
8348	Spectrogram 1	1	13257.000000	13257.500000	0	0	noise	cluster_noise	0.0000
8349	Spectrogram 1	1	13257.250000	13258.500000	0	0	3	cluster_3	0.9714
8350	Spectrogram 1	1	13258.250000	13260.250000	0	0	8	cluster_8	1.0000
8351	Spectrogram 1	1	13260.000000	13261.500000	0	0	3	cluster_3	0.9837
8352	Spectrogram 1	1	13261.250000	13263.500000	0	0	8	cluster_8	0.9687
8353	Spectrogram 1	1	13263.250000	13264.750000	0	0	3	cluster_3	1.0000
8354	Spectrogram 1	1	13264.500000	13265.000000	0	0	noise	cluster_noise	0.0000
8355	Spectrogram 1	1	13264.750000	13267.250000	0	0	8	cluster_8	1.0000
8356	Spectrogram 1	1	13267.000000	13267.500000	0	0	noise	cluster_noise	0.0000
8357	Spectrogram 1	1	13267.250000	13268.750000	0	0	1	cluster_1	0.9625
8358	Spectrogram 1	1	13268.500000	13269.000000	0	0	noise	cluster_noise	0.0000
8359	Spectrogram 1	1	13268.750000	13271.250000	0	0	8	cluster_8	1.0000
8360	Spectrogram 1	1	13271.000000	13271.500000	0	0	noise	cluster_noise	0.0000
8361	Spectrogram 1	1	13271.250000	13271.750000	0	0	8	cluster_8	1.0000
8362	Spectrogram 1	1	13271.500000	13273.000000	0	0	3	cluster_3	0.9997
8363	Spectrogram 1	1	13272.750000	13275.000000	0	0	8	cluster_8	1.0000
8364	Spectrogram 1	1	13274.750000	13276.750000	0	0	3	cluster_3	0.9926
8365	Spectrogram 1	1	13276.500000	13278.000000	0	0	8	cluster_8	1.0000
8366	Spectrogram 1	1	13277.750000	13279.500000	0	0	3	cluster_3	1.0000
8367	Spectrogram 1	1	13279.250000	13281.000000	0	0	8	cluster_8	0.9867
8368	Spectrogram 1	1	13280.750000	13282.500000	0	0	3	cluster_3	1.0000
8369	Spectrogram 1	1	13282.250000	13284.750000	0	0	8	cluster_8	0.9936
8370	Spectrogram 1	1	13284.500000	13286.250000	0	0	1	cluster_1	0.9251
8371	Spectrogram 1	1	13286.000000	13288.750000	0	0	8	cluster_8	1.0000
8372	Spectrogram 1	1	13288.500000	13290.250000	0	0	3	cluster_3	1.0000
8373	Spectrogram 1	1	13290.000000	13290.500000	0	0	7	cluster_7	0.9075
8374	Spectrogram 1	1	13290.250000	13292.500000	0	0	8	cluster_8	0.9910
8375	Spectrogram 1	1	13292.250000	13293.500000	0	0	3	cluster_3	0.9514
8376	Spectrogram 1	1	13294.000000	13295.250000	0	0	8	cluster_8	0.9761
8377	Spectrogram 1	1	13295.000000	13296.750000	0	0	3	cluster_3	1.0000
8378	Spectrogram 1	1	13296.500000	13298.750000	0	0	8	cluster_8	0.9971
8379	Spectrogram 1	1	13298.500000	13299.000000	0	0	3	cluster_3	0.7821
8380	Spectrogram 1	1	13298.750000	13300.500000	0	0	1	cluster_1	0.9639
8381	Spectrogram 1	1	13300.250000	13302.750000	0	0	8	cluster_8	1.0000
8382	Spectrogram 1	1	13302.500000	13303.000000	0	0	noise	cluster_noise	0.0000
8383	Spectrogram 1	1	13302.750000	13304.500000	0	0	3	cluster_3	1.0000
8384	Spectrogram 1	1	13304.250000	13306.500000	0	0	8	cluster_8	0.9785
8385	Spectrogram 1	1	13306.250000	13307.750000	0	0	3	cluster_3	1.0000
8386	Spectrogram 1	1	13307.500000	13308.750000	0	0	8	cluster_8	1.0000
8387	Spectrogram 1	1	13308.500000	13309.000000	0	0	3	cluster_3	1.0000
8388	Spectrogram 1	1	13308.750000	13309.250000	0	0	noise	cluster_noise	0.0000
8389	Spectrogram 1	1	13309.000000	13310.750000	0	0	3	cluster_3	1.0000
8390	Spectrogram 1	1	13310.500000	13312.750000	0	0	8	cluster_8	0.9845
8391	Spectrogram 1	1	13312.500000	13313.000000	0	0	noise	cluster_noise	0.0000
8392	Spectrogram 1	1	13312.750000	13314.250000	0	0	1	cluster_1	0.9418
8393	Spectrogram 1	1	13314.000000	13314.750000	0	0	noise	cluster_noise	0.0000
8394	Spectrogram 1	1	13314.500000	13317.250000	0	0	8	cluster_8	0.9936
8395	Spectrogram 1	1	13317.000000	13317.500000	0	0	noise	cluster_noise	0.0000
8396	Spectrogram 1	1	13317.250000	13319.000000	0	0	3	cluster_3	0.9653
8397	Spectrogram 1	1	13318.750000	13320.500000	0	0	8	cluster_8	0.9765
8398	Spectrogram 1	1	13320.250000	13322.250000	0	0	3	cluster_3	0.9674
8399	Spectrogram 1	1	13322.000000	13322.500000	0	0	8	cluster_8	1.0000
8400	Spectrogram 1	1	13325.000000	13325.500000	0	0	3	cluster_3	1.0000
8401	Spectrogram 1	1	13325.250000	13326.500000	0	0	8	cluster_8	0.9961
8402	Spectrogram 1	1	13327.000000	13327.500000	0	0	noise	cluster_noise	0.0000
8403	Spectrogram 1	1	13327.250000	13328.500000	0	0	1	cluster_1	1.0000
8404	Spectrogram 1	1	13328.250000	13328.750000	0	0	3	cluster_3	0.8021
8405	Spectrogram 1	1	13328.500000	13329.000000	0	0	1	cluster_1	0.6133
8406	Spectrogram 1	1	13328.750000	13329.250000	0	0	noise	cluster_noise	0.0000
8407	Spectrogram 1	1	13329.000000	13330.250000	0	0	8	cluster_8	0.9953
8408	Spectrogram 1	1	13330.000000	13330.500000	0	0	noise	cluster_noise	0.0000
8409	Spectrogram 1	1	13330.250000	13331.250000	0	0	8	cluster_8	0.9697
8410	Spectrogram 1	1	13331.000000	13332.500000	0	0	3	cluster_3	0.9344
8411	Spectrogram 1	1	13334.000000	13334.750000	0	0	8	cluster_8	1.0000
8412	Spectrogram 1	1	13334.500000	13335.500000	0	0	1	cluster_1	0.9707
8413	Spectrogram 1	1	13337.000000	13337.500000	0	0	noise	cluster_noise	0.0000
8414	Spectrogram 1	1	13337.250000	13338.500000	0	0	1	cluster_1	1.0000
8415	Spectrogram 1	1	13338.250000	13339.000000	0	0	noise	cluster_noise	0.0000
8416	Spectrogram 1	1	13338.750000	13340.250000	0	0	8	cluster_8	0.9971
8417	Spectrogram 1	1	13340.000000	13342.750000	0	0	noise	cluster_noise	0.0000
8418	Spectrogram 1	1	13342.500000	13344.250000	0	0	8	cluster_8	0.9925
8419	Spectrogram 1	1	13344.000000	13346.250000	0	0	3	cluster_3	0.9717
8420	Spectrogram 1	1	13346.000000	13347.500000	0	0	8	cluster_8	0.9736
8421	Spectrogram 1	1	13350.000000	13351.500000	0	0	1	cluster_1	0.9279
8422	Spectrogram 1	1	13375.000000	13375.500000	0	0	noise	cluster_noise	0.0000
8423	Spectrogram 1	1	13375.250000	13376.500000	0	0	1	cluster_1	0.8865
8424	Spectrogram 1	1	13376.250000	13383.500000	0	0	8	cluster_8	0.9684
8425	Spectrogram 1	1	13383.250000	13383.750000	0	0	3	cluster_3	0.7417
8426	Spectrogram 1	1	13383.500000	13384.500000	0	0	8	cluster_8	0.9893
8427	Spectrogram 1	1	13385.000000	13385.500000	0	0	noise	cluster_noise	0.0000
8428	Spectrogram 1	1	13385.250000	13386.500000	0	0	1	cluster_1	0.9000
8429	Spectrogram 1	1	13386.250000	13387.000000	0	0	8	cluster_8	1.0000
8430	Spectrogram 1	1	13386.750000	13387.250000	0	0	noise	cluster_noise	0.0000
8431	Spectrogram 1	1	13387.000000	13387.500000	0	0	8	cluster_8	1.0000
8432	Spectrogram 1	1	13387.250000	13387.750000	0	0	13	cluster_13	1.0000
8433	Spectrogram 1	1	13387.500000	13388.250000	0	0	noise	cluster_noise	0.0000
8434	Spectrogram 1	1	13388.000000	13388.750000	0	0	1	cluster_1	1.0000
8435	Spectrogram 1	1	13388.500000	13389.000000	0	0	noise	cluster_noise	0.0000
8436	Spectrogram 1	1	13388.750000	13391.000000	0	0	8	cluster_8	0.9850
8437	Spectrogram 1	1	13390.750000	13392.500000	0	0	noise	cluster_noise	0.0000
8438	Spectrogram 1	1	13393.000000	13394.250000	0	0	8	cluster_8	0.9970
8439	Spectrogram 1	1	13394.000000	13394.500000	0	0	7	cluster_7	1.0000
8440	Spectrogram 1	1	13398.000000	13398.500000	0	0	1	cluster_1	1.0000
8441	Spectrogram 1	1	13398.250000	13399.750000	0	0	8	cluster_8	0.9946
8442	Spectrogram 1	1	13399.500000	13400.000000	0	0	13	cluster_13	0.6782
8443	Spectrogram 1	1	13399.750000	13401.000000	0	0	1	cluster_1	0.8091
8444	Spectrogram 1	1	13400.750000	13403.250000	0	0	8	cluster_8	0.9734
8445	Spectrogram 1	1	13403.000000	13403.500000	0	0	noise	cluster_noise	0.0000
8446	Spectrogram 1	1	13416.000000	13416.750000	0	0	3	cluster_3	1.0000
8447	Spectrogram 1	1	13416.500000	13418.500000	0	0	8	cluster_8	0.9999
8448	Spectrogram 1	1	13418.250000	13419.000000	0	0	3	cluster_3	1.0000
8449	Spectrogram 1	1	13418.750000	13419.250000	0	0	noise	cluster_noise	0.0000
8450	Spectrogram 1	1	13419.000000	13420.500000	0	0	8	cluster_8	1.0000
8451	Spectrogram 1	1	13430.000000	13430.750000	0	0	3	cluster_3	0.9577
8452	Spectrogram 1	1	13430.500000	13431.000000	0	0	noise	cluster_noise	0.0000
8453	Spectrogram 1	1	13430.750000	13432.250000	0	0	8	cluster_8	1.0000
8454	Spectrogram 1	1	13432.000000	13432.750000	0	0	3	cluster_3	0.9510
8455	Spectrogram 1	1	13432.500000	13433.000000	0	0	8	cluster_8	1.0000
8456	Spectrogram 1	1	13432.750000	13434.500000	0	0	noise	cluster_noise	0.0000
8457	Spectrogram 1	1	13434.250000	13435.500000	0	0	8	cluster_8	0.9948
8458	Spectrogram 1	1	13444.000000	13445.500000	0	0	noise	cluster_noise	0.0000
8459	Spectrogram 1	1	13445.250000	13447.750000	0	0	8	cluster_8	1.0000
8460	Spectrogram 1	1	13447.500000	13448.250000	0	0	noise	cluster_noise	0.0000
8461	Spectrogram 1	1	13448.000000	13448.750000	0	0	18	cluster_18	0.9975
8462	Spectrogram 1	1	13448.500000	13449.000000	0	0	19	cluster_19	0.8707
8463	Spectrogram 1	1	13448.750000	13449.250000	0	0	noise	cluster_noise	0.0000
8464	Spectrogram 1	1	13449.000000	13449.500000	0	0	8	cluster_8	0.8900
8465	Spectrogram 1	1	13459.000000	13459.500000	0	0	noise	cluster_noise	0.0000
8466	Spectrogram 1	1	13459.250000	13460.250000	0	0	21	cluster_21	0.9238
8467	Spectrogram 1	1	13460.000000	13460.750000	0	0	noise	cluster_noise	0.0000
8468	Spectrogram 1	1	13460.500000	13461.250000	0	0	8	cluster_8	0.8561
8469	Spectrogram 1	1	13461.000000	13461.500000	0	0	noise	cluster_noise	0.0000
8470	Spectrogram 1	1	13461.250000	13463.250000	0	0	8	cluster_8	0.9809
8471	Spectrogram 1	1	13463.000000	13466.500000	0	0	noise	cluster_noise	0.0000
8472	Spectrogram 1	1	13466.250000	13468.000000	0	0	8	cluster_8	1.0000
8473	Spectrogram 1	1	13467.750000	13468.250000	0	0	noise	cluster_noise	0.0000
8474	Spectrogram 1	1	13468.000000	13468.500000	0	0	8	cluster_8	0.8817
8475	Spectrogram 1	1	13468.250000	13468.750000	0	0	noise	cluster_noise	0.0000
8476	Spectrogram 1	1	13468.500000	13469.250000	0	0	8	cluster_8	0.8928
8477	Spectrogram 1	1	13469.000000	13469.500000	0	0	noise	cluster_noise	0.0000
8478	Spectrogram 1	1	13469.250000	13469.750000	0	0	8	cluster_8	1.0000
8479	Spectrogram 1	1	13469.500000	13470.000000	0	0	noise	cluster_noise	0.0000
8480	Spectrogram 1	1	13469.750000	13470.500000	0	0	8	cluster_8	0.8639
8481	Spectrogram 1	1	13470.250000	13470.750000	0	0	noise	cluster_noise	0.0000
8482	Spectrogram 1	1	13470.500000	13471.500000	0	0	8	cluster_8	0.9476
8483	Spectrogram 1	1	13471.250000	13471.750000	0	0	noise	cluster_noise	0.0000
8484	Spectrogram 1	1	13471.500000	13472.750000	0	0	8	cluster_8	0.8967
8485	Spectrogram 1	1	13472.500000	13473.250000	0	0	noise	cluster_noise	0.0000
8486	Spectrogram 1	1	13473.000000	13474.500000	0	0	8	cluster_8	1.0000
8487	Spectrogram 1	1	13474.250000	13475.000000	0	0	noise	cluster_noise	0.0000
8488	Spectrogram 1	1	13474.750000	13476.250000	0	0	21	cluster_21	0.8458
8489	Spectrogram 1	1	13476.000000	13480.500000	0	0	noise	cluster_noise	0.0000
8490	Spectrogram 1	1	13480.250000	13482.000000	0	0	8	cluster_8	0.9859
8491	Spectrogram 1	1	13481.750000	13482.250000	0	0	noise	cluster_noise	0.0000
8492	Spectrogram 1	1	13482.000000	13483.000000	0	0	8	cluster_8	1.0000
8493	Spectrogram 1	1	13482.750000	13483.250000	0	0	noise	cluster_noise	0.0000
8494	Spectrogram 1	1	13483.000000	13483.750000	0	0	8	cluster_8	0.9349
8495	Spectrogram 1	1	13483.500000	13484.250000	0	0	noise	cluster_noise	0.0000
8496	Spectrogram 1	1	13484.000000	13484.750000	0	0	8	cluster_8	1.0000
8497	Spectrogram 1	1	13484.500000	13485.000000	0	0	noise	cluster_noise	0.0000
8498	Spectrogram 1	1	13484.750000	13485.500000	0	0	8	cluster_8	1.0000
8499	Spectrogram 1	1	13485.250000	13485.750000	0	0	noise	cluster_noise	0.0000
8500	Spectrogram 1	1	13485.500000	13486.500000	0	0	8	cluster_8	0.9250
8501	Spectrogram 1	1	13486.250000	13486.750000	0	0	noise	cluster_noise	0.0000
8502	Spectrogram 1	1	13486.500000	13487.500000	0	0	8	cluster_8	0.9692
8503	Spectrogram 1	1	13487.250000	13487.750000	0	0	noise	cluster_noise	0.0000
8504	Spectrogram 1	1	13487.500000	13489.500000	0	0	8	cluster_8	0.9916
8505	Spectrogram 1	1	13489.250000	13490.000000	0	0	noise	cluster_noise	0.0000
8506	Spectrogram 1	1	13489.750000	13490.500000	0	0	21	cluster_21	1.0000
8507	Spectrogram 1	1	13492.000000	13493.500000	0	0	8	cluster_8	0.8888
8508	Spectrogram 1	1	13493.250000	13493.750000	0	0	noise	cluster_noise	0.0000
8509	Spectrogram 1	1	13493.500000	13494.000000	0	0	8	cluster_8	0.9278
8510	Spectrogram 1	1	13493.750000	13494.250000	0	0	noise	cluster_noise	0.0000
8511	Spectrogram 1	1	13494.000000	13495.000000	0	0	18	cluster_18	0.9634
8512	Spectrogram 1	1	13494.750000	13495.500000	0	0	noise	cluster_noise	0.0000
8513	Spectrogram 1	1	13495.250000	13499.000000	0	0	8	cluster_8	0.9657
8514	Spectrogram 1	1	13498.750000	13499.250000	0	0	noise	cluster_noise	0.0000
8515	Spectrogram 1	1	13499.000000	13504.750000	0	0	8	cluster_8	0.9814
8516	Spectrogram 1	1	13504.500000	13505.250000	0	0	noise	cluster_noise	0.0000
8517	Spectrogram 1	1	13505.000000	13506.000000	0	0	21	cluster_21	0.9049
8518	Spectrogram 1	1	13505.750000	13507.250000	0	0	noise	cluster_noise	0.0000
8519	Spectrogram 1	1	13507.000000	13509.750000	0	0	8	cluster_8	0.9809
8520	Spectrogram 1	1	13509.500000	13510.250000	0	0	noise	cluster_noise	0.0000
8521	Spectrogram 1	1	13510.000000	13511.500000	0	0	8	cluster_8	0.9105
8522	Spectrogram 1	1	13511.250000	13511.750000	0	0	7	cluster_7	1.0000
8523	Spectrogram 1	1	13511.500000	13512.250000	0	0	3	cluster_3	1.0000
8524	Spectrogram 1	1	13512.000000	13512.750000	0	0	8	cluster_8	0.9012
8525	Spectrogram 1	1	13512.500000	13513.000000	0	0	noise	cluster_noise	0.0000
8526	Spectrogram 1	1	13512.750000	13514.500000	0	0	3	cluster_3	1.0000
8527	Spectrogram 1	1	13514.250000	13515.500000	0	0	8	cluster_8	1.0000
8528	Spectrogram 1	1	13517.000000	13517.500000	0	0	noise	cluster_noise	0.0000
8529	Spectrogram 1	1	13517.250000	13517.750000	0	0	0	cluster_0	0.6823
8530	Spectrogram 1	1	13517.500000	13518.750000	0	0	noise	cluster_noise	0.0000
8531	Spectrogram 1	1	13518.500000	13521.750000	0	0	8	cluster_8	0.9996
8532	Spectrogram 1	1	13521.500000	13522.000000	0	0	noise	cluster_noise	0.0000
8533	Spectrogram 1	1	13521.750000	13522.500000	0	0	8	cluster_8	0.9048
8534	Spectrogram 1	1	13522.250000	13523.000000	0	0	noise	cluster_noise	0.0000
8535	Spectrogram 1	1	13522.750000	13523.250000	0	0	8	cluster_8	1.0000
8536	Spectrogram 1	1	13523.000000	13524.250000	0	0	noise	cluster_noise	0.0000
8537	Spectrogram 1	1	13524.000000	13524.500000	0	0	3	cluster_3	0.7792
8538	Spectrogram 1	1	13524.250000	13524.750000	0	0	8	cluster_8	1.0000
8539	Spectrogram 1	1	13524.500000	13525.500000	0	0	noise	cluster_noise	0.0000
8540	Spectrogram 1	1	13525.250000	13526.500000	0	0	3	cluster_3	0.9886
8541	Spectrogram 1	1	13526.250000	13526.750000	0	0	noise	cluster_noise	0.0000
8542	Spectrogram 1	1	13526.500000	13528.500000	0	0	8	cluster_8	0.9882
8543	Spectrogram 1	1	13529.000000	13530.750000	0	0	noise	cluster_noise	0.0000
8544	Spectrogram 1	1	13530.500000	13531.000000	0	0	8	cluster_8	0.8496
8545	Spectrogram 1	1	13530.750000	13531.250000	0	0	noise	cluster_noise	0.0000
8546	Spectrogram 1	1	13531.000000	13535.250000	0	0	8	cluster_8	0.9740
8547	Spectrogram 1	1	13535.000000	13535.500000	0	0	noise	cluster_noise	0.0000
8548	Spectrogram 1	1	13535.250000	13537.250000	0	0	3	cluster_3	1.0000
8549	Spectrogram 1	1	13537.000000	13538.000000	0	0	8	cluster_8	0.9816
8550	Spectrogram 1	1	13537.750000	13539.000000	0	0	3	cluster_3	1.0000
8551	Spectrogram 1	1	13538.750000	13540.500000	0	0	8	cluster_8	1.0000
8552	Spectrogram 1	1	13543.000000	13543.500000	0	0	noise	cluster_noise	0.0000
8553	Spectrogram 1	1	13543.250000	13546.500000	0	0	8	cluster_8	1.0000
8554	Spectrogram 1	1	13546.250000	13547.000000	0	0	noise	cluster_noise	0.0000
8555	Spectrogram 1	1	13546.750000	13547.250000	0	0	7	cluster_7	0.8790
8556	Spectrogram 1	1	13547.000000	13547.750000	0	0	noise	cluster_noise	0.0000
8557	Spectrogram 1	1	13547.500000	13548.750000	0	0	8	cluster_8	1.0000
8558	Spectrogram 1	1	13548.500000	13549.250000	0	0	noise	cluster_noise	0.0000
8559	Spectrogram 1	1	13549.000000	13550.250000	0	0	3	cluster_3	1.0000
8560	Spectrogram 1	1	13550.000000	13550.500000	0	0	noise	cluster_noise	0.0000
8561	Spectrogram 1	1	13550.250000	13557.750000	0	0	8	cluster_8	0.9865
8562	Spectrogram 1	1	13557.500000	13558.000000	0	0	noise	cluster_noise	0.0000
8563	Spectrogram 1	1	13557.750000	13559.750000	0	0	8	cluster_8	0.9249
8564	Spectrogram 1	1	13559.500000	13560.500000	0	0	noise	cluster_noise	0.0000
8565	Spectrogram 1	1	13560.250000	13562.500000	0	0	8	cluster_8	1.0000
8566	Spectrogram 1	1	13566.000000	13566.500000	0	0	noise	cluster_noise	0.0000
8567	Spectrogram 1	1	13566.250000	13567.500000	0	0	8	cluster_8	0.9584
8568	Spectrogram 1	1	13567.250000	13567.750000	0	0	noise	cluster_noise	0.0000
8569	Spectrogram 1	1	13567.500000	13568.500000	0	0	8	cluster_8	1.0000
8570	Spectrogram 1	1	13568.250000	13569.250000	0	0	noise	cluster_noise	0.0000
8571	Spectrogram 1	1	13569.000000	13573.750000	0	0	8	cluster_8	0.9826
8572	Spectrogram 1	1	13573.500000	13574.000000	0	0	noise	cluster_noise	0.0000
8573	Spectrogram 1	1	13573.750000	13574.500000	0	0	8	cluster_8	1.0000
8574	Spectrogram 1	1	13577.000000	13577.500000	0	0	noise	cluster_noise	0.0000
8575	Spectrogram 1	1	13577.250000	13578.750000	0	0	8	cluster_8	1.0000
8576	Spectrogram 1	1	13578.500000	13579.000000	0	0	noise	cluster_noise	0.0000
8577	Spectrogram 1	1	13578.750000	13581.000000	0	0	8	cluster_8	1.0000
8578	Spectrogram 1	1	13580.750000	13581.500000	0	0	noise	cluster_noise	0.0000
8579	Spectrogram 1	1	13581.250000	13581.750000	0	0	8	cluster_8	1.0000
8580	Spectrogram 1	1	13581.500000	13582.250000	0	0	noise	cluster_noise	0.0000
8581	Spectrogram 1	1	13582.000000	13583.750000	0	0	8	cluster_8	0.9594
8582	Spectrogram 1	1	13583.500000	13584.250000	0	0	noise	cluster_noise	0.0000
8583	Spectrogram 1	1	13584.000000	13584.750000	0	0	8	cluster_8	1.0000
8584	Spectrogram 1	1	13584.500000	13585.250000	0	0	noise	cluster_noise	0.0000
8585	Spectrogram 1	1	13585.000000	13593.500000	0	0	8	cluster_8	1.0000
8586	Spectrogram 1	1	13593.250000	13593.750000	0	0	noise	cluster_noise	0.0000
8587	Spectrogram 1	1	13593.500000	13595.500000	0	0	8	cluster_8	0.9877
8588	Spectrogram 1	1	13595.250000	13595.750000	0	0	noise	cluster_noise	0.0000
8589	Spectrogram 1	1	13595.500000	13596.250000	0	0	8	cluster_8	1.0000
8590	Spectrogram 1	1	13596.000000	13597.000000	0	0	noise	cluster_noise	0.0000
8591	Spectrogram 1	1	13596.750000	13597.500000	0	0	8	cluster_8	1.0000
8592	Spectrogram 1	1	13597.250000	13598.000000	0	0	noise	cluster_noise	0.0000
8593	Spectrogram 1	1	13597.750000	13598.250000	0	0	8	cluster_8	1.0000
8594	Spectrogram 1	1	13598.000000	13600.000000	0	0	noise	cluster_noise	0.0000
8595	Spectrogram 1	1	13599.750000	13600.250000	0	0	8	cluster_8	1.0000
8596	Spectrogram 1	1	13600.000000	13600.500000	0	0	noise	cluster_noise	0.0000
8597	Spectrogram 1	1	13600.250000	13601.250000	0	0	8	cluster_8	1.0000
8598	Spectrogram 1	1	13601.000000	13601.750000	0	0	noise	cluster_noise	0.0000
8599	Spectrogram 1	1	13601.500000	13603.500000	0	0	8	cluster_8	0.9839
8600	Spectrogram 1	1	13603.250000	13604.250000	0	0	0	cluster_0	0.7746
8601	Spectrogram 1	1	13604.000000	13604.500000	0	0	noise	cluster_noise	0.0000
8602	Spectrogram 1	1	13605.000000	13606.750000	0	0	8	cluster_8	1.0000
8603	Spectrogram 1	1	13606.500000	13608.000000	0	0	0	cluster_0	0.7553
8604	Spectrogram 1	1	13607.750000	13608.250000	0	0	noise	cluster_noise	0.0000
8605	Spectrogram 1	1	13608.000000	13614.000000	0	0	8	cluster_8	0.9910
8606	Spectrogram 1	1	13613.750000	13614.500000	0	0	noise	cluster_noise	0.0000
8607	Spectrogram 1	1	13614.250000	13627.250000	0	0	8	cluster_8	0.9984
8608	Spectrogram 1	1	13627.000000	13627.500000	0	0	noise	cluster_noise	0.0000
8609	Spectrogram 1	1	13627.250000	13631.750000	0	0	8	cluster_8	0.9823
8610	Spectrogram 1	1	13631.500000	13632.250000	0	0	3	cluster_3	1.0000
8611	Spectrogram 1	1	13632.000000	13634.500000	0	0	8	cluster_8	1.0000
8612	Spectrogram 1	1	13635.000000	13635.500000	0	0	3	cluster_3	1.0000
8613	Spectrogram 1	1	13635.250000	13636.500000	0	0	8	cluster_8	0.9981
8614	Spectrogram 1	1	13638.000000	13638.500000	0	0	3	cluster_3	1.0000
8615	Spectrogram 1	1	13638.250000	13644.250000	0	0	8	cluster_8	0.9678
8616	Spectrogram 1	1	13644.000000	13644.500000	0	0	noise	cluster_noise	0.0000
8617	Spectrogram 1	1	13650.000000	13651.250000	0	0	8	cluster_8	1.0000
8618	Spectrogram 1	1	13651.000000	13651.750000	0	0	3	cluster_3	1.0000
8619	Spectrogram 1	1	13651.500000	13654.250000	0	0	8	cluster_8	0.9969
8620	Spectrogram 1	1	13654.000000	13654.750000	0	0	3	cluster_3	1.0000
8621	Spectrogram 1	1	13654.500000	13655.250000	0	0	8	cluster_8	1.0000
8622	Spectrogram 1	1	13655.000000	13662.750000	0	0	noise	cluster_noise	0.0000
8623	Spectrogram 1	1	13662.500000	13663.750000	0	0	8	cluster_8	0.9631
8624	Spectrogram 1	1	13663.500000	13664.500000	0	0	3	cluster_3	0.9601
8625	Spectrogram 1	1	13664.250000	13666.250000	0	0	8	cluster_8	1.0000
8626	Spectrogram 1	1	13666.000000	13667.000000	0	0	noise	cluster_noise	0.0000
8627	Spectrogram 1	1	13666.750000	13668.000000	0	0	8	cluster_8	0.9466
8628	Spectrogram 1	1	13667.750000	13668.500000	0	0	3	cluster_3	0.9161
8629	Spectrogram 1	1	13675.000000	13676.750000	0	0	8	cluster_8	1.0000
8630	Spectrogram 1	1	13676.500000	13677.250000	0	0	3	cluster_3	0.9398
8631	Spectrogram 1	1	13677.000000	13678.000000	0	0	noise	cluster_noise	0.0000
8632	Spectrogram 1	1	13677.750000	13678.750000	0	0	8	cluster_8	1.0000
8633	Spectrogram 1	1	13678.500000	13679.250000	0	0	3	cluster_3	1.0000
8634	Spectrogram 1	1	13679.000000	13680.000000	0	0	noise	cluster_noise	0.0000
8635	Spectrogram 1	1	13679.750000	13696.250000	0	0	8	cluster_8	1.0000
8636	Spectrogram 1	1	13696.000000	13696.500000	0	0	noise	cluster_noise	0.0000
8637	Spectrogram 1	1	13696.250000	13697.250000	0	0	3	cluster_3	0.9691
8638	Spectrogram 1	1	13697.000000	13697.500000	0	0	8	cluster_8	0.8346
8639	Spectrogram 1	1	13699.000000	13699.500000	0	0	noise	cluster_noise	0.0000
8640	Spectrogram 1	1	13699.250000	13700.000000	0	0	3	cluster_3	1.0000
8641	Spectrogram 1	1	13699.750000	13700.250000	0	0	noise	cluster_noise	0.0000
8642	Spectrogram 1	1	13700.000000	13703.750000	0	0	8	cluster_8	0.9935
8643	Spectrogram 1	1	13703.500000	13704.250000	0	0	3	cluster_3	1.0000
8644	Spectrogram 1	1	13704.000000	13704.500000	0	0	noise	cluster_noise	0.0000
8645	Spectrogram 1	1	13704.250000	13705.250000	0	0	1	cluster_1	0.8819
8646	Spectrogram 1	1	13705.000000	13705.500000	0	0	noise	cluster_noise	0.0000
8647	Spectrogram 1	1	13713.000000	13714.750000	0	0	3	cluster_3	0.9741
8648	Spectrogram 1	1	13714.500000	13715.000000	0	0	noise	cluster_noise	0.0000
8649	Spectrogram 1	1	13714.750000	13715.250000	0	0	3	cluster_3	0.9831
8650	Spectrogram 1	1	13715.000000	13715.500000	0	0	8	cluster_8	0.9394
8651	Spectrogram 1	1	13715.250000	13716.750000	0	0	3	cluster_3	1.0000
8652	Spectrogram 1	1	13716.500000	13718.000000	0	0	8	cluster_8	1.0000
8653	Spectrogram 1	1	13717.750000	13719.500000	0	0	1	cluster_1	0.9484
8654	Spectrogram 1	1	13723.000000	13724.250000	0	0	8	cluster_8	0.9636
8655	Spectrogram 1	1	13724.000000	13724.750000	0	0	noise	cluster_noise	0.0000
8656	Spectrogram 1	1	13724.500000	13725.000000	0	0	7	cluster_7	1.0000
8657	Spectrogram 1	1	13724.750000	13725.500000	0	0	3	cluster_3	0.8821
8658	Spectrogram 1	1	13727.000000	13728.000000	0	0	8	cluster_8	0.9947
8659	Spectrogram 1	1	13727.750000	13728.250000	0	0	noise	cluster_noise	0.0000
8660	Spectrogram 1	1	13728.000000	13730.000000	0	0	3	cluster_3	1.0000
8661	Spectrogram 1	1	13729.750000	13741.500000	0	0	8	cluster_8	0.9958
8662	Spectrogram 1	1	13742.000000	13743.000000	0	0	3	cluster_3	1.0000
8663	Spectrogram 1	1	13742.750000	13744.500000	0	0	8	cluster_8	1.0000
8664	Spectrogram 1	1	13744.250000	13746.000000	0	0	1	cluster_1	0.9089
8665	Spectrogram 1	1	13745.750000	13746.250000	0	0	noise	cluster_noise	0.0000
8666	Spectrogram 1	1	13746.000000	13747.250000	0	0	8	cluster_8	1.0000
8667	Spectrogram 1	1	13747.000000	13747.500000	0	0	1	cluster_1	0.9550
8668	Spectrogram 1	1	13821.000000	13821.750000	0	0	18	cluster_18	1.0000
8669	Spectrogram 1	1	13821.500000	13822.750000	0	0	noise	cluster_noise	0.0000
8670	Spectrogram 1	1	13822.500000	13823.250000	0	0	8	cluster_8	1.0000
8671	Spectrogram 1	1	13823.000000	13823.500000	0	0	noise	cluster_noise	0.0000
8672	Spectrogram 1	1	13823.250000	13823.750000	0	0	3	cluster_3	1.0000
8673	Spectrogram 1	1	13823.500000	13824.000000	0	0	noise	cluster_noise	0.0000
8674	Spectrogram 1	1	13823.750000	13824.500000	0	0	3	cluster_3	1.0000
8675	Spectrogram 1	1	13824.250000	13825.500000	0	0	8	cluster_8	0.9777
8676	Spectrogram 1	1	13840.000000	13841.500000	0	0	noise	cluster_noise	0.0000
8677	Spectrogram 1	1	13841.250000	13843.000000	0	0	8	cluster_8	1.0000
8678	Spectrogram 1	1	13842.750000	13843.500000	0	0	noise	cluster_noise	0.0000
8679	Spectrogram 1	1	13853.000000	13853.750000	0	0	8	cluster_8	0.9167
8680	Spectrogram 1	1	13853.500000	13854.000000	0	0	noise	cluster_noise	0.0000
8681	Spectrogram 1	1	13853.750000	13855.000000	0	0	18	cluster_18	0.9874
8682	Spectrogram 1	1	13854.750000	13855.500000	0	0	noise	cluster_noise	0.0000
8683	Spectrogram 1	1	13855.250000	13856.250000	0	0	8	cluster_8	0.9809
8684	Spectrogram 1	1	13856.000000	13857.000000	0	0	3	cluster_3	1.0000
8685	Spectrogram 1	1	13856.750000	13860.250000	0	0	8	cluster_8	0.9980
8686	Spectrogram 1	1	13860.000000	13862.000000	0	0	noise	cluster_noise	0.0000
8687	Spectrogram 1	1	13861.750000	13862.250000	0	0	17	cluster_17	0.8641
8688	Spectrogram 1	1	13862.000000	13862.500000	0	0	noise	cluster_noise	0.0000
8689	Spectrogram 1	1	13867.000000	13867.500000	0	0	18	cluster_18	1.0000
8690	Spectrogram 1	1	13867.250000	13868.250000	0	0	noise	cluster_noise	0.0000
8691	Spectrogram 1	1	13868.000000	13868.500000	0	0	8	cluster_8	1.0000
8692	Spectrogram 1	1	13868.250000	13869.000000	0	0	noise	cluster_noise	0.0000
8693	Spectrogram 1	1	13868.750000	13869.250000	0	0	18	cluster_18	0.9514
8694	Spectrogram 1	1	13869.000000	13870.000000	0	0	noise	cluster_noise	0.0000
8695	Spectrogram 1	1	13869.750000	13870.250000	0	0	8	cluster_8	1.0000
8696	Spectrogram 1	1	13870.000000	13870.750000	0	0	noise	cluster_noise	0.0000
8697	Spectrogram 1	1	13870.500000	13871.000000	0	0	18	cluster_18	0.7688
8698	Spectrogram 1	1	13870.750000	13871.250000	0	0	noise	cluster_noise	0.0000
8699	Spectrogram 1	1	13871.000000	13872.500000	0	0	8	cluster_8	0.9973
8700	Spectrogram 1	1	13872.250000	13872.750000	0	0	noise	cluster_noise	0.0000
8701	Spectrogram 1	1	13872.500000	13873.750000	0	0	8	cluster_8	0.8751
8702	Spectrogram 1	1	13873.500000	13874.000000	0	0	noise	cluster_noise	0.0000
8703	Spectrogram 1	1	13873.750000	13874.250000	0	0	8	cluster_8	0.8503
8704	Spectrogram 1	1	13874.000000	13875.500000	0	0	noise	cluster_noise	0.0000
8705	Spectrogram 1	1	13880.000000	13881.250000	0	0	3	cluster_3	1.0000
8706	Spectrogram 1	1	13881.000000	13881.500000	0	0	7	cluster_7	0.8284
8707	Spectrogram 1	1	13881.250000	13881.750000	0	0	8	cluster_8	1.0000
8708	Spectrogram 1	1	13881.500000	13882.000000	0	0	noise	cluster_noise	0.0000
8709	Spectrogram 1	1	13881.750000	13883.000000	0	0	3	cluster_3	0.9693
8710	Spectrogram 1	1	13882.750000	13884.750000	0	0	8	cluster_8	1.0000
8711	Spectrogram 1	1	13884.500000	13885.250000	0	0	noise	cluster_noise	0.0000
8712	Spectrogram 1	1	13885.000000	13885.500000	0	0	8	cluster_8	0.8615
8713	Spectrogram 1	1	13885.250000	13885.750000	0	0	noise	cluster_noise	0.0000
8714	Spectrogram 1	1	13885.500000	13886.000000	0	0	12	cluster_12	0.7348
8715	Spectrogram 1	1	13885.750000	13887.250000	0	0	noise	cluster_noise	0.0000
8716	Spectrogram 1	1	13887.000000	13887.500000	0	0	8	cluster_8	1.0000
8717	Spectrogram 1	1	13893.000000	13893.750000	0	0	3	cluster_3	0.8837
8718	Spectrogram 1	1	13893.500000	13894.250000	0	0	noise	cluster_noise	0.0000
8719	Spectrogram 1	1	13894.000000	13897.500000	0	0	8	cluster_8	0.9775
8720	Spectrogram 1	1	13897.250000	13898.000000	0	0	noise	cluster_noise	0.0000
8721	Spectrogram 1	1	13897.750000	13898.250000	0	0	17	cluster_17	0.8632
8722	Spectrogram 1	1	13898.000000	13898.750000	0	0	noise	cluster_noise	0.0000
8723	Spectrogram 1	1	13898.500000	13904.000000	0	0	8	cluster_8	0.9899
8724	Spectrogram 1	1	13903.750000	13904.250000	0	0	noise	cluster_noise	0.0000
8725	Spectrogram 1	1	13904.000000	13904.500000	0	0	7	cluster_7	1.0000
8726	Spectrogram 1	1	13906.000000	13907.750000	0	0	8	cluster_8	1.0000
8727	Spectrogram 1	1	13907.500000	13908.000000	0	0	noise	cluster_noise	0.0000
8728	Spectrogram 1	1	13907.750000	13908.750000	0	0	8	cluster_8	0.8983
8729	Spectrogram 1	1	13908.500000	13910.000000	0	0	noise	cluster_noise	0.0000
8730	Spectrogram 1	1	13909.750000	13913.500000	0	0	8	cluster_8	1.0000
8731	Spectrogram 1	1	13915.000000	13915.500000	0	0	noise	cluster_noise	0.0000
8732	Spectrogram 1	1	13915.250000	13915.750000	0	0	3	cluster_3	0.7969
8733	Spectrogram 1	1	13915.500000	13916.250000	0	0	noise	cluster_noise	0.0000
8734	Spectrogram 1	1	13916.000000	13916.750000	0	0	2	cluster_2	0.4533
8735	Spectrogram 1	1	13916.500000	13917.000000	0	0	3	cluster_3	0.8198
8736	Spectrogram 1	1	13916.750000	13917.250000	0	0	noise	cluster_noise	0.0000
8737	Spectrogram 1	1	13917.000000	13917.500000	0	0	8	cluster_8	1.0000
8738	Spectrogram 1	1	13919.000000	13921.500000	0	0	noise	cluster_noise	0.0000
8739	Spectrogram 1	1	13921.250000	13924.000000	0	0	8	cluster_8	1.0000
8740	Spectrogram 1	1	13923.750000	13924.500000	0	0	noise	cluster_noise	0.0000
8741	Spectrogram 1	1	13924.250000	13926.000000	0	0	9	cluster_9	0.7420
8742	Spectrogram 1	1	13925.750000	13926.500000	0	0	7	cluster_7	0.8592
8743	Spectrogram 1	1	13927.000000	13927.750000	0	0	3	cluster_3	1.0000
8744	Spectrogram 1	1	13927.500000	13928.000000	0	0	noise	cluster_noise	0.0000
8745	Spectrogram 1	1	13927.750000	13928.500000	0	0	8	cluster_8	1.0000
8746	Spectrogram 1	1	13931.000000	13933.250000	0	0	noise	cluster_noise	0.0000
8747	Spectrogram 1	1	13933.000000	13935.250000	0	0	8	cluster_8	0.9795
8748	Spectrogram 1	1	13935.000000	13936.500000	0	0	0	cluster_0	0.7138
8749	Spectrogram 1	1	13937.000000	13937.750000	0	0	noise	cluster_noise	0.0000
8750	Spectrogram 1	1	13937.500000	13938.750000	0	0	8	cluster_8	0.9675
8751	Spectrogram 1	1	13938.500000	13939.500000	0	0	0	cluster_0	0.4639
8752	Spectrogram 1	1	13944.000000	13944.750000	0	0	noise	cluster_noise	0.0000
8753	Spectrogram 1	1	13944.500000	13946.500000	0	0	8	cluster_8	0.9875
8754	Spectrogram 1	1	13946.250000	13946.750000	0	0	noise	cluster_noise	0.0000
8755	Spectrogram 1	1	13946.500000	13947.750000	0	0	8	cluster_8	1.0000
8756	Spectrogram 1	1	13947.500000	13948.000000	0	0	noise	cluster_noise	0.0000
8757	Spectrogram 1	1	13947.750000	13950.000000	0	0	0	cluster_0	0.9268
8758	Spectrogram 1	1	13949.750000	13950.250000	0	0	noise	cluster_noise	0.0000
8759	Spectrogram 1	1	13950.000000	13951.500000	0	0	8	cluster_8	1.0000
8760	Spectrogram 1	1	13953.000000	13954.000000	0	0	0	cluster_0	0.8365
8761	Spectrogram 1	1	13953.750000	13954.500000	0	0	noise	cluster_noise	0.0000
8762	Spectrogram 1	1	13956.000000	13958.250000	0	0	8	cluster_8	0.9979
8763	Spectrogram 1	1	13958.000000	13958.500000	0	0	noise	cluster_noise	0.0000
8764	Spectrogram 1	1	13958.250000	13958.750000	0	0	8	cluster_8	0.8905
8765	Spectrogram 1	1	13958.500000	13959.000000	0	0	noise	cluster_noise	0.0000
8766	Spectrogram 1	1	13958.750000	13962.000000	0	0	8	cluster_8	0.9893
8767	Spectrogram 1	1	13961.750000	13962.500000	0	0	0	cluster_0	0.8878
8768	Spectrogram 1	1	13967.000000	13967.500000	0	0	noise	cluster_noise	0.0000
8769	Spectrogram 1	1	13967.250000	13968.750000	0	0	8	cluster_8	1.0000
8770	Spectrogram 1	1	13968.500000	13969.000000	0	0	noise	cluster_noise	0.0000
8771	Spectrogram 1	1	13968.750000	13969.750000	0	0	8	cluster_8	1.0000
8772	Spectrogram 1	1	13969.500000	13970.000000	0	0	noise	cluster_noise	0.0000
8773	Spectrogram 1	1	13969.750000	13972.000000	0	0	8	cluster_8	1.0000
8774	Spectrogram 1	1	13971.750000	13972.250000	0	0	noise	cluster_noise	0.0000
8775	Spectrogram 1	1	13972.000000	13977.250000	0	0	8	cluster_8	0.9995
8776	Spectrogram 1	1	13977.000000	13977.750000	0	0	noise	cluster_noise	0.0000
8777	Spectrogram 1	1	13977.500000	13979.250000	0	0	8	cluster_8	0.9904
8778	Spectrogram 1	1	13979.000000	13979.500000	0	0	noise	cluster_noise	0.0000
8779	Spectrogram 1	1	13979.250000	13980.500000	0	0	0	cluster_0	0.8626
8780	Spectrogram 1	1	13980.250000	13980.750000	0	0	noise	cluster_noise	0.0000
8781	Spectrogram 1	1	13980.500000	13982.000000	0	0	8	cluster_8	0.9998
8782	Spectrogram 1	1	13981.750000	13982.750000	0	0	noise	cluster_noise	0.0000
8783	Spectrogram 1	1	13982.500000	13983.000000	0	0	8	cluster_8	1.0000
8784	Spectrogram 1	1	13982.750000	13984.000000	0	0	0	cluster_0	0.8757
8785	Spectrogram 1	1	13983.750000	13989.250000	0	0	8	cluster_8	0.9839
8786	Spectrogram 1	1	13989.000000	13989.500000	0	0	noise	cluster_noise	0.0000
8787	Spectrogram 1	1	13989.250000	13993.750000	0	0	8	cluster_8	0.9829
8788	Spectrogram 1	1	13993.500000	13994.250000	0	0	3	cluster_3	0.7692
8789	Spectrogram 1	1	13994.000000	13999.750000	0	0	8	cluster_8	0.9845
8790	Spectrogram 1	1	13999.500000	14000.500000	0	0	0	cluster_0	0.8059
8791	Spectrogram 1	1	14000.250000	14000.750000	0	0	noise	cluster_noise	0.0000
8792	Spectrogram 1	1	14000.500000	14002.750000	0	0	8	cluster_8	1.0000
8793	Spectrogram 1	1	14002.500000	14003.000000	0	0	noise	cluster_noise	0.0000
8794	Spectrogram 1	1	14002.750000	14003.250000	0	0	8	cluster_8	1.0000
8795	Spectrogram 1	1	14003.000000	14003.500000	0	0	noise	cluster_noise	0.0000
8796	Spectrogram 1	1	14003.250000	14004.500000	0	0	8	cluster_8	0.9983
8797	Spectrogram 1	1	14004.250000	14004.750000	0	0	noise	cluster_noise	0.0000
8798	Spectrogram 1	1	14004.500000	14005.250000	0	0	8	cluster_8	1.0000
8799	Spectrogram 1	1	14005.000000	14005.750000	0	0	noise	cluster_noise	0.0000
8800	Spectrogram 1	1	14005.500000	14007.250000	0	0	8	cluster_8	0.9658
8801	Spectrogram 1	1	14007.000000	14007.500000	0	0	noise	cluster_noise	0.0000
8802	Spectrogram 1	1	14007.250000	14009.250000	0	0	8	cluster_8	0.9810
8803	Spectrogram 1	1	14009.000000	14010.000000	0	0	noise	cluster_noise	0.0000
8804	Spectrogram 1	1	14009.750000	14011.500000	0	0	8	cluster_8	0.9771
8805	Spectrogram 1	1	14011.250000	14011.750000	0	0	3	cluster_3	0.8000
8806	Spectrogram 1	1	14011.500000	14012.250000	0	0	8	cluster_8	1.0000
8807	Spectrogram 1	1	14012.000000	14012.500000	0	0	noise	cluster_noise	0.0000
8808	Spectrogram 1	1	14012.250000	14012.750000	0	0	8	cluster_8	0.8110
8809	Spectrogram 1	1	14012.500000	14013.000000	0	0	3	cluster_3	0.9808
8810	Spectrogram 1	1	14012.750000	14015.000000	0	0	8	cluster_8	0.9864
8811	Spectrogram 1	1	14014.750000	14015.750000	0	0	0	cluster_0	0.8105
8812	Spectrogram 1	1	14015.500000	14016.000000	0	0	noise	cluster_noise	0.0000
8813	Spectrogram 1	1	14015.750000	14022.750000	0	0	8	cluster_8	1.0000
8814	Spectrogram 1	1	14022.500000	14023.250000	0	0	noise	cluster_noise	0.0000
8815	Spectrogram 1	1	14023.000000	14023.500000	0	0	7	cluster_7	1.0000
8816	Spectrogram 1	1	14023.250000	14023.750000	0	0	noise	cluster_noise	0.0000
8817	Spectrogram 1	1	14023.500000	14024.250000	0	0	3	cluster_3	1.0000
8818	Spectrogram 1	1	14024.000000	14024.500000	0	0	8	cluster_8	1.0000
8819	Spectrogram 1	1	14024.250000	14025.000000	0	0	3	cluster_3	1.0000
8820	Spectrogram 1	1	14024.750000	14025.250000	0	0	8	cluster_8	1.0000
8821	Spectrogram 1	1	14025.000000	14026.000000	0	0	noise	cluster_noise	0.0000
8822	Spectrogram 1	1	14025.750000	14026.500000	0	0	8	cluster_8	1.0000
8823	Spectrogram 1	1	14026.250000	14027.000000	0	0	noise	cluster_noise	0.0000
8824	Spectrogram 1	1	14026.750000	14035.000000	0	0	8	cluster_8	0.9977
8825	Spectrogram 1	1	14034.750000	14035.250000	0	0	3	cluster_3	1.0000
8826	Spectrogram 1	1	14035.000000	14035.750000	0	0	noise	cluster_noise	0.0000
8827	Spectrogram 1	1	14035.500000	14037.500000	0	0	8	cluster_8	1.0000
8828	Spectrogram 1	1	14037.250000	14037.750000	0	0	3	cluster_3	1.0000
8829	Spectrogram 1	1	14037.500000	14038.000000	0	0	8	cluster_8	0.8255
8830	Spectrogram 1	1	14037.750000	14038.250000	0	0	noise	cluster_noise	0.0000
8831	Spectrogram 1	1	14038.000000	14038.750000	0	0	8	cluster_8	1.0000
8832	Spectrogram 1	1	14038.500000	14039.000000	0	0	noise	cluster_noise	0.0000
8833	Spectrogram 1	1	14038.750000	14039.250000	0	0	8	cluster_8	1.0000
8834	Spectrogram 1	1	14039.000000	14039.500000	0	0	noise	cluster_noise	0.0000
8835	Spectrogram 1	1	14045.000000	14045.750000	0	0	11	cluster_11	0.3962
8836	Spectrogram 1	1	14045.500000	14046.500000	0	0	8	cluster_8	1.0000
8837	Spectrogram 1	1	14046.250000	14046.750000	0	0	11	cluster_11	0.4285
8838	Spectrogram 1	1	14046.500000	14047.000000	0	0	4	cluster_4	0.7629
8839	Spectrogram 1	1	14046.750000	14047.750000	0	0	11	cluster_11	0.8923
8840	Spectrogram 1	1	14047.500000	14048.500000	0	0	8	cluster_8	0.9094
8841	Spectrogram 1	1	14048.250000	14048.750000	0	0	noise	cluster_noise	0.0000
8842	Spectrogram 1	1	14048.500000	14049.750000	0	0	11	cluster_11	0.5402
8843	Spectrogram 1	1	14049.500000	14051.250000	0	0	8	cluster_8	0.9823
8844	Spectrogram 1	1	14051.000000	14054.750000	0	0	3	cluster_3	0.9972
8845	Spectrogram 1	1	14054.500000	14056.500000	0	0	8	cluster_8	1.0000
8846	Spectrogram 1	1	14060.000000	14060.500000	0	0	noise	cluster_noise	0.0000
8847	Spectrogram 1	1	14060.250000	14061.000000	0	0	8	cluster_8	1.0000
8848	Spectrogram 1	1	14060.750000	14061.750000	0	0	11	cluster_11	0.5255
8849	Spectrogram 1	1	14061.500000	14062.500000	0	0	8	cluster_8	0.9970
8850	Spectrogram 1	1	14066.000000	14066.500000	0	0	11	cluster_11	0.4190
8851	Spectrogram 1	1	14066.250000	14066.750000	0	0	8	cluster_8	0.8407
8852	Spectrogram 1	1	14066.500000	14067.000000	0	0	noise	cluster_noise	0.0000
8853	Spectrogram 1	1	14066.750000	14067.500000	0	0	8	cluster_8	1.0000
8854	Spectrogram 1	1	14068.000000	14069.000000	0	0	3	cluster_3	0.9984
8855	Spectrogram 1	1	14068.750000	14069.250000	0	0	noise	cluster_noise	0.0000
8856	Spectrogram 1	1	14069.000000	14070.500000	0	0	8	cluster_8	1.0000
8857	Spectrogram 1	1	14070.250000	14072.000000	0	0	3	cluster_3	0.9928
8858	Spectrogram 1	1	14071.750000	14073.000000	0	0	8	cluster_8	1.0000
8859	Spectrogram 1	1	14072.750000	14074.000000	0	0	3	cluster_3	0.9864
8860	Spectrogram 1	1	14073.750000	14074.250000	0	0	noise	cluster_noise	0.0000
8861	Spectrogram 1	1	14074.000000	14074.500000	0	0	8	cluster_8	1.0000
8862	Spectrogram 1	1	14079.000000	14079.500000	0	0	3	cluster_3	1.0000
8863	Spectrogram 1	1	14079.250000	14079.750000	0	0	noise	cluster_noise	0.0000
8864	Spectrogram 1	1	14079.500000	14081.000000	0	0	8	cluster_8	1.0000
8865	Spectrogram 1	1	14080.750000	14082.000000	0	0	3	cluster_3	0.9502
8866	Spectrogram 1	1	14081.750000	14082.250000	0	0	noise	cluster_noise	0.0000
8867	Spectrogram 1	1	14082.000000	14083.750000	0	0	8	cluster_8	0.9803
8868	Spectrogram 1	1	14083.500000	14084.500000	0	0	3	cluster_3	0.9914
8869	Spectrogram 1	1	14084.250000	14084.750000	0	0	noise	cluster_noise	0.0000
8870	Spectrogram 1	1	14084.500000	14085.000000	0	0	3	cluster_3	0.7926
8871	Spectrogram 1	1	14084.750000	14085.250000	0	0	noise	cluster_noise	0.0000
8872	Spectrogram 1	1	14085.000000	14086.250000	0	0	8	cluster_8	1.0000
8873	Spectrogram 1	1	14086.000000	14086.500000	0	0	3	cluster_3	1.0000
8874	Spectrogram 1	1	14088.000000	14088.500000	0	0	8	cluster_8	1.0000
8875	Spectrogram 1	1	14088.250000	14088.750000	0	0	noise	cluster_noise	0.0000
8876	Spectrogram 1	1	14088.500000	14089.250000	0	0	8	cluster_8	1.0000
8877	Spectrogram 1	1	14089.000000	14089.500000	0	0	3	cluster_3	1.0000
8878	Spectrogram 1	1	14089.250000	14090.500000	0	0	8	cluster_8	1.0000
8879	Spectrogram 1	1	14091.000000	14092.000000	0	0	3	cluster_3	0.8284
8880	Spectrogram 1	1	14091.750000	14092.250000	0	0	noise	cluster_noise	0.0000
8881	Spectrogram 1	1	14092.000000	14093.750000	0	0	8	cluster_8	1.0000
8882	Spectrogram 1	1	14093.500000	14094.750000	0	0	3	cluster_3	1.0000
8883	Spectrogram 1	1	14094.500000	14095.000000	0	0	noise	cluster_noise	0.0000
8884	Spectrogram 1	1	14094.750000	14096.500000	0	0	8	cluster_8	1.0000
8885	Spectrogram 1	1	14096.250000	14097.500000	0	0	3	cluster_3	1.0000
8886	Spectrogram 1	1	14097.250000	14099.000000	0	0	8	cluster_8	1.0000
8887	Spectrogram 1	1	14098.750000	14099.750000	0	0	3	cluster_3	0.9551
8888	Spectrogram 1	1	14099.500000	14100.000000	0	0	noise	cluster_noise	0.0000
8889	Spectrogram 1	1	14099.750000	14100.750000	0	0	8	cluster_8	0.9647
8890	Spectrogram 1	1	14100.500000	14101.000000	0	0	noise	cluster_noise	0.0000
8891	Spectrogram 1	1	14100.750000	14101.500000	0	0	3	cluster_3	1.0000
8892	Spectrogram 1	1	14101.250000	14102.000000	0	0	noise	cluster_noise	0.0000
8893	Spectrogram 1	1	14101.750000	14103.750000	0	0	3	cluster_3	0.9571
8894	Spectrogram 1	1	14103.500000	14105.000000	0	0	8	cluster_8	1.0000
8895	Spectrogram 1	1	14104.750000	14106.250000	0	0	3	cluster_3	0.9582
8896	Spectrogram 1	1	14106.000000	14107.750000	0	0	8	cluster_8	1.0000
8897	Spectrogram 1	1	14107.500000	14108.750000	0	0	3	cluster_3	0.9939
8898	Spectrogram 1	1	14108.500000	14109.000000	0	0	1	cluster_1	1.0000
8899	Spectrogram 1	1	14108.750000	14110.750000	0	0	8	cluster_8	1.0000
8900	Spectrogram 1	1	14110.500000	14112.000000	0	0	3	cluster_3	0.9858
8901	Spectrogram 1	1	14111.750000	14112.250000	0	0	1	cluster_1	1.0000
8902	Spectrogram 1	1	14112.000000	14113.500000	0	0	8	cluster_8	1.0000
8903	Spectrogram 1	1	14113.250000	14114.000000	0	0	3	cluster_3	0.9274
8904	Spectrogram 1	1	14113.750000	14114.250000	0	0	noise	cluster_noise	0.0000
8905	Spectrogram 1	1	14114.000000	14115.250000	0	0	3	cluster_3	0.9615
8906	Spectrogram 1	1	14115.000000	14115.750000	0	0	noise	cluster_noise	0.0000
8907	Spectrogram 1	1	14115.500000	14116.250000	0	0	8	cluster_8	1.0000
8908	Spectrogram 1	1	14116.000000	14117.500000	0	0	noise	cluster_noise	0.0000
8909	Spectrogram 1	1	14117.250000	14119.500000	0	0	8	cluster_8	1.0000
8910	Spectrogram 1	1	14119.250000	14121.250000	0	0	1	cluster_1	1.0000
8911	Spectrogram 1	1	14121.000000	14121.500000	0	0	noise	cluster_noise	0.0000
8912	Spectrogram 1	1	14121.250000	14123.500000	0	0	8	cluster_8	0.9999
8913	Spectrogram 1	1	14123.250000	14124.500000	0	0	3	cluster_3	1.0000
8914	Spectrogram 1	1	14124.250000	14124.750000	0	0	7	cluster_7	0.9192
8915	Spectrogram 1	1	14124.500000	14126.750000	0	0	8	cluster_8	1.0000
8916	Spectrogram 1	1	14126.500000	14128.000000	0	0	3	cluster_3	0.9587
8917	Spectrogram 1	1	14127.750000	14129.500000	0	0	8	cluster_8	1.0000
8918	Spectrogram 1	1	14130.000000	14130.500000	0	0	7	cluster_7	1.0000
8919	Spectrogram 1	1	14130.250000	14131.250000	0	0	3	cluster_3	0.8950
8920	Spectrogram 1	1	14131.000000	14131.500000	0	0	noise	cluster_noise	0.0000
8921	Spectrogram 1	1	14131.250000	14133.000000	0	0	8	cluster_8	1.0000
8922	Spectrogram 1	1	14132.750000	14133.250000	0	0	noise	cluster_noise	0.0000
8923	Spectrogram 1	1	14133.000000	14135.250000	0	0	1	cluster_1	0.9905
8924	Spectrogram 1	1	14135.000000	14137.500000	0	0	8	cluster_8	1.0000
8925	Spectrogram 1	1	14137.250000	14138.500000	0	0	3	cluster_3	1.0000
8926	Spectrogram 1	1	14140.000000	14141.000000	0	0	8	cluster_8	1.0000
8927	Spectrogram 1	1	14140.750000	14142.750000	0	0	3	cluster_3	1.0000
8928	Spectrogram 1	1	14142.500000	14144.250000	0	0	8	cluster_8	0.9732
8929	Spectrogram 1	1	14144.000000	14144.500000	0	0	noise	cluster_noise	0.0000
8930	Spectrogram 1	1	14144.250000	14144.750000	0	0	3	cluster_3	1.0000
8931	Spectrogram 1	1	14144.500000	14145.500000	0	0	1	cluster_1	0.9960
8932	Spectrogram 1	1	14146.000000	14146.750000	0	0	8	cluster_8	1.0000
8933	Spectrogram 1	1	14146.500000	14147.000000	0	0	noise	cluster_noise	0.0000
8934	Spectrogram 1	1	14146.750000	14147.500000	0	0	3	cluster_3	0.9883
8935	Spectrogram 1	1	14149.000000	14149.750000	0	0	8	cluster_8	1.0000
8936	Spectrogram 1	1	14149.500000	14151.250000	0	0	noise	cluster_noise	0.0000
8937	Spectrogram 1	1	14151.000000	14154.250000	0	0	8	cluster_8	0.9789
8938	Spectrogram 1	1	14154.000000	14155.500000	0	0	3	cluster_3	1.0000
8939	Spectrogram 1	1	14155.250000	14155.750000	0	0	8	cluster_8	1.0000
8940	Spectrogram 1	1	14155.500000	14156.000000	0	0	7	cluster_7	1.0000
8941	Spectrogram 1	1	14155.750000	14157.000000	0	0	8	cluster_8	1.0000
8942	Spectrogram 1	1	14156.750000	14157.250000	0	0	noise	cluster_noise	0.0000
8943	Spectrogram 1	1	14157.000000	14158.000000	0	0	1	cluster_1	1.0000
8944	Spectrogram 1	1	14157.750000	14158.250000	0	0	3	cluster_3	1.0000
8945	Spectrogram 1	1	14158.000000	14158.500000	0	0	noise	cluster_noise	0.0000
8946	Spectrogram 1	1	14158.250000	14159.500000	0	0	8	cluster_8	0.9658
8947	Spectrogram 1	1	14159.250000	14160.000000	0	0	noise	cluster_noise	0.0000
8948	Spectrogram 1	1	14159.750000	14160.500000	0	0	3	cluster_3	0.9772
8949	Spectrogram 1	1	14173.000000	14173.500000	0	0	noise	cluster_noise	0.0000
8950	Spectrogram 1	1	14173.250000	14175.750000	0	0	8	cluster_8	1.0000
8951	Spectrogram 1	1	14175.500000	14177.750000	0	0	noise	cluster_noise	0.0000
8952	Spectrogram 1	1	14177.500000	14179.000000	0	0	8	cluster_8	1.0000
8953	Spectrogram 1	1	14178.750000	14179.250000	0	0	noise	cluster_noise	0.0000
8954	Spectrogram 1	1	14179.000000	14179.500000	0	0	3	cluster_3	1.0000
8955	Spectrogram 1	1	14218.000000	14221.750000	0	0	1	cluster_1	0.9578
8956	Spectrogram 1	1	14221.500000	14222.500000	0	0	8	cluster_8	1.0000
8957	Spectrogram 1	1	14251.000000	14251.500000	0	0	3	cluster_3	0.8708
8958	Spectrogram 1	1	14251.250000	14251.750000	0	0	noise	cluster_noise	0.0000
8959	Spectrogram 1	1	14251.500000	14259.500000	0	0	8	cluster_8	1.0000
8960	Spectrogram 1	1	14259.250000	14260.250000	0	0	noise	cluster_noise	0.0000
8961	Spectrogram 1	1	14260.000000	14262.000000	0	0	8	cluster_8	0.9765
8962	Spectrogram 1	1	14261.750000	14262.250000	0	0	noise	cluster_noise	0.0000
8963	Spectrogram 1	1	14262.000000	14263.500000	0	0	8	cluster_8	0.9341
8964	Spectrogram 1	1	14273.000000	14273.750000	0	0	noise	cluster_noise	0.0000
8965	Spectrogram 1	1	14273.500000	14274.250000	0	0	8	cluster_8	1.0000
8966	Spectrogram 1	1	14274.000000	14274.500000	0	0	noise	cluster_noise	0.0000
8967	Spectrogram 1	1	14274.250000	14274.750000	0	0	8	cluster_8	0.8550
8968	Spectrogram 1	1	14274.500000	14275.250000	0	0	noise	cluster_noise	0.0000
8969	Spectrogram 1	1	14275.000000	14276.250000	0	0	8	cluster_8	1.0000
8970	Spectrogram 1	1	14276.000000	14276.500000	0	0	noise	cluster_noise	0.0000
8971	Spectrogram 1	1	14276.250000	14276.750000	0	0	8	cluster_8	0.9687
8972	Spectrogram 1	1	14276.500000	14277.250000	0	0	noise	cluster_noise	0.0000
8973	Spectrogram 1	1	14277.000000	14277.500000	0	0	8	cluster_8	1.0000
8974	Spectrogram 1	1	14285.000000	14285.500000	0	0	noise	cluster_noise	0.0000
8975	Spectrogram 1	1	14285.250000	14287.750000	0	0	8	cluster_8	0.9830
8976	Spectrogram 1	1	14287.500000	14288.000000	0	0	noise	cluster_noise	0.0000
8977	Spectrogram 1	1	14287.750000	14288.500000	0	0	18	cluster_18	0.9220
8978	Spectrogram 1	1	14288.250000	14289.000000	0	0	noise	cluster_noise	0.0000
8979	Spectrogram 1	1	14288.750000	14289.250000	0	0	17	cluster_17	0.8636
8980	Spectrogram 1	1	14289.000000	14292.500000	0	0	8	cluster_8	0.9722
8981	Spectrogram 1	1	14292.250000	14292.750000	0	0	noise	cluster_noise	0.0000
8982	Spectrogram 1	1	14292.500000	14293.000000	0	0	8	cluster_8	1.0000
8983	Spectrogram 1	1	14292.750000	14293.500000	0	0	noise	cluster_noise	0.0000
8984	Spectrogram 1	1	14293.250000	14298.750000	0	0	8	cluster_8	1.0000
8985	Spectrogram 1	1	14298.500000	14299.000000	0	0	noise	cluster_noise	0.0000
8986	Spectrogram 1	1	14298.750000	14300.000000	0	0	21	cluster_21	0.6702
8987	Spectrogram 1	1	14299.750000	14301.000000	0	0	noise	cluster_noise	0.0000
8988	Spectrogram 1	1	14300.750000	14303.000000	0	0	8	cluster_8	1.0000
8989	Spectrogram 1	1	14302.750000	14303.500000	0	0	noise	cluster_noise	0.0000
8990	Spectrogram 1	1	14310.000000	14311.750000	0	0	8	cluster_8	0.9874
8991	Spectrogram 1	1	14311.500000	14312.000000	0	0	noise	cluster_noise	0.0000
8992	Spectrogram 1	1	14311.750000	14314.500000	0	0	8	cluster_8	1.0000
8993	Spectrogram 1	1	14314.250000	14314.750000	0	0	noise	cluster_noise	0.0000
8994	Spectrogram 1	1	14314.500000	14315.000000	0	0	8	cluster_8	0.9748
8995	Spectrogram 1	1	14314.750000	14316.250000	0	0	noise	cluster_noise	0.0000
8996	Spectrogram 1	1	14316.000000	14318.750000	0	0	8	cluster_8	0.9681
8997	Spectrogram 1	1	14318.500000	14319.250000	0	0	noise	cluster_noise	0.0000
8998	Spectrogram 1	1	14319.000000	14319.500000	0	0	14	cluster_14	1.0000
8999	Spectrogram 1	1	14319.250000	14320.250000	0	0	noise	cluster_noise	0.0000
9000	Spectrogram 1	1	14320.000000	14324.250000	0	0	8	cluster_8	1.0000
9001	Spectrogram 1	1	14324.000000	14324.500000	0	0	noise	cluster_noise	0.0000
9002	Spectrogram 1	1	14324.250000	14325.000000	0	0	8	cluster_8	1.0000
9003	Spectrogram 1	1	14324.750000	14325.250000	0	0	noise	cluster_noise	0.0000
9004	Spectrogram 1	1	14325.000000	14325.500000	0	0	8	cluster_8	0.8809
9005	Spectrogram 1	1	14325.250000	14325.750000	0	0	noise	cluster_noise	0.0000
9006	Spectrogram 1	1	14325.500000	14326.750000	0	0	8	cluster_8	0.9973
9007	Spectrogram 1	1	14326.500000	14327.250000	0	0	noise	cluster_noise	0.0000
9008	Spectrogram 1	1	14327.000000	14327.500000	0	0	8	cluster_8	1.0000
9009	Spectrogram 1	1	14327.250000	14327.750000	0	0	noise	cluster_noise	0.0000
9010	Spectrogram 1	1	14327.500000	14329.000000	0	0	8	cluster_8	0.9982
9011	Spectrogram 1	1	14328.750000	14329.250000	0	0	noise	cluster_noise	0.0000
9012	Spectrogram 1	1	14329.000000	14329.500000	0	0	21	cluster_21	0.6805
9013	Spectrogram 1	1	14329.250000	14331.500000	0	0	noise	cluster_noise	0.0000
9014	Spectrogram 1	1	14331.250000	14336.000000	0	0	8	cluster_8	1.0000
9015	Spectrogram 1	1	14335.750000	14336.500000	0	0	noise	cluster_noise	0.0000
9016	Spectrogram 1	1	14336.250000	14338.000000	0	0	8	cluster_8	1.0000
9017	Spectrogram 1	1	14337.750000	14338.250000	0	0	noise	cluster_noise	0.0000
9018	Spectrogram 1	1	14338.000000	14343.500000	0	0	8	cluster_8	0.9981
9019	Spectrogram 1	1	14343.250000	14345.500000	0	0	noise	cluster_noise	0.0000
9020	Spectrogram 1	1	14346.000000	14357.500000	0	0	8	cluster_8	1.0000
9021	Spectrogram 1	1	14358.000000	14358.750000	0	0	noise	cluster_noise	0.0000
9022	Spectrogram 1	1	14358.500000	14363.250000	0	0	8	cluster_8	0.9949
9023	Spectrogram 1	1	14363.000000	14364.500000	0	0	noise	cluster_noise	0.0000
9024	Spectrogram 1	1	14364.250000	14366.750000	0	0	8	cluster_8	1.0000
9025	Spectrogram 1	1	14366.500000	14367.000000	0	0	noise	cluster_noise	0.0000
9026	Spectrogram 1	1	14366.750000	14367.250000	0	0	8	cluster_8	0.8348
9027	Spectrogram 1	1	14367.000000	14369.500000	0	0	noise	cluster_noise	0.0000
9028	Spectrogram 1	1	14372.000000	14376.750000	0	0	8	cluster_8	0.9902
9029	Spectrogram 1	1	14376.500000	14378.000000	0	0	noise	cluster_noise	0.0000
9030	Spectrogram 1	1	14377.750000	14379.250000	0	0	8	cluster_8	1.0000
9031	Spectrogram 1	1	14379.000000	14379.500000	0	0	noise	cluster_noise	0.0000
9032	Spectrogram 1	1	14379.250000	14380.000000	0	0	0	cluster_0	0.7983
9033	Spectrogram 1	1	14379.750000	14380.250000	0	0	8	cluster_8	1.0000
9034	Spectrogram 1	1	14380.000000	14380.500000	0	0	0	cluster_0	0.6254
9035	Spectrogram 1	1	14384.000000	14385.750000	0	0	8	cluster_8	0.9710
9036	Spectrogram 1	1	14385.500000	14386.250000	0	0	noise	cluster_noise	0.0000
9037	Spectrogram 1	1	14386.000000	14391.000000	0	0	8	cluster_8	0.9926
9038	Spectrogram 1	1	14390.750000	14391.500000	0	0	noise	cluster_noise	0.0000
9039	Spectrogram 1	1	14395.000000	14395.750000	0	0	0	cluster_0	0.7159
9040	Spectrogram 1	1	14395.500000	14397.750000	0	0	8	cluster_8	0.9836
9041	Spectrogram 1	1	14397.500000	14398.000000	0	0	noise	cluster_noise	0.0000
9042	Spectrogram 1	1	14397.750000	14401.000000	0	0	8	cluster_8	0.9924
9043	Spectrogram 1	1	14400.750000	14401.250000	0	0	noise	cluster_noise	0.0000
9044	Spectrogram 1	1	14401.000000	14423.500000	0	0	8	cluster_8	0.9959
9045	Spectrogram 1	1	14423.250000	14424.000000	0	0	3	cluster_3	1.0000
9046	Spectrogram 1	1	14423.750000	14426.500000	0	0	8	cluster_8	0.9958
9047	Spectrogram 1	1	14426.250000	14426.750000	0	0	noise	cluster_noise	0.0000
9048	Spectrogram 1	1	14426.500000	14427.250000	0	0	3	cluster_3	1.0000
9049	Spectrogram 1	1	14427.000000	14429.250000	0	0	8	cluster_8	1.0000
9050	Spectrogram 1	1	14429.000000	14429.500000	0	0	noise	cluster_noise	0.0000
9051	Spectrogram 1	1	14429.250000	14437.000000	0	0	8	cluster_8	0.9864
9052	Spectrogram 1	1	14436.750000	14438.500000	0	0	noise	cluster_noise	0.0000
9053	Spectrogram 1	1	14440.000000	14444.250000	0	0	8	cluster_8	0.9917
9054	Spectrogram 1	1	14444.000000	14444.750000	0	0	3	cluster_3	0.8934
9055	Spectrogram 1	1	14444.500000	14447.250000	0	0	8	cluster_8	1.0000
9056	Spectrogram 1	1	14447.000000	14447.750000	0	0	3	cluster_3	0.8678
9057	Spectrogram 1	1	14447.500000	14448.250000	0	0	1	cluster_1	0.9166
9058	Spectrogram 1	1	14448.000000	14450.500000	0	0	8	cluster_8	1.0000
9059	Spectrogram 1	1	14453.000000	14453.500000	0	0	3	cluster_3	0.7750
9060	Spectrogram 1	1	14453.250000	14454.250000	0	0	1	cluster_1	0.9117
9061	Spectrogram 1	1	14454.000000	14464.000000	0	0	8	cluster_8	0.9919
9062	Spectrogram 1	1	14463.750000	14465.000000	0	0	1	cluster_1	0.9868
9063	Spectrogram 1	1	14464.750000	14465.500000	0	0	noise	cluster_noise	0.0000
9064	Spectrogram 1	1	14465.250000	14475.000000	0	0	8	cluster_8	0.9967
9065	Spectrogram 1	1	14474.750000	14475.500000	0	0	3	cluster_3	0.7796
9066	Spectrogram 1	1	14475.250000	14481.500000	0	0	8	cluster_8	1.0000
9067	Spectrogram 1	1	14482.000000	14483.250000	0	0	1	cluster_1	0.9032
9068	Spectrogram 1	1	14483.000000	14486.500000	0	0	8	cluster_8	1.0000
9069	Spectrogram 1	1	14486.250000	14486.750000	0	0	3	cluster_3	0.8227
9070	Spectrogram 1	1	14486.500000	14487.000000	0	0	noise	cluster_noise	0.0000
9071	Spectrogram 1	1	14486.750000	14488.250000	0	0	3	cluster_3	1.0000
9072	Spectrogram 1	1	14488.000000	14489.500000	0	0	8	cluster_8	1.0000
9073	Spectrogram 1	1	14489.250000	14491.000000	0	0	3	cluster_3	0.9063
9074	Spectrogram 1	1	14490.750000	14491.250000	0	0	7	cluster_7	0.8095
9075	Spectrogram 1	1	14491.000000	14507.250000	0	0	8	cluster_8	1.0000
9076	Spectrogram 1	1	14507.000000	14522.250000	0	0	3	cluster_3	0.9908
9077	Spectrogram 1	1	14522.000000	14523.500000	0	0	8	cluster_8	1.0000
9078	Spectrogram 1	1	14527.000000	14527.750000	0	0	3	cluster_3	0.9005
9079	Spectrogram 1	1	14527.500000	14528.000000	0	0	noise	cluster_noise	0.0000
9080	Spectrogram 1	1	14527.750000	14528.500000	0	0	8	cluster_8	1.0000
9081	Spectrogram 1	1	14535.000000	14536.000000	0	0	3	cluster_3	0.9337
9082	Spectrogram 1	1	14535.750000	14540.000000	0	0	8	cluster_8	0.9639
9083	Spectrogram 1	1	14539.750000	14540.250000	0	0	noise	cluster_noise	0.0000
9084	Spectrogram 1	1	14540.000000	14541.750000	0	0	1	cluster_1	0.8744
9085	Spectrogram 1	1	14541.500000	14598.500000	0	0	8	cluster_8	1.0000
9086	Spectrogram 1	1	14607.000000	14607.750000	0	0	3	cluster_3	0.9753
9087	Spectrogram 1	1	14607.500000	14608.000000	0	0	8	cluster_8	1.0000
9088	Spectrogram 1	1	14607.750000	14608.500000	0	0	noise	cluster_noise	0.0000
9089	Spectrogram 1	1	14608.250000	14611.000000	0	0	8	cluster_8	0.9863
9090	Spectrogram 1	1	14610.750000	14611.250000	0	0	3	cluster_3	0.9842
9091	Spectrogram 1	1	14611.000000	14611.500000	0	0	8	cluster_8	1.0000
9092	Spectrogram 1	1	14625.000000	14625.500000	0	0	noise	cluster_noise	0.0000
9093	Spectrogram 1	1	14625.250000	14626.000000	0	0	22	cluster_22	0.9993
9094	Spectrogram 1	1	14625.750000	14626.500000	0	0	noise	cluster_noise	0.0000
9095	Spectrogram 1	1	14626.250000	14627.250000	0	0	8	cluster_8	0.8659
9096	Spectrogram 1	1	14627.000000	14627.500000	0	0	noise	cluster_noise	0.0000
9097	Spectrogram 1	1	14627.250000	14628.750000	0	0	8	cluster_8	0.9753
9098	Spectrogram 1	1	14628.500000	14629.500000	0	0	noise	cluster_noise	0.0000
9099	Spectrogram 1	1	14641.000000	14643.750000	0	0	8	cluster_8	0.9478
9100	Spectrogram 1	1	14643.500000	14644.250000	0	0	noise	cluster_noise	0.0000
9101	Spectrogram 1	1	14644.000000	14644.750000	0	0	18	cluster_18	0.7729
9102	Spectrogram 1	1	14644.500000	14645.500000	0	0	noise	cluster_noise	0.0000
9103	Spectrogram 1	1	14645.250000	14647.250000	0	0	8	cluster_8	0.9530
9104	Spectrogram 1	1	14647.000000	14647.500000	0	0	noise	cluster_noise	0.0000
9105	Spectrogram 1	1	14647.250000	14648.250000	0	0	8	cluster_8	0.9390
9106	Spectrogram 1	1	14648.000000	14648.750000	0	0	noise	cluster_noise	0.0000
9107	Spectrogram 1	1	14648.500000	14650.000000	0	0	8	cluster_8	0.9727
9108	Spectrogram 1	1	14649.750000	14650.500000	0	0	noise	cluster_noise	0.0000
9109	Spectrogram 1	1	14650.250000	14655.000000	0	0	8	cluster_8	0.9752
9110	Spectrogram 1	1	14654.750000	14657.750000	0	0	noise	cluster_noise	0.0000
9111	Spectrogram 1	1	14657.500000	14659.250000	0	0	8	cluster_8	0.9789
9112	Spectrogram 1	1	14659.000000	14659.750000	0	0	noise	cluster_noise	0.0000
9113	Spectrogram 1	1	14659.500000	14660.250000	0	0	14	cluster_14	1.0000
9114	Spectrogram 1	1	14660.000000	14660.500000	0	0	noise	cluster_noise	0.0000
9115	Spectrogram 1	1	14660.250000	14660.750000	0	0	17	cluster_17	1.0000
9116	Spectrogram 1	1	14660.500000	14661.000000	0	0	noise	cluster_noise	0.0000
9117	Spectrogram 1	1	14660.750000	14667.500000	0	0	8	cluster_8	1.0000
9118	Spectrogram 1	1	14667.250000	14667.750000	0	0	noise	cluster_noise	0.0000
9119	Spectrogram 1	1	14667.500000	14669.000000	0	0	8	cluster_8	0.9974
9120	Spectrogram 1	1	14668.750000	14669.250000	0	0	noise	cluster_noise	0.0000
9121	Spectrogram 1	1	14669.000000	14671.000000	0	0	8	cluster_8	0.9786
9122	Spectrogram 1	1	14670.750000	14671.250000	0	0	noise	cluster_noise	0.0000
9123	Spectrogram 1	1	14671.000000	14672.000000	0	0	22	cluster_22	1.0000
9124	Spectrogram 1	1	14671.750000	14673.250000	0	0	noise	cluster_noise	0.0000
9125	Spectrogram 1	1	14673.000000	14681.500000	0	0	8	cluster_8	0.9576
9126	Spectrogram 1	1	14681.250000	14682.000000	0	0	noise	cluster_noise	0.0000
9127	Spectrogram 1	1	14681.750000	14682.500000	0	0	8	cluster_8	1.0000
9128	Spectrogram 1	1	14682.250000	14682.750000	0	0	noise	cluster_noise	0.0000
9129	Spectrogram 1	1	14682.500000	14685.500000	0	0	8	cluster_8	0.9836
9130	Spectrogram 1	1	14685.250000	14685.750000	0	0	noise	cluster_noise	0.0000
9131	Spectrogram 1	1	14685.500000	14686.500000	0	0	8	cluster_8	1.0000
9132	Spectrogram 1	1	14686.250000	14687.000000	0	0	noise	cluster_noise	0.0000
9133	Spectrogram 1	1	14686.750000	14687.500000	0	0	22	cluster_22	0.9991
9134	Spectrogram 1	1	14687.250000	14689.000000	0	0	noise	cluster_noise	0.0000
9135	Spectrogram 1	1	14688.750000	14690.500000	0	0	8	cluster_8	0.9825
9136	Spectrogram 1	1	14690.250000	14691.000000	0	0	noise	cluster_noise	0.0000
9137	Spectrogram 1	1	14690.750000	14691.750000	0	0	18	cluster_18	1.0000
9138	Spectrogram 1	1	14691.500000	14692.000000	0	0	noise	cluster_noise	0.0000
9139	Spectrogram 1	1	14691.750000	14692.250000	0	0	17	cluster_17	0.9348
9140	Spectrogram 1	1	14692.000000	14692.500000	0	0	noise	cluster_noise	0.0000
9141	Spectrogram 1	1	14692.250000	14698.000000	0	0	8	cluster_8	0.9610
9142	Spectrogram 1	1	14697.750000	14698.250000	0	0	noise	cluster_noise	0.0000
9143	Spectrogram 1	1	14698.000000	14698.500000	0	0	8	cluster_8	1.0000
9144	Spectrogram 1	1	14698.250000	14698.750000	0	0	noise	cluster_noise	0.0000
9145	Spectrogram 1	1	14698.500000	14700.250000	0	0	8	cluster_8	0.9692
9146	Spectrogram 1	1	14700.000000	14700.500000	0	0	noise	cluster_noise	0.0000
9147	Spectrogram 1	1	14700.250000	14703.000000	0	0	8	cluster_8	0.9818
9148	Spectrogram 1	1	14702.750000	14703.250000	0	0	noise	cluster_noise	0.0000
9149	Spectrogram 1	1	14703.000000	14703.500000	0	0	22	cluster_22	1.0000
9150	Spectrogram 1	1	14703.250000	14704.750000	0	0	noise	cluster_noise	0.0000
9151	Spectrogram 1	1	14704.500000	14705.250000	0	0	17	cluster_17	0.9046
9152	Spectrogram 1	1	14705.000000	14705.500000	0	0	noise	cluster_noise	0.0000
9153	Spectrogram 1	1	14706.000000	14707.000000	0	0	8	cluster_8	1.0000
9154	Spectrogram 1	1	14706.750000	14707.250000	0	0	noise	cluster_noise	0.0000
9155	Spectrogram 1	1	14707.000000	14708.250000	0	0	18	cluster_18	0.9247
9156	Spectrogram 1	1	14708.000000	14708.750000	0	0	noise	cluster_noise	0.0000
9157	Spectrogram 1	1	14708.500000	14709.750000	0	0	8	cluster_8	1.0000
9158	Spectrogram 1	1	14709.500000	14710.000000	0	0	noise	cluster_noise	0.0000
9159	Spectrogram 1	1	14709.750000	14710.250000	0	0	8	cluster_8	1.0000
9160	Spectrogram 1	1	14710.000000	14710.500000	0	0	noise	cluster_noise	0.0000
9161	Spectrogram 1	1	14710.250000	14712.000000	0	0	8	cluster_8	1.0000
9162	Spectrogram 1	1	14711.750000	14713.000000	0	0	noise	cluster_noise	0.0000
9163	Spectrogram 1	1	14712.750000	14713.250000	0	0	8	cluster_8	0.8597
9164	Spectrogram 1	1	14713.000000	14713.500000	0	0	noise	cluster_noise	0.0000
9165	Spectrogram 1	1	14714.000000	14717.500000	0	0	8	cluster_8	1.0000
9166	Spectrogram 1	1	14718.000000	14719.750000	0	0	noise	cluster_noise	0.0000
9167	Spectrogram 1	1	14719.500000	14722.750000	0	0	8	cluster_8	0.9796
9168	Spectrogram 1	1	14722.500000	14723.000000	0	0	noise	cluster_noise	0.0000
9169	Spectrogram 1	1	14722.750000	14724.500000	0	0	9	cluster_9	0.7055
9170	Spectrogram 1	1	14724.250000	14724.750000	0	0	noise	cluster_noise	0.0000
9171	Spectrogram 1	1	14724.500000	14726.250000	0	0	3	cluster_3	1.0000
9172	Spectrogram 1	1	14726.000000	14727.000000	0	0	noise	cluster_noise	0.0000
9173	Spectrogram 1	1	14726.750000	14727.250000	0	0	3	cluster_3	0.7547
9174	Spectrogram 1	1	14727.000000	14729.000000	0	0	8	cluster_8	0.9893
9175	Spectrogram 1	1	14728.750000	14730.500000	0	0	noise	cluster_noise	0.0000
9176	Spectrogram 1	1	14732.000000	14736.750000	0	0	8	cluster_8	0.9718
9177	Spectrogram 1	1	14736.500000	14737.250000	0	0	noise	cluster_noise	0.0000
9178	Spectrogram 1	1	14737.000000	14738.000000	0	0	3	cluster_3	1.0000
9179	Spectrogram 1	1	14737.750000	14738.250000	0	0	noise	cluster_noise	0.0000
9180	Spectrogram 1	1	14738.000000	14741.000000	0	0	8	cluster_8	0.9960
9181	Spectrogram 1	1	14740.750000	14741.250000	0	0	7	cluster_7	1.0000
9182	Spectrogram 1	1	14741.000000	14741.500000	0	0	noise	cluster_noise	0.0000
9183	Spectrogram 1	1	14746.000000	14747.500000	0	0	9	cluster_9	0.9096
9184	Spectrogram 1	1	14747.250000	14748.000000	0	0	8	cluster_8	0.9203
9185	Spectrogram 1	1	14747.750000	14748.500000	0	0	noise	cluster_noise	0.0000
9186	Spectrogram 1	1	14748.250000	14749.250000	0	0	1	cluster_1	0.9859
9187	Spectrogram 1	1	14749.000000	14752.000000	0	0	8	cluster_8	1.0000
9188	Spectrogram 1	1	14751.750000	14752.250000	0	0	7	cluster_7	1.0000
9189	Spectrogram 1	1	14752.000000	14758.000000	0	0	noise	cluster_noise	0.0000
9190	Spectrogram 1	1	14757.750000	14758.500000	0	0	0	cluster_0	1.0000
9191	Spectrogram 1	1	14758.250000	14759.000000	0	0	noise	cluster_noise	0.0000
9192	Spectrogram 1	1	14758.750000	14760.250000	0	0	8	cluster_8	1.0000
9193	Spectrogram 1	1	14760.000000	14761.000000	0	0	11	cluster_11	0.3947
9194	Spectrogram 1	1	14760.750000	14761.250000	0	0	noise	cluster_noise	0.0000
9195	Spectrogram 1	1	14761.000000	14763.500000	0	0	0	cluster_0	0.9503
9196	Spectrogram 1	1	14763.250000	14765.000000	0	0	8	cluster_8	0.9767
9197	Spectrogram 1	1	14764.750000	14765.250000	0	0	noise	cluster_noise	0.0000
9198	Spectrogram 1	1	14765.000000	14765.750000	0	0	8	cluster_8	1.0000
9199	Spectrogram 1	1	14765.500000	14766.000000	0	0	noise	cluster_noise	0.0000
9200	Spectrogram 1	1	14765.750000	14766.250000	0	0	8	cluster_8	0.8483
9201	Spectrogram 1	1	14766.000000	14766.500000	0	0	noise	cluster_noise	0.0000
9202	Spectrogram 1	1	14766.250000	14769.750000	0	0	8	cluster_8	0.9747
9203	Spectrogram 1	1	14769.500000	14770.250000	0	0	noise	cluster_noise	0.0000
9204	Spectrogram 1	1	14770.000000	14772.000000	0	0	0	cluster_0	0.9569
9205	Spectrogram 1	1	14771.750000	14772.250000	0	0	noise	cluster_noise	0.0000
9206	Spectrogram 1	1	14772.000000	14773.500000	0	0	8	cluster_8	1.0000
9207	Spectrogram 1	1	14773.250000	14775.750000	0	0	0	cluster_0	0.9912
9208	Spectrogram 1	1	14775.500000	14776.500000	0	0	noise	cluster_noise	0.0000
9209	Spectrogram 1	1	14776.250000	14781.750000	0	0	8	cluster_8	0.9889
9210	Spectrogram 1	1	14781.500000	14782.000000	0	0	noise	cluster_noise	0.0000
9211	Spectrogram 1	1	14781.750000	14783.750000	0	0	8	cluster_8	0.9988
9212	Spectrogram 1	1	14783.500000	14784.000000	0	0	13	cluster_13	0.7118
9213	Spectrogram 1	1	14783.750000	14786.250000	0	0	8	cluster_8	1.0000
9214	Spectrogram 1	1	14786.000000	14787.500000	0	0	0	cluster_0	0.9371
9215	Spectrogram 1	1	14787.250000	14788.000000	0	0	noise	cluster_noise	0.0000
9216	Spectrogram 1	1	14787.750000	14789.750000	0	0	8	cluster_8	0.9592
9217	Spectrogram 1	1	14789.500000	14790.000000	0	0	noise	cluster_noise	0.0000
9218	Spectrogram 1	1	14789.750000	14791.250000	0	0	0	cluster_0	1.0000
9219	Spectrogram 1	1	14791.000000	14792.000000	0	0	noise	cluster_noise	0.0000
9220	Spectrogram 1	1	14791.750000	14793.000000	0	0	8	cluster_8	0.9519
9221	Spectrogram 1	1	14792.750000	14793.250000	0	0	noise	cluster_noise	0.0000
9222	Spectrogram 1	1	14793.000000	14794.000000	0	0	8	cluster_8	0.9766
9223	Spectrogram 1	1	14793.750000	14794.250000	0	0	noise	cluster_noise	0.0000
9224	Spectrogram 1	1	14794.000000	14798.000000	0	0	8	cluster_8	0.9970
9225	Spectrogram 1	1	14797.750000	14798.500000	0	0	noise	cluster_noise	0.0000
9226	Spectrogram 1	1	14798.250000	14799.250000	0	0	8	cluster_8	0.9904
9227	Spectrogram 1	1	14799.000000	14800.000000	0	0	noise	cluster_noise	0.0000
9228	Spectrogram 1	1	14799.750000	14800.250000	0	0	3	cluster_3	1.0000
9229	Spectrogram 1	1	14800.000000	14800.750000	0	0	8	cluster_8	1.0000
9230	Spectrogram 1	1	14800.500000	14801.000000	0	0	noise	cluster_noise	0.0000
9231	Spectrogram 1	1	14800.750000	14801.250000	0	0	8	cluster_8	0.8387
9232	Spectrogram 1	1	14801.000000	14801.500000	0	0	noise	cluster_noise	0.0000
9233	Spectrogram 1	1	14801.250000	14801.750000	0	0	8	cluster_8	0.9208
9234	Spectrogram 1	1	14801.500000	14802.250000	0	0	noise	cluster_noise	0.0000
9235	Spectrogram 1	1	14802.000000	14802.500000	0	0	3	cluster_3	0.8759
9236	Spectrogram 1	1	14802.250000	14803.000000	0	0	noise	cluster_noise	0.0000
9237	Spectrogram 1	1	14802.750000	14803.250000	0	0	8	cluster_8	0.8315
9238	Spectrogram 1	1	14803.000000	14804.250000	0	0	noise	cluster_noise	0.0000
9239	Spectrogram 1	1	14804.000000	14806.000000	0	0	8	cluster_8	1.0000
9240	Spectrogram 1	1	14805.750000	14806.250000	0	0	noise	cluster_noise	0.0000
9241	Spectrogram 1	1	14806.000000	14807.250000	0	0	0	cluster_0	0.9953
9242	Spectrogram 1	1	14807.000000	14807.500000	0	0	noise	cluster_noise	0.0000
9243	Spectrogram 1	1	14807.250000	14807.750000	0	0	8	cluster_8	1.0000
9244	Spectrogram 1	1	14807.500000	14808.000000	0	0	noise	cluster_noise	0.0000
9245	Spectrogram 1	1	14807.750000	14810.000000	0	0	8	cluster_8	1.0000
9246	Spectrogram 1	1	14809.750000	14811.250000	0	0	0	cluster_0	0.9902
9247	Spectrogram 1	1	14811.000000	14813.250000	0	0	8	cluster_8	0.9646
9248	Spectrogram 1	1	14813.000000	14813.500000	0	0	3	cluster_3	0.7843
9249	Spectrogram 1	1	14813.250000	14815.000000	0	0	8	cluster_8	1.0000
9250	Spectrogram 1	1	14814.750000	14815.250000	0	0	noise	cluster_noise	0.0000
9251	Spectrogram 1	1	14815.000000	14815.750000	0	0	8	cluster_8	1.0000
9252	Spectrogram 1	1	14815.500000	14816.250000	0	0	noise	cluster_noise	0.0000
9253	Spectrogram 1	1	14816.000000	14817.500000	0	0	8	cluster_8	0.9643
9254	Spectrogram 1	1	14817.250000	14818.250000	0	0	noise	cluster_noise	0.0000
9255	Spectrogram 1	1	14818.000000	14818.500000	0	0	3	cluster_3	0.7646
9256	Spectrogram 1	1	14818.250000	14820.500000	0	0	8	cluster_8	0.9543
9257	Spectrogram 1	1	14820.250000	14821.000000	0	0	noise	cluster_noise	0.0000
9258	Spectrogram 1	1	14820.750000	14821.250000	0	0	3	cluster_3	1.0000
9259	Spectrogram 1	1	14821.000000	14821.750000	0	0	noise	cluster_noise	0.0000
9260	Spectrogram 1	1	14821.500000	14822.000000	0	0	8	cluster_8	0.8988
9261	Spectrogram 1	1	14821.750000	14822.500000	0	0	noise	cluster_noise	0.0000
9262	Spectrogram 1	1	14822.250000	14824.250000	0	0	8	cluster_8	0.9827
9263	Spectrogram 1	1	14824.000000	14824.500000	0	0	3	cluster_3	0.7409
9264	Spectrogram 1	1	14824.250000	14824.750000	0	0	8	cluster_8	0.8706
9265	Spectrogram 1	1	14824.500000	14825.000000	0	0	noise	cluster_noise	0.0000
9266	Spectrogram 1	1	14824.750000	14826.500000	0	0	8	cluster_8	1.0000
9267	Spectrogram 1	1	14826.250000	14826.750000	0	0	noise	cluster_noise	0.0000
9268	Spectrogram 1	1	14826.500000	14827.000000	0	0	3	cluster_3	0.8611
9269	Spectrogram 1	1	14826.750000	14828.500000	0	0	8	cluster_8	1.0000
9270	Spectrogram 1	1	14828.250000	14828.750000	0	0	noise	cluster_noise	0.0000
9271	Spectrogram 1	1	14828.500000	14829.000000	0	0	8	cluster_8	1.0000
9272	Spectrogram 1	1	14828.750000	14829.250000	0	0	noise	cluster_noise	0.0000
9273	Spectrogram 1	1	14829.000000	14829.500000	0	0	3	cluster_3	0.9964
9274	Spectrogram 1	1	14829.250000	14830.500000	0	0	8	cluster_8	1.0000
9275	Spectrogram 1	1	14830.250000	14831.000000	0	0	noise	cluster_noise	0.0000
9276	Spectrogram 1	1	14830.750000	14831.500000	0	0	11	cluster_11	0.5112
9277	Spectrogram 1	1	14831.250000	14831.750000	0	0	noise	cluster_noise	0.0000
9278	Spectrogram 1	1	14831.500000	14832.750000	0	0	8	cluster_8	1.0000
9279	Spectrogram 1	1	14832.500000	14833.000000	0	0	noise	cluster_noise	0.0000
9280	Spectrogram 1	1	14832.750000	14833.500000	0	0	11	cluster_11	0.4438
9281	Spectrogram 1	1	14833.250000	14833.750000	0	0	noise	cluster_noise	0.0000
9282	Spectrogram 1	1	14833.500000	14834.750000	0	0	11	cluster_11	0.4992
9283	Spectrogram 1	1	14834.500000	14835.750000	0	0	8	cluster_8	0.9558
9284	Spectrogram 1	1	14835.500000	14837.000000	0	0	noise	cluster_noise	0.0000
9285	Spectrogram 1	1	14836.750000	14837.500000	0	0	11	cluster_11	0.4174
9286	Spectrogram 1	1	14837.250000	14838.250000	0	0	noise	cluster_noise	0.0000
9287	Spectrogram 1	1	14838.000000	14838.750000	0	0	8	cluster_8	1.0000
9288	Spectrogram 1	1	14838.500000	14839.250000	0	0	noise	cluster_noise	0.0000
9289	Spectrogram 1	1	14839.000000	14839.500000	0	0	9	cluster_9	0.5938
9290	Spectrogram 1	1	14839.250000	14839.750000	0	0	noise	cluster_noise	0.0000
9291	Spectrogram 1	1	14839.500000	14840.250000	0	0	11	cluster_11	0.3957
9292	Spectrogram 1	1	14840.000000	14841.750000	0	0	noise	cluster_noise	0.0000
9293	Spectrogram 1	1	14841.500000	14842.750000	0	0	8	cluster_8	1.0000
9294	Spectrogram 1	1	14842.500000	14843.750000	0	0	3	cluster_3	0.9218
9295	Spectrogram 1	1	14843.500000	14845.500000	0	0	8	cluster_8	1.0000
9296	Spectrogram 1	1	14845.250000	14846.500000	0	0	3	cluster_3	1.0000
9297	Spectrogram 1	1	14846.250000	14848.000000	0	0	8	cluster_8	0.9862
9298	Spectrogram 1	1	14847.750000	14848.250000	0	0	noise	cluster_noise	0.0000
9299	Spectrogram 1	1	14848.000000	14849.000000	0	0	3	cluster_3	0.9332
9300	Spectrogram 1	1	14848.750000	14849.500000	0	0	noise	cluster_noise	0.0000
9301	Spectrogram 1	1	14849.250000	14850.500000	0	0	8	cluster_8	1.0000
9302	Spectrogram 1	1	14850.250000	14851.250000	0	0	3	cluster_3	0.9511
9303	Spectrogram 1	1	14851.000000	14852.000000	0	0	8	cluster_8	1.0000
9304	Spectrogram 1	1	14851.750000	14852.250000	0	0	noise	cluster_noise	0.0000
9305	Spectrogram 1	1	14852.000000	14853.000000	0	0	11	cluster_11	0.4760
9306	Spectrogram 1	1	14852.750000	14854.250000	0	0	noise	cluster_noise	0.0000
9307	Spectrogram 1	1	14854.000000	14855.750000	0	0	11	cluster_11	0.4811
9308	Spectrogram 1	1	14855.500000	14856.000000	0	0	noise	cluster_noise	0.0000
9309	Spectrogram 1	1	14855.750000	14856.750000	0	0	8	cluster_8	1.0000
9310	Spectrogram 1	1	14856.500000	14858.000000	0	0	11	cluster_11	0.5156
9311	Spectrogram 1	1	14857.750000	14860.000000	0	0	8	cluster_8	0.9917
9312	Spectrogram 1	1	14859.750000	14860.750000	0	0	noise	cluster_noise	0.0000
9313	Spectrogram 1	1	14860.500000	14862.000000	0	0	8	cluster_8	1.0000
9314	Spectrogram 1	1	14861.750000	14863.250000	0	0	3	cluster_3	0.9426
9315	Spectrogram 1	1	14863.000000	14863.500000	0	0	noise	cluster_noise	0.0000
9316	Spectrogram 1	1	14863.250000	14864.500000	0	0	8	cluster_8	1.0000
9317	Spectrogram 1	1	14864.250000	14864.750000	0	0	noise	cluster_noise	0.0000
9318	Spectrogram 1	1	14864.500000	14865.750000	0	0	3	cluster_3	0.9646
9319	Spectrogram 1	1	14865.500000	14867.250000	0	0	8	cluster_8	1.0000
9320	Spectrogram 1	1	14867.000000	14868.250000	0	0	3	cluster_3	0.9906
9321	Spectrogram 1	1	14868.000000	14868.500000	0	0	noise	cluster_noise	0.0000
9322	Spectrogram 1	1	14868.250000	14869.500000	0	0	8	cluster_8	1.0000
9323	Spectrogram 1	1	14875.000000	14876.500000	0	0	3	cluster_3	0.9736
9324	Spectrogram 1	1	14876.250000	14877.500000	0	0	8	cluster_8	1.0000
9325	Spectrogram 1	1	14877.250000	14877.750000	0	0	noise	cluster_noise	0.0000
9326	Spectrogram 1	1	14877.500000	14878.500000	0	0	3	cluster_3	0.8226
9327	Spectrogram 1	1	14878.250000	14879.000000	0	0	1	cluster_1	0.8092
9328	Spectrogram 1	1	14878.750000	14879.500000	0	0	noise	cluster_noise	0.0000
9329	Spectrogram 1	1	14879.250000	14879.750000	0	0	1	cluster_1	1.0000
9330	Spectrogram 1	1	14879.500000	14880.250000	0	0	noise	cluster_noise	0.0000
9331	Spectrogram 1	1	14880.000000	14880.500000	0	0	3	cluster_3	0.7671
9332	Spectrogram 1	1	14888.000000	14888.500000	0	0	8	cluster_8	1.0000
9333	Spectrogram 1	1	14888.250000	14889.000000	0	0	3	cluster_3	0.9450
9334	Spectrogram 1	1	14888.750000	14889.500000	0	0	1	cluster_1	0.7654
9335	Spectrogram 1	1	14889.250000	14889.750000	0	0	noise	cluster_noise	0.0000
9336	Spectrogram 1	1	14889.500000	14890.750000	0	0	8	cluster_8	1.0000
9337	Spectrogram 1	1	14890.500000	14891.000000	0	0	noise	cluster_noise	0.0000
9338	Spectrogram 1	1	14890.750000	14891.250000	0	0	3	cluster_3	1.0000
9339	Spectrogram 1	1	14891.000000	14891.500000	0	0	noise	cluster_noise	0.0000
9340	Spectrogram 1	1	14891.250000	14892.500000	0	0	8	cluster_8	1.0000
9341	Spectrogram 1	1	14895.000000	14895.500000	0	0	noise	cluster_noise	0.0000
9342	Spectrogram 1	1	14895.250000	14896.500000	0	0	3	cluster_3	0.9940
9343	Spectrogram 1	1	14896.250000	14896.750000	0	0	1	cluster_1	1.0000
9344	Spectrogram 1	1	14896.500000	14897.000000	0	0	noise	cluster_noise	0.0000
9345	Spectrogram 1	1	14896.750000	14898.250000	0	0	3	cluster_3	0.9943
9346	Spectrogram 1	1	14898.000000	14898.500000	0	0	noise	cluster_noise	0.0000
9347	Spectrogram 1	1	14899.000000	14900.000000	0	0	8	cluster_8	1.0000
9348	Spectrogram 1	1	14899.750000	14901.000000	0	0	1	cluster_1	1.0000
9349	Spectrogram 1	1	14900.750000	14901.250000	0	0	noise	cluster_noise	0.0000
9350	Spectrogram 1	1	14901.000000	14903.500000	0	0	8	cluster_8	0.9548
9351	Spectrogram 1	1	14904.000000	14905.000000	0	0	3	cluster_3	0.9924
9352	Spectrogram 1	1	14904.750000	14905.250000	0	0	noise	cluster_noise	0.0000
9353	Spectrogram 1	1	14905.000000	14907.250000	0	0	8	cluster_8	0.9885
9354	Spectrogram 1	1	14907.000000	14908.500000	0	0	3	cluster_3	1.0000
9355	Spectrogram 1	1	14908.250000	14910.250000	0	0	8	cluster_8	1.0000
9356	Spectrogram 1	1	14910.000000	14911.500000	0	0	3	cluster_3	1.0000
9357	Spectrogram 1	1	14911.250000	14912.250000	0	0	8	cluster_8	1.0000
9358	Spectrogram 1	1	14912.000000	14912.500000	0	0	noise	cluster_noise	0.0000
9359	Spectrogram 1	1	14912.250000	14913.250000	0	0	8	cluster_8	1.0000
9360	Spectrogram 1	1	14913.000000	14914.500000	0	0	3	cluster_3	1.0000
9361	Spectrogram 1	1	14914.250000	14915.500000	0	0	8	cluster_8	1.0000
9362	Spectrogram 1	1	14915.250000	14915.750000	0	0	noise	cluster_noise	0.0000
9363	Spectrogram 1	1	14915.500000	14916.250000	0	0	8	cluster_8	1.0000
9364	Spectrogram 1	1	14916.000000	14916.500000	0	0	3	cluster_3	1.0000
9365	Spectrogram 1	1	14916.250000	14917.750000	0	0	1	cluster_1	0.9498
9366	Spectrogram 1	1	14917.500000	14921.000000	0	0	8	cluster_8	0.9869
9367	Spectrogram 1	1	14920.750000	14921.500000	0	0	3	cluster_3	0.8614
9368	Spectrogram 1	1	14921.250000	14924.500000	0	0	8	cluster_8	0.9821
9369	Spectrogram 1	1	14924.250000	14925.750000	0	0	3	cluster_3	0.9240
9370	Spectrogram 1	1	14925.500000	14927.750000	0	0	8	cluster_8	0.9862
9371	Spectrogram 1	1	14927.500000	14929.000000	0	0	1	cluster_1	0.9379
9372	Spectrogram 1	1	14928.750000	14929.750000	0	0	noise	cluster_noise	0.0000
9373	Spectrogram 1	1	14929.500000	14930.500000	0	0	8	cluster_8	1.0000
9374	Spectrogram 1	1	14930.250000	14931.500000	0	0	1	cluster_1	0.9812
9375	Spectrogram 1	1	14931.250000	14932.000000	0	0	noise	cluster_noise	0.0000
9376	Spectrogram 1	1	14931.750000	14932.750000	0	0	8	cluster_8	1.0000
9377	Spectrogram 1	1	14932.500000	14933.000000	0	0	noise	cluster_noise	0.0000
9378	Spectrogram 1	1	14932.750000	14933.500000	0	0	8	cluster_8	1.0000
9379	Spectrogram 1	1	14933.250000	14934.750000	0	0	noise	cluster_noise	0.0000
9380	Spectrogram 1	1	14934.500000	14935.250000	0	0	8	cluster_8	0.8811
9381	Spectrogram 1	1	14935.000000	14935.500000	0	0	noise	cluster_noise	0.0000
9382	Spectrogram 1	1	14935.250000	14936.250000	0	0	8	cluster_8	1.0000
9383	Spectrogram 1	1	14936.000000	14936.750000	0	0	noise	cluster_noise	0.0000
9384	Spectrogram 1	1	14936.500000	14941.000000	0	0	8	cluster_8	0.9797
9385	Spectrogram 1	1	14940.750000	14942.500000	0	0	1	cluster_1	0.9452
9386	Spectrogram 1	1	14942.250000	14943.250000	0	0	8	cluster_8	0.8995
9387	Spectrogram 1	1	14943.000000	14943.500000	0	0	noise	cluster_noise	0.0000
9388	Spectrogram 1	1	14943.250000	14944.500000	0	0	1	cluster_1	0.9363
9389	Spectrogram 1	1	14944.250000	14946.750000	0	0	8	cluster_8	0.9793
9390	Spectrogram 1	1	14946.500000	14947.250000	0	0	noise	cluster_noise	0.0000
9391	Spectrogram 1	1	14947.000000	14948.000000	0	0	8	cluster_8	0.9420
9392	Spectrogram 1	1	14947.750000	14948.500000	0	0	noise	cluster_noise	0.0000
9393	Spectrogram 1	1	14948.250000	14950.500000	0	0	8	cluster_8	0.9924
9394	Spectrogram 1	1	14952.000000	14952.500000	0	0	noise	cluster_noise	0.0000
9395	Spectrogram 1	1	14952.250000	14953.500000	0	0	8	cluster_8	1.0000
9396	Spectrogram 1	1	14954.000000	14954.750000	0	0	1	cluster_1	0.9675
9397	Spectrogram 1	1	14954.500000	14955.250000	0	0	3	cluster_3	0.9455
9398	Spectrogram 1	1	14955.000000	14955.500000	0	0	noise	cluster_noise	0.0000
9399	Spectrogram 1	1	14955.250000	14956.250000	0	0	8	cluster_8	1.0000
9400	Spectrogram 1	1	14956.000000	14956.750000	0	0	noise	cluster_noise	0.0000
9401	Spectrogram 1	1	14956.500000	14957.500000	0	0	1	cluster_1	0.8461
9402	Spectrogram 1	1	14957.250000	14958.000000	0	0	noise	cluster_noise	0.0000
9403	Spectrogram 1	1	14957.750000	14960.000000	0	0	8	cluster_8	1.0000
9404	Spectrogram 1	1	14959.750000	14961.750000	0	0	noise	cluster_noise	0.0000
9405	Spectrogram 1	1	14961.500000	14972.500000	0	0	8	cluster_8	0.9956
9406	Spectrogram 1	1	14973.000000	14974.250000	0	0	noise	cluster_noise	0.0000
9407	Spectrogram 1	1	14974.000000	14978.750000	0	0	8	cluster_8	0.9889
9408	Spectrogram 1	1	14978.500000	14979.250000	0	0	noise	cluster_noise	0.0000
9409	Spectrogram 1	1	14979.000000	14980.000000	0	0	1	cluster_1	1.0000
9410	Spectrogram 1	1	14979.750000	15016.500000	0	0	8	cluster_8	1.0000
9411	Spectrogram 1	1	15021.000000	15022.000000	0	0	noise	cluster_noise	0.0000
9412	Spectrogram 1	1	15021.750000	15022.500000	0	0	8	cluster_8	1.0000
9413	Spectrogram 1	1	15027.000000	15027.500000	0	0	3	cluster_3	1.0000
9414	Spectrogram 1	1	15027.250000	15029.500000	0	0	8	cluster_8	1.0000
9415	Spectrogram 1	1	15047.000000	15049.000000	0	0	noise	cluster_noise	0.0000
9416	Spectrogram 1	1	15048.750000	15051.250000	0	0	8	cluster_8	0.9601
9417	Spectrogram 1	1	15051.000000	15051.500000	0	0	noise	cluster_noise	0.0000
9418	Spectrogram 1	1	15051.250000	15051.750000	0	0	3	cluster_3	0.9438
9419	Spectrogram 1	1	15051.500000	15065.500000	0	0	8	cluster_8	0.9826
9420	Spectrogram 1	1	15065.250000	15068.250000	0	0	noise	cluster_noise	0.0000
9421	Spectrogram 1	1	15068.000000	15078.250000	0	0	8	cluster_8	0.9805
9422	Spectrogram 1	1	15078.000000	15078.500000	0	0	noise	cluster_noise	0.0000
9423	Spectrogram 1	1	15078.250000	15079.000000	0	0	8	cluster_8	0.9540
9424	Spectrogram 1	1	15078.750000	15079.250000	0	0	noise	cluster_noise	0.0000
9425	Spectrogram 1	1	15079.000000	15079.500000	0	0	8	cluster_8	0.8919
9426	Spectrogram 1	1	15079.250000	15079.750000	0	0	noise	cluster_noise	0.0000
9427	Spectrogram 1	1	15079.500000	15082.250000	0	0	8	cluster_8	0.9840
9428	Spectrogram 1	1	15082.000000	15082.500000	0	0	noise	cluster_noise	0.0000
9429	Spectrogram 1	1	15089.000000	15089.500000	0	0	8	cluster_8	1.0000
9430	Spectrogram 1	1	15089.250000	15090.000000	0	0	noise	cluster_noise	0.0000
9431	Spectrogram 1	1	15089.750000	15105.750000	0	0	8	cluster_8	0.9625
9432	Spectrogram 1	1	15105.500000	15106.000000	0	0	noise	cluster_noise	0.0000
9433	Spectrogram 1	1	15105.750000	15106.750000	0	0	8	cluster_8	1.0000
9434	Spectrogram 1	1	15106.500000	15107.000000	0	0	noise	cluster_noise	0.0000
9435	Spectrogram 1	1	15106.750000	15108.500000	0	0	8	cluster_8	1.0000
9436	Spectrogram 1	1	15108.250000	15109.500000	0	0	noise	cluster_noise	0.0000
9437	Spectrogram 1	1	15115.000000	15117.250000	0	0	8	cluster_8	0.9997
9438	Spectrogram 1	1	15117.000000	15117.500000	0	0	noise	cluster_noise	0.0000
9439	Spectrogram 1	1	15117.250000	15119.250000	0	0	8	cluster_8	0.9942
9440	Spectrogram 1	1	15119.000000	15120.000000	0	0	noise	cluster_noise	0.0000
9441	Spectrogram 1	1	15119.750000	15120.500000	0	0	8	cluster_8	1.0000
9442	Spectrogram 1	1	15120.250000	15120.750000	0	0	noise	cluster_noise	0.0000
9443	Spectrogram 1	1	15120.500000	15132.250000	0	0	8	cluster_8	0.9812
9444	Spectrogram 1	1	15132.000000	15135.500000	0	0	noise	cluster_noise	0.0000
9445	Spectrogram 1	1	15135.250000	15140.250000	0	0	8	cluster_8	0.9786
9446	Spectrogram 1	1	15140.000000	15140.750000	0	0	noise	cluster_noise	0.0000
9447	Spectrogram 1	1	15140.500000	15142.750000	0	0	21	cluster_21	0.7184
9448	Spectrogram 1	1	15142.500000	15143.000000	0	0	noise	cluster_noise	0.0000
9449	Spectrogram 1	1	15142.750000	15143.250000	0	0	8	cluster_8	1.0000
9450	Spectrogram 1	1	15143.000000	15143.500000	0	0	noise	cluster_noise	0.0000
9451	Spectrogram 1	1	15143.250000	15144.750000	0	0	8	cluster_8	0.9839
9452	Spectrogram 1	1	15144.500000	15145.250000	0	0	noise	cluster_noise	0.0000
9453	Spectrogram 1	1	15145.000000	15146.250000	0	0	8	cluster_8	0.9636
9454	Spectrogram 1	1	15146.000000	15146.750000	0	0	0	cluster_0	0.3957
9455	Spectrogram 1	1	15146.500000	15147.500000	0	0	8	cluster_8	0.9436
9456	Spectrogram 1	1	15147.250000	15147.750000	0	0	noise	cluster_noise	0.0000
9457	Spectrogram 1	1	15147.500000	15151.000000	0	0	8	cluster_8	1.0000
9458	Spectrogram 1	1	15150.750000	15151.250000	0	0	noise	cluster_noise	0.0000
9459	Spectrogram 1	1	15151.000000	15151.500000	0	0	8	cluster_8	0.9176
9460	Spectrogram 1	1	15160.000000	15160.500000	0	0	noise	cluster_noise	0.0000
9461	Spectrogram 1	1	15160.250000	15161.000000	0	0	8	cluster_8	1.0000
9462	Spectrogram 1	1	15160.750000	15161.750000	0	0	noise	cluster_noise	0.0000
9463	Spectrogram 1	1	15161.500000	15165.500000	0	0	8	cluster_8	0.9901
9464	Spectrogram 1	1	15170.000000	15170.500000	0	0	21	cluster_21	0.8315
9465	Spectrogram 1	1	15170.250000	15170.750000	0	0	noise	cluster_noise	0.0000
9466	Spectrogram 1	1	15170.500000	15171.500000	0	0	21	cluster_21	0.8002
9467	Spectrogram 1	1	15171.250000	15172.250000	0	0	noise	cluster_noise	0.0000
9468	Spectrogram 1	1	15172.000000	15172.500000	0	0	17	cluster_17	0.9320
9469	Spectrogram 1	1	15172.250000	15173.000000	0	0	8	cluster_8	0.8934
9470	Spectrogram 1	1	15172.750000	15173.250000	0	0	noise	cluster_noise	0.0000
9471	Spectrogram 1	1	15173.000000	15175.500000	0	0	8	cluster_8	0.9675
9472	Spectrogram 1	1	15175.250000	15175.750000	0	0	noise	cluster_noise	0.0000
9473	Spectrogram 1	1	15175.500000	15176.500000	0	0	0	cluster_0	1.0000
9474	Spectrogram 1	1	15176.250000	15178.500000	0	0	8	cluster_8	0.9728
9475	Spectrogram 1	1	15184.000000	15184.500000	0	0	noise	cluster_noise	0.0000
9476	Spectrogram 1	1	15184.250000	15185.000000	0	0	8	cluster_8	0.9068
9477	Spectrogram 1	1	15184.750000	15185.250000	0	0	noise	cluster_noise	0.0000
9478	Spectrogram 1	1	15185.000000	15186.250000	0	0	8	cluster_8	0.9666
9479	Spectrogram 1	1	15186.000000	15186.500000	0	0	noise	cluster_noise	0.0000
9480	Spectrogram 1	1	15186.250000	15187.250000	0	0	8	cluster_8	1.0000
9481	Spectrogram 1	1	15187.000000	15187.750000	0	0	noise	cluster_noise	0.0000
9482	Spectrogram 1	1	15187.500000	15193.500000	0	0	8	cluster_8	0.9453
9483	Spectrogram 1	1	15193.250000	15193.750000	0	0	noise	cluster_noise	0.0000
9484	Spectrogram 1	1	15193.500000	15194.500000	0	0	8	cluster_8	0.9461
9485	Spectrogram 1	1	15194.250000	15194.750000	0	0	noise	cluster_noise	0.0000
9486	Spectrogram 1	1	15194.500000	15195.500000	0	0	0	cluster_0	0.5903
9487	Spectrogram 1	1	15195.250000	15195.750000	0	0	8	cluster_8	0.9168
9488	Spectrogram 1	1	15195.500000	15196.250000	0	0	noise	cluster_noise	0.0000
9489	Spectrogram 1	1	15196.000000	15197.750000	0	0	8	cluster_8	0.9270
9490	Spectrogram 1	1	15197.500000	15198.250000	0	0	noise	cluster_noise	0.0000
9491	Spectrogram 1	1	15198.000000	15199.500000	0	0	8	cluster_8	1.0000
9492	Spectrogram 1	1	15199.250000	15200.000000	0	0	noise	cluster_noise	0.0000
9493	Spectrogram 1	1	15199.750000	15200.500000	0	0	8	cluster_8	1.0000
9494	Spectrogram 1	1	15200.250000	15200.750000	0	0	noise	cluster_noise	0.0000
9495	Spectrogram 1	1	15200.500000	15201.500000	0	0	8	cluster_8	0.9906
9496	Spectrogram 1	1	15204.000000	15204.500000	0	0	noise	cluster_noise	0.0000
9497	Spectrogram 1	1	15204.250000	15207.250000	0	0	8	cluster_8	0.9585
9498	Spectrogram 1	1	15207.000000	15207.750000	0	0	noise	cluster_noise	0.0000
9499	Spectrogram 1	1	15207.500000	15208.500000	0	0	0	cluster_0	0.6752
9500	Spectrogram 1	1	15208.250000	15216.500000	0	0	8	cluster_8	0.9918
9501	Spectrogram 1	1	15216.250000	15216.750000	0	0	noise	cluster_noise	0.0000
9502	Spectrogram 1	1	15216.500000	15217.500000	0	0	8	cluster_8	1.0000
9503	Spectrogram 1	1	15218.000000	15218.750000	0	0	noise	cluster_noise	0.0000
9504	Spectrogram 1	1	15218.500000	15219.250000	0	0	8	cluster_8	1.0000
9505	Spectrogram 1	1	15219.000000	15219.500000	0	0	noise	cluster_noise	0.0000
9506	Spectrogram 1	1	15220.000000	15220.750000	0	0	3	cluster_3	0.8668
9507	Spectrogram 1	1	15220.500000	15222.250000	0	0	8	cluster_8	0.9743
9508	Spectrogram 1	1	15222.000000	15222.500000	0	0	noise	cluster_noise	0.0000
9509	Spectrogram 1	1	15231.000000	15232.500000	0	0	8	cluster_8	0.9973
9510	Spectrogram 1	1	15232.250000	15232.750000	0	0	3	cluster_3	1.0000
9511	Spectrogram 1	1	15232.500000	15233.250000	0	0	noise	cluster_noise	0.0000
9512	Spectrogram 1	1	15233.000000	15239.250000	0	0	8	cluster_8	0.9876
9513	Spectrogram 1	1	15239.000000	15239.750000	0	0	noise	cluster_noise	0.0000
9514	Spectrogram 1	1	15239.500000	15240.500000	0	0	8	cluster_8	0.9611
9515	Spectrogram 1	1	15240.250000	15241.250000	0	0	3	cluster_3	0.8003
9516	Spectrogram 1	1	15241.000000	15243.250000	0	0	8	cluster_8	1.0000
9517	Spectrogram 1	1	15243.000000	15243.500000	0	0	noise	cluster_noise	0.0000
9518	Spectrogram 1	1	15243.250000	15248.250000	0	0	8	cluster_8	0.9995
9519	Spectrogram 1	1	15248.000000	15248.500000	0	0	3	cluster_3	0.8150
9520	Spectrogram 1	1	15248.250000	15249.500000	0	0	8	cluster_8	0.9909
9521	Spectrogram 1	1	15249.250000	15249.750000	0	0	noise	cluster_noise	0.0000
9522	Spectrogram 1	1	15249.500000	15250.000000	0	0	9	cluster_9	0.5700
9523	Spectrogram 1	1	15249.750000	15250.750000	0	0	noise	cluster_noise	0.0000
9524	Spectrogram 1	1	15250.500000	15252.000000	0	0	8	cluster_8	0.9081
9525	Spectrogram 1	1	15251.750000	15252.500000	0	0	9	cluster_9	0.6003
9526	Spectrogram 1	1	15252.250000	15254.750000	0	0	8	cluster_8	1.0000
9527	Spectrogram 1	1	15254.500000	15255.000000	0	0	noise	cluster_noise	0.0000
9528	Spectrogram 1	1	15254.750000	15255.500000	0	0	0	cluster_0	0.4867
9529	Spectrogram 1	1	15256.000000	15256.750000	0	0	8	cluster_8	1.0000
9530	Spectrogram 1	1	15256.500000	15257.250000	0	0	noise	cluster_noise	0.0000
9531	Spectrogram 1	1	15257.000000	15257.500000	0	0	8	cluster_8	0.8072
9532	Spectrogram 1	1	15259.000000	15259.500000	0	0	noise	cluster_noise	0.0000
9533	Spectrogram 1	1	15259.250000	15260.000000	0	0	3	cluster_3	1.0000
9534	Spectrogram 1	1	15259.750000	15260.250000	0	0	1	cluster_1	1.0000
9535	Spectrogram 1	1	15260.000000	15262.000000	0	0	8	cluster_8	0.9904
9536	Spectrogram 1	1	15261.750000	15262.250000	0	0	noise	cluster_noise	0.0000
9537	Spectrogram 1	1	15262.000000	15263.750000	0	0	3	cluster_3	0.9856
9538	Spectrogram 1	1	15263.500000	15265.000000	0	0	8	cluster_8	1.0000
9539	Spectrogram 1	1	15264.750000	15266.000000	0	0	3	cluster_3	0.9081
9540	Spectrogram 1	1	15265.750000	15266.250000	0	0	1	cluster_1	1.0000
9541	Spectrogram 1	1	15266.000000	15266.500000	0	0	8	cluster_8	1.0000
9542	Spectrogram 1	1	15266.250000	15266.750000	0	0	noise	cluster_noise	0.0000
9543	Spectrogram 1	1	15266.500000	15268.000000	0	0	8	cluster_8	0.9324
9544	Spectrogram 1	1	15267.750000	15268.250000	0	0	noise	cluster_noise	0.0000
9545	Spectrogram 1	1	15268.000000	15269.000000	0	0	3	cluster_3	0.9190
9546	Spectrogram 1	1	15268.750000	15270.250000	0	0	8	cluster_8	0.9717
9547	Spectrogram 1	1	15270.000000	15270.750000	0	0	noise	cluster_noise	0.0000
9548	Spectrogram 1	1	15270.500000	15271.000000	0	0	8	cluster_8	1.0000
9549	Spectrogram 1	1	15270.750000	15272.000000	0	0	3	cluster_3	0.9882
9550	Spectrogram 1	1	15271.750000	15272.250000	0	0	noise	cluster_noise	0.0000
9551	Spectrogram 1	1	15272.000000	15273.500000	0	0	8	cluster_8	0.9805
9552	Spectrogram 1	1	15275.000000	15275.500000	0	0	noise	cluster_noise	0.0000
9553	Spectrogram 1	1	15275.250000	15275.750000	0	0	7	cluster_7	0.8127
9554	Spectrogram 1	1	15275.500000	15276.000000	0	0	8	cluster_8	1.0000
9555	Spectrogram 1	1	15275.750000	15276.250000	0	0	3	cluster_3	0.7786
9556	Spectrogram 1	1	15276.000000	15277.250000	0	0	noise	cluster_noise	0.0000
9557	Spectrogram 1	1	15277.000000	15278.750000	0	0	8	cluster_8	1.0000
9558	Spectrogram 1	1	15278.500000	15279.000000	0	0	noise	cluster_noise	0.0000
9559	Spectrogram 1	1	15278.750000	15280.250000	0	0	3	cluster_3	0.9880
9560	Spectrogram 1	1	15280.000000	15283.750000	0	0	8	cluster_8	0.9774
9561	Spectrogram 1	1	15283.500000	15284.000000	0	0	noise	cluster_noise	0.0000
9562	Spectrogram 1	1	15283.750000	15284.250000	0	0	8	cluster_8	0.9472
9563	Spectrogram 1	1	15284.000000	15284.500000	0	0	noise	cluster_noise	0.0000
9564	Spectrogram 1	1	15284.250000	15284.750000	0	0	3	cluster_3	1.0000
9565	Spectrogram 1	1	15284.500000	15285.250000	0	0	1	cluster_1	0.7810
9566	Spectrogram 1	1	15285.000000	15285.500000	0	0	8	cluster_8	0.9115
9567	Spectrogram 1	1	15285.250000	15285.750000	0	0	noise	cluster_noise	0.0000
9568	Spectrogram 1	1	15285.500000	15287.250000	0	0	8	cluster_8	0.9380
9569	Spectrogram 1	1	15287.000000	15288.000000	0	0	1	cluster_1	1.0000
9570	Spectrogram 1	1	15287.750000	15288.500000	0	0	3	cluster_3	0.7694
9571	Spectrogram 1	1	15288.250000	15288.750000	0	0	noise	cluster_noise	0.0000
9572	Spectrogram 1	1	15288.500000	15289.250000	0	0	3	cluster_3	0.9388
9573	Spectrogram 1	1	15289.000000	15290.500000	0	0	8	cluster_8	1.0000
9574	Spectrogram 1	1	15290.250000	15291.750000	0	0	3	cluster_3	0.9431
9575	Spectrogram 1	1	15291.500000	15293.000000	0	0	8	cluster_8	1.0000
9576	Spectrogram 1	1	15292.750000	15293.250000	0	0	noise	cluster_noise	0.0000
9577	Spectrogram 1	1	15293.000000	15293.750000	0	0	7	cluster_7	0.8797
9578	Spectrogram 1	1	15293.500000	15294.000000	0	0	8	cluster_8	1.0000
9579	Spectrogram 1	1	15293.750000	15294.250000	0	0	noise	cluster_noise	0.0000
9580	Spectrogram 1	1	15294.000000	15294.750000	0	0	1	cluster_1	0.9782
9581	Spectrogram 1	1	15294.500000	15295.000000	0	0	noise	cluster_noise	0.0000
9582	Spectrogram 1	1	15294.750000	15295.250000	0	0	1	cluster_1	0.9924
9583	Spectrogram 1	1	15295.000000	15295.750000	0	0	noise	cluster_noise	0.0000
9584	Spectrogram 1	1	15295.500000	15296.000000	0	0	8	cluster_8	1.0000
9585	Spectrogram 1	1	15295.750000	15296.250000	0	0	noise	cluster_noise	0.0000
9586	Spectrogram 1	1	15296.000000	15296.500000	0	0	8	cluster_8	0.9499
9587	Spectrogram 1	1	15296.250000	15297.000000	0	0	7	cluster_7	1.0000
9588	Spectrogram 1	1	15296.750000	15297.250000	0	0	8	cluster_8	1.0000
9589	Spectrogram 1	1	15297.000000	15297.500000	0	0	noise	cluster_noise	0.0000
9590	Spectrogram 1	1	15297.250000	15298.000000	0	0	7	cluster_7	0.9281
9591	Spectrogram 1	1	15297.750000	15298.500000	0	0	8	cluster_8	0.9854
9592	Spectrogram 1	1	15298.250000	15299.500000	0	0	3	cluster_3	0.9699
9593	Spectrogram 1	1	15299.250000	15299.750000	0	0	noise	cluster_noise	0.0000
9594	Spectrogram 1	1	15299.500000	15302.000000	0	0	8	cluster_8	0.9472
9595	Spectrogram 1	1	15301.750000	15303.250000	0	0	3	cluster_3	0.9447
9596	Spectrogram 1	1	15303.000000	15303.500000	0	0	8	cluster_8	1.0000
9597	Spectrogram 1	1	15303.250000	15304.250000	0	0	7	cluster_7	1.0000
9598	Spectrogram 1	1	15304.000000	15304.500000	0	0	8	cluster_8	0.9561
9599	Spectrogram 1	1	15304.250000	15305.000000	0	0	7	cluster_7	1.0000
9600	Spectrogram 1	1	15304.750000	15306.500000	0	0	3	cluster_3	1.0000
9601	Spectrogram 1	1	15306.250000	15308.500000	0	0	7	cluster_7	0.9502
9602	Spectrogram 1	1	15308.250000	15309.500000	0	0	1	cluster_1	0.9958
9603	Spectrogram 1	1	15309.250000	15309.750000	0	0	noise	cluster_noise	0.0000
9604	Spectrogram 1	1	15309.500000	15310.250000	0	0	7	cluster_7	0.9972
9605	Spectrogram 1	1	15310.000000	15310.750000	0	0	noise	cluster_noise	0.0000
9606	Spectrogram 1	1	15310.500000	15312.250000	0	0	8	cluster_8	1.0000
9607	Spectrogram 1	1	15312.000000	15312.750000	0	0	7	cluster_7	1.0000
9608	Spectrogram 1	1	15312.500000	15313.750000	0	0	3	cluster_3	0.9261
9609	Spectrogram 1	1	15313.500000	15314.250000	0	0	7	cluster_7	0.8665
9610	Spectrogram 1	1	15314.000000	15314.500000	0	0	8	cluster_8	0.8528
9611	Spectrogram 1	1	15314.250000	15315.000000	0	0	noise	cluster_noise	0.0000
9612	Spectrogram 1	1	15314.750000	15315.750000	0	0	8	cluster_8	0.9120
9613	Spectrogram 1	1	15315.500000	15316.750000	0	0	noise	cluster_noise	0.0000
9614	Spectrogram 1	1	15316.500000	15317.250000	0	0	7	cluster_7	0.9873
9615	Spectrogram 1	1	15317.000000	15317.750000	0	0	3	cluster_3	1.0000
9616	Spectrogram 1	1	15317.500000	15319.250000	0	0	8	cluster_8	0.9423
9617	Spectrogram 1	1	15319.000000	15320.500000	0	0	1	cluster_1	0.9673
9618	Spectrogram 1	1	15320.250000	15321.000000	0	0	7	cluster_7	1.0000
9619	Spectrogram 1	1	15320.750000	15321.500000	0	0	8	cluster_8	0.8296
9620	Spectrogram 1	1	15321.250000	15321.750000	0	0	noise	cluster_noise	0.0000
9621	Spectrogram 1	1	15321.500000	15322.000000	0	0	8	cluster_8	0.8234
9622	Spectrogram 1	1	15321.750000	15323.250000	0	0	1	cluster_1	0.9392
9623	Spectrogram 1	1	15323.000000	15324.250000	0	0	noise	cluster_noise	0.0000
9624	Spectrogram 1	1	15324.000000	15324.750000	0	0	8	cluster_8	0.8351
9625	Spectrogram 1	1	15324.500000	15325.000000	0	0	7	cluster_7	0.9986
9626	Spectrogram 1	1	15324.750000	15325.250000	0	0	noise	cluster_noise	0.0000
9627	Spectrogram 1	1	15325.000000	15325.500000	0	0	7	cluster_7	0.8795
9628	Spectrogram 1	1	15325.250000	15327.000000	0	0	noise	cluster_noise	0.0000
9629	Spectrogram 1	1	15326.750000	15327.250000	0	0	7	cluster_7	1.0000
9630	Spectrogram 1	1	15327.000000	15327.750000	0	0	8	cluster_8	1.0000
9631	Spectrogram 1	1	15327.500000	15328.000000	0	0	noise	cluster_noise	0.0000
9632	Spectrogram 1	1	15327.750000	15328.500000	0	0	7	cluster_7	1.0000
9633	Spectrogram 1	1	15328.250000	15329.250000	0	0	noise	cluster_noise	0.0000
9634	Spectrogram 1	1	15329.000000	15329.500000	0	0	7	cluster_7	1.0000
9635	Spectrogram 1	1	15329.250000	15330.500000	0	0	3	cluster_3	1.0000
9636	Spectrogram 1	1	15331.000000	15331.500000	0	0	7	cluster_7	0.8237
9637	Spectrogram 1	1	15331.250000	15331.750000	0	0	noise	cluster_noise	0.0000
9638	Spectrogram 1	1	15331.500000	15332.750000	0	0	7	cluster_7	0.9417
9639	Spectrogram 1	1	15332.500000	15334.000000	0	0	1	cluster_1	0.9601
9640	Spectrogram 1	1	15333.750000	15334.500000	0	0	noise	cluster_noise	0.0000
9641	Spectrogram 1	1	15334.250000	15335.500000	0	0	7	cluster_7	1.0000
9642	Spectrogram 1	1	15335.250000	15337.000000	0	0	1	cluster_1	0.9207
9643	Spectrogram 1	1	15336.750000	15337.250000	0	0	7	cluster_7	1.0000
9644	Spectrogram 1	1	15337.000000	15337.500000	0	0	noise	cluster_noise	0.0000
9645	Spectrogram 1	1	15337.250000	15337.750000	0	0	7	cluster_7	0.8208
9646	Spectrogram 1	1	15337.500000	15338.000000	0	0	noise	cluster_noise	0.0000
9647	Spectrogram 1	1	15337.750000	15339.000000	0	0	7	cluster_7	0.9492
9648	Spectrogram 1	1	15338.750000	15339.250000	0	0	12	cluster_12	0.7849
9649	Spectrogram 1	1	15339.000000	15341.000000	0	0	noise	cluster_noise	0.0000
9650	Spectrogram 1	1	15340.750000	15341.250000	0	0	8	cluster_8	1.0000
9651	Spectrogram 1	1	15341.000000	15341.500000	0	0	noise	cluster_noise	0.0000
9652	Spectrogram 1	1	15341.250000	15345.750000	0	0	7	cluster_7	0.9395
9653	Spectrogram 1	1	15345.500000	15346.500000	0	0	1	cluster_1	0.9197
9654	Spectrogram 1	1	15347.000000	15348.000000	0	0	7	cluster_7	1.0000
9655	Spectrogram 1	1	15347.750000	15348.250000	0	0	noise	cluster_noise	0.0000
9656	Spectrogram 1	1	15348.000000	15349.250000	0	0	1	cluster_1	0.8970
9657	Spectrogram 1	1	15349.000000	15349.500000	0	0	noise	cluster_noise	0.0000
9658	Spectrogram 1	1	15349.250000	15350.000000	0	0	7	cluster_7	0.8369
9659	Spectrogram 1	1	15349.750000	15350.250000	0	0	noise	cluster_noise	0.0000
9660	Spectrogram 1	1	15350.000000	15352.000000	0	0	7	cluster_7	0.9721
9661	Spectrogram 1	1	15351.750000	15352.250000	0	0	12	cluster_12	0.9603
9662	Spectrogram 1	1	15352.000000	15353.500000	0	0	noise	cluster_noise	0.0000
9663	Spectrogram 1	1	15353.250000	15355.500000	0	0	7	cluster_7	0.9822
9664	Spectrogram 1	1	15355.250000	15356.500000	0	0	3	cluster_3	1.0000
9665	Spectrogram 1	1	15356.250000	15357.000000	0	0	noise	cluster_noise	0.0000
9666	Spectrogram 1	1	15356.750000	15358.500000	0	0	7	cluster_7	0.9245
9667	Spectrogram 1	1	15361.000000	15362.500000	0	0	1	cluster_1	1.0000
9668	Spectrogram 1	1	15364.000000	15364.500000	0	0	7	cluster_7	1.0000
9669	Spectrogram 1	1	15364.250000	15364.750000	0	0	noise	cluster_noise	0.0000
9670	Spectrogram 1	1	15364.500000	15365.500000	0	0	7	cluster_7	0.9750
9671	Spectrogram 1	1	15365.250000	15365.750000	0	0	12	cluster_12	0.8804
9672	Spectrogram 1	1	15365.500000	15367.000000	0	0	noise	cluster_noise	0.0000
9673	Spectrogram 1	1	15366.750000	15367.250000	0	0	7	cluster_7	1.0000
9674	Spectrogram 1	1	15367.000000	15367.500000	0	0	noise	cluster_noise	0.0000
9675	Spectrogram 1	1	15367.250000	15367.750000	0	0	7	cluster_7	1.0000
9676	Spectrogram 1	1	15367.500000	15368.000000	0	0	noise	cluster_noise	0.0000
9677	Spectrogram 1	1	15367.750000	15369.250000	0	0	3	cluster_3	1.0000
9678	Spectrogram 1	1	15369.000000	15369.750000	0	0	noise	cluster_noise	0.0000
9679	Spectrogram 1	1	15369.500000	15370.250000	0	0	7	cluster_7	1.0000
9680	Spectrogram 1	1	15370.000000	15370.500000	0	0	noise	cluster_noise	0.0000
9681	Spectrogram 1	1	15370.250000	15371.250000	0	0	7	cluster_7	0.9399
9682	Spectrogram 1	1	15371.000000	15371.500000	0	0	noise	cluster_noise	0.0000
9683	Spectrogram 1	1	15371.250000	15372.750000	0	0	1	cluster_1	1.0000
9684	Spectrogram 1	1	15372.500000	15373.000000	0	0	noise	cluster_noise	0.0000
9685	Spectrogram 1	1	15372.750000	15373.250000	0	0	7	cluster_7	1.0000
9686	Spectrogram 1	1	15373.000000	15373.500000	0	0	8	cluster_8	0.9662
9687	Spectrogram 1	1	15378.000000	15379.500000	0	0	noise	cluster_noise	0.0000
9688	Spectrogram 1	1	15380.000000	15381.500000	0	0	3	cluster_3	1.0000
9689	Spectrogram 1	1	15381.250000	15381.750000	0	0	8	cluster_8	1.0000
9690	Spectrogram 1	1	15381.500000	15383.000000	0	0	7	cluster_7	0.9496
9691	Spectrogram 1	1	15382.750000	15383.250000	0	0	noise	cluster_noise	0.0000
9692	Spectrogram 1	1	15383.000000	15383.500000	0	0	7	cluster_7	0.8822
9693	Spectrogram 1	1	15383.250000	15383.750000	0	0	13	cluster_13	0.6305
9694	Spectrogram 1	1	15383.500000	15384.750000	0	0	1	cluster_1	1.0000
9695	Spectrogram 1	1	15384.500000	15394.750000	0	0	7	cluster_7	0.9675
9696	Spectrogram 1	1	15394.500000	15395.000000	0	0	8	cluster_8	1.0000
9697	Spectrogram 1	1	15394.750000	15395.500000	0	0	7	cluster_7	1.0000
9698	Spectrogram 1	1	15396.000000	15397.000000	0	0	1	cluster_1	0.9634
9699	Spectrogram 1	1	15396.750000	15398.000000	0	0	7	cluster_7	0.9864
9700	Spectrogram 1	1	15397.750000	15398.500000	0	0	noise	cluster_noise	0.0000
9701	Spectrogram 1	1	15398.250000	15399.250000	0	0	1	cluster_1	0.9864
9702	Spectrogram 1	1	15399.000000	15399.500000	0	0	8	cluster_8	1.0000
9703	Spectrogram 1	1	15399.250000	15401.500000	0	0	7	cluster_7	1.0000
9704	Spectrogram 1	1	15401.250000	15402.250000	0	0	noise	cluster_noise	0.0000
9705	Spectrogram 1	1	15402.000000	15402.750000	0	0	14	cluster_14	1.0000
9706	Spectrogram 1	1	15402.500000	15403.000000	0	0	noise	cluster_noise	0.0000
9707	Spectrogram 1	1	15402.750000	15403.250000	0	0	12	cluster_12	0.8909
9708	Spectrogram 1	1	15403.000000	15403.500000	0	0	noise	cluster_noise	0.0000
9709	Spectrogram 1	1	15411.000000	15412.000000	0	0	8	cluster_8	1.0000
9710	Spectrogram 1	1	15411.750000	15412.250000	0	0	7	cluster_7	1.0000
9711	Spectrogram 1	1	15412.000000	15414.000000	0	0	noise	cluster_noise	0.0000
9712	Spectrogram 1	1	15413.750000	15414.500000	0	0	7	cluster_7	1.0000
9713	Spectrogram 1	1	15416.000000	15417.000000	0	0	3	cluster_3	1.0000
9714	Spectrogram 1	1	15416.750000	15417.750000	0	0	7	cluster_7	0.9780
9715	Spectrogram 1	1	15417.500000	15418.000000	0	0	noise	cluster_noise	0.0000
9716	Spectrogram 1	1	15417.750000	15419.500000	0	0	7	cluster_7	1.0000
9717	Spectrogram 1	1	15419.250000	15420.000000	0	0	8	cluster_8	0.8988
9718	Spectrogram 1	1	15419.750000	15420.750000	0	0	3	cluster_3	0.7962
9719	Spectrogram 1	1	15420.500000	15421.000000	0	0	7	cluster_7	1.0000
9720	Spectrogram 1	1	15420.750000	15421.500000	0	0	noise	cluster_noise	0.0000
9721	Spectrogram 1	1	15422.000000	15423.000000	0	0	7	cluster_7	0.9447
9722	Spectrogram 1	1	15422.750000	15423.500000	0	0	noise	cluster_noise	0.0000
9723	Spectrogram 1	1	15423.250000	15424.000000	0	0	8	cluster_8	0.9939
9724	Spectrogram 1	1	15423.750000	15424.250000	0	0	noise	cluster_noise	0.0000
9725	Spectrogram 1	1	15424.000000	15424.500000	0	0	14	cluster_14	1.0000
9726	Spectrogram 1	1	15424.250000	15424.750000	0	0	noise	cluster_noise	0.0000
9727	Spectrogram 1	1	15424.500000	15425.250000	0	0	14	cluster_14	1.0000
9728	Spectrogram 1	1	15425.000000	15426.000000	0	0	noise	cluster_noise	0.0000
9729	Spectrogram 1	1	15425.750000	15426.250000	0	0	8	cluster_8	1.0000
9730	Spectrogram 1	1	15426.000000	15426.500000	0	0	7	cluster_7	1.0000
9731	Spectrogram 1	1	15431.000000	15431.500000	0	0	noise	cluster_noise	0.0000
9732	Spectrogram 1	1	15431.250000	15432.250000	0	0	8	cluster_8	1.0000
9733	Spectrogram 1	1	15432.000000	15432.500000	0	0	noise	cluster_noise	0.0000
9734	Spectrogram 1	1	15432.250000	15433.500000	0	0	8	cluster_8	1.0000
9735	Spectrogram 1	1	15433.250000	15435.500000	0	0	noise	cluster_noise	0.0000
9736	Spectrogram 1	1	15435.250000	15436.250000	0	0	14	cluster_14	0.9941
9737	Spectrogram 1	1	15436.000000	15437.250000	0	0	noise	cluster_noise	0.0000
9738	Spectrogram 1	1	15437.000000	15437.500000	0	0	7	cluster_7	0.9855
9739	Spectrogram 1	1	15438.000000	15438.500000	0	0	3	cluster_3	1.0000
9740	Spectrogram 1	1	15438.250000	15438.750000	0	0	noise	cluster_noise	0.0000
9741	Spectrogram 1	1	15438.500000	15439.500000	0	0	8	cluster_8	1.0000
9742	Spectrogram 1	1	15439.250000	15440.000000	0	0	noise	cluster_noise	0.0000
9743	Spectrogram 1	1	15439.750000	15440.250000	0	0	7	cluster_7	1.0000
9744	Spectrogram 1	1	15440.000000	15440.500000	0	0	8	cluster_8	0.8540
9745	Spectrogram 1	1	15440.250000	15440.750000	0	0	7	cluster_7	1.0000
9746	Spectrogram 1	1	15440.500000	15441.000000	0	0	8	cluster_8	0.9113
9747	Spectrogram 1	1	15440.750000	15441.250000	0	0	noise	cluster_noise	0.0000
9748	Spectrogram 1	1	15441.000000	15445.250000	0	0	8	cluster_8	0.9691
9749	Spectrogram 1	1	15445.000000	15445.500000	0	0	noise	cluster_noise	0.0000
9750	Spectrogram 1	1	15445.250000	15445.750000	0	0	8	cluster_8	0.8651
9751	Spectrogram 1	1	15445.500000	15446.250000	0	0	7	cluster_7	0.9437
9752	Spectrogram 1	1	15446.000000	15446.500000	0	0	8	cluster_8	1.0000
9753	Spectrogram 1	1	15446.250000	15446.750000	0	0	noise	cluster_noise	0.0000
9754	Spectrogram 1	1	15446.500000	15447.500000	0	0	18	cluster_18	0.9359
9755	Spectrogram 1	1	15447.250000	15447.750000	0	0	noise	cluster_noise	0.0000
9756	Spectrogram 1	1	15447.500000	15448.000000	0	0	8	cluster_8	1.0000
9757	Spectrogram 1	1	15447.750000	15448.750000	0	0	7	cluster_7	0.9965
9758	Spectrogram 1	1	15448.500000	15449.000000	0	0	noise	cluster_noise	0.0000
9759	Spectrogram 1	1	15448.750000	15449.500000	0	0	3	cluster_3	0.9282
9760	Spectrogram 1	1	15451.000000	15452.000000	0	0	8	cluster_8	1.0000
9761	Spectrogram 1	1	15451.750000	15452.250000	0	0	7	cluster_7	1.0000
9762	Spectrogram 1	1	15452.000000	15452.500000	0	0	noise	cluster_noise	0.0000
9763	Spectrogram 1	1	15452.250000	15452.750000	0	0	8	cluster_8	1.0000
9764	Spectrogram 1	1	15452.500000	15453.000000	0	0	noise	cluster_noise	0.0000
9765	Spectrogram 1	1	15452.750000	15453.500000	0	0	7	cluster_7	0.9242
9766	Spectrogram 1	1	15460.000000	15460.750000	0	0	noise	cluster_noise	0.0000
9767	Spectrogram 1	1	15460.500000	15461.750000	0	0	8	cluster_8	0.8851
9768	Spectrogram 1	1	15461.500000	15462.750000	0	0	noise	cluster_noise	0.0000
9769	Spectrogram 1	1	15462.500000	15463.500000	0	0	8	cluster_8	0.9224
9770	Spectrogram 1	1	15463.250000	15464.000000	0	0	noise	cluster_noise	0.0000
9771	Spectrogram 1	1	15463.750000	15464.250000	0	0	8	cluster_8	0.8373
9772	Spectrogram 1	1	15464.000000	15464.500000	0	0	noise	cluster_noise	0.0000
9773	Spectrogram 1	1	15471.000000	15472.000000	0	0	8	cluster_8	1.0000
9774	Spectrogram 1	1	15471.750000	15472.250000	0	0	noise	cluster_noise	0.0000
9775	Spectrogram 1	1	15472.000000	15472.500000	0	0	18	cluster_18	0.7534
9776	Spectrogram 1	1	15472.250000	15473.750000	0	0	noise	cluster_noise	0.0000
9777	Spectrogram 1	1	15473.500000	15474.000000	0	0	8	cluster_8	1.0000
9778	Spectrogram 1	1	15473.750000	15474.250000	0	0	7	cluster_7	0.9387
9779	Spectrogram 1	1	15474.000000	15474.500000	0	0	8	cluster_8	1.0000
9780	Spectrogram 1	1	15474.250000	15475.000000	0	0	noise	cluster_noise	0.0000
9781	Spectrogram 1	1	15474.750000	15476.250000	0	0	8	cluster_8	0.8805
9782	Spectrogram 1	1	15476.000000	15476.500000	0	0	7	cluster_7	0.8522
9783	Spectrogram 1	1	15476.250000	15477.000000	0	0	noise	cluster_noise	0.0000
9784	Spectrogram 1	1	15476.750000	15477.500000	0	0	8	cluster_8	0.9941
9785	Spectrogram 1	1	15477.250000	15478.000000	0	0	7	cluster_7	1.0000
9786	Spectrogram 1	1	15477.750000	15478.250000	0	0	noise	cluster_noise	0.0000
9787	Spectrogram 1	1	15478.000000	15478.500000	0	0	8	cluster_8	0.9958
9788	Spectrogram 1	1	15478.250000	15478.750000	0	0	noise	cluster_noise	0.0000
9789	Spectrogram 1	1	15478.500000	15479.000000	0	0	8	cluster_8	1.0000
9790	Spectrogram 1	1	15478.750000	15479.500000	0	0	noise	cluster_noise	0.0000
9791	Spectrogram 1	1	15479.250000	15480.250000	0	0	8	cluster_8	0.9961
9792	Spectrogram 1	1	15480.000000	15485.250000	0	0	noise	cluster_noise	0.0000
9793	Spectrogram 1	1	15485.000000	15485.750000	0	0	7	cluster_7	0.9282
9794	Spectrogram 1	1	15485.500000	15486.250000	0	0	8	cluster_8	0.9819
9795	Spectrogram 1	1	15486.000000	15486.500000	0	0	noise	cluster_noise	0.0000
9796	Spectrogram 1	1	15486.250000	15486.750000	0	0	8	cluster_8	0.8297
9797	Spectrogram 1	1	15486.500000	15488.500000	0	0	noise	cluster_noise	0.0000
9798	Spectrogram 1	1	15488.250000	15488.750000	0	0	7	cluster_7	0.8540
9799	Spectrogram 1	1	15488.500000	15489.500000	0	0	noise	cluster_noise	0.0000
9800	Spectrogram 1	1	15489.250000	15491.500000	0	0	8	cluster_8	0.9530
9801	Spectrogram 1	1	15491.250000	15491.750000	0	0	noise	cluster_noise	0.0000
9802	Spectrogram 1	1	15491.500000	15492.000000	0	0	8	cluster_8	0.8956
9803	Spectrogram 1	1	15491.750000	15492.250000	0	0	noise	cluster_noise	0.0000
9804	Spectrogram 1	1	15492.000000	15492.500000	0	0	8	cluster_8	1.0000
9805	Spectrogram 1	1	15492.250000	15493.500000	0	0	noise	cluster_noise	0.0000
9806	Spectrogram 1	1	15493.250000	15493.750000	0	0	8	cluster_8	0.8298
9807	Spectrogram 1	1	15493.500000	15494.000000	0	0	noise	cluster_noise	0.0000
9808	Spectrogram 1	1	15493.750000	15494.250000	0	0	8	cluster_8	0.9998
9809	Spectrogram 1	1	15494.000000	15495.250000	0	0	noise	cluster_noise	0.0000
9810	Spectrogram 1	1	15495.000000	15496.000000	0	0	8	cluster_8	0.9682
9811	Spectrogram 1	1	15495.750000	15496.500000	0	0	noise	cluster_noise	0.0000
9812	Spectrogram 1	1	15497.000000	15497.500000	0	0	8	cluster_8	0.8256
9813	Spectrogram 1	1	15497.250000	15497.750000	0	0	6	cluster_6	1.0000
9814	Spectrogram 1	1	15497.500000	15498.000000	0	0	noise	cluster_noise	0.0000
9815	Spectrogram 1	1	15497.750000	15499.250000	0	0	8	cluster_8	0.8764
9816	Spectrogram 1	1	15499.000000	15500.000000	0	0	noise	cluster_noise	0.0000
9817	Spectrogram 1	1	15499.750000	15500.250000	0	0	22	cluster_22	0.9491
9818	Spectrogram 1	1	15500.000000	15500.750000	0	0	noise	cluster_noise	0.0000
9819	Spectrogram 1	1	15500.500000	15501.500000	0	0	8	cluster_8	0.8708
9820	Spectrogram 1	1	15501.250000	15501.750000	0	0	noise	cluster_noise	0.0000
9821	Spectrogram 1	1	15501.500000	15502.000000	0	0	8	cluster_8	0.9472
9822	Spectrogram 1	1	15501.750000	15502.750000	0	0	7	cluster_7	1.0000
9823	Spectrogram 1	1	15502.500000	15503.000000	0	0	8	cluster_8	0.9233
9824	Spectrogram 1	1	15502.750000	15503.250000	0	0	noise	cluster_noise	0.0000
9825	Spectrogram 1	1	15503.000000	15504.000000	0	0	18	cluster_18	0.9723
9826	Spectrogram 1	1	15503.750000	15504.750000	0	0	noise	cluster_noise	0.0000
9827	Spectrogram 1	1	15504.500000	15505.750000	0	0	8	cluster_8	0.9615
9828	Spectrogram 1	1	15505.500000	15506.000000	0	0	noise	cluster_noise	0.0000
9829	Spectrogram 1	1	15505.750000	15506.250000	0	0	8	cluster_8	1.0000
9830	Spectrogram 1	1	15506.000000	15506.750000	0	0	noise	cluster_noise	0.0000
9831	Spectrogram 1	1	15506.500000	15507.000000	0	0	7	cluster_7	1.0000
9832	Spectrogram 1	1	15506.750000	15507.250000	0	0	noise	cluster_noise	0.0000
9833	Spectrogram 1	1	15507.000000	15507.750000	0	0	7	cluster_7	0.9726
9834	Spectrogram 1	1	15507.500000	15508.000000	0	0	8	cluster_8	0.9032
9835	Spectrogram 1	1	15507.750000	15508.250000	0	0	noise	cluster_noise	0.0000
9836	Spectrogram 1	1	15508.000000	15510.500000	0	0	8	cluster_8	1.0000
9837	Spectrogram 1	1	15510.250000	15511.000000	0	0	noise	cluster_noise	0.0000
9838	Spectrogram 1	1	15510.750000	15511.250000	0	0	7	cluster_7	1.0000
9839	Spectrogram 1	1	15511.000000	15511.750000	0	0	8	cluster_8	0.8251
9840	Spectrogram 1	1	15511.500000	15512.750000	0	0	noise	cluster_noise	0.0000
9841	Spectrogram 1	1	15512.500000	15513.250000	0	0	8	cluster_8	0.8805
9842	Spectrogram 1	1	15513.000000	15513.500000	0	0	noise	cluster_noise	0.0000
9843	Spectrogram 1	1	15513.250000	15515.000000	0	0	8	cluster_8	1.0000
9844	Spectrogram 1	1	15514.750000	15515.250000	0	0	7	cluster_7	0.8891
9845	Spectrogram 1	1	15515.000000	15517.250000	0	0	noise	cluster_noise	0.0000
9846	Spectrogram 1	1	15517.000000	15517.500000	0	0	8	cluster_8	1.0000
9847	Spectrogram 1	1	15523.000000	15523.750000	0	0	7	cluster_7	0.9748
9848	Spectrogram 1	1	15523.500000	15524.000000	0	0	8	cluster_8	0.8880
9849	Spectrogram 1	1	15523.750000	15524.250000	0	0	noise	cluster_noise	0.0000
9850	Spectrogram 1	1	15524.000000	15524.500000	0	0	8	cluster_8	1.0000
9851	Spectrogram 1	1	15524.250000	15525.250000	0	0	noise	cluster_noise	0.0000
9852	Spectrogram 1	1	15525.000000	15525.500000	0	0	7	cluster_7	1.0000
9853	Spectrogram 1	1	15525.250000	15525.750000	0	0	noise	cluster_noise	0.0000
9854	Spectrogram 1	1	15525.500000	15526.000000	0	0	8	cluster_8	0.8406
9855	Spectrogram 1	1	15525.750000	15526.250000	0	0	noise	cluster_noise	0.0000
9856	Spectrogram 1	1	15526.000000	15526.500000	0	0	8	cluster_8	1.0000
9857	Spectrogram 1	1	15526.250000	15527.000000	0	0	noise	cluster_noise	0.0000
9858	Spectrogram 1	1	15526.750000	15527.250000	0	0	8	cluster_8	0.8136
9859	Spectrogram 1	1	15527.000000	15527.500000	0	0	7	cluster_7	1.0000
9860	Spectrogram 1	1	15527.250000	15527.750000	0	0	noise	cluster_noise	0.0000
9861	Spectrogram 1	1	15527.500000	15528.000000	0	0	8	cluster_8	0.9242
9862	Spectrogram 1	1	15527.750000	15528.250000	0	0	noise	cluster_noise	0.0000
9863	Spectrogram 1	1	15528.000000	15528.500000	0	0	8	cluster_8	1.0000
9864	Spectrogram 1	1	15528.250000	15529.250000	0	0	noise	cluster_noise	0.0000
9865	Spectrogram 1	1	15529.000000	15529.500000	0	0	8	cluster_8	0.9250
9866	Spectrogram 1	1	15529.250000	15529.750000	0	0	noise	cluster_noise	0.0000
9867	Spectrogram 1	1	15529.500000	15530.000000	0	0	8	cluster_8	0.9652
9868	Spectrogram 1	1	15529.750000	15530.250000	0	0	7	cluster_7	0.8764
9869	Spectrogram 1	1	15530.000000	15530.500000	0	0	noise	cluster_noise	0.0000
9870	Spectrogram 1	1	15530.250000	15531.000000	0	0	7	cluster_7	0.9155
9871	Spectrogram 1	1	15530.750000	15531.250000	0	0	8	cluster_8	1.0000
9872	Spectrogram 1	1	15531.000000	15532.750000	0	0	noise	cluster_noise	0.0000
9873	Spectrogram 1	1	15532.500000	15533.000000	0	0	8	cluster_8	0.9890
9874	Spectrogram 1	1	15532.750000	15537.750000	0	0	7	cluster_7	0.9928
9875	Spectrogram 1	1	15537.500000	15538.750000	0	0	noise	cluster_noise	0.0000
9876	Spectrogram 1	1	15538.500000	15539.250000	0	0	3	cluster_3	0.9251
9877	Spectrogram 1	1	15539.000000	15540.000000	0	0	7	cluster_7	1.0000
9878	Spectrogram 1	1	15539.750000	15541.250000	0	0	3	cluster_3	0.9569
9879	Spectrogram 1	1	15541.000000	15543.000000	0	0	7	cluster_7	1.0000
9880	Spectrogram 1	1	15542.750000	15544.250000	0	0	noise	cluster_noise	0.0000
9881	Spectrogram 1	1	15544.000000	15544.500000	0	0	8	cluster_8	0.9381
9882	Spectrogram 1	1	15544.250000	15545.500000	0	0	noise	cluster_noise	0.0000
9883	Spectrogram 1	1	15545.250000	15548.500000	0	0	7	cluster_7	1.0000
9884	Spectrogram 1	1	15548.250000	15549.000000	0	0	noise	cluster_noise	0.0000
9885	Spectrogram 1	1	15548.750000	15549.250000	0	0	7	cluster_7	0.9198
9886	Spectrogram 1	1	15549.000000	15549.500000	0	0	noise	cluster_noise	0.0000
9887	Spectrogram 1	1	15549.250000	15550.250000	0	0	7	cluster_7	0.9791
9888	Spectrogram 1	1	15550.000000	15551.500000	0	0	3	cluster_3	1.0000
9889	Spectrogram 1	1	15551.250000	15551.750000	0	0	7	cluster_7	1.0000
9890	Spectrogram 1	1	15551.500000	15552.000000	0	0	noise	cluster_noise	0.0000
9891	Spectrogram 1	1	15551.750000	15552.250000	0	0	7	cluster_7	0.9931
9892	Spectrogram 1	1	15552.000000	15552.500000	0	0	8	cluster_8	1.0000
9893	Spectrogram 1	1	15552.250000	15553.250000	0	0	7	cluster_7	1.0000
9894	Spectrogram 1	1	15553.000000	15553.750000	0	0	8	cluster_8	1.0000
9895	Spectrogram 1	1	15553.500000	15554.000000	0	0	7	cluster_7	1.0000
9896	Spectrogram 1	1	15553.750000	15555.250000	0	0	noise	cluster_noise	0.0000
9897	Spectrogram 1	1	15555.000000	15557.250000	0	0	7	cluster_7	0.8942
9898	Spectrogram 1	1	15557.000000	15557.500000	0	0	noise	cluster_noise	0.0000
9899	Spectrogram 1	1	15557.250000	15559.500000	0	0	7	cluster_7	0.9907
9900	Spectrogram 1	1	15561.000000	15561.500000	0	0	noise	cluster_noise	0.0000
9901	Spectrogram 1	1	15561.250000	15562.500000	0	0	3	cluster_3	1.0000
9902	Spectrogram 1	1	15562.250000	15564.750000	0	0	7	cluster_7	0.9890
9903	Spectrogram 1	1	15564.500000	15565.000000	0	0	noise	cluster_noise	0.0000
9904	Spectrogram 1	1	15564.750000	15565.250000	0	0	8	cluster_8	0.8815
9905	Spectrogram 1	1	15565.000000	15566.250000	0	0	noise	cluster_noise	0.0000
9906	Spectrogram 1	1	15566.000000	15566.500000	0	0	12	cluster_12	0.9603
9907	Spectrogram 1	1	15566.250000	15567.000000	0	0	noise	cluster_noise	0.0000
9908	Spectrogram 1	1	15566.750000	15577.000000	0	0	7	cluster_7	0.9886
9909	Spectrogram 1	1	15576.750000	15577.250000	0	0	12	cluster_12	0.7200
9910	Spectrogram 1	1	15577.000000	15578.750000	0	0	noise	cluster_noise	0.0000
9911	Spectrogram 1	1	15578.500000	15581.000000	0	0	7	cluster_7	0.9926
9912	Spectrogram 1	1	15580.750000	15581.250000	0	0	noise	cluster_noise	0.0000
9913	Spectrogram 1	1	15581.000000	15581.500000	0	0	7	cluster_7	1.0000
9914	Spectrogram 1	1	15584.000000	15584.500000	0	0	0	cluster_0	0.4448
9915	Spectrogram 1	1	15584.250000	15584.750000	0	0	noise	cluster_noise	0.0000
9916	Spectrogram 1	1	15584.500000	15585.500000	0	0	7	cluster_7	1.0000
9917	Spectrogram 1	1	15585.250000	15585.750000	0	0	noise	cluster_noise	0.0000
9918	Spectrogram 1	1	15585.500000	15588.750000	0	0	0	cluster_0	0.7569
9919	Spectrogram 1	1	15588.500000	15589.000000	0	0	6	cluster_6	0.9344
9920	Spectrogram 1	1	15588.750000	15589.250000	0	0	noise	cluster_noise	0.0000
9921	Spectrogram 1	1	15589.000000	15590.500000	0	0	7	cluster_7	1.0000
9922	Spectrogram 1	1	15590.250000	15590.750000	0	0	noise	cluster_noise	0.0000
9923	Spectrogram 1	1	15590.500000	15591.250000	0	0	8	cluster_8	1.0000
9924	Spectrogram 1	1	15591.000000	15592.000000	0	0	noise	cluster_noise	0.0000
9925	Spectrogram 1	1	15591.750000	15592.250000	0	0	7	cluster_7	1.0000
9926	Spectrogram 1	1	15592.000000	15592.750000	0	0	noise	cluster_noise	0.0000
9927	Spectrogram 1	1	15592.500000	15593.000000	0	0	7	cluster_7	0.8568
9928	Spectrogram 1	1	15592.750000	15593.500000	0	0	8	cluster_8	0.9955
9929	Spectrogram 1	1	15595.000000	15595.750000	0	0	7	cluster_7	0.9178
9930	Spectrogram 1	1	15595.500000	15597.500000	0	0	0	cluster_0	0.8983
9931	Spectrogram 1	1	15597.250000	15597.750000	0	0	noise	cluster_noise	0.0000
9932	Spectrogram 1	1	15597.500000	15599.000000	0	0	7	cluster_7	0.9680
9933	Spectrogram 1	1	15598.750000	15601.750000	0	0	0	cluster_0	0.7620
9934	Spectrogram 1	1	15601.500000	15602.000000	0	0	noise	cluster_noise	0.0000
9935	Spectrogram 1	1	15601.750000	15602.250000	0	0	7	cluster_7	0.9421
9936	Spectrogram 1	1	15602.000000	15602.500000	0	0	noise	cluster_noise	0.0000
9937	Spectrogram 1	1	15602.250000	15603.250000	0	0	7	cluster_7	0.9567
9938	Spectrogram 1	1	15603.000000	15603.500000	0	0	6	cluster_6	0.9913
9939	Spectrogram 1	1	15603.250000	15604.000000	0	0	8	cluster_8	1.0000
9940	Spectrogram 1	1	15603.750000	15604.500000	0	0	7	cluster_7	1.0000
9941	Spectrogram 1	1	15608.000000	15608.500000	0	0	6	cluster_6	0.9725
9942	Spectrogram 1	1	15608.250000	15608.750000	0	0	7	cluster_7	1.0000
9943	Spectrogram 1	1	15608.500000	15609.250000	0	0	noise	cluster_noise	0.0000
9944	Spectrogram 1	1	15609.000000	15609.500000	0	0	6	cluster_6	1.0000
9945	Spectrogram 1	1	15609.250000	15609.750000	0	0	noise	cluster_noise	0.0000
9946	Spectrogram 1	1	15609.500000	15610.000000	0	0	6	cluster_6	1.0000
9947	Spectrogram 1	1	15609.750000	15610.250000	0	0	1	cluster_1	0.6739
9948	Spectrogram 1	1	15610.000000	15610.500000	0	0	noise	cluster_noise	0.0000
9949	Spectrogram 1	1	15610.250000	15610.750000	0	0	7	cluster_7	1.0000
9950	Spectrogram 1	1	15610.500000	15611.000000	0	0	6	cluster_6	1.0000
9951	Spectrogram 1	1	15610.750000	15611.250000	0	0	3	cluster_3	0.7551
9952	Spectrogram 1	1	15611.000000	15611.500000	0	0	7	cluster_7	0.8875
9953	Spectrogram 1	1	15611.250000	15611.750000	0	0	noise	cluster_noise	0.0000
9954	Spectrogram 1	1	15611.500000	15612.000000	0	0	3	cluster_3	0.8304
9955	Spectrogram 1	1	15611.750000	15613.000000	0	0	7	cluster_7	0.9140
9956	Spectrogram 1	1	15612.750000	15613.750000	0	0	8	cluster_8	1.0000
9957	Spectrogram 1	1	15613.500000	15614.750000	0	0	0	cluster_0	1.0000
9958	Spectrogram 1	1	15614.500000	15615.250000	0	0	noise	cluster_noise	0.0000
9959	Spectrogram 1	1	15615.000000	15616.500000	0	0	7	cluster_7	1.0000
9960	Spectrogram 1	1	15616.250000	15616.750000	0	0	noise	cluster_noise	0.0000
9961	Spectrogram 1	1	15616.500000	15617.000000	0	0	7	cluster_7	1.0000
9962	Spectrogram 1	1	15616.750000	15617.500000	0	0	noise	cluster_noise	0.0000
9963	Spectrogram 1	1	15617.250000	15618.750000	0	0	0	cluster_0	1.0000
9964	Spectrogram 1	1	15618.500000	15619.000000	0	0	noise	cluster_noise	0.0000
9965	Spectrogram 1	1	15618.750000	15619.500000	0	0	7	cluster_7	0.9488
9966	Spectrogram 1	1	15620.000000	15620.750000	0	0	8	cluster_8	1.0000
9967	Spectrogram 1	1	15620.500000	15621.000000	0	0	7	cluster_7	1.0000
9968	Spectrogram 1	1	15620.750000	15621.500000	0	0	noise	cluster_noise	0.0000
9969	Spectrogram 1	1	15621.250000	15621.750000	0	0	7	cluster_7	1.0000
9970	Spectrogram 1	1	15621.500000	15622.000000	0	0	noise	cluster_noise	0.0000
9971	Spectrogram 1	1	15621.750000	15622.250000	0	0	6	cluster_6	1.0000
9972	Spectrogram 1	1	15622.000000	15622.500000	0	0	noise	cluster_noise	0.0000
9973	Spectrogram 1	1	15622.250000	15623.000000	0	0	6	cluster_6	1.0000
9974	Spectrogram 1	1	15622.750000	15623.500000	0	0	7	cluster_7	1.0000
9975	Spectrogram 1	1	15623.250000	15624.000000	0	0	6	cluster_6	1.0000
9976	Spectrogram 1	1	15623.750000	15624.250000	0	0	7	cluster_7	1.0000
9977	Spectrogram 1	1	15624.000000	15624.750000	0	0	6	cluster_6	1.0000
9978	Spectrogram 1	1	15624.500000	15625.000000	0	0	7	cluster_7	1.0000
9979	Spectrogram 1	1	15624.750000	15625.500000	0	0	6	cluster_6	1.0000
9980	Spectrogram 1	1	15625.250000	15625.750000	0	0	7	cluster_7	1.0000
9981	Spectrogram 1	1	15625.500000	15627.000000	0	0	noise	cluster_noise	0.0000
9982	Spectrogram 1	1	15626.750000	15627.250000	0	0	3	cluster_3	0.7712
9983	Spectrogram 1	1	15627.000000	15629.500000	0	0	7	cluster_7	0.9953
9984	Spectrogram 1	1	15629.250000	15630.750000	0	0	0	cluster_0	0.8113
9985	Spectrogram 1	1	15630.500000	15631.500000	0	0	7	cluster_7	0.9548
9986	Spectrogram 1	1	15631.250000	15631.750000	0	0	noise	cluster_noise	0.0000
9987	Spectrogram 1	1	15631.500000	15632.750000	0	0	7	cluster_7	1.0000
9988	Spectrogram 1	1	15632.500000	15633.000000	0	0	noise	cluster_noise	0.0000
9989	Spectrogram 1	1	15632.750000	15634.250000	0	0	0	cluster_0	0.8218
9990	Spectrogram 1	1	15634.000000	15634.500000	0	0	noise	cluster_noise	0.0000
9991	Spectrogram 1	1	15634.250000	15635.000000	0	0	7	cluster_7	0.9011
9992	Spectrogram 1	1	15634.750000	15635.250000	0	0	noise	cluster_noise	0.0000
9993	Spectrogram 1	1	15635.000000	15635.750000	0	0	7	cluster_7	1.0000
9994	Spectrogram 1	1	15635.500000	15637.000000	0	0	8	cluster_8	1.0000
9995	Spectrogram 1	1	15636.750000	15637.250000	0	0	noise	cluster_noise	0.0000
9996	Spectrogram 1	1	15637.000000	15637.750000	0	0	7	cluster_7	0.8544
9997	Spectrogram 1	1	15637.500000	15638.250000	0	0	noise	cluster_noise	0.0000
9998	Spectrogram 1	1	15638.000000	15638.500000	0	0	7	cluster_7	1.0000
9999	Spectrogram 1	1	15638.250000	15639.000000	0	0	noise	cluster_noise	0.0000
10000	Spectrogram 1	1	15638.750000	15642.750000	0	0	7	cluster_7	0.9922
10001	Spectrogram 1	1	15642.500000	15643.250000	0	0	noise	cluster_noise	0.0000
10002	Spectrogram 1	1	15643.000000	15643.500000	0	0	8	cluster_8	0.8587
10003	Spectrogram 1	1	15643.250000	15644.000000	0	0	3	cluster_3	1.0000
10004	Spectrogram 1	1	15643.750000	15644.250000	0	0	7	cluster_7	1.0000
10005	Spectrogram 1	1	15644.000000	15644.750000	0	0	3	cluster_3	0.7789
10006	Spectrogram 1	1	15644.500000	15646.500000	0	0	7	cluster_7	0.9841
10007	Spectrogram 1	1	15646.250000	15646.750000	0	0	6	cluster_6	0.9740
10008	Spectrogram 1	1	15646.500000	15647.000000	0	0	8	cluster_8	1.0000
10009	Spectrogram 1	1	15646.750000	15647.500000	0	0	3	cluster_3	0.9446
10010	Spectrogram 1	1	15647.250000	15648.000000	0	0	7	cluster_7	1.0000
10011	Spectrogram 1	1	15647.750000	15648.250000	0	0	noise	cluster_noise	0.0000
10012	Spectrogram 1	1	15648.000000	15648.750000	0	0	7	cluster_7	0.9162
10013	Spectrogram 1	1	15648.500000	15649.250000	0	0	noise	cluster_noise	0.0000
10014	Spectrogram 1	1	15649.000000	15649.750000	0	0	8	cluster_8	1.0000
10015	Spectrogram 1	1	15649.500000	15655.000000	0	0	7	cluster_7	0.9757
10016	Spectrogram 1	1	15654.750000	15656.250000	0	0	8	cluster_8	1.0000
10017	Spectrogram 1	1	15656.000000	15661.250000	0	0	7	cluster_7	0.9957
10018	Spectrogram 1	1	15661.000000	15661.750000	0	0	3	cluster_3	1.0000
10019	Spectrogram 1	1	15661.500000	15662.500000	0	0	noise	cluster_noise	0.0000
10020	Spectrogram 1	1	15662.250000	15664.500000	0	0	7	cluster_7	1.0000
10021	Spectrogram 1	1	15664.250000	15665.250000	0	0	noise	cluster_noise	0.0000
10022	Spectrogram 1	1	15665.000000	15665.750000	0	0	7	cluster_7	1.0000
10023	Spectrogram 1	1	15665.500000	15666.250000	0	0	noise	cluster_noise	0.0000
10024	Spectrogram 1	1	15666.000000	15666.750000	0	0	7	cluster_7	0.8661
10025	Spectrogram 1	1	15666.500000	15667.000000	0	0	noise	cluster_noise	0.0000
10026	Spectrogram 1	1	15666.750000	15667.250000	0	0	7	cluster_7	0.8534
10027	Spectrogram 1	1	15667.000000	15667.750000	0	0	noise	cluster_noise	0.0000
10028	Spectrogram 1	1	15667.500000	15669.250000	0	0	7	cluster_7	0.9367
10029	Spectrogram 1	1	15669.000000	15669.750000	0	0	noise	cluster_noise	0.0000
10030	Spectrogram 1	1	15669.500000	15670.000000	0	0	3	cluster_3	0.8833
10031	Spectrogram 1	1	15669.750000	15670.250000	0	0	8	cluster_8	1.0000
10032	Spectrogram 1	1	15670.000000	15670.500000	0	0	noise	cluster_noise	0.0000
10033	Spectrogram 1	1	15670.250000	15677.250000	0	0	7	cluster_7	1.0000
10034	Spectrogram 1	1	15677.000000	15678.000000	0	0	8	cluster_8	1.0000
10035	Spectrogram 1	1	15677.750000	15682.500000	0	0	7	cluster_7	0.9854
10036	Spectrogram 1	1	15682.250000	15683.500000	0	0	noise	cluster_noise	0.0000
10037	Spectrogram 1	1	15683.250000	15683.750000	0	0	3	cluster_3	0.7699
10038	Spectrogram 1	1	15683.500000	15690.500000	0	0	7	cluster_7	0.9519
10039	Spectrogram 1	1	15697.000000	15697.500000	0	0	noise	cluster_noise	0.0000
10040	Spectrogram 1	1	15697.250000	15699.500000	0	0	7	cluster_7	1.0000
10041	Spectrogram 1	1	15699.250000	15699.750000	0	0	noise	cluster_noise	0.0000
10042	Spectrogram 1	1	15699.500000	15701.500000	0	0	7	cluster_7	0.9760
10043	Spectrogram 1	1	15701.250000	15708.750000	0	0	noise	cluster_noise	0.0000
10044	Spectrogram 1	1	15708.500000	15720.500000	0	0	7	cluster_7	0.9699
10045	Spectrogram 1	1	15721.000000	15721.500000	0	0	noise	cluster_noise	0.0000
10046	Spectrogram 1	1	15721.250000	15722.250000	0	0	7	cluster_7	1.0000
10047	Spectrogram 1	1	15722.000000	15723.750000	0	0	noise	cluster_noise	0.0000
10048	Spectrogram 1	1	15723.500000	15740.750000	0	0	7	cluster_7	0.9788
10049	Spectrogram 1	1	15740.500000	15741.000000	0	0	noise	cluster_noise	0.0000
10050	Spectrogram 1	1	15740.750000	15743.250000	0	0	7	cluster_7	0.8915
10051	Spectrogram 1	1	15743.000000	15744.000000	0	0	noise	cluster_noise	0.0000
10052	Spectrogram 1	1	15743.750000	15747.250000	0	0	7	cluster_7	0.9846
10053	Spectrogram 1	1	15747.000000	15748.250000	0	0	1	cluster_1	0.9808
10054	Spectrogram 1	1	15748.000000	15750.250000	0	0	7	cluster_7	1.0000
10055	Spectrogram 1	1	15750.000000	15750.500000	0	0	noise	cluster_noise	0.0000
10056	Spectrogram 1	1	15750.250000	15752.000000	0	0	7	cluster_7	1.0000
10057	Spectrogram 1	1	15751.750000	15752.250000	0	0	noise	cluster_noise	0.0000
10058	Spectrogram 1	1	15752.000000	15757.750000	0	0	7	cluster_7	0.9887
10059	Spectrogram 1	1	15757.500000	15758.000000	0	0	8	cluster_8	1.0000
10060	Spectrogram 1	1	15757.750000	15758.500000	0	0	7	cluster_7	1.0000
10061	Spectrogram 1	1	15758.250000	15758.750000	0	0	noise	cluster_noise	0.0000
10062	Spectrogram 1	1	15758.500000	15762.500000	0	0	7	cluster_7	0.9741
10063	Spectrogram 1	1	15762.250000	15762.750000	0	0	noise	cluster_noise	0.0000
10064	Spectrogram 1	1	15762.500000	15763.750000	0	0	1	cluster_1	0.9765
10065	Spectrogram 1	1	15763.500000	15764.000000	0	0	noise	cluster_noise	0.0000
10066	Spectrogram 1	1	15763.750000	15771.750000	0	0	7	cluster_7	0.9889
10067	Spectrogram 1	1	15771.500000	15772.000000	0	0	noise	cluster_noise	0.0000
10068	Spectrogram 1	1	15771.750000	15772.500000	0	0	7	cluster_7	1.0000
10069	Spectrogram 1	1	15774.000000	15775.250000	0	0	1	cluster_1	0.8813
10070	Spectrogram 1	1	15775.000000	15776.250000	0	0	7	cluster_7	0.9046
10071	Spectrogram 1	1	15776.000000	15776.500000	0	0	noise	cluster_noise	0.0000
10072	Spectrogram 1	1	15776.250000	15777.250000	0	0	8	cluster_8	0.9931
10073	Spectrogram 1	1	15777.000000	15777.500000	0	0	noise	cluster_noise	0.0000
10074	Spectrogram 1	1	15777.250000	15787.750000	0	0	7	cluster_7	0.9690
10075	Spectrogram 1	1	15787.500000	15788.750000	0	0	1	cluster_1	0.9776
10076	Spectrogram 1	1	15788.500000	15789.000000	0	0	noise	cluster_noise	0.0000
10077	Spectrogram 1	1	15788.750000	15789.500000	0	0	7	cluster_7	1.0000
10078	Spectrogram 1	1	15790.000000	15791.000000	0	0	1	cluster_1	1.0000
10079	Spectrogram 1	1	15790.750000	15807.500000	0	0	7	cluster_7	1.0000
10080	Spectrogram 1	1	15903.000000	15903.500000	0	0	noise	cluster_noise	0.0000
10081	Spectrogram 1	1	15903.250000	15903.750000	0	0	7	cluster_7	1.0000
10082	Spectrogram 1	1	15903.500000	15904.000000	0	0	noise	cluster_noise	0.0000
10083	Spectrogram 1	1	15903.750000	15905.500000	0	0	7	cluster_7	1.0000
10084	Spectrogram 1	1	15905.250000	15905.750000	0	0	12	cluster_12	0.7865
10085	Spectrogram 1	1	15905.500000	15906.250000	0	0	noise	cluster_noise	0.0000
10086	Spectrogram 1	1	15906.000000	15907.250000	0	0	12	cluster_12	0.8616
10087	Spectrogram 1	1	15907.000000	15918.750000	0	0	noise	cluster_noise	0.0000
10088	Spectrogram 1	1	15918.500000	15919.500000	0	0	22	cluster_22	0.9713
10089	Spectrogram 1	1	15919.250000	15920.000000	0	0	noise	cluster_noise	0.0000
10090	Spectrogram 1	1	15919.750000	15920.250000	0	0	7	cluster_7	0.8126
10091	Spectrogram 1	1	15920.000000	15920.500000	0	0	noise	cluster_noise	0.0000
10092	Spectrogram 1	1	15920.250000	15922.000000	0	0	7	cluster_7	0.9929
10093	Spectrogram 1	1	15921.750000	15922.250000	0	0	noise	cluster_noise	0.0000
10094	Spectrogram 1	1	15922.000000	15922.500000	0	0	12	cluster_12	0.8486
10095	Spectrogram 1	1	15922.250000	15922.750000	0	0	noise	cluster_noise	0.0000
10096	Spectrogram 1	1	15922.500000	15923.250000	0	0	12	cluster_12	0.7083
10097	Spectrogram 1	1	15923.000000	15923.500000	0	0	14	cluster_14	1.0000
10098	Spectrogram 1	1	15930.000000	15930.500000	0	0	7	cluster_7	1.0000
10099	Spectrogram 1	1	15930.250000	15930.750000	0	0	8	cluster_8	0.9742
10100	Spectrogram 1	1	15930.500000	15931.250000	0	0	noise	cluster_noise	0.0000
10101	Spectrogram 1	1	15931.000000	15931.500000	0	0	8	cluster_8	1.0000
10102	Spectrogram 1	1	15931.250000	15933.000000	0	0	7	cluster_7	0.9798
10103	Spectrogram 1	1	15932.750000	15934.000000	0	0	noise	cluster_noise	0.0000
10104	Spectrogram 1	1	15933.750000	15934.250000	0	0	22	cluster_22	1.0000
10105	Spectrogram 1	1	15934.000000	15935.000000	0	0	noise	cluster_noise	0.0000
10106	Spectrogram 1	1	15934.750000	15935.250000	0	0	15	cluster_15	1.0000
10107	Spectrogram 1	1	15935.000000	15935.500000	0	0	noise	cluster_noise	0.0000
10108	Spectrogram 1	1	15935.250000	15936.000000	0	0	7	cluster_7	0.9620
10109	Spectrogram 1	1	15935.750000	15936.250000	0	0	noise	cluster_noise	0.0000
10110	Spectrogram 1	1	15936.000000	15940.250000	0	0	7	cluster_7	0.9802
10111	Spectrogram 1	1	15940.000000	15940.500000	0	0	noise	cluster_noise	0.0000
10112	Spectrogram 1	1	15944.000000	15945.750000	0	0	7	cluster_7	1.0000
10113	Spectrogram 1	1	15945.500000	15947.500000	0	0	noise	cluster_noise	0.0000
10114	Spectrogram 1	1	15947.250000	15953.250000	0	0	7	cluster_7	0.9818
10115	Spectrogram 1	1	15953.000000	15953.750000	0	0	noise	cluster_noise	0.0000
10116	Spectrogram 1	1	15953.500000	15954.500000	0	0	3	cluster_3	1.0000
10117	Spectrogram 1	1	15957.000000	15957.750000	0	0	7	cluster_7	0.9655
10118	Spectrogram 1	1	15957.500000	15958.000000	0	0	noise	cluster_noise	0.0000
10119	Spectrogram 1	1	15957.750000	15958.250000	0	0	0	cluster_0	0.3802
10120	Spectrogram 1	1	15958.000000	15960.000000	0	0	noise	cluster_noise	0.0000
10121	Spectrogram 1	1	15959.750000	15961.000000	0	0	7	cluster_7	0.9265
10122	Spectrogram 1	1	15960.750000	15961.250000	0	0	noise	cluster_noise	0.0000
10123	Spectrogram 1	1	15961.000000	15963.250000	0	0	7	cluster_7	0.9490
10124	Spectrogram 1	1	15963.000000	15963.500000	0	0	noise	cluster_noise	0.0000
10125	Spectrogram 1	1	15963.250000	15965.500000	0	0	7	cluster_7	0.9011
10126	Spectrogram 1	1	15965.250000	15965.750000	0	0	noise	cluster_noise	0.0000
10127	Spectrogram 1	1	15965.500000	15966.500000	0	0	2	cluster_2	0.8873
10128	Spectrogram 1	1	15976.000000	15977.000000	0	0	0	cluster_0	0.7040
10129	Spectrogram 1	1	15976.750000	15977.250000	0	0	6	cluster_6	0.9611
10130	Spectrogram 1	1	15977.000000	15978.500000	0	0	7	cluster_7	0.9510
10131	Spectrogram 1	1	15978.250000	15978.750000	0	0	6	cluster_6	0.9729
10132	Spectrogram 1	1	15978.500000	15979.250000	0	0	noise	cluster_noise	0.0000
10133	Spectrogram 1	1	15979.000000	15979.500000	0	0	0	cluster_0	0.8140
10134	Spectrogram 1	1	15983.000000	15983.500000	0	0	noise	cluster_noise	0.0000
10135	Spectrogram 1	1	15983.250000	15984.000000	0	0	8	cluster_8	0.9534
10136	Spectrogram 1	1	15983.750000	15984.250000	0	0	7	cluster_7	1.0000
10137	Spectrogram 1	1	15984.000000	15984.500000	0	0	noise	cluster_noise	0.0000
10138	Spectrogram 1	1	15984.250000	15984.750000	0	0	6	cluster_6	0.9729
10139	Spectrogram 1	1	15984.500000	15985.500000	0	0	7	cluster_7	1.0000
10140	Spectrogram 1	1	15985.250000	15986.250000	0	0	8	cluster_8	0.9757
10141	Spectrogram 1	1	15986.000000	15986.500000	0	0	7	cluster_7	1.0000
10142	Spectrogram 1	1	15986.250000	15987.000000	0	0	noise	cluster_noise	0.0000
10143	Spectrogram 1	1	15986.750000	15987.750000	0	0	7	cluster_7	1.0000
10144	Spectrogram 1	1	15987.500000	15988.500000	0	0	8	cluster_8	1.0000
10145	Spectrogram 1	1	15988.250000	15988.750000	0	0	noise	cluster_noise	0.0000
10146	Spectrogram 1	1	15988.500000	15989.000000	0	0	6	cluster_6	0.9506
10147	Spectrogram 1	1	15988.750000	15990.250000	0	0	7	cluster_7	1.0000
10148	Spectrogram 1	1	15990.000000	15992.500000	0	0	0	cluster_0	0.8994
10149	Spectrogram 1	1	15994.000000	15994.500000	0	0	7	cluster_7	1.0000
10150	Spectrogram 1	1	15994.250000	15995.500000	0	0	0	cluster_0	0.8720
10151	Spectrogram 1	1	15997.000000	15998.000000	0	0	7	cluster_7	0.9476
10152	Spectrogram 1	1	15997.750000	15998.250000	0	0	noise	cluster_noise	0.0000
10153	Spectrogram 1	1	15998.000000	15998.750000	0	0	8	cluster_8	1.0000
10154	Spectrogram 1	1	15998.500000	15999.000000	0	0	7	cluster_7	1.0000
10155	Spectrogram 1	1	15998.750000	15999.250000	0	0	noise	cluster_noise	0.0000
10156	Spectrogram 1	1	15999.000000	15999.500000	0	0	6	cluster_6	0.9729
10157	Spectrogram 1	1	15999.250000	16000.250000	0	0	7	cluster_7	0.9851
10158	Spectrogram 1	1	16000.000000	16000.750000	0	0	8	cluster_8	1.0000
10159	Spectrogram 1	1	16000.500000	16001.000000	0	0	7	cluster_7	1.0000
10160	Spectrogram 1	1	16000.750000	16001.250000	0	0	noise	cluster_noise	0.0000
10161	Spectrogram 1	1	16001.000000	16001.500000	0	0	6	cluster_6	0.9496
10162	Spectrogram 1	1	16001.250000	16002.000000	0	0	7	cluster_7	1.0000
10163	Spectrogram 1	1	16001.750000	16002.500000	0	0	8	cluster_8	0.9788
10164	Spectrogram 1	1	16007.000000	16007.500000	0	0	0	cluster_0	1.0000
10165	Spectrogram 1	1	16007.250000	16007.750000	0	0	6	cluster_6	0.9478
10166	Spectrogram 1	1	16007.500000	16010.250000	0	0	7	cluster_7	0.9719
10167	Spectrogram 1	1	16010.000000	16011.500000	0	0	0	cluster_0	1.0000
10168	Spectrogram 1	1	16011.250000	16012.750000	0	0	7	cluster_7	1.0000
10169	Spectrogram 1	1	16012.500000	16013.000000	0	0	6	cluster_6	1.0000
10170	Spectrogram 1	1	16012.750000	16013.250000	0	0	noise	cluster_noise	0.0000
10171	Spectrogram 1	1	16013.000000	16018.750000	0	0	7	cluster_7	1.0000
10172	Spectrogram 1	1	16018.500000	16019.000000	0	0	6	cluster_6	1.0000
10173	Spectrogram 1	1	16018.750000	16019.250000	0	0	7	cluster_7	1.0000
10174	Spectrogram 1	1	16019.000000	16019.750000	0	0	6	cluster_6	1.0000
10175	Spectrogram 1	1	16019.500000	16020.000000	0	0	noise	cluster_noise	0.0000
10176	Spectrogram 1	1	16019.750000	16020.500000	0	0	6	cluster_6	1.0000
10177	Spectrogram 1	1	16020.250000	16020.750000	0	0	7	cluster_7	1.0000
10178	Spectrogram 1	1	16020.500000	16021.250000	0	0	3	cluster_3	1.0000
10179	Spectrogram 1	1	16021.000000	16023.750000	0	0	7	cluster_7	0.9706
10180	Spectrogram 1	1	16023.500000	16024.000000	0	0	noise	cluster_noise	0.0000
10181	Spectrogram 1	1	16023.750000	16025.500000	0	0	7	cluster_7	0.9734
10182	Spectrogram 1	1	16027.000000	16027.500000	0	0	noise	cluster_noise	0.0000
10183	Spectrogram 1	1	16027.250000	16028.500000	0	0	7	cluster_7	1.0000
10184	Spectrogram 1	1	16029.000000	16029.750000	0	0	8	cluster_8	1.0000
10185	Spectrogram 1	1	16029.500000	16030.500000	0	0	7	cluster_7	0.9723
10186	Spectrogram 1	1	16030.250000	16030.750000	0	0	6	cluster_6	0.9967
10187	Spectrogram 1	1	16030.500000	16031.750000	0	0	7	cluster_7	0.9780
10188	Spectrogram 1	1	16031.500000	16032.000000	0	0	noise	cluster_noise	0.0000
10189	Spectrogram 1	1	16031.750000	16032.250000	0	0	7	cluster_7	1.0000
10190	Spectrogram 1	1	16032.000000	16032.750000	0	0	noise	cluster_noise	0.0000
10191	Spectrogram 1	1	16032.500000	16033.000000	0	0	7	cluster_7	1.0000
10192	Spectrogram 1	1	16032.750000	16033.250000	0	0	6	cluster_6	0.9879
10193	Spectrogram 1	1	16033.000000	16033.500000	0	0	noise	cluster_noise	0.0000
10194	Spectrogram 1	1	16033.250000	16034.000000	0	0	6	cluster_6	1.0000
10195	Spectrogram 1	1	16033.750000	16034.750000	0	0	7	cluster_7	1.0000
10196	Spectrogram 1	1	16034.500000	16035.250000	0	0	noise	cluster_noise	0.0000
10197	Spectrogram 1	1	16035.000000	16035.500000	0	0	7	cluster_7	1.0000
10198	Spectrogram 1	1	16035.250000	16036.000000	0	0	noise	cluster_noise	0.0000
10199	Spectrogram 1	1	16035.750000	16036.250000	0	0	7	cluster_7	0.9473
10200	Spectrogram 1	1	16036.000000	16036.750000	0	0	noise	cluster_noise	0.0000
10201	Spectrogram 1	1	16036.500000	16037.000000	0	0	7	cluster_7	1.0000
10202	Spectrogram 1	1	16036.750000	16037.500000	0	0	6	cluster_6	1.0000
10203	Spectrogram 1	1	16037.250000	16037.750000	0	0	7	cluster_7	1.0000
10204	Spectrogram 1	1	16037.500000	16038.000000	0	0	noise	cluster_noise	0.0000
10205	Spectrogram 1	1	16037.750000	16039.000000	0	0	7	cluster_7	0.9883
10206	Spectrogram 1	1	16038.750000	16039.500000	0	0	noise	cluster_noise	0.0000
10207	Spectrogram 1	1	16039.250000	16039.750000	0	0	7	cluster_7	1.0000
10208	Spectrogram 1	1	16039.500000	16040.000000	0	0	noise	cluster_noise	0.0000
10209	Spectrogram 1	1	16039.750000	16040.500000	0	0	7	cluster_7	1.0000
10210	Spectrogram 1	1	16042.000000	16042.500000	0	0	noise	cluster_noise	0.0000
10211	Spectrogram 1	1	16042.250000	16042.750000	0	0	3	cluster_3	0.7779
10212	Spectrogram 1	1	16042.500000	16044.500000	0	0	7	cluster_7	0.9921
10213	Spectrogram 1	1	16044.250000	16044.750000	0	0	noise	cluster_noise	0.0000
10214	Spectrogram 1	1	16044.500000	16045.000000	0	0	8	cluster_8	1.0000
10215	Spectrogram 1	1	16044.750000	16045.250000	0	0	3	cluster_3	1.0000
10216	Spectrogram 1	1	16045.000000	16046.750000	0	0	7	cluster_7	1.0000
10217	Spectrogram 1	1	16046.500000	16047.000000	0	0	noise	cluster_noise	0.0000
10218	Spectrogram 1	1	16046.750000	16047.250000	0	0	7	cluster_7	1.0000
10219	Spectrogram 1	1	16047.000000	16047.750000	0	0	noise	cluster_noise	0.0000
10220	Spectrogram 1	1	16047.500000	16048.750000	0	0	7	cluster_7	1.0000
10221	Spectrogram 1	1	16048.500000	16049.000000	0	0	noise	cluster_noise	0.0000
10222	Spectrogram 1	1	16048.750000	16049.500000	0	0	5	cluster_5	0.9718
10223	Spectrogram 1	1	16049.250000	16052.250000	0	0	7	cluster_7	0.9693
10224	Spectrogram 1	1	16052.000000	16053.500000	0	0	5	cluster_5	0.8773
10225	Spectrogram 1	1	16053.250000	16054.750000	0	0	7	cluster_7	0.9784
10226	Spectrogram 1	1	16054.500000	16056.000000	0	0	5	cluster_5	0.8867
10227	Spectrogram 1	1	16055.750000	16057.500000	0	0	7	cluster_7	0.9790
10228	Spectrogram 1	1	16057.250000	16058.250000	0	0	3	cluster_3	1.0000
10229	Spectrogram 1	1	16058.000000	16058.500000	0	0	noise	cluster_noise	0.0000
10230	Spectrogram 1	1	16058.250000	16060.250000	0	0	7	cluster_7	0.9761
10231	Spectrogram 1	1	16060.000000	16061.000000	0	0	3	cluster_3	0.9693
10232	Spectrogram 1	1	16060.750000	16061.250000	0	0	1	cluster_1	0.9424
10233	Spectrogram 1	1	16061.000000	16063.250000	0	0	7	cluster_7	0.9831
10234	Spectrogram 1	1	16063.000000	16064.000000	0	0	3	cluster_3	0.9907
10235	Spectrogram 1	1	16063.750000	16066.000000	0	0	7	cluster_7	1.0000
10236	Spectrogram 1	1	16065.750000	16066.750000	0	0	3	cluster_3	0.9607
10237	Spectrogram 1	1	16066.500000	16067.750000	0	0	7	cluster_7	1.0000
10238	Spectrogram 1	1	16067.500000	16069.000000	0	0	noise	cluster_noise	0.0000
10239	Spectrogram 1	1	16068.750000	16069.750000	0	0	7	cluster_7	1.0000
10240	Spectrogram 1	1	16069.500000	16070.500000	0	0	8	cluster_8	1.0000
10241	Spectrogram 1	1	16070.250000	16070.750000	0	0	7	cluster_7	1.0000
10242	Spectrogram 1	1	16070.500000	16071.750000	0	0	noise	cluster_noise	0.0000
10243	Spectrogram 1	1	16071.500000	16072.000000	0	0	6	cluster_6	0.9729
10244	Spectrogram 1	1	16071.750000	16073.750000	0	0	7	cluster_7	0.9728
10245	Spectrogram 1	1	16073.500000	16074.000000	0	0	6	cluster_6	0.9729
10246	Spectrogram 1	1	16073.750000	16074.750000	0	0	noise	cluster_noise	0.0000
10247	Spectrogram 1	1	16074.500000	16075.000000	0	0	6	cluster_6	0.9729
10248	Spectrogram 1	1	16074.750000	16076.250000	0	0	7	cluster_7	0.9807
10249	Spectrogram 1	1	16076.000000	16077.000000	0	0	3	cluster_3	1.0000
10250	Spectrogram 1	1	16076.750000	16077.250000	0	0	noise	cluster_noise	0.0000
10251	Spectrogram 1	1	16077.000000	16079.000000	0	0	7	cluster_7	0.9770
10252	Spectrogram 1	1	16078.750000	16079.750000	0	0	3	cluster_3	1.0000
10253	Spectrogram 1	1	16079.500000	16081.750000	0	0	7	cluster_7	1.0000
10254	Spectrogram 1	1	16081.500000	16082.500000	0	0	3	cluster_3	1.0000
10255	Spectrogram 1	1	16082.250000	16082.750000	0	0	noise	cluster_noise	0.0000
10256	Spectrogram 1	1	16082.500000	16084.500000	0	0	7	cluster_7	1.0000
10257	Spectrogram 1	1	16084.250000	16085.500000	0	0	3	cluster_3	0.9967
10258	Spectrogram 1	1	16085.250000	16085.750000	0	0	noise	cluster_noise	0.0000
10259	Spectrogram 1	1	16085.500000	16087.500000	0	0	7	cluster_7	0.9978
10260	Spectrogram 1	1	16087.250000	16088.500000	0	0	3	cluster_3	1.0000
10261	Spectrogram 1	1	16088.250000	16088.750000	0	0	noise	cluster_noise	0.0000
10262	Spectrogram 1	1	16088.500000	16090.500000	0	0	7	cluster_7	1.0000
10263	Spectrogram 1	1	16090.250000	16091.250000	0	0	3	cluster_3	0.8814
10264	Spectrogram 1	1	16091.000000	16092.250000	0	0	7	cluster_7	1.0000
10265	Spectrogram 1	1	16092.000000	16092.500000	0	0	8	cluster_8	1.0000
10266	Spectrogram 1	1	16092.250000	16093.500000	0	0	7	cluster_7	0.9902
10267	Spectrogram 1	1	16093.250000	16094.500000	0	0	3	cluster_3	0.9692
10268	Spectrogram 1	1	16094.250000	16096.000000	0	0	7	cluster_7	1.0000
10269	Spectrogram 1	1	16095.750000	16096.500000	0	0	noise	cluster_noise	0.0000
10270	Spectrogram 1	1	16096.250000	16097.000000	0	0	3	cluster_3	1.0000
10271	Spectrogram 1	1	16096.750000	16097.500000	0	0	7	cluster_7	0.9606
10272	Spectrogram 1	1	16103.000000	16104.000000	0	0	3	cluster_3	1.0000
10273	Spectrogram 1	1	16103.750000	16106.250000	0	0	7	cluster_7	1.0000
10274	Spectrogram 1	1	16106.000000	16107.000000	0	0	1	cluster_1	0.9538
10275	Spectrogram 1	1	16106.750000	16116.750000	0	0	7	cluster_7	1.0000
10276	Spectrogram 1	1	16116.500000	16117.000000	0	0	noise	cluster_noise	0.0000
10277	Spectrogram 1	1	16116.750000	16118.000000	0	0	3	cluster_3	1.0000
10278	Spectrogram 1	1	16117.750000	16118.500000	0	0	7	cluster_7	1.0000
10279	Spectrogram 1	1	16118.250000	16119.000000	0	0	3	cluster_3	1.0000
10280	Spectrogram 1	1	16118.750000	16119.250000	0	0	noise	cluster_noise	0.0000
10281	Spectrogram 1	1	16119.000000	16119.750000	0	0	7	cluster_7	0.9733
10282	Spectrogram 1	1	16119.500000	16121.000000	0	0	3	cluster_3	1.0000
10283	Spectrogram 1	1	16120.750000	16121.250000	0	0	noise	cluster_noise	0.0000
10284	Spectrogram 1	1	16121.000000	16121.500000	0	0	7	cluster_7	1.0000
10285	Spectrogram 1	1	16128.000000	16128.750000	0	0	3	cluster_3	0.9776
10286	Spectrogram 1	1	16128.500000	16130.250000	0	0	7	cluster_7	1.0000
10287	Spectrogram 1	1	16130.000000	16131.750000	0	0	3	cluster_3	0.9819
10288	Spectrogram 1	1	16131.500000	16133.000000	0	0	7	cluster_7	0.9891
10289	Spectrogram 1	1	16132.750000	16133.250000	0	0	noise	cluster_noise	0.0000
10290	Spectrogram 1	1	16133.000000	16141.250000	0	0	7	cluster_7	0.9753
10291	Spectrogram 1	1	16141.000000	16142.500000	0	0	3	cluster_3	1.0000
10292	Spectrogram 1	1	16142.250000	16142.750000	0	0	noise	cluster_noise	0.0000
10293	Spectrogram 1	1	16142.500000	16144.750000	0	0	7	cluster_7	1.0000
10294	Spectrogram 1	1	16144.500000	16146.000000	0	0	3	cluster_3	0.9960
10295	Spectrogram 1	1	16145.750000	16148.250000	0	0	7	cluster_7	1.0000
10296	Spectrogram 1	1	16148.000000	16150.000000	0	0	3	cluster_3	1.0000
10297	Spectrogram 1	1	16149.750000	16150.500000	0	0	7	cluster_7	1.0000
10298	Spectrogram 1	1	16150.250000	16151.250000	0	0	8	cluster_8	1.0000
10299	Spectrogram 1	1	16151.000000	16152.000000	0	0	7	cluster_7	0.9814
10300	Spectrogram 1	1	16151.750000	16152.250000	0	0	noise	cluster_noise	0.0000
10301	Spectrogram 1	1	16152.000000	16153.250000	0	0	1	cluster_1	0.9740
10302	Spectrogram 1	1	16153.000000	16153.500000	0	0	noise	cluster_noise	0.0000
10303	Spectrogram 1	1	16156.000000	16157.500000	0	0	3	cluster_3	1.0000
10304	Spectrogram 1	1	16157.250000	16159.500000	0	0	7	cluster_7	0.9816
10305	Spectrogram 1	1	16159.250000	16160.250000	0	0	3	cluster_3	1.0000
10306	Spectrogram 1	1	16160.000000	16160.500000	0	0	7	cluster_7	0.9955
10307	Spectrogram 1	1	16160.250000	16160.750000	0	0	3	cluster_3	0.8625
10308	Spectrogram 1	1	16160.500000	16161.750000	0	0	7	cluster_7	1.0000
10309	Spectrogram 1	1	16161.500000	16164.250000	0	0	3	cluster_3	0.9751
10310	Spectrogram 1	1	16164.000000	16171.000000	0	0	7	cluster_7	1.0000
10311	Spectrogram 1	1	16170.750000	16172.000000	0	0	3	cluster_3	1.0000
10312	Spectrogram 1	1	16171.750000	16172.250000	0	0	8	cluster_8	0.8851
10313	Spectrogram 1	1	16172.000000	16174.000000	0	0	7	cluster_7	0.9847
10314	Spectrogram 1	1	16173.750000	16175.250000	0	0	3	cluster_3	0.9888
10315	Spectrogram 1	1	16175.000000	16176.750000	0	0	7	cluster_7	1.0000
10316	Spectrogram 1	1	16176.500000	16178.000000	0	0	1	cluster_1	0.9672
10317	Spectrogram 1	1	16177.750000	16179.250000	0	0	7	cluster_7	0.9251
10318	Spectrogram 1	1	16179.000000	16179.500000	0	0	noise	cluster_noise	0.0000
10319	Spectrogram 1	1	16187.000000	16187.500000	0	0	7	cluster_7	1.0000
10320	Spectrogram 1	1	16187.250000	16187.750000	0	0	3	cluster_3	1.0000
10321	Spectrogram 1	1	16187.500000	16204.750000	0	0	7	cluster_7	1.0000
10322	Spectrogram 1	1	16204.500000	16205.250000	0	0	noise	cluster_noise	0.0000
10323	Spectrogram 1	1	16205.000000	16206.250000	0	0	1	cluster_1	1.0000
10324	Spectrogram 1	1	16206.000000	16207.500000	0	0	7	cluster_7	1.0000
10325	Spectrogram 1	1	16212.000000	16212.500000	0	0	3	cluster_3	0.9433
10326	Spectrogram 1	1	16212.250000	16212.750000	0	0	7	cluster_7	0.8830
10327	Spectrogram 1	1	16212.500000	16213.000000	0	0	3	cluster_3	1.0000
10328	Spectrogram 1	1	16212.750000	16213.250000	0	0	noise	cluster_noise	0.0000
10329	Spectrogram 1	1	16213.000000	16267.750000	0	0	7	cluster_7	0.9978
10330	Spectrogram 1	1	16267.500000	16268.000000	0	0	noise	cluster_noise	0.0000
10331	Spectrogram 1	1	16267.750000	16268.250000	0	0	12	cluster_12	0.7482
10332	Spectrogram 1	1	16268.000000	16269.000000	0	0	noise	cluster_noise	0.0000
10333	Spectrogram 1	1	16268.750000	16269.250000	0	0	7	cluster_7	0.8817
10334	Spectrogram 1	1	16269.000000	16269.500000	0	0	noise	cluster_noise	0.0000
10335	Spectrogram 1	1	16269.250000	16270.250000	0	0	7	cluster_7	1.0000
10336	Spectrogram 1	1	16270.000000	16270.500000	0	0	3	cluster_3	0.7875
10337	Spectrogram 1	1	16284.000000	16285.000000	0	0	7	cluster_7	1.0000
10338	Spectrogram 1	1	16284.750000	16285.250000	0	0	8	cluster_8	0.9735
10339	Spectrogram 1	1	16285.000000	16285.500000	0	0	noise	cluster_noise	0.0000
10340	Spectrogram 1	1	16285.250000	16285.750000	0	0	8	cluster_8	1.0000
10341	Spectrogram 1	1	16285.500000	16287.250000	0	0	7	cluster_7	0.9771
10342	Spectrogram 1	1	16287.000000	16287.500000	0	0	noise	cluster_noise	0.0000
10343	Spectrogram 1	1	16298.000000	16298.750000	0	0	7	cluster_7	1.0000
10344	Spectrogram 1	1	16298.500000	16299.250000	0	0	8	cluster_8	0.9953
10345	Spectrogram 1	1	16299.000000	16299.500000	0	0	noise	cluster_noise	0.0000
10346	Spectrogram 1	1	16299.250000	16300.500000	0	0	7	cluster_7	1.0000
10347	Spectrogram 1	1	16300.250000	16301.000000	0	0	8	cluster_8	0.9188
10348	Spectrogram 1	1	16300.750000	16301.250000	0	0	noise	cluster_noise	0.0000
10349	Spectrogram 1	1	16301.000000	16301.500000	0	0	7	cluster_7	0.9663
10350	Spectrogram 1	1	16312.000000	16312.500000	0	0	noise	cluster_noise	0.0000
10351	Spectrogram 1	1	16312.250000	16312.750000	0	0	7	cluster_7	1.0000
10352	Spectrogram 1	1	16312.500000	16313.000000	0	0	noise	cluster_noise	0.0000
10353	Spectrogram 1	1	16312.750000	16313.750000	0	0	7	cluster_7	1.0000
10354	Spectrogram 1	1	16313.500000	16314.000000	0	0	8	cluster_8	0.9899
10355	Spectrogram 1	1	16313.750000	16314.250000	0	0	noise	cluster_noise	0.0000
10356	Spectrogram 1	1	16314.000000	16314.500000	0	0	8	cluster_8	0.9523
10357	Spectrogram 1	1	16314.250000	16315.750000	0	0	7	cluster_7	0.9879
10358	Spectrogram 1	1	16315.500000	16316.000000	0	0	8	cluster_8	0.9953
10359	Spectrogram 1	1	16315.750000	16316.250000	0	0	noise	cluster_noise	0.0000
10360	Spectrogram 1	1	16316.000000	16316.500000	0	0	7	cluster_7	0.9816
10361	Spectrogram 1	1	16327.000000	16327.500000	0	0	noise	cluster_noise	0.0000
10362	Spectrogram 1	1	16327.250000	16327.750000	0	0	14	cluster_14	1.0000
10363	Spectrogram 1	1	16327.500000	16328.000000	0	0	noise	cluster_noise	0.0000
10364	Spectrogram 1	1	16327.750000	16328.250000	0	0	14	cluster_14	0.9751
10365	Spectrogram 1	1	16328.000000	16328.500000	0	0	12	cluster_12	0.9036
10366	Spectrogram 1	1	16328.250000	16328.750000	0	0	noise	cluster_noise	0.0000
10367	Spectrogram 1	1	16328.500000	16329.750000	0	0	7	cluster_7	0.9355
10368	Spectrogram 1	1	16329.500000	16330.500000	0	0	noise	cluster_noise	0.0000
10369	Spectrogram 1	1	16330.250000	16337.500000	0	0	7	cluster_7	0.9967
10370	Spectrogram 1	1	16337.250000	16338.250000	0	0	8	cluster_8	0.9521
10371	Spectrogram 1	1	16338.000000	16339.750000	0	0	7	cluster_7	0.9764
10372	Spectrogram 1	1	16339.500000	16340.250000	0	0	noise	cluster_noise	0.0000
10373	Spectrogram 1	1	16340.000000	16340.500000	0	0	7	cluster_7	1.0000
10374	Spectrogram 1	1	16340.250000	16341.500000	0	0	noise	cluster_noise	0.0000
10375	Spectrogram 1	1	16341.250000	16341.750000	0	0	12	cluster_12	0.7582
10376	Spectrogram 1	1	16341.500000	16342.250000	0	0	noise	cluster_noise	0.0000
10377	Spectrogram 1	1	16342.000000	16344.000000	0	0	7	cluster_7	0.9884
10378	Spectrogram 1	1	16343.750000	16344.250000	0	0	noise	cluster_noise	0.0000
10379	Spectrogram 1	1	16344.000000	16344.500000	0	0	7	cluster_7	0.8464
10380	Spectrogram 1	1	16344.250000	16344.750000	0	0	noise	cluster_noise	0.0000
10381	Spectrogram 1	1	16344.500000	16345.250000	0	0	12	cluster_12	0.8404
10382	Spectrogram 1	1	16345.000000	16345.500000	0	0	noise	cluster_noise	0.0000
10383	Spectrogram 1	1	16345.250000	16346.500000	0	0	7	cluster_7	0.9985
10384	Spectrogram 1	1	16346.250000	16347.000000	0	0	8	cluster_8	0.9107
10385	Spectrogram 1	1	16346.750000	16347.250000	0	0	noise	cluster_noise	0.0000
10386	Spectrogram 1	1	16347.000000	16351.000000	0	0	7	cluster_7	0.9305
10387	Spectrogram 1	1	16350.750000	16352.000000	0	0	noise	cluster_noise	0.0000
10388	Spectrogram 1	1	16351.750000	16352.250000	0	0	7	cluster_7	1.0000
10389	Spectrogram 1	1	16352.000000	16353.000000	0	0	noise	cluster_noise	0.0000
10390	Spectrogram 1	1	16352.750000	16354.750000	0	0	7	cluster_7	1.0000
10391	Spectrogram 1	1	16354.500000	16355.500000	0	0	noise	cluster_noise	0.0000
10392	Spectrogram 1	1	16355.250000	16355.750000	0	0	7	cluster_7	1.0000
10393	Spectrogram 1	1	16355.500000	16356.500000	0	0	noise	cluster_noise	0.0000
10394	Spectrogram 1	1	16356.250000	16361.500000	0	0	7	cluster_7	0.9855
10395	Spectrogram 1	1	16363.000000	16365.000000	0	0	noise	cluster_noise	0.0000
10396	Spectrogram 1	1	16364.750000	16367.000000	0	0	7	cluster_7	0.9982
10397	Spectrogram 1	1	16366.750000	16367.500000	0	0	noise	cluster_noise	0.0000
10398	Spectrogram 1	1	16367.250000	16367.750000	0	0	12	cluster_12	0.7052
10399	Spectrogram 1	1	16367.500000	16368.500000	0	0	7	cluster_7	0.9818
10400	Spectrogram 1	1	16368.250000	16368.750000	0	0	noise	cluster_noise	0.0000
10401	Spectrogram 1	1	16368.500000	16373.500000	0	0	7	cluster_7	0.9965
10402	Spectrogram 1	1	16373.250000	16378.000000	0	0	noise	cluster_noise	0.0000
10403	Spectrogram 1	1	16377.750000	16380.000000	0	0	7	cluster_7	0.9862
10404	Spectrogram 1	1	16379.750000	16380.750000	0	0	noise	cluster_noise	0.0000
10405	Spectrogram 1	1	16380.500000	16381.250000	0	0	7	cluster_7	0.9552
10406	Spectrogram 1	1	16381.000000	16381.500000	0	0	noise	cluster_noise	0.0000
10407	Spectrogram 1	1	16381.250000	16382.000000	0	0	12	cluster_12	0.7335
10408	Spectrogram 1	1	16381.750000	16386.250000	0	0	7	cluster_7	0.9881
10409	Spectrogram 1	1	16386.000000	16386.500000	0	0	noise	cluster_noise	0.0000
10410	Spectrogram 1	1	16388.000000	16388.500000	0	0	7	cluster_7	1.0000
10411	Spectrogram 1	1	16388.250000	16390.000000	0	0	noise	cluster_noise	0.0000
10412	Spectrogram 1	1	16389.750000	16392.000000	0	0	7	cluster_7	1.0000
10413	Spectrogram 1	1	16391.750000	16394.000000	0	0	noise	cluster_noise	0.0000
10414	Spectrogram 1	1	16393.750000	16394.250000	0	0	15	cluster_15	0.9268
10415	Spectrogram 1	1	16394.000000	16394.500000	0	0	12	cluster_12	0.8523
10416	Spectrogram 1	1	16394.250000	16397.750000	0	0	7	cluster_7	0.9941
10417	Spectrogram 1	1	16397.500000	16398.250000	0	0	noise	cluster_noise	0.0000
10418	Spectrogram 1	1	16398.000000	16399.000000	0	0	7	cluster_7	0.9691
10419	Spectrogram 1	1	16398.750000	16402.750000	0	0	noise	cluster_noise	0.0000
10420	Spectrogram 1	1	16402.500000	16404.750000	0	0	7	cluster_7	1.0000
10421	Spectrogram 1	1	16404.500000	16406.000000	0	0	noise	cluster_noise	0.0000
10422	Spectrogram 1	1	16405.750000	16406.250000	0	0	15	cluster_15	0.8443
10423	Spectrogram 1	1	16406.000000	16407.000000	0	0	noise	cluster_noise	0.0000
10424	Spectrogram 1	1	16406.750000	16410.500000	0	0	7	cluster_7	0.9957
10425	Spectrogram 1	1	16410.250000	16410.750000	0	0	noise	cluster_noise	0.0000
10426	Spectrogram 1	1	16410.500000	16411.500000	0	0	7	cluster_7	1.0000
10427	Spectrogram 1	1	16418.000000	16419.000000	0	0	12	cluster_12	0.9025
10428	Spectrogram 1	1	16418.750000	16419.250000	0	0	noise	cluster_noise	0.0000
10429	Spectrogram 1	1	16419.000000	16421.500000	0	0	7	cluster_7	0.9822
10430	Spectrogram 1	1	16426.000000	16428.750000	0	0	0	cluster_0	0.6936
10431	Spectrogram 1	1	16428.500000	16429.000000	0	0	noise	cluster_noise	0.0000
10432	Spectrogram 1	1	16428.750000	16430.500000	0	0	7	cluster_7	1.0000
10433	Spectrogram 1	1	16430.250000	16431.000000	0	0	noise	cluster_noise	0.0000
10434	Spectrogram 1	1	16430.750000	16440.250000	0	0	7	cluster_7	1.0000
10435	Spectrogram 1	1	16440.000000	16443.000000	0	0	0	cluster_0	0.7274
10436	Spectrogram 1	1	16442.750000	16443.250000	0	0	noise	cluster_noise	0.0000
10437	Spectrogram 1	1	16443.000000	16443.500000	0	0	6	cluster_6	0.9369
10438	Spectrogram 1	1	16443.250000	16443.750000	0	0	noise	cluster_noise	0.0000
10439	Spectrogram 1	1	16443.500000	16444.500000	0	0	7	cluster_7	1.0000
10440	Spectrogram 1	1	16444.250000	16445.000000	0	0	8	cluster_8	0.8518
10441	Spectrogram 1	1	16444.750000	16445.250000	0	0	7	cluster_7	1.0000
10442	Spectrogram 1	1	16445.000000	16445.750000	0	0	6	cluster_6	0.9696
10443	Spectrogram 1	1	16445.500000	16446.750000	0	0	7	cluster_7	1.0000
10444	Spectrogram 1	1	16446.500000	16447.250000	0	0	noise	cluster_noise	0.0000
10445	Spectrogram 1	1	16447.000000	16449.000000	0	0	7	cluster_7	0.9827
10446	Spectrogram 1	1	16448.750000	16449.500000	0	0	noise	cluster_noise	0.0000
10447	Spectrogram 1	1	16449.250000	16449.750000	0	0	7	cluster_7	1.0000
10448	Spectrogram 1	1	16449.500000	16450.000000	0	0	6	cluster_6	0.9729
10449	Spectrogram 1	1	16449.750000	16451.500000	0	0	7	cluster_7	0.9728
10450	Spectrogram 1	1	16451.250000	16453.000000	0	0	0	cluster_0	0.7260
10451	Spectrogram 1	1	16452.750000	16458.750000	0	0	7	cluster_7	1.0000
10452	Spectrogram 1	1	16458.500000	16459.250000	0	0	noise	cluster_noise	0.0000
10453	Spectrogram 1	1	16459.000000	16461.750000	0	0	7	cluster_7	1.0000
10454	Spectrogram 1	1	16461.500000	16463.000000	0	0	0	cluster_0	0.7527
10455	Spectrogram 1	1	16462.750000	16463.250000	0	0	6	cluster_6	0.9467
10456	Spectrogram 1	1	16463.000000	16465.250000	0	0	7	cluster_7	1.0000
10457	Spectrogram 1	1	16465.000000	16467.500000	0	0	0	cluster_0	0.7341
10458	Spectrogram 1	1	16468.000000	16469.250000	0	0	7	cluster_7	1.0000
10459	Spectrogram 1	1	16469.000000	16469.500000	0	0	noise	cluster_noise	0.0000
10460	Spectrogram 1	1	16469.250000	16471.500000	0	0	7	cluster_7	0.9971
10461	Spectrogram 1	1	16471.250000	16472.000000	0	0	noise	cluster_noise	0.0000
10462	Spectrogram 1	1	16471.750000	16473.750000	0	0	7	cluster_7	1.0000
10463	Spectrogram 1	1	16473.500000	16474.250000	0	0	noise	cluster_noise	0.0000
10464	Spectrogram 1	1	16474.000000	16476.000000	0	0	7	cluster_7	1.0000
10465	Spectrogram 1	1	16475.750000	16476.500000	0	0	noise	cluster_noise	0.0000
10466	Spectrogram 1	1	16476.250000	16489.000000	0	0	7	cluster_7	0.9970
10467	Spectrogram 1	1	16488.750000	16489.500000	0	0	noise	cluster_noise	0.0000
10468	Spectrogram 1	1	16489.250000	16508.750000	0	0	7	cluster_7	0.9984
10469	Spectrogram 1	1	16508.500000	16509.250000	0	0	3	cluster_3	0.8574
10470	Spectrogram 1	1	16509.000000	16512.000000	0	0	7	cluster_7	1.0000
10471	Spectrogram 1	1	16511.750000	16512.500000	0	0	3	cluster_3	0.8446
10472	Spectrogram 1	1	16512.250000	16517.000000	0	0	7	cluster_7	0.9817
10473	Spectrogram 1	1	16516.750000	16517.250000	0	0	noise	cluster_noise	0.0000
10474	Spectrogram 1	1	16517.000000	16522.500000	0	0	7	cluster_7	0.9805
10475	Spectrogram 1	1	16529.000000	16530.000000	0	0	3	cluster_3	0.8490
10476	Spectrogram 1	1	16529.750000	16530.250000	0	0	noise	cluster_noise	0.0000
10477	Spectrogram 1	1	16530.000000	16530.500000	0	0	1	cluster_1	0.6350
10478	Spectrogram 1	1	16530.250000	16532.750000	0	0	7	cluster_7	1.0000
10479	Spectrogram 1	1	16532.500000	16533.250000	0	0	noise	cluster_noise	0.0000
10480	Spectrogram 1	1	16533.000000	16533.500000	0	0	3	cluster_3	0.8839
10481	Spectrogram 1	1	16542.000000	16546.750000	0	0	7	cluster_7	1.0000
10482	Spectrogram 1	1	16546.500000	16547.250000	0	0	3	cluster_3	0.8850
10483	Spectrogram 1	1	16547.000000	16547.500000	0	0	noise	cluster_noise	0.0000
10484	Spectrogram 1	1	16547.250000	16556.500000	0	0	7	cluster_7	0.9949
10485	Spectrogram 1	1	16556.250000	16557.250000	0	0	3	cluster_3	0.9652
10486	Spectrogram 1	1	16557.000000	16558.750000	0	0	7	cluster_7	1.0000
10487	Spectrogram 1	1	16558.500000	16559.000000	0	0	8	cluster_8	1.0000
10488	Spectrogram 1	1	16558.750000	16561.500000	0	0	7	cluster_7	0.9819
10489	Spectrogram 1	1	16565.000000	16565.750000	0	0	1	cluster_1	1.0000
10490	Spectrogram 1	1	16565.500000	16566.000000	0	0	3	cluster_3	0.8176
10491	Spectrogram 1	1	16565.750000	16583.250000	0	0	7	cluster_7	0.9964
10492	Spectrogram 1	1	16583.000000	16583.750000	0	0	3	cluster_3	0.9663
10493	Spectrogram 1	1	16583.500000	16586.500000	0	0	7	cluster_7	0.9926
10494	Spectrogram 1	1	16586.250000	16586.750000	0	0	noise	cluster_noise	0.0000
10495	Spectrogram 1	1	16586.500000	16587.500000	0	0	1	cluster_1	0.9352
10496	Spectrogram 1	1	16587.250000	16587.750000	0	0	noise	cluster_noise	0.0000
10497	Spectrogram 1	1	16587.500000	16608.500000	0	0	7	cluster_7	0.9987
10498	Spectrogram 1	1	16608.250000	16609.500000	0	0	noise	cluster_noise	0.0000
10499	Spectrogram 1	1	16609.250000	16614.250000	0	0	7	cluster_7	1.0000
10500	Spectrogram 1	1	16614.000000	16614.750000	0	0	noise	cluster_noise	0.0000
10501	Spectrogram 1	1	16614.500000	16615.500000	0	0	7	cluster_7	1.0000
