Selection	View	Channel	Begin Time (s)	End Time (s)	Low Freq (Hz)	High Freq (Hz)	Cluster	Label	Score
1	Spectrogram 1	1	263.000000	263.750000	0	0	noise	cluster_noise	0.0000
2	Spectrogram 1	1	263.500000	266.000000	0	0	6	cluster_6	0.9677
3	Spectrogram 1	1	265.750000	266.250000	0	0	9	cluster_9	0.9333
4	Spectrogram 1	1	266.000000	266.500000	0	0	noise	cluster_noise	0.0000
5	Spectrogram 1	1	266.250000	267.250000	0	0	8	cluster_8	0.9268
6	Spectrogram 1	1	267.000000	268.000000	0	0	noise	cluster_noise	0.0000
7	Spectrogram 1	1	267.750000	268.500000	0	0	13	cluster_13	0.8285
8	Spectrogram 1	1	269.000000	269.500000	0	0	6	cluster_6	1.0000
9	Spectrogram 1	1	269.250000	271.250000	0	0	0	cluster_0	0.9212
10	Spectrogram 1	1	271.000000	271.500000	0	0	13	cluster_13	0.7541
11	Spectrogram 1	1	271.250000	272.000000	0	0	noise	cluster_noise	0.0000
12	Spectrogram 1	1	271.750000	272.250000	0	0	6	cluster_6	0.8815
13	Spectrogram 1	1	272.000000	274.000000	0	0	0	cluster_0	0.9676
14	Spectrogram 1	1	273.750000	274.250000	0	0	noise	cluster_noise	0.0000
15	Spectrogram 1	1	274.000000	275.000000	0	0	13	cluster_13	0.8377
16	Spectrogram 1	1	274.750000	275.750000	0	0	noise	cluster_noise	0.0000
17	Spectrogram 1	1	275.500000	278.750000	0	0	6	cluster_6	0.9385
18	Spectrogram 1	1	278.500000	279.000000	0	0	noise	cluster_noise	0.0000
19	Spectrogram 1	1	278.750000	279.500000	0	0	8	cluster_8	1.0000
20	Spectrogram 1	1	281.000000	281.750000	0	0	13	cluster_13	0.7954
21	Spectrogram 1	1	281.500000	282.250000	0	0	6	cluster_6	0.9158
22	Spectrogram 1	1	282.000000	284.000000	0	0	0	cluster_0	0.8849
23	Spectrogram 1	1	283.750000	284.500000	0	0	noise	cluster_noise	0.0000
24	Spectrogram 1	1	284.250000	284.750000	0	0	6	cluster_6	1.0000
25	Spectrogram 1	1	284.500000	287.000000	0	0	0	cluster_0	0.8292
26	Spectrogram 1	1	286.750000	287.250000	0	0	13	cluster_13	0.8137
27	Spectrogram 1	1	287.000000	287.500000	0	0	8	cluster_8	0.7776
28	Spectrogram 1	1	287.250000	287.750000	0	0	noise	cluster_noise	0.0000
29	Spectrogram 1	1	287.500000	288.000000	0	0	9	cluster_9	0.9514
30	Spectrogram 1	1	287.750000	291.000000	0	0	6	cluster_6	0.8647
31	Spectrogram 1	1	290.750000	291.500000	0	0	noise	cluster_noise	0.0000
32	Spectrogram 1	1	291.250000	291.750000	0	0	8	cluster_8	0.9367
33	Spectrogram 1	1	291.500000	292.000000	0	0	noise	cluster_noise	0.0000
34	Spectrogram 1	1	291.750000	293.250000	0	0	8	cluster_8	1.0000
35	Spectrogram 1	1	293.000000	293.500000	0	0	noise	cluster_noise	0.0000
36	Spectrogram 1	1	295.000000	296.500000	0	0	0	cluster_0	0.9924
37	Spectrogram 1	1	296.250000	296.750000	0	0	noise	cluster_noise	0.0000
38	Spectrogram 1	1	296.500000	297.000000	0	0	13	cluster_13	0.6863
39	Spectrogram 1	1	296.750000	297.500000	0	0	noise	cluster_noise	0.0000
40	Spectrogram 1	1	297.250000	297.750000	0	0	6	cluster_6	1.0000
41	Spectrogram 1	1	297.500000	299.500000	0	0	0	cluster_0	0.9384
42	Spectrogram 1	1	299.250000	299.750000	0	0	13	cluster_13	0.7664
43	Spectrogram 1	1	299.500000	300.750000	0	0	noise	cluster_noise	0.0000
44	Spectrogram 1	1	300.500000	301.000000	0	0	6	cluster_6	0.8073
45	Spectrogram 1	1	300.750000	301.250000	0	0	noise	cluster_noise	0.0000
46	Spectrogram 1	1	301.000000	303.000000	0	0	6	cluster_6	0.8999
47	Spectrogram 1	1	302.750000	303.500000	0	0	noise	cluster_noise	0.0000
48	Spectrogram 1	1	303.250000	305.500000	0	0	8	cluster_8	0.9577
49	Spectrogram 1	1	307.000000	307.500000	0	0	6	cluster_6	1.0000
50	Spectrogram 1	1	307.250000	309.000000	0	0	0	cluster_0	0.8970
51	Spectrogram 1	1	308.750000	309.250000	0	0	noise	cluster_noise	0.0000
52	Spectrogram 1	1	309.000000	309.500000	0	0	13	cluster_13	0.7913
53	Spectrogram 1	1	309.250000	310.000000	0	0	noise	cluster_noise	0.0000
54	Spectrogram 1	1	309.750000	310.250000	0	0	6	cluster_6	1.0000
55	Spectrogram 1	1	310.000000	312.000000	0	0	0	cluster_0	0.9599
56	Spectrogram 1	1	311.750000	313.500000	0	0	noise	cluster_noise	0.0000
57	Spectrogram 1	1	313.250000	316.000000	0	0	6	cluster_6	0.9734
58	Spectrogram 1	1	315.750000	317.000000	0	0	noise	cluster_noise	0.0000
59	Spectrogram 1	1	316.750000	317.250000	0	0	8	cluster_8	1.0000
60	Spectrogram 1	1	317.000000	317.500000	0	0	noise	cluster_noise	0.0000
61	Spectrogram 1	1	317.250000	318.750000	0	0	8	cluster_8	0.9647
62	Spectrogram 1	1	318.500000	319.000000	0	0	noise	cluster_noise	0.0000
63	Spectrogram 1	1	318.750000	319.500000	0	0	13	cluster_13	0.7023
64	Spectrogram 1	1	320.000000	320.500000	0	0	6	cluster_6	1.0000
65	Spectrogram 1	1	320.250000	322.500000	0	0	0	cluster_0	0.9196
66	Spectrogram 1	1	322.250000	323.000000	0	0	noise	cluster_noise	0.0000
67	Spectrogram 1	1	322.750000	323.250000	0	0	6	cluster_6	1.0000
68	Spectrogram 1	1	323.000000	325.000000	0	0	0	cluster_0	0.9464
69	Spectrogram 1	1	324.750000	326.000000	0	0	13	cluster_13	0.7567
70	Spectrogram 1	1	325.750000	326.500000	0	0	noise	cluster_noise	0.0000
71	Spectrogram 1	1	326.250000	329.250000	0	0	6	cluster_6	0.8903
72	Spectrogram 1	1	329.000000	329.750000	0	0	noise	cluster_noise	0.0000
73	Spectrogram 1	1	329.500000	330.000000	0	0	7	cluster_7	0.9525
74	Spectrogram 1	1	329.750000	331.250000	0	0	8	cluster_8	0.9632
75	Spectrogram 1	1	331.000000	331.500000	0	0	noise	cluster_noise	0.0000
76	Spectrogram 1	1	334.000000	336.250000	0	0	6	cluster_6	1.0000
77	Spectrogram 1	1	336.000000	336.500000	0	0	noise	cluster_noise	0.0000
78	Spectrogram 1	1	336.250000	337.250000	0	0	13	cluster_13	0.7923
79	Spectrogram 1	1	337.000000	337.500000	0	0	9	cluster_9	0.9486
80	Spectrogram 1	1	337.250000	337.750000	0	0	13	cluster_13	0.6474
81	Spectrogram 1	1	337.500000	339.500000	0	0	6	cluster_6	0.9790
82	Spectrogram 1	1	339.250000	339.750000	0	0	9	cluster_9	0.9989
83	Spectrogram 1	1	339.500000	340.500000	0	0	noise	cluster_noise	0.0000
84	Spectrogram 1	1	340.250000	342.000000	0	0	8	cluster_8	0.9256
85	Spectrogram 1	1	341.750000	342.750000	0	0	noise	cluster_noise	0.0000
86	Spectrogram 1	1	342.500000	343.500000	0	0	13	cluster_13	0.7666
87	Spectrogram 1	1	345.000000	345.750000	0	0	6	cluster_6	1.0000
88	Spectrogram 1	1	345.500000	346.250000	0	0	noise	cluster_noise	0.0000
89	Spectrogram 1	1	346.000000	347.500000	0	0	6	cluster_6	0.9859
90	Spectrogram 1	1	347.250000	347.750000	0	0	noise	cluster_noise	0.0000
91	Spectrogram 1	1	347.500000	348.000000	0	0	13	cluster_13	0.7135
92	Spectrogram 1	1	347.750000	348.750000	0	0	noise	cluster_noise	0.0000
93	Spectrogram 1	1	348.500000	349.000000	0	0	13	cluster_13	0.6594
94	Spectrogram 1	1	348.750000	349.250000	0	0	noise	cluster_noise	0.0000
95	Spectrogram 1	1	349.000000	351.750000	0	0	6	cluster_6	0.9676
96	Spectrogram 1	1	351.500000	352.000000	0	0	noise	cluster_noise	0.0000
97	Spectrogram 1	1	351.750000	353.250000	0	0	8	cluster_8	0.9510
98	Spectrogram 1	1	353.000000	353.500000	0	0	noise	cluster_noise	0.0000
99	Spectrogram 1	1	353.250000	353.750000	0	0	9	cluster_9	1.0000
100	Spectrogram 1	1	353.500000	354.000000	0	0	noise	cluster_noise	0.0000
101	Spectrogram 1	1	353.750000	355.500000	0	0	13	cluster_13	0.7544
102	Spectrogram 1	1	356.000000	358.250000	0	0	6	cluster_6	1.0000
103	Spectrogram 1	1	358.000000	359.000000	0	0	noise	cluster_noise	0.0000
104	Spectrogram 1	1	358.750000	359.250000	0	0	13	cluster_13	0.6357
105	Spectrogram 1	1	359.000000	359.500000	0	0	noise	cluster_noise	0.0000
106	Spectrogram 1	1	359.250000	359.750000	0	0	9	cluster_9	0.9311
107	Spectrogram 1	1	359.500000	360.250000	0	0	13	cluster_13	0.7581
108	Spectrogram 1	1	360.000000	360.500000	0	0	8	cluster_8	0.8538
109	Spectrogram 1	1	360.250000	362.750000	0	0	6	cluster_6	0.9945
110	Spectrogram 1	1	362.500000	363.250000	0	0	noise	cluster_noise	0.0000
111	Spectrogram 1	1	363.000000	363.750000	0	0	6	cluster_6	0.7548
112	Spectrogram 1	1	363.500000	364.000000	0	0	13	cluster_13	0.6658
113	Spectrogram 1	1	363.750000	365.250000	0	0	noise	cluster_noise	0.0000
114	Spectrogram 1	1	365.000000	365.500000	0	0	6	cluster_6	0.7352
115	Spectrogram 1	1	365.250000	365.750000	0	0	10	cluster_10	0.5376
116	Spectrogram 1	1	365.500000	366.500000	0	0	9	cluster_9	0.8889
117	Spectrogram 1	1	366.250000	369.750000	0	0	noise	cluster_noise	0.0000
118	Spectrogram 1	1	369.500000	370.000000	0	0	10	cluster_10	0.5210
119	Spectrogram 1	1	369.750000	371.000000	0	0	noise	cluster_noise	0.0000
120	Spectrogram 1	1	370.750000	371.750000	0	0	13	cluster_13	0.7039
121	Spectrogram 1	1	371.500000	375.000000	0	0	6	cluster_6	0.9810
122	Spectrogram 1	1	374.750000	376.000000	0	0	9	cluster_9	0.9303
123	Spectrogram 1	1	375.750000	376.250000	0	0	13	cluster_13	0.7612
124	Spectrogram 1	1	376.000000	378.500000	0	0	6	cluster_6	0.9931
125	Spectrogram 1	1	378.250000	379.000000	0	0	9	cluster_9	0.7860
126	Spectrogram 1	1	378.750000	380.000000	0	0	noise	cluster_noise	0.0000
127	Spectrogram 1	1	379.750000	380.250000	0	0	13	cluster_13	0.7201
128	Spectrogram 1	1	380.000000	382.000000	0	0	noise	cluster_noise	0.0000
129	Spectrogram 1	1	381.750000	382.250000	0	0	10	cluster_10	0.5372
130	Spectrogram 1	1	382.000000	384.000000	0	0	noise	cluster_noise	0.0000
131	Spectrogram 1	1	383.750000	384.250000	0	0	14	cluster_14	0.7593
132	Spectrogram 1	1	384.000000	385.000000	0	0	noise	cluster_noise	0.0000
133	Spectrogram 1	1	384.750000	385.250000	0	0	14	cluster_14	0.7603
134	Spectrogram 1	1	385.000000	386.000000	0	0	noise	cluster_noise	0.0000
135	Spectrogram 1	1	385.750000	386.250000	0	0	14	cluster_14	1.0000
136	Spectrogram 1	1	386.000000	387.250000	0	0	noise	cluster_noise	0.0000
137	Spectrogram 1	1	387.000000	387.750000	0	0	13	cluster_13	0.6401
138	Spectrogram 1	1	387.500000	388.000000	0	0	noise	cluster_noise	0.0000
139	Spectrogram 1	1	387.750000	388.250000	0	0	9	cluster_9	0.7842
140	Spectrogram 1	1	388.000000	389.000000	0	0	noise	cluster_noise	0.0000
141	Spectrogram 1	1	388.750000	391.250000	0	0	6	cluster_6	0.9845
142	Spectrogram 1	1	391.000000	391.500000	0	0	noise	cluster_noise	0.0000
143	Spectrogram 1	1	391.250000	391.750000	0	0	9	cluster_9	1.0000
144	Spectrogram 1	1	391.500000	392.750000	0	0	noise	cluster_noise	0.0000
145	Spectrogram 1	1	392.500000	395.000000	0	0	6	cluster_6	0.9835
146	Spectrogram 1	1	394.750000	395.500000	0	0	noise	cluster_noise	0.0000
147	Spectrogram 1	1	395.250000	395.750000	0	0	14	cluster_14	0.7309
148	Spectrogram 1	1	395.500000	396.250000	0	0	noise	cluster_noise	0.0000
149	Spectrogram 1	1	396.000000	396.500000	0	0	10	cluster_10	0.5386
150	Spectrogram 1	1	396.250000	398.250000	0	0	noise	cluster_noise	0.0000
151	Spectrogram 1	1	398.000000	398.500000	0	0	14	cluster_14	0.7337
152	Spectrogram 1	1	398.250000	400.500000	0	0	noise	cluster_noise	0.0000
153	Spectrogram 1	1	400.250000	400.750000	0	0	10	cluster_10	0.5054
154	Spectrogram 1	1	400.500000	402.250000	0	0	noise	cluster_noise	0.0000
155	Spectrogram 1	1	402.000000	402.500000	0	0	14	cluster_14	0.7969
156	Spectrogram 1	1	402.250000	402.750000	0	0	noise	cluster_noise	0.0000
157	Spectrogram 1	1	402.500000	403.000000	0	0	13	cluster_13	0.8331
158	Spectrogram 1	1	402.750000	404.500000	0	0	noise	cluster_noise	0.0000
159	Spectrogram 1	1	404.250000	407.750000	0	0	6	cluster_6	1.0000
160	Spectrogram 1	1	407.500000	408.500000	0	0	noise	cluster_noise	0.0000
161	Spectrogram 1	1	408.250000	409.000000	0	0	9	cluster_9	0.9818
162	Spectrogram 1	1	408.750000	409.250000	0	0	13	cluster_13	0.6734
163	Spectrogram 1	1	409.000000	409.750000	0	0	noise	cluster_noise	0.0000
164	Spectrogram 1	1	409.500000	410.250000	0	0	13	cluster_13	0.7057
165	Spectrogram 1	1	410.000000	412.500000	0	0	noise	cluster_noise	0.0000
166	Spectrogram 1	1	418.000000	419.250000	0	0	6	cluster_6	0.9406
167	Spectrogram 1	1	419.000000	420.000000	0	0	9	cluster_9	0.9830
168	Spectrogram 1	1	419.750000	420.250000	0	0	13	cluster_13	0.7602
169	Spectrogram 1	1	420.000000	420.500000	0	0	noise	cluster_noise	0.0000
170	Spectrogram 1	1	420.250000	421.000000	0	0	13	cluster_13	0.8019
171	Spectrogram 1	1	420.750000	421.250000	0	0	noise	cluster_noise	0.0000
172	Spectrogram 1	1	421.000000	422.000000	0	0	13	cluster_13	0.7517
173	Spectrogram 1	1	421.750000	423.500000	0	0	noise	cluster_noise	0.0000
174	Spectrogram 1	1	427.000000	427.750000	0	0	13	cluster_13	0.6472
175	Spectrogram 1	1	427.500000	428.000000	0	0	noise	cluster_noise	0.0000
176	Spectrogram 1	1	427.750000	428.500000	0	0	13	cluster_13	0.7304
177	Spectrogram 1	1	430.000000	431.250000	0	0	6	cluster_6	0.9640
178	Spectrogram 1	1	431.000000	432.000000	0	0	9	cluster_9	0.8612
179	Spectrogram 1	1	431.750000	432.750000	0	0	noise	cluster_noise	0.0000
180	Spectrogram 1	1	432.500000	433.000000	0	0	13	cluster_13	0.7720
181	Spectrogram 1	1	432.750000	433.250000	0	0	noise	cluster_noise	0.0000
182	Spectrogram 1	1	433.000000	433.500000	0	0	13	cluster_13	0.6844
183	Spectrogram 1	1	433.250000	433.750000	0	0	noise	cluster_noise	0.0000
184	Spectrogram 1	1	433.500000	435.500000	0	0	1	cluster_1	0.9279
185	Spectrogram 1	1	435.250000	435.750000	0	0	6	cluster_6	1.0000
186	Spectrogram 1	1	435.500000	436.000000	0	0	9	cluster_9	0.7898
187	Spectrogram 1	1	435.750000	436.500000	0	0	noise	cluster_noise	0.0000
188	Spectrogram 1	1	439.000000	440.000000	0	0	1	cluster_1	1.0000
189	Spectrogram 1	1	439.750000	440.500000	0	0	noise	cluster_noise	0.0000
190	Spectrogram 1	1	443.000000	443.500000	0	0	9	cluster_9	0.7926
191	Spectrogram 1	1	443.250000	443.750000	0	0	13	cluster_13	0.6817
192	Spectrogram 1	1	443.500000	444.000000	0	0	noise	cluster_noise	0.0000
193	Spectrogram 1	1	443.750000	444.500000	0	0	10	cluster_10	0.9212
194	Spectrogram 1	1	444.250000	444.750000	0	0	13	cluster_13	0.7578
195	Spectrogram 1	1	444.500000	445.750000	0	0	noise	cluster_noise	0.0000
196	Spectrogram 1	1	445.500000	446.000000	0	0	13	cluster_13	0.7703
197	Spectrogram 1	1	445.750000	446.250000	0	0	noise	cluster_noise	0.0000
198	Spectrogram 1	1	446.000000	446.750000	0	0	10	cluster_10	0.8835
199	Spectrogram 1	1	446.500000	447.000000	0	0	13	cluster_13	0.8142
200	Spectrogram 1	1	446.750000	448.500000	0	0	noise	cluster_noise	0.0000
201	Spectrogram 1	1	448.250000	449.500000	0	0	1	cluster_1	0.8246
202	Spectrogram 1	1	449.250000	449.750000	0	0	6	cluster_6	0.6813
203	Spectrogram 1	1	449.500000	450.000000	0	0	noise	cluster_noise	0.0000
204	Spectrogram 1	1	449.750000	450.250000	0	0	1	cluster_1	0.6984
205	Spectrogram 1	1	450.000000	450.500000	0	0	noise	cluster_noise	0.0000
206	Spectrogram 1	1	450.250000	450.750000	0	0	13	cluster_13	0.6665
207	Spectrogram 1	1	450.500000	451.000000	0	0	noise	cluster_noise	0.0000
208	Spectrogram 1	1	450.750000	451.250000	0	0	13	cluster_13	0.7107
209	Spectrogram 1	1	451.000000	451.750000	0	0	noise	cluster_noise	0.0000
210	Spectrogram 1	1	451.500000	452.000000	0	0	13	cluster_13	0.6346
211	Spectrogram 1	1	451.750000	454.500000	0	0	1	cluster_1	0.6892
212	Spectrogram 1	1	457.000000	457.750000	0	0	noise	cluster_noise	0.0000
213	Spectrogram 1	1	457.500000	458.000000	0	0	13	cluster_13	0.6580
214	Spectrogram 1	1	457.750000	458.500000	0	0	noise	cluster_noise	0.0000
215	Spectrogram 1	1	458.250000	459.000000	0	0	10	cluster_10	0.7520
216	Spectrogram 1	1	458.750000	460.250000	0	0	noise	cluster_noise	0.0000
217	Spectrogram 1	1	460.000000	460.750000	0	0	10	cluster_10	0.8339
218	Spectrogram 1	1	460.500000	461.000000	0	0	8	cluster_8	1.0000
219	Spectrogram 1	1	460.750000	461.750000	0	0	noise	cluster_noise	0.0000
220	Spectrogram 1	1	461.500000	462.000000	0	0	13	cluster_13	0.7835
221	Spectrogram 1	1	461.750000	462.250000	0	0	noise	cluster_noise	0.0000
222	Spectrogram 1	1	462.000000	462.500000	0	0	10	cluster_10	0.4918
223	Spectrogram 1	1	462.250000	462.750000	0	0	8	cluster_8	1.0000
224	Spectrogram 1	1	462.500000	463.250000	0	0	noise	cluster_noise	0.0000
225	Spectrogram 1	1	463.000000	463.500000	0	0	8	cluster_8	1.0000
226	Spectrogram 1	1	463.250000	464.000000	0	0	10	cluster_10	0.5482
227	Spectrogram 1	1	463.750000	464.250000	0	0	8	cluster_8	0.9080
228	Spectrogram 1	1	464.000000	464.500000	0	0	9	cluster_9	0.7547
229	Spectrogram 1	1	464.250000	464.750000	0	0	noise	cluster_noise	0.0000
230	Spectrogram 1	1	464.500000	465.000000	0	0	10	cluster_10	0.4809
231	Spectrogram 1	1	464.750000	465.250000	0	0	8	cluster_8	1.0000
232	Spectrogram 1	1	465.000000	465.500000	0	0	noise	cluster_noise	0.0000
233	Spectrogram 1	1	465.250000	465.750000	0	0	10	cluster_10	0.4820
234	Spectrogram 1	1	465.500000	466.000000	0	0	8	cluster_8	1.0000
235	Spectrogram 1	1	465.750000	466.500000	0	0	noise	cluster_noise	0.0000
236	Spectrogram 1	1	466.250000	466.750000	0	0	8	cluster_8	1.0000
237	Spectrogram 1	1	466.500000	467.000000	0	0	noise	cluster_noise	0.0000
238	Spectrogram 1	1	466.750000	468.250000	0	0	13	cluster_13	0.7146
239	Spectrogram 1	1	468.000000	468.500000	0	0	14	cluster_14	0.7459
240	Spectrogram 1	1	468.250000	468.750000	0	0	noise	cluster_noise	0.0000
241	Spectrogram 1	1	468.500000	469.500000	0	0	1	cluster_1	0.5757
242	Spectrogram 1	1	469.250000	470.500000	0	0	noise	cluster_noise	0.0000
243	Spectrogram 1	1	470.250000	474.500000	0	0	13	cluster_13	0.7329
244	Spectrogram 1	1	474.250000	474.750000	0	0	noise	cluster_noise	0.0000
245	Spectrogram 1	1	474.500000	475.250000	0	0	10	cluster_10	0.7634
246	Spectrogram 1	1	475.000000	475.500000	0	0	8	cluster_8	1.0000
247	Spectrogram 1	1	475.250000	476.250000	0	0	noise	cluster_noise	0.0000
248	Spectrogram 1	1	476.000000	476.500000	0	0	13	cluster_13	0.7323
249	Spectrogram 1	1	476.250000	476.750000	0	0	noise	cluster_noise	0.0000
250	Spectrogram 1	1	476.500000	477.250000	0	0	10	cluster_10	0.7007
251	Spectrogram 1	1	477.000000	477.500000	0	0	8	cluster_8	1.0000
252	Spectrogram 1	1	477.250000	478.500000	0	0	noise	cluster_noise	0.0000
253	Spectrogram 1	1	478.250000	478.750000	0	0	13	cluster_13	0.7660
254	Spectrogram 1	1	478.500000	479.000000	0	0	14	cluster_14	0.7719
255	Spectrogram 1	1	478.750000	479.500000	0	0	10	cluster_10	0.6809
256	Spectrogram 1	1	479.250000	479.750000	0	0	noise	cluster_noise	0.0000
257	Spectrogram 1	1	479.500000	480.000000	0	0	10	cluster_10	0.5061
258	Spectrogram 1	1	479.750000	481.000000	0	0	noise	cluster_noise	0.0000
259	Spectrogram 1	1	480.750000	481.250000	0	0	10	cluster_10	0.5055
260	Spectrogram 1	1	481.000000	481.500000	0	0	8	cluster_8	1.0000
261	Spectrogram 1	1	481.250000	481.750000	0	0	noise	cluster_noise	0.0000
262	Spectrogram 1	1	481.500000	482.000000	0	0	10	cluster_10	0.5191
263	Spectrogram 1	1	481.750000	482.250000	0	0	8	cluster_8	1.0000
264	Spectrogram 1	1	482.000000	483.000000	0	0	noise	cluster_noise	0.0000
265	Spectrogram 1	1	482.750000	483.250000	0	0	8	cluster_8	0.9787
266	Spectrogram 1	1	483.000000	486.250000	0	0	noise	cluster_noise	0.0000
267	Spectrogram 1	1	486.000000	486.500000	0	0	9	cluster_9	0.8588
268	Spectrogram 1	1	486.250000	486.750000	0	0	noise	cluster_noise	0.0000
269	Spectrogram 1	1	486.500000	487.000000	0	0	9	cluster_9	0.8572
270	Spectrogram 1	1	486.750000	487.250000	0	0	13	cluster_13	0.6953
271	Spectrogram 1	1	487.000000	487.750000	0	0	noise	cluster_noise	0.0000
272	Spectrogram 1	1	487.500000	488.500000	0	0	1	cluster_1	0.6982
273	Spectrogram 1	1	488.250000	488.750000	0	0	noise	cluster_noise	0.0000
274	Spectrogram 1	1	488.500000	489.000000	0	0	9	cluster_9	0.7738
275	Spectrogram 1	1	488.750000	489.500000	0	0	noise	cluster_noise	0.0000
276	Spectrogram 1	1	489.250000	489.750000	0	0	13	cluster_13	0.6916
277	Spectrogram 1	1	489.500000	490.000000	0	0	noise	cluster_noise	0.0000
278	Spectrogram 1	1	489.750000	490.250000	0	0	9	cluster_9	0.7511
279	Spectrogram 1	1	490.000000	493.000000	0	0	noise	cluster_noise	0.0000
280	Spectrogram 1	1	492.750000	493.250000	0	0	13	cluster_13	0.6433
281	Spectrogram 1	1	493.000000	493.500000	0	0	noise	cluster_noise	0.0000
282	Spectrogram 1	1	495.000000	495.750000	0	0	13	cluster_13	0.8140
283	Spectrogram 1	1	495.500000	496.250000	0	0	10	cluster_10	0.7652
284	Spectrogram 1	1	496.000000	496.500000	0	0	8	cluster_8	1.0000
285	Spectrogram 1	1	496.250000	497.000000	0	0	noise	cluster_noise	0.0000
286	Spectrogram 1	1	496.750000	497.250000	0	0	8	cluster_8	0.9729
287	Spectrogram 1	1	497.000000	497.500000	0	0	noise	cluster_noise	0.0000
288	Spectrogram 1	1	497.250000	498.000000	0	0	13	cluster_13	0.6987
289	Spectrogram 1	1	497.750000	498.250000	0	0	noise	cluster_noise	0.0000
290	Spectrogram 1	1	498.000000	498.750000	0	0	10	cluster_10	0.7675
291	Spectrogram 1	1	498.500000	499.250000	0	0	noise	cluster_noise	0.0000
292	Spectrogram 1	1	499.000000	499.500000	0	0	8	cluster_8	0.9011
293	Spectrogram 1	1	499.250000	499.750000	0	0	13	cluster_13	0.6669
294	Spectrogram 1	1	499.500000	500.000000	0	0	9	cluster_9	1.0000
295	Spectrogram 1	1	499.750000	500.250000	0	0	noise	cluster_noise	0.0000
296	Spectrogram 1	1	500.000000	500.750000	0	0	10	cluster_10	0.6173
297	Spectrogram 1	1	500.500000	501.250000	0	0	noise	cluster_noise	0.0000
298	Spectrogram 1	1	501.000000	501.500000	0	0	8	cluster_8	1.0000
299	Spectrogram 1	1	501.250000	502.000000	0	0	noise	cluster_noise	0.0000
300	Spectrogram 1	1	501.750000	502.250000	0	0	8	cluster_8	0.9144
301	Spectrogram 1	1	502.000000	502.750000	0	0	noise	cluster_noise	0.0000
302	Spectrogram 1	1	502.500000	503.000000	0	0	8	cluster_8	1.0000
303	Spectrogram 1	1	502.750000	503.500000	0	0	10	cluster_10	0.5239
304	Spectrogram 1	1	503.250000	503.750000	0	0	8	cluster_8	1.0000
305	Spectrogram 1	1	503.500000	504.000000	0	0	noise	cluster_noise	0.0000
306	Spectrogram 1	1	503.750000	504.500000	0	0	8	cluster_8	0.9871
307	Spectrogram 1	1	504.250000	505.000000	0	0	noise	cluster_noise	0.0000
308	Spectrogram 1	1	504.750000	505.500000	0	0	13	cluster_13	0.7554
309	Spectrogram 1	1	507.000000	507.500000	0	0	noise	cluster_noise	0.0000
310	Spectrogram 1	1	507.250000	507.750000	0	0	13	cluster_13	0.7558
311	Spectrogram 1	1	507.500000	508.000000	0	0	noise	cluster_noise	0.0000
312	Spectrogram 1	1	507.750000	508.250000	0	0	9	cluster_9	1.0000
313	Spectrogram 1	1	508.000000	508.500000	0	0	13	cluster_13	0.6301
314	Spectrogram 1	1	508.250000	509.000000	0	0	10	cluster_10	0.5469
315	Spectrogram 1	1	508.750000	509.500000	0	0	8	cluster_8	1.0000
316	Spectrogram 1	1	509.250000	510.250000	0	0	noise	cluster_noise	0.0000
317	Spectrogram 1	1	510.000000	510.750000	0	0	13	cluster_13	0.7601
318	Spectrogram 1	1	510.500000	511.000000	0	0	noise	cluster_noise	0.0000
319	Spectrogram 1	1	510.750000	511.250000	0	0	13	cluster_13	0.7108
320	Spectrogram 1	1	511.000000	511.500000	0	0	noise	cluster_noise	0.0000
321	Spectrogram 1	1	511.250000	512.000000	0	0	10	cluster_10	0.5656
322	Spectrogram 1	1	511.750000	512.250000	0	0	8	cluster_8	1.0000
323	Spectrogram 1	1	512.000000	512.500000	0	0	noise	cluster_noise	0.0000
324	Spectrogram 1	1	512.250000	512.750000	0	0	9	cluster_9	0.7597
325	Spectrogram 1	1	512.500000	513.250000	0	0	noise	cluster_noise	0.0000
326	Spectrogram 1	1	513.000000	513.750000	0	0	4	cluster_4	1.0000
327	Spectrogram 1	1	513.500000	515.250000	0	0	noise	cluster_noise	0.0000
328	Spectrogram 1	1	515.000000	515.500000	0	0	13	cluster_13	0.8296
329	Spectrogram 1	1	515.250000	515.750000	0	0	noise	cluster_noise	0.0000
330	Spectrogram 1	1	515.500000	516.000000	0	0	4	cluster_4	1.0000
331	Spectrogram 1	1	515.750000	517.000000	0	0	noise	cluster_noise	0.0000
332	Spectrogram 1	1	516.750000	517.500000	0	0	4	cluster_4	0.9102
333	Spectrogram 1	1	517.250000	519.500000	0	0	noise	cluster_noise	0.0000
334	Spectrogram 1	1	519.250000	537.500000	0	0	4	cluster_4	0.8850
335	Spectrogram 1	1	537.250000	538.250000	0	0	noise	cluster_noise	0.0000
336	Spectrogram 1	1	538.000000	538.500000	0	0	3	cluster_3	0.6169
337	Spectrogram 1	1	538.250000	539.500000	0	0	noise	cluster_noise	0.0000
338	Spectrogram 1	1	557.000000	558.500000	0	0	8	cluster_8	0.9300
339	Spectrogram 1	1	559.000000	559.500000	0	0	13	cluster_13	0.8548
340	Spectrogram 1	1	559.250000	559.750000	0	0	noise	cluster_noise	0.0000
341	Spectrogram 1	1	559.500000	560.000000	0	0	13	cluster_13	0.6736
342	Spectrogram 1	1	559.750000	564.000000	0	0	8	cluster_8	0.8868
343	Spectrogram 1	1	563.750000	565.500000	0	0	noise	cluster_noise	0.0000
344	Spectrogram 1	1	565.250000	565.750000	0	0	8	cluster_8	1.0000
345	Spectrogram 1	1	565.500000	566.000000	0	0	0	cluster_0	0.5483
346	Spectrogram 1	1	565.750000	566.250000	0	0	noise	cluster_noise	0.0000
347	Spectrogram 1	1	566.000000	567.500000	0	0	8	cluster_8	0.9170
348	Spectrogram 1	1	567.250000	567.750000	0	0	noise	cluster_noise	0.0000
349	Spectrogram 1	1	567.500000	569.500000	0	0	13	cluster_13	0.8185
350	Spectrogram 1	1	569.250000	569.750000	0	0	noise	cluster_noise	0.0000
351	Spectrogram 1	1	569.500000	570.250000	0	0	0	cluster_0	1.0000
352	Spectrogram 1	1	570.000000	570.500000	0	0	8	cluster_8	1.0000
353	Spectrogram 1	1	570.250000	570.750000	0	0	noise	cluster_noise	0.0000
354	Spectrogram 1	1	570.500000	571.000000	0	0	0	cluster_0	0.5589
355	Spectrogram 1	1	570.750000	571.250000	0	0	9	cluster_9	0.7516
356	Spectrogram 1	1	571.000000	571.500000	0	0	noise	cluster_noise	0.0000
357	Spectrogram 1	1	571.250000	573.750000	0	0	13	cluster_13	0.7581
358	Spectrogram 1	1	573.500000	574.000000	0	0	8	cluster_8	1.0000
359	Spectrogram 1	1	573.750000	574.250000	0	0	noise	cluster_noise	0.0000
360	Spectrogram 1	1	574.000000	575.250000	0	0	8	cluster_8	0.9702
361	Spectrogram 1	1	575.000000	576.000000	0	0	noise	cluster_noise	0.0000
362	Spectrogram 1	1	575.750000	576.500000	0	0	13	cluster_13	0.7331
363	Spectrogram 1	1	579.000000	579.500000	0	0	9	cluster_9	1.0000
364	Spectrogram 1	1	579.250000	580.000000	0	0	13	cluster_13	0.7391
365	Spectrogram 1	1	579.750000	580.250000	0	0	noise	cluster_noise	0.0000
366	Spectrogram 1	1	580.000000	580.500000	0	0	8	cluster_8	1.0000
367	Spectrogram 1	1	587.000000	587.750000	0	0	13	cluster_13	0.7167
368	Spectrogram 1	1	587.500000	588.000000	0	0	noise	cluster_noise	0.0000
369	Spectrogram 1	1	587.750000	588.500000	0	0	13	cluster_13	0.7291
370	Spectrogram 1	1	588.250000	589.000000	0	0	noise	cluster_noise	0.0000
371	Spectrogram 1	1	588.750000	590.500000	0	0	8	cluster_8	0.9891
372	Spectrogram 1	1	590.250000	591.000000	0	0	noise	cluster_noise	0.0000
373	Spectrogram 1	1	590.750000	591.250000	0	0	9	cluster_9	1.0000
374	Spectrogram 1	1	591.000000	591.500000	0	0	noise	cluster_noise	0.0000
375	Spectrogram 1	1	591.250000	592.500000	0	0	13	cluster_13	0.7299
376	Spectrogram 1	1	596.000000	597.500000	0	0	0	cluster_0	1.0000
377	Spectrogram 1	1	597.250000	597.750000	0	0	noise	cluster_noise	0.0000
378	Spectrogram 1	1	597.500000	598.500000	0	0	13	cluster_13	0.7996
379	Spectrogram 1	1	598.250000	598.750000	0	0	noise	cluster_noise	0.0000
380	Spectrogram 1	1	598.500000	601.500000	0	0	6	cluster_6	0.9231
381	Spectrogram 1	1	601.250000	601.750000	0	0	noise	cluster_noise	0.0000
382	Spectrogram 1	1	601.500000	602.750000	0	0	13	cluster_13	0.7090
383	Spectrogram 1	1	602.500000	603.000000	0	0	noise	cluster_noise	0.0000
384	Spectrogram 1	1	602.750000	604.000000	0	0	8	cluster_8	0.9211
385	Spectrogram 1	1	603.750000	604.500000	0	0	noise	cluster_noise	0.0000
386	Spectrogram 1	1	604.250000	604.750000	0	0	9	cluster_9	0.9077
387	Spectrogram 1	1	604.500000	605.250000	0	0	noise	cluster_noise	0.0000
388	Spectrogram 1	1	605.000000	606.000000	0	0	13	cluster_13	0.7187
389	Spectrogram 1	1	605.750000	606.250000	0	0	6	cluster_6	1.0000
390	Spectrogram 1	1	606.000000	608.250000	0	0	0	cluster_0	0.9568
391	Spectrogram 1	1	608.000000	608.500000	0	0	noise	cluster_noise	0.0000
392	Spectrogram 1	1	609.000000	611.000000	0	0	0	cluster_0	0.9957
393	Spectrogram 1	1	610.750000	611.750000	0	0	noise	cluster_noise	0.0000
394	Spectrogram 1	1	611.500000	612.250000	0	0	13	cluster_13	0.7948
395	Spectrogram 1	1	612.000000	615.000000	0	0	6	cluster_6	0.9584
396	Spectrogram 1	1	614.750000	615.250000	0	0	13	cluster_13	0.7332
397	Spectrogram 1	1	615.000000	615.750000	0	0	noise	cluster_noise	0.0000
398	Spectrogram 1	1	615.500000	617.500000	0	0	8	cluster_8	0.9452
399	Spectrogram 1	1	617.250000	618.250000	0	0	noise	cluster_noise	0.0000
400	Spectrogram 1	1	618.000000	619.250000	0	0	13	cluster_13	0.8462
401	Spectrogram 1	1	619.000000	619.500000	0	0	6	cluster_6	1.0000
402	Spectrogram 1	1	619.250000	624.250000	0	0	0	cluster_0	0.9078
403	Spectrogram 1	1	624.000000	624.750000	0	0	noise	cluster_noise	0.0000
404	Spectrogram 1	1	624.500000	625.500000	0	0	13	cluster_13	0.6885
405	Spectrogram 1	1	625.250000	628.000000	0	0	6	cluster_6	0.9539
406	Spectrogram 1	1	627.750000	628.750000	0	0	noise	cluster_noise	0.0000
407	Spectrogram 1	1	628.500000	629.000000	0	0	13	cluster_13	0.7442
408	Spectrogram 1	1	628.750000	629.750000	0	0	8	cluster_8	0.9953
409	Spectrogram 1	1	629.500000	630.000000	0	0	noise	cluster_noise	0.0000
410	Spectrogram 1	1	629.750000	630.500000	0	0	8	cluster_8	0.8891
411	Spectrogram 1	1	630.250000	631.250000	0	0	noise	cluster_noise	0.0000
412	Spectrogram 1	1	631.000000	632.250000	0	0	13	cluster_13	0.7973
413	Spectrogram 1	1	632.000000	632.500000	0	0	6	cluster_6	1.0000
414	Spectrogram 1	1	632.250000	633.750000	0	0	0	cluster_0	0.9325
415	Spectrogram 1	1	633.500000	634.250000	0	0	noise	cluster_noise	0.0000
416	Spectrogram 1	1	634.000000	634.500000	0	0	13	cluster_13	0.7269
417	Spectrogram 1	1	635.000000	636.750000	0	0	0	cluster_0	0.9392
418	Spectrogram 1	1	636.500000	638.250000	0	0	13	cluster_13	0.7536
419	Spectrogram 1	1	638.000000	640.750000	0	0	6	cluster_6	0.9816
420	Spectrogram 1	1	640.500000	641.000000	0	0	noise	cluster_noise	0.0000
421	Spectrogram 1	1	640.750000	641.750000	0	0	13	cluster_13	0.7106
422	Spectrogram 1	1	641.500000	642.000000	0	0	noise	cluster_noise	0.0000
423	Spectrogram 1	1	641.750000	643.000000	0	0	8	cluster_8	0.9528
424	Spectrogram 1	1	642.750000	643.250000	0	0	noise	cluster_noise	0.0000
425	Spectrogram 1	1	643.000000	643.500000	0	0	8	cluster_8	0.7816
426	Spectrogram 1	1	643.250000	643.750000	0	0	noise	cluster_noise	0.0000
427	Spectrogram 1	1	643.500000	644.250000	0	0	13	cluster_13	0.7956
428	Spectrogram 1	1	644.000000	644.500000	0	0	noise	cluster_noise	0.0000
429	Spectrogram 1	1	644.250000	645.000000	0	0	13	cluster_13	0.6682
430	Spectrogram 1	1	644.750000	645.250000	0	0	6	cluster_6	1.0000
431	Spectrogram 1	1	645.000000	647.250000	0	0	0	cluster_0	0.8822
432	Spectrogram 1	1	647.000000	647.500000	0	0	13	cluster_13	0.6286
433	Spectrogram 1	1	648.000000	649.750000	0	0	0	cluster_0	0.8893
434	Spectrogram 1	1	649.500000	650.000000	0	0	noise	cluster_noise	0.0000
435	Spectrogram 1	1	649.750000	650.750000	0	0	13	cluster_13	0.6401
436	Spectrogram 1	1	650.500000	651.000000	0	0	noise	cluster_noise	0.0000
437	Spectrogram 1	1	650.750000	653.500000	0	0	6	cluster_6	1.0000
438	Spectrogram 1	1	653.250000	654.250000	0	0	noise	cluster_noise	0.0000
439	Spectrogram 1	1	654.000000	655.000000	0	0	8	cluster_8	1.0000
440	Spectrogram 1	1	654.750000	655.750000	0	0	noise	cluster_noise	0.0000
441	Spectrogram 1	1	655.500000	656.000000	0	0	8	cluster_8	1.0000
442	Spectrogram 1	1	655.750000	656.250000	0	0	13	cluster_13	0.6640
443	Spectrogram 1	1	656.000000	656.750000	0	0	noise	cluster_noise	0.0000
444	Spectrogram 1	1	656.500000	657.500000	0	0	13	cluster_13	0.6503
445	Spectrogram 1	1	657.250000	658.000000	0	0	14	cluster_14	0.7805
446	Spectrogram 1	1	657.750000	658.250000	0	0	6	cluster_6	0.9809
447	Spectrogram 1	1	658.000000	660.000000	0	0	0	cluster_0	0.9250
448	Spectrogram 1	1	659.750000	660.500000	0	0	noise	cluster_noise	0.0000
449	Spectrogram 1	1	660.250000	660.750000	0	0	6	cluster_6	0.8702
450	Spectrogram 1	1	660.500000	662.500000	0	0	0	cluster_0	0.8580
451	Spectrogram 1	1	662.250000	663.250000	0	0	noise	cluster_noise	0.0000
452	Spectrogram 1	1	663.000000	663.750000	0	0	13	cluster_13	0.7887
453	Spectrogram 1	1	663.500000	666.250000	0	0	6	cluster_6	1.0000
454	Spectrogram 1	1	666.000000	666.500000	0	0	noise	cluster_noise	0.0000
455	Spectrogram 1	1	666.250000	666.750000	0	0	9	cluster_9	1.0000
456	Spectrogram 1	1	666.500000	667.000000	0	0	noise	cluster_noise	0.0000
457	Spectrogram 1	1	666.750000	668.500000	0	0	8	cluster_8	0.9566
458	Spectrogram 1	1	668.250000	669.000000	0	0	noise	cluster_noise	0.0000
459	Spectrogram 1	1	668.750000	670.250000	0	0	13	cluster_13	0.7941
460	Spectrogram 1	1	670.000000	670.500000	0	0	noise	cluster_noise	0.0000
461	Spectrogram 1	1	670.250000	671.000000	0	0	13	cluster_13	0.6964
462	Spectrogram 1	1	670.750000	671.500000	0	0	noise	cluster_noise	0.0000
463	Spectrogram 1	1	671.250000	672.000000	0	0	11	cluster_11	0.7574
464	Spectrogram 1	1	671.750000	672.500000	0	0	12	cluster_12	1.0000
465	Spectrogram 1	1	676.000000	677.750000	0	0	6	cluster_6	1.0000
466	Spectrogram 1	1	677.500000	678.000000	0	0	noise	cluster_noise	0.0000
467	Spectrogram 1	1	677.750000	679.250000	0	0	8	cluster_8	0.9909
468	Spectrogram 1	1	679.000000	680.000000	0	0	noise	cluster_noise	0.0000
469	Spectrogram 1	1	679.750000	680.250000	0	0	13	cluster_13	0.8364
470	Spectrogram 1	1	680.000000	681.000000	0	0	8	cluster_8	0.9522
471	Spectrogram 1	1	680.750000	681.250000	0	0	13	cluster_13	0.7118
472	Spectrogram 1	1	681.000000	681.750000	0	0	noise	cluster_noise	0.0000
473	Spectrogram 1	1	681.500000	682.750000	0	0	13	cluster_13	0.7426
474	Spectrogram 1	1	682.500000	683.000000	0	0	noise	cluster_noise	0.0000
475	Spectrogram 1	1	682.750000	685.500000	0	0	6	cluster_6	0.9836
476	Spectrogram 1	1	685.250000	685.750000	0	0	9	cluster_9	0.8163
477	Spectrogram 1	1	685.500000	686.250000	0	0	13	cluster_13	0.8420
478	Spectrogram 1	1	686.000000	686.500000	0	0	noise	cluster_noise	0.0000
479	Spectrogram 1	1	688.000000	689.500000	0	0	6	cluster_6	1.0000
480	Spectrogram 1	1	689.250000	690.750000	0	0	8	cluster_8	0.9715
481	Spectrogram 1	1	690.500000	691.000000	0	0	noise	cluster_noise	0.0000
482	Spectrogram 1	1	690.750000	691.250000	0	0	13	cluster_13	0.8231
483	Spectrogram 1	1	691.000000	691.500000	0	0	noise	cluster_noise	0.0000
484	Spectrogram 1	1	691.250000	692.250000	0	0	13	cluster_13	0.7605
485	Spectrogram 1	1	692.000000	694.000000	0	0	noise	cluster_noise	0.0000
486	Spectrogram 1	1	693.750000	694.250000	0	0	6	cluster_6	0.8183
487	Spectrogram 1	1	694.000000	694.500000	0	0	8	cluster_8	1.0000
488	Spectrogram 1	1	694.250000	696.500000	0	0	6	cluster_6	1.0000
489	Spectrogram 1	1	696.250000	696.750000	0	0	noise	cluster_noise	0.0000
490	Spectrogram 1	1	696.500000	697.250000	0	0	6	cluster_6	0.7097
491	Spectrogram 1	1	697.000000	697.500000	0	0	13	cluster_13	0.7281
492	Spectrogram 1	1	697.250000	697.750000	0	0	noise	cluster_noise	0.0000
493	Spectrogram 1	1	697.500000	700.250000	0	0	6	cluster_6	0.9742
494	Spectrogram 1	1	700.000000	705.500000	0	0	noise	cluster_noise	0.0000
495	Spectrogram 1	1	705.250000	705.750000	0	0	10	cluster_10	0.5523
496	Spectrogram 1	1	705.500000	707.500000	0	0	noise	cluster_noise	0.0000
497	Spectrogram 1	1	707.250000	707.750000	0	0	14	cluster_14	0.8663
498	Spectrogram 1	1	707.500000	708.000000	0	0	13	cluster_13	0.6433
499	Spectrogram 1	1	707.750000	708.250000	0	0	noise	cluster_noise	0.0000
500	Spectrogram 1	1	708.000000	708.500000	0	0	13	cluster_13	0.6292
501	Spectrogram 1	1	708.250000	708.750000	0	0	noise	cluster_noise	0.0000
502	Spectrogram 1	1	708.500000	709.250000	0	0	13	cluster_13	0.9033
503	Spectrogram 1	1	709.000000	712.750000	0	0	6	cluster_6	0.9526
504	Spectrogram 1	1	712.500000	713.750000	0	0	noise	cluster_noise	0.0000
505	Spectrogram 1	1	713.500000	715.750000	0	0	6	cluster_6	1.0000
506	Spectrogram 1	1	715.500000	716.000000	0	0	noise	cluster_noise	0.0000
507	Spectrogram 1	1	715.750000	716.250000	0	0	14	cluster_14	0.7613
508	Spectrogram 1	1	716.000000	717.000000	0	0	noise	cluster_noise	0.0000
509	Spectrogram 1	1	716.750000	717.250000	0	0	10	cluster_10	0.5025
510	Spectrogram 1	1	717.000000	717.500000	0	0	noise	cluster_noise	0.0000
511	Spectrogram 1	1	717.250000	717.750000	0	0	0	cluster_0	0.8781
512	Spectrogram 1	1	717.500000	719.000000	0	0	noise	cluster_noise	0.0000
513	Spectrogram 1	1	718.750000	719.250000	0	0	10	cluster_10	0.5636
514	Spectrogram 1	1	719.000000	721.000000	0	0	noise	cluster_noise	0.0000
515	Spectrogram 1	1	720.750000	721.250000	0	0	10	cluster_10	0.5318
516	Spectrogram 1	1	721.000000	721.500000	0	0	13	cluster_13	0.7497
517	Spectrogram 1	1	721.250000	724.250000	0	0	noise	cluster_noise	0.0000
518	Spectrogram 1	1	724.000000	724.750000	0	0	13	cluster_13	0.7936
519	Spectrogram 1	1	724.500000	725.000000	0	0	noise	cluster_noise	0.0000
520	Spectrogram 1	1	724.750000	728.250000	0	0	6	cluster_6	0.9888
521	Spectrogram 1	1	728.000000	728.750000	0	0	noise	cluster_noise	0.0000
522	Spectrogram 1	1	728.500000	729.000000	0	0	9	cluster_9	0.8002
523	Spectrogram 1	1	728.750000	729.250000	0	0	noise	cluster_noise	0.0000
524	Spectrogram 1	1	729.000000	729.500000	0	0	13	cluster_13	0.6275
525	Spectrogram 1	1	729.250000	731.750000	0	0	6	cluster_6	0.9888
526	Spectrogram 1	1	731.500000	733.000000	0	0	noise	cluster_noise	0.0000
527	Spectrogram 1	1	732.750000	733.250000	0	0	10	cluster_10	0.5368
528	Spectrogram 1	1	733.000000	734.000000	0	0	noise	cluster_noise	0.0000
529	Spectrogram 1	1	733.750000	734.250000	0	0	13	cluster_13	0.7775
530	Spectrogram 1	1	734.000000	735.250000	0	0	noise	cluster_noise	0.0000
531	Spectrogram 1	1	735.000000	735.500000	0	0	10	cluster_10	0.5355
532	Spectrogram 1	1	735.250000	736.250000	0	0	noise	cluster_noise	0.0000
533	Spectrogram 1	1	736.000000	736.500000	0	0	14	cluster_14	0.7663
534	Spectrogram 1	1	736.250000	737.250000	0	0	noise	cluster_noise	0.0000
535	Spectrogram 1	1	737.000000	737.500000	0	0	13	cluster_13	0.6292
536	Spectrogram 1	1	737.250000	737.750000	0	0	noise	cluster_noise	0.0000
537	Spectrogram 1	1	737.500000	739.250000	0	0	13	cluster_13	0.7140
538	Spectrogram 1	1	739.000000	742.500000	0	0	6	cluster_6	0.9769
539	Spectrogram 1	1	742.250000	743.000000	0	0	noise	cluster_noise	0.0000
540	Spectrogram 1	1	742.750000	743.750000	0	0	13	cluster_13	0.6900
541	Spectrogram 1	1	743.500000	744.000000	0	0	noise	cluster_noise	0.0000
542	Spectrogram 1	1	743.750000	745.000000	0	0	13	cluster_13	0.7489
543	Spectrogram 1	1	744.750000	747.000000	0	0	noise	cluster_noise	0.0000
544	Spectrogram 1	1	746.750000	747.750000	0	0	5	cluster_5	1.0000
545	Spectrogram 1	1	747.500000	748.500000	0	0	noise	cluster_noise	0.0000
546	Spectrogram 1	1	748.250000	748.750000	0	0	12	cluster_12	0.9630
547	Spectrogram 1	1	748.500000	749.000000	0	0	noise	cluster_noise	0.0000
548	Spectrogram 1	1	748.750000	749.500000	0	0	5	cluster_5	1.0000
549	Spectrogram 1	1	749.250000	749.750000	0	0	noise	cluster_noise	0.0000
550	Spectrogram 1	1	749.500000	756.500000	0	0	13	cluster_13	0.6626
551	Spectrogram 1	1	756.250000	758.250000	0	0	noise	cluster_noise	0.0000
552	Spectrogram 1	1	758.000000	758.750000	0	0	13	cluster_13	0.6912
553	Spectrogram 1	1	758.500000	759.000000	0	0	8	cluster_8	0.7809
554	Spectrogram 1	1	758.750000	759.250000	0	0	7	cluster_7	0.7316
555	Spectrogram 1	1	759.000000	759.750000	0	0	noise	cluster_noise	0.0000
556	Spectrogram 1	1	759.500000	760.000000	0	0	5	cluster_5	1.0000
557	Spectrogram 1	1	759.750000	760.750000	0	0	noise	cluster_noise	0.0000
558	Spectrogram 1	1	760.500000	761.000000	0	0	8	cluster_8	0.8062
559	Spectrogram 1	1	760.750000	762.000000	0	0	5	cluster_5	1.0000
560	Spectrogram 1	1	761.750000	762.500000	0	0	noise	cluster_noise	0.0000
561	Spectrogram 1	1	765.000000	767.250000	0	0	6	cluster_6	0.9740
562	Spectrogram 1	1	767.000000	769.500000	0	0	13	cluster_13	0.7501
563	Spectrogram 1	1	769.250000	770.750000	0	0	noise	cluster_noise	0.0000
564	Spectrogram 1	1	770.500000	771.000000	0	0	13	cluster_13	0.6430
565	Spectrogram 1	1	770.750000	771.500000	0	0	noise	cluster_noise	0.0000
566	Spectrogram 1	1	771.250000	772.250000	0	0	5	cluster_5	1.0000
567	Spectrogram 1	1	772.000000	773.000000	0	0	noise	cluster_noise	0.0000
568	Spectrogram 1	1	772.750000	774.250000	0	0	5	cluster_5	1.0000
569	Spectrogram 1	1	774.000000	775.250000	0	0	noise	cluster_noise	0.0000
570	Spectrogram 1	1	775.000000	775.500000	0	0	13	cluster_13	0.7271
571	Spectrogram 1	1	776.000000	776.500000	0	0	noise	cluster_noise	0.0000
572	Spectrogram 1	1	776.250000	777.500000	0	0	6	cluster_6	1.0000
573	Spectrogram 1	1	781.000000	781.500000	0	0	13	cluster_13	0.6505
574	Spectrogram 1	1	781.250000	784.000000	0	0	noise	cluster_noise	0.0000
575	Spectrogram 1	1	783.750000	784.500000	0	0	7	cluster_7	0.9586
576	Spectrogram 1	1	784.250000	784.750000	0	0	5	cluster_5	1.0000
577	Spectrogram 1	1	784.500000	785.000000	0	0	noise	cluster_noise	0.0000
578	Spectrogram 1	1	784.750000	785.250000	0	0	7	cluster_7	0.8586
579	Spectrogram 1	1	785.000000	785.500000	0	0	noise	cluster_noise	0.0000
580	Spectrogram 1	1	785.250000	786.500000	0	0	5	cluster_5	1.0000
581	Spectrogram 1	1	786.250000	787.250000	0	0	noise	cluster_noise	0.0000
582	Spectrogram 1	1	787.000000	787.750000	0	0	13	cluster_13	0.6664
583	Spectrogram 1	1	787.500000	788.250000	0	0	noise	cluster_noise	0.0000
584	Spectrogram 1	1	788.000000	788.500000	0	0	13	cluster_13	0.7904
585	Spectrogram 1	1	789.000000	791.500000	0	0	6	cluster_6	1.0000
586	Spectrogram 1	1	793.000000	793.750000	0	0	noise	cluster_noise	0.0000
587	Spectrogram 1	1	793.500000	794.000000	0	0	13	cluster_13	0.8021
588	Spectrogram 1	1	793.750000	796.750000	0	0	noise	cluster_noise	0.0000
589	Spectrogram 1	1	796.500000	797.000000	0	0	5	cluster_5	1.0000
590	Spectrogram 1	1	796.750000	797.250000	0	0	noise	cluster_noise	0.0000
591	Spectrogram 1	1	797.000000	798.500000	0	0	7	cluster_7	1.0000
592	Spectrogram 1	1	798.250000	799.750000	0	0	9	cluster_9	0.9095
593	Spectrogram 1	1	799.500000	800.250000	0	0	noise	cluster_noise	0.0000
594	Spectrogram 1	1	800.000000	800.500000	0	0	13	cluster_13	0.6257
595	Spectrogram 1	1	801.000000	802.500000	0	0	6	cluster_6	1.0000
596	Spectrogram 1	1	806.000000	808.750000	0	0	noise	cluster_noise	0.0000
597	Spectrogram 1	1	808.500000	809.000000	0	0	0	cluster_0	1.0000
598	Spectrogram 1	1	808.750000	809.250000	0	0	13	cluster_13	0.6771
599	Spectrogram 1	1	809.000000	809.750000	0	0	noise	cluster_noise	0.0000
600	Spectrogram 1	1	809.500000	810.000000	0	0	13	cluster_13	0.6261
601	Spectrogram 1	1	809.750000	810.250000	0	0	noise	cluster_noise	0.0000
602	Spectrogram 1	1	810.000000	812.500000	0	0	1	cluster_1	0.8412
603	Spectrogram 1	1	819.000000	819.500000	0	0	noise	cluster_noise	0.0000
604	Spectrogram 1	1	819.250000	820.000000	0	0	10	cluster_10	0.6928
605	Spectrogram 1	1	819.750000	820.250000	0	0	13	cluster_13	0.7231
606	Spectrogram 1	1	820.000000	821.500000	0	0	noise	cluster_noise	0.0000
607	Spectrogram 1	1	821.250000	823.500000	0	0	1	cluster_1	0.9510
608	Spectrogram 1	1	823.250000	823.750000	0	0	noise	cluster_noise	0.0000
609	Spectrogram 1	1	823.500000	824.500000	0	0	9	cluster_9	0.7781
610	Spectrogram 1	1	824.250000	825.000000	0	0	13	cluster_13	0.6971
611	Spectrogram 1	1	824.750000	825.250000	0	0	noise	cluster_noise	0.0000
612	Spectrogram 1	1	825.000000	828.250000	0	0	1	cluster_1	0.9653
613	Spectrogram 1	1	828.000000	828.500000	0	0	noise	cluster_noise	0.0000
614	Spectrogram 1	1	830.000000	830.500000	0	0	10	cluster_10	0.6212
615	Spectrogram 1	1	830.250000	831.000000	0	0	noise	cluster_noise	0.0000
616	Spectrogram 1	1	830.750000	831.250000	0	0	9	cluster_9	0.8388
617	Spectrogram 1	1	831.000000	836.250000	0	0	noise	cluster_noise	0.0000
618	Spectrogram 1	1	836.000000	838.250000	0	0	1	cluster_1	0.9583
619	Spectrogram 1	1	838.000000	838.500000	0	0	noise	cluster_noise	0.0000
620	Spectrogram 1	1	838.250000	839.000000	0	0	9	cluster_9	1.0000
621	Spectrogram 1	1	838.750000	840.500000	0	0	noise	cluster_noise	0.0000
622	Spectrogram 1	1	840.250000	842.500000	0	0	1	cluster_1	0.8364
623	Spectrogram 1	1	842.250000	843.250000	0	0	9	cluster_9	0.8782
624	Spectrogram 1	1	843.000000	843.500000	0	0	noise	cluster_noise	0.0000
625	Spectrogram 1	1	849.000000	849.500000	0	0	8	cluster_8	0.9455
626	Spectrogram 1	1	849.250000	849.750000	0	0	noise	cluster_noise	0.0000
627	Spectrogram 1	1	849.500000	850.250000	0	0	10	cluster_10	0.5041
628	Spectrogram 1	1	850.000000	850.500000	0	0	8	cluster_8	0.8777
629	Spectrogram 1	1	850.250000	850.750000	0	0	noise	cluster_noise	0.0000
630	Spectrogram 1	1	850.500000	851.250000	0	0	8	cluster_8	1.0000
631	Spectrogram 1	1	851.000000	851.750000	0	0	13	cluster_13	0.7548
632	Spectrogram 1	1	851.500000	853.000000	0	0	8	cluster_8	0.9971
633	Spectrogram 1	1	852.750000	853.750000	0	0	noise	cluster_noise	0.0000
634	Spectrogram 1	1	853.500000	913.500000	0	0	13	cluster_13	0.7453
635	Spectrogram 1	1	913.250000	923.500000	0	0	8	cluster_8	0.9898
636	Spectrogram 1	1	923.250000	924.500000	0	0	noise	cluster_noise	0.0000
637	Spectrogram 1	1	924.250000	924.750000	0	0	13	cluster_13	0.8527
638	Spectrogram 1	1	924.500000	926.000000	0	0	8	cluster_8	0.9815
639	Spectrogram 1	1	925.750000	939.750000	0	0	13	cluster_13	0.6956
640	Spectrogram 1	1	939.500000	941.000000	0	0	8	cluster_8	0.9590
641	Spectrogram 1	1	940.750000	941.500000	0	0	noise	cluster_noise	0.0000
642	Spectrogram 1	1	942.000000	943.250000	0	0	13	cluster_13	0.7260
643	Spectrogram 1	1	943.000000	944.250000	0	0	8	cluster_8	1.0000
644	Spectrogram 1	1	944.000000	958.000000	0	0	noise	cluster_noise	0.0000
645	Spectrogram 1	1	957.750000	958.250000	0	0	13	cluster_13	0.8041
646	Spectrogram 1	1	958.000000	960.500000	0	0	8	cluster_8	1.0000
647	Spectrogram 1	1	960.250000	960.750000	0	0	noise	cluster_noise	0.0000
648	Spectrogram 1	1	960.500000	961.250000	0	0	8	cluster_8	1.0000
649	Spectrogram 1	1	961.000000	961.750000	0	0	noise	cluster_noise	0.0000
650	Spectrogram 1	1	961.500000	962.000000	0	0	9	cluster_9	0.8836
651	Spectrogram 1	1	961.750000	962.500000	0	0	13	cluster_13	0.8399
652	Spectrogram 1	1	974.000000	974.750000	0	0	6	cluster_6	1.0000
653	Spectrogram 1	1	974.500000	976.750000	0	0	noise	cluster_noise	0.0000
654	Spectrogram 1	1	976.500000	978.000000	0	0	13	cluster_13	0.7705
655	Spectrogram 1	1	977.750000	979.750000	0	0	8	cluster_8	0.9108
656	Spectrogram 1	1	979.500000	980.750000	0	0	noise	cluster_noise	0.0000
657	Spectrogram 1	1	980.500000	981.250000	0	0	13	cluster_13	0.7817
658	Spectrogram 1	1	981.000000	981.500000	0	0	8	cluster_8	0.8761
659	Spectrogram 1	1	981.250000	982.500000	0	0	0	cluster_0	0.9460
660	Spectrogram 1	1	988.000000	990.000000	0	0	6	cluster_6	0.9855
661	Spectrogram 1	1	989.750000	990.250000	0	0	noise	cluster_noise	0.0000
662	Spectrogram 1	1	990.000000	990.750000	0	0	13	cluster_13	0.8324
663	Spectrogram 1	1	990.500000	992.000000	0	0	noise	cluster_noise	0.0000
664	Spectrogram 1	1	991.750000	993.250000	0	0	8	cluster_8	0.9572
665	Spectrogram 1	1	993.000000	993.500000	0	0	13	cluster_13	0.7562
666	Spectrogram 1	1	993.250000	994.000000	0	0	9	cluster_9	0.9152
667	Spectrogram 1	1	993.750000	994.750000	0	0	13	cluster_13	0.7105
668	Spectrogram 1	1	994.500000	996.750000	0	0	0	cluster_0	0.9050
669	Spectrogram 1	1	996.500000	997.250000	0	0	13	cluster_13	0.7189
670	Spectrogram 1	1	997.000000	997.500000	0	0	noise	cluster_noise	0.0000
671	Spectrogram 1	1	997.250000	999.500000	0	0	0	cluster_0	0.9003
672	Spectrogram 1	1	1002.000000	1003.500000	0	0	6	cluster_6	1.0000
673	Spectrogram 1	1	1003.250000	1004.500000	0	0	13	cluster_13	0.7735
674	Spectrogram 1	1	1004.250000	1006.500000	0	0	8	cluster_8	1.0000
675	Spectrogram 1	1	1006.250000	1006.750000	0	0	noise	cluster_noise	0.0000
676	Spectrogram 1	1	1006.500000	1007.750000	0	0	13	cluster_13	0.7932
677	Spectrogram 1	1	1007.500000	1008.000000	0	0	noise	cluster_noise	0.0000
678	Spectrogram 1	1	1007.750000	1010.000000	0	0	0	cluster_0	0.9322
679	Spectrogram 1	1	1009.750000	1010.500000	0	0	13	cluster_13	0.7755
680	Spectrogram 1	1	1010.250000	1010.750000	0	0	noise	cluster_noise	0.0000
681	Spectrogram 1	1	1010.500000	1012.500000	0	0	0	cluster_0	0.8791
682	Spectrogram 1	1	1012.250000	1013.000000	0	0	13	cluster_13	0.7450
683	Spectrogram 1	1	1012.750000	1013.250000	0	0	noise	cluster_noise	0.0000
684	Spectrogram 1	1	1013.000000	1013.500000	0	0	13	cluster_13	0.7702
685	Spectrogram 1	1	1015.000000	1016.750000	0	0	6	cluster_6	1.0000
686	Spectrogram 1	1	1016.500000	1017.250000	0	0	noise	cluster_noise	0.0000
687	Spectrogram 1	1	1017.000000	1017.500000	0	0	13	cluster_13	0.7432
688	Spectrogram 1	1	1017.250000	1017.750000	0	0	noise	cluster_noise	0.0000
689	Spectrogram 1	1	1017.500000	1019.500000	0	0	8	cluster_8	0.9415
690	Spectrogram 1	1	1019.250000	1020.750000	0	0	noise	cluster_noise	0.0000
691	Spectrogram 1	1	1020.500000	1021.000000	0	0	6	cluster_6	1.0000
692	Spectrogram 1	1	1020.750000	1023.000000	0	0	0	cluster_0	0.8963
693	Spectrogram 1	1	1022.750000	1023.250000	0	0	noise	cluster_noise	0.0000
694	Spectrogram 1	1	1023.000000	1023.500000	0	0	6	cluster_6	1.0000
695	Spectrogram 1	1	1023.250000	1025.500000	0	0	0	cluster_0	0.8700
696	Spectrogram 1	1	1025.250000	1025.750000	0	0	13	cluster_13	0.6518
697	Spectrogram 1	1	1025.500000	1026.000000	0	0	9	cluster_9	0.7815
698	Spectrogram 1	1	1025.750000	1026.500000	0	0	13	cluster_13	0.6862
699	Spectrogram 1	1	1028.000000	1029.250000	0	0	6	cluster_6	0.9327
700	Spectrogram 1	1	1029.000000	1029.750000	0	0	noise	cluster_noise	0.0000
701	Spectrogram 1	1	1029.500000	1031.750000	0	0	8	cluster_8	0.9679
702	Spectrogram 1	1	1031.500000	1032.000000	0	0	noise	cluster_noise	0.0000
703	Spectrogram 1	1	1031.750000	1033.250000	0	0	13	cluster_13	0.7954
704	Spectrogram 1	1	1033.000000	1033.500000	0	0	6	cluster_6	1.0000
705	Spectrogram 1	1	1033.250000	1035.500000	0	0	0	cluster_0	0.8589
706	Spectrogram 1	1	1035.250000	1035.750000	0	0	noise	cluster_noise	0.0000
707	Spectrogram 1	1	1035.500000	1036.250000	0	0	6	cluster_6	0.9134
708	Spectrogram 1	1	1036.000000	1038.000000	0	0	0	cluster_0	0.9597
709	Spectrogram 1	1	1037.750000	1038.500000	0	0	noise	cluster_noise	0.0000
710	Spectrogram 1	1	1038.250000	1039.000000	0	0	0	cluster_0	0.8175
711	Spectrogram 1	1	1038.750000	1039.500000	0	0	8	cluster_8	0.8406
712	Spectrogram 1	1	1040.000000	1041.750000	0	0	6	cluster_6	0.9282
713	Spectrogram 1	1	1041.500000	1042.250000	0	0	noise	cluster_noise	0.0000
714	Spectrogram 1	1	1042.000000	1042.500000	0	0	6	cluster_6	0.7577
715	Spectrogram 1	1	1042.250000	1042.750000	0	0	noise	cluster_noise	0.0000
716	Spectrogram 1	1	1042.500000	1043.750000	0	0	8	cluster_8	1.0000
717	Spectrogram 1	1	1043.500000	1044.000000	0	0	noise	cluster_noise	0.0000
718	Spectrogram 1	1	1043.750000	1044.500000	0	0	8	cluster_8	1.0000
719	Spectrogram 1	1	1044.250000	1045.500000	0	0	13	cluster_13	0.7053
720	Spectrogram 1	1	1045.250000	1045.750000	0	0	noise	cluster_noise	0.0000
721	Spectrogram 1	1	1045.500000	1046.000000	0	0	6	cluster_6	1.0000
722	Spectrogram 1	1	1045.750000	1046.250000	0	0	noise	cluster_noise	0.0000
723	Spectrogram 1	1	1046.000000	1047.750000	0	0	0	cluster_0	0.9397
724	Spectrogram 1	1	1047.500000	1048.250000	0	0	noise	cluster_noise	0.0000
725	Spectrogram 1	1	1048.000000	1048.500000	0	0	6	cluster_6	1.0000
726	Spectrogram 1	1	1048.250000	1050.000000	0	0	0	cluster_0	0.8858
727	Spectrogram 1	1	1049.750000	1050.250000	0	0	noise	cluster_noise	0.0000
728	Spectrogram 1	1	1050.000000	1050.500000	0	0	13	cluster_13	0.6904
729	Spectrogram 1	1	1050.250000	1051.000000	0	0	noise	cluster_noise	0.0000
730	Spectrogram 1	1	1050.750000	1054.500000	0	0	13	cluster_13	0.8250
731	Spectrogram 1	1	1054.250000	1054.750000	0	0	noise	cluster_noise	0.0000
732	Spectrogram 1	1	1054.500000	1056.750000	0	0	8	cluster_8	0.9502
733	Spectrogram 1	1	1056.500000	1057.750000	0	0	13	cluster_13	0.8126
734	Spectrogram 1	1	1057.500000	1058.000000	0	0	noise	cluster_noise	0.0000
735	Spectrogram 1	1	1057.750000	1058.500000	0	0	6	cluster_6	0.8861
736	Spectrogram 1	1	1058.250000	1060.000000	0	0	0	cluster_0	0.8606
737	Spectrogram 1	1	1059.750000	1060.250000	0	0	13	cluster_13	0.6292
738	Spectrogram 1	1	1060.000000	1060.500000	0	0	noise	cluster_noise	0.0000
739	Spectrogram 1	1	1060.250000	1060.750000	0	0	6	cluster_6	0.7508
740	Spectrogram 1	1	1060.500000	1062.500000	0	0	0	cluster_0	0.8577
741	Spectrogram 1	1	1062.250000	1063.000000	0	0	13	cluster_13	0.7372
742	Spectrogram 1	1	1062.750000	1063.250000	0	0	noise	cluster_noise	0.0000
743	Spectrogram 1	1	1063.000000	1063.750000	0	0	13	cluster_13	0.6870
744	Spectrogram 1	1	1063.500000	1064.000000	0	0	noise	cluster_noise	0.0000
745	Spectrogram 1	1	1063.750000	1064.500000	0	0	6	cluster_6	0.9374
746	Spectrogram 1	1	1066.000000	1066.750000	0	0	noise	cluster_noise	0.0000
747	Spectrogram 1	1	1066.500000	1068.250000	0	0	8	cluster_8	0.9268
748	Spectrogram 1	1	1068.000000	1069.000000	0	0	13	cluster_13	0.8196
749	Spectrogram 1	1	1068.750000	1069.500000	0	0	8	cluster_8	0.7941
750	Spectrogram 1	1	1069.250000	1071.250000	0	0	13	cluster_13	0.8255
751	Spectrogram 1	1	1071.000000	1071.500000	0	0	noise	cluster_noise	0.0000
752	Spectrogram 1	1	1071.250000	1071.750000	0	0	8	cluster_8	0.9370
753	Spectrogram 1	1	1071.500000	1072.750000	0	0	noise	cluster_noise	0.0000
754	Spectrogram 1	1	1072.500000	1073.000000	0	0	6	cluster_6	1.0000
755	Spectrogram 1	1	1072.750000	1073.500000	0	0	noise	cluster_noise	0.0000
756	Spectrogram 1	1	1073.250000	1074.000000	0	0	6	cluster_6	0.8607
757	Spectrogram 1	1	1073.750000	1075.500000	0	0	13	cluster_13	0.8032
758	Spectrogram 1	1	1075.250000	1077.500000	0	0	6	cluster_6	0.9706
759	Spectrogram 1	1	1080.000000	1080.750000	0	0	8	cluster_8	0.8813
760	Spectrogram 1	1	1080.500000	1082.750000	0	0	13	cluster_13	0.7461
761	Spectrogram 1	1	1082.500000	1083.250000	0	0	noise	cluster_noise	0.0000
762	Spectrogram 1	1	1083.000000	1083.500000	0	0	5	cluster_5	1.0000
763	Spectrogram 1	1	1083.250000	1083.750000	0	0	noise	cluster_noise	0.0000
764	Spectrogram 1	1	1083.500000	1084.000000	0	0	11	cluster_11	1.0000
765	Spectrogram 1	1	1083.750000	1085.750000	0	0	noise	cluster_noise	0.0000
766	Spectrogram 1	1	1085.500000	1086.000000	0	0	13	cluster_13	0.7947
767	Spectrogram 1	1	1085.750000	1086.500000	0	0	noise	cluster_noise	0.0000
768	Spectrogram 1	1	1086.250000	1087.000000	0	0	13	cluster_13	0.8447
769	Spectrogram 1	1	1086.750000	1087.250000	0	0	noise	cluster_noise	0.0000
770	Spectrogram 1	1	1087.000000	1089.250000	0	0	6	cluster_6	0.9983
771	Spectrogram 1	1	1089.000000	1089.750000	0	0	noise	cluster_noise	0.0000
772	Spectrogram 1	1	1089.500000	1090.500000	0	0	8	cluster_8	0.9301
773	Spectrogram 1	1	1092.000000	1094.000000	0	0	13	cluster_13	0.7941
774	Spectrogram 1	1	1093.750000	1094.500000	0	0	noise	cluster_noise	0.0000
775	Spectrogram 1	1	1094.250000	1095.250000	0	0	11	cluster_11	1.0000
776	Spectrogram 1	1	1095.000000	1095.500000	0	0	14	cluster_14	0.7392
777	Spectrogram 1	1	1095.250000	1096.500000	0	0	noise	cluster_noise	0.0000
778	Spectrogram 1	1	1096.250000	1098.000000	0	0	13	cluster_13	0.7478
779	Spectrogram 1	1	1097.750000	1098.250000	0	0	noise	cluster_noise	0.0000
780	Spectrogram 1	1	1098.000000	1100.500000	0	0	6	cluster_6	0.9887
781	Spectrogram 1	1	1100.250000	1100.750000	0	0	noise	cluster_noise	0.0000
782	Spectrogram 1	1	1100.500000	1101.500000	0	0	8	cluster_8	0.9870
783	Spectrogram 1	1	1102.000000	1102.500000	0	0	noise	cluster_noise	0.0000
784	Spectrogram 1	1	1102.250000	1102.750000	0	0	13	cluster_13	0.7597
785	Spectrogram 1	1	1102.500000	1103.250000	0	0	noise	cluster_noise	0.0000
786	Spectrogram 1	1	1103.000000	1105.250000	0	0	13	cluster_13	0.7161
787	Spectrogram 1	1	1105.000000	1105.750000	0	0	noise	cluster_noise	0.0000
788	Spectrogram 1	1	1105.500000	1107.000000	0	0	11	cluster_11	0.9646
789	Spectrogram 1	1	1106.750000	1107.250000	0	0	noise	cluster_noise	0.0000
790	Spectrogram 1	1	1107.000000	1107.500000	0	0	10	cluster_10	0.5543
791	Spectrogram 1	1	1107.250000	1108.000000	0	0	noise	cluster_noise	0.0000
792	Spectrogram 1	1	1107.750000	1109.750000	0	0	13	cluster_13	0.7553
793	Spectrogram 1	1	1109.500000	1112.250000	0	0	6	cluster_6	0.9957
794	Spectrogram 1	1	1112.000000	1112.500000	0	0	13	cluster_13	0.6875
795	Spectrogram 1	1	1112.250000	1113.500000	0	0	8	cluster_8	1.0000
796	Spectrogram 1	1	1113.250000	1114.250000	0	0	noise	cluster_noise	0.0000
797	Spectrogram 1	1	1114.000000	1116.250000	0	0	13	cluster_13	0.8474
798	Spectrogram 1	1	1116.000000	1116.750000	0	0	noise	cluster_noise	0.0000
799	Spectrogram 1	1	1116.500000	1117.750000	0	0	11	cluster_11	0.9146
800	Spectrogram 1	1	1117.500000	1118.000000	0	0	14	cluster_14	1.0000
801	Spectrogram 1	1	1117.750000	1118.750000	0	0	noise	cluster_noise	0.0000
802	Spectrogram 1	1	1118.500000	1120.750000	0	0	13	cluster_13	0.7622
803	Spectrogram 1	1	1120.500000	1123.250000	0	0	6	cluster_6	0.9914
804	Spectrogram 1	1	1123.000000	1123.500000	0	0	noise	cluster_noise	0.0000
805	Spectrogram 1	1	1123.250000	1124.250000	0	0	8	cluster_8	1.0000
806	Spectrogram 1	1	1124.000000	1124.500000	0	0	noise	cluster_noise	0.0000
807	Spectrogram 1	1	1124.250000	1125.000000	0	0	8	cluster_8	0.7886
808	Spectrogram 1	1	1124.750000	1125.250000	0	0	noise	cluster_noise	0.0000
809	Spectrogram 1	1	1125.000000	1127.250000	0	0	13	cluster_13	0.7176
810	Spectrogram 1	1	1127.000000	1127.500000	0	0	noise	cluster_noise	0.0000
811	Spectrogram 1	1	1127.250000	1129.000000	0	0	11	cluster_11	0.8767
812	Spectrogram 1	1	1128.750000	1129.250000	0	0	14	cluster_14	0.8565
813	Spectrogram 1	1	1129.000000	1130.000000	0	0	noise	cluster_noise	0.0000
814	Spectrogram 1	1	1129.750000	1131.500000	0	0	13	cluster_13	0.7641
815	Spectrogram 1	1	1131.250000	1134.250000	0	0	6	cluster_6	0.9853
816	Spectrogram 1	1	1134.000000	1134.500000	0	0	noise	cluster_noise	0.0000
817	Spectrogram 1	1	1134.250000	1135.250000	0	0	8	cluster_8	1.0000
818	Spectrogram 1	1	1135.000000	1136.250000	0	0	noise	cluster_noise	0.0000
819	Spectrogram 1	1	1136.000000	1138.250000	0	0	13	cluster_13	0.7736
820	Spectrogram 1	1	1138.000000	1138.500000	0	0	noise	cluster_noise	0.0000
821	Spectrogram 1	1	1138.250000	1139.750000	0	0	11	cluster_11	0.9531
822	Spectrogram 1	1	1139.500000	1140.000000	0	0	14	cluster_14	1.0000
823	Spectrogram 1	1	1139.750000	1140.750000	0	0	noise	cluster_noise	0.0000
824	Spectrogram 1	1	1140.500000	1142.500000	0	0	13	cluster_13	0.7497
825	Spectrogram 1	1	1142.250000	1145.250000	0	0	6	cluster_6	0.9729
826	Spectrogram 1	1	1145.000000	1146.250000	0	0	8	cluster_8	0.9606
827	Spectrogram 1	1	1146.000000	1148.500000	0	0	13	cluster_13	0.7920
828	Spectrogram 1	1	1148.250000	1149.500000	0	0	noise	cluster_noise	0.0000
829	Spectrogram 1	1	1149.250000	1150.250000	0	0	11	cluster_11	1.0000
830	Spectrogram 1	1	1150.000000	1150.750000	0	0	14	cluster_14	0.9298
831	Spectrogram 1	1	1150.500000	1151.000000	0	0	6	cluster_6	0.9756
832	Spectrogram 1	1	1150.750000	1151.250000	0	0	noise	cluster_noise	0.0000
833	Spectrogram 1	1	1151.000000	1151.500000	0	0	13	cluster_13	0.6292
834	Spectrogram 1	1	1151.250000	1152.000000	0	0	noise	cluster_noise	0.0000
835	Spectrogram 1	1	1151.750000	1153.250000	0	0	13	cluster_13	0.7655
836	Spectrogram 1	1	1153.000000	1156.000000	0	0	6	cluster_6	0.9970
837	Spectrogram 1	1	1155.750000	1158.000000	0	0	8	cluster_8	0.9298
838	Spectrogram 1	1	1157.750000	1160.000000	0	0	13	cluster_13	0.8453
839	Spectrogram 1	1	1159.750000	1160.500000	0	0	noise	cluster_noise	0.0000
840	Spectrogram 1	1	1160.250000	1161.250000	0	0	11	cluster_11	1.0000
841	Spectrogram 1	1	1161.000000	1161.500000	0	0	noise	cluster_noise	0.0000
842	Spectrogram 1	1	1161.250000	1161.750000	0	0	14	cluster_14	0.8926
843	Spectrogram 1	1	1161.500000	1162.000000	0	0	noise	cluster_noise	0.0000
844	Spectrogram 1	1	1161.750000	1164.250000	0	0	13	cluster_13	0.7354
845	Spectrogram 1	1	1164.000000	1166.750000	0	0	6	cluster_6	0.9899
846	Spectrogram 1	1	1166.500000	1168.250000	0	0	8	cluster_8	0.9700
847	Spectrogram 1	1	1168.000000	1169.000000	0	0	noise	cluster_noise	0.0000
848	Spectrogram 1	1	1168.750000	1170.750000	0	0	13	cluster_13	0.8171
849	Spectrogram 1	1	1170.500000	1171.250000	0	0	noise	cluster_noise	0.0000
850	Spectrogram 1	1	1171.000000	1172.250000	0	0	11	cluster_11	1.0000
851	Spectrogram 1	1	1172.000000	1172.500000	0	0	14	cluster_14	1.0000
852	Spectrogram 1	1	1172.250000	1173.500000	0	0	noise	cluster_noise	0.0000
853	Spectrogram 1	1	1173.250000	1174.750000	0	0	13	cluster_13	0.8649
854	Spectrogram 1	1	1174.500000	1175.250000	0	0	noise	cluster_noise	0.0000
855	Spectrogram 1	1	1175.000000	1177.750000	0	0	6	cluster_6	1.0000
856	Spectrogram 1	1	1177.500000	1179.250000	0	0	8	cluster_8	0.9620
857	Spectrogram 1	1	1179.000000	1180.000000	0	0	noise	cluster_noise	0.0000
858	Spectrogram 1	1	1179.750000	1182.000000	0	0	13	cluster_13	0.8326
859	Spectrogram 1	1	1181.750000	1182.500000	0	0	noise	cluster_noise	0.0000
860	Spectrogram 1	1	1182.250000	1183.500000	0	0	11	cluster_11	1.0000
861	Spectrogram 1	1	1183.250000	1183.750000	0	0	14	cluster_14	1.0000
862	Spectrogram 1	1	1183.500000	1184.000000	0	0	noise	cluster_noise	0.0000
863	Spectrogram 1	1	1183.750000	1184.250000	0	0	13	cluster_13	0.6327
864	Spectrogram 1	1	1184.000000	1185.000000	0	0	noise	cluster_noise	0.0000
865	Spectrogram 1	1	1184.750000	1185.500000	0	0	13	cluster_13	0.8299
866	Spectrogram 1	1	1185.250000	1185.750000	0	0	noise	cluster_noise	0.0000
867	Spectrogram 1	1	1185.500000	1186.250000	0	0	13	cluster_13	0.6820
868	Spectrogram 1	1	1186.000000	1188.750000	0	0	6	cluster_6	0.9962
869	Spectrogram 1	1	1188.500000	1189.000000	0	0	noise	cluster_noise	0.0000
870	Spectrogram 1	1	1188.750000	1190.000000	0	0	8	cluster_8	1.0000
871	Spectrogram 1	1	1189.750000	1190.250000	0	0	noise	cluster_noise	0.0000
872	Spectrogram 1	1	1190.000000	1192.750000	0	0	13	cluster_13	0.8534
873	Spectrogram 1	1	1192.500000	1193.250000	0	0	noise	cluster_noise	0.0000
874	Spectrogram 1	1	1193.000000	1194.250000	0	0	11	cluster_11	0.9753
875	Spectrogram 1	1	1194.000000	1194.750000	0	0	14	cluster_14	0.9146
876	Spectrogram 1	1	1194.500000	1195.500000	0	0	noise	cluster_noise	0.0000
877	Spectrogram 1	1	1195.250000	1197.000000	0	0	13	cluster_13	0.7689
878	Spectrogram 1	1	1196.750000	1200.250000	0	0	6	cluster_6	0.9346
879	Spectrogram 1	1	1200.000000	1200.500000	0	0	noise	cluster_noise	0.0000
880	Spectrogram 1	1	1200.250000	1200.750000	0	0	13	cluster_13	0.9351
881	Spectrogram 1	1	1200.500000	1202.250000	0	0	noise	cluster_noise	0.0000
882	Spectrogram 1	1	1202.000000	1202.750000	0	0	13	cluster_13	0.7312
883	Spectrogram 1	1	1202.500000	1203.750000	0	0	14	cluster_14	0.8760
884	Spectrogram 1	1	1203.500000	1204.000000	0	0	13	cluster_13	0.6658
885	Spectrogram 1	1	1203.750000	1204.500000	0	0	noise	cluster_noise	0.0000
886	Spectrogram 1	1	1204.250000	1204.750000	0	0	14	cluster_14	0.9455
887	Spectrogram 1	1	1204.500000	1205.000000	0	0	noise	cluster_noise	0.0000
888	Spectrogram 1	1	1204.750000	1205.500000	0	0	14	cluster_14	0.8468
889	Spectrogram 1	1	1205.250000	1205.750000	0	0	13	cluster_13	0.7956
890	Spectrogram 1	1	1205.500000	1206.250000	0	0	noise	cluster_noise	0.0000
891	Spectrogram 1	1	1206.000000	1207.250000	0	0	14	cluster_14	0.8332
892	Spectrogram 1	1	1207.000000	1207.500000	0	0	13	cluster_13	0.6237
893	Spectrogram 1	1	1207.250000	1207.750000	0	0	noise	cluster_noise	0.0000
894	Spectrogram 1	1	1207.500000	1208.750000	0	0	13	cluster_13	0.6982
895	Spectrogram 1	1	1208.500000	1209.000000	0	0	noise	cluster_noise	0.0000
896	Spectrogram 1	1	1208.750000	1211.500000	0	0	6	cluster_6	0.9821
897	Spectrogram 1	1	1211.250000	1212.250000	0	0	noise	cluster_noise	0.0000
898	Spectrogram 1	1	1212.000000	1212.750000	0	0	13	cluster_13	0.7956
899	Spectrogram 1	1	1212.500000	1214.750000	0	0	6	cluster_6	0.9947
900	Spectrogram 1	1	1214.500000	1215.000000	0	0	noise	cluster_noise	0.0000
901	Spectrogram 1	1	1214.750000	1215.250000	0	0	13	cluster_13	1.0000
902	Spectrogram 1	1	1215.000000	1215.500000	0	0	noise	cluster_noise	0.0000
903	Spectrogram 1	1	1215.250000	1216.250000	0	0	14	cluster_14	0.8821
904	Spectrogram 1	1	1216.000000	1217.000000	0	0	13	cluster_13	0.7201
905	Spectrogram 1	1	1216.750000	1217.250000	0	0	noise	cluster_noise	0.0000
906	Spectrogram 1	1	1217.000000	1217.500000	0	0	13	cluster_13	0.7947
907	Spectrogram 1	1	1217.250000	1218.250000	0	0	14	cluster_14	0.9061
908	Spectrogram 1	1	1218.000000	1218.500000	0	0	noise	cluster_noise	0.0000
909	Spectrogram 1	1	1218.250000	1219.000000	0	0	13	cluster_13	0.6407
910	Spectrogram 1	1	1218.750000	1219.250000	0	0	noise	cluster_noise	0.0000
911	Spectrogram 1	1	1219.000000	1219.500000	0	0	13	cluster_13	0.7249
912	Spectrogram 1	1	1219.250000	1220.500000	0	0	14	cluster_14	0.8660
913	Spectrogram 1	1	1220.250000	1220.750000	0	0	noise	cluster_noise	0.0000
914	Spectrogram 1	1	1220.500000	1221.500000	0	0	13	cluster_13	0.6591
915	Spectrogram 1	1	1221.250000	1221.750000	0	0	noise	cluster_noise	0.0000
916	Spectrogram 1	1	1221.500000	1222.250000	0	0	14	cluster_14	0.9095
917	Spectrogram 1	1	1222.000000	1222.500000	0	0	noise	cluster_noise	0.0000
918	Spectrogram 1	1	1222.250000	1222.750000	0	0	13	cluster_13	0.6506
919	Spectrogram 1	1	1222.500000	1223.500000	0	0	noise	cluster_noise	0.0000
920	Spectrogram 1	1	1223.250000	1224.000000	0	0	14	cluster_14	0.8840
921	Spectrogram 1	1	1223.750000	1224.250000	0	0	noise	cluster_noise	0.0000
922	Spectrogram 1	1	1224.000000	1224.500000	0	0	13	cluster_13	0.6326
923	Spectrogram 1	1	1224.250000	1225.000000	0	0	noise	cluster_noise	0.0000
924	Spectrogram 1	1	1224.750000	1226.000000	0	0	13	cluster_13	0.7402
925	Spectrogram 1	1	1225.750000	1228.500000	0	0	6	cluster_6	0.9887
926	Spectrogram 1	1	1228.250000	1229.000000	0	0	noise	cluster_noise	0.0000
927	Spectrogram 1	1	1228.750000	1230.000000	0	0	13	cluster_13	0.7647
928	Spectrogram 1	1	1229.750000	1230.250000	0	0	noise	cluster_noise	0.0000
929	Spectrogram 1	1	1230.000000	1232.250000	0	0	6	cluster_6	0.9842
930	Spectrogram 1	1	1232.000000	1233.000000	0	0	noise	cluster_noise	0.0000
931	Spectrogram 1	1	1232.750000	1233.750000	0	0	14	cluster_14	0.8463
932	Spectrogram 1	1	1233.500000	1234.000000	0	0	10	cluster_10	0.5298
933	Spectrogram 1	1	1233.750000	1234.500000	0	0	13	cluster_13	0.6292
934	Spectrogram 1	1	1234.250000	1234.750000	0	0	noise	cluster_noise	0.0000
935	Spectrogram 1	1	1234.500000	1235.250000	0	0	13	cluster_13	0.6943
936	Spectrogram 1	1	1235.000000	1236.000000	0	0	14	cluster_14	0.9337
937	Spectrogram 1	1	1235.750000	1236.250000	0	0	10	cluster_10	0.5408
938	Spectrogram 1	1	1236.000000	1237.000000	0	0	noise	cluster_noise	0.0000
939	Spectrogram 1	1	1236.750000	1237.250000	0	0	13	cluster_13	0.7749
940	Spectrogram 1	1	1237.000000	1238.000000	0	0	14	cluster_14	0.8604
941	Spectrogram 1	1	1237.750000	1239.250000	0	0	noise	cluster_noise	0.0000
942	Spectrogram 1	1	1239.000000	1240.000000	0	0	14	cluster_14	0.8946
943	Spectrogram 1	1	1239.750000	1240.250000	0	0	noise	cluster_noise	0.0000
944	Spectrogram 1	1	1240.000000	1240.500000	0	0	13	cluster_13	0.6292
945	Spectrogram 1	1	1240.250000	1240.750000	0	0	noise	cluster_noise	0.0000
946	Spectrogram 1	1	1240.500000	1241.250000	0	0	14	cluster_14	0.7794
947	Spectrogram 1	1	1241.000000	1241.500000	0	0	11	cluster_11	0.7334
948	Spectrogram 1	1	1241.250000	1241.750000	0	0	14	cluster_14	1.0000
949	Spectrogram 1	1	1241.500000	1242.000000	0	0	noise	cluster_noise	0.0000
950	Spectrogram 1	1	1241.750000	1242.250000	0	0	13	cluster_13	0.6292
951	Spectrogram 1	1	1242.000000	1243.000000	0	0	noise	cluster_noise	0.0000
952	Spectrogram 1	1	1242.750000	1243.500000	0	0	13	cluster_13	0.7970
953	Spectrogram 1	1	1243.250000	1246.750000	0	0	6	cluster_6	0.9782
954	Spectrogram 1	1	1246.500000	1247.500000	0	0	noise	cluster_noise	0.0000
955	Spectrogram 1	1	1247.250000	1247.750000	0	0	13	cluster_13	0.6401
956	Spectrogram 1	1	1247.500000	1248.000000	0	0	noise	cluster_noise	0.0000
957	Spectrogram 1	1	1247.750000	1250.250000	0	0	6	cluster_6	0.9388
958	Spectrogram 1	1	1250.000000	1250.500000	0	0	noise	cluster_noise	0.0000
959	Spectrogram 1	1	1250.250000	1251.000000	0	0	14	cluster_14	0.9728
960	Spectrogram 1	1	1250.750000	1251.250000	0	0	10	cluster_10	0.5500
961	Spectrogram 1	1	1251.000000	1252.250000	0	0	noise	cluster_noise	0.0000
962	Spectrogram 1	1	1252.000000	1253.000000	0	0	14	cluster_14	0.8737
963	Spectrogram 1	1	1252.750000	1253.250000	0	0	10	cluster_10	0.4881
964	Spectrogram 1	1	1253.000000	1254.000000	0	0	noise	cluster_noise	0.0000
965	Spectrogram 1	1	1253.750000	1254.250000	0	0	14	cluster_14	0.9455
966	Spectrogram 1	1	1254.000000	1254.500000	0	0	noise	cluster_noise	0.0000
967	Spectrogram 1	1	1254.250000	1254.750000	0	0	14	cluster_14	1.0000
968	Spectrogram 1	1	1254.500000	1255.000000	0	0	10	cluster_10	0.4962
969	Spectrogram 1	1	1254.750000	1255.750000	0	0	noise	cluster_noise	0.0000
970	Spectrogram 1	1	1255.500000	1256.500000	0	0	14	cluster_14	0.9066
971	Spectrogram 1	1	1256.250000	1257.000000	0	0	noise	cluster_noise	0.0000
972	Spectrogram 1	1	1256.750000	1258.000000	0	0	14	cluster_14	0.8110
973	Spectrogram 1	1	1257.750000	1259.000000	0	0	noise	cluster_noise	0.0000
974	Spectrogram 1	1	1258.750000	1259.250000	0	0	13	cluster_13	0.6666
975	Spectrogram 1	1	1259.000000	1259.500000	0	0	noise	cluster_noise	0.0000
976	Spectrogram 1	1	1259.250000	1262.500000	0	0	6	cluster_6	0.9168
977	Spectrogram 1	1	1262.250000	1263.750000	0	0	noise	cluster_noise	0.0000
978	Spectrogram 1	1	1263.500000	1266.000000	0	0	6	cluster_6	0.9957
979	Spectrogram 1	1	1265.750000	1266.500000	0	0	noise	cluster_noise	0.0000
980	Spectrogram 1	1	1266.250000	1267.250000	0	0	14	cluster_14	0.8743
981	Spectrogram 1	1	1267.000000	1267.750000	0	0	13	cluster_13	0.8146
982	Spectrogram 1	1	1267.500000	1268.000000	0	0	noise	cluster_noise	0.0000
983	Spectrogram 1	1	1267.750000	1268.250000	0	0	13	cluster_13	0.6835
984	Spectrogram 1	1	1268.000000	1269.250000	0	0	14	cluster_14	0.8097
985	Spectrogram 1	1	1269.000000	1269.750000	0	0	noise	cluster_noise	0.0000
986	Spectrogram 1	1	1269.500000	1270.000000	0	0	13	cluster_13	0.6292
987	Spectrogram 1	1	1269.750000	1270.250000	0	0	noise	cluster_noise	0.0000
988	Spectrogram 1	1	1270.000000	1271.000000	0	0	14	cluster_14	0.8083
989	Spectrogram 1	1	1270.750000	1271.500000	0	0	noise	cluster_noise	0.0000
990	Spectrogram 1	1	1271.250000	1271.750000	0	0	14	cluster_14	0.7741
991	Spectrogram 1	1	1271.500000	1272.250000	0	0	noise	cluster_noise	0.0000
992	Spectrogram 1	1	1272.000000	1272.750000	0	0	14	cluster_14	0.8008
993	Spectrogram 1	1	1272.500000	1273.250000	0	0	noise	cluster_noise	0.0000
994	Spectrogram 1	1	1273.000000	1273.500000	0	0	13	cluster_13	0.6292
995	Spectrogram 1	1	1273.250000	1273.750000	0	0	noise	cluster_noise	0.0000
996	Spectrogram 1	1	1273.500000	1274.500000	0	0	13	cluster_13	0.7603
997	Spectrogram 1	1	1274.250000	1277.750000	0	0	6	cluster_6	1.0000
998	Spectrogram 1	1	1277.500000	1278.250000	0	0	noise	cluster_noise	0.0000
999	Spectrogram 1	1	1278.000000	1278.500000	0	0	6	cluster_6	0.6904
1000	Spectrogram 1	1	1278.250000	1278.750000	0	0	noise	cluster_noise	0.0000
1001	Spectrogram 1	1	1278.500000	1280.000000	0	0	13	cluster_13	0.7844
1002	Spectrogram 1	1	1279.750000	1281.500000	0	0	noise	cluster_noise	0.0000
1003	Spectrogram 1	1	1281.250000	1281.750000	0	0	13	cluster_13	0.7658
1004	Spectrogram 1	1	1281.500000	1282.250000	0	0	noise	cluster_noise	0.0000
1005	Spectrogram 1	1	1282.000000	1284.750000	0	0	5	cluster_5	1.0000
1006	Spectrogram 1	1	1284.500000	1285.750000	0	0	noise	cluster_noise	0.0000
1007	Spectrogram 1	1	1285.500000	1286.750000	0	0	13	cluster_13	0.8236
1008	Spectrogram 1	1	1286.500000	1289.750000	0	0	6	cluster_6	0.9564
1009	Spectrogram 1	1	1289.500000	1291.250000	0	0	13	cluster_13	0.7939
1010	Spectrogram 1	1	1291.000000	1291.500000	0	0	noise	cluster_noise	0.0000
1011	Spectrogram 1	1	1297.000000	1298.500000	0	0	13	cluster_13	0.8066
1012	Spectrogram 1	1	1298.250000	1301.500000	0	0	6	cluster_6	0.9581
1013	Spectrogram 1	1	1301.250000	1302.000000	0	0	13	cluster_13	0.7121
1014	Spectrogram 1	1	1301.750000	1302.250000	0	0	6	cluster_6	0.7184
1015	Spectrogram 1	1	1302.000000	1302.750000	0	0	noise	cluster_noise	0.0000
1016	Spectrogram 1	1	1302.500000	1303.250000	0	0	13	cluster_13	0.8029
1017	Spectrogram 1	1	1303.000000	1308.750000	0	0	noise	cluster_noise	0.0000
1018	Spectrogram 1	1	1308.500000	1309.000000	0	0	13	cluster_13	0.6929
1019	Spectrogram 1	1	1308.750000	1309.250000	0	0	noise	cluster_noise	0.0000
1020	Spectrogram 1	1	1309.000000	1310.000000	0	0	13	cluster_13	0.8302
1021	Spectrogram 1	1	1309.750000	1310.250000	0	0	noise	cluster_noise	0.0000
1022	Spectrogram 1	1	1310.000000	1313.250000	0	0	6	cluster_6	0.9899
1023	Spectrogram 1	1	1313.000000	1314.000000	0	0	noise	cluster_noise	0.0000
1024	Spectrogram 1	1	1313.750000	1314.750000	0	0	13	cluster_13	0.8602
1025	Spectrogram 1	1	1314.500000	1315.000000	0	0	noise	cluster_noise	0.0000
1026	Spectrogram 1	1	1314.750000	1321.250000	0	0	13	cluster_13	0.7591
1027	Spectrogram 1	1	1321.000000	1322.000000	0	0	noise	cluster_noise	0.0000
1028	Spectrogram 1	1	1321.750000	1325.000000	0	0	6	cluster_6	0.9968
1029	Spectrogram 1	1	1324.750000	1325.250000	0	0	noise	cluster_noise	0.0000
1030	Spectrogram 1	1	1325.000000	1327.000000	0	0	13	cluster_13	0.7259
1031	Spectrogram 1	1	1326.750000	1327.500000	0	0	noise	cluster_noise	0.0000
1032	Spectrogram 1	1	1333.000000	1333.500000	0	0	13	cluster_13	0.9026
1033	Spectrogram 1	1	1333.250000	1333.750000	0	0	noise	cluster_noise	0.0000
1034	Spectrogram 1	1	1333.500000	1337.000000	0	0	6	cluster_6	0.9545
1035	Spectrogram 1	1	1336.750000	1337.250000	0	0	noise	cluster_noise	0.0000
1036	Spectrogram 1	1	1337.000000	1337.500000	0	0	6	cluster_6	0.6769
1037	Spectrogram 1	1	1337.250000	1338.500000	0	0	13	cluster_13	0.8526
1038	Spectrogram 1	1	1338.250000	1341.250000	0	0	noise	cluster_noise	0.0000
1039	Spectrogram 1	1	1341.000000	1341.500000	0	0	13	cluster_13	0.6331
1040	Spectrogram 1	1	1342.000000	1343.000000	0	0	5	cluster_5	1.0000
1041	Spectrogram 1	1	1342.750000	1343.500000	0	0	noise	cluster_noise	0.0000
1042	Spectrogram 1	1	1344.000000	1345.500000	0	0	13	cluster_13	0.7828
1043	Spectrogram 1	1	1345.250000	1348.500000	0	0	6	cluster_6	0.9892
1044	Spectrogram 1	1	1348.250000	1349.000000	0	0	noise	cluster_noise	0.0000
1045	Spectrogram 1	1	1348.750000	1350.250000	0	0	13	cluster_13	0.7864
1046	Spectrogram 1	1	1350.000000	1351.500000	0	0	noise	cluster_noise	0.0000
1047	Spectrogram 1	1	1356.000000	1357.500000	0	0	13	cluster_13	0.8846
1048	Spectrogram 1	1	1357.250000	1357.750000	0	0	noise	cluster_noise	0.0000
1049	Spectrogram 1	1	1357.500000	1360.500000	0	0	6	cluster_6	0.9820
1050	Spectrogram 1	1	1360.250000	1361.000000	0	0	noise	cluster_noise	0.0000
1051	Spectrogram 1	1	1360.750000	1369.250000	0	0	13	cluster_13	0.8264
1052	Spectrogram 1	1	1369.000000	1369.500000	0	0	noise	cluster_noise	0.0000
1053	Spectrogram 1	1	1369.250000	1372.500000	0	0	6	cluster_6	0.9713
1054	Spectrogram 1	1	1372.250000	1373.750000	0	0	noise	cluster_noise	0.0000
1055	Spectrogram 1	1	1373.500000	1374.000000	0	0	13	cluster_13	0.8106
1056	Spectrogram 1	1	1373.750000	1374.250000	0	0	noise	cluster_noise	0.0000
1057	Spectrogram 1	1	1374.000000	1381.500000	0	0	13	cluster_13	0.8317
1058	Spectrogram 1	1	1381.250000	1381.750000	0	0	noise	cluster_noise	0.0000
1059	Spectrogram 1	1	1381.500000	1385.250000	0	0	6	cluster_6	0.9621
1060	Spectrogram 1	1	1385.000000	1385.750000	0	0	noise	cluster_noise	0.0000
1061	Spectrogram 1	1	1385.500000	1386.500000	0	0	13	cluster_13	0.7054
1062	Spectrogram 1	1	1392.000000	1392.750000	0	0	noise	cluster_noise	0.0000
1063	Spectrogram 1	1	1392.500000	1393.750000	0	0	13	cluster_13	0.8681
1064	Spectrogram 1	1	1393.500000	1394.000000	0	0	noise	cluster_noise	0.0000
1065	Spectrogram 1	1	1393.750000	1397.250000	0	0	6	cluster_6	0.9978
1066	Spectrogram 1	1	1397.000000	1397.500000	0	0	noise	cluster_noise	0.0000
1067	Spectrogram 1	1	1397.250000	1398.000000	0	0	13	cluster_13	0.7811
1068	Spectrogram 1	1	1397.750000	1398.250000	0	0	noise	cluster_noise	0.0000
1069	Spectrogram 1	1	1398.000000	1399.000000	0	0	13	cluster_13	0.7610
1070	Spectrogram 1	1	1398.750000	1399.250000	0	0	noise	cluster_noise	0.0000
1071	Spectrogram 1	1	1399.000000	1399.500000	0	0	13	cluster_13	0.6292
1072	Spectrogram 1	1	1400.000000	1401.500000	0	0	noise	cluster_noise	0.0000
1073	Spectrogram 1	1	1405.000000	1405.750000	0	0	13	cluster_13	0.7727
1074	Spectrogram 1	1	1405.500000	1409.250000	0	0	6	cluster_6	0.9688
1075	Spectrogram 1	1	1409.000000	1409.750000	0	0	13	cluster_13	0.6750
1076	Spectrogram 1	1	1409.500000	1410.000000	0	0	noise	cluster_noise	0.0000
1077	Spectrogram 1	1	1409.750000	1411.000000	0	0	13	cluster_13	0.7026
1078	Spectrogram 1	1	1410.750000	1418.000000	0	0	noise	cluster_noise	0.0000
1079	Spectrogram 1	1	1417.750000	1420.750000	0	0	6	cluster_6	0.9745
1080	Spectrogram 1	1	1420.500000	1421.250000	0	0	noise	cluster_noise	0.0000
1081	Spectrogram 1	1	1421.000000	1422.500000	0	0	13	cluster_13	0.8018
1082	Spectrogram 1	1	1422.250000	1425.500000	0	0	noise	cluster_noise	0.0000
1083	Spectrogram 1	1	1430.000000	1432.500000	0	0	6	cluster_6	0.9813
1084	Spectrogram 1	1	1432.250000	1433.250000	0	0	13	cluster_13	0.8309
1085	Spectrogram 1	1	1433.000000	1433.500000	0	0	noise	cluster_noise	0.0000
1086	Spectrogram 1	1	1433.250000	1434.250000	0	0	13	cluster_13	0.7971
1087	Spectrogram 1	1	1434.000000	1435.500000	0	0	noise	cluster_noise	0.0000
1088	Spectrogram 1	1	1441.000000	1444.500000	0	0	6	cluster_6	0.9979
1089	Spectrogram 1	1	1444.250000	1445.250000	0	0	noise	cluster_noise	0.0000
1090	Spectrogram 1	1	1445.000000	1446.000000	0	0	13	cluster_13	0.6740
1091	Spectrogram 1	1	1445.750000	1446.250000	0	0	noise	cluster_noise	0.0000
1092	Spectrogram 1	1	1446.000000	1446.500000	0	0	13	cluster_13	0.6509
1093	Spectrogram 1	1	1446.250000	1447.500000	0	0	noise	cluster_noise	0.0000
1094	Spectrogram 1	1	1450.000000	1450.750000	0	0	7	cluster_7	0.9190
1095	Spectrogram 1	1	1450.500000	1451.500000	0	0	noise	cluster_noise	0.0000
1096	Spectrogram 1	1	1452.000000	1452.500000	0	0	13	cluster_13	0.8796
1097	Spectrogram 1	1	1452.250000	1452.750000	0	0	noise	cluster_noise	0.0000
1098	Spectrogram 1	1	1452.500000	1456.000000	0	0	6	cluster_6	1.0000
1099	Spectrogram 1	1	1455.750000	1456.500000	0	0	noise	cluster_noise	0.0000
1100	Spectrogram 1	1	1456.250000	1457.500000	0	0	13	cluster_13	0.7901
1101	Spectrogram 1	1	1457.250000	1458.000000	0	0	noise	cluster_noise	0.0000
1102	Spectrogram 1	1	1457.750000	1465.000000	0	0	1	cluster_1	0.9089
1103	Spectrogram 1	1	1464.750000	1466.000000	0	0	noise	cluster_noise	0.0000
1104	Spectrogram 1	1	1465.750000	1466.500000	0	0	13	cluster_13	0.7173
1105	Spectrogram 1	1	1466.250000	1466.750000	0	0	noise	cluster_noise	0.0000
1106	Spectrogram 1	1	1466.500000	1467.250000	0	0	10	cluster_10	0.9514
1107	Spectrogram 1	1	1467.000000	1467.500000	0	0	13	cluster_13	0.9022
1108	Spectrogram 1	1	1467.250000	1468.000000	0	0	noise	cluster_noise	0.0000
1109	Spectrogram 1	1	1467.750000	1468.250000	0	0	13	cluster_13	0.6979
1110	Spectrogram 1	1	1468.000000	1468.750000	0	0	noise	cluster_noise	0.0000
1111	Spectrogram 1	1	1468.500000	1469.250000	0	0	10	cluster_10	0.7087
1112	Spectrogram 1	1	1469.000000	1470.000000	0	0	noise	cluster_noise	0.0000
1113	Spectrogram 1	1	1469.750000	1470.500000	0	0	13	cluster_13	0.9026
1114	Spectrogram 1	1	1470.250000	1470.750000	0	0	noise	cluster_noise	0.0000
1115	Spectrogram 1	1	1470.500000	1471.250000	0	0	10	cluster_10	0.6482
1116	Spectrogram 1	1	1471.000000	1471.500000	0	0	13	cluster_13	0.9026
1117	Spectrogram 1	1	1472.000000	1472.500000	0	0	noise	cluster_noise	0.0000
1118	Spectrogram 1	1	1472.250000	1473.750000	0	0	6	cluster_6	0.8855
1119	Spectrogram 1	1	1473.500000	1475.250000	0	0	1	cluster_1	0.7547
1120	Spectrogram 1	1	1475.000000	1476.250000	0	0	noise	cluster_noise	0.0000
1121	Spectrogram 1	1	1476.000000	1476.500000	0	0	13	cluster_13	0.6505
1122	Spectrogram 1	1	1476.250000	1479.500000	0	0	1	cluster_1	0.8529
1123	Spectrogram 1	1	1479.250000	1480.250000	0	0	noise	cluster_noise	0.0000
1124	Spectrogram 1	1	1480.000000	1480.500000	0	0	13	cluster_13	0.7038
1125	Spectrogram 1	1	1480.250000	1480.750000	0	0	14	cluster_14	0.7454
1126	Spectrogram 1	1	1480.500000	1481.250000	0	0	10	cluster_10	0.8051
1127	Spectrogram 1	1	1481.000000	1481.500000	0	0	8	cluster_8	0.9992
1128	Spectrogram 1	1	1481.250000	1482.250000	0	0	noise	cluster_noise	0.0000
1129	Spectrogram 1	1	1482.000000	1482.750000	0	0	13	cluster_13	0.8572
1130	Spectrogram 1	1	1482.500000	1483.000000	0	0	noise	cluster_noise	0.0000
1131	Spectrogram 1	1	1482.750000	1483.500000	0	0	10	cluster_10	0.6290
1132	Spectrogram 1	1	1483.250000	1483.750000	0	0	13	cluster_13	0.6352
1133	Spectrogram 1	1	1483.500000	1484.250000	0	0	noise	cluster_noise	0.0000
1134	Spectrogram 1	1	1484.000000	1484.500000	0	0	13	cluster_13	0.9625
1135	Spectrogram 1	1	1484.250000	1484.750000	0	0	noise	cluster_noise	0.0000
1136	Spectrogram 1	1	1484.500000	1485.250000	0	0	10	cluster_10	0.6014
1137	Spectrogram 1	1	1485.000000	1485.500000	0	0	8	cluster_8	0.9692
1138	Spectrogram 1	1	1485.250000	1485.750000	0	0	13	cluster_13	0.9026
1139	Spectrogram 1	1	1485.500000	1489.750000	0	0	noise	cluster_noise	0.0000
1140	Spectrogram 1	1	1489.500000	1490.000000	0	0	13	cluster_13	0.6449
1141	Spectrogram 1	1	1489.750000	1490.250000	0	0	noise	cluster_noise	0.0000
1142	Spectrogram 1	1	1490.000000	1490.500000	0	0	10	cluster_10	0.5619
1143	Spectrogram 1	1	1492.000000	1492.750000	0	0	13	cluster_13	0.8571
1144	Spectrogram 1	1	1492.500000	1493.000000	0	0	noise	cluster_noise	0.0000
1145	Spectrogram 1	1	1492.750000	1494.250000	0	0	1	cluster_1	0.8080
1146	Spectrogram 1	1	1494.000000	1494.500000	0	0	6	cluster_6	0.6857
1147	Spectrogram 1	1	1494.250000	1495.000000	0	0	noise	cluster_noise	0.0000
1148	Spectrogram 1	1	1494.750000	1496.500000	0	0	13	cluster_13	0.8435
1149	Spectrogram 1	1	1496.250000	1496.750000	0	0	noise	cluster_noise	0.0000
1150	Spectrogram 1	1	1496.500000	1498.000000	0	0	1	cluster_1	0.8147
1151	Spectrogram 1	1	1497.750000	1498.250000	0	0	noise	cluster_noise	0.0000
1152	Spectrogram 1	1	1498.000000	1499.250000	0	0	13	cluster_13	0.7479
1153	Spectrogram 1	1	1499.000000	1499.500000	0	0	noise	cluster_noise	0.0000
1154	Spectrogram 1	1	1499.250000	1500.000000	0	0	10	cluster_10	0.7527
1155	Spectrogram 1	1	1499.750000	1500.250000	0	0	8	cluster_8	1.0000
1156	Spectrogram 1	1	1500.000000	1501.000000	0	0	noise	cluster_noise	0.0000
1157	Spectrogram 1	1	1500.750000	1501.250000	0	0	13	cluster_13	0.9460
1158	Spectrogram 1	1	1501.000000	1501.500000	0	0	noise	cluster_noise	0.0000
1159	Spectrogram 1	1	1501.250000	1502.000000	0	0	10	cluster_10	0.6252
1160	Spectrogram 1	1	1501.750000	1502.250000	0	0	noise	cluster_noise	0.0000
1161	Spectrogram 1	1	1502.000000	1502.750000	0	0	10	cluster_10	0.4980
1162	Spectrogram 1	1	1502.500000	1503.000000	0	0	8	cluster_8	1.0000
1163	Spectrogram 1	1	1502.750000	1503.250000	0	0	13	cluster_13	0.6629
1164	Spectrogram 1	1	1503.000000	1504.500000	0	0	noise	cluster_noise	0.0000
1165	Spectrogram 1	1	1504.250000	1504.750000	0	0	8	cluster_8	0.9678
1166	Spectrogram 1	1	1504.500000	1505.250000	0	0	noise	cluster_noise	0.0000
1167	Spectrogram 1	1	1505.000000	1505.500000	0	0	8	cluster_8	1.0000
1168	Spectrogram 1	1	1505.250000	1505.750000	0	0	13	cluster_13	0.7805
1169	Spectrogram 1	1	1505.500000	1506.000000	0	0	noise	cluster_noise	0.0000
1170	Spectrogram 1	1	1505.750000	1506.250000	0	0	10	cluster_10	0.6163
1171	Spectrogram 1	1	1506.000000	1506.500000	0	0	8	cluster_8	1.0000
1172	Spectrogram 1	1	1508.000000	1508.500000	0	0	noise	cluster_noise	0.0000
1173	Spectrogram 1	1	1508.250000	1508.750000	0	0	10	cluster_10	0.6021
1174	Spectrogram 1	1	1508.500000	1509.250000	0	0	noise	cluster_noise	0.0000
1175	Spectrogram 1	1	1509.000000	1509.500000	0	0	10	cluster_10	0.4848
1176	Spectrogram 1	1	1511.000000	1511.500000	0	0	noise	cluster_noise	0.0000
1177	Spectrogram 1	1	1511.250000	1511.750000	0	0	13	cluster_13	0.6330
1178	Spectrogram 1	1	1511.500000	1512.000000	0	0	noise	cluster_noise	0.0000
1179	Spectrogram 1	1	1511.750000	1513.000000	0	0	1	cluster_1	0.9767
1180	Spectrogram 1	1	1512.750000	1513.500000	0	0	noise	cluster_noise	0.0000
1181	Spectrogram 1	1	1513.250000	1515.500000	0	0	13	cluster_13	0.7674
1182	Spectrogram 1	1	1515.250000	1515.750000	0	0	noise	cluster_noise	0.0000
1183	Spectrogram 1	1	1515.500000	1516.750000	0	0	1	cluster_1	1.0000
1184	Spectrogram 1	1	1516.500000	1517.000000	0	0	10	cluster_10	0.5036
1185	Spectrogram 1	1	1516.750000	1517.250000	0	0	noise	cluster_noise	0.0000
1186	Spectrogram 1	1	1517.000000	1518.000000	0	0	13	cluster_13	0.6925
1187	Spectrogram 1	1	1517.750000	1518.250000	0	0	noise	cluster_noise	0.0000
1188	Spectrogram 1	1	1518.000000	1518.500000	0	0	10	cluster_10	0.8983
1189	Spectrogram 1	1	1522.000000	1522.500000	0	0	13	cluster_13	1.0000
1190	Spectrogram 1	1	1522.250000	1522.750000	0	0	noise	cluster_noise	0.0000
1191	Spectrogram 1	1	1522.500000	1523.000000	0	0	9	cluster_9	0.7659
1192	Spectrogram 1	1	1522.750000	1525.750000	0	0	noise	cluster_noise	0.0000
1193	Spectrogram 1	1	1525.500000	1526.000000	0	0	10	cluster_10	0.4924
1194	Spectrogram 1	1	1525.750000	1526.250000	0	0	8	cluster_8	1.0000
1195	Spectrogram 1	1	1526.000000	1526.500000	0	0	noise	cluster_noise	0.0000
1196	Spectrogram 1	1	1531.000000	1531.750000	0	0	8	cluster_8	0.9529
1197	Spectrogram 1	1	1531.500000	1532.750000	0	0	13	cluster_13	0.8037
1198	Spectrogram 1	1	1532.500000	1533.000000	0	0	noise	cluster_noise	0.0000
1199	Spectrogram 1	1	1532.750000	1533.500000	0	0	10	cluster_10	0.6556
1200	Spectrogram 1	1	1533.250000	1533.750000	0	0	8	cluster_8	1.0000
1201	Spectrogram 1	1	1533.500000	1534.000000	0	0	noise	cluster_noise	0.0000
1202	Spectrogram 1	1	1533.750000	1534.250000	0	0	8	cluster_8	0.8062
1203	Spectrogram 1	1	1534.000000	1534.500000	0	0	noise	cluster_noise	0.0000
1204	Spectrogram 1	1	1534.250000	1535.500000	0	0	13	cluster_13	0.8775
1205	Spectrogram 1	1	1535.250000	1536.000000	0	0	10	cluster_10	0.5739
1206	Spectrogram 1	1	1535.750000	1536.250000	0	0	8	cluster_8	1.0000
1207	Spectrogram 1	1	1536.000000	1536.500000	0	0	noise	cluster_noise	0.0000
1208	Spectrogram 1	1	1536.250000	1537.500000	0	0	13	cluster_13	0.6907
1209	Spectrogram 1	1	1537.250000	1538.500000	0	0	noise	cluster_noise	0.0000
1210	Spectrogram 1	1	1542.000000	1543.000000	0	0	13	cluster_13	0.8685
1211	Spectrogram 1	1	1542.750000	1546.500000	0	0	noise	cluster_noise	0.0000
1212	Spectrogram 1	1	1548.000000	1552.500000	0	0	13	cluster_13	0.8105
1213	Spectrogram 1	1	1569.000000	1569.500000	0	0	8	cluster_8	1.0000
1214	Spectrogram 1	1	1569.250000	1570.000000	0	0	0	cluster_0	0.7600
1215	Spectrogram 1	1	1569.750000	1570.500000	0	0	noise	cluster_noise	0.0000
1216	Spectrogram 1	1	1581.000000	1582.500000	0	0	13	cluster_13	0.8515
1217	Spectrogram 1	1	1584.000000	1584.500000	0	0	8	cluster_8	1.0000
1218	Spectrogram 1	1	1584.250000	1585.000000	0	0	0	cluster_0	1.0000
1219	Spectrogram 1	1	1584.750000	1585.500000	0	0	noise	cluster_noise	0.0000
1220	Spectrogram 1	1	1585.250000	1586.500000	0	0	13	cluster_13	0.7541
1221	Spectrogram 1	1	1586.250000	1587.500000	0	0	8	cluster_8	0.9677
1222	Spectrogram 1	1	1587.250000	1587.750000	0	0	0	cluster_0	0.7898
1223	Spectrogram 1	1	1587.500000	1588.250000	0	0	noise	cluster_noise	0.0000
1224	Spectrogram 1	1	1588.000000	1588.500000	0	0	13	cluster_13	0.7987
1225	Spectrogram 1	1	1599.000000	1620.750000	0	0	0	cluster_0	0.7251
1226	Spectrogram 1	1	1620.500000	1621.000000	0	0	noise	cluster_noise	0.0000
1227	Spectrogram 1	1	1620.750000	1622.000000	0	0	13	cluster_13	0.8168
1228	Spectrogram 1	1	1621.750000	1622.250000	0	0	0	cluster_0	0.4965
1229	Spectrogram 1	1	1622.000000	1622.500000	0	0	8	cluster_8	0.8312
1230	Spectrogram 1	1	1632.000000	1632.750000	0	0	0	cluster_0	0.9625
1231	Spectrogram 1	1	1632.500000	1633.500000	0	0	13	cluster_13	0.8313
1232	Spectrogram 1	1	1644.000000	1645.500000	0	0	8	cluster_8	0.9929
1233	Spectrogram 1	1	1645.250000	1645.750000	0	0	13	cluster_13	1.0000
1234	Spectrogram 1	1	1645.500000	1646.250000	0	0	noise	cluster_noise	0.0000
1235	Spectrogram 1	1	1646.000000	1647.000000	0	0	13	cluster_13	0.8411
1236	Spectrogram 1	1	1646.750000	1649.000000	0	0	0	cluster_0	0.9866
1237	Spectrogram 1	1	1648.750000	1649.250000	0	0	noise	cluster_noise	0.0000
1238	Spectrogram 1	1	1649.000000	1649.500000	0	0	13	cluster_13	0.8474
1239	Spectrogram 1	1	1660.000000	1661.000000	0	0	8	cluster_8	0.9987
1240	Spectrogram 1	1	1660.750000	1662.250000	0	0	13	cluster_13	0.7986
1241	Spectrogram 1	1	1662.000000	1662.500000	0	0	noise	cluster_noise	0.0000
1242	Spectrogram 1	1	1662.250000	1664.750000	0	0	0	cluster_0	0.9582
1243	Spectrogram 1	1	1664.500000	1665.250000	0	0	13	cluster_13	0.6949
1244	Spectrogram 1	1	1665.000000	1677.500000	0	0	0	cluster_0	0.9323
1245	Spectrogram 1	1	1677.250000	1678.000000	0	0	noise	cluster_noise	0.0000
1246	Spectrogram 1	1	1677.750000	1680.000000	0	0	0	cluster_0	0.8969
1247	Spectrogram 1	1	1679.750000	1680.250000	0	0	noise	cluster_noise	0.0000
1248	Spectrogram 1	1	1680.000000	1681.250000	0	0	13	cluster_13	0.9090
1249	Spectrogram 1	1	1681.000000	1681.500000	0	0	noise	cluster_noise	0.0000
1250	Spectrogram 1	1	1681.250000	1683.750000	0	0	6	cluster_6	0.9298
1251	Spectrogram 1	1	1683.500000	1684.250000	0	0	noise	cluster_noise	0.0000
1252	Spectrogram 1	1	1684.000000	1684.750000	0	0	13	cluster_13	0.7521
1253	Spectrogram 1	1	1684.500000	1685.000000	0	0	noise	cluster_noise	0.0000
1254	Spectrogram 1	1	1684.750000	1685.250000	0	0	13	cluster_13	0.7013
1255	Spectrogram 1	1	1685.000000	1686.500000	0	0	8	cluster_8	0.9616
1256	Spectrogram 1	1	1689.000000	1691.000000	0	0	0	cluster_0	0.9456
1257	Spectrogram 1	1	1690.750000	1691.250000	0	0	noise	cluster_noise	0.0000
1258	Spectrogram 1	1	1691.000000	1691.500000	0	0	13	cluster_13	0.9026
1259	Spectrogram 1	1	1691.250000	1691.750000	0	0	noise	cluster_noise	0.0000
1260	Spectrogram 1	1	1691.500000	1693.750000	0	0	0	cluster_0	0.9431
1261	Spectrogram 1	1	1693.500000	1694.750000	0	0	13	cluster_13	0.8061
1262	Spectrogram 1	1	1694.500000	1695.000000	0	0	noise	cluster_noise	0.0000
1263	Spectrogram 1	1	1694.750000	1695.250000	0	0	8	cluster_8	0.8437
1264	Spectrogram 1	1	1695.000000	1698.000000	0	0	6	cluster_6	0.9525
1265	Spectrogram 1	1	1697.750000	1698.250000	0	0	noise	cluster_noise	0.0000
1266	Spectrogram 1	1	1698.000000	1698.750000	0	0	13	cluster_13	0.8397
1267	Spectrogram 1	1	1698.500000	1701.000000	0	0	8	cluster_8	0.9495
1268	Spectrogram 1	1	1700.750000	1701.250000	0	0	noise	cluster_noise	0.0000
1269	Spectrogram 1	1	1701.000000	1701.500000	0	0	13	cluster_13	0.9976
1270	Spectrogram 1	1	1703.000000	1704.000000	0	0	0	cluster_0	0.9980
1271	Spectrogram 1	1	1703.750000	1704.250000	0	0	noise	cluster_noise	0.0000
1272	Spectrogram 1	1	1704.000000	1704.500000	0	0	13	cluster_13	0.7757
1273	Spectrogram 1	1	1704.250000	1704.750000	0	0	noise	cluster_noise	0.0000
1274	Spectrogram 1	1	1704.500000	1706.750000	0	0	0	cluster_0	0.9051
1275	Spectrogram 1	1	1706.500000	1707.000000	0	0	noise	cluster_noise	0.0000
1276	Spectrogram 1	1	1706.750000	1708.000000	0	0	13	cluster_13	0.8225
1277	Spectrogram 1	1	1707.750000	1708.250000	0	0	noise	cluster_noise	0.0000
1278	Spectrogram 1	1	1708.000000	1710.250000	0	0	6	cluster_6	0.9757
1279	Spectrogram 1	1	1710.000000	1710.500000	0	0	13	cluster_13	0.6407
1280	Spectrogram 1	1	1710.250000	1710.750000	0	0	noise	cluster_noise	0.0000
1281	Spectrogram 1	1	1710.500000	1711.000000	0	0	13	cluster_13	0.8401
1282	Spectrogram 1	1	1710.750000	1711.250000	0	0	noise	cluster_noise	0.0000
1283	Spectrogram 1	1	1711.000000	1711.750000	0	0	13	cluster_13	0.7534
1284	Spectrogram 1	1	1711.500000	1712.000000	0	0	noise	cluster_noise	0.0000
1285	Spectrogram 1	1	1711.750000	1713.750000	0	0	8	cluster_8	0.9764
1286	Spectrogram 1	1	1713.500000	1714.000000	0	0	noise	cluster_noise	0.0000
1287	Spectrogram 1	1	1713.750000	1714.500000	0	0	13	cluster_13	0.8009
1288	Spectrogram 1	1	1716.000000	1717.000000	0	0	0	cluster_0	1.0000
1289	Spectrogram 1	1	1716.750000	1717.250000	0	0	noise	cluster_noise	0.0000
1290	Spectrogram 1	1	1717.000000	1717.750000	0	0	13	cluster_13	0.8030
1291	Spectrogram 1	1	1717.500000	1719.750000	0	0	0	cluster_0	0.8982
1292	Spectrogram 1	1	1719.500000	1720.000000	0	0	noise	cluster_noise	0.0000
1293	Spectrogram 1	1	1719.750000	1721.250000	0	0	13	cluster_13	0.8412
1294	Spectrogram 1	1	1721.000000	1721.500000	0	0	noise	cluster_noise	0.0000
1295	Spectrogram 1	1	1721.250000	1724.250000	0	0	6	cluster_6	0.9506
1296	Spectrogram 1	1	1724.000000	1724.750000	0	0	noise	cluster_noise	0.0000
1297	Spectrogram 1	1	1724.500000	1725.000000	0	0	13	cluster_13	0.7955
1298	Spectrogram 1	1	1724.750000	1725.500000	0	0	noise	cluster_noise	0.0000
1299	Spectrogram 1	1	1725.250000	1727.250000	0	0	8	cluster_8	1.0000
1300	Spectrogram 1	1	1727.000000	1727.500000	0	0	noise	cluster_noise	0.0000
1301	Spectrogram 1	1	1729.000000	1730.500000	0	0	0	cluster_0	1.0000
1302	Spectrogram 1	1	1730.250000	1731.000000	0	0	13	cluster_13	0.7413
1303	Spectrogram 1	1	1730.750000	1731.500000	0	0	6	cluster_6	0.8682
1304	Spectrogram 1	1	1731.250000	1732.000000	0	0	0	cluster_0	0.9129
1305	Spectrogram 1	1	1731.750000	1732.250000	0	0	8	cluster_8	1.0000
1306	Spectrogram 1	1	1732.000000	1732.500000	0	0	0	cluster_0	1.0000
1307	Spectrogram 1	1	1732.250000	1732.750000	0	0	noise	cluster_noise	0.0000
1308	Spectrogram 1	1	1732.500000	1733.250000	0	0	13	cluster_13	0.9026
1309	Spectrogram 1	1	1733.000000	1733.750000	0	0	noise	cluster_noise	0.0000
1310	Spectrogram 1	1	1733.500000	1734.000000	0	0	13	cluster_13	0.9026
1311	Spectrogram 1	1	1733.750000	1734.500000	0	0	noise	cluster_noise	0.0000
1312	Spectrogram 1	1	1734.250000	1737.750000	0	0	6	cluster_6	0.9511
1313	Spectrogram 1	1	1737.500000	1738.500000	0	0	noise	cluster_noise	0.0000
1314	Spectrogram 1	1	1738.250000	1740.500000	0	0	8	cluster_8	0.9541
1315	Spectrogram 1	1	1740.250000	1741.250000	0	0	13	cluster_13	0.7308
1316	Spectrogram 1	1	1741.000000	1741.500000	0	0	noise	cluster_noise	0.0000
1317	Spectrogram 1	1	1743.000000	1743.750000	0	0	0	cluster_0	0.7479
1318	Spectrogram 1	1	1743.500000	1744.000000	0	0	noise	cluster_noise	0.0000
1319	Spectrogram 1	1	1743.750000	1744.500000	0	0	6	cluster_6	0.9459
1320	Spectrogram 1	1	1744.250000	1746.500000	0	0	0	cluster_0	0.9643
1321	Spectrogram 1	1	1746.250000	1746.750000	0	0	noise	cluster_noise	0.0000
1322	Spectrogram 1	1	1746.500000	1747.500000	0	0	13	cluster_13	0.7352
1323	Spectrogram 1	1	1747.250000	1750.000000	0	0	6	cluster_6	0.9337
1324	Spectrogram 1	1	1749.750000	1750.250000	0	0	noise	cluster_noise	0.0000
1325	Spectrogram 1	1	1750.000000	1750.500000	0	0	13	cluster_13	0.8836
1326	Spectrogram 1	1	1750.250000	1752.500000	0	0	8	cluster_8	0.9668
1327	Spectrogram 1	1	1752.250000	1753.750000	0	0	13	cluster_13	0.8560
1328	Spectrogram 1	1	1753.500000	1754.250000	0	0	6	cluster_6	0.9034
1329	Spectrogram 1	1	1754.000000	1754.500000	0	0	0	cluster_0	0.8258
1330	Spectrogram 1	1	1756.000000	1756.750000	0	0	6	cluster_6	0.9294
1331	Spectrogram 1	1	1756.500000	1757.750000	0	0	0	cluster_0	0.9565
1332	Spectrogram 1	1	1757.500000	1758.000000	0	0	6	cluster_6	0.9145
1333	Spectrogram 1	1	1757.750000	1759.000000	0	0	13	cluster_13	0.9602
1334	Spectrogram 1	1	1758.750000	1759.250000	0	0	noise	cluster_noise	0.0000
1335	Spectrogram 1	1	1759.000000	1759.500000	0	0	13	cluster_13	0.7491
1336	Spectrogram 1	1	1759.250000	1762.250000	0	0	6	cluster_6	0.9594
1337	Spectrogram 1	1	1762.000000	1763.000000	0	0	noise	cluster_noise	0.0000
1338	Spectrogram 1	1	1762.750000	1764.500000	0	0	8	cluster_8	1.0000
1339	Spectrogram 1	1	1764.250000	1765.000000	0	0	noise	cluster_noise	0.0000
1340	Spectrogram 1	1	1764.750000	1765.750000	0	0	13	cluster_13	0.9039
1341	Spectrogram 1	1	1765.500000	1766.250000	0	0	6	cluster_6	0.9178
1342	Spectrogram 1	1	1766.000000	1766.500000	0	0	0	cluster_0	0.8258
1343	Spectrogram 1	1	1768.000000	1768.750000	0	0	6	cluster_6	0.9916
1344	Spectrogram 1	1	1768.500000	1769.500000	0	0	0	cluster_0	0.8857
1345	Spectrogram 1	1	1769.250000	1770.000000	0	0	6	cluster_6	0.9953
1346	Spectrogram 1	1	1769.750000	1771.750000	0	0	13	cluster_13	0.7607
1347	Spectrogram 1	1	1771.500000	1774.250000	0	0	6	cluster_6	1.0000
1348	Spectrogram 1	1	1774.000000	1774.500000	0	0	noise	cluster_noise	0.0000
1349	Spectrogram 1	1	1774.250000	1774.750000	0	0	13	cluster_13	0.6887
1350	Spectrogram 1	1	1774.500000	1775.000000	0	0	noise	cluster_noise	0.0000
1351	Spectrogram 1	1	1774.750000	1777.000000	0	0	8	cluster_8	0.9859
1352	Spectrogram 1	1	1776.750000	1777.250000	0	0	noise	cluster_noise	0.0000
1353	Spectrogram 1	1	1777.000000	1778.250000	0	0	13	cluster_13	0.8149
1354	Spectrogram 1	1	1778.000000	1778.750000	0	0	6	cluster_6	0.9717
1355	Spectrogram 1	1	1778.500000	1779.500000	0	0	0	cluster_0	0.9419
1356	Spectrogram 1	1	1780.000000	1780.500000	0	0	noise	cluster_noise	0.0000
1357	Spectrogram 1	1	1780.250000	1780.750000	0	0	13	cluster_13	0.6744
1358	Spectrogram 1	1	1780.500000	1781.250000	0	0	6	cluster_6	1.0000
1359	Spectrogram 1	1	1781.000000	1782.000000	0	0	0	cluster_0	0.8839
1360	Spectrogram 1	1	1781.750000	1782.250000	0	0	6	cluster_6	0.8584
1361	Spectrogram 1	1	1782.000000	1782.750000	0	0	0	cluster_0	0.8681
1362	Spectrogram 1	1	1782.500000	1783.000000	0	0	noise	cluster_noise	0.0000
1363	Spectrogram 1	1	1782.750000	1784.000000	0	0	13	cluster_13	0.7762
1364	Spectrogram 1	1	1783.750000	1784.250000	0	0	noise	cluster_noise	0.0000
1365	Spectrogram 1	1	1784.000000	1786.500000	0	0	6	cluster_6	0.9972
1366	Spectrogram 1	1	1786.250000	1786.750000	0	0	noise	cluster_noise	0.0000
1367	Spectrogram 1	1	1786.500000	1787.000000	0	0	13	cluster_13	1.0000
1368	Spectrogram 1	1	1786.750000	1787.250000	0	0	noise	cluster_noise	0.0000
1369	Spectrogram 1	1	1787.000000	1789.500000	0	0	8	cluster_8	0.9451
1370	Spectrogram 1	1	1789.250000	1789.750000	0	0	13	cluster_13	0.7453
1371	Spectrogram 1	1	1789.500000	1790.750000	0	0	noise	cluster_noise	0.0000
1372	Spectrogram 1	1	1790.500000	1791.000000	0	0	6	cluster_6	1.0000
1373	Spectrogram 1	1	1790.750000	1791.500000	0	0	0	cluster_0	0.7099
1374	Spectrogram 1	1	1793.000000	1793.500000	0	0	noise	cluster_noise	0.0000
1375	Spectrogram 1	1	1793.250000	1794.750000	0	0	13	cluster_13	0.7734
1376	Spectrogram 1	1	1794.500000	1797.250000	0	0	6	cluster_6	0.9581
1377	Spectrogram 1	1	1797.000000	1797.750000	0	0	noise	cluster_noise	0.0000
1378	Spectrogram 1	1	1797.500000	1800.000000	0	0	8	cluster_8	0.9996
1379	Spectrogram 1	1	1799.750000	1801.000000	0	0	13	cluster_13	0.8695
1380	Spectrogram 1	1	1800.750000	1801.500000	0	0	6	cluster_6	1.0000
1381	Spectrogram 1	1	1801.250000	1801.750000	0	0	noise	cluster_noise	0.0000
1382	Spectrogram 1	1	1801.500000	1803.500000	0	0	0	cluster_0	0.9751
1383	Spectrogram 1	1	1803.250000	1803.750000	0	0	6	cluster_6	0.6910
1384	Spectrogram 1	1	1803.500000	1804.500000	0	0	13	cluster_13	0.9111
1385	Spectrogram 1	1	1806.000000	1807.500000	0	0	6	cluster_6	0.9722
1386	Spectrogram 1	1	1807.250000	1808.250000	0	0	8	cluster_8	0.9363
1387	Spectrogram 1	1	1808.000000	1808.750000	0	0	noise	cluster_noise	0.0000
1388	Spectrogram 1	1	1808.500000	1809.750000	0	0	8	cluster_8	1.0000
1389	Spectrogram 1	1	1809.500000	1810.000000	0	0	noise	cluster_noise	0.0000
1390	Spectrogram 1	1	1809.750000	1810.750000	0	0	9	cluster_9	0.9324
1391	Spectrogram 1	1	1810.500000	1811.000000	0	0	noise	cluster_noise	0.0000
1392	Spectrogram 1	1	1810.750000	1811.250000	0	0	13	cluster_13	0.9026
1393	Spectrogram 1	1	1811.000000	1811.500000	0	0	noise	cluster_noise	0.0000
1394	Spectrogram 1	1	1811.250000	1812.000000	0	0	6	cluster_6	0.9189
1395	Spectrogram 1	1	1811.750000	1814.000000	0	0	0	cluster_0	0.9026
1396	Spectrogram 1	1	1813.750000	1814.250000	0	0	noise	cluster_noise	0.0000
1397	Spectrogram 1	1	1814.000000	1814.500000	0	0	13	cluster_13	0.6902
1398	Spectrogram 1	1	1816.000000	1818.000000	0	0	6	cluster_6	0.9345
1399	Spectrogram 1	1	1817.750000	1819.000000	0	0	8	cluster_8	0.9366
1400	Spectrogram 1	1	1818.750000	1819.250000	0	0	noise	cluster_noise	0.0000
1401	Spectrogram 1	1	1819.000000	1821.000000	0	0	8	cluster_8	0.9694
1402	Spectrogram 1	1	1820.750000	1821.500000	0	0	13	cluster_13	0.9395
1403	Spectrogram 1	1	1821.250000	1822.000000	0	0	noise	cluster_noise	0.0000
1404	Spectrogram 1	1	1821.750000	1822.500000	0	0	6	cluster_6	0.9397
1405	Spectrogram 1	1	1822.250000	1824.250000	0	0	0	cluster_0	0.9455
1406	Spectrogram 1	1	1824.000000	1824.500000	0	0	13	cluster_13	0.7291
1407	Spectrogram 1	1	1824.250000	1824.750000	0	0	noise	cluster_noise	0.0000
1408	Spectrogram 1	1	1824.500000	1825.000000	0	0	6	cluster_6	0.6714
1409	Spectrogram 1	1	1824.750000	1826.750000	0	0	0	cluster_0	0.8897
1410	Spectrogram 1	1	1826.500000	1827.250000	0	0	13	cluster_13	0.8662
1411	Spectrogram 1	1	1827.000000	1827.750000	0	0	noise	cluster_noise	0.0000
1412	Spectrogram 1	1	1827.500000	1828.000000	0	0	13	cluster_13	0.7880
1413	Spectrogram 1	1	1827.750000	1828.250000	0	0	noise	cluster_noise	0.0000
1414	Spectrogram 1	1	1828.000000	1831.000000	0	0	6	cluster_6	0.9556
1415	Spectrogram 1	1	1830.750000	1831.250000	0	0	noise	cluster_noise	0.0000
1416	Spectrogram 1	1	1831.000000	1832.000000	0	0	8	cluster_8	1.0000
1417	Spectrogram 1	1	1831.750000	1832.250000	0	0	noise	cluster_noise	0.0000
1418	Spectrogram 1	1	1832.000000	1832.750000	0	0	8	cluster_8	0.8011
1419	Spectrogram 1	1	1832.500000	1833.750000	0	0	13	cluster_13	0.8213
1420	Spectrogram 1	1	1833.500000	1834.250000	0	0	noise	cluster_noise	0.0000
1421	Spectrogram 1	1	1834.000000	1834.500000	0	0	6	cluster_6	0.8286
1422	Spectrogram 1	1	1834.250000	1836.000000	0	0	0	cluster_0	0.9129
1423	Spectrogram 1	1	1835.750000	1836.250000	0	0	14	cluster_14	0.7332
1424	Spectrogram 1	1	1836.000000	1836.500000	0	0	noise	cluster_noise	0.0000
1425	Spectrogram 1	1	1837.000000	1838.500000	0	0	0	cluster_0	0.9582
1426	Spectrogram 1	1	1838.250000	1839.000000	0	0	noise	cluster_noise	0.0000
1427	Spectrogram 1	1	1838.750000	1839.250000	0	0	9	cluster_9	0.9335
1428	Spectrogram 1	1	1839.000000	1839.750000	0	0	13	cluster_13	0.7289
1429	Spectrogram 1	1	1839.500000	1842.750000	0	0	6	cluster_6	0.9182
1430	Spectrogram 1	1	1842.500000	1843.000000	0	0	noise	cluster_noise	0.0000
1431	Spectrogram 1	1	1842.750000	1843.750000	0	0	8	cluster_8	0.9436
1432	Spectrogram 1	1	1843.500000	1844.000000	0	0	noise	cluster_noise	0.0000
1433	Spectrogram 1	1	1843.750000	1844.250000	0	0	8	cluster_8	0.7830
1434	Spectrogram 1	1	1844.000000	1844.500000	0	0	noise	cluster_noise	0.0000
1435	Spectrogram 1	1	1844.250000	1846.250000	0	0	13	cluster_13	0.7987
1436	Spectrogram 1	1	1846.000000	1846.500000	0	0	14	cluster_14	0.8674
1437	Spectrogram 1	1	1846.250000	1846.750000	0	0	11	cluster_11	0.7598
1438	Spectrogram 1	1	1846.500000	1847.000000	0	0	14	cluster_14	1.0000
1439	Spectrogram 1	1	1846.750000	1847.500000	0	0	6	cluster_6	0.9598
1440	Spectrogram 1	1	1847.250000	1848.000000	0	0	0	cluster_0	0.9129
1441	Spectrogram 1	1	1847.750000	1848.500000	0	0	6	cluster_6	0.9280
1442	Spectrogram 1	1	1848.250000	1848.750000	0	0	noise	cluster_noise	0.0000
1443	Spectrogram 1	1	1848.500000	1850.250000	0	0	13	cluster_13	0.9319
1444	Spectrogram 1	1	1850.000000	1850.500000	0	0	noise	cluster_noise	0.0000
1445	Spectrogram 1	1	1850.250000	1852.500000	0	0	6	cluster_6	1.0000
1446	Spectrogram 1	1	1852.250000	1853.750000	0	0	8	cluster_8	0.9279
1447	Spectrogram 1	1	1853.500000	1854.250000	0	0	noise	cluster_noise	0.0000
1448	Spectrogram 1	1	1854.000000	1855.000000	0	0	13	cluster_13	1.0000
1449	Spectrogram 1	1	1854.750000	1855.250000	0	0	noise	cluster_noise	0.0000
1450	Spectrogram 1	1	1855.000000	1855.750000	0	0	8	cluster_8	0.9058
1451	Spectrogram 1	1	1855.500000	1857.250000	0	0	13	cluster_13	0.8690
1452	Spectrogram 1	1	1857.000000	1857.500000	0	0	noise	cluster_noise	0.0000
1453	Spectrogram 1	1	1857.250000	1857.750000	0	0	14	cluster_14	0.8058
1454	Spectrogram 1	1	1857.500000	1858.000000	0	0	noise	cluster_noise	0.0000
1455	Spectrogram 1	1	1857.750000	1858.500000	0	0	11	cluster_11	1.0000
1456	Spectrogram 1	1	1858.250000	1859.000000	0	0	14	cluster_14	0.9204
1457	Spectrogram 1	1	1858.750000	1859.250000	0	0	noise	cluster_noise	0.0000
1458	Spectrogram 1	1	1859.000000	1859.750000	0	0	13	cluster_13	0.6292
1459	Spectrogram 1	1	1859.500000	1860.000000	0	0	6	cluster_6	0.8701
1460	Spectrogram 1	1	1859.750000	1861.750000	0	0	13	cluster_13	0.8374
1461	Spectrogram 1	1	1861.500000	1864.000000	0	0	6	cluster_6	1.0000
1462	Spectrogram 1	1	1863.750000	1864.250000	0	0	noise	cluster_noise	0.0000
1463	Spectrogram 1	1	1864.000000	1865.000000	0	0	8	cluster_8	0.9581
1464	Spectrogram 1	1	1864.750000	1865.250000	0	0	13	cluster_13	0.7194
1465	Spectrogram 1	1	1865.000000	1865.750000	0	0	noise	cluster_noise	0.0000
1466	Spectrogram 1	1	1865.500000	1866.500000	0	0	13	cluster_13	0.7493
1467	Spectrogram 1	1	1866.250000	1866.750000	0	0	noise	cluster_noise	0.0000
1468	Spectrogram 1	1	1866.500000	1868.750000	0	0	13	cluster_13	0.8757
1469	Spectrogram 1	1	1868.500000	1869.250000	0	0	noise	cluster_noise	0.0000
1470	Spectrogram 1	1	1869.000000	1870.000000	0	0	11	cluster_11	0.9721
1471	Spectrogram 1	1	1869.750000	1870.250000	0	0	14	cluster_14	0.8624
1472	Spectrogram 1	1	1870.000000	1870.750000	0	0	noise	cluster_noise	0.0000
1473	Spectrogram 1	1	1870.500000	1871.000000	0	0	13	cluster_13	0.6233
1474	Spectrogram 1	1	1870.750000	1871.250000	0	0	noise	cluster_noise	0.0000
1475	Spectrogram 1	1	1871.000000	1872.500000	0	0	13	cluster_13	0.8018
1476	Spectrogram 1	1	1873.000000	1875.250000	0	0	6	cluster_6	1.0000
1477	Spectrogram 1	1	1875.000000	1875.500000	0	0	noise	cluster_noise	0.0000
1478	Spectrogram 1	1	1875.250000	1876.000000	0	0	8	cluster_8	0.8163
1479	Spectrogram 1	1	1875.750000	1876.250000	0	0	6	cluster_6	1.0000
1480	Spectrogram 1	1	1876.000000	1877.000000	0	0	13	cluster_13	0.7508
1481	Spectrogram 1	1	1876.750000	1877.500000	0	0	8	cluster_8	0.8122
1482	Spectrogram 1	1	1877.250000	1878.250000	0	0	13	cluster_13	0.8595
1483	Spectrogram 1	1	1878.000000	1878.750000	0	0	8	cluster_8	0.8620
1484	Spectrogram 1	1	1878.500000	1880.500000	0	0	13	cluster_13	0.9171
1485	Spectrogram 1	1	1880.250000	1881.000000	0	0	noise	cluster_noise	0.0000
1486	Spectrogram 1	1	1880.750000	1881.500000	0	0	11	cluster_11	0.9036
1487	Spectrogram 1	1	1881.250000	1882.000000	0	0	14	cluster_14	0.9044
1488	Spectrogram 1	1	1881.750000	1883.000000	0	0	noise	cluster_noise	0.0000
1489	Spectrogram 1	1	1882.750000	1883.500000	0	0	13	cluster_13	0.7701
1490	Spectrogram 1	1	1885.000000	1887.250000	0	0	6	cluster_6	0.9674
1491	Spectrogram 1	1	1887.000000	1887.500000	0	0	noise	cluster_noise	0.0000
1492	Spectrogram 1	1	1887.250000	1888.000000	0	0	8	cluster_8	0.8466
1493	Spectrogram 1	1	1887.750000	1888.250000	0	0	noise	cluster_noise	0.0000
1494	Spectrogram 1	1	1888.000000	1889.000000	0	0	13	cluster_13	0.8219
1495	Spectrogram 1	1	1888.750000	1889.250000	0	0	noise	cluster_noise	0.0000
1496	Spectrogram 1	1	1889.000000	1889.500000	0	0	8	cluster_8	0.7777
1497	Spectrogram 1	1	1889.250000	1890.000000	0	0	noise	cluster_noise	0.0000
1498	Spectrogram 1	1	1889.750000	1892.250000	0	0	13	cluster_13	0.9219
1499	Spectrogram 1	1	1892.000000	1892.750000	0	0	noise	cluster_noise	0.0000
1500	Spectrogram 1	1	1892.500000	1893.250000	0	0	11	cluster_11	0.7849
1501	Spectrogram 1	1	1893.000000	1893.750000	0	0	14	cluster_14	0.9006
1502	Spectrogram 1	1	1893.500000	1894.250000	0	0	noise	cluster_noise	0.0000
1503	Spectrogram 1	1	1894.000000	1894.500000	0	0	13	cluster_13	0.6292
1504	Spectrogram 1	1	1896.000000	1896.500000	0	0	noise	cluster_noise	0.0000
1505	Spectrogram 1	1	1896.250000	1899.000000	0	0	6	cluster_6	0.9738
1506	Spectrogram 1	1	1898.750000	1899.750000	0	0	8	cluster_8	0.8782
1507	Spectrogram 1	1	1899.500000	1900.250000	0	0	noise	cluster_noise	0.0000
1508	Spectrogram 1	1	1900.000000	1900.500000	0	0	13	cluster_13	0.6423
1509	Spectrogram 1	1	1900.250000	1900.750000	0	0	noise	cluster_noise	0.0000
1510	Spectrogram 1	1	1900.500000	1901.250000	0	0	8	cluster_8	0.8659
1511	Spectrogram 1	1	1901.000000	1901.500000	0	0	13	cluster_13	0.8179
1512	Spectrogram 1	1	1901.250000	1902.000000	0	0	noise	cluster_noise	0.0000
1513	Spectrogram 1	1	1901.750000	1903.250000	0	0	13	cluster_13	0.8037
1514	Spectrogram 1	1	1903.000000	1904.000000	0	0	noise	cluster_noise	0.0000
1515	Spectrogram 1	1	1903.750000	1904.750000	0	0	11	cluster_11	0.9797
1516	Spectrogram 1	1	1904.500000	1905.250000	0	0	14	cluster_14	0.9140
1517	Spectrogram 1	1	1905.000000	1906.250000	0	0	noise	cluster_noise	0.0000
1518	Spectrogram 1	1	1906.000000	1906.500000	0	0	13	cluster_13	0.7881
1519	Spectrogram 1	1	1908.000000	1910.250000	0	0	6	cluster_6	0.9646
1520	Spectrogram 1	1	1910.000000	1910.500000	0	0	noise	cluster_noise	0.0000
1521	Spectrogram 1	1	1910.250000	1911.000000	0	0	8	cluster_8	0.8060
1522	Spectrogram 1	1	1910.750000	1911.750000	0	0	noise	cluster_noise	0.0000
1523	Spectrogram 1	1	1911.500000	1912.000000	0	0	13	cluster_13	0.6840
1524	Spectrogram 1	1	1911.750000	1912.500000	0	0	8	cluster_8	0.8961
1525	Spectrogram 1	1	1912.250000	1913.500000	0	0	13	cluster_13	0.8742
1526	Spectrogram 1	1	1913.250000	1913.750000	0	0	noise	cluster_noise	0.0000
1527	Spectrogram 1	1	1913.500000	1914.250000	0	0	13	cluster_13	0.8412
1528	Spectrogram 1	1	1914.000000	1914.500000	0	0	14	cluster_14	0.7348
1529	Spectrogram 1	1	1914.250000	1914.750000	0	0	noise	cluster_noise	0.0000
1530	Spectrogram 1	1	1914.500000	1915.750000	0	0	11	cluster_11	0.9623
1531	Spectrogram 1	1	1915.500000	1916.000000	0	0	noise	cluster_noise	0.0000
1532	Spectrogram 1	1	1915.750000	1916.250000	0	0	14	cluster_14	0.9112
1533	Spectrogram 1	1	1916.000000	1916.500000	0	0	noise	cluster_noise	0.0000
1534	Spectrogram 1	1	1916.250000	1916.750000	0	0	12	cluster_12	1.0000
1535	Spectrogram 1	1	1916.500000	1917.000000	0	0	14	cluster_14	0.7380
1536	Spectrogram 1	1	1916.750000	1917.250000	0	0	noise	cluster_noise	0.0000
1537	Spectrogram 1	1	1917.000000	1918.500000	0	0	13	cluster_13	0.8992
1538	Spectrogram 1	1	1920.000000	1921.250000	0	0	6	cluster_6	1.0000
1539	Spectrogram 1	1	1921.000000	1921.500000	0	0	noise	cluster_noise	0.0000
1540	Spectrogram 1	1	1921.250000	1922.000000	0	0	8	cluster_8	0.8588
1541	Spectrogram 1	1	1921.750000	1923.000000	0	0	noise	cluster_noise	0.0000
1542	Spectrogram 1	1	1922.750000	1923.250000	0	0	8	cluster_8	0.7794
1543	Spectrogram 1	1	1923.000000	1923.500000	0	0	noise	cluster_noise	0.0000
1544	Spectrogram 1	1	1923.250000	1924.000000	0	0	13	cluster_13	0.7723
1545	Spectrogram 1	1	1923.750000	1925.000000	0	0	noise	cluster_noise	0.0000
1546	Spectrogram 1	1	1924.750000	1925.500000	0	0	13	cluster_13	0.8779
1547	Spectrogram 1	1	1925.250000	1926.000000	0	0	noise	cluster_noise	0.0000
1548	Spectrogram 1	1	1925.750000	1927.250000	0	0	11	cluster_11	1.0000
1549	Spectrogram 1	1	1927.000000	1927.500000	0	0	14	cluster_14	0.8382
1550	Spectrogram 1	1	1927.250000	1928.500000	0	0	noise	cluster_noise	0.0000
1551	Spectrogram 1	1	1928.250000	1929.500000	0	0	13	cluster_13	0.8291
1552	Spectrogram 1	1	1930.000000	1932.500000	0	0	6	cluster_6	1.0000
1553	Spectrogram 1	1	1932.250000	1933.000000	0	0	noise	cluster_noise	0.0000
1554	Spectrogram 1	1	1932.750000	1933.750000	0	0	8	cluster_8	0.9031
1555	Spectrogram 1	1	1933.500000	1934.000000	0	0	13	cluster_13	0.7951
1556	Spectrogram 1	1	1933.750000	1934.500000	0	0	noise	cluster_noise	0.0000
1557	Spectrogram 1	1	1934.250000	1935.500000	0	0	13	cluster_13	0.9117
1558	Spectrogram 1	1	1935.250000	1935.750000	0	0	noise	cluster_noise	0.0000
1559	Spectrogram 1	1	1935.500000	1936.500000	0	0	13	cluster_13	0.7661
1560	Spectrogram 1	1	1936.250000	1936.750000	0	0	noise	cluster_noise	0.0000
1561	Spectrogram 1	1	1936.500000	1937.000000	0	0	14	cluster_14	0.8175
1562	Spectrogram 1	1	1936.750000	1938.000000	0	0	11	cluster_11	0.8935
1563	Spectrogram 1	1	1937.750000	1938.500000	0	0	14	cluster_14	0.8103
1564	Spectrogram 1	1	1938.250000	1938.750000	0	0	noise	cluster_noise	0.0000
1565	Spectrogram 1	1	1938.500000	1939.000000	0	0	13	cluster_13	0.6267
1566	Spectrogram 1	1	1938.750000	1939.250000	0	0	noise	cluster_noise	0.0000
1567	Spectrogram 1	1	1939.000000	1939.500000	0	0	13	cluster_13	0.9026
1568	Spectrogram 1	1	1939.250000	1940.000000	0	0	noise	cluster_noise	0.0000
1569	Spectrogram 1	1	1939.750000	1940.500000	0	0	13	cluster_13	0.8883
1570	Spectrogram 1	1	1943.000000	1943.750000	0	0	noise	cluster_noise	0.0000
1571	Spectrogram 1	1	1943.500000	1944.000000	0	0	0	cluster_0	1.0000
1572	Spectrogram 1	1	1943.750000	1944.250000	0	0	noise	cluster_noise	0.0000
1573	Spectrogram 1	1	1944.000000	1944.500000	0	0	6	cluster_6	0.6802
1574	Spectrogram 1	1	1944.250000	1947.500000	0	0	13	cluster_13	0.8570
1575	Spectrogram 1	1	1947.250000	1948.000000	0	0	noise	cluster_noise	0.0000
1576	Spectrogram 1	1	1947.750000	1949.000000	0	0	11	cluster_11	1.0000
1577	Spectrogram 1	1	1948.750000	1949.250000	0	0	14	cluster_14	1.0000
1578	Spectrogram 1	1	1949.000000	1949.500000	0	0	noise	cluster_noise	0.0000
1579	Spectrogram 1	1	1949.250000	1950.750000	0	0	13	cluster_13	0.7677
1580	Spectrogram 1	1	1950.500000	1951.000000	0	0	noise	cluster_noise	0.0000
1581	Spectrogram 1	1	1950.750000	1951.500000	0	0	13	cluster_13	0.9355
1582	Spectrogram 1	1	1951.250000	1951.750000	0	0	noise	cluster_noise	0.0000
1583	Spectrogram 1	1	1951.500000	1954.000000	0	0	6	cluster_6	0.9673
1584	Spectrogram 1	1	1953.750000	1954.250000	0	0	14	cluster_14	0.7359
1585	Spectrogram 1	1	1954.000000	1954.750000	0	0	noise	cluster_noise	0.0000
1586	Spectrogram 1	1	1954.500000	1955.000000	0	0	10	cluster_10	0.5286
1587	Spectrogram 1	1	1954.750000	1955.250000	0	0	13	cluster_13	0.6547
1588	Spectrogram 1	1	1955.000000	1955.500000	0	0	noise	cluster_noise	0.0000
1589	Spectrogram 1	1	1955.250000	1956.000000	0	0	13	cluster_13	0.6855
1590	Spectrogram 1	1	1955.750000	1956.250000	0	0	noise	cluster_noise	0.0000
1591	Spectrogram 1	1	1956.000000	1957.000000	0	0	14	cluster_14	0.8616
1592	Spectrogram 1	1	1956.750000	1957.250000	0	0	10	cluster_10	0.5613
1593	Spectrogram 1	1	1957.000000	1957.500000	0	0	13	cluster_13	0.6669
1594	Spectrogram 1	1	1957.250000	1957.750000	0	0	noise	cluster_noise	0.0000
1595	Spectrogram 1	1	1957.500000	1958.000000	0	0	13	cluster_13	0.6236
1596	Spectrogram 1	1	1957.750000	1958.250000	0	0	noise	cluster_noise	0.0000
1597	Spectrogram 1	1	1958.000000	1958.500000	0	0	14	cluster_14	0.8441
1598	Spectrogram 1	1	1958.250000	1958.750000	0	0	noise	cluster_noise	0.0000
1599	Spectrogram 1	1	1958.500000	1959.000000	0	0	14	cluster_14	0.7821
1600	Spectrogram 1	1	1958.750000	1959.500000	0	0	noise	cluster_noise	0.0000
1601	Spectrogram 1	1	1959.250000	1959.750000	0	0	13	cluster_13	0.6240
1602	Spectrogram 1	1	1959.500000	1960.000000	0	0	noise	cluster_noise	0.0000
1603	Spectrogram 1	1	1959.750000	1960.500000	0	0	14	cluster_14	0.8407
1604	Spectrogram 1	1	1960.250000	1960.750000	0	0	noise	cluster_noise	0.0000
1605	Spectrogram 1	1	1960.500000	1961.000000	0	0	14	cluster_14	1.0000
1606	Spectrogram 1	1	1960.750000	1961.750000	0	0	noise	cluster_noise	0.0000
1607	Spectrogram 1	1	1961.500000	1963.000000	0	0	13	cluster_13	0.7793
1608	Spectrogram 1	1	1962.750000	1965.750000	0	0	6	cluster_6	1.0000
1609	Spectrogram 1	1	1965.500000	1966.750000	0	0	noise	cluster_noise	0.0000
1610	Spectrogram 1	1	1966.500000	1967.000000	0	0	13	cluster_13	0.9217
1611	Spectrogram 1	1	1966.750000	1969.250000	0	0	6	cluster_6	0.9923
1612	Spectrogram 1	1	1969.000000	1969.500000	0	0	noise	cluster_noise	0.0000
1613	Spectrogram 1	1	1969.250000	1970.250000	0	0	14	cluster_14	0.8764
1614	Spectrogram 1	1	1970.000000	1970.500000	0	0	10	cluster_10	0.5116
1615	Spectrogram 1	1	1970.250000	1971.000000	0	0	noise	cluster_noise	0.0000
1616	Spectrogram 1	1	1970.750000	1971.500000	0	0	13	cluster_13	0.7234
1617	Spectrogram 1	1	1971.250000	1971.750000	0	0	noise	cluster_noise	0.0000
1618	Spectrogram 1	1	1971.500000	1972.250000	0	0	14	cluster_14	0.8769
1619	Spectrogram 1	1	1972.000000	1972.500000	0	0	noise	cluster_noise	0.0000
1620	Spectrogram 1	1	1972.250000	1972.750000	0	0	13	cluster_13	0.6818
1621	Spectrogram 1	1	1972.500000	1973.500000	0	0	noise	cluster_noise	0.0000
1622	Spectrogram 1	1	1973.250000	1973.750000	0	0	14	cluster_14	0.7456
1623	Spectrogram 1	1	1973.500000	1974.500000	0	0	noise	cluster_noise	0.0000
1624	Spectrogram 1	1	1974.250000	1974.750000	0	0	13	cluster_13	0.6611
1625	Spectrogram 1	1	1974.500000	1975.250000	0	0	noise	cluster_noise	0.0000
1626	Spectrogram 1	1	1975.000000	1975.500000	0	0	13	cluster_13	0.8441
1627	Spectrogram 1	1	1975.250000	1975.750000	0	0	noise	cluster_noise	0.0000
1628	Spectrogram 1	1	1975.500000	1976.500000	0	0	14	cluster_14	0.8502
1629	Spectrogram 1	1	1976.250000	1977.000000	0	0	noise	cluster_noise	0.0000
1630	Spectrogram 1	1	1976.750000	1977.250000	0	0	13	cluster_13	0.6369
1631	Spectrogram 1	1	1977.000000	1977.500000	0	0	noise	cluster_noise	0.0000
1632	Spectrogram 1	1	1977.250000	1978.250000	0	0	13	cluster_13	0.8263
1633	Spectrogram 1	1	1978.000000	1978.500000	0	0	noise	cluster_noise	0.0000
1634	Spectrogram 1	1	1978.250000	1981.250000	0	0	6	cluster_6	0.9752
1635	Spectrogram 1	1	1981.000000	1981.750000	0	0	noise	cluster_noise	0.0000
1636	Spectrogram 1	1	1981.500000	1982.500000	0	0	13	cluster_13	0.7518
1637	Spectrogram 1	1	1982.250000	1982.750000	0	0	noise	cluster_noise	0.0000
1638	Spectrogram 1	1	1982.500000	1984.750000	0	0	6	cluster_6	0.9779
1639	Spectrogram 1	1	1984.500000	1985.250000	0	0	noise	cluster_noise	0.0000
1640	Spectrogram 1	1	1985.000000	1985.750000	0	0	14	cluster_14	0.8570
1641	Spectrogram 1	1	1985.500000	1986.000000	0	0	noise	cluster_noise	0.0000
1642	Spectrogram 1	1	1985.750000	1986.250000	0	0	10	cluster_10	0.5218
1643	Spectrogram 1	1	1986.000000	1986.500000	0	0	noise	cluster_noise	0.0000
1644	Spectrogram 1	1	1986.250000	1987.250000	0	0	13	cluster_13	0.7417
1645	Spectrogram 1	1	1987.000000	1988.000000	0	0	14	cluster_14	0.8339
1646	Spectrogram 1	1	1987.750000	1988.250000	0	0	10	cluster_10	0.5265
1647	Spectrogram 1	1	1988.000000	1988.500000	0	0	noise	cluster_noise	0.0000
1648	Spectrogram 1	1	1988.250000	1989.000000	0	0	13	cluster_13	0.6542
1649	Spectrogram 1	1	1988.750000	1989.500000	0	0	noise	cluster_noise	0.0000
1650	Spectrogram 1	1	1989.250000	1990.000000	0	0	14	cluster_14	0.8774
1651	Spectrogram 1	1	1989.750000	1990.250000	0	0	10	cluster_10	0.6563
1652	Spectrogram 1	1	1990.000000	1990.500000	0	0	noise	cluster_noise	0.0000
1653	Spectrogram 1	1	1990.250000	1990.750000	0	0	13	cluster_13	0.6579
1654	Spectrogram 1	1	1990.500000	1991.250000	0	0	noise	cluster_noise	0.0000
1655	Spectrogram 1	1	1991.000000	1991.500000	0	0	14	cluster_14	0.7625
1656	Spectrogram 1	1	1991.250000	1991.750000	0	0	noise	cluster_noise	0.0000
1657	Spectrogram 1	1	1991.500000	1992.000000	0	0	14	cluster_14	0.8334
1658	Spectrogram 1	1	1991.750000	1992.250000	0	0	noise	cluster_noise	0.0000
1659	Spectrogram 1	1	1992.000000	1992.500000	0	0	13	cluster_13	0.6530
1660	Spectrogram 1	1	1992.250000	1992.750000	0	0	noise	cluster_noise	0.0000
1661	Spectrogram 1	1	1992.500000	1993.500000	0	0	13	cluster_13	0.8166
1662	Spectrogram 1	1	1993.250000	1994.000000	0	0	noise	cluster_noise	0.0000
1663	Spectrogram 1	1	1993.750000	1997.000000	0	0	6	cluster_6	0.9869
1664	Spectrogram 1	1	1996.750000	1997.500000	0	0	noise	cluster_noise	0.0000
1665	Spectrogram 1	1	1997.250000	1998.250000	0	0	13	cluster_13	0.8154
1666	Spectrogram 1	1	1998.000000	2000.250000	0	0	6	cluster_6	1.0000
1667	Spectrogram 1	1	2000.000000	2000.500000	0	0	noise	cluster_noise	0.0000
1668	Spectrogram 1	1	2000.250000	2001.000000	0	0	13	cluster_13	0.8183
1669	Spectrogram 1	1	2000.750000	2001.250000	0	0	14	cluster_14	0.9001
1670	Spectrogram 1	1	2001.000000	2002.000000	0	0	noise	cluster_noise	0.0000
1671	Spectrogram 1	1	2001.750000	2003.000000	0	0	13	cluster_13	0.7594
1672	Spectrogram 1	1	2002.750000	2003.250000	0	0	noise	cluster_noise	0.0000
1673	Spectrogram 1	1	2003.000000	2004.000000	0	0	14	cluster_14	0.8740
1674	Spectrogram 1	1	2003.750000	2004.250000	0	0	noise	cluster_noise	0.0000
1675	Spectrogram 1	1	2004.000000	2004.500000	0	0	13	cluster_13	0.7458
1676	Spectrogram 1	1	2004.250000	2005.500000	0	0	noise	cluster_noise	0.0000
1677	Spectrogram 1	1	2005.250000	2005.750000	0	0	14	cluster_14	0.7413
1678	Spectrogram 1	1	2005.500000	2006.000000	0	0	noise	cluster_noise	0.0000
1679	Spectrogram 1	1	2005.750000	2006.250000	0	0	14	cluster_14	0.8794
1680	Spectrogram 1	1	2006.000000	2007.000000	0	0	noise	cluster_noise	0.0000
1681	Spectrogram 1	1	2006.750000	2008.000000	0	0	13	cluster_13	0.8696
1682	Spectrogram 1	1	2007.750000	2008.250000	0	0	noise	cluster_noise	0.0000
1683	Spectrogram 1	1	2008.000000	2011.250000	0	0	6	cluster_6	0.9308
1684	Spectrogram 1	1	2011.000000	2012.250000	0	0	noise	cluster_noise	0.0000
1685	Spectrogram 1	1	2012.000000	2014.000000	0	0	13	cluster_13	0.8647
1686	Spectrogram 1	1	2013.750000	2016.000000	0	0	noise	cluster_noise	0.0000
1687	Spectrogram 1	1	2015.750000	2017.500000	0	0	7	cluster_7	0.9598
1688	Spectrogram 1	1	2017.250000	2018.000000	0	0	noise	cluster_noise	0.0000
1689	Spectrogram 1	1	2017.750000	2018.250000	0	0	8	cluster_8	0.8792
1690	Spectrogram 1	1	2018.000000	2018.500000	0	0	noise	cluster_noise	0.0000
1691	Spectrogram 1	1	2018.250000	2019.250000	0	0	5	cluster_5	1.0000
1692	Spectrogram 1	1	2019.000000	2019.500000	0	0	8	cluster_8	0.7954
1693	Spectrogram 1	1	2019.250000	2021.000000	0	0	13	cluster_13	0.9655
1694	Spectrogram 1	1	2020.750000	2021.250000	0	0	noise	cluster_noise	0.0000
1695	Spectrogram 1	1	2021.000000	2023.750000	0	0	6	cluster_6	1.0000
1696	Spectrogram 1	1	2023.500000	2024.250000	0	0	13	cluster_13	0.6640
1697	Spectrogram 1	1	2024.000000	2025.000000	0	0	noise	cluster_noise	0.0000
1698	Spectrogram 1	1	2024.750000	2026.750000	0	0	13	cluster_13	0.7842
1699	Spectrogram 1	1	2026.500000	2027.750000	0	0	noise	cluster_noise	0.0000
1700	Spectrogram 1	1	2027.500000	2028.000000	0	0	8	cluster_8	0.8520
1701	Spectrogram 1	1	2027.750000	2029.250000	0	0	7	cluster_7	0.9122
1702	Spectrogram 1	1	2029.000000	2029.750000	0	0	noise	cluster_noise	0.0000
1703	Spectrogram 1	1	2029.500000	2030.250000	0	0	7	cluster_7	0.6572
1704	Spectrogram 1	1	2030.000000	2030.750000	0	0	noise	cluster_noise	0.0000
1705	Spectrogram 1	1	2030.500000	2031.750000	0	0	7	cluster_7	0.9243
1706	Spectrogram 1	1	2031.500000	2032.500000	0	0	noise	cluster_noise	0.0000
1707	Spectrogram 1	1	2032.250000	2033.750000	0	0	13	cluster_13	0.8663
1708	Spectrogram 1	1	2033.500000	2036.500000	0	0	6	cluster_6	0.9735
1709	Spectrogram 1	1	2039.000000	2039.500000	0	0	13	cluster_13	0.6292
1710	Spectrogram 1	1	2039.250000	2040.000000	0	0	noise	cluster_noise	0.0000
1711	Spectrogram 1	1	2039.750000	2040.250000	0	0	13	cluster_13	0.6274
1712	Spectrogram 1	1	2040.000000	2040.750000	0	0	noise	cluster_noise	0.0000
1713	Spectrogram 1	1	2040.500000	2041.750000	0	0	5	cluster_5	1.0000
1714	Spectrogram 1	1	2041.500000	2042.250000	0	0	noise	cluster_noise	0.0000
1715	Spectrogram 1	1	2042.000000	2044.000000	0	0	5	cluster_5	0.9980
1716	Spectrogram 1	1	2043.750000	2044.500000	0	0	noise	cluster_noise	0.0000
1717	Spectrogram 1	1	2045.000000	2046.000000	0	0	13	cluster_13	0.8755
1718	Spectrogram 1	1	2045.750000	2046.250000	0	0	noise	cluster_noise	0.0000
1719	Spectrogram 1	1	2046.000000	2048.500000	0	0	6	cluster_6	0.9958
1720	Spectrogram 1	1	2051.000000	2051.500000	0	0	13	cluster_13	0.8623
1721	Spectrogram 1	1	2051.250000	2052.500000	0	0	noise	cluster_noise	0.0000
1722	Spectrogram 1	1	2052.250000	2053.000000	0	0	13	cluster_13	0.8707
1723	Spectrogram 1	1	2052.750000	2053.500000	0	0	noise	cluster_noise	0.0000
1724	Spectrogram 1	1	2053.250000	2054.000000	0	0	5	cluster_5	1.0000
1725	Spectrogram 1	1	2053.750000	2054.500000	0	0	7	cluster_7	0.8834
1726	Spectrogram 1	1	2054.250000	2055.000000	0	0	noise	cluster_noise	0.0000
1727	Spectrogram 1	1	2054.750000	2056.500000	0	0	5	cluster_5	0.9965
1728	Spectrogram 1	1	2056.250000	2057.250000	0	0	noise	cluster_noise	0.0000
1729	Spectrogram 1	1	2057.000000	2058.500000	0	0	13	cluster_13	0.8573
1730	Spectrogram 1	1	2058.250000	2058.750000	0	0	noise	cluster_noise	0.0000
1731	Spectrogram 1	1	2058.500000	2059.500000	0	0	6	cluster_6	0.9762
1732	Spectrogram 1	1	2063.000000	2063.750000	0	0	13	cluster_13	0.7559
1733	Spectrogram 1	1	2063.500000	2064.750000	0	0	noise	cluster_noise	0.0000
1734	Spectrogram 1	1	2064.500000	2065.250000	0	0	13	cluster_13	0.7490
1735	Spectrogram 1	1	2065.000000	2065.500000	0	0	noise	cluster_noise	0.0000
1736	Spectrogram 1	1	2065.250000	2065.750000	0	0	13	cluster_13	0.7675
1737	Spectrogram 1	1	2065.500000	2066.250000	0	0	noise	cluster_noise	0.0000
1738	Spectrogram 1	1	2066.000000	2068.000000	0	0	5	cluster_5	0.9972
1739	Spectrogram 1	1	2067.750000	2069.000000	0	0	noise	cluster_noise	0.0000
1740	Spectrogram 1	1	2068.750000	2070.000000	0	0	13	cluster_13	0.7969
1741	Spectrogram 1	1	2069.750000	2070.250000	0	0	noise	cluster_noise	0.0000
1742	Spectrogram 1	1	2070.000000	2073.500000	0	0	6	cluster_6	1.0000
1743	Spectrogram 1	1	2076.000000	2077.000000	0	0	noise	cluster_noise	0.0000
1744	Spectrogram 1	1	2076.750000	2078.000000	0	0	13	cluster_13	0.8114
1745	Spectrogram 1	1	2077.750000	2078.250000	0	0	noise	cluster_noise	0.0000
1746	Spectrogram 1	1	2078.000000	2079.750000	0	0	5	cluster_5	1.0000
1747	Spectrogram 1	1	2079.500000	2080.250000	0	0	0	cluster_0	0.8593
1748	Spectrogram 1	1	2080.000000	2080.750000	0	0	noise	cluster_noise	0.0000
1749	Spectrogram 1	1	2080.500000	2081.750000	0	0	13	cluster_13	0.7554
1750	Spectrogram 1	1	2081.500000	2082.000000	0	0	noise	cluster_noise	0.0000
1751	Spectrogram 1	1	2081.750000	2082.500000	0	0	6	cluster_6	0.9366
1752	Spectrogram 1	1	2088.000000	2089.500000	0	0	noise	cluster_noise	0.0000
1753	Spectrogram 1	1	2089.250000	2089.750000	0	0	13	cluster_13	0.6557
1754	Spectrogram 1	1	2089.500000	2090.750000	0	0	noise	cluster_noise	0.0000
1755	Spectrogram 1	1	2090.500000	2092.000000	0	0	5	cluster_5	1.0000
1756	Spectrogram 1	1	2091.750000	2092.750000	0	0	noise	cluster_noise	0.0000
1757	Spectrogram 1	1	2092.500000	2093.250000	0	0	13	cluster_13	0.8500
1758	Spectrogram 1	1	2093.000000	2094.000000	0	0	noise	cluster_noise	0.0000
1759	Spectrogram 1	1	2093.750000	2094.500000	0	0	6	cluster_6	0.9693
1760	Spectrogram 1	1	2100.000000	2100.500000	0	0	noise	cluster_noise	0.0000
1761	Spectrogram 1	1	2100.250000	2101.500000	0	0	13	cluster_13	0.8154
1762	Spectrogram 1	1	2101.250000	2102.000000	0	0	noise	cluster_noise	0.0000
1763	Spectrogram 1	1	2101.750000	2103.250000	0	0	5	cluster_5	1.0000
1764	Spectrogram 1	1	2103.000000	2104.000000	0	0	noise	cluster_noise	0.0000
1765	Spectrogram 1	1	2103.750000	2104.500000	0	0	13	cluster_13	0.7358
1766	Spectrogram 1	1	2104.250000	2105.250000	0	0	noise	cluster_noise	0.0000
1767	Spectrogram 1	1	2105.000000	2105.750000	0	0	13	cluster_13	0.7721
1768	Spectrogram 1	1	2105.500000	2106.000000	0	0	noise	cluster_noise	0.0000
1769	Spectrogram 1	1	2105.750000	2107.500000	0	0	6	cluster_6	1.0000
1770	Spectrogram 1	1	2112.000000	2113.000000	0	0	noise	cluster_noise	0.0000
1771	Spectrogram 1	1	2112.750000	2113.250000	0	0	8	cluster_8	0.8010
1772	Spectrogram 1	1	2113.000000	2114.250000	0	0	noise	cluster_noise	0.0000
1773	Spectrogram 1	1	2114.000000	2115.000000	0	0	5	cluster_5	0.9962
1774	Spectrogram 1	1	2114.750000	2115.750000	0	0	noise	cluster_noise	0.0000
1775	Spectrogram 1	1	2115.500000	2116.750000	0	0	13	cluster_13	0.8218
1776	Spectrogram 1	1	2116.500000	2117.250000	0	0	noise	cluster_noise	0.0000
1777	Spectrogram 1	1	2117.000000	2119.500000	0	0	6	cluster_6	0.9923
1778	Spectrogram 1	1	2124.000000	2124.500000	0	0	13	cluster_13	0.9026
1779	Spectrogram 1	1	2124.250000	2124.750000	0	0	noise	cluster_noise	0.0000
1780	Spectrogram 1	1	2124.500000	2125.250000	0	0	5	cluster_5	1.0000
1781	Spectrogram 1	1	2125.000000	2126.500000	0	0	noise	cluster_noise	0.0000
1782	Spectrogram 1	1	2126.250000	2127.750000	0	0	13	cluster_13	0.8253
1783	Spectrogram 1	1	2127.500000	2128.000000	0	0	noise	cluster_noise	0.0000
1784	Spectrogram 1	1	2127.750000	2128.250000	0	0	6	cluster_6	0.8358
1785	Spectrogram 1	1	2128.000000	2128.500000	0	0	noise	cluster_noise	0.0000
1786	Spectrogram 1	1	2128.250000	2131.500000	0	0	6	cluster_6	1.0000
1787	Spectrogram 1	1	2131.250000	2131.750000	0	0	noise	cluster_noise	0.0000
1788	Spectrogram 1	1	2131.500000	2132.000000	0	0	13	cluster_13	0.7179
1789	Spectrogram 1	1	2131.750000	2132.250000	0	0	noise	cluster_noise	0.0000
1790	Spectrogram 1	1	2132.000000	2132.750000	0	0	13	cluster_13	0.7810
1791	Spectrogram 1	1	2132.500000	2133.750000	0	0	noise	cluster_noise	0.0000
1792	Spectrogram 1	1	2133.500000	2135.500000	0	0	1	cluster_1	0.5693
1793	Spectrogram 1	1	2135.250000	2135.750000	0	0	noise	cluster_noise	0.0000
1794	Spectrogram 1	1	2135.500000	2137.000000	0	0	13	cluster_13	0.6859
1795	Spectrogram 1	1	2136.750000	2138.250000	0	0	noise	cluster_noise	0.0000
1796	Spectrogram 1	1	2138.000000	2138.500000	0	0	1	cluster_1	0.4738
1797	Spectrogram 1	1	2138.250000	2139.000000	0	0	noise	cluster_noise	0.0000
1798	Spectrogram 1	1	2138.750000	2140.250000	0	0	1	cluster_1	0.9690
1799	Spectrogram 1	1	2140.000000	2140.500000	0	0	noise	cluster_noise	0.0000
1800	Spectrogram 1	1	2140.250000	2141.750000	0	0	13	cluster_13	0.7429
1801	Spectrogram 1	1	2141.500000	2142.000000	0	0	14	cluster_14	0.9455
1802	Spectrogram 1	1	2141.750000	2142.250000	0	0	noise	cluster_noise	0.0000
1803	Spectrogram 1	1	2142.000000	2146.750000	0	0	10	cluster_10	0.6036
1804	Spectrogram 1	1	2146.500000	2147.000000	0	0	13	cluster_13	0.6557
1805	Spectrogram 1	1	2146.750000	2147.500000	0	0	noise	cluster_noise	0.0000
1806	Spectrogram 1	1	2147.250000	2148.000000	0	0	13	cluster_13	0.8015
1807	Spectrogram 1	1	2147.750000	2149.000000	0	0	noise	cluster_noise	0.0000
1808	Spectrogram 1	1	2148.750000	2149.500000	0	0	1	cluster_1	0.7308
1809	Spectrogram 1	1	2149.250000	2151.000000	0	0	noise	cluster_noise	0.0000
1810	Spectrogram 1	1	2150.750000	2151.750000	0	0	13	cluster_13	0.7400
1811	Spectrogram 1	1	2151.500000	2152.250000	0	0	noise	cluster_noise	0.0000
1812	Spectrogram 1	1	2152.000000	2153.500000	0	0	1	cluster_1	0.8195
1813	Spectrogram 1	1	2156.000000	2156.500000	0	0	13	cluster_13	0.9876
1814	Spectrogram 1	1	2156.250000	2157.000000	0	0	noise	cluster_noise	0.0000
1815	Spectrogram 1	1	2156.750000	2159.500000	0	0	13	cluster_13	0.7235
1816	Spectrogram 1	1	2159.250000	2159.750000	0	0	noise	cluster_noise	0.0000
1817	Spectrogram 1	1	2159.500000	2160.250000	0	0	10	cluster_10	0.9306
1818	Spectrogram 1	1	2160.000000	2160.500000	0	0	13	cluster_13	0.7745
1819	Spectrogram 1	1	2160.250000	2161.000000	0	0	noise	cluster_noise	0.0000
1820	Spectrogram 1	1	2160.750000	2161.250000	0	0	14	cluster_14	0.7470
1821	Spectrogram 1	1	2161.000000	2161.750000	0	0	10	cluster_10	0.9145
1822	Spectrogram 1	1	2161.500000	2162.000000	0	0	13	cluster_13	0.7191
1823	Spectrogram 1	1	2161.750000	2162.500000	0	0	10	cluster_10	0.9285
1824	Spectrogram 1	1	2162.250000	2162.750000	0	0	noise	cluster_noise	0.0000
1825	Spectrogram 1	1	2162.500000	2163.000000	0	0	13	cluster_13	0.6778
1826	Spectrogram 1	1	2162.750000	2163.250000	0	0	noise	cluster_noise	0.0000
1827	Spectrogram 1	1	2163.000000	2163.750000	0	0	10	cluster_10	0.7359
1828	Spectrogram 1	1	2163.500000	2164.000000	0	0	13	cluster_13	0.9280
1829	Spectrogram 1	1	2163.750000	2164.750000	0	0	noise	cluster_noise	0.0000
1830	Spectrogram 1	1	2164.500000	2165.750000	0	0	13	cluster_13	0.8637
1831	Spectrogram 1	1	2165.500000	2166.000000	0	0	noise	cluster_noise	0.0000
1832	Spectrogram 1	1	2165.750000	2167.000000	0	0	1	cluster_1	0.8512
1833	Spectrogram 1	1	2166.750000	2167.750000	0	0	noise	cluster_noise	0.0000
1834	Spectrogram 1	1	2167.500000	2169.500000	0	0	13	cluster_13	0.8168
1835	Spectrogram 1	1	2169.250000	2169.750000	0	0	noise	cluster_noise	0.0000
1836	Spectrogram 1	1	2169.500000	2170.500000	0	0	1	cluster_1	0.8667
1837	Spectrogram 1	1	2174.000000	2174.750000	0	0	10	cluster_10	0.9792
1838	Spectrogram 1	1	2174.500000	2175.000000	0	0	13	cluster_13	0.8457
1839	Spectrogram 1	1	2174.750000	2175.500000	0	0	10	cluster_10	0.7243
1840	Spectrogram 1	1	2175.250000	2176.000000	0	0	13	cluster_13	0.7043
1841	Spectrogram 1	1	2175.750000	2176.500000	0	0	10	cluster_10	1.0000
1842	Spectrogram 1	1	2176.250000	2176.750000	0	0	13	cluster_13	0.7564
1843	Spectrogram 1	1	2176.500000	2177.500000	0	0	noise	cluster_noise	0.0000
1844	Spectrogram 1	1	2177.250000	2178.000000	0	0	10	cluster_10	0.8107
1845	Spectrogram 1	1	2177.750000	2178.250000	0	0	13	cluster_13	0.7615
1846	Spectrogram 1	1	2178.000000	2178.500000	0	0	noise	cluster_noise	0.0000
1847	Spectrogram 1	1	2178.250000	2179.250000	0	0	10	cluster_10	0.7885
1848	Spectrogram 1	1	2179.000000	2179.500000	0	0	13	cluster_13	0.6243
1849	Spectrogram 1	1	2179.250000	2180.000000	0	0	noise	cluster_noise	0.0000
1850	Spectrogram 1	1	2179.750000	2180.250000	0	0	10	cluster_10	0.7337
1851	Spectrogram 1	1	2180.000000	2181.750000	0	0	noise	cluster_noise	0.0000
1852	Spectrogram 1	1	2181.500000	2182.250000	0	0	10	cluster_10	1.0000
1853	Spectrogram 1	1	2182.000000	2182.500000	0	0	13	cluster_13	0.8662
1854	Spectrogram 1	1	2182.250000	2183.000000	0	0	10	cluster_10	0.9689
1855	Spectrogram 1	1	2182.750000	2183.500000	0	0	noise	cluster_noise	0.0000
1856	Spectrogram 1	1	2184.000000	2185.000000	0	0	13	cluster_13	0.7214
1857	Spectrogram 1	1	2184.750000	2186.000000	0	0	1	cluster_1	0.8188
1858	Spectrogram 1	1	2185.750000	2186.250000	0	0	noise	cluster_noise	0.0000
1859	Spectrogram 1	1	2186.000000	2188.500000	0	0	13	cluster_13	0.8086
1860	Spectrogram 1	1	2188.250000	2188.750000	0	0	noise	cluster_noise	0.0000
1861	Spectrogram 1	1	2188.500000	2189.500000	0	0	1	cluster_1	0.8957
1862	Spectrogram 1	1	2191.000000	2191.500000	0	0	noise	cluster_noise	0.0000
1863	Spectrogram 1	1	2191.250000	2192.000000	0	0	10	cluster_10	1.0000
1864	Spectrogram 1	1	2191.750000	2193.000000	0	0	noise	cluster_noise	0.0000
1865	Spectrogram 1	1	2192.750000	2193.250000	0	0	13	cluster_13	1.0000
1866	Spectrogram 1	1	2193.000000	2193.500000	0	0	noise	cluster_noise	0.0000
1867	Spectrogram 1	1	2193.250000	2194.000000	0	0	10	cluster_10	0.9217
1868	Spectrogram 1	1	2193.750000	2194.750000	0	0	noise	cluster_noise	0.0000
1869	Spectrogram 1	1	2194.500000	2195.250000	0	0	10	cluster_10	0.6483
1870	Spectrogram 1	1	2195.000000	2196.000000	0	0	noise	cluster_noise	0.0000
1871	Spectrogram 1	1	2195.750000	2196.250000	0	0	13	cluster_13	0.7183
1872	Spectrogram 1	1	2196.000000	2196.500000	0	0	noise	cluster_noise	0.0000
1873	Spectrogram 1	1	2196.250000	2197.000000	0	0	10	cluster_10	0.5805
1874	Spectrogram 1	1	2196.750000	2197.250000	0	0	8	cluster_8	1.0000
1875	Spectrogram 1	1	2197.000000	2197.500000	0	0	10	cluster_10	0.4916
1876	Spectrogram 1	1	2197.250000	2197.750000	0	0	noise	cluster_noise	0.0000
1877	Spectrogram 1	1	2197.500000	2198.000000	0	0	13	cluster_13	0.6276
1878	Spectrogram 1	1	2197.750000	2198.500000	0	0	noise	cluster_noise	0.0000
1879	Spectrogram 1	1	2198.250000	2198.750000	0	0	10	cluster_10	0.4771
1880	Spectrogram 1	1	2198.500000	2199.250000	0	0	noise	cluster_noise	0.0000
1881	Spectrogram 1	1	2199.000000	2199.500000	0	0	10	cluster_10	0.4908
1882	Spectrogram 1	1	2199.250000	2199.750000	0	0	13	cluster_13	0.7882
1883	Spectrogram 1	1	2199.500000	2200.000000	0	0	noise	cluster_noise	0.0000
1884	Spectrogram 1	1	2199.750000	2200.500000	0	0	10	cluster_10	0.5237
1885	Spectrogram 1	1	2200.250000	2200.750000	0	0	noise	cluster_noise	0.0000
1886	Spectrogram 1	1	2200.500000	2201.250000	0	0	10	cluster_10	0.5162
1887	Spectrogram 1	1	2201.000000	2201.500000	0	0	noise	cluster_noise	0.0000
1888	Spectrogram 1	1	2201.250000	2201.750000	0	0	10	cluster_10	0.4825
1889	Spectrogram 1	1	2201.500000	2202.000000	0	0	8	cluster_8	1.0000
1890	Spectrogram 1	1	2201.750000	2203.500000	0	0	13	cluster_13	0.7496
1891	Spectrogram 1	1	2203.250000	2203.750000	0	0	noise	cluster_noise	0.0000
1892	Spectrogram 1	1	2203.500000	2204.750000	0	0	1	cluster_1	0.8805
1893	Spectrogram 1	1	2204.500000	2205.500000	0	0	noise	cluster_noise	0.0000
1894	Spectrogram 1	1	2210.000000	2210.500000	0	0	10	cluster_10	0.6355
1895	Spectrogram 1	1	2210.250000	2210.750000	0	0	8	cluster_8	0.9158
1896	Spectrogram 1	1	2210.500000	2211.000000	0	0	13	cluster_13	0.9026
1897	Spectrogram 1	1	2210.750000	2211.250000	0	0	noise	cluster_noise	0.0000
1898	Spectrogram 1	1	2211.000000	2211.750000	0	0	13	cluster_13	0.7067
1899	Spectrogram 1	1	2211.500000	2212.000000	0	0	noise	cluster_noise	0.0000
1900	Spectrogram 1	1	2211.750000	2212.500000	0	0	10	cluster_10	0.6793
1901	Spectrogram 1	1	2212.250000	2213.250000	0	0	noise	cluster_noise	0.0000
1902	Spectrogram 1	1	2213.000000	2213.500000	0	0	13	cluster_13	0.8076
1903	Spectrogram 1	1	2213.250000	2213.750000	0	0	noise	cluster_noise	0.0000
1904	Spectrogram 1	1	2213.500000	2214.250000	0	0	10	cluster_10	0.5895
1905	Spectrogram 1	1	2214.000000	2214.750000	0	0	noise	cluster_noise	0.0000
1906	Spectrogram 1	1	2214.500000	2215.000000	0	0	8	cluster_8	1.0000
1907	Spectrogram 1	1	2214.750000	2215.500000	0	0	13	cluster_13	0.7533
1908	Spectrogram 1	1	2215.250000	2216.000000	0	0	10	cluster_10	0.6054
1909	Spectrogram 1	1	2215.750000	2216.250000	0	0	8	cluster_8	1.0000
1910	Spectrogram 1	1	2216.000000	2216.750000	0	0	noise	cluster_noise	0.0000
1911	Spectrogram 1	1	2216.500000	2217.000000	0	0	8	cluster_8	1.0000
1912	Spectrogram 1	1	2216.750000	2217.500000	0	0	10	cluster_10	0.5338
1913	Spectrogram 1	1	2217.250000	2217.750000	0	0	noise	cluster_noise	0.0000
1914	Spectrogram 1	1	2217.500000	2218.000000	0	0	10	cluster_10	0.5358
1915	Spectrogram 1	1	2217.750000	2218.250000	0	0	8	cluster_8	1.0000
1916	Spectrogram 1	1	2218.000000	2218.750000	0	0	noise	cluster_noise	0.0000
1917	Spectrogram 1	1	2218.500000	2219.000000	0	0	8	cluster_8	1.0000
1918	Spectrogram 1	1	2218.750000	2219.250000	0	0	noise	cluster_noise	0.0000
1919	Spectrogram 1	1	2219.000000	2219.750000	0	0	8	cluster_8	0.7843
1920	Spectrogram 1	1	2219.500000	2220.500000	0	0	13	cluster_13	0.7825
1921	Spectrogram 1	1	2220.250000	2220.750000	0	0	noise	cluster_noise	0.0000
1922	Spectrogram 1	1	2220.500000	2221.250000	0	0	10	cluster_10	0.7124
1923	Spectrogram 1	1	2221.000000	2221.500000	0	0	8	cluster_8	0.9637
1924	Spectrogram 1	1	2221.250000	2222.000000	0	0	noise	cluster_noise	0.0000
1925	Spectrogram 1	1	2221.750000	2222.250000	0	0	13	cluster_13	0.7171
1926	Spectrogram 1	1	2222.000000	2222.750000	0	0	noise	cluster_noise	0.0000
1927	Spectrogram 1	1	2222.500000	2223.250000	0	0	13	cluster_13	0.8011
1928	Spectrogram 1	1	2223.000000	2223.500000	0	0	noise	cluster_noise	0.0000
1929	Spectrogram 1	1	2223.250000	2224.000000	0	0	10	cluster_10	0.6902
1930	Spectrogram 1	1	2223.750000	2224.250000	0	0	8	cluster_8	1.0000
1931	Spectrogram 1	1	2224.000000	2224.500000	0	0	noise	cluster_noise	0.0000
1932	Spectrogram 1	1	2226.000000	2226.750000	0	0	8	cluster_8	1.0000
1933	Spectrogram 1	1	2226.500000	2227.000000	0	0	noise	cluster_noise	0.0000
1934	Spectrogram 1	1	2226.750000	2230.250000	0	0	13	cluster_13	0.7537
1935	Spectrogram 1	1	2230.000000	2232.500000	0	0	noise	cluster_noise	0.0000
1936	Spectrogram 1	1	2232.250000	2233.000000	0	0	13	cluster_13	0.7110
1937	Spectrogram 1	1	2232.750000	2241.000000	0	0	noise	cluster_noise	0.0000
1938	Spectrogram 1	1	2240.750000	2241.500000	0	0	13	cluster_13	0.7774
1939	Spectrogram 1	1	2241.250000	2242.500000	0	0	8	cluster_8	0.9691
1940	Spectrogram 1	1	2242.250000	2242.750000	0	0	0	cluster_0	0.4914
1941	Spectrogram 1	1	2242.500000	2243.250000	0	0	noise	cluster_noise	0.0000
1942	Spectrogram 1	1	2243.000000	2244.500000	0	0	13	cluster_13	0.9020
1943	Spectrogram 1	1	2244.250000	2245.250000	0	0	8	cluster_8	0.9340
1944	Spectrogram 1	1	2245.000000	2245.500000	0	0	noise	cluster_noise	0.0000
1945	Spectrogram 1	1	2245.250000	2246.000000	0	0	8	cluster_8	0.8498
1946	Spectrogram 1	1	2245.750000	2246.500000	0	0	noise	cluster_noise	0.0000
1947	Spectrogram 1	1	2265.000000	2265.750000	0	0	8	cluster_8	0.9864
1948	Spectrogram 1	1	2265.500000	2266.500000	0	0	13	cluster_13	0.7685
1949	Spectrogram 1	1	2305.000000	2306.500000	0	0	noise	cluster_noise	0.0000
1950	Spectrogram 1	1	2317.000000	2317.750000	0	0	8	cluster_8	1.0000
1951	Spectrogram 1	1	2317.500000	2318.500000	0	0	0	cluster_0	0.9852
1952	Spectrogram 1	1	2318.250000	2318.750000	0	0	13	cluster_13	0.9189
1953	Spectrogram 1	1	2318.500000	2319.250000	0	0	0	cluster_0	0.7628
1954	Spectrogram 1	1	2319.000000	2320.250000	0	0	13	cluster_13	0.8108
1955	Spectrogram 1	1	2320.000000	2320.500000	0	0	noise	cluster_noise	0.0000
1956	Spectrogram 1	1	2337.000000	2338.500000	0	0	13	cluster_13	0.8649
1957	Spectrogram 1	1	2339.000000	2339.750000	0	0	8	cluster_8	0.9592
1958	Spectrogram 1	1	2339.500000	2340.750000	0	0	0	cluster_0	1.0000
1959	Spectrogram 1	1	2340.500000	2341.000000	0	0	noise	cluster_noise	0.0000
1960	Spectrogram 1	1	2340.750000	2341.750000	0	0	13	cluster_13	0.7085
1961	Spectrogram 1	1	2341.500000	2342.000000	0	0	noise	cluster_noise	0.0000
1962	Spectrogram 1	1	2341.750000	2342.500000	0	0	13	cluster_13	0.8377
1963	Spectrogram 1	1	2343.000000	2344.250000	0	0	0	cluster_0	0.9695
1964	Spectrogram 1	1	2344.000000	2345.250000	0	0	13	cluster_13	0.8670
1965	Spectrogram 1	1	2345.000000	2345.500000	0	0	8	cluster_8	0.8474
1966	Spectrogram 1	1	2345.250000	2345.750000	0	0	noise	cluster_noise	0.0000
1967	Spectrogram 1	1	2345.500000	2346.250000	0	0	8	cluster_8	1.0000
1968	Spectrogram 1	1	2346.000000	2347.000000	0	0	0	cluster_0	0.8452
1969	Spectrogram 1	1	2346.750000	2347.250000	0	0	8	cluster_8	0.7795
1970	Spectrogram 1	1	2347.000000	2347.500000	0	0	13	cluster_13	0.7769
1971	Spectrogram 1	1	2348.000000	2348.500000	0	0	8	cluster_8	0.9330
1972	Spectrogram 1	1	2348.250000	2348.750000	0	0	0	cluster_0	0.8366
1973	Spectrogram 1	1	2348.500000	2349.000000	0	0	8	cluster_8	0.9680
1974	Spectrogram 1	1	2348.750000	2358.000000	0	0	0	cluster_0	0.9643
1975	Spectrogram 1	1	2357.750000	2359.250000	0	0	13	cluster_13	0.7657
1976	Spectrogram 1	1	2359.000000	2359.500000	0	0	noise	cluster_noise	0.0000
1977	Spectrogram 1	1	2359.250000	2359.750000	0	0	13	cluster_13	0.6312
1978	Spectrogram 1	1	2359.500000	2360.000000	0	0	8	cluster_8	0.8520
1979	Spectrogram 1	1	2359.750000	2363.500000	0	0	noise	cluster_noise	0.0000
1980	Spectrogram 1	1	2363.250000	2364.000000	0	0	8	cluster_8	0.9773
1981	Spectrogram 1	1	2363.750000	2364.250000	0	0	7	cluster_7	0.8928
1982	Spectrogram 1	1	2364.000000	2364.500000	0	0	noise	cluster_noise	0.0000
1983	Spectrogram 1	1	2366.000000	2367.250000	0	0	8	cluster_8	0.9572
1984	Spectrogram 1	1	2367.000000	2368.250000	0	0	noise	cluster_noise	0.0000
1985	Spectrogram 1	1	2368.000000	2368.750000	0	0	13	cluster_13	0.9468
1986	Spectrogram 1	1	2368.500000	2370.500000	0	0	0	cluster_0	0.9187
1987	Spectrogram 1	1	2370.250000	2371.000000	0	0	noise	cluster_noise	0.0000
1988	Spectrogram 1	1	2370.750000	2371.250000	0	0	13	cluster_13	0.8458
1989	Spectrogram 1	1	2371.000000	2371.500000	0	0	noise	cluster_noise	0.0000
1990	Spectrogram 1	1	2371.250000	2372.500000	0	0	0	cluster_0	0.8160
1991	Spectrogram 1	1	2377.000000	2377.750000	0	0	noise	cluster_noise	0.0000
1992	Spectrogram 1	1	2377.500000	2379.000000	0	0	13	cluster_13	0.8196
1993	Spectrogram 1	1	2378.750000	2380.250000	0	0	8	cluster_8	0.9971
1994	Spectrogram 1	1	2380.000000	2380.500000	0	0	noise	cluster_noise	0.0000
1995	Spectrogram 1	1	2380.250000	2382.000000	0	0	13	cluster_13	0.8310
1996	Spectrogram 1	1	2381.750000	2382.250000	0	0	noise	cluster_noise	0.0000
1997	Spectrogram 1	1	2382.000000	2384.250000	0	0	0	cluster_0	0.9695
1998	Spectrogram 1	1	2384.000000	2384.750000	0	0	13	cluster_13	0.8903
1999	Spectrogram 1	1	2384.500000	2385.000000	0	0	10	cluster_10	0.4805
2000	Spectrogram 1	1	2384.750000	2386.500000	0	0	0	cluster_0	0.9532
2001	Spectrogram 1	1	2390.000000	2391.000000	0	0	noise	cluster_noise	0.0000
2002	Spectrogram 1	1	2390.750000	2392.000000	0	0	13	cluster_13	0.7867
2003	Spectrogram 1	1	2391.750000	2392.250000	0	0	noise	cluster_noise	0.0000
2004	Spectrogram 1	1	2392.000000	2394.000000	0	0	8	cluster_8	0.9704
2005	Spectrogram 1	1	2393.750000	2394.500000	0	0	noise	cluster_noise	0.0000
2006	Spectrogram 1	1	2394.250000	2395.000000	0	0	13	cluster_13	0.8134
2007	Spectrogram 1	1	2394.750000	2395.250000	0	0	noise	cluster_noise	0.0000
2008	Spectrogram 1	1	2395.000000	2397.250000	0	0	0	cluster_0	0.9041
2009	Spectrogram 1	1	2397.000000	2397.500000	0	0	13	cluster_13	0.8192
2010	Spectrogram 1	1	2398.000000	2400.000000	0	0	0	cluster_0	0.9598
2011	Spectrogram 1	1	2399.750000	2400.250000	0	0	13	cluster_13	0.9026
2012	Spectrogram 1	1	2400.000000	2400.500000	0	0	noise	cluster_noise	0.0000
2013	Spectrogram 1	1	2400.250000	2401.000000	0	0	13	cluster_13	0.8542
2014	Spectrogram 1	1	2400.750000	2401.250000	0	0	noise	cluster_noise	0.0000
2015	Spectrogram 1	1	2401.000000	2403.750000	0	0	6	cluster_6	0.9951
2016	Spectrogram 1	1	2403.500000	2404.000000	0	0	9	cluster_9	0.8274
2017	Spectrogram 1	1	2403.750000	2404.750000	0	0	noise	cluster_noise	0.0000
2018	Spectrogram 1	1	2404.500000	2407.250000	0	0	8	cluster_8	1.0000
2019	Spectrogram 1	1	2407.000000	2407.500000	0	0	noise	cluster_noise	0.0000
2020	Spectrogram 1	1	2407.250000	2408.000000	0	0	13	cluster_13	0.9341
2021	Spectrogram 1	1	2407.750000	2408.250000	0	0	noise	cluster_noise	0.0000
2022	Spectrogram 1	1	2408.000000	2410.250000	0	0	0	cluster_0	0.9037
2023	Spectrogram 1	1	2410.000000	2410.500000	0	0	13	cluster_13	0.6495
2024	Spectrogram 1	1	2410.250000	2410.750000	0	0	0	cluster_0	0.6804
2025	Spectrogram 1	1	2410.500000	2411.000000	0	0	noise	cluster_noise	0.0000
2026	Spectrogram 1	1	2410.750000	2411.250000	0	0	6	cluster_6	0.7564
2027	Spectrogram 1	1	2411.000000	2411.500000	0	0	0	cluster_0	0.8258
2028	Spectrogram 1	1	2413.000000	2414.250000	0	0	13	cluster_13	0.8854
2029	Spectrogram 1	1	2414.000000	2414.500000	0	0	noise	cluster_noise	0.0000
2030	Spectrogram 1	1	2416.000000	2417.000000	0	0	6	cluster_6	1.0000
2031	Spectrogram 1	1	2416.750000	2418.000000	0	0	noise	cluster_noise	0.0000
2032	Spectrogram 1	1	2417.750000	2419.750000	0	0	8	cluster_8	0.9780
2033	Spectrogram 1	1	2419.500000	2420.250000	0	0	noise	cluster_noise	0.0000
2034	Spectrogram 1	1	2420.000000	2420.500000	0	0	13	cluster_13	0.7427
2035	Spectrogram 1	1	2420.250000	2420.750000	0	0	noise	cluster_noise	0.0000
2036	Spectrogram 1	1	2420.500000	2421.000000	0	0	13	cluster_13	1.0000
2037	Spectrogram 1	1	2420.750000	2421.250000	0	0	noise	cluster_noise	0.0000
2038	Spectrogram 1	1	2421.000000	2421.500000	0	0	6	cluster_6	1.0000
2039	Spectrogram 1	1	2421.250000	2423.500000	0	0	0	cluster_0	0.9441
2040	Spectrogram 1	1	2423.250000	2423.750000	0	0	13	cluster_13	0.7062
2041	Spectrogram 1	1	2423.500000	2424.250000	0	0	6	cluster_6	0.8787
2042	Spectrogram 1	1	2424.000000	2426.000000	0	0	0	cluster_0	0.9213
2043	Spectrogram 1	1	2425.750000	2427.000000	0	0	13	cluster_13	0.8405
2044	Spectrogram 1	1	2426.750000	2427.250000	0	0	noise	cluster_noise	0.0000
2045	Spectrogram 1	1	2427.000000	2430.000000	0	0	6	cluster_6	0.8795
2046	Spectrogram 1	1	2429.750000	2430.500000	0	0	noise	cluster_noise	0.0000
2047	Spectrogram 1	1	2430.250000	2431.250000	0	0	8	cluster_8	0.9599
2048	Spectrogram 1	1	2431.000000	2431.500000	0	0	noise	cluster_noise	0.0000
2049	Spectrogram 1	1	2431.250000	2432.000000	0	0	8	cluster_8	0.9566
2050	Spectrogram 1	1	2431.750000	2432.500000	0	0	noise	cluster_noise	0.0000
2051	Spectrogram 1	1	2432.250000	2432.750000	0	0	8	cluster_8	0.9354
2052	Spectrogram 1	1	2432.500000	2433.000000	0	0	noise	cluster_noise	0.0000
2053	Spectrogram 1	1	2432.750000	2433.750000	0	0	13	cluster_13	0.8083
2054	Spectrogram 1	1	2433.500000	2434.000000	0	0	6	cluster_6	1.0000
2055	Spectrogram 1	1	2433.750000	2436.000000	0	0	0	cluster_0	0.9179
2056	Spectrogram 1	1	2435.750000	2436.250000	0	0	13	cluster_13	0.9026
2057	Spectrogram 1	1	2436.000000	2436.750000	0	0	6	cluster_6	0.9045
2058	Spectrogram 1	1	2436.500000	2438.500000	0	0	0	cluster_0	0.9018
2059	Spectrogram 1	1	2438.250000	2439.000000	0	0	13	cluster_13	0.7405
2060	Spectrogram 1	1	2438.750000	2439.250000	0	0	noise	cluster_noise	0.0000
2061	Spectrogram 1	1	2439.000000	2439.500000	0	0	13	cluster_13	0.7945
2062	Spectrogram 1	1	2439.250000	2440.000000	0	0	noise	cluster_noise	0.0000
2063	Spectrogram 1	1	2439.750000	2441.500000	0	0	6	cluster_6	0.9906
2064	Spectrogram 1	1	2443.000000	2443.500000	0	0	8	cluster_8	1.0000
2065	Spectrogram 1	1	2443.250000	2443.750000	0	0	noise	cluster_noise	0.0000
2066	Spectrogram 1	1	2443.500000	2444.250000	0	0	8	cluster_8	1.0000
2067	Spectrogram 1	1	2444.000000	2444.500000	0	0	noise	cluster_noise	0.0000
2068	Spectrogram 1	1	2444.250000	2444.750000	0	0	9	cluster_9	1.0000
2069	Spectrogram 1	1	2444.500000	2445.250000	0	0	noise	cluster_noise	0.0000
2070	Spectrogram 1	1	2445.000000	2446.000000	0	0	13	cluster_13	0.8029
2071	Spectrogram 1	1	2445.750000	2446.250000	0	0	noise	cluster_noise	0.0000
2072	Spectrogram 1	1	2446.000000	2446.500000	0	0	6	cluster_6	0.9219
2073	Spectrogram 1	1	2446.250000	2448.250000	0	0	0	cluster_0	0.9597
2074	Spectrogram 1	1	2448.000000	2448.500000	0	0	13	cluster_13	0.6794
2075	Spectrogram 1	1	2448.250000	2448.750000	0	0	noise	cluster_noise	0.0000
2076	Spectrogram 1	1	2448.500000	2449.000000	0	0	6	cluster_6	1.0000
2077	Spectrogram 1	1	2448.750000	2451.000000	0	0	0	cluster_0	0.8808
2078	Spectrogram 1	1	2450.750000	2451.250000	0	0	13	cluster_13	0.7314
2079	Spectrogram 1	1	2451.000000	2451.500000	0	0	noise	cluster_noise	0.0000
2080	Spectrogram 1	1	2451.250000	2452.000000	0	0	13	cluster_13	0.7217
2081	Spectrogram 1	1	2451.750000	2454.750000	0	0	6	cluster_6	0.9745
2082	Spectrogram 1	1	2454.500000	2455.250000	0	0	noise	cluster_noise	0.0000
2083	Spectrogram 1	1	2455.000000	2457.250000	0	0	8	cluster_8	0.9471
2084	Spectrogram 1	1	2457.000000	2457.500000	0	0	noise	cluster_noise	0.0000
2085	Spectrogram 1	1	2457.250000	2458.250000	0	0	13	cluster_13	0.8316
2086	Spectrogram 1	1	2458.000000	2458.750000	0	0	6	cluster_6	0.9312
2087	Spectrogram 1	1	2458.500000	2460.500000	0	0	0	cluster_0	0.9576
2088	Spectrogram 1	1	2460.250000	2461.000000	0	0	noise	cluster_noise	0.0000
2089	Spectrogram 1	1	2460.750000	2461.250000	0	0	6	cluster_6	1.0000
2090	Spectrogram 1	1	2461.000000	2462.750000	0	0	0	cluster_0	0.8926
2091	Spectrogram 1	1	2462.500000	2463.500000	0	0	noise	cluster_noise	0.0000
2092	Spectrogram 1	1	2463.250000	2464.250000	0	0	13	cluster_13	0.8712
2093	Spectrogram 1	1	2464.000000	2464.500000	0	0	noise	cluster_noise	0.0000
2094	Spectrogram 1	1	2464.250000	2466.750000	0	0	6	cluster_6	1.0000
2095	Spectrogram 1	1	2466.500000	2467.250000	0	0	noise	cluster_noise	0.0000
2096	Spectrogram 1	1	2467.000000	2467.750000	0	0	13	cluster_13	0.6545
2097	Spectrogram 1	1	2467.500000	2469.250000	0	0	8	cluster_8	0.9539
2098	Spectrogram 1	1	2469.000000	2470.750000	0	0	13	cluster_13	0.8415
2099	Spectrogram 1	1	2470.500000	2471.000000	0	0	6	cluster_6	1.0000
2100	Spectrogram 1	1	2470.750000	2472.750000	0	0	0	cluster_0	0.8857
2101	Spectrogram 1	1	2472.500000	2473.250000	0	0	13	cluster_13	0.7200
2102	Spectrogram 1	1	2473.000000	2473.750000	0	0	6	cluster_6	0.9398
2103	Spectrogram 1	1	2473.500000	2475.500000	0	0	0	cluster_0	0.9751
2104	Spectrogram 1	1	2475.250000	2476.000000	0	0	13	cluster_13	0.7225
2105	Spectrogram 1	1	2475.750000	2476.750000	0	0	noise	cluster_noise	0.0000
2106	Spectrogram 1	1	2476.500000	2479.500000	0	0	6	cluster_6	0.9494
2107	Spectrogram 1	1	2480.000000	2480.500000	0	0	noise	cluster_noise	0.0000
2108	Spectrogram 1	1	2480.250000	2481.750000	0	0	8	cluster_8	0.9785
2109	Spectrogram 1	1	2481.500000	2482.250000	0	0	noise	cluster_noise	0.0000
2110	Spectrogram 1	1	2482.000000	2483.250000	0	0	13	cluster_13	0.8589
2111	Spectrogram 1	1	2483.000000	2483.500000	0	0	noise	cluster_noise	0.0000
2112	Spectrogram 1	1	2483.250000	2483.750000	0	0	6	cluster_6	1.0000
2113	Spectrogram 1	1	2483.500000	2484.750000	0	0	0	cluster_0	0.8980
2114	Spectrogram 1	1	2484.500000	2485.000000	0	0	noise	cluster_noise	0.0000
2115	Spectrogram 1	1	2484.750000	2485.500000	0	0	0	cluster_0	0.8170
2116	Spectrogram 1	1	2485.250000	2486.000000	0	0	13	cluster_13	0.8446
2117	Spectrogram 1	1	2485.750000	2486.500000	0	0	6	cluster_6	0.9577
2118	Spectrogram 1	1	2486.250000	2488.000000	0	0	0	cluster_0	0.9520
2119	Spectrogram 1	1	2487.750000	2488.250000	0	0	noise	cluster_noise	0.0000
2120	Spectrogram 1	1	2488.000000	2489.500000	0	0	13	cluster_13	0.6987
2121	Spectrogram 1	1	2489.250000	2491.500000	0	0	6	cluster_6	0.9943
2122	Spectrogram 1	1	2493.000000	2494.250000	0	0	8	cluster_8	1.0000
2123	Spectrogram 1	1	2494.000000	2494.500000	0	0	noise	cluster_noise	0.0000
2124	Spectrogram 1	1	2494.250000	2494.750000	0	0	8	cluster_8	0.8191
2125	Spectrogram 1	1	2494.500000	2495.000000	0	0	noise	cluster_noise	0.0000
2126	Spectrogram 1	1	2494.750000	2495.250000	0	0	9	cluster_9	1.0000
2127	Spectrogram 1	1	2495.000000	2496.000000	0	0	13	cluster_13	0.8083
2128	Spectrogram 1	1	2495.750000	2496.250000	0	0	6	cluster_6	1.0000
2129	Spectrogram 1	1	2496.000000	2498.000000	0	0	0	cluster_0	0.8560
2130	Spectrogram 1	1	2497.750000	2498.250000	0	0	noise	cluster_noise	0.0000
2131	Spectrogram 1	1	2498.000000	2498.500000	0	0	13	cluster_13	0.7985
2132	Spectrogram 1	1	2498.250000	2499.000000	0	0	6	cluster_6	0.9183
2133	Spectrogram 1	1	2498.750000	2500.000000	0	0	0	cluster_0	0.9442
2134	Spectrogram 1	1	2499.750000	2500.250000	0	0	6	cluster_6	0.8897
2135	Spectrogram 1	1	2500.000000	2500.750000	0	0	0	cluster_0	0.6575
2136	Spectrogram 1	1	2500.500000	2502.000000	0	0	13	cluster_13	0.7733
2137	Spectrogram 1	1	2501.750000	2502.250000	0	0	noise	cluster_noise	0.0000
2138	Spectrogram 1	1	2502.000000	2504.500000	0	0	6	cluster_6	0.9750
2139	Spectrogram 1	1	2505.000000	2506.500000	0	0	8	cluster_8	0.9724
2140	Spectrogram 1	1	2506.250000	2506.750000	0	0	noise	cluster_noise	0.0000
2141	Spectrogram 1	1	2506.500000	2507.250000	0	0	13	cluster_13	0.7053
2142	Spectrogram 1	1	2507.000000	2508.250000	0	0	noise	cluster_noise	0.0000
2143	Spectrogram 1	1	2508.000000	2508.500000	0	0	6	cluster_6	1.0000
2144	Spectrogram 1	1	2508.250000	2510.500000	0	0	0	cluster_0	0.9185
2145	Spectrogram 1	1	2510.250000	2511.000000	0	0	noise	cluster_noise	0.0000
2146	Spectrogram 1	1	2510.750000	2511.250000	0	0	6	cluster_6	0.9333
2147	Spectrogram 1	1	2511.000000	2512.750000	0	0	0	cluster_0	0.8663
2148	Spectrogram 1	1	2512.500000	2513.250000	0	0	noise	cluster_noise	0.0000
2149	Spectrogram 1	1	2513.000000	2514.250000	0	0	13	cluster_13	0.7717
2150	Spectrogram 1	1	2514.000000	2516.750000	0	0	6	cluster_6	0.9906
2151	Spectrogram 1	1	2516.500000	2517.000000	0	0	noise	cluster_noise	0.0000
2152	Spectrogram 1	1	2516.750000	2519.250000	0	0	8	cluster_8	0.9518
2153	Spectrogram 1	1	2519.000000	2520.000000	0	0	noise	cluster_noise	0.0000
2154	Spectrogram 1	1	2519.750000	2520.250000	0	0	13	cluster_13	0.8866
2155	Spectrogram 1	1	2520.000000	2520.500000	0	0	noise	cluster_noise	0.0000
2156	Spectrogram 1	1	2520.250000	2521.000000	0	0	13	cluster_13	0.9315
2157	Spectrogram 1	1	2520.750000	2521.250000	0	0	14	cluster_14	0.7368
2158	Spectrogram 1	1	2521.000000	2521.500000	0	0	noise	cluster_noise	0.0000
2159	Spectrogram 1	1	2521.250000	2522.000000	0	0	6	cluster_6	0.9241
2160	Spectrogram 1	1	2521.750000	2523.250000	0	0	0	cluster_0	0.8764
2161	Spectrogram 1	1	2523.000000	2523.500000	0	0	noise	cluster_noise	0.0000
2162	Spectrogram 1	1	2523.250000	2525.250000	0	0	13	cluster_13	0.7782
2163	Spectrogram 1	1	2525.000000	2527.500000	0	0	6	cluster_6	0.9571
2164	Spectrogram 1	1	2527.250000	2527.750000	0	0	noise	cluster_noise	0.0000
2165	Spectrogram 1	1	2527.500000	2529.250000	0	0	8	cluster_8	1.0000
2166	Spectrogram 1	1	2529.000000	2529.500000	0	0	noise	cluster_noise	0.0000
2167	Spectrogram 1	1	2529.250000	2529.750000	0	0	13	cluster_13	0.6245
2168	Spectrogram 1	1	2529.500000	2530.000000	0	0	noise	cluster_noise	0.0000
2169	Spectrogram 1	1	2529.750000	2530.250000	0	0	13	cluster_13	0.9026
2170	Spectrogram 1	1	2530.000000	2530.500000	0	0	noise	cluster_noise	0.0000
2171	Spectrogram 1	1	2530.250000	2530.750000	0	0	9	cluster_9	0.8208
2172	Spectrogram 1	1	2530.500000	2531.250000	0	0	13	cluster_13	0.8530
2173	Spectrogram 1	1	2531.000000	2531.750000	0	0	noise	cluster_noise	0.0000
2174	Spectrogram 1	1	2531.500000	2532.250000	0	0	6	cluster_6	0.7702
2175	Spectrogram 1	1	2532.000000	2533.750000	0	0	0	cluster_0	0.9518
2176	Spectrogram 1	1	2533.500000	2534.000000	0	0	noise	cluster_noise	0.0000
2177	Spectrogram 1	1	2533.750000	2534.250000	0	0	13	cluster_13	0.7313
2178	Spectrogram 1	1	2534.000000	2534.750000	0	0	9	cluster_9	0.9039
2179	Spectrogram 1	1	2534.500000	2535.250000	0	0	13	cluster_13	0.8519
2180	Spectrogram 1	1	2535.000000	2535.500000	0	0	noise	cluster_noise	0.0000
2181	Spectrogram 1	1	2535.250000	2537.750000	0	0	6	cluster_6	0.9870
2182	Spectrogram 1	1	2537.500000	2540.500000	0	0	8	cluster_8	0.9719
2183	Spectrogram 1	1	2540.250000	2541.250000	0	0	noise	cluster_noise	0.0000
2184	Spectrogram 1	1	2541.000000	2542.500000	0	0	13	cluster_13	0.8307
2185	Spectrogram 1	1	2542.250000	2542.750000	0	0	14	cluster_14	0.7632
2186	Spectrogram 1	1	2542.500000	2543.000000	0	0	noise	cluster_noise	0.0000
2187	Spectrogram 1	1	2542.750000	2543.500000	0	0	6	cluster_6	1.0000
2188	Spectrogram 1	1	2543.250000	2544.250000	0	0	0	cluster_0	0.7462
2189	Spectrogram 1	1	2544.000000	2544.750000	0	0	6	cluster_6	1.0000
2190	Spectrogram 1	1	2544.500000	2545.000000	0	0	noise	cluster_noise	0.0000
2191	Spectrogram 1	1	2544.750000	2545.250000	0	0	9	cluster_9	1.0000
2192	Spectrogram 1	1	2545.000000	2546.250000	0	0	13	cluster_13	0.7235
2193	Spectrogram 1	1	2546.000000	2546.500000	0	0	noise	cluster_noise	0.0000
2194	Spectrogram 1	1	2546.250000	2548.750000	0	0	6	cluster_6	0.9979
2195	Spectrogram 1	1	2548.500000	2549.250000	0	0	noise	cluster_noise	0.0000
2196	Spectrogram 1	1	2549.000000	2551.250000	0	0	8	cluster_8	0.9615
2197	Spectrogram 1	1	2551.000000	2551.500000	0	0	9	cluster_9	1.0000
2198	Spectrogram 1	1	2551.250000	2552.000000	0	0	13	cluster_13	0.7594
2199	Spectrogram 1	1	2551.750000	2552.250000	0	0	noise	cluster_noise	0.0000
2200	Spectrogram 1	1	2552.000000	2553.250000	0	0	13	cluster_13	0.8231
2201	Spectrogram 1	1	2553.000000	2553.500000	0	0	noise	cluster_noise	0.0000
2202	Spectrogram 1	1	2553.250000	2553.750000	0	0	14	cluster_14	0.9455
2203	Spectrogram 1	1	2553.500000	2554.500000	0	0	noise	cluster_noise	0.0000
2204	Spectrogram 1	1	2554.250000	2555.000000	0	0	6	cluster_6	0.9098
2205	Spectrogram 1	1	2554.750000	2555.250000	0	0	noise	cluster_noise	0.0000
2206	Spectrogram 1	1	2555.000000	2556.000000	0	0	6	cluster_6	0.7694
2207	Spectrogram 1	1	2555.750000	2557.250000	0	0	13	cluster_13	0.8416
2208	Spectrogram 1	1	2557.000000	2557.500000	0	0	noise	cluster_noise	0.0000
2209	Spectrogram 1	1	2557.250000	2559.750000	0	0	6	cluster_6	0.9973
2210	Spectrogram 1	1	2559.500000	2560.000000	0	0	noise	cluster_noise	0.0000
2211	Spectrogram 1	1	2559.750000	2561.500000	0	0	8	cluster_8	0.9472
2212	Spectrogram 1	1	2561.250000	2561.750000	0	0	noise	cluster_noise	0.0000
2213	Spectrogram 1	1	2561.500000	2562.500000	0	0	13	cluster_13	0.6938
2214	Spectrogram 1	1	2565.000000	2565.500000	0	0	11	cluster_11	1.0000
2215	Spectrogram 1	1	2565.250000	2566.000000	0	0	14	cluster_14	0.7621
2216	Spectrogram 1	1	2565.750000	2566.750000	0	0	noise	cluster_noise	0.0000
2217	Spectrogram 1	1	2566.500000	2567.250000	0	0	13	cluster_13	0.8612
2218	Spectrogram 1	1	2567.000000	2567.500000	0	0	noise	cluster_noise	0.0000
2219	Spectrogram 1	1	2567.250000	2568.250000	0	0	13	cluster_13	0.7513
2220	Spectrogram 1	1	2568.000000	2568.500000	0	0	noise	cluster_noise	0.0000
2221	Spectrogram 1	1	2568.250000	2571.000000	0	0	6	cluster_6	0.9899
2222	Spectrogram 1	1	2570.750000	2571.250000	0	0	noise	cluster_noise	0.0000
2223	Spectrogram 1	1	2571.000000	2572.250000	0	0	8	cluster_8	0.9294
2224	Spectrogram 1	1	2572.000000	2573.000000	0	0	noise	cluster_noise	0.0000
2225	Spectrogram 1	1	2572.750000	2574.500000	0	0	13	cluster_13	0.8923
2226	Spectrogram 1	1	2576.000000	2576.750000	0	0	11	cluster_11	1.0000
2227	Spectrogram 1	1	2576.500000	2577.000000	0	0	14	cluster_14	1.0000
2228	Spectrogram 1	1	2576.750000	2577.500000	0	0	noise	cluster_noise	0.0000
2229	Spectrogram 1	1	2577.250000	2577.750000	0	0	13	cluster_13	0.6292
2230	Spectrogram 1	1	2577.500000	2578.000000	0	0	noise	cluster_noise	0.0000
2231	Spectrogram 1	1	2577.750000	2579.250000	0	0	13	cluster_13	0.8595
2232	Spectrogram 1	1	2579.000000	2579.750000	0	0	noise	cluster_noise	0.0000
2233	Spectrogram 1	1	2579.500000	2582.250000	0	0	6	cluster_6	0.9492
2234	Spectrogram 1	1	2582.000000	2583.000000	0	0	8	cluster_8	0.9666
2235	Spectrogram 1	1	2582.750000	2583.250000	0	0	noise	cluster_noise	0.0000
2236	Spectrogram 1	1	2583.000000	2583.750000	0	0	8	cluster_8	0.9596
2237	Spectrogram 1	1	2583.500000	2584.000000	0	0	noise	cluster_noise	0.0000
2238	Spectrogram 1	1	2583.750000	2585.750000	0	0	13	cluster_13	0.7939
2239	Spectrogram 1	1	2585.500000	2586.500000	0	0	noise	cluster_noise	0.0000
2240	Spectrogram 1	1	2587.000000	2587.500000	0	0	11	cluster_11	1.0000
2241	Spectrogram 1	1	2587.250000	2588.000000	0	0	14	cluster_14	0.8402
2242	Spectrogram 1	1	2587.750000	2588.250000	0	0	noise	cluster_noise	0.0000
2243	Spectrogram 1	1	2588.000000	2588.500000	0	0	14	cluster_14	0.7594
2244	Spectrogram 1	1	2588.250000	2589.000000	0	0	noise	cluster_noise	0.0000
2245	Spectrogram 1	1	2588.750000	2590.250000	0	0	13	cluster_13	0.9023
2246	Spectrogram 1	1	2590.000000	2590.500000	0	0	noise	cluster_noise	0.0000
2247	Spectrogram 1	1	2590.250000	2593.000000	0	0	6	cluster_6	0.9578
2248	Spectrogram 1	1	2592.750000	2594.000000	0	0	8	cluster_8	0.9577
2249	Spectrogram 1	1	2593.750000	2594.500000	0	0	noise	cluster_noise	0.0000
2250	Spectrogram 1	1	2594.250000	2594.750000	0	0	8	cluster_8	0.8125
2251	Spectrogram 1	1	2594.500000	2597.000000	0	0	13	cluster_13	0.7819
2252	Spectrogram 1	1	2596.750000	2597.500000	0	0	noise	cluster_noise	0.0000
2253	Spectrogram 1	1	2598.000000	2598.500000	0	0	11	cluster_11	1.0000
2254	Spectrogram 1	1	2598.250000	2598.750000	0	0	noise	cluster_noise	0.0000
2255	Spectrogram 1	1	2598.500000	2599.000000	0	0	14	cluster_14	0.8122
2256	Spectrogram 1	1	2598.750000	2599.750000	0	0	noise	cluster_noise	0.0000
2257	Spectrogram 1	1	2599.500000	2601.250000	0	0	13	cluster_13	0.8182
2258	Spectrogram 1	1	2601.000000	2601.500000	0	0	noise	cluster_noise	0.0000
2259	Spectrogram 1	1	2601.250000	2603.750000	0	0	6	cluster_6	0.9980
2260	Spectrogram 1	1	2603.500000	2604.000000	0	0	noise	cluster_noise	0.0000
2261	Spectrogram 1	1	2603.750000	2604.500000	0	0	14	cluster_14	0.8038
2262	Spectrogram 1	1	2604.250000	2604.750000	0	0	10	cluster_10	0.5163
2263	Spectrogram 1	1	2604.500000	2605.000000	0	0	13	cluster_13	0.6478
2264	Spectrogram 1	1	2604.750000	2605.250000	0	0	noise	cluster_noise	0.0000
2265	Spectrogram 1	1	2605.000000	2605.750000	0	0	13	cluster_13	0.8234
2266	Spectrogram 1	1	2605.500000	2606.000000	0	0	noise	cluster_noise	0.0000
2267	Spectrogram 1	1	2605.750000	2606.250000	0	0	14	cluster_14	0.9228
2268	Spectrogram 1	1	2606.000000	2606.500000	0	0	noise	cluster_noise	0.0000
2269	Spectrogram 1	1	2606.250000	2606.750000	0	0	10	cluster_10	0.4902
2270	Spectrogram 1	1	2606.500000	2607.250000	0	0	13	cluster_13	0.7724
2271	Spectrogram 1	1	2607.000000	2607.500000	0	0	noise	cluster_noise	0.0000
2272	Spectrogram 1	1	2607.250000	2607.750000	0	0	13	cluster_13	0.6738
2273	Spectrogram 1	1	2607.500000	2608.750000	0	0	14	cluster_14	0.8958
2274	Spectrogram 1	1	2608.500000	2609.500000	0	0	noise	cluster_noise	0.0000
2275	Spectrogram 1	1	2610.000000	2610.500000	0	0	13	cluster_13	1.0000
2276	Spectrogram 1	1	2610.250000	2610.750000	0	0	noise	cluster_noise	0.0000
2277	Spectrogram 1	1	2610.500000	2613.500000	0	0	6	cluster_6	0.9575
2278	Spectrogram 1	1	2613.250000	2614.000000	0	0	13	cluster_13	0.6938
2279	Spectrogram 1	1	2613.750000	2614.250000	0	0	noise	cluster_noise	0.0000
2280	Spectrogram 1	1	2614.000000	2614.750000	0	0	13	cluster_13	0.7164
2281	Spectrogram 1	1	2614.500000	2617.000000	0	0	6	cluster_6	0.9656
2282	Spectrogram 1	1	2616.750000	2617.500000	0	0	14	cluster_14	0.8587
2283	Spectrogram 1	1	2617.250000	2617.750000	0	0	10	cluster_10	0.5084
2284	Spectrogram 1	1	2617.500000	2618.000000	0	0	13	cluster_13	0.7297
2285	Spectrogram 1	1	2617.750000	2619.000000	0	0	noise	cluster_noise	0.0000
2286	Spectrogram 1	1	2618.750000	2619.500000	0	0	14	cluster_14	0.9521
2287	Spectrogram 1	1	2620.000000	2620.750000	0	0	noise	cluster_noise	0.0000
2288	Spectrogram 1	1	2620.500000	2621.500000	0	0	14	cluster_14	0.7906
2289	Spectrogram 1	1	2621.250000	2622.250000	0	0	noise	cluster_noise	0.0000
2290	Spectrogram 1	1	2622.000000	2623.000000	0	0	14	cluster_14	0.7975
2291	Spectrogram 1	1	2622.750000	2623.250000	0	0	10	cluster_10	0.4846
2292	Spectrogram 1	1	2623.000000	2623.500000	0	0	noise	cluster_noise	0.0000
2293	Spectrogram 1	1	2623.250000	2624.250000	0	0	14	cluster_14	0.7784
2294	Spectrogram 1	1	2624.000000	2625.250000	0	0	noise	cluster_noise	0.0000
2295	Spectrogram 1	1	2625.000000	2626.000000	0	0	14	cluster_14	0.8492
2296	Spectrogram 1	1	2625.750000	2626.750000	0	0	noise	cluster_noise	0.0000
2297	Spectrogram 1	1	2626.500000	2627.000000	0	0	13	cluster_13	0.6292
2298	Spectrogram 1	1	2626.750000	2627.750000	0	0	noise	cluster_noise	0.0000
2299	Spectrogram 1	1	2627.500000	2630.000000	0	0	6	cluster_6	0.9382
2300	Spectrogram 1	1	2629.750000	2631.000000	0	0	noise	cluster_noise	0.0000
2301	Spectrogram 1	1	2630.750000	2631.750000	0	0	13	cluster_13	0.7865
2302	Spectrogram 1	1	2631.500000	2633.750000	0	0	6	cluster_6	0.9646
2303	Spectrogram 1	1	2633.500000	2634.250000	0	0	noise	cluster_noise	0.0000
2304	Spectrogram 1	1	2634.000000	2634.750000	0	0	14	cluster_14	0.8838
2305	Spectrogram 1	1	2634.500000	2635.000000	0	0	10	cluster_10	0.4815
2306	Spectrogram 1	1	2634.750000	2635.250000	0	0	noise	cluster_noise	0.0000
2307	Spectrogram 1	1	2635.000000	2635.500000	0	0	13	cluster_13	0.6292
2308	Spectrogram 1	1	2635.250000	2635.750000	0	0	noise	cluster_noise	0.0000
2309	Spectrogram 1	1	2635.500000	2636.500000	0	0	14	cluster_14	0.8408
2310	Spectrogram 1	1	2636.250000	2636.750000	0	0	10	cluster_10	0.4953
2311	Spectrogram 1	1	2636.500000	2637.000000	0	0	13	cluster_13	0.6292
2312	Spectrogram 1	1	2636.750000	2637.250000	0	0	noise	cluster_noise	0.0000
2313	Spectrogram 1	1	2637.000000	2638.000000	0	0	14	cluster_14	0.8410
2314	Spectrogram 1	1	2637.750000	2639.000000	0	0	noise	cluster_noise	0.0000
2315	Spectrogram 1	1	2638.750000	2639.750000	0	0	14	cluster_14	0.7959
2316	Spectrogram 1	1	2639.500000	2640.500000	0	0	noise	cluster_noise	0.0000
2317	Spectrogram 1	1	2640.250000	2641.250000	0	0	14	cluster_14	0.9397
2318	Spectrogram 1	1	2641.000000	2642.250000	0	0	noise	cluster_noise	0.0000
2319	Spectrogram 1	1	2642.000000	2643.000000	0	0	13	cluster_13	0.7427
2320	Spectrogram 1	1	2642.750000	2643.250000	0	0	noise	cluster_noise	0.0000
2321	Spectrogram 1	1	2643.000000	2646.000000	0	0	6	cluster_6	0.9636
2322	Spectrogram 1	1	2645.750000	2647.250000	0	0	13	cluster_13	0.6906
2323	Spectrogram 1	1	2647.000000	2647.500000	0	0	noise	cluster_noise	0.0000
2324	Spectrogram 1	1	2647.250000	2649.250000	0	0	6	cluster_6	0.9681
2325	Spectrogram 1	1	2649.000000	2649.500000	0	0	noise	cluster_noise	0.0000
2326	Spectrogram 1	1	2649.250000	2649.750000	0	0	13	cluster_13	0.9026
2327	Spectrogram 1	1	2649.500000	2650.500000	0	0	14	cluster_14	0.8805
2328	Spectrogram 1	1	2650.250000	2651.250000	0	0	noise	cluster_noise	0.0000
2329	Spectrogram 1	1	2651.000000	2651.500000	0	0	13	cluster_13	0.6292
2330	Spectrogram 1	1	2651.250000	2652.000000	0	0	noise	cluster_noise	0.0000
2331	Spectrogram 1	1	2651.750000	2652.500000	0	0	14	cluster_14	0.9045
2332	Spectrogram 1	1	2652.250000	2653.750000	0	0	noise	cluster_noise	0.0000
2333	Spectrogram 1	1	2653.500000	2654.500000	0	0	14	cluster_14	0.8401
2334	Spectrogram 1	1	2654.250000	2654.750000	0	0	noise	cluster_noise	0.0000
2335	Spectrogram 1	1	2654.500000	2655.000000	0	0	13	cluster_13	0.6292
2336	Spectrogram 1	1	2654.750000	2655.250000	0	0	noise	cluster_noise	0.0000
2337	Spectrogram 1	1	2655.000000	2656.000000	0	0	14	cluster_14	0.8056
2338	Spectrogram 1	1	2655.750000	2656.250000	0	0	noise	cluster_noise	0.0000
2339	Spectrogram 1	1	2656.000000	2656.500000	0	0	13	cluster_13	0.6238
2340	Spectrogram 1	1	2656.250000	2656.750000	0	0	noise	cluster_noise	0.0000
2341	Spectrogram 1	1	2656.500000	2657.250000	0	0	14	cluster_14	0.8802
2342	Spectrogram 1	1	2657.000000	2657.750000	0	0	noise	cluster_noise	0.0000
2343	Spectrogram 1	1	2657.500000	2658.500000	0	0	13	cluster_13	0.6401
2344	Spectrogram 1	1	2658.250000	2658.750000	0	0	noise	cluster_noise	0.0000
2345	Spectrogram 1	1	2658.500000	2661.250000	0	0	6	cluster_6	0.9511
2346	Spectrogram 1	1	2661.000000	2661.750000	0	0	noise	cluster_noise	0.0000
2347	Spectrogram 1	1	2661.500000	2663.000000	0	0	13	cluster_13	0.7921
2348	Spectrogram 1	1	2662.750000	2663.500000	0	0	6	cluster_6	0.9152
2349	Spectrogram 1	1	2666.000000	2667.000000	0	0	noise	cluster_noise	0.0000
2350	Spectrogram 1	1	2666.750000	2667.250000	0	0	13	cluster_13	0.6430
2351	Spectrogram 1	1	2667.000000	2667.500000	0	0	noise	cluster_noise	0.0000
2352	Spectrogram 1	1	2667.250000	2668.000000	0	0	14	cluster_14	0.8265
2353	Spectrogram 1	1	2667.750000	2668.250000	0	0	noise	cluster_noise	0.0000
2354	Spectrogram 1	1	2668.000000	2668.500000	0	0	9	cluster_9	0.8334
2355	Spectrogram 1	1	2668.250000	2669.000000	0	0	noise	cluster_noise	0.0000
2356	Spectrogram 1	1	2668.750000	2669.500000	0	0	14	cluster_14	0.8057
2357	Spectrogram 1	1	2669.250000	2670.250000	0	0	noise	cluster_noise	0.0000
2358	Spectrogram 1	1	2670.000000	2670.500000	0	0	13	cluster_13	0.6292
2359	Spectrogram 1	1	2670.250000	2670.750000	0	0	noise	cluster_noise	0.0000
2360	Spectrogram 1	1	2670.500000	2671.500000	0	0	14	cluster_14	0.8301
2361	Spectrogram 1	1	2671.250000	2672.000000	0	0	noise	cluster_noise	0.0000
2362	Spectrogram 1	1	2671.750000	2672.250000	0	0	14	cluster_14	0.7556
2363	Spectrogram 1	1	2672.000000	2672.500000	0	0	noise	cluster_noise	0.0000
2364	Spectrogram 1	1	2672.250000	2672.750000	0	0	14	cluster_14	0.9752
2365	Spectrogram 1	1	2672.500000	2673.250000	0	0	noise	cluster_noise	0.0000
2366	Spectrogram 1	1	2673.000000	2673.500000	0	0	14	cluster_14	0.7397
2367	Spectrogram 1	1	2673.250000	2673.750000	0	0	noise	cluster_noise	0.0000
2368	Spectrogram 1	1	2673.500000	2674.250000	0	0	13	cluster_13	0.7714
2369	Spectrogram 1	1	2674.000000	2674.500000	0	0	noise	cluster_noise	0.0000
2370	Spectrogram 1	1	2674.250000	2676.750000	0	0	6	cluster_6	0.9505
2371	Spectrogram 1	1	2676.500000	2677.500000	0	0	noise	cluster_noise	0.0000
2372	Spectrogram 1	1	2677.250000	2677.750000	0	0	9	cluster_9	1.0000
2373	Spectrogram 1	1	2677.500000	2678.000000	0	0	noise	cluster_noise	0.0000
2374	Spectrogram 1	1	2677.750000	2678.500000	0	0	13	cluster_13	0.7112
2375	Spectrogram 1	1	2678.250000	2678.750000	0	0	noise	cluster_noise	0.0000
2376	Spectrogram 1	1	2678.500000	2680.750000	0	0	6	cluster_6	0.9604
2377	Spectrogram 1	1	2680.500000	2681.000000	0	0	noise	cluster_noise	0.0000
2378	Spectrogram 1	1	2680.750000	2681.750000	0	0	14	cluster_14	0.8673
2379	Spectrogram 1	1	2681.500000	2682.000000	0	0	10	cluster_10	0.5117
2380	Spectrogram 1	1	2681.750000	2682.750000	0	0	noise	cluster_noise	0.0000
2381	Spectrogram 1	1	2682.500000	2683.000000	0	0	13	cluster_13	0.6347
2382	Spectrogram 1	1	2682.750000	2683.750000	0	0	14	cluster_14	0.9181
2383	Spectrogram 1	1	2683.500000	2684.000000	0	0	10	cluster_10	0.5227
2384	Spectrogram 1	1	2683.750000	2684.750000	0	0	noise	cluster_noise	0.0000
2385	Spectrogram 1	1	2684.500000	2685.500000	0	0	14	cluster_14	0.8790
2386	Spectrogram 1	1	2685.250000	2685.750000	0	0	13	cluster_13	0.6645
2387	Spectrogram 1	1	2685.500000	2686.250000	0	0	noise	cluster_noise	0.0000
2388	Spectrogram 1	1	2686.000000	2687.000000	0	0	14	cluster_14	0.8861
2389	Spectrogram 1	1	2686.750000	2687.750000	0	0	noise	cluster_noise	0.0000
2390	Spectrogram 1	1	2687.500000	2688.500000	0	0	14	cluster_14	0.8322
2391	Spectrogram 1	1	2688.250000	2689.000000	0	0	noise	cluster_noise	0.0000
2392	Spectrogram 1	1	2688.750000	2690.000000	0	0	13	cluster_13	0.7600
2393	Spectrogram 1	1	2689.750000	2690.250000	0	0	noise	cluster_noise	0.0000
2394	Spectrogram 1	1	2690.000000	2692.250000	0	0	6	cluster_6	1.0000
2395	Spectrogram 1	1	2692.000000	2692.750000	0	0	noise	cluster_noise	0.0000
2396	Spectrogram 1	1	2692.500000	2693.000000	0	0	6	cluster_6	0.7482
2397	Spectrogram 1	1	2692.750000	2693.750000	0	0	noise	cluster_noise	0.0000
2398	Spectrogram 1	1	2693.500000	2694.250000	0	0	13	cluster_13	0.6873
2399	Spectrogram 1	1	2694.000000	2696.250000	0	0	6	cluster_6	0.9948
2400	Spectrogram 1	1	2696.000000	2696.500000	0	0	13	cluster_13	0.6895
2401	Spectrogram 1	1	2696.250000	2697.500000	0	0	14	cluster_14	0.7975
2402	Spectrogram 1	1	2697.250000	2698.250000	0	0	noise	cluster_noise	0.0000
2403	Spectrogram 1	1	2698.000000	2699.250000	0	0	14	cluster_14	0.8784
2404	Spectrogram 1	1	2699.000000	2699.750000	0	0	noise	cluster_noise	0.0000
2405	Spectrogram 1	1	2699.500000	2700.250000	0	0	14	cluster_14	0.8255
2406	Spectrogram 1	1	2700.000000	2700.500000	0	0	noise	cluster_noise	0.0000
2407	Spectrogram 1	1	2700.250000	2700.750000	0	0	14	cluster_14	0.9640
2408	Spectrogram 1	1	2700.500000	2701.500000	0	0	noise	cluster_noise	0.0000
2409	Spectrogram 1	1	2701.250000	2701.750000	0	0	14	cluster_14	0.7959
2410	Spectrogram 1	1	2701.500000	2702.000000	0	0	noise	cluster_noise	0.0000
2411	Spectrogram 1	1	2701.750000	2702.500000	0	0	14	cluster_14	0.8193
2412	Spectrogram 1	1	2702.250000	2702.750000	0	0	13	cluster_13	0.6292
2413	Spectrogram 1	1	2702.500000	2703.000000	0	0	noise	cluster_noise	0.0000
2414	Spectrogram 1	1	2702.750000	2703.750000	0	0	14	cluster_14	0.8809
2415	Spectrogram 1	1	2703.500000	2705.000000	0	0	noise	cluster_noise	0.0000
2416	Spectrogram 1	1	2704.750000	2705.250000	0	0	13	cluster_13	0.7585
2417	Spectrogram 1	1	2705.000000	2706.000000	0	0	noise	cluster_noise	0.0000
2418	Spectrogram 1	1	2705.750000	2708.750000	0	0	6	cluster_6	0.9533
2419	Spectrogram 1	1	2708.500000	2710.000000	0	0	noise	cluster_noise	0.0000
2420	Spectrogram 1	1	2709.750000	2710.750000	0	0	13	cluster_13	0.8577
2421	Spectrogram 1	1	2710.500000	2711.500000	0	0	14	cluster_14	0.8551
2422	Spectrogram 1	1	2712.000000	2712.750000	0	0	noise	cluster_noise	0.0000
2423	Spectrogram 1	1	2712.500000	2713.500000	0	0	14	cluster_14	0.9350
2424	Spectrogram 1	1	2713.250000	2714.250000	0	0	noise	cluster_noise	0.0000
2425	Spectrogram 1	1	2714.000000	2715.250000	0	0	14	cluster_14	0.8500
2426	Spectrogram 1	1	2715.000000	2715.750000	0	0	noise	cluster_noise	0.0000
2427	Spectrogram 1	1	2715.500000	2716.500000	0	0	14	cluster_14	0.8726
2428	Spectrogram 1	1	2716.250000	2717.000000	0	0	noise	cluster_noise	0.0000
2429	Spectrogram 1	1	2716.750000	2717.750000	0	0	14	cluster_14	0.8578
2430	Spectrogram 1	1	2717.500000	2718.250000	0	0	noise	cluster_noise	0.0000
2431	Spectrogram 1	1	2718.000000	2719.000000	0	0	14	cluster_14	0.7982
2432	Spectrogram 1	1	2718.750000	2720.500000	0	0	noise	cluster_noise	0.0000
2433	Spectrogram 1	1	2720.250000	2723.000000	0	0	6	cluster_6	0.9893
2434	Spectrogram 1	1	2722.750000	2724.000000	0	0	noise	cluster_noise	0.0000
2435	Spectrogram 1	1	2723.750000	2725.000000	0	0	13	cluster_13	0.7157
2436	Spectrogram 1	1	2724.750000	2726.250000	0	0	noise	cluster_noise	0.0000
2437	Spectrogram 1	1	2726.000000	2726.500000	0	0	6	cluster_6	0.8681
2438	Spectrogram 1	1	2730.000000	2730.500000	0	0	14	cluster_14	1.0000
2439	Spectrogram 1	1	2730.250000	2733.000000	0	0	noise	cluster_noise	0.0000
2440	Spectrogram 1	1	2732.750000	2733.750000	0	0	13	cluster_13	0.7930
2441	Spectrogram 1	1	2733.500000	2734.000000	0	0	noise	cluster_noise	0.0000
2442	Spectrogram 1	1	2733.750000	2736.750000	0	0	6	cluster_6	0.9901
2443	Spectrogram 1	1	2736.500000	2738.250000	0	0	noise	cluster_noise	0.0000
2444	Spectrogram 1	1	2738.000000	2738.500000	0	0	13	cluster_13	0.6332
2445	Spectrogram 1	1	2738.250000	2738.750000	0	0	noise	cluster_noise	0.0000
2446	Spectrogram 1	1	2738.500000	2739.250000	0	0	9	cluster_9	0.8659
2447	Spectrogram 1	1	2739.000000	2739.500000	0	0	13	cluster_13	0.8474
2448	Spectrogram 1	1	2744.000000	2744.500000	0	0	noise	cluster_noise	0.0000
2449	Spectrogram 1	1	2744.250000	2744.750000	0	0	1	cluster_1	0.4488
2450	Spectrogram 1	1	2744.500000	2745.750000	0	0	noise	cluster_noise	0.0000
2451	Spectrogram 1	1	2745.500000	2746.000000	0	0	9	cluster_9	1.0000
2452	Spectrogram 1	1	2745.750000	2746.500000	0	0	noise	cluster_noise	0.0000
2453	Spectrogram 1	1	2746.250000	2747.000000	0	0	10	cluster_10	0.9120
2454	Spectrogram 1	1	2746.750000	2747.250000	0	0	9	cluster_9	1.0000
2455	Spectrogram 1	1	2747.000000	2748.500000	0	0	noise	cluster_noise	0.0000
2456	Spectrogram 1	1	2748.250000	2749.000000	0	0	10	cluster_10	0.7763
2457	Spectrogram 1	1	2748.750000	2749.250000	0	0	noise	cluster_noise	0.0000
2458	Spectrogram 1	1	2749.000000	2749.500000	0	0	13	cluster_13	0.7760
2459	Spectrogram 1	1	2749.250000	2749.750000	0	0	noise	cluster_noise	0.0000
2460	Spectrogram 1	1	2749.500000	2750.000000	0	0	9	cluster_9	0.7996
2461	Spectrogram 1	1	2749.750000	2750.500000	0	0	noise	cluster_noise	0.0000
2462	Spectrogram 1	1	2750.250000	2751.000000	0	0	10	cluster_10	0.7043
2463	Spectrogram 1	1	2750.750000	2751.250000	0	0	13	cluster_13	0.6626
2464	Spectrogram 1	1	2751.000000	2751.500000	0	0	noise	cluster_noise	0.0000
2465	Spectrogram 1	1	2752.000000	2752.750000	0	0	10	cluster_10	0.7747
2466	Spectrogram 1	1	2752.500000	2753.500000	0	0	noise	cluster_noise	0.0000
2467	Spectrogram 1	1	2753.250000	2754.250000	0	0	13	cluster_13	0.6517
2468	Spectrogram 1	1	2754.000000	2754.500000	0	0	noise	cluster_noise	0.0000
2469	Spectrogram 1	1	2754.250000	2754.750000	0	0	14	cluster_14	0.7397
2470	Spectrogram 1	1	2754.500000	2755.750000	0	0	1	cluster_1	0.5454
2471	Spectrogram 1	1	2755.500000	2758.500000	0	0	noise	cluster_noise	0.0000
2472	Spectrogram 1	1	2758.250000	2759.750000	0	0	1	cluster_1	0.8158
2473	Spectrogram 1	1	2759.500000	2760.500000	0	0	noise	cluster_noise	0.0000
2474	Spectrogram 1	1	2760.250000	2761.000000	0	0	9	cluster_9	0.8854
2475	Spectrogram 1	1	2760.750000	2761.500000	0	0	noise	cluster_noise	0.0000
2476	Spectrogram 1	1	2761.250000	2762.000000	0	0	10	cluster_10	0.6447
2477	Spectrogram 1	1	2761.750000	2762.750000	0	0	noise	cluster_noise	0.0000
2478	Spectrogram 1	1	2762.500000	2763.000000	0	0	9	cluster_9	1.0000
2479	Spectrogram 1	1	2762.750000	2763.250000	0	0	noise	cluster_noise	0.0000
2480	Spectrogram 1	1	2763.000000	2763.750000	0	0	10	cluster_10	1.0000
2481	Spectrogram 1	1	2763.500000	2764.000000	0	0	9	cluster_9	0.8806
2482	Spectrogram 1	1	2763.750000	2764.500000	0	0	10	cluster_10	0.5757
2483	Spectrogram 1	1	2764.250000	2765.250000	0	0	noise	cluster_noise	0.0000
2484	Spectrogram 1	1	2765.000000	2769.500000	0	0	10	cluster_10	0.7697
2485	Spectrogram 1	1	2769.250000	2771.000000	0	0	noise	cluster_noise	0.0000
2486	Spectrogram 1	1	2770.750000	2771.250000	0	0	9	cluster_9	1.0000
2487	Spectrogram 1	1	2771.000000	2772.000000	0	0	noise	cluster_noise	0.0000
2488	Spectrogram 1	1	2771.750000	2773.000000	0	0	1	cluster_1	0.7258
2489	Spectrogram 1	1	2772.750000	2773.750000	0	0	noise	cluster_noise	0.0000
2490	Spectrogram 1	1	2773.500000	2775.000000	0	0	9	cluster_9	0.9876
2491	Spectrogram 1	1	2774.750000	2775.250000	0	0	noise	cluster_noise	0.0000
2492	Spectrogram 1	1	2775.000000	2775.500000	0	0	13	cluster_13	0.6292
2493	Spectrogram 1	1	2775.250000	2776.500000	0	0	1	cluster_1	0.8215
2494	Spectrogram 1	1	2776.250000	2776.750000	0	0	noise	cluster_noise	0.0000
2495	Spectrogram 1	1	2776.500000	2777.000000	0	0	9	cluster_9	0.8211
2496	Spectrogram 1	1	2776.750000	2778.250000	0	0	noise	cluster_noise	0.0000
2497	Spectrogram 1	1	2778.000000	2778.750000	0	0	10	cluster_10	0.9215
2498	Spectrogram 1	1	2778.500000	2779.500000	0	0	noise	cluster_noise	0.0000
2499	Spectrogram 1	1	2779.250000	2779.750000	0	0	9	cluster_9	0.7899
2500	Spectrogram 1	1	2779.500000	2780.000000	0	0	noise	cluster_noise	0.0000
2501	Spectrogram 1	1	2779.750000	2780.500000	0	0	10	cluster_10	0.7415
2502	Spectrogram 1	1	2780.250000	2780.750000	0	0	8	cluster_8	1.0000
2503	Spectrogram 1	1	2780.500000	2781.750000	0	0	noise	cluster_noise	0.0000
2504	Spectrogram 1	1	2781.500000	2782.250000	0	0	10	cluster_10	0.6462
2505	Spectrogram 1	1	2782.000000	2784.000000	0	0	noise	cluster_noise	0.0000
2506	Spectrogram 1	1	2783.750000	2784.250000	0	0	10	cluster_10	0.5671
2507	Spectrogram 1	1	2784.000000	2784.500000	0	0	8	cluster_8	1.0000
2508	Spectrogram 1	1	2786.000000	2787.750000	0	0	noise	cluster_noise	0.0000
2509	Spectrogram 1	1	2787.500000	2788.000000	0	0	10	cluster_10	0.5985
2510	Spectrogram 1	1	2787.750000	2788.250000	0	0	8	cluster_8	1.0000
2511	Spectrogram 1	1	2788.000000	2788.750000	0	0	noise	cluster_noise	0.0000
2512	Spectrogram 1	1	2788.500000	2789.000000	0	0	8	cluster_8	1.0000
2513	Spectrogram 1	1	2788.750000	2790.750000	0	0	9	cluster_9	0.9764
2514	Spectrogram 1	1	2790.500000	2791.500000	0	0	1	cluster_1	0.7298
2515	Spectrogram 1	1	2791.250000	2792.500000	0	0	noise	cluster_noise	0.0000
2516	Spectrogram 1	1	2792.250000	2794.000000	0	0	9	cluster_9	0.9342
2517	Spectrogram 1	1	2793.750000	2794.250000	0	0	noise	cluster_noise	0.0000
2518	Spectrogram 1	1	2794.000000	2795.250000	0	0	1	cluster_1	0.8512
2519	Spectrogram 1	1	2795.000000	2796.000000	0	0	9	cluster_9	0.8897
2520	Spectrogram 1	1	2795.750000	2796.250000	0	0	13	cluster_13	0.6444
2521	Spectrogram 1	1	2796.000000	2796.500000	0	0	9	cluster_9	1.0000
2522	Spectrogram 1	1	2796.250000	2796.750000	0	0	noise	cluster_noise	0.0000
2523	Spectrogram 1	1	2796.500000	2797.250000	0	0	10	cluster_10	0.5749
2524	Spectrogram 1	1	2797.000000	2797.500000	0	0	noise	cluster_noise	0.0000
2525	Spectrogram 1	1	2797.250000	2798.000000	0	0	9	cluster_9	0.9335
2526	Spectrogram 1	1	2797.750000	2798.250000	0	0	noise	cluster_noise	0.0000
2527	Spectrogram 1	1	2798.000000	2798.500000	0	0	10	cluster_10	0.8259
2528	Spectrogram 1	1	2802.000000	2802.500000	0	0	9	cluster_9	0.9886
2529	Spectrogram 1	1	2802.250000	2802.750000	0	0	noise	cluster_noise	0.0000
2530	Spectrogram 1	1	2802.500000	2803.000000	0	0	14	cluster_14	0.9182
2531	Spectrogram 1	1	2802.750000	2803.250000	0	0	8	cluster_8	0.9294
2532	Spectrogram 1	1	2803.000000	2803.500000	0	0	14	cluster_14	0.7529
2533	Spectrogram 1	1	2803.250000	2804.000000	0	0	noise	cluster_noise	0.0000
2534	Spectrogram 1	1	2803.750000	2804.250000	0	0	9	cluster_9	0.9669
2535	Spectrogram 1	1	2804.000000	2804.500000	0	0	noise	cluster_noise	0.0000
2536	Spectrogram 1	1	2804.250000	2805.000000	0	0	10	cluster_10	0.4808
2537	Spectrogram 1	1	2804.750000	2805.250000	0	0	8	cluster_8	0.8090
2538	Spectrogram 1	1	2805.000000	2805.750000	0	0	noise	cluster_noise	0.0000
2539	Spectrogram 1	1	2805.500000	2806.000000	0	0	8	cluster_8	1.0000
2540	Spectrogram 1	1	2805.750000	2806.250000	0	0	9	cluster_9	1.0000
2541	Spectrogram 1	1	2806.000000	2806.500000	0	0	14	cluster_14	0.8394
2542	Spectrogram 1	1	2806.250000	2807.000000	0	0	10	cluster_10	0.6268
2543	Spectrogram 1	1	2806.750000	2807.500000	0	0	noise	cluster_noise	0.0000
2544	Spectrogram 1	1	2807.250000	2807.750000	0	0	10	cluster_10	0.4781
2545	Spectrogram 1	1	2807.500000	2808.000000	0	0	9	cluster_9	0.8177
2546	Spectrogram 1	1	2807.750000	2808.750000	0	0	noise	cluster_noise	0.0000
2547	Spectrogram 1	1	2808.500000	2809.250000	0	0	9	cluster_9	0.9456
2548	Spectrogram 1	1	2809.000000	2809.750000	0	0	noise	cluster_noise	0.0000
2549	Spectrogram 1	1	2809.500000	2810.250000	0	0	10	cluster_10	0.5580
2550	Spectrogram 1	1	2810.000000	2810.500000	0	0	8	cluster_8	1.0000
2551	Spectrogram 1	1	2810.250000	2810.750000	0	0	noise	cluster_noise	0.0000
2552	Spectrogram 1	1	2810.500000	2811.000000	0	0	9	cluster_9	0.7633
2553	Spectrogram 1	1	2810.750000	2811.250000	0	0	noise	cluster_noise	0.0000
2554	Spectrogram 1	1	2811.000000	2812.250000	0	0	9	cluster_9	0.9419
2555	Spectrogram 1	1	2812.000000	2812.500000	0	0	noise	cluster_noise	0.0000
2556	Spectrogram 1	1	2812.250000	2813.000000	0	0	10	cluster_10	0.6849
2557	Spectrogram 1	1	2812.750000	2813.250000	0	0	8	cluster_8	1.0000
2558	Spectrogram 1	1	2813.000000	2813.750000	0	0	noise	cluster_noise	0.0000
2559	Spectrogram 1	1	2813.500000	2815.000000	0	0	9	cluster_9	0.9588
2560	Spectrogram 1	1	2814.750000	2815.500000	0	0	10	cluster_10	0.6673
2561	Spectrogram 1	1	2815.250000	2815.750000	0	0	8	cluster_8	1.0000
2562	Spectrogram 1	1	2815.500000	2816.000000	0	0	noise	cluster_noise	0.0000
2563	Spectrogram 1	1	2815.750000	2816.750000	0	0	9	cluster_9	0.8625
2564	Spectrogram 1	1	2816.500000	2818.000000	0	0	4	cluster_4	1.0000
2565	Spectrogram 1	1	2817.750000	2819.500000	0	0	noise	cluster_noise	0.0000
2566	Spectrogram 1	1	2819.250000	2820.500000	0	0	4	cluster_4	1.0000
2567	Spectrogram 1	1	2821.000000	2821.500000	0	0	noise	cluster_noise	0.0000
2568	Spectrogram 1	1	2821.250000	2822.000000	0	0	9	cluster_9	0.9796
2569	Spectrogram 1	1	2821.750000	2824.000000	0	0	4	cluster_4	0.9910
2570	Spectrogram 1	1	2823.750000	2824.500000	0	0	noise	cluster_noise	0.0000
2571	Spectrogram 1	1	2824.250000	2824.750000	0	0	13	cluster_13	0.7004
2572	Spectrogram 1	1	2824.500000	2825.000000	0	0	noise	cluster_noise	0.0000
2573	Spectrogram 1	1	2824.750000	2829.000000	0	0	4	cluster_4	1.0000
2574	Spectrogram 1	1	2828.750000	2829.250000	0	0	noise	cluster_noise	0.0000
2575	Spectrogram 1	1	2829.000000	2830.000000	0	0	9	cluster_9	0.9766
2576	Spectrogram 1	1	2829.750000	2830.750000	0	0	8	cluster_8	1.0000
2577	Spectrogram 1	1	2830.500000	2831.000000	0	0	noise	cluster_noise	0.0000
2578	Spectrogram 1	1	2830.750000	2832.750000	0	0	9	cluster_9	0.9802
2579	Spectrogram 1	1	2832.500000	2833.500000	0	0	8	cluster_8	0.9860
2580	Spectrogram 1	1	2833.250000	2833.750000	0	0	9	cluster_9	1.0000
2581	Spectrogram 1	1	2833.500000	2834.500000	0	0	noise	cluster_noise	0.0000
2582	Spectrogram 1	1	2834.250000	2835.500000	0	0	9	cluster_9	1.0000
2583	Spectrogram 1	1	2835.250000	2836.250000	0	0	8	cluster_8	1.0000
2584	Spectrogram 1	1	2836.000000	2836.500000	0	0	9	cluster_9	0.8858
2585	Spectrogram 1	1	2836.250000	2837.000000	0	0	8	cluster_8	0.9959
2586	Spectrogram 1	1	2836.750000	2838.000000	0	0	9	cluster_9	1.0000
2587	Spectrogram 1	1	2837.750000	2838.250000	0	0	10	cluster_10	0.4815
2588	Spectrogram 1	1	2838.000000	2839.000000	0	0	8	cluster_8	1.0000
2589	Spectrogram 1	1	2838.750000	2839.750000	0	0	9	cluster_9	1.0000
2590	Spectrogram 1	1	2839.500000	2840.000000	0	0	noise	cluster_noise	0.0000
2591	Spectrogram 1	1	2839.750000	2841.000000	0	0	4	cluster_4	1.0000
2592	Spectrogram 1	1	2840.750000	2842.250000	0	0	noise	cluster_noise	0.0000
2593	Spectrogram 1	1	2842.000000	2844.250000	0	0	4	cluster_4	1.0000
2594	Spectrogram 1	1	2844.000000	2844.750000	0	0	noise	cluster_noise	0.0000
2595	Spectrogram 1	1	2844.500000	2845.250000	0	0	9	cluster_9	0.9617
2596	Spectrogram 1	1	2845.000000	2845.500000	0	0	noise	cluster_noise	0.0000
2597	Spectrogram 1	1	2845.250000	2847.000000	0	0	4	cluster_4	1.0000
2598	Spectrogram 1	1	2846.750000	2847.250000	0	0	noise	cluster_noise	0.0000
2599	Spectrogram 1	1	2847.000000	2849.750000	0	0	4	cluster_4	1.0000
2600	Spectrogram 1	1	2849.500000	2850.250000	0	0	noise	cluster_noise	0.0000
2601	Spectrogram 1	1	2850.000000	2850.500000	0	0	6	cluster_6	0.7789
2602	Spectrogram 1	1	2851.000000	2851.750000	0	0	8	cluster_8	0.8810
2603	Spectrogram 1	1	2851.500000	2852.000000	0	0	noise	cluster_noise	0.0000
2604	Spectrogram 1	1	2851.750000	2853.000000	0	0	9	cluster_9	1.0000
2605	Spectrogram 1	1	2852.750000	2853.500000	0	0	8	cluster_8	0.9320
2606	Spectrogram 1	1	2855.000000	2855.750000	0	0	9	cluster_9	1.0000
2607	Spectrogram 1	1	2855.500000	2856.000000	0	0	noise	cluster_noise	0.0000
2608	Spectrogram 1	1	2855.750000	2857.500000	0	0	8	cluster_8	0.9161
2609	Spectrogram 1	1	2857.250000	2857.750000	0	0	noise	cluster_noise	0.0000
2610	Spectrogram 1	1	2857.500000	2858.500000	0	0	9	cluster_9	1.0000
2611	Spectrogram 1	1	2865.000000	2869.250000	0	0	8	cluster_8	0.9948
2612	Spectrogram 1	1	2869.000000	2878.250000	0	0	9	cluster_9	0.9304
2613	Spectrogram 1	1	2878.000000	2878.500000	0	0	noise	cluster_noise	0.0000
2614	Spectrogram 1	1	2888.000000	2890.750000	0	0	8	cluster_8	0.9838
2615	Spectrogram 1	1	2890.500000	2891.250000	0	0	noise	cluster_noise	0.0000
2616	Spectrogram 1	1	2891.000000	2891.500000	0	0	9	cluster_9	1.0000
2617	Spectrogram 1	1	2901.000000	2901.750000	0	0	8	cluster_8	1.0000
2618	Spectrogram 1	1	2901.500000	2902.000000	0	0	noise	cluster_noise	0.0000
2619	Spectrogram 1	1	2901.750000	2904.000000	0	0	8	cluster_8	0.9924
2620	Spectrogram 1	1	2903.750000	2904.250000	0	0	noise	cluster_noise	0.0000
2621	Spectrogram 1	1	2904.000000	2905.500000	0	0	9	cluster_9	0.9770
2622	Spectrogram 1	1	2905.250000	2905.750000	0	0	noise	cluster_noise	0.0000
2623	Spectrogram 1	1	2905.500000	2906.500000	0	0	0	cluster_0	0.8534
2624	Spectrogram 1	1	2918.000000	2919.250000	0	0	8	cluster_8	0.9499
2625	Spectrogram 1	1	2919.000000	2919.500000	0	0	noise	cluster_noise	0.0000
2626	Spectrogram 1	1	2919.250000	2921.750000	0	0	0	cluster_0	0.9513
2627	Spectrogram 1	1	2921.500000	2922.000000	0	0	noise	cluster_noise	0.0000
2628	Spectrogram 1	1	2921.750000	2922.250000	0	0	9	cluster_9	1.0000
2629	Spectrogram 1	1	2922.000000	2922.500000	0	0	noise	cluster_noise	0.0000
2630	Spectrogram 1	1	2932.000000	2932.500000	0	0	0	cluster_0	1.0000
2631	Spectrogram 1	1	2932.250000	2932.750000	0	0	noise	cluster_noise	0.0000
2632	Spectrogram 1	1	2932.500000	2933.250000	0	0	9	cluster_9	0.8148
2633	Spectrogram 1	1	2933.000000	2934.250000	0	0	0	cluster_0	0.8933
2634	Spectrogram 1	1	2934.000000	2934.500000	0	0	noise	cluster_noise	0.0000
2635	Spectrogram 1	1	2934.250000	2934.750000	0	0	9	cluster_9	0.8434
2636	Spectrogram 1	1	2934.500000	2935.000000	0	0	noise	cluster_noise	0.0000
2637	Spectrogram 1	1	2934.750000	2936.500000	0	0	9	cluster_9	0.9659
2638	Spectrogram 1	1	2936.250000	2936.750000	0	0	noise	cluster_noise	0.0000
2639	Spectrogram 1	1	2936.500000	2937.000000	0	0	8	cluster_8	0.7782
2640	Spectrogram 1	1	2936.750000	2937.500000	0	0	6	cluster_6	0.8912
2641	Spectrogram 1	1	2944.000000	2944.750000	0	0	0	cluster_0	1.0000
2642	Spectrogram 1	1	2944.500000	2945.250000	0	0	9	cluster_9	1.0000
2643	Spectrogram 1	1	2945.000000	2945.500000	0	0	noise	cluster_noise	0.0000
2644	Spectrogram 1	1	2945.250000	2946.000000	0	0	9	cluster_9	0.9557
2645	Spectrogram 1	1	2945.750000	2946.250000	0	0	noise	cluster_noise	0.0000
2646	Spectrogram 1	1	2946.000000	2947.250000	0	0	0	cluster_0	0.9325
2647	Spectrogram 1	1	2947.000000	2947.500000	0	0	9	cluster_9	1.0000
2648	Spectrogram 1	1	2947.250000	2948.000000	0	0	noise	cluster_noise	0.0000
2649	Spectrogram 1	1	2947.750000	2949.000000	0	0	9	cluster_9	0.9685
2650	Spectrogram 1	1	2948.750000	2949.500000	0	0	noise	cluster_noise	0.0000
2651	Spectrogram 1	1	2949.250000	2951.000000	0	0	6	cluster_6	0.9929
2652	Spectrogram 1	1	2950.750000	2953.750000	0	0	9	cluster_9	1.0000
2653	Spectrogram 1	1	2953.500000	2954.500000	0	0	8	cluster_8	0.9600
2654	Spectrogram 1	1	2957.000000	2957.500000	0	0	0	cluster_0	1.0000
2655	Spectrogram 1	1	2957.250000	2958.000000	0	0	8	cluster_8	0.8686
2656	Spectrogram 1	1	2957.750000	2958.250000	0	0	noise	cluster_noise	0.0000
2657	Spectrogram 1	1	2958.000000	2959.500000	0	0	9	cluster_9	0.9697
2658	Spectrogram 1	1	2959.250000	2959.750000	0	0	noise	cluster_noise	0.0000
2659	Spectrogram 1	1	2959.500000	2960.000000	0	0	6	cluster_6	0.9447
2660	Spectrogram 1	1	2959.750000	2960.500000	0	0	0	cluster_0	0.8248
2661	Spectrogram 1	1	2960.250000	2960.750000	0	0	noise	cluster_noise	0.0000
2662	Spectrogram 1	1	2960.500000	2961.000000	0	0	0	cluster_0	0.6256
2663	Spectrogram 1	1	2960.750000	2961.250000	0	0	noise	cluster_noise	0.0000
2664	Spectrogram 1	1	2961.000000	2962.750000	0	0	9	cluster_9	0.9069
2665	Spectrogram 1	1	2962.500000	2963.000000	0	0	noise	cluster_noise	0.0000
2666	Spectrogram 1	1	2962.750000	2964.500000	0	0	6	cluster_6	0.7772
2667	Spectrogram 1	1	2966.000000	2966.750000	0	0	9	cluster_9	0.9672
2668	Spectrogram 1	1	2966.500000	2967.000000	0	0	noise	cluster_noise	0.0000
2669	Spectrogram 1	1	2966.750000	2968.000000	0	0	8	cluster_8	0.9419
2670	Spectrogram 1	1	2967.750000	2968.250000	0	0	noise	cluster_noise	0.0000
2671	Spectrogram 1	1	2968.000000	2968.500000	0	0	9	cluster_9	1.0000
2672	Spectrogram 1	1	2971.000000	2972.750000	0	0	noise	cluster_noise	0.0000
2673	Spectrogram 1	1	2972.500000	2973.250000	0	0	6	cluster_6	0.9858
2674	Spectrogram 1	1	2973.000000	2975.500000	0	0	9	cluster_9	0.9916
2675	Spectrogram 1	1	2975.250000	2975.750000	0	0	noise	cluster_noise	0.0000
2676	Spectrogram 1	1	2975.500000	2977.750000	0	0	6	cluster_6	0.9690
2677	Spectrogram 1	1	2977.500000	2978.000000	0	0	9	cluster_9	1.0000
2678	Spectrogram 1	1	2977.750000	2980.000000	0	0	noise	cluster_noise	0.0000
2679	Spectrogram 1	1	2979.750000	2982.750000	0	0	9	cluster_9	0.9939
2680	Spectrogram 1	1	2982.500000	2983.000000	0	0	8	cluster_8	0.8592
2681	Spectrogram 1	1	2982.750000	2983.500000	0	0	noise	cluster_noise	0.0000
2682	Spectrogram 1	1	2983.250000	2983.750000	0	0	9	cluster_9	0.8874
2683	Spectrogram 1	1	2983.500000	2984.000000	0	0	noise	cluster_noise	0.0000
2684	Spectrogram 1	1	2983.750000	2987.250000	0	0	9	cluster_9	0.9786
2685	Spectrogram 1	1	2987.000000	2987.500000	0	0	noise	cluster_noise	0.0000
2686	Spectrogram 1	1	2987.250000	2989.750000	0	0	6	cluster_6	0.8917
2687	Spectrogram 1	1	2989.500000	2990.000000	0	0	9	cluster_9	0.7785
2688	Spectrogram 1	1	2989.750000	2990.250000	0	0	noise	cluster_noise	0.0000
2689	Spectrogram 1	1	2990.000000	2991.000000	0	0	8	cluster_8	1.0000
2690	Spectrogram 1	1	2990.750000	2991.750000	0	0	noise	cluster_noise	0.0000
2691	Spectrogram 1	1	2991.500000	2992.500000	0	0	9	cluster_9	0.9924
2692	Spectrogram 1	1	2992.250000	2993.000000	0	0	noise	cluster_noise	0.0000
2693	Spectrogram 1	1	2992.750000	2993.750000	0	0	9	cluster_9	1.0000
2694	Spectrogram 1	1	2993.500000	2994.500000	0	0	noise	cluster_noise	0.0000
2695	Spectrogram 1	1	2994.250000	2995.000000	0	0	6	cluster_6	0.7553
2696	Spectrogram 1	1	2994.750000	2995.500000	0	0	noise	cluster_noise	0.0000
2697	Spectrogram 1	1	2995.250000	2996.250000	0	0	6	cluster_6	0.8873
2698	Spectrogram 1	1	2996.000000	2998.500000	0	0	9	cluster_9	1.0000
2699	Spectrogram 1	1	2998.250000	2999.500000	0	0	6	cluster_6	0.9425
2700	Spectrogram 1	1	3000.000000	3000.500000	0	0	noise	cluster_noise	0.0000
2701	Spectrogram 1	1	3000.250000	3001.250000	0	0	9	cluster_9	1.0000
2702	Spectrogram 1	1	3001.000000	3002.250000	0	0	8	cluster_8	0.9806
2703	Spectrogram 1	1	3002.000000	3006.000000	0	0	9	cluster_9	0.9916
2704	Spectrogram 1	1	3005.750000	3015.500000	0	0	noise	cluster_noise	0.0000
2705	Spectrogram 1	1	3015.250000	3018.750000	0	0	9	cluster_9	0.9800
2706	Spectrogram 1	1	3018.500000	3019.750000	0	0	noise	cluster_noise	0.0000
2707	Spectrogram 1	1	3019.500000	3020.500000	0	0	6	cluster_6	0.8264
2708	Spectrogram 1	1	3020.250000	3020.750000	0	0	noise	cluster_noise	0.0000
2709	Spectrogram 1	1	3020.500000	3024.000000	0	0	9	cluster_9	0.9551
2710	Spectrogram 1	1	3023.750000	3025.250000	0	0	6	cluster_6	0.9772
2711	Spectrogram 1	1	3025.000000	3025.500000	0	0	noise	cluster_noise	0.0000
2712	Spectrogram 1	1	3025.250000	3026.250000	0	0	9	cluster_9	1.0000
2713	Spectrogram 1	1	3026.000000	3026.750000	0	0	noise	cluster_noise	0.0000
2714	Spectrogram 1	1	3026.500000	3027.250000	0	0	9	cluster_9	1.0000
2715	Spectrogram 1	1	3027.000000	3027.500000	0	0	noise	cluster_noise	0.0000
2716	Spectrogram 1	1	3027.250000	3027.750000	0	0	8	cluster_8	0.8504
2717	Spectrogram 1	1	3027.500000	3031.000000	0	0	9	cluster_9	1.0000
2718	Spectrogram 1	1	3030.750000	3031.500000	0	0	6	cluster_6	0.9473
2719	Spectrogram 1	1	3034.000000	3035.500000	0	0	9	cluster_9	1.0000
2720	Spectrogram 1	1	3035.250000	3035.750000	0	0	noise	cluster_noise	0.0000
2721	Spectrogram 1	1	3035.500000	3037.000000	0	0	6	cluster_6	1.0000
2722	Spectrogram 1	1	3036.750000	3037.250000	0	0	noise	cluster_noise	0.0000
2723	Spectrogram 1	1	3037.000000	3038.250000	0	0	9	cluster_9	0.9640
2724	Spectrogram 1	1	3038.000000	3038.750000	0	0	8	cluster_8	0.8388
2725	Spectrogram 1	1	3038.500000	3039.250000	0	0	noise	cluster_noise	0.0000
2726	Spectrogram 1	1	3039.000000	3043.500000	0	0	9	cluster_9	0.9795
2727	Spectrogram 1	1	3043.250000	3043.750000	0	0	noise	cluster_noise	0.0000
2728	Spectrogram 1	1	3043.500000	3049.500000	0	0	6	cluster_6	0.9491
2729	Spectrogram 1	1	3049.250000	3050.250000	0	0	noise	cluster_noise	0.0000
2730	Spectrogram 1	1	3050.000000	3050.500000	0	0	9	cluster_9	0.9733
2731	Spectrogram 1	1	3050.250000	3051.000000	0	0	noise	cluster_noise	0.0000
2732	Spectrogram 1	1	3050.750000	3055.250000	0	0	9	cluster_9	0.9480
2733	Spectrogram 1	1	3055.000000	3055.750000	0	0	noise	cluster_noise	0.0000
2734	Spectrogram 1	1	3055.500000	3056.500000	0	0	6	cluster_6	0.9174
2735	Spectrogram 1	1	3059.000000	3059.500000	0	0	noise	cluster_noise	0.0000
2736	Spectrogram 1	1	3059.250000	3061.000000	0	0	6	cluster_6	0.9656
2737	Spectrogram 1	1	3060.750000	3061.250000	0	0	9	cluster_9	1.0000
2738	Spectrogram 1	1	3061.000000	3061.500000	0	0	noise	cluster_noise	0.0000
2739	Spectrogram 1	1	3061.250000	3061.750000	0	0	8	cluster_8	0.7883
2740	Spectrogram 1	1	3061.500000	3062.000000	0	0	noise	cluster_noise	0.0000
2741	Spectrogram 1	1	3061.750000	3062.750000	0	0	9	cluster_9	0.9827
2742	Spectrogram 1	1	3062.500000	3063.750000	0	0	noise	cluster_noise	0.0000
2743	Spectrogram 1	1	3063.500000	3064.250000	0	0	9	cluster_9	0.8776
2744	Spectrogram 1	1	3064.000000	3064.500000	0	0	8	cluster_8	0.9469
2745	Spectrogram 1	1	3064.250000	3065.000000	0	0	noise	cluster_noise	0.0000
2746	Spectrogram 1	1	3064.750000	3066.500000	0	0	9	cluster_9	1.0000
2747	Spectrogram 1	1	3066.250000	3069.000000	0	0	6	cluster_6	0.9575
2748	Spectrogram 1	1	3068.750000	3069.250000	0	0	noise	cluster_noise	0.0000
2749	Spectrogram 1	1	3069.000000	3069.500000	0	0	9	cluster_9	0.8097
2750	Spectrogram 1	1	3073.000000	3073.750000	0	0	noise	cluster_noise	0.0000
2751	Spectrogram 1	1	3073.500000	3074.500000	0	0	9	cluster_9	0.8549
2752	Spectrogram 1	1	3075.000000	3075.500000	0	0	8	cluster_8	1.0000
2753	Spectrogram 1	1	3075.250000	3077.500000	0	0	9	cluster_9	0.9654
2754	Spectrogram 1	1	3077.250000	3080.000000	0	0	6	cluster_6	1.0000
2755	Spectrogram 1	1	3079.750000	3080.500000	0	0	noise	cluster_noise	0.0000
2756	Spectrogram 1	1	3080.250000	3081.500000	0	0	9	cluster_9	0.9992
2757	Spectrogram 1	1	3083.000000	3083.750000	0	0	6	cluster_6	1.0000
2758	Spectrogram 1	1	3083.500000	3084.000000	0	0	noise	cluster_noise	0.0000
2759	Spectrogram 1	1	3083.750000	3085.500000	0	0	6	cluster_6	0.9742
2760	Spectrogram 1	1	3085.250000	3085.750000	0	0	noise	cluster_noise	0.0000
2761	Spectrogram 1	1	3085.500000	3088.500000	0	0	6	cluster_6	0.9150
2762	Spectrogram 1	1	3088.250000	3088.750000	0	0	9	cluster_9	1.0000
2763	Spectrogram 1	1	3088.500000	3089.000000	0	0	noise	cluster_noise	0.0000
2764	Spectrogram 1	1	3088.750000	3089.250000	0	0	6	cluster_6	0.6779
2765	Spectrogram 1	1	3089.000000	3090.250000	0	0	noise	cluster_noise	0.0000
2766	Spectrogram 1	1	3090.000000	3090.500000	0	0	9	cluster_9	1.0000
2767	Spectrogram 1	1	3090.250000	3091.000000	0	0	noise	cluster_noise	0.0000
2768	Spectrogram 1	1	3090.750000	3091.750000	0	0	9	cluster_9	0.9771
2769	Spectrogram 1	1	3091.500000	3092.000000	0	0	noise	cluster_noise	0.0000
2770	Spectrogram 1	1	3091.750000	3095.000000	0	0	6	cluster_6	1.0000
2771	Spectrogram 1	1	3094.750000	3095.250000	0	0	noise	cluster_noise	0.0000
2772	Spectrogram 1	1	3095.000000	3096.250000	0	0	9	cluster_9	0.9783
2773	Spectrogram 1	1	3096.000000	3097.750000	0	0	6	cluster_6	1.0000
2774	Spectrogram 1	1	3097.500000	3098.000000	0	0	9	cluster_9	0.9171
2775	Spectrogram 1	1	3097.750000	3098.250000	0	0	6	cluster_6	0.8246
2776	Spectrogram 1	1	3098.000000	3098.750000	0	0	9	cluster_9	0.8558
2777	Spectrogram 1	1	3098.500000	3099.750000	0	0	noise	cluster_noise	0.0000
2778	Spectrogram 1	1	3099.500000	3100.000000	0	0	9	cluster_9	1.0000
2779	Spectrogram 1	1	3099.750000	3100.500000	0	0	noise	cluster_noise	0.0000
2780	Spectrogram 1	1	3100.250000	3101.000000	0	0	14	cluster_14	0.8033
2781	Spectrogram 1	1	3100.750000	3101.250000	0	0	noise	cluster_noise	0.0000
2782	Spectrogram 1	1	3101.000000	3101.500000	0	0	14	cluster_14	0.7391
2783	Spectrogram 1	1	3101.250000	3101.750000	0	0	9	cluster_9	0.9377
2784	Spectrogram 1	1	3101.500000	3102.000000	0	0	noise	cluster_noise	0.0000
2785	Spectrogram 1	1	3101.750000	3102.250000	0	0	9	cluster_9	1.0000
2786	Spectrogram 1	1	3102.000000	3103.000000	0	0	noise	cluster_noise	0.0000
2787	Spectrogram 1	1	3102.750000	3103.250000	0	0	14	cluster_14	0.8675
2788	Spectrogram 1	1	3103.000000	3103.750000	0	0	9	cluster_9	1.0000
2789	Spectrogram 1	1	3103.500000	3104.000000	0	0	noise	cluster_noise	0.0000
2790	Spectrogram 1	1	3103.750000	3104.750000	0	0	14	cluster_14	0.8688
2791	Spectrogram 1	1	3104.500000	3105.750000	0	0	noise	cluster_noise	0.0000
2792	Spectrogram 1	1	3105.500000	3106.500000	0	0	9	cluster_9	1.0000
2793	Spectrogram 1	1	3106.250000	3109.000000	0	0	6	cluster_6	0.9904
2794	Spectrogram 1	1	3108.750000	3109.250000	0	0	noise	cluster_noise	0.0000
2795	Spectrogram 1	1	3109.000000	3111.500000	0	0	9	cluster_9	0.9860
2796	Spectrogram 1	1	3111.250000	3111.750000	0	0	noise	cluster_noise	0.0000
2797	Spectrogram 1	1	3111.500000	3112.500000	0	0	14	cluster_14	0.9254
2798	Spectrogram 1	1	3112.250000	3113.500000	0	0	noise	cluster_noise	0.0000
2799	Spectrogram 1	1	3113.250000	3113.750000	0	0	9	cluster_9	1.0000
2800	Spectrogram 1	1	3113.500000	3114.750000	0	0	14	cluster_14	0.8816
2801	Spectrogram 1	1	3114.500000	3115.500000	0	0	noise	cluster_noise	0.0000
2802	Spectrogram 1	1	3115.250000	3115.750000	0	0	14	cluster_14	0.7926
2803	Spectrogram 1	1	3115.500000	3116.500000	0	0	noise	cluster_noise	0.0000
2804	Spectrogram 1	1	3116.250000	3117.000000	0	0	9	cluster_9	0.8892
2805	Spectrogram 1	1	3116.750000	3117.750000	0	0	14	cluster_14	0.9141
2806	Spectrogram 1	1	3117.500000	3118.500000	0	0	noise	cluster_noise	0.0000
2807	Spectrogram 1	1	3118.250000	3119.250000	0	0	14	cluster_14	0.9144
2808	Spectrogram 1	1	3119.000000	3120.250000	0	0	noise	cluster_noise	0.0000
2809	Spectrogram 1	1	3120.000000	3121.250000	0	0	9	cluster_9	0.9800
2810	Spectrogram 1	1	3121.000000	3121.500000	0	0	noise	cluster_noise	0.0000
2811	Spectrogram 1	1	3121.250000	3124.250000	0	0	6	cluster_6	0.9679
2812	Spectrogram 1	1	3124.000000	3124.500000	0	0	noise	cluster_noise	0.0000
2813	Spectrogram 1	1	3124.250000	3127.250000	0	0	9	cluster_9	0.9984
2814	Spectrogram 1	1	3127.000000	3128.000000	0	0	noise	cluster_noise	0.0000
2815	Spectrogram 1	1	3127.750000	3128.250000	0	0	6	cluster_6	0.8285
2816	Spectrogram 1	1	3128.000000	3128.500000	0	0	noise	cluster_noise	0.0000
2817	Spectrogram 1	1	3128.250000	3129.500000	0	0	9	cluster_9	0.9791
2818	Spectrogram 1	1	3129.250000	3130.250000	0	0	14	cluster_14	0.8497
2819	Spectrogram 1	1	3130.000000	3131.000000	0	0	9	cluster_9	0.9796
2820	Spectrogram 1	1	3130.750000	3131.250000	0	0	noise	cluster_noise	0.0000
2821	Spectrogram 1	1	3131.000000	3132.000000	0	0	14	cluster_14	0.8554
2822	Spectrogram 1	1	3131.750000	3132.750000	0	0	9	cluster_9	0.9800
2823	Spectrogram 1	1	3132.500000	3133.500000	0	0	14	cluster_14	0.9123
2824	Spectrogram 1	1	3133.250000	3133.750000	0	0	noise	cluster_noise	0.0000
2825	Spectrogram 1	1	3133.500000	3135.750000	0	0	9	cluster_9	0.9771
2826	Spectrogram 1	1	3135.500000	3138.750000	0	0	6	cluster_6	0.9713
2827	Spectrogram 1	1	3138.500000	3142.000000	0	0	9	cluster_9	0.9588
2828	Spectrogram 1	1	3141.750000	3143.000000	0	0	noise	cluster_noise	0.0000
2829	Spectrogram 1	1	3142.750000	3143.500000	0	0	9	cluster_9	0.9419
2830	Spectrogram 1	1	3143.250000	3143.750000	0	0	noise	cluster_noise	0.0000
2831	Spectrogram 1	1	3143.500000	3144.750000	0	0	14	cluster_14	0.8686
2832	Spectrogram 1	1	3144.500000	3145.250000	0	0	noise	cluster_noise	0.0000
2833	Spectrogram 1	1	3145.000000	3145.500000	0	0	13	cluster_13	0.6292
2834	Spectrogram 1	1	3145.250000	3146.500000	0	0	14	cluster_14	0.8468
2835	Spectrogram 1	1	3146.250000	3146.750000	0	0	noise	cluster_noise	0.0000
2836	Spectrogram 1	1	3146.500000	3147.000000	0	0	9	cluster_9	0.9664
2837	Spectrogram 1	1	3146.750000	3147.250000	0	0	noise	cluster_noise	0.0000
2838	Spectrogram 1	1	3147.000000	3148.000000	0	0	14	cluster_14	0.9371
2839	Spectrogram 1	1	3147.750000	3148.250000	0	0	noise	cluster_noise	0.0000
2840	Spectrogram 1	1	3148.000000	3150.000000	0	0	9	cluster_9	0.9821
2841	Spectrogram 1	1	3149.750000	3153.000000	0	0	6	cluster_6	0.9717
2842	Spectrogram 1	1	3152.750000	3153.500000	0	0	0	cluster_0	0.6189
2843	Spectrogram 1	1	3153.250000	3156.000000	0	0	9	cluster_9	0.9796
2844	Spectrogram 1	1	3155.750000	3156.250000	0	0	noise	cluster_noise	0.0000
2845	Spectrogram 1	1	3156.000000	3156.500000	0	0	6	cluster_6	0.7357
2846	Spectrogram 1	1	3156.250000	3157.000000	0	0	noise	cluster_noise	0.0000
2847	Spectrogram 1	1	3156.750000	3158.000000	0	0	9	cluster_9	0.8970
2848	Spectrogram 1	1	3157.750000	3158.250000	0	0	noise	cluster_noise	0.0000
2849	Spectrogram 1	1	3158.000000	3158.750000	0	0	14	cluster_14	0.9294
2850	Spectrogram 1	1	3158.500000	3159.000000	0	0	noise	cluster_noise	0.0000
2851	Spectrogram 1	1	3158.750000	3159.500000	0	0	9	cluster_9	1.0000
2852	Spectrogram 1	1	3159.250000	3159.750000	0	0	noise	cluster_noise	0.0000
2853	Spectrogram 1	1	3159.500000	3160.500000	0	0	14	cluster_14	0.8977
2854	Spectrogram 1	1	3160.250000	3160.750000	0	0	noise	cluster_noise	0.0000
2855	Spectrogram 1	1	3160.500000	3161.000000	0	0	9	cluster_9	1.0000
2856	Spectrogram 1	1	3160.750000	3161.250000	0	0	noise	cluster_noise	0.0000
2857	Spectrogram 1	1	3161.000000	3162.000000	0	0	14	cluster_14	0.8597
2858	Spectrogram 1	1	3161.750000	3162.250000	0	0	9	cluster_9	1.0000
2859	Spectrogram 1	1	3162.000000	3162.750000	0	0	noise	cluster_noise	0.0000
2860	Spectrogram 1	1	3162.500000	3164.000000	0	0	9	cluster_9	1.0000
2861	Spectrogram 1	1	3163.750000	3167.000000	0	0	6	cluster_6	0.9807
2862	Spectrogram 1	1	3166.750000	3167.750000	0	0	noise	cluster_noise	0.0000
2863	Spectrogram 1	1	3167.500000	3169.750000	0	0	9	cluster_9	0.9517
2864	Spectrogram 1	1	3169.500000	3171.000000	0	0	noise	cluster_noise	0.0000
2865	Spectrogram 1	1	3170.750000	3171.500000	0	0	9	cluster_9	0.9246
2866	Spectrogram 1	1	3172.000000	3172.500000	0	0	noise	cluster_noise	0.0000
2867	Spectrogram 1	1	3172.250000	3172.750000	0	0	14	cluster_14	1.0000
2868	Spectrogram 1	1	3172.500000	3173.000000	0	0	noise	cluster_noise	0.0000
2869	Spectrogram 1	1	3172.750000	3173.750000	0	0	9	cluster_9	0.9283
2870	Spectrogram 1	1	3173.500000	3174.500000	0	0	14	cluster_14	0.9336
2871	Spectrogram 1	1	3174.250000	3175.000000	0	0	9	cluster_9	0.7877
2872	Spectrogram 1	1	3174.750000	3175.250000	0	0	noise	cluster_noise	0.0000
2873	Spectrogram 1	1	3175.000000	3175.750000	0	0	14	cluster_14	0.9676
2874	Spectrogram 1	1	3175.500000	3176.000000	0	0	noise	cluster_noise	0.0000
2875	Spectrogram 1	1	3175.750000	3176.500000	0	0	9	cluster_9	0.8810
2876	Spectrogram 1	1	3176.250000	3176.750000	0	0	noise	cluster_noise	0.0000
2877	Spectrogram 1	1	3176.500000	3177.500000	0	0	14	cluster_14	0.8622
2878	Spectrogram 1	1	3177.250000	3178.250000	0	0	noise	cluster_noise	0.0000
2879	Spectrogram 1	1	3178.000000	3179.250000	0	0	9	cluster_9	0.9738
2880	Spectrogram 1	1	3179.000000	3182.250000	0	0	6	cluster_6	0.9642
2881	Spectrogram 1	1	3182.000000	3182.500000	0	0	noise	cluster_noise	0.0000
2882	Spectrogram 1	1	3182.250000	3184.750000	0	0	9	cluster_9	0.9784
2883	Spectrogram 1	1	3184.500000	3185.250000	0	0	noise	cluster_noise	0.0000
2884	Spectrogram 1	1	3185.000000	3185.500000	0	0	6	cluster_6	0.7083
2885	Spectrogram 1	1	3186.000000	3186.500000	0	0	noise	cluster_noise	0.0000
2886	Spectrogram 1	1	3186.250000	3187.000000	0	0	9	cluster_9	1.0000
2887	Spectrogram 1	1	3186.750000	3187.250000	0	0	noise	cluster_noise	0.0000
2888	Spectrogram 1	1	3187.000000	3187.750000	0	0	14	cluster_14	0.9646
2889	Spectrogram 1	1	3187.500000	3188.000000	0	0	noise	cluster_noise	0.0000
2890	Spectrogram 1	1	3187.750000	3188.500000	0	0	9	cluster_9	1.0000
2891	Spectrogram 1	1	3188.250000	3188.750000	0	0	noise	cluster_noise	0.0000
2892	Spectrogram 1	1	3188.500000	3189.000000	0	0	9	cluster_9	0.8947
2893	Spectrogram 1	1	3188.750000	3189.750000	0	0	14	cluster_14	0.8131
2894	Spectrogram 1	1	3189.500000	3190.000000	0	0	9	cluster_9	1.0000
2895	Spectrogram 1	1	3189.750000	3190.500000	0	0	noise	cluster_noise	0.0000
2896	Spectrogram 1	1	3190.250000	3191.000000	0	0	14	cluster_14	0.9071
2897	Spectrogram 1	1	3190.750000	3191.250000	0	0	noise	cluster_noise	0.0000
2898	Spectrogram 1	1	3191.000000	3191.500000	0	0	9	cluster_9	1.0000
2899	Spectrogram 1	1	3191.250000	3191.750000	0	0	noise	cluster_noise	0.0000
2900	Spectrogram 1	1	3191.500000	3192.250000	0	0	14	cluster_14	0.9716
2901	Spectrogram 1	1	3192.000000	3192.500000	0	0	noise	cluster_noise	0.0000
2902	Spectrogram 1	1	3192.250000	3192.750000	0	0	9	cluster_9	1.0000
2903	Spectrogram 1	1	3192.500000	3193.000000	0	0	noise	cluster_noise	0.0000
2904	Spectrogram 1	1	3192.750000	3194.250000	0	0	9	cluster_9	1.0000
2905	Spectrogram 1	1	3194.000000	3197.250000	0	0	6	cluster_6	0.9748
2906	Spectrogram 1	1	3197.000000	3197.750000	0	0	noise	cluster_noise	0.0000
2907	Spectrogram 1	1	3197.500000	3199.750000	0	0	9	cluster_9	1.0000
2908	Spectrogram 1	1	3199.500000	3201.000000	0	0	noise	cluster_noise	0.0000
2909	Spectrogram 1	1	3200.750000	3202.000000	0	0	9	cluster_9	0.8508
2910	Spectrogram 1	1	3201.750000	3202.750000	0	0	14	cluster_14	0.8856
2911	Spectrogram 1	1	3202.500000	3203.750000	0	0	noise	cluster_noise	0.0000
2912	Spectrogram 1	1	3203.500000	3204.000000	0	0	14	cluster_14	0.7913
2913	Spectrogram 1	1	3203.750000	3204.500000	0	0	noise	cluster_noise	0.0000
2914	Spectrogram 1	1	3204.250000	3205.000000	0	0	9	cluster_9	1.0000
2915	Spectrogram 1	1	3204.750000	3205.250000	0	0	noise	cluster_noise	0.0000
2916	Spectrogram 1	1	3205.000000	3205.750000	0	0	14	cluster_14	0.8171
2917	Spectrogram 1	1	3205.500000	3206.000000	0	0	noise	cluster_noise	0.0000
2918	Spectrogram 1	1	3205.750000	3206.250000	0	0	9	cluster_9	1.0000
2919	Spectrogram 1	1	3206.000000	3207.000000	0	0	14	cluster_14	0.8928
2920	Spectrogram 1	1	3206.750000	3207.250000	0	0	noise	cluster_noise	0.0000
2921	Spectrogram 1	1	3207.000000	3207.500000	0	0	9	cluster_9	1.0000
2922	Spectrogram 1	1	3207.250000	3208.250000	0	0	noise	cluster_noise	0.0000
2923	Spectrogram 1	1	3208.000000	3208.750000	0	0	9	cluster_9	0.9851
2924	Spectrogram 1	1	3208.500000	3212.000000	0	0	6	cluster_6	0.9826
2925	Spectrogram 1	1	3211.750000	3212.750000	0	0	noise	cluster_noise	0.0000
2926	Spectrogram 1	1	3212.500000	3214.500000	0	0	9	cluster_9	1.0000
2927	Spectrogram 1	1	3214.250000	3215.250000	0	0	noise	cluster_noise	0.0000
2928	Spectrogram 1	1	3215.000000	3216.000000	0	0	6	cluster_6	0.9066
2929	Spectrogram 1	1	3215.750000	3217.000000	0	0	9	cluster_9	1.0000
2930	Spectrogram 1	1	3216.750000	3217.750000	0	0	14	cluster_14	0.8930
2931	Spectrogram 1	1	3217.500000	3218.000000	0	0	noise	cluster_noise	0.0000
2932	Spectrogram 1	1	3217.750000	3218.500000	0	0	9	cluster_9	0.8301
2933	Spectrogram 1	1	3218.250000	3218.750000	0	0	noise	cluster_noise	0.0000
2934	Spectrogram 1	1	3218.500000	3219.500000	0	0	14	cluster_14	0.8525
2935	Spectrogram 1	1	3219.250000	3220.500000	0	0	noise	cluster_noise	0.0000
2936	Spectrogram 1	1	3221.000000	3221.500000	0	0	14	cluster_14	0.7348
2937	Spectrogram 1	1	3221.250000	3223.500000	0	0	9	cluster_9	0.9926
2938	Spectrogram 1	1	3223.250000	3226.250000	0	0	6	cluster_6	1.0000
2939	Spectrogram 1	1	3226.000000	3226.750000	0	0	noise	cluster_noise	0.0000
2940	Spectrogram 1	1	3226.500000	3229.000000	0	0	9	cluster_9	0.9359
2941	Spectrogram 1	1	3228.750000	3229.500000	0	0	noise	cluster_noise	0.0000
2942	Spectrogram 1	1	3229.250000	3230.250000	0	0	6	cluster_6	0.7856
2943	Spectrogram 1	1	3230.000000	3231.250000	0	0	9	cluster_9	0.9647
2944	Spectrogram 1	1	3231.000000	3232.000000	0	0	14	cluster_14	0.8630
2945	Spectrogram 1	1	3231.750000	3232.250000	0	0	9	cluster_9	0.7863
2946	Spectrogram 1	1	3232.000000	3232.750000	0	0	noise	cluster_noise	0.0000
2947	Spectrogram 1	1	3232.500000	3233.000000	0	0	14	cluster_14	0.9455
2948	Spectrogram 1	1	3232.750000	3233.250000	0	0	noise	cluster_noise	0.0000
2949	Spectrogram 1	1	3233.000000	3233.500000	0	0	14	cluster_14	0.7453
2950	Spectrogram 1	1	3233.250000	3234.000000	0	0	9	cluster_9	0.9008
2951	Spectrogram 1	1	3233.750000	3234.250000	0	0	noise	cluster_noise	0.0000
2952	Spectrogram 1	1	3234.000000	3234.750000	0	0	14	cluster_14	0.9728
2953	Spectrogram 1	1	3234.500000	3235.000000	0	0	noise	cluster_noise	0.0000
2954	Spectrogram 1	1	3234.750000	3235.250000	0	0	9	cluster_9	1.0000
2955	Spectrogram 1	1	3235.000000	3236.000000	0	0	14	cluster_14	0.8767
2956	Spectrogram 1	1	3235.750000	3236.250000	0	0	noise	cluster_noise	0.0000
2957	Spectrogram 1	1	3236.000000	3236.500000	0	0	9	cluster_9	0.9871
2958	Spectrogram 1	1	3236.250000	3237.000000	0	0	noise	cluster_noise	0.0000
2959	Spectrogram 1	1	3236.750000	3238.000000	0	0	9	cluster_9	0.9801
2960	Spectrogram 1	1	3237.750000	3240.750000	0	0	6	cluster_6	1.0000
2961	Spectrogram 1	1	3240.500000	3241.250000	0	0	noise	cluster_noise	0.0000
2962	Spectrogram 1	1	3241.000000	3243.750000	0	0	9	cluster_9	0.9768
2963	Spectrogram 1	1	3243.500000	3244.250000	0	0	noise	cluster_noise	0.0000
2964	Spectrogram 1	1	3244.000000	3245.000000	0	0	6	cluster_6	0.9854
2965	Spectrogram 1	1	3244.750000	3245.500000	0	0	9	cluster_9	1.0000
2966	Spectrogram 1	1	3246.000000	3247.000000	0	0	14	cluster_14	0.8852
2967	Spectrogram 1	1	3246.750000	3247.750000	0	0	noise	cluster_noise	0.0000
2968	Spectrogram 1	1	3247.500000	3248.000000	0	0	9	cluster_9	0.7956
2969	Spectrogram 1	1	3247.750000	3248.250000	0	0	noise	cluster_noise	0.0000
2970	Spectrogram 1	1	3248.000000	3248.750000	0	0	14	cluster_14	0.8437
2971	Spectrogram 1	1	3248.500000	3249.750000	0	0	noise	cluster_noise	0.0000
2972	Spectrogram 1	1	3249.500000	3250.500000	0	0	14	cluster_14	0.8562
2973	Spectrogram 1	1	3250.250000	3250.750000	0	0	9	cluster_9	0.7486
2974	Spectrogram 1	1	3250.500000	3251.000000	0	0	noise	cluster_noise	0.0000
2975	Spectrogram 1	1	3250.750000	3251.750000	0	0	14	cluster_14	0.8454
2976	Spectrogram 1	1	3251.500000	3252.000000	0	0	9	cluster_9	1.0000
2977	Spectrogram 1	1	3251.750000	3252.500000	0	0	noise	cluster_noise	0.0000
2978	Spectrogram 1	1	3252.250000	3253.500000	0	0	9	cluster_9	0.9420
2979	Spectrogram 1	1	3253.250000	3256.250000	0	0	6	cluster_6	0.9702
2980	Spectrogram 1	1	3256.000000	3256.750000	0	0	noise	cluster_noise	0.0000
2981	Spectrogram 1	1	3256.500000	3258.000000	0	0	9	cluster_9	0.9644
2982	Spectrogram 1	1	3257.750000	3258.250000	0	0	noise	cluster_noise	0.0000
2983	Spectrogram 1	1	3258.000000	3259.000000	0	0	9	cluster_9	1.0000
2984	Spectrogram 1	1	3258.750000	3259.250000	0	0	14	cluster_14	0.7913
2985	Spectrogram 1	1	3259.000000	3260.750000	0	0	noise	cluster_noise	0.0000
2986	Spectrogram 1	1	3260.500000	3261.250000	0	0	9	cluster_9	0.9252
2987	Spectrogram 1	1	3261.000000	3262.000000	0	0	14	cluster_14	0.8812
2988	Spectrogram 1	1	3261.750000	3262.250000	0	0	9	cluster_9	0.8699
2989	Spectrogram 1	1	3262.000000	3263.000000	0	0	13	cluster_13	0.6844
2990	Spectrogram 1	1	3262.750000	3264.000000	0	0	noise	cluster_noise	0.0000
2991	Spectrogram 1	1	3263.750000	3264.250000	0	0	13	cluster_13	0.9052
2992	Spectrogram 1	1	3264.000000	3264.500000	0	0	9	cluster_9	0.8411
2993	Spectrogram 1	1	3264.250000	3266.750000	0	0	noise	cluster_noise	0.0000
2994	Spectrogram 1	1	3266.500000	3267.750000	0	0	9	cluster_9	0.9842
2995	Spectrogram 1	1	3267.500000	3270.500000	0	0	6	cluster_6	0.9945
2996	Spectrogram 1	1	3270.250000	3271.250000	0	0	noise	cluster_noise	0.0000
2997	Spectrogram 1	1	3271.000000	3273.250000	0	0	9	cluster_9	0.9621
2998	Spectrogram 1	1	3273.000000	3273.500000	0	0	noise	cluster_noise	0.0000
2999	Spectrogram 1	1	3273.250000	3273.750000	0	0	14	cluster_14	0.7959
3000	Spectrogram 1	1	3273.500000	3274.500000	0	0	noise	cluster_noise	0.0000
3001	Spectrogram 1	1	3276.000000	3276.750000	0	0	9	cluster_9	0.9576
3002	Spectrogram 1	1	3276.500000	3277.250000	0	0	noise	cluster_noise	0.0000
3003	Spectrogram 1	1	3277.000000	3277.750000	0	0	1	cluster_1	0.6685
3004	Spectrogram 1	1	3277.500000	3278.250000	0	0	6	cluster_6	0.9762
3005	Spectrogram 1	1	3278.000000	3278.500000	0	0	noise	cluster_noise	0.0000
3006	Spectrogram 1	1	3278.250000	3279.750000	0	0	9	cluster_9	0.9141
3007	Spectrogram 1	1	3279.500000	3280.000000	0	0	noise	cluster_noise	0.0000
3008	Spectrogram 1	1	3279.750000	3280.500000	0	0	10	cluster_10	0.6743
3009	Spectrogram 1	1	3280.250000	3281.750000	0	0	9	cluster_9	0.9292
3010	Spectrogram 1	1	3281.500000	3282.000000	0	0	noise	cluster_noise	0.0000
3011	Spectrogram 1	1	3281.750000	3282.500000	0	0	10	cluster_10	0.8842
3012	Spectrogram 1	1	3282.250000	3282.750000	0	0	9	cluster_9	1.0000
3013	Spectrogram 1	1	3282.500000	3283.250000	0	0	noise	cluster_noise	0.0000
3014	Spectrogram 1	1	3283.000000	3283.500000	0	0	9	cluster_9	0.9279
3015	Spectrogram 1	1	3283.250000	3284.000000	0	0	noise	cluster_noise	0.0000
3016	Spectrogram 1	1	3283.750000	3284.500000	0	0	10	cluster_10	0.7933
3017	Spectrogram 1	1	3284.250000	3284.750000	0	0	9	cluster_9	1.0000
3018	Spectrogram 1	1	3284.500000	3285.000000	0	0	noise	cluster_noise	0.0000
3019	Spectrogram 1	1	3284.750000	3285.250000	0	0	6	cluster_6	0.7313
3020	Spectrogram 1	1	3285.000000	3285.500000	0	0	9	cluster_9	1.0000
3021	Spectrogram 1	1	3285.250000	3285.750000	0	0	noise	cluster_noise	0.0000
3022	Spectrogram 1	1	3285.500000	3286.250000	0	0	10	cluster_10	0.9349
3023	Spectrogram 1	1	3286.000000	3287.000000	0	0	noise	cluster_noise	0.0000
3024	Spectrogram 1	1	3286.750000	3287.750000	0	0	9	cluster_9	0.9227
3025	Spectrogram 1	1	3287.500000	3288.000000	0	0	noise	cluster_noise	0.0000
3026	Spectrogram 1	1	3287.750000	3288.500000	0	0	10	cluster_10	0.7903
3027	Spectrogram 1	1	3288.250000	3288.750000	0	0	9	cluster_9	0.7844
3028	Spectrogram 1	1	3288.500000	3289.250000	0	0	noise	cluster_noise	0.0000
3029	Spectrogram 1	1	3289.000000	3290.000000	0	0	9	cluster_9	1.0000
3030	Spectrogram 1	1	3289.750000	3290.500000	0	0	noise	cluster_noise	0.0000
3031	Spectrogram 1	1	3290.250000	3291.500000	0	0	1	cluster_1	0.6625
3032	Spectrogram 1	1	3291.250000	3294.000000	0	0	9	cluster_9	0.9787
3033	Spectrogram 1	1	3293.750000	3294.250000	0	0	noise	cluster_noise	0.0000
3034	Spectrogram 1	1	3294.000000	3295.250000	0	0	1	cluster_1	0.7206
3035	Spectrogram 1	1	3295.000000	3296.500000	0	0	9	cluster_9	0.9308
3036	Spectrogram 1	1	3297.000000	3297.500000	0	0	10	cluster_10	0.5168
3037	Spectrogram 1	1	3297.250000	3297.750000	0	0	9	cluster_9	0.9084
3038	Spectrogram 1	1	3297.500000	3298.250000	0	0	noise	cluster_noise	0.0000
3039	Spectrogram 1	1	3298.000000	3298.750000	0	0	9	cluster_9	0.9778
3040	Spectrogram 1	1	3298.500000	3299.000000	0	0	noise	cluster_noise	0.0000
3041	Spectrogram 1	1	3298.750000	3299.500000	0	0	10	cluster_10	0.7491
3042	Spectrogram 1	1	3299.250000	3299.750000	0	0	noise	cluster_noise	0.0000
3043	Spectrogram 1	1	3299.500000	3300.250000	0	0	10	cluster_10	0.9742
3044	Spectrogram 1	1	3300.000000	3300.500000	0	0	9	cluster_9	0.9119
3045	Spectrogram 1	1	3300.250000	3301.000000	0	0	noise	cluster_noise	0.0000
3046	Spectrogram 1	1	3300.750000	3301.500000	0	0	10	cluster_10	0.8975
3047	Spectrogram 1	1	3301.250000	3301.750000	0	0	9	cluster_9	1.0000
3048	Spectrogram 1	1	3301.500000	3302.000000	0	0	noise	cluster_noise	0.0000
3049	Spectrogram 1	1	3301.750000	3302.500000	0	0	10	cluster_10	0.9783
3050	Spectrogram 1	1	3302.250000	3302.750000	0	0	9	cluster_9	1.0000
3051	Spectrogram 1	1	3302.500000	3303.000000	0	0	noise	cluster_noise	0.0000
3052	Spectrogram 1	1	3302.750000	3303.500000	0	0	10	cluster_10	0.7626
3053	Spectrogram 1	1	3303.250000	3304.250000	0	0	9	cluster_9	0.9142
3054	Spectrogram 1	1	3304.000000	3304.500000	0	0	noise	cluster_noise	0.0000
3055	Spectrogram 1	1	3304.250000	3305.000000	0	0	10	cluster_10	0.7918
3056	Spectrogram 1	1	3304.750000	3305.500000	0	0	noise	cluster_noise	0.0000
3057	Spectrogram 1	1	3305.250000	3306.750000	0	0	9	cluster_9	0.9737
3058	Spectrogram 1	1	3306.500000	3307.000000	0	0	14	cluster_14	0.7614
3059	Spectrogram 1	1	3306.750000	3307.250000	0	0	noise	cluster_noise	0.0000
3060	Spectrogram 1	1	3307.000000	3308.000000	0	0	1	cluster_1	0.6924
3061	Spectrogram 1	1	3307.750000	3308.250000	0	0	noise	cluster_noise	0.0000
3062	Spectrogram 1	1	3308.000000	3310.500000	0	0	9	cluster_9	0.9884
3063	Spectrogram 1	1	3310.250000	3310.750000	0	0	13	cluster_13	0.6292
3064	Spectrogram 1	1	3310.500000	3311.750000	0	0	1	cluster_1	0.7910
3065	Spectrogram 1	1	3311.500000	3312.750000	0	0	noise	cluster_noise	0.0000
3066	Spectrogram 1	1	3312.500000	3313.250000	0	0	9	cluster_9	1.0000
3067	Spectrogram 1	1	3313.000000	3313.500000	0	0	noise	cluster_noise	0.0000
3068	Spectrogram 1	1	3313.250000	3314.000000	0	0	10	cluster_10	0.7811
3069	Spectrogram 1	1	3313.750000	3314.250000	0	0	9	cluster_9	1.0000
3070	Spectrogram 1	1	3314.000000	3314.500000	0	0	noise	cluster_noise	0.0000
3071	Spectrogram 1	1	3314.250000	3314.750000	0	0	9	cluster_9	0.8258
3072	Spectrogram 1	1	3314.500000	3315.000000	0	0	noise	cluster_noise	0.0000
3073	Spectrogram 1	1	3314.750000	3315.500000	0	0	10	cluster_10	0.7570
3074	Spectrogram 1	1	3315.250000	3316.000000	0	0	9	cluster_9	0.9047
3075	Spectrogram 1	1	3315.750000	3316.250000	0	0	noise	cluster_noise	0.0000
3076	Spectrogram 1	1	3316.000000	3316.750000	0	0	10	cluster_10	0.9541
3077	Spectrogram 1	1	3316.500000	3317.250000	0	0	9	cluster_9	0.8745
3078	Spectrogram 1	1	3317.000000	3317.750000	0	0	10	cluster_10	0.9863
3079	Spectrogram 1	1	3317.500000	3318.000000	0	0	9	cluster_9	0.9690
3080	Spectrogram 1	1	3317.750000	3318.500000	0	0	noise	cluster_noise	0.0000
3081	Spectrogram 1	1	3318.250000	3319.000000	0	0	10	cluster_10	1.0000
3082	Spectrogram 1	1	3318.750000	3319.250000	0	0	9	cluster_9	1.0000
3083	Spectrogram 1	1	3319.000000	3319.750000	0	0	10	cluster_10	1.0000
3084	Spectrogram 1	1	3319.500000	3320.250000	0	0	9	cluster_9	0.9566
3085	Spectrogram 1	1	3320.000000	3320.500000	0	0	noise	cluster_noise	0.0000
3086	Spectrogram 1	1	3320.250000	3321.000000	0	0	10	cluster_10	1.0000
3087	Spectrogram 1	1	3320.750000	3321.250000	0	0	9	cluster_9	1.0000
3088	Spectrogram 1	1	3321.000000	3321.750000	0	0	10	cluster_10	0.8198
3089	Spectrogram 1	1	3321.500000	3322.250000	0	0	9	cluster_9	0.9905
3090	Spectrogram 1	1	3322.000000	3322.500000	0	0	noise	cluster_noise	0.0000
3091	Spectrogram 1	1	3322.250000	3323.000000	0	0	10	cluster_10	0.9884
3092	Spectrogram 1	1	3322.750000	3323.250000	0	0	9	cluster_9	0.9244
3093	Spectrogram 1	1	3323.000000	3323.750000	0	0	noise	cluster_noise	0.0000
3094	Spectrogram 1	1	3323.500000	3328.500000	0	0	9	cluster_9	1.0000
3095	Spectrogram 1	1	3328.250000	3329.000000	0	0	noise	cluster_noise	0.0000
3096	Spectrogram 1	1	3328.750000	3329.750000	0	0	1	cluster_1	0.7616
3097	Spectrogram 1	1	3329.500000	3330.000000	0	0	13	cluster_13	0.6292
3098	Spectrogram 1	1	3329.750000	3330.250000	0	0	noise	cluster_noise	0.0000
3099	Spectrogram 1	1	3330.000000	3331.000000	0	0	9	cluster_9	0.9998
3100	Spectrogram 1	1	3330.750000	3331.250000	0	0	noise	cluster_noise	0.0000
3101	Spectrogram 1	1	3331.000000	3331.750000	0	0	10	cluster_10	1.0000
3102	Spectrogram 1	1	3331.500000	3332.750000	0	0	9	cluster_9	0.8743
3103	Spectrogram 1	1	3332.500000	3333.000000	0	0	noise	cluster_noise	0.0000
3104	Spectrogram 1	1	3332.750000	3333.500000	0	0	10	cluster_10	0.7852
3105	Spectrogram 1	1	3333.250000	3333.750000	0	0	9	cluster_9	0.7768
3106	Spectrogram 1	1	3333.500000	3334.250000	0	0	10	cluster_10	1.0000
3107	Spectrogram 1	1	3334.000000	3334.500000	0	0	9	cluster_9	1.0000
3108	Spectrogram 1	1	3334.250000	3335.000000	0	0	10	cluster_10	0.6445
3109	Spectrogram 1	1	3334.750000	3335.250000	0	0	noise	cluster_noise	0.0000
3110	Spectrogram 1	1	3335.000000	3335.750000	0	0	10	cluster_10	0.7895
3111	Spectrogram 1	1	3335.500000	3336.000000	0	0	noise	cluster_noise	0.0000
3112	Spectrogram 1	1	3335.750000	3336.500000	0	0	10	cluster_10	1.0000
3113	Spectrogram 1	1	3336.250000	3336.750000	0	0	9	cluster_9	0.7475
3114	Spectrogram 1	1	3336.500000	3337.500000	0	0	10	cluster_10	0.8620
3115	Spectrogram 1	1	3337.250000	3337.750000	0	0	9	cluster_9	0.7685
3116	Spectrogram 1	1	3337.500000	3338.750000	0	0	noise	cluster_noise	0.0000
3117	Spectrogram 1	1	3338.500000	3339.250000	0	0	10	cluster_10	0.9619
3118	Spectrogram 1	1	3339.000000	3340.000000	0	0	noise	cluster_noise	0.0000
3119	Spectrogram 1	1	3339.750000	3345.250000	0	0	9	cluster_9	0.9981
3120	Spectrogram 1	1	3345.000000	3345.750000	0	0	noise	cluster_noise	0.0000
3121	Spectrogram 1	1	3345.500000	3346.500000	0	0	1	cluster_1	0.7739
3122	Spectrogram 1	1	3346.250000	3347.250000	0	0	noise	cluster_noise	0.0000
3123	Spectrogram 1	1	3347.000000	3347.750000	0	0	9	cluster_9	1.0000
3124	Spectrogram 1	1	3347.500000	3348.000000	0	0	noise	cluster_noise	0.0000
3125	Spectrogram 1	1	3347.750000	3348.500000	0	0	10	cluster_10	0.5780
3126	Spectrogram 1	1	3348.250000	3348.750000	0	0	8	cluster_8	1.0000
3127	Spectrogram 1	1	3348.500000	3349.250000	0	0	noise	cluster_noise	0.0000
3128	Spectrogram 1	1	3349.000000	3350.000000	0	0	9	cluster_9	1.0000
3129	Spectrogram 1	1	3349.750000	3350.250000	0	0	noise	cluster_noise	0.0000
3130	Spectrogram 1	1	3350.000000	3350.750000	0	0	10	cluster_10	0.5403
3131	Spectrogram 1	1	3350.500000	3351.250000	0	0	noise	cluster_noise	0.0000
3132	Spectrogram 1	1	3351.000000	3351.500000	0	0	8	cluster_8	1.0000
3133	Spectrogram 1	1	3351.250000	3352.000000	0	0	9	cluster_9	0.9810
3134	Spectrogram 1	1	3351.750000	3353.500000	0	0	10	cluster_10	0.5586
3135	Spectrogram 1	1	3353.250000	3353.750000	0	0	noise	cluster_noise	0.0000
3136	Spectrogram 1	1	3353.500000	3354.000000	0	0	10	cluster_10	0.4816
3137	Spectrogram 1	1	3353.750000	3354.250000	0	0	noise	cluster_noise	0.0000
3138	Spectrogram 1	1	3354.000000	3354.500000	0	0	9	cluster_9	1.0000
3139	Spectrogram 1	1	3355.000000	3355.500000	0	0	noise	cluster_noise	0.0000
3140	Spectrogram 1	1	3355.250000	3355.750000	0	0	10	cluster_10	0.4836
3141	Spectrogram 1	1	3355.500000	3356.000000	0	0	noise	cluster_noise	0.0000
3142	Spectrogram 1	1	3355.750000	3356.250000	0	0	8	cluster_8	1.0000
3143	Spectrogram 1	1	3356.000000	3356.750000	0	0	10	cluster_10	0.4996
3144	Spectrogram 1	1	3356.500000	3357.500000	0	0	noise	cluster_noise	0.0000
3145	Spectrogram 1	1	3357.250000	3358.750000	0	0	9	cluster_9	1.0000
3146	Spectrogram 1	1	3358.500000	3359.000000	0	0	noise	cluster_noise	0.0000
3147	Spectrogram 1	1	3358.750000	3359.500000	0	0	10	cluster_10	0.6751
3148	Spectrogram 1	1	3361.000000	3361.750000	0	0	9	cluster_9	1.0000
3149	Spectrogram 1	1	3361.500000	3362.500000	0	0	10	cluster_10	0.5060
3150	Spectrogram 1	1	3362.250000	3362.750000	0	0	8	cluster_8	1.0000
3151	Spectrogram 1	1	3362.500000	3364.500000	0	0	9	cluster_9	0.9885
3152	Spectrogram 1	1	3364.250000	3365.000000	0	0	10	cluster_10	0.5598
3153	Spectrogram 1	1	3364.750000	3365.250000	0	0	8	cluster_8	1.0000
3154	Spectrogram 1	1	3365.000000	3366.750000	0	0	9	cluster_9	0.9050
3155	Spectrogram 1	1	3366.500000	3367.000000	0	0	noise	cluster_noise	0.0000
3156	Spectrogram 1	1	3366.750000	3368.000000	0	0	4	cluster_4	1.0000
3157	Spectrogram 1	1	3367.750000	3368.750000	0	0	noise	cluster_noise	0.0000
3158	Spectrogram 1	1	3368.500000	3369.250000	0	0	9	cluster_9	1.0000
3159	Spectrogram 1	1	3369.000000	3369.500000	0	0	noise	cluster_noise	0.0000
3160	Spectrogram 1	1	3369.250000	3374.500000	0	0	4	cluster_4	0.9712
3161	Spectrogram 1	1	3374.250000	3374.750000	0	0	noise	cluster_noise	0.0000
3162	Spectrogram 1	1	3374.500000	3375.000000	0	0	3	cluster_3	0.6045
3163	Spectrogram 1	1	3374.750000	3375.500000	0	0	9	cluster_9	0.9378
3164	Spectrogram 1	1	3376.000000	3376.750000	0	0	8	cluster_8	1.0000
3165	Spectrogram 1	1	3376.500000	3377.000000	0	0	noise	cluster_noise	0.0000
3166	Spectrogram 1	1	3376.750000	3379.000000	0	0	9	cluster_9	0.9696
3167	Spectrogram 1	1	3378.750000	3380.250000	0	0	8	cluster_8	0.9457
3168	Spectrogram 1	1	3380.000000	3382.000000	0	0	9	cluster_9	1.0000
3169	Spectrogram 1	1	3381.750000	3382.250000	0	0	noise	cluster_noise	0.0000
3170	Spectrogram 1	1	3382.000000	3382.750000	0	0	8	cluster_8	1.0000
3171	Spectrogram 1	1	3382.500000	3384.500000	0	0	9	cluster_9	0.9832
3172	Spectrogram 1	1	3384.250000	3385.250000	0	0	8	cluster_8	0.9402
3173	Spectrogram 1	1	3385.000000	3386.500000	0	0	9	cluster_9	0.9658
3174	Spectrogram 1	1	3386.250000	3388.000000	0	0	noise	cluster_noise	0.0000
3175	Spectrogram 1	1	3387.750000	3388.500000	0	0	9	cluster_9	1.0000
3176	Spectrogram 1	1	3389.000000	3389.500000	0	0	noise	cluster_noise	0.0000
3177	Spectrogram 1	1	3389.250000	3390.250000	0	0	3	cluster_3	0.8705
3178	Spectrogram 1	1	3390.000000	3390.500000	0	0	noise	cluster_noise	0.0000
3179	Spectrogram 1	1	3390.250000	3391.750000	0	0	9	cluster_9	0.9661
3180	Spectrogram 1	1	3391.500000	3392.000000	0	0	noise	cluster_noise	0.0000
3181	Spectrogram 1	1	3391.750000	3392.750000	0	0	4	cluster_4	1.0000
3182	Spectrogram 1	1	3392.500000	3393.000000	0	0	noise	cluster_noise	0.0000
3183	Spectrogram 1	1	3392.750000	3394.250000	0	0	4	cluster_4	1.0000
3184	Spectrogram 1	1	3394.000000	3394.750000	0	0	noise	cluster_noise	0.0000
3185	Spectrogram 1	1	3394.500000	3395.250000	0	0	9	cluster_9	1.0000
3186	Spectrogram 1	1	3395.000000	3396.250000	0	0	8	cluster_8	0.9406
3187	Spectrogram 1	1	3396.000000	3396.500000	0	0	noise	cluster_noise	0.0000
3188	Spectrogram 1	1	3396.250000	3398.250000	0	0	9	cluster_9	0.9857
3189	Spectrogram 1	1	3398.000000	3399.250000	0	0	8	cluster_8	0.9572
3190	Spectrogram 1	1	3399.000000	3399.500000	0	0	0	cluster_0	0.5670
3191	Spectrogram 1	1	3399.250000	3399.750000	0	0	noise	cluster_noise	0.0000
3192	Spectrogram 1	1	3399.500000	3401.000000	0	0	9	cluster_9	0.9763
3193	Spectrogram 1	1	3400.750000	3401.250000	0	0	noise	cluster_noise	0.0000
3194	Spectrogram 1	1	3401.000000	3402.250000	0	0	8	cluster_8	0.9552
3195	Spectrogram 1	1	3402.000000	3402.500000	0	0	noise	cluster_noise	0.0000
3196	Spectrogram 1	1	3403.000000	3404.250000	0	0	9	cluster_9	1.0000
3197	Spectrogram 1	1	3404.000000	3404.500000	0	0	8	cluster_8	1.0000
3198	Spectrogram 1	1	3405.000000	3405.500000	0	0	noise	cluster_noise	0.0000
3199	Spectrogram 1	1	3405.250000	3406.500000	0	0	9	cluster_9	1.0000
3200	Spectrogram 1	1	3408.000000	3408.500000	0	0	8	cluster_8	0.9947
3201	Spectrogram 1	1	3408.250000	3408.750000	0	0	noise	cluster_noise	0.0000
3202	Spectrogram 1	1	3408.500000	3419.750000	0	0	9	cluster_9	1.0000
3203	Spectrogram 1	1	3419.500000	3432.500000	0	0	8	cluster_8	0.9697
3204	Spectrogram 1	1	3432.250000	3432.750000	0	0	noise	cluster_noise	0.0000
3205	Spectrogram 1	1	3432.500000	3434.250000	0	0	8	cluster_8	0.9739
3206	Spectrogram 1	1	3434.000000	3434.500000	0	0	noise	cluster_noise	0.0000
3207	Spectrogram 1	1	3435.000000	3436.250000	0	0	9	cluster_9	1.0000
3208	Spectrogram 1	1	3436.000000	3437.000000	0	0	0	cluster_0	0.8515
3209	Spectrogram 1	1	3436.750000	3438.000000	0	0	noise	cluster_noise	0.0000
3210	Spectrogram 1	1	3437.750000	3438.250000	0	0	8	cluster_8	0.8342
3211	Spectrogram 1	1	3438.000000	3440.500000	0	0	9	cluster_9	1.0000
3212	Spectrogram 1	1	3441.000000	3441.500000	0	0	8	cluster_8	1.0000
3213	Spectrogram 1	1	3441.250000	3441.750000	0	0	noise	cluster_noise	0.0000
3214	Spectrogram 1	1	3441.500000	3442.000000	0	0	8	cluster_8	1.0000
3215	Spectrogram 1	1	3441.750000	3442.250000	0	0	noise	cluster_noise	0.0000
3216	Spectrogram 1	1	3442.000000	3468.750000	0	0	9	cluster_9	1.0000
3217	Spectrogram 1	1	3468.500000	3469.000000	0	0	noise	cluster_noise	0.0000
3218	Spectrogram 1	1	3468.750000	3470.250000	0	0	8	cluster_8	1.0000
3219	Spectrogram 1	1	3470.000000	3470.750000	0	0	noise	cluster_noise	0.0000
3220	Spectrogram 1	1	3470.500000	3472.250000	0	0	9	cluster_9	1.0000
3221	Spectrogram 1	1	3472.000000	3472.500000	0	0	0	cluster_0	0.5373
3222	Spectrogram 1	1	3483.000000	3483.500000	0	0	8	cluster_8	1.0000
3223	Spectrogram 1	1	3483.250000	3483.750000	0	0	noise	cluster_noise	0.0000
3224	Spectrogram 1	1	3483.500000	3484.000000	0	0	8	cluster_8	0.8926
3225	Spectrogram 1	1	3483.750000	3485.000000	0	0	9	cluster_9	1.0000
3226	Spectrogram 1	1	3484.750000	3485.250000	0	0	noise	cluster_noise	0.0000
3227	Spectrogram 1	1	3485.000000	3485.500000	0	0	6	cluster_6	0.8436
3228	Spectrogram 1	1	3485.250000	3486.500000	0	0	0	cluster_0	0.9442
3229	Spectrogram 1	1	3490.000000	3491.000000	0	0	9	cluster_9	1.0000
3230	Spectrogram 1	1	3490.750000	3491.250000	0	0	noise	cluster_noise	0.0000
3231	Spectrogram 1	1	3491.000000	3492.500000	0	0	6	cluster_6	0.9457
3232	Spectrogram 1	1	3492.250000	3492.750000	0	0	noise	cluster_noise	0.0000
3233	Spectrogram 1	1	3492.500000	3494.500000	0	0	9	cluster_9	0.9859
3234	Spectrogram 1	1	3494.250000	3494.750000	0	0	noise	cluster_noise	0.0000
3235	Spectrogram 1	1	3494.500000	3496.000000	0	0	8	cluster_8	1.0000
3236	Spectrogram 1	1	3495.750000	3497.500000	0	0	9	cluster_9	0.9635
3237	Spectrogram 1	1	3497.250000	3498.000000	0	0	6	cluster_6	0.7996
3238	Spectrogram 1	1	3497.750000	3499.500000	0	0	0	cluster_0	0.8511
3239	Spectrogram 1	1	3499.250000	3500.000000	0	0	9	cluster_9	1.0000
3240	Spectrogram 1	1	3499.750000	3500.500000	0	0	6	cluster_6	0.9719
3241	Spectrogram 1	1	3500.250000	3501.500000	0	0	0	cluster_0	0.9565
3242	Spectrogram 1	1	3504.000000	3505.750000	0	0	6	cluster_6	0.8958
3243	Spectrogram 1	1	3505.500000	3506.000000	0	0	noise	cluster_noise	0.0000
3244	Spectrogram 1	1	3505.750000	3506.750000	0	0	9	cluster_9	1.0000
3245	Spectrogram 1	1	3506.500000	3507.000000	0	0	noise	cluster_noise	0.0000
3246	Spectrogram 1	1	3506.750000	3507.750000	0	0	8	cluster_8	0.9689
3247	Spectrogram 1	1	3507.500000	3508.250000	0	0	noise	cluster_noise	0.0000
3248	Spectrogram 1	1	3508.000000	3508.500000	0	0	8	cluster_8	0.7809
3249	Spectrogram 1	1	3508.250000	3510.500000	0	0	9	cluster_9	0.9937
3250	Spectrogram 1	1	3510.250000	3510.750000	0	0	6	cluster_6	1.0000
3251	Spectrogram 1	1	3510.500000	3512.000000	0	0	0	cluster_0	0.9216
3252	Spectrogram 1	1	3511.750000	3512.250000	0	0	9	cluster_9	1.0000
3253	Spectrogram 1	1	3512.000000	3512.500000	0	0	0	cluster_0	0.5955
3254	Spectrogram 1	1	3512.250000	3512.750000	0	0	9	cluster_9	1.0000
3255	Spectrogram 1	1	3512.500000	3513.000000	0	0	noise	cluster_noise	0.0000
3256	Spectrogram 1	1	3512.750000	3513.250000	0	0	6	cluster_6	1.0000
3257	Spectrogram 1	1	3513.000000	3514.250000	0	0	0	cluster_0	0.9516
3258	Spectrogram 1	1	3514.000000	3514.500000	0	0	noise	cluster_noise	0.0000
3259	Spectrogram 1	1	3514.250000	3515.500000	0	0	9	cluster_9	1.0000
3260	Spectrogram 1	1	3517.000000	3517.750000	0	0	6	cluster_6	1.0000
3261	Spectrogram 1	1	3517.500000	3518.250000	0	0	noise	cluster_noise	0.0000
3262	Spectrogram 1	1	3518.000000	3519.750000	0	0	9	cluster_9	0.9713
3263	Spectrogram 1	1	3519.500000	3521.000000	0	0	8	cluster_8	0.9590
3264	Spectrogram 1	1	3520.750000	3521.250000	0	0	noise	cluster_noise	0.0000
3265	Spectrogram 1	1	3521.000000	3522.750000	0	0	9	cluster_9	1.0000
3266	Spectrogram 1	1	3522.500000	3523.250000	0	0	noise	cluster_noise	0.0000
3267	Spectrogram 1	1	3523.000000	3523.500000	0	0	6	cluster_6	1.0000
3268	Spectrogram 1	1	3523.250000	3525.250000	0	0	0	cluster_0	0.9197
3269	Spectrogram 1	1	3525.000000	3525.500000	0	0	noise	cluster_noise	0.0000
3270	Spectrogram 1	1	3525.250000	3526.250000	0	0	6	cluster_6	0.9375
3271	Spectrogram 1	1	3526.000000	3528.000000	0	0	0	cluster_0	0.8830
3272	Spectrogram 1	1	3527.750000	3528.500000	0	0	9	cluster_9	1.0000
3273	Spectrogram 1	1	3530.000000	3531.250000	0	0	6	cluster_6	0.9745
3274	Spectrogram 1	1	3531.000000	3531.500000	0	0	noise	cluster_noise	0.0000
3275	Spectrogram 1	1	3531.250000	3534.000000	0	0	8	cluster_8	0.9685
3276	Spectrogram 1	1	3533.750000	3534.250000	0	0	9	cluster_9	1.0000
3277	Spectrogram 1	1	3534.000000	3534.750000	0	0	noise	cluster_noise	0.0000
3278	Spectrogram 1	1	3534.500000	3535.750000	0	0	9	cluster_9	0.9756
3279	Spectrogram 1	1	3535.500000	3536.000000	0	0	14	cluster_14	0.7686
3280	Spectrogram 1	1	3535.750000	3536.250000	0	0	noise	cluster_noise	0.0000
3281	Spectrogram 1	1	3536.000000	3536.500000	0	0	6	cluster_6	0.8805
3282	Spectrogram 1	1	3536.250000	3538.250000	0	0	0	cluster_0	0.8771
3283	Spectrogram 1	1	3538.000000	3540.000000	0	0	9	cluster_9	0.9587
3284	Spectrogram 1	1	3539.750000	3541.500000	0	0	6	cluster_6	0.9310
3285	Spectrogram 1	1	3543.000000	3544.750000	0	0	8	cluster_8	0.9787
3286	Spectrogram 1	1	3544.500000	3546.750000	0	0	9	cluster_9	0.9804
3287	Spectrogram 1	1	3546.500000	3547.000000	0	0	14	cluster_14	0.7913
3288	Spectrogram 1	1	3546.750000	3547.500000	0	0	noise	cluster_noise	0.0000
3289	Spectrogram 1	1	3547.250000	3548.000000	0	0	6	cluster_6	0.8936
3290	Spectrogram 1	1	3547.750000	3548.750000	0	0	0	cluster_0	0.8308
3291	Spectrogram 1	1	3548.500000	3549.000000	0	0	noise	cluster_noise	0.0000
3292	Spectrogram 1	1	3548.750000	3551.000000	0	0	9	cluster_9	0.9553
3293	Spectrogram 1	1	3550.750000	3553.000000	0	0	6	cluster_6	0.9323
3294	Spectrogram 1	1	3552.750000	3553.250000	0	0	noise	cluster_noise	0.0000
3295	Spectrogram 1	1	3553.000000	3555.500000	0	0	8	cluster_8	1.0000
3296	Spectrogram 1	1	3555.250000	3555.750000	0	0	noise	cluster_noise	0.0000
3297	Spectrogram 1	1	3555.500000	3558.000000	0	0	9	cluster_9	0.9776
3298	Spectrogram 1	1	3557.750000	3558.250000	0	0	noise	cluster_noise	0.0000
3299	Spectrogram 1	1	3558.000000	3558.500000	0	0	14	cluster_14	0.8919
3300	Spectrogram 1	1	3558.250000	3558.750000	0	0	11	cluster_11	1.0000
3301	Spectrogram 1	1	3558.500000	3559.000000	0	0	14	cluster_14	1.0000
3302	Spectrogram 1	1	3558.750000	3559.500000	0	0	6	cluster_6	1.0000
3303	Spectrogram 1	1	3559.250000	3560.000000	0	0	noise	cluster_noise	0.0000
3304	Spectrogram 1	1	3559.750000	3562.000000	0	0	9	cluster_9	0.9830
3305	Spectrogram 1	1	3561.750000	3564.000000	0	0	6	cluster_6	0.9791
3306	Spectrogram 1	1	3563.750000	3565.500000	0	0	8	cluster_8	0.9844
3307	Spectrogram 1	1	3565.250000	3565.750000	0	0	9	cluster_9	0.9855
3308	Spectrogram 1	1	3565.500000	3566.500000	0	0	8	cluster_8	1.0000
3309	Spectrogram 1	1	3569.000000	3569.500000	0	0	noise	cluster_noise	0.0000
3310	Spectrogram 1	1	3569.250000	3570.250000	0	0	11	cluster_11	0.9984
3311	Spectrogram 1	1	3570.000000	3570.500000	0	0	noise	cluster_noise	0.0000
3312	Spectrogram 1	1	3570.250000	3570.750000	0	0	14	cluster_14	0.9774
3313	Spectrogram 1	1	3570.500000	3571.000000	0	0	6	cluster_6	1.0000
3314	Spectrogram 1	1	3570.750000	3571.250000	0	0	9	cluster_9	0.8728
3315	Spectrogram 1	1	3571.000000	3571.500000	0	0	noise	cluster_noise	0.0000
3316	Spectrogram 1	1	3571.250000	3573.250000	0	0	9	cluster_9	0.9649
3317	Spectrogram 1	1	3573.000000	3573.500000	0	0	noise	cluster_noise	0.0000
3318	Spectrogram 1	1	3573.250000	3575.500000	0	0	6	cluster_6	0.9903
3319	Spectrogram 1	1	3575.250000	3575.750000	0	0	noise	cluster_noise	0.0000
3320	Spectrogram 1	1	3575.500000	3576.750000	0	0	8	cluster_8	0.8967
3321	Spectrogram 1	1	3576.500000	3577.000000	0	0	noise	cluster_noise	0.0000
3322	Spectrogram 1	1	3576.750000	3577.500000	0	0	9	cluster_9	0.9629
3323	Spectrogram 1	1	3580.000000	3580.500000	0	0	14	cluster_14	0.7741
3324	Spectrogram 1	1	3580.250000	3581.250000	0	0	11	cluster_11	0.9892
3325	Spectrogram 1	1	3581.000000	3581.500000	0	0	14	cluster_14	1.0000
3326	Spectrogram 1	1	3581.250000	3581.750000	0	0	noise	cluster_noise	0.0000
3327	Spectrogram 1	1	3581.500000	3584.250000	0	0	9	cluster_9	0.9621
3328	Spectrogram 1	1	3584.000000	3586.250000	0	0	6	cluster_6	0.9854
3329	Spectrogram 1	1	3586.000000	3586.750000	0	0	9	cluster_9	0.9881
3330	Spectrogram 1	1	3586.500000	3587.750000	0	0	8	cluster_8	0.9458
3331	Spectrogram 1	1	3587.500000	3589.500000	0	0	9	cluster_9	0.9670
3332	Spectrogram 1	1	3591.000000	3592.000000	0	0	11	cluster_11	0.8870
3333	Spectrogram 1	1	3591.750000	3592.250000	0	0	noise	cluster_noise	0.0000
3334	Spectrogram 1	1	3592.000000	3592.500000	0	0	14	cluster_14	0.7625
3335	Spectrogram 1	1	3592.250000	3592.750000	0	0	noise	cluster_noise	0.0000
3336	Spectrogram 1	1	3592.500000	3595.000000	0	0	9	cluster_9	0.9393
3337	Spectrogram 1	1	3594.750000	3595.250000	0	0	noise	cluster_noise	0.0000
3338	Spectrogram 1	1	3595.000000	3597.500000	0	0	6	cluster_6	0.9677
3339	Spectrogram 1	1	3597.250000	3598.500000	0	0	8	cluster_8	0.9566
3340	Spectrogram 1	1	3598.250000	3600.500000	0	0	9	cluster_9	1.0000
3341	Spectrogram 1	1	3602.000000	3603.000000	0	0	11	cluster_11	0.9430
3342	Spectrogram 1	1	3602.750000	3603.250000	0	0	noise	cluster_noise	0.0000
3343	Spectrogram 1	1	3603.000000	3603.500000	0	0	14	cluster_14	0.9048
3344	Spectrogram 1	1	3603.250000	3604.250000	0	0	noise	cluster_noise	0.0000
3345	Spectrogram 1	1	3604.000000	3606.000000	0	0	9	cluster_9	0.9762
3346	Spectrogram 1	1	3605.750000	3608.000000	0	0	6	cluster_6	0.9871
3347	Spectrogram 1	1	3607.750000	3608.250000	0	0	noise	cluster_noise	0.0000
3348	Spectrogram 1	1	3608.000000	3608.500000	0	0	13	cluster_13	0.6292
3349	Spectrogram 1	1	3608.250000	3609.000000	0	0	noise	cluster_noise	0.0000
3350	Spectrogram 1	1	3608.750000	3609.750000	0	0	9	cluster_9	1.0000
3351	Spectrogram 1	1	3609.500000	3610.500000	0	0	14	cluster_14	0.8977
3352	Spectrogram 1	1	3610.250000	3610.750000	0	0	noise	cluster_noise	0.0000
3353	Spectrogram 1	1	3610.500000	3611.500000	0	0	9	cluster_9	0.9666
3354	Spectrogram 1	1	3611.250000	3611.750000	0	0	noise	cluster_noise	0.0000
3355	Spectrogram 1	1	3611.500000	3612.000000	0	0	14	cluster_14	0.9045
3356	Spectrogram 1	1	3611.750000	3612.250000	0	0	noise	cluster_noise	0.0000
3357	Spectrogram 1	1	3612.000000	3614.250000	0	0	14	cluster_14	0.8350
3358	Spectrogram 1	1	3614.000000	3615.250000	0	0	noise	cluster_noise	0.0000
3359	Spectrogram 1	1	3615.000000	3616.500000	0	0	9	cluster_9	1.0000
3360	Spectrogram 1	1	3616.250000	3619.000000	0	0	6	cluster_6	0.9987
3361	Spectrogram 1	1	3618.750000	3619.250000	0	0	noise	cluster_noise	0.0000
3362	Spectrogram 1	1	3619.000000	3619.500000	0	0	9	cluster_9	0.8998
3363	Spectrogram 1	1	3619.250000	3619.750000	0	0	noise	cluster_noise	0.0000
3364	Spectrogram 1	1	3619.500000	3620.500000	0	0	9	cluster_9	0.9683
3365	Spectrogram 1	1	3620.250000	3620.750000	0	0	noise	cluster_noise	0.0000
3366	Spectrogram 1	1	3620.500000	3622.750000	0	0	6	cluster_6	0.9342
3367	Spectrogram 1	1	3622.500000	3623.250000	0	0	9	cluster_9	1.0000
3368	Spectrogram 1	1	3623.000000	3627.000000	0	0	noise	cluster_noise	0.0000
3369	Spectrogram 1	1	3626.750000	3627.250000	0	0	9	cluster_9	0.7486
3370	Spectrogram 1	1	3627.000000	3627.500000	0	0	noise	cluster_noise	0.0000
3371	Spectrogram 1	1	3627.250000	3628.250000	0	0	14	cluster_14	0.9309
3372	Spectrogram 1	1	3628.000000	3628.750000	0	0	13	cluster_13	0.6292
3373	Spectrogram 1	1	3628.500000	3629.500000	0	0	14	cluster_14	0.8420
3374	Spectrogram 1	1	3629.250000	3630.250000	0	0	9	cluster_9	0.9507
3375	Spectrogram 1	1	3630.000000	3630.500000	0	0	14	cluster_14	0.7871
3376	Spectrogram 1	1	3630.250000	3630.750000	0	0	noise	cluster_noise	0.0000
3377	Spectrogram 1	1	3630.500000	3631.000000	0	0	14	cluster_14	1.0000
3378	Spectrogram 1	1	3630.750000	3631.750000	0	0	noise	cluster_noise	0.0000
3379	Spectrogram 1	1	3631.500000	3632.000000	0	0	13	cluster_13	0.6292
3380	Spectrogram 1	1	3631.750000	3632.500000	0	0	noise	cluster_noise	0.0000
3381	Spectrogram 1	1	3632.250000	3635.750000	0	0	6	cluster_6	0.9930
3382	Spectrogram 1	1	3635.500000	3636.750000	0	0	9	cluster_9	0.9747
3383	Spectrogram 1	1	3636.500000	3637.000000	0	0	noise	cluster_noise	0.0000
3384	Spectrogram 1	1	3636.750000	3638.000000	0	0	6	cluster_6	0.9543
3385	Spectrogram 1	1	3637.750000	3638.250000	0	0	noise	cluster_noise	0.0000
3386	Spectrogram 1	1	3638.000000	3638.750000	0	0	6	cluster_6	0.9870
3387	Spectrogram 1	1	3638.500000	3639.000000	0	0	9	cluster_9	0.7479
3388	Spectrogram 1	1	3638.750000	3639.250000	0	0	noise	cluster_noise	0.0000
3389	Spectrogram 1	1	3639.000000	3640.000000	0	0	14	cluster_14	0.9115
3390	Spectrogram 1	1	3639.750000	3640.250000	0	0	10	cluster_10	0.5578
3391	Spectrogram 1	1	3640.000000	3641.000000	0	0	noise	cluster_noise	0.0000
3392	Spectrogram 1	1	3640.750000	3641.250000	0	0	9	cluster_9	0.7441
3393	Spectrogram 1	1	3641.000000	3642.250000	0	0	14	cluster_14	0.8734
3394	Spectrogram 1	1	3642.000000	3643.250000	0	0	noise	cluster_noise	0.0000
3395	Spectrogram 1	1	3643.000000	3643.750000	0	0	14	cluster_14	0.9303
3396	Spectrogram 1	1	3643.500000	3644.000000	0	0	noise	cluster_noise	0.0000
3397	Spectrogram 1	1	3643.750000	3644.500000	0	0	13	cluster_13	0.6292
3398	Spectrogram 1	1	3644.250000	3644.750000	0	0	noise	cluster_noise	0.0000
3399	Spectrogram 1	1	3644.500000	3645.500000	0	0	14	cluster_14	0.7816
3400	Spectrogram 1	1	3645.250000	3646.000000	0	0	noise	cluster_noise	0.0000
3401	Spectrogram 1	1	3645.750000	3646.250000	0	0	13	cluster_13	0.6292
3402	Spectrogram 1	1	3646.000000	3647.250000	0	0	9	cluster_9	0.9397
3403	Spectrogram 1	1	3647.000000	3650.000000	0	0	6	cluster_6	0.9933
3404	Spectrogram 1	1	3649.750000	3651.250000	0	0	9	cluster_9	0.9814
3405	Spectrogram 1	1	3651.000000	3651.500000	0	0	noise	cluster_noise	0.0000
3406	Spectrogram 1	1	3651.250000	3653.250000	0	0	6	cluster_6	0.9184
3407	Spectrogram 1	1	3653.000000	3653.500000	0	0	noise	cluster_noise	0.0000
3408	Spectrogram 1	1	3653.250000	3653.750000	0	0	9	cluster_9	0.8974
3409	Spectrogram 1	1	3653.500000	3654.000000	0	0	noise	cluster_noise	0.0000
3410	Spectrogram 1	1	3653.750000	3654.750000	0	0	14	cluster_14	0.9065
3411	Spectrogram 1	1	3654.500000	3655.500000	0	0	noise	cluster_noise	0.0000
3412	Spectrogram 1	1	3655.250000	3655.750000	0	0	9	cluster_9	0.8156
3413	Spectrogram 1	1	3655.500000	3656.000000	0	0	noise	cluster_noise	0.0000
3414	Spectrogram 1	1	3655.750000	3656.750000	0	0	14	cluster_14	0.8835
3415	Spectrogram 1	1	3656.500000	3657.750000	0	0	noise	cluster_noise	0.0000
3416	Spectrogram 1	1	3657.500000	3658.500000	0	0	14	cluster_14	0.8933
3417	Spectrogram 1	1	3658.250000	3658.750000	0	0	13	cluster_13	0.6292
3418	Spectrogram 1	1	3658.500000	3659.000000	0	0	noise	cluster_noise	0.0000
3419	Spectrogram 1	1	3658.750000	3659.250000	0	0	13	cluster_13	0.6292
3420	Spectrogram 1	1	3659.000000	3660.000000	0	0	14	cluster_14	0.8705
3421	Spectrogram 1	1	3659.750000	3660.500000	0	0	noise	cluster_noise	0.0000
3422	Spectrogram 1	1	3660.250000	3660.750000	0	0	13	cluster_13	0.6292
3423	Spectrogram 1	1	3660.500000	3661.000000	0	0	noise	cluster_noise	0.0000
3424	Spectrogram 1	1	3660.750000	3661.750000	0	0	9	cluster_9	0.9320
3425	Spectrogram 1	1	3661.500000	3662.250000	0	0	noise	cluster_noise	0.0000
3426	Spectrogram 1	1	3662.000000	3663.000000	0	0	6	cluster_6	0.8998
3427	Spectrogram 1	1	3662.750000	3663.500000	0	0	12	cluster_12	1.0000
3428	Spectrogram 1	1	3663.250000	3663.750000	0	0	noise	cluster_noise	0.0000
3429	Spectrogram 1	1	3663.500000	3664.500000	0	0	6	cluster_6	0.9275
3430	Spectrogram 1	1	3664.250000	3665.000000	0	0	9	cluster_9	0.9964
3431	Spectrogram 1	1	3664.750000	3665.500000	0	0	noise	cluster_noise	0.0000
3432	Spectrogram 1	1	3665.250000	3665.750000	0	0	9	cluster_9	1.0000
3433	Spectrogram 1	1	3665.500000	3667.750000	0	0	6	cluster_6	0.9547
3434	Spectrogram 1	1	3667.500000	3668.000000	0	0	noise	cluster_noise	0.0000
3435	Spectrogram 1	1	3667.750000	3668.250000	0	0	9	cluster_9	0.9299
3436	Spectrogram 1	1	3668.000000	3669.000000	0	0	14	cluster_14	0.8957
3437	Spectrogram 1	1	3668.750000	3669.250000	0	0	10	cluster_10	0.5462
3438	Spectrogram 1	1	3669.000000	3669.750000	0	0	noise	cluster_noise	0.0000
3439	Spectrogram 1	1	3669.500000	3670.250000	0	0	9	cluster_9	0.8798
3440	Spectrogram 1	1	3670.000000	3670.500000	0	0	noise	cluster_noise	0.0000
3441	Spectrogram 1	1	3670.250000	3671.250000	0	0	14	cluster_14	0.9636
3442	Spectrogram 1	1	3671.000000	3672.250000	0	0	noise	cluster_noise	0.0000
3443	Spectrogram 1	1	3672.000000	3673.000000	0	0	14	cluster_14	0.9618
3444	Spectrogram 1	1	3672.750000	3673.750000	0	0	noise	cluster_noise	0.0000
3445	Spectrogram 1	1	3673.500000	3674.000000	0	0	9	cluster_9	1.0000
3446	Spectrogram 1	1	3673.750000	3675.000000	0	0	14	cluster_14	0.8983
3447	Spectrogram 1	1	3674.750000	3675.250000	0	0	13	cluster_13	0.6292
3448	Spectrogram 1	1	3675.000000	3675.500000	0	0	noise	cluster_noise	0.0000
3449	Spectrogram 1	1	3675.250000	3676.500000	0	0	9	cluster_9	0.9822
3450	Spectrogram 1	1	3676.250000	3676.750000	0	0	noise	cluster_noise	0.0000
3451	Spectrogram 1	1	3676.500000	3678.750000	0	0	6	cluster_6	0.9879
3452	Spectrogram 1	1	3678.500000	3679.250000	0	0	noise	cluster_noise	0.0000
3453	Spectrogram 1	1	3679.000000	3681.000000	0	0	9	cluster_9	0.9578
3454	Spectrogram 1	1	3680.750000	3681.250000	0	0	noise	cluster_noise	0.0000
3455	Spectrogram 1	1	3681.000000	3683.000000	0	0	6	cluster_6	0.9089
3456	Spectrogram 1	1	3682.750000	3683.500000	0	0	9	cluster_9	0.9779
3457	Spectrogram 1	1	3683.250000	3683.750000	0	0	noise	cluster_noise	0.0000
3458	Spectrogram 1	1	3683.500000	3684.000000	0	0	14	cluster_14	0.9228
3459	Spectrogram 1	1	3683.750000	3684.250000	0	0	noise	cluster_noise	0.0000
3460	Spectrogram 1	1	3684.000000	3684.500000	0	0	9	cluster_9	1.0000
3461	Spectrogram 1	1	3684.250000	3685.000000	0	0	noise	cluster_noise	0.0000
3462	Spectrogram 1	1	3684.750000	3685.500000	0	0	9	cluster_9	0.8728
3463	Spectrogram 1	1	3685.250000	3685.750000	0	0	noise	cluster_noise	0.0000
3464	Spectrogram 1	1	3685.500000	3686.000000	0	0	14	cluster_14	1.0000
3465	Spectrogram 1	1	3685.750000	3687.500000	0	0	noise	cluster_noise	0.0000
3466	Spectrogram 1	1	3687.250000	3687.750000	0	0	9	cluster_9	1.0000
3467	Spectrogram 1	1	3687.500000	3691.750000	0	0	noise	cluster_noise	0.0000
3468	Spectrogram 1	1	3691.500000	3693.500000	0	0	9	cluster_9	0.9856
3469	Spectrogram 1	1	3693.250000	3693.750000	0	0	noise	cluster_noise	0.0000
3470	Spectrogram 1	1	3693.500000	3695.000000	0	0	6	cluster_6	0.9472
3471	Spectrogram 1	1	3694.750000	3697.000000	0	0	9	cluster_9	0.9390
3472	Spectrogram 1	1	3696.750000	3697.250000	0	0	noise	cluster_noise	0.0000
3473	Spectrogram 1	1	3697.000000	3698.500000	0	0	6	cluster_6	1.0000
3474	Spectrogram 1	1	3698.250000	3699.750000	0	0	9	cluster_9	0.9708
3475	Spectrogram 1	1	3699.500000	3700.000000	0	0	14	cluster_14	0.7913
3476	Spectrogram 1	1	3699.750000	3700.500000	0	0	noise	cluster_noise	0.0000
3477	Spectrogram 1	1	3700.250000	3701.500000	0	0	9	cluster_9	0.9884
3478	Spectrogram 1	1	3701.250000	3702.250000	0	0	noise	cluster_noise	0.0000
3479	Spectrogram 1	1	3702.000000	3702.500000	0	0	10	cluster_10	0.5293
3480	Spectrogram 1	1	3702.250000	3702.750000	0	0	9	cluster_9	0.9685
3481	Spectrogram 1	1	3702.500000	3703.000000	0	0	noise	cluster_noise	0.0000
3482	Spectrogram 1	1	3702.750000	3703.500000	0	0	9	cluster_9	0.8897
3483	Spectrogram 1	1	3703.250000	3704.250000	0	0	noise	cluster_noise	0.0000
3484	Spectrogram 1	1	3704.000000	3704.500000	0	0	9	cluster_9	1.0000
3485	Spectrogram 1	1	3704.250000	3705.000000	0	0	noise	cluster_noise	0.0000
3486	Spectrogram 1	1	3704.750000	3705.250000	0	0	14	cluster_14	0.7913
3487	Spectrogram 1	1	3705.000000	3705.750000	0	0	noise	cluster_noise	0.0000
3488	Spectrogram 1	1	3705.500000	3706.500000	0	0	9	cluster_9	0.9466
3489	Spectrogram 1	1	3706.250000	3706.750000	0	0	14	cluster_14	0.7340
3490	Spectrogram 1	1	3706.500000	3707.250000	0	0	noise	cluster_noise	0.0000
3491	Spectrogram 1	1	3707.000000	3708.750000	0	0	9	cluster_9	0.9597
3492	Spectrogram 1	1	3708.500000	3709.000000	0	0	6	cluster_6	1.0000
3493	Spectrogram 1	1	3708.750000	3709.500000	0	0	0	cluster_0	0.7106
3494	Spectrogram 1	1	3709.250000	3709.750000	0	0	noise	cluster_noise	0.0000
3495	Spectrogram 1	1	3709.500000	3710.750000	0	0	6	cluster_6	0.9040
3496	Spectrogram 1	1	3710.500000	3711.000000	0	0	9	cluster_9	0.9638
3497	Spectrogram 1	1	3710.750000	3711.250000	0	0	noise	cluster_noise	0.0000
3498	Spectrogram 1	1	3711.000000	3713.250000	0	0	9	cluster_9	0.9154
3499	Spectrogram 1	1	3713.000000	3714.250000	0	0	6	cluster_6	0.8960
3500	Spectrogram 1	1	3714.000000	3714.500000	0	0	noise	cluster_noise	0.0000
3501	Spectrogram 1	1	3714.250000	3715.500000	0	0	9	cluster_9	0.9645
3502	Spectrogram 1	1	3715.250000	3715.750000	0	0	14	cluster_14	0.7913
3503	Spectrogram 1	1	3715.500000	3716.250000	0	0	noise	cluster_noise	0.0000
3504	Spectrogram 1	1	3716.000000	3716.500000	0	0	10	cluster_10	0.5174
3505	Spectrogram 1	1	3716.250000	3717.500000	0	0	9	cluster_9	0.9175
3506	Spectrogram 1	1	3717.250000	3717.750000	0	0	14	cluster_14	0.7913
3507	Spectrogram 1	1	3717.500000	3718.250000	0	0	noise	cluster_noise	0.0000
3508	Spectrogram 1	1	3718.000000	3718.500000	0	0	10	cluster_10	0.6007
3509	Spectrogram 1	1	3718.250000	3719.250000	0	0	9	cluster_9	1.0000
3510	Spectrogram 1	1	3719.000000	3719.750000	0	0	14	cluster_14	0.7352
3511	Spectrogram 1	1	3719.500000	3720.000000	0	0	noise	cluster_noise	0.0000
3512	Spectrogram 1	1	3719.750000	3720.250000	0	0	10	cluster_10	0.5819
3513	Spectrogram 1	1	3720.000000	3721.000000	0	0	9	cluster_9	0.9519
3514	Spectrogram 1	1	3720.750000	3721.250000	0	0	14	cluster_14	0.7913
3515	Spectrogram 1	1	3721.000000	3721.750000	0	0	noise	cluster_noise	0.0000
3516	Spectrogram 1	1	3721.500000	3722.000000	0	0	10	cluster_10	0.4861
3517	Spectrogram 1	1	3721.750000	3722.750000	0	0	9	cluster_9	0.9353
3518	Spectrogram 1	1	3722.500000	3723.000000	0	0	14	cluster_14	0.7913
3519	Spectrogram 1	1	3722.750000	3723.250000	0	0	noise	cluster_noise	0.0000
3520	Spectrogram 1	1	3723.000000	3723.500000	0	0	14	cluster_14	0.7686
3521	Spectrogram 1	1	3723.250000	3723.750000	0	0	noise	cluster_noise	0.0000
3522	Spectrogram 1	1	3723.500000	3725.500000	0	0	9	cluster_9	0.9844
3523	Spectrogram 1	1	3725.250000	3727.750000	0	0	6	cluster_6	0.9891
3524	Spectrogram 1	1	3727.500000	3730.250000	0	0	9	cluster_9	0.9824
3525	Spectrogram 1	1	3730.000000	3731.000000	0	0	noise	cluster_noise	0.0000
3526	Spectrogram 1	1	3730.750000	3732.500000	0	0	9	cluster_9	0.8994
3527	Spectrogram 1	1	3732.250000	3733.000000	0	0	noise	cluster_noise	0.0000
3528	Spectrogram 1	1	3732.750000	3733.250000	0	0	10	cluster_10	0.4902
3529	Spectrogram 1	1	3733.000000	3734.250000	0	0	9	cluster_9	1.0000
3530	Spectrogram 1	1	3734.000000	3734.500000	0	0	0	cluster_0	0.8309
3531	Spectrogram 1	1	3734.250000	3735.000000	0	0	noise	cluster_noise	0.0000
3532	Spectrogram 1	1	3734.750000	3735.250000	0	0	10	cluster_10	0.5189
3533	Spectrogram 1	1	3735.000000	3736.250000	0	0	9	cluster_9	0.9769
3534	Spectrogram 1	1	3736.000000	3737.000000	0	0	noise	cluster_noise	0.0000
3535	Spectrogram 1	1	3736.750000	3739.000000	0	0	9	cluster_9	0.9579
3536	Spectrogram 1	1	3738.750000	3740.250000	0	0	6	cluster_6	0.9468
3537	Spectrogram 1	1	3740.000000	3740.750000	0	0	noise	cluster_noise	0.0000
3538	Spectrogram 1	1	3740.500000	3745.000000	0	0	9	cluster_9	0.9976
3539	Spectrogram 1	1	3744.750000	3745.500000	0	0	noise	cluster_noise	0.0000
3540	Spectrogram 1	1	3745.250000	3745.750000	0	0	9	cluster_9	0.8158
3541	Spectrogram 1	1	3745.500000	3746.250000	0	0	noise	cluster_noise	0.0000
3542	Spectrogram 1	1	3746.000000	3746.500000	0	0	9	cluster_9	1.0000
3543	Spectrogram 1	1	3746.250000	3746.750000	0	0	noise	cluster_noise	0.0000
3544	Spectrogram 1	1	3746.500000	3748.000000	0	0	9	cluster_9	0.9514
3545	Spectrogram 1	1	3747.750000	3748.250000	0	0	noise	cluster_noise	0.0000
3546	Spectrogram 1	1	3748.000000	3748.500000	0	0	9	cluster_9	1.0000
3547	Spectrogram 1	1	3748.250000	3749.500000	0	0	noise	cluster_noise	0.0000
3548	Spectrogram 1	1	3749.250000	3751.500000	0	0	9	cluster_9	1.0000
3549	Spectrogram 1	1	3751.250000	3751.750000	0	0	noise	cluster_noise	0.0000
3550	Spectrogram 1	1	3751.500000	3753.500000	0	0	6	cluster_6	0.9862
3551	Spectrogram 1	1	3753.250000	3758.000000	0	0	9	cluster_9	0.9402
3552	Spectrogram 1	1	3757.750000	3758.250000	0	0	noise	cluster_noise	0.0000
3553	Spectrogram 1	1	3758.000000	3761.750000	0	0	9	cluster_9	0.9782
3554	Spectrogram 1	1	3761.500000	3762.500000	0	0	noise	cluster_noise	0.0000
3555	Spectrogram 1	1	3762.250000	3764.750000	0	0	9	cluster_9	1.0000
3556	Spectrogram 1	1	3764.500000	3766.500000	0	0	6	cluster_6	0.9843
3557	Spectrogram 1	1	3768.000000	3770.500000	0	0	9	cluster_9	0.9725
3558	Spectrogram 1	1	3770.250000	3770.750000	0	0	noise	cluster_noise	0.0000
3559	Spectrogram 1	1	3770.500000	3771.750000	0	0	9	cluster_9	0.9845
3560	Spectrogram 1	1	3771.500000	3772.750000	0	0	noise	cluster_noise	0.0000
3561	Spectrogram 1	1	3772.500000	3773.000000	0	0	7	cluster_7	0.8883
3562	Spectrogram 1	1	3772.750000	3773.250000	0	0	noise	cluster_noise	0.0000
3563	Spectrogram 1	1	3773.000000	3773.500000	0	0	9	cluster_9	0.9496
3564	Spectrogram 1	1	3773.250000	3773.750000	0	0	8	cluster_8	0.8381
3565	Spectrogram 1	1	3773.500000	3774.500000	0	0	9	cluster_9	1.0000
3566	Spectrogram 1	1	3774.250000	3775.250000	0	0	noise	cluster_noise	0.0000
3567	Spectrogram 1	1	3775.000000	3777.250000	0	0	9	cluster_9	0.9680
3568	Spectrogram 1	1	3777.000000	3778.500000	0	0	6	cluster_6	0.9298
3569	Spectrogram 1	1	3786.000000	3786.500000	0	0	5	cluster_5	1.0000
3570	Spectrogram 1	1	3786.250000	3786.750000	0	0	noise	cluster_noise	0.0000
3571	Spectrogram 1	1	3786.500000	3787.000000	0	0	8	cluster_8	0.8654
3572	Spectrogram 1	1	3786.750000	3789.000000	0	0	9	cluster_9	1.0000
3573	Spectrogram 1	1	3788.750000	3791.500000	0	0	6	cluster_6	0.9585
3574	Spectrogram 1	1	3799.000000	3801.750000	0	0	1	cluster_1	0.8134
3575	Spectrogram 1	1	3801.500000	3802.000000	0	0	noise	cluster_noise	0.0000
3576	Spectrogram 1	1	3801.750000	3803.250000	0	0	9	cluster_9	1.0000
3577	Spectrogram 1	1	3803.000000	3803.500000	0	0	noise	cluster_noise	0.0000
3578	Spectrogram 1	1	3803.250000	3804.000000	0	0	10	cluster_10	0.8019
3579	Spectrogram 1	1	3803.750000	3805.250000	0	0	9	cluster_9	1.0000
3580	Spectrogram 1	1	3805.000000	3805.500000	0	0	noise	cluster_noise	0.0000
3581	Spectrogram 1	1	3805.250000	3806.000000	0	0	10	cluster_10	0.6508
3582	Spectrogram 1	1	3805.750000	3808.500000	0	0	9	cluster_9	0.9853
3583	Spectrogram 1	1	3812.000000	3812.500000	0	0	noise	cluster_noise	0.0000
3584	Spectrogram 1	1	3812.250000	3813.250000	0	0	9	cluster_9	0.9724
3585	Spectrogram 1	1	3813.000000	3816.750000	0	0	1	cluster_1	0.8200
3586	Spectrogram 1	1	3816.500000	3817.000000	0	0	6	cluster_6	0.7864
3587	Spectrogram 1	1	3816.750000	3817.250000	0	0	noise	cluster_noise	0.0000
3588	Spectrogram 1	1	3817.000000	3817.500000	0	0	9	cluster_9	0.8687
3589	Spectrogram 1	1	3824.000000	3825.000000	0	0	1	cluster_1	0.8970
3590	Spectrogram 1	1	3824.750000	3828.250000	0	0	9	cluster_9	0.9956
3591	Spectrogram 1	1	3828.000000	3829.000000	0	0	noise	cluster_noise	0.0000
3592	Spectrogram 1	1	3828.750000	3841.250000	0	0	1	cluster_1	0.9059
3593	Spectrogram 1	1	3841.000000	3841.500000	0	0	noise	cluster_noise	0.0000
3594	Spectrogram 1	1	3841.250000	3842.500000	0	0	9	cluster_9	0.9980
3595	Spectrogram 1	1	3843.000000	3854.500000	0	0	1	cluster_1	0.9815
3596	Spectrogram 1	1	3854.250000	3855.000000	0	0	noise	cluster_noise	0.0000
3597	Spectrogram 1	1	3854.750000	3856.250000	0	0	9	cluster_9	0.9243
3598	Spectrogram 1	1	3856.000000	3859.500000	0	0	1	cluster_1	0.8745
3599	Spectrogram 1	1	3859.250000	3860.000000	0	0	noise	cluster_noise	0.0000
3600	Spectrogram 1	1	3859.750000	3868.500000	0	0	9	cluster_9	0.9795
3601	Spectrogram 1	1	3868.250000	3869.000000	0	0	noise	cluster_noise	0.0000
3602	Spectrogram 1	1	3868.750000	3869.250000	0	0	8	cluster_8	1.0000
3603	Spectrogram 1	1	3869.000000	3869.750000	0	0	9	cluster_9	1.0000
3604	Spectrogram 1	1	3869.500000	3870.250000	0	0	noise	cluster_noise	0.0000
3605	Spectrogram 1	1	3870.000000	3870.500000	0	0	8	cluster_8	0.9126
3606	Spectrogram 1	1	3870.250000	3871.750000	0	0	noise	cluster_noise	0.0000
3607	Spectrogram 1	1	3871.500000	3872.000000	0	0	8	cluster_8	1.0000
3608	Spectrogram 1	1	3871.750000	3872.500000	0	0	noise	cluster_noise	0.0000
3609	Spectrogram 1	1	3872.250000	3874.000000	0	0	9	cluster_9	0.9231
3610	Spectrogram 1	1	3873.750000	3875.000000	0	0	1	cluster_1	0.8676
3611	Spectrogram 1	1	3874.750000	3875.250000	0	0	noise	cluster_noise	0.0000
3612	Spectrogram 1	1	3875.000000	3876.500000	0	0	9	cluster_9	0.9542
3613	Spectrogram 1	1	3891.000000	3891.750000	0	0	10	cluster_10	0.6127
3614	Spectrogram 1	1	3891.500000	3892.000000	0	0	8	cluster_8	1.0000
3615	Spectrogram 1	1	3891.750000	3898.000000	0	0	9	cluster_9	0.9885
3616	Spectrogram 1	1	3897.750000	3898.750000	0	0	noise	cluster_noise	0.0000
3617	Spectrogram 1	1	3898.500000	3899.250000	0	0	3	cluster_3	0.6792
3618	Spectrogram 1	1	3899.000000	3900.250000	0	0	9	cluster_9	1.0000
3619	Spectrogram 1	1	3900.000000	3900.500000	0	0	noise	cluster_noise	0.0000
3620	Spectrogram 1	1	3900.250000	3901.000000	0	0	4	cluster_4	1.0000
3621	Spectrogram 1	1	3900.750000	3901.750000	0	0	3	cluster_3	0.8904
3622	Spectrogram 1	1	3901.500000	3902.000000	0	0	noise	cluster_noise	0.0000
3623	Spectrogram 1	1	3901.750000	3902.750000	0	0	9	cluster_9	0.9202
3624	Spectrogram 1	1	3902.500000	3903.000000	0	0	10	cluster_10	0.5187
3625	Spectrogram 1	1	3902.750000	3904.250000	0	0	3	cluster_3	1.0000
3626	Spectrogram 1	1	3904.000000	3914.250000	0	0	9	cluster_9	0.9334
3627	Spectrogram 1	1	3914.000000	3915.250000	0	0	8	cluster_8	0.9802
3628	Spectrogram 1	1	3915.000000	3917.000000	0	0	9	cluster_9	0.9673
3629	Spectrogram 1	1	3916.750000	3918.000000	0	0	8	cluster_8	0.8852
3630	Spectrogram 1	1	3917.750000	3919.500000	0	0	9	cluster_9	0.9854
3631	Spectrogram 1	1	3919.250000	3919.750000	0	0	8	cluster_8	0.7913
3632	Spectrogram 1	1	3919.500000	3920.000000	0	0	noise	cluster_noise	0.0000
3633	Spectrogram 1	1	3919.750000	3920.250000	0	0	8	cluster_8	0.8889
3634	Spectrogram 1	1	3920.000000	3920.500000	0	0	9	cluster_9	1.0000
3635	Spectrogram 1	1	3921.000000	3921.750000	0	0	noise	cluster_noise	0.0000
3636	Spectrogram 1	1	3921.500000	3922.250000	0	0	3	cluster_3	1.0000
3637	Spectrogram 1	1	3922.000000	3922.500000	0	0	noise	cluster_noise	0.0000
3638	Spectrogram 1	1	3922.250000	3926.500000	0	0	9	cluster_9	0.9675
3639	Spectrogram 1	1	3926.250000	3927.250000	0	0	8	cluster_8	1.0000
3640	Spectrogram 1	1	3927.000000	3929.250000	0	0	9	cluster_9	0.9968
3641	Spectrogram 1	1	3929.000000	3930.000000	0	0	8	cluster_8	0.9498
3642	Spectrogram 1	1	3929.750000	3930.250000	0	0	noise	cluster_noise	0.0000
3643	Spectrogram 1	1	3930.000000	3932.000000	0	0	9	cluster_9	0.9521
3644	Spectrogram 1	1	3931.750000	3934.750000	0	0	8	cluster_8	0.9981
3645	Spectrogram 1	1	3934.500000	3936.000000	0	0	noise	cluster_noise	0.0000
3646	Spectrogram 1	1	3935.750000	3938.000000	0	0	8	cluster_8	0.9769
3647	Spectrogram 1	1	3937.750000	3940.000000	0	0	9	cluster_9	1.0000
3648	Spectrogram 1	1	3939.750000	3940.500000	0	0	0	cluster_0	0.8235
3649	Spectrogram 1	1	3940.250000	3940.750000	0	0	8	cluster_8	1.0000
3650	Spectrogram 1	1	3940.500000	3941.000000	0	0	noise	cluster_noise	0.0000
3651	Spectrogram 1	1	3940.750000	3941.250000	0	0	8	cluster_8	0.8588
3652	Spectrogram 1	1	3941.000000	3943.500000	0	0	9	cluster_9	0.9213
3653	Spectrogram 1	1	3959.000000	3959.750000	0	0	8	cluster_8	1.0000
3654	Spectrogram 1	1	3959.500000	3960.250000	0	0	noise	cluster_noise	0.0000
3655	Spectrogram 1	1	3960.000000	3961.500000	0	0	9	cluster_9	1.0000
3656	Spectrogram 1	1	3977.000000	3978.000000	0	0	8	cluster_8	1.0000
3657	Spectrogram 1	1	3977.750000	3979.750000	0	0	9	cluster_9	0.9885
3658	Spectrogram 1	1	3979.500000	3981.750000	0	0	0	cluster_0	0.8858
3659	Spectrogram 1	1	3981.500000	3982.500000	0	0	9	cluster_9	0.9663
3660	Spectrogram 1	1	3982.250000	3982.750000	0	0	noise	cluster_noise	0.0000
3661	Spectrogram 1	1	3982.500000	3984.500000	0	0	0	cluster_0	0.9763
3662	Spectrogram 1	1	3984.250000	3984.750000	0	0	noise	cluster_noise	0.0000
3663	Spectrogram 1	1	3984.500000	3985.500000	0	0	9	cluster_9	0.8887
3664	Spectrogram 1	1	3991.000000	3991.500000	0	0	8	cluster_8	1.0000
3665	Spectrogram 1	1	3991.250000	3991.750000	0	0	noise	cluster_noise	0.0000
3666	Spectrogram 1	1	3991.500000	3993.250000	0	0	9	cluster_9	1.0000
3667	Spectrogram 1	1	3993.000000	3995.250000	0	0	0	cluster_0	0.8389
3668	Spectrogram 1	1	3995.000000	3995.750000	0	0	9	cluster_9	0.9525
3669	Spectrogram 1	1	3995.500000	3996.000000	0	0	13	cluster_13	0.7387
3670	Spectrogram 1	1	3995.750000	4008.000000	0	0	0	cluster_0	0.8213
3671	Spectrogram 1	1	4007.750000	4008.250000	0	0	noise	cluster_noise	0.0000
3672	Spectrogram 1	1	4008.000000	4008.500000	0	0	9	cluster_9	1.0000
3673	Spectrogram 1	1	4008.250000	4008.750000	0	0	6	cluster_6	1.0000
3674	Spectrogram 1	1	4008.500000	4010.500000	0	0	0	cluster_0	0.9219
3675	Spectrogram 1	1	4010.250000	4010.750000	0	0	noise	cluster_noise	0.0000
3676	Spectrogram 1	1	4010.500000	4011.500000	0	0	9	cluster_9	1.0000
3677	Spectrogram 1	1	4017.000000	4017.500000	0	0	noise	cluster_noise	0.0000
3678	Spectrogram 1	1	4017.250000	4018.500000	0	0	9	cluster_9	0.9761
3679	Spectrogram 1	1	4018.250000	4018.750000	0	0	noise	cluster_noise	0.0000
3680	Spectrogram 1	1	4018.500000	4019.000000	0	0	6	cluster_6	0.9969
3681	Spectrogram 1	1	4018.750000	4020.750000	0	0	0	cluster_0	0.9751
3682	Spectrogram 1	1	4020.500000	4021.000000	0	0	9	cluster_9	1.0000
3683	Spectrogram 1	1	4020.750000	4021.500000	0	0	6	cluster_6	0.8695
3684	Spectrogram 1	1	4021.250000	4023.000000	0	0	0	cluster_0	0.8777
3685	Spectrogram 1	1	4022.750000	4024.750000	0	0	9	cluster_9	1.0000
3686	Spectrogram 1	1	4024.500000	4026.750000	0	0	6	cluster_6	0.9779
3687	Spectrogram 1	1	4026.500000	4027.000000	0	0	noise	cluster_noise	0.0000
3688	Spectrogram 1	1	4026.750000	4028.500000	0	0	8	cluster_8	0.9576
3689	Spectrogram 1	1	4031.000000	4032.750000	0	0	0	cluster_0	0.9019
3690	Spectrogram 1	1	4032.500000	4033.000000	0	0	noise	cluster_noise	0.0000
3691	Spectrogram 1	1	4032.750000	4033.250000	0	0	9	cluster_9	0.7901
3692	Spectrogram 1	1	4033.000000	4033.500000	0	0	6	cluster_6	0.9748
3693	Spectrogram 1	1	4033.250000	4035.250000	0	0	0	cluster_0	0.8506
3694	Spectrogram 1	1	4035.000000	4035.500000	0	0	noise	cluster_noise	0.0000
3695	Spectrogram 1	1	4035.250000	4036.500000	0	0	9	cluster_9	1.0000
3696	Spectrogram 1	1	4036.250000	4036.750000	0	0	noise	cluster_noise	0.0000
3697	Spectrogram 1	1	4036.500000	4038.750000	0	0	6	cluster_6	0.9901
3698	Spectrogram 1	1	4038.500000	4039.250000	0	0	9	cluster_9	1.0000
3699	Spectrogram 1	1	4039.000000	4040.000000	0	0	8	cluster_8	0.9591
3700	Spectrogram 1	1	4039.750000	4040.250000	0	0	noise	cluster_noise	0.0000
3701	Spectrogram 1	1	4040.000000	4041.250000	0	0	8	cluster_8	1.0000
3702	Spectrogram 1	1	4041.000000	4041.500000	0	0	9	cluster_9	1.0000
3703	Spectrogram 1	1	4043.000000	4043.500000	0	0	6	cluster_6	0.9891
3704	Spectrogram 1	1	4043.250000	4045.000000	0	0	0	cluster_0	0.9263
3705	Spectrogram 1	1	4044.750000	4045.250000	0	0	9	cluster_9	1.0000
3706	Spectrogram 1	1	4045.000000	4045.500000	0	0	14	cluster_14	0.7913
3707	Spectrogram 1	1	4045.250000	4045.750000	0	0	noise	cluster_noise	0.0000
3708	Spectrogram 1	1	4045.500000	4046.000000	0	0	6	cluster_6	1.0000
3709	Spectrogram 1	1	4045.750000	4047.500000	0	0	0	cluster_0	0.8853
3710	Spectrogram 1	1	4047.250000	4049.000000	0	0	9	cluster_9	0.9898
3711	Spectrogram 1	1	4048.750000	4049.250000	0	0	noise	cluster_noise	0.0000
3712	Spectrogram 1	1	4049.000000	4051.250000	0	0	6	cluster_6	0.9372
3713	Spectrogram 1	1	4051.000000	4051.500000	0	0	noise	cluster_noise	0.0000
3714	Spectrogram 1	1	4051.250000	4051.750000	0	0	9	cluster_9	1.0000
3715	Spectrogram 1	1	4051.500000	4052.000000	0	0	noise	cluster_noise	0.0000
3716	Spectrogram 1	1	4051.750000	4053.750000	0	0	8	cluster_8	0.9973
3717	Spectrogram 1	1	4053.500000	4054.000000	0	0	noise	cluster_noise	0.0000
3718	Spectrogram 1	1	4053.750000	4054.500000	0	0	9	cluster_9	1.0000
3719	Spectrogram 1	1	4056.000000	4057.750000	0	0	0	cluster_0	0.8788
3720	Spectrogram 1	1	4057.500000	4059.500000	0	0	9	cluster_9	0.9872
3721	Spectrogram 1	1	4059.250000	4061.500000	0	0	6	cluster_6	0.9992
3722	Spectrogram 1	1	4061.250000	4063.000000	0	0	8	cluster_8	0.9759
3723	Spectrogram 1	1	4062.750000	4063.250000	0	0	noise	cluster_noise	0.0000
3724	Spectrogram 1	1	4063.000000	4064.000000	0	0	8	cluster_8	0.9846
3725	Spectrogram 1	1	4063.750000	4064.250000	0	0	noise	cluster_noise	0.0000
3726	Spectrogram 1	1	4064.000000	4066.250000	0	0	9	cluster_9	0.9901
3727	Spectrogram 1	1	4066.000000	4066.750000	0	0	noise	cluster_noise	0.0000
3728	Spectrogram 1	1	4066.500000	4067.000000	0	0	11	cluster_11	0.8657
3729	Spectrogram 1	1	4066.750000	4068.000000	0	0	noise	cluster_noise	0.0000
3730	Spectrogram 1	1	4067.750000	4068.250000	0	0	6	cluster_6	0.8033
3731	Spectrogram 1	1	4068.000000	4070.750000	0	0	9	cluster_9	0.9809
3732	Spectrogram 1	1	4070.500000	4072.500000	0	0	6	cluster_6	0.9782
3733	Spectrogram 1	1	4072.250000	4073.000000	0	0	9	cluster_9	0.9189
3734	Spectrogram 1	1	4072.750000	4074.500000	0	0	8	cluster_8	0.9753
3735	Spectrogram 1	1	4074.250000	4075.000000	0	0	noise	cluster_noise	0.0000
3736	Spectrogram 1	1	4074.750000	4075.250000	0	0	8	cluster_8	0.7900
3737	Spectrogram 1	1	4075.000000	4077.250000	0	0	9	cluster_9	1.0000
3738	Spectrogram 1	1	4077.000000	4077.750000	0	0	noise	cluster_noise	0.0000
3739	Spectrogram 1	1	4077.500000	4079.000000	0	0	11	cluster_11	0.7984
3740	Spectrogram 1	1	4078.750000	4079.500000	0	0	14	cluster_14	0.9342
3741	Spectrogram 1	1	4080.000000	4081.750000	0	0	9	cluster_9	0.9787
3742	Spectrogram 1	1	4081.500000	4084.250000	0	0	6	cluster_6	0.9764
3743	Spectrogram 1	1	4084.000000	4086.000000	0	0	8	cluster_8	0.9421
3744	Spectrogram 1	1	4085.750000	4086.250000	0	0	noise	cluster_noise	0.0000
3745	Spectrogram 1	1	4086.000000	4088.500000	0	0	9	cluster_9	1.0000
3746	Spectrogram 1	1	4088.250000	4089.000000	0	0	noise	cluster_noise	0.0000
3747	Spectrogram 1	1	4088.750000	4090.250000	0	0	11	cluster_11	0.7870
3748	Spectrogram 1	1	4090.000000	4090.500000	0	0	14	cluster_14	0.9393
3749	Spectrogram 1	1	4090.250000	4091.500000	0	0	noise	cluster_noise	0.0000
3750	Spectrogram 1	1	4091.250000	4092.500000	0	0	9	cluster_9	0.9385
3751	Spectrogram 1	1	4093.000000	4095.500000	0	0	6	cluster_6	0.9758
3752	Spectrogram 1	1	4095.250000	4096.250000	0	0	8	cluster_8	0.9448
3753	Spectrogram 1	1	4096.000000	4097.000000	0	0	9	cluster_9	0.9747
3754	Spectrogram 1	1	4096.750000	4097.750000	0	0	8	cluster_8	0.8083
3755	Spectrogram 1	1	4097.500000	4098.250000	0	0	9	cluster_9	0.7895
3756	Spectrogram 1	1	4098.000000	4098.500000	0	0	noise	cluster_noise	0.0000
3757	Spectrogram 1	1	4098.250000	4099.750000	0	0	9	cluster_9	0.9752
3758	Spectrogram 1	1	4099.500000	4100.250000	0	0	noise	cluster_noise	0.0000
3759	Spectrogram 1	1	4100.000000	4101.250000	0	0	11	cluster_11	0.9778
3760	Spectrogram 1	1	4101.000000	4101.750000	0	0	14	cluster_14	0.8633
3761	Spectrogram 1	1	4101.500000	4102.000000	0	0	noise	cluster_noise	0.0000
3762	Spectrogram 1	1	4101.750000	4102.250000	0	0	13	cluster_13	0.6288
3763	Spectrogram 1	1	4102.000000	4102.500000	0	0	noise	cluster_noise	0.0000
3764	Spectrogram 1	1	4102.250000	4103.500000	0	0	9	cluster_9	1.0000
3765	Spectrogram 1	1	4104.000000	4106.750000	0	0	6	cluster_6	0.9712
3766	Spectrogram 1	1	4106.500000	4107.750000	0	0	8	cluster_8	0.9932
3767	Spectrogram 1	1	4107.500000	4108.250000	0	0	noise	cluster_noise	0.0000
3768	Spectrogram 1	1	4108.000000	4108.500000	0	0	8	cluster_8	0.8412
3769	Spectrogram 1	1	4108.250000	4110.750000	0	0	9	cluster_9	1.0000
3770	Spectrogram 1	1	4110.500000	4111.000000	0	0	14	cluster_14	0.7842
3771	Spectrogram 1	1	4110.750000	4111.250000	0	0	noise	cluster_noise	0.0000
3772	Spectrogram 1	1	4111.000000	4111.500000	0	0	11	cluster_11	1.0000
3773	Spectrogram 1	1	4111.250000	4111.750000	0	0	noise	cluster_noise	0.0000
3774	Spectrogram 1	1	4111.500000	4112.000000	0	0	6	cluster_6	0.7057
3775	Spectrogram 1	1	4111.750000	4112.250000	0	0	noise	cluster_noise	0.0000
3776	Spectrogram 1	1	4112.000000	4112.500000	0	0	11	cluster_11	0.5775
3777	Spectrogram 1	1	4112.250000	4112.750000	0	0	12	cluster_12	1.0000
3778	Spectrogram 1	1	4112.500000	4113.000000	0	0	noise	cluster_noise	0.0000
3779	Spectrogram 1	1	4112.750000	4114.500000	0	0	9	cluster_9	0.9489
3780	Spectrogram 1	1	4115.000000	4115.500000	0	0	noise	cluster_noise	0.0000
3781	Spectrogram 1	1	4115.250000	4117.500000	0	0	6	cluster_6	0.9858
3782	Spectrogram 1	1	4117.250000	4118.750000	0	0	8	cluster_8	0.9699
3783	Spectrogram 1	1	4118.500000	4121.500000	0	0	9	cluster_9	0.9750
3784	Spectrogram 1	1	4121.250000	4124.750000	0	0	6	cluster_6	0.9763
3785	Spectrogram 1	1	4124.500000	4125.750000	0	0	9	cluster_9	1.0000
3786	Spectrogram 1	1	4125.500000	4126.000000	0	0	noise	cluster_noise	0.0000
3787	Spectrogram 1	1	4125.750000	4128.000000	0	0	6	cluster_6	0.9852
3788	Spectrogram 1	1	4127.750000	4128.250000	0	0	noise	cluster_noise	0.0000
3789	Spectrogram 1	1	4128.000000	4129.500000	0	0	8	cluster_8	1.0000
3790	Spectrogram 1	1	4129.250000	4129.750000	0	0	noise	cluster_noise	0.0000
3791	Spectrogram 1	1	4129.500000	4130.750000	0	0	9	cluster_9	0.9524
3792	Spectrogram 1	1	4130.500000	4131.000000	0	0	noise	cluster_noise	0.0000
3793	Spectrogram 1	1	4130.750000	4132.000000	0	0	9	cluster_9	0.9384
3794	Spectrogram 1	1	4131.750000	4132.250000	0	0	noise	cluster_noise	0.0000
3795	Spectrogram 1	1	4132.000000	4135.000000	0	0	6	cluster_6	0.9829
3796	Spectrogram 1	1	4134.750000	4136.250000	0	0	9	cluster_9	0.9159
3797	Spectrogram 1	1	4136.000000	4136.500000	0	0	noise	cluster_noise	0.0000
3798	Spectrogram 1	1	4136.250000	4139.000000	0	0	6	cluster_6	1.0000
3799	Spectrogram 1	1	4138.750000	4140.500000	0	0	8	cluster_8	0.9705
3800	Spectrogram 1	1	4140.250000	4141.000000	0	0	noise	cluster_noise	0.0000
3801	Spectrogram 1	1	4140.750000	4142.750000	0	0	9	cluster_9	1.0000
3802	Spectrogram 1	1	4142.500000	4145.750000	0	0	6	cluster_6	0.9950
3803	Spectrogram 1	1	4145.500000	4147.250000	0	0	9	cluster_9	0.9791
3804	Spectrogram 1	1	4147.000000	4149.750000	0	0	6	cluster_6	0.9757
3805	Spectrogram 1	1	4149.500000	4150.000000	0	0	9	cluster_9	0.8283
3806	Spectrogram 1	1	4149.750000	4151.250000	0	0	8	cluster_8	0.9834
3807	Spectrogram 1	1	4151.000000	4151.500000	0	0	noise	cluster_noise	0.0000
3808	Spectrogram 1	1	4151.250000	4153.500000	0	0	9	cluster_9	0.9947
3809	Spectrogram 1	1	4153.250000	4153.750000	0	0	noise	cluster_noise	0.0000
3810	Spectrogram 1	1	4153.500000	4156.750000	0	0	6	cluster_6	1.0000
3811	Spectrogram 1	1	4156.500000	4158.000000	0	0	9	cluster_9	1.0000
3812	Spectrogram 1	1	4157.750000	4160.000000	0	0	6	cluster_6	1.0000
3813	Spectrogram 1	1	4159.750000	4160.500000	0	0	9	cluster_9	1.0000
3814	Spectrogram 1	1	4160.250000	4162.000000	0	0	8	cluster_8	0.9533
3815	Spectrogram 1	1	4161.750000	4164.250000	0	0	9	cluster_9	0.9980
3816	Spectrogram 1	1	4164.000000	4166.250000	0	0	6	cluster_6	0.9750
3817	Spectrogram 1	1	4166.000000	4166.500000	0	0	noise	cluster_noise	0.0000
3818	Spectrogram 1	1	4166.250000	4167.250000	0	0	6	cluster_6	0.9790
3819	Spectrogram 1	1	4167.000000	4168.500000	0	0	9	cluster_9	0.9698
3820	Spectrogram 1	1	4168.250000	4168.750000	0	0	noise	cluster_noise	0.0000
3821	Spectrogram 1	1	4168.500000	4171.000000	0	0	6	cluster_6	0.9825
3822	Spectrogram 1	1	4170.750000	4172.000000	0	0	8	cluster_8	0.9674
3823	Spectrogram 1	1	4171.750000	4172.500000	0	0	noise	cluster_noise	0.0000
3824	Spectrogram 1	1	4173.000000	4174.750000	0	0	9	cluster_9	0.9697
3825	Spectrogram 1	1	4174.500000	4177.250000	0	0	6	cluster_6	0.9386
3826	Spectrogram 1	1	4177.000000	4179.000000	0	0	9	cluster_9	0.9881
3827	Spectrogram 1	1	4178.750000	4181.500000	0	0	6	cluster_6	0.9832
3828	Spectrogram 1	1	4181.250000	4182.750000	0	0	8	cluster_8	0.9952
3829	Spectrogram 1	1	4182.500000	4183.000000	0	0	noise	cluster_noise	0.0000
3830	Spectrogram 1	1	4182.750000	4183.500000	0	0	8	cluster_8	0.9046
3831	Spectrogram 1	1	4183.250000	4185.250000	0	0	9	cluster_9	1.0000
3832	Spectrogram 1	1	4185.000000	4188.000000	0	0	6	cluster_6	0.9567
3833	Spectrogram 1	1	4187.750000	4188.250000	0	0	9	cluster_9	0.9864
3834	Spectrogram 1	1	4188.000000	4188.500000	0	0	noise	cluster_noise	0.0000
3835	Spectrogram 1	1	4188.250000	4189.500000	0	0	9	cluster_9	0.9850
3836	Spectrogram 1	1	4189.250000	4191.500000	0	0	6	cluster_6	1.0000
3837	Spectrogram 1	1	4191.250000	4192.250000	0	0	9	cluster_9	0.9645
3838	Spectrogram 1	1	4192.000000	4193.500000	0	0	8	cluster_8	0.9758
3839	Spectrogram 1	1	4194.000000	4195.500000	0	0	9	cluster_9	1.0000
3840	Spectrogram 1	1	4196.000000	4198.750000	0	0	6	cluster_6	0.9935
3841	Spectrogram 1	1	4198.500000	4200.250000	0	0	9	cluster_9	0.9678
3842	Spectrogram 1	1	4200.000000	4202.500000	0	0	6	cluster_6	1.0000
3843	Spectrogram 1	1	4202.250000	4202.750000	0	0	noise	cluster_noise	0.0000
3844	Spectrogram 1	1	4202.500000	4204.250000	0	0	8	cluster_8	0.9822
3845	Spectrogram 1	1	4204.000000	4204.500000	0	0	noise	cluster_noise	0.0000
3846	Spectrogram 1	1	4205.000000	4206.000000	0	0	9	cluster_9	1.0000
3847	Spectrogram 1	1	4205.750000	4206.250000	0	0	noise	cluster_noise	0.0000
3848	Spectrogram 1	1	4206.000000	4208.750000	0	0	6	cluster_6	0.9604
3849	Spectrogram 1	1	4208.500000	4209.000000	0	0	noise	cluster_noise	0.0000
3850	Spectrogram 1	1	4208.750000	4210.250000	0	0	9	cluster_9	0.9873
3851	Spectrogram 1	1	4210.000000	4210.750000	0	0	noise	cluster_noise	0.0000
3852	Spectrogram 1	1	4210.500000	4213.000000	0	0	6	cluster_6	0.9872
3853	Spectrogram 1	1	4212.750000	4214.250000	0	0	8	cluster_8	0.9786
3854	Spectrogram 1	1	4214.000000	4214.750000	0	0	noise	cluster_noise	0.0000
3855	Spectrogram 1	1	4214.500000	4216.500000	0	0	9	cluster_9	1.0000
3856	Spectrogram 1	1	4216.250000	4216.750000	0	0	noise	cluster_noise	0.0000
3857	Spectrogram 1	1	4216.500000	4220.000000	0	0	6	cluster_6	0.9354
3858	Spectrogram 1	1	4219.750000	4220.750000	0	0	9	cluster_9	0.9778
3859	Spectrogram 1	1	4220.500000	4223.750000	0	0	6	cluster_6	0.9337
3860	Spectrogram 1	1	4223.500000	4224.250000	0	0	noise	cluster_noise	0.0000
3861	Spectrogram 1	1	4224.000000	4224.500000	0	0	10	cluster_10	0.5039
3862	Spectrogram 1	1	4224.250000	4224.750000	0	0	noise	cluster_noise	0.0000
3863	Spectrogram 1	1	4224.500000	4225.750000	0	0	9	cluster_9	0.9979
3864	Spectrogram 1	1	4225.500000	4226.500000	0	0	noise	cluster_noise	0.0000
3865	Spectrogram 1	1	4226.250000	4226.750000	0	0	10	cluster_10	0.5303
3866	Spectrogram 1	1	4226.500000	4227.500000	0	0	9	cluster_9	0.9893
3867	Spectrogram 1	1	4227.250000	4227.750000	0	0	14	cluster_14	0.7651
3868	Spectrogram 1	1	4227.500000	4228.500000	0	0	noise	cluster_noise	0.0000
3869	Spectrogram 1	1	4228.250000	4228.750000	0	0	10	cluster_10	0.5427
3870	Spectrogram 1	1	4228.500000	4229.500000	0	0	9	cluster_9	0.9397
3871	Spectrogram 1	1	4229.250000	4230.000000	0	0	14	cluster_14	0.7402
3872	Spectrogram 1	1	4229.750000	4230.500000	0	0	noise	cluster_noise	0.0000
3873	Spectrogram 1	1	4230.250000	4230.750000	0	0	10	cluster_10	0.4853
3874	Spectrogram 1	1	4230.500000	4232.250000	0	0	9	cluster_9	0.8931
3875	Spectrogram 1	1	4232.000000	4235.000000	0	0	6	cluster_6	0.9648
3876	Spectrogram 1	1	4234.750000	4235.250000	0	0	noise	cluster_noise	0.0000
3877	Spectrogram 1	1	4235.000000	4236.250000	0	0	9	cluster_9	1.0000
3878	Spectrogram 1	1	4236.000000	4236.500000	0	0	noise	cluster_noise	0.0000
3879	Spectrogram 1	1	4236.250000	4238.500000	0	0	6	cluster_6	0.9729
3880	Spectrogram 1	1	4238.250000	4238.750000	0	0	9	cluster_9	1.0000
3881	Spectrogram 1	1	4238.500000	4239.000000	0	0	noise	cluster_noise	0.0000
3882	Spectrogram 1	1	4238.750000	4239.500000	0	0	14	cluster_14	0.8862
3883	Spectrogram 1	1	4239.250000	4239.750000	0	0	10	cluster_10	0.4853
3884	Spectrogram 1	1	4239.500000	4240.000000	0	0	9	cluster_9	1.0000
3885	Spectrogram 1	1	4239.750000	4240.500000	0	0	noise	cluster_noise	0.0000
3886	Spectrogram 1	1	4240.250000	4240.750000	0	0	9	cluster_9	1.0000
3887	Spectrogram 1	1	4240.500000	4241.250000	0	0	14	cluster_14	0.8608
3888	Spectrogram 1	1	4241.000000	4241.500000	0	0	noise	cluster_noise	0.0000
3889	Spectrogram 1	1	4241.250000	4241.750000	0	0	14	cluster_14	0.9429
3890	Spectrogram 1	1	4241.500000	4242.000000	0	0	10	cluster_10	0.5383
3891	Spectrogram 1	1	4241.750000	4242.250000	0	0	9	cluster_9	1.0000
3892	Spectrogram 1	1	4242.000000	4243.000000	0	0	noise	cluster_noise	0.0000
3893	Spectrogram 1	1	4242.750000	4243.500000	0	0	14	cluster_14	0.8037
3894	Spectrogram 1	1	4243.250000	4243.750000	0	0	noise	cluster_noise	0.0000
3895	Spectrogram 1	1	4243.500000	4244.000000	0	0	14	cluster_14	0.9559
3896	Spectrogram 1	1	4243.750000	4244.250000	0	0	10	cluster_10	0.4819
3897	Spectrogram 1	1	4244.000000	4244.500000	0	0	9	cluster_9	0.7815
3898	Spectrogram 1	1	4244.250000	4244.750000	0	0	noise	cluster_noise	0.0000
3899	Spectrogram 1	1	4244.500000	4245.750000	0	0	9	cluster_9	0.9643
3900	Spectrogram 1	1	4245.500000	4249.000000	0	0	6	cluster_6	1.0000
3901	Spectrogram 1	1	4248.750000	4249.250000	0	0	noise	cluster_noise	0.0000
3902	Spectrogram 1	1	4249.000000	4250.250000	0	0	9	cluster_9	0.9516
3903	Spectrogram 1	1	4250.000000	4250.500000	0	0	noise	cluster_noise	0.0000
3904	Spectrogram 1	1	4250.250000	4251.250000	0	0	14	cluster_14	0.8585
3905	Spectrogram 1	1	4251.000000	4251.750000	0	0	9	cluster_9	1.0000
3906	Spectrogram 1	1	4251.500000	4252.000000	0	0	noise	cluster_noise	0.0000
3907	Spectrogram 1	1	4251.750000	4253.000000	0	0	14	cluster_14	0.8428
3908	Spectrogram 1	1	4252.750000	4253.500000	0	0	noise	cluster_noise	0.0000
3909	Spectrogram 1	1	4253.250000	4253.750000	0	0	13	cluster_13	0.6292
3910	Spectrogram 1	1	4253.500000	4254.250000	0	0	noise	cluster_noise	0.0000
3911	Spectrogram 1	1	4254.000000	4254.500000	0	0	14	cluster_14	0.8239
3912	Spectrogram 1	1	4254.250000	4254.750000	0	0	noise	cluster_noise	0.0000
3913	Spectrogram 1	1	4254.500000	4255.250000	0	0	9	cluster_9	0.8924
3914	Spectrogram 1	1	4255.000000	4256.000000	0	0	14	cluster_14	0.9242
3915	Spectrogram 1	1	4255.750000	4256.500000	0	0	noise	cluster_noise	0.0000
3916	Spectrogram 1	1	4256.250000	4257.250000	0	0	14	cluster_14	0.8828
3917	Spectrogram 1	1	4257.000000	4257.750000	0	0	noise	cluster_noise	0.0000
3918	Spectrogram 1	1	4257.500000	4258.000000	0	0	13	cluster_13	0.6281
3919	Spectrogram 1	1	4257.750000	4258.500000	0	0	noise	cluster_noise	0.0000
3920	Spectrogram 1	1	4258.250000	4258.750000	0	0	14	cluster_14	0.8855
3921	Spectrogram 1	1	4258.500000	4259.250000	0	0	noise	cluster_noise	0.0000
3922	Spectrogram 1	1	4259.000000	4259.500000	0	0	9	cluster_9	0.7508
3923	Spectrogram 1	1	4259.250000	4260.250000	0	0	14	cluster_14	0.8343
3924	Spectrogram 1	1	4260.000000	4260.500000	0	0	9	cluster_9	0.8899
3925	Spectrogram 1	1	4260.250000	4261.000000	0	0	noise	cluster_noise	0.0000
3926	Spectrogram 1	1	4260.750000	4261.250000	0	0	13	cluster_13	0.6292
3927	Spectrogram 1	1	4261.000000	4261.500000	0	0	noise	cluster_noise	0.0000
3928	Spectrogram 1	1	4261.250000	4264.500000	0	0	6	cluster_6	0.9492
3929	Spectrogram 1	1	4264.250000	4266.000000	0	0	9	cluster_9	1.0000
3930	Spectrogram 1	1	4265.750000	4268.000000	0	0	6	cluster_6	0.9824
3931	Spectrogram 1	1	4267.750000	4268.250000	0	0	9	cluster_9	1.0000
3932	Spectrogram 1	1	4268.000000	4268.500000	0	0	noise	cluster_noise	0.0000
3933	Spectrogram 1	1	4268.250000	4269.000000	0	0	14	cluster_14	0.8737
3934	Spectrogram 1	1	4268.750000	4269.250000	0	0	noise	cluster_noise	0.0000
3935	Spectrogram 1	1	4269.000000	4269.500000	0	0	9	cluster_9	1.0000
3936	Spectrogram 1	1	4269.250000	4270.000000	0	0	noise	cluster_noise	0.0000
3937	Spectrogram 1	1	4269.750000	4270.750000	0	0	14	cluster_14	0.9048
3938	Spectrogram 1	1	4270.500000	4271.000000	0	0	9	cluster_9	0.8832
3939	Spectrogram 1	1	4270.750000	4271.250000	0	0	13	cluster_13	0.6292
3940	Spectrogram 1	1	4271.000000	4272.250000	0	0	noise	cluster_noise	0.0000
3941	Spectrogram 1	1	4272.000000	4272.500000	0	0	9	cluster_9	0.8362
3942	Spectrogram 1	1	4272.250000	4273.000000	0	0	13	cluster_13	0.6292
3943	Spectrogram 1	1	4272.750000	4273.250000	0	0	14	cluster_14	0.9455
3944	Spectrogram 1	1	4273.000000	4273.500000	0	0	noise	cluster_noise	0.0000
3945	Spectrogram 1	1	4273.250000	4273.750000	0	0	14	cluster_14	0.7888
3946	Spectrogram 1	1	4273.500000	4274.000000	0	0	noise	cluster_noise	0.0000
3947	Spectrogram 1	1	4273.750000	4274.750000	0	0	13	cluster_13	0.6292
3948	Spectrogram 1	1	4274.500000	4275.500000	0	0	9	cluster_9	0.9198
3949	Spectrogram 1	1	4275.250000	4275.750000	0	0	noise	cluster_noise	0.0000
3950	Spectrogram 1	1	4275.500000	4277.750000	0	0	6	cluster_6	0.9702
3951	Spectrogram 1	1	4277.500000	4278.000000	0	0	noise	cluster_noise	0.0000
3952	Spectrogram 1	1	4277.750000	4278.500000	0	0	6	cluster_6	1.0000
3953	Spectrogram 1	1	4278.250000	4280.250000	0	0	9	cluster_9	0.9717
3954	Spectrogram 1	1	4280.000000	4281.000000	0	0	noise	cluster_noise	0.0000
3955	Spectrogram 1	1	4280.750000	4281.250000	0	0	14	cluster_14	0.7649
3956	Spectrogram 1	1	4281.000000	4281.500000	0	0	noise	cluster_noise	0.0000
3957	Spectrogram 1	1	4281.250000	4281.750000	0	0	13	cluster_13	0.6292
3958	Spectrogram 1	1	4281.500000	4282.000000	0	0	noise	cluster_noise	0.0000
3959	Spectrogram 1	1	4281.750000	4282.250000	0	0	9	cluster_9	1.0000
3960	Spectrogram 1	1	4282.000000	4284.000000	0	0	noise	cluster_noise	0.0000
3961	Spectrogram 1	1	4283.750000	4284.250000	0	0	13	cluster_13	0.6244
3962	Spectrogram 1	1	4284.000000	4284.750000	0	0	14	cluster_14	0.9224
3963	Spectrogram 1	1	4284.500000	4285.500000	0	0	noise	cluster_noise	0.0000
3964	Spectrogram 1	1	4285.250000	4286.000000	0	0	14	cluster_14	0.9728
3965	Spectrogram 1	1	4285.750000	4288.500000	0	0	noise	cluster_noise	0.0000
3966	Spectrogram 1	1	4288.250000	4288.750000	0	0	13	cluster_13	0.6292
3967	Spectrogram 1	1	4288.500000	4289.250000	0	0	9	cluster_9	0.9572
3968	Spectrogram 1	1	4289.000000	4292.000000	0	0	6	cluster_6	0.9667
3969	Spectrogram 1	1	4291.750000	4294.250000	0	0	9	cluster_9	1.0000
3970	Spectrogram 1	1	4294.000000	4294.500000	0	0	14	cluster_14	0.7777
3971	Spectrogram 1	1	4294.250000	4295.000000	0	0	noise	cluster_noise	0.0000
3972	Spectrogram 1	1	4294.750000	4295.250000	0	0	14	cluster_14	0.7759
3973	Spectrogram 1	1	4295.000000	4296.000000	0	0	noise	cluster_noise	0.0000
3974	Spectrogram 1	1	4295.750000	4296.500000	0	0	9	cluster_9	0.9088
3975	Spectrogram 1	1	4296.250000	4296.750000	0	0	14	cluster_14	0.9455
3976	Spectrogram 1	1	4296.500000	4297.000000	0	0	noise	cluster_noise	0.0000
3977	Spectrogram 1	1	4296.750000	4297.250000	0	0	14	cluster_14	0.7906
3978	Spectrogram 1	1	4297.000000	4297.500000	0	0	13	cluster_13	0.6292
3979	Spectrogram 1	1	4297.250000	4299.750000	0	0	noise	cluster_noise	0.0000
3980	Spectrogram 1	1	4299.500000	4300.250000	0	0	14	cluster_14	0.7671
3981	Spectrogram 1	1	4300.000000	4301.250000	0	0	noise	cluster_noise	0.0000
3982	Spectrogram 1	1	4301.000000	4301.750000	0	0	14	cluster_14	0.9375
3983	Spectrogram 1	1	4301.500000	4302.000000	0	0	noise	cluster_noise	0.0000
3984	Spectrogram 1	1	4301.750000	4302.250000	0	0	9	cluster_9	0.8869
3985	Spectrogram 1	1	4302.000000	4302.500000	0	0	14	cluster_14	0.7394
3986	Spectrogram 1	1	4302.250000	4303.250000	0	0	noise	cluster_noise	0.0000
3987	Spectrogram 1	1	4303.000000	4305.000000	0	0	9	cluster_9	0.9700
3988	Spectrogram 1	1	4304.750000	4307.500000	0	0	6	cluster_6	0.9917
3989	Spectrogram 1	1	4307.250000	4310.000000	0	0	9	cluster_9	0.9834
3990	Spectrogram 1	1	4309.750000	4310.500000	0	0	noise	cluster_noise	0.0000
3991	Spectrogram 1	1	4310.250000	4311.500000	0	0	1	cluster_1	0.8922
3992	Spectrogram 1	1	4311.250000	4311.750000	0	0	noise	cluster_noise	0.0000
3993	Spectrogram 1	1	4311.500000	4312.000000	0	0	6	cluster_6	0.8441
3994	Spectrogram 1	1	4311.750000	4312.250000	0	0	noise	cluster_noise	0.0000
3995	Spectrogram 1	1	4312.000000	4313.750000	0	0	9	cluster_9	0.9933
3996	Spectrogram 1	1	4313.500000	4314.000000	0	0	noise	cluster_noise	0.0000
3997	Spectrogram 1	1	4313.750000	4315.500000	0	0	1	cluster_1	0.7550
3998	Spectrogram 1	1	4315.250000	4316.000000	0	0	9	cluster_9	0.7750
3999	Spectrogram 1	1	4315.750000	4316.250000	0	0	noise	cluster_noise	0.0000
4000	Spectrogram 1	1	4316.000000	4316.750000	0	0	9	cluster_9	1.0000
4001	Spectrogram 1	1	4316.500000	4317.000000	0	0	noise	cluster_noise	0.0000
4002	Spectrogram 1	1	4316.750000	4317.500000	0	0	10	cluster_10	0.9994
4003	Spectrogram 1	1	4317.250000	4317.750000	0	0	9	cluster_9	1.0000
4004	Spectrogram 1	1	4317.500000	4318.250000	0	0	noise	cluster_noise	0.0000
4005	Spectrogram 1	1	4318.000000	4318.750000	0	0	9	cluster_9	0.8865
4006	Spectrogram 1	1	4318.500000	4319.000000	0	0	noise	cluster_noise	0.0000
4007	Spectrogram 1	1	4318.750000	4319.500000	0	0	10	cluster_10	0.7606
4008	Spectrogram 1	1	4319.250000	4320.000000	0	0	noise	cluster_noise	0.0000
4009	Spectrogram 1	1	4319.750000	4320.500000	0	0	10	cluster_10	0.7258
4010	Spectrogram 1	1	4320.250000	4321.250000	0	0	9	cluster_9	0.9265
4011	Spectrogram 1	1	4321.000000	4321.500000	0	0	noise	cluster_noise	0.0000
4012	Spectrogram 1	1	4321.250000	4322.000000	0	0	10	cluster_10	0.9506
4013	Spectrogram 1	1	4321.750000	4322.750000	0	0	noise	cluster_noise	0.0000
4014	Spectrogram 1	1	4322.500000	4323.250000	0	0	9	cluster_9	1.0000
4015	Spectrogram 1	1	4323.000000	4323.500000	0	0	noise	cluster_noise	0.0000
4016	Spectrogram 1	1	4323.250000	4324.000000	0	0	10	cluster_10	0.9939
4017	Spectrogram 1	1	4323.750000	4324.250000	0	0	9	cluster_9	1.0000
4018	Spectrogram 1	1	4324.000000	4324.750000	0	0	noise	cluster_noise	0.0000
4019	Spectrogram 1	1	4324.500000	4325.500000	0	0	9	cluster_9	0.9633
4020	Spectrogram 1	1	4325.250000	4325.750000	0	0	noise	cluster_noise	0.0000
4021	Spectrogram 1	1	4325.500000	4326.750000	0	0	1	cluster_1	0.5855
4022	Spectrogram 1	1	4326.500000	4327.000000	0	0	noise	cluster_noise	0.0000
4023	Spectrogram 1	1	4326.750000	4329.250000	0	0	9	cluster_9	0.9204
4024	Spectrogram 1	1	4329.000000	4329.500000	0	0	noise	cluster_noise	0.0000
4025	Spectrogram 1	1	4329.250000	4330.500000	0	0	1	cluster_1	0.7470
4026	Spectrogram 1	1	4330.250000	4331.250000	0	0	noise	cluster_noise	0.0000
4027	Spectrogram 1	1	4331.000000	4332.000000	0	0	9	cluster_9	1.0000
4028	Spectrogram 1	1	4331.750000	4332.250000	0	0	noise	cluster_noise	0.0000
4029	Spectrogram 1	1	4332.000000	4332.750000	0	0	10	cluster_10	0.9921
4030	Spectrogram 1	1	4332.500000	4333.000000	0	0	9	cluster_9	0.8780
4031	Spectrogram 1	1	4332.750000	4333.250000	0	0	noise	cluster_noise	0.0000
4032	Spectrogram 1	1	4333.000000	4333.500000	0	0	6	cluster_6	0.8819
4033	Spectrogram 1	1	4333.250000	4334.000000	0	0	9	cluster_9	1.0000
4034	Spectrogram 1	1	4333.750000	4334.250000	0	0	noise	cluster_noise	0.0000
4035	Spectrogram 1	1	4334.000000	4334.750000	0	0	10	cluster_10	1.0000
4036	Spectrogram 1	1	4334.500000	4335.000000	0	0	9	cluster_9	1.0000
4037	Spectrogram 1	1	4334.750000	4335.500000	0	0	noise	cluster_noise	0.0000
4038	Spectrogram 1	1	4335.250000	4336.250000	0	0	9	cluster_9	1.0000
4039	Spectrogram 1	1	4336.000000	4336.500000	0	0	noise	cluster_noise	0.0000
4040	Spectrogram 1	1	4336.250000	4337.000000	0	0	10	cluster_10	0.7399
4041	Spectrogram 1	1	4336.750000	4337.500000	0	0	noise	cluster_noise	0.0000
4042	Spectrogram 1	1	4337.250000	4338.000000	0	0	9	cluster_9	1.0000
4043	Spectrogram 1	1	4337.750000	4338.250000	0	0	noise	cluster_noise	0.0000
4044	Spectrogram 1	1	4338.000000	4338.750000	0	0	10	cluster_10	0.7809
4045	Spectrogram 1	1	4338.500000	4339.000000	0	0	9	cluster_9	1.0000
4046	Spectrogram 1	1	4338.750000	4339.250000	0	0	noise	cluster_noise	0.0000
4047	Spectrogram 1	1	4339.000000	4339.750000	0	0	10	cluster_10	0.7721
4048	Spectrogram 1	1	4339.500000	4340.000000	0	0	noise	cluster_noise	0.0000
4049	Spectrogram 1	1	4339.750000	4340.500000	0	0	10	cluster_10	0.9568
4050	Spectrogram 1	1	4340.250000	4340.750000	0	0	9	cluster_9	1.0000
4051	Spectrogram 1	1	4340.500000	4341.250000	0	0	10	cluster_10	0.9946
4052	Spectrogram 1	1	4341.000000	4347.000000	0	0	9	cluster_9	1.0000
4053	Spectrogram 1	1	4346.750000	4347.500000	0	0	noise	cluster_noise	0.0000
4054	Spectrogram 1	1	4347.250000	4348.500000	0	0	1	cluster_1	0.9043
4055	Spectrogram 1	1	4348.250000	4350.000000	0	0	9	cluster_9	0.9841
4056	Spectrogram 1	1	4349.750000	4350.500000	0	0	10	cluster_10	1.0000
4057	Spectrogram 1	1	4350.250000	4350.750000	0	0	9	cluster_9	0.8598
4058	Spectrogram 1	1	4350.500000	4351.250000	0	0	10	cluster_10	0.5341
4059	Spectrogram 1	1	4351.000000	4351.500000	0	0	9	cluster_9	1.0000
4060	Spectrogram 1	1	4357.000000	4357.500000	0	0	10	cluster_10	0.9208
4061	Spectrogram 1	1	4357.250000	4358.250000	0	0	noise	cluster_noise	0.0000
4062	Spectrogram 1	1	4358.000000	4359.750000	0	0	9	cluster_9	1.0000
4063	Spectrogram 1	1	4359.500000	4360.000000	0	0	noise	cluster_noise	0.0000
4064	Spectrogram 1	1	4359.750000	4361.000000	0	0	1	cluster_1	0.8277
4065	Spectrogram 1	1	4360.750000	4361.500000	0	0	noise	cluster_noise	0.0000
4066	Spectrogram 1	1	4361.250000	4363.750000	0	0	9	cluster_9	0.9676
4067	Spectrogram 1	1	4363.500000	4365.000000	0	0	1	cluster_1	0.7922
4068	Spectrogram 1	1	4364.750000	4366.250000	0	0	9	cluster_9	1.0000
4069	Spectrogram 1	1	4366.000000	4366.750000	0	0	10	cluster_10	0.7649
4070	Spectrogram 1	1	4366.500000	4367.000000	0	0	9	cluster_9	1.0000
4071	Spectrogram 1	1	4366.750000	4367.500000	0	0	noise	cluster_noise	0.0000
4072	Spectrogram 1	1	4367.250000	4368.250000	0	0	9	cluster_9	1.0000
4073	Spectrogram 1	1	4368.000000	4373.500000	0	0	noise	cluster_noise	0.0000
4074	Spectrogram 1	1	4373.250000	4374.000000	0	0	10	cluster_10	0.7688
4075	Spectrogram 1	1	4373.750000	4374.250000	0	0	9	cluster_9	1.0000
4076	Spectrogram 1	1	4374.000000	4374.500000	0	0	noise	cluster_noise	0.0000
4077	Spectrogram 1	1	4374.250000	4375.000000	0	0	10	cluster_10	0.7595
4078	Spectrogram 1	1	4374.750000	4375.500000	0	0	noise	cluster_noise	0.0000
4079	Spectrogram 1	1	4375.250000	4377.000000	0	0	9	cluster_9	0.9758
4080	Spectrogram 1	1	4376.750000	4377.250000	0	0	13	cluster_13	0.6292
4081	Spectrogram 1	1	4377.000000	4378.250000	0	0	1	cluster_1	0.8508
4082	Spectrogram 1	1	4378.000000	4378.500000	0	0	noise	cluster_noise	0.0000
4083	Spectrogram 1	1	4378.250000	4380.750000	0	0	9	cluster_9	0.9912
4084	Spectrogram 1	1	4380.500000	4381.750000	0	0	1	cluster_1	0.8303
4085	Spectrogram 1	1	4381.500000	4382.000000	0	0	noise	cluster_noise	0.0000
4086	Spectrogram 1	1	4381.750000	4383.250000	0	0	9	cluster_9	1.0000
4087	Spectrogram 1	1	4383.000000	4383.750000	0	0	10	cluster_10	0.8901
4088	Spectrogram 1	1	4383.500000	4384.000000	0	0	8	cluster_8	0.9631
4089	Spectrogram 1	1	4383.750000	4384.500000	0	0	noise	cluster_noise	0.0000
4090	Spectrogram 1	1	4384.250000	4385.000000	0	0	9	cluster_9	1.0000
4091	Spectrogram 1	1	4384.750000	4385.250000	0	0	noise	cluster_noise	0.0000
4092	Spectrogram 1	1	4385.000000	4385.750000	0	0	10	cluster_10	0.8816
4093	Spectrogram 1	1	4385.500000	4386.000000	0	0	9	cluster_9	1.0000
4094	Spectrogram 1	1	4385.750000	4386.500000	0	0	noise	cluster_noise	0.0000
4095	Spectrogram 1	1	4386.250000	4386.750000	0	0	9	cluster_9	1.0000
4096	Spectrogram 1	1	4386.500000	4387.000000	0	0	noise	cluster_noise	0.0000
4097	Spectrogram 1	1	4386.750000	4387.250000	0	0	10	cluster_10	0.6164
4098	Spectrogram 1	1	4387.000000	4387.500000	0	0	noise	cluster_noise	0.0000
4099	Spectrogram 1	1	4387.250000	4387.750000	0	0	9	cluster_9	1.0000
4100	Spectrogram 1	1	4387.500000	4388.250000	0	0	noise	cluster_noise	0.0000
4101	Spectrogram 1	1	4388.000000	4388.500000	0	0	9	cluster_9	1.0000
4102	Spectrogram 1	1	4391.000000	4391.750000	0	0	noise	cluster_noise	0.0000
4103	Spectrogram 1	1	4391.500000	4393.000000	0	0	9	cluster_9	1.0000
4104	Spectrogram 1	1	4392.750000	4393.250000	0	0	noise	cluster_noise	0.0000
4105	Spectrogram 1	1	4393.000000	4393.750000	0	0	10	cluster_10	0.9874
4106	Spectrogram 1	1	4393.500000	4394.000000	0	0	noise	cluster_noise	0.0000
4107	Spectrogram 1	1	4393.750000	4395.750000	0	0	9	cluster_9	0.9809
4108	Spectrogram 1	1	4395.500000	4396.000000	0	0	noise	cluster_noise	0.0000
4109	Spectrogram 1	1	4395.750000	4396.500000	0	0	10	cluster_10	0.8478
4110	Spectrogram 1	1	4396.250000	4398.500000	0	0	9	cluster_9	0.9626
4111	Spectrogram 1	1	4398.250000	4399.000000	0	0	10	cluster_10	0.6944
4112	Spectrogram 1	1	4398.750000	4403.250000	0	0	9	cluster_9	0.9596
4113	Spectrogram 1	1	4403.000000	4403.500000	0	0	noise	cluster_noise	0.0000
4114	Spectrogram 1	1	4403.250000	4404.500000	0	0	9	cluster_9	0.9408
4115	Spectrogram 1	1	4406.000000	4406.750000	0	0	6	cluster_6	0.9401
4116	Spectrogram 1	1	4406.500000	4410.250000	0	0	9	cluster_9	1.0000
4117	Spectrogram 1	1	4410.000000	4410.500000	0	0	noise	cluster_noise	0.0000
4118	Spectrogram 1	1	4410.250000	4415.500000	0	0	9	cluster_9	0.9965
4119	Spectrogram 1	1	4415.250000	4415.750000	0	0	noise	cluster_noise	0.0000
4120	Spectrogram 1	1	4415.500000	4416.250000	0	0	8	cluster_8	0.9138
4121	Spectrogram 1	1	4416.000000	4417.750000	0	0	9	cluster_9	0.9729
4122	Spectrogram 1	1	4417.500000	4418.250000	0	0	noise	cluster_noise	0.0000
4123	Spectrogram 1	1	4418.000000	4420.750000	0	0	9	cluster_9	0.9814
4124	Spectrogram 1	1	4420.500000	4424.750000	0	0	noise	cluster_noise	0.0000
4125	Spectrogram 1	1	4424.500000	4425.750000	0	0	9	cluster_9	0.9299
4126	Spectrogram 1	1	4425.500000	4427.000000	0	0	noise	cluster_noise	0.0000
4127	Spectrogram 1	1	4426.750000	4427.750000	0	0	9	cluster_9	1.0000
4128	Spectrogram 1	1	4427.500000	4428.250000	0	0	8	cluster_8	0.9780
4129	Spectrogram 1	1	4428.000000	4431.000000	0	0	9	cluster_9	1.0000
4130	Spectrogram 1	1	4430.750000	4431.500000	0	0	8	cluster_8	0.8913
4131	Spectrogram 1	1	4431.250000	4432.000000	0	0	0	cluster_0	0.8462
4132	Spectrogram 1	1	4431.750000	4434.000000	0	0	9	cluster_9	1.0000
4133	Spectrogram 1	1	4433.750000	4434.500000	0	0	8	cluster_8	0.9237
4134	Spectrogram 1	1	4434.250000	4435.000000	0	0	0	cluster_0	1.0000
4135	Spectrogram 1	1	4434.750000	4436.750000	0	0	9	cluster_9	1.0000
4136	Spectrogram 1	1	4436.500000	4437.250000	0	0	8	cluster_8	0.9723
4137	Spectrogram 1	1	4437.000000	4439.250000	0	0	9	cluster_9	0.9454
4138	Spectrogram 1	1	4439.000000	4439.500000	0	0	noise	cluster_noise	0.0000
4139	Spectrogram 1	1	4439.250000	4449.500000	0	0	9	cluster_9	0.9687
4140	Spectrogram 1	1	4449.250000	4449.750000	0	0	noise	cluster_noise	0.0000
4141	Spectrogram 1	1	4449.500000	4450.250000	0	0	8	cluster_8	0.8884
4142	Spectrogram 1	1	4450.000000	4450.500000	0	0	0	cluster_0	1.0000
4143	Spectrogram 1	1	4474.000000	4477.500000	0	0	9	cluster_9	0.9943
4144	Spectrogram 1	1	4492.000000	4492.500000	0	0	noise	cluster_noise	0.0000
4145	Spectrogram 1	1	4492.250000	4492.750000	0	0	8	cluster_8	1.0000
4146	Spectrogram 1	1	4492.500000	4493.500000	0	0	noise	cluster_noise	0.0000
4147	Spectrogram 1	1	4493.250000	4494.250000	0	0	8	cluster_8	0.9324
4148	Spectrogram 1	1	4494.000000	4495.250000	0	0	noise	cluster_noise	0.0000
4149	Spectrogram 1	1	4495.000000	4504.500000	0	0	8	cluster_8	0.8957
4150	Spectrogram 1	1	4504.250000	4505.500000	0	0	9	cluster_9	1.0000
4151	Spectrogram 1	1	4509.000000	4509.500000	0	0	noise	cluster_noise	0.0000
4152	Spectrogram 1	1	4509.250000	4510.500000	0	0	8	cluster_8	1.0000
4153	Spectrogram 1	1	4510.250000	4510.750000	0	0	noise	cluster_noise	0.0000
4154	Spectrogram 1	1	4510.500000	4512.750000	0	0	9	cluster_9	1.0000
4155	Spectrogram 1	1	4512.500000	4513.000000	0	0	8	cluster_8	1.0000
4156	Spectrogram 1	1	4512.750000	4515.000000	0	0	0	cluster_0	0.9590
4157	Spectrogram 1	1	4514.750000	4517.000000	0	0	9	cluster_9	0.9697
4158	Spectrogram 1	1	4516.750000	4518.500000	0	0	8	cluster_8	0.9455
4159	Spectrogram 1	1	4518.250000	4519.500000	0	0	9	cluster_9	1.0000
4160	Spectrogram 1	1	4525.000000	4525.500000	0	0	noise	cluster_noise	0.0000
4161	Spectrogram 1	1	4525.250000	4526.250000	0	0	9	cluster_9	1.0000
4162	Spectrogram 1	1	4526.000000	4528.000000	0	0	0	cluster_0	0.9417
4163	Spectrogram 1	1	4527.750000	4528.250000	0	0	noise	cluster_noise	0.0000
4164	Spectrogram 1	1	4528.000000	4529.250000	0	0	9	cluster_9	0.9448
4165	Spectrogram 1	1	4529.000000	4531.250000	0	0	6	cluster_6	0.9225
4166	Spectrogram 1	1	4531.000000	4533.500000	0	0	9	cluster_9	1.0000
4167	Spectrogram 1	1	4533.250000	4533.750000	0	0	noise	cluster_noise	0.0000
4168	Spectrogram 1	1	4533.500000	4535.250000	0	0	8	cluster_8	1.0000
4169	Spectrogram 1	1	4535.000000	4535.500000	0	0	noise	cluster_noise	0.0000
4170	Spectrogram 1	1	4541.000000	4541.750000	0	0	0	cluster_0	1.0000
4171	Spectrogram 1	1	4541.500000	4543.250000	0	0	9	cluster_9	0.9821
4172	Spectrogram 1	1	4543.000000	4545.000000	0	0	6	cluster_6	0.9964
4173	Spectrogram 1	1	4544.750000	4547.000000	0	0	9	cluster_9	0.9719
4174	Spectrogram 1	1	4546.750000	4547.250000	0	0	noise	cluster_noise	0.0000
4175	Spectrogram 1	1	4547.000000	4547.500000	0	0	8	cluster_8	1.0000
4176	Spectrogram 1	1	4556.000000	4556.750000	0	0	9	cluster_9	1.0000
4177	Spectrogram 1	1	4556.500000	4559.000000	0	0	6	cluster_6	0.9720
4178	Spectrogram 1	1	4558.750000	4560.000000	0	0	9	cluster_9	1.0000
4179	Spectrogram 1	1	4559.750000	4560.250000	0	0	noise	cluster_noise	0.0000
4180	Spectrogram 1	1	4560.000000	4560.500000	0	0	8	cluster_8	0.8136
4181	Spectrogram 1	1	4566.000000	4566.500000	0	0	6	cluster_6	0.8117
4182	Spectrogram 1	1	4566.250000	4567.750000	0	0	0	cluster_0	0.9435
4183	Spectrogram 1	1	4567.500000	4569.500000	0	0	9	cluster_9	1.0000
4184	Spectrogram 1	1	4569.250000	4569.750000	0	0	noise	cluster_noise	0.0000
4185	Spectrogram 1	1	4569.500000	4571.500000	0	0	6	cluster_6	0.9564
4186	Spectrogram 1	1	4571.250000	4572.250000	0	0	9	cluster_9	0.9256
4187	Spectrogram 1	1	4572.000000	4574.250000	0	0	8	cluster_8	0.9590
4188	Spectrogram 1	1	4574.000000	4574.500000	0	0	9	cluster_9	1.0000
4189	Spectrogram 1	1	4580.000000	4582.250000	0	0	6	cluster_6	0.9533
4190	Spectrogram 1	1	4582.000000	4582.750000	0	0	9	cluster_9	1.0000
4191	Spectrogram 1	1	4582.500000	4583.000000	0	0	noise	cluster_noise	0.0000
4192	Spectrogram 1	1	4582.750000	4584.000000	0	0	8	cluster_8	0.9237
4193	Spectrogram 1	1	4583.750000	4584.500000	0	0	noise	cluster_noise	0.0000
4194	Spectrogram 1	1	4584.250000	4585.000000	0	0	7	cluster_7	0.8534
4195	Spectrogram 1	1	4584.750000	4585.250000	0	0	noise	cluster_noise	0.0000
4196	Spectrogram 1	1	4585.000000	4586.000000	0	0	9	cluster_9	1.0000
4197	Spectrogram 1	1	4585.750000	4586.250000	0	0	14	cluster_14	0.7541
4198	Spectrogram 1	1	4586.000000	4586.750000	0	0	6	cluster_6	0.8340
4199	Spectrogram 1	1	4586.500000	4588.500000	0	0	0	cluster_0	0.9751
4200	Spectrogram 1	1	4588.250000	4590.250000	0	0	9	cluster_9	1.0000
4201	Spectrogram 1	1	4590.000000	4591.500000	0	0	6	cluster_6	0.9694
4202	Spectrogram 1	1	4594.000000	4594.500000	0	0	8	cluster_8	0.8362
4203	Spectrogram 1	1	4594.250000	4596.750000	0	0	9	cluster_9	0.9876
4204	Spectrogram 1	1	4596.500000	4597.000000	0	0	14	cluster_14	0.7678
4205	Spectrogram 1	1	4596.750000	4597.500000	0	0	6	cluster_6	0.9323
4206	Spectrogram 1	1	4597.250000	4598.500000	0	0	0	cluster_0	0.8305
4207	Spectrogram 1	1	4598.250000	4598.750000	0	0	6	cluster_6	1.0000
4208	Spectrogram 1	1	4598.500000	4601.000000	0	0	9	cluster_9	1.0000
4209	Spectrogram 1	1	4600.750000	4603.250000	0	0	6	cluster_6	1.0000
4210	Spectrogram 1	1	4603.000000	4604.500000	0	0	8	cluster_8	0.9863
4211	Spectrogram 1	1	4606.000000	4607.750000	0	0	9	cluster_9	1.0000
4212	Spectrogram 1	1	4607.500000	4608.750000	0	0	noise	cluster_noise	0.0000
4213	Spectrogram 1	1	4608.500000	4609.500000	0	0	6	cluster_6	0.9428
4214	Spectrogram 1	1	4609.250000	4609.750000	0	0	9	cluster_9	1.0000
4215	Spectrogram 1	1	4609.500000	4610.000000	0	0	6	cluster_6	0.6718
4216	Spectrogram 1	1	4609.750000	4610.250000	0	0	noise	cluster_noise	0.0000
4217	Spectrogram 1	1	4610.000000	4612.000000	0	0	9	cluster_9	1.0000
4218	Spectrogram 1	1	4611.750000	4614.250000	0	0	6	cluster_6	1.0000
4219	Spectrogram 1	1	4614.000000	4614.500000	0	0	9	cluster_9	0.8250
4220	Spectrogram 1	1	4614.250000	4614.750000	0	0	noise	cluster_noise	0.0000
4221	Spectrogram 1	1	4614.500000	4616.250000	0	0	8	cluster_8	0.9939
4222	Spectrogram 1	1	4616.000000	4618.750000	0	0	9	cluster_9	1.0000
4223	Spectrogram 1	1	4618.500000	4619.500000	0	0	noise	cluster_noise	0.0000
4224	Spectrogram 1	1	4619.250000	4619.750000	0	0	12	cluster_12	1.0000
4225	Spectrogram 1	1	4619.500000	4620.000000	0	0	14	cluster_14	1.0000
4226	Spectrogram 1	1	4619.750000	4620.500000	0	0	6	cluster_6	1.0000
4227	Spectrogram 1	1	4620.250000	4620.750000	0	0	9	cluster_9	0.9348
4228	Spectrogram 1	1	4620.500000	4621.000000	0	0	6	cluster_6	0.7347
4229	Spectrogram 1	1	4620.750000	4623.000000	0	0	9	cluster_9	1.0000
4230	Spectrogram 1	1	4622.750000	4625.500000	0	0	6	cluster_6	0.9835
4231	Spectrogram 1	1	4625.250000	4625.750000	0	0	9	cluster_9	0.9986
4232	Spectrogram 1	1	4625.500000	4627.250000	0	0	8	cluster_8	0.9867
4233	Spectrogram 1	1	4627.000000	4627.500000	0	0	noise	cluster_noise	0.0000
4234	Spectrogram 1	1	4627.250000	4630.000000	0	0	9	cluster_9	0.9910
4235	Spectrogram 1	1	4629.750000	4630.500000	0	0	noise	cluster_noise	0.0000
4236	Spectrogram 1	1	4630.250000	4631.000000	0	0	11	cluster_11	1.0000
4237	Spectrogram 1	1	4630.750000	4631.250000	0	0	14	cluster_14	1.0000
4238	Spectrogram 1	1	4631.000000	4631.500000	0	0	6	cluster_6	0.8991
4239	Spectrogram 1	1	4631.250000	4631.750000	0	0	noise	cluster_noise	0.0000
4240	Spectrogram 1	1	4631.500000	4632.000000	0	0	9	cluster_9	0.8645
4241	Spectrogram 1	1	4631.750000	4632.250000	0	0	6	cluster_6	0.9818
4242	Spectrogram 1	1	4632.000000	4632.500000	0	0	noise	cluster_noise	0.0000
4243	Spectrogram 1	1	4632.250000	4634.000000	0	0	9	cluster_9	1.0000
4244	Spectrogram 1	1	4633.750000	4636.250000	0	0	6	cluster_6	0.9737
4245	Spectrogram 1	1	4636.000000	4636.500000	0	0	9	cluster_9	0.8418
4246	Spectrogram 1	1	4636.250000	4638.000000	0	0	8	cluster_8	0.9651
4247	Spectrogram 1	1	4637.750000	4638.250000	0	0	noise	cluster_noise	0.0000
4248	Spectrogram 1	1	4638.000000	4640.750000	0	0	9	cluster_9	1.0000
4249	Spectrogram 1	1	4640.500000	4641.000000	0	0	14	cluster_14	0.7651
4250	Spectrogram 1	1	4640.750000	4641.250000	0	0	noise	cluster_noise	0.0000
4251	Spectrogram 1	1	4641.000000	4641.750000	0	0	11	cluster_11	0.9235
4252	Spectrogram 1	1	4641.500000	4642.250000	0	0	14	cluster_14	0.9395
4253	Spectrogram 1	1	4642.000000	4643.000000	0	0	noise	cluster_noise	0.0000
4254	Spectrogram 1	1	4642.750000	4644.750000	0	0	9	cluster_9	0.9982
4255	Spectrogram 1	1	4644.500000	4645.250000	0	0	noise	cluster_noise	0.0000
4256	Spectrogram 1	1	4645.000000	4647.250000	0	0	6	cluster_6	0.9842
4257	Spectrogram 1	1	4647.000000	4647.500000	0	0	9	cluster_9	0.8374
4258	Spectrogram 1	1	4647.250000	4648.500000	0	0	8	cluster_8	0.9727
4259	Spectrogram 1	1	4648.250000	4651.250000	0	0	9	cluster_9	1.0000
4260	Spectrogram 1	1	4651.000000	4651.500000	0	0	noise	cluster_noise	0.0000
4261	Spectrogram 1	1	4651.250000	4651.750000	0	0	14	cluster_14	0.9455
4262	Spectrogram 1	1	4651.500000	4652.000000	0	0	noise	cluster_noise	0.0000
4263	Spectrogram 1	1	4651.750000	4652.500000	0	0	11	cluster_11	1.0000
4264	Spectrogram 1	1	4652.250000	4653.000000	0	0	14	cluster_14	0.9134
4265	Spectrogram 1	1	4652.750000	4653.750000	0	0	noise	cluster_noise	0.0000
4266	Spectrogram 1	1	4653.500000	4655.500000	0	0	9	cluster_9	1.0000
4267	Spectrogram 1	1	4655.250000	4658.000000	0	0	6	cluster_6	0.9828
4268	Spectrogram 1	1	4657.750000	4658.250000	0	0	9	cluster_9	1.0000
4269	Spectrogram 1	1	4658.000000	4659.500000	0	0	8	cluster_8	0.9494
4270	Spectrogram 1	1	4659.250000	4659.750000	0	0	9	cluster_9	1.0000
4271	Spectrogram 1	1	4659.500000	4660.000000	0	0	noise	cluster_noise	0.0000
4272	Spectrogram 1	1	4659.750000	4662.000000	0	0	9	cluster_9	1.0000
4273	Spectrogram 1	1	4661.750000	4662.250000	0	0	noise	cluster_noise	0.0000
4274	Spectrogram 1	1	4662.000000	4662.500000	0	0	14	cluster_14	0.9254
4275	Spectrogram 1	1	4662.250000	4662.750000	0	0	noise	cluster_noise	0.0000
4276	Spectrogram 1	1	4662.500000	4663.500000	0	0	11	cluster_11	1.0000
4277	Spectrogram 1	1	4663.250000	4663.750000	0	0	14	cluster_14	1.0000
4278	Spectrogram 1	1	4663.500000	4664.750000	0	0	noise	cluster_noise	0.0000
4279	Spectrogram 1	1	4664.500000	4666.500000	0	0	9	cluster_9	0.9702
4280	Spectrogram 1	1	4666.250000	4669.000000	0	0	6	cluster_6	0.9719
4281	Spectrogram 1	1	4668.750000	4669.250000	0	0	9	cluster_9	1.0000
4282	Spectrogram 1	1	4669.000000	4670.250000	0	0	8	cluster_8	1.0000
4283	Spectrogram 1	1	4670.000000	4673.250000	0	0	9	cluster_9	0.9888
4284	Spectrogram 1	1	4673.000000	4673.500000	0	0	noise	cluster_noise	0.0000
4285	Spectrogram 1	1	4673.250000	4674.500000	0	0	11	cluster_11	0.9333
4286	Spectrogram 1	1	4674.250000	4675.000000	0	0	14	cluster_14	0.8863
4287	Spectrogram 1	1	4674.750000	4675.250000	0	0	noise	cluster_noise	0.0000
4288	Spectrogram 1	1	4675.000000	4675.500000	0	0	13	cluster_13	0.6238
4289	Spectrogram 1	1	4675.250000	4676.000000	0	0	noise	cluster_noise	0.0000
4290	Spectrogram 1	1	4675.750000	4677.500000	0	0	9	cluster_9	0.9877
4291	Spectrogram 1	1	4677.250000	4679.500000	0	0	6	cluster_6	0.9790
4292	Spectrogram 1	1	4679.250000	4679.750000	0	0	noise	cluster_noise	0.0000
4293	Spectrogram 1	1	4679.500000	4680.000000	0	0	9	cluster_9	0.9648
4294	Spectrogram 1	1	4679.750000	4681.250000	0	0	8	cluster_8	0.9844
4295	Spectrogram 1	1	4681.000000	4684.000000	0	0	9	cluster_9	1.0000
4296	Spectrogram 1	1	4683.750000	4684.250000	0	0	noise	cluster_noise	0.0000
4297	Spectrogram 1	1	4684.000000	4684.500000	0	0	14	cluster_14	0.8687
4298	Spectrogram 1	1	4684.250000	4685.250000	0	0	11	cluster_11	0.9664
4299	Spectrogram 1	1	4685.000000	4685.750000	0	0	14	cluster_14	0.9514
4300	Spectrogram 1	1	4685.500000	4686.000000	0	0	noise	cluster_noise	0.0000
4301	Spectrogram 1	1	4685.750000	4686.250000	0	0	13	cluster_13	0.6292
4302	Spectrogram 1	1	4686.000000	4686.500000	0	0	noise	cluster_noise	0.0000
4303	Spectrogram 1	1	4686.250000	4688.250000	0	0	9	cluster_9	0.9682
4304	Spectrogram 1	1	4688.000000	4688.500000	0	0	noise	cluster_noise	0.0000
4305	Spectrogram 1	1	4688.250000	4690.750000	0	0	6	cluster_6	0.9180
4306	Spectrogram 1	1	4690.500000	4691.000000	0	0	9	cluster_9	0.9534
4307	Spectrogram 1	1	4690.750000	4692.250000	0	0	8	cluster_8	0.9761
4308	Spectrogram 1	1	4692.000000	4694.500000	0	0	9	cluster_9	1.0000
4309	Spectrogram 1	1	4695.000000	4695.500000	0	0	noise	cluster_noise	0.0000
4310	Spectrogram 1	1	4695.250000	4696.250000	0	0	11	cluster_11	1.0000
4311	Spectrogram 1	1	4696.000000	4697.250000	0	0	noise	cluster_noise	0.0000
4312	Spectrogram 1	1	4697.000000	4697.500000	0	0	8	cluster_8	0.8262
4313	Spectrogram 1	1	4697.250000	4699.250000	0	0	9	cluster_9	0.9946
4314	Spectrogram 1	1	4699.000000	4699.500000	0	0	noise	cluster_noise	0.0000
4315	Spectrogram 1	1	4699.250000	4702.000000	0	0	6	cluster_6	0.9609
4316	Spectrogram 1	1	4701.750000	4703.250000	0	0	8	cluster_8	1.0000
4317	Spectrogram 1	1	4703.000000	4705.500000	0	0	9	cluster_9	1.0000
4318	Spectrogram 1	1	4706.000000	4706.750000	0	0	14	cluster_14	0.7995
4319	Spectrogram 1	1	4706.500000	4707.750000	0	0	11	cluster_11	0.9649
4320	Spectrogram 1	1	4707.500000	4708.000000	0	0	14	cluster_14	0.9836
4321	Spectrogram 1	1	4707.750000	4708.500000	0	0	noise	cluster_noise	0.0000
4322	Spectrogram 1	1	4708.250000	4708.750000	0	0	13	cluster_13	0.6291
4323	Spectrogram 1	1	4708.500000	4709.000000	0	0	noise	cluster_noise	0.0000
4324	Spectrogram 1	1	4708.750000	4710.250000	0	0	9	cluster_9	1.0000
4325	Spectrogram 1	1	4710.000000	4710.500000	0	0	noise	cluster_noise	0.0000
4326	Spectrogram 1	1	4710.250000	4712.750000	0	0	6	cluster_6	0.9653
4327	Spectrogram 1	1	4712.500000	4713.500000	0	0	noise	cluster_noise	0.0000
4328	Spectrogram 1	1	4713.250000	4713.750000	0	0	10	cluster_10	0.4984
4329	Spectrogram 1	1	4713.500000	4714.500000	0	0	9	cluster_9	0.9413
4330	Spectrogram 1	1	4714.250000	4714.750000	0	0	noise	cluster_noise	0.0000
4331	Spectrogram 1	1	4714.500000	4715.000000	0	0	14	cluster_14	0.7913
4332	Spectrogram 1	1	4714.750000	4715.250000	0	0	noise	cluster_noise	0.0000
4333	Spectrogram 1	1	4715.000000	4715.500000	0	0	14	cluster_14	0.7388
4334	Spectrogram 1	1	4715.250000	4715.750000	0	0	noise	cluster_noise	0.0000
4335	Spectrogram 1	1	4715.500000	4716.500000	0	0	9	cluster_9	1.0000
4336	Spectrogram 1	1	4717.000000	4717.500000	0	0	14	cluster_14	1.0000
4337	Spectrogram 1	1	4717.250000	4717.750000	0	0	noise	cluster_noise	0.0000
4338	Spectrogram 1	1	4717.500000	4718.500000	0	0	9	cluster_9	1.0000
4339	Spectrogram 1	1	4718.250000	4718.750000	0	0	14	cluster_14	0.9081
4340	Spectrogram 1	1	4718.500000	4719.000000	0	0	noise	cluster_noise	0.0000
4341	Spectrogram 1	1	4718.750000	4719.500000	0	0	14	cluster_14	0.8170
4342	Spectrogram 1	1	4719.250000	4720.500000	0	0	noise	cluster_noise	0.0000
4343	Spectrogram 1	1	4720.250000	4721.000000	0	0	9	cluster_9	1.0000
4344	Spectrogram 1	1	4720.750000	4721.250000	0	0	noise	cluster_noise	0.0000
4345	Spectrogram 1	1	4721.000000	4723.500000	0	0	6	cluster_6	0.9532
4346	Spectrogram 1	1	4723.250000	4725.000000	0	0	9	cluster_9	0.9896
4347	Spectrogram 1	1	4724.750000	4727.000000	0	0	6	cluster_6	0.9784
4348	Spectrogram 1	1	4726.750000	4727.250000	0	0	9	cluster_9	1.0000
4349	Spectrogram 1	1	4727.000000	4727.500000	0	0	noise	cluster_noise	0.0000
4350	Spectrogram 1	1	4729.000000	4730.000000	0	0	14	cluster_14	0.9004
4351	Spectrogram 1	1	4729.750000	4730.750000	0	0	noise	cluster_noise	0.0000
4352	Spectrogram 1	1	4730.500000	4731.000000	0	0	9	cluster_9	0.9816
4353	Spectrogram 1	1	4730.750000	4731.750000	0	0	14	cluster_14	0.9180
4354	Spectrogram 1	1	4731.500000	4732.750000	0	0	noise	cluster_noise	0.0000
4355	Spectrogram 1	1	4732.500000	4733.500000	0	0	14	cluster_14	0.9116
4356	Spectrogram 1	1	4733.250000	4734.250000	0	0	noise	cluster_noise	0.0000
4357	Spectrogram 1	1	4734.000000	4735.000000	0	0	14	cluster_14	0.8773
4358	Spectrogram 1	1	4734.750000	4736.000000	0	0	noise	cluster_noise	0.0000
4359	Spectrogram 1	1	4735.750000	4737.000000	0	0	9	cluster_9	0.9796
4360	Spectrogram 1	1	4736.750000	4739.500000	0	0	6	cluster_6	0.9755
4361	Spectrogram 1	1	4739.250000	4741.000000	0	0	9	cluster_9	0.9950
4362	Spectrogram 1	1	4740.750000	4743.000000	0	0	6	cluster_6	0.9640
4363	Spectrogram 1	1	4742.750000	4743.500000	0	0	9	cluster_9	1.0000
4364	Spectrogram 1	1	4743.250000	4744.250000	0	0	14	cluster_14	0.9085
4365	Spectrogram 1	1	4744.000000	4745.250000	0	0	noise	cluster_noise	0.0000
4366	Spectrogram 1	1	4745.000000	4745.500000	0	0	13	cluster_13	0.6292
4367	Spectrogram 1	1	4745.250000	4746.250000	0	0	14	cluster_14	0.8834
4368	Spectrogram 1	1	4746.000000	4747.000000	0	0	noise	cluster_noise	0.0000
4369	Spectrogram 1	1	4746.750000	4747.250000	0	0	13	cluster_13	0.6262
4370	Spectrogram 1	1	4747.000000	4748.000000	0	0	14	cluster_14	0.8813
4371	Spectrogram 1	1	4747.750000	4748.750000	0	0	noise	cluster_noise	0.0000
4372	Spectrogram 1	1	4748.500000	4749.500000	0	0	14	cluster_14	0.8191
4373	Spectrogram 1	1	4749.250000	4749.750000	0	0	9	cluster_9	0.9580
4374	Spectrogram 1	1	4749.500000	4750.000000	0	0	13	cluster_13	0.6292
4375	Spectrogram 1	1	4749.750000	4750.250000	0	0	noise	cluster_noise	0.0000
4376	Spectrogram 1	1	4750.000000	4751.000000	0	0	14	cluster_14	0.8854
4377	Spectrogram 1	1	4750.750000	4751.750000	0	0	noise	cluster_noise	0.0000
4378	Spectrogram 1	1	4751.500000	4752.000000	0	0	13	cluster_13	0.6292
4379	Spectrogram 1	1	4751.750000	4752.250000	0	0	noise	cluster_noise	0.0000
4380	Spectrogram 1	1	4752.000000	4752.750000	0	0	9	cluster_9	1.0000
4381	Spectrogram 1	1	4752.500000	4753.000000	0	0	noise	cluster_noise	0.0000
4382	Spectrogram 1	1	4752.750000	4756.000000	0	0	6	cluster_6	0.9388
4383	Spectrogram 1	1	4755.750000	4757.250000	0	0	9	cluster_9	1.0000
4384	Spectrogram 1	1	4757.000000	4759.250000	0	0	6	cluster_6	1.0000
4385	Spectrogram 1	1	4759.000000	4759.750000	0	0	9	cluster_9	1.0000
4386	Spectrogram 1	1	4759.500000	4760.000000	0	0	noise	cluster_noise	0.0000
4387	Spectrogram 1	1	4759.750000	4760.750000	0	0	14	cluster_14	0.9195
4388	Spectrogram 1	1	4760.500000	4761.000000	0	0	9	cluster_9	1.0000
4389	Spectrogram 1	1	4760.750000	4761.500000	0	0	noise	cluster_noise	0.0000
4390	Spectrogram 1	1	4761.250000	4761.750000	0	0	13	cluster_13	0.6292
4391	Spectrogram 1	1	4761.500000	4762.500000	0	0	14	cluster_14	0.9319
4392	Spectrogram 1	1	4762.250000	4762.750000	0	0	9	cluster_9	1.0000
4393	Spectrogram 1	1	4762.500000	4763.250000	0	0	noise	cluster_noise	0.0000
4394	Spectrogram 1	1	4763.000000	4764.000000	0	0	14	cluster_14	0.9579
4395	Spectrogram 1	1	4763.750000	4765.000000	0	0	noise	cluster_noise	0.0000
4396	Spectrogram 1	1	4764.750000	4765.500000	0	0	14	cluster_14	0.7863
4397	Spectrogram 1	1	4765.250000	4765.750000	0	0	noise	cluster_noise	0.0000
4398	Spectrogram 1	1	4765.500000	4766.000000	0	0	14	cluster_14	0.7715
4399	Spectrogram 1	1	4765.750000	4766.250000	0	0	9	cluster_9	0.7589
4400	Spectrogram 1	1	4766.000000	4766.750000	0	0	noise	cluster_noise	0.0000
4401	Spectrogram 1	1	4766.500000	4767.750000	0	0	9	cluster_9	0.9995
4402	Spectrogram 1	1	4767.500000	4770.250000	0	0	6	cluster_6	0.9906
4403	Spectrogram 1	1	4770.000000	4771.000000	0	0	noise	cluster_noise	0.0000
4404	Spectrogram 1	1	4770.750000	4772.750000	0	0	9	cluster_9	1.0000
4405	Spectrogram 1	1	4772.500000	4773.250000	0	0	14	cluster_14	0.8025
4406	Spectrogram 1	1	4773.000000	4773.750000	0	0	noise	cluster_noise	0.0000
4407	Spectrogram 1	1	4773.500000	4774.000000	0	0	14	cluster_14	0.7487
4408	Spectrogram 1	1	4773.750000	4774.750000	0	0	noise	cluster_noise	0.0000
4409	Spectrogram 1	1	4774.500000	4775.250000	0	0	14	cluster_14	0.8217
4410	Spectrogram 1	1	4775.000000	4775.500000	0	0	noise	cluster_noise	0.0000
4411	Spectrogram 1	1	4775.250000	4775.750000	0	0	14	cluster_14	1.0000
4412	Spectrogram 1	1	4775.500000	4776.000000	0	0	noise	cluster_noise	0.0000
4413	Spectrogram 1	1	4775.750000	4776.500000	0	0	9	cluster_9	1.0000
4414	Spectrogram 1	1	4776.250000	4777.000000	0	0	14	cluster_14	0.8007
4415	Spectrogram 1	1	4776.750000	4777.250000	0	0	noise	cluster_noise	0.0000
4416	Spectrogram 1	1	4777.000000	4777.500000	0	0	14	cluster_14	1.0000
4417	Spectrogram 1	1	4777.250000	4777.750000	0	0	noise	cluster_noise	0.0000
4418	Spectrogram 1	1	4777.500000	4778.250000	0	0	9	cluster_9	1.0000
4419	Spectrogram 1	1	4778.000000	4778.500000	0	0	noise	cluster_noise	0.0000
4420	Spectrogram 1	1	4778.250000	4778.750000	0	0	14	cluster_14	0.9455
4421	Spectrogram 1	1	4778.500000	4779.000000	0	0	noise	cluster_noise	0.0000
4422	Spectrogram 1	1	4778.750000	4779.250000	0	0	14	cluster_14	1.0000
4423	Spectrogram 1	1	4779.000000	4779.500000	0	0	noise	cluster_noise	0.0000
4424	Spectrogram 1	1	4779.250000	4781.500000	0	0	9	cluster_9	1.0000
4425	Spectrogram 1	1	4781.250000	4784.500000	0	0	6	cluster_6	0.9840
4426	Spectrogram 1	1	4784.250000	4787.000000	0	0	9	cluster_9	1.0000
4427	Spectrogram 1	1	4786.750000	4788.500000	0	0	noise	cluster_noise	0.0000
4428	Spectrogram 1	1	4788.250000	4789.250000	0	0	9	cluster_9	1.0000
4429	Spectrogram 1	1	4789.000000	4789.500000	0	0	noise	cluster_noise	0.0000
4430	Spectrogram 1	1	4789.250000	4790.250000	0	0	14	cluster_14	0.9303
4431	Spectrogram 1	1	4790.000000	4791.250000	0	0	noise	cluster_noise	0.0000
4432	Spectrogram 1	1	4791.000000	4791.500000	0	0	14	cluster_14	0.8959
4433	Spectrogram 1	1	4791.250000	4791.750000	0	0	noise	cluster_noise	0.0000
4434	Spectrogram 1	1	4791.500000	4792.000000	0	0	14	cluster_14	1.0000
4435	Spectrogram 1	1	4791.750000	4792.750000	0	0	noise	cluster_noise	0.0000
4436	Spectrogram 1	1	4792.500000	4793.000000	0	0	13	cluster_13	0.6292
4437	Spectrogram 1	1	4792.750000	4793.250000	0	0	14	cluster_14	0.9455
4438	Spectrogram 1	1	4793.000000	4793.750000	0	0	noise	cluster_noise	0.0000
4439	Spectrogram 1	1	4793.500000	4794.250000	0	0	9	cluster_9	0.9082
4440	Spectrogram 1	1	4794.000000	4794.500000	0	0	noise	cluster_noise	0.0000
4441	Spectrogram 1	1	4794.250000	4795.000000	0	0	9	cluster_9	1.0000
4442	Spectrogram 1	1	4794.750000	4798.250000	0	0	6	cluster_6	0.9859
4443	Spectrogram 1	1	4798.000000	4800.750000	0	0	9	cluster_9	1.0000
4444	Spectrogram 1	1	4800.500000	4801.500000	0	0	noise	cluster_noise	0.0000
4445	Spectrogram 1	1	4801.250000	4801.750000	0	0	6	cluster_6	0.7113
4446	Spectrogram 1	1	4801.500000	4802.250000	0	0	noise	cluster_noise	0.0000
4447	Spectrogram 1	1	4802.000000	4803.000000	0	0	9	cluster_9	1.0000
4448	Spectrogram 1	1	4802.750000	4803.500000	0	0	14	cluster_14	0.8218
4449	Spectrogram 1	1	4803.250000	4803.750000	0	0	noise	cluster_noise	0.0000
4450	Spectrogram 1	1	4803.500000	4804.000000	0	0	14	cluster_14	1.0000
4451	Spectrogram 1	1	4803.750000	4804.750000	0	0	noise	cluster_noise	0.0000
4452	Spectrogram 1	1	4804.500000	4805.500000	0	0	14	cluster_14	0.8611
4453	Spectrogram 1	1	4805.250000	4805.750000	0	0	noise	cluster_noise	0.0000
4454	Spectrogram 1	1	4805.500000	4806.000000	0	0	9	cluster_9	0.8396
4455	Spectrogram 1	1	4805.750000	4806.250000	0	0	noise	cluster_noise	0.0000
4456	Spectrogram 1	1	4806.000000	4807.000000	0	0	14	cluster_14	0.8665
4457	Spectrogram 1	1	4806.750000	4807.250000	0	0	noise	cluster_noise	0.0000
4458	Spectrogram 1	1	4807.000000	4808.750000	0	0	9	cluster_9	0.9405
4459	Spectrogram 1	1	4808.500000	4809.250000	0	0	6	cluster_6	1.0000
4460	Spectrogram 1	1	4809.000000	4810.000000	0	0	noise	cluster_noise	0.0000
4461	Spectrogram 1	1	4809.750000	4812.000000	0	0	6	cluster_6	0.9857
4462	Spectrogram 1	1	4811.750000	4814.500000	0	0	9	cluster_9	0.9820
4463	Spectrogram 1	1	4814.250000	4816.000000	0	0	noise	cluster_noise	0.0000
4464	Spectrogram 1	1	4815.750000	4816.500000	0	0	9	cluster_9	0.9870
4465	Spectrogram 1	1	4816.250000	4816.750000	0	0	noise	cluster_noise	0.0000
4466	Spectrogram 1	1	4816.500000	4817.500000	0	0	14	cluster_14	0.8463
4467	Spectrogram 1	1	4817.250000	4818.250000	0	0	9	cluster_9	1.0000
4468	Spectrogram 1	1	4818.000000	4818.500000	0	0	14	cluster_14	0.9455
4469	Spectrogram 1	1	4818.250000	4818.750000	0	0	noise	cluster_noise	0.0000
4470	Spectrogram 1	1	4818.500000	4819.000000	0	0	14	cluster_14	1.0000
4471	Spectrogram 1	1	4818.750000	4819.250000	0	0	noise	cluster_noise	0.0000
4472	Spectrogram 1	1	4819.000000	4819.500000	0	0	13	cluster_13	0.6292
4473	Spectrogram 1	1	4819.250000	4819.750000	0	0	noise	cluster_noise	0.0000
4474	Spectrogram 1	1	4819.500000	4820.000000	0	0	14	cluster_14	0.8957
4475	Spectrogram 1	1	4819.750000	4820.250000	0	0	noise	cluster_noise	0.0000
4476	Spectrogram 1	1	4820.000000	4820.500000	0	0	14	cluster_14	0.9414
4477	Spectrogram 1	1	4820.250000	4820.750000	0	0	noise	cluster_noise	0.0000
4478	Spectrogram 1	1	4820.500000	4821.000000	0	0	13	cluster_13	0.6292
4479	Spectrogram 1	1	4820.750000	4821.250000	0	0	noise	cluster_noise	0.0000
4480	Spectrogram 1	1	4821.000000	4821.750000	0	0	14	cluster_14	0.9120
4481	Spectrogram 1	1	4821.500000	4822.250000	0	0	noise	cluster_noise	0.0000
4482	Spectrogram 1	1	4822.000000	4823.250000	0	0	9	cluster_9	0.9622
4483	Spectrogram 1	1	4823.000000	4826.500000	0	0	6	cluster_6	0.9857
4484	Spectrogram 1	1	4826.250000	4829.000000	0	0	9	cluster_9	1.0000
4485	Spectrogram 1	1	4828.750000	4829.250000	0	0	14	cluster_14	0.7316
4486	Spectrogram 1	1	4829.000000	4829.750000	0	0	noise	cluster_noise	0.0000
4487	Spectrogram 1	1	4829.500000	4830.000000	0	0	6	cluster_6	0.8410
4488	Spectrogram 1	1	4829.750000	4830.250000	0	0	noise	cluster_noise	0.0000
4489	Spectrogram 1	1	4830.000000	4831.000000	0	0	9	cluster_9	1.0000
4490	Spectrogram 1	1	4830.750000	4831.750000	0	0	noise	cluster_noise	0.0000
4491	Spectrogram 1	1	4831.500000	4832.000000	0	0	14	cluster_14	0.7740
4492	Spectrogram 1	1	4831.750000	4832.750000	0	0	noise	cluster_noise	0.0000
4493	Spectrogram 1	1	4832.500000	4833.000000	0	0	14	cluster_14	0.8539
4494	Spectrogram 1	1	4832.750000	4833.250000	0	0	noise	cluster_noise	0.0000
4495	Spectrogram 1	1	4833.000000	4835.000000	0	0	14	cluster_14	0.8609
4496	Spectrogram 1	1	4834.750000	4835.250000	0	0	noise	cluster_noise	0.0000
4497	Spectrogram 1	1	4835.000000	4835.500000	0	0	9	cluster_9	0.9383
4498	Spectrogram 1	1	4835.250000	4836.000000	0	0	noise	cluster_noise	0.0000
4499	Spectrogram 1	1	4835.750000	4836.750000	0	0	9	cluster_9	0.9958
4500	Spectrogram 1	1	4836.500000	4839.750000	0	0	6	cluster_6	0.9876
4501	Spectrogram 1	1	4839.500000	4840.000000	0	0	noise	cluster_noise	0.0000
4502	Spectrogram 1	1	4839.750000	4842.500000	0	0	9	cluster_9	0.9786
4503	Spectrogram 1	1	4842.250000	4844.000000	0	0	noise	cluster_noise	0.0000
4504	Spectrogram 1	1	4843.750000	4844.250000	0	0	9	cluster_9	0.9207
4505	Spectrogram 1	1	4844.000000	4844.500000	0	0	noise	cluster_noise	0.0000
4506	Spectrogram 1	1	4844.250000	4846.250000	0	0	9	cluster_9	1.0000
4507	Spectrogram 1	1	4846.000000	4847.500000	0	0	noise	cluster_noise	0.0000
4508	Spectrogram 1	1	4847.250000	4848.750000	0	0	9	cluster_9	0.9598
4509	Spectrogram 1	1	4848.500000	4849.000000	0	0	noise	cluster_noise	0.0000
4510	Spectrogram 1	1	4848.750000	4849.500000	0	0	10	cluster_10	1.0000
4511	Spectrogram 1	1	4849.250000	4849.750000	0	0	9	cluster_9	1.0000
4512	Spectrogram 1	1	4849.500000	4850.000000	0	0	noise	cluster_noise	0.0000
4513	Spectrogram 1	1	4849.750000	4850.750000	0	0	9	cluster_9	1.0000
4514	Spectrogram 1	1	4850.500000	4851.000000	0	0	noise	cluster_noise	0.0000
4515	Spectrogram 1	1	4850.750000	4851.500000	0	0	10	cluster_10	1.0000
4516	Spectrogram 1	1	4851.250000	4851.750000	0	0	9	cluster_9	1.0000
4517	Spectrogram 1	1	4851.500000	4852.250000	0	0	noise	cluster_noise	0.0000
4518	Spectrogram 1	1	4852.000000	4852.750000	0	0	9	cluster_9	0.9436
4519	Spectrogram 1	1	4852.500000	4853.000000	0	0	noise	cluster_noise	0.0000
4520	Spectrogram 1	1	4852.750000	4853.500000	0	0	10	cluster_10	0.9522
4521	Spectrogram 1	1	4853.250000	4854.000000	0	0	9	cluster_9	1.0000
4522	Spectrogram 1	1	4853.750000	4854.250000	0	0	6	cluster_6	0.7992
4523	Spectrogram 1	1	4854.000000	4854.500000	0	0	9	cluster_9	1.0000
4524	Spectrogram 1	1	4854.250000	4854.750000	0	0	noise	cluster_noise	0.0000
4525	Spectrogram 1	1	4854.500000	4855.250000	0	0	10	cluster_10	0.9425
4526	Spectrogram 1	1	4855.000000	4855.500000	0	0	9	cluster_9	1.0000
4527	Spectrogram 1	1	4855.250000	4856.000000	0	0	noise	cluster_noise	0.0000
4528	Spectrogram 1	1	4855.750000	4857.250000	0	0	9	cluster_9	0.9750
4529	Spectrogram 1	1	4857.000000	4857.750000	0	0	noise	cluster_noise	0.0000
4530	Spectrogram 1	1	4857.500000	4858.000000	0	0	1	cluster_1	0.4738
4531	Spectrogram 1	1	4857.750000	4858.500000	0	0	noise	cluster_noise	0.0000
4532	Spectrogram 1	1	4858.250000	4858.750000	0	0	8	cluster_8	0.8544
4533	Spectrogram 1	1	4858.500000	4859.000000	0	0	9	cluster_9	0.9365
4534	Spectrogram 1	1	4858.750000	4859.500000	0	0	noise	cluster_noise	0.0000
4535	Spectrogram 1	1	4859.250000	4860.750000	0	0	9	cluster_9	1.0000
4536	Spectrogram 1	1	4860.500000	4861.500000	0	0	noise	cluster_noise	0.0000
4537	Spectrogram 1	1	4861.250000	4862.000000	0	0	1	cluster_1	0.5211
4538	Spectrogram 1	1	4861.750000	4862.250000	0	0	noise	cluster_noise	0.0000
4539	Spectrogram 1	1	4862.000000	4863.500000	0	0	9	cluster_9	0.9431
4540	Spectrogram 1	1	4863.250000	4863.750000	0	0	noise	cluster_noise	0.0000
4541	Spectrogram 1	1	4863.500000	4864.250000	0	0	10	cluster_10	0.9697
4542	Spectrogram 1	1	4864.000000	4864.500000	0	0	9	cluster_9	1.0000
4543	Spectrogram 1	1	4864.250000	4865.000000	0	0	noise	cluster_noise	0.0000
4544	Spectrogram 1	1	4864.750000	4865.500000	0	0	9	cluster_9	1.0000
4545	Spectrogram 1	1	4865.250000	4865.750000	0	0	noise	cluster_noise	0.0000
4546	Spectrogram 1	1	4865.500000	4866.250000	0	0	10	cluster_10	0.9906
4547	Spectrogram 1	1	4866.000000	4867.500000	0	0	9	cluster_9	0.9632
4548	Spectrogram 1	1	4867.250000	4867.750000	0	0	14	cluster_14	0.7395
4549	Spectrogram 1	1	4867.500000	4868.250000	0	0	10	cluster_10	0.9886
4550	Spectrogram 1	1	4868.000000	4868.500000	0	0	9	cluster_9	1.0000
4551	Spectrogram 1	1	4868.250000	4868.750000	0	0	noise	cluster_noise	0.0000
4552	Spectrogram 1	1	4868.500000	4869.250000	0	0	10	cluster_10	0.9608
4553	Spectrogram 1	1	4869.000000	4869.500000	0	0	9	cluster_9	1.0000
4554	Spectrogram 1	1	4869.250000	4869.750000	0	0	noise	cluster_noise	0.0000
4555	Spectrogram 1	1	4869.500000	4870.000000	0	0	9	cluster_9	0.7999
4556	Spectrogram 1	1	4869.750000	4870.250000	0	0	noise	cluster_noise	0.0000
4557	Spectrogram 1	1	4870.000000	4870.750000	0	0	10	cluster_10	0.9658
4558	Spectrogram 1	1	4870.500000	4871.000000	0	0	9	cluster_9	1.0000
4559	Spectrogram 1	1	4870.750000	4871.250000	0	0	noise	cluster_noise	0.0000
4560	Spectrogram 1	1	4871.000000	4871.750000	0	0	10	cluster_10	1.0000
4561	Spectrogram 1	1	4871.500000	4872.250000	0	0	9	cluster_9	1.0000
4562	Spectrogram 1	1	4872.000000	4872.500000	0	0	noise	cluster_noise	0.0000
4563	Spectrogram 1	1	4872.250000	4873.000000	0	0	10	cluster_10	0.9341
4564	Spectrogram 1	1	4872.750000	4873.250000	0	0	9	cluster_9	1.0000
4565	Spectrogram 1	1	4873.000000	4873.750000	0	0	noise	cluster_noise	0.0000
4566	Spectrogram 1	1	4873.500000	4874.750000	0	0	9	cluster_9	0.9955
4567	Spectrogram 1	1	4874.500000	4875.250000	0	0	noise	cluster_noise	0.0000
4568	Spectrogram 1	1	4875.000000	4875.750000	0	0	1	cluster_1	0.6059
4569	Spectrogram 1	1	4875.500000	4876.000000	0	0	noise	cluster_noise	0.0000
4570	Spectrogram 1	1	4875.750000	4878.750000	0	0	9	cluster_9	0.9817
4571	Spectrogram 1	1	4878.500000	4879.000000	0	0	noise	cluster_noise	0.0000
4572	Spectrogram 1	1	4878.750000	4879.750000	0	0	1	cluster_1	0.7414
4573	Spectrogram 1	1	4879.500000	4881.250000	0	0	9	cluster_9	0.8891
4574	Spectrogram 1	1	4881.000000	4881.500000	0	0	noise	cluster_noise	0.0000
4575	Spectrogram 1	1	4881.250000	4882.000000	0	0	10	cluster_10	0.8031
4576	Spectrogram 1	1	4881.750000	4882.250000	0	0	9	cluster_9	0.9329
4577	Spectrogram 1	1	4882.000000	4882.750000	0	0	noise	cluster_noise	0.0000
4578	Spectrogram 1	1	4882.500000	4883.000000	0	0	9	cluster_9	1.0000
4579	Spectrogram 1	1	4882.750000	4883.250000	0	0	noise	cluster_noise	0.0000
4580	Spectrogram 1	1	4883.000000	4883.750000	0	0	10	cluster_10	0.7807
4581	Spectrogram 1	1	4883.500000	4884.000000	0	0	9	cluster_9	1.0000
4582	Spectrogram 1	1	4883.750000	4884.750000	0	0	noise	cluster_noise	0.0000
4583	Spectrogram 1	1	4884.500000	4885.250000	0	0	9	cluster_9	1.0000
4584	Spectrogram 1	1	4885.000000	4885.500000	0	0	noise	cluster_noise	0.0000
4585	Spectrogram 1	1	4885.250000	4886.000000	0	0	10	cluster_10	0.8861
4586	Spectrogram 1	1	4885.750000	4886.500000	0	0	noise	cluster_noise	0.0000
4587	Spectrogram 1	1	4886.250000	4887.250000	0	0	9	cluster_9	0.8971
4588	Spectrogram 1	1	4887.000000	4887.500000	0	0	noise	cluster_noise	0.0000
4589	Spectrogram 1	1	4887.250000	4888.000000	0	0	10	cluster_10	0.7803
4590	Spectrogram 1	1	4887.750000	4888.750000	0	0	noise	cluster_noise	0.0000
4591	Spectrogram 1	1	4888.500000	4889.250000	0	0	9	cluster_9	0.9012
4592	Spectrogram 1	1	4889.000000	4889.500000	0	0	noise	cluster_noise	0.0000
4593	Spectrogram 1	1	4891.000000	4891.500000	0	0	8	cluster_8	1.0000
4594	Spectrogram 1	1	4891.250000	4893.250000	0	0	9	cluster_9	0.9915
4595	Spectrogram 1	1	4893.000000	4893.750000	0	0	noise	cluster_noise	0.0000
4596	Spectrogram 1	1	4893.500000	4894.250000	0	0	1	cluster_1	0.5682
4597	Spectrogram 1	1	4894.000000	4894.500000	0	0	noise	cluster_noise	0.0000
4598	Spectrogram 1	1	4895.000000	4896.750000	0	0	9	cluster_9	1.0000
4599	Spectrogram 1	1	4896.500000	4897.250000	0	0	noise	cluster_noise	0.0000
4600	Spectrogram 1	1	4897.000000	4898.000000	0	0	1	cluster_1	0.8357
4601	Spectrogram 1	1	4897.750000	4898.250000	0	0	noise	cluster_noise	0.0000
4602	Spectrogram 1	1	4898.000000	4899.250000	0	0	9	cluster_9	0.9201
4603	Spectrogram 1	1	4899.000000	4899.500000	0	0	noise	cluster_noise	0.0000
4604	Spectrogram 1	1	4899.250000	4900.000000	0	0	10	cluster_10	0.9238
4605	Spectrogram 1	1	4899.750000	4900.750000	0	0	noise	cluster_noise	0.0000
4606	Spectrogram 1	1	4900.500000	4901.250000	0	0	9	cluster_9	1.0000
4607	Spectrogram 1	1	4901.000000	4901.500000	0	0	noise	cluster_noise	0.0000
4608	Spectrogram 1	1	4901.250000	4902.000000	0	0	10	cluster_10	0.7856
4609	Spectrogram 1	1	4901.750000	4902.750000	0	0	noise	cluster_noise	0.0000
4610	Spectrogram 1	1	4902.500000	4903.500000	0	0	9	cluster_9	1.0000
4611	Spectrogram 1	1	4903.250000	4904.000000	0	0	10	cluster_10	0.5068
4612	Spectrogram 1	1	4903.750000	4904.250000	0	0	8	cluster_8	1.0000
4613	Spectrogram 1	1	4904.000000	4908.500000	0	0	noise	cluster_noise	0.0000
4614	Spectrogram 1	1	4909.000000	4909.500000	0	0	8	cluster_8	1.0000
4615	Spectrogram 1	1	4909.250000	4909.750000	0	0	noise	cluster_noise	0.0000
4616	Spectrogram 1	1	4909.500000	4910.000000	0	0	10	cluster_10	0.5148
4617	Spectrogram 1	1	4909.750000	4910.250000	0	0	8	cluster_8	0.9281
4618	Spectrogram 1	1	4910.000000	4911.250000	0	0	9	cluster_9	0.9845
4619	Spectrogram 1	1	4911.000000	4911.500000	0	0	noise	cluster_noise	0.0000
4620	Spectrogram 1	1	4911.250000	4911.750000	0	0	10	cluster_10	0.4813
4621	Spectrogram 1	1	4911.500000	4912.000000	0	0	noise	cluster_noise	0.0000
4622	Spectrogram 1	1	4911.750000	4912.250000	0	0	8	cluster_8	1.0000
4623	Spectrogram 1	1	4912.000000	4914.000000	0	0	9	cluster_9	0.9926
4624	Spectrogram 1	1	4913.750000	4914.250000	0	0	noise	cluster_noise	0.0000
4625	Spectrogram 1	1	4914.000000	4914.750000	0	0	10	cluster_10	0.6302
4626	Spectrogram 1	1	4914.500000	4915.000000	0	0	8	cluster_8	1.0000
4627	Spectrogram 1	1	4914.750000	4915.250000	0	0	noise	cluster_noise	0.0000
4628	Spectrogram 1	1	4915.000000	4916.750000	0	0	9	cluster_9	0.9996
4629	Spectrogram 1	1	4916.500000	4917.000000	0	0	noise	cluster_noise	0.0000
4630	Spectrogram 1	1	4916.750000	4917.250000	0	0	10	cluster_10	0.5070
4631	Spectrogram 1	1	4917.000000	4917.500000	0	0	8	cluster_8	1.0000
4632	Spectrogram 1	1	4917.250000	4917.750000	0	0	9	cluster_9	1.0000
4633	Spectrogram 1	1	4917.500000	4918.250000	0	0	noise	cluster_noise	0.0000
4634	Spectrogram 1	1	4918.000000	4918.500000	0	0	9	cluster_9	1.0000
4635	Spectrogram 1	1	4918.250000	4918.750000	0	0	noise	cluster_noise	0.0000
4636	Spectrogram 1	1	4918.500000	4920.000000	0	0	4	cluster_4	1.0000
4637	Spectrogram 1	1	4919.750000	4920.750000	0	0	9	cluster_9	0.9953
4638	Spectrogram 1	1	4920.500000	4921.000000	0	0	noise	cluster_noise	0.0000
4639	Spectrogram 1	1	4920.750000	4922.000000	0	0	4	cluster_4	0.9932
4640	Spectrogram 1	1	4921.750000	4922.250000	0	0	noise	cluster_noise	0.0000
4641	Spectrogram 1	1	4922.000000	4922.500000	0	0	4	cluster_4	1.0000
4642	Spectrogram 1	1	4927.000000	4927.500000	0	0	noise	cluster_noise	0.0000
4643	Spectrogram 1	1	4927.250000	4927.750000	0	0	3	cluster_3	0.6610
4644	Spectrogram 1	1	4927.500000	4928.000000	0	0	noise	cluster_noise	0.0000
4645	Spectrogram 1	1	4927.750000	4930.000000	0	0	4	cluster_4	0.9810
4646	Spectrogram 1	1	4929.750000	4930.250000	0	0	noise	cluster_noise	0.0000
4647	Spectrogram 1	1	4930.000000	4931.000000	0	0	9	cluster_9	1.0000
4648	Spectrogram 1	1	4930.750000	4931.250000	0	0	8	cluster_8	1.0000
4649	Spectrogram 1	1	4931.000000	4931.750000	0	0	noise	cluster_noise	0.0000
4650	Spectrogram 1	1	4931.500000	4932.000000	0	0	8	cluster_8	0.9821
4651	Spectrogram 1	1	4931.750000	4933.750000	0	0	9	cluster_9	1.0000
4652	Spectrogram 1	1	4933.500000	4934.500000	0	0	8	cluster_8	0.9159
4653	Spectrogram 1	1	4934.250000	4935.250000	0	0	noise	cluster_noise	0.0000
4654	Spectrogram 1	1	4935.000000	4936.500000	0	0	9	cluster_9	0.9983
4655	Spectrogram 1	1	4936.250000	4937.250000	0	0	8	cluster_8	0.9257
4656	Spectrogram 1	1	4937.000000	4939.000000	0	0	9	cluster_9	0.9906
4657	Spectrogram 1	1	4938.750000	4939.500000	0	0	8	cluster_8	0.9683
4658	Spectrogram 1	1	4939.250000	4939.750000	0	0	noise	cluster_noise	0.0000
4659	Spectrogram 1	1	4939.500000	4940.750000	0	0	9	cluster_9	1.0000
4660	Spectrogram 1	1	4940.500000	4941.250000	0	0	noise	cluster_noise	0.0000
4661	Spectrogram 1	1	4941.000000	4948.000000	0	0	3	cluster_3	0.9812
4662	Spectrogram 1	1	4947.750000	4948.250000	0	0	noise	cluster_noise	0.0000
4663	Spectrogram 1	1	4948.000000	4948.750000	0	0	9	cluster_9	1.0000
4664	Spectrogram 1	1	4948.500000	4949.000000	0	0	noise	cluster_noise	0.0000
4665	Spectrogram 1	1	4948.750000	4951.250000	0	0	3	cluster_3	0.9703
4666	Spectrogram 1	1	4951.000000	4951.500000	0	0	noise	cluster_noise	0.0000
4667	Spectrogram 1	1	4951.250000	4952.500000	0	0	9	cluster_9	0.9786
4668	Spectrogram 1	1	4952.250000	4953.250000	0	0	8	cluster_8	1.0000
4669	Spectrogram 1	1	4953.000000	4953.500000	0	0	noise	cluster_noise	0.0000
4670	Spectrogram 1	1	4953.250000	4954.000000	0	0	8	cluster_8	0.8942
4671	Spectrogram 1	1	4953.750000	4955.250000	0	0	9	cluster_9	1.0000
4672	Spectrogram 1	1	4955.000000	4957.000000	0	0	8	cluster_8	0.9285
4673	Spectrogram 1	1	4956.750000	4958.000000	0	0	9	cluster_9	1.0000
4674	Spectrogram 1	1	4957.750000	4958.750000	0	0	8	cluster_8	1.0000
4675	Spectrogram 1	1	4958.500000	4959.000000	0	0	9	cluster_9	0.9698
4676	Spectrogram 1	1	4958.750000	4959.500000	0	0	8	cluster_8	0.8728
4677	Spectrogram 1	1	4959.250000	4960.500000	0	0	9	cluster_9	1.0000
4678	Spectrogram 1	1	4960.250000	4961.250000	0	0	8	cluster_8	1.0000
4679	Spectrogram 1	1	4961.000000	4961.500000	0	0	9	cluster_9	0.9522
4680	Spectrogram 1	1	4961.250000	4961.750000	0	0	noise	cluster_noise	0.0000
4681	Spectrogram 1	1	4961.500000	4962.000000	0	0	9	cluster_9	1.0000
4682	Spectrogram 1	1	4961.750000	4962.250000	0	0	noise	cluster_noise	0.0000
4683	Spectrogram 1	1	4962.000000	4963.500000	0	0	3	cluster_3	1.0000
4684	Spectrogram 1	1	4963.250000	4964.250000	0	0	9	cluster_9	1.0000
4685	Spectrogram 1	1	4964.000000	4966.750000	0	0	3	cluster_3	0.9688
4686	Spectrogram 1	1	4966.500000	4967.000000	0	0	noise	cluster_noise	0.0000
4687	Spectrogram 1	1	4966.750000	4967.500000	0	0	9	cluster_9	1.0000
4688	Spectrogram 1	1	4969.000000	4972.500000	0	0	3	cluster_3	0.9393
4689	Spectrogram 1	1	4974.000000	4974.750000	0	0	9	cluster_9	1.0000
4690	Spectrogram 1	1	4974.500000	4975.500000	0	0	8	cluster_8	1.0000
4691	Spectrogram 1	1	4979.000000	4979.500000	0	0	9	cluster_9	0.8544
4692	Spectrogram 1	1	4979.250000	4979.750000	0	0	noise	cluster_noise	0.0000
4693	Spectrogram 1	1	4979.500000	4980.500000	0	0	9	cluster_9	1.0000
4694	Spectrogram 1	1	4983.000000	4983.750000	0	0	8	cluster_8	0.9409
4695	Spectrogram 1	1	4983.500000	4984.000000	0	0	9	cluster_9	1.0000
4696	Spectrogram 1	1	4983.750000	4984.500000	0	0	noise	cluster_noise	0.0000
4697	Spectrogram 1	1	4988.000000	4989.250000	0	0	3	cluster_3	1.0000
4698	Spectrogram 1	1	4989.000000	4989.500000	0	0	noise	cluster_noise	0.0000
4699	Spectrogram 1	1	4989.250000	4990.000000	0	0	9	cluster_9	1.0000
4700	Spectrogram 1	1	4989.750000	4990.250000	0	0	noise	cluster_noise	0.0000
4701	Spectrogram 1	1	4990.000000	4990.500000	0	0	3	cluster_3	1.0000
4702	Spectrogram 1	1	5000.000000	5001.000000	0	0	noise	cluster_noise	0.0000
4703	Spectrogram 1	1	5000.750000	5002.000000	0	0	9	cluster_9	1.0000
4704	Spectrogram 1	1	5001.750000	5002.500000	0	0	8	cluster_8	1.0000
4705	Spectrogram 1	1	5028.000000	5028.750000	0	0	noise	cluster_noise	0.0000
4706	Spectrogram 1	1	5028.500000	5029.500000	0	0	9	cluster_9	1.0000
4707	Spectrogram 1	1	5030.000000	5044.500000	0	0	8	cluster_8	1.0000
4708	Spectrogram 1	1	5044.250000	5046.250000	0	0	noise	cluster_noise	0.0000
4709	Spectrogram 1	1	5046.000000	5052.750000	0	0	9	cluster_9	1.0000
4710	Spectrogram 1	1	5052.500000	5053.500000	0	0	noise	cluster_noise	0.0000
4711	Spectrogram 1	1	5066.000000	5068.000000	0	0	9	cluster_9	0.9867
4712	Spectrogram 1	1	5067.750000	5068.250000	0	0	noise	cluster_noise	0.0000
4713	Spectrogram 1	1	5068.000000	5069.250000	0	0	8	cluster_8	0.8188
4714	Spectrogram 1	1	5069.000000	5070.000000	0	0	noise	cluster_noise	0.0000
4715	Spectrogram 1	1	5069.750000	5071.250000	0	0	9	cluster_9	1.0000
4716	Spectrogram 1	1	5071.000000	5072.500000	0	0	0	cluster_0	0.8927
4717	Spectrogram 1	1	5082.000000	5083.250000	0	0	8	cluster_8	0.9109
4718	Spectrogram 1	1	5083.000000	5083.750000	0	0	noise	cluster_noise	0.0000
4719	Spectrogram 1	1	5083.500000	5084.750000	0	0	9	cluster_9	1.0000
4720	Spectrogram 1	1	5084.500000	5085.250000	0	0	6	cluster_6	0.7064
4721	Spectrogram 1	1	5085.000000	5087.500000	0	0	0	cluster_0	0.9060
4722	Spectrogram 1	1	5096.000000	5096.750000	0	0	8	cluster_8	0.9396
4723	Spectrogram 1	1	5096.500000	5097.250000	0	0	noise	cluster_noise	0.0000
4724	Spectrogram 1	1	5097.000000	5097.500000	0	0	8	cluster_8	0.7801
4725	Spectrogram 1	1	5097.250000	5099.250000	0	0	9	cluster_9	1.0000
4726	Spectrogram 1	1	5099.000000	5099.750000	0	0	noise	cluster_noise	0.0000
4727	Spectrogram 1	1	5099.500000	5100.250000	0	0	0	cluster_0	0.8860
4728	Spectrogram 1	1	5100.000000	5100.500000	0	0	8	cluster_8	0.9083
4729	Spectrogram 1	1	5108.000000	5109.000000	0	0	9	cluster_9	1.0000
4730	Spectrogram 1	1	5108.750000	5109.250000	0	0	noise	cluster_noise	0.0000
4731	Spectrogram 1	1	5109.000000	5110.500000	0	0	8	cluster_8	0.9952
4732	Spectrogram 1	1	5110.250000	5113.500000	0	0	9	cluster_9	0.9913
4733	Spectrogram 1	1	5119.000000	5119.500000	0	0	6	cluster_6	1.0000
4734	Spectrogram 1	1	5119.250000	5119.750000	0	0	noise	cluster_noise	0.0000
4735	Spectrogram 1	1	5119.500000	5120.000000	0	0	9	cluster_9	0.8490
4736	Spectrogram 1	1	5119.750000	5120.250000	0	0	noise	cluster_noise	0.0000
4737	Spectrogram 1	1	5120.000000	5120.500000	0	0	8	cluster_8	0.9249
4738	Spectrogram 1	1	5120.250000	5121.000000	0	0	7	cluster_7	0.8952
4739	Spectrogram 1	1	5120.750000	5121.500000	0	0	noise	cluster_noise	0.0000
4740	Spectrogram 1	1	5121.250000	5122.500000	0	0	8	cluster_8	0.9574
4741	Spectrogram 1	1	5122.250000	5124.000000	0	0	9	cluster_9	0.9998
4742	Spectrogram 1	1	5123.750000	5124.500000	0	0	6	cluster_6	0.7451
4743	Spectrogram 1	1	5124.250000	5125.500000	0	0	0	cluster_0	0.9229
4744	Spectrogram 1	1	5125.250000	5126.750000	0	0	9	cluster_9	0.9960
4745	Spectrogram 1	1	5126.500000	5127.250000	0	0	6	cluster_6	0.8248
4746	Spectrogram 1	1	5127.000000	5127.750000	0	0	noise	cluster_noise	0.0000
4747	Spectrogram 1	1	5127.500000	5128.500000	0	0	9	cluster_9	1.0000
4748	Spectrogram 1	1	5133.000000	5133.500000	0	0	noise	cluster_noise	0.0000
4749	Spectrogram 1	1	5133.250000	5134.750000	0	0	8	cluster_8	0.9574
4750	Spectrogram 1	1	5134.500000	5135.000000	0	0	9	cluster_9	1.0000
4751	Spectrogram 1	1	5134.750000	5135.250000	0	0	noise	cluster_noise	0.0000
4752	Spectrogram 1	1	5135.000000	5136.500000	0	0	9	cluster_9	0.9983
4753	Spectrogram 1	1	5136.250000	5137.500000	0	0	0	cluster_0	0.8809
4754	Spectrogram 1	1	5137.250000	5141.250000	0	0	9	cluster_9	1.0000
4755	Spectrogram 1	1	5141.000000	5141.500000	0	0	noise	cluster_noise	0.0000
4756	Spectrogram 1	1	5141.250000	5143.500000	0	0	6	cluster_6	0.9420
4757	Spectrogram 1	1	5143.250000	5144.000000	0	0	9	cluster_9	1.0000
4758	Spectrogram 1	1	5143.750000	5145.500000	0	0	8	cluster_8	0.9752
4759	Spectrogram 1	1	5147.000000	5148.250000	0	0	9	cluster_9	1.0000
4760	Spectrogram 1	1	5148.000000	5148.750000	0	0	6	cluster_6	0.8480
4761	Spectrogram 1	1	5148.500000	5150.000000	0	0	0	cluster_0	0.9225
4762	Spectrogram 1	1	5149.750000	5152.500000	0	0	9	cluster_9	1.0000
4763	Spectrogram 1	1	5152.250000	5154.750000	0	0	6	cluster_6	0.9352
4764	Spectrogram 1	1	5154.500000	5155.000000	0	0	noise	cluster_noise	0.0000
4765	Spectrogram 1	1	5154.750000	5155.750000	0	0	8	cluster_8	0.9242
4766	Spectrogram 1	1	5155.500000	5156.000000	0	0	noise	cluster_noise	0.0000
4767	Spectrogram 1	1	5155.750000	5157.250000	0	0	8	cluster_8	1.0000
4768	Spectrogram 1	1	5157.000000	5157.500000	0	0	noise	cluster_noise	0.0000
4769	Spectrogram 1	1	5157.250000	5159.000000	0	0	9	cluster_9	1.0000
4770	Spectrogram 1	1	5158.750000	5159.250000	0	0	14	cluster_14	0.7870
4771	Spectrogram 1	1	5159.000000	5159.500000	0	0	noise	cluster_noise	0.0000
4772	Spectrogram 1	1	5162.000000	5163.250000	0	0	9	cluster_9	1.0000
4773	Spectrogram 1	1	5163.000000	5165.250000	0	0	6	cluster_6	0.9583
4774	Spectrogram 1	1	5165.000000	5166.000000	0	0	9	cluster_9	1.0000
4775	Spectrogram 1	1	5165.750000	5166.250000	0	0	noise	cluster_noise	0.0000
4776	Spectrogram 1	1	5166.000000	5167.750000	0	0	8	cluster_8	1.0000
4777	Spectrogram 1	1	5167.500000	5169.250000	0	0	9	cluster_9	1.0000
4778	Spectrogram 1	1	5169.000000	5169.500000	0	0	noise	cluster_noise	0.0000
4779	Spectrogram 1	1	5169.250000	5169.750000	0	0	6	cluster_6	1.0000
4780	Spectrogram 1	1	5169.500000	5170.750000	0	0	0	cluster_0	0.8723
4781	Spectrogram 1	1	5170.500000	5171.000000	0	0	noise	cluster_noise	0.0000
4782	Spectrogram 1	1	5170.750000	5171.250000	0	0	0	cluster_0	0.4970
4783	Spectrogram 1	1	5171.000000	5171.500000	0	0	noise	cluster_noise	0.0000
4784	Spectrogram 1	1	5173.000000	5173.750000	0	0	0	cluster_0	0.8314
4785	Spectrogram 1	1	5173.500000	5175.250000	0	0	9	cluster_9	0.9618
4786	Spectrogram 1	1	5175.000000	5175.750000	0	0	noise	cluster_noise	0.0000
4787	Spectrogram 1	1	5175.500000	5176.500000	0	0	6	cluster_6	0.9370
4788	Spectrogram 1	1	5176.250000	5176.750000	0	0	8	cluster_8	0.8930
4789	Spectrogram 1	1	5176.500000	5177.750000	0	0	9	cluster_9	1.0000
4790	Spectrogram 1	1	5177.500000	5179.250000	0	0	8	cluster_8	0.9785
4791	Spectrogram 1	1	5179.000000	5179.500000	0	0	noise	cluster_noise	0.0000
4792	Spectrogram 1	1	5179.250000	5181.250000	0	0	9	cluster_9	1.0000
4793	Spectrogram 1	1	5181.000000	5181.500000	0	0	noise	cluster_noise	0.0000
4794	Spectrogram 1	1	5181.250000	5181.750000	0	0	6	cluster_6	1.0000
4795	Spectrogram 1	1	5181.500000	5182.500000	0	0	0	cluster_0	0.9419
4796	Spectrogram 1	1	5182.250000	5182.750000	0	0	9	cluster_9	1.0000
4797	Spectrogram 1	1	5182.500000	5183.250000	0	0	0	cluster_0	0.9231
4798	Spectrogram 1	1	5183.000000	5184.500000	0	0	9	cluster_9	0.9856
4799	Spectrogram 1	1	5185.000000	5187.750000	0	0	6	cluster_6	0.9342
4800	Spectrogram 1	1	5187.500000	5188.500000	0	0	noise	cluster_noise	0.0000
4801	Spectrogram 1	1	5188.250000	5189.750000	0	0	8	cluster_8	0.9717
4802	Spectrogram 1	1	5189.500000	5191.500000	0	0	9	cluster_9	1.0000
4803	Spectrogram 1	1	5191.250000	5191.750000	0	0	6	cluster_6	1.0000
4804	Spectrogram 1	1	5191.500000	5192.750000	0	0	0	cluster_0	0.8512
4805	Spectrogram 1	1	5192.500000	5193.000000	0	0	6	cluster_6	0.6748
4806	Spectrogram 1	1	5192.750000	5193.500000	0	0	0	cluster_0	0.9484
4807	Spectrogram 1	1	5193.250000	5195.500000	0	0	9	cluster_9	1.0000
4808	Spectrogram 1	1	5195.250000	5198.000000	0	0	6	cluster_6	0.9196
4809	Spectrogram 1	1	5197.750000	5198.500000	0	0	9	cluster_9	1.0000
4810	Spectrogram 1	1	5198.250000	5200.250000	0	0	8	cluster_8	0.9749
4811	Spectrogram 1	1	5200.000000	5200.500000	0	0	noise	cluster_noise	0.0000
4812	Spectrogram 1	1	5200.250000	5202.750000	0	0	9	cluster_9	0.9570
4813	Spectrogram 1	1	5202.500000	5203.000000	0	0	noise	cluster_noise	0.0000
4814	Spectrogram 1	1	5202.750000	5204.000000	0	0	6	cluster_6	0.9607
4815	Spectrogram 1	1	5203.750000	5206.500000	0	0	9	cluster_9	0.9881
4816	Spectrogram 1	1	5208.000000	5208.750000	0	0	6	cluster_6	1.0000
4817	Spectrogram 1	1	5208.500000	5209.000000	0	0	noise	cluster_noise	0.0000
4818	Spectrogram 1	1	5208.750000	5210.500000	0	0	8	cluster_8	0.9406
4819	Spectrogram 1	1	5210.250000	5213.250000	0	0	9	cluster_9	0.9793
4820	Spectrogram 1	1	5213.000000	5214.750000	0	0	noise	cluster_noise	0.0000
4821	Spectrogram 1	1	5214.500000	5217.250000	0	0	9	cluster_9	0.9735
4822	Spectrogram 1	1	5217.000000	5217.500000	0	0	noise	cluster_noise	0.0000
4823	Spectrogram 1	1	5219.000000	5219.500000	0	0	6	cluster_6	0.8580
4824	Spectrogram 1	1	5219.250000	5219.750000	0	0	9	cluster_9	1.0000
4825	Spectrogram 1	1	5219.500000	5220.500000	0	0	6	cluster_6	0.9004
4826	Spectrogram 1	1	5220.250000	5220.750000	0	0	9	cluster_9	1.0000
4827	Spectrogram 1	1	5220.500000	5221.250000	0	0	6	cluster_6	0.8303
4828	Spectrogram 1	1	5221.000000	5221.500000	0	0	9	cluster_9	0.9736
4829	Spectrogram 1	1	5221.250000	5222.250000	0	0	6	cluster_6	0.9548
4830	Spectrogram 1	1	5222.000000	5222.500000	0	0	10	cluster_10	0.7322
4831	Spectrogram 1	1	5222.250000	5224.000000	0	0	6	cluster_6	0.8526
4832	Spectrogram 1	1	5223.750000	5224.250000	0	0	noise	cluster_noise	0.0000
4833	Spectrogram 1	1	5224.000000	5225.500000	0	0	6	cluster_6	0.8876
4834	Spectrogram 1	1	5225.250000	5225.750000	0	0	noise	cluster_noise	0.0000
4835	Spectrogram 1	1	5225.500000	5226.500000	0	0	6	cluster_6	0.8013
4836	Spectrogram 1	1	5226.250000	5227.250000	0	0	9	cluster_9	0.9901
4837	Spectrogram 1	1	5227.000000	5227.500000	0	0	noise	cluster_noise	0.0000
4838	Spectrogram 1	1	5227.250000	5229.500000	0	0	6	cluster_6	0.9881
4839	Spectrogram 1	1	5231.000000	5231.500000	0	0	9	cluster_9	1.0000
4840	Spectrogram 1	1	5231.250000	5233.750000	0	0	6	cluster_6	0.9672
4841	Spectrogram 1	1	5233.500000	5234.000000	0	0	9	cluster_9	1.0000
4842	Spectrogram 1	1	5233.750000	5234.250000	0	0	noise	cluster_noise	0.0000
4843	Spectrogram 1	1	5234.000000	5234.750000	0	0	10	cluster_10	0.9134
4844	Spectrogram 1	1	5234.500000	5235.750000	0	0	9	cluster_9	1.0000
4845	Spectrogram 1	1	5235.500000	5236.000000	0	0	14	cluster_14	0.7612
4846	Spectrogram 1	1	5235.750000	5236.500000	0	0	noise	cluster_noise	0.0000
4847	Spectrogram 1	1	5236.250000	5237.500000	0	0	9	cluster_9	1.0000
4848	Spectrogram 1	1	5237.250000	5238.000000	0	0	14	cluster_14	0.7707
4849	Spectrogram 1	1	5237.750000	5238.500000	0	0	noise	cluster_noise	0.0000
4850	Spectrogram 1	1	5238.250000	5239.250000	0	0	9	cluster_9	0.9824
4851	Spectrogram 1	1	5239.000000	5239.750000	0	0	14	cluster_14	0.7913
4852	Spectrogram 1	1	5239.500000	5240.000000	0	0	noise	cluster_noise	0.0000
4853	Spectrogram 1	1	5239.750000	5240.250000	0	0	10	cluster_10	0.5309
4854	Spectrogram 1	1	5240.000000	5240.500000	0	0	9	cluster_9	1.0000
4855	Spectrogram 1	1	5241.000000	5241.500000	0	0	noise	cluster_noise	0.0000
4856	Spectrogram 1	1	5241.250000	5243.000000	0	0	9	cluster_9	1.0000
4857	Spectrogram 1	1	5242.750000	5245.250000	0	0	6	cluster_6	0.9786
4858	Spectrogram 1	1	5245.000000	5245.500000	0	0	noise	cluster_noise	0.0000
4859	Spectrogram 1	1	5245.250000	5246.000000	0	0	6	cluster_6	0.7891
4860	Spectrogram 1	1	5245.750000	5247.500000	0	0	9	cluster_9	1.0000
4861	Spectrogram 1	1	5247.250000	5249.750000	0	0	6	cluster_6	0.9718
4862	Spectrogram 1	1	5249.500000	5250.000000	0	0	9	cluster_9	0.8803
4863	Spectrogram 1	1	5249.750000	5254.750000	0	0	noise	cluster_noise	0.0000
4864	Spectrogram 1	1	5254.500000	5255.000000	0	0	10	cluster_10	0.5774
4865	Spectrogram 1	1	5254.750000	5255.750000	0	0	9	cluster_9	1.0000
4866	Spectrogram 1	1	5255.500000	5256.000000	0	0	14	cluster_14	0.7626
4867	Spectrogram 1	1	5255.750000	5256.500000	0	0	noise	cluster_noise	0.0000
4868	Spectrogram 1	1	5256.250000	5258.250000	0	0	9	cluster_9	0.9933
4869	Spectrogram 1	1	5258.000000	5260.750000	0	0	6	cluster_6	0.9324
4870	Spectrogram 1	1	5260.500000	5265.250000	0	0	9	cluster_9	1.0000
4871	Spectrogram 1	1	5265.000000	5265.750000	0	0	noise	cluster_noise	0.0000
4872	Spectrogram 1	1	5265.500000	5266.000000	0	0	10	cluster_10	0.5265
4873	Spectrogram 1	1	5265.750000	5267.000000	0	0	9	cluster_9	1.0000
4874	Spectrogram 1	1	5266.750000	5267.500000	0	0	noise	cluster_noise	0.0000
4875	Spectrogram 1	1	5267.250000	5267.750000	0	0	14	cluster_14	0.7927
4876	Spectrogram 1	1	5267.500000	5268.000000	0	0	10	cluster_10	0.5166
4877	Spectrogram 1	1	5267.750000	5268.750000	0	0	9	cluster_9	0.9621
4878	Spectrogram 1	1	5268.500000	5269.500000	0	0	noise	cluster_noise	0.0000
4879	Spectrogram 1	1	5269.250000	5269.750000	0	0	9	cluster_9	0.9607
4880	Spectrogram 1	1	5269.500000	5270.000000	0	0	noise	cluster_noise	0.0000
4881	Spectrogram 1	1	5269.750000	5270.750000	0	0	9	cluster_9	0.9987
4882	Spectrogram 1	1	5270.500000	5271.250000	0	0	noise	cluster_noise	0.0000
4883	Spectrogram 1	1	5271.000000	5271.500000	0	0	10	cluster_10	0.5175
4884	Spectrogram 1	1	5271.250000	5272.250000	0	0	9	cluster_9	0.9504
4885	Spectrogram 1	1	5272.000000	5272.750000	0	0	noise	cluster_noise	0.0000
4886	Spectrogram 1	1	5272.500000	5273.000000	0	0	10	cluster_10	0.5277
4887	Spectrogram 1	1	5272.750000	5274.500000	0	0	9	cluster_9	0.9886
4888	Spectrogram 1	1	5274.250000	5277.000000	0	0	6	cluster_6	0.9751
4889	Spectrogram 1	1	5276.750000	5278.750000	0	0	9	cluster_9	0.9923
4890	Spectrogram 1	1	5278.500000	5280.750000	0	0	6	cluster_6	0.9605
4891	Spectrogram 1	1	5280.500000	5281.750000	0	0	9	cluster_9	1.0000
4892	Spectrogram 1	1	5281.500000	5282.250000	0	0	noise	cluster_noise	0.0000
4893	Spectrogram 1	1	5282.000000	5282.500000	0	0	10	cluster_10	0.5311
4894	Spectrogram 1	1	5282.250000	5283.500000	0	0	9	cluster_9	0.9793
4895	Spectrogram 1	1	5283.250000	5283.750000	0	0	noise	cluster_noise	0.0000
4896	Spectrogram 1	1	5283.500000	5284.000000	0	0	14	cluster_14	0.9391
4897	Spectrogram 1	1	5283.750000	5284.250000	0	0	10	cluster_10	0.5198
4898	Spectrogram 1	1	5284.000000	5284.500000	0	0	9	cluster_9	1.0000
4899	Spectrogram 1	1	5284.250000	5285.000000	0	0	8	cluster_8	0.8250
4900	Spectrogram 1	1	5284.750000	5285.250000	0	0	14	cluster_14	0.7692
4901	Spectrogram 1	1	5285.000000	5286.000000	0	0	noise	cluster_noise	0.0000
4902	Spectrogram 1	1	5285.750000	5286.500000	0	0	9	cluster_9	0.9750
4903	Spectrogram 1	1	5286.250000	5287.000000	0	0	noise	cluster_noise	0.0000
4904	Spectrogram 1	1	5286.750000	5287.250000	0	0	14	cluster_14	1.0000
4905	Spectrogram 1	1	5287.000000	5287.500000	0	0	10	cluster_10	0.4951
4906	Spectrogram 1	1	5287.250000	5288.000000	0	0	9	cluster_9	0.8750
4907	Spectrogram 1	1	5287.750000	5288.500000	0	0	14	cluster_14	0.9241
4908	Spectrogram 1	1	5288.250000	5288.750000	0	0	noise	cluster_noise	0.0000
4909	Spectrogram 1	1	5288.500000	5289.000000	0	0	9	cluster_9	0.8918
4910	Spectrogram 1	1	5288.750000	5289.250000	0	0	noise	cluster_noise	0.0000
4911	Spectrogram 1	1	5289.000000	5291.000000	0	0	9	cluster_9	0.9132
4912	Spectrogram 1	1	5290.750000	5291.250000	0	0	noise	cluster_noise	0.0000
4913	Spectrogram 1	1	5291.000000	5293.500000	0	0	6	cluster_6	0.9145
4914	Spectrogram 1	1	5293.250000	5297.500000	0	0	9	cluster_9	0.9988
4915	Spectrogram 1	1	5297.250000	5297.750000	0	0	noise	cluster_noise	0.0000
4916	Spectrogram 1	1	5297.500000	5298.250000	0	0	8	cluster_8	0.8237
4917	Spectrogram 1	1	5298.000000	5298.500000	0	0	noise	cluster_noise	0.0000
4918	Spectrogram 1	1	5298.250000	5299.250000	0	0	9	cluster_9	0.9842
4919	Spectrogram 1	1	5299.000000	5300.500000	0	0	noise	cluster_noise	0.0000
4920	Spectrogram 1	1	5300.250000	5300.750000	0	0	14	cluster_14	0.7532
4921	Spectrogram 1	1	5300.500000	5301.000000	0	0	noise	cluster_noise	0.0000
4922	Spectrogram 1	1	5300.750000	5303.000000	0	0	9	cluster_9	0.9831
4923	Spectrogram 1	1	5302.750000	5305.500000	0	0	6	cluster_6	0.9758
4924	Spectrogram 1	1	5305.250000	5305.750000	0	0	noise	cluster_noise	0.0000
4925	Spectrogram 1	1	5305.500000	5308.000000	0	0	9	cluster_9	1.0000
4926	Spectrogram 1	1	5307.750000	5308.250000	0	0	noise	cluster_noise	0.0000
4927	Spectrogram 1	1	5308.000000	5310.750000	0	0	9	cluster_9	0.9190
4928	Spectrogram 1	1	5310.500000	5311.000000	0	0	8	cluster_8	0.8609
4929	Spectrogram 1	1	5310.750000	5312.500000	0	0	7	cluster_7	0.8839
4930	Spectrogram 1	1	5312.250000	5313.000000	0	0	noise	cluster_noise	0.0000
4931	Spectrogram 1	1	5312.750000	5313.250000	0	0	7	cluster_7	0.8211
4932	Spectrogram 1	1	5313.000000	5313.500000	0	0	noise	cluster_noise	0.0000
4933	Spectrogram 1	1	5313.250000	5313.750000	0	0	8	cluster_8	0.9866
4934	Spectrogram 1	1	5313.500000	5315.500000	0	0	9	cluster_9	1.0000
4935	Spectrogram 1	1	5315.250000	5318.250000	0	0	6	cluster_6	0.9967
4936	Spectrogram 1	1	5318.000000	5318.500000	0	0	noise	cluster_noise	0.0000
4937	Spectrogram 1	1	5318.250000	5321.500000	0	0	9	cluster_9	0.9699
4938	Spectrogram 1	1	5321.250000	5321.750000	0	0	noise	cluster_noise	0.0000
4939	Spectrogram 1	1	5321.500000	5322.500000	0	0	9	cluster_9	0.9490
4940	Spectrogram 1	1	5322.250000	5322.750000	0	0	8	cluster_8	1.0000
4941	Spectrogram 1	1	5322.500000	5324.500000	0	0	noise	cluster_noise	0.0000
4942	Spectrogram 1	1	5324.250000	5324.750000	0	0	8	cluster_8	0.8549
4943	Spectrogram 1	1	5324.500000	5325.250000	0	0	9	cluster_9	1.0000
4944	Spectrogram 1	1	5325.000000	5325.500000	0	0	5	cluster_5	1.0000
4945	Spectrogram 1	1	5325.250000	5326.000000	0	0	noise	cluster_noise	0.0000
4946	Spectrogram 1	1	5325.750000	5328.000000	0	0	9	cluster_9	0.9885
4947	Spectrogram 1	1	5327.750000	5331.250000	0	0	6	cluster_6	0.9726
4948	Spectrogram 1	1	5331.000000	5333.250000	0	0	9	cluster_9	0.9885
4949	Spectrogram 1	1	5333.000000	5335.500000	0	0	noise	cluster_noise	0.0000
4950	Spectrogram 1	1	5335.250000	5338.250000	0	0	7	cluster_7	0.9544
4951	Spectrogram 1	1	5338.000000	5340.000000	0	0	9	cluster_9	0.9933
4952	Spectrogram 1	1	5339.750000	5343.250000	0	0	6	cluster_6	0.9577
4953	Spectrogram 1	1	5343.000000	5345.500000	0	0	9	cluster_9	0.9792
4954	Spectrogram 1	1	5345.250000	5346.500000	0	0	noise	cluster_noise	0.0000
4955	Spectrogram 1	1	5351.000000	5352.000000	0	0	9	cluster_9	1.0000
4956	Spectrogram 1	1	5351.750000	5355.000000	0	0	6	cluster_6	0.9717
4957	Spectrogram 1	1	5354.750000	5357.000000	0	0	9	cluster_9	0.9707
4958	Spectrogram 1	1	5356.750000	5366.500000	0	0	noise	cluster_noise	0.0000
4959	Spectrogram 1	1	5366.250000	5368.500000	0	0	9	cluster_9	0.9681
4960	Spectrogram 1	1	5368.250000	5370.250000	0	0	noise	cluster_noise	0.0000
4961	Spectrogram 1	1	5370.000000	5371.500000	0	0	1	cluster_1	0.9793
4962	Spectrogram 1	1	5371.250000	5371.750000	0	0	noise	cluster_noise	0.0000
4963	Spectrogram 1	1	5371.500000	5380.000000	0	0	9	cluster_9	0.9591
4964	Spectrogram 1	1	5379.750000	5380.250000	0	0	noise	cluster_noise	0.0000
4965	Spectrogram 1	1	5380.000000	5380.750000	0	0	10	cluster_10	0.8101
4966	Spectrogram 1	1	5380.500000	5381.000000	0	0	9	cluster_9	1.0000
4967	Spectrogram 1	1	5380.750000	5381.750000	0	0	noise	cluster_noise	0.0000
4968	Spectrogram 1	1	5381.500000	5382.750000	0	0	9	cluster_9	0.9676
4969	Spectrogram 1	1	5382.500000	5383.000000	0	0	noise	cluster_noise	0.0000
4970	Spectrogram 1	1	5382.750000	5385.250000	0	0	1	cluster_1	0.9288
4971	Spectrogram 1	1	5385.000000	5385.500000	0	0	noise	cluster_noise	0.0000
4972	Spectrogram 1	1	5391.000000	5391.750000	0	0	10	cluster_10	0.9503
4973	Spectrogram 1	1	5391.500000	5393.250000	0	0	9	cluster_9	0.9463
4974	Spectrogram 1	1	5393.000000	5393.500000	0	0	noise	cluster_noise	0.0000
4975	Spectrogram 1	1	5393.250000	5394.000000	0	0	10	cluster_10	1.0000
4976	Spectrogram 1	1	5393.750000	5394.250000	0	0	9	cluster_9	1.0000
4977	Spectrogram 1	1	5394.000000	5394.500000	0	0	noise	cluster_noise	0.0000
4978	Spectrogram 1	1	5394.250000	5394.750000	0	0	6	cluster_6	0.7674
4979	Spectrogram 1	1	5394.500000	5395.250000	0	0	9	cluster_9	1.0000
4980	Spectrogram 1	1	5395.000000	5395.500000	0	0	noise	cluster_noise	0.0000
4981	Spectrogram 1	1	5395.250000	5396.000000	0	0	10	cluster_10	0.9693
4982	Spectrogram 1	1	5395.750000	5396.250000	0	0	9	cluster_9	1.0000
4983	Spectrogram 1	1	5396.000000	5396.750000	0	0	noise	cluster_noise	0.0000
4984	Spectrogram 1	1	5396.500000	5397.500000	0	0	9	cluster_9	0.9724
4985	Spectrogram 1	1	5399.000000	5400.000000	0	0	1	cluster_1	0.9800
4986	Spectrogram 1	1	5399.750000	5400.250000	0	0	noise	cluster_noise	0.0000
4987	Spectrogram 1	1	5400.000000	5400.500000	0	0	9	cluster_9	0.8636
4988	Spectrogram 1	1	5403.000000	5404.500000	0	0	1	cluster_1	0.9824
4989	Spectrogram 1	1	5404.250000	5405.000000	0	0	noise	cluster_noise	0.0000
4990	Spectrogram 1	1	5404.750000	5405.500000	0	0	9	cluster_9	0.8900
4991	Spectrogram 1	1	5405.250000	5406.000000	0	0	noise	cluster_noise	0.0000
4992	Spectrogram 1	1	5405.750000	5406.250000	0	0	10	cluster_10	0.5701
4993	Spectrogram 1	1	5406.000000	5406.500000	0	0	8	cluster_8	1.0000
4994	Spectrogram 1	1	5406.250000	5407.750000	0	0	9	cluster_9	0.9890
4995	Spectrogram 1	1	5407.500000	5408.000000	0	0	noise	cluster_noise	0.0000
4996	Spectrogram 1	1	5407.750000	5408.500000	0	0	10	cluster_10	0.5683
4997	Spectrogram 1	1	5408.250000	5408.750000	0	0	8	cluster_8	0.8716
4998	Spectrogram 1	1	5408.500000	5409.500000	0	0	9	cluster_9	1.0000
4999	Spectrogram 1	1	5413.000000	5414.000000	0	0	1	cluster_1	0.9635
5000	Spectrogram 1	1	5413.750000	5414.250000	0	0	noise	cluster_noise	0.0000
5001	Spectrogram 1	1	5414.000000	5415.250000	0	0	9	cluster_9	1.0000
5002	Spectrogram 1	1	5415.000000	5416.000000	0	0	noise	cluster_noise	0.0000
5003	Spectrogram 1	1	5415.750000	5417.750000	0	0	1	cluster_1	0.9131
5004	Spectrogram 1	1	5417.500000	5418.750000	0	0	9	cluster_9	0.9403
5005	Spectrogram 1	1	5418.500000	5419.000000	0	0	noise	cluster_noise	0.0000
5006	Spectrogram 1	1	5418.750000	5419.500000	0	0	10	cluster_10	0.7862
5007	Spectrogram 1	1	5419.250000	5419.750000	0	0	8	cluster_8	1.0000
5008	Spectrogram 1	1	5419.500000	5420.000000	0	0	9	cluster_9	0.8010
5009	Spectrogram 1	1	5419.750000	5420.250000	0	0	noise	cluster_noise	0.0000
5010	Spectrogram 1	1	5420.000000	5420.500000	0	0	9	cluster_9	1.0000
5011	Spectrogram 1	1	5424.000000	5424.500000	0	0	8	cluster_8	1.0000
5012	Spectrogram 1	1	5424.250000	5425.000000	0	0	noise	cluster_noise	0.0000
5013	Spectrogram 1	1	5424.750000	5425.250000	0	0	8	cluster_8	1.0000
5014	Spectrogram 1	1	5425.000000	5425.500000	0	0	9	cluster_9	1.0000
5015	Spectrogram 1	1	5428.000000	5428.500000	0	0	10	cluster_10	0.5002
5016	Spectrogram 1	1	5428.250000	5428.750000	0	0	8	cluster_8	0.9668
5017	Spectrogram 1	1	5428.500000	5430.250000	0	0	9	cluster_9	0.9848
5018	Spectrogram 1	1	5430.000000	5430.500000	0	0	noise	cluster_noise	0.0000
5019	Spectrogram 1	1	5430.250000	5431.250000	0	0	1	cluster_1	0.7598
5020	Spectrogram 1	1	5431.000000	5431.750000	0	0	noise	cluster_noise	0.0000
5021	Spectrogram 1	1	5431.500000	5433.750000	0	0	9	cluster_9	0.9514
5022	Spectrogram 1	1	5433.500000	5434.250000	0	0	noise	cluster_noise	0.0000
5023	Spectrogram 1	1	5434.000000	5435.250000	0	0	1	cluster_1	0.7491
5024	Spectrogram 1	1	5435.000000	5436.500000	0	0	9	cluster_9	0.9883
5025	Spectrogram 1	1	5436.250000	5437.000000	0	0	10	cluster_10	0.5447
5026	Spectrogram 1	1	5436.750000	5437.250000	0	0	8	cluster_8	1.0000
5027	Spectrogram 1	1	5437.000000	5437.750000	0	0	noise	cluster_noise	0.0000
5028	Spectrogram 1	1	5437.500000	5438.500000	0	0	9	cluster_9	1.0000
5029	Spectrogram 1	1	5442.000000	5442.750000	0	0	noise	cluster_noise	0.0000
5030	Spectrogram 1	1	5442.500000	5443.250000	0	0	9	cluster_9	0.9293
5031	Spectrogram 1	1	5443.000000	5443.500000	0	0	noise	cluster_noise	0.0000
5032	Spectrogram 1	1	5443.250000	5443.750000	0	0	10	cluster_10	0.5442
5033	Spectrogram 1	1	5443.500000	5444.000000	0	0	8	cluster_8	1.0000
5034	Spectrogram 1	1	5443.750000	5445.000000	0	0	noise	cluster_noise	0.0000
5035	Spectrogram 1	1	5444.750000	5445.250000	0	0	10	cluster_10	0.5043
5036	Spectrogram 1	1	5445.000000	5445.500000	0	0	noise	cluster_noise	0.0000
5037	Spectrogram 1	1	5445.250000	5445.750000	0	0	10	cluster_10	0.5115
5038	Spectrogram 1	1	5445.500000	5446.000000	0	0	8	cluster_8	0.9470
5039	Spectrogram 1	1	5445.750000	5447.500000	0	0	9	cluster_9	0.9987
5040	Spectrogram 1	1	5447.250000	5448.000000	0	0	noise	cluster_noise	0.0000
5041	Spectrogram 1	1	5447.750000	5448.750000	0	0	1	cluster_1	0.6684
5042	Spectrogram 1	1	5448.500000	5449.250000	0	0	noise	cluster_noise	0.0000
5043	Spectrogram 1	1	5449.000000	5451.250000	0	0	9	cluster_9	1.0000
5044	Spectrogram 1	1	5451.000000	5457.500000	0	0	noise	cluster_noise	0.0000
5045	Spectrogram 1	1	5457.250000	5457.750000	0	0	9	cluster_9	1.0000
5046	Spectrogram 1	1	5457.500000	5458.000000	0	0	noise	cluster_noise	0.0000
5047	Spectrogram 1	1	5457.750000	5458.500000	0	0	10	cluster_10	0.8195
5048	Spectrogram 1	1	5458.250000	5458.750000	0	0	8	cluster_8	1.0000
5049	Spectrogram 1	1	5458.500000	5459.250000	0	0	noise	cluster_noise	0.0000
5050	Spectrogram 1	1	5459.000000	5460.000000	0	0	9	cluster_9	1.0000
5051	Spectrogram 1	1	5459.750000	5460.500000	0	0	10	cluster_10	0.6930
5052	Spectrogram 1	1	5460.250000	5460.750000	0	0	8	cluster_8	1.0000
5053	Spectrogram 1	1	5460.500000	5461.250000	0	0	noise	cluster_noise	0.0000
5054	Spectrogram 1	1	5461.000000	5461.500000	0	0	8	cluster_8	1.0000
5055	Spectrogram 1	1	5461.250000	5461.750000	0	0	9	cluster_9	1.0000
5056	Spectrogram 1	1	5461.500000	5462.000000	0	0	noise	cluster_noise	0.0000
5057	Spectrogram 1	1	5461.750000	5462.250000	0	0	10	cluster_10	0.6023
5058	Spectrogram 1	1	5462.000000	5462.500000	0	0	8	cluster_8	0.9769
5059	Spectrogram 1	1	5462.250000	5463.000000	0	0	noise	cluster_noise	0.0000
5060	Spectrogram 1	1	5462.750000	5463.250000	0	0	8	cluster_8	1.0000
5061	Spectrogram 1	1	5463.000000	5463.500000	0	0	noise	cluster_noise	0.0000
5062	Spectrogram 1	1	5463.250000	5463.750000	0	0	10	cluster_10	0.5409
5063	Spectrogram 1	1	5463.500000	5464.250000	0	0	noise	cluster_noise	0.0000
5064	Spectrogram 1	1	5464.000000	5464.500000	0	0	8	cluster_8	1.0000
5065	Spectrogram 1	1	5464.250000	5465.500000	0	0	9	cluster_9	0.9344
5066	Spectrogram 1	1	5471.000000	5471.500000	0	0	noise	cluster_noise	0.0000
5067	Spectrogram 1	1	5471.250000	5472.000000	0	0	10	cluster_10	0.4863
5068	Spectrogram 1	1	5471.750000	5473.250000	0	0	9	cluster_9	1.0000
5069	Spectrogram 1	1	5473.000000	5473.500000	0	0	noise	cluster_noise	0.0000
5070	Spectrogram 1	1	5473.250000	5474.000000	0	0	4	cluster_4	1.0000
5071	Spectrogram 1	1	5473.750000	5474.250000	0	0	3	cluster_3	0.6277
5072	Spectrogram 1	1	5474.000000	5475.500000	0	0	9	cluster_9	0.9501
5073	Spectrogram 1	1	5475.250000	5475.750000	0	0	noise	cluster_noise	0.0000
5074	Spectrogram 1	1	5475.500000	5476.250000	0	0	4	cluster_4	0.9289
5075	Spectrogram 1	1	5476.000000	5476.750000	0	0	3	cluster_3	0.8373
5076	Spectrogram 1	1	5476.500000	5477.000000	0	0	noise	cluster_noise	0.0000
5077	Spectrogram 1	1	5476.750000	5478.000000	0	0	9	cluster_9	0.8870
5078	Spectrogram 1	1	5477.750000	5478.250000	0	0	4	cluster_4	0.8130
5079	Spectrogram 1	1	5478.000000	5479.250000	0	0	3	cluster_3	0.9199
5080	Spectrogram 1	1	5479.000000	5479.750000	0	0	1	cluster_1	0.8173
5081	Spectrogram 1	1	5479.500000	5480.000000	0	0	6	cluster_6	0.6807
5082	Spectrogram 1	1	5479.750000	5481.000000	0	0	9	cluster_9	0.9115
5083	Spectrogram 1	1	5480.750000	5482.500000	0	0	3	cluster_3	1.0000
5084	Spectrogram 1	1	5482.250000	5482.750000	0	0	noise	cluster_noise	0.0000
5085	Spectrogram 1	1	5482.500000	5484.000000	0	0	9	cluster_9	0.9412
5086	Spectrogram 1	1	5483.750000	5490.500000	0	0	8	cluster_8	1.0000
5087	Spectrogram 1	1	5490.250000	5490.750000	0	0	9	cluster_9	1.0000
5088	Spectrogram 1	1	5490.500000	5491.250000	0	0	8	cluster_8	0.8934
5089	Spectrogram 1	1	5491.000000	5492.250000	0	0	9	cluster_9	0.9958
5090	Spectrogram 1	1	5492.000000	5493.000000	0	0	8	cluster_8	0.9095
5091	Spectrogram 1	1	5492.750000	5494.000000	0	0	9	cluster_9	1.0000
5092	Spectrogram 1	1	5493.750000	5494.500000	0	0	noise	cluster_noise	0.0000
5093	Spectrogram 1	1	5495.000000	5496.250000	0	0	9	cluster_9	0.9511
5094	Spectrogram 1	1	5496.000000	5497.000000	0	0	noise	cluster_noise	0.0000
5095	Spectrogram 1	1	5496.750000	5498.250000	0	0	3	cluster_3	0.9392
5096	Spectrogram 1	1	5498.000000	5499.000000	0	0	9	cluster_9	0.9257
5097	Spectrogram 1	1	5498.750000	5499.500000	0	0	noise	cluster_noise	0.0000
5098	Spectrogram 1	1	5499.250000	5503.000000	0	0	3	cluster_3	0.9744
5099	Spectrogram 1	1	5502.750000	5503.250000	0	0	noise	cluster_noise	0.0000
5100	Spectrogram 1	1	5503.000000	5503.500000	0	0	9	cluster_9	1.0000
5101	Spectrogram 1	1	5505.000000	5505.500000	0	0	8	cluster_8	0.7781
5102	Spectrogram 1	1	5505.250000	5505.750000	0	0	noise	cluster_noise	0.0000
5103	Spectrogram 1	1	5505.500000	5507.000000	0	0	9	cluster_9	0.9522
5104	Spectrogram 1	1	5506.750000	5508.250000	0	0	8	cluster_8	0.9330
5105	Spectrogram 1	1	5508.000000	5508.500000	0	0	noise	cluster_noise	0.0000
5106	Spectrogram 1	1	5508.250000	5510.000000	0	0	9	cluster_9	1.0000
5107	Spectrogram 1	1	5509.750000	5511.000000	0	0	8	cluster_8	0.9857
5108	Spectrogram 1	1	5510.750000	5511.500000	0	0	noise	cluster_noise	0.0000
5109	Spectrogram 1	1	5511.250000	5512.500000	0	0	9	cluster_9	1.0000
5110	Spectrogram 1	1	5512.250000	5514.000000	0	0	8	cluster_8	0.9519
5111	Spectrogram 1	1	5513.750000	5514.750000	0	0	9	cluster_9	0.9598
5112	Spectrogram 1	1	5514.500000	5515.250000	0	0	6	cluster_6	0.8242
5113	Spectrogram 1	1	5515.000000	5515.750000	0	0	9	cluster_9	1.0000
5114	Spectrogram 1	1	5515.500000	5517.000000	0	0	8	cluster_8	0.9678
5115	Spectrogram 1	1	5516.750000	5517.250000	0	0	noise	cluster_noise	0.0000
5116	Spectrogram 1	1	5517.000000	5518.500000	0	0	9	cluster_9	1.0000
5117	Spectrogram 1	1	5518.250000	5518.750000	0	0	noise	cluster_noise	0.0000
5118	Spectrogram 1	1	5518.500000	5519.750000	0	0	8	cluster_8	0.9535
5119	Spectrogram 1	1	5519.500000	5520.000000	0	0	0	cluster_0	1.0000
5120	Spectrogram 1	1	5519.750000	5520.250000	0	0	noise	cluster_noise	0.0000
5121	Spectrogram 1	1	5520.000000	5521.000000	0	0	9	cluster_9	1.0000
5122	Spectrogram 1	1	5520.750000	5522.250000	0	0	8	cluster_8	0.9932
5123	Spectrogram 1	1	5522.000000	5523.250000	0	0	noise	cluster_noise	0.0000
5124	Spectrogram 1	1	5523.000000	5524.000000	0	0	9	cluster_9	0.9583
5125	Spectrogram 1	1	5523.750000	5525.250000	0	0	8	cluster_8	0.9759
5126	Spectrogram 1	1	5525.000000	5525.500000	0	0	0	cluster_0	0.5474
5127	Spectrogram 1	1	5525.250000	5528.250000	0	0	8	cluster_8	0.9956
5128	Spectrogram 1	1	5528.000000	5529.500000	0	0	9	cluster_9	1.0000
5129	Spectrogram 1	1	5531.000000	5532.250000	0	0	0	cluster_0	0.8859
5130	Spectrogram 1	1	5532.000000	5584.250000	0	0	9	cluster_9	0.9798
5131	Spectrogram 1	1	5584.000000	5586.000000	0	0	0	cluster_0	0.8889
5132	Spectrogram 1	1	5585.750000	5587.000000	0	0	9	cluster_9	1.0000
5133	Spectrogram 1	1	5586.750000	5588.250000	0	0	0	cluster_0	0.9236
5134	Spectrogram 1	1	5588.000000	5588.500000	0	0	9	cluster_9	1.0000
5135	Spectrogram 1	1	5598.000000	5599.250000	0	0	0	cluster_0	0.9672
5136	Spectrogram 1	1	5599.000000	5599.750000	0	0	9	cluster_9	1.0000
5137	Spectrogram 1	1	5599.500000	5600.000000	0	0	6	cluster_6	1.0000
5138	Spectrogram 1	1	5599.750000	5601.250000	0	0	0	cluster_0	0.9638
5139	Spectrogram 1	1	5601.000000	5612.500000	0	0	9	cluster_9	1.0000
5140	Spectrogram 1	1	5612.250000	5612.750000	0	0	noise	cluster_noise	0.0000
5141	Spectrogram 1	1	5612.500000	5613.000000	0	0	6	cluster_6	1.0000
5142	Spectrogram 1	1	5612.750000	5614.250000	0	0	0	cluster_0	0.9484
5143	Spectrogram 1	1	5614.000000	5616.000000	0	0	9	cluster_9	1.0000
5144	Spectrogram 1	1	5615.750000	5616.250000	0	0	noise	cluster_noise	0.0000
5145	Spectrogram 1	1	5616.000000	5617.500000	0	0	6	cluster_6	0.9902
5146	Spectrogram 1	1	5624.000000	5624.750000	0	0	9	cluster_9	1.0000
5147	Spectrogram 1	1	5624.500000	5625.250000	0	0	6	cluster_6	0.9161
5148	Spectrogram 1	1	5625.000000	5626.250000	0	0	0	cluster_0	0.9565
5149	Spectrogram 1	1	5626.000000	5626.500000	0	0	9	cluster_9	0.9371
5150	Spectrogram 1	1	5626.250000	5627.000000	0	0	0	cluster_0	0.5780
5151	Spectrogram 1	1	5626.750000	5628.500000	0	0	9	cluster_9	0.9708
5152	Spectrogram 1	1	5628.250000	5628.750000	0	0	noise	cluster_noise	0.0000
5153	Spectrogram 1	1	5628.500000	5630.250000	0	0	6	cluster_6	0.9718
5154	Spectrogram 1	1	5630.000000	5630.750000	0	0	noise	cluster_noise	0.0000
5155	Spectrogram 1	1	5630.500000	5631.000000	0	0	9	cluster_9	1.0000
5156	Spectrogram 1	1	5630.750000	5631.500000	0	0	8	cluster_8	0.8759
5157	Spectrogram 1	1	5634.000000	5634.750000	0	0	9	cluster_9	1.0000
5158	Spectrogram 1	1	5634.500000	5635.250000	0	0	noise	cluster_noise	0.0000
5159	Spectrogram 1	1	5635.000000	5635.500000	0	0	6	cluster_6	0.8946
5160	Spectrogram 1	1	5635.250000	5636.500000	0	0	0	cluster_0	0.9565
5161	Spectrogram 1	1	5638.000000	5638.750000	0	0	9	cluster_9	1.0000
5162	Spectrogram 1	1	5638.500000	5639.250000	0	0	noise	cluster_noise	0.0000
5163	Spectrogram 1	1	5639.000000	5641.250000	0	0	6	cluster_6	0.8970
5164	Spectrogram 1	1	5641.000000	5642.000000	0	0	9	cluster_9	0.9819
5165	Spectrogram 1	1	5641.750000	5642.250000	0	0	noise	cluster_noise	0.0000
5166	Spectrogram 1	1	5642.000000	5643.250000	0	0	8	cluster_8	1.0000
5167	Spectrogram 1	1	5643.000000	5645.750000	0	0	9	cluster_9	1.0000
5168	Spectrogram 1	1	5645.500000	5646.250000	0	0	noise	cluster_noise	0.0000
5169	Spectrogram 1	1	5646.000000	5646.750000	0	0	12	cluster_12	1.0000
5170	Spectrogram 1	1	5646.500000	5647.750000	0	0	noise	cluster_noise	0.0000
5171	Spectrogram 1	1	5647.500000	5648.500000	0	0	9	cluster_9	1.0000
5172	Spectrogram 1	1	5651.000000	5652.000000	0	0	6	cluster_6	0.9473
5173	Spectrogram 1	1	5651.750000	5652.250000	0	0	9	cluster_9	1.0000
5174	Spectrogram 1	1	5652.000000	5653.250000	0	0	8	cluster_8	0.9934
5175	Spectrogram 1	1	5653.000000	5654.000000	0	0	noise	cluster_noise	0.0000
5176	Spectrogram 1	1	5653.750000	5654.500000	0	0	8	cluster_8	0.9309
5177	Spectrogram 1	1	5654.250000	5655.750000	0	0	9	cluster_9	1.0000
5178	Spectrogram 1	1	5655.500000	5656.250000	0	0	8	cluster_8	0.9668
5179	Spectrogram 1	1	5656.000000	5658.000000	0	0	9	cluster_9	1.0000
5180	Spectrogram 1	1	5657.750000	5658.500000	0	0	noise	cluster_noise	0.0000
5181	Spectrogram 1	1	5658.250000	5659.250000	0	0	11	cluster_11	1.0000
5182	Spectrogram 1	1	5659.000000	5659.500000	0	0	12	cluster_12	1.0000
5183	Spectrogram 1	1	5659.250000	5659.750000	0	0	14	cluster_14	0.8597
5184	Spectrogram 1	1	5659.500000	5660.000000	0	0	noise	cluster_noise	0.0000
5185	Spectrogram 1	1	5659.750000	5662.250000	0	0	9	cluster_9	0.9863
5186	Spectrogram 1	1	5662.000000	5662.500000	0	0	6	cluster_6	0.8862
5187	Spectrogram 1	1	5664.000000	5664.750000	0	0	9	cluster_9	0.9726
5188	Spectrogram 1	1	5664.500000	5665.750000	0	0	8	cluster_8	0.9539
5189	Spectrogram 1	1	5665.500000	5666.750000	0	0	noise	cluster_noise	0.0000
5190	Spectrogram 1	1	5666.500000	5667.250000	0	0	9	cluster_9	1.0000
5191	Spectrogram 1	1	5667.000000	5668.000000	0	0	8	cluster_8	0.8925
5192	Spectrogram 1	1	5667.750000	5669.750000	0	0	9	cluster_9	1.0000
5193	Spectrogram 1	1	5669.500000	5672.500000	0	0	noise	cluster_noise	0.0000
5194	Spectrogram 1	1	5672.250000	5674.250000	0	0	9	cluster_9	1.0000
5195	Spectrogram 1	1	5674.000000	5676.500000	0	0	6	cluster_6	0.9846
5196	Spectrogram 1	1	5676.250000	5676.750000	0	0	9	cluster_9	0.8307
5197	Spectrogram 1	1	5676.500000	5677.250000	0	0	8	cluster_8	0.8619
5198	Spectrogram 1	1	5677.000000	5678.250000	0	0	9	cluster_9	0.9592
5199	Spectrogram 1	1	5678.000000	5678.750000	0	0	8	cluster_8	0.8960
5200	Spectrogram 1	1	5678.500000	5681.250000	0	0	9	cluster_9	0.9991
5201	Spectrogram 1	1	5681.000000	5683.750000	0	0	noise	cluster_noise	0.0000
5202	Spectrogram 1	1	5683.500000	5685.500000	0	0	9	cluster_9	0.9812
5203	Spectrogram 1	1	5685.250000	5687.500000	0	0	6	cluster_6	1.0000
5204	Spectrogram 1	1	5689.000000	5692.000000	0	0	9	cluster_9	0.9730
5205	Spectrogram 1	1	5691.750000	5692.250000	0	0	14	cluster_14	0.7586
5206	Spectrogram 1	1	5692.000000	5694.500000	0	0	noise	cluster_noise	0.0000
5207	Spectrogram 1	1	5694.250000	5696.500000	0	0	9	cluster_9	0.9560
5208	Spectrogram 1	1	5696.250000	5698.500000	0	0	6	cluster_6	0.9778
5209	Spectrogram 1	1	5701.000000	5701.500000	0	0	9	cluster_9	0.9321
5210	Spectrogram 1	1	5701.250000	5702.000000	0	0	noise	cluster_noise	0.0000
5211	Spectrogram 1	1	5701.750000	5703.500000	0	0	9	cluster_9	0.9559
5212	Spectrogram 1	1	5704.000000	5705.000000	0	0	noise	cluster_noise	0.0000
5213	Spectrogram 1	1	5704.750000	5705.250000	0	0	12	cluster_12	1.0000
5214	Spectrogram 1	1	5705.000000	5706.000000	0	0	noise	cluster_noise	0.0000
5215	Spectrogram 1	1	5705.750000	5707.250000	0	0	9	cluster_9	0.9990
5216	Spectrogram 1	1	5707.000000	5707.500000	0	0	noise	cluster_noise	0.0000
5217	Spectrogram 1	1	5707.250000	5708.500000	0	0	6	cluster_6	1.0000
5218	Spectrogram 1	1	5712.000000	5714.000000	0	0	9	cluster_9	1.0000
5219	Spectrogram 1	1	5713.750000	5715.500000	0	0	noise	cluster_noise	0.0000
5220	Spectrogram 1	1	5715.250000	5716.000000	0	0	12	cluster_12	0.9970
5221	Spectrogram 1	1	5715.750000	5716.500000	0	0	noise	cluster_noise	0.0000
5222	Spectrogram 1	1	5716.250000	5718.250000	0	0	9	cluster_9	1.0000
5223	Spectrogram 1	1	5718.000000	5720.750000	0	0	6	cluster_6	0.9345
5224	Spectrogram 1	1	5720.500000	5725.000000	0	0	noise	cluster_noise	0.0000
5225	Spectrogram 1	1	5724.750000	5725.250000	0	0	14	cluster_14	0.8606
5226	Spectrogram 1	1	5725.000000	5725.500000	0	0	noise	cluster_noise	0.0000
5227	Spectrogram 1	1	5725.250000	5726.250000	0	0	9	cluster_9	1.0000
5228	Spectrogram 1	1	5726.000000	5726.500000	0	0	noise	cluster_noise	0.0000
5229	Spectrogram 1	1	5726.250000	5727.000000	0	0	14	cluster_14	0.9400
5230	Spectrogram 1	1	5726.750000	5727.250000	0	0	noise	cluster_noise	0.0000
5231	Spectrogram 1	1	5727.000000	5728.000000	0	0	9	cluster_9	1.0000
5232	Spectrogram 1	1	5727.750000	5728.250000	0	0	14	cluster_14	0.7376
5233	Spectrogram 1	1	5728.000000	5728.500000	0	0	noise	cluster_noise	0.0000
5234	Spectrogram 1	1	5728.250000	5728.750000	0	0	14	cluster_14	0.7653
5235	Spectrogram 1	1	5728.500000	5729.000000	0	0	noise	cluster_noise	0.0000
5236	Spectrogram 1	1	5728.750000	5730.250000	0	0	9	cluster_9	1.0000
5237	Spectrogram 1	1	5730.000000	5733.000000	0	0	6	cluster_6	1.0000
5238	Spectrogram 1	1	5732.750000	5733.500000	0	0	9	cluster_9	0.9246
5239	Spectrogram 1	1	5736.000000	5736.500000	0	0	6	cluster_6	0.8607
5240	Spectrogram 1	1	5736.250000	5737.250000	0	0	noise	cluster_noise	0.0000
5241	Spectrogram 1	1	5737.000000	5737.500000	0	0	14	cluster_14	0.8091
5242	Spectrogram 1	1	5737.250000	5737.750000	0	0	noise	cluster_noise	0.0000
5243	Spectrogram 1	1	5737.500000	5738.500000	0	0	9	cluster_9	0.9293
5244	Spectrogram 1	1	5738.250000	5739.250000	0	0	noise	cluster_noise	0.0000
5245	Spectrogram 1	1	5739.000000	5739.500000	0	0	14	cluster_14	0.7994
5246	Spectrogram 1	1	5739.250000	5739.750000	0	0	noise	cluster_noise	0.0000
5247	Spectrogram 1	1	5739.500000	5740.500000	0	0	9	cluster_9	0.9612
5248	Spectrogram 1	1	5740.250000	5740.750000	0	0	noise	cluster_noise	0.0000
5249	Spectrogram 1	1	5740.500000	5741.000000	0	0	14	cluster_14	0.9393
5250	Spectrogram 1	1	5740.750000	5741.250000	0	0	noise	cluster_noise	0.0000
5251	Spectrogram 1	1	5741.000000	5741.500000	0	0	14	cluster_14	0.9432
5252	Spectrogram 1	1	5741.250000	5741.750000	0	0	noise	cluster_noise	0.0000
5253	Spectrogram 1	1	5741.500000	5742.250000	0	0	9	cluster_9	0.9531
5254	Spectrogram 1	1	5742.000000	5743.500000	0	0	noise	cluster_noise	0.0000
5255	Spectrogram 1	1	5743.250000	5745.000000	0	0	9	cluster_9	1.0000
5256	Spectrogram 1	1	5744.750000	5745.500000	0	0	noise	cluster_noise	0.0000
5257	Spectrogram 1	1	5745.250000	5748.500000	0	0	6	cluster_6	0.9754
5258	Spectrogram 1	1	5748.250000	5748.750000	0	0	noise	cluster_noise	0.0000
5259	Spectrogram 1	1	5748.500000	5749.750000	0	0	9	cluster_9	0.9433
5260	Spectrogram 1	1	5749.500000	5750.250000	0	0	noise	cluster_noise	0.0000
5261	Spectrogram 1	1	5750.000000	5751.000000	0	0	6	cluster_6	1.0000
5262	Spectrogram 1	1	5750.750000	5752.250000	0	0	9	cluster_9	0.9699
5263	Spectrogram 1	1	5752.000000	5752.500000	0	0	14	cluster_14	0.8283
5264	Spectrogram 1	1	5752.250000	5752.750000	0	0	noise	cluster_noise	0.0000
5265	Spectrogram 1	1	5752.500000	5753.000000	0	0	14	cluster_14	1.0000
5266	Spectrogram 1	1	5752.750000	5753.250000	0	0	noise	cluster_noise	0.0000
5267	Spectrogram 1	1	5753.000000	5754.000000	0	0	9	cluster_9	1.0000
5268	Spectrogram 1	1	5753.750000	5754.250000	0	0	noise	cluster_noise	0.0000
5269	Spectrogram 1	1	5754.000000	5754.500000	0	0	14	cluster_14	0.7806
5270	Spectrogram 1	1	5754.250000	5755.250000	0	0	noise	cluster_noise	0.0000
5271	Spectrogram 1	1	5755.000000	5756.000000	0	0	9	cluster_9	0.9529
5272	Spectrogram 1	1	5755.750000	5759.250000	0	0	noise	cluster_noise	0.0000
5273	Spectrogram 1	1	5759.000000	5760.500000	0	0	9	cluster_9	0.9712
5274	Spectrogram 1	1	5760.250000	5760.750000	0	0	noise	cluster_noise	0.0000
5275	Spectrogram 1	1	5760.500000	5763.750000	0	0	6	cluster_6	0.9769
5276	Spectrogram 1	1	5763.500000	5764.000000	0	0	noise	cluster_noise	0.0000
5277	Spectrogram 1	1	5763.750000	5765.000000	0	0	9	cluster_9	1.0000
5278	Spectrogram 1	1	5764.750000	5767.250000	0	0	6	cluster_6	0.9535
5279	Spectrogram 1	1	5767.000000	5767.500000	0	0	9	cluster_9	1.0000
5280	Spectrogram 1	1	5769.000000	5769.500000	0	0	14	cluster_14	0.7551
5281	Spectrogram 1	1	5769.250000	5770.250000	0	0	noise	cluster_noise	0.0000
5282	Spectrogram 1	1	5770.000000	5771.000000	0	0	9	cluster_9	0.9981
5283	Spectrogram 1	1	5770.750000	5771.250000	0	0	14	cluster_14	0.7637
5284	Spectrogram 1	1	5771.000000	5772.000000	0	0	noise	cluster_noise	0.0000
5285	Spectrogram 1	1	5771.750000	5773.000000	0	0	9	cluster_9	1.0000
5286	Spectrogram 1	1	5772.750000	5773.250000	0	0	14	cluster_14	0.7718
5287	Spectrogram 1	1	5773.000000	5773.750000	0	0	noise	cluster_noise	0.0000
5288	Spectrogram 1	1	5773.500000	5775.000000	0	0	9	cluster_9	0.9982
5289	Spectrogram 1	1	5774.750000	5777.500000	0	0	6	cluster_6	0.9953
5290	Spectrogram 1	1	5777.250000	5779.750000	0	0	9	cluster_9	0.9790
5291	Spectrogram 1	1	5779.500000	5781.000000	0	0	6	cluster_6	0.9682
5292	Spectrogram 1	1	5780.750000	5781.750000	0	0	9	cluster_9	1.0000
5293	Spectrogram 1	1	5781.500000	5782.000000	0	0	noise	cluster_noise	0.0000
5294	Spectrogram 1	1	5781.750000	5782.250000	0	0	14	cluster_14	0.7342
5295	Spectrogram 1	1	5782.000000	5782.750000	0	0	noise	cluster_noise	0.0000
5296	Spectrogram 1	1	5782.500000	5784.000000	0	0	9	cluster_9	0.9933
5297	Spectrogram 1	1	5783.750000	5784.750000	0	0	noise	cluster_noise	0.0000
5298	Spectrogram 1	1	5784.500000	5785.750000	0	0	9	cluster_9	1.0000
5299	Spectrogram 1	1	5785.500000	5786.000000	0	0	14	cluster_14	0.7816
5300	Spectrogram 1	1	5785.750000	5786.750000	0	0	noise	cluster_noise	0.0000
5301	Spectrogram 1	1	5786.500000	5787.500000	0	0	9	cluster_9	1.0000
5302	Spectrogram 1	1	5787.250000	5787.750000	0	0	14	cluster_14	0.7820
5303	Spectrogram 1	1	5787.500000	5788.500000	0	0	noise	cluster_noise	0.0000
5304	Spectrogram 1	1	5788.250000	5790.500000	0	0	9	cluster_9	0.9977
5305	Spectrogram 1	1	5790.250000	5792.750000	0	0	6	cluster_6	0.9973
5306	Spectrogram 1	1	5792.500000	5795.000000	0	0	9	cluster_9	0.9839
5307	Spectrogram 1	1	5794.750000	5795.250000	0	0	noise	cluster_noise	0.0000
5308	Spectrogram 1	1	5795.000000	5796.250000	0	0	6	cluster_6	0.9961
5309	Spectrogram 1	1	5796.000000	5797.250000	0	0	9	cluster_9	1.0000
5310	Spectrogram 1	1	5797.000000	5798.000000	0	0	noise	cluster_noise	0.0000
5311	Spectrogram 1	1	5797.750000	5799.250000	0	0	9	cluster_9	0.9659
5312	Spectrogram 1	1	5799.000000	5799.500000	0	0	noise	cluster_noise	0.0000
5313	Spectrogram 1	1	5800.000000	5801.500000	0	0	9	cluster_9	0.9672
5314	Spectrogram 1	1	5801.250000	5802.250000	0	0	noise	cluster_noise	0.0000
5315	Spectrogram 1	1	5802.000000	5803.250000	0	0	9	cluster_9	1.0000
5316	Spectrogram 1	1	5803.000000	5804.250000	0	0	noise	cluster_noise	0.0000
5317	Spectrogram 1	1	5804.000000	5805.000000	0	0	9	cluster_9	1.0000
5318	Spectrogram 1	1	5804.750000	5805.750000	0	0	noise	cluster_noise	0.0000
5319	Spectrogram 1	1	5805.500000	5808.000000	0	0	9	cluster_9	1.0000
5320	Spectrogram 1	1	5807.750000	5808.250000	0	0	noise	cluster_noise	0.0000
5321	Spectrogram 1	1	5808.000000	5808.500000	0	0	9	cluster_9	1.0000
5322	Spectrogram 1	1	5808.250000	5808.750000	0	0	noise	cluster_noise	0.0000
5323	Spectrogram 1	1	5808.500000	5811.000000	0	0	6	cluster_6	0.8869
5324	Spectrogram 1	1	5810.750000	5811.250000	0	0	noise	cluster_noise	0.0000
5325	Spectrogram 1	1	5811.000000	5814.500000	0	0	9	cluster_9	0.9451
5326	Spectrogram 1	1	5814.250000	5814.750000	0	0	noise	cluster_noise	0.0000
5327	Spectrogram 1	1	5814.500000	5818.250000	0	0	9	cluster_9	0.9491
5328	Spectrogram 1	1	5818.000000	5819.000000	0	0	noise	cluster_noise	0.0000
5329	Spectrogram 1	1	5818.750000	5820.000000	0	0	9	cluster_9	1.0000
5330	Spectrogram 1	1	5819.750000	5820.250000	0	0	noise	cluster_noise	0.0000
5331	Spectrogram 1	1	5820.000000	5820.500000	0	0	13	cluster_13	0.6279
5332	Spectrogram 1	1	5820.250000	5821.250000	0	0	9	cluster_9	0.9844
5333	Spectrogram 1	1	5821.000000	5821.500000	0	0	noise	cluster_noise	0.0000
5334	Spectrogram 1	1	5821.250000	5825.750000	0	0	9	cluster_9	0.9361
5335	Spectrogram 1	1	5825.500000	5826.500000	0	0	noise	cluster_noise	0.0000
5336	Spectrogram 1	1	5830.000000	5832.250000	0	0	9	cluster_9	0.8966
5337	Spectrogram 1	1	5832.000000	5833.000000	0	0	noise	cluster_noise	0.0000
5338	Spectrogram 1	1	5832.750000	5834.000000	0	0	9	cluster_9	0.9538
5339	Spectrogram 1	1	5833.750000	5834.500000	0	0	noise	cluster_noise	0.0000
5340	Spectrogram 1	1	5834.250000	5835.500000	0	0	9	cluster_9	0.9525
5341	Spectrogram 1	1	5835.250000	5835.750000	0	0	noise	cluster_noise	0.0000
5342	Spectrogram 1	1	5835.500000	5836.000000	0	0	9	cluster_9	0.8383
5343	Spectrogram 1	1	5835.750000	5836.250000	0	0	6	cluster_6	0.7035
5344	Spectrogram 1	1	5836.000000	5836.500000	0	0	noise	cluster_noise	0.0000
5345	Spectrogram 1	1	5836.250000	5838.500000	0	0	9	cluster_9	1.0000
5346	Spectrogram 1	1	5838.250000	5839.000000	0	0	6	cluster_6	0.8075
5347	Spectrogram 1	1	5838.750000	5839.500000	0	0	noise	cluster_noise	0.0000
5348	Spectrogram 1	1	5847.000000	5850.500000	0	0	9	cluster_9	0.9256
5349	Spectrogram 1	1	5850.250000	5851.000000	0	0	noise	cluster_noise	0.0000
5350	Spectrogram 1	1	5850.750000	5854.500000	0	0	9	cluster_9	0.9501
5351	Spectrogram 1	1	5854.250000	5855.500000	0	0	noise	cluster_noise	0.0000
5352	Spectrogram 1	1	5855.250000	5865.500000	0	0	9	cluster_9	1.0000
5353	Spectrogram 1	1	5865.250000	5865.750000	0	0	noise	cluster_noise	0.0000
5354	Spectrogram 1	1	5865.500000	5868.750000	0	0	9	cluster_9	0.9599
5355	Spectrogram 1	1	5868.500000	5869.500000	0	0	noise	cluster_noise	0.0000
5356	Spectrogram 1	1	5882.000000	5883.500000	0	0	9	cluster_9	0.8626
5357	Spectrogram 1	1	5883.250000	5885.250000	0	0	noise	cluster_noise	0.0000
5358	Spectrogram 1	1	5885.000000	5894.500000	0	0	9	cluster_9	0.9451
5359	Spectrogram 1	1	5894.250000	5894.750000	0	0	6	cluster_6	0.7310
5360	Spectrogram 1	1	5894.500000	5895.000000	0	0	noise	cluster_noise	0.0000
5361	Spectrogram 1	1	5894.750000	5934.750000	0	0	9	cluster_9	1.0000
5362	Spectrogram 1	1	5934.500000	5935.000000	0	0	noise	cluster_noise	0.0000
5363	Spectrogram 1	1	5934.750000	5935.500000	0	0	10	cluster_10	0.6062
5364	Spectrogram 1	1	5956.000000	5956.500000	0	0	9	cluster_9	1.0000
5365	Spectrogram 1	1	5956.250000	5957.250000	0	0	noise	cluster_noise	0.0000
5366	Spectrogram 1	1	5957.000000	5958.000000	0	0	1	cluster_1	0.8984
5367	Spectrogram 1	1	5957.750000	5958.750000	0	0	noise	cluster_noise	0.0000
5368	Spectrogram 1	1	5958.500000	5970.500000	0	0	9	cluster_9	1.0000
5369	Spectrogram 1	1	5970.250000	5971.000000	0	0	noise	cluster_noise	0.0000
5370	Spectrogram 1	1	5970.750000	5971.500000	0	0	9	cluster_9	1.0000
5371	Spectrogram 1	1	5971.250000	5971.750000	0	0	noise	cluster_noise	0.0000
5372	Spectrogram 1	1	5971.500000	5972.250000	0	0	10	cluster_10	0.6334
5373	Spectrogram 1	1	5972.000000	5972.500000	0	0	9	cluster_9	0.8484
5374	Spectrogram 1	1	5972.250000	5973.000000	0	0	8	cluster_8	0.9764
5375	Spectrogram 1	1	5972.750000	5973.500000	0	0	noise	cluster_noise	0.0000
5376	Spectrogram 1	1	5973.250000	5973.750000	0	0	9	cluster_9	0.7528
5377	Spectrogram 1	1	5973.500000	5974.000000	0	0	noise	cluster_noise	0.0000
5378	Spectrogram 1	1	5973.750000	5974.250000	0	0	8	cluster_8	0.8047
5379	Spectrogram 1	1	5974.000000	5975.500000	0	0	9	cluster_9	1.0000
5380	Spectrogram 1	1	5975.250000	5976.000000	0	0	10	cluster_10	0.5294
5381	Spectrogram 1	1	5975.750000	5976.500000	0	0	8	cluster_8	0.9346
5382	Spectrogram 1	1	5976.250000	5978.250000	0	0	9	cluster_9	1.0000
5383	Spectrogram 1	1	5978.000000	5978.500000	0	0	noise	cluster_noise	0.0000
5384	Spectrogram 1	1	5978.250000	5978.750000	0	0	10	cluster_10	0.4973
5385	Spectrogram 1	1	5978.500000	5979.000000	0	0	8	cluster_8	0.9314
5386	Spectrogram 1	1	5978.750000	5979.250000	0	0	9	cluster_9	0.8775
5387	Spectrogram 1	1	5979.000000	5979.500000	0	0	6	cluster_6	0.6700
5388	Spectrogram 1	1	5981.000000	5981.500000	0	0	8	cluster_8	0.9565
5389	Spectrogram 1	1	5981.250000	5982.000000	0	0	6	cluster_6	0.8542
5390	Spectrogram 1	1	5981.750000	5982.250000	0	0	9	cluster_9	0.8089
5391	Spectrogram 1	1	5982.000000	5982.500000	0	0	noise	cluster_noise	0.0000
5392	Spectrogram 1	1	5985.000000	5986.250000	0	0	3	cluster_3	0.9044
5393	Spectrogram 1	1	5986.000000	5986.500000	0	0	noise	cluster_noise	0.0000
5394	Spectrogram 1	1	5986.250000	5987.250000	0	0	9	cluster_9	0.9639
5395	Spectrogram 1	1	5987.000000	5988.250000	0	0	noise	cluster_noise	0.0000
5396	Spectrogram 1	1	5988.000000	5989.500000	0	0	3	cluster_3	0.7236
5397	Spectrogram 1	1	5989.250000	5990.500000	0	0	9	cluster_9	0.9385
5398	Spectrogram 1	1	5990.250000	5991.250000	0	0	3	cluster_3	0.8011
5399	Spectrogram 1	1	5991.000000	5992.250000	0	0	noise	cluster_noise	0.0000
5400	Spectrogram 1	1	5992.000000	5993.750000	0	0	3	cluster_3	0.8380
5401	Spectrogram 1	1	5993.500000	5994.250000	0	0	noise	cluster_noise	0.0000
5402	Spectrogram 1	1	5994.000000	5995.500000	0	0	9	cluster_9	1.0000
5403	Spectrogram 1	1	5995.250000	5996.250000	0	0	8	cluster_8	1.0000
5404	Spectrogram 1	1	5996.000000	5996.500000	0	0	9	cluster_9	1.0000
5405	Spectrogram 1	1	5996.250000	5996.750000	0	0	noise	cluster_noise	0.0000
5406	Spectrogram 1	1	5996.500000	5998.250000	0	0	9	cluster_9	1.0000
5407	Spectrogram 1	1	5998.000000	5998.750000	0	0	8	cluster_8	0.8365
5408	Spectrogram 1	1	5998.500000	5999.250000	0	0	noise	cluster_noise	0.0000
5409	Spectrogram 1	1	5999.000000	6001.000000	0	0	9	cluster_9	0.9998
5410	Spectrogram 1	1	6000.750000	6001.500000	0	0	8	cluster_8	0.9095
5411	Spectrogram 1	1	6003.000000	6003.500000	0	0	9	cluster_9	1.0000
5412	Spectrogram 1	1	6003.250000	6004.250000	0	0	8	cluster_8	0.9450
5413	Spectrogram 1	1	6004.000000	6005.250000	0	0	9	cluster_9	0.9956
5414	Spectrogram 1	1	6005.000000	6006.000000	0	0	noise	cluster_noise	0.0000
5415	Spectrogram 1	1	6005.750000	6006.500000	0	0	3	cluster_3	0.8756
5416	Spectrogram 1	1	6006.250000	6006.750000	0	0	noise	cluster_noise	0.0000
5417	Spectrogram 1	1	6006.500000	6007.750000	0	0	9	cluster_9	0.9663
5418	Spectrogram 1	1	6007.500000	6008.000000	0	0	noise	cluster_noise	0.0000
5419	Spectrogram 1	1	6007.750000	6009.500000	0	0	3	cluster_3	0.7934
5420	Spectrogram 1	1	6009.250000	6010.500000	0	0	9	cluster_9	0.9205
5421	Spectrogram 1	1	6010.250000	6011.250000	0	0	noise	cluster_noise	0.0000
5422	Spectrogram 1	1	6011.000000	6013.000000	0	0	3	cluster_3	0.9493
5423	Spectrogram 1	1	6012.750000	6013.500000	0	0	9	cluster_9	1.0000
5424	Spectrogram 1	1	6013.250000	6015.500000	0	0	3	cluster_3	0.9875
5425	Spectrogram 1	1	6017.000000	6018.000000	0	0	9	cluster_9	1.0000
5426	Spectrogram 1	1	6017.750000	6018.500000	0	0	8	cluster_8	1.0000
5427	Spectrogram 1	1	6020.000000	6020.500000	0	0	9	cluster_9	1.0000
5428	Spectrogram 1	1	6020.250000	6021.000000	0	0	noise	cluster_noise	0.0000
5429	Spectrogram 1	1	6020.750000	6022.500000	0	0	8	cluster_8	0.9469
5430	Spectrogram 1	1	6022.250000	6023.750000	0	0	9	cluster_9	0.9736
5431	Spectrogram 1	1	6023.500000	6025.000000	0	0	8	cluster_8	0.9607
5432	Spectrogram 1	1	6024.750000	6025.500000	0	0	noise	cluster_noise	0.0000
5433	Spectrogram 1	1	6025.250000	6027.000000	0	0	9	cluster_9	0.9981
5434	Spectrogram 1	1	6026.750000	6028.500000	0	0	8	cluster_8	0.9998
5435	Spectrogram 1	1	6028.250000	6028.750000	0	0	noise	cluster_noise	0.0000
5436	Spectrogram 1	1	6028.500000	6030.000000	0	0	9	cluster_9	0.9906
5437	Spectrogram 1	1	6029.750000	6031.000000	0	0	8	cluster_8	0.9834
5438	Spectrogram 1	1	6030.750000	6031.500000	0	0	noise	cluster_noise	0.0000
5439	Spectrogram 1	1	6033.000000	6034.000000	0	0	8	cluster_8	1.0000
5440	Spectrogram 1	1	6033.750000	6034.500000	0	0	noise	cluster_noise	0.0000
5441	Spectrogram 1	1	6034.250000	6035.250000	0	0	9	cluster_9	1.0000
5442	Spectrogram 1	1	6035.000000	6035.500000	0	0	noise	cluster_noise	0.0000
5443	Spectrogram 1	1	6035.250000	6036.750000	0	0	8	cluster_8	0.9292
5444	Spectrogram 1	1	6036.500000	6037.000000	0	0	noise	cluster_noise	0.0000
5445	Spectrogram 1	1	6036.750000	6038.500000	0	0	9	cluster_9	0.9725
5446	Spectrogram 1	1	6038.250000	6040.000000	0	0	8	cluster_8	0.9674
5447	Spectrogram 1	1	6039.750000	6041.750000	0	0	9	cluster_9	1.0000
5448	Spectrogram 1	1	6041.500000	6042.500000	0	0	8	cluster_8	0.9780
5449	Spectrogram 1	1	6042.250000	6042.750000	0	0	noise	cluster_noise	0.0000
5450	Spectrogram 1	1	6042.500000	6043.000000	0	0	9	cluster_9	0.8171
5451	Spectrogram 1	1	6042.750000	6043.500000	0	0	noise	cluster_noise	0.0000
5452	Spectrogram 1	1	6113.000000	6113.500000	0	0	9	cluster_9	1.0000
5453	Spectrogram 1	1	6113.250000	6116.000000	0	0	6	cluster_6	0.9627
5454	Spectrogram 1	1	6115.750000	6116.250000	0	0	noise	cluster_noise	0.0000
5455	Spectrogram 1	1	6116.000000	6117.250000	0	0	9	cluster_9	1.0000
5456	Spectrogram 1	1	6117.000000	6117.500000	0	0	noise	cluster_noise	0.0000
5457	Spectrogram 1	1	6127.000000	6129.000000	0	0	6	cluster_6	0.9734
5458	Spectrogram 1	1	6128.750000	6129.250000	0	0	noise	cluster_noise	0.0000
5459	Spectrogram 1	1	6129.000000	6130.250000	0	0	9	cluster_9	1.0000
5460	Spectrogram 1	1	6130.000000	6132.500000	0	0	8	cluster_8	0.9557
5461	Spectrogram 1	1	6142.000000	6142.500000	0	0	6	cluster_6	1.0000
5462	Spectrogram 1	1	6142.250000	6143.500000	0	0	9	cluster_9	0.9643
5463	Spectrogram 1	1	6143.250000	6145.000000	0	0	8	cluster_8	1.0000
5464	Spectrogram 1	1	6144.750000	6145.250000	0	0	9	cluster_9	1.0000
5465	Spectrogram 1	1	6145.000000	6145.750000	0	0	noise	cluster_noise	0.0000
5466	Spectrogram 1	1	6145.500000	6146.750000	0	0	9	cluster_9	0.9839
5467	Spectrogram 1	1	6146.500000	6147.000000	0	0	6	cluster_6	0.9111
5468	Spectrogram 1	1	6146.750000	6147.500000	0	0	0	cluster_0	0.7056
5469	Spectrogram 1	1	6153.000000	6155.000000	0	0	6	cluster_6	1.0000
5470	Spectrogram 1	1	6154.750000	6155.500000	0	0	noise	cluster_noise	0.0000
5471	Spectrogram 1	1	6155.250000	6156.250000	0	0	9	cluster_9	1.0000
5472	Spectrogram 1	1	6156.000000	6158.000000	0	0	8	cluster_8	0.9700
5473	Spectrogram 1	1	6157.750000	6158.250000	0	0	noise	cluster_noise	0.0000
5474	Spectrogram 1	1	6158.000000	6159.750000	0	0	9	cluster_9	1.0000
5475	Spectrogram 1	1	6159.500000	6160.000000	0	0	6	cluster_6	1.0000
5476	Spectrogram 1	1	6159.750000	6160.500000	0	0	0	cluster_0	0.7939
5477	Spectrogram 1	1	6166.000000	6166.750000	0	0	9	cluster_9	0.8975
5478	Spectrogram 1	1	6166.500000	6167.000000	0	0	noise	cluster_noise	0.0000
5479	Spectrogram 1	1	6166.750000	6168.500000	0	0	8	cluster_8	1.0000
5480	Spectrogram 1	1	6168.250000	6170.250000	0	0	9	cluster_9	0.9935
5481	Spectrogram 1	1	6170.000000	6170.750000	0	0	noise	cluster_noise	0.0000
5482	Spectrogram 1	1	6170.500000	6171.250000	0	0	6	cluster_6	0.8607
5483	Spectrogram 1	1	6171.000000	6172.750000	0	0	0	cluster_0	0.8653
5484	Spectrogram 1	1	6172.500000	6174.500000	0	0	9	cluster_9	1.0000
5485	Spectrogram 1	1	6174.250000	6175.000000	0	0	noise	cluster_noise	0.0000
5486	Spectrogram 1	1	6174.750000	6177.000000	0	0	6	cluster_6	0.9597
5487	Spectrogram 1	1	6176.750000	6177.500000	0	0	8	cluster_8	0.9525
5488	Spectrogram 1	1	6180.000000	6181.500000	0	0	9	cluster_9	0.9370
5489	Spectrogram 1	1	6181.250000	6182.000000	0	0	noise	cluster_noise	0.0000
5490	Spectrogram 1	1	6181.750000	6182.750000	0	0	12	cluster_12	1.0000
5491	Spectrogram 1	1	6182.500000	6183.000000	0	0	noise	cluster_noise	0.0000
5492	Spectrogram 1	1	6182.750000	6183.500000	0	0	6	cluster_6	0.9235
5493	Spectrogram 1	1	6183.250000	6184.000000	0	0	noise	cluster_noise	0.0000
5494	Spectrogram 1	1	6183.750000	6185.750000	0	0	9	cluster_9	0.9898
5495	Spectrogram 1	1	6185.500000	6186.000000	0	0	noise	cluster_noise	0.0000
5496	Spectrogram 1	1	6185.750000	6188.250000	0	0	6	cluster_6	0.9192
5497	Spectrogram 1	1	6188.000000	6188.500000	0	0	9	cluster_9	1.0000
5498	Spectrogram 1	1	6188.250000	6189.750000	0	0	8	cluster_8	0.9982
5499	Spectrogram 1	1	6189.500000	6190.500000	0	0	9	cluster_9	0.9741
5500	Spectrogram 1	1	6193.000000	6193.500000	0	0	11	cluster_11	0.7254
5501	Spectrogram 1	1	6193.250000	6194.000000	0	0	12	cluster_12	1.0000
5502	Spectrogram 1	1	6193.750000	6194.250000	0	0	14	cluster_14	0.7612
5503	Spectrogram 1	1	6194.000000	6194.500000	0	0	6	cluster_6	1.0000
5504	Spectrogram 1	1	6194.250000	6194.750000	0	0	9	cluster_9	0.8699
5505	Spectrogram 1	1	6194.500000	6195.500000	0	0	noise	cluster_noise	0.0000
5506	Spectrogram 1	1	6195.250000	6197.000000	0	0	9	cluster_9	0.9586
5507	Spectrogram 1	1	6196.750000	6199.250000	0	0	6	cluster_6	0.9331
5508	Spectrogram 1	1	6199.000000	6199.500000	0	0	9	cluster_9	0.9207
5509	Spectrogram 1	1	6199.250000	6201.000000	0	0	8	cluster_8	0.9089
5510	Spectrogram 1	1	6200.750000	6203.750000	0	0	9	cluster_9	0.9975
5511	Spectrogram 1	1	6203.500000	6204.500000	0	0	noise	cluster_noise	0.0000
5512	Spectrogram 1	1	6206.000000	6208.250000	0	0	9	cluster_9	0.9679
5513	Spectrogram 1	1	6208.000000	6208.500000	0	0	noise	cluster_noise	0.0000
5514	Spectrogram 1	1	6208.250000	6210.750000	0	0	6	cluster_6	0.9755
5515	Spectrogram 1	1	6210.500000	6211.000000	0	0	noise	cluster_noise	0.0000
5516	Spectrogram 1	1	6210.750000	6212.000000	0	0	8	cluster_8	0.9808
5517	Spectrogram 1	1	6211.750000	6215.000000	0	0	9	cluster_9	0.9927
5518	Spectrogram 1	1	6214.750000	6216.250000	0	0	noise	cluster_noise	0.0000
5519	Spectrogram 1	1	6216.000000	6216.750000	0	0	12	cluster_12	1.0000
5520	Spectrogram 1	1	6216.500000	6219.500000	0	0	noise	cluster_noise	0.0000
5521	Spectrogram 1	1	6219.250000	6221.750000	0	0	6	cluster_6	0.9664
5522	Spectrogram 1	1	6221.500000	6222.000000	0	0	9	cluster_9	1.0000
5523	Spectrogram 1	1	6221.750000	6223.000000	0	0	8	cluster_8	1.0000
5524	Spectrogram 1	1	6222.750000	6225.750000	0	0	9	cluster_9	0.9807
5525	Spectrogram 1	1	6225.500000	6227.000000	0	0	noise	cluster_noise	0.0000
5526	Spectrogram 1	1	6226.750000	6227.500000	0	0	12	cluster_12	1.0000
5527	Spectrogram 1	1	6227.250000	6228.500000	0	0	noise	cluster_noise	0.0000
5528	Spectrogram 1	1	6230.000000	6230.500000	0	0	9	cluster_9	0.7563
5529	Spectrogram 1	1	6230.250000	6232.500000	0	0	6	cluster_6	0.9860
5530	Spectrogram 1	1	6232.250000	6232.750000	0	0	noise	cluster_noise	0.0000
5531	Spectrogram 1	1	6232.500000	6233.000000	0	0	9	cluster_9	0.8012
5532	Spectrogram 1	1	6232.750000	6234.000000	0	0	8	cluster_8	0.9948
5533	Spectrogram 1	1	6233.750000	6234.500000	0	0	noise	cluster_noise	0.0000
5534	Spectrogram 1	1	6234.250000	6236.750000	0	0	9	cluster_9	0.9982
5535	Spectrogram 1	1	6236.500000	6238.250000	0	0	noise	cluster_noise	0.0000
5536	Spectrogram 1	1	6238.000000	6238.500000	0	0	12	cluster_12	1.0000
5537	Spectrogram 1	1	6238.250000	6238.750000	0	0	5	cluster_5	1.0000
5538	Spectrogram 1	1	6238.500000	6239.500000	0	0	noise	cluster_noise	0.0000
5539	Spectrogram 1	1	6241.000000	6243.750000	0	0	6	cluster_6	0.9342
5540	Spectrogram 1	1	6243.500000	6245.000000	0	0	8	cluster_8	0.9761
5541	Spectrogram 1	1	6244.750000	6245.250000	0	0	noise	cluster_noise	0.0000
5542	Spectrogram 1	1	6245.000000	6248.000000	0	0	9	cluster_9	0.9536
5543	Spectrogram 1	1	6247.750000	6248.500000	0	0	noise	cluster_noise	0.0000
5544	Spectrogram 1	1	6248.250000	6249.500000	0	0	12	cluster_12	0.9980
5545	Spectrogram 1	1	6249.250000	6250.250000	0	0	noise	cluster_noise	0.0000
5546	Spectrogram 1	1	6250.000000	6250.500000	0	0	9	cluster_9	0.8031
5547	Spectrogram 1	1	6252.000000	6254.750000	0	0	6	cluster_6	0.9839
5548	Spectrogram 1	1	6254.500000	6255.000000	0	0	9	cluster_9	0.9060
5549	Spectrogram 1	1	6254.750000	6256.000000	0	0	8	cluster_8	0.9280
5550	Spectrogram 1	1	6255.750000	6258.750000	0	0	9	cluster_9	0.9634
5551	Spectrogram 1	1	6258.500000	6259.500000	0	0	noise	cluster_noise	0.0000
5552	Spectrogram 1	1	6259.250000	6260.000000	0	0	12	cluster_12	1.0000
5553	Spectrogram 1	1	6259.750000	6261.000000	0	0	noise	cluster_noise	0.0000
5554	Spectrogram 1	1	6260.750000	6261.250000	0	0	9	cluster_9	0.7547
5555	Spectrogram 1	1	6261.000000	6261.500000	0	0	noise	cluster_noise	0.0000
5556	Spectrogram 1	1	6264.000000	6265.750000	0	0	6	cluster_6	1.0000
5557	Spectrogram 1	1	6265.500000	6266.000000	0	0	9	cluster_9	1.0000
5558	Spectrogram 1	1	6265.750000	6267.000000	0	0	8	cluster_8	1.0000
5559	Spectrogram 1	1	6266.750000	6267.500000	0	0	noise	cluster_noise	0.0000
5560	Spectrogram 1	1	6267.250000	6267.750000	0	0	9	cluster_9	0.9661
5561	Spectrogram 1	1	6267.500000	6268.000000	0	0	noise	cluster_noise	0.0000
5562	Spectrogram 1	1	6267.750000	6270.000000	0	0	9	cluster_9	0.9407
5563	Spectrogram 1	1	6269.750000	6270.250000	0	0	noise	cluster_noise	0.0000
5564	Spectrogram 1	1	6270.000000	6271.750000	0	0	12	cluster_12	0.9947
5565	Spectrogram 1	1	6271.500000	6272.750000	0	0	noise	cluster_noise	0.0000
5566	Spectrogram 1	1	6272.500000	6273.500000	0	0	9	cluster_9	1.0000
5567	Spectrogram 1	1	6276.000000	6276.750000	0	0	6	cluster_6	1.0000
5568	Spectrogram 1	1	6276.500000	6278.000000	0	0	8	cluster_8	0.9893
5569	Spectrogram 1	1	6277.750000	6281.000000	0	0	9	cluster_9	0.9812
5570	Spectrogram 1	1	6280.750000	6281.500000	0	0	noise	cluster_noise	0.0000
5571	Spectrogram 1	1	6281.250000	6282.750000	0	0	12	cluster_12	0.9912
5572	Spectrogram 1	1	6282.500000	6283.000000	0	0	noise	cluster_noise	0.0000
5573	Spectrogram 1	1	6282.750000	6283.250000	0	0	6	cluster_6	1.0000
5574	Spectrogram 1	1	6283.000000	6284.000000	0	0	noise	cluster_noise	0.0000
5575	Spectrogram 1	1	6283.750000	6284.500000	0	0	9	cluster_9	0.9709
5576	Spectrogram 1	1	6287.000000	6287.750000	0	0	6	cluster_6	0.8624
5577	Spectrogram 1	1	6287.500000	6289.000000	0	0	8	cluster_8	0.9646
5578	Spectrogram 1	1	6288.750000	6289.250000	0	0	noise	cluster_noise	0.0000
5579	Spectrogram 1	1	6289.000000	6291.750000	0	0	9	cluster_9	0.9651
5580	Spectrogram 1	1	6291.500000	6292.500000	0	0	noise	cluster_noise	0.0000
5581	Spectrogram 1	1	6292.250000	6293.750000	0	0	12	cluster_12	1.0000
5582	Spectrogram 1	1	6293.500000	6294.000000	0	0	noise	cluster_noise	0.0000
5583	Spectrogram 1	1	6293.750000	6294.250000	0	0	6	cluster_6	0.7418
5584	Spectrogram 1	1	6294.000000	6296.250000	0	0	9	cluster_9	0.9953
5585	Spectrogram 1	1	6296.000000	6296.500000	0	0	noise	cluster_noise	0.0000
5586	Spectrogram 1	1	6297.000000	6298.750000	0	0	6	cluster_6	0.9730
5587	Spectrogram 1	1	6298.500000	6299.500000	0	0	noise	cluster_noise	0.0000
5588	Spectrogram 1	1	6299.250000	6299.750000	0	0	9	cluster_9	1.0000
5589	Spectrogram 1	1	6299.500000	6300.000000	0	0	noise	cluster_noise	0.0000
5590	Spectrogram 1	1	6299.750000	6300.250000	0	0	9	cluster_9	0.9214
5591	Spectrogram 1	1	6300.000000	6301.250000	0	0	noise	cluster_noise	0.0000
5592	Spectrogram 1	1	6301.000000	6302.000000	0	0	9	cluster_9	0.9744
5593	Spectrogram 1	1	6301.750000	6303.000000	0	0	noise	cluster_noise	0.0000
5594	Spectrogram 1	1	6302.750000	6303.500000	0	0	9	cluster_9	0.9577
5595	Spectrogram 1	1	6303.250000	6303.750000	0	0	noise	cluster_noise	0.0000
5596	Spectrogram 1	1	6303.500000	6304.250000	0	0	14	cluster_14	0.9727
5597	Spectrogram 1	1	6304.000000	6304.500000	0	0	noise	cluster_noise	0.0000
5598	Spectrogram 1	1	6304.250000	6304.750000	0	0	9	cluster_9	0.8477
5599	Spectrogram 1	1	6304.500000	6305.250000	0	0	noise	cluster_noise	0.0000
5600	Spectrogram 1	1	6305.000000	6306.000000	0	0	14	cluster_14	0.8530
5601	Spectrogram 1	1	6305.750000	6306.250000	0	0	9	cluster_9	0.8417
5602	Spectrogram 1	1	6306.000000	6306.500000	0	0	noise	cluster_noise	0.0000
5603	Spectrogram 1	1	6308.000000	6310.000000	0	0	6	cluster_6	1.0000
5604	Spectrogram 1	1	6309.750000	6310.250000	0	0	noise	cluster_noise	0.0000
5605	Spectrogram 1	1	6310.000000	6311.250000	0	0	9	cluster_9	0.9909
5606	Spectrogram 1	1	6311.000000	6311.500000	0	0	noise	cluster_noise	0.0000
5607	Spectrogram 1	1	6311.250000	6312.750000	0	0	6	cluster_6	0.9348
5608	Spectrogram 1	1	6312.500000	6313.000000	0	0	9	cluster_9	1.0000
5609	Spectrogram 1	1	6312.750000	6313.500000	0	0	noise	cluster_noise	0.0000
5610	Spectrogram 1	1	6313.250000	6314.000000	0	0	9	cluster_9	0.8623
5611	Spectrogram 1	1	6313.750000	6314.500000	0	0	14	cluster_14	0.9123
5612	Spectrogram 1	1	6314.250000	6314.750000	0	0	noise	cluster_noise	0.0000
5613	Spectrogram 1	1	6314.500000	6315.000000	0	0	9	cluster_9	0.7677
5614	Spectrogram 1	1	6314.750000	6315.250000	0	0	noise	cluster_noise	0.0000
5615	Spectrogram 1	1	6315.000000	6316.000000	0	0	9	cluster_9	0.9648
5616	Spectrogram 1	1	6315.750000	6316.500000	0	0	14	cluster_14	0.9403
5617	Spectrogram 1	1	6316.250000	6317.500000	0	0	noise	cluster_noise	0.0000
5618	Spectrogram 1	1	6319.000000	6320.000000	0	0	14	cluster_14	0.8941
5619	Spectrogram 1	1	6319.750000	6320.750000	0	0	noise	cluster_noise	0.0000
5620	Spectrogram 1	1	6320.500000	6321.500000	0	0	9	cluster_9	0.8678
5621	Spectrogram 1	1	6321.250000	6321.750000	0	0	noise	cluster_noise	0.0000
5622	Spectrogram 1	1	6321.500000	6324.250000	0	0	6	cluster_6	0.9982
5623	Spectrogram 1	1	6324.000000	6324.500000	0	0	noise	cluster_noise	0.0000
5624	Spectrogram 1	1	6324.250000	6326.000000	0	0	9	cluster_9	0.9501
5625	Spectrogram 1	1	6325.750000	6327.250000	0	0	6	cluster_6	0.9802
5626	Spectrogram 1	1	6327.000000	6328.000000	0	0	noise	cluster_noise	0.0000
5627	Spectrogram 1	1	6327.750000	6328.250000	0	0	9	cluster_9	1.0000
5628	Spectrogram 1	1	6328.000000	6328.500000	0	0	noise	cluster_noise	0.0000
5629	Spectrogram 1	1	6328.250000	6329.000000	0	0	14	cluster_14	0.9150
5630	Spectrogram 1	1	6328.750000	6329.500000	0	0	noise	cluster_noise	0.0000
5631	Spectrogram 1	1	6330.000000	6330.500000	0	0	9	cluster_9	0.9811
5632	Spectrogram 1	1	6330.250000	6331.000000	0	0	14	cluster_14	0.9617
5633	Spectrogram 1	1	6330.750000	6331.250000	0	0	10	cluster_10	0.5367
5634	Spectrogram 1	1	6331.000000	6331.750000	0	0	noise	cluster_noise	0.0000
5635	Spectrogram 1	1	6331.500000	6332.500000	0	0	9	cluster_9	0.8953
5636	Spectrogram 1	1	6332.250000	6333.000000	0	0	14	cluster_14	0.9526
5637	Spectrogram 1	1	6332.750000	6334.000000	0	0	noise	cluster_noise	0.0000
5638	Spectrogram 1	1	6333.750000	6334.250000	0	0	14	cluster_14	0.8475
5639	Spectrogram 1	1	6334.000000	6334.500000	0	0	noise	cluster_noise	0.0000
5640	Spectrogram 1	1	6334.250000	6334.750000	0	0	14	cluster_14	1.0000
5641	Spectrogram 1	1	6334.500000	6335.500000	0	0	noise	cluster_noise	0.0000
5642	Spectrogram 1	1	6335.250000	6336.250000	0	0	9	cluster_9	0.8918
5643	Spectrogram 1	1	6336.000000	6336.500000	0	0	noise	cluster_noise	0.0000
5644	Spectrogram 1	1	6336.250000	6339.250000	0	0	6	cluster_6	0.9722
5645	Spectrogram 1	1	6339.000000	6339.500000	0	0	noise	cluster_noise	0.0000
5646	Spectrogram 1	1	6339.250000	6340.500000	0	0	9	cluster_9	1.0000
5647	Spectrogram 1	1	6341.000000	6342.500000	0	0	6	cluster_6	0.8678
5648	Spectrogram 1	1	6342.250000	6343.250000	0	0	noise	cluster_noise	0.0000
5649	Spectrogram 1	1	6343.000000	6343.750000	0	0	14	cluster_14	0.9387
5650	Spectrogram 1	1	6343.500000	6344.000000	0	0	10	cluster_10	0.5027
5651	Spectrogram 1	1	6343.750000	6344.500000	0	0	noise	cluster_noise	0.0000
5652	Spectrogram 1	1	6344.250000	6345.250000	0	0	9	cluster_9	0.9492
5653	Spectrogram 1	1	6345.000000	6345.750000	0	0	noise	cluster_noise	0.0000
5654	Spectrogram 1	1	6345.500000	6346.000000	0	0	10	cluster_10	0.6069
5655	Spectrogram 1	1	6345.750000	6346.750000	0	0	9	cluster_9	0.8185
5656	Spectrogram 1	1	6346.500000	6347.250000	0	0	noise	cluster_noise	0.0000
5657	Spectrogram 1	1	6347.000000	6347.500000	0	0	14	cluster_14	0.7855
5658	Spectrogram 1	1	6347.250000	6347.750000	0	0	9	cluster_9	0.8219
5659	Spectrogram 1	1	6347.500000	6348.250000	0	0	noise	cluster_noise	0.0000
5660	Spectrogram 1	1	6348.000000	6348.500000	0	0	9	cluster_9	1.0000
5661	Spectrogram 1	1	6348.250000	6349.250000	0	0	noise	cluster_noise	0.0000
5662	Spectrogram 1	1	6349.000000	6350.750000	0	0	9	cluster_9	0.9621
5663	Spectrogram 1	1	6350.500000	6351.500000	0	0	6	cluster_6	0.9706
5664	Spectrogram 1	1	6353.000000	6353.500000	0	0	noise	cluster_noise	0.0000
5665	Spectrogram 1	1	6353.250000	6353.750000	0	0	2	cluster_2	0.7475
5666	Spectrogram 1	1	6353.500000	6356.250000	0	0	9	cluster_9	0.9427
5667	Spectrogram 1	1	6356.000000	6357.250000	0	0	noise	cluster_noise	0.0000
5668	Spectrogram 1	1	6357.000000	6357.750000	0	0	9	cluster_9	0.8973
5669	Spectrogram 1	1	6357.500000	6358.250000	0	0	noise	cluster_noise	0.0000
5670	Spectrogram 1	1	6358.000000	6359.250000	0	0	9	cluster_9	0.9588
5671	Spectrogram 1	1	6359.000000	6359.500000	0	0	noise	cluster_noise	0.0000
5672	Spectrogram 1	1	6359.250000	6359.750000	0	0	9	cluster_9	0.9373
5673	Spectrogram 1	1	6359.500000	6360.750000	0	0	noise	cluster_noise	0.0000
5674	Spectrogram 1	1	6360.500000	6361.000000	0	0	7	cluster_7	0.6473
5675	Spectrogram 1	1	6360.750000	6361.250000	0	0	noise	cluster_noise	0.0000
5676	Spectrogram 1	1	6361.000000	6363.000000	0	0	9	cluster_9	0.9924
5677	Spectrogram 1	1	6362.750000	6364.750000	0	0	6	cluster_6	1.0000
5678	Spectrogram 1	1	6364.500000	6365.000000	0	0	noise	cluster_noise	0.0000
5679	Spectrogram 1	1	6364.750000	6365.250000	0	0	2	cluster_2	0.8315
5680	Spectrogram 1	1	6365.000000	6368.000000	0	0	9	cluster_9	0.9217
5681	Spectrogram 1	1	6367.750000	6368.250000	0	0	noise	cluster_noise	0.0000
5682	Spectrogram 1	1	6368.000000	6368.750000	0	0	9	cluster_9	0.9787
5683	Spectrogram 1	1	6368.500000	6369.000000	0	0	noise	cluster_noise	0.0000
5684	Spectrogram 1	1	6368.750000	6369.500000	0	0	9	cluster_9	0.9023
5685	Spectrogram 1	1	6369.250000	6370.000000	0	0	noise	cluster_noise	0.0000
5686	Spectrogram 1	1	6369.750000	6370.250000	0	0	8	cluster_8	0.8674
5687	Spectrogram 1	1	6370.000000	6373.250000	0	0	7	cluster_7	0.8634
5688	Spectrogram 1	1	6373.000000	6375.000000	0	0	9	cluster_9	1.0000
5689	Spectrogram 1	1	6374.750000	6377.250000	0	0	6	cluster_6	0.9599
5690	Spectrogram 1	1	6377.000000	6377.500000	0	0	noise	cluster_noise	0.0000
5691	Spectrogram 1	1	6377.250000	6382.500000	0	0	9	cluster_9	0.9650
5692	Spectrogram 1	1	6382.250000	6383.250000	0	0	noise	cluster_noise	0.0000
5693	Spectrogram 1	1	6383.000000	6384.250000	0	0	5	cluster_5	0.9830
5694	Spectrogram 1	1	6384.000000	6384.500000	0	0	noise	cluster_noise	0.0000
5695	Spectrogram 1	1	6384.250000	6386.500000	0	0	9	cluster_9	0.9992
5696	Spectrogram 1	1	6386.250000	6386.750000	0	0	noise	cluster_noise	0.0000
5697	Spectrogram 1	1	6386.500000	6388.500000	0	0	6	cluster_6	1.0000
5698	Spectrogram 1	1	6388.250000	6388.750000	0	0	noise	cluster_noise	0.0000
5699	Spectrogram 1	1	6388.500000	6389.000000	0	0	2	cluster_2	0.7414
5700	Spectrogram 1	1	6388.750000	6394.250000	0	0	9	cluster_9	0.9634
5701	Spectrogram 1	1	6394.000000	6394.500000	0	0	8	cluster_8	0.8915
5702	Spectrogram 1	1	6394.250000	6394.750000	0	0	noise	cluster_noise	0.0000
5703	Spectrogram 1	1	6394.500000	6395.000000	0	0	5	cluster_5	0.9516
5704	Spectrogram 1	1	6394.750000	6396.000000	0	0	noise	cluster_noise	0.0000
5705	Spectrogram 1	1	6395.750000	6398.000000	0	0	9	cluster_9	0.9562
5706	Spectrogram 1	1	6397.750000	6400.750000	0	0	6	cluster_6	0.9479
5707	Spectrogram 1	1	6400.500000	6401.000000	0	0	noise	cluster_noise	0.0000
5708	Spectrogram 1	1	6400.750000	6403.250000	0	0	9	cluster_9	0.9524
5709	Spectrogram 1	1	6403.000000	6403.750000	0	0	noise	cluster_noise	0.0000
5710	Spectrogram 1	1	6403.500000	6404.500000	0	0	1	cluster_1	0.7687
5711	Spectrogram 1	1	6404.250000	6405.250000	0	0	noise	cluster_noise	0.0000
5712	Spectrogram 1	1	6405.000000	6405.500000	0	0	6	cluster_6	0.8472
5713	Spectrogram 1	1	6405.250000	6405.750000	0	0	2	cluster_2	0.7714
5714	Spectrogram 1	1	6405.500000	6408.250000	0	0	9	cluster_9	0.8986
5715	Spectrogram 1	1	6408.000000	6410.500000	0	0	1	cluster_1	0.7035
5716	Spectrogram 1	1	6410.250000	6411.000000	0	0	noise	cluster_noise	0.0000
5717	Spectrogram 1	1	6410.750000	6411.250000	0	0	9	cluster_9	1.0000
5718	Spectrogram 1	1	6411.000000	6411.500000	0	0	noise	cluster_noise	0.0000
5719	Spectrogram 1	1	6411.250000	6412.000000	0	0	9	cluster_9	0.9500
5720	Spectrogram 1	1	6411.750000	6412.250000	0	0	noise	cluster_noise	0.0000
5721	Spectrogram 1	1	6412.000000	6412.500000	0	0	10	cluster_10	0.4859
5722	Spectrogram 1	1	6412.250000	6412.750000	0	0	noise	cluster_noise	0.0000
5723	Spectrogram 1	1	6412.500000	6414.250000	0	0	9	cluster_9	0.8783
5724	Spectrogram 1	1	6414.000000	6414.750000	0	0	noise	cluster_noise	0.0000
5725	Spectrogram 1	1	6414.500000	6415.000000	0	0	10	cluster_10	0.6168
5726	Spectrogram 1	1	6414.750000	6417.000000	0	0	9	cluster_9	0.9188
5727	Spectrogram 1	1	6416.750000	6418.500000	0	0	1	cluster_1	0.9500
5728	Spectrogram 1	1	6424.000000	6424.500000	0	0	noise	cluster_noise	0.0000
5729	Spectrogram 1	1	6424.250000	6425.250000	0	0	9	cluster_9	0.9684
5730	Spectrogram 1	1	6425.000000	6425.500000	0	0	noise	cluster_noise	0.0000
5731	Spectrogram 1	1	6425.250000	6425.750000	0	0	10	cluster_10	1.0000
5732	Spectrogram 1	1	6425.500000	6426.000000	0	0	noise	cluster_noise	0.0000
5733	Spectrogram 1	1	6425.750000	6426.750000	0	0	9	cluster_9	0.9170
5734	Spectrogram 1	1	6426.500000	6427.000000	0	0	noise	cluster_noise	0.0000
5735	Spectrogram 1	1	6426.750000	6427.500000	0	0	9	cluster_9	0.9530
5736	Spectrogram 1	1	6427.250000	6427.750000	0	0	noise	cluster_noise	0.0000
5737	Spectrogram 1	1	6427.500000	6428.250000	0	0	10	cluster_10	0.8393
5738	Spectrogram 1	1	6428.000000	6428.500000	0	0	9	cluster_9	1.0000
5739	Spectrogram 1	1	6428.250000	6428.750000	0	0	noise	cluster_noise	0.0000
5740	Spectrogram 1	1	6428.500000	6437.750000	0	0	9	cluster_9	0.9615
5741	Spectrogram 1	1	6437.500000	6438.250000	0	0	10	cluster_10	0.5716
5742	Spectrogram 1	1	6438.000000	6438.500000	0	0	8	cluster_8	0.8121
5743	Spectrogram 1	1	6438.250000	6439.750000	0	0	9	cluster_9	0.9212
5744	Spectrogram 1	1	6439.500000	6440.000000	0	0	noise	cluster_noise	0.0000
5745	Spectrogram 1	1	6439.750000	6440.500000	0	0	10	cluster_10	0.6160
5746	Spectrogram 1	1	6440.250000	6441.750000	0	0	9	cluster_9	0.9409
5747	Spectrogram 1	1	6441.500000	6442.000000	0	0	noise	cluster_noise	0.0000
5748	Spectrogram 1	1	6441.750000	6442.500000	0	0	10	cluster_10	0.6223
5749	Spectrogram 1	1	6448.000000	6449.750000	0	0	1	cluster_1	0.9491
5750	Spectrogram 1	1	6449.500000	6450.250000	0	0	noise	cluster_noise	0.0000
5751	Spectrogram 1	1	6450.000000	6451.250000	0	0	9	cluster_9	0.9374
5752	Spectrogram 1	1	6451.000000	6451.750000	0	0	10	cluster_10	0.6033
5753	Spectrogram 1	1	6451.500000	6452.250000	0	0	noise	cluster_noise	0.0000
5754	Spectrogram 1	1	6452.000000	6460.750000	0	0	9	cluster_9	0.8571
5755	Spectrogram 1	1	6460.500000	6462.000000	0	0	1	cluster_1	0.8621
5756	Spectrogram 1	1	6461.750000	6462.500000	0	0	noise	cluster_noise	0.0000
5757	Spectrogram 1	1	6462.250000	6464.500000	0	0	9	cluster_9	0.9496
5758	Spectrogram 1	1	6464.250000	6464.750000	0	0	noise	cluster_noise	0.0000
5759	Spectrogram 1	1	6464.500000	6465.750000	0	0	1	cluster_1	0.9417
5760	Spectrogram 1	1	6465.500000	6466.000000	0	0	noise	cluster_noise	0.0000
5761	Spectrogram 1	1	6465.750000	6466.500000	0	0	9	cluster_9	0.9876
5762	Spectrogram 1	1	6467.000000	6467.500000	0	0	10	cluster_10	0.6082
5763	Spectrogram 1	1	6467.250000	6467.750000	0	0	8	cluster_8	1.0000
5764	Spectrogram 1	1	6467.500000	6468.750000	0	0	9	cluster_9	0.9535
5765	Spectrogram 1	1	6468.500000	6469.000000	0	0	noise	cluster_noise	0.0000
5766	Spectrogram 1	1	6468.750000	6469.500000	0	0	10	cluster_10	0.6064
5767	Spectrogram 1	1	6469.250000	6469.750000	0	0	8	cluster_8	0.8739
5768	Spectrogram 1	1	6469.500000	6470.250000	0	0	9	cluster_9	0.8265
5769	Spectrogram 1	1	6470.000000	6470.500000	0	0	noise	cluster_noise	0.0000
5770	Spectrogram 1	1	6473.000000	6473.750000	0	0	8	cluster_8	1.0000
5771	Spectrogram 1	1	6473.500000	6474.000000	0	0	noise	cluster_noise	0.0000
5772	Spectrogram 1	1	6473.750000	6474.250000	0	0	9	cluster_9	1.0000
5773	Spectrogram 1	1	6474.000000	6474.750000	0	0	noise	cluster_noise	0.0000
5774	Spectrogram 1	1	6474.500000	6475.000000	0	0	9	cluster_9	1.0000
5775	Spectrogram 1	1	6474.750000	6475.500000	0	0	noise	cluster_noise	0.0000
5776	Spectrogram 1	1	6475.250000	6476.000000	0	0	9	cluster_9	1.0000
5777	Spectrogram 1	1	6475.750000	6476.500000	0	0	noise	cluster_noise	0.0000
5778	Spectrogram 1	1	6476.250000	6476.750000	0	0	8	cluster_8	0.9669
5779	Spectrogram 1	1	6476.500000	6477.250000	0	0	noise	cluster_noise	0.0000
5780	Spectrogram 1	1	6477.000000	6477.500000	0	0	8	cluster_8	0.8888
5781	Spectrogram 1	1	6477.250000	6479.500000	0	0	9	cluster_9	0.9807
5782	Spectrogram 1	1	6479.250000	6479.750000	0	0	noise	cluster_noise	0.0000
5783	Spectrogram 1	1	6479.500000	6480.250000	0	0	1	cluster_1	0.4760
5784	Spectrogram 1	1	6480.000000	6480.500000	0	0	noise	cluster_noise	0.0000
5785	Spectrogram 1	1	6487.000000	6488.000000	0	0	9	cluster_9	0.9496
5786	Spectrogram 1	1	6487.750000	6488.250000	0	0	noise	cluster_noise	0.0000
5787	Spectrogram 1	1	6488.000000	6488.750000	0	0	8	cluster_8	1.0000
5788	Spectrogram 1	1	6488.500000	6489.750000	0	0	9	cluster_9	0.9431
5789	Spectrogram 1	1	6489.500000	6491.000000	0	0	noise	cluster_noise	0.0000
5790	Spectrogram 1	1	6490.750000	6491.500000	0	0	9	cluster_9	0.8984
5791	Spectrogram 1	1	6491.250000	6491.750000	0	0	noise	cluster_noise	0.0000
5792	Spectrogram 1	1	6491.500000	6492.250000	0	0	8	cluster_8	1.0000
5793	Spectrogram 1	1	6492.000000	6492.750000	0	0	noise	cluster_noise	0.0000
5794	Spectrogram 1	1	6492.500000	6493.250000	0	0	9	cluster_9	0.9588
5795	Spectrogram 1	1	6493.000000	6493.500000	0	0	noise	cluster_noise	0.0000
5796	Spectrogram 1	1	6498.000000	6498.750000	0	0	9	cluster_9	1.0000
5797	Spectrogram 1	1	6498.500000	6499.500000	0	0	8	cluster_8	0.9483
5798	Spectrogram 1	1	6499.250000	6499.750000	0	0	noise	cluster_noise	0.0000
5799	Spectrogram 1	1	6499.500000	6501.500000	0	0	9	cluster_9	0.9823
5800	Spectrogram 1	1	6501.250000	6502.250000	0	0	8	cluster_8	0.9747
5801	Spectrogram 1	1	6502.000000	6504.000000	0	0	9	cluster_9	0.9762
5802	Spectrogram 1	1	6503.750000	6504.250000	0	0	noise	cluster_noise	0.0000
5803	Spectrogram 1	1	6504.000000	6504.750000	0	0	8	cluster_8	1.0000
5804	Spectrogram 1	1	6504.500000	6512.750000	0	0	9	cluster_9	0.9448
5805	Spectrogram 1	1	6512.500000	6514.000000	0	0	noise	cluster_noise	0.0000
5806	Spectrogram 1	1	6513.750000	6515.250000	0	0	9	cluster_9	0.9879
5807	Spectrogram 1	1	6515.000000	6516.000000	0	0	8	cluster_8	0.9890
5808	Spectrogram 1	1	6515.750000	6521.000000	0	0	9	cluster_9	0.9520
5809	Spectrogram 1	1	6520.750000	6521.750000	0	0	8	cluster_8	0.9805
5810	Spectrogram 1	1	6521.500000	6523.000000	0	0	9	cluster_9	0.9521
5811	Spectrogram 1	1	6522.750000	6524.250000	0	0	noise	cluster_noise	0.0000
5812	Spectrogram 1	1	6524.000000	6524.500000	0	0	9	cluster_9	0.9412
5813	Spectrogram 1	1	6526.000000	6529.500000	0	0	noise	cluster_noise	0.0000
5814	Spectrogram 1	1	6529.250000	6532.500000	0	0	9	cluster_9	0.9816
5815	Spectrogram 1	1	6532.250000	6532.750000	0	0	noise	cluster_noise	0.0000
5816	Spectrogram 1	1	6532.500000	6533.000000	0	0	8	cluster_8	0.8733
5817	Spectrogram 1	1	6532.750000	6533.250000	0	0	noise	cluster_noise	0.0000
5818	Spectrogram 1	1	6533.000000	6535.500000	0	0	9	cluster_9	0.9801
5819	Spectrogram 1	1	6536.000000	6537.000000	0	0	noise	cluster_noise	0.0000
5820	Spectrogram 1	1	6536.750000	6537.500000	0	0	9	cluster_9	1.0000
5821	Spectrogram 1	1	6544.000000	6546.500000	0	0	noise	cluster_noise	0.0000
5822	Spectrogram 1	1	6548.000000	6549.750000	0	0	9	cluster_9	0.8875
5823	Spectrogram 1	1	6549.500000	6550.000000	0	0	noise	cluster_noise	0.0000
5824	Spectrogram 1	1	6549.750000	6551.750000	0	0	9	cluster_9	0.9313
5825	Spectrogram 1	1	6551.500000	6552.500000	0	0	8	cluster_8	0.9873
5826	Spectrogram 1	1	6552.250000	6682.000000	0	0	9	cluster_9	0.9965
5827	Spectrogram 1	1	6681.750000	6682.250000	0	0	8	cluster_8	0.7806
5828	Spectrogram 1	1	6682.000000	6682.500000	0	0	noise	cluster_noise	0.0000
5829	Spectrogram 1	1	6682.250000	6683.000000	0	0	2	cluster_2	0.8952
5830	Spectrogram 1	1	6682.750000	6684.750000	0	0	9	cluster_9	0.9687
5831	Spectrogram 1	1	6684.500000	6685.500000	0	0	8	cluster_8	0.9495
5832	Spectrogram 1	1	6700.000000	6701.000000	0	0	9	cluster_9	1.0000
5833	Spectrogram 1	1	6700.750000	6701.250000	0	0	noise	cluster_noise	0.0000
5834	Spectrogram 1	1	6701.000000	6702.500000	0	0	0	cluster_0	0.9504
5835	Spectrogram 1	1	6702.250000	6703.000000	0	0	9	cluster_9	1.0000
5836	Spectrogram 1	1	6702.750000	6703.250000	0	0	noise	cluster_noise	0.0000
5837	Spectrogram 1	1	6703.000000	6703.750000	0	0	9	cluster_9	1.0000
5838	Spectrogram 1	1	6703.500000	6704.500000	0	0	0	cluster_0	0.8124
5839	Spectrogram 1	1	6712.000000	6714.250000	0	0	9	cluster_9	0.9727
5840	Spectrogram 1	1	6714.000000	6715.750000	0	0	0	cluster_0	0.8616
5841	Spectrogram 1	1	6715.500000	6716.750000	0	0	9	cluster_9	1.0000
5842	Spectrogram 1	1	6716.500000	6717.000000	0	0	noise	cluster_noise	0.0000
5843	Spectrogram 1	1	6716.750000	6718.000000	0	0	0	cluster_0	0.9570
5844	Spectrogram 1	1	6717.750000	6719.750000	0	0	9	cluster_9	1.0000
5845	Spectrogram 1	1	6719.500000	6720.000000	0	0	noise	cluster_noise	0.0000
5846	Spectrogram 1	1	6719.750000	6721.750000	0	0	6	cluster_6	0.9837
5847	Spectrogram 1	1	6721.500000	6722.250000	0	0	2	cluster_2	0.7775
5848	Spectrogram 1	1	6722.000000	6727.000000	0	0	9	cluster_9	0.9960
5849	Spectrogram 1	1	6726.750000	6727.250000	0	0	noise	cluster_noise	0.0000
5850	Spectrogram 1	1	6727.000000	6728.500000	0	0	0	cluster_0	0.9152
5851	Spectrogram 1	1	6728.250000	6729.500000	0	0	9	cluster_9	0.9647
5852	Spectrogram 1	1	6729.250000	6729.750000	0	0	6	cluster_6	0.8495
5853	Spectrogram 1	1	6729.500000	6731.000000	0	0	0	cluster_0	0.9001
5854	Spectrogram 1	1	6730.750000	6740.000000	0	0	9	cluster_9	0.9504
5855	Spectrogram 1	1	6739.750000	6740.250000	0	0	noise	cluster_noise	0.0000
5856	Spectrogram 1	1	6740.000000	6740.500000	0	0	6	cluster_6	0.8752
5857	Spectrogram 1	1	6740.250000	6741.500000	0	0	0	cluster_0	0.9365
5858	Spectrogram 1	1	6741.250000	6742.750000	0	0	9	cluster_9	0.9477
5859	Spectrogram 1	1	6742.500000	6743.000000	0	0	6	cluster_6	1.0000
5860	Spectrogram 1	1	6742.750000	6743.750000	0	0	0	cluster_0	0.9419
5861	Spectrogram 1	1	6743.500000	6744.000000	0	0	8	cluster_8	0.9960
5862	Spectrogram 1	1	6743.750000	6746.250000	0	0	9	cluster_9	1.0000
5863	Spectrogram 1	1	6746.000000	6748.000000	0	0	6	cluster_6	0.9582
5864	Spectrogram 1	1	6747.750000	6748.500000	0	0	noise	cluster_noise	0.0000
5865	Spectrogram 1	1	6748.250000	6749.250000	0	0	9	cluster_9	1.0000
5866	Spectrogram 1	1	6749.000000	6750.500000	0	0	8	cluster_8	0.9526
5867	Spectrogram 1	1	6752.000000	6752.750000	0	0	9	cluster_9	1.0000
5868	Spectrogram 1	1	6752.500000	6753.000000	0	0	noise	cluster_noise	0.0000
5869	Spectrogram 1	1	6752.750000	6753.250000	0	0	6	cluster_6	1.0000
5870	Spectrogram 1	1	6753.000000	6754.250000	0	0	0	cluster_0	0.9016
5871	Spectrogram 1	1	6754.000000	6756.750000	0	0	9	cluster_9	0.9633
5872	Spectrogram 1	1	6756.500000	6757.000000	0	0	noise	cluster_noise	0.0000
5873	Spectrogram 1	1	6756.750000	6757.500000	0	0	6	cluster_6	0.9491
5874	Spectrogram 1	1	6757.250000	6757.750000	0	0	noise	cluster_noise	0.0000
5875	Spectrogram 1	1	6757.500000	6758.750000	0	0	6	cluster_6	0.9049
5876	Spectrogram 1	1	6758.500000	6759.000000	0	0	2	cluster_2	0.9278
5877	Spectrogram 1	1	6758.750000	6759.500000	0	0	9	cluster_9	1.0000
5878	Spectrogram 1	1	6760.000000	6761.500000	0	0	8	cluster_8	0.9162
5879	Spectrogram 1	1	6766.000000	6766.500000	0	0	noise	cluster_noise	0.0000
5880	Spectrogram 1	1	6766.250000	6767.750000	0	0	9	cluster_9	0.9931
5881	Spectrogram 1	1	6767.500000	6769.750000	0	0	6	cluster_6	0.8786
5882	Spectrogram 1	1	6769.500000	6770.500000	0	0	noise	cluster_noise	0.0000
5883	Spectrogram 1	1	6770.250000	6770.750000	0	0	9	cluster_9	0.8041
5884	Spectrogram 1	1	6770.500000	6771.000000	0	0	noise	cluster_noise	0.0000
5885	Spectrogram 1	1	6770.750000	6772.500000	0	0	8	cluster_8	0.9377
5886	Spectrogram 1	1	6772.250000	6774.750000	0	0	9	cluster_9	0.9904
5887	Spectrogram 1	1	6774.500000	6775.750000	0	0	noise	cluster_noise	0.0000
5888	Spectrogram 1	1	6775.500000	6776.000000	0	0	6	cluster_6	0.7820
5889	Spectrogram 1	1	6775.750000	6776.250000	0	0	2	cluster_2	0.9447
5890	Spectrogram 1	1	6776.000000	6776.500000	0	0	9	cluster_9	0.9209
5891	Spectrogram 1	1	6779.000000	6780.250000	0	0	6	cluster_6	0.9947
5892	Spectrogram 1	1	6780.000000	6780.500000	0	0	9	cluster_9	1.0000
5893	Spectrogram 1	1	6780.250000	6780.750000	0	0	2	cluster_2	0.9147
5894	Spectrogram 1	1	6780.500000	6781.250000	0	0	9	cluster_9	0.8651
5895	Spectrogram 1	1	6781.000000	6781.500000	0	0	noise	cluster_noise	0.0000
5896	Spectrogram 1	1	6781.250000	6781.750000	0	0	9	cluster_9	0.8011
5897	Spectrogram 1	1	6781.500000	6782.000000	0	0	noise	cluster_noise	0.0000
5898	Spectrogram 1	1	6781.750000	6782.250000	0	0	8	cluster_8	0.8812
5899	Spectrogram 1	1	6782.000000	6782.500000	0	0	noise	cluster_noise	0.0000
5900	Spectrogram 1	1	6782.250000	6783.000000	0	0	8	cluster_8	0.8339
5901	Spectrogram 1	1	6782.750000	6785.750000	0	0	9	cluster_9	1.0000
5902	Spectrogram 1	1	6785.500000	6786.000000	0	0	noise	cluster_noise	0.0000
5903	Spectrogram 1	1	6785.750000	6786.750000	0	0	12	cluster_12	1.0000
5904	Spectrogram 1	1	6786.500000	6787.250000	0	0	noise	cluster_noise	0.0000
5905	Spectrogram 1	1	6787.000000	6787.500000	0	0	6	cluster_6	0.9560
5906	Spectrogram 1	1	6787.250000	6787.750000	0	0	noise	cluster_noise	0.0000
5907	Spectrogram 1	1	6787.500000	6790.000000	0	0	9	cluster_9	0.9619
5908	Spectrogram 1	1	6789.750000	6790.250000	0	0	noise	cluster_noise	0.0000
5909	Spectrogram 1	1	6790.000000	6790.500000	0	0	6	cluster_6	0.8897
5910	Spectrogram 1	1	6792.000000	6792.750000	0	0	noise	cluster_noise	0.0000
5911	Spectrogram 1	1	6792.500000	6793.750000	0	0	8	cluster_8	0.9600
5912	Spectrogram 1	1	6793.500000	6796.750000	0	0	9	cluster_9	1.0000
5913	Spectrogram 1	1	6796.500000	6797.250000	0	0	noise	cluster_noise	0.0000
5914	Spectrogram 1	1	6797.000000	6797.500000	0	0	12	cluster_12	1.0000
5915	Spectrogram 1	1	6797.250000	6797.750000	0	0	noise	cluster_noise	0.0000
5916	Spectrogram 1	1	6797.500000	6799.000000	0	0	6	cluster_6	0.7499
5917	Spectrogram 1	1	6798.750000	6799.250000	0	0	2	cluster_2	1.0000
5918	Spectrogram 1	1	6799.000000	6801.250000	0	0	9	cluster_9	1.0000
5919	Spectrogram 1	1	6801.000000	6801.500000	0	0	noise	cluster_noise	0.0000
5920	Spectrogram 1	1	6801.250000	6802.750000	0	0	6	cluster_6	0.9688
5921	Spectrogram 1	1	6802.500000	6803.250000	0	0	noise	cluster_noise	0.0000
5922	Spectrogram 1	1	6803.000000	6807.250000	0	0	9	cluster_9	0.9812
5923	Spectrogram 1	1	6807.000000	6807.750000	0	0	noise	cluster_noise	0.0000
5924	Spectrogram 1	1	6807.500000	6808.000000	0	0	9	cluster_9	0.7940
5925	Spectrogram 1	1	6807.750000	6808.250000	0	0	noise	cluster_noise	0.0000
5926	Spectrogram 1	1	6808.000000	6809.750000	0	0	12	cluster_12	1.0000
5927	Spectrogram 1	1	6809.500000	6810.000000	0	0	noise	cluster_noise	0.0000
5928	Spectrogram 1	1	6809.750000	6812.750000	0	0	9	cluster_9	0.9668
5929	Spectrogram 1	1	6812.500000	6813.000000	0	0	noise	cluster_noise	0.0000
5930	Spectrogram 1	1	6812.750000	6814.750000	0	0	6	cluster_6	0.9914
5931	Spectrogram 1	1	6814.500000	6815.250000	0	0	noise	cluster_noise	0.0000
5932	Spectrogram 1	1	6815.000000	6815.500000	0	0	8	cluster_8	0.7968
5933	Spectrogram 1	1	6815.250000	6815.750000	0	0	noise	cluster_noise	0.0000
5934	Spectrogram 1	1	6815.500000	6816.000000	0	0	8	cluster_8	0.9680
5935	Spectrogram 1	1	6815.750000	6816.250000	0	0	noise	cluster_noise	0.0000
5936	Spectrogram 1	1	6816.000000	6819.250000	0	0	9	cluster_9	0.9878
5937	Spectrogram 1	1	6819.000000	6819.500000	0	0	noise	cluster_noise	0.0000
5938	Spectrogram 1	1	6819.250000	6820.750000	0	0	12	cluster_12	1.0000
5939	Spectrogram 1	1	6820.500000	6821.250000	0	0	noise	cluster_noise	0.0000
5940	Spectrogram 1	1	6821.000000	6823.250000	0	0	9	cluster_9	0.9900
5941	Spectrogram 1	1	6823.000000	6823.750000	0	0	noise	cluster_noise	0.0000
5942	Spectrogram 1	1	6823.500000	6825.750000	0	0	6	cluster_6	0.9957
5943	Spectrogram 1	1	6825.500000	6826.250000	0	0	9	cluster_9	0.8920
5944	Spectrogram 1	1	6826.000000	6826.500000	0	0	noise	cluster_noise	0.0000
5945	Spectrogram 1	1	6826.250000	6827.250000	0	0	8	cluster_8	0.8697
5946	Spectrogram 1	1	6827.000000	6830.250000	0	0	9	cluster_9	1.0000
5947	Spectrogram 1	1	6830.000000	6830.750000	0	0	noise	cluster_noise	0.0000
5948	Spectrogram 1	1	6830.500000	6832.000000	0	0	12	cluster_12	1.0000
5949	Spectrogram 1	1	6831.750000	6832.250000	0	0	noise	cluster_noise	0.0000
5950	Spectrogram 1	1	6832.000000	6834.500000	0	0	9	cluster_9	0.9715
5951	Spectrogram 1	1	6834.250000	6834.750000	0	0	noise	cluster_noise	0.0000
5952	Spectrogram 1	1	6834.500000	6837.000000	0	0	6	cluster_6	0.9797
5953	Spectrogram 1	1	6836.750000	6837.250000	0	0	noise	cluster_noise	0.0000
5954	Spectrogram 1	1	6837.000000	6838.000000	0	0	8	cluster_8	0.9113
5955	Spectrogram 1	1	6837.750000	6838.250000	0	0	noise	cluster_noise	0.0000
5956	Spectrogram 1	1	6838.000000	6841.250000	0	0	9	cluster_9	0.9973
5957	Spectrogram 1	1	6841.000000	6841.750000	0	0	noise	cluster_noise	0.0000
5958	Spectrogram 1	1	6841.500000	6842.750000	0	0	12	cluster_12	1.0000
5959	Spectrogram 1	1	6842.500000	6843.250000	0	0	noise	cluster_noise	0.0000
5960	Spectrogram 1	1	6843.000000	6843.500000	0	0	2	cluster_2	0.7987
5961	Spectrogram 1	1	6843.250000	6845.500000	0	0	9	cluster_9	0.9735
5962	Spectrogram 1	1	6845.250000	6845.750000	0	0	noise	cluster_noise	0.0000
5963	Spectrogram 1	1	6845.500000	6848.000000	0	0	6	cluster_6	0.9544
5964	Spectrogram 1	1	6847.750000	6848.250000	0	0	2	cluster_2	0.8279
5965	Spectrogram 1	1	6848.000000	6848.500000	0	0	9	cluster_9	0.9337
5966	Spectrogram 1	1	6848.250000	6848.750000	0	0	noise	cluster_noise	0.0000
5967	Spectrogram 1	1	6848.500000	6849.000000	0	0	9	cluster_9	0.9174
5968	Spectrogram 1	1	6848.750000	6849.250000	0	0	noise	cluster_noise	0.0000
5969	Spectrogram 1	1	6849.000000	6849.500000	0	0	9	cluster_9	1.0000
5970	Spectrogram 1	1	6852.000000	6852.750000	0	0	noise	cluster_noise	0.0000
5971	Spectrogram 1	1	6852.500000	6853.750000	0	0	12	cluster_12	1.0000
5972	Spectrogram 1	1	6853.500000	6854.250000	0	0	noise	cluster_noise	0.0000
5973	Spectrogram 1	1	6854.000000	6854.500000	0	0	2	cluster_2	0.8762
5974	Spectrogram 1	1	6854.250000	6854.750000	0	0	noise	cluster_noise	0.0000
5975	Spectrogram 1	1	6854.500000	6856.500000	0	0	9	cluster_9	0.9492
5976	Spectrogram 1	1	6856.250000	6856.750000	0	0	6	cluster_6	0.8846
5977	Spectrogram 1	1	6856.500000	6857.000000	0	0	noise	cluster_noise	0.0000
5978	Spectrogram 1	1	6856.750000	6858.750000	0	0	6	cluster_6	0.9053
5979	Spectrogram 1	1	6858.500000	6859.250000	0	0	2	cluster_2	0.8845
5980	Spectrogram 1	1	6859.000000	6860.250000	0	0	8	cluster_8	0.9193
5981	Spectrogram 1	1	6860.000000	6863.500000	0	0	noise	cluster_noise	0.0000
5982	Spectrogram 1	1	6863.250000	6864.500000	0	0	12	cluster_12	1.0000
5983	Spectrogram 1	1	6864.250000	6865.000000	0	0	noise	cluster_noise	0.0000
5984	Spectrogram 1	1	6864.750000	6867.000000	0	0	9	cluster_9	0.9875
5985	Spectrogram 1	1	6866.750000	6867.250000	0	0	noise	cluster_noise	0.0000
5986	Spectrogram 1	1	6867.000000	6869.250000	0	0	6	cluster_6	0.9325
5987	Spectrogram 1	1	6869.000000	6869.500000	0	0	noise	cluster_noise	0.0000
5988	Spectrogram 1	1	6869.250000	6869.750000	0	0	9	cluster_9	1.0000
5989	Spectrogram 1	1	6869.500000	6870.000000	0	0	8	cluster_8	0.8614
5990	Spectrogram 1	1	6869.750000	6870.250000	0	0	noise	cluster_noise	0.0000
5991	Spectrogram 1	1	6870.000000	6871.000000	0	0	8	cluster_8	0.9571
5992	Spectrogram 1	1	6870.750000	6872.500000	0	0	9	cluster_9	0.9732
5993	Spectrogram 1	1	6874.000000	6875.000000	0	0	12	cluster_12	1.0000
5994	Spectrogram 1	1	6874.750000	6875.750000	0	0	noise	cluster_noise	0.0000
5995	Spectrogram 1	1	6875.500000	6876.250000	0	0	9	cluster_9	0.9800
5996	Spectrogram 1	1	6876.000000	6876.500000	0	0	noise	cluster_noise	0.0000
5997	Spectrogram 1	1	6876.250000	6877.250000	0	0	9	cluster_9	1.0000
5998	Spectrogram 1	1	6877.000000	6878.000000	0	0	noise	cluster_noise	0.0000
5999	Spectrogram 1	1	6877.750000	6879.750000	0	0	6	cluster_6	0.9664
6000	Spectrogram 1	1	6879.500000	6880.000000	0	0	noise	cluster_noise	0.0000
6001	Spectrogram 1	1	6879.750000	6880.250000	0	0	2	cluster_2	1.0000
6002	Spectrogram 1	1	6880.000000	6880.750000	0	0	noise	cluster_noise	0.0000
6003	Spectrogram 1	1	6880.500000	6881.750000	0	0	9	cluster_9	0.9709
6004	Spectrogram 1	1	6881.500000	6882.250000	0	0	8	cluster_8	0.9751
6005	Spectrogram 1	1	6882.000000	6883.000000	0	0	9	cluster_9	1.0000
6006	Spectrogram 1	1	6882.750000	6883.500000	0	0	noise	cluster_noise	0.0000
6007	Spectrogram 1	1	6887.000000	6887.500000	0	0	9	cluster_9	1.0000
6008	Spectrogram 1	1	6887.250000	6889.500000	0	0	6	cluster_6	0.9365
6009	Spectrogram 1	1	6889.250000	6890.250000	0	0	2	cluster_2	0.9155
6010	Spectrogram 1	1	6890.000000	6890.750000	0	0	9	cluster_9	0.8849
6011	Spectrogram 1	1	6890.500000	6891.500000	0	0	noise	cluster_noise	0.0000
6012	Spectrogram 1	1	6891.250000	6893.250000	0	0	6	cluster_6	0.9342
6013	Spectrogram 1	1	6893.000000	6893.500000	0	0	2	cluster_2	0.7813
6014	Spectrogram 1	1	6893.250000	6894.000000	0	0	9	cluster_9	0.9226
6015	Spectrogram 1	1	6893.750000	6894.750000	0	0	noise	cluster_noise	0.0000
6016	Spectrogram 1	1	6894.500000	6895.500000	0	0	9	cluster_9	0.9318
6017	Spectrogram 1	1	6896.000000	6896.500000	0	0	14	cluster_14	0.7800
6018	Spectrogram 1	1	6896.250000	6896.750000	0	0	10	cluster_10	0.6266
6019	Spectrogram 1	1	6896.500000	6897.000000	0	0	9	cluster_9	0.8491
6020	Spectrogram 1	1	6896.750000	6898.250000	0	0	noise	cluster_noise	0.0000
6021	Spectrogram 1	1	6898.000000	6899.000000	0	0	9	cluster_9	1.0000
6022	Spectrogram 1	1	6898.750000	6900.000000	0	0	noise	cluster_noise	0.0000
6023	Spectrogram 1	1	6899.750000	6901.250000	0	0	9	cluster_9	1.0000
6024	Spectrogram 1	1	6901.000000	6903.750000	0	0	6	cluster_6	0.9845
6025	Spectrogram 1	1	6903.500000	6904.000000	0	0	noise	cluster_noise	0.0000
6026	Spectrogram 1	1	6903.750000	6904.250000	0	0	2	cluster_2	1.0000
6027	Spectrogram 1	1	6904.000000	6909.750000	0	0	9	cluster_9	0.9393
6028	Spectrogram 1	1	6909.500000	6910.750000	0	0	noise	cluster_noise	0.0000
6029	Spectrogram 1	1	6910.500000	6911.250000	0	0	9	cluster_9	1.0000
6030	Spectrogram 1	1	6911.000000	6912.250000	0	0	noise	cluster_noise	0.0000
6031	Spectrogram 1	1	6912.000000	6912.750000	0	0	9	cluster_9	1.0000
6032	Spectrogram 1	1	6912.500000	6913.750000	0	0	noise	cluster_noise	0.0000
6033	Spectrogram 1	1	6913.500000	6914.250000	0	0	9	cluster_9	1.0000
6034	Spectrogram 1	1	6914.000000	6915.250000	0	0	noise	cluster_noise	0.0000
6035	Spectrogram 1	1	6915.000000	6916.500000	0	0	9	cluster_9	1.0000
6036	Spectrogram 1	1	6916.250000	6917.500000	0	0	6	cluster_6	0.9760
6037	Spectrogram 1	1	6919.000000	6921.000000	0	0	9	cluster_9	0.9395
6038	Spectrogram 1	1	6920.750000	6921.750000	0	0	noise	cluster_noise	0.0000
6039	Spectrogram 1	1	6921.500000	6922.750000	0	0	9	cluster_9	0.9688
6040	Spectrogram 1	1	6922.500000	6923.750000	0	0	noise	cluster_noise	0.0000
6041	Spectrogram 1	1	6923.500000	6924.250000	0	0	9	cluster_9	1.0000
6042	Spectrogram 1	1	6924.000000	6925.250000	0	0	noise	cluster_noise	0.0000
6043	Spectrogram 1	1	6925.000000	6926.000000	0	0	9	cluster_9	0.9623
6044	Spectrogram 1	1	6925.750000	6926.750000	0	0	noise	cluster_noise	0.0000
6045	Spectrogram 1	1	6926.500000	6927.250000	0	0	9	cluster_9	1.0000
6046	Spectrogram 1	1	6927.000000	6928.000000	0	0	noise	cluster_noise	0.0000
6047	Spectrogram 1	1	6927.750000	6928.500000	0	0	9	cluster_9	0.9805
6048	Spectrogram 1	1	6929.000000	6929.500000	0	0	noise	cluster_noise	0.0000
6049	Spectrogram 1	1	6929.250000	6930.750000	0	0	9	cluster_9	1.0000
6050	Spectrogram 1	1	6930.500000	6933.000000	0	0	6	cluster_6	0.9682
6051	Spectrogram 1	1	6932.750000	6933.250000	0	0	noise	cluster_noise	0.0000
6052	Spectrogram 1	1	6933.000000	6933.500000	0	0	2	cluster_2	0.9855
6053	Spectrogram 1	1	6933.250000	6935.500000	0	0	9	cluster_9	1.0000
6054	Spectrogram 1	1	6935.250000	6936.250000	0	0	noise	cluster_noise	0.0000
6055	Spectrogram 1	1	6936.000000	6937.250000	0	0	9	cluster_9	0.9622
6056	Spectrogram 1	1	6937.000000	6938.000000	0	0	noise	cluster_noise	0.0000
6057	Spectrogram 1	1	6937.750000	6938.750000	0	0	9	cluster_9	1.0000
6058	Spectrogram 1	1	6938.500000	6941.000000	0	0	noise	cluster_noise	0.0000
6059	Spectrogram 1	1	6940.750000	6941.250000	0	0	9	cluster_9	1.0000
6060	Spectrogram 1	1	6941.000000	6942.000000	0	0	noise	cluster_noise	0.0000
6061	Spectrogram 1	1	6941.750000	6942.750000	0	0	9	cluster_9	0.9686
6062	Spectrogram 1	1	6942.500000	6943.500000	0	0	noise	cluster_noise	0.0000
6063	Spectrogram 1	1	6943.250000	6945.000000	0	0	9	cluster_9	1.0000
6064	Spectrogram 1	1	6944.750000	6947.500000	0	0	6	cluster_6	0.9525
6065	Spectrogram 1	1	6947.250000	6948.000000	0	0	2	cluster_2	0.9818
6066	Spectrogram 1	1	6947.750000	6950.000000	0	0	9	cluster_9	0.9976
6067	Spectrogram 1	1	6949.750000	6951.000000	0	0	noise	cluster_noise	0.0000
6068	Spectrogram 1	1	6950.750000	6951.250000	0	0	9	cluster_9	0.8712
6069	Spectrogram 1	1	6951.000000	6951.500000	0	0	noise	cluster_noise	0.0000
6070	Spectrogram 1	1	6951.250000	6952.000000	0	0	9	cluster_9	1.0000
6071	Spectrogram 1	1	6951.750000	6953.000000	0	0	noise	cluster_noise	0.0000
6072	Spectrogram 1	1	6952.750000	6953.500000	0	0	9	cluster_9	0.9623
6073	Spectrogram 1	1	6953.250000	6954.500000	0	0	noise	cluster_noise	0.0000
6074	Spectrogram 1	1	6954.250000	6955.000000	0	0	9	cluster_9	0.8821
6075	Spectrogram 1	1	6954.750000	6955.750000	0	0	noise	cluster_noise	0.0000
6076	Spectrogram 1	1	6955.500000	6956.250000	0	0	9	cluster_9	0.8967
6077	Spectrogram 1	1	6956.000000	6957.000000	0	0	noise	cluster_noise	0.0000
6078	Spectrogram 1	1	6956.750000	6958.750000	0	0	9	cluster_9	0.9897
6079	Spectrogram 1	1	6958.500000	6961.250000	0	0	6	cluster_6	0.9768
6080	Spectrogram 1	1	6961.000000	6961.750000	0	0	2	cluster_2	0.8174
6081	Spectrogram 1	1	6961.500000	6964.000000	0	0	9	cluster_9	1.0000
6082	Spectrogram 1	1	6963.750000	6964.250000	0	0	noise	cluster_noise	0.0000
6083	Spectrogram 1	1	6964.000000	6965.250000	0	0	1	cluster_1	0.5510
6084	Spectrogram 1	1	6965.000000	6965.500000	0	0	9	cluster_9	1.0000
6085	Spectrogram 1	1	6965.250000	6966.000000	0	0	noise	cluster_noise	0.0000
6086	Spectrogram 1	1	6965.750000	6967.750000	0	0	9	cluster_9	0.9818
6087	Spectrogram 1	1	6967.500000	6968.000000	0	0	noise	cluster_noise	0.0000
6088	Spectrogram 1	1	6967.750000	6968.750000	0	0	1	cluster_1	0.6636
6089	Spectrogram 1	1	6968.500000	6970.000000	0	0	9	cluster_9	1.0000
6090	Spectrogram 1	1	6969.750000	6970.500000	0	0	noise	cluster_noise	0.0000
6091	Spectrogram 1	1	6970.250000	6970.750000	0	0	10	cluster_10	0.6323
6092	Spectrogram 1	1	6970.500000	6971.250000	0	0	9	cluster_9	0.9111
6093	Spectrogram 1	1	6971.000000	6971.500000	0	0	2	cluster_2	1.0000
6094	Spectrogram 1	1	6971.250000	6972.000000	0	0	9	cluster_9	0.9662
6095	Spectrogram 1	1	6971.750000	6972.250000	0	0	noise	cluster_noise	0.0000
6096	Spectrogram 1	1	6972.000000	6972.750000	0	0	10	cluster_10	0.6426
6097	Spectrogram 1	1	6972.500000	6973.250000	0	0	9	cluster_9	1.0000
6098	Spectrogram 1	1	6973.000000	6973.500000	0	0	2	cluster_2	0.7274
6099	Spectrogram 1	1	6973.250000	6973.750000	0	0	9	cluster_9	1.0000
6100	Spectrogram 1	1	6973.500000	6974.000000	0	0	noise	cluster_noise	0.0000
6101	Spectrogram 1	1	6973.750000	6974.250000	0	0	10	cluster_10	0.6757
6102	Spectrogram 1	1	6974.000000	6975.250000	0	0	9	cluster_9	0.9912
6103	Spectrogram 1	1	6975.000000	6975.500000	0	0	noise	cluster_noise	0.0000
6104	Spectrogram 1	1	6975.250000	6976.000000	0	0	10	cluster_10	0.5439
6105	Spectrogram 1	1	6975.750000	6976.250000	0	0	9	cluster_9	1.0000
6106	Spectrogram 1	1	6976.000000	6976.500000	0	0	noise	cluster_noise	0.0000
6107	Spectrogram 1	1	6976.250000	6977.000000	0	0	10	cluster_10	0.5875
6108	Spectrogram 1	1	6976.750000	6977.750000	0	0	9	cluster_9	1.0000
6109	Spectrogram 1	1	6977.500000	6978.000000	0	0	noise	cluster_noise	0.0000
6110	Spectrogram 1	1	6977.750000	6978.500000	0	0	10	cluster_10	0.6671
6111	Spectrogram 1	1	6978.250000	6980.250000	0	0	9	cluster_9	0.9728
6112	Spectrogram 1	1	6980.000000	6980.750000	0	0	noise	cluster_noise	0.0000
6113	Spectrogram 1	1	6980.500000	6981.250000	0	0	1	cluster_1	0.5037
6114	Spectrogram 1	1	6981.000000	6981.500000	0	0	noise	cluster_noise	0.0000
6115	Spectrogram 1	1	6981.250000	6984.250000	0	0	9	cluster_9	0.9747
6116	Spectrogram 1	1	6984.000000	6984.500000	0	0	noise	cluster_noise	0.0000
6117	Spectrogram 1	1	6984.250000	6985.000000	0	0	1	cluster_1	0.4836
6118	Spectrogram 1	1	6984.750000	6986.500000	0	0	9	cluster_9	0.9665
6119	Spectrogram 1	1	6986.250000	6987.000000	0	0	10	cluster_10	0.6642
6120	Spectrogram 1	1	6986.750000	6987.250000	0	0	9	cluster_9	1.0000
6121	Spectrogram 1	1	6987.000000	6987.750000	0	0	noise	cluster_noise	0.0000
6122	Spectrogram 1	1	6987.500000	6988.500000	0	0	9	cluster_9	1.0000
6123	Spectrogram 1	1	6988.250000	6988.750000	0	0	noise	cluster_noise	0.0000
6124	Spectrogram 1	1	6988.500000	6989.250000	0	0	10	cluster_10	0.6522
6125	Spectrogram 1	1	6989.000000	6989.500000	0	0	noise	cluster_noise	0.0000
6126	Spectrogram 1	1	6989.250000	6990.000000	0	0	10	cluster_10	0.7019
6127	Spectrogram 1	1	6989.750000	6990.750000	0	0	9	cluster_9	1.0000
6128	Spectrogram 1	1	6990.500000	6991.250000	0	0	10	cluster_10	0.6391
6129	Spectrogram 1	1	6991.000000	6991.500000	0	0	noise	cluster_noise	0.0000
6130	Spectrogram 1	1	6991.250000	6992.000000	0	0	10	cluster_10	0.6306
6131	Spectrogram 1	1	6991.750000	6992.250000	0	0	9	cluster_9	1.0000
6132	Spectrogram 1	1	6992.000000	6992.750000	0	0	10	cluster_10	0.6484
6133	Spectrogram 1	1	6992.500000	6993.500000	0	0	9	cluster_9	0.9527
6134	Spectrogram 1	1	6993.250000	6994.000000	0	0	10	cluster_10	0.7304
6135	Spectrogram 1	1	6993.750000	6994.750000	0	0	noise	cluster_noise	0.0000
6136	Spectrogram 1	1	6994.500000	6996.250000	0	0	9	cluster_9	0.9379
6137	Spectrogram 1	1	6996.000000	6996.500000	0	0	noise	cluster_noise	0.0000
6138	Spectrogram 1	1	6996.250000	6997.250000	0	0	1	cluster_1	0.8451
6139	Spectrogram 1	1	6997.000000	6997.500000	0	0	noise	cluster_noise	0.0000
6140	Spectrogram 1	1	6997.250000	7000.000000	0	0	9	cluster_9	0.9378
6141	Spectrogram 1	1	6999.750000	7000.250000	0	0	noise	cluster_noise	0.0000
6142	Spectrogram 1	1	7000.000000	7000.750000	0	0	1	cluster_1	0.8588
6143	Spectrogram 1	1	7000.500000	7001.750000	0	0	noise	cluster_noise	0.0000
6144	Spectrogram 1	1	7001.500000	7002.500000	0	0	9	cluster_9	1.0000
6145	Spectrogram 1	1	7002.250000	7003.000000	0	0	10	cluster_10	0.6371
6146	Spectrogram 1	1	7002.750000	7003.250000	0	0	9	cluster_9	1.0000
6147	Spectrogram 1	1	7003.000000	7003.750000	0	0	10	cluster_10	0.6448
6148	Spectrogram 1	1	7003.500000	7004.500000	0	0	9	cluster_9	1.0000
6149	Spectrogram 1	1	7004.250000	7004.750000	0	0	noise	cluster_noise	0.0000
6150	Spectrogram 1	1	7004.500000	7005.250000	0	0	10	cluster_10	0.6134
6151	Spectrogram 1	1	7005.000000	7005.500000	0	0	9	cluster_9	1.0000
6152	Spectrogram 1	1	7005.250000	7006.000000	0	0	10	cluster_10	0.6304
6153	Spectrogram 1	1	7005.750000	7006.250000	0	0	9	cluster_9	1.0000
6154	Spectrogram 1	1	7006.000000	7006.500000	0	0	noise	cluster_noise	0.0000
6155	Spectrogram 1	1	7006.250000	7006.750000	0	0	9	cluster_9	1.0000
6156	Spectrogram 1	1	7006.500000	7007.000000	0	0	noise	cluster_noise	0.0000
6157	Spectrogram 1	1	7006.750000	7007.500000	0	0	10	cluster_10	0.6244
6158	Spectrogram 1	1	7012.000000	7013.000000	0	0	9	cluster_9	0.9802
6159	Spectrogram 1	1	7012.750000	7013.250000	0	0	noise	cluster_noise	0.0000
6160	Spectrogram 1	1	7013.000000	7014.000000	0	0	1	cluster_1	0.8072
6161	Spectrogram 1	1	7013.750000	7016.750000	0	0	9	cluster_9	0.9767
6162	Spectrogram 1	1	7016.500000	7017.500000	0	0	1	cluster_1	1.0000
6163	Spectrogram 1	1	7017.250000	7017.750000	0	0	noise	cluster_noise	0.0000
6164	Spectrogram 1	1	7017.500000	7019.000000	0	0	9	cluster_9	0.9970
6165	Spectrogram 1	1	7018.750000	7019.500000	0	0	10	cluster_10	0.6931
6166	Spectrogram 1	1	7019.250000	7020.000000	0	0	noise	cluster_noise	0.0000
6167	Spectrogram 1	1	7019.750000	7020.250000	0	0	2	cluster_2	0.8874
6168	Spectrogram 1	1	7020.000000	7021.250000	0	0	9	cluster_9	0.8843
6169	Spectrogram 1	1	7021.000000	7023.500000	0	0	noise	cluster_noise	0.0000
6170	Spectrogram 1	1	7023.250000	7024.000000	0	0	10	cluster_10	0.5955
6171	Spectrogram 1	1	7023.750000	7024.250000	0	0	9	cluster_9	1.0000
6172	Spectrogram 1	1	7024.000000	7025.500000	0	0	noise	cluster_noise	0.0000
6173	Spectrogram 1	1	7025.250000	7026.000000	0	0	10	cluster_10	0.6323
6174	Spectrogram 1	1	7025.750000	7026.250000	0	0	9	cluster_9	0.7631
6175	Spectrogram 1	1	7026.000000	7026.750000	0	0	noise	cluster_noise	0.0000
6176	Spectrogram 1	1	7026.500000	7027.500000	0	0	9	cluster_9	1.0000
6177	Spectrogram 1	1	7027.250000	7027.750000	0	0	noise	cluster_noise	0.0000
6178	Spectrogram 1	1	7027.500000	7028.000000	0	0	10	cluster_10	0.6144
6179	Spectrogram 1	1	7027.750000	7028.250000	0	0	noise	cluster_noise	0.0000
6180	Spectrogram 1	1	7028.000000	7028.750000	0	0	10	cluster_10	0.5483
6181	Spectrogram 1	1	7028.500000	7030.750000	0	0	9	cluster_9	1.0000
6182	Spectrogram 1	1	7030.500000	7031.000000	0	0	noise	cluster_noise	0.0000
6183	Spectrogram 1	1	7030.750000	7032.000000	0	0	1	cluster_1	0.9347
6184	Spectrogram 1	1	7031.750000	7034.750000	0	0	9	cluster_9	0.9907
6185	Spectrogram 1	1	7034.500000	7035.000000	0	0	noise	cluster_noise	0.0000
6186	Spectrogram 1	1	7034.750000	7035.750000	0	0	1	cluster_1	0.8122
6187	Spectrogram 1	1	7035.500000	7036.500000	0	0	9	cluster_9	0.9421
6188	Spectrogram 1	1	7037.000000	7037.750000	0	0	10	cluster_10	0.6218
6189	Spectrogram 1	1	7037.500000	7038.000000	0	0	9	cluster_9	0.8517
6190	Spectrogram 1	1	7037.750000	7038.250000	0	0	noise	cluster_noise	0.0000
6191	Spectrogram 1	1	7038.000000	7038.500000	0	0	2	cluster_2	1.0000
6192	Spectrogram 1	1	7038.250000	7039.250000	0	0	9	cluster_9	1.0000
6193	Spectrogram 1	1	7039.000000	7039.750000	0	0	10	cluster_10	0.6257
6194	Spectrogram 1	1	7039.500000	7040.250000	0	0	9	cluster_9	0.8928
6195	Spectrogram 1	1	7040.000000	7040.500000	0	0	noise	cluster_noise	0.0000
6196	Spectrogram 1	1	7040.250000	7040.750000	0	0	9	cluster_9	1.0000
6197	Spectrogram 1	1	7040.500000	7041.500000	0	0	noise	cluster_noise	0.0000
6198	Spectrogram 1	1	7041.250000	7042.000000	0	0	10	cluster_10	0.5693
6199	Spectrogram 1	1	7041.750000	7042.750000	0	0	9	cluster_9	0.9440
6200	Spectrogram 1	1	7042.500000	7043.250000	0	0	10	cluster_10	0.6129
6201	Spectrogram 1	1	7043.000000	7043.750000	0	0	9	cluster_9	1.0000
6202	Spectrogram 1	1	7043.500000	7044.000000	0	0	noise	cluster_noise	0.0000
6203	Spectrogram 1	1	7043.750000	7044.750000	0	0	9	cluster_9	0.9410
6204	Spectrogram 1	1	7044.500000	7045.500000	0	0	noise	cluster_noise	0.0000
6205	Spectrogram 1	1	7045.250000	7045.750000	0	0	10	cluster_10	0.5256
6206	Spectrogram 1	1	7045.500000	7046.000000	0	0	noise	cluster_noise	0.0000
6207	Spectrogram 1	1	7045.750000	7046.250000	0	0	9	cluster_9	0.9677
6208	Spectrogram 1	1	7046.000000	7046.500000	0	0	noise	cluster_noise	0.0000
6209	Spectrogram 1	1	7046.250000	7046.750000	0	0	8	cluster_8	0.8093
6210	Spectrogram 1	1	7046.500000	7047.000000	0	0	9	cluster_9	0.7797
6211	Spectrogram 1	1	7046.750000	7047.250000	0	0	noise	cluster_noise	0.0000
6212	Spectrogram 1	1	7047.000000	7047.500000	0	0	8	cluster_8	0.9763
6213	Spectrogram 1	1	7047.250000	7049.000000	0	0	9	cluster_9	1.0000
6214	Spectrogram 1	1	7048.750000	7049.250000	0	0	noise	cluster_noise	0.0000
6215	Spectrogram 1	1	7049.000000	7054.750000	0	0	10	cluster_10	0.6089
6216	Spectrogram 1	1	7054.500000	7055.000000	0	0	8	cluster_8	1.0000
6217	Spectrogram 1	1	7054.750000	7056.000000	0	0	9	cluster_9	1.0000
6218	Spectrogram 1	1	7055.750000	7057.000000	0	0	noise	cluster_noise	0.0000
6219	Spectrogram 1	1	7056.750000	7057.500000	0	0	9	cluster_9	1.0000
6220	Spectrogram 1	1	7058.000000	7059.750000	0	0	noise	cluster_noise	0.0000
6221	Spectrogram 1	1	7059.500000	7074.000000	0	0	9	cluster_9	1.0000
6222	Spectrogram 1	1	7073.750000	7074.750000	0	0	8	cluster_8	1.0000
6223	Spectrogram 1	1	7074.500000	7076.000000	0	0	9	cluster_9	0.9890
6224	Spectrogram 1	1	7075.750000	7080.000000	0	0	noise	cluster_noise	0.0000
6225	Spectrogram 1	1	7079.750000	7082.750000	0	0	9	cluster_9	0.9283
6226	Spectrogram 1	1	7082.500000	7083.500000	0	0	noise	cluster_noise	0.0000
6227	Spectrogram 1	1	7087.000000	7088.250000	0	0	9	cluster_9	1.0000
6228	Spectrogram 1	1	7088.000000	7089.000000	0	0	8	cluster_8	0.9951
6229	Spectrogram 1	1	7088.750000	7089.250000	0	0	noise	cluster_noise	0.0000
6230	Spectrogram 1	1	7089.000000	7091.000000	0	0	9	cluster_9	1.0000
6231	Spectrogram 1	1	7090.750000	7091.750000	0	0	8	cluster_8	1.0000
6232	Spectrogram 1	1	7091.500000	7092.500000	0	0	noise	cluster_noise	0.0000
6233	Spectrogram 1	1	7092.250000	7093.750000	0	0	9	cluster_9	1.0000
6234	Spectrogram 1	1	7093.500000	7094.750000	0	0	8	cluster_8	1.0000
6235	Spectrogram 1	1	7094.500000	7095.000000	0	0	noise	cluster_noise	0.0000
6236	Spectrogram 1	1	7094.750000	7096.500000	0	0	9	cluster_9	1.0000
6237	Spectrogram 1	1	7096.250000	7097.750000	0	0	8	cluster_8	0.9637
6238	Spectrogram 1	1	7097.500000	7099.000000	0	0	9	cluster_9	0.9949
6239	Spectrogram 1	1	7098.750000	7100.000000	0	0	8	cluster_8	1.0000
6240	Spectrogram 1	1	7099.750000	7106.500000	0	0	9	cluster_9	1.0000
6241	Spectrogram 1	1	7106.250000	7107.750000	0	0	0	cluster_0	1.0000
6242	Spectrogram 1	1	7107.500000	7110.750000	0	0	9	cluster_9	1.0000
6243	Spectrogram 1	1	7110.500000	7111.750000	0	0	8	cluster_8	0.9863
6244	Spectrogram 1	1	7111.500000	7117.000000	0	0	9	cluster_9	1.0000
6245	Spectrogram 1	1	7116.750000	7118.500000	0	0	8	cluster_8	0.9745
6246	Spectrogram 1	1	7118.250000	7120.000000	0	0	9	cluster_9	1.0000
6247	Spectrogram 1	1	7119.750000	7121.500000	0	0	8	cluster_8	0.9836
6248	Spectrogram 1	1	7121.250000	7124.000000	0	0	9	cluster_9	1.0000
6249	Spectrogram 1	1	7123.750000	7124.500000	0	0	noise	cluster_noise	0.0000
6250	Spectrogram 1	1	7124.250000	7128.000000	0	0	9	cluster_9	1.0000
6251	Spectrogram 1	1	7127.750000	7128.500000	0	0	8	cluster_8	1.0000
6252	Spectrogram 1	1	7145.000000	7145.750000	0	0	9	cluster_9	1.0000
6253	Spectrogram 1	1	7145.500000	7146.750000	0	0	8	cluster_8	0.9348
6254	Spectrogram 1	1	7146.500000	7175.500000	0	0	9	cluster_9	1.0000
6255	Spectrogram 1	1	7175.250000	7175.750000	0	0	noise	cluster_noise	0.0000
6256	Spectrogram 1	1	7175.500000	7176.250000	0	0	0	cluster_0	0.7546
6257	Spectrogram 1	1	7176.000000	7176.750000	0	0	8	cluster_8	0.9480
6258	Spectrogram 1	1	7176.500000	7178.000000	0	0	9	cluster_9	1.0000
6259	Spectrogram 1	1	7177.750000	7178.250000	0	0	noise	cluster_noise	0.0000
6260	Spectrogram 1	1	7178.000000	7178.500000	0	0	10	cluster_10	0.5216
6261	Spectrogram 1	1	7178.250000	7178.750000	0	0	8	cluster_8	1.0000
6262	Spectrogram 1	1	7178.500000	7179.000000	0	0	noise	cluster_noise	0.0000
6263	Spectrogram 1	1	7178.750000	7179.250000	0	0	8	cluster_8	0.8512
6264	Spectrogram 1	1	7179.000000	7179.500000	0	0	0	cluster_0	0.7699
6265	Spectrogram 1	1	7209.000000	7210.500000	0	0	9	cluster_9	1.0000
6266	Spectrogram 1	1	7210.250000	7210.750000	0	0	noise	cluster_noise	0.0000
6267	Spectrogram 1	1	7210.500000	7211.500000	0	0	8	cluster_8	0.9891
6268	Spectrogram 1	1	7219.000000	7219.750000	0	0	9	cluster_9	1.0000
6269	Spectrogram 1	1	7219.500000	7221.250000	0	0	6	cluster_6	0.9358
6270	Spectrogram 1	1	7221.000000	7222.000000	0	0	2	cluster_2	1.0000
6271	Spectrogram 1	1	7221.750000	7223.000000	0	0	9	cluster_9	1.0000
6272	Spectrogram 1	1	7222.750000	7223.250000	0	0	noise	cluster_noise	0.0000
6273	Spectrogram 1	1	7223.000000	7224.500000	0	0	8	cluster_8	0.9645
6274	Spectrogram 1	1	7224.250000	7226.500000	0	0	9	cluster_9	0.9979
6275	Spectrogram 1	1	7232.000000	7232.750000	0	0	2	cluster_2	0.8882
6276	Spectrogram 1	1	7232.500000	7233.500000	0	0	9	cluster_9	1.0000
6277	Spectrogram 1	1	7233.250000	7234.750000	0	0	8	cluster_8	0.9619
6278	Spectrogram 1	1	7234.500000	7237.750000	0	0	9	cluster_9	0.9790
6279	Spectrogram 1	1	7237.500000	7238.000000	0	0	noise	cluster_noise	0.0000
6280	Spectrogram 1	1	7237.750000	7238.500000	0	0	12	cluster_12	1.0000
6281	Spectrogram 1	1	7238.250000	7239.000000	0	0	noise	cluster_noise	0.0000
6282	Spectrogram 1	1	7238.750000	7239.250000	0	0	2	cluster_2	0.9531
6283	Spectrogram 1	1	7239.000000	7241.500000	0	0	9	cluster_9	0.9877
6284	Spectrogram 1	1	7241.250000	7241.750000	0	0	noise	cluster_noise	0.0000
6285	Spectrogram 1	1	7241.500000	7242.500000	0	0	6	cluster_6	0.9633
6286	Spectrogram 1	1	7245.000000	7245.750000	0	0	8	cluster_8	0.9809
6287	Spectrogram 1	1	7245.500000	7248.500000	0	0	9	cluster_9	1.0000
6288	Spectrogram 1	1	7248.250000	7248.750000	0	0	noise	cluster_noise	0.0000
6289	Spectrogram 1	1	7248.500000	7249.750000	0	0	12	cluster_12	0.9877
6290	Spectrogram 1	1	7249.500000	7250.000000	0	0	noise	cluster_noise	0.0000
6291	Spectrogram 1	1	7249.750000	7260.000000	0	0	9	cluster_9	0.9829
6292	Spectrogram 1	1	7259.750000	7260.250000	0	0	noise	cluster_noise	0.0000
6293	Spectrogram 1	1	7260.000000	7261.500000	0	0	6	cluster_6	0.9431
6294	Spectrogram 1	1	7261.250000	7261.750000	0	0	noise	cluster_noise	0.0000
6295	Spectrogram 1	1	7261.500000	7262.000000	0	0	2	cluster_2	0.9151
6296	Spectrogram 1	1	7261.750000	7263.750000	0	0	9	cluster_9	1.0000
6297	Spectrogram 1	1	7263.500000	7264.000000	0	0	noise	cluster_noise	0.0000
6298	Spectrogram 1	1	7263.750000	7264.500000	0	0	6	cluster_6	0.9641
6299	Spectrogram 1	1	7266.000000	7266.500000	0	0	9	cluster_9	0.8513
6300	Spectrogram 1	1	7266.250000	7267.250000	0	0	8	cluster_8	0.9440
6301	Spectrogram 1	1	7267.000000	7268.250000	0	0	9	cluster_9	1.0000
6302	Spectrogram 1	1	7268.000000	7268.500000	0	0	8	cluster_8	1.0000
6303	Spectrogram 1	1	7271.000000	7272.750000	0	0	6	cluster_6	0.9611
6304	Spectrogram 1	1	7272.500000	7273.250000	0	0	2	cluster_2	0.9445
6305	Spectrogram 1	1	7273.000000	7275.000000	0	0	9	cluster_9	1.0000
6306	Spectrogram 1	1	7274.750000	7276.500000	0	0	6	cluster_6	0.9721
6307	Spectrogram 1	1	7276.250000	7277.250000	0	0	2	cluster_2	1.0000
6308	Spectrogram 1	1	7277.000000	7278.250000	0	0	8	cluster_8	0.9699
6309	Spectrogram 1	1	7278.000000	7279.250000	0	0	9	cluster_9	1.0000
6310	Spectrogram 1	1	7279.000000	7279.750000	0	0	8	cluster_8	1.0000
6311	Spectrogram 1	1	7279.500000	7285.750000	0	0	9	cluster_9	0.9756
6312	Spectrogram 1	1	7285.500000	7286.000000	0	0	noise	cluster_noise	0.0000
6313	Spectrogram 1	1	7285.750000	7287.500000	0	0	6	cluster_6	0.9517
6314	Spectrogram 1	1	7287.250000	7287.750000	0	0	2	cluster_2	1.0000
6315	Spectrogram 1	1	7287.500000	7288.250000	0	0	9	cluster_9	0.9559
6316	Spectrogram 1	1	7288.000000	7288.500000	0	0	noise	cluster_noise	0.0000
6317	Spectrogram 1	1	7288.250000	7288.750000	0	0	2	cluster_2	0.8402
6318	Spectrogram 1	1	7288.500000	7289.000000	0	0	noise	cluster_noise	0.0000
6319	Spectrogram 1	1	7288.750000	7290.000000	0	0	9	cluster_9	0.9355
6320	Spectrogram 1	1	7289.750000	7290.500000	0	0	2	cluster_2	0.9252
6321	Spectrogram 1	1	7290.250000	7291.500000	0	0	9	cluster_9	0.9986
6322	Spectrogram 1	1	7291.250000	7292.250000	0	0	noise	cluster_noise	0.0000
6323	Spectrogram 1	1	7292.000000	7293.500000	0	0	9	cluster_9	0.9198
6324	Spectrogram 1	1	7297.000000	7297.500000	0	0	6	cluster_6	1.0000
6325	Spectrogram 1	1	7297.250000	7297.750000	0	0	2	cluster_2	0.9083
6326	Spectrogram 1	1	7297.500000	7299.750000	0	0	9	cluster_9	0.9588
6327	Spectrogram 1	1	7299.500000	7300.000000	0	0	noise	cluster_noise	0.0000
6328	Spectrogram 1	1	7299.750000	7301.000000	0	0	6	cluster_6	0.9898
6329	Spectrogram 1	1	7300.750000	7301.750000	0	0	2	cluster_2	0.9370
6330	Spectrogram 1	1	7301.500000	7302.250000	0	0	9	cluster_9	1.0000
6331	Spectrogram 1	1	7302.000000	7303.000000	0	0	noise	cluster_noise	0.0000
6332	Spectrogram 1	1	7302.750000	7304.250000	0	0	9	cluster_9	1.0000
6333	Spectrogram 1	1	7304.000000	7305.000000	0	0	noise	cluster_noise	0.0000
6334	Spectrogram 1	1	7304.750000	7312.500000	0	0	9	cluster_9	0.9975
6335	Spectrogram 1	1	7312.250000	7313.000000	0	0	8	cluster_8	0.8481
6336	Spectrogram 1	1	7312.750000	7314.000000	0	0	6	cluster_6	1.0000
6337	Spectrogram 1	1	7313.750000	7314.500000	0	0	2	cluster_2	0.9246
6338	Spectrogram 1	1	7314.250000	7316.000000	0	0	9	cluster_9	0.9979
6339	Spectrogram 1	1	7315.750000	7316.500000	0	0	6	cluster_6	0.9750
6340	Spectrogram 1	1	7320.000000	7321.000000	0	0	noise	cluster_noise	0.0000
6341	Spectrogram 1	1	7320.750000	7322.000000	0	0	9	cluster_9	0.9285
6342	Spectrogram 1	1	7321.750000	7322.750000	0	0	noise	cluster_noise	0.0000
6343	Spectrogram 1	1	7322.500000	7323.750000	0	0	9	cluster_9	0.9654
6344	Spectrogram 1	1	7323.500000	7324.250000	0	0	noise	cluster_noise	0.0000
6345	Spectrogram 1	1	7324.000000	7324.500000	0	0	2	cluster_2	1.0000
6346	Spectrogram 1	1	7324.250000	7326.250000	0	0	9	cluster_9	0.9727
6347	Spectrogram 1	1	7326.000000	7331.750000	0	0	6	cluster_6	0.9672
6348	Spectrogram 1	1	7331.500000	7332.500000	0	0	2	cluster_2	1.0000
6349	Spectrogram 1	1	7332.250000	7333.250000	0	0	9	cluster_9	0.9418
6350	Spectrogram 1	1	7333.000000	7333.750000	0	0	noise	cluster_noise	0.0000
6351	Spectrogram 1	1	7333.500000	7335.250000	0	0	9	cluster_9	0.9620
6352	Spectrogram 1	1	7335.000000	7335.750000	0	0	noise	cluster_noise	0.0000
6353	Spectrogram 1	1	7335.500000	7337.000000	0	0	9	cluster_9	0.9988
6354	Spectrogram 1	1	7336.750000	7337.500000	0	0	noise	cluster_noise	0.0000
6355	Spectrogram 1	1	7337.250000	7338.500000	0	0	9	cluster_9	1.0000
6356	Spectrogram 1	1	7344.000000	7344.750000	0	0	2	cluster_2	1.0000
6357	Spectrogram 1	1	7344.500000	7349.750000	0	0	9	cluster_9	0.9932
6358	Spectrogram 1	1	7349.500000	7350.000000	0	0	noise	cluster_noise	0.0000
6359	Spectrogram 1	1	7349.750000	7350.250000	0	0	9	cluster_9	1.0000
6360	Spectrogram 1	1	7350.000000	7353.500000	0	0	noise	cluster_noise	0.0000
6361	Spectrogram 1	1	7353.250000	7355.500000	0	0	9	cluster_9	1.0000
6362	Spectrogram 1	1	7355.250000	7356.750000	0	0	6	cluster_6	0.9064
6363	Spectrogram 1	1	7356.500000	7357.000000	0	0	noise	cluster_noise	0.0000
6364	Spectrogram 1	1	7356.750000	7360.750000	0	0	9	cluster_9	1.0000
6365	Spectrogram 1	1	7360.500000	7361.500000	0	0	noise	cluster_noise	0.0000
6366	Spectrogram 1	1	7361.250000	7366.250000	0	0	9	cluster_9	0.9998
6367	Spectrogram 1	1	7366.000000	7366.750000	0	0	2	cluster_2	0.8618
6368	Spectrogram 1	1	7366.500000	7367.000000	0	0	noise	cluster_noise	0.0000
6369	Spectrogram 1	1	7366.750000	7367.500000	0	0	2	cluster_2	0.9876
6370	Spectrogram 1	1	7367.250000	7367.750000	0	0	noise	cluster_noise	0.0000
6371	Spectrogram 1	1	7367.500000	7380.250000	0	0	9	cluster_9	0.9705
6372	Spectrogram 1	1	7380.000000	7380.750000	0	0	2	cluster_2	0.9059
6373	Spectrogram 1	1	7380.500000	7401.000000	0	0	9	cluster_9	0.9950
6374	Spectrogram 1	1	7400.750000	7401.750000	0	0	noise	cluster_noise	0.0000
6375	Spectrogram 1	1	7401.500000	7441.000000	0	0	9	cluster_9	0.9955
6376	Spectrogram 1	1	7440.750000	7441.500000	0	0	noise	cluster_noise	0.0000
6377	Spectrogram 1	1	7441.250000	7538.250000	0	0	9	cluster_9	1.0000
6378	Spectrogram 1	1	7538.000000	7538.500000	0	0	noise	cluster_noise	0.0000
6379	Spectrogram 1	1	7538.250000	7539.250000	0	0	1	cluster_1	0.7644
6380	Spectrogram 1	1	7539.000000	7540.500000	0	0	9	cluster_9	0.9512
6381	Spectrogram 1	1	7540.250000	7540.750000	0	0	noise	cluster_noise	0.0000
6382	Spectrogram 1	1	7540.500000	7541.250000	0	0	10	cluster_10	0.5877
6383	Spectrogram 1	1	7541.000000	7541.500000	0	0	noise	cluster_noise	0.0000
6384	Spectrogram 1	1	7541.250000	7542.250000	0	0	9	cluster_9	1.0000
6385	Spectrogram 1	1	7542.000000	7542.500000	0	0	noise	cluster_noise	0.0000
6386	Spectrogram 1	1	7549.000000	7549.750000	0	0	10	cluster_10	0.5500
6387	Spectrogram 1	1	7549.500000	7550.250000	0	0	noise	cluster_noise	0.0000
6388	Spectrogram 1	1	7550.000000	7551.500000	0	0	9	cluster_9	1.0000
6389	Spectrogram 1	1	7551.250000	7551.750000	0	0	noise	cluster_noise	0.0000
6390	Spectrogram 1	1	7551.500000	7552.250000	0	0	10	cluster_10	0.5812
6391	Spectrogram 1	1	7552.000000	7552.500000	0	0	8	cluster_8	1.0000
6392	Spectrogram 1	1	7552.250000	7554.000000	0	0	9	cluster_9	1.0000
6393	Spectrogram 1	1	7553.750000	7554.250000	0	0	noise	cluster_noise	0.0000
6394	Spectrogram 1	1	7554.000000	7554.750000	0	0	10	cluster_10	0.5839
6395	Spectrogram 1	1	7554.500000	7556.500000	0	0	9	cluster_9	1.0000
6396	Spectrogram 1	1	7556.250000	7556.750000	0	0	noise	cluster_noise	0.0000
6397	Spectrogram 1	1	7556.500000	7557.250000	0	0	10	cluster_10	0.6056
6398	Spectrogram 1	1	7557.000000	7558.750000	0	0	9	cluster_9	0.9612
6399	Spectrogram 1	1	7558.500000	7559.750000	0	0	noise	cluster_noise	0.0000
6400	Spectrogram 1	1	7559.500000	7560.500000	0	0	9	cluster_9	1.0000
6401	Spectrogram 1	1	7561.000000	7562.500000	0	0	noise	cluster_noise	0.0000
6402	Spectrogram 1	1	7562.250000	7563.500000	0	0	9	cluster_9	0.9073
6403	Spectrogram 1	1	7564.000000	7567.500000	0	0	noise	cluster_noise	0.0000
6404	Spectrogram 1	1	7567.250000	7568.750000	0	0	9	cluster_9	1.0000
6405	Spectrogram 1	1	7568.500000	7569.500000	0	0	8	cluster_8	1.0000
6406	Spectrogram 1	1	7569.250000	7571.250000	0	0	9	cluster_9	1.0000
6407	Spectrogram 1	1	7571.000000	7571.500000	0	0	noise	cluster_noise	0.0000
6408	Spectrogram 1	1	7571.250000	7572.000000	0	0	8	cluster_8	1.0000
6409	Spectrogram 1	1	7571.750000	7574.000000	0	0	9	cluster_9	0.9923
6410	Spectrogram 1	1	7573.750000	7574.250000	0	0	8	cluster_8	0.9207
6411	Spectrogram 1	1	7574.000000	7574.500000	0	0	noise	cluster_noise	0.0000
6412	Spectrogram 1	1	7576.000000	7576.500000	0	0	9	cluster_9	1.0000
6413	Spectrogram 1	1	7576.250000	7577.000000	0	0	8	cluster_8	1.0000
6414	Spectrogram 1	1	7576.750000	7578.000000	0	0	9	cluster_9	1.0000
6415	Spectrogram 1	1	7577.750000	7578.500000	0	0	noise	cluster_noise	0.0000
6416	Spectrogram 1	1	7579.000000	7580.250000	0	0	9	cluster_9	1.0000
6417	Spectrogram 1	1	7580.000000	7582.000000	0	0	noise	cluster_noise	0.0000
6418	Spectrogram 1	1	7581.750000	7583.250000	0	0	9	cluster_9	0.9583
6419	Spectrogram 1	1	7583.000000	7586.000000	0	0	noise	cluster_noise	0.0000
6420	Spectrogram 1	1	7585.750000	7586.250000	0	0	9	cluster_9	0.8555
6421	Spectrogram 1	1	7586.000000	7587.000000	0	0	noise	cluster_noise	0.0000
6422	Spectrogram 1	1	7586.750000	7587.250000	0	0	9	cluster_9	0.8187
6423	Spectrogram 1	1	7587.000000	7587.750000	0	0	noise	cluster_noise	0.0000
6424	Spectrogram 1	1	7587.500000	7589.000000	0	0	9	cluster_9	1.0000
6425	Spectrogram 1	1	7588.750000	7589.750000	0	0	8	cluster_8	0.9859
6426	Spectrogram 1	1	7589.500000	7596.000000	0	0	9	cluster_9	1.0000
6427	Spectrogram 1	1	7595.750000	7596.250000	0	0	2	cluster_2	0.8560
6428	Spectrogram 1	1	7596.000000	7597.250000	0	0	9	cluster_9	1.0000
6429	Spectrogram 1	1	7597.000000	7597.750000	0	0	8	cluster_8	1.0000
6430	Spectrogram 1	1	7597.500000	7599.250000	0	0	9	cluster_9	1.0000
6431	Spectrogram 1	1	7599.000000	7599.750000	0	0	noise	cluster_noise	0.0000
6432	Spectrogram 1	1	7599.500000	7600.000000	0	0	3	cluster_3	0.7820
6433	Spectrogram 1	1	7599.750000	7600.500000	0	0	noise	cluster_noise	0.0000
6434	Spectrogram 1	1	7600.250000	7601.500000	0	0	9	cluster_9	0.9811
6435	Spectrogram 1	1	7601.250000	7603.250000	0	0	noise	cluster_noise	0.0000
6436	Spectrogram 1	1	7603.000000	7603.500000	0	0	9	cluster_9	0.9075
6437	Spectrogram 1	1	7603.250000	7603.750000	0	0	noise	cluster_noise	0.0000
6438	Spectrogram 1	1	7603.500000	7604.750000	0	0	9	cluster_9	1.0000
6439	Spectrogram 1	1	7604.500000	7608.000000	0	0	noise	cluster_noise	0.0000
6440	Spectrogram 1	1	7607.750000	7608.250000	0	0	9	cluster_9	0.7622
6441	Spectrogram 1	1	7608.000000	7608.500000	0	0	noise	cluster_noise	0.0000
6442	Spectrogram 1	1	7608.250000	7613.000000	0	0	9	cluster_9	1.0000
6443	Spectrogram 1	1	7612.750000	7613.500000	0	0	8	cluster_8	1.0000
6444	Spectrogram 1	1	7613.250000	7613.750000	0	0	noise	cluster_noise	0.0000
6445	Spectrogram 1	1	7613.500000	7615.750000	0	0	9	cluster_9	1.0000
6446	Spectrogram 1	1	7615.500000	7616.500000	0	0	8	cluster_8	0.9745
6447	Spectrogram 1	1	7616.250000	7616.750000	0	0	noise	cluster_noise	0.0000
6448	Spectrogram 1	1	7616.500000	7618.500000	0	0	9	cluster_9	1.0000
6449	Spectrogram 1	1	7618.250000	7619.750000	0	0	8	cluster_8	0.9969
6450	Spectrogram 1	1	7619.500000	7621.500000	0	0	9	cluster_9	1.0000
6451	Spectrogram 1	1	7621.250000	7622.500000	0	0	8	cluster_8	0.9763
6452	Spectrogram 1	1	7622.250000	7622.750000	0	0	noise	cluster_noise	0.0000
6453	Spectrogram 1	1	7622.500000	7623.500000	0	0	9	cluster_9	1.0000
6454	Spectrogram 1	1	7624.000000	7625.250000	0	0	8	cluster_8	0.9775
6455	Spectrogram 1	1	7625.000000	7627.250000	0	0	9	cluster_9	1.0000
6456	Spectrogram 1	1	7627.000000	7628.250000	0	0	8	cluster_8	0.9816
6457	Spectrogram 1	1	7628.000000	7630.000000	0	0	9	cluster_9	1.0000
6458	Spectrogram 1	1	7629.750000	7630.500000	0	0	8	cluster_8	0.9826
6459	Spectrogram 1	1	7630.250000	7630.750000	0	0	noise	cluster_noise	0.0000
6460	Spectrogram 1	1	7630.500000	7633.500000	0	0	9	cluster_9	0.9888
6461	Spectrogram 1	1	7633.250000	7633.750000	0	0	0	cluster_0	0.8979
6462	Spectrogram 1	1	7633.500000	7634.000000	0	0	noise	cluster_noise	0.0000
6463	Spectrogram 1	1	7633.750000	7634.250000	0	0	8	cluster_8	0.8668
6464	Spectrogram 1	1	7634.000000	7634.750000	0	0	0	cluster_0	0.9980
6465	Spectrogram 1	1	7634.500000	7708.750000	0	0	9	cluster_9	1.0000
6466	Spectrogram 1	1	7708.500000	7709.500000	0	0	8	cluster_8	0.9551
6467	Spectrogram 1	1	7709.250000	7709.750000	0	0	noise	cluster_noise	0.0000
6468	Spectrogram 1	1	7709.500000	7711.500000	0	0	9	cluster_9	1.0000
6469	Spectrogram 1	1	7722.000000	7722.500000	0	0	8	cluster_8	1.0000
6470	Spectrogram 1	1	7722.250000	7723.500000	0	0	9	cluster_9	1.0000
6471	Spectrogram 1	1	7723.250000	7724.000000	0	0	noise	cluster_noise	0.0000
6472	Spectrogram 1	1	7723.750000	7724.500000	0	0	9	cluster_9	1.0000
6473	Spectrogram 1	1	7724.250000	7724.750000	0	0	6	cluster_6	0.8758
6474	Spectrogram 1	1	7724.500000	7725.750000	0	0	0	cluster_0	0.9565
6475	Spectrogram 1	1	7725.500000	7737.250000	0	0	9	cluster_9	1.0000
6476	Spectrogram 1	1	7737.000000	7737.500000	0	0	6	cluster_6	1.0000
6477	Spectrogram 1	1	7737.250000	7738.500000	0	0	0	cluster_0	0.9426
6478	Spectrogram 1	1	7738.250000	7739.750000	0	0	9	cluster_9	0.9530
6479	Spectrogram 1	1	7739.500000	7740.000000	0	0	6	cluster_6	0.9250
6480	Spectrogram 1	1	7739.750000	7740.500000	0	0	0	cluster_0	0.9129
6481	Spectrogram 1	1	7747.000000	7748.000000	0	0	noise	cluster_noise	0.0000
6482	Spectrogram 1	1	7747.750000	7749.500000	0	0	9	cluster_9	1.0000
6483	Spectrogram 1	1	7749.250000	7749.750000	0	0	noise	cluster_noise	0.0000
6484	Spectrogram 1	1	7749.500000	7750.000000	0	0	6	cluster_6	1.0000
6485	Spectrogram 1	1	7749.750000	7751.000000	0	0	0	cluster_0	0.9565
6486	Spectrogram 1	1	7750.750000	7752.000000	0	0	9	cluster_9	0.9752
6487	Spectrogram 1	1	7751.750000	7752.250000	0	0	noise	cluster_noise	0.0000
6488	Spectrogram 1	1	7752.000000	7752.500000	0	0	6	cluster_6	0.8579
6489	Spectrogram 1	1	7752.250000	7753.500000	0	0	0	cluster_0	0.8781
6490	Spectrogram 1	1	7753.250000	7753.750000	0	0	noise	cluster_noise	0.0000
6491	Spectrogram 1	1	7753.500000	7755.750000	0	0	9	cluster_9	0.9394
6492	Spectrogram 1	1	7755.500000	7757.500000	0	0	6	cluster_6	0.9666
6493	Spectrogram 1	1	7760.000000	7760.500000	0	0	8	cluster_8	0.9331
6494	Spectrogram 1	1	7760.250000	7763.000000	0	0	9	cluster_9	0.9856
6495	Spectrogram 1	1	7762.750000	7763.250000	0	0	6	cluster_6	0.7732
6496	Spectrogram 1	1	7763.000000	7764.250000	0	0	0	cluster_0	0.8760
6497	Spectrogram 1	1	7764.000000	7766.750000	0	0	9	cluster_9	1.0000
6498	Spectrogram 1	1	7766.500000	7767.000000	0	0	2	cluster_2	1.0000
6499	Spectrogram 1	1	7766.750000	7767.250000	0	0	noise	cluster_noise	0.0000
6500	Spectrogram 1	1	7767.000000	7768.250000	0	0	6	cluster_6	0.8667
6501	Spectrogram 1	1	7768.000000	7768.500000	0	0	noise	cluster_noise	0.0000
6502	Spectrogram 1	1	7768.250000	7770.000000	0	0	9	cluster_9	0.9535
6503	Spectrogram 1	1	7769.750000	7770.250000	0	0	noise	cluster_noise	0.0000
6504	Spectrogram 1	1	7770.000000	7770.500000	0	0	8	cluster_8	0.9477
6505	Spectrogram 1	1	7770.250000	7770.750000	0	0	9	cluster_9	1.0000
6506	Spectrogram 1	1	7770.500000	7771.250000	0	0	8	cluster_8	0.9830
6507	Spectrogram 1	1	7771.000000	7771.500000	0	0	9	cluster_9	0.9453
6508	Spectrogram 1	1	7774.000000	7774.500000	0	0	5	cluster_5	1.0000
6509	Spectrogram 1	1	7774.250000	7775.500000	0	0	noise	cluster_noise	0.0000
6510	Spectrogram 1	1	7775.250000	7778.000000	0	0	9	cluster_9	0.9958
6511	Spectrogram 1	1	7777.750000	7779.250000	0	0	6	cluster_6	0.9842
6512	Spectrogram 1	1	7779.000000	7779.500000	0	0	2	cluster_2	1.0000
6513	Spectrogram 1	1	7779.250000	7780.750000	0	0	9	cluster_9	0.9565
6514	Spectrogram 1	1	7780.500000	7781.750000	0	0	8	cluster_8	0.9987
6515	Spectrogram 1	1	7781.500000	7782.000000	0	0	noise	cluster_noise	0.0000
6516	Spectrogram 1	1	7781.750000	7789.000000	0	0	9	cluster_9	0.9751
6517	Spectrogram 1	1	7788.750000	7790.500000	0	0	6	cluster_6	0.9756
6518	Spectrogram 1	1	7790.250000	7790.750000	0	0	2	cluster_2	1.0000
6519	Spectrogram 1	1	7790.500000	7791.750000	0	0	9	cluster_9	1.0000
6520	Spectrogram 1	1	7791.500000	7792.500000	0	0	8	cluster_8	1.0000
6521	Spectrogram 1	1	7792.250000	7792.750000	0	0	noise	cluster_noise	0.0000
6522	Spectrogram 1	1	7792.500000	7795.500000	0	0	9	cluster_9	1.0000
6523	Spectrogram 1	1	7796.000000	7797.000000	0	0	12	cluster_12	1.0000
6524	Spectrogram 1	1	7796.750000	7797.500000	0	0	noise	cluster_noise	0.0000
6525	Spectrogram 1	1	7800.000000	7801.750000	0	0	6	cluster_6	0.9896
6526	Spectrogram 1	1	7801.500000	7802.000000	0	0	2	cluster_2	1.0000
6527	Spectrogram 1	1	7801.750000	7802.500000	0	0	9	cluster_9	1.0000
6528	Spectrogram 1	1	7802.250000	7802.750000	0	0	noise	cluster_noise	0.0000
6529	Spectrogram 1	1	7802.500000	7803.750000	0	0	8	cluster_8	0.9966
6530	Spectrogram 1	1	7803.500000	7804.500000	0	0	noise	cluster_noise	0.0000
6531	Spectrogram 1	1	7804.250000	7806.500000	0	0	9	cluster_9	1.0000
6532	Spectrogram 1	1	7806.250000	7806.750000	0	0	noise	cluster_noise	0.0000
6533	Spectrogram 1	1	7806.500000	7808.000000	0	0	6	cluster_6	0.9345
6534	Spectrogram 1	1	7807.750000	7808.250000	0	0	noise	cluster_noise	0.0000
6535	Spectrogram 1	1	7808.000000	7808.750000	0	0	2	cluster_2	1.0000
6536	Spectrogram 1	1	7808.500000	7813.500000	0	0	9	cluster_9	0.9889
6537	Spectrogram 1	1	7813.250000	7814.250000	0	0	8	cluster_8	0.9831
6538	Spectrogram 1	1	7814.000000	7817.250000	0	0	9	cluster_9	1.0000
6539	Spectrogram 1	1	7817.000000	7817.500000	0	0	2	cluster_2	0.7712
6540	Spectrogram 1	1	7817.250000	7817.750000	0	0	noise	cluster_noise	0.0000
6541	Spectrogram 1	1	7817.500000	7818.750000	0	0	6	cluster_6	0.9070
6542	Spectrogram 1	1	7818.500000	7819.000000	0	0	noise	cluster_noise	0.0000
6543	Spectrogram 1	1	7818.750000	7819.500000	0	0	2	cluster_2	0.9668
6544	Spectrogram 1	1	7819.250000	7821.500000	0	0	9	cluster_9	1.0000
6545	Spectrogram 1	1	7821.250000	7822.500000	0	0	6	cluster_6	0.9685
6546	Spectrogram 1	1	7826.000000	7826.500000	0	0	noise	cluster_noise	0.0000
6547	Spectrogram 1	1	7826.250000	7827.750000	0	0	9	cluster_9	1.0000
6548	Spectrogram 1	1	7827.500000	7828.000000	0	0	noise	cluster_noise	0.0000
6549	Spectrogram 1	1	7827.750000	7829.500000	0	0	6	cluster_6	0.9127
6550	Spectrogram 1	1	7829.250000	7829.750000	0	0	noise	cluster_noise	0.0000
6551	Spectrogram 1	1	7829.500000	7830.250000	0	0	2	cluster_2	0.9848
6552	Spectrogram 1	1	7830.000000	7832.000000	0	0	9	cluster_9	0.9943
6553	Spectrogram 1	1	7831.750000	7833.750000	0	0	6	cluster_6	0.9759
6554	Spectrogram 1	1	7833.500000	7834.250000	0	0	2	cluster_2	1.0000
6555	Spectrogram 1	1	7834.000000	7834.750000	0	0	9	cluster_9	1.0000
6556	Spectrogram 1	1	7834.500000	7835.500000	0	0	8	cluster_8	0.9448
6557	Spectrogram 1	1	7838.000000	7838.500000	0	0	9	cluster_9	1.0000
6558	Spectrogram 1	1	7838.250000	7838.750000	0	0	noise	cluster_noise	0.0000
6559	Spectrogram 1	1	7838.500000	7840.250000	0	0	6	cluster_6	0.9007
6560	Spectrogram 1	1	7840.000000	7840.500000	0	0	noise	cluster_noise	0.0000
6561	Spectrogram 1	1	7840.250000	7840.750000	0	0	2	cluster_2	0.9761
6562	Spectrogram 1	1	7840.500000	7842.500000	0	0	9	cluster_9	0.9930
6563	Spectrogram 1	1	7843.000000	7844.750000	0	0	6	cluster_6	0.9214
6564	Spectrogram 1	1	7844.500000	7845.000000	0	0	2	cluster_2	1.0000
6565	Spectrogram 1	1	7844.750000	7845.250000	0	0	9	cluster_9	1.0000
6566	Spectrogram 1	1	7845.000000	7846.250000	0	0	8	cluster_8	0.9917
6567	Spectrogram 1	1	7846.000000	7852.500000	0	0	9	cluster_9	1.0000
6568	Spectrogram 1	1	7853.000000	7855.000000	0	0	6	cluster_6	1.0000
6569	Spectrogram 1	1	7854.750000	7855.250000	0	0	2	cluster_2	1.0000
6570	Spectrogram 1	1	7855.000000	7855.500000	0	0	9	cluster_9	1.0000
6571	Spectrogram 1	1	7855.250000	7856.500000	0	0	8	cluster_8	0.9325
6572	Spectrogram 1	1	7856.250000	7858.500000	0	0	9	cluster_9	1.0000
6573	Spectrogram 1	1	7861.000000	7861.500000	0	0	2	cluster_2	0.9023
6574	Spectrogram 1	1	7861.250000	7863.250000	0	0	9	cluster_9	0.9743
6575	Spectrogram 1	1	7863.000000	7863.500000	0	0	noise	cluster_noise	0.0000
6576	Spectrogram 1	1	7863.250000	7865.000000	0	0	6	cluster_6	0.9832
6577	Spectrogram 1	1	7864.750000	7865.500000	0	0	2	cluster_2	1.0000
6578	Spectrogram 1	1	7865.250000	7866.000000	0	0	9	cluster_9	1.0000
6579	Spectrogram 1	1	7865.750000	7866.500000	0	0	2	cluster_2	0.8722
6580	Spectrogram 1	1	7866.250000	7873.750000	0	0	9	cluster_9	0.9850
6581	Spectrogram 1	1	7873.500000	7875.750000	0	0	6	cluster_6	0.9996
6582	Spectrogram 1	1	7875.500000	7876.250000	0	0	2	cluster_2	0.9067
6583	Spectrogram 1	1	7876.000000	7878.000000	0	0	9	cluster_9	1.0000
6584	Spectrogram 1	1	7877.750000	7879.750000	0	0	6	cluster_6	0.9374
6585	Spectrogram 1	1	7879.500000	7880.000000	0	0	2	cluster_2	1.0000
6586	Spectrogram 1	1	7879.750000	7880.500000	0	0	9	cluster_9	1.0000
6587	Spectrogram 1	1	7880.250000	7881.250000	0	0	noise	cluster_noise	0.0000
6588	Spectrogram 1	1	7881.000000	7884.750000	0	0	9	cluster_9	0.9493
6589	Spectrogram 1	1	7884.500000	7885.250000	0	0	noise	cluster_noise	0.0000
6590	Spectrogram 1	1	7885.000000	7886.500000	0	0	9	cluster_9	0.9336
6591	Spectrogram 1	1	7886.250000	7887.500000	0	0	noise	cluster_noise	0.0000
6592	Spectrogram 1	1	7887.250000	7888.250000	0	0	9	cluster_9	0.9496
6593	Spectrogram 1	1	7888.000000	7889.000000	0	0	noise	cluster_noise	0.0000
6594	Spectrogram 1	1	7888.750000	7890.500000	0	0	9	cluster_9	0.9879
6595	Spectrogram 1	1	7890.250000	7892.500000	0	0	6	cluster_6	1.0000
6596	Spectrogram 1	1	7897.000000	7898.000000	0	0	noise	cluster_noise	0.0000
6597	Spectrogram 1	1	7897.750000	7899.250000	0	0	9	cluster_9	0.9892
6598	Spectrogram 1	1	7899.000000	7900.000000	0	0	noise	cluster_noise	0.0000
6599	Spectrogram 1	1	7899.750000	7900.750000	0	0	9	cluster_9	1.0000
6600	Spectrogram 1	1	7900.500000	7901.000000	0	0	noise	cluster_noise	0.0000
6601	Spectrogram 1	1	7900.750000	7901.250000	0	0	9	cluster_9	0.7774
6602	Spectrogram 1	1	7901.000000	7901.750000	0	0	noise	cluster_noise	0.0000
6603	Spectrogram 1	1	7901.500000	7902.500000	0	0	9	cluster_9	0.9259
6604	Spectrogram 1	1	7906.000000	7907.250000	0	0	6	cluster_6	1.0000
6605	Spectrogram 1	1	7907.000000	7907.500000	0	0	2	cluster_2	0.9413
6606	Spectrogram 1	1	7907.250000	7909.500000	0	0	9	cluster_9	1.0000
6607	Spectrogram 1	1	7909.250000	7909.750000	0	0	noise	cluster_noise	0.0000
6608	Spectrogram 1	1	7909.500000	7911.000000	0	0	6	cluster_6	0.9139
6609	Spectrogram 1	1	7910.750000	7911.500000	0	0	2	cluster_2	0.9273
6610	Spectrogram 1	1	7911.250000	7912.000000	0	0	9	cluster_9	1.0000
6611	Spectrogram 1	1	7911.750000	7912.750000	0	0	noise	cluster_noise	0.0000
6612	Spectrogram 1	1	7912.500000	7916.000000	0	0	9	cluster_9	1.0000
6613	Spectrogram 1	1	7915.750000	7916.750000	0	0	noise	cluster_noise	0.0000
6614	Spectrogram 1	1	7916.500000	7918.000000	0	0	9	cluster_9	1.0000
6615	Spectrogram 1	1	7917.750000	7918.750000	0	0	noise	cluster_noise	0.0000
6616	Spectrogram 1	1	7918.500000	7920.750000	0	0	9	cluster_9	0.9706
6617	Spectrogram 1	1	7920.500000	7921.000000	0	0	noise	cluster_noise	0.0000
6618	Spectrogram 1	1	7920.750000	7922.500000	0	0	6	cluster_6	1.0000
6619	Spectrogram 1	1	7922.250000	7922.750000	0	0	noise	cluster_noise	0.0000
6620	Spectrogram 1	1	7922.500000	7923.000000	0	0	2	cluster_2	0.8653
6621	Spectrogram 1	1	7922.750000	7924.500000	0	0	9	cluster_9	1.0000
6622	Spectrogram 1	1	7929.000000	7929.500000	0	0	noise	cluster_noise	0.0000
6623	Spectrogram 1	1	7929.250000	7930.250000	0	0	9	cluster_9	1.0000
6624	Spectrogram 1	1	7930.000000	7930.500000	0	0	noise	cluster_noise	0.0000
6625	Spectrogram 1	1	7930.250000	7931.250000	0	0	7	cluster_7	0.9489
6626	Spectrogram 1	1	7931.000000	7933.250000	0	0	9	cluster_9	1.0000
6627	Spectrogram 1	1	7933.000000	7934.500000	0	0	6	cluster_6	1.0000
6628	Spectrogram 1	1	7938.000000	7940.750000	0	0	9	cluster_9	0.9976
6629	Spectrogram 1	1	7940.500000	7941.000000	0	0	noise	cluster_noise	0.0000
6630	Spectrogram 1	1	7940.750000	7941.250000	0	0	7	cluster_7	0.6377
6631	Spectrogram 1	1	7941.000000	7941.750000	0	0	noise	cluster_noise	0.0000
6632	Spectrogram 1	1	7941.500000	7942.000000	0	0	7	cluster_7	0.8052
6633	Spectrogram 1	1	7941.750000	7945.000000	0	0	9	cluster_9	1.0000
6634	Spectrogram 1	1	7944.750000	7946.500000	0	0	6	cluster_6	1.0000
6635	Spectrogram 1	1	7947.000000	7952.000000	0	0	9	cluster_9	0.9814
6636	Spectrogram 1	1	7951.750000	7952.250000	0	0	noise	cluster_noise	0.0000
6637	Spectrogram 1	1	7952.000000	7953.250000	0	0	7	cluster_7	0.8826
6638	Spectrogram 1	1	7953.000000	7954.000000	0	0	9	cluster_9	1.0000
6639	Spectrogram 1	1	7953.750000	7954.250000	0	0	noise	cluster_noise	0.0000
6640	Spectrogram 1	1	7954.000000	7954.500000	0	0	9	cluster_9	1.0000
6641	Spectrogram 1	1	7954.250000	7955.000000	0	0	7	cluster_7	0.9043
6642	Spectrogram 1	1	7954.750000	7957.250000	0	0	9	cluster_9	0.9904
6643	Spectrogram 1	1	7957.000000	7958.750000	0	0	6	cluster_6	1.0000
6644	Spectrogram 1	1	7958.500000	7959.000000	0	0	noise	cluster_noise	0.0000
6645	Spectrogram 1	1	7958.750000	7959.500000	0	0	2	cluster_2	0.9561
6646	Spectrogram 1	1	7959.250000	7965.250000	0	0	9	cluster_9	0.9969
6647	Spectrogram 1	1	7965.000000	7965.500000	0	0	noise	cluster_noise	0.0000
6648	Spectrogram 1	1	7965.250000	7966.500000	0	0	7	cluster_7	0.8824
6649	Spectrogram 1	1	7966.250000	7968.750000	0	0	9	cluster_9	1.0000
6650	Spectrogram 1	1	7968.500000	7969.000000	0	0	2	cluster_2	1.0000
6651	Spectrogram 1	1	7968.750000	7970.750000	0	0	6	cluster_6	0.9353
6652	Spectrogram 1	1	7970.500000	7971.000000	0	0	2	cluster_2	1.0000
6653	Spectrogram 1	1	7970.750000	7971.250000	0	0	9	cluster_9	1.0000
6654	Spectrogram 1	1	7971.000000	7971.500000	0	0	noise	cluster_noise	0.0000
6655	Spectrogram 1	1	7971.250000	7976.500000	0	0	9	cluster_9	0.9653
6656	Spectrogram 1	1	7976.250000	7976.750000	0	0	8	cluster_8	1.0000
6657	Spectrogram 1	1	7976.500000	7977.000000	0	0	7	cluster_7	0.8707
6658	Spectrogram 1	1	7976.750000	7977.500000	0	0	noise	cluster_noise	0.0000
6659	Spectrogram 1	1	7977.250000	7977.750000	0	0	7	cluster_7	0.8057
6660	Spectrogram 1	1	7977.500000	7978.000000	0	0	noise	cluster_noise	0.0000
6661	Spectrogram 1	1	7977.750000	7980.000000	0	0	9	cluster_9	0.9998
6662	Spectrogram 1	1	7979.750000	7980.250000	0	0	2	cluster_2	1.0000
6663	Spectrogram 1	1	7980.000000	7982.000000	0	0	6	cluster_6	0.9610
6664	Spectrogram 1	1	7981.750000	7982.500000	0	0	2	cluster_2	0.8735
6665	Spectrogram 1	1	7982.250000	7986.250000	0	0	9	cluster_9	1.0000
6666	Spectrogram 1	1	7986.000000	7986.500000	0	0	noise	cluster_noise	0.0000
6667	Spectrogram 1	1	7986.250000	7988.000000	0	0	9	cluster_9	0.9360
6668	Spectrogram 1	1	7987.750000	7989.500000	0	0	noise	cluster_noise	0.0000
6669	Spectrogram 1	1	7989.250000	7991.500000	0	0	9	cluster_9	0.9784
6670	Spectrogram 1	1	7991.250000	7991.750000	0	0	2	cluster_2	1.0000
6671	Spectrogram 1	1	7991.500000	7992.000000	0	0	noise	cluster_noise	0.0000
6672	Spectrogram 1	1	7991.750000	7993.750000	0	0	6	cluster_6	0.9175
6673	Spectrogram 1	1	7993.500000	7994.000000	0	0	2	cluster_2	1.0000
6674	Spectrogram 1	1	7993.750000	7994.250000	0	0	9	cluster_9	1.0000
6675	Spectrogram 1	1	7994.000000	7994.500000	0	0	noise	cluster_noise	0.0000
6676	Spectrogram 1	1	7994.250000	7998.250000	0	0	9	cluster_9	0.9913
6677	Spectrogram 1	1	7998.000000	7999.000000	0	0	1	cluster_1	0.7749
6678	Spectrogram 1	1	7998.750000	7999.250000	0	0	2	cluster_2	0.8233
6679	Spectrogram 1	1	7999.000000	7999.500000	0	0	noise	cluster_noise	0.0000
6680	Spectrogram 1	1	7999.250000	8002.250000	0	0	9	cluster_9	0.9684
6681	Spectrogram 1	1	8002.000000	8003.250000	0	0	1	cluster_1	0.8219
6682	Spectrogram 1	1	8003.000000	8003.500000	0	0	2	cluster_2	1.0000
6683	Spectrogram 1	1	8010.000000	8010.500000	0	0	9	cluster_9	1.0000
6684	Spectrogram 1	1	8010.250000	8011.250000	0	0	1	cluster_1	0.8087
6685	Spectrogram 1	1	8011.000000	8011.500000	0	0	noise	cluster_noise	0.0000
6686	Spectrogram 1	1	8011.250000	8011.750000	0	0	2	cluster_2	1.0000
6687	Spectrogram 1	1	8011.500000	8014.500000	0	0	9	cluster_9	0.9575
6688	Spectrogram 1	1	8014.250000	8015.500000	0	0	1	cluster_1	0.8195
6689	Spectrogram 1	1	8023.000000	8024.750000	0	0	9	cluster_9	0.9994
6690	Spectrogram 1	1	8024.500000	8025.500000	0	0	1	cluster_1	0.5797
6691	Spectrogram 1	1	8025.250000	8025.750000	0	0	noise	cluster_noise	0.0000
6692	Spectrogram 1	1	8025.500000	8026.500000	0	0	6	cluster_6	0.7352
6693	Spectrogram 1	1	8026.250000	8026.750000	0	0	2	cluster_2	1.0000
6694	Spectrogram 1	1	8026.500000	8036.250000	0	0	9	cluster_9	0.9996
6695	Spectrogram 1	1	8036.000000	8036.500000	0	0	noise	cluster_noise	0.0000
6696	Spectrogram 1	1	8036.250000	8036.750000	0	0	10	cluster_10	0.4799
6697	Spectrogram 1	1	8036.500000	8038.500000	0	0	9	cluster_9	0.9390
6698	Spectrogram 1	1	8038.250000	8038.750000	0	0	noise	cluster_noise	0.0000
6699	Spectrogram 1	1	8038.500000	8120.500000	0	0	9	cluster_9	0.9977
6700	Spectrogram 1	1	8237.000000	8237.500000	0	0	2	cluster_2	1.0000
6701	Spectrogram 1	1	8237.250000	8239.500000	0	0	9	cluster_9	0.9847
6702	Spectrogram 1	1	8239.250000	8240.500000	0	0	8	cluster_8	1.0000
6703	Spectrogram 1	1	8270.000000	8272.000000	0	0	9	cluster_9	1.0000
6704	Spectrogram 1	1	8271.750000	8272.250000	0	0	noise	cluster_noise	0.0000
6705	Spectrogram 1	1	8272.000000	8272.500000	0	0	2	cluster_2	0.7549
6706	Spectrogram 1	1	8272.250000	8273.000000	0	0	noise	cluster_noise	0.0000
6707	Spectrogram 1	1	8272.750000	8273.500000	0	0	2	cluster_2	1.0000
6708	Spectrogram 1	1	8273.250000	8275.250000	0	0	9	cluster_9	0.9397
6709	Spectrogram 1	1	8275.000000	8275.500000	0	0	8	cluster_8	0.9239
6710	Spectrogram 1	1	8275.250000	8276.000000	0	0	9	cluster_9	1.0000
6711	Spectrogram 1	1	8275.750000	8276.250000	0	0	8	cluster_8	0.9126
6712	Spectrogram 1	1	8276.000000	8286.500000	0	0	9	cluster_9	1.0000
6713	Spectrogram 1	1	8286.250000	8287.000000	0	0	8	cluster_8	0.8291
6714	Spectrogram 1	1	8286.750000	8289.750000	0	0	9	cluster_9	0.9929
6715	Spectrogram 1	1	8289.500000	8290.250000	0	0	noise	cluster_noise	0.0000
6716	Spectrogram 1	1	8290.000000	8290.750000	0	0	6	cluster_6	0.8812
6717	Spectrogram 1	1	8290.500000	8291.000000	0	0	2	cluster_2	1.0000
6718	Spectrogram 1	1	8290.750000	8300.500000	0	0	9	cluster_9	1.0000
6719	Spectrogram 1	1	8300.250000	8301.000000	0	0	noise	cluster_noise	0.0000
6720	Spectrogram 1	1	8300.750000	8301.250000	0	0	12	cluster_12	1.0000
6721	Spectrogram 1	1	8301.000000	8301.500000	0	0	noise	cluster_noise	0.0000
6722	Spectrogram 1	1	8301.250000	8302.000000	0	0	6	cluster_6	1.0000
6723	Spectrogram 1	1	8301.750000	8304.500000	0	0	9	cluster_9	1.0000
6724	Spectrogram 1	1	8305.000000	8306.000000	0	0	6	cluster_6	1.0000
6725	Spectrogram 1	1	8305.750000	8306.500000	0	0	2	cluster_2	0.9455
6726	Spectrogram 1	1	8307.000000	8307.750000	0	0	9	cluster_9	1.0000
6727	Spectrogram 1	1	8307.500000	8308.250000	0	0	8	cluster_8	0.9270
6728	Spectrogram 1	1	8308.000000	8308.500000	0	0	noise	cluster_noise	0.0000
6729	Spectrogram 1	1	8310.000000	8311.500000	0	0	9	cluster_9	1.0000
6730	Spectrogram 1	1	8311.250000	8312.000000	0	0	noise	cluster_noise	0.0000
6731	Spectrogram 1	1	8311.750000	8312.500000	0	0	12	cluster_12	0.9962
6732	Spectrogram 1	1	8312.250000	8313.000000	0	0	noise	cluster_noise	0.0000
6733	Spectrogram 1	1	8312.750000	8315.750000	0	0	9	cluster_9	0.9938
6734	Spectrogram 1	1	8315.500000	8316.000000	0	0	2	cluster_2	0.8696
6735	Spectrogram 1	1	8315.750000	8316.250000	0	0	noise	cluster_noise	0.0000
6736	Spectrogram 1	1	8316.000000	8316.750000	0	0	6	cluster_6	0.7234
6737	Spectrogram 1	1	8316.500000	8317.000000	0	0	noise	cluster_noise	0.0000
6738	Spectrogram 1	1	8316.750000	8317.500000	0	0	2	cluster_2	1.0000
6739	Spectrogram 1	1	8317.250000	8318.000000	0	0	9	cluster_9	1.0000
6740	Spectrogram 1	1	8317.750000	8318.250000	0	0	noise	cluster_noise	0.0000
6741	Spectrogram 1	1	8318.000000	8321.500000	0	0	9	cluster_9	0.9922
6742	Spectrogram 1	1	8323.000000	8324.000000	0	0	noise	cluster_noise	0.0000
6743	Spectrogram 1	1	8323.750000	8326.500000	0	0	9	cluster_9	1.0000
6744	Spectrogram 1	1	8326.250000	8326.750000	0	0	2	cluster_2	0.8400
6745	Spectrogram 1	1	8326.500000	8328.000000	0	0	6	cluster_6	0.9102
6746	Spectrogram 1	1	8327.750000	8328.500000	0	0	2	cluster_2	1.0000
6747	Spectrogram 1	1	8328.250000	8328.750000	0	0	9	cluster_9	1.0000
6748	Spectrogram 1	1	8328.500000	8329.000000	0	0	8	cluster_8	1.0000
6749	Spectrogram 1	1	8328.750000	8333.000000	0	0	9	cluster_9	0.9900
6750	Spectrogram 1	1	8332.750000	8333.250000	0	0	noise	cluster_noise	0.0000
6751	Spectrogram 1	1	8333.000000	8334.000000	0	0	12	cluster_12	1.0000
6752	Spectrogram 1	1	8333.750000	8334.500000	0	0	noise	cluster_noise	0.0000
6753	Spectrogram 1	1	8336.000000	8337.250000	0	0	9	cluster_9	0.9667
6754	Spectrogram 1	1	8337.000000	8337.500000	0	0	2	cluster_2	0.8592
6755	Spectrogram 1	1	8337.250000	8338.250000	0	0	noise	cluster_noise	0.0000
6756	Spectrogram 1	1	8338.000000	8339.000000	0	0	2	cluster_2	0.9847
6757	Spectrogram 1	1	8338.750000	8339.500000	0	0	9	cluster_9	1.0000
6758	Spectrogram 1	1	8339.250000	8340.750000	0	0	8	cluster_8	0.9391
6759	Spectrogram 1	1	8340.500000	8343.500000	0	0	9	cluster_9	1.0000
6760	Spectrogram 1	1	8345.000000	8345.500000	0	0	noise	cluster_noise	0.0000
6761	Spectrogram 1	1	8345.250000	8346.500000	0	0	9	cluster_9	0.9617
6762	Spectrogram 1	1	8349.000000	8350.000000	0	0	2	cluster_2	0.9262
6763	Spectrogram 1	1	8349.750000	8350.500000	0	0	9	cluster_9	1.0000
6764	Spectrogram 1	1	8350.250000	8351.000000	0	0	8	cluster_8	0.9351
6765	Spectrogram 1	1	8350.750000	8351.250000	0	0	noise	cluster_noise	0.0000
6766	Spectrogram 1	1	8351.000000	8351.500000	0	0	8	cluster_8	0.9947
6767	Spectrogram 1	1	8351.250000	8354.500000	0	0	9	cluster_9	1.0000
6768	Spectrogram 1	1	8354.250000	8355.000000	0	0	noise	cluster_noise	0.0000
6769	Spectrogram 1	1	8354.750000	8355.500000	0	0	12	cluster_12	1.0000
6770	Spectrogram 1	1	8359.000000	8360.000000	0	0	noise	cluster_noise	0.0000
6771	Spectrogram 1	1	8359.750000	8360.250000	0	0	2	cluster_2	1.0000
6772	Spectrogram 1	1	8360.000000	8361.250000	0	0	9	cluster_9	0.9494
6773	Spectrogram 1	1	8361.000000	8361.500000	0	0	noise	cluster_noise	0.0000
6774	Spectrogram 1	1	8361.250000	8362.250000	0	0	8	cluster_8	0.9757
6775	Spectrogram 1	1	8362.000000	8365.250000	0	0	9	cluster_9	1.0000
6776	Spectrogram 1	1	8365.000000	8365.750000	0	0	noise	cluster_noise	0.0000
6777	Spectrogram 1	1	8365.500000	8366.500000	0	0	12	cluster_12	1.0000
6778	Spectrogram 1	1	8366.250000	8366.750000	0	0	noise	cluster_noise	0.0000
6779	Spectrogram 1	1	8366.500000	8372.000000	0	0	9	cluster_9	0.9844
6780	Spectrogram 1	1	8371.750000	8372.750000	0	0	noise	cluster_noise	0.0000
6781	Spectrogram 1	1	8372.500000	8376.000000	0	0	9	cluster_9	1.0000
6782	Spectrogram 1	1	8375.750000	8376.500000	0	0	noise	cluster_noise	0.0000
6783	Spectrogram 1	1	8376.250000	8377.250000	0	0	12	cluster_12	1.0000
6784	Spectrogram 1	1	8377.000000	8377.500000	0	0	noise	cluster_noise	0.0000
6785	Spectrogram 1	1	8377.250000	8382.500000	0	0	9	cluster_9	0.9894
6786	Spectrogram 1	1	8382.250000	8382.750000	0	0	2	cluster_2	1.0000
6787	Spectrogram 1	1	8382.500000	8383.250000	0	0	noise	cluster_noise	0.0000
6788	Spectrogram 1	1	8383.000000	8384.250000	0	0	9	cluster_9	0.9762
6789	Spectrogram 1	1	8384.000000	8384.500000	0	0	2	cluster_2	0.9275
6790	Spectrogram 1	1	8384.250000	8385.000000	0	0	noise	cluster_noise	0.0000
6791	Spectrogram 1	1	8384.750000	8385.250000	0	0	2	cluster_2	1.0000
6792	Spectrogram 1	1	8385.000000	8386.000000	0	0	9	cluster_9	0.9572
6793	Spectrogram 1	1	8385.750000	8386.250000	0	0	2	cluster_2	0.8874
6794	Spectrogram 1	1	8386.000000	8386.750000	0	0	noise	cluster_noise	0.0000
6795	Spectrogram 1	1	8386.500000	8387.500000	0	0	2	cluster_2	0.9523
6796	Spectrogram 1	1	8387.250000	8388.750000	0	0	9	cluster_9	1.0000
6797	Spectrogram 1	1	8388.500000	8389.000000	0	0	2	cluster_2	1.0000
6798	Spectrogram 1	1	8388.750000	8390.250000	0	0	6	cluster_6	0.9993
6799	Spectrogram 1	1	8390.000000	8390.500000	0	0	noise	cluster_noise	0.0000
6800	Spectrogram 1	1	8393.000000	8394.000000	0	0	6	cluster_6	0.7218
6801	Spectrogram 1	1	8393.750000	8394.500000	0	0	2	cluster_2	0.9744
6802	Spectrogram 1	1	8394.250000	8395.000000	0	0	9	cluster_9	0.9760
6803	Spectrogram 1	1	8394.750000	8395.250000	0	0	2	cluster_2	0.8512
6804	Spectrogram 1	1	8395.000000	8395.500000	0	0	noise	cluster_noise	0.0000
6805	Spectrogram 1	1	8396.000000	8396.500000	0	0	2	cluster_2	1.0000
6806	Spectrogram 1	1	8396.250000	8397.000000	0	0	9	cluster_9	0.9710
6807	Spectrogram 1	1	8396.750000	8397.500000	0	0	noise	cluster_noise	0.0000
6808	Spectrogram 1	1	8397.250000	8397.750000	0	0	2	cluster_2	1.0000
6809	Spectrogram 1	1	8397.500000	8398.500000	0	0	9	cluster_9	0.9770
6810	Spectrogram 1	1	8398.250000	8398.750000	0	0	2	cluster_2	0.9537
6811	Spectrogram 1	1	8398.500000	8399.250000	0	0	noise	cluster_noise	0.0000
6812	Spectrogram 1	1	8399.000000	8400.250000	0	0	2	cluster_2	0.9563
6813	Spectrogram 1	1	8400.000000	8401.000000	0	0	9	cluster_9	1.0000
6814	Spectrogram 1	1	8400.750000	8401.250000	0	0	2	cluster_2	1.0000
6815	Spectrogram 1	1	8401.000000	8401.500000	0	0	6	cluster_6	1.0000
6816	Spectrogram 1	1	8404.000000	8407.250000	0	0	9	cluster_9	1.0000
6817	Spectrogram 1	1	8407.000000	8408.250000	0	0	noise	cluster_noise	0.0000
6818	Spectrogram 1	1	8408.000000	8409.750000	0	0	9	cluster_9	0.9665
6819	Spectrogram 1	1	8409.500000	8410.000000	0	0	noise	cluster_noise	0.0000
6820	Spectrogram 1	1	8409.750000	8420.500000	0	0	9	cluster_9	0.9595
6821	Spectrogram 1	1	8420.250000	8421.500000	0	0	noise	cluster_noise	0.0000
6822	Spectrogram 1	1	8421.250000	8422.500000	0	0	9	cluster_9	0.9733
6823	Spectrogram 1	1	8425.000000	8425.500000	0	0	6	cluster_6	0.9978
6824	Spectrogram 1	1	8425.250000	8426.000000	0	0	2	cluster_2	0.8891
6825	Spectrogram 1	1	8425.750000	8429.250000	0	0	9	cluster_9	0.9932
6826	Spectrogram 1	1	8429.000000	8430.750000	0	0	noise	cluster_noise	0.0000
6827	Spectrogram 1	1	8430.500000	8432.000000	0	0	9	cluster_9	0.9232
6828	Spectrogram 1	1	8431.750000	8432.750000	0	0	5	cluster_5	1.0000
6829	Spectrogram 1	1	8432.500000	8433.000000	0	0	noise	cluster_noise	0.0000
6830	Spectrogram 1	1	8432.750000	8440.750000	0	0	9	cluster_9	0.9805
6831	Spectrogram 1	1	8440.500000	8441.750000	0	0	noise	cluster_noise	0.0000
6832	Spectrogram 1	1	8441.500000	8442.500000	0	0	9	cluster_9	0.9763
6833	Spectrogram 1	1	8447.000000	8447.750000	0	0	6	cluster_6	1.0000
6834	Spectrogram 1	1	8447.500000	8448.000000	0	0	noise	cluster_noise	0.0000
6835	Spectrogram 1	1	8447.750000	8448.250000	0	0	2	cluster_2	1.0000
6836	Spectrogram 1	1	8448.000000	8452.500000	0	0	9	cluster_9	0.9529
6837	Spectrogram 1	1	8452.250000	8453.000000	0	0	noise	cluster_noise	0.0000
6838	Spectrogram 1	1	8452.750000	8454.500000	0	0	9	cluster_9	0.9531
6839	Spectrogram 1	1	8458.000000	8458.750000	0	0	6	cluster_6	1.0000
6840	Spectrogram 1	1	8458.500000	8459.000000	0	0	noise	cluster_noise	0.0000
6841	Spectrogram 1	1	8458.750000	8459.250000	0	0	2	cluster_2	1.0000
6842	Spectrogram 1	1	8459.000000	8462.750000	0	0	9	cluster_9	0.9965
6843	Spectrogram 1	1	8462.500000	8463.000000	0	0	noise	cluster_noise	0.0000
6844	Spectrogram 1	1	8462.750000	8463.250000	0	0	9	cluster_9	0.7676
6845	Spectrogram 1	1	8463.000000	8464.000000	0	0	noise	cluster_noise	0.0000
6846	Spectrogram 1	1	8463.750000	8465.000000	0	0	9	cluster_9	0.9869
6847	Spectrogram 1	1	8464.750000	8465.500000	0	0	noise	cluster_noise	0.0000
6848	Spectrogram 1	1	8465.250000	8465.750000	0	0	9	cluster_9	0.9418
6849	Spectrogram 1	1	8465.500000	8466.250000	0	0	noise	cluster_noise	0.0000
6850	Spectrogram 1	1	8466.000000	8468.250000	0	0	9	cluster_9	1.0000
6851	Spectrogram 1	1	8468.000000	8468.500000	0	0	2	cluster_2	1.0000
6852	Spectrogram 1	1	8468.250000	8470.000000	0	0	6	cluster_6	0.9675
6853	Spectrogram 1	1	8469.750000	8470.250000	0	0	noise	cluster_noise	0.0000
6854	Spectrogram 1	1	8470.000000	8470.500000	0	0	2	cluster_2	1.0000
6855	Spectrogram 1	1	8470.250000	8476.500000	0	0	9	cluster_9	0.9663
6856	Spectrogram 1	1	8476.250000	8477.500000	0	0	noise	cluster_noise	0.0000
6857	Spectrogram 1	1	8477.250000	8479.500000	0	0	9	cluster_9	1.0000
6858	Spectrogram 1	1	8479.250000	8479.750000	0	0	2	cluster_2	0.8984
6859	Spectrogram 1	1	8479.500000	8481.250000	0	0	6	cluster_6	0.9774
6860	Spectrogram 1	1	8481.000000	8481.500000	0	0	noise	cluster_noise	0.0000
6861	Spectrogram 1	1	8481.250000	8482.000000	0	0	2	cluster_2	1.0000
6862	Spectrogram 1	1	8481.750000	8484.750000	0	0	9	cluster_9	0.9442
6863	Spectrogram 1	1	8484.500000	8485.750000	0	0	noise	cluster_noise	0.0000
6864	Spectrogram 1	1	8485.500000	8486.750000	0	0	9	cluster_9	0.9471
6865	Spectrogram 1	1	8486.500000	8487.250000	0	0	2	cluster_2	0.9550
6866	Spectrogram 1	1	8487.000000	8495.250000	0	0	9	cluster_9	0.9901
6867	Spectrogram 1	1	8495.000000	8495.750000	0	0	noise	cluster_noise	0.0000
6868	Spectrogram 1	1	8495.500000	8496.000000	0	0	10	cluster_10	0.4807
6869	Spectrogram 1	1	8495.750000	8497.500000	0	0	9	cluster_9	1.0000
6870	Spectrogram 1	1	8497.250000	8498.000000	0	0	noise	cluster_noise	0.0000
6871	Spectrogram 1	1	8497.750000	8500.500000	0	0	9	cluster_9	1.0000
6872	Spectrogram 1	1	8507.000000	8507.500000	0	0	noise	cluster_noise	0.0000
6873	Spectrogram 1	1	8507.250000	8509.000000	0	0	9	cluster_9	1.0000
6874	Spectrogram 1	1	8508.750000	8509.500000	0	0	noise	cluster_noise	0.0000
6875	Spectrogram 1	1	8509.250000	8510.750000	0	0	9	cluster_9	0.9814
6876	Spectrogram 1	1	8510.500000	8511.250000	0	0	noise	cluster_noise	0.0000
6877	Spectrogram 1	1	8511.000000	8511.500000	0	0	10	cluster_10	0.5492
6878	Spectrogram 1	1	8517.000000	8519.250000	0	0	9	cluster_9	1.0000
6879	Spectrogram 1	1	8519.000000	8519.750000	0	0	noise	cluster_noise	0.0000
6880	Spectrogram 1	1	8519.500000	8520.000000	0	0	1	cluster_1	0.4482
6881	Spectrogram 1	1	8519.750000	8520.250000	0	0	noise	cluster_noise	0.0000
6882	Spectrogram 1	1	8520.000000	8522.000000	0	0	9	cluster_9	0.9844
6883	Spectrogram 1	1	8521.750000	8522.500000	0	0	noise	cluster_noise	0.0000
6884	Spectrogram 1	1	8528.000000	8528.500000	0	0	9	cluster_9	1.0000
6885	Spectrogram 1	1	8528.250000	8529.000000	0	0	noise	cluster_noise	0.0000
6886	Spectrogram 1	1	8528.750000	8529.500000	0	0	9	cluster_9	1.0000
6887	Spectrogram 1	1	8529.250000	8530.000000	0	0	noise	cluster_noise	0.0000
6888	Spectrogram 1	1	8529.750000	8532.250000	0	0	9	cluster_9	0.9917
6889	Spectrogram 1	1	8532.000000	8533.000000	0	0	1	cluster_1	0.6380
6890	Spectrogram 1	1	8532.750000	8534.500000	0	0	9	cluster_9	1.0000
6891	Spectrogram 1	1	8540.000000	8540.750000	0	0	noise	cluster_noise	0.0000
6892	Spectrogram 1	1	8540.500000	8541.000000	0	0	10	cluster_10	0.5370
6893	Spectrogram 1	1	8540.750000	8542.250000	0	0	9	cluster_9	0.9800
6894	Spectrogram 1	1	8542.000000	8542.500000	0	0	noise	cluster_noise	0.0000
6895	Spectrogram 1	1	8542.250000	8542.750000	0	0	10	cluster_10	0.5270
6896	Spectrogram 1	1	8542.500000	8543.000000	0	0	9	cluster_9	1.0000
6897	Spectrogram 1	1	8542.750000	8543.500000	0	0	noise	cluster_noise	0.0000
6898	Spectrogram 1	1	8543.250000	8544.250000	0	0	9	cluster_9	0.9811
6899	Spectrogram 1	1	8544.000000	8544.500000	0	0	noise	cluster_noise	0.0000
6900	Spectrogram 1	1	8544.250000	8545.000000	0	0	10	cluster_10	0.5510
6901	Spectrogram 1	1	8544.750000	8545.500000	0	0	9	cluster_9	0.9933
6902	Spectrogram 1	1	8551.000000	8551.500000	0	0	1	cluster_1	0.4599
6903	Spectrogram 1	1	8551.250000	8551.750000	0	0	2	cluster_2	0.7818
6904	Spectrogram 1	1	8551.500000	8563.500000	0	0	9	cluster_9	0.9698
6905	Spectrogram 1	1	8563.250000	8563.750000	0	0	noise	cluster_noise	0.0000
6906	Spectrogram 1	1	8563.500000	8564.000000	0	0	10	cluster_10	0.5055
6907	Spectrogram 1	1	8563.750000	8564.250000	0	0	noise	cluster_noise	0.0000
6908	Spectrogram 1	1	8564.000000	8567.000000	0	0	9	cluster_9	0.9699
6909	Spectrogram 1	1	8566.750000	8567.250000	0	0	10	cluster_10	0.5067
6910	Spectrogram 1	1	8567.000000	8567.500000	0	0	noise	cluster_noise	0.0000
6911	Spectrogram 1	1	8567.250000	8568.000000	0	0	9	cluster_9	1.0000
6912	Spectrogram 1	1	8567.750000	8568.250000	0	0	noise	cluster_noise	0.0000
6913	Spectrogram 1	1	8568.000000	8568.500000	0	0	9	cluster_9	1.0000
6914	Spectrogram 1	1	8571.000000	8571.750000	0	0	8	cluster_8	0.9304
6915	Spectrogram 1	1	8571.500000	8572.500000	0	0	9	cluster_9	1.0000
6916	Spectrogram 1	1	8576.000000	8576.500000	0	0	10	cluster_10	0.5699
6917	Spectrogram 1	1	8576.250000	8586.750000	0	0	9	cluster_9	0.9833
6918	Spectrogram 1	1	8586.500000	8587.000000	0	0	noise	cluster_noise	0.0000
6919	Spectrogram 1	1	8586.750000	8590.500000	0	0	8	cluster_8	1.0000
6920	Spectrogram 1	1	8590.250000	8592.250000	0	0	9	cluster_9	1.0000
6921	Spectrogram 1	1	8592.000000	8592.750000	0	0	8	cluster_8	1.0000
6922	Spectrogram 1	1	8592.500000	8593.000000	0	0	noise	cluster_noise	0.0000
6923	Spectrogram 1	1	8592.750000	8594.750000	0	0	9	cluster_9	1.0000
6924	Spectrogram 1	1	8594.500000	8595.500000	0	0	8	cluster_8	0.9259
6925	Spectrogram 1	1	8595.250000	8607.250000	0	0	9	cluster_9	0.9671
6926	Spectrogram 1	1	8607.000000	8607.500000	0	0	noise	cluster_noise	0.0000
6927	Spectrogram 1	1	8607.250000	8608.000000	0	0	8	cluster_8	1.0000
6928	Spectrogram 1	1	8607.750000	8610.250000	0	0	9	cluster_9	1.0000
6929	Spectrogram 1	1	8610.000000	8611.000000	0	0	8	cluster_8	1.0000
6930	Spectrogram 1	1	8610.750000	8612.750000	0	0	9	cluster_9	1.0000
6931	Spectrogram 1	1	8612.500000	8613.500000	0	0	8	cluster_8	1.0000
6932	Spectrogram 1	1	8613.250000	8615.250000	0	0	9	cluster_9	1.0000
6933	Spectrogram 1	1	8615.000000	8616.000000	0	0	8	cluster_8	0.9649
6934	Spectrogram 1	1	8615.750000	8616.500000	0	0	9	cluster_9	1.0000
6935	Spectrogram 1	1	8617.000000	8617.500000	0	0	noise	cluster_noise	0.0000
6936	Spectrogram 1	1	8617.250000	8618.000000	0	0	8	cluster_8	1.0000
6937	Spectrogram 1	1	8617.750000	8627.750000	0	0	9	cluster_9	0.9799
6938	Spectrogram 1	1	8627.500000	8628.000000	0	0	noise	cluster_noise	0.0000
6939	Spectrogram 1	1	8627.750000	8630.250000	0	0	9	cluster_9	0.9962
6940	Spectrogram 1	1	8630.000000	8631.000000	0	0	8	cluster_8	1.0000
6941	Spectrogram 1	1	8630.750000	8632.750000	0	0	9	cluster_9	0.9750
6942	Spectrogram 1	1	8632.500000	8633.000000	0	0	noise	cluster_noise	0.0000
6943	Spectrogram 1	1	8632.750000	8633.500000	0	0	8	cluster_8	0.9822
6944	Spectrogram 1	1	8633.250000	8641.000000	0	0	9	cluster_9	0.9722
6945	Spectrogram 1	1	8640.750000	8642.000000	0	0	8	cluster_8	0.9854
6946	Spectrogram 1	1	8641.750000	8644.000000	0	0	9	cluster_9	1.0000
6947	Spectrogram 1	1	8643.750000	8644.500000	0	0	8	cluster_8	0.9477
6948	Spectrogram 1	1	8645.000000	8646.500000	0	0	9	cluster_9	1.0000
6949	Spectrogram 1	1	8646.250000	8647.500000	0	0	8	cluster_8	1.0000
6950	Spectrogram 1	1	8647.250000	8647.750000	0	0	noise	cluster_noise	0.0000
6951	Spectrogram 1	1	8647.500000	8660.250000	0	0	9	cluster_9	0.9846
6952	Spectrogram 1	1	8660.000000	8660.500000	0	0	noise	cluster_noise	0.0000
6953	Spectrogram 1	1	8660.250000	8660.750000	0	0	0	cluster_0	0.9981
6954	Spectrogram 1	1	8660.500000	8661.250000	0	0	8	cluster_8	0.9532
6955	Spectrogram 1	1	8661.000000	8747.500000	0	0	9	cluster_9	0.9874
6956	Spectrogram 1	1	8761.000000	8761.500000	0	0	2	cluster_2	0.9537
6957	Spectrogram 1	1	8761.250000	8772.750000	0	0	9	cluster_9	0.9651
6958	Spectrogram 1	1	8772.500000	8773.000000	0	0	noise	cluster_noise	0.0000
6959	Spectrogram 1	1	8772.750000	8773.250000	0	0	6	cluster_6	1.0000
6960	Spectrogram 1	1	8773.000000	8774.000000	0	0	noise	cluster_noise	0.0000
6961	Spectrogram 1	1	8773.750000	8774.250000	0	0	1	cluster_1	0.6181
6962	Spectrogram 1	1	8774.000000	8776.500000	0	0	9	cluster_9	0.9799
6963	Spectrogram 1	1	8784.000000	8784.750000	0	0	6	cluster_6	0.7255
6964	Spectrogram 1	1	8784.500000	8785.000000	0	0	noise	cluster_noise	0.0000
6965	Spectrogram 1	1	8784.750000	8785.250000	0	0	2	cluster_2	1.0000
6966	Spectrogram 1	1	8785.000000	8785.500000	0	0	9	cluster_9	0.7440
6967	Spectrogram 1	1	8785.250000	8786.250000	0	0	2	cluster_2	0.9500
6968	Spectrogram 1	1	8786.000000	8788.500000	0	0	9	cluster_9	1.0000
6969	Spectrogram 1	1	8788.250000	8788.750000	0	0	2	cluster_2	0.9341
6970	Spectrogram 1	1	8788.500000	8789.000000	0	0	noise	cluster_noise	0.0000
6971	Spectrogram 1	1	8788.750000	8789.500000	0	0	6	cluster_6	0.8460
6972	Spectrogram 1	1	8789.250000	8789.750000	0	0	2	cluster_2	1.0000
6973	Spectrogram 1	1	8789.500000	8793.500000	0	0	9	cluster_9	0.9646
6974	Spectrogram 1	1	8796.000000	8797.000000	0	0	noise	cluster_noise	0.0000
6975	Spectrogram 1	1	8796.750000	8800.250000	0	0	9	cluster_9	0.9869
6976	Spectrogram 1	1	8800.000000	8801.500000	0	0	2	cluster_2	0.9103
6977	Spectrogram 1	1	8801.250000	8802.000000	0	0	9	cluster_9	1.0000
6978	Spectrogram 1	1	8801.750000	8802.250000	0	0	2	cluster_2	0.9445
6979	Spectrogram 1	1	8802.000000	8802.500000	0	0	noise	cluster_noise	0.0000
6980	Spectrogram 1	1	8802.250000	8803.500000	0	0	9	cluster_9	1.0000
6981	Spectrogram 1	1	8804.000000	8804.500000	0	0	noise	cluster_noise	0.0000
6982	Spectrogram 1	1	8804.250000	8805.500000	0	0	9	cluster_9	1.0000
6983	Spectrogram 1	1	8806.000000	8806.500000	0	0	noise	cluster_noise	0.0000
6984	Spectrogram 1	1	8806.250000	8810.750000	0	0	9	cluster_9	1.0000
6985	Spectrogram 1	1	8810.500000	8812.000000	0	0	6	cluster_6	0.8814
6986	Spectrogram 1	1	8811.750000	8812.250000	0	0	2	cluster_2	1.0000
6987	Spectrogram 1	1	8812.000000	8812.500000	0	0	noise	cluster_noise	0.0000
6988	Spectrogram 1	1	8812.250000	8814.500000	0	0	9	cluster_9	1.0000
6989	Spectrogram 1	1	8814.250000	8814.750000	0	0	2	cluster_2	0.9256
6990	Spectrogram 1	1	8814.500000	8815.250000	0	0	noise	cluster_noise	0.0000
6991	Spectrogram 1	1	8815.000000	8815.750000	0	0	2	cluster_2	0.8448
6992	Spectrogram 1	1	8815.500000	8816.000000	0	0	noise	cluster_noise	0.0000
6993	Spectrogram 1	1	8815.750000	8825.250000	0	0	9	cluster_9	0.9909
6994	Spectrogram 1	1	8825.000000	8826.000000	0	0	6	cluster_6	1.0000
6995	Spectrogram 1	1	8825.750000	8826.500000	0	0	9	cluster_9	0.9551
6996	Spectrogram 1	1	8826.250000	8826.750000	0	0	noise	cluster_noise	0.0000
6997	Spectrogram 1	1	8826.500000	8829.250000	0	0	9	cluster_9	1.0000
6998	Spectrogram 1	1	8829.000000	8829.500000	0	0	2	cluster_2	0.9638
6999	Spectrogram 1	1	8829.250000	8829.750000	0	0	noise	cluster_noise	0.0000
7000	Spectrogram 1	1	8829.500000	8830.000000	0	0	2	cluster_2	1.0000
7001	Spectrogram 1	1	8829.750000	8837.500000	0	0	9	cluster_9	0.9726
7002	Spectrogram 1	1	8837.250000	8837.750000	0	0	noise	cluster_noise	0.0000
7003	Spectrogram 1	1	8837.500000	8838.000000	0	0	9	cluster_9	0.8780
7004	Spectrogram 1	1	8837.750000	8838.250000	0	0	noise	cluster_noise	0.0000
7005	Spectrogram 1	1	8838.000000	8840.000000	0	0	9	cluster_9	0.9888
7006	Spectrogram 1	1	8839.750000	8840.250000	0	0	noise	cluster_noise	0.0000
7007	Spectrogram 1	1	8840.000000	9038.250000	0	0	9	cluster_9	0.9993
7008	Spectrogram 1	1	9038.000000	9038.500000	0	0	8	cluster_8	0.8473
7009	Spectrogram 1	1	9041.000000	9047.500000	0	0	9	cluster_9	0.9905
7010	Spectrogram 1	1	9047.250000	9047.750000	0	0	8	cluster_8	0.9156
7011	Spectrogram 1	1	9047.500000	9048.000000	0	0	noise	cluster_noise	0.0000
7012	Spectrogram 1	1	9047.750000	9050.500000	0	0	9	cluster_9	0.9871
7013	Spectrogram 1	1	9050.250000	9050.750000	0	0	noise	cluster_noise	0.0000
7014	Spectrogram 1	1	9050.500000	9051.000000	0	0	9	cluster_9	1.0000
7015	Spectrogram 1	1	9050.750000	9051.250000	0	0	noise	cluster_noise	0.0000
7016	Spectrogram 1	1	9051.000000	9056.250000	0	0	9	cluster_9	0.9801
7017	Spectrogram 1	1	9056.000000	9056.500000	0	0	8	cluster_8	0.9740
7018	Spectrogram 1	1	9056.250000	9065.250000	0	0	9	cluster_9	0.9738
7019	Spectrogram 1	1	9065.000000	9065.750000	0	0	8	cluster_8	0.9202
7020	Spectrogram 1	1	9065.500000	9078.750000	0	0	9	cluster_9	0.9806
7021	Spectrogram 1	1	9078.500000	9079.000000	0	0	8	cluster_8	0.9663
7022	Spectrogram 1	1	9078.750000	9079.250000	0	0	noise	cluster_noise	0.0000
7023	Spectrogram 1	1	9079.000000	9082.000000	0	0	9	cluster_9	0.9769
7024	Spectrogram 1	1	9081.750000	9082.250000	0	0	8	cluster_8	0.9547
7025	Spectrogram 1	1	9082.000000	9082.500000	0	0	noise	cluster_noise	0.0000
7026	Spectrogram 1	1	9082.250000	9096.750000	0	0	9	cluster_9	1.0000
7027	Spectrogram 1	1	9096.500000	9097.500000	0	0	8	cluster_8	0.9914
7028	Spectrogram 1	1	9097.250000	9100.000000	0	0	9	cluster_9	1.0000
7029	Spectrogram 1	1	9099.750000	9101.250000	0	0	noise	cluster_noise	0.0000
7030	Spectrogram 1	1	9101.000000	9105.000000	0	0	9	cluster_9	1.0000
7031	Spectrogram 1	1	9104.750000	9105.250000	0	0	8	cluster_8	0.9374
7032	Spectrogram 1	1	9105.000000	9109.500000	0	0	9	cluster_9	1.0000
7033	Spectrogram 1	1	9109.250000	9109.750000	0	0	noise	cluster_noise	0.0000
7034	Spectrogram 1	1	9109.500000	9114.750000	0	0	9	cluster_9	0.9783
7035	Spectrogram 1	1	9114.500000	9115.750000	0	0	noise	cluster_noise	0.0000
7036	Spectrogram 1	1	9115.500000	9119.250000	0	0	9	cluster_9	1.0000
7037	Spectrogram 1	1	9119.000000	9119.500000	0	0	noise	cluster_noise	0.0000
7038	Spectrogram 1	1	9119.250000	9190.500000	0	0	9	cluster_9	1.0000
7039	Spectrogram 1	1	9190.250000	9190.750000	0	0	noise	cluster_noise	0.0000
7040	Spectrogram 1	1	9190.500000	9221.750000	0	0	9	cluster_9	1.0000
7041	Spectrogram 1	1	9221.500000	9222.500000	0	0	6	cluster_6	0.7882
7042	Spectrogram 1	1	9222.250000	9223.000000	0	0	noise	cluster_noise	0.0000
7043	Spectrogram 1	1	9222.750000	9223.250000	0	0	2	cluster_2	1.0000
7044	Spectrogram 1	1	9223.000000	9233.500000	0	0	9	cluster_9	1.0000
7045	Spectrogram 1	1	9233.250000	9233.750000	0	0	6	cluster_6	0.8294
7046	Spectrogram 1	1	9233.500000	9234.750000	0	0	noise	cluster_noise	0.0000
7047	Spectrogram 1	1	9234.500000	9235.000000	0	0	2	cluster_2	0.9158
7048	Spectrogram 1	1	9234.750000	9236.000000	0	0	9	cluster_9	0.9844
7049	Spectrogram 1	1	9235.750000	9236.250000	0	0	8	cluster_8	0.9023
7050	Spectrogram 1	1	9236.000000	9236.500000	0	0	noise	cluster_noise	0.0000
7051	Spectrogram 1	1	9236.250000	9240.750000	0	0	9	cluster_9	1.0000
7052	Spectrogram 1	1	9240.500000	9241.000000	0	0	noise	cluster_noise	0.0000
7053	Spectrogram 1	1	9240.750000	9241.500000	0	0	12	cluster_12	1.0000
7054	Spectrogram 1	1	9245.000000	9246.250000	0	0	9	cluster_9	0.9014
7055	Spectrogram 1	1	9246.000000	9246.500000	0	0	2	cluster_2	1.0000
7056	Spectrogram 1	1	9246.250000	9263.250000	0	0	9	cluster_9	0.9891
7057	Spectrogram 1	1	9263.000000	9264.000000	0	0	noise	cluster_noise	0.0000
7058	Spectrogram 1	1	9263.750000	9264.250000	0	0	2	cluster_2	1.0000
7059	Spectrogram 1	1	9264.000000	9267.000000	0	0	9	cluster_9	1.0000
7060	Spectrogram 1	1	9266.750000	9267.750000	0	0	noise	cluster_noise	0.0000
7061	Spectrogram 1	1	9267.500000	9268.000000	0	0	2	cluster_2	0.8639
7062	Spectrogram 1	1	9267.750000	9268.250000	0	0	noise	cluster_noise	0.0000
7063	Spectrogram 1	1	9268.000000	9268.500000	0	0	2	cluster_2	0.8209
7064	Spectrogram 1	1	9270.000000	9273.500000	0	0	9	cluster_9	1.0000
7065	Spectrogram 1	1	9273.250000	9273.750000	0	0	6	cluster_6	0.7135
7066	Spectrogram 1	1	9273.500000	9274.750000	0	0	noise	cluster_noise	0.0000
7067	Spectrogram 1	1	9274.500000	9275.000000	0	0	2	cluster_2	0.9049
7068	Spectrogram 1	1	9274.750000	9277.250000	0	0	9	cluster_9	0.9741
7069	Spectrogram 1	1	9277.000000	9277.500000	0	0	2	cluster_2	0.9734
7070	Spectrogram 1	1	9277.250000	9277.750000	0	0	noise	cluster_noise	0.0000
7071	Spectrogram 1	1	9277.500000	9278.000000	0	0	6	cluster_6	0.6633
7072	Spectrogram 1	1	9277.750000	9278.750000	0	0	noise	cluster_noise	0.0000
7073	Spectrogram 1	1	9278.500000	9279.250000	0	0	2	cluster_2	0.9358
7074	Spectrogram 1	1	9279.000000	9284.500000	0	0	9	cluster_9	1.0000
7075	Spectrogram 1	1	9284.250000	9285.000000	0	0	noise	cluster_noise	0.0000
7076	Spectrogram 1	1	9284.750000	9287.500000	0	0	9	cluster_9	0.9669
7077	Spectrogram 1	1	9287.250000	9288.500000	0	0	6	cluster_6	1.0000
7078	Spectrogram 1	1	9288.250000	9289.250000	0	0	noise	cluster_noise	0.0000
7079	Spectrogram 1	1	9289.000000	9291.500000	0	0	9	cluster_9	1.0000
7080	Spectrogram 1	1	9291.250000	9292.500000	0	0	6	cluster_6	0.8716
7081	Spectrogram 1	1	9292.250000	9293.000000	0	0	noise	cluster_noise	0.0000
7082	Spectrogram 1	1	9292.750000	9293.250000	0	0	2	cluster_2	1.0000
7083	Spectrogram 1	1	9293.000000	9293.500000	0	0	9	cluster_9	1.0000
7084	Spectrogram 1	1	9297.000000	9297.750000	0	0	noise	cluster_noise	0.0000
7085	Spectrogram 1	1	9297.500000	9298.500000	0	0	9	cluster_9	1.0000
7086	Spectrogram 1	1	9298.250000	9299.250000	0	0	noise	cluster_noise	0.0000
7087	Spectrogram 1	1	9299.000000	9302.000000	0	0	9	cluster_9	1.0000
7088	Spectrogram 1	1	9301.750000	9303.000000	0	0	6	cluster_6	1.0000
7089	Spectrogram 1	1	9302.750000	9303.250000	0	0	2	cluster_2	1.0000
7090	Spectrogram 1	1	9303.000000	9310.250000	0	0	9	cluster_9	0.9765
7091	Spectrogram 1	1	9310.000000	9310.750000	0	0	noise	cluster_noise	0.0000
7092	Spectrogram 1	1	9310.500000	9312.250000	0	0	9	cluster_9	1.0000
7093	Spectrogram 1	1	9312.000000	9312.500000	0	0	noise	cluster_noise	0.0000
7094	Spectrogram 1	1	9312.250000	9314.000000	0	0	9	cluster_9	0.9892
7095	Spectrogram 1	1	9313.750000	9314.250000	0	0	noise	cluster_noise	0.0000
7096	Spectrogram 1	1	9314.000000	9323.500000	0	0	9	cluster_9	1.0000
7097	Spectrogram 1	1	9323.250000	9323.750000	0	0	7	cluster_7	0.6930
7098	Spectrogram 1	1	9323.500000	9333.750000	0	0	9	cluster_9	0.9985
7099	Spectrogram 1	1	9333.500000	9334.000000	0	0	noise	cluster_noise	0.0000
7100	Spectrogram 1	1	9333.750000	9347.250000	0	0	9	cluster_9	0.9891
7101	Spectrogram 1	1	9347.000000	9347.500000	0	0	noise	cluster_noise	0.0000
7102	Spectrogram 1	1	9347.250000	9347.750000	0	0	9	cluster_9	0.9146
7103	Spectrogram 1	1	9347.500000	9348.000000	0	0	noise	cluster_noise	0.0000
7104	Spectrogram 1	1	9347.750000	9355.500000	0	0	9	cluster_9	0.9876
7105	Spectrogram 1	1	9355.250000	9356.000000	0	0	noise	cluster_noise	0.0000
7106	Spectrogram 1	1	9355.750000	9359.000000	0	0	9	cluster_9	1.0000
7107	Spectrogram 1	1	9358.750000	9359.500000	0	0	noise	cluster_noise	0.0000
7108	Spectrogram 1	1	9359.250000	9359.750000	0	0	9	cluster_9	0.8017
7109	Spectrogram 1	1	9359.500000	9360.250000	0	0	noise	cluster_noise	0.0000
7110	Spectrogram 1	1	9360.000000	9370.750000	0	0	9	cluster_9	0.9999
7111	Spectrogram 1	1	9370.500000	9371.250000	0	0	2	cluster_2	0.9383
7112	Spectrogram 1	1	9371.000000	9376.500000	0	0	9	cluster_9	0.9944
7113	Spectrogram 1	1	9376.250000	9377.000000	0	0	noise	cluster_noise	0.0000
7114	Spectrogram 1	1	9376.750000	9377.250000	0	0	10	cluster_10	0.5437
7115	Spectrogram 1	1	9377.000000	9380.750000	0	0	9	cluster_9	1.0000
7116	Spectrogram 1	1	9380.500000	9381.250000	0	0	noise	cluster_noise	0.0000
7117	Spectrogram 1	1	9381.000000	9390.000000	0	0	9	cluster_9	0.9697
7118	Spectrogram 1	1	9389.750000	9390.750000	0	0	noise	cluster_noise	0.0000
7119	Spectrogram 1	1	9390.500000	9392.000000	0	0	9	cluster_9	1.0000
7120	Spectrogram 1	1	9391.750000	9392.500000	0	0	noise	cluster_noise	0.0000
7121	Spectrogram 1	1	9392.250000	9392.750000	0	0	10	cluster_10	0.5311
7122	Spectrogram 1	1	9392.500000	9394.000000	0	0	9	cluster_9	1.0000
7123	Spectrogram 1	1	9393.750000	9394.500000	0	0	noise	cluster_noise	0.0000
7124	Spectrogram 1	1	9394.250000	9394.750000	0	0	10	cluster_10	0.5443
7125	Spectrogram 1	1	9394.500000	9396.000000	0	0	9	cluster_9	1.0000
7126	Spectrogram 1	1	9395.750000	9396.250000	0	0	noise	cluster_noise	0.0000
7127	Spectrogram 1	1	9396.000000	9396.500000	0	0	10	cluster_10	0.5075
7128	Spectrogram 1	1	9396.250000	9396.750000	0	0	9	cluster_9	1.0000
7129	Spectrogram 1	1	9396.500000	9397.250000	0	0	noise	cluster_noise	0.0000
7130	Spectrogram 1	1	9397.000000	9398.250000	0	0	9	cluster_9	1.0000
7131	Spectrogram 1	1	9398.000000	9398.500000	0	0	noise	cluster_noise	0.0000
7132	Spectrogram 1	1	9398.250000	9398.750000	0	0	10	cluster_10	0.4782
7133	Spectrogram 1	1	9398.500000	9407.750000	0	0	9	cluster_9	0.9916
7134	Spectrogram 1	1	9407.500000	9408.000000	0	0	noise	cluster_noise	0.0000
7135	Spectrogram 1	1	9407.750000	9434.250000	0	0	9	cluster_9	0.9969
7136	Spectrogram 1	1	9434.000000	9434.750000	0	0	noise	cluster_noise	0.0000
7137	Spectrogram 1	1	9434.500000	9435.500000	0	0	9	cluster_9	1.0000
7138	Spectrogram 1	1	9435.250000	9435.750000	0	0	noise	cluster_noise	0.0000
7139	Spectrogram 1	1	9435.500000	9714.750000	0	0	9	cluster_9	0.9997
7140	Spectrogram 1	1	9714.500000	9715.500000	0	0	noise	cluster_noise	0.0000
7141	Spectrogram 1	1	9717.000000	9725.500000	0	0	9	cluster_9	1.0000
7142	Spectrogram 1	1	9725.250000	9726.500000	0	0	noise	cluster_noise	0.0000
7143	Spectrogram 1	1	9726.250000	9754.500000	0	0	9	cluster_9	0.9972
7144	Spectrogram 1	1	9763.000000	9763.500000	0	0	2	cluster_2	0.8552
7145	Spectrogram 1	1	9763.250000	9765.250000	0	0	9	cluster_9	1.0000
7146	Spectrogram 1	1	9765.000000	9765.500000	0	0	noise	cluster_noise	0.0000
7147	Spectrogram 1	1	9775.000000	9776.250000	0	0	6	cluster_6	0.9980
7148	Spectrogram 1	1	9776.000000	9776.500000	0	0	noise	cluster_noise	0.0000
7149	Spectrogram 1	1	9776.250000	9777.000000	0	0	2	cluster_2	0.8858
7150	Spectrogram 1	1	9776.750000	9779.250000	0	0	9	cluster_9	1.0000
7151	Spectrogram 1	1	9779.000000	9779.750000	0	0	noise	cluster_noise	0.0000
7152	Spectrogram 1	1	9779.500000	9780.000000	0	0	2	cluster_2	0.7660
7153	Spectrogram 1	1	9779.750000	9780.500000	0	0	noise	cluster_noise	0.0000
7154	Spectrogram 1	1	9787.000000	9787.500000	0	0	9	cluster_9	1.0000
7155	Spectrogram 1	1	9787.250000	9788.250000	0	0	noise	cluster_noise	0.0000
7156	Spectrogram 1	1	9788.000000	9789.250000	0	0	9	cluster_9	1.0000
7157	Spectrogram 1	1	9789.000000	9790.000000	0	0	noise	cluster_noise	0.0000
7158	Spectrogram 1	1	9789.750000	9790.500000	0	0	9	cluster_9	1.0000
7159	Spectrogram 1	1	9798.000000	9799.000000	0	0	noise	cluster_noise	0.0000
7160	Spectrogram 1	1	9798.750000	9800.250000	0	0	9	cluster_9	1.0000
7161	Spectrogram 1	1	9800.000000	9801.000000	0	0	noise	cluster_noise	0.0000
7162	Spectrogram 1	1	9800.750000	9802.250000	0	0	9	cluster_9	0.9815
7163	Spectrogram 1	1	9802.000000	9802.500000	0	0	noise	cluster_noise	0.0000
7164	Spectrogram 1	1	9810.000000	9812.750000	0	0	9	cluster_9	1.0000
7165	Spectrogram 1	1	9812.500000	9813.000000	0	0	noise	cluster_noise	0.0000
7166	Spectrogram 1	1	9812.750000	9813.250000	0	0	2	cluster_2	0.8289
7167	Spectrogram 1	1	9813.000000	9820.750000	0	0	9	cluster_9	1.0000
7168	Spectrogram 1	1	9820.500000	9821.500000	0	0	noise	cluster_noise	0.0000
7169	Spectrogram 1	1	9821.250000	9822.500000	0	0	9	cluster_9	0.9409
7170	Spectrogram 1	1	9822.250000	9823.250000	0	0	noise	cluster_noise	0.0000
7171	Spectrogram 1	1	9823.000000	9860.250000	0	0	9	cluster_9	0.9939
7172	Spectrogram 1	1	9860.000000	9862.000000	0	0	noise	cluster_noise	0.0000
7173	Spectrogram 1	1	9861.750000	9871.750000	0	0	9	cluster_9	0.9943
7174	Spectrogram 1	1	9871.500000	9872.000000	0	0	2	cluster_2	0.7846
7175	Spectrogram 1	1	9871.750000	9873.250000	0	0	noise	cluster_noise	0.0000
7176	Spectrogram 1	1	9873.000000	9873.500000	0	0	2	cluster_2	0.8156
7177	Spectrogram 1	1	9873.250000	9880.250000	0	0	9	cluster_9	0.9971
7178	Spectrogram 1	1	9880.000000	9880.500000	0	0	noise	cluster_noise	0.0000
7179	Spectrogram 1	1	9880.250000	9883.000000	0	0	9	cluster_9	0.9667
7180	Spectrogram 1	1	9882.750000	9884.500000	0	0	noise	cluster_noise	0.0000
7181	Spectrogram 1	1	9884.250000	9884.750000	0	0	2	cluster_2	0.8235
7182	Spectrogram 1	1	9884.500000	9894.250000	0	0	9	cluster_9	1.0000
7183	Spectrogram 1	1	9894.000000	9894.500000	0	0	2	cluster_2	1.0000
7184	Spectrogram 1	1	9894.250000	9895.500000	0	0	noise	cluster_noise	0.0000
7185	Spectrogram 1	1	9895.250000	9895.750000	0	0	6	cluster_6	0.6785
7186	Spectrogram 1	1	9895.500000	9896.000000	0	0	noise	cluster_noise	0.0000
7187	Spectrogram 1	1	9895.750000	9901.500000	0	0	9	cluster_9	0.9856
7188	Spectrogram 1	1	9901.250000	9901.750000	0	0	noise	cluster_noise	0.0000
7189	Spectrogram 1	1	9901.500000	9905.250000	0	0	9	cluster_9	0.9910
7190	Spectrogram 1	1	9905.000000	9906.500000	0	0	noise	cluster_noise	0.0000
7191	Spectrogram 1	1	9906.250000	9919.250000	0	0	9	cluster_9	0.9992
7192	Spectrogram 1	1	9919.000000	9919.750000	0	0	noise	cluster_noise	0.0000
7193	Spectrogram 1	1	9919.500000	9921.500000	0	0	9	cluster_9	0.9733
7194	Spectrogram 1	1	9921.250000	9921.750000	0	0	noise	cluster_noise	0.0000
7195	Spectrogram 1	1	9921.500000	9934.000000	0	0	9	cluster_9	0.9951
7196	Spectrogram 1	1	9933.750000	9934.500000	0	0	noise	cluster_noise	0.0000
7197	Spectrogram 1	1	9934.250000	9936.000000	0	0	9	cluster_9	1.0000
7198	Spectrogram 1	1	9935.750000	9936.500000	0	0	noise	cluster_noise	0.0000
7199	Spectrogram 1	1	9936.250000	9937.500000	0	0	9	cluster_9	1.0000
7200	Spectrogram 1	1	9945.000000	9946.000000	0	0	noise	cluster_noise	0.0000
7201	Spectrogram 1	1	9945.750000	9946.250000	0	0	9	cluster_9	1.0000
7202	Spectrogram 1	1	9946.000000	9946.500000	0	0	noise	cluster_noise	0.0000
7203	Spectrogram 1	1	9946.250000	9947.750000	0	0	9	cluster_9	1.0000
7204	Spectrogram 1	1	9947.500000	9948.250000	0	0	noise	cluster_noise	0.0000
7205	Spectrogram 1	1	9948.000000	9949.500000	0	0	9	cluster_9	1.0000
7206	Spectrogram 1	1	9949.250000	9950.000000	0	0	noise	cluster_noise	0.0000
7207	Spectrogram 1	1	9949.750000	10005.250000	0	0	9	cluster_9	0.9875
7208	Spectrogram 1	1	10005.000000	10005.750000	0	0	8	cluster_8	0.8457
7209	Spectrogram 1	1	10005.500000	10018.500000	0	0	9	cluster_9	1.0000
7210	Spectrogram 1	1	10018.250000	10019.250000	0	0	8	cluster_8	0.8213
7211	Spectrogram 1	1	10019.000000	10032.000000	0	0	9	cluster_9	0.9887
7212	Spectrogram 1	1	10031.750000	10032.500000	0	0	noise	cluster_noise	0.0000
7213	Spectrogram 1	1	10032.250000	10047.500000	0	0	9	cluster_9	1.0000
7214	Spectrogram 1	1	10047.250000	10047.750000	0	0	8	cluster_8	1.0000
7215	Spectrogram 1	1	10047.500000	10048.000000	0	0	noise	cluster_noise	0.0000
7216	Spectrogram 1	1	10047.750000	10053.000000	0	0	9	cluster_9	0.9989
7217	Spectrogram 1	1	10052.750000	10053.500000	0	0	noise	cluster_noise	0.0000
7218	Spectrogram 1	1	10080.000000	10200.250000	0	0	9	cluster_9	0.9942
7219	Spectrogram 1	1	10200.000000	10201.000000	0	0	noise	cluster_noise	0.0000
7220	Spectrogram 1	1	10200.750000	10205.000000	0	0	9	cluster_9	1.0000
7221	Spectrogram 1	1	10204.750000	10205.250000	0	0	2	cluster_2	0.9477
7222	Spectrogram 1	1	10205.000000	10205.500000	0	0	noise	cluster_noise	0.0000
7223	Spectrogram 1	1	10205.250000	10212.500000	0	0	9	cluster_9	0.9972
7224	Spectrogram 1	1	10212.250000	10213.000000	0	0	noise	cluster_noise	0.0000
7225	Spectrogram 1	1	10212.750000	10217.250000	0	0	9	cluster_9	1.0000
7226	Spectrogram 1	1	10217.000000	10217.750000	0	0	2	cluster_2	1.0000
7227	Spectrogram 1	1	10217.500000	10224.750000	0	0	9	cluster_9	0.9961
7228	Spectrogram 1	1	10224.500000	10225.250000	0	0	noise	cluster_noise	0.0000
7229	Spectrogram 1	1	10225.000000	10226.250000	0	0	9	cluster_9	1.0000
7230	Spectrogram 1	1	10226.000000	10226.500000	0	0	noise	cluster_noise	0.0000
7231	Spectrogram 1	1	10226.250000	10228.000000	0	0	9	cluster_9	0.9814
7232	Spectrogram 1	1	10227.750000	10228.500000	0	0	noise	cluster_noise	0.0000
7233	Spectrogram 1	1	10228.250000	10229.250000	0	0	9	cluster_9	1.0000
7234	Spectrogram 1	1	10229.000000	10229.750000	0	0	noise	cluster_noise	0.0000
7235	Spectrogram 1	1	10229.500000	10230.750000	0	0	9	cluster_9	1.0000
7236	Spectrogram 1	1	10230.500000	10231.250000	0	0	noise	cluster_noise	0.0000
7237	Spectrogram 1	1	10231.000000	10239.500000	0	0	9	cluster_9	1.0000
7238	Spectrogram 1	1	10239.250000	10240.000000	0	0	noise	cluster_noise	0.0000
7239	Spectrogram 1	1	10239.750000	10241.250000	0	0	9	cluster_9	1.0000
7240	Spectrogram 1	1	10241.000000	10241.500000	0	0	noise	cluster_noise	0.0000
7241	Spectrogram 1	1	10241.250000	10242.000000	0	0	9	cluster_9	0.9158
7242	Spectrogram 1	1	10241.750000	10242.500000	0	0	noise	cluster_noise	0.0000
7243	Spectrogram 1	1	10242.250000	10243.000000	0	0	9	cluster_9	1.0000
7244	Spectrogram 1	1	10242.750000	10243.500000	0	0	noise	cluster_noise	0.0000
7245	Spectrogram 1	1	10243.250000	10246.000000	0	0	9	cluster_9	1.0000
7246	Spectrogram 1	1	10245.750000	10246.750000	0	0	noise	cluster_noise	0.0000
7247	Spectrogram 1	1	10246.500000	10319.750000	0	0	9	cluster_9	0.9969
7248	Spectrogram 1	1	10319.500000	10320.000000	0	0	noise	cluster_noise	0.0000
7249	Spectrogram 1	1	10319.750000	10340.500000	0	0	9	cluster_9	0.9902
7250	Spectrogram 1	1	10340.250000	10341.000000	0	0	noise	cluster_noise	0.0000
7251	Spectrogram 1	1	10340.750000	10359.000000	0	0	9	cluster_9	0.9972
7252	Spectrogram 1	1	10358.750000	10359.500000	0	0	noise	cluster_noise	0.0000
7253	Spectrogram 1	1	10463.000000	10464.500000	0	0	9	cluster_9	0.9717
7254	Spectrogram 1	1	10465.000000	10466.500000	0	0	8	cluster_8	0.9762
7255	Spectrogram 1	1	10467.000000	10468.250000	0	0	9	cluster_9	1.0000
7256	Spectrogram 1	1	10468.000000	10468.500000	0	0	noise	cluster_noise	0.0000
7257	Spectrogram 1	1	10483.000000	10484.500000	0	0	9	cluster_9	0.9239
7258	Spectrogram 1	1	10485.000000	10485.500000	0	0	8	cluster_8	0.9012
7259	Spectrogram 1	1	10485.250000	10485.750000	0	0	noise	cluster_noise	0.0000
7260	Spectrogram 1	1	10485.500000	10486.000000	0	0	8	cluster_8	0.9727
7261	Spectrogram 1	1	10485.750000	10499.500000	0	0	9	cluster_9	0.9693
7262	Spectrogram 1	1	10499.250000	10500.750000	0	0	8	cluster_8	0.9718
7263	Spectrogram 1	1	10500.500000	10501.000000	0	0	noise	cluster_noise	0.0000
7264	Spectrogram 1	1	10500.750000	10502.250000	0	0	9	cluster_9	1.0000
7265	Spectrogram 1	1	10502.000000	10504.000000	0	0	8	cluster_8	0.9526
7266	Spectrogram 1	1	10503.750000	10504.250000	0	0	noise	cluster_noise	0.0000
7267	Spectrogram 1	1	10504.000000	10578.750000	0	0	9	cluster_9	0.9287
7268	Spectrogram 1	1	10578.500000	10579.750000	0	0	8	cluster_8	0.9682
7269	Spectrogram 1	1	10579.500000	10580.250000	0	0	noise	cluster_noise	0.0000
7270	Spectrogram 1	1	10580.000000	10594.750000	0	0	9	cluster_9	0.8983
7271	Spectrogram 1	1	10594.500000	10595.250000	0	0	noise	cluster_noise	0.0000
7272	Spectrogram 1	1	10595.000000	10595.500000	0	0	6	cluster_6	0.6683
7273	Spectrogram 1	1	10595.250000	10596.500000	0	0	0	cluster_0	0.9080
7274	Spectrogram 1	1	10596.250000	10598.500000	0	0	9	cluster_9	0.9684
7275	Spectrogram 1	1	10609.000000	10609.500000	0	0	13	cluster_13	0.6456
7276	Spectrogram 1	1	10609.250000	10609.750000	0	0	9	cluster_9	1.0000
7277	Spectrogram 1	1	10609.500000	10611.250000	0	0	6	cluster_6	0.9007
7278	Spectrogram 1	1	10611.000000	10611.500000	0	0	noise	cluster_noise	0.0000
7279	Spectrogram 1	1	10611.250000	10611.750000	0	0	6	cluster_6	0.9012
7280	Spectrogram 1	1	10611.500000	10612.250000	0	0	9	cluster_9	0.8194
7281	Spectrogram 1	1	10612.000000	10624.750000	0	0	8	cluster_8	0.9633
7282	Spectrogram 1	1	10624.500000	10626.000000	0	0	noise	cluster_noise	0.0000
7283	Spectrogram 1	1	10625.750000	10627.000000	0	0	9	cluster_9	0.9366
7284	Spectrogram 1	1	10626.750000	10627.500000	0	0	13	cluster_13	0.7143
7285	Spectrogram 1	1	10627.250000	10628.000000	0	0	noise	cluster_noise	0.0000
7286	Spectrogram 1	1	10627.750000	10628.750000	0	0	6	cluster_6	0.9843
7287	Spectrogram 1	1	10628.500000	10635.500000	0	0	noise	cluster_noise	0.0000
7288	Spectrogram 1	1	10635.250000	10636.000000	0	0	8	cluster_8	1.0000
7289	Spectrogram 1	1	10635.750000	10636.250000	0	0	9	cluster_9	1.0000
7290	Spectrogram 1	1	10636.000000	10636.750000	0	0	8	cluster_8	0.9836
7291	Spectrogram 1	1	10636.500000	10637.500000	0	0	9	cluster_9	0.9658
7292	Spectrogram 1	1	10637.250000	10638.000000	0	0	8	cluster_8	0.7792
7293	Spectrogram 1	1	10637.750000	10639.750000	0	0	9	cluster_9	0.9738
7294	Spectrogram 1	1	10639.500000	10641.750000	0	0	noise	cluster_noise	0.0000
7295	Spectrogram 1	1	10641.500000	10648.750000	0	0	9	cluster_9	0.9762
7296	Spectrogram 1	1	10648.500000	10649.000000	0	0	13	cluster_13	0.8000
7297	Spectrogram 1	1	10648.750000	10649.250000	0	0	9	cluster_9	0.9884
7298	Spectrogram 1	1	10649.000000	10649.750000	0	0	8	cluster_8	0.9653
7299	Spectrogram 1	1	10649.500000	10650.000000	0	0	noise	cluster_noise	0.0000
7300	Spectrogram 1	1	10649.750000	10650.250000	0	0	9	cluster_9	0.9407
7301	Spectrogram 1	1	10650.000000	10650.500000	0	0	8	cluster_8	0.7814
7302	Spectrogram 1	1	10650.250000	10651.750000	0	0	9	cluster_9	0.9126
7303	Spectrogram 1	1	10651.500000	10652.500000	0	0	6	cluster_6	0.8776
7304	Spectrogram 1	1	10652.250000	10653.500000	0	0	noise	cluster_noise	0.0000
7305	Spectrogram 1	1	10653.250000	10655.250000	0	0	9	cluster_9	0.9548
7306	Spectrogram 1	1	10655.000000	10655.500000	0	0	noise	cluster_noise	0.0000
7307	Spectrogram 1	1	10655.250000	10656.000000	0	0	9	cluster_9	0.9567
7308	Spectrogram 1	1	10655.750000	10656.750000	0	0	noise	cluster_noise	0.0000
7309	Spectrogram 1	1	10656.500000	10657.500000	0	0	6	cluster_6	1.0000
7310	Spectrogram 1	1	10658.000000	10658.750000	0	0	9	cluster_9	1.0000
7311	Spectrogram 1	1	10658.500000	10659.250000	0	0	8	cluster_8	0.9840
7312	Spectrogram 1	1	10659.000000	10659.500000	0	0	noise	cluster_noise	0.0000
7313	Spectrogram 1	1	10662.000000	10662.500000	0	0	9	cluster_9	1.0000
7314	Spectrogram 1	1	10662.250000	10664.250000	0	0	6	cluster_6	0.9784
7315	Spectrogram 1	1	10664.000000	10664.750000	0	0	noise	cluster_noise	0.0000
7316	Spectrogram 1	1	10664.500000	10666.500000	0	0	9	cluster_9	0.9786
7317	Spectrogram 1	1	10666.250000	10666.750000	0	0	noise	cluster_noise	0.0000
7318	Spectrogram 1	1	10666.500000	10668.250000	0	0	6	cluster_6	0.9616
7319	Spectrogram 1	1	10668.000000	10668.750000	0	0	noise	cluster_noise	0.0000
7320	Spectrogram 1	1	10668.500000	10669.250000	0	0	9	cluster_9	0.8354
7321	Spectrogram 1	1	10669.000000	10669.500000	0	0	noise	cluster_noise	0.0000
7322	Spectrogram 1	1	10669.250000	10670.250000	0	0	8	cluster_8	1.0000
7323	Spectrogram 1	1	10670.000000	10671.500000	0	0	9	cluster_9	0.9546
7324	Spectrogram 1	1	10673.000000	10675.000000	0	0	6	cluster_6	0.9149
7325	Spectrogram 1	1	10674.750000	10675.250000	0	0	noise	cluster_noise	0.0000
7326	Spectrogram 1	1	10675.000000	10677.250000	0	0	9	cluster_9	0.9239
7327	Spectrogram 1	1	10677.000000	10677.500000	0	0	noise	cluster_noise	0.0000
7328	Spectrogram 1	1	10677.250000	10679.750000	0	0	6	cluster_6	0.9876
7329	Spectrogram 1	1	10679.500000	10681.000000	0	0	8	cluster_8	0.9716
7330	Spectrogram 1	1	10680.750000	10683.750000	0	0	9	cluster_9	0.9717
7331	Spectrogram 1	1	10683.500000	10684.500000	0	0	6	cluster_6	0.9595
7332	Spectrogram 1	1	10686.000000	10687.750000	0	0	9	cluster_9	0.9643
7333	Spectrogram 1	1	10687.500000	10690.000000	0	0	6	cluster_6	0.9764
7334	Spectrogram 1	1	10689.750000	10690.250000	0	0	noise	cluster_noise	0.0000
7335	Spectrogram 1	1	10690.000000	10691.750000	0	0	6	cluster_6	0.9794
7336	Spectrogram 1	1	10691.500000	10692.000000	0	0	noise	cluster_noise	0.0000
7337	Spectrogram 1	1	10691.750000	10692.750000	0	0	6	cluster_6	0.8767
7338	Spectrogram 1	1	10692.500000	10693.250000	0	0	9	cluster_9	0.9735
7339	Spectrogram 1	1	10693.000000	10693.500000	0	0	noise	cluster_noise	0.0000
7340	Spectrogram 1	1	10693.250000	10694.000000	0	0	6	cluster_6	0.9132
7341	Spectrogram 1	1	10693.750000	10694.250000	0	0	noise	cluster_noise	0.0000
7342	Spectrogram 1	1	10694.000000	10695.000000	0	0	9	cluster_9	0.9350
7343	Spectrogram 1	1	10694.750000	10696.000000	0	0	noise	cluster_noise	0.0000
7344	Spectrogram 1	1	10695.750000	10697.500000	0	0	9	cluster_9	0.9376
7345	Spectrogram 1	1	10699.000000	10700.000000	0	0	6	cluster_6	0.9821
7346	Spectrogram 1	1	10699.750000	10701.750000	0	0	9	cluster_9	0.9636
7347	Spectrogram 1	1	10701.500000	10702.000000	0	0	noise	cluster_noise	0.0000
7348	Spectrogram 1	1	10701.750000	10703.250000	0	0	6	cluster_6	0.9443
7349	Spectrogram 1	1	10703.000000	10703.500000	0	0	noise	cluster_noise	0.0000
7350	Spectrogram 1	1	10703.250000	10704.000000	0	0	9	cluster_9	0.8149
7351	Spectrogram 1	1	10703.750000	10704.750000	0	0	noise	cluster_noise	0.0000
7352	Spectrogram 1	1	10704.500000	10705.500000	0	0	9	cluster_9	0.8133
7353	Spectrogram 1	1	10705.250000	10705.750000	0	0	noise	cluster_noise	0.0000
7354	Spectrogram 1	1	10705.500000	10706.000000	0	0	9	cluster_9	0.8143
7355	Spectrogram 1	1	10705.750000	10706.750000	0	0	noise	cluster_noise	0.0000
7356	Spectrogram 1	1	10706.500000	10707.000000	0	0	9	cluster_9	0.7973
7357	Spectrogram 1	1	10706.750000	10708.000000	0	0	noise	cluster_noise	0.0000
7358	Spectrogram 1	1	10707.750000	10708.250000	0	0	8	cluster_8	0.8164
7359	Spectrogram 1	1	10708.000000	10711.500000	0	0	9	cluster_9	0.9909
7360	Spectrogram 1	1	10711.250000	10711.750000	0	0	noise	cluster_noise	0.0000
7361	Spectrogram 1	1	10711.500000	10714.750000	0	0	6	cluster_6	0.9979
7362	Spectrogram 1	1	10714.500000	10719.000000	0	0	9	cluster_9	0.9369
7363	Spectrogram 1	1	10718.750000	10719.500000	0	0	7	cluster_7	0.9336
7364	Spectrogram 1	1	10722.000000	10722.500000	0	0	noise	cluster_noise	0.0000
7365	Spectrogram 1	1	10722.250000	10723.500000	0	0	9	cluster_9	0.9466
7366	Spectrogram 1	1	10723.250000	10724.000000	0	0	6	cluster_6	0.8635
7367	Spectrogram 1	1	10723.750000	10724.250000	0	0	9	cluster_9	0.9578
7368	Spectrogram 1	1	10724.000000	10726.250000	0	0	6	cluster_6	0.9540
7369	Spectrogram 1	1	10726.000000	10726.500000	0	0	noise	cluster_noise	0.0000
7370	Spectrogram 1	1	10726.250000	10728.000000	0	0	9	cluster_9	0.9585
7371	Spectrogram 1	1	10727.750000	10728.500000	0	0	noise	cluster_noise	0.0000
7372	Spectrogram 1	1	10728.250000	10736.000000	0	0	9	cluster_9	0.9093
7373	Spectrogram 1	1	10735.750000	10737.750000	0	0	6	cluster_6	0.9751
7374	Spectrogram 1	1	10737.500000	10738.250000	0	0	noise	cluster_noise	0.0000
7375	Spectrogram 1	1	10738.000000	10739.750000	0	0	9	cluster_9	0.9516
7376	Spectrogram 1	1	10739.500000	10740.500000	0	0	noise	cluster_noise	0.0000
7377	Spectrogram 1	1	10740.250000	10741.250000	0	0	9	cluster_9	0.9688
7378	Spectrogram 1	1	10741.000000	10741.500000	0	0	noise	cluster_noise	0.0000
7379	Spectrogram 1	1	10750.000000	10752.000000	0	0	9	cluster_9	0.9505
7380	Spectrogram 1	1	10751.750000	10752.250000	0	0	noise	cluster_noise	0.0000
7381	Spectrogram 1	1	10752.000000	10766.500000	0	0	9	cluster_9	0.9623
7382	Spectrogram 1	1	10767.000000	10768.250000	0	0	noise	cluster_noise	0.0000
7383	Spectrogram 1	1	10768.000000	10770.000000	0	0	9	cluster_9	0.9805
7384	Spectrogram 1	1	10769.750000	10771.750000	0	0	6	cluster_6	0.9680
7385	Spectrogram 1	1	10771.500000	10772.000000	0	0	noise	cluster_noise	0.0000
7386	Spectrogram 1	1	10771.750000	10779.500000	0	0	9	cluster_9	0.9605
7387	Spectrogram 1	1	10779.250000	10781.500000	0	0	noise	cluster_noise	0.0000
7388	Spectrogram 1	1	10781.250000	10782.500000	0	0	1	cluster_1	0.7341
7389	Spectrogram 1	1	10782.250000	10782.750000	0	0	2	cluster_2	0.7385
7390	Spectrogram 1	1	10782.500000	10784.500000	0	0	9	cluster_9	1.0000
7391	Spectrogram 1	1	10784.250000	10785.000000	0	0	10	cluster_10	0.8049
7392	Spectrogram 1	1	10784.750000	10786.750000	0	0	9	cluster_9	0.9948
7393	Spectrogram 1	1	10786.500000	10787.250000	0	0	10	cluster_10	0.9077
7394	Spectrogram 1	1	10787.000000	10793.750000	0	0	9	cluster_9	0.9920
7395	Spectrogram 1	1	10793.500000	10794.000000	0	0	noise	cluster_noise	0.0000
7396	Spectrogram 1	1	10793.750000	10795.000000	0	0	1	cluster_1	0.8712
7397	Spectrogram 1	1	10794.750000	10795.500000	0	0	noise	cluster_noise	0.0000
7398	Spectrogram 1	1	10795.250000	10796.750000	0	0	9	cluster_9	1.0000
7399	Spectrogram 1	1	10796.500000	10797.000000	0	0	noise	cluster_noise	0.0000
7400	Spectrogram 1	1	10796.750000	10797.500000	0	0	10	cluster_10	0.5854
7401	Spectrogram 1	1	10797.250000	10799.000000	0	0	9	cluster_9	0.9665
7402	Spectrogram 1	1	10798.750000	10799.500000	0	0	10	cluster_10	0.6495
7403	Spectrogram 1	1	10799.250000	10799.750000	0	0	9	cluster_9	0.8347
7404	Spectrogram 1	1	10799.500000	10800.250000	0	0	10	cluster_10	0.5598
7405	Spectrogram 1	1	10800.000000	10801.000000	0	0	9	cluster_9	1.0000
7406	Spectrogram 1	1	10800.750000	10801.500000	0	0	10	cluster_10	0.6335
7407	Spectrogram 1	1	10801.250000	10801.750000	0	0	9	cluster_9	1.0000
7408	Spectrogram 1	1	10801.500000	10802.000000	0	0	noise	cluster_noise	0.0000
7409	Spectrogram 1	1	10801.750000	10802.250000	0	0	8	cluster_8	0.7903
7410	Spectrogram 1	1	10802.000000	10803.250000	0	0	9	cluster_9	1.0000
7411	Spectrogram 1	1	10803.000000	10803.750000	0	0	10	cluster_10	0.6256
7412	Spectrogram 1	1	10803.500000	10805.500000	0	0	9	cluster_9	1.0000
7413	Spectrogram 1	1	10805.250000	10806.750000	0	0	1	cluster_1	0.7141
7414	Spectrogram 1	1	10806.500000	10807.000000	0	0	noise	cluster_noise	0.0000
7415	Spectrogram 1	1	10806.750000	10809.250000	0	0	9	cluster_9	1.0000
7416	Spectrogram 1	1	10809.000000	10810.500000	0	0	1	cluster_1	0.7729
7417	Spectrogram 1	1	10810.250000	10810.750000	0	0	noise	cluster_noise	0.0000
7418	Spectrogram 1	1	10810.500000	10811.750000	0	0	9	cluster_9	1.0000
7419	Spectrogram 1	1	10811.500000	10812.250000	0	0	noise	cluster_noise	0.0000
7420	Spectrogram 1	1	10812.000000	10818.000000	0	0	9	cluster_9	1.0000
7421	Spectrogram 1	1	10817.750000	10818.250000	0	0	noise	cluster_noise	0.0000
7422	Spectrogram 1	1	10818.000000	10818.500000	0	0	10	cluster_10	0.5029
7423	Spectrogram 1	1	10818.250000	10818.750000	0	0	noise	cluster_noise	0.0000
7424	Spectrogram 1	1	10818.500000	10821.000000	0	0	9	cluster_9	0.9753
7425	Spectrogram 1	1	10820.750000	10821.750000	0	0	noise	cluster_noise	0.0000
7426	Spectrogram 1	1	10821.500000	10823.500000	0	0	9	cluster_9	1.0000
7427	Spectrogram 1	1	10829.000000	10829.750000	0	0	noise	cluster_noise	0.0000
7428	Spectrogram 1	1	10829.500000	10831.000000	0	0	9	cluster_9	1.0000
7429	Spectrogram 1	1	10830.750000	10831.250000	0	0	noise	cluster_noise	0.0000
7430	Spectrogram 1	1	10831.000000	10831.500000	0	0	10	cluster_10	0.5356
7431	Spectrogram 1	1	10831.250000	10831.750000	0	0	noise	cluster_noise	0.0000
7432	Spectrogram 1	1	10831.500000	10832.750000	0	0	9	cluster_9	0.9168
7433	Spectrogram 1	1	10832.500000	10833.750000	0	0	noise	cluster_noise	0.0000
7434	Spectrogram 1	1	10833.500000	10842.750000	0	0	9	cluster_9	1.0000
7435	Spectrogram 1	1	10842.500000	10844.000000	0	0	noise	cluster_noise	0.0000
7436	Spectrogram 1	1	10843.750000	10845.750000	0	0	9	cluster_9	1.0000
7437	Spectrogram 1	1	10845.500000	10846.250000	0	0	noise	cluster_noise	0.0000
7438	Spectrogram 1	1	10846.000000	10846.500000	0	0	9	cluster_9	1.0000
7439	Spectrogram 1	1	10852.000000	10852.750000	0	0	noise	cluster_noise	0.0000
7440	Spectrogram 1	1	10852.500000	10854.750000	0	0	9	cluster_9	1.0000
7441	Spectrogram 1	1	10854.500000	10855.250000	0	0	noise	cluster_noise	0.0000
7442	Spectrogram 1	1	10855.000000	10856.500000	0	0	9	cluster_9	1.0000
7443	Spectrogram 1	1	10856.250000	10857.000000	0	0	noise	cluster_noise	0.0000
7444	Spectrogram 1	1	10856.750000	10865.500000	0	0	9	cluster_9	1.0000
7445	Spectrogram 1	1	10865.250000	10865.750000	0	0	noise	cluster_noise	0.0000
7446	Spectrogram 1	1	10865.500000	10918.000000	0	0	9	cluster_9	0.9915
7447	Spectrogram 1	1	10917.750000	10918.250000	0	0	noise	cluster_noise	0.0000
7448	Spectrogram 1	1	10918.000000	10921.500000	0	0	9	cluster_9	0.9970
7449	Spectrogram 1	1	10935.000000	10935.500000	0	0	noise	cluster_noise	0.0000
7450	Spectrogram 1	1	10935.250000	10935.750000	0	0	9	cluster_9	1.0000
7451	Spectrogram 1	1	10935.500000	10936.000000	0	0	noise	cluster_noise	0.0000
7452	Spectrogram 1	1	10935.750000	11044.750000	0	0	9	cluster_9	0.9867
7453	Spectrogram 1	1	11044.500000	11045.500000	0	0	6	cluster_6	0.8943
7454	Spectrogram 1	1	11059.000000	11084.500000	0	0	9	cluster_9	0.9783
7455	Spectrogram 1	1	11084.250000	11084.750000	0	0	noise	cluster_noise	0.0000
7456	Spectrogram 1	1	11084.500000	11085.500000	0	0	8	cluster_8	0.9950
7457	Spectrogram 1	1	11085.250000	11087.000000	0	0	9	cluster_9	1.0000
7458	Spectrogram 1	1	11086.750000	11087.500000	0	0	8	cluster_8	1.0000
7459	Spectrogram 1	1	11087.250000	11089.500000	0	0	9	cluster_9	1.0000
7460	Spectrogram 1	1	11089.250000	11090.500000	0	0	noise	cluster_noise	0.0000
7461	Spectrogram 1	1	11096.000000	11097.000000	0	0	8	cluster_8	1.0000
7462	Spectrogram 1	1	11096.750000	11097.750000	0	0	9	cluster_9	1.0000
7463	Spectrogram 1	1	11097.500000	11098.250000	0	0	8	cluster_8	0.9510
7464	Spectrogram 1	1	11098.000000	11101.500000	0	0	9	cluster_9	0.9994
7465	Spectrogram 1	1	11101.250000	11102.250000	0	0	noise	cluster_noise	0.0000
7466	Spectrogram 1	1	11102.000000	11102.750000	0	0	5	cluster_5	0.9897
7467	Spectrogram 1	1	11102.500000	11103.250000	0	0	noise	cluster_noise	0.0000
7468	Spectrogram 1	1	11103.000000	11110.500000	0	0	9	cluster_9	0.9562
7469	Spectrogram 1	1	11110.250000	11111.000000	0	0	8	cluster_8	1.0000
7470	Spectrogram 1	1	11110.750000	11113.500000	0	0	9	cluster_9	0.9805
7471	Spectrogram 1	1	11113.250000	11113.750000	0	0	noise	cluster_noise	0.0000
7472	Spectrogram 1	1	11113.500000	11114.500000	0	0	5	cluster_5	1.0000
7473	Spectrogram 1	1	11114.250000	11114.750000	0	0	noise	cluster_noise	0.0000
7474	Spectrogram 1	1	11114.500000	11118.000000	0	0	9	cluster_9	0.9924
7475	Spectrogram 1	1	11117.750000	11119.000000	0	0	6	cluster_6	0.8912
7476	Spectrogram 1	1	11118.750000	11119.250000	0	0	noise	cluster_noise	0.0000
7477	Spectrogram 1	1	11119.000000	11120.250000	0	0	9	cluster_9	1.0000
7478	Spectrogram 1	1	11120.000000	11120.500000	0	0	8	cluster_8	1.0000
7479	Spectrogram 1	1	11124.000000	11125.500000	0	0	9	cluster_9	1.0000
7480	Spectrogram 1	1	11125.250000	11126.250000	0	0	noise	cluster_noise	0.0000
7481	Spectrogram 1	1	11126.000000	11129.750000	0	0	9	cluster_9	0.9856
7482	Spectrogram 1	1	11129.500000	11130.500000	0	0	6	cluster_6	0.9739
7483	Spectrogram 1	1	11130.250000	11131.000000	0	0	noise	cluster_noise	0.0000
7484	Spectrogram 1	1	11130.750000	11132.000000	0	0	9	cluster_9	1.0000
7485	Spectrogram 1	1	11131.750000	11132.750000	0	0	8	cluster_8	0.8287
7486	Spectrogram 1	1	11132.500000	11137.000000	0	0	9	cluster_9	1.0000
7487	Spectrogram 1	1	11136.750000	11137.250000	0	0	noise	cluster_noise	0.0000
7488	Spectrogram 1	1	11137.000000	11137.750000	0	0	5	cluster_5	1.0000
7489	Spectrogram 1	1	11137.500000	11138.500000	0	0	noise	cluster_noise	0.0000
7490	Spectrogram 1	1	11138.250000	11141.250000	0	0	9	cluster_9	1.0000
7491	Spectrogram 1	1	11141.000000	11141.500000	0	0	noise	cluster_noise	0.0000
7492	Spectrogram 1	1	11141.250000	11143.250000	0	0	9	cluster_9	1.0000
7493	Spectrogram 1	1	11143.000000	11144.000000	0	0	8	cluster_8	0.8851
7494	Spectrogram 1	1	11143.750000	11145.250000	0	0	9	cluster_9	0.9572
7495	Spectrogram 1	1	11145.000000	11145.750000	0	0	8	cluster_8	0.9585
7496	Spectrogram 1	1	11145.500000	11146.500000	0	0	9	cluster_9	1.0000
7497	Spectrogram 1	1	11148.000000	11149.500000	0	0	noise	cluster_noise	0.0000
7498	Spectrogram 1	1	11149.250000	11152.250000	0	0	9	cluster_9	0.9865
7499	Spectrogram 1	1	11152.000000	11152.500000	0	0	noise	cluster_noise	0.0000
7500	Spectrogram 1	1	11152.250000	11153.500000	0	0	6	cluster_6	0.9585
7501	Spectrogram 1	1	11153.250000	11154.500000	0	0	9	cluster_9	0.9070
7502	Spectrogram 1	1	11156.000000	11156.750000	0	0	8	cluster_8	0.9334
7503	Spectrogram 1	1	11156.500000	11157.000000	0	0	noise	cluster_noise	0.0000
7504	Spectrogram 1	1	11156.750000	11158.000000	0	0	9	cluster_9	1.0000
7505	Spectrogram 1	1	11157.750000	11158.250000	0	0	noise	cluster_noise	0.0000
7506	Spectrogram 1	1	11158.000000	11158.500000	0	0	9	cluster_9	1.0000
7507	Spectrogram 1	1	11160.000000	11161.500000	0	0	noise	cluster_noise	0.0000
7508	Spectrogram 1	1	11161.250000	11164.500000	0	0	9	cluster_9	0.9937
7509	Spectrogram 1	1	11164.250000	11164.750000	0	0	noise	cluster_noise	0.0000
7510	Spectrogram 1	1	11164.500000	11165.750000	0	0	6	cluster_6	0.9806
7511	Spectrogram 1	1	11165.500000	11166.250000	0	0	noise	cluster_noise	0.0000
7512	Spectrogram 1	1	11166.000000	11169.000000	0	0	9	cluster_9	1.0000
7513	Spectrogram 1	1	11168.750000	11169.500000	0	0	8	cluster_8	1.0000
7514	Spectrogram 1	1	11181.000000	11182.500000	0	0	9	cluster_9	1.0000
7515	Spectrogram 1	1	11191.000000	11191.500000	0	0	6	cluster_6	1.0000
7516	Spectrogram 1	1	11191.250000	11192.500000	0	0	noise	cluster_noise	0.0000
7517	Spectrogram 1	1	11192.250000	11193.750000	0	0	6	cluster_6	0.9723
7518	Spectrogram 1	1	11193.500000	11194.000000	0	0	noise	cluster_noise	0.0000
7519	Spectrogram 1	1	11193.750000	11194.500000	0	0	9	cluster_9	1.0000
7520	Spectrogram 1	1	11202.000000	11202.500000	0	0	noise	cluster_noise	0.0000
7521	Spectrogram 1	1	11202.250000	11203.250000	0	0	9	cluster_9	0.9227
7522	Spectrogram 1	1	11203.000000	11203.750000	0	0	6	cluster_6	0.7850
7523	Spectrogram 1	1	11203.500000	11204.000000	0	0	noise	cluster_noise	0.0000
7524	Spectrogram 1	1	11203.750000	11207.500000	0	0	9	cluster_9	0.9782
7525	Spectrogram 1	1	11215.000000	11215.500000	0	0	7	cluster_7	1.0000
7526	Spectrogram 1	1	11215.250000	11215.750000	0	0	noise	cluster_noise	0.0000
7527	Spectrogram 1	1	11215.500000	11216.250000	0	0	9	cluster_9	1.0000
7528	Spectrogram 1	1	11216.000000	11216.500000	0	0	noise	cluster_noise	0.0000
7529	Spectrogram 1	1	11216.250000	11217.500000	0	0	7	cluster_7	0.9508
7530	Spectrogram 1	1	11217.250000	11219.500000	0	0	9	cluster_9	1.0000
7531	Spectrogram 1	1	11227.000000	11227.750000	0	0	7	cluster_7	0.6452
7532	Spectrogram 1	1	11227.500000	11230.500000	0	0	9	cluster_9	0.9803
7533	Spectrogram 1	1	11230.250000	11231.500000	0	0	6	cluster_6	0.9195
7534	Spectrogram 1	1	11239.000000	11241.500000	0	0	9	cluster_9	0.9958
7535	Spectrogram 1	1	11241.250000	11241.750000	0	0	2	cluster_2	0.9687
7536	Spectrogram 1	1	11241.500000	11243.250000	0	0	6	cluster_6	1.0000
7537	Spectrogram 1	1	11243.000000	11243.500000	0	0	noise	cluster_noise	0.0000
7538	Spectrogram 1	1	11253.000000	11260.000000	0	0	9	cluster_9	1.0000
7539	Spectrogram 1	1	11259.750000	11260.500000	0	0	noise	cluster_noise	0.0000
7540	Spectrogram 1	1	11262.000000	11262.500000	0	0	9	cluster_9	0.8147
7541	Spectrogram 1	1	11262.250000	11262.750000	0	0	noise	cluster_noise	0.0000
7542	Spectrogram 1	1	11262.500000	11263.500000	0	0	9	cluster_9	1.0000
7543	Spectrogram 1	1	11263.250000	11264.250000	0	0	noise	cluster_noise	0.0000
7544	Spectrogram 1	1	11264.000000	11265.250000	0	0	9	cluster_9	0.9417
7545	Spectrogram 1	1	11265.000000	11265.500000	0	0	noise	cluster_noise	0.0000
7546	Spectrogram 1	1	11265.250000	11273.000000	0	0	9	cluster_9	0.9630
7547	Spectrogram 1	1	11272.750000	11273.250000	0	0	noise	cluster_noise	0.0000
7548	Spectrogram 1	1	11273.000000	11273.500000	0	0	6	cluster_6	0.7424
7549	Spectrogram 1	1	11274.000000	11275.250000	0	0	9	cluster_9	1.0000
7550	Spectrogram 1	1	11275.000000	11276.000000	0	0	noise	cluster_noise	0.0000
7551	Spectrogram 1	1	11275.750000	11277.250000	0	0	9	cluster_9	0.9999
7552	Spectrogram 1	1	11277.000000	11277.750000	0	0	noise	cluster_noise	0.0000
7553	Spectrogram 1	1	11277.500000	11286.750000	0	0	9	cluster_9	0.9294
7554	Spectrogram 1	1	11286.500000	11287.000000	0	0	noise	cluster_noise	0.0000
7555	Spectrogram 1	1	11286.750000	11287.500000	0	0	6	cluster_6	0.9623
7556	Spectrogram 1	1	11287.250000	11288.000000	0	0	noise	cluster_noise	0.0000
7557	Spectrogram 1	1	11287.750000	11288.500000	0	0	9	cluster_9	1.0000
7558	Spectrogram 1	1	11288.250000	11289.500000	0	0	noise	cluster_noise	0.0000
7559	Spectrogram 1	1	11289.250000	11290.250000	0	0	9	cluster_9	0.9251
7560	Spectrogram 1	1	11290.000000	11290.500000	0	0	noise	cluster_noise	0.0000
7561	Spectrogram 1	1	11295.000000	11295.500000	0	0	9	cluster_9	1.0000
7562	Spectrogram 1	1	11295.250000	11295.750000	0	0	noise	cluster_noise	0.0000
7563	Spectrogram 1	1	11295.500000	11297.500000	0	0	6	cluster_6	1.0000
7564	Spectrogram 1	1	11297.250000	11300.500000	0	0	9	cluster_9	0.9741
7565	Spectrogram 1	1	11300.250000	11300.750000	0	0	noise	cluster_noise	0.0000
7566	Spectrogram 1	1	11300.500000	11301.250000	0	0	6	cluster_6	0.7354
7567	Spectrogram 1	1	11301.000000	11301.500000	0	0	noise	cluster_noise	0.0000
7568	Spectrogram 1	1	11301.250000	11302.750000	0	0	9	cluster_9	1.0000
7569	Spectrogram 1	1	11302.500000	11303.000000	0	0	noise	cluster_noise	0.0000
7570	Spectrogram 1	1	11302.750000	11303.250000	0	0	1	cluster_1	0.4542
7571	Spectrogram 1	1	11303.000000	11303.500000	0	0	noise	cluster_noise	0.0000
7572	Spectrogram 1	1	11303.250000	11304.250000	0	0	9	cluster_9	1.0000
7573	Spectrogram 1	1	11304.000000	11304.500000	0	0	noise	cluster_noise	0.0000
7574	Spectrogram 1	1	11305.000000	11305.750000	0	0	9	cluster_9	0.8947
7575	Spectrogram 1	1	11305.500000	11306.500000	0	0	noise	cluster_noise	0.0000
7576	Spectrogram 1	1	11306.250000	11308.750000	0	0	9	cluster_9	0.9502
7577	Spectrogram 1	1	11308.500000	11309.000000	0	0	noise	cluster_noise	0.0000
7578	Spectrogram 1	1	11308.750000	11310.750000	0	0	6	cluster_6	1.0000
7579	Spectrogram 1	1	11310.500000	11311.000000	0	0	noise	cluster_noise	0.0000
7580	Spectrogram 1	1	11310.750000	11311.250000	0	0	2	cluster_2	0.7758
7581	Spectrogram 1	1	11311.000000	11311.500000	0	0	noise	cluster_noise	0.0000
7582	Spectrogram 1	1	11311.250000	11314.000000	0	0	9	cluster_9	0.9755
7583	Spectrogram 1	1	11313.750000	11314.250000	0	0	noise	cluster_noise	0.0000
7584	Spectrogram 1	1	11314.000000	11315.000000	0	0	1	cluster_1	0.5856
7585	Spectrogram 1	1	11314.750000	11315.250000	0	0	2	cluster_2	0.8907
7586	Spectrogram 1	1	11315.000000	11317.500000	0	0	9	cluster_9	1.0000
7587	Spectrogram 1	1	11318.000000	11319.000000	0	0	1	cluster_1	0.8154
7588	Spectrogram 1	1	11318.750000	11319.250000	0	0	noise	cluster_noise	0.0000
7589	Spectrogram 1	1	11319.000000	11320.750000	0	0	9	cluster_9	1.0000
7590	Spectrogram 1	1	11320.500000	11321.000000	0	0	noise	cluster_noise	0.0000
7591	Spectrogram 1	1	11320.750000	11321.500000	0	0	10	cluster_10	0.8315
7592	Spectrogram 1	1	11321.250000	11331.750000	0	0	9	cluster_9	0.9735
7593	Spectrogram 1	1	11331.500000	11333.000000	0	0	1	cluster_1	0.8292
7594	Spectrogram 1	1	11332.750000	11333.250000	0	0	noise	cluster_noise	0.0000
7595	Spectrogram 1	1	11333.000000	11342.000000	0	0	9	cluster_9	0.9839
7596	Spectrogram 1	1	11341.750000	11342.500000	0	0	1	cluster_1	0.7986
7597	Spectrogram 1	1	11343.000000	11343.500000	0	0	9	cluster_9	0.7647
7598	Spectrogram 1	1	11343.250000	11343.750000	0	0	noise	cluster_noise	0.0000
7599	Spectrogram 1	1	11343.500000	11345.000000	0	0	9	cluster_9	0.9687
7600	Spectrogram 1	1	11344.750000	11345.500000	0	0	noise	cluster_noise	0.0000
7601	Spectrogram 1	1	11345.250000	11346.500000	0	0	1	cluster_1	0.8917
7602	Spectrogram 1	1	11352.000000	11352.750000	0	0	10	cluster_10	0.8782
7603	Spectrogram 1	1	11352.500000	11353.000000	0	0	9	cluster_9	1.0000
7604	Spectrogram 1	1	11352.750000	11353.250000	0	0	noise	cluster_noise	0.0000
7605	Spectrogram 1	1	11353.000000	11353.750000	0	0	10	cluster_10	0.7104
7606	Spectrogram 1	1	11353.500000	11354.500000	0	0	9	cluster_9	0.9931
7607	Spectrogram 1	1	11354.250000	11354.750000	0	0	noise	cluster_noise	0.0000
7608	Spectrogram 1	1	11354.500000	11355.250000	0	0	10	cluster_10	0.8377
7609	Spectrogram 1	1	11355.000000	11355.500000	0	0	noise	cluster_noise	0.0000
7610	Spectrogram 1	1	11355.250000	11356.000000	0	0	10	cluster_10	0.7004
7611	Spectrogram 1	1	11355.750000	11357.500000	0	0	9	cluster_9	1.0000
7612	Spectrogram 1	1	11365.000000	11365.750000	0	0	10	cluster_10	0.6352
7613	Spectrogram 1	1	11365.500000	11366.500000	0	0	9	cluster_9	1.0000
7614	Spectrogram 1	1	11367.000000	11367.500000	0	0	10	cluster_10	0.5315
7615	Spectrogram 1	1	11367.250000	11369.250000	0	0	9	cluster_9	1.0000
7616	Spectrogram 1	1	11369.000000	11369.500000	0	0	noise	cluster_noise	0.0000
7617	Spectrogram 1	1	11369.250000	11369.750000	0	0	10	cluster_10	0.5948
7618	Spectrogram 1	1	11369.500000	11370.000000	0	0	noise	cluster_noise	0.0000
7619	Spectrogram 1	1	11369.750000	11370.250000	0	0	9	cluster_9	1.0000
7620	Spectrogram 1	1	11370.000000	11370.750000	0	0	noise	cluster_noise	0.0000
7621	Spectrogram 1	1	11370.500000	11371.000000	0	0	9	cluster_9	1.0000
7622	Spectrogram 1	1	11370.750000	11371.250000	0	0	8	cluster_8	0.7779
7623	Spectrogram 1	1	11371.000000	11371.500000	0	0	noise	cluster_noise	0.0000
7624	Spectrogram 1	1	11372.000000	11373.000000	0	0	9	cluster_9	1.0000
7625	Spectrogram 1	1	11372.750000	11373.500000	0	0	noise	cluster_noise	0.0000
7626	Spectrogram 1	1	11374.000000	11374.500000	0	0	9	cluster_9	1.0000
7627	Spectrogram 1	1	11374.250000	11375.000000	0	0	8	cluster_8	1.0000
7628	Spectrogram 1	1	11374.750000	11380.500000	0	0	9	cluster_9	1.0000
7629	Spectrogram 1	1	11380.250000	11381.000000	0	0	noise	cluster_noise	0.0000
7630	Spectrogram 1	1	11380.750000	11382.000000	0	0	1	cluster_1	0.8617
7631	Spectrogram 1	1	11381.750000	11383.500000	0	0	9	cluster_9	0.9993
7632	Spectrogram 1	1	11383.250000	11384.000000	0	0	10	cluster_10	0.5968
7633	Spectrogram 1	1	11383.750000	11384.250000	0	0	8	cluster_8	1.0000
7634	Spectrogram 1	1	11384.000000	11385.500000	0	0	9	cluster_9	1.0000
7635	Spectrogram 1	1	11385.250000	11386.000000	0	0	10	cluster_10	0.6182
7636	Spectrogram 1	1	11385.750000	11386.250000	0	0	8	cluster_8	1.0000
7637	Spectrogram 1	1	11386.000000	11386.750000	0	0	noise	cluster_noise	0.0000
7638	Spectrogram 1	1	11386.500000	11387.750000	0	0	9	cluster_9	1.0000
7639	Spectrogram 1	1	11387.500000	11388.250000	0	0	10	cluster_10	0.5527
7640	Spectrogram 1	1	11388.000000	11388.500000	0	0	8	cluster_8	1.0000
7641	Spectrogram 1	1	11388.250000	11388.750000	0	0	9	cluster_9	1.0000
7642	Spectrogram 1	1	11388.500000	11389.250000	0	0	noise	cluster_noise	0.0000
7643	Spectrogram 1	1	11389.000000	11389.500000	0	0	9	cluster_9	1.0000
7644	Spectrogram 1	1	11389.250000	11390.000000	0	0	noise	cluster_noise	0.0000
7645	Spectrogram 1	1	11389.750000	11390.500000	0	0	9	cluster_9	0.9786
7646	Spectrogram 1	1	11392.000000	11392.750000	0	0	noise	cluster_noise	0.0000
7647	Spectrogram 1	1	11392.500000	11393.000000	0	0	9	cluster_9	1.0000
7648	Spectrogram 1	1	11392.750000	11393.500000	0	0	8	cluster_8	1.0000
7649	Spectrogram 1	1	11393.250000	11394.750000	0	0	9	cluster_9	1.0000
7650	Spectrogram 1	1	11394.500000	11395.000000	0	0	noise	cluster_noise	0.0000
7651	Spectrogram 1	1	11394.750000	11395.250000	0	0	10	cluster_10	0.6095
7652	Spectrogram 1	1	11395.000000	11395.750000	0	0	8	cluster_8	1.0000
7653	Spectrogram 1	1	11395.500000	11397.500000	0	0	9	cluster_9	0.9913
7654	Spectrogram 1	1	11397.250000	11398.000000	0	0	10	cluster_10	0.5245
7655	Spectrogram 1	1	11397.750000	11398.500000	0	0	8	cluster_8	1.0000
7656	Spectrogram 1	1	11399.000000	11400.250000	0	0	9	cluster_9	1.0000
7657	Spectrogram 1	1	11400.000000	11400.750000	0	0	10	cluster_10	0.5875
7658	Spectrogram 1	1	11400.500000	11401.000000	0	0	8	cluster_8	1.0000
7659	Spectrogram 1	1	11400.750000	11401.250000	0	0	9	cluster_9	1.0000
7660	Spectrogram 1	1	11401.000000	11401.500000	0	0	noise	cluster_noise	0.0000
7661	Spectrogram 1	1	11401.250000	11402.250000	0	0	9	cluster_9	1.0000
7662	Spectrogram 1	1	11402.000000	11403.000000	0	0	noise	cluster_noise	0.0000
7663	Spectrogram 1	1	11402.750000	11407.000000	0	0	9	cluster_9	0.9761
7664	Spectrogram 1	1	11406.750000	11407.250000	0	0	noise	cluster_noise	0.0000
7665	Spectrogram 1	1	11407.000000	11407.750000	0	0	3	cluster_3	0.7754
7666	Spectrogram 1	1	11407.500000	11411.000000	0	0	noise	cluster_noise	0.0000
7667	Spectrogram 1	1	11410.750000	11412.250000	0	0	9	cluster_9	0.9593
7668	Spectrogram 1	1	11412.000000	11412.500000	0	0	8	cluster_8	1.0000
7669	Spectrogram 1	1	11414.000000	11415.000000	0	0	9	cluster_9	1.0000
7670	Spectrogram 1	1	11414.750000	11415.750000	0	0	8	cluster_8	1.0000
7671	Spectrogram 1	1	11415.500000	11416.500000	0	0	9	cluster_9	1.0000
7672	Spectrogram 1	1	11420.000000	11420.500000	0	0	8	cluster_8	1.0000
7673	Spectrogram 1	1	11420.250000	11421.000000	0	0	noise	cluster_noise	0.0000
7674	Spectrogram 1	1	11420.750000	11421.500000	0	0	9	cluster_9	1.0000
7675	Spectrogram 1	1	11421.250000	11422.750000	0	0	noise	cluster_noise	0.0000
7676	Spectrogram 1	1	11422.500000	11423.750000	0	0	9	cluster_9	0.9612
7677	Spectrogram 1	1	11423.500000	11424.250000	0	0	noise	cluster_noise	0.0000
7678	Spectrogram 1	1	11424.000000	11425.000000	0	0	3	cluster_3	0.7841
7679	Spectrogram 1	1	11424.750000	11425.250000	0	0	2	cluster_2	0.7362
7680	Spectrogram 1	1	11425.000000	11425.750000	0	0	noise	cluster_noise	0.0000
7681	Spectrogram 1	1	11425.500000	11427.000000	0	0	9	cluster_9	0.9894
7682	Spectrogram 1	1	11426.750000	11432.500000	0	0	noise	cluster_noise	0.0000
7683	Spectrogram 1	1	11432.250000	11433.250000	0	0	8	cluster_8	1.0000
7684	Spectrogram 1	1	11433.000000	11435.000000	0	0	9	cluster_9	0.9853
7685	Spectrogram 1	1	11434.750000	11436.000000	0	0	8	cluster_8	0.9387
7686	Spectrogram 1	1	11435.750000	11437.500000	0	0	9	cluster_9	1.0000
7687	Spectrogram 1	1	11437.250000	11438.250000	0	0	8	cluster_8	0.9912
7688	Spectrogram 1	1	11438.000000	11439.750000	0	0	9	cluster_9	1.0000
7689	Spectrogram 1	1	11439.500000	11440.500000	0	0	8	cluster_8	0.9670
7690	Spectrogram 1	1	11446.000000	11447.250000	0	0	noise	cluster_noise	0.0000
7691	Spectrogram 1	1	11447.000000	11447.750000	0	0	9	cluster_9	1.0000
7692	Spectrogram 1	1	11447.500000	11449.000000	0	0	noise	cluster_noise	0.0000
7693	Spectrogram 1	1	11448.750000	11450.250000	0	0	9	cluster_9	0.9653
7694	Spectrogram 1	1	11450.000000	11451.000000	0	0	8	cluster_8	0.9501
7695	Spectrogram 1	1	11450.750000	11452.750000	0	0	9	cluster_9	1.0000
7696	Spectrogram 1	1	11452.500000	11453.750000	0	0	8	cluster_8	0.9301
7697	Spectrogram 1	1	11453.500000	11454.000000	0	0	noise	cluster_noise	0.0000
7698	Spectrogram 1	1	11453.750000	11461.500000	0	0	9	cluster_9	0.9955
7699	Spectrogram 1	1	11462.000000	11462.500000	0	0	8	cluster_8	0.8912
7700	Spectrogram 1	1	11462.250000	11463.250000	0	0	9	cluster_9	1.0000
7701	Spectrogram 1	1	11463.000000	11463.500000	0	0	noise	cluster_noise	0.0000
7702	Spectrogram 1	1	11463.250000	11464.000000	0	0	9	cluster_9	0.9423
7703	Spectrogram 1	1	11463.750000	11465.000000	0	0	8	cluster_8	0.8621
7704	Spectrogram 1	1	11464.750000	11465.250000	0	0	noise	cluster_noise	0.0000
7705	Spectrogram 1	1	11465.000000	11466.500000	0	0	9	cluster_9	1.0000
7706	Spectrogram 1	1	11466.250000	11467.250000	0	0	8	cluster_8	0.9450
7707	Spectrogram 1	1	11467.000000	11467.500000	0	0	noise	cluster_noise	0.0000
7708	Spectrogram 1	1	11468.000000	11468.750000	0	0	9	cluster_9	1.0000
7709	Spectrogram 1	1	11468.500000	11469.250000	0	0	noise	cluster_noise	0.0000
7710	Spectrogram 1	1	11469.000000	11469.500000	0	0	8	cluster_8	1.0000
7711	Spectrogram 1	1	11477.000000	11479.750000	0	0	9	cluster_9	1.0000
7712	Spectrogram 1	1	11479.500000	11480.250000	0	0	8	cluster_8	0.8754
7713	Spectrogram 1	1	11480.000000	11515.250000	0	0	9	cluster_9	0.9846
7714	Spectrogram 1	1	11515.000000	11516.500000	0	0	0	cluster_0	0.7619
7715	Spectrogram 1	1	11575.000000	11576.500000	0	0	9	cluster_9	0.9957
7716	Spectrogram 1	1	11580.000000	11580.750000	0	0	6	cluster_6	0.8272
7717	Spectrogram 1	1	11580.500000	11581.250000	0	0	noise	cluster_noise	0.0000
7718	Spectrogram 1	1	11581.000000	11628.500000	0	0	9	cluster_9	0.8783
7719	Spectrogram 1	1	11628.250000	11628.750000	0	0	noise	cluster_noise	0.0000
7720	Spectrogram 1	1	11628.500000	11630.250000	0	0	9	cluster_9	1.0000
7721	Spectrogram 1	1	11630.000000	11630.750000	0	0	noise	cluster_noise	0.0000
7722	Spectrogram 1	1	11630.500000	11631.750000	0	0	6	cluster_6	0.9906
7723	Spectrogram 1	1	11631.500000	11632.000000	0	0	noise	cluster_noise	0.0000
7724	Spectrogram 1	1	11631.750000	11633.000000	0	0	9	cluster_9	0.9426
7725	Spectrogram 1	1	11632.750000	11633.750000	0	0	8	cluster_8	0.9327
7726	Spectrogram 1	1	11633.500000	11642.500000	0	0	9	cluster_9	1.0000
7727	Spectrogram 1	1	11642.250000	11643.500000	0	0	6	cluster_6	0.8580
7728	Spectrogram 1	1	11643.250000	11644.250000	0	0	noise	cluster_noise	0.0000
7729	Spectrogram 1	1	11644.000000	11649.250000	0	0	9	cluster_9	0.9820
7730	Spectrogram 1	1	11649.000000	11649.500000	0	0	6	cluster_6	0.7085
7731	Spectrogram 1	1	11650.000000	11651.500000	0	0	9	cluster_9	1.0000
7732	Spectrogram 1	1	11655.000000	11655.500000	0	0	noise	cluster_noise	0.0000
7733	Spectrogram 1	1	11655.250000	11686.250000	0	0	9	cluster_9	0.9729
7734	Spectrogram 1	1	11686.000000	11687.750000	0	0	6	cluster_6	0.7223
7735	Spectrogram 1	1	11687.500000	11689.500000	0	0	9	cluster_9	0.9927
7736	Spectrogram 1	1	11695.000000	11695.750000	0	0	noise	cluster_noise	0.0000
7737	Spectrogram 1	1	11695.500000	11696.000000	0	0	9	cluster_9	1.0000
7738	Spectrogram 1	1	11695.750000	11696.250000	0	0	noise	cluster_noise	0.0000
7739	Spectrogram 1	1	11696.000000	11696.500000	0	0	6	cluster_6	0.9824
7740	Spectrogram 1	1	11696.250000	11696.750000	0	0	noise	cluster_noise	0.0000
7741	Spectrogram 1	1	11696.500000	11698.500000	0	0	9	cluster_9	1.0000
7742	Spectrogram 1	1	11698.250000	11700.500000	0	0	6	cluster_6	0.9646
7743	Spectrogram 1	1	11700.250000	11700.750000	0	0	noise	cluster_noise	0.0000
7744	Spectrogram 1	1	11700.500000	11702.500000	0	0	9	cluster_9	1.0000
7745	Spectrogram 1	1	11706.000000	11706.500000	0	0	noise	cluster_noise	0.0000
7746	Spectrogram 1	1	11706.250000	11706.750000	0	0	9	cluster_9	1.0000
7747	Spectrogram 1	1	11706.500000	11707.000000	0	0	noise	cluster_noise	0.0000
7748	Spectrogram 1	1	11706.750000	11708.000000	0	0	6	cluster_6	0.9835
7749	Spectrogram 1	1	11707.750000	11708.500000	0	0	9	cluster_9	1.0000
7750	Spectrogram 1	1	11708.250000	11708.750000	0	0	noise	cluster_noise	0.0000
7751	Spectrogram 1	1	11708.500000	11709.500000	0	0	6	cluster_6	0.8526
7752	Spectrogram 1	1	11710.000000	11727.000000	0	0	9	cluster_9	1.0000
7753	Spectrogram 1	1	11726.750000	11727.250000	0	0	noise	cluster_noise	0.0000
7754	Spectrogram 1	1	11727.000000	11745.750000	0	0	9	cluster_9	1.0000
7755	Spectrogram 1	1	11745.500000	11746.000000	0	0	5	cluster_5	1.0000
7756	Spectrogram 1	1	11745.750000	11746.250000	0	0	noise	cluster_noise	0.0000
7757	Spectrogram 1	1	11746.000000	11747.500000	0	0	9	cluster_9	1.0000
7758	Spectrogram 1	1	11757.000000	11758.000000	0	0	7	cluster_7	0.8506
7759	Spectrogram 1	1	11757.750000	11758.500000	0	0	noise	cluster_noise	0.0000
7760	Spectrogram 1	1	11758.250000	11769.750000	0	0	9	cluster_9	0.9785
7761	Spectrogram 1	1	11769.500000	11771.000000	0	0	noise	cluster_noise	0.0000
7762	Spectrogram 1	1	11770.750000	11771.250000	0	0	1	cluster_1	0.4922
7763	Spectrogram 1	1	11771.000000	11771.750000	0	0	noise	cluster_noise	0.0000
7764	Spectrogram 1	1	11771.500000	11772.250000	0	0	6	cluster_6	0.7097
7765	Spectrogram 1	1	11772.000000	11772.500000	0	0	noise	cluster_noise	0.0000
7766	Spectrogram 1	1	11780.000000	11781.000000	0	0	1	cluster_1	0.7423
7767	Spectrogram 1	1	11780.750000	11781.500000	0	0	noise	cluster_noise	0.0000
7768	Spectrogram 1	1	11781.250000	11783.000000	0	0	9	cluster_9	0.9661
7769	Spectrogram 1	1	11782.750000	11783.500000	0	0	noise	cluster_noise	0.0000
7770	Spectrogram 1	1	11794.000000	11795.500000	0	0	9	cluster_9	1.0000
7771	Spectrogram 1	1	11805.000000	11805.500000	0	0	10	cluster_10	1.0000
7772	Spectrogram 1	1	11805.250000	11806.750000	0	0	9	cluster_9	1.0000
7773	Spectrogram 1	1	11806.500000	11807.000000	0	0	noise	cluster_noise	0.0000
7774	Spectrogram 1	1	11806.750000	11807.500000	0	0	10	cluster_10	0.7832
7775	Spectrogram 1	1	11807.250000	11807.750000	0	0	9	cluster_9	0.9167
7776	Spectrogram 1	1	11807.500000	11808.000000	0	0	noise	cluster_noise	0.0000
7777	Spectrogram 1	1	11807.750000	11808.500000	0	0	10	cluster_10	0.8097
7778	Spectrogram 1	1	11808.250000	11809.250000	0	0	9	cluster_9	1.0000
7779	Spectrogram 1	1	11809.000000	11810.000000	0	0	10	cluster_10	0.6324
7780	Spectrogram 1	1	11809.750000	11810.250000	0	0	noise	cluster_noise	0.0000
7781	Spectrogram 1	1	11810.000000	11810.500000	0	0	10	cluster_10	0.9853
7782	Spectrogram 1	1	11810.250000	11812.750000	0	0	9	cluster_9	0.9865
7783	Spectrogram 1	1	11812.500000	11813.250000	0	0	noise	cluster_noise	0.0000
7784	Spectrogram 1	1	11813.000000	11816.250000	0	0	9	cluster_9	1.0000
7785	Spectrogram 1	1	11816.000000	11816.500000	0	0	noise	cluster_noise	0.0000
7786	Spectrogram 1	1	11816.250000	11816.750000	0	0	9	cluster_9	0.8113
7787	Spectrogram 1	1	11816.500000	11817.000000	0	0	1	cluster_1	0.4504
7788	Spectrogram 1	1	11816.750000	11817.500000	0	0	noise	cluster_noise	0.0000
7789	Spectrogram 1	1	11817.250000	11819.250000	0	0	9	cluster_9	0.9999
7790	Spectrogram 1	1	11819.000000	11819.750000	0	0	10	cluster_10	0.8498
7791	Spectrogram 1	1	11819.500000	11821.000000	0	0	9	cluster_9	0.9980
7792	Spectrogram 1	1	11820.750000	11821.250000	0	0	noise	cluster_noise	0.0000
7793	Spectrogram 1	1	11821.000000	11821.750000	0	0	10	cluster_10	0.7902
7794	Spectrogram 1	1	11821.500000	11822.000000	0	0	noise	cluster_noise	0.0000
7795	Spectrogram 1	1	11821.750000	11822.500000	0	0	10	cluster_10	0.6357
7796	Spectrogram 1	1	11822.250000	11823.500000	0	0	9	cluster_9	0.9720
7797	Spectrogram 1	1	11823.250000	11823.750000	0	0	noise	cluster_noise	0.0000
7798	Spectrogram 1	1	11823.500000	11824.250000	0	0	10	cluster_10	0.7608
7799	Spectrogram 1	1	11824.000000	11824.500000	0	0	9	cluster_9	1.0000
7800	Spectrogram 1	1	11824.250000	11825.000000	0	0	10	cluster_10	0.7579
7801	Spectrogram 1	1	11824.750000	11826.000000	0	0	9	cluster_9	0.9881
7802	Spectrogram 1	1	11825.750000	11826.250000	0	0	noise	cluster_noise	0.0000
7803	Spectrogram 1	1	11826.000000	11826.500000	0	0	10	cluster_10	1.0000
7804	Spectrogram 1	1	11827.000000	11829.000000	0	0	9	cluster_9	0.9796
7805	Spectrogram 1	1	11828.750000	11829.750000	0	0	noise	cluster_noise	0.0000
7806	Spectrogram 1	1	11829.500000	11830.000000	0	0	1	cluster_1	0.4552
7807	Spectrogram 1	1	11829.750000	11830.250000	0	0	noise	cluster_noise	0.0000
7808	Spectrogram 1	1	11830.000000	11841.000000	0	0	9	cluster_9	0.9955
7809	Spectrogram 1	1	11840.750000	11841.750000	0	0	10	cluster_10	0.5885
7810	Spectrogram 1	1	11841.500000	11842.000000	0	0	9	cluster_9	1.0000
7811	Spectrogram 1	1	11841.750000	11842.250000	0	0	noise	cluster_noise	0.0000
7812	Spectrogram 1	1	11842.000000	11842.750000	0	0	9	cluster_9	1.0000
7813	Spectrogram 1	1	11842.500000	11843.000000	0	0	noise	cluster_noise	0.0000
7814	Spectrogram 1	1	11842.750000	11853.750000	0	0	9	cluster_9	0.9833
7815	Spectrogram 1	1	11853.500000	11854.250000	0	0	8	cluster_8	0.9906
7816	Spectrogram 1	1	11854.000000	11854.500000	0	0	noise	cluster_noise	0.0000
7817	Spectrogram 1	1	11854.250000	11855.750000	0	0	9	cluster_9	0.9465
7818	Spectrogram 1	1	11855.500000	11856.000000	0	0	noise	cluster_noise	0.0000
7819	Spectrogram 1	1	11855.750000	11856.750000	0	0	9	cluster_9	0.9180
7820	Spectrogram 1	1	11856.500000	11857.250000	0	0	8	cluster_8	1.0000
7821	Spectrogram 1	1	11857.000000	11866.750000	0	0	9	cluster_9	0.9853
7822	Spectrogram 1	1	11866.500000	11867.250000	0	0	10	cluster_10	0.5975
7823	Spectrogram 1	1	11867.000000	11867.500000	0	0	8	cluster_8	1.0000
7824	Spectrogram 1	1	11867.250000	11868.750000	0	0	9	cluster_9	1.0000
7825	Spectrogram 1	1	11868.500000	11869.000000	0	0	noise	cluster_noise	0.0000
7826	Spectrogram 1	1	11868.750000	11869.500000	0	0	10	cluster_10	0.6456
7827	Spectrogram 1	1	11876.000000	11876.500000	0	0	8	cluster_8	1.0000
7828	Spectrogram 1	1	11876.250000	11880.500000	0	0	9	cluster_9	1.0000
7829	Spectrogram 1	1	11880.250000	11881.000000	0	0	10	cluster_10	0.5536
7830	Spectrogram 1	1	11880.750000	11881.250000	0	0	noise	cluster_noise	0.0000
7831	Spectrogram 1	1	11881.000000	11892.000000	0	0	9	cluster_9	0.9645
7832	Spectrogram 1	1	11891.750000	11892.750000	0	0	noise	cluster_noise	0.0000
7833	Spectrogram 1	1	11892.500000	11894.500000	0	0	9	cluster_9	0.9793
7834	Spectrogram 1	1	11895.000000	11895.500000	0	0	8	cluster_8	1.0000
7835	Spectrogram 1	1	11895.250000	11896.500000	0	0	9	cluster_9	1.0000
7836	Spectrogram 1	1	11903.000000	11903.750000	0	0	8	cluster_8	0.9816
7837	Spectrogram 1	1	11903.500000	11905.750000	0	0	9	cluster_9	0.9996
7838	Spectrogram 1	1	11905.500000	11907.000000	0	0	8	cluster_8	1.0000
7839	Spectrogram 1	1	11906.750000	11908.750000	0	0	9	cluster_9	1.0000
7840	Spectrogram 1	1	11908.500000	11910.000000	0	0	8	cluster_8	1.0000
7841	Spectrogram 1	1	11909.750000	11911.750000	0	0	9	cluster_9	0.9934
7842	Spectrogram 1	1	11911.500000	11913.250000	0	0	8	cluster_8	0.9821
7843	Spectrogram 1	1	11913.000000	11913.500000	0	0	9	cluster_9	1.0000
7844	Spectrogram 1	1	11919.000000	11919.500000	0	0	0	cluster_0	1.0000
7845	Spectrogram 1	1	11919.250000	11919.750000	0	0	noise	cluster_noise	0.0000
7846	Spectrogram 1	1	11919.500000	11922.500000	0	0	9	cluster_9	0.9947
7847	Spectrogram 1	1	11922.250000	11922.750000	0	0	8	cluster_8	0.9565
7848	Spectrogram 1	1	11922.500000	11923.000000	0	0	noise	cluster_noise	0.0000
7849	Spectrogram 1	1	11922.750000	11923.500000	0	0	8	cluster_8	1.0000
7850	Spectrogram 1	1	11923.250000	11925.500000	0	0	9	cluster_9	1.0000
7851	Spectrogram 1	1	11925.250000	11926.500000	0	0	8	cluster_8	0.9860
7852	Spectrogram 1	1	11926.250000	11928.500000	0	0	9	cluster_9	1.0000
7853	Spectrogram 1	1	11928.250000	11929.750000	0	0	8	cluster_8	0.9658
7854	Spectrogram 1	1	11929.500000	11936.500000	0	0	9	cluster_9	1.0000
7855	Spectrogram 1	1	11937.000000	11938.000000	0	0	8	cluster_8	0.8912
7856	Spectrogram 1	1	11937.750000	11940.000000	0	0	9	cluster_9	1.0000
7857	Spectrogram 1	1	11939.750000	11940.250000	0	0	noise	cluster_noise	0.0000
7858	Spectrogram 1	1	11940.000000	11941.500000	0	0	8	cluster_8	0.9001
7859	Spectrogram 1	1	11941.250000	11942.750000	0	0	9	cluster_9	1.0000
7860	Spectrogram 1	1	11942.500000	11944.250000	0	0	8	cluster_8	0.8941
7861	Spectrogram 1	1	11944.000000	11946.500000	0	0	9	cluster_9	1.0000
7862	Spectrogram 1	1	11952.000000	11952.500000	0	0	8	cluster_8	0.9384
7863	Spectrogram 1	1	11952.250000	11952.750000	0	0	noise	cluster_noise	0.0000
7864	Spectrogram 1	1	11952.500000	11954.500000	0	0	9	cluster_9	1.0000
7865	Spectrogram 1	1	11954.250000	11954.750000	0	0	noise	cluster_noise	0.0000
7866	Spectrogram 1	1	11954.500000	11956.250000	0	0	8	cluster_8	0.9423
7867	Spectrogram 1	1	11956.000000	11958.000000	0	0	9	cluster_9	1.0000
7868	Spectrogram 1	1	11957.750000	11959.250000	0	0	8	cluster_8	0.9279
7869	Spectrogram 1	1	11959.000000	11959.500000	0	0	noise	cluster_noise	0.0000
7870	Spectrogram 1	1	11959.250000	11984.500000	0	0	9	cluster_9	1.0000
7871	Spectrogram 1	1	11984.250000	11985.750000	0	0	0	cluster_0	0.8756
7872	Spectrogram 1	1	11985.500000	11988.000000	0	0	9	cluster_9	1.0000
7873	Spectrogram 1	1	11987.750000	11988.250000	0	0	noise	cluster_noise	0.0000
7874	Spectrogram 1	1	11988.000000	11989.000000	0	0	6	cluster_6	0.7876
7875	Spectrogram 1	1	11988.750000	11989.250000	0	0	noise	cluster_noise	0.0000
7876	Spectrogram 1	1	11989.000000	12001.250000	0	0	9	cluster_9	0.9785
7877	Spectrogram 1	1	12001.000000	12001.500000	0	0	6	cluster_6	0.8455
7878	Spectrogram 1	1	12003.000000	12004.500000	0	0	9	cluster_9	1.0000
7879	Spectrogram 1	1	12036.000000	12036.500000	0	0	8	cluster_8	0.8932
7880	Spectrogram 1	1	12036.250000	12038.000000	0	0	9	cluster_9	1.0000
7881	Spectrogram 1	1	12037.750000	12038.500000	0	0	noise	cluster_noise	0.0000
7882	Spectrogram 1	1	12038.250000	12052.250000	0	0	9	cluster_9	1.0000
7883	Spectrogram 1	1	12052.000000	12053.500000	0	0	noise	cluster_noise	0.0000
7884	Spectrogram 1	1	12053.250000	12068.000000	0	0	9	cluster_9	0.9962
7885	Spectrogram 1	1	12067.750000	12079.750000	0	0	6	cluster_6	0.9572
7886	Spectrogram 1	1	12079.500000	12080.250000	0	0	noise	cluster_noise	0.0000
7887	Spectrogram 1	1	12080.000000	12088.500000	0	0	9	cluster_9	1.0000
7888	Spectrogram 1	1	12088.250000	12088.750000	0	0	noise	cluster_noise	0.0000
7889	Spectrogram 1	1	12088.500000	12090.250000	0	0	6	cluster_6	0.9787
7890	Spectrogram 1	1	12090.000000	12090.500000	0	0	noise	cluster_noise	0.0000
7891	Spectrogram 1	1	12090.250000	12091.000000	0	0	9	cluster_9	1.0000
7892	Spectrogram 1	1	12090.750000	12091.250000	0	0	noise	cluster_noise	0.0000
7893	Spectrogram 1	1	12091.000000	12092.250000	0	0	8	cluster_8	0.9711
7894	Spectrogram 1	1	12092.000000	12096.000000	0	0	9	cluster_9	0.9964
7895	Spectrogram 1	1	12095.750000	12096.750000	0	0	noise	cluster_noise	0.0000
7896	Spectrogram 1	1	12096.500000	12097.500000	0	0	9	cluster_9	0.9299
7897	Spectrogram 1	1	12100.000000	12100.500000	0	0	6	cluster_6	1.0000
7898	Spectrogram 1	1	12100.250000	12100.750000	0	0	noise	cluster_noise	0.0000
7899	Spectrogram 1	1	12100.500000	12101.500000	0	0	9	cluster_9	1.0000
7900	Spectrogram 1	1	12101.250000	12102.250000	0	0	8	cluster_8	0.9771
7901	Spectrogram 1	1	12102.000000	12102.500000	0	0	noise	cluster_noise	0.0000
7902	Spectrogram 1	1	12102.250000	12106.500000	0	0	9	cluster_9	0.9892
7903	Spectrogram 1	1	12106.250000	12106.750000	0	0	noise	cluster_noise	0.0000
7904	Spectrogram 1	1	12106.500000	12107.000000	0	0	6	cluster_6	0.6969
7905	Spectrogram 1	1	12106.750000	12107.250000	0	0	noise	cluster_noise	0.0000
7906	Spectrogram 1	1	12107.000000	12109.000000	0	0	9	cluster_9	1.0000
7907	Spectrogram 1	1	12108.750000	12109.250000	0	0	noise	cluster_noise	0.0000
7908	Spectrogram 1	1	12109.000000	12109.500000	0	0	6	cluster_6	0.8524
7909	Spectrogram 1	1	12113.000000	12113.750000	0	0	noise	cluster_noise	0.0000
7910	Spectrogram 1	1	12113.500000	12114.000000	0	0	6	cluster_6	0.6982
7911	Spectrogram 1	1	12113.750000	12114.250000	0	0	noise	cluster_noise	0.0000
7912	Spectrogram 1	1	12114.000000	12115.250000	0	0	9	cluster_9	1.0000
7913	Spectrogram 1	1	12115.000000	12116.000000	0	0	noise	cluster_noise	0.0000
7914	Spectrogram 1	1	12115.750000	12119.500000	0	0	9	cluster_9	0.9679
7915	Spectrogram 1	1	12119.250000	12120.500000	0	0	6	cluster_6	1.0000
7916	Spectrogram 1	1	12126.000000	12127.000000	0	0	noise	cluster_noise	0.0000
7917	Spectrogram 1	1	12126.750000	12128.500000	0	0	9	cluster_9	1.0000
7918	Spectrogram 1	1	12128.250000	12128.750000	0	0	0	cluster_0	0.7759
7919	Spectrogram 1	1	12128.500000	12130.250000	0	0	9	cluster_9	0.9720
7920	Spectrogram 1	1	12130.000000	12130.750000	0	0	noise	cluster_noise	0.0000
7921	Spectrogram 1	1	12130.500000	12131.500000	0	0	9	cluster_9	0.9269
7922	Spectrogram 1	1	12131.250000	12132.750000	0	0	noise	cluster_noise	0.0000
7923	Spectrogram 1	1	12132.500000	12138.750000	0	0	9	cluster_9	0.9841
7924	Spectrogram 1	1	12138.500000	12140.250000	0	0	6	cluster_6	0.8965
7925	Spectrogram 1	1	12140.000000	12140.500000	0	0	noise	cluster_noise	0.0000
7926	Spectrogram 1	1	12140.250000	12141.500000	0	0	9	cluster_9	0.9504
7927	Spectrogram 1	1	12141.250000	12141.750000	0	0	8	cluster_8	0.8378
7928	Spectrogram 1	1	12141.500000	12142.250000	0	0	10	cluster_10	0.5075
7929	Spectrogram 1	1	12142.000000	12143.500000	0	0	9	cluster_9	0.9394
7930	Spectrogram 1	1	12143.250000	12144.000000	0	0	noise	cluster_noise	0.0000
7931	Spectrogram 1	1	12143.750000	12144.250000	0	0	10	cluster_10	0.4821
7932	Spectrogram 1	1	12144.000000	12150.500000	0	0	9	cluster_9	0.9731
7933	Spectrogram 1	1	12150.250000	12151.500000	0	0	6	cluster_6	0.9314
7934	Spectrogram 1	1	12152.000000	12153.750000	0	0	9	cluster_9	0.9828
7935	Spectrogram 1	1	12153.500000	12154.000000	0	0	noise	cluster_noise	0.0000
7936	Spectrogram 1	1	12153.750000	12155.000000	0	0	6	cluster_6	0.9362
7937	Spectrogram 1	1	12154.750000	12155.500000	0	0	noise	cluster_noise	0.0000
7938	Spectrogram 1	1	12162.000000	12164.500000	0	0	9	cluster_9	0.9756
7939	Spectrogram 1	1	12165.000000	12165.750000	0	0	6	cluster_6	1.0000
7940	Spectrogram 1	1	12165.500000	12166.000000	0	0	noise	cluster_noise	0.0000
7941	Spectrogram 1	1	12165.750000	12179.250000	0	0	9	cluster_9	0.9596
7942	Spectrogram 1	1	12179.000000	12180.000000	0	0	6	cluster_6	1.0000
7943	Spectrogram 1	1	12179.750000	12180.500000	0	0	9	cluster_9	1.0000
7944	Spectrogram 1	1	12187.000000	12187.500000	0	0	noise	cluster_noise	0.0000
7945	Spectrogram 1	1	12187.250000	12188.500000	0	0	9	cluster_9	1.0000
7946	Spectrogram 1	1	12188.250000	12188.750000	0	0	14	cluster_14	0.7635
7947	Spectrogram 1	1	12188.500000	12189.500000	0	0	noise	cluster_noise	0.0000
7948	Spectrogram 1	1	12189.250000	12190.250000	0	0	9	cluster_9	1.0000
7949	Spectrogram 1	1	12190.000000	12190.750000	0	0	noise	cluster_noise	0.0000
7950	Spectrogram 1	1	12190.500000	12191.500000	0	0	9	cluster_9	1.0000
7951	Spectrogram 1	1	12197.000000	12197.750000	0	0	6	cluster_6	1.0000
7952	Spectrogram 1	1	12197.500000	12198.250000	0	0	noise	cluster_noise	0.0000
7953	Spectrogram 1	1	12198.000000	12199.250000	0	0	9	cluster_9	1.0000
7954	Spectrogram 1	1	12199.000000	12199.500000	0	0	14	cluster_14	0.7499
7955	Spectrogram 1	1	12199.250000	12200.000000	0	0	noise	cluster_noise	0.0000
7956	Spectrogram 1	1	12199.750000	12201.000000	0	0	9	cluster_9	0.9459
7957	Spectrogram 1	1	12200.750000	12202.000000	0	0	noise	cluster_noise	0.0000
7958	Spectrogram 1	1	12201.750000	12202.500000	0	0	9	cluster_9	1.0000
7959	Spectrogram 1	1	12206.000000	12206.750000	0	0	noise	cluster_noise	0.0000
7960	Spectrogram 1	1	12206.500000	12208.250000	0	0	9	cluster_9	1.0000
7961	Spectrogram 1	1	12208.000000	12209.500000	0	0	6	cluster_6	0.9409
7962	Spectrogram 1	1	12209.250000	12210.000000	0	0	noise	cluster_noise	0.0000
7963	Spectrogram 1	1	12209.750000	12218.500000	0	0	9	cluster_9	0.9707
7964	Spectrogram 1	1	12218.250000	12219.500000	0	0	noise	cluster_noise	0.0000
7965	Spectrogram 1	1	12219.250000	12220.000000	0	0	9	cluster_9	1.0000
7966	Spectrogram 1	1	12219.750000	12221.000000	0	0	noise	cluster_noise	0.0000
7967	Spectrogram 1	1	12220.750000	12221.500000	0	0	9	cluster_9	1.0000
7968	Spectrogram 1	1	12221.250000	12222.500000	0	0	noise	cluster_noise	0.0000
7969	Spectrogram 1	1	12222.250000	12223.500000	0	0	9	cluster_9	1.0000
7970	Spectrogram 1	1	12228.000000	12229.500000	0	0	6	cluster_6	0.9826
7971	Spectrogram 1	1	12229.250000	12230.750000	0	0	9	cluster_9	0.9672
7972	Spectrogram 1	1	12230.500000	12231.250000	0	0	noise	cluster_noise	0.0000
7973	Spectrogram 1	1	12231.000000	12232.000000	0	0	9	cluster_9	0.8538
7974	Spectrogram 1	1	12231.750000	12232.500000	0	0	noise	cluster_noise	0.0000
7975	Spectrogram 1	1	12232.250000	12233.250000	0	0	9	cluster_9	1.0000
7976	Spectrogram 1	1	12233.000000	12234.000000	0	0	noise	cluster_noise	0.0000
7977	Spectrogram 1	1	12233.750000	12234.750000	0	0	9	cluster_9	1.0000
7978	Spectrogram 1	1	12234.500000	12235.500000	0	0	noise	cluster_noise	0.0000
7979	Spectrogram 1	1	12240.000000	12243.750000	0	0	9	cluster_9	0.9995
7980	Spectrogram 1	1	12243.500000	12244.750000	0	0	7	cluster_7	0.9749
7981	Spectrogram 1	1	12244.500000	12245.000000	0	0	noise	cluster_noise	0.0000
7982	Spectrogram 1	1	12244.750000	12245.500000	0	0	9	cluster_9	1.0000
7983	Spectrogram 1	1	12245.250000	12245.750000	0	0	noise	cluster_noise	0.0000
7984	Spectrogram 1	1	12245.500000	12248.250000	0	0	7	cluster_7	0.9099
7985	Spectrogram 1	1	12248.000000	12248.500000	0	0	noise	cluster_noise	0.0000
7986	Spectrogram 1	1	12248.250000	12257.000000	0	0	9	cluster_9	0.9802
7987	Spectrogram 1	1	12256.750000	12258.500000	0	0	7	cluster_7	1.0000
7988	Spectrogram 1	1	12258.250000	12258.750000	0	0	noise	cluster_noise	0.0000
7989	Spectrogram 1	1	12258.500000	12262.750000	0	0	9	cluster_9	0.9978
7990	Spectrogram 1	1	12262.500000	12264.500000	0	0	6	cluster_6	0.8941
7991	Spectrogram 1	1	12264.250000	12269.500000	0	0	9	cluster_9	0.9748
7992	Spectrogram 1	1	12269.250000	12269.750000	0	0	noise	cluster_noise	0.0000
7993	Spectrogram 1	1	12269.500000	12274.750000	0	0	9	cluster_9	0.9938
7994	Spectrogram 1	1	12274.500000	12276.250000	0	0	6	cluster_6	0.9607
7995	Spectrogram 1	1	12276.000000	12278.500000	0	0	9	cluster_9	0.9464
7996	Spectrogram 1	1	12278.250000	12278.750000	0	0	noise	cluster_noise	0.0000
7997	Spectrogram 1	1	12278.500000	12281.500000	0	0	9	cluster_9	0.9518
7998	Spectrogram 1	1	12281.250000	12282.750000	0	0	7	cluster_7	0.9577
7999	Spectrogram 1	1	12282.500000	12284.750000	0	0	9	cluster_9	1.0000
8000	Spectrogram 1	1	12284.500000	12285.500000	0	0	7	cluster_7	0.8823
8001	Spectrogram 1	1	12285.250000	12291.500000	0	0	9	cluster_9	1.0000
8002	Spectrogram 1	1	12291.250000	12292.000000	0	0	noise	cluster_noise	0.0000
8003	Spectrogram 1	1	12291.750000	12293.000000	0	0	9	cluster_9	1.0000
8004	Spectrogram 1	1	12292.750000	12293.250000	0	0	noise	cluster_noise	0.0000
8005	Spectrogram 1	1	12293.000000	12308.500000	0	0	9	cluster_9	1.0000
8006	Spectrogram 1	1	12313.000000	12313.500000	0	0	noise	cluster_noise	0.0000
8007	Spectrogram 1	1	12313.250000	12337.500000	0	0	9	cluster_9	0.9896
8008	Spectrogram 1	1	12344.000000	12345.000000	0	0	6	cluster_6	0.8445
8009	Spectrogram 1	1	12344.750000	12345.250000	0	0	noise	cluster_noise	0.0000
8010	Spectrogram 1	1	12345.000000	12348.500000	0	0	9	cluster_9	0.9725
8011	Spectrogram 1	1	12348.250000	12349.000000	0	0	6	cluster_6	0.6899
8012	Spectrogram 1	1	12348.750000	12349.500000	0	0	noise	cluster_noise	0.0000
8013	Spectrogram 1	1	12349.250000	12350.750000	0	0	9	cluster_9	0.9693
8014	Spectrogram 1	1	12350.500000	12351.000000	0	0	noise	cluster_noise	0.0000
8015	Spectrogram 1	1	12350.750000	12353.500000	0	0	9	cluster_9	0.9949
8016	Spectrogram 1	1	12358.000000	12358.500000	0	0	noise	cluster_noise	0.0000
8017	Spectrogram 1	1	12358.250000	12362.000000	0	0	9	cluster_9	1.0000
8018	Spectrogram 1	1	12361.750000	12362.500000	0	0	noise	cluster_noise	0.0000
8019	Spectrogram 1	1	12362.250000	12389.000000	0	0	9	cluster_9	0.9880
8020	Spectrogram 1	1	12388.750000	12389.250000	0	0	noise	cluster_noise	0.0000
8021	Spectrogram 1	1	12389.000000	12400.500000	0	0	9	cluster_9	0.9950
8022	Spectrogram 1	1	12469.000000	12469.500000	0	0	1	cluster_1	0.5347
8023	Spectrogram 1	1	12469.250000	12469.750000	0	0	noise	cluster_noise	0.0000
8024	Spectrogram 1	1	12469.500000	12480.500000	0	0	9	cluster_9	0.9436
8025	Spectrogram 1	1	12480.250000	12480.750000	0	0	noise	cluster_noise	0.0000
8026	Spectrogram 1	1	12480.500000	12481.250000	0	0	9	cluster_9	0.9609
8027	Spectrogram 1	1	12481.000000	12481.500000	0	0	noise	cluster_noise	0.0000
8028	Spectrogram 1	1	12481.250000	12481.750000	0	0	8	cluster_8	0.7966
8029	Spectrogram 1	1	12481.500000	12482.000000	0	0	9	cluster_9	0.9107
8030	Spectrogram 1	1	12481.750000	12482.500000	0	0	noise	cluster_noise	0.0000
8031	Spectrogram 1	1	12482.250000	12482.750000	0	0	9	cluster_9	0.8597
8032	Spectrogram 1	1	12482.500000	12483.000000	0	0	noise	cluster_noise	0.0000
8033	Spectrogram 1	1	12482.750000	12483.500000	0	0	9	cluster_9	1.0000
8034	Spectrogram 1	1	12550.000000	12550.500000	0	0	noise	cluster_noise	0.0000
8035	Spectrogram 1	1	12550.250000	12551.500000	0	0	9	cluster_9	1.0000
8036	Spectrogram 1	1	12564.000000	12564.500000	0	0	8	cluster_8	1.0000
8037	Spectrogram 1	1	12564.250000	12566.750000	0	0	9	cluster_9	1.0000
8038	Spectrogram 1	1	12566.500000	12568.000000	0	0	8	cluster_8	1.0000
8039	Spectrogram 1	1	12567.750000	12568.250000	0	0	noise	cluster_noise	0.0000
8040	Spectrogram 1	1	12568.000000	12568.500000	0	0	8	cluster_8	0.8211
8041	Spectrogram 1	1	12570.000000	12574.000000	0	0	0	cluster_0	0.9602
8042	Spectrogram 1	1	12573.750000	12579.500000	0	0	9	cluster_9	0.9697
8043	Spectrogram 1	1	12581.000000	12581.750000	0	0	8	cluster_8	1.0000
8044	Spectrogram 1	1	12581.500000	12582.500000	0	0	9	cluster_9	1.0000
8045	Spectrogram 1	1	12610.000000	12610.750000	0	0	8	cluster_8	1.0000
8046	Spectrogram 1	1	12610.500000	12611.500000	0	0	9	cluster_9	0.9684
8047	Spectrogram 1	1	12612.000000	12612.500000	0	0	10	cluster_10	0.4803
8048	Spectrogram 1	1	12612.250000	12613.250000	0	0	0	cluster_0	0.9189
8049	Spectrogram 1	1	12613.000000	12615.250000	0	0	9	cluster_9	0.9929
8050	Spectrogram 1	1	12615.000000	12615.500000	0	0	noise	cluster_noise	0.0000
8051	Spectrogram 1	1	12615.250000	12616.250000	0	0	9	cluster_9	0.9577
8052	Spectrogram 1	1	12616.000000	12616.500000	0	0	8	cluster_8	0.8358
8053	Spectrogram 1	1	12669.000000	12669.750000	0	0	9	cluster_9	0.9089
8054	Spectrogram 1	1	12669.500000	12670.250000	0	0	noise	cluster_noise	0.0000
8055	Spectrogram 1	1	12670.000000	12671.500000	0	0	6	cluster_6	0.8046
8056	Spectrogram 1	1	12671.250000	12673.500000	0	0	9	cluster_9	0.9756
8057	Spectrogram 1	1	12683.000000	12683.500000	0	0	noise	cluster_noise	0.0000
8058	Spectrogram 1	1	12683.250000	12685.250000	0	0	9	cluster_9	0.9587
8059	Spectrogram 1	1	12685.000000	12685.500000	0	0	noise	cluster_noise	0.0000
8060	Spectrogram 1	1	12685.250000	12687.250000	0	0	6	cluster_6	0.9669
8061	Spectrogram 1	1	12687.000000	12687.500000	0	0	noise	cluster_noise	0.0000
8062	Spectrogram 1	1	12694.000000	12695.750000	0	0	9	cluster_9	0.9987
8063	Spectrogram 1	1	12695.500000	12696.000000	0	0	noise	cluster_noise	0.0000
8064	Spectrogram 1	1	12695.750000	12697.250000	0	0	6	cluster_6	1.0000
8065	Spectrogram 1	1	12697.000000	12697.750000	0	0	noise	cluster_noise	0.0000
8066	Spectrogram 1	1	12697.500000	12698.750000	0	0	9	cluster_9	0.8871
8067	Spectrogram 1	1	12698.500000	12699.250000	0	0	6	cluster_6	0.8677
8068	Spectrogram 1	1	12699.000000	12701.000000	0	0	9	cluster_9	0.9202
8069	Spectrogram 1	1	12700.750000	12701.500000	0	0	noise	cluster_noise	0.0000
8070	Spectrogram 1	1	12702.000000	12702.750000	0	0	9	cluster_9	0.9247
8071	Spectrogram 1	1	12702.500000	12703.250000	0	0	noise	cluster_noise	0.0000
8072	Spectrogram 1	1	12703.000000	12703.500000	0	0	10	cluster_10	0.5204
8073	Spectrogram 1	1	12708.000000	12709.250000	0	0	9	cluster_9	1.0000
8074	Spectrogram 1	1	12709.000000	12709.500000	0	0	noise	cluster_noise	0.0000
8075	Spectrogram 1	1	12709.250000	12710.750000	0	0	6	cluster_6	0.9650
8076	Spectrogram 1	1	12710.500000	12711.750000	0	0	noise	cluster_noise	0.0000
8077	Spectrogram 1	1	12711.500000	12712.000000	0	0	9	cluster_9	0.8862
8078	Spectrogram 1	1	12711.750000	12713.000000	0	0	noise	cluster_noise	0.0000
8079	Spectrogram 1	1	12712.750000	12714.250000	0	0	9	cluster_9	0.8638
8080	Spectrogram 1	1	12714.000000	12715.000000	0	0	noise	cluster_noise	0.0000
8081	Spectrogram 1	1	12714.750000	12715.500000	0	0	9	cluster_9	0.9702
8082	Spectrogram 1	1	12721.000000	12722.500000	0	0	6	cluster_6	1.0000
8083	Spectrogram 1	1	12722.250000	12726.250000	0	0	9	cluster_9	0.9955
8084	Spectrogram 1	1	12726.000000	12726.750000	0	0	noise	cluster_noise	0.0000
8085	Spectrogram 1	1	12726.500000	12727.750000	0	0	9	cluster_9	0.9191
8086	Spectrogram 1	1	12727.500000	12728.500000	0	0	7	cluster_7	0.9691
8087	Spectrogram 1	1	12734.000000	12738.000000	0	0	9	cluster_9	0.9678
8088	Spectrogram 1	1	12737.750000	12738.250000	0	0	noise	cluster_noise	0.0000
8089	Spectrogram 1	1	12738.000000	12738.500000	0	0	9	cluster_9	0.9170
8090	Spectrogram 1	1	12738.250000	12738.750000	0	0	noise	cluster_noise	0.0000
8091	Spectrogram 1	1	12738.500000	12739.250000	0	0	5	cluster_5	1.0000
8092	Spectrogram 1	1	12739.000000	12739.750000	0	0	noise	cluster_noise	0.0000
8093	Spectrogram 1	1	12739.500000	12740.250000	0	0	9	cluster_9	0.8567
8094	Spectrogram 1	1	12740.000000	12740.500000	0	0	noise	cluster_noise	0.0000
8095	Spectrogram 1	1	12746.000000	12749.500000	0	0	9	cluster_9	0.9675
8096	Spectrogram 1	1	12749.250000	12750.000000	0	0	noise	cluster_noise	0.0000
8097	Spectrogram 1	1	12749.750000	12750.750000	0	0	9	cluster_9	0.9403
8098	Spectrogram 1	1	12750.500000	12751.000000	0	0	8	cluster_8	0.9067
8099	Spectrogram 1	1	12750.750000	12752.500000	0	0	7	cluster_7	0.9655
8100	Spectrogram 1	1	12752.250000	12752.750000	0	0	noise	cluster_noise	0.0000
8101	Spectrogram 1	1	12752.500000	12753.000000	0	0	9	cluster_9	0.7747
8102	Spectrogram 1	1	12752.750000	12753.500000	0	0	noise	cluster_noise	0.0000
8103	Spectrogram 1	1	12754.000000	12755.500000	0	0	9	cluster_9	1.0000
8104	Spectrogram 1	1	12755.250000	12755.750000	0	0	noise	cluster_noise	0.0000
8105	Spectrogram 1	1	12755.500000	12757.250000	0	0	6	cluster_6	0.9483
8106	Spectrogram 1	1	12757.000000	12757.500000	0	0	noise	cluster_noise	0.0000
8107	Spectrogram 1	1	12760.000000	12761.250000	0	0	9	cluster_9	0.8950
8108	Spectrogram 1	1	12761.000000	12761.750000	0	0	1	cluster_1	0.8024
8109	Spectrogram 1	1	12761.500000	12764.750000	0	0	9	cluster_9	0.9028
8110	Spectrogram 1	1	12764.500000	12766.750000	0	0	1	cluster_1	0.8218
8111	Spectrogram 1	1	12766.500000	12776.500000	0	0	9	cluster_9	0.9326
8112	Spectrogram 1	1	12776.250000	12778.000000	0	0	1	cluster_1	0.8995
8113	Spectrogram 1	1	12777.750000	12778.250000	0	0	noise	cluster_noise	0.0000
8114	Spectrogram 1	1	12778.000000	12778.750000	0	0	6	cluster_6	0.6901
8115	Spectrogram 1	1	12778.500000	12779.000000	0	0	noise	cluster_noise	0.0000
8116	Spectrogram 1	1	12778.750000	12780.250000	0	0	9	cluster_9	1.0000
8117	Spectrogram 1	1	12780.000000	12780.500000	0	0	noise	cluster_noise	0.0000
8118	Spectrogram 1	1	12780.250000	12781.000000	0	0	10	cluster_10	0.9896
8119	Spectrogram 1	1	12780.750000	12781.250000	0	0	9	cluster_9	0.9586
8120	Spectrogram 1	1	12781.000000	12781.500000	0	0	noise	cluster_noise	0.0000
8121	Spectrogram 1	1	12787.000000	12788.250000	0	0	1	cluster_1	0.9903
8122	Spectrogram 1	1	12788.000000	12788.500000	0	0	noise	cluster_noise	0.0000
8123	Spectrogram 1	1	12788.250000	12790.000000	0	0	9	cluster_9	1.0000
8124	Spectrogram 1	1	12789.750000	12790.500000	0	0	noise	cluster_noise	0.0000
8125	Spectrogram 1	1	12790.250000	12792.500000	0	0	1	cluster_1	0.7915
8126	Spectrogram 1	1	12796.000000	12796.500000	0	0	10	cluster_10	0.5805
8127	Spectrogram 1	1	12796.250000	12797.000000	0	0	8	cluster_8	0.9940
8128	Spectrogram 1	1	12796.750000	12798.250000	0	0	9	cluster_9	0.9454
8129	Spectrogram 1	1	12798.000000	12798.500000	0	0	10	cluster_10	0.5691
8130	Spectrogram 1	1	12798.250000	12798.750000	0	0	noise	cluster_noise	0.0000
8131	Spectrogram 1	1	12798.500000	12799.000000	0	0	8	cluster_8	1.0000
8132	Spectrogram 1	1	12798.750000	12800.750000	0	0	9	cluster_9	0.9642
8133	Spectrogram 1	1	12800.500000	12801.000000	0	0	noise	cluster_noise	0.0000
8134	Spectrogram 1	1	12800.750000	12802.000000	0	0	1	cluster_1	0.9833
8135	Spectrogram 1	1	12801.750000	12804.000000	0	0	9	cluster_9	0.9869
8136	Spectrogram 1	1	12803.750000	12804.250000	0	0	noise	cluster_noise	0.0000
8137	Spectrogram 1	1	12804.000000	12804.500000	0	0	1	cluster_1	0.6796
8138	Spectrogram 1	1	12809.000000	12810.000000	0	0	9	cluster_9	1.0000
8139	Spectrogram 1	1	12809.750000	12810.500000	0	0	10	cluster_10	0.7498
8140	Spectrogram 1	1	12810.250000	12810.750000	0	0	8	cluster_8	1.0000
8141	Spectrogram 1	1	12810.500000	12811.000000	0	0	noise	cluster_noise	0.0000
8142	Spectrogram 1	1	12810.750000	12811.250000	0	0	8	cluster_8	0.7886
8143	Spectrogram 1	1	12811.000000	12812.000000	0	0	9	cluster_9	0.9929
8144	Spectrogram 1	1	12811.750000	12812.500000	0	0	10	cluster_10	0.6857
8145	Spectrogram 1	1	12812.250000	12812.750000	0	0	9	cluster_9	1.0000
8146	Spectrogram 1	1	12812.500000	12813.000000	0	0	noise	cluster_noise	0.0000
8147	Spectrogram 1	1	12812.750000	12813.250000	0	0	10	cluster_10	0.5275
8148	Spectrogram 1	1	12813.000000	12814.000000	0	0	8	cluster_8	0.9262
8149	Spectrogram 1	1	12813.750000	12814.500000	0	0	noise	cluster_noise	0.0000
8150	Spectrogram 1	1	12814.250000	12814.750000	0	0	8	cluster_8	0.9464
8151	Spectrogram 1	1	12814.500000	12815.250000	0	0	noise	cluster_noise	0.0000
8152	Spectrogram 1	1	12815.000000	12820.250000	0	0	9	cluster_9	0.9260
8153	Spectrogram 1	1	12820.000000	12820.500000	0	0	noise	cluster_noise	0.0000
8154	Spectrogram 1	1	12820.250000	12821.500000	0	0	1	cluster_1	1.0000
8155	Spectrogram 1	1	12821.250000	12821.750000	0	0	noise	cluster_noise	0.0000
8156	Spectrogram 1	1	12821.500000	12823.250000	0	0	9	cluster_9	1.0000
8157	Spectrogram 1	1	12823.000000	12823.750000	0	0	10	cluster_10	0.7939
8158	Spectrogram 1	1	12823.500000	12824.000000	0	0	8	cluster_8	1.0000
8159	Spectrogram 1	1	12823.750000	12824.750000	0	0	noise	cluster_noise	0.0000
8160	Spectrogram 1	1	12824.500000	12825.500000	0	0	9	cluster_9	0.9433
8161	Spectrogram 1	1	12825.250000	12825.750000	0	0	noise	cluster_noise	0.0000
8162	Spectrogram 1	1	12825.500000	12826.000000	0	0	8	cluster_8	0.9161
8163	Spectrogram 1	1	12825.750000	12826.750000	0	0	noise	cluster_noise	0.0000
8164	Spectrogram 1	1	12826.500000	12827.250000	0	0	8	cluster_8	0.8377
8165	Spectrogram 1	1	12827.000000	12828.000000	0	0	9	cluster_9	1.0000
8166	Spectrogram 1	1	12827.750000	12828.250000	0	0	noise	cluster_noise	0.0000
8167	Spectrogram 1	1	12828.000000	12828.750000	0	0	8	cluster_8	0.8942
8168	Spectrogram 1	1	12828.500000	12829.250000	0	0	noise	cluster_noise	0.0000
8169	Spectrogram 1	1	12829.000000	12829.500000	0	0	9	cluster_9	0.7775
8170	Spectrogram 1	1	12830.000000	12830.500000	0	0	8	cluster_8	0.8184
8171	Spectrogram 1	1	12830.250000	12830.750000	0	0	noise	cluster_noise	0.0000
8172	Spectrogram 1	1	12830.500000	12832.250000	0	0	9	cluster_9	0.9640
8173	Spectrogram 1	1	12832.000000	12832.500000	0	0	1	cluster_1	1.0000
8174	Spectrogram 1	1	12833.000000	12833.500000	0	0	9	cluster_9	0.9362
8175	Spectrogram 1	1	12833.250000	12834.000000	0	0	noise	cluster_noise	0.0000
8176	Spectrogram 1	1	12833.750000	12835.750000	0	0	9	cluster_9	0.9929
8177	Spectrogram 1	1	12835.500000	12836.500000	0	0	1	cluster_1	0.8210
8178	Spectrogram 1	1	12836.250000	12836.750000	0	0	noise	cluster_noise	0.0000
8179	Spectrogram 1	1	12836.500000	12838.500000	0	0	9	cluster_9	0.9994
8180	Spectrogram 1	1	12838.250000	12838.750000	0	0	noise	cluster_noise	0.0000
8181	Spectrogram 1	1	12838.500000	12840.500000	0	0	9	cluster_9	0.9466
8182	Spectrogram 1	1	12843.000000	12843.750000	0	0	noise	cluster_noise	0.0000
8183	Spectrogram 1	1	12843.500000	12844.250000	0	0	9	cluster_9	0.9587
8184	Spectrogram 1	1	12844.000000	12844.500000	0	0	noise	cluster_noise	0.0000
8185	Spectrogram 1	1	12846.000000	12846.750000	0	0	9	cluster_9	0.9980
8186	Spectrogram 1	1	12846.500000	12847.000000	0	0	noise	cluster_noise	0.0000
8187	Spectrogram 1	1	12846.750000	12847.250000	0	0	10	cluster_10	0.5581
8188	Spectrogram 1	1	12847.000000	12847.500000	0	0	8	cluster_8	1.0000
8189	Spectrogram 1	1	12847.250000	12849.000000	0	0	9	cluster_9	1.0000
8190	Spectrogram 1	1	12848.750000	12849.250000	0	0	noise	cluster_noise	0.0000
8191	Spectrogram 1	1	12849.000000	12849.750000	0	0	10	cluster_10	0.5939
8192	Spectrogram 1	1	12849.500000	12859.250000	0	0	9	cluster_9	0.9953
8193	Spectrogram 1	1	12859.000000	12859.750000	0	0	noise	cluster_noise	0.0000
8194	Spectrogram 1	1	12859.500000	12860.750000	0	0	9	cluster_9	0.9619
8195	Spectrogram 1	1	12860.500000	12861.750000	0	0	noise	cluster_noise	0.0000
8196	Spectrogram 1	1	12861.500000	12872.000000	0	0	9	cluster_9	0.9926
8197	Spectrogram 1	1	12871.750000	12873.000000	0	0	8	cluster_8	0.9718
8198	Spectrogram 1	1	12872.750000	12897.750000	0	0	9	cluster_9	0.9896
8199	Spectrogram 1	1	12897.500000	12898.750000	0	0	0	cluster_0	0.6977
8200	Spectrogram 1	1	12898.500000	12912.000000	0	0	9	cluster_9	0.9835
8201	Spectrogram 1	1	12911.750000	12913.000000	0	0	0	cluster_0	0.8390
8202	Spectrogram 1	1	12912.750000	12914.500000	0	0	9	cluster_9	1.0000
8203	Spectrogram 1	1	12920.000000	12920.750000	0	0	0	cluster_0	0.8401
8204	Spectrogram 1	1	12920.500000	12922.250000	0	0	9	cluster_9	1.0000
8205	Spectrogram 1	1	12922.000000	12922.500000	0	0	noise	cluster_noise	0.0000
8206	Spectrogram 1	1	12922.250000	12923.250000	0	0	0	cluster_0	0.9764
8207	Spectrogram 1	1	12923.000000	12931.500000	0	0	9	cluster_9	0.9704
8208	Spectrogram 1	1	12933.000000	12934.500000	0	0	0	cluster_0	0.9145
8209	Spectrogram 1	1	12934.250000	12935.000000	0	0	noise	cluster_noise	0.0000
8210	Spectrogram 1	1	12934.750000	12937.750000	0	0	9	cluster_9	0.9795
8211	Spectrogram 1	1	12937.500000	12939.000000	0	0	0	cluster_0	0.8302
8212	Spectrogram 1	1	12938.750000	12945.000000	0	0	9	cluster_9	0.9305
8213	Spectrogram 1	1	12944.750000	12945.250000	0	0	noise	cluster_noise	0.0000
8214	Spectrogram 1	1	12945.000000	12947.500000	0	0	9	cluster_9	0.9839
8215	Spectrogram 1	1	12948.000000	12949.750000	0	0	0	cluster_0	0.9952
8216	Spectrogram 1	1	12949.500000	12951.000000	0	0	9	cluster_9	0.9723
8217	Spectrogram 1	1	12950.750000	12951.250000	0	0	0	cluster_0	0.7034
8218	Spectrogram 1	1	12951.000000	12951.500000	0	0	9	cluster_9	1.0000
8219	Spectrogram 1	1	12951.250000	12952.250000	0	0	0	cluster_0	0.8725
8220	Spectrogram 1	1	12952.000000	12979.250000	0	0	9	cluster_9	0.9637
8221	Spectrogram 1	1	12979.000000	12980.500000	0	0	6	cluster_6	0.9951
8222	Spectrogram 1	1	13005.000000	13006.000000	0	0	9	cluster_9	0.9577
8223	Spectrogram 1	1	13005.750000	13006.500000	0	0	noise	cluster_noise	0.0000
8224	Spectrogram 1	1	13016.000000	13017.250000	0	0	6	cluster_6	0.9521
8225	Spectrogram 1	1	13017.000000	13017.500000	0	0	9	cluster_9	0.8008
8226	Spectrogram 1	1	13018.000000	13019.500000	0	0	6	cluster_6	0.9956
8227	Spectrogram 1	1	13025.000000	13026.250000	0	0	9	cluster_9	0.9636
8228	Spectrogram 1	1	13026.000000	13026.500000	0	0	noise	cluster_noise	0.0000
8229	Spectrogram 1	1	13026.250000	13028.250000	0	0	6	cluster_6	0.9689
8230	Spectrogram 1	1	13028.000000	13041.500000	0	0	9	cluster_9	0.9830
8231	Spectrogram 1	1	13041.250000	13041.750000	0	0	noise	cluster_noise	0.0000
8232	Spectrogram 1	1	13041.500000	13043.250000	0	0	7	cluster_7	0.9055
8233	Spectrogram 1	1	13043.000000	13043.500000	0	0	noise	cluster_noise	0.0000
8234	Spectrogram 1	1	13047.000000	13047.500000	0	0	9	cluster_9	0.9069
8235	Spectrogram 1	1	13047.250000	13049.000000	0	0	6	cluster_6	0.8098
8236	Spectrogram 1	1	13048.750000	13049.250000	0	0	noise	cluster_noise	0.0000
8237	Spectrogram 1	1	13049.000000	13054.000000	0	0	9	cluster_9	0.9747
8238	Spectrogram 1	1	13053.750000	13054.250000	0	0	8	cluster_8	1.0000
8239	Spectrogram 1	1	13054.000000	13054.500000	0	0	noise	cluster_noise	0.0000
8240	Spectrogram 1	1	13061.000000	13065.500000	0	0	9	cluster_9	0.9667
8241	Spectrogram 1	1	13066.000000	13067.500000	0	0	7	cluster_7	0.9749
8242	Spectrogram 1	1	13067.250000	13068.000000	0	0	9	cluster_9	0.9182
8243	Spectrogram 1	1	13067.750000	13068.500000	0	0	8	cluster_8	0.8413
8244	Spectrogram 1	1	13068.250000	13069.500000	0	0	7	cluster_7	0.8955
8245	Spectrogram 1	1	13076.000000	13078.250000	0	0	9	cluster_9	0.9996
8246	Spectrogram 1	1	13078.000000	13079.000000	0	0	noise	cluster_noise	0.0000
8247	Spectrogram 1	1	13078.750000	13079.500000	0	0	5	cluster_5	1.0000
8248	Spectrogram 1	1	13079.250000	13079.750000	0	0	noise	cluster_noise	0.0000
8249	Spectrogram 1	1	13079.500000	13080.250000	0	0	9	cluster_9	0.8816
8250	Spectrogram 1	1	13080.000000	13080.500000	0	0	noise	cluster_noise	0.0000
8251	Spectrogram 1	1	13080.250000	13081.000000	0	0	5	cluster_5	1.0000
8252	Spectrogram 1	1	13080.750000	13081.250000	0	0	noise	cluster_noise	0.0000
8253	Spectrogram 1	1	13081.000000	13083.500000	0	0	9	cluster_9	0.9778
8254	Spectrogram 1	1	13089.000000	13089.750000	0	0	6	cluster_6	1.0000
8255	Spectrogram 1	1	13089.500000	13091.500000	0	0	9	cluster_9	0.9591
8256	Spectrogram 1	1	13091.250000	13091.750000	0	0	noise	cluster_noise	0.0000
8257	Spectrogram 1	1	13091.500000	13093.250000	0	0	9	cluster_9	0.9658
8258	Spectrogram 1	1	13093.000000	13093.500000	0	0	noise	cluster_noise	0.0000
8259	Spectrogram 1	1	13101.000000	13102.000000	0	0	9	cluster_9	0.9706
8260	Spectrogram 1	1	13101.750000	13103.000000	0	0	6	cluster_6	0.8793
8261	Spectrogram 1	1	13102.750000	13103.250000	0	0	noise	cluster_noise	0.0000
8262	Spectrogram 1	1	13103.000000	13104.000000	0	0	9	cluster_9	0.9463
8263	Spectrogram 1	1	13103.750000	13105.000000	0	0	noise	cluster_noise	0.0000
8264	Spectrogram 1	1	13104.750000	13106.000000	0	0	9	cluster_9	0.9501
8265	Spectrogram 1	1	13105.750000	13106.750000	0	0	noise	cluster_noise	0.0000
8266	Spectrogram 1	1	13106.500000	13107.250000	0	0	9	cluster_9	1.0000
8267	Spectrogram 1	1	13107.000000	13108.250000	0	0	noise	cluster_noise	0.0000
8268	Spectrogram 1	1	13108.000000	13110.500000	0	0	9	cluster_9	0.9448
8269	Spectrogram 1	1	13110.250000	13110.750000	0	0	noise	cluster_noise	0.0000
8270	Spectrogram 1	1	13110.500000	13111.500000	0	0	6	cluster_6	0.7509
8271	Spectrogram 1	1	13111.250000	13111.750000	0	0	8	cluster_8	0.8972
8272	Spectrogram 1	1	13111.500000	13112.500000	0	0	6	cluster_6	0.9791
8273	Spectrogram 1	1	13119.000000	13120.000000	0	0	9	cluster_9	0.9345
8274	Spectrogram 1	1	13119.750000	13120.250000	0	0	14	cluster_14	0.7643
8275	Spectrogram 1	1	13120.000000	13120.750000	0	0	noise	cluster_noise	0.0000
8276	Spectrogram 1	1	13120.500000	13121.250000	0	0	9	cluster_9	0.9394
8277	Spectrogram 1	1	13121.000000	13122.500000	0	0	noise	cluster_noise	0.0000
8278	Spectrogram 1	1	13122.250000	13124.500000	0	0	9	cluster_9	1.0000
8279	Spectrogram 1	1	13130.000000	13131.000000	0	0	6	cluster_6	0.8478
8280	Spectrogram 1	1	13130.750000	13131.250000	0	0	noise	cluster_noise	0.0000
8281	Spectrogram 1	1	13131.000000	13131.500000	0	0	9	cluster_9	1.0000
8282	Spectrogram 1	1	13132.000000	13133.000000	0	0	noise	cluster_noise	0.0000
8283	Spectrogram 1	1	13132.750000	13134.000000	0	0	9	cluster_9	0.9302
8284	Spectrogram 1	1	13133.750000	13135.250000	0	0	noise	cluster_noise	0.0000
8285	Spectrogram 1	1	13135.000000	13135.500000	0	0	9	cluster_9	0.9541
8286	Spectrogram 1	1	13140.000000	13141.250000	0	0	6	cluster_6	0.8399
8287	Spectrogram 1	1	13141.000000	13141.750000	0	0	9	cluster_9	1.0000
8288	Spectrogram 1	1	13141.500000	13142.000000	0	0	noise	cluster_noise	0.0000
8289	Spectrogram 1	1	13141.750000	13142.750000	0	0	9	cluster_9	1.0000
8290	Spectrogram 1	1	13142.500000	13143.000000	0	0	noise	cluster_noise	0.0000
8291	Spectrogram 1	1	13142.750000	13143.750000	0	0	9	cluster_9	0.9086
8292	Spectrogram 1	1	13143.500000	13144.000000	0	0	noise	cluster_noise	0.0000
8293	Spectrogram 1	1	13143.750000	13144.750000	0	0	6	cluster_6	0.9019
8294	Spectrogram 1	1	13144.500000	13147.500000	0	0	9	cluster_9	0.9679
8295	Spectrogram 1	1	13147.250000	13148.500000	0	0	1	cluster_1	0.5745
8296	Spectrogram 1	1	13148.250000	13150.000000	0	0	9	cluster_9	0.9536
8297	Spectrogram 1	1	13149.750000	13150.250000	0	0	noise	cluster_noise	0.0000
8298	Spectrogram 1	1	13150.000000	13150.750000	0	0	10	cluster_10	0.6645
8299	Spectrogram 1	1	13150.500000	13152.000000	0	0	9	cluster_9	0.9965
8300	Spectrogram 1	1	13151.750000	13152.250000	0	0	noise	cluster_noise	0.0000
8301	Spectrogram 1	1	13152.000000	13152.500000	0	0	10	cluster_10	1.0000
8302	Spectrogram 1	1	13153.000000	13154.250000	0	0	9	cluster_9	0.8947
8303	Spectrogram 1	1	13154.000000	13154.750000	0	0	10	cluster_10	0.9858
8304	Spectrogram 1	1	13154.500000	13155.250000	0	0	9	cluster_9	0.9505
8305	Spectrogram 1	1	13155.000000	13155.500000	0	0	noise	cluster_noise	0.0000
8306	Spectrogram 1	1	13155.250000	13156.000000	0	0	9	cluster_9	0.8973
8307	Spectrogram 1	1	13155.750000	13156.250000	0	0	noise	cluster_noise	0.0000
8308	Spectrogram 1	1	13156.000000	13156.750000	0	0	10	cluster_10	0.7714
8309	Spectrogram 1	1	13156.500000	13158.750000	0	0	9	cluster_9	0.9763
8310	Spectrogram 1	1	13158.500000	13159.000000	0	0	noise	cluster_noise	0.0000
8311	Spectrogram 1	1	13158.750000	13159.750000	0	0	1	cluster_1	0.6611
8312	Spectrogram 1	1	13159.500000	13160.000000	0	0	noise	cluster_noise	0.0000
8313	Spectrogram 1	1	13159.750000	13162.000000	0	0	9	cluster_9	0.9712
8314	Spectrogram 1	1	13161.750000	13162.250000	0	0	noise	cluster_noise	0.0000
8315	Spectrogram 1	1	13162.000000	13162.500000	0	0	9	cluster_9	0.7933
8316	Spectrogram 1	1	13162.250000	13162.750000	0	0	noise	cluster_noise	0.0000
8317	Spectrogram 1	1	13162.500000	13163.750000	0	0	1	cluster_1	0.6165
8318	Spectrogram 1	1	13163.500000	13164.250000	0	0	noise	cluster_noise	0.0000
8319	Spectrogram 1	1	13164.000000	13165.250000	0	0	9	cluster_9	0.9763
8320	Spectrogram 1	1	13165.000000	13165.750000	0	0	10	cluster_10	1.0000
8321	Spectrogram 1	1	13165.500000	13167.250000	0	0	9	cluster_9	1.0000
8322	Spectrogram 1	1	13167.000000	13167.500000	0	0	noise	cluster_noise	0.0000
8323	Spectrogram 1	1	13167.250000	13168.000000	0	0	10	cluster_10	0.7870
8324	Spectrogram 1	1	13167.750000	13174.750000	0	0	9	cluster_9	1.0000
8325	Spectrogram 1	1	13174.500000	13175.000000	0	0	noise	cluster_noise	0.0000
8326	Spectrogram 1	1	13174.750000	13175.750000	0	0	1	cluster_1	0.6074
8327	Spectrogram 1	1	13175.500000	13178.500000	0	0	9	cluster_9	0.9618
8328	Spectrogram 1	1	13178.250000	13179.500000	0	0	1	cluster_1	0.7404
8329	Spectrogram 1	1	13188.000000	13188.750000	0	0	10	cluster_10	0.8799
8330	Spectrogram 1	1	13188.500000	13191.750000	0	0	9	cluster_9	0.9644
8331	Spectrogram 1	1	13191.500000	13192.750000	0	0	1	cluster_1	0.8218
8332	Spectrogram 1	1	13192.500000	13197.750000	0	0	9	cluster_9	0.9691
8333	Spectrogram 1	1	13197.500000	13198.000000	0	0	noise	cluster_noise	0.0000
8334	Spectrogram 1	1	13197.750000	13198.250000	0	0	10	cluster_10	0.6178
8335	Spectrogram 1	1	13198.000000	13200.500000	0	0	noise	cluster_noise	0.0000
8336	Spectrogram 1	1	13200.250000	13201.000000	0	0	8	cluster_8	1.0000
8337	Spectrogram 1	1	13200.750000	13201.250000	0	0	9	cluster_9	0.9213
8338	Spectrogram 1	1	13201.000000	13201.750000	0	0	8	cluster_8	0.9342
8339	Spectrogram 1	1	13201.500000	13202.250000	0	0	noise	cluster_noise	0.0000
8340	Spectrogram 1	1	13202.000000	13203.000000	0	0	9	cluster_9	0.9986
8341	Spectrogram 1	1	13202.750000	13203.500000	0	0	noise	cluster_noise	0.0000
8342	Spectrogram 1	1	13203.250000	13203.750000	0	0	8	cluster_8	0.9168
8343	Spectrogram 1	1	13203.500000	13204.750000	0	0	noise	cluster_noise	0.0000
8344	Spectrogram 1	1	13204.500000	13205.000000	0	0	8	cluster_8	1.0000
8345	Spectrogram 1	1	13204.750000	13205.500000	0	0	noise	cluster_noise	0.0000
8346	Spectrogram 1	1	13216.000000	13216.750000	0	0	9	cluster_9	0.8740
8347	Spectrogram 1	1	13216.500000	13218.000000	0	0	noise	cluster_noise	0.0000
8348	Spectrogram 1	1	13217.750000	13218.250000	0	0	3	cluster_3	0.6140
8349	Spectrogram 1	1	13218.000000	13218.500000	0	0	noise	cluster_noise	0.0000
8350	Spectrogram 1	1	13218.250000	13219.750000	0	0	9	cluster_9	0.9382
8351	Spectrogram 1	1	13219.500000	13221.500000	0	0	noise	cluster_noise	0.0000
8352	Spectrogram 1	1	13221.250000	13222.000000	0	0	9	cluster_9	0.8469
8353	Spectrogram 1	1	13221.750000	13223.000000	0	0	noise	cluster_noise	0.0000
8354	Spectrogram 1	1	13222.750000	13226.750000	0	0	9	cluster_9	1.0000
8355	Spectrogram 1	1	13226.500000	13227.500000	0	0	8	cluster_8	0.9918
8356	Spectrogram 1	1	13227.250000	13229.500000	0	0	9	cluster_9	0.9681
8357	Spectrogram 1	1	13229.250000	13230.250000	0	0	8	cluster_8	1.0000
8358	Spectrogram 1	1	13230.000000	13230.500000	0	0	9	cluster_9	0.8045
8359	Spectrogram 1	1	13230.250000	13230.750000	0	0	noise	cluster_noise	0.0000
8360	Spectrogram 1	1	13230.500000	13232.000000	0	0	9	cluster_9	1.0000
8361	Spectrogram 1	1	13231.750000	13232.750000	0	0	8	cluster_8	0.9265
8362	Spectrogram 1	1	13232.500000	13234.000000	0	0	9	cluster_9	0.9374
8363	Spectrogram 1	1	13233.750000	13234.500000	0	0	3	cluster_3	0.6911
8364	Spectrogram 1	1	13234.250000	13234.750000	0	0	noise	cluster_noise	0.0000
8365	Spectrogram 1	1	13234.500000	13235.750000	0	0	9	cluster_9	1.0000
8366	Spectrogram 1	1	13235.500000	13236.500000	0	0	noise	cluster_noise	0.0000
8367	Spectrogram 1	1	13236.250000	13238.000000	0	0	3	cluster_3	1.0000
8368	Spectrogram 1	1	13237.750000	13239.250000	0	0	9	cluster_9	0.9185
8369	Spectrogram 1	1	13239.000000	13242.250000	0	0	3	cluster_3	0.9707
8370	Spectrogram 1	1	13242.000000	13243.250000	0	0	9	cluster_9	0.9683
8371	Spectrogram 1	1	13243.000000	13244.500000	0	0	8	cluster_8	0.9481
8372	Spectrogram 1	1	13244.250000	13245.500000	0	0	9	cluster_9	0.9905
8373	Spectrogram 1	1	13246.000000	13247.250000	0	0	8	cluster_8	0.9976
8374	Spectrogram 1	1	13247.000000	13248.750000	0	0	9	cluster_9	0.9595
8375	Spectrogram 1	1	13248.500000	13249.750000	0	0	8	cluster_8	1.0000
8376	Spectrogram 1	1	13249.500000	13250.000000	0	0	noise	cluster_noise	0.0000
8377	Spectrogram 1	1	13249.750000	13251.500000	0	0	9	cluster_9	0.9788
8378	Spectrogram 1	1	13251.250000	13252.750000	0	0	8	cluster_8	0.9589
8379	Spectrogram 1	1	13252.500000	13254.250000	0	0	9	cluster_9	0.9948
8380	Spectrogram 1	1	13254.000000	13254.500000	0	0	8	cluster_8	0.8937
8381	Spectrogram 1	1	13254.250000	13255.250000	0	0	noise	cluster_noise	0.0000
8382	Spectrogram 1	1	13255.000000	13255.500000	0	0	0	cluster_0	1.0000
8383	Spectrogram 1	1	13255.250000	13257.250000	0	0	9	cluster_9	1.0000
8384	Spectrogram 1	1	13257.000000	13257.500000	0	0	noise	cluster_noise	0.0000
8385	Spectrogram 1	1	13257.250000	13257.750000	0	0	8	cluster_8	1.0000
8386	Spectrogram 1	1	13257.500000	13258.000000	0	0	noise	cluster_noise	0.0000
8387	Spectrogram 1	1	13257.750000	13258.250000	0	0	8	cluster_8	1.0000
8388	Spectrogram 1	1	13258.000000	13258.500000	0	0	noise	cluster_noise	0.0000
8389	Spectrogram 1	1	13258.250000	13260.250000	0	0	9	cluster_9	0.9952
8390	Spectrogram 1	1	13260.000000	13260.750000	0	0	noise	cluster_noise	0.0000
8391	Spectrogram 1	1	13260.500000	13261.500000	0	0	8	cluster_8	0.9042
8392	Spectrogram 1	1	13261.250000	13263.500000	0	0	9	cluster_9	0.9700
8393	Spectrogram 1	1	13263.250000	13264.750000	0	0	8	cluster_8	0.9892
8394	Spectrogram 1	1	13264.500000	13265.000000	0	0	noise	cluster_noise	0.0000
8395	Spectrogram 1	1	13264.750000	13267.250000	0	0	9	cluster_9	0.9831
8396	Spectrogram 1	1	13267.000000	13267.500000	0	0	8	cluster_8	0.8635
8397	Spectrogram 1	1	13267.250000	13268.750000	0	0	0	cluster_0	0.8590
8398	Spectrogram 1	1	13268.500000	13271.750000	0	0	9	cluster_9	0.9886
8399	Spectrogram 1	1	13271.500000	13272.750000	0	0	8	cluster_8	1.0000
8400	Spectrogram 1	1	13272.500000	13273.000000	0	0	noise	cluster_noise	0.0000
8401	Spectrogram 1	1	13272.750000	13273.250000	0	0	9	cluster_9	0.9400
8402	Spectrogram 1	1	13273.000000	13273.500000	0	0	noise	cluster_noise	0.0000
8403	Spectrogram 1	1	13273.250000	13275.000000	0	0	9	cluster_9	1.0000
8404	Spectrogram 1	1	13274.750000	13276.500000	0	0	8	cluster_8	0.9663
8405	Spectrogram 1	1	13276.250000	13276.750000	0	0	noise	cluster_noise	0.0000
8406	Spectrogram 1	1	13276.500000	13278.000000	0	0	9	cluster_9	0.9720
8407	Spectrogram 1	1	13277.750000	13278.500000	0	0	8	cluster_8	0.9248
8408	Spectrogram 1	1	13280.000000	13281.000000	0	0	9	cluster_9	1.0000
8409	Spectrogram 1	1	13280.750000	13282.500000	0	0	8	cluster_8	0.9396
8410	Spectrogram 1	1	13282.250000	13284.750000	0	0	9	cluster_9	0.9490
8411	Spectrogram 1	1	13284.500000	13285.500000	0	0	0	cluster_0	0.8104
8412	Spectrogram 1	1	13285.250000	13286.000000	0	0	noise	cluster_noise	0.0000
8413	Spectrogram 1	1	13285.750000	13286.250000	0	0	0	cluster_0	0.5068
8414	Spectrogram 1	1	13286.000000	13288.750000	0	0	9	cluster_9	0.9724
8415	Spectrogram 1	1	13288.500000	13289.000000	0	0	8	cluster_8	0.8203
8416	Spectrogram 1	1	13288.750000	13289.500000	0	0	noise	cluster_noise	0.0000
8417	Spectrogram 1	1	13289.250000	13290.250000	0	0	8	cluster_8	1.0000
8418	Spectrogram 1	1	13290.000000	13291.250000	0	0	9	cluster_9	0.9139
8419	Spectrogram 1	1	13291.000000	13291.500000	0	0	noise	cluster_noise	0.0000
8420	Spectrogram 1	1	13291.250000	13292.500000	0	0	9	cluster_9	1.0000
8421	Spectrogram 1	1	13292.250000	13292.750000	0	0	noise	cluster_noise	0.0000
8422	Spectrogram 1	1	13292.500000	13296.500000	0	0	8	cluster_8	1.0000
8423	Spectrogram 1	1	13296.250000	13296.750000	0	0	noise	cluster_noise	0.0000
8424	Spectrogram 1	1	13296.500000	13298.750000	0	0	9	cluster_9	0.9683
8425	Spectrogram 1	1	13298.500000	13299.000000	0	0	noise	cluster_noise	0.0000
8426	Spectrogram 1	1	13298.750000	13300.500000	0	0	0	cluster_0	0.7938
8427	Spectrogram 1	1	13300.250000	13303.000000	0	0	9	cluster_9	0.9870
8428	Spectrogram 1	1	13302.750000	13303.250000	0	0	noise	cluster_noise	0.0000
8429	Spectrogram 1	1	13303.000000	13303.750000	0	0	8	cluster_8	0.9476
8430	Spectrogram 1	1	13303.500000	13304.000000	0	0	9	cluster_9	1.0000
8431	Spectrogram 1	1	13303.750000	13304.500000	0	0	8	cluster_8	0.9149
8432	Spectrogram 1	1	13304.250000	13306.500000	0	0	9	cluster_9	1.0000
8433	Spectrogram 1	1	13306.250000	13307.500000	0	0	8	cluster_8	0.9790
8434	Spectrogram 1	1	13307.250000	13307.750000	0	0	noise	cluster_noise	0.0000
8435	Spectrogram 1	1	13307.500000	13308.000000	0	0	9	cluster_9	1.0000
8436	Spectrogram 1	1	13307.750000	13308.250000	0	0	noise	cluster_noise	0.0000
8437	Spectrogram 1	1	13308.000000	13308.750000	0	0	9	cluster_9	0.8712
8438	Spectrogram 1	1	13308.500000	13309.000000	0	0	noise	cluster_noise	0.0000
8439	Spectrogram 1	1	13308.750000	13309.250000	0	0	9	cluster_9	1.0000
8440	Spectrogram 1	1	13309.000000	13310.500000	0	0	8	cluster_8	0.9756
8441	Spectrogram 1	1	13310.250000	13310.750000	0	0	noise	cluster_noise	0.0000
8442	Spectrogram 1	1	13310.500000	13312.750000	0	0	9	cluster_9	0.9956
8443	Spectrogram 1	1	13312.500000	13313.000000	0	0	noise	cluster_noise	0.0000
8444	Spectrogram 1	1	13312.750000	13314.250000	0	0	0	cluster_0	0.9343
8445	Spectrogram 1	1	13314.000000	13316.500000	0	0	9	cluster_9	0.9534
8446	Spectrogram 1	1	13317.000000	13318.750000	0	0	8	cluster_8	0.9829
8447	Spectrogram 1	1	13318.500000	13319.000000	0	0	noise	cluster_noise	0.0000
8448	Spectrogram 1	1	13318.750000	13319.500000	0	0	9	cluster_9	0.9468
8449	Spectrogram 1	1	13321.000000	13322.000000	0	0	8	cluster_8	1.0000
8450	Spectrogram 1	1	13321.750000	13322.500000	0	0	9	cluster_9	0.8262
8451	Spectrogram 1	1	13325.000000	13325.500000	0	0	noise	cluster_noise	0.0000
8452	Spectrogram 1	1	13325.250000	13326.500000	0	0	9	cluster_9	1.0000
8453	Spectrogram 1	1	13328.000000	13328.500000	0	0	0	cluster_0	1.0000
8454	Spectrogram 1	1	13328.250000	13328.750000	0	0	8	cluster_8	1.0000
8455	Spectrogram 1	1	13328.500000	13329.000000	0	0	0	cluster_0	0.5902
8456	Spectrogram 1	1	13328.750000	13330.500000	0	0	9	cluster_9	0.9956
8457	Spectrogram 1	1	13337.000000	13337.500000	0	0	noise	cluster_noise	0.0000
8458	Spectrogram 1	1	13337.250000	13338.500000	0	0	0	cluster_0	0.9711
8459	Spectrogram 1	1	13338.250000	13338.750000	0	0	9	cluster_9	0.9196
8460	Spectrogram 1	1	13338.500000	13339.000000	0	0	0	cluster_0	0.4270
8461	Spectrogram 1	1	13338.750000	13340.250000	0	0	9	cluster_9	0.9563
8462	Spectrogram 1	1	13340.000000	13342.250000	0	0	6	cluster_6	0.9601
8463	Spectrogram 1	1	13342.000000	13342.500000	0	0	noise	cluster_noise	0.0000
8464	Spectrogram 1	1	13342.250000	13344.250000	0	0	9	cluster_9	1.0000
8465	Spectrogram 1	1	13344.000000	13344.500000	0	0	noise	cluster_noise	0.0000
8466	Spectrogram 1	1	13344.250000	13345.500000	0	0	8	cluster_8	0.9872
8467	Spectrogram 1	1	13350.000000	13351.500000	0	0	0	cluster_0	0.8876
8468	Spectrogram 1	1	13385.000000	13385.500000	0	0	6	cluster_6	0.7709
8469	Spectrogram 1	1	13385.250000	13388.750000	0	0	0	cluster_0	0.9196
8470	Spectrogram 1	1	13388.500000	13389.000000	0	0	noise	cluster_noise	0.0000
8471	Spectrogram 1	1	13388.750000	13391.000000	0	0	9	cluster_9	0.9514
8472	Spectrogram 1	1	13390.750000	13392.500000	0	0	6	cluster_6	0.9922
8473	Spectrogram 1	1	13399.000000	13399.500000	0	0	9	cluster_9	1.0000
8474	Spectrogram 1	1	13399.250000	13399.750000	0	0	noise	cluster_noise	0.0000
8475	Spectrogram 1	1	13399.500000	13400.000000	0	0	6	cluster_6	0.8912
8476	Spectrogram 1	1	13399.750000	13401.000000	0	0	0	cluster_0	0.8170
8477	Spectrogram 1	1	13400.750000	13403.250000	0	0	9	cluster_9	0.9390
8478	Spectrogram 1	1	13403.000000	13403.500000	0	0	6	cluster_6	0.9286
8479	Spectrogram 1	1	13416.000000	13417.000000	0	0	noise	cluster_noise	0.0000
8480	Spectrogram 1	1	13416.750000	13417.250000	0	0	8	cluster_8	0.8200
8481	Spectrogram 1	1	13417.000000	13418.500000	0	0	9	cluster_9	0.9800
8482	Spectrogram 1	1	13418.250000	13419.000000	0	0	noise	cluster_noise	0.0000
8483	Spectrogram 1	1	13418.750000	13420.500000	0	0	9	cluster_9	0.9450
8484	Spectrogram 1	1	13430.000000	13430.500000	0	0	8	cluster_8	0.7980
8485	Spectrogram 1	1	13430.250000	13431.000000	0	0	noise	cluster_noise	0.0000
8486	Spectrogram 1	1	13430.750000	13432.250000	0	0	9	cluster_9	1.0000
8487	Spectrogram 1	1	13432.000000	13432.500000	0	0	8	cluster_8	0.8261
8488	Spectrogram 1	1	13432.250000	13432.750000	0	0	noise	cluster_noise	0.0000
8489	Spectrogram 1	1	13432.500000	13434.500000	0	0	6	cluster_6	0.9997
8490	Spectrogram 1	1	13434.250000	13435.500000	0	0	9	cluster_9	0.9757
8491	Spectrogram 1	1	13444.000000	13445.500000	0	0	6	cluster_6	0.8161
8492	Spectrogram 1	1	13445.250000	13447.750000	0	0	9	cluster_9	0.9543
8493	Spectrogram 1	1	13447.500000	13449.000000	0	0	6	cluster_6	0.9673
8494	Spectrogram 1	1	13448.750000	13449.250000	0	0	noise	cluster_noise	0.0000
8495	Spectrogram 1	1	13449.000000	13449.500000	0	0	9	cluster_9	0.8688
8496	Spectrogram 1	1	13459.000000	13461.000000	0	0	6	cluster_6	0.9336
8497	Spectrogram 1	1	13460.750000	13461.500000	0	0	noise	cluster_noise	0.0000
8498	Spectrogram 1	1	13461.250000	13461.750000	0	0	9	cluster_9	0.8117
8499	Spectrogram 1	1	13461.500000	13462.000000	0	0	noise	cluster_noise	0.0000
8500	Spectrogram 1	1	13461.750000	13463.250000	0	0	9	cluster_9	0.9947
8501	Spectrogram 1	1	13463.000000	13466.500000	0	0	noise	cluster_noise	0.0000
8502	Spectrogram 1	1	13466.250000	13466.750000	0	0	10	cluster_10	0.5492
8503	Spectrogram 1	1	13466.500000	13467.250000	0	0	noise	cluster_noise	0.0000
8504	Spectrogram 1	1	13467.000000	13468.000000	0	0	9	cluster_9	1.0000
8505	Spectrogram 1	1	13467.750000	13468.750000	0	0	noise	cluster_noise	0.0000
8506	Spectrogram 1	1	13468.500000	13469.750000	0	0	9	cluster_9	0.8904
8507	Spectrogram 1	1	13469.500000	13470.750000	0	0	noise	cluster_noise	0.0000
8508	Spectrogram 1	1	13470.500000	13471.750000	0	0	9	cluster_9	0.8419
8509	Spectrogram 1	1	13471.500000	13472.500000	0	0	noise	cluster_noise	0.0000
8510	Spectrogram 1	1	13472.250000	13472.750000	0	0	9	cluster_9	1.0000
8511	Spectrogram 1	1	13472.500000	13473.000000	0	0	noise	cluster_noise	0.0000
8512	Spectrogram 1	1	13472.750000	13474.500000	0	0	9	cluster_9	0.9348
8513	Spectrogram 1	1	13474.250000	13476.750000	0	0	6	cluster_6	0.9862
8514	Spectrogram 1	1	13476.500000	13477.250000	0	0	noise	cluster_noise	0.0000
8515	Spectrogram 1	1	13477.000000	13477.500000	0	0	9	cluster_9	1.0000
8516	Spectrogram 1	1	13480.000000	13480.500000	0	0	noise	cluster_noise	0.0000
8517	Spectrogram 1	1	13480.250000	13481.250000	0	0	9	cluster_9	0.9392
8518	Spectrogram 1	1	13481.000000	13482.000000	0	0	noise	cluster_noise	0.0000
8519	Spectrogram 1	1	13481.750000	13483.250000	0	0	9	cluster_9	0.8997
8520	Spectrogram 1	1	13483.000000	13484.000000	0	0	noise	cluster_noise	0.0000
8521	Spectrogram 1	1	13483.750000	13484.750000	0	0	9	cluster_9	0.9297
8522	Spectrogram 1	1	13484.500000	13485.000000	0	0	noise	cluster_noise	0.0000
8523	Spectrogram 1	1	13484.750000	13485.250000	0	0	14	cluster_14	0.7815
8524	Spectrogram 1	1	13485.000000	13485.500000	0	0	noise	cluster_noise	0.0000
8525	Spectrogram 1	1	13485.250000	13486.750000	0	0	9	cluster_9	0.9304
8526	Spectrogram 1	1	13486.500000	13487.000000	0	0	14	cluster_14	0.7913
8527	Spectrogram 1	1	13486.750000	13487.500000	0	0	noise	cluster_noise	0.0000
8528	Spectrogram 1	1	13487.250000	13489.500000	0	0	9	cluster_9	0.9632
8529	Spectrogram 1	1	13489.250000	13490.500000	0	0	6	cluster_6	1.0000
8530	Spectrogram 1	1	13492.000000	13493.750000	0	0	9	cluster_9	0.9396
8531	Spectrogram 1	1	13493.500000	13494.000000	0	0	noise	cluster_noise	0.0000
8532	Spectrogram 1	1	13493.750000	13495.500000	0	0	6	cluster_6	0.9883
8533	Spectrogram 1	1	13495.250000	13496.500000	0	0	9	cluster_9	1.0000
8534	Spectrogram 1	1	13496.250000	13497.000000	0	0	noise	cluster_noise	0.0000
8535	Spectrogram 1	1	13496.750000	13497.250000	0	0	10	cluster_10	0.5198
8536	Spectrogram 1	1	13497.000000	13497.500000	0	0	noise	cluster_noise	0.0000
8537	Spectrogram 1	1	13497.250000	13498.250000	0	0	9	cluster_9	0.9313
8538	Spectrogram 1	1	13498.000000	13498.500000	0	0	14	cluster_14	0.7536
8539	Spectrogram 1	1	13498.250000	13499.500000	0	0	noise	cluster_noise	0.0000
8540	Spectrogram 1	1	13505.000000	13507.000000	0	0	6	cluster_6	0.9451
8541	Spectrogram 1	1	13506.750000	13509.750000	0	0	9	cluster_9	0.9586
8542	Spectrogram 1	1	13509.500000	13511.000000	0	0	noise	cluster_noise	0.0000
8543	Spectrogram 1	1	13510.750000	13512.750000	0	0	9	cluster_9	0.8591
8544	Spectrogram 1	1	13512.500000	13513.500000	0	0	7	cluster_7	0.8847
8545	Spectrogram 1	1	13517.000000	13517.500000	0	0	6	cluster_6	1.0000
8546	Spectrogram 1	1	13517.250000	13517.750000	0	0	1	cluster_1	0.5358
8547	Spectrogram 1	1	13517.500000	13518.500000	0	0	6	cluster_6	0.9865
8548	Spectrogram 1	1	13518.250000	13518.750000	0	0	noise	cluster_noise	0.0000
8549	Spectrogram 1	1	13518.500000	13523.250000	0	0	9	cluster_9	0.9237
8550	Spectrogram 1	1	13523.000000	13524.500000	0	0	noise	cluster_noise	0.0000
8551	Spectrogram 1	1	13524.250000	13524.750000	0	0	9	cluster_9	0.7508
8552	Spectrogram 1	1	13524.500000	13525.250000	0	0	noise	cluster_noise	0.0000
8553	Spectrogram 1	1	13525.000000	13525.500000	0	0	9	cluster_9	0.8153
8554	Spectrogram 1	1	13525.250000	13525.750000	0	0	8	cluster_8	0.7996
8555	Spectrogram 1	1	13525.500000	13526.500000	0	0	7	cluster_7	0.9056
8556	Spectrogram 1	1	13526.250000	13526.750000	0	0	noise	cluster_noise	0.0000
8557	Spectrogram 1	1	13526.500000	13528.500000	0	0	9	cluster_9	0.9873
8558	Spectrogram 1	1	13529.000000	13530.750000	0	0	6	cluster_6	0.9456
8559	Spectrogram 1	1	13530.500000	13531.250000	0	0	noise	cluster_noise	0.0000
8560	Spectrogram 1	1	13531.000000	13535.000000	0	0	9	cluster_9	0.9874
8561	Spectrogram 1	1	13534.750000	13535.250000	0	0	noise	cluster_noise	0.0000
8562	Spectrogram 1	1	13535.000000	13535.500000	0	0	9	cluster_9	1.0000
8563	Spectrogram 1	1	13535.250000	13535.750000	0	0	noise	cluster_noise	0.0000
8564	Spectrogram 1	1	13535.500000	13537.000000	0	0	7	cluster_7	0.9134
8565	Spectrogram 1	1	13536.750000	13537.250000	0	0	noise	cluster_noise	0.0000
8566	Spectrogram 1	1	13537.000000	13537.750000	0	0	9	cluster_9	1.0000
8567	Spectrogram 1	1	13537.500000	13538.000000	0	0	noise	cluster_noise	0.0000
8568	Spectrogram 1	1	13537.750000	13539.000000	0	0	7	cluster_7	0.9852
8569	Spectrogram 1	1	13538.750000	13546.750000	0	0	9	cluster_9	0.9597
8570	Spectrogram 1	1	13546.500000	13547.750000	0	0	noise	cluster_noise	0.0000
8571	Spectrogram 1	1	13547.500000	13548.500000	0	0	9	cluster_9	0.9766
8572	Spectrogram 1	1	13548.250000	13548.750000	0	0	noise	cluster_noise	0.0000
8573	Spectrogram 1	1	13548.500000	13550.250000	0	0	7	cluster_7	0.9074
8574	Spectrogram 1	1	13550.000000	13550.500000	0	0	noise	cluster_noise	0.0000
8575	Spectrogram 1	1	13550.250000	13555.750000	0	0	9	cluster_9	0.9542
8576	Spectrogram 1	1	13555.500000	13556.000000	0	0	noise	cluster_noise	0.0000
8577	Spectrogram 1	1	13555.750000	13559.750000	0	0	9	cluster_9	0.9434
8578	Spectrogram 1	1	13559.500000	13560.000000	0	0	noise	cluster_noise	0.0000
8579	Spectrogram 1	1	13559.750000	13560.250000	0	0	1	cluster_1	0.4790
8580	Spectrogram 1	1	13560.000000	13560.500000	0	0	noise	cluster_noise	0.0000
8581	Spectrogram 1	1	13560.250000	13562.500000	0	0	9	cluster_9	1.0000
8582	Spectrogram 1	1	13566.000000	13566.500000	0	0	noise	cluster_noise	0.0000
8583	Spectrogram 1	1	13566.250000	13566.750000	0	0	10	cluster_10	0.4804
8584	Spectrogram 1	1	13566.500000	13567.000000	0	0	noise	cluster_noise	0.0000
8585	Spectrogram 1	1	13566.750000	13568.500000	0	0	9	cluster_9	1.0000
8586	Spectrogram 1	1	13568.250000	13568.750000	0	0	noise	cluster_noise	0.0000
8587	Spectrogram 1	1	13568.500000	13569.000000	0	0	10	cluster_10	0.5442
8588	Spectrogram 1	1	13568.750000	13569.250000	0	0	noise	cluster_noise	0.0000
8589	Spectrogram 1	1	13569.000000	13571.250000	0	0	9	cluster_9	0.9629
8590	Spectrogram 1	1	13571.000000	13571.750000	0	0	noise	cluster_noise	0.0000
8591	Spectrogram 1	1	13571.500000	13572.000000	0	0	9	cluster_9	0.7714
8592	Spectrogram 1	1	13571.750000	13572.500000	0	0	noise	cluster_noise	0.0000
8593	Spectrogram 1	1	13572.250000	13572.750000	0	0	6	cluster_6	0.7107
8594	Spectrogram 1	1	13572.500000	13573.750000	0	0	noise	cluster_noise	0.0000
8595	Spectrogram 1	1	13573.500000	13574.500000	0	0	9	cluster_9	0.9248
8596	Spectrogram 1	1	13577.000000	13577.500000	0	0	6	cluster_6	0.6771
8597	Spectrogram 1	1	13577.250000	13578.750000	0	0	9	cluster_9	0.9397
8598	Spectrogram 1	1	13578.500000	13579.500000	0	0	noise	cluster_noise	0.0000
8599	Spectrogram 1	1	13579.250000	13581.000000	0	0	9	cluster_9	1.0000
8600	Spectrogram 1	1	13580.750000	13581.500000	0	0	noise	cluster_noise	0.0000
8601	Spectrogram 1	1	13581.250000	13581.750000	0	0	9	cluster_9	1.0000
8602	Spectrogram 1	1	13581.500000	13582.250000	0	0	noise	cluster_noise	0.0000
8603	Spectrogram 1	1	13582.000000	13583.250000	0	0	9	cluster_9	1.0000
8604	Spectrogram 1	1	13583.000000	13583.750000	0	0	noise	cluster_noise	0.0000
8605	Spectrogram 1	1	13583.500000	13584.750000	0	0	9	cluster_9	0.9392
8606	Spectrogram 1	1	13584.500000	13585.250000	0	0	noise	cluster_noise	0.0000
8607	Spectrogram 1	1	13585.000000	13593.750000	0	0	9	cluster_9	0.9422
8608	Spectrogram 1	1	13593.500000	13594.250000	0	0	noise	cluster_noise	0.0000
8609	Spectrogram 1	1	13594.000000	13595.500000	0	0	9	cluster_9	1.0000
8610	Spectrogram 1	1	13595.250000	13595.750000	0	0	noise	cluster_noise	0.0000
8611	Spectrogram 1	1	13595.500000	13596.000000	0	0	9	cluster_9	0.7436
8612	Spectrogram 1	1	13595.750000	13596.250000	0	0	noise	cluster_noise	0.0000
8613	Spectrogram 1	1	13596.000000	13598.250000	0	0	9	cluster_9	0.9126
8614	Spectrogram 1	1	13598.000000	13599.000000	0	0	noise	cluster_noise	0.0000
8615	Spectrogram 1	1	13598.750000	13599.250000	0	0	9	cluster_9	0.7520
8616	Spectrogram 1	1	13599.000000	13600.000000	0	0	noise	cluster_noise	0.0000
8617	Spectrogram 1	1	13599.750000	13600.250000	0	0	9	cluster_9	1.0000
8618	Spectrogram 1	1	13600.000000	13600.750000	0	0	noise	cluster_noise	0.0000
8619	Spectrogram 1	1	13600.500000	13601.250000	0	0	9	cluster_9	1.0000
8620	Spectrogram 1	1	13601.000000	13601.500000	0	0	noise	cluster_noise	0.0000
8621	Spectrogram 1	1	13601.250000	13603.500000	0	0	9	cluster_9	0.9582
8622	Spectrogram 1	1	13603.250000	13604.250000	0	0	1	cluster_1	0.8471
8623	Spectrogram 1	1	13604.000000	13604.500000	0	0	noise	cluster_noise	0.0000
8624	Spectrogram 1	1	13605.000000	13606.500000	0	0	9	cluster_9	0.9555
8625	Spectrogram 1	1	13607.000000	13608.000000	0	0	1	cluster_1	0.8762
8626	Spectrogram 1	1	13607.750000	13608.250000	0	0	noise	cluster_noise	0.0000
8627	Spectrogram 1	1	13608.000000	13609.500000	0	0	9	cluster_9	1.0000
8628	Spectrogram 1	1	13609.250000	13610.000000	0	0	noise	cluster_noise	0.0000
8629	Spectrogram 1	1	13609.750000	13611.250000	0	0	9	cluster_9	1.0000
8630	Spectrogram 1	1	13611.000000	13611.750000	0	0	noise	cluster_noise	0.0000
8631	Spectrogram 1	1	13611.500000	13627.750000	0	0	9	cluster_9	0.9612
8632	Spectrogram 1	1	13627.500000	13628.250000	0	0	noise	cluster_noise	0.0000
8633	Spectrogram 1	1	13628.000000	13629.250000	0	0	9	cluster_9	1.0000
8634	Spectrogram 1	1	13629.000000	13630.250000	0	0	noise	cluster_noise	0.0000
8635	Spectrogram 1	1	13630.000000	13631.750000	0	0	9	cluster_9	0.9393
8636	Spectrogram 1	1	13631.500000	13632.250000	0	0	noise	cluster_noise	0.0000
8637	Spectrogram 1	1	13632.000000	13639.500000	0	0	9	cluster_9	0.9891
8638	Spectrogram 1	1	13639.250000	13639.750000	0	0	noise	cluster_noise	0.0000
8639	Spectrogram 1	1	13639.500000	13642.500000	0	0	9	cluster_9	0.9645
8640	Spectrogram 1	1	13642.250000	13643.750000	0	0	noise	cluster_noise	0.0000
8641	Spectrogram 1	1	13643.500000	13644.250000	0	0	9	cluster_9	0.9127
8642	Spectrogram 1	1	13644.000000	13644.500000	0	0	noise	cluster_noise	0.0000
8643	Spectrogram 1	1	13650.000000	13651.250000	0	0	9	cluster_9	1.0000
8644	Spectrogram 1	1	13651.000000	13651.500000	0	0	8	cluster_8	0.8781
8645	Spectrogram 1	1	13652.000000	13654.250000	0	0	9	cluster_9	0.9868
8646	Spectrogram 1	1	13654.000000	13654.750000	0	0	8	cluster_8	0.8885
8647	Spectrogram 1	1	13654.500000	13655.250000	0	0	9	cluster_9	0.8474
8648	Spectrogram 1	1	13655.000000	13663.000000	0	0	noise	cluster_noise	0.0000
8649	Spectrogram 1	1	13662.750000	13663.750000	0	0	9	cluster_9	1.0000
8650	Spectrogram 1	1	13663.500000	13664.500000	0	0	8	cluster_8	0.9617
8651	Spectrogram 1	1	13664.250000	13666.250000	0	0	9	cluster_9	0.9733
8652	Spectrogram 1	1	13666.000000	13667.250000	0	0	noise	cluster_noise	0.0000
8653	Spectrogram 1	1	13667.000000	13678.750000	0	0	9	cluster_9	0.9797
8654	Spectrogram 1	1	13678.500000	13679.250000	0	0	noise	cluster_noise	0.0000
8655	Spectrogram 1	1	13679.000000	13679.500000	0	0	0	cluster_0	0.4521
8656	Spectrogram 1	1	13679.250000	13679.750000	0	0	noise	cluster_noise	0.0000
8657	Spectrogram 1	1	13679.500000	13696.500000	0	0	9	cluster_9	0.9755
8658	Spectrogram 1	1	13696.250000	13696.750000	0	0	8	cluster_8	0.8267
8659	Spectrogram 1	1	13696.500000	13697.250000	0	0	noise	cluster_noise	0.0000
8660	Spectrogram 1	1	13697.000000	13697.500000	0	0	9	cluster_9	0.9876
8661	Spectrogram 1	1	13700.000000	13700.500000	0	0	noise	cluster_noise	0.0000
8662	Spectrogram 1	1	13700.250000	13704.000000	0	0	9	cluster_9	0.9967
8663	Spectrogram 1	1	13703.750000	13704.250000	0	0	noise	cluster_noise	0.0000
8664	Spectrogram 1	1	13704.000000	13704.500000	0	0	9	cluster_9	0.8721
8665	Spectrogram 1	1	13704.250000	13704.750000	0	0	noise	cluster_noise	0.0000
8666	Spectrogram 1	1	13704.500000	13705.000000	0	0	0	cluster_0	0.6336
8667	Spectrogram 1	1	13704.750000	13705.500000	0	0	9	cluster_9	1.0000
8668	Spectrogram 1	1	13713.000000	13713.500000	0	0	8	cluster_8	0.8691
8669	Spectrogram 1	1	13713.250000	13714.500000	0	0	noise	cluster_noise	0.0000
8670	Spectrogram 1	1	13715.000000	13715.500000	0	0	9	cluster_9	0.8513
8671	Spectrogram 1	1	13715.250000	13716.500000	0	0	8	cluster_8	0.9958
8672	Spectrogram 1	1	13728.000000	13728.500000	0	0	noise	cluster_noise	0.0000
8673	Spectrogram 1	1	13728.250000	13729.500000	0	0	8	cluster_8	0.9606
8674	Spectrogram 1	1	13744.000000	13744.500000	0	0	9	cluster_9	1.0000
8675	Spectrogram 1	1	13744.250000	13744.750000	0	0	10	cluster_10	0.5056
8676	Spectrogram 1	1	13744.500000	13745.500000	0	0	0	cluster_0	0.9605
8677	Spectrogram 1	1	13821.000000	13822.500000	0	0	6	cluster_6	0.9019
8678	Spectrogram 1	1	13822.250000	13822.750000	0	0	noise	cluster_noise	0.0000
8679	Spectrogram 1	1	13822.500000	13823.250000	0	0	9	cluster_9	1.0000
8680	Spectrogram 1	1	13823.000000	13823.750000	0	0	noise	cluster_noise	0.0000
8681	Spectrogram 1	1	13823.500000	13824.500000	0	0	8	cluster_8	0.9357
8682	Spectrogram 1	1	13824.250000	13842.500000	0	0	9	cluster_9	0.9713
8683	Spectrogram 1	1	13854.000000	13855.250000	0	0	6	cluster_6	1.0000
8684	Spectrogram 1	1	13855.000000	13856.000000	0	0	9	cluster_9	0.9640
8685	Spectrogram 1	1	13855.750000	13856.250000	0	0	noise	cluster_noise	0.0000
8686	Spectrogram 1	1	13856.000000	13857.000000	0	0	8	cluster_8	0.9389
8687	Spectrogram 1	1	13856.750000	13860.000000	0	0	9	cluster_9	0.9960
8688	Spectrogram 1	1	13859.750000	13860.500000	0	0	noise	cluster_noise	0.0000
8689	Spectrogram 1	1	13860.250000	13868.000000	0	0	6	cluster_6	0.8651
8690	Spectrogram 1	1	13867.750000	13868.250000	0	0	noise	cluster_noise	0.0000
8691	Spectrogram 1	1	13868.000000	13868.500000	0	0	9	cluster_9	0.8004
8692	Spectrogram 1	1	13868.250000	13869.500000	0	0	6	cluster_6	0.9612
8693	Spectrogram 1	1	13869.250000	13870.250000	0	0	9	cluster_9	0.9737
8694	Spectrogram 1	1	13870.000000	13870.500000	0	0	noise	cluster_noise	0.0000
8695	Spectrogram 1	1	13870.250000	13871.250000	0	0	6	cluster_6	0.9378
8696	Spectrogram 1	1	13871.000000	13873.000000	0	0	9	cluster_9	1.0000
8697	Spectrogram 1	1	13872.750000	13873.250000	0	0	noise	cluster_noise	0.0000
8698	Spectrogram 1	1	13873.000000	13874.000000	0	0	6	cluster_6	0.8434
8699	Spectrogram 1	1	13873.750000	13874.250000	0	0	9	cluster_9	0.9486
8700	Spectrogram 1	1	13874.000000	13874.500000	0	0	6	cluster_6	0.8223
8701	Spectrogram 1	1	13880.000000	13881.500000	0	0	7	cluster_7	0.9049
8702	Spectrogram 1	1	13881.250000	13881.750000	0	0	9	cluster_9	1.0000
8703	Spectrogram 1	1	13881.500000	13882.750000	0	0	7	cluster_7	0.9259
8704	Spectrogram 1	1	13882.500000	13883.000000	0	0	noise	cluster_noise	0.0000
8705	Spectrogram 1	1	13882.750000	13884.750000	0	0	9	cluster_9	0.9847
8706	Spectrogram 1	1	13884.500000	13885.000000	0	0	noise	cluster_noise	0.0000
8707	Spectrogram 1	1	13884.750000	13885.500000	0	0	6	cluster_6	0.7291
8708	Spectrogram 1	1	13885.250000	13885.750000	0	0	noise	cluster_noise	0.0000
8709	Spectrogram 1	1	13885.500000	13886.000000	0	0	9	cluster_9	0.7662
8710	Spectrogram 1	1	13885.750000	13886.500000	0	0	6	cluster_6	0.8737
8711	Spectrogram 1	1	13886.250000	13887.000000	0	0	noise	cluster_noise	0.0000
8712	Spectrogram 1	1	13886.750000	13887.500000	0	0	9	cluster_9	0.9074
8713	Spectrogram 1	1	13893.000000	13893.750000	0	0	7	cluster_7	0.8907
8714	Spectrogram 1	1	13893.500000	13894.000000	0	0	noise	cluster_noise	0.0000
8715	Spectrogram 1	1	13893.750000	13897.500000	0	0	9	cluster_9	0.9950
8716	Spectrogram 1	1	13897.250000	13898.500000	0	0	6	cluster_6	1.0000
8717	Spectrogram 1	1	13898.250000	13899.000000	0	0	noise	cluster_noise	0.0000
8718	Spectrogram 1	1	13898.750000	13908.000000	0	0	9	cluster_9	0.9915
8719	Spectrogram 1	1	13907.750000	13908.500000	0	0	noise	cluster_noise	0.0000
8720	Spectrogram 1	1	13908.250000	13908.750000	0	0	9	cluster_9	1.0000
8721	Spectrogram 1	1	13908.500000	13909.750000	0	0	6	cluster_6	1.0000
8722	Spectrogram 1	1	13909.500000	13913.250000	0	0	9	cluster_9	1.0000
8723	Spectrogram 1	1	13913.000000	13913.500000	0	0	noise	cluster_noise	0.0000
8724	Spectrogram 1	1	13916.000000	13916.750000	0	0	5	cluster_5	1.0000
8725	Spectrogram 1	1	13916.500000	13917.000000	0	0	noise	cluster_noise	0.0000
8726	Spectrogram 1	1	13916.750000	13919.500000	0	0	9	cluster_9	0.9219
8727	Spectrogram 1	1	13919.250000	13921.500000	0	0	6	cluster_6	0.9176
8728	Spectrogram 1	1	13921.250000	13921.750000	0	0	noise	cluster_noise	0.0000
8729	Spectrogram 1	1	13921.500000	13924.000000	0	0	9	cluster_9	1.0000
8730	Spectrogram 1	1	13923.750000	13925.500000	0	0	noise	cluster_noise	0.0000
8731	Spectrogram 1	1	13931.000000	13932.750000	0	0	6	cluster_6	0.9513
8732	Spectrogram 1	1	13932.500000	13933.000000	0	0	noise	cluster_noise	0.0000
8733	Spectrogram 1	1	13932.750000	13935.250000	0	0	9	cluster_9	0.9598
8734	Spectrogram 1	1	13935.000000	13935.750000	0	0	noise	cluster_noise	0.0000
8735	Spectrogram 1	1	13935.500000	13936.500000	0	0	1	cluster_1	0.8307
8736	Spectrogram 1	1	13938.000000	13938.750000	0	0	9	cluster_9	1.0000
8737	Spectrogram 1	1	13938.500000	13939.250000	0	0	noise	cluster_noise	0.0000
8738	Spectrogram 1	1	13939.000000	13939.500000	0	0	1	cluster_1	0.4899
8739	Spectrogram 1	1	13946.000000	13946.500000	0	0	10	cluster_10	0.5816
8740	Spectrogram 1	1	13946.250000	13946.750000	0	0	noise	cluster_noise	0.0000
8741	Spectrogram 1	1	13946.500000	13947.750000	0	0	9	cluster_9	0.9987
8742	Spectrogram 1	1	13947.500000	13948.000000	0	0	noise	cluster_noise	0.0000
8743	Spectrogram 1	1	13947.750000	13950.250000	0	0	1	cluster_1	0.9148
8744	Spectrogram 1	1	13950.000000	13957.750000	0	0	9	cluster_9	1.0000
8745	Spectrogram 1	1	13957.500000	13958.000000	0	0	noise	cluster_noise	0.0000
8746	Spectrogram 1	1	13957.750000	13958.500000	0	0	10	cluster_10	0.7920
8747	Spectrogram 1	1	13958.250000	13958.750000	0	0	9	cluster_9	0.7846
8748	Spectrogram 1	1	13958.500000	13959.000000	0	0	noise	cluster_noise	0.0000
8749	Spectrogram 1	1	13958.750000	13959.500000	0	0	9	cluster_9	1.0000
8750	Spectrogram 1	1	13959.250000	13959.750000	0	0	noise	cluster_noise	0.0000
8751	Spectrogram 1	1	13959.500000	13960.250000	0	0	10	cluster_10	0.9670
8752	Spectrogram 1	1	13960.000000	13960.750000	0	0	noise	cluster_noise	0.0000
8753	Spectrogram 1	1	13960.500000	13962.000000	0	0	9	cluster_9	1.0000
8754	Spectrogram 1	1	13961.750000	13967.500000	0	0	1	cluster_1	0.6628
8755	Spectrogram 1	1	13967.250000	13969.000000	0	0	9	cluster_9	0.9220
8756	Spectrogram 1	1	13968.750000	13969.500000	0	0	10	cluster_10	0.9765
8757	Spectrogram 1	1	13969.250000	13970.000000	0	0	noise	cluster_noise	0.0000
8758	Spectrogram 1	1	13969.750000	13971.000000	0	0	9	cluster_9	1.0000
8759	Spectrogram 1	1	13970.750000	13971.500000	0	0	10	cluster_10	0.9941
8760	Spectrogram 1	1	13971.250000	13971.750000	0	0	9	cluster_9	0.7646
8761	Spectrogram 1	1	13971.500000	13972.000000	0	0	noise	cluster_noise	0.0000
8762	Spectrogram 1	1	13971.750000	13972.750000	0	0	9	cluster_9	1.0000
8763	Spectrogram 1	1	13972.500000	13973.000000	0	0	noise	cluster_noise	0.0000
8764	Spectrogram 1	1	13972.750000	13973.500000	0	0	10	cluster_10	0.8140
8765	Spectrogram 1	1	13973.250000	13974.000000	0	0	noise	cluster_noise	0.0000
8766	Spectrogram 1	1	13973.750000	13979.500000	0	0	9	cluster_9	0.9986
8767	Spectrogram 1	1	13979.250000	13980.500000	0	0	1	cluster_1	0.9423
8768	Spectrogram 1	1	13980.250000	13982.000000	0	0	9	cluster_9	0.9326
8769	Spectrogram 1	1	13981.750000	13982.500000	0	0	noise	cluster_noise	0.0000
8770	Spectrogram 1	1	13982.250000	13983.000000	0	0	9	cluster_9	0.8435
8771	Spectrogram 1	1	13982.750000	13984.000000	0	0	1	cluster_1	0.9314
8772	Spectrogram 1	1	13983.750000	13984.250000	0	0	noise	cluster_noise	0.0000
8773	Spectrogram 1	1	13984.000000	13985.500000	0	0	9	cluster_9	0.9759
8774	Spectrogram 1	1	13988.000000	13988.750000	0	0	noise	cluster_noise	0.0000
8775	Spectrogram 1	1	13988.500000	13989.500000	0	0	9	cluster_9	0.9369
8776	Spectrogram 1	1	13989.250000	13990.000000	0	0	10	cluster_10	0.9872
8777	Spectrogram 1	1	13989.750000	13991.000000	0	0	9	cluster_9	1.0000
8778	Spectrogram 1	1	13990.750000	13991.500000	0	0	10	cluster_10	0.7972
8779	Spectrogram 1	1	13991.250000	13991.750000	0	0	9	cluster_9	1.0000
8780	Spectrogram 1	1	13991.500000	13992.250000	0	0	noise	cluster_noise	0.0000
8781	Spectrogram 1	1	13992.000000	13993.000000	0	0	9	cluster_9	0.9741
8782	Spectrogram 1	1	13992.750000	13993.500000	0	0	10	cluster_10	0.9718
8783	Spectrogram 1	1	13993.250000	13993.750000	0	0	9	cluster_9	0.8796
8784	Spectrogram 1	1	13993.500000	13994.250000	0	0	noise	cluster_noise	0.0000
8785	Spectrogram 1	1	13994.000000	13999.750000	0	0	9	cluster_9	0.9424
8786	Spectrogram 1	1	13999.500000	14000.500000	0	0	1	cluster_1	0.8508
8787	Spectrogram 1	1	14000.250000	14000.750000	0	0	noise	cluster_noise	0.0000
8788	Spectrogram 1	1	14000.500000	14002.000000	0	0	9	cluster_9	0.9728
8789	Spectrogram 1	1	14001.750000	14002.500000	0	0	10	cluster_10	0.9454
8790	Spectrogram 1	1	14002.250000	14003.000000	0	0	9	cluster_9	0.8895
8791	Spectrogram 1	1	14002.750000	14003.750000	0	0	noise	cluster_noise	0.0000
8792	Spectrogram 1	1	14003.500000	14004.250000	0	0	10	cluster_10	0.8458
8793	Spectrogram 1	1	14004.000000	14004.750000	0	0	9	cluster_9	0.9899
8794	Spectrogram 1	1	14004.500000	14005.250000	0	0	10	cluster_10	0.8347
8795	Spectrogram 1	1	14005.000000	14006.000000	0	0	9	cluster_9	0.8946
8796	Spectrogram 1	1	14005.750000	14006.500000	0	0	10	cluster_10	0.9755
8797	Spectrogram 1	1	14006.250000	14006.750000	0	0	9	cluster_9	1.0000
8798	Spectrogram 1	1	14006.500000	14007.250000	0	0	10	cluster_10	0.7266
8799	Spectrogram 1	1	14007.000000	14008.000000	0	0	9	cluster_9	0.9306
8800	Spectrogram 1	1	14007.750000	14008.500000	0	0	10	cluster_10	0.8669
8801	Spectrogram 1	1	14008.250000	14008.750000	0	0	noise	cluster_noise	0.0000
8802	Spectrogram 1	1	14008.500000	14009.500000	0	0	9	cluster_9	0.9620
8803	Spectrogram 1	1	14010.000000	14010.500000	0	0	noise	cluster_noise	0.0000
8804	Spectrogram 1	1	14010.250000	14011.000000	0	0	9	cluster_9	1.0000
8805	Spectrogram 1	1	14010.750000	14011.250000	0	0	noise	cluster_noise	0.0000
8806	Spectrogram 1	1	14011.000000	14011.500000	0	0	10	cluster_10	0.6167
8807	Spectrogram 1	1	14011.250000	14011.750000	0	0	8	cluster_8	1.0000
8808	Spectrogram 1	1	14011.500000	14012.750000	0	0	noise	cluster_noise	0.0000
8809	Spectrogram 1	1	14012.500000	14013.000000	0	0	8	cluster_8	0.9564
8810	Spectrogram 1	1	14012.750000	14014.750000	0	0	9	cluster_9	0.9720
8811	Spectrogram 1	1	14014.500000	14015.000000	0	0	noise	cluster_noise	0.0000
8812	Spectrogram 1	1	14014.750000	14015.500000	0	0	1	cluster_1	0.7452
8813	Spectrogram 1	1	14022.000000	14022.750000	0	0	9	cluster_9	1.0000
8814	Spectrogram 1	1	14022.500000	14023.250000	0	0	10	cluster_10	0.5671
8815	Spectrogram 1	1	14023.000000	14024.500000	0	0	9	cluster_9	1.0000
8816	Spectrogram 1	1	14024.250000	14025.000000	0	0	8	cluster_8	0.9929
8817	Spectrogram 1	1	14024.750000	14025.250000	0	0	9	cluster_9	1.0000
8818	Spectrogram 1	1	14025.000000	14026.000000	0	0	noise	cluster_noise	0.0000
8819	Spectrogram 1	1	14025.750000	14026.250000	0	0	9	cluster_9	1.0000
8820	Spectrogram 1	1	14026.000000	14027.000000	0	0	8	cluster_8	0.9715
8821	Spectrogram 1	1	14026.750000	14027.250000	0	0	9	cluster_9	1.0000
8822	Spectrogram 1	1	14027.000000	14027.500000	0	0	8	cluster_8	1.0000
8823	Spectrogram 1	1	14036.000000	14037.000000	0	0	9	cluster_9	1.0000
8824	Spectrogram 1	1	14036.750000	14037.500000	0	0	10	cluster_10	0.7001
8825	Spectrogram 1	1	14037.250000	14037.750000	0	0	8	cluster_8	1.0000
8826	Spectrogram 1	1	14037.500000	14039.250000	0	0	9	cluster_9	0.9676
8827	Spectrogram 1	1	14039.000000	14039.500000	0	0	noise	cluster_noise	0.0000
8828	Spectrogram 1	1	14047.000000	14047.750000	0	0	3	cluster_3	1.0000
8829	Spectrogram 1	1	14047.500000	14048.000000	0	0	noise	cluster_noise	0.0000
8830	Spectrogram 1	1	14047.750000	14048.500000	0	0	9	cluster_9	1.0000
8831	Spectrogram 1	1	14048.250000	14049.500000	0	0	3	cluster_3	0.9245
8832	Spectrogram 1	1	14049.250000	14049.750000	0	0	noise	cluster_noise	0.0000
8833	Spectrogram 1	1	14049.500000	14051.250000	0	0	9	cluster_9	0.9439
8834	Spectrogram 1	1	14051.000000	14054.750000	0	0	8	cluster_8	0.9715
8835	Spectrogram 1	1	14054.500000	14061.000000	0	0	9	cluster_9	0.9906
8836	Spectrogram 1	1	14060.750000	14061.750000	0	0	noise	cluster_noise	0.0000
8837	Spectrogram 1	1	14061.500000	14062.500000	0	0	9	cluster_9	0.8916
8838	Spectrogram 1	1	14068.000000	14069.000000	0	0	8	cluster_8	1.0000
8839	Spectrogram 1	1	14068.750000	14069.500000	0	0	9	cluster_9	1.0000
8840	Spectrogram 1	1	14071.000000	14071.750000	0	0	8	cluster_8	0.9993
8841	Spectrogram 1	1	14071.500000	14073.000000	0	0	9	cluster_9	0.9695
8842	Spectrogram 1	1	14072.750000	14073.500000	0	0	8	cluster_8	0.9712
8843	Spectrogram 1	1	14080.000000	14081.000000	0	0	9	cluster_9	1.0000
8844	Spectrogram 1	1	14080.750000	14081.500000	0	0	8	cluster_8	0.9930
8845	Spectrogram 1	1	14081.250000	14082.000000	0	0	noise	cluster_noise	0.0000
8846	Spectrogram 1	1	14081.750000	14082.250000	0	0	8	cluster_8	0.9278
8847	Spectrogram 1	1	14082.000000	14083.750000	0	0	9	cluster_9	1.0000
8848	Spectrogram 1	1	14083.500000	14084.250000	0	0	8	cluster_8	1.0000
8849	Spectrogram 1	1	14084.000000	14084.500000	0	0	noise	cluster_noise	0.0000
8850	Spectrogram 1	1	14084.250000	14085.000000	0	0	8	cluster_8	0.9425
8851	Spectrogram 1	1	14084.750000	14085.250000	0	0	0	cluster_0	0.4923
8852	Spectrogram 1	1	14085.000000	14088.750000	0	0	9	cluster_9	1.0000
8853	Spectrogram 1	1	14088.500000	14089.000000	0	0	noise	cluster_noise	0.0000
8854	Spectrogram 1	1	14088.750000	14089.500000	0	0	8	cluster_8	0.9564
8855	Spectrogram 1	1	14089.250000	14090.500000	0	0	9	cluster_9	0.9360
8856	Spectrogram 1	1	14091.000000	14091.500000	0	0	8	cluster_8	0.8215
8857	Spectrogram 1	1	14091.250000	14091.750000	0	0	noise	cluster_noise	0.0000
8858	Spectrogram 1	1	14091.500000	14092.000000	0	0	8	cluster_8	1.0000
8859	Spectrogram 1	1	14091.750000	14092.250000	0	0	0	cluster_0	0.4739
8860	Spectrogram 1	1	14092.000000	14093.500000	0	0	9	cluster_9	0.9912
8861	Spectrogram 1	1	14093.250000	14093.750000	0	0	noise	cluster_noise	0.0000
8862	Spectrogram 1	1	14093.500000	14094.750000	0	0	8	cluster_8	0.9938
8863	Spectrogram 1	1	14094.500000	14096.500000	0	0	9	cluster_9	1.0000
8864	Spectrogram 1	1	14096.250000	14097.500000	0	0	8	cluster_8	1.0000
8865	Spectrogram 1	1	14097.250000	14099.000000	0	0	9	cluster_9	0.9171
8866	Spectrogram 1	1	14098.750000	14100.000000	0	0	8	cluster_8	0.9500
8867	Spectrogram 1	1	14099.750000	14100.500000	0	0	9	cluster_9	0.9565
8868	Spectrogram 1	1	14100.250000	14101.500000	0	0	noise	cluster_noise	0.0000
8869	Spectrogram 1	1	14102.000000	14103.750000	0	0	8	cluster_8	0.9531
8870	Spectrogram 1	1	14103.500000	14105.000000	0	0	9	cluster_9	1.0000
8871	Spectrogram 1	1	14104.750000	14106.000000	0	0	8	cluster_8	1.0000
8872	Spectrogram 1	1	14105.750000	14106.250000	0	0	noise	cluster_noise	0.0000
8873	Spectrogram 1	1	14106.000000	14107.750000	0	0	9	cluster_9	1.0000
8874	Spectrogram 1	1	14107.500000	14108.750000	0	0	8	cluster_8	1.0000
8875	Spectrogram 1	1	14108.500000	14109.000000	0	0	0	cluster_0	0.4731
8876	Spectrogram 1	1	14108.750000	14110.750000	0	0	9	cluster_9	0.9739
8877	Spectrogram 1	1	14110.500000	14112.000000	0	0	8	cluster_8	1.0000
8878	Spectrogram 1	1	14111.750000	14112.250000	0	0	0	cluster_0	0.4213
8879	Spectrogram 1	1	14112.000000	14113.500000	0	0	9	cluster_9	0.9477
8880	Spectrogram 1	1	14114.000000	14114.750000	0	0	8	cluster_8	0.9316
8881	Spectrogram 1	1	14114.500000	14115.000000	0	0	noise	cluster_noise	0.0000
8882	Spectrogram 1	1	14114.750000	14115.500000	0	0	8	cluster_8	0.9048
8883	Spectrogram 1	1	14115.250000	14116.500000	0	0	9	cluster_9	0.9890
8884	Spectrogram 1	1	14116.250000	14116.750000	0	0	noise	cluster_noise	0.0000
8885	Spectrogram 1	1	14116.500000	14117.250000	0	0	8	cluster_8	0.8011
8886	Spectrogram 1	1	14117.000000	14119.500000	0	0	9	cluster_9	1.0000
8887	Spectrogram 1	1	14119.250000	14121.500000	0	0	0	cluster_0	0.8574
8888	Spectrogram 1	1	14121.250000	14123.500000	0	0	9	cluster_9	0.9952
8889	Spectrogram 1	1	14123.250000	14124.500000	0	0	8	cluster_8	1.0000
8890	Spectrogram 1	1	14124.250000	14124.750000	0	0	noise	cluster_noise	0.0000
8891	Spectrogram 1	1	14124.500000	14126.750000	0	0	9	cluster_9	1.0000
8892	Spectrogram 1	1	14126.500000	14127.750000	0	0	8	cluster_8	0.9871
8893	Spectrogram 1	1	14127.500000	14129.500000	0	0	9	cluster_9	0.9617
8894	Spectrogram 1	1	14130.000000	14130.500000	0	0	8	cluster_8	1.0000
8895	Spectrogram 1	1	14130.250000	14130.750000	0	0	noise	cluster_noise	0.0000
8896	Spectrogram 1	1	14130.500000	14131.250000	0	0	8	cluster_8	0.9189
8897	Spectrogram 1	1	14131.000000	14131.500000	0	0	noise	cluster_noise	0.0000
8898	Spectrogram 1	1	14131.250000	14133.000000	0	0	9	cluster_9	1.0000
8899	Spectrogram 1	1	14132.750000	14133.250000	0	0	noise	cluster_noise	0.0000
8900	Spectrogram 1	1	14133.000000	14135.250000	0	0	0	cluster_0	0.9157
8901	Spectrogram 1	1	14135.000000	14141.000000	0	0	9	cluster_9	0.9883
8902	Spectrogram 1	1	14140.750000	14142.750000	0	0	8	cluster_8	1.0000
8903	Spectrogram 1	1	14142.500000	14144.250000	0	0	9	cluster_9	1.0000
8904	Spectrogram 1	1	14144.000000	14144.500000	0	0	8	cluster_8	0.9927
8905	Spectrogram 1	1	14149.000000	14149.750000	0	0	9	cluster_9	1.0000
8906	Spectrogram 1	1	14149.500000	14150.500000	0	0	6	cluster_6	1.0000
8907	Spectrogram 1	1	14151.000000	14151.750000	0	0	noise	cluster_noise	0.0000
8908	Spectrogram 1	1	14151.500000	14153.500000	0	0	9	cluster_9	0.9985
8909	Spectrogram 1	1	14154.000000	14155.500000	0	0	8	cluster_8	0.9896
8910	Spectrogram 1	1	14155.250000	14157.000000	0	0	9	cluster_9	1.0000
8911	Spectrogram 1	1	14156.750000	14157.250000	0	0	noise	cluster_noise	0.0000
8912	Spectrogram 1	1	14157.000000	14158.000000	0	0	0	cluster_0	0.9788
8913	Spectrogram 1	1	14157.750000	14158.250000	0	0	8	cluster_8	1.0000
8914	Spectrogram 1	1	14158.000000	14158.500000	0	0	noise	cluster_noise	0.0000
8915	Spectrogram 1	1	14173.000000	14173.500000	0	0	0	cluster_0	0.6019
8916	Spectrogram 1	1	14173.250000	14175.750000	0	0	9	cluster_9	1.0000
8917	Spectrogram 1	1	14175.500000	14177.000000	0	0	6	cluster_6	0.8821
8918	Spectrogram 1	1	14176.750000	14177.500000	0	0	noise	cluster_noise	0.0000
8919	Spectrogram 1	1	14177.250000	14179.000000	0	0	9	cluster_9	0.9932
8920	Spectrogram 1	1	14178.750000	14179.250000	0	0	noise	cluster_noise	0.0000
8921	Spectrogram 1	1	14179.000000	14179.500000	0	0	8	cluster_8	1.0000
8922	Spectrogram 1	1	14218.000000	14219.250000	0	0	0	cluster_0	0.8999
8923	Spectrogram 1	1	14219.000000	14219.500000	0	0	9	cluster_9	1.0000
8924	Spectrogram 1	1	14221.000000	14221.750000	0	0	0	cluster_0	0.8730
8925	Spectrogram 1	1	14221.500000	14259.750000	0	0	9	cluster_9	0.9988
8926	Spectrogram 1	1	14259.500000	14260.250000	0	0	10	cluster_10	0.4982
8927	Spectrogram 1	1	14260.000000	14260.500000	0	0	noise	cluster_noise	0.0000
8928	Spectrogram 1	1	14260.250000	14261.750000	0	0	9	cluster_9	0.9473
8929	Spectrogram 1	1	14261.500000	14262.250000	0	0	noise	cluster_noise	0.0000
8930	Spectrogram 1	1	14262.000000	14262.500000	0	0	10	cluster_10	0.5870
8931	Spectrogram 1	1	14262.250000	14263.000000	0	0	noise	cluster_noise	0.0000
8932	Spectrogram 1	1	14262.750000	14263.500000	0	0	9	cluster_9	1.0000
8933	Spectrogram 1	1	14273.000000	14273.500000	0	0	noise	cluster_noise	0.0000
8934	Spectrogram 1	1	14273.250000	14274.500000	0	0	9	cluster_9	0.9633
8935	Spectrogram 1	1	14274.250000	14275.750000	0	0	noise	cluster_noise	0.0000
8936	Spectrogram 1	1	14275.500000	14276.250000	0	0	9	cluster_9	1.0000
8937	Spectrogram 1	1	14276.000000	14277.000000	0	0	noise	cluster_noise	0.0000
8938	Spectrogram 1	1	14276.750000	14277.250000	0	0	9	cluster_9	0.9111
8939	Spectrogram 1	1	14277.000000	14277.500000	0	0	noise	cluster_noise	0.0000
8940	Spectrogram 1	1	14285.000000	14285.500000	0	0	9	cluster_9	0.9175
8941	Spectrogram 1	1	14285.250000	14285.750000	0	0	noise	cluster_noise	0.0000
8942	Spectrogram 1	1	14285.500000	14287.500000	0	0	9	cluster_9	1.0000
8943	Spectrogram 1	1	14287.250000	14287.750000	0	0	noise	cluster_noise	0.0000
8944	Spectrogram 1	1	14287.500000	14289.250000	0	0	6	cluster_6	0.9653
8945	Spectrogram 1	1	14289.000000	14290.000000	0	0	9	cluster_9	1.0000
8946	Spectrogram 1	1	14289.750000	14290.500000	0	0	14	cluster_14	0.7800
8947	Spectrogram 1	1	14292.000000	14292.500000	0	0	noise	cluster_noise	0.0000
8948	Spectrogram 1	1	14292.250000	14293.000000	0	0	9	cluster_9	0.9772
8949	Spectrogram 1	1	14292.750000	14293.250000	0	0	noise	cluster_noise	0.0000
8950	Spectrogram 1	1	14293.000000	14293.500000	0	0	6	cluster_6	0.7200
8951	Spectrogram 1	1	14293.250000	14293.750000	0	0	14	cluster_14	0.7671
8952	Spectrogram 1	1	14293.500000	14294.250000	0	0	noise	cluster_noise	0.0000
8953	Spectrogram 1	1	14294.000000	14298.750000	0	0	9	cluster_9	0.9637
8954	Spectrogram 1	1	14298.500000	14300.250000	0	0	6	cluster_6	0.9577
8955	Spectrogram 1	1	14300.000000	14301.000000	0	0	noise	cluster_noise	0.0000
8956	Spectrogram 1	1	14300.750000	14310.500000	0	0	9	cluster_9	0.9799
8957	Spectrogram 1	1	14310.250000	14310.750000	0	0	14	cluster_14	0.7913
8958	Spectrogram 1	1	14310.500000	14311.250000	0	0	noise	cluster_noise	0.0000
8959	Spectrogram 1	1	14311.000000	14311.750000	0	0	9	cluster_9	0.9556
8960	Spectrogram 1	1	14311.500000	14312.750000	0	0	noise	cluster_noise	0.0000
8961	Spectrogram 1	1	14312.500000	14315.250000	0	0	9	cluster_9	0.9542
8962	Spectrogram 1	1	14315.000000	14316.250000	0	0	6	cluster_6	0.9531
8963	Spectrogram 1	1	14316.000000	14319.000000	0	0	9	cluster_9	1.0000
8964	Spectrogram 1	1	14318.750000	14320.000000	0	0	6	cluster_6	0.8942
8965	Spectrogram 1	1	14319.750000	14320.500000	0	0	9	cluster_9	1.0000
8966	Spectrogram 1	1	14323.000000	14323.750000	0	0	noise	cluster_noise	0.0000
8967	Spectrogram 1	1	14323.500000	14324.750000	0	0	9	cluster_9	1.0000
8968	Spectrogram 1	1	14324.500000	14325.500000	0	0	noise	cluster_noise	0.0000
8969	Spectrogram 1	1	14325.250000	14326.250000	0	0	9	cluster_9	1.0000
8970	Spectrogram 1	1	14326.000000	14327.250000	0	0	noise	cluster_noise	0.0000
8971	Spectrogram 1	1	14327.000000	14329.000000	0	0	9	cluster_9	1.0000
8972	Spectrogram 1	1	14328.750000	14330.750000	0	0	6	cluster_6	1.0000
8973	Spectrogram 1	1	14330.500000	14331.250000	0	0	noise	cluster_noise	0.0000
8974	Spectrogram 1	1	14331.000000	14333.250000	0	0	9	cluster_9	0.9789
8975	Spectrogram 1	1	14333.000000	14333.500000	0	0	noise	cluster_noise	0.0000
8976	Spectrogram 1	1	14335.000000	14336.000000	0	0	9	cluster_9	1.0000
8977	Spectrogram 1	1	14335.750000	14336.750000	0	0	noise	cluster_noise	0.0000
8978	Spectrogram 1	1	14336.500000	14337.750000	0	0	9	cluster_9	0.9899
8979	Spectrogram 1	1	14337.500000	14338.500000	0	0	noise	cluster_noise	0.0000
8980	Spectrogram 1	1	14338.250000	14338.750000	0	0	9	cluster_9	1.0000
8981	Spectrogram 1	1	14338.500000	14339.000000	0	0	noise	cluster_noise	0.0000
8982	Spectrogram 1	1	14338.750000	14341.500000	0	0	9	cluster_9	1.0000
8983	Spectrogram 1	1	14341.250000	14341.750000	0	0	noise	cluster_noise	0.0000
8984	Spectrogram 1	1	14341.500000	14343.500000	0	0	9	cluster_9	1.0000
8985	Spectrogram 1	1	14343.250000	14345.500000	0	0	6	cluster_6	0.9951
8986	Spectrogram 1	1	14346.000000	14357.500000	0	0	9	cluster_9	0.9772
8987	Spectrogram 1	1	14358.000000	14358.750000	0	0	noise	cluster_noise	0.0000
8988	Spectrogram 1	1	14358.500000	14362.750000	0	0	9	cluster_9	0.9877
8989	Spectrogram 1	1	14362.500000	14363.500000	0	0	noise	cluster_noise	0.0000
8990	Spectrogram 1	1	14363.250000	14364.500000	0	0	6	cluster_6	0.9193
8991	Spectrogram 1	1	14364.250000	14367.000000	0	0	9	cluster_9	0.9393
8992	Spectrogram 1	1	14366.750000	14367.750000	0	0	noise	cluster_noise	0.0000
8993	Spectrogram 1	1	14367.500000	14369.250000	0	0	1	cluster_1	0.6561
8994	Spectrogram 1	1	14369.000000	14369.500000	0	0	noise	cluster_noise	0.0000
8995	Spectrogram 1	1	14374.000000	14376.500000	0	0	9	cluster_9	0.9651
8996	Spectrogram 1	1	14376.250000	14376.750000	0	0	noise	cluster_noise	0.0000
8997	Spectrogram 1	1	14376.500000	14377.250000	0	0	6	cluster_6	0.8630
8998	Spectrogram 1	1	14377.000000	14377.750000	0	0	noise	cluster_noise	0.0000
8999	Spectrogram 1	1	14377.500000	14379.250000	0	0	9	cluster_9	1.0000
9000	Spectrogram 1	1	14379.000000	14379.500000	0	0	noise	cluster_noise	0.0000
9001	Spectrogram 1	1	14379.250000	14380.500000	0	0	1	cluster_1	0.9732
9002	Spectrogram 1	1	14384.000000	14390.750000	0	0	9	cluster_9	0.9953
9003	Spectrogram 1	1	14390.500000	14391.000000	0	0	noise	cluster_noise	0.0000
9004	Spectrogram 1	1	14390.750000	14391.500000	0	0	1	cluster_1	0.5998
9005	Spectrogram 1	1	14396.000000	14397.000000	0	0	9	cluster_9	0.9481
9006	Spectrogram 1	1	14396.750000	14397.500000	0	0	noise	cluster_noise	0.0000
9007	Spectrogram 1	1	14397.250000	14399.250000	0	0	9	cluster_9	0.9902
9008	Spectrogram 1	1	14399.000000	14399.500000	0	0	noise	cluster_noise	0.0000
9009	Spectrogram 1	1	14399.250000	14423.500000	0	0	9	cluster_9	0.9894
9010	Spectrogram 1	1	14423.250000	14424.000000	0	0	8	cluster_8	0.8289
9011	Spectrogram 1	1	14423.750000	14431.250000	0	0	9	cluster_9	0.9884
9012	Spectrogram 1	1	14431.000000	14432.000000	0	0	noise	cluster_noise	0.0000
9013	Spectrogram 1	1	14431.750000	14437.000000	0	0	9	cluster_9	0.9886
9014	Spectrogram 1	1	14436.750000	14437.500000	0	0	noise	cluster_noise	0.0000
9015	Spectrogram 1	1	14440.000000	14444.250000	0	0	9	cluster_9	0.9948
9016	Spectrogram 1	1	14444.000000	14444.750000	0	0	8	cluster_8	0.8974
9017	Spectrogram 1	1	14444.500000	14447.250000	0	0	9	cluster_9	0.9643
9018	Spectrogram 1	1	14447.000000	14447.750000	0	0	noise	cluster_noise	0.0000
9019	Spectrogram 1	1	14447.500000	14448.250000	0	0	0	cluster_0	0.7752
9020	Spectrogram 1	1	14448.000000	14449.500000	0	0	9	cluster_9	1.0000
9021	Spectrogram 1	1	14453.000000	14453.500000	0	0	noise	cluster_noise	0.0000
9022	Spectrogram 1	1	14453.250000	14454.250000	0	0	0	cluster_0	0.6783
9023	Spectrogram 1	1	14454.000000	14464.000000	0	0	9	cluster_9	0.9849
9024	Spectrogram 1	1	14463.750000	14465.000000	0	0	0	cluster_0	0.9692
9025	Spectrogram 1	1	14464.750000	14475.000000	0	0	9	cluster_9	0.9880
9026	Spectrogram 1	1	14474.750000	14475.500000	0	0	8	cluster_8	1.0000
9027	Spectrogram 1	1	14475.250000	14481.500000	0	0	9	cluster_9	0.9822
9028	Spectrogram 1	1	14487.000000	14488.000000	0	0	8	cluster_8	0.9419
9029	Spectrogram 1	1	14487.750000	14488.250000	0	0	noise	cluster_noise	0.0000
9030	Spectrogram 1	1	14488.000000	14489.500000	0	0	9	cluster_9	1.0000
9031	Spectrogram 1	1	14489.250000	14490.250000	0	0	8	cluster_8	0.8718
9032	Spectrogram 1	1	14490.000000	14490.750000	0	0	noise	cluster_noise	0.0000
9033	Spectrogram 1	1	14490.500000	14491.000000	0	0	8	cluster_8	0.8869
9034	Spectrogram 1	1	14490.750000	14507.250000	0	0	9	cluster_9	0.9618
9035	Spectrogram 1	1	14507.000000	14507.500000	0	0	noise	cluster_noise	0.0000
9036	Spectrogram 1	1	14507.250000	14509.250000	0	0	8	cluster_8	0.9923
9037	Spectrogram 1	1	14509.000000	14540.000000	0	0	9	cluster_9	0.9987
9038	Spectrogram 1	1	14539.750000	14540.250000	0	0	noise	cluster_noise	0.0000
9039	Spectrogram 1	1	14540.000000	14540.500000	0	0	0	cluster_0	0.7712
9040	Spectrogram 1	1	14596.000000	14598.500000	0	0	9	cluster_9	0.9868
9041	Spectrogram 1	1	14607.000000	14607.500000	0	0	noise	cluster_noise	0.0000
9042	Spectrogram 1	1	14607.250000	14607.750000	0	0	8	cluster_8	0.8135
9043	Spectrogram 1	1	14607.500000	14608.000000	0	0	9	cluster_9	1.0000
9044	Spectrogram 1	1	14607.750000	14608.250000	0	0	noise	cluster_noise	0.0000
9045	Spectrogram 1	1	14608.000000	14608.500000	0	0	9	cluster_9	0.8794
9046	Spectrogram 1	1	14608.250000	14608.750000	0	0	noise	cluster_noise	0.0000
9047	Spectrogram 1	1	14608.500000	14611.000000	0	0	9	cluster_9	0.9914
9048	Spectrogram 1	1	14610.750000	14611.500000	0	0	noise	cluster_noise	0.0000
9049	Spectrogram 1	1	14625.000000	14626.500000	0	0	6	cluster_6	0.9964
9050	Spectrogram 1	1	14626.250000	14629.000000	0	0	9	cluster_9	0.8962
9051	Spectrogram 1	1	14628.750000	14641.500000	0	0	6	cluster_6	0.8269
9052	Spectrogram 1	1	14641.250000	14641.750000	0	0	noise	cluster_noise	0.0000
9053	Spectrogram 1	1	14641.500000	14642.750000	0	0	9	cluster_9	0.8376
9054	Spectrogram 1	1	14642.500000	14643.000000	0	0	noise	cluster_noise	0.0000
9055	Spectrogram 1	1	14642.750000	14643.500000	0	0	9	cluster_9	0.8727
9056	Spectrogram 1	1	14643.250000	14643.750000	0	0	noise	cluster_noise	0.0000
9057	Spectrogram 1	1	14643.500000	14645.500000	0	0	6	cluster_6	0.9711
9058	Spectrogram 1	1	14645.250000	14646.250000	0	0	9	cluster_9	0.8412
9059	Spectrogram 1	1	14646.000000	14646.500000	0	0	noise	cluster_noise	0.0000
9060	Spectrogram 1	1	14646.250000	14647.000000	0	0	10	cluster_10	1.0000
9061	Spectrogram 1	1	14646.750000	14647.750000	0	0	9	cluster_9	0.8638
9062	Spectrogram 1	1	14647.500000	14649.000000	0	0	noise	cluster_noise	0.0000
9063	Spectrogram 1	1	14648.750000	14649.500000	0	0	9	cluster_9	1.0000
9064	Spectrogram 1	1	14649.250000	14654.500000	0	0	noise	cluster_noise	0.0000
9065	Spectrogram 1	1	14654.250000	14655.250000	0	0	9	cluster_9	0.9517
9066	Spectrogram 1	1	14655.000000	14657.250000	0	0	6	cluster_6	0.9545
9067	Spectrogram 1	1	14657.000000	14657.500000	0	0	noise	cluster_noise	0.0000
9068	Spectrogram 1	1	14657.250000	14659.250000	0	0	9	cluster_9	0.9446
9069	Spectrogram 1	1	14659.000000	14660.750000	0	0	6	cluster_6	0.9366
9070	Spectrogram 1	1	14660.500000	14661.500000	0	0	9	cluster_9	1.0000
9071	Spectrogram 1	1	14668.000000	14669.000000	0	0	14	cluster_14	0.8838
9072	Spectrogram 1	1	14668.750000	14670.000000	0	0	noise	cluster_noise	0.0000
9073	Spectrogram 1	1	14669.750000	14670.500000	0	0	9	cluster_9	1.0000
9074	Spectrogram 1	1	14670.250000	14671.000000	0	0	noise	cluster_noise	0.0000
9075	Spectrogram 1	1	14670.750000	14673.250000	0	0	6	cluster_6	0.8975
9076	Spectrogram 1	1	14673.000000	14674.500000	0	0	9	cluster_9	0.9962
9077	Spectrogram 1	1	14681.000000	14682.000000	0	0	noise	cluster_noise	0.0000
9078	Spectrogram 1	1	14681.750000	14682.500000	0	0	9	cluster_9	0.8703
9079	Spectrogram 1	1	14682.250000	14682.750000	0	0	noise	cluster_noise	0.0000
9080	Spectrogram 1	1	14682.500000	14683.250000	0	0	14	cluster_14	0.9070
9081	Spectrogram 1	1	14683.000000	14683.500000	0	0	10	cluster_10	0.5107
9082	Spectrogram 1	1	14683.250000	14684.250000	0	0	noise	cluster_noise	0.0000
9083	Spectrogram 1	1	14684.000000	14684.750000	0	0	14	cluster_14	0.9728
9084	Spectrogram 1	1	14684.500000	14686.000000	0	0	noise	cluster_noise	0.0000
9085	Spectrogram 1	1	14685.750000	14686.250000	0	0	9	cluster_9	0.8552
9086	Spectrogram 1	1	14686.000000	14686.750000	0	0	noise	cluster_noise	0.0000
9087	Spectrogram 1	1	14686.500000	14689.000000	0	0	6	cluster_6	0.9724
9088	Spectrogram 1	1	14688.750000	14689.250000	0	0	noise	cluster_noise	0.0000
9089	Spectrogram 1	1	14689.000000	14690.500000	0	0	9	cluster_9	0.9496
9090	Spectrogram 1	1	14690.250000	14690.750000	0	0	noise	cluster_noise	0.0000
9091	Spectrogram 1	1	14690.500000	14691.500000	0	0	6	cluster_6	0.9996
9092	Spectrogram 1	1	14694.000000	14694.750000	0	0	noise	cluster_noise	0.0000
9093	Spectrogram 1	1	14694.500000	14695.250000	0	0	9	cluster_9	1.0000
9094	Spectrogram 1	1	14695.000000	14695.500000	0	0	14	cluster_14	0.7528
9095	Spectrogram 1	1	14695.250000	14695.750000	0	0	noise	cluster_noise	0.0000
9096	Spectrogram 1	1	14695.500000	14696.000000	0	0	10	cluster_10	0.6361
9097	Spectrogram 1	1	14695.750000	14696.750000	0	0	noise	cluster_noise	0.0000
9098	Spectrogram 1	1	14696.500000	14697.250000	0	0	9	cluster_9	0.8735
9099	Spectrogram 1	1	14697.000000	14697.500000	0	0	14	cluster_14	0.9455
9100	Spectrogram 1	1	14697.250000	14698.000000	0	0	noise	cluster_noise	0.0000
9101	Spectrogram 1	1	14697.750000	14698.750000	0	0	9	cluster_9	0.8594
9102	Spectrogram 1	1	14698.500000	14699.000000	0	0	noise	cluster_noise	0.0000
9103	Spectrogram 1	1	14698.750000	14699.500000	0	0	14	cluster_14	0.8936
9104	Spectrogram 1	1	14699.250000	14699.750000	0	0	10	cluster_10	0.6210
9105	Spectrogram 1	1	14699.500000	14700.500000	0	0	noise	cluster_noise	0.0000
9106	Spectrogram 1	1	14700.250000	14701.000000	0	0	14	cluster_14	0.9398
9107	Spectrogram 1	1	14700.750000	14701.500000	0	0	noise	cluster_noise	0.0000
9108	Spectrogram 1	1	14702.000000	14702.750000	0	0	9	cluster_9	0.9207
9109	Spectrogram 1	1	14702.500000	14703.000000	0	0	noise	cluster_noise	0.0000
9110	Spectrogram 1	1	14702.750000	14705.250000	0	0	6	cluster_6	0.9794
9111	Spectrogram 1	1	14705.000000	14705.500000	0	0	noise	cluster_noise	0.0000
9112	Spectrogram 1	1	14706.000000	14706.750000	0	0	9	cluster_9	0.9568
9113	Spectrogram 1	1	14706.500000	14707.000000	0	0	noise	cluster_noise	0.0000
9114	Spectrogram 1	1	14706.750000	14708.750000	0	0	6	cluster_6	0.9403
9115	Spectrogram 1	1	14708.500000	14709.500000	0	0	9	cluster_9	0.8725
9116	Spectrogram 1	1	14709.250000	14709.750000	0	0	14	cluster_14	0.7688
9117	Spectrogram 1	1	14709.500000	14710.500000	0	0	noise	cluster_noise	0.0000
9118	Spectrogram 1	1	14710.250000	14711.250000	0	0	9	cluster_9	0.9507
9119	Spectrogram 1	1	14711.000000	14711.500000	0	0	noise	cluster_noise	0.0000
9120	Spectrogram 1	1	14711.250000	14712.000000	0	0	14	cluster_14	0.8939
9121	Spectrogram 1	1	14711.750000	14712.750000	0	0	noise	cluster_noise	0.0000
9122	Spectrogram 1	1	14712.500000	14713.250000	0	0	9	cluster_9	0.9827
9123	Spectrogram 1	1	14713.000000	14715.000000	0	0	noise	cluster_noise	0.0000
9124	Spectrogram 1	1	14714.750000	14715.500000	0	0	14	cluster_14	0.9605
9125	Spectrogram 1	1	14715.250000	14716.250000	0	0	noise	cluster_noise	0.0000
9126	Spectrogram 1	1	14716.000000	14717.500000	0	0	9	cluster_9	0.9062
9127	Spectrogram 1	1	14718.000000	14719.750000	0	0	6	cluster_6	0.9814
9128	Spectrogram 1	1	14719.500000	14722.750000	0	0	9	cluster_9	0.9822
9129	Spectrogram 1	1	14722.500000	14724.500000	0	0	noise	cluster_noise	0.0000
9130	Spectrogram 1	1	14724.250000	14724.750000	0	0	9	cluster_9	1.0000
9131	Spectrogram 1	1	14724.500000	14725.250000	0	0	8	cluster_8	0.8297
9132	Spectrogram 1	1	14725.000000	14725.750000	0	0	noise	cluster_noise	0.0000
9133	Spectrogram 1	1	14725.500000	14726.000000	0	0	8	cluster_8	0.8048
9134	Spectrogram 1	1	14725.750000	14726.250000	0	0	noise	cluster_noise	0.0000
9135	Spectrogram 1	1	14726.000000	14726.500000	0	0	5	cluster_5	1.0000
9136	Spectrogram 1	1	14727.000000	14727.500000	0	0	noise	cluster_noise	0.0000
9137	Spectrogram 1	1	14727.250000	14733.500000	0	0	9	cluster_9	0.9738
9138	Spectrogram 1	1	14736.000000	14737.000000	0	0	noise	cluster_noise	0.0000
9139	Spectrogram 1	1	14736.750000	14738.000000	0	0	7	cluster_7	0.9260
9140	Spectrogram 1	1	14737.750000	14738.250000	0	0	noise	cluster_noise	0.0000
9141	Spectrogram 1	1	14738.000000	14741.500000	0	0	9	cluster_9	0.9431
9142	Spectrogram 1	1	14747.000000	14747.500000	0	0	noise	cluster_noise	0.0000
9143	Spectrogram 1	1	14747.250000	14748.000000	0	0	9	cluster_9	0.9434
9144	Spectrogram 1	1	14747.750000	14748.250000	0	0	8	cluster_8	0.8422
9145	Spectrogram 1	1	14748.000000	14748.500000	0	0	noise	cluster_noise	0.0000
9146	Spectrogram 1	1	14748.250000	14749.250000	0	0	0	cluster_0	1.0000
9147	Spectrogram 1	1	14749.000000	14749.500000	0	0	noise	cluster_noise	0.0000
9148	Spectrogram 1	1	14749.250000	14751.500000	0	0	9	cluster_9	0.9622
9149	Spectrogram 1	1	14751.250000	14752.000000	0	0	noise	cluster_noise	0.0000
9150	Spectrogram 1	1	14751.750000	14752.250000	0	0	9	cluster_9	0.7811
9151	Spectrogram 1	1	14752.000000	14758.250000	0	0	noise	cluster_noise	0.0000
9152	Spectrogram 1	1	14758.000000	14758.750000	0	0	1	cluster_1	0.8108
9153	Spectrogram 1	1	14758.500000	14760.250000	0	0	9	cluster_9	0.9443
9154	Spectrogram 1	1	14760.000000	14761.250000	0	0	noise	cluster_noise	0.0000
9155	Spectrogram 1	1	14761.000000	14763.500000	0	0	1	cluster_1	0.9217
9156	Spectrogram 1	1	14763.250000	14763.750000	0	0	noise	cluster_noise	0.0000
9157	Spectrogram 1	1	14763.500000	14765.000000	0	0	9	cluster_9	0.9391
9158	Spectrogram 1	1	14764.750000	14765.250000	0	0	noise	cluster_noise	0.0000
9159	Spectrogram 1	1	14765.000000	14765.750000	0	0	10	cluster_10	0.9080
9160	Spectrogram 1	1	14765.500000	14767.250000	0	0	9	cluster_9	0.9365
9161	Spectrogram 1	1	14767.000000	14767.500000	0	0	noise	cluster_noise	0.0000
9162	Spectrogram 1	1	14767.250000	14768.000000	0	0	10	cluster_10	0.9160
9163	Spectrogram 1	1	14767.750000	14768.500000	0	0	noise	cluster_noise	0.0000
9164	Spectrogram 1	1	14768.250000	14770.250000	0	0	9	cluster_9	0.9224
9165	Spectrogram 1	1	14770.000000	14772.000000	0	0	1	cluster_1	0.9637
9166	Spectrogram 1	1	14771.750000	14772.250000	0	0	noise	cluster_noise	0.0000
9167	Spectrogram 1	1	14772.000000	14772.750000	0	0	9	cluster_9	1.0000
9168	Spectrogram 1	1	14772.500000	14773.000000	0	0	noise	cluster_noise	0.0000
9169	Spectrogram 1	1	14772.750000	14773.250000	0	0	9	cluster_9	1.0000
9170	Spectrogram 1	1	14773.000000	14773.500000	0	0	noise	cluster_noise	0.0000
9171	Spectrogram 1	1	14773.250000	14776.000000	0	0	1	cluster_1	0.9282
9172	Spectrogram 1	1	14775.750000	14777.500000	0	0	9	cluster_9	0.9626
9173	Spectrogram 1	1	14777.250000	14777.750000	0	0	noise	cluster_noise	0.0000
9174	Spectrogram 1	1	14777.500000	14778.250000	0	0	10	cluster_10	0.8391
9175	Spectrogram 1	1	14778.000000	14778.750000	0	0	noise	cluster_noise	0.0000
9176	Spectrogram 1	1	14778.500000	14779.750000	0	0	9	cluster_9	0.9497
9177	Spectrogram 1	1	14779.500000	14780.000000	0	0	noise	cluster_noise	0.0000
9178	Spectrogram 1	1	14779.750000	14780.500000	0	0	10	cluster_10	0.8906
9179	Spectrogram 1	1	14780.250000	14781.000000	0	0	noise	cluster_noise	0.0000
9180	Spectrogram 1	1	14780.750000	14781.750000	0	0	9	cluster_9	1.0000
9181	Spectrogram 1	1	14781.500000	14782.000000	0	0	noise	cluster_noise	0.0000
9182	Spectrogram 1	1	14781.750000	14782.500000	0	0	10	cluster_10	0.9497
9183	Spectrogram 1	1	14782.250000	14783.000000	0	0	noise	cluster_noise	0.0000
9184	Spectrogram 1	1	14782.750000	14783.750000	0	0	9	cluster_9	0.9970
9185	Spectrogram 1	1	14783.500000	14784.000000	0	0	noise	cluster_noise	0.0000
9186	Spectrogram 1	1	14783.750000	14784.500000	0	0	10	cluster_10	0.8806
9187	Spectrogram 1	1	14784.250000	14785.000000	0	0	noise	cluster_noise	0.0000
9188	Spectrogram 1	1	14784.750000	14786.000000	0	0	9	cluster_9	0.9754
9189	Spectrogram 1	1	14785.750000	14786.500000	0	0	noise	cluster_noise	0.0000
9190	Spectrogram 1	1	14786.250000	14787.750000	0	0	1	cluster_1	0.9232
9191	Spectrogram 1	1	14787.500000	14790.000000	0	0	9	cluster_9	0.9110
9192	Spectrogram 1	1	14789.750000	14791.500000	0	0	1	cluster_1	0.8736
9193	Spectrogram 1	1	14791.250000	14791.750000	0	0	noise	cluster_noise	0.0000
9194	Spectrogram 1	1	14791.500000	14793.000000	0	0	9	cluster_9	0.8719
9195	Spectrogram 1	1	14792.750000	14793.250000	0	0	noise	cluster_noise	0.0000
9196	Spectrogram 1	1	14793.000000	14793.750000	0	0	10	cluster_10	0.9922
9197	Spectrogram 1	1	14793.500000	14795.250000	0	0	9	cluster_9	0.9648
9198	Spectrogram 1	1	14795.000000	14795.500000	0	0	noise	cluster_noise	0.0000
9199	Spectrogram 1	1	14795.250000	14796.000000	0	0	10	cluster_10	0.7359
9200	Spectrogram 1	1	14795.750000	14796.500000	0	0	noise	cluster_noise	0.0000
9201	Spectrogram 1	1	14796.250000	14797.000000	0	0	9	cluster_9	1.0000
9202	Spectrogram 1	1	14796.750000	14797.250000	0	0	noise	cluster_noise	0.0000
9203	Spectrogram 1	1	14797.000000	14797.750000	0	0	10	cluster_10	0.9336
9204	Spectrogram 1	1	14797.500000	14798.750000	0	0	9	cluster_9	0.8649
9205	Spectrogram 1	1	14798.500000	14799.000000	0	0	noise	cluster_noise	0.0000
9206	Spectrogram 1	1	14798.750000	14799.500000	0	0	10	cluster_10	0.6159
9207	Spectrogram 1	1	14799.250000	14800.000000	0	0	noise	cluster_noise	0.0000
9208	Spectrogram 1	1	14799.750000	14800.250000	0	0	8	cluster_8	0.9510
9209	Spectrogram 1	1	14800.000000	14800.750000	0	0	9	cluster_9	0.9626
9210	Spectrogram 1	1	14800.500000	14801.000000	0	0	noise	cluster_noise	0.0000
9211	Spectrogram 1	1	14800.750000	14801.500000	0	0	10	cluster_10	0.5743
9212	Spectrogram 1	1	14801.250000	14801.750000	0	0	9	cluster_9	1.0000
9213	Spectrogram 1	1	14801.500000	14803.500000	0	0	noise	cluster_noise	0.0000
9214	Spectrogram 1	1	14803.250000	14803.750000	0	0	8	cluster_8	1.0000
9215	Spectrogram 1	1	14803.500000	14804.250000	0	0	noise	cluster_noise	0.0000
9216	Spectrogram 1	1	14804.000000	14806.000000	0	0	9	cluster_9	1.0000
9217	Spectrogram 1	1	14805.750000	14806.250000	0	0	noise	cluster_noise	0.0000
9218	Spectrogram 1	1	14806.000000	14807.250000	0	0	1	cluster_1	0.8374
9219	Spectrogram 1	1	14807.000000	14807.500000	0	0	noise	cluster_noise	0.0000
9220	Spectrogram 1	1	14807.250000	14810.000000	0	0	9	cluster_9	0.9686
9221	Spectrogram 1	1	14809.750000	14811.250000	0	0	1	cluster_1	0.8550
9222	Spectrogram 1	1	14811.000000	14811.500000	0	0	noise	cluster_noise	0.0000
9223	Spectrogram 1	1	14811.250000	14812.750000	0	0	9	cluster_9	0.9942
9224	Spectrogram 1	1	14812.500000	14813.000000	0	0	10	cluster_10	0.5793
9225	Spectrogram 1	1	14812.750000	14813.250000	0	0	noise	cluster_noise	0.0000
9226	Spectrogram 1	1	14813.000000	14813.500000	0	0	8	cluster_8	0.8598
9227	Spectrogram 1	1	14813.250000	14814.750000	0	0	9	cluster_9	0.9603
9228	Spectrogram 1	1	14814.500000	14815.250000	0	0	10	cluster_10	0.5884
9229	Spectrogram 1	1	14815.000000	14815.500000	0	0	9	cluster_9	1.0000
9230	Spectrogram 1	1	14815.250000	14816.000000	0	0	noise	cluster_noise	0.0000
9231	Spectrogram 1	1	14815.750000	14816.250000	0	0	8	cluster_8	0.8675
9232	Spectrogram 1	1	14816.000000	14817.000000	0	0	9	cluster_9	1.0000
9233	Spectrogram 1	1	14816.750000	14817.250000	0	0	noise	cluster_noise	0.0000
9234	Spectrogram 1	1	14817.000000	14817.500000	0	0	10	cluster_10	0.6045
9235	Spectrogram 1	1	14817.250000	14818.250000	0	0	noise	cluster_noise	0.0000
9236	Spectrogram 1	1	14818.000000	14818.500000	0	0	8	cluster_8	1.0000
9237	Spectrogram 1	1	14818.250000	14819.000000	0	0	noise	cluster_noise	0.0000
9238	Spectrogram 1	1	14818.750000	14819.750000	0	0	9	cluster_9	0.9402
9239	Spectrogram 1	1	14819.500000	14820.250000	0	0	10	cluster_10	0.6161
9240	Spectrogram 1	1	14820.000000	14821.000000	0	0	noise	cluster_noise	0.0000
9241	Spectrogram 1	1	14820.750000	14821.250000	0	0	8	cluster_8	0.9548
9242	Spectrogram 1	1	14821.000000	14821.750000	0	0	noise	cluster_noise	0.0000
9243	Spectrogram 1	1	14821.500000	14822.000000	0	0	8	cluster_8	0.8830
9244	Spectrogram 1	1	14821.750000	14822.250000	0	0	noise	cluster_noise	0.0000
9245	Spectrogram 1	1	14822.000000	14822.500000	0	0	8	cluster_8	1.0000
9246	Spectrogram 1	1	14822.250000	14822.750000	0	0	noise	cluster_noise	0.0000
9247	Spectrogram 1	1	14822.500000	14823.750000	0	0	9	cluster_9	0.9550
9248	Spectrogram 1	1	14823.500000	14824.250000	0	0	10	cluster_10	0.5836
9249	Spectrogram 1	1	14824.000000	14824.500000	0	0	8	cluster_8	1.0000
9250	Spectrogram 1	1	14824.250000	14826.250000	0	0	9	cluster_9	0.9864
9251	Spectrogram 1	1	14826.000000	14826.750000	0	0	10	cluster_10	0.6039
9252	Spectrogram 1	1	14826.500000	14827.000000	0	0	8	cluster_8	1.0000
9253	Spectrogram 1	1	14826.750000	14828.750000	0	0	9	cluster_9	0.9625
9254	Spectrogram 1	1	14828.500000	14829.250000	0	0	10	cluster_10	0.5806
9255	Spectrogram 1	1	14829.000000	14829.500000	0	0	8	cluster_8	0.9436
9256	Spectrogram 1	1	14829.250000	14830.500000	0	0	9	cluster_9	0.9418
9257	Spectrogram 1	1	14830.250000	14831.750000	0	0	noise	cluster_noise	0.0000
9258	Spectrogram 1	1	14831.500000	14832.750000	0	0	9	cluster_9	0.9814
9259	Spectrogram 1	1	14832.500000	14834.750000	0	0	noise	cluster_noise	0.0000
9260	Spectrogram 1	1	14834.500000	14835.750000	0	0	9	cluster_9	0.9075
9261	Spectrogram 1	1	14835.500000	14838.000000	0	0	noise	cluster_noise	0.0000
9262	Spectrogram 1	1	14837.750000	14838.250000	0	0	9	cluster_9	0.9297
9263	Spectrogram 1	1	14838.000000	14838.500000	0	0	noise	cluster_noise	0.0000
9264	Spectrogram 1	1	14838.250000	14838.750000	0	0	9	cluster_9	0.9543
9265	Spectrogram 1	1	14838.500000	14841.750000	0	0	noise	cluster_noise	0.0000
9266	Spectrogram 1	1	14841.500000	14842.750000	0	0	9	cluster_9	0.9402
9267	Spectrogram 1	1	14842.500000	14843.500000	0	0	8	cluster_8	1.0000
9268	Spectrogram 1	1	14843.250000	14843.750000	0	0	noise	cluster_noise	0.0000
9269	Spectrogram 1	1	14843.500000	14845.500000	0	0	9	cluster_9	0.9514
9270	Spectrogram 1	1	14845.250000	14846.500000	0	0	8	cluster_8	0.9671
9271	Spectrogram 1	1	14846.250000	14848.000000	0	0	9	cluster_9	0.9388
9272	Spectrogram 1	1	14847.750000	14848.500000	0	0	8	cluster_8	0.7988
9273	Spectrogram 1	1	14848.250000	14849.250000	0	0	noise	cluster_noise	0.0000
9274	Spectrogram 1	1	14849.000000	14849.750000	0	0	9	cluster_9	0.7908
9275	Spectrogram 1	1	14849.500000	14850.000000	0	0	noise	cluster_noise	0.0000
9276	Spectrogram 1	1	14849.750000	14850.500000	0	0	9	cluster_9	0.9037
9277	Spectrogram 1	1	14850.250000	14851.000000	0	0	8	cluster_8	0.8843
9278	Spectrogram 1	1	14850.750000	14851.250000	0	0	noise	cluster_noise	0.0000
9279	Spectrogram 1	1	14851.000000	14852.000000	0	0	9	cluster_9	0.9866
9280	Spectrogram 1	1	14851.750000	14853.000000	0	0	noise	cluster_noise	0.0000
9281	Spectrogram 1	1	14852.750000	14853.250000	0	0	9	cluster_9	0.8738
9282	Spectrogram 1	1	14853.000000	14853.500000	0	0	noise	cluster_noise	0.0000
9283	Spectrogram 1	1	14853.250000	14854.000000	0	0	9	cluster_9	0.9258
9284	Spectrogram 1	1	14853.750000	14856.000000	0	0	noise	cluster_noise	0.0000
9285	Spectrogram 1	1	14855.750000	14856.750000	0	0	9	cluster_9	0.9216
9286	Spectrogram 1	1	14856.500000	14858.000000	0	0	noise	cluster_noise	0.0000
9287	Spectrogram 1	1	14857.750000	14858.750000	0	0	9	cluster_9	0.9959
9288	Spectrogram 1	1	14858.500000	14859.250000	0	0	noise	cluster_noise	0.0000
9289	Spectrogram 1	1	14859.000000	14860.000000	0	0	9	cluster_9	0.8466
9290	Spectrogram 1	1	14859.750000	14860.750000	0	0	noise	cluster_noise	0.0000
9291	Spectrogram 1	1	14860.500000	14862.000000	0	0	9	cluster_9	1.0000
9292	Spectrogram 1	1	14861.750000	14863.000000	0	0	8	cluster_8	0.9504
9293	Spectrogram 1	1	14862.750000	14863.500000	0	0	noise	cluster_noise	0.0000
9294	Spectrogram 1	1	14863.250000	14864.500000	0	0	9	cluster_9	1.0000
9295	Spectrogram 1	1	14864.250000	14864.750000	0	0	noise	cluster_noise	0.0000
9296	Spectrogram 1	1	14864.500000	14865.250000	0	0	8	cluster_8	1.0000
9297	Spectrogram 1	1	14865.000000	14865.500000	0	0	noise	cluster_noise	0.0000
9298	Spectrogram 1	1	14865.250000	14865.750000	0	0	8	cluster_8	0.9994
9299	Spectrogram 1	1	14865.500000	14867.250000	0	0	9	cluster_9	0.9258
9300	Spectrogram 1	1	14867.000000	14868.250000	0	0	8	cluster_8	0.9943
9301	Spectrogram 1	1	14868.000000	14868.500000	0	0	noise	cluster_noise	0.0000
9302	Spectrogram 1	1	14868.250000	14869.500000	0	0	9	cluster_9	0.9124
9303	Spectrogram 1	1	14875.000000	14876.500000	0	0	8	cluster_8	1.0000
9304	Spectrogram 1	1	14876.250000	14877.750000	0	0	9	cluster_9	0.9604
9305	Spectrogram 1	1	14877.500000	14878.250000	0	0	8	cluster_8	1.0000
9306	Spectrogram 1	1	14878.000000	14878.500000	0	0	noise	cluster_noise	0.0000
9307	Spectrogram 1	1	14878.250000	14878.750000	0	0	8	cluster_8	1.0000
9308	Spectrogram 1	1	14878.500000	14879.500000	0	0	noise	cluster_noise	0.0000
9309	Spectrogram 1	1	14879.250000	14879.750000	0	0	0	cluster_0	0.9818
9310	Spectrogram 1	1	14879.500000	14888.500000	0	0	noise	cluster_noise	0.0000
9311	Spectrogram 1	1	14888.250000	14889.000000	0	0	8	cluster_8	1.0000
9312	Spectrogram 1	1	14888.750000	14889.750000	0	0	noise	cluster_noise	0.0000
9313	Spectrogram 1	1	14889.500000	14890.750000	0	0	9	cluster_9	0.9777
9314	Spectrogram 1	1	14890.500000	14891.250000	0	0	8	cluster_8	0.9836
9315	Spectrogram 1	1	14891.000000	14891.500000	0	0	noise	cluster_noise	0.0000
9316	Spectrogram 1	1	14896.000000	14896.500000	0	0	8	cluster_8	1.0000
9317	Spectrogram 1	1	14896.250000	14896.750000	0	0	noise	cluster_noise	0.0000
9318	Spectrogram 1	1	14896.500000	14897.500000	0	0	8	cluster_8	0.9911
9319	Spectrogram 1	1	14899.000000	14900.000000	0	0	9	cluster_9	0.9975
9320	Spectrogram 1	1	14899.750000	14901.000000	0	0	0	cluster_0	1.0000
9321	Spectrogram 1	1	14900.750000	14902.750000	0	0	9	cluster_9	0.9219
9322	Spectrogram 1	1	14902.500000	14903.000000	0	0	noise	cluster_noise	0.0000
9323	Spectrogram 1	1	14902.750000	14903.500000	0	0	9	cluster_9	0.9641
9324	Spectrogram 1	1	14904.000000	14905.000000	0	0	8	cluster_8	0.9966
9325	Spectrogram 1	1	14904.750000	14907.000000	0	0	9	cluster_9	1.0000
9326	Spectrogram 1	1	14906.750000	14907.500000	0	0	8	cluster_8	1.0000
9327	Spectrogram 1	1	14908.000000	14908.500000	0	0	noise	cluster_noise	0.0000
9328	Spectrogram 1	1	14908.250000	14910.250000	0	0	9	cluster_9	1.0000
9329	Spectrogram 1	1	14910.000000	14911.250000	0	0	8	cluster_8	1.0000
9330	Spectrogram 1	1	14911.000000	14911.500000	0	0	noise	cluster_noise	0.0000
9331	Spectrogram 1	1	14911.250000	14913.000000	0	0	9	cluster_9	1.0000
9332	Spectrogram 1	1	14912.750000	14913.250000	0	0	noise	cluster_noise	0.0000
9333	Spectrogram 1	1	14913.000000	14914.250000	0	0	8	cluster_8	1.0000
9334	Spectrogram 1	1	14914.000000	14914.500000	0	0	noise	cluster_noise	0.0000
9335	Spectrogram 1	1	14914.250000	14916.500000	0	0	9	cluster_9	0.9586
9336	Spectrogram 1	1	14916.250000	14917.750000	0	0	0	cluster_0	0.8850
9337	Spectrogram 1	1	14917.500000	14920.500000	0	0	9	cluster_9	0.9280
9338	Spectrogram 1	1	14921.000000	14921.500000	0	0	8	cluster_8	0.9877
9339	Spectrogram 1	1	14921.250000	14922.000000	0	0	noise	cluster_noise	0.0000
9340	Spectrogram 1	1	14921.750000	14924.500000	0	0	9	cluster_9	1.0000
9341	Spectrogram 1	1	14924.250000	14925.750000	0	0	noise	cluster_noise	0.0000
9342	Spectrogram 1	1	14925.500000	14927.750000	0	0	9	cluster_9	0.9352
9343	Spectrogram 1	1	14927.500000	14928.000000	0	0	noise	cluster_noise	0.0000
9344	Spectrogram 1	1	14927.750000	14928.750000	0	0	0	cluster_0	1.0000
9345	Spectrogram 1	1	14928.500000	14929.000000	0	0	8	cluster_8	0.7995
9346	Spectrogram 1	1	14928.750000	14929.500000	0	0	noise	cluster_noise	0.0000
9347	Spectrogram 1	1	14929.250000	14930.500000	0	0	9	cluster_9	0.9617
9348	Spectrogram 1	1	14930.250000	14932.000000	0	0	0	cluster_0	0.7589
9349	Spectrogram 1	1	14931.750000	14933.000000	0	0	9	cluster_9	0.9546
9350	Spectrogram 1	1	14932.750000	14933.250000	0	0	noise	cluster_noise	0.0000
9351	Spectrogram 1	1	14933.000000	14933.500000	0	0	9	cluster_9	0.7849
9352	Spectrogram 1	1	14933.250000	14934.750000	0	0	6	cluster_6	0.9934
9353	Spectrogram 1	1	14934.500000	14937.500000	0	0	9	cluster_9	0.9374
9354	Spectrogram 1	1	14938.000000	14938.750000	0	0	noise	cluster_noise	0.0000
9355	Spectrogram 1	1	14938.500000	14939.000000	0	0	8	cluster_8	0.8179
9356	Spectrogram 1	1	14938.750000	14939.250000	0	0	noise	cluster_noise	0.0000
9357	Spectrogram 1	1	14939.000000	14941.000000	0	0	9	cluster_9	1.0000
9358	Spectrogram 1	1	14940.750000	14942.500000	0	0	0	cluster_0	0.9753
9359	Spectrogram 1	1	14942.250000	14943.250000	0	0	9	cluster_9	1.0000
9360	Spectrogram 1	1	14943.000000	14943.500000	0	0	10	cluster_10	0.5518
9361	Spectrogram 1	1	14943.250000	14944.500000	0	0	0	cluster_0	0.9200
9362	Spectrogram 1	1	14944.250000	14952.500000	0	0	9	cluster_9	0.9537
9363	Spectrogram 1	1	14952.250000	14952.750000	0	0	noise	cluster_noise	0.0000
9364	Spectrogram 1	1	14952.500000	14953.500000	0	0	9	cluster_9	0.9801
9365	Spectrogram 1	1	14954.000000	14954.750000	0	0	0	cluster_0	0.9174
9366	Spectrogram 1	1	14954.500000	14955.000000	0	0	noise	cluster_noise	0.0000
9367	Spectrogram 1	1	14954.750000	14955.250000	0	0	8	cluster_8	0.9992
9368	Spectrogram 1	1	14955.000000	14956.250000	0	0	9	cluster_9	0.9234
9369	Spectrogram 1	1	14956.000000	14956.500000	0	0	noise	cluster_noise	0.0000
9370	Spectrogram 1	1	14956.250000	14957.750000	0	0	0	cluster_0	0.7709
9371	Spectrogram 1	1	14957.500000	14960.000000	0	0	9	cluster_9	0.9950
9372	Spectrogram 1	1	14959.750000	14961.750000	0	0	6	cluster_6	0.9649
9373	Spectrogram 1	1	14961.500000	14963.250000	0	0	9	cluster_9	1.0000
9374	Spectrogram 1	1	14963.000000	14963.750000	0	0	noise	cluster_noise	0.0000
9375	Spectrogram 1	1	14963.500000	14972.500000	0	0	9	cluster_9	0.9782
9376	Spectrogram 1	1	14973.000000	14974.250000	0	0	6	cluster_6	0.9165
9377	Spectrogram 1	1	14974.000000	14974.500000	0	0	noise	cluster_noise	0.0000
9378	Spectrogram 1	1	14974.250000	14976.000000	0	0	9	cluster_9	0.9322
9379	Spectrogram 1	1	14975.750000	14976.250000	0	0	noise	cluster_noise	0.0000
9380	Spectrogram 1	1	14976.000000	14978.750000	0	0	9	cluster_9	0.9906
9381	Spectrogram 1	1	14978.500000	14979.250000	0	0	10	cluster_10	0.5010
9382	Spectrogram 1	1	14979.000000	14979.500000	0	0	0	cluster_0	1.0000
9383	Spectrogram 1	1	15047.000000	15049.000000	0	0	6	cluster_6	0.8910
9384	Spectrogram 1	1	15048.750000	15051.250000	0	0	9	cluster_9	0.9723
9385	Spectrogram 1	1	15051.000000	15051.500000	0	0	noise	cluster_noise	0.0000
9386	Spectrogram 1	1	15065.000000	15065.750000	0	0	9	cluster_9	1.0000
9387	Spectrogram 1	1	15065.500000	15068.250000	0	0	6	cluster_6	0.9330
9388	Spectrogram 1	1	15068.000000	15068.500000	0	0	noise	cluster_noise	0.0000
9389	Spectrogram 1	1	15068.250000	15078.000000	0	0	9	cluster_9	0.9690
9390	Spectrogram 1	1	15077.750000	15078.750000	0	0	noise	cluster_noise	0.0000
9391	Spectrogram 1	1	15078.500000	15079.250000	0	0	9	cluster_9	0.8690
9392	Spectrogram 1	1	15079.000000	15079.500000	0	0	noise	cluster_noise	0.0000
9393	Spectrogram 1	1	15079.250000	15079.750000	0	0	9	cluster_9	0.9955
9394	Spectrogram 1	1	15079.500000	15080.000000	0	0	noise	cluster_noise	0.0000
9395	Spectrogram 1	1	15079.750000	15082.250000	0	0	9	cluster_9	0.9520
9396	Spectrogram 1	1	15082.000000	15089.500000	0	0	noise	cluster_noise	0.0000
9397	Spectrogram 1	1	15089.250000	15090.250000	0	0	9	cluster_9	0.8774
9398	Spectrogram 1	1	15090.000000	15091.000000	0	0	noise	cluster_noise	0.0000
9399	Spectrogram 1	1	15090.750000	15091.250000	0	0	9	cluster_9	0.9033
9400	Spectrogram 1	1	15091.000000	15091.750000	0	0	noise	cluster_noise	0.0000
9401	Spectrogram 1	1	15091.500000	15093.750000	0	0	9	cluster_9	0.9447
9402	Spectrogram 1	1	15093.500000	15094.250000	0	0	noise	cluster_noise	0.0000
9403	Spectrogram 1	1	15094.000000	15095.250000	0	0	9	cluster_9	0.9243
9404	Spectrogram 1	1	15095.000000	15103.750000	0	0	noise	cluster_noise	0.0000
9405	Spectrogram 1	1	15103.500000	15104.500000	0	0	9	cluster_9	0.9945
9406	Spectrogram 1	1	15104.250000	15104.750000	0	0	14	cluster_14	0.7913
9407	Spectrogram 1	1	15104.500000	15106.000000	0	0	noise	cluster_noise	0.0000
9408	Spectrogram 1	1	15105.750000	15106.250000	0	0	14	cluster_14	0.7913
9409	Spectrogram 1	1	15106.000000	15107.250000	0	0	noise	cluster_noise	0.0000
9410	Spectrogram 1	1	15107.000000	15108.750000	0	0	9	cluster_9	0.9360
9411	Spectrogram 1	1	15108.500000	15109.500000	0	0	6	cluster_6	1.0000
9412	Spectrogram 1	1	15115.000000	15115.750000	0	0	9	cluster_9	0.8782
9413	Spectrogram 1	1	15115.500000	15116.000000	0	0	14	cluster_14	0.7958
9414	Spectrogram 1	1	15115.750000	15117.000000	0	0	noise	cluster_noise	0.0000
9415	Spectrogram 1	1	15116.750000	15117.750000	0	0	9	cluster_9	0.9496
9416	Spectrogram 1	1	15117.500000	15118.500000	0	0	noise	cluster_noise	0.0000
9417	Spectrogram 1	1	15118.250000	15118.750000	0	0	9	cluster_9	0.8485
9418	Spectrogram 1	1	15118.500000	15119.250000	0	0	noise	cluster_noise	0.0000
9419	Spectrogram 1	1	15119.000000	15119.750000	0	0	9	cluster_9	1.0000
9420	Spectrogram 1	1	15119.500000	15120.500000	0	0	noise	cluster_noise	0.0000
9421	Spectrogram 1	1	15120.250000	15120.750000	0	0	9	cluster_9	0.9123
9422	Spectrogram 1	1	15120.500000	15121.000000	0	0	noise	cluster_noise	0.0000
9423	Spectrogram 1	1	15120.750000	15121.250000	0	0	9	cluster_9	0.7636
9424	Spectrogram 1	1	15121.000000	15122.000000	0	0	noise	cluster_noise	0.0000
9425	Spectrogram 1	1	15121.750000	15123.250000	0	0	9	cluster_9	0.9380
9426	Spectrogram 1	1	15123.000000	15123.500000	0	0	noise	cluster_noise	0.0000
9427	Spectrogram 1	1	15123.250000	15129.250000	0	0	9	cluster_9	0.9327
9428	Spectrogram 1	1	15129.000000	15129.500000	0	0	noise	cluster_noise	0.0000
9429	Spectrogram 1	1	15129.250000	15140.250000	0	0	9	cluster_9	0.9564
9430	Spectrogram 1	1	15140.000000	15140.500000	0	0	noise	cluster_noise	0.0000
9431	Spectrogram 1	1	15140.250000	15143.000000	0	0	6	cluster_6	1.0000
9432	Spectrogram 1	1	15142.750000	15146.000000	0	0	9	cluster_9	0.9833
9433	Spectrogram 1	1	15145.750000	15146.250000	0	0	14	cluster_14	0.7408
9434	Spectrogram 1	1	15146.000000	15147.250000	0	0	noise	cluster_noise	0.0000
9435	Spectrogram 1	1	15147.000000	15147.750000	0	0	9	cluster_9	0.8024
9436	Spectrogram 1	1	15147.500000	15148.000000	0	0	noise	cluster_noise	0.0000
9437	Spectrogram 1	1	15147.750000	15148.250000	0	0	9	cluster_9	1.0000
9438	Spectrogram 1	1	15148.000000	15148.500000	0	0	noise	cluster_noise	0.0000
9439	Spectrogram 1	1	15148.250000	15149.000000	0	0	14	cluster_14	0.8230
9440	Spectrogram 1	1	15148.750000	15149.250000	0	0	noise	cluster_noise	0.0000
9441	Spectrogram 1	1	15149.000000	15150.000000	0	0	9	cluster_9	0.8942
9442	Spectrogram 1	1	15149.750000	15150.250000	0	0	noise	cluster_noise	0.0000
9443	Spectrogram 1	1	15150.000000	15150.500000	0	0	14	cluster_14	0.8531
9444	Spectrogram 1	1	15161.000000	15161.750000	0	0	6	cluster_6	1.0000
9445	Spectrogram 1	1	15161.500000	15162.000000	0	0	noise	cluster_noise	0.0000
9446	Spectrogram 1	1	15161.750000	15162.500000	0	0	9	cluster_9	0.8976
9447	Spectrogram 1	1	15162.250000	15164.250000	0	0	noise	cluster_noise	0.0000
9448	Spectrogram 1	1	15164.000000	15164.750000	0	0	9	cluster_9	0.9919
9449	Spectrogram 1	1	15164.500000	15165.250000	0	0	14	cluster_14	0.7812
9450	Spectrogram 1	1	15165.000000	15165.500000	0	0	noise	cluster_noise	0.0000
9451	Spectrogram 1	1	15171.000000	15172.500000	0	0	6	cluster_6	0.9991
9452	Spectrogram 1	1	15172.250000	15175.250000	0	0	9	cluster_9	0.9369
9453	Spectrogram 1	1	15175.000000	15175.500000	0	0	noise	cluster_noise	0.0000
9454	Spectrogram 1	1	15175.250000	15176.500000	0	0	1	cluster_1	0.9482
9455	Spectrogram 1	1	15176.250000	15176.750000	0	0	noise	cluster_noise	0.0000
9456	Spectrogram 1	1	15176.500000	15185.500000	0	0	9	cluster_9	0.9248
9457	Spectrogram 1	1	15185.250000	15186.000000	0	0	10	cluster_10	1.0000
9458	Spectrogram 1	1	15185.750000	15186.250000	0	0	9	cluster_9	0.9002
9459	Spectrogram 1	1	15186.000000	15186.500000	0	0	noise	cluster_noise	0.0000
9460	Spectrogram 1	1	15186.250000	15187.000000	0	0	10	cluster_10	0.9938
9461	Spectrogram 1	1	15186.750000	15187.500000	0	0	9	cluster_9	0.8941
9462	Spectrogram 1	1	15187.250000	15187.750000	0	0	13	cluster_13	0.7130
9463	Spectrogram 1	1	15187.500000	15188.000000	0	0	noise	cluster_noise	0.0000
9464	Spectrogram 1	1	15187.750000	15188.500000	0	0	10	cluster_10	0.8738
9465	Spectrogram 1	1	15188.250000	15189.000000	0	0	noise	cluster_noise	0.0000
9466	Spectrogram 1	1	15188.750000	15194.500000	0	0	9	cluster_9	0.9411
9467	Spectrogram 1	1	15194.250000	15194.750000	0	0	noise	cluster_noise	0.0000
9468	Spectrogram 1	1	15194.500000	15195.500000	0	0	1	cluster_1	0.5629
9469	Spectrogram 1	1	15195.250000	15195.750000	0	0	noise	cluster_noise	0.0000
9470	Spectrogram 1	1	15195.500000	15197.000000	0	0	9	cluster_9	0.8692
9471	Spectrogram 1	1	15196.750000	15197.250000	0	0	noise	cluster_noise	0.0000
9472	Spectrogram 1	1	15197.000000	15197.750000	0	0	10	cluster_10	0.7225
9473	Spectrogram 1	1	15197.500000	15199.000000	0	0	9	cluster_9	0.9011
9474	Spectrogram 1	1	15198.750000	15199.500000	0	0	10	cluster_10	0.6403
9475	Spectrogram 1	1	15199.250000	15199.750000	0	0	9	cluster_9	1.0000
9476	Spectrogram 1	1	15199.500000	15200.000000	0	0	noise	cluster_noise	0.0000
9477	Spectrogram 1	1	15199.750000	15200.500000	0	0	10	cluster_10	0.8677
9478	Spectrogram 1	1	15200.250000	15201.000000	0	0	noise	cluster_noise	0.0000
9479	Spectrogram 1	1	15200.750000	15201.250000	0	0	9	cluster_9	0.8344
9480	Spectrogram 1	1	15201.000000	15201.500000	0	0	noise	cluster_noise	0.0000
9481	Spectrogram 1	1	15204.000000	15204.500000	0	0	10	cluster_10	0.4783
9482	Spectrogram 1	1	15204.250000	15205.500000	0	0	noise	cluster_noise	0.0000
9483	Spectrogram 1	1	15205.250000	15207.250000	0	0	9	cluster_9	0.9429
9484	Spectrogram 1	1	15207.000000	15207.500000	0	0	noise	cluster_noise	0.0000
9485	Spectrogram 1	1	15207.250000	15208.500000	0	0	1	cluster_1	0.5727
9486	Spectrogram 1	1	15208.250000	15209.000000	0	0	9	cluster_9	1.0000
9487	Spectrogram 1	1	15208.750000	15209.500000	0	0	noise	cluster_noise	0.0000
9488	Spectrogram 1	1	15209.250000	15211.000000	0	0	9	cluster_9	0.9251
9489	Spectrogram 1	1	15210.750000	15211.250000	0	0	noise	cluster_noise	0.0000
9490	Spectrogram 1	1	15211.000000	15216.000000	0	0	9	cluster_9	0.9731
9491	Spectrogram 1	1	15215.750000	15216.500000	0	0	10	cluster_10	0.7615
9492	Spectrogram 1	1	15216.250000	15216.750000	0	0	9	cluster_9	1.0000
9493	Spectrogram 1	1	15216.500000	15217.250000	0	0	noise	cluster_noise	0.0000
9494	Spectrogram 1	1	15217.000000	15217.500000	0	0	9	cluster_9	1.0000
9495	Spectrogram 1	1	15220.000000	15220.750000	0	0	8	cluster_8	0.7869
9496	Spectrogram 1	1	15220.500000	15221.250000	0	0	noise	cluster_noise	0.0000
9497	Spectrogram 1	1	15221.000000	15232.000000	0	0	9	cluster_9	1.0000
9498	Spectrogram 1	1	15231.750000	15232.500000	0	0	10	cluster_10	0.5634
9499	Spectrogram 1	1	15232.250000	15232.750000	0	0	8	cluster_8	0.9920
9500	Spectrogram 1	1	15232.500000	15233.000000	0	0	9	cluster_9	0.7541
9501	Spectrogram 1	1	15232.750000	15233.250000	0	0	noise	cluster_noise	0.0000
9502	Spectrogram 1	1	15233.000000	15234.250000	0	0	9	cluster_9	0.8988
9503	Spectrogram 1	1	15234.000000	15235.500000	0	0	noise	cluster_noise	0.0000
9504	Spectrogram 1	1	15235.250000	15235.750000	0	0	9	cluster_9	0.9012
9505	Spectrogram 1	1	15235.500000	15236.250000	0	0	noise	cluster_noise	0.0000
9506	Spectrogram 1	1	15236.000000	15237.000000	0	0	9	cluster_9	0.9973
9507	Spectrogram 1	1	15236.750000	15237.500000	0	0	noise	cluster_noise	0.0000
9508	Spectrogram 1	1	15238.000000	15238.500000	0	0	9	cluster_9	1.0000
9509	Spectrogram 1	1	15238.250000	15239.000000	0	0	noise	cluster_noise	0.0000
9510	Spectrogram 1	1	15238.750000	15239.250000	0	0	9	cluster_9	0.7661
9511	Spectrogram 1	1	15239.000000	15239.500000	0	0	noise	cluster_noise	0.0000
9512	Spectrogram 1	1	15241.000000	15242.750000	0	0	9	cluster_9	0.9646
9513	Spectrogram 1	1	15242.500000	15243.250000	0	0	10	cluster_10	0.6372
9514	Spectrogram 1	1	15243.000000	15243.500000	0	0	9	cluster_9	1.0000
9515	Spectrogram 1	1	15243.250000	15243.750000	0	0	13	cluster_13	0.6417
9516	Spectrogram 1	1	15243.500000	15244.500000	0	0	9	cluster_9	0.9846
9517	Spectrogram 1	1	15248.000000	15248.500000	0	0	8	cluster_8	0.8400
9518	Spectrogram 1	1	15248.250000	15249.500000	0	0	9	cluster_9	0.9297
9519	Spectrogram 1	1	15249.250000	15250.750000	0	0	noise	cluster_noise	0.0000
9520	Spectrogram 1	1	15250.500000	15251.750000	0	0	9	cluster_9	0.9601
9521	Spectrogram 1	1	15251.500000	15252.500000	0	0	noise	cluster_noise	0.0000
9522	Spectrogram 1	1	15252.250000	15252.750000	0	0	9	cluster_9	0.7762
9523	Spectrogram 1	1	15252.500000	15253.000000	0	0	noise	cluster_noise	0.0000
9524	Spectrogram 1	1	15252.750000	15254.750000	0	0	9	cluster_9	0.9342
9525	Spectrogram 1	1	15254.500000	15255.000000	0	0	noise	cluster_noise	0.0000
9526	Spectrogram 1	1	15254.750000	15255.500000	0	0	1	cluster_1	0.4515
9527	Spectrogram 1	1	15259.000000	15260.000000	0	0	8	cluster_8	0.9076
9528	Spectrogram 1	1	15259.750000	15260.250000	0	0	0	cluster_0	1.0000
9529	Spectrogram 1	1	15260.000000	15260.500000	0	0	noise	cluster_noise	0.0000
9530	Spectrogram 1	1	15260.250000	15262.000000	0	0	9	cluster_9	0.9657
9531	Spectrogram 1	1	15261.750000	15262.250000	0	0	noise	cluster_noise	0.0000
9532	Spectrogram 1	1	15262.000000	15263.750000	0	0	8	cluster_8	0.9335
9533	Spectrogram 1	1	15263.500000	15265.000000	0	0	9	cluster_9	1.0000
9534	Spectrogram 1	1	15264.750000	15265.250000	0	0	noise	cluster_noise	0.0000
9535	Spectrogram 1	1	15265.000000	15265.750000	0	0	8	cluster_8	0.8936
9536	Spectrogram 1	1	15265.500000	15266.250000	0	0	0	cluster_0	0.7192
9537	Spectrogram 1	1	15266.000000	15266.750000	0	0	noise	cluster_noise	0.0000
9538	Spectrogram 1	1	15266.500000	15268.000000	0	0	9	cluster_9	0.9664
9539	Spectrogram 1	1	15267.750000	15268.250000	0	0	noise	cluster_noise	0.0000
9540	Spectrogram 1	1	15268.000000	15268.750000	0	0	8	cluster_8	0.8388
9541	Spectrogram 1	1	15268.500000	15269.000000	0	0	noise	cluster_noise	0.0000
9542	Spectrogram 1	1	15268.750000	15270.750000	0	0	9	cluster_9	0.9268
9543	Spectrogram 1	1	15270.500000	15272.750000	0	0	noise	cluster_noise	0.0000
9544	Spectrogram 1	1	15272.500000	15273.500000	0	0	9	cluster_9	1.0000
9545	Spectrogram 1	1	15275.000000	15276.000000	0	0	noise	cluster_noise	0.0000
9546	Spectrogram 1	1	15275.750000	15276.750000	0	0	8	cluster_8	1.0000
9547	Spectrogram 1	1	15276.500000	15277.750000	0	0	noise	cluster_noise	0.0000
9548	Spectrogram 1	1	15277.500000	15278.000000	0	0	9	cluster_9	1.0000
9549	Spectrogram 1	1	15277.750000	15278.250000	0	0	noise	cluster_noise	0.0000
9550	Spectrogram 1	1	15278.000000	15278.750000	0	0	9	cluster_9	0.8011
9551	Spectrogram 1	1	15278.500000	15279.000000	0	0	noise	cluster_noise	0.0000
9552	Spectrogram 1	1	15278.750000	15279.250000	0	0	8	cluster_8	0.8973
9553	Spectrogram 1	1	15279.000000	15279.500000	0	0	noise	cluster_noise	0.0000
9554	Spectrogram 1	1	15279.250000	15280.000000	0	0	8	cluster_8	0.8725
9555	Spectrogram 1	1	15279.750000	15285.750000	0	0	9	cluster_9	0.8864
9556	Spectrogram 1	1	15285.500000	15286.250000	0	0	noise	cluster_noise	0.0000
9557	Spectrogram 1	1	15286.000000	15287.250000	0	0	9	cluster_9	0.9173
9558	Spectrogram 1	1	15287.000000	15288.000000	0	0	0	cluster_0	0.9066
9559	Spectrogram 1	1	15287.750000	15289.000000	0	0	8	cluster_8	0.9903
9560	Spectrogram 1	1	15288.750000	15289.250000	0	0	noise	cluster_noise	0.0000
9561	Spectrogram 1	1	15289.000000	15290.500000	0	0	9	cluster_9	0.9532
9562	Spectrogram 1	1	15290.250000	15290.750000	0	0	noise	cluster_noise	0.0000
9563	Spectrogram 1	1	15290.500000	15291.750000	0	0	8	cluster_8	0.9281
9564	Spectrogram 1	1	15291.500000	15294.250000	0	0	9	cluster_9	0.9402
9565	Spectrogram 1	1	15294.000000	15295.250000	0	0	0	cluster_0	0.8983
9566	Spectrogram 1	1	15295.000000	15295.500000	0	0	noise	cluster_noise	0.0000
9567	Spectrogram 1	1	15295.250000	15298.500000	0	0	9	cluster_9	0.9570
9568	Spectrogram 1	1	15298.250000	15298.750000	0	0	noise	cluster_noise	0.0000
9569	Spectrogram 1	1	15298.500000	15299.250000	0	0	8	cluster_8	1.0000
9570	Spectrogram 1	1	15299.000000	15299.500000	0	0	noise	cluster_noise	0.0000
9571	Spectrogram 1	1	15299.250000	15301.250000	0	0	9	cluster_9	0.9551
9572	Spectrogram 1	1	15301.000000	15302.000000	0	0	noise	cluster_noise	0.0000
9573	Spectrogram 1	1	15301.750000	15302.250000	0	0	8	cluster_8	1.0000
9574	Spectrogram 1	1	15302.000000	15303.250000	0	0	noise	cluster_noise	0.0000
9575	Spectrogram 1	1	15303.000000	15304.000000	0	0	9	cluster_9	0.9545
9576	Spectrogram 1	1	15303.750000	15304.500000	0	0	noise	cluster_noise	0.0000
9577	Spectrogram 1	1	15304.250000	15305.000000	0	0	9	cluster_9	0.8529
9578	Spectrogram 1	1	15304.750000	15305.250000	0	0	noise	cluster_noise	0.0000
9579	Spectrogram 1	1	15305.000000	15306.500000	0	0	8	cluster_8	0.9219
9580	Spectrogram 1	1	15306.250000	15308.500000	0	0	9	cluster_9	0.9452
9581	Spectrogram 1	1	15308.250000	15309.500000	0	0	0	cluster_0	0.9700
9582	Spectrogram 1	1	15309.250000	15312.750000	0	0	9	cluster_9	0.9487
9583	Spectrogram 1	1	15312.500000	15313.250000	0	0	noise	cluster_noise	0.0000
9584	Spectrogram 1	1	15313.000000	15313.750000	0	0	8	cluster_8	0.9483
9585	Spectrogram 1	1	15313.500000	15316.000000	0	0	9	cluster_9	0.9529
9586	Spectrogram 1	1	15315.750000	15316.250000	0	0	noise	cluster_noise	0.0000
9587	Spectrogram 1	1	15316.000000	15316.750000	0	0	9	cluster_9	0.8916
9588	Spectrogram 1	1	15316.500000	15317.250000	0	0	noise	cluster_noise	0.0000
9589	Spectrogram 1	1	15317.000000	15317.500000	0	0	8	cluster_8	0.8487
9590	Spectrogram 1	1	15317.250000	15317.750000	0	0	noise	cluster_noise	0.0000
9591	Spectrogram 1	1	15317.500000	15319.250000	0	0	9	cluster_9	0.9508
9592	Spectrogram 1	1	15319.000000	15320.500000	0	0	0	cluster_0	0.6882
9593	Spectrogram 1	1	15320.250000	15322.000000	0	0	9	cluster_9	0.9625
9594	Spectrogram 1	1	15321.750000	15323.250000	0	0	0	cluster_0	0.8346
9595	Spectrogram 1	1	15323.000000	15324.500000	0	0	9	cluster_9	0.9670
9596	Spectrogram 1	1	15324.250000	15324.750000	0	0	noise	cluster_noise	0.0000
9597	Spectrogram 1	1	15324.500000	15325.500000	0	0	9	cluster_9	0.9357
9598	Spectrogram 1	1	15325.250000	15326.000000	0	0	6	cluster_6	1.0000
9599	Spectrogram 1	1	15325.750000	15326.500000	0	0	8	cluster_8	0.9090
9600	Spectrogram 1	1	15326.250000	15331.750000	0	0	9	cluster_9	0.9238
9601	Spectrogram 1	1	15331.500000	15332.000000	0	0	noise	cluster_noise	0.0000
9602	Spectrogram 1	1	15331.750000	15332.750000	0	0	9	cluster_9	0.8825
9603	Spectrogram 1	1	15332.500000	15334.000000	0	0	0	cluster_0	0.8666
9604	Spectrogram 1	1	15333.750000	15335.500000	0	0	9	cluster_9	0.9759
9605	Spectrogram 1	1	15335.250000	15337.000000	0	0	0	cluster_0	0.8142
9606	Spectrogram 1	1	15336.750000	15339.000000	0	0	9	cluster_9	0.9446
9607	Spectrogram 1	1	15338.750000	15339.250000	0	0	2	cluster_2	0.9344
9608	Spectrogram 1	1	15339.000000	15339.500000	0	0	noise	cluster_noise	0.0000
9609	Spectrogram 1	1	15339.250000	15340.500000	0	0	6	cluster_6	1.0000
9610	Spectrogram 1	1	15340.250000	15340.750000	0	0	noise	cluster_noise	0.0000
9611	Spectrogram 1	1	15340.500000	15348.250000	0	0	9	cluster_9	0.9678
9612	Spectrogram 1	1	15348.000000	15349.250000	0	0	0	cluster_0	0.8788
9613	Spectrogram 1	1	15349.000000	15349.500000	0	0	noise	cluster_noise	0.0000
9614	Spectrogram 1	1	15349.250000	15352.000000	0	0	9	cluster_9	0.9434
9615	Spectrogram 1	1	15351.750000	15352.500000	0	0	noise	cluster_noise	0.0000
9616	Spectrogram 1	1	15352.250000	15353.000000	0	0	6	cluster_6	1.0000
9617	Spectrogram 1	1	15352.750000	15353.500000	0	0	noise	cluster_noise	0.0000
9618	Spectrogram 1	1	15353.250000	15355.500000	0	0	9	cluster_9	0.9820
9619	Spectrogram 1	1	15355.250000	15356.250000	0	0	8	cluster_8	0.8865
9620	Spectrogram 1	1	15356.000000	15356.500000	0	0	noise	cluster_noise	0.0000
9621	Spectrogram 1	1	15356.250000	15365.250000	0	0	9	cluster_9	0.9507
9622	Spectrogram 1	1	15365.000000	15365.750000	0	0	noise	cluster_noise	0.0000
9623	Spectrogram 1	1	15365.500000	15366.250000	0	0	6	cluster_6	0.6875
9624	Spectrogram 1	1	15366.000000	15368.000000	0	0	9	cluster_9	0.9922
9625	Spectrogram 1	1	15367.750000	15369.000000	0	0	8	cluster_8	0.9275
9626	Spectrogram 1	1	15368.750000	15369.250000	0	0	noise	cluster_noise	0.0000
9627	Spectrogram 1	1	15369.000000	15370.750000	0	0	9	cluster_9	0.9054
9628	Spectrogram 1	1	15370.500000	15371.250000	0	0	noise	cluster_noise	0.0000
9629	Spectrogram 1	1	15371.000000	15371.500000	0	0	6	cluster_6	0.6573
9630	Spectrogram 1	1	15371.250000	15372.750000	0	0	0	cluster_0	0.8701
9631	Spectrogram 1	1	15372.500000	15373.500000	0	0	9	cluster_9	0.9456
9632	Spectrogram 1	1	15380.000000	15381.250000	0	0	8	cluster_8	0.9302
9633	Spectrogram 1	1	15381.000000	15381.500000	0	0	noise	cluster_noise	0.0000
9634	Spectrogram 1	1	15382.000000	15383.500000	0	0	9	cluster_9	0.9770
9635	Spectrogram 1	1	15383.250000	15383.750000	0	0	6	cluster_6	0.7417
9636	Spectrogram 1	1	15383.500000	15384.750000	0	0	0	cluster_0	0.9059
9637	Spectrogram 1	1	15384.500000	15385.500000	0	0	9	cluster_9	1.0000
9638	Spectrogram 1	1	15396.000000	15397.000000	0	0	0	cluster_0	1.0000
9639	Spectrogram 1	1	15396.750000	15398.000000	0	0	9	cluster_9	0.9728
9640	Spectrogram 1	1	15397.750000	15398.500000	0	0	6	cluster_6	0.9085
9641	Spectrogram 1	1	15398.250000	15399.250000	0	0	0	cluster_0	0.9048
9642	Spectrogram 1	1	15399.000000	15401.750000	0	0	9	cluster_9	0.9472
9643	Spectrogram 1	1	15401.500000	15402.000000	0	0	noise	cluster_noise	0.0000
9644	Spectrogram 1	1	15401.750000	15403.000000	0	0	6	cluster_6	0.9874
9645	Spectrogram 1	1	15402.750000	15403.250000	0	0	noise	cluster_noise	0.0000
9646	Spectrogram 1	1	15403.000000	15412.250000	0	0	9	cluster_9	0.9316
9647	Spectrogram 1	1	15412.000000	15412.500000	0	0	noise	cluster_noise	0.0000
9648	Spectrogram 1	1	15413.000000	15414.000000	0	0	6	cluster_6	0.7604
9649	Spectrogram 1	1	15413.750000	15419.750000	0	0	9	cluster_9	0.9963
9650	Spectrogram 1	1	15419.500000	15420.000000	0	0	noise	cluster_noise	0.0000
9651	Spectrogram 1	1	15419.750000	15420.250000	0	0	8	cluster_8	0.9192
9652	Spectrogram 1	1	15420.000000	15420.500000	0	0	noise	cluster_noise	0.0000
9653	Spectrogram 1	1	15422.000000	15423.750000	0	0	9	cluster_9	0.9909
9654	Spectrogram 1	1	15423.500000	15424.000000	0	0	noise	cluster_noise	0.0000
9655	Spectrogram 1	1	15423.750000	15425.250000	0	0	6	cluster_6	0.9750
9656	Spectrogram 1	1	15425.000000	15425.750000	0	0	noise	cluster_noise	0.0000
9657	Spectrogram 1	1	15425.500000	15426.500000	0	0	9	cluster_9	1.0000
9658	Spectrogram 1	1	15431.000000	15431.750000	0	0	noise	cluster_noise	0.0000
9659	Spectrogram 1	1	15431.500000	15432.250000	0	0	12	cluster_12	1.0000
9660	Spectrogram 1	1	15432.000000	15432.500000	0	0	noise	cluster_noise	0.0000
9661	Spectrogram 1	1	15433.000000	15433.500000	0	0	9	cluster_9	1.0000
9662	Spectrogram 1	1	15433.250000	15434.000000	0	0	noise	cluster_noise	0.0000
9663	Spectrogram 1	1	15433.750000	15434.500000	0	0	9	cluster_9	0.8799
9664	Spectrogram 1	1	15434.250000	15434.750000	0	0	noise	cluster_noise	0.0000
9665	Spectrogram 1	1	15434.500000	15435.250000	0	0	9	cluster_9	0.9133
9666	Spectrogram 1	1	15435.000000	15436.750000	0	0	6	cluster_6	0.8910
9667	Spectrogram 1	1	15436.500000	15437.000000	0	0	noise	cluster_noise	0.0000
9668	Spectrogram 1	1	15436.750000	15446.250000	0	0	9	cluster_9	0.9770
9669	Spectrogram 1	1	15446.000000	15446.500000	0	0	noise	cluster_noise	0.0000
9670	Spectrogram 1	1	15446.250000	15447.750000	0	0	6	cluster_6	0.9733
9671	Spectrogram 1	1	15447.500000	15449.000000	0	0	9	cluster_9	1.0000
9672	Spectrogram 1	1	15448.750000	15449.500000	0	0	8	cluster_8	0.8291
9673	Spectrogram 1	1	15452.000000	15453.250000	0	0	9	cluster_9	0.9774
9674	Spectrogram 1	1	15453.000000	15453.500000	0	0	noise	cluster_noise	0.0000
9675	Spectrogram 1	1	15460.000000	15460.750000	0	0	6	cluster_6	0.8991
9676	Spectrogram 1	1	15460.500000	15461.750000	0	0	9	cluster_9	0.9672
9677	Spectrogram 1	1	15461.500000	15462.250000	0	0	6	cluster_6	0.8221
9678	Spectrogram 1	1	15462.000000	15462.500000	0	0	noise	cluster_noise	0.0000
9679	Spectrogram 1	1	15462.250000	15463.500000	0	0	9	cluster_9	0.9511
9680	Spectrogram 1	1	15463.250000	15464.250000	0	0	noise	cluster_noise	0.0000
9681	Spectrogram 1	1	15464.000000	15472.000000	0	0	9	cluster_9	0.9017
9682	Spectrogram 1	1	15471.750000	15473.250000	0	0	6	cluster_6	0.9473
9683	Spectrogram 1	1	15473.000000	15473.750000	0	0	noise	cluster_noise	0.0000
9684	Spectrogram 1	1	15473.500000	15474.500000	0	0	9	cluster_9	1.0000
9685	Spectrogram 1	1	15474.250000	15475.250000	0	0	noise	cluster_noise	0.0000
9686	Spectrogram 1	1	15475.000000	15476.500000	0	0	9	cluster_9	0.8829
9687	Spectrogram 1	1	15476.250000	15477.000000	0	0	noise	cluster_noise	0.0000
9688	Spectrogram 1	1	15476.750000	15478.000000	0	0	9	cluster_9	0.9498
9689	Spectrogram 1	1	15477.750000	15478.750000	0	0	noise	cluster_noise	0.0000
9690	Spectrogram 1	1	15478.500000	15479.000000	0	0	10	cluster_10	0.7735
9691	Spectrogram 1	1	15478.750000	15479.500000	0	0	noise	cluster_noise	0.0000
9692	Spectrogram 1	1	15484.000000	15484.750000	0	0	6	cluster_6	0.9375
9693	Spectrogram 1	1	15484.500000	15486.750000	0	0	9	cluster_9	0.9484
9694	Spectrogram 1	1	15486.500000	15488.250000	0	0	6	cluster_6	0.8470
9695	Spectrogram 1	1	15488.000000	15488.500000	0	0	noise	cluster_noise	0.0000
9696	Spectrogram 1	1	15488.250000	15489.500000	0	0	9	cluster_9	0.9675
9697	Spectrogram 1	1	15489.250000	15489.750000	0	0	noise	cluster_noise	0.0000
9698	Spectrogram 1	1	15489.500000	15490.250000	0	0	10	cluster_10	0.6486
9699	Spectrogram 1	1	15490.000000	15491.750000	0	0	9	cluster_9	0.9203
9700	Spectrogram 1	1	15491.500000	15492.250000	0	0	noise	cluster_noise	0.0000
9701	Spectrogram 1	1	15492.000000	15492.500000	0	0	10	cluster_10	0.7579
9702	Spectrogram 1	1	15492.250000	15492.750000	0	0	noise	cluster_noise	0.0000
9703	Spectrogram 1	1	15492.500000	15493.250000	0	0	9	cluster_9	0.8264
9704	Spectrogram 1	1	15493.000000	15494.000000	0	0	noise	cluster_noise	0.0000
9705	Spectrogram 1	1	15493.750000	15494.250000	0	0	10	cluster_10	0.5812
9706	Spectrogram 1	1	15494.000000	15494.500000	0	0	noise	cluster_noise	0.0000
9707	Spectrogram 1	1	15495.000000	15495.500000	0	0	14	cluster_14	0.8020
9708	Spectrogram 1	1	15495.250000	15496.000000	0	0	noise	cluster_noise	0.0000
9709	Spectrogram 1	1	15495.750000	15496.250000	0	0	9	cluster_9	0.9359
9710	Spectrogram 1	1	15496.000000	15498.000000	0	0	noise	cluster_noise	0.0000
9711	Spectrogram 1	1	15497.750000	15499.000000	0	0	9	cluster_9	0.8891
9712	Spectrogram 1	1	15498.750000	15499.250000	0	0	noise	cluster_noise	0.0000
9713	Spectrogram 1	1	15499.000000	15500.750000	0	0	6	cluster_6	0.9726
9714	Spectrogram 1	1	15500.500000	15501.000000	0	0	9	cluster_9	0.7822
9715	Spectrogram 1	1	15500.750000	15501.250000	0	0	noise	cluster_noise	0.0000
9716	Spectrogram 1	1	15501.000000	15503.000000	0	0	9	cluster_9	0.9127
9717	Spectrogram 1	1	15502.750000	15504.250000	0	0	6	cluster_6	0.9155
9718	Spectrogram 1	1	15504.000000	15505.500000	0	0	9	cluster_9	0.9232
9719	Spectrogram 1	1	15505.250000	15505.750000	0	0	noise	cluster_noise	0.0000
9720	Spectrogram 1	1	15505.500000	15506.250000	0	0	10	cluster_10	0.6826
9721	Spectrogram 1	1	15506.000000	15506.750000	0	0	9	cluster_9	0.8479
9722	Spectrogram 1	1	15506.500000	15507.000000	0	0	noise	cluster_noise	0.0000
9723	Spectrogram 1	1	15506.750000	15507.500000	0	0	9	cluster_9	0.9107
9724	Spectrogram 1	1	15507.250000	15508.250000	0	0	noise	cluster_noise	0.0000
9725	Spectrogram 1	1	15508.000000	15510.500000	0	0	10	cluster_10	0.7432
9726	Spectrogram 1	1	15510.250000	15511.000000	0	0	noise	cluster_noise	0.0000
9727	Spectrogram 1	1	15510.750000	15511.250000	0	0	9	cluster_9	0.8849
9728	Spectrogram 1	1	15511.000000	15512.000000	0	0	noise	cluster_noise	0.0000
9729	Spectrogram 1	1	15511.750000	15512.250000	0	0	9	cluster_9	1.0000
9730	Spectrogram 1	1	15512.000000	15513.750000	0	0	noise	cluster_noise	0.0000
9731	Spectrogram 1	1	15513.500000	15515.500000	0	0	9	cluster_9	0.9925
9732	Spectrogram 1	1	15515.250000	15516.750000	0	0	6	cluster_6	1.0000
9733	Spectrogram 1	1	15516.500000	15517.000000	0	0	9	cluster_9	0.9106
9734	Spectrogram 1	1	15516.750000	15517.250000	0	0	noise	cluster_noise	0.0000
9735	Spectrogram 1	1	15517.000000	15517.500000	0	0	9	cluster_9	1.0000
9736	Spectrogram 1	1	15523.000000	15523.500000	0	0	noise	cluster_noise	0.0000
9737	Spectrogram 1	1	15523.250000	15523.750000	0	0	9	cluster_9	0.8612
9738	Spectrogram 1	1	15523.500000	15524.000000	0	0	noise	cluster_noise	0.0000
9739	Spectrogram 1	1	15523.750000	15524.500000	0	0	10	cluster_10	0.5953
9740	Spectrogram 1	1	15524.250000	15525.250000	0	0	noise	cluster_noise	0.0000
9741	Spectrogram 1	1	15525.000000	15525.750000	0	0	9	cluster_9	0.9166
9742	Spectrogram 1	1	15525.500000	15526.000000	0	0	noise	cluster_noise	0.0000
9743	Spectrogram 1	1	15525.750000	15526.500000	0	0	10	cluster_10	0.6343
9744	Spectrogram 1	1	15526.250000	15527.000000	0	0	noise	cluster_noise	0.0000
9745	Spectrogram 1	1	15526.750000	15527.500000	0	0	9	cluster_9	0.9779
9746	Spectrogram 1	1	15527.250000	15528.000000	0	0	noise	cluster_noise	0.0000
9747	Spectrogram 1	1	15527.750000	15528.500000	0	0	10	cluster_10	0.6029
9748	Spectrogram 1	1	15528.250000	15529.250000	0	0	noise	cluster_noise	0.0000
9749	Spectrogram 1	1	15529.000000	15529.500000	0	0	14	cluster_14	0.7806
9750	Spectrogram 1	1	15529.250000	15529.750000	0	0	noise	cluster_noise	0.0000
9751	Spectrogram 1	1	15529.500000	15530.000000	0	0	10	cluster_10	0.7937
9752	Spectrogram 1	1	15529.750000	15530.500000	0	0	noise	cluster_noise	0.0000
9753	Spectrogram 1	1	15532.000000	15532.750000	0	0	6	cluster_6	1.0000
9754	Spectrogram 1	1	15532.500000	15537.750000	0	0	9	cluster_9	0.9916
9755	Spectrogram 1	1	15537.500000	15538.000000	0	0	noise	cluster_noise	0.0000
9756	Spectrogram 1	1	15537.750000	15538.250000	0	0	7	cluster_7	0.6551
9757	Spectrogram 1	1	15538.000000	15538.500000	0	0	noise	cluster_noise	0.0000
9758	Spectrogram 1	1	15538.250000	15539.250000	0	0	7	cluster_7	0.9222
9759	Spectrogram 1	1	15539.000000	15540.000000	0	0	9	cluster_9	0.8799
9760	Spectrogram 1	1	15539.750000	15540.250000	0	0	noise	cluster_noise	0.0000
9761	Spectrogram 1	1	15540.000000	15541.250000	0	0	7	cluster_7	0.9862
9762	Spectrogram 1	1	15541.000000	15543.000000	0	0	9	cluster_9	0.9814
9763	Spectrogram 1	1	15542.750000	15544.000000	0	0	6	cluster_6	0.9274
9764	Spectrogram 1	1	15543.750000	15546.500000	0	0	9	cluster_9	0.9285
9765	Spectrogram 1	1	15549.000000	15550.250000	0	0	noise	cluster_noise	0.0000
9766	Spectrogram 1	1	15550.000000	15551.250000	0	0	7	cluster_7	0.9053
9767	Spectrogram 1	1	15551.000000	15551.500000	0	0	noise	cluster_noise	0.0000
9768	Spectrogram 1	1	15551.250000	15552.500000	0	0	9	cluster_9	1.0000
9769	Spectrogram 1	1	15552.250000	15552.750000	0	0	noise	cluster_noise	0.0000
9770	Spectrogram 1	1	15552.500000	15554.250000	0	0	9	cluster_9	0.9892
9771	Spectrogram 1	1	15554.000000	15554.750000	0	0	noise	cluster_noise	0.0000
9772	Spectrogram 1	1	15554.500000	15559.500000	0	0	9	cluster_9	0.9376
9773	Spectrogram 1	1	15561.000000	15561.500000	0	0	noise	cluster_noise	0.0000
9774	Spectrogram 1	1	15561.250000	15562.500000	0	0	7	cluster_7	0.9436
9775	Spectrogram 1	1	15562.250000	15565.000000	0	0	9	cluster_9	0.9663
9776	Spectrogram 1	1	15564.750000	15565.250000	0	0	noise	cluster_noise	0.0000
9777	Spectrogram 1	1	15565.000000	15566.000000	0	0	6	cluster_6	0.7407
9778	Spectrogram 1	1	15565.750000	15566.750000	0	0	noise	cluster_noise	0.0000
9779	Spectrogram 1	1	15566.500000	15577.000000	0	0	9	cluster_9	0.9848
9780	Spectrogram 1	1	15576.750000	15577.250000	0	0	noise	cluster_noise	0.0000
9781	Spectrogram 1	1	15577.000000	15578.250000	0	0	6	cluster_6	0.8466
9782	Spectrogram 1	1	15578.000000	15578.500000	0	0	9	cluster_9	0.8599
9783	Spectrogram 1	1	15578.250000	15578.750000	0	0	noise	cluster_noise	0.0000
9784	Spectrogram 1	1	15578.500000	15581.000000	0	0	9	cluster_9	0.9771
9785	Spectrogram 1	1	15580.750000	15581.250000	0	0	noise	cluster_noise	0.0000
9786	Spectrogram 1	1	15581.000000	15585.500000	0	0	9	cluster_9	0.8935
9787	Spectrogram 1	1	15585.250000	15586.500000	0	0	noise	cluster_noise	0.0000
9788	Spectrogram 1	1	15586.250000	15587.500000	0	0	9	cluster_9	0.7911
9789	Spectrogram 1	1	15587.250000	15588.000000	0	0	noise	cluster_noise	0.0000
9790	Spectrogram 1	1	15587.750000	15588.750000	0	0	1	cluster_1	0.9359
9791	Spectrogram 1	1	15588.500000	15589.000000	0	0	noise	cluster_noise	0.0000
9792	Spectrogram 1	1	15588.750000	15590.500000	0	0	9	cluster_9	0.9830
9793	Spectrogram 1	1	15590.250000	15590.750000	0	0	noise	cluster_noise	0.0000
9794	Spectrogram 1	1	15590.500000	15591.250000	0	0	10	cluster_10	0.8616
9795	Spectrogram 1	1	15591.000000	15592.750000	0	0	9	cluster_9	0.8426
9796	Spectrogram 1	1	15592.500000	15593.000000	0	0	noise	cluster_noise	0.0000
9797	Spectrogram 1	1	15592.750000	15593.500000	0	0	10	cluster_10	0.9360
9798	Spectrogram 1	1	15596.000000	15596.500000	0	0	noise	cluster_noise	0.0000
9799	Spectrogram 1	1	15596.250000	15597.500000	0	0	1	cluster_1	1.0000
9800	Spectrogram 1	1	15598.000000	15599.000000	0	0	9	cluster_9	0.9707
9801	Spectrogram 1	1	15598.750000	15599.250000	0	0	noise	cluster_noise	0.0000
9802	Spectrogram 1	1	15599.000000	15601.250000	0	0	1	cluster_1	0.8149
9803	Spectrogram 1	1	15601.000000	15601.500000	0	0	noise	cluster_noise	0.0000
9804	Spectrogram 1	1	15601.250000	15601.750000	0	0	1	cluster_1	0.4472
9805	Spectrogram 1	1	15601.500000	15602.000000	0	0	noise	cluster_noise	0.0000
9806	Spectrogram 1	1	15601.750000	15603.250000	0	0	9	cluster_9	0.9566
9807	Spectrogram 1	1	15603.000000	15603.500000	0	0	noise	cluster_noise	0.0000
9808	Spectrogram 1	1	15603.250000	15604.000000	0	0	10	cluster_10	0.5677
9809	Spectrogram 1	1	15603.750000	15604.500000	0	0	9	cluster_9	0.8041
9810	Spectrogram 1	1	15608.000000	15608.500000	0	0	noise	cluster_noise	0.0000
9811	Spectrogram 1	1	15608.250000	15609.750000	0	0	9	cluster_9	0.8648
9812	Spectrogram 1	1	15609.500000	15610.000000	0	0	noise	cluster_noise	0.0000
9813	Spectrogram 1	1	15609.750000	15610.250000	0	0	0	cluster_0	0.5813
9814	Spectrogram 1	1	15610.000000	15611.000000	0	0	noise	cluster_noise	0.0000
9815	Spectrogram 1	1	15610.750000	15611.250000	0	0	8	cluster_8	0.7868
9816	Spectrogram 1	1	15611.000000	15611.500000	0	0	9	cluster_9	1.0000
9817	Spectrogram 1	1	15611.250000	15612.000000	0	0	8	cluster_8	0.8550
9818	Spectrogram 1	1	15611.750000	15613.750000	0	0	9	cluster_9	0.9916
9819	Spectrogram 1	1	15613.500000	15615.000000	0	0	1	cluster_1	0.9524
9820	Spectrogram 1	1	15614.750000	15615.750000	0	0	9	cluster_9	0.9699
9821	Spectrogram 1	1	15615.500000	15616.000000	0	0	noise	cluster_noise	0.0000
9822	Spectrogram 1	1	15615.750000	15617.250000	0	0	9	cluster_9	0.9361
9823	Spectrogram 1	1	15617.000000	15617.500000	0	0	noise	cluster_noise	0.0000
9824	Spectrogram 1	1	15617.250000	15618.750000	0	0	1	cluster_1	0.9685
9825	Spectrogram 1	1	15618.500000	15619.000000	0	0	noise	cluster_noise	0.0000
9826	Spectrogram 1	1	15618.750000	15619.500000	0	0	9	cluster_9	0.8233
9827	Spectrogram 1	1	15620.000000	15620.750000	0	0	10	cluster_10	0.5766
9828	Spectrogram 1	1	15620.500000	15621.000000	0	0	9	cluster_9	0.8865
9829	Spectrogram 1	1	15620.750000	15621.250000	0	0	noise	cluster_noise	0.0000
9830	Spectrogram 1	1	15621.000000	15621.750000	0	0	9	cluster_9	0.9361
9831	Spectrogram 1	1	15621.500000	15622.250000	0	0	noise	cluster_noise	0.0000
9832	Spectrogram 1	1	15622.000000	15623.500000	0	0	9	cluster_9	0.9206
9833	Spectrogram 1	1	15623.250000	15623.750000	0	0	noise	cluster_noise	0.0000
9834	Spectrogram 1	1	15623.500000	15625.750000	0	0	9	cluster_9	0.9084
9835	Spectrogram 1	1	15625.500000	15626.250000	0	0	noise	cluster_noise	0.0000
9836	Spectrogram 1	1	15626.000000	15626.750000	0	0	9	cluster_9	0.9731
9837	Spectrogram 1	1	15626.500000	15627.250000	0	0	noise	cluster_noise	0.0000
9838	Spectrogram 1	1	15627.000000	15628.500000	0	0	9	cluster_9	1.0000
9839	Spectrogram 1	1	15628.250000	15629.750000	0	0	noise	cluster_noise	0.0000
9840	Spectrogram 1	1	15629.500000	15630.500000	0	0	1	cluster_1	0.9208
9841	Spectrogram 1	1	15631.000000	15632.000000	0	0	noise	cluster_noise	0.0000
9842	Spectrogram 1	1	15631.750000	15632.750000	0	0	9	cluster_9	1.0000
9843	Spectrogram 1	1	15632.500000	15633.250000	0	0	noise	cluster_noise	0.0000
9844	Spectrogram 1	1	15633.000000	15634.250000	0	0	1	cluster_1	1.0000
9845	Spectrogram 1	1	15634.000000	15634.500000	0	0	noise	cluster_noise	0.0000
9846	Spectrogram 1	1	15634.250000	15635.750000	0	0	9	cluster_9	0.9271
9847	Spectrogram 1	1	15635.500000	15636.250000	0	0	10	cluster_10	0.5842
9848	Spectrogram 1	1	15636.000000	15637.000000	0	0	9	cluster_9	1.0000
9849	Spectrogram 1	1	15636.750000	15637.500000	0	0	noise	cluster_noise	0.0000
9850	Spectrogram 1	1	15637.250000	15637.750000	0	0	9	cluster_9	1.0000
9851	Spectrogram 1	1	15637.500000	15638.250000	0	0	noise	cluster_noise	0.0000
9852	Spectrogram 1	1	15638.000000	15638.500000	0	0	9	cluster_9	1.0000
9853	Spectrogram 1	1	15638.250000	15639.000000	0	0	noise	cluster_noise	0.0000
9854	Spectrogram 1	1	15638.750000	15642.750000	0	0	9	cluster_9	0.9711
9855	Spectrogram 1	1	15642.500000	15643.250000	0	0	noise	cluster_noise	0.0000
9856	Spectrogram 1	1	15643.000000	15643.500000	0	0	9	cluster_9	1.0000
9857	Spectrogram 1	1	15643.250000	15644.000000	0	0	8	cluster_8	1.0000
9858	Spectrogram 1	1	15643.750000	15644.250000	0	0	9	cluster_9	1.0000
9859	Spectrogram 1	1	15644.000000	15644.750000	0	0	8	cluster_8	0.9294
9860	Spectrogram 1	1	15644.500000	15646.500000	0	0	9	cluster_9	1.0000
9861	Spectrogram 1	1	15646.250000	15647.000000	0	0	10	cluster_10	0.5573
9862	Spectrogram 1	1	15646.750000	15647.500000	0	0	8	cluster_8	0.8515
9863	Spectrogram 1	1	15647.250000	15649.000000	0	0	9	cluster_9	0.9202
9864	Spectrogram 1	1	15648.750000	15649.250000	0	0	noise	cluster_noise	0.0000
9865	Spectrogram 1	1	15649.000000	15649.750000	0	0	10	cluster_10	0.5739
9866	Spectrogram 1	1	15649.500000	15661.250000	0	0	9	cluster_9	0.9594
9867	Spectrogram 1	1	15661.000000	15662.500000	0	0	noise	cluster_noise	0.0000
9868	Spectrogram 1	1	15662.250000	15664.500000	0	0	9	cluster_9	1.0000
9869	Spectrogram 1	1	15664.250000	15665.000000	0	0	noise	cluster_noise	0.0000
9870	Spectrogram 1	1	15664.750000	15666.000000	0	0	9	cluster_9	0.9461
9871	Spectrogram 1	1	15665.750000	15666.500000	0	0	noise	cluster_noise	0.0000
9872	Spectrogram 1	1	15666.250000	15667.250000	0	0	9	cluster_9	0.9885
9873	Spectrogram 1	1	15667.000000	15667.500000	0	0	noise	cluster_noise	0.0000
9874	Spectrogram 1	1	15667.250000	15667.750000	0	0	9	cluster_9	0.7944
9875	Spectrogram 1	1	15667.500000	15668.000000	0	0	noise	cluster_noise	0.0000
9876	Spectrogram 1	1	15667.750000	15669.250000	0	0	9	cluster_9	0.9517
9877	Spectrogram 1	1	15669.000000	15669.500000	0	0	noise	cluster_noise	0.0000
9878	Spectrogram 1	1	15669.250000	15669.750000	0	0	9	cluster_9	0.8428
9879	Spectrogram 1	1	15669.500000	15670.000000	0	0	noise	cluster_noise	0.0000
9880	Spectrogram 1	1	15669.750000	15678.250000	0	0	9	cluster_9	0.9751
9881	Spectrogram 1	1	15678.000000	15678.500000	0	0	noise	cluster_noise	0.0000
9882	Spectrogram 1	1	15678.250000	15680.500000	0	0	9	cluster_9	0.9902
9883	Spectrogram 1	1	15680.250000	15680.750000	0	0	noise	cluster_noise	0.0000
9884	Spectrogram 1	1	15680.500000	15682.500000	0	0	9	cluster_9	0.9806
9885	Spectrogram 1	1	15682.250000	15682.750000	0	0	8	cluster_8	0.9378
9886	Spectrogram 1	1	15682.500000	15683.000000	0	0	noise	cluster_noise	0.0000
9887	Spectrogram 1	1	15682.750000	15683.250000	0	0	9	cluster_9	0.7614
9888	Spectrogram 1	1	15683.000000	15683.750000	0	0	noise	cluster_noise	0.0000
9889	Spectrogram 1	1	15683.500000	15686.500000	0	0	9	cluster_9	0.9937
9890	Spectrogram 1	1	15686.250000	15687.000000	0	0	noise	cluster_noise	0.0000
9891	Spectrogram 1	1	15686.750000	15687.250000	0	0	9	cluster_9	0.7525
9892	Spectrogram 1	1	15687.000000	15687.500000	0	0	noise	cluster_noise	0.0000
9893	Spectrogram 1	1	15687.250000	15701.500000	0	0	9	cluster_9	0.9574
9894	Spectrogram 1	1	15722.000000	15723.500000	0	0	noise	cluster_noise	0.0000
9895	Spectrogram 1	1	15731.000000	15732.750000	0	0	9	cluster_9	0.9632
9896	Spectrogram 1	1	15732.500000	15733.000000	0	0	noise	cluster_noise	0.0000
9897	Spectrogram 1	1	15732.750000	15743.500000	0	0	9	cluster_9	0.9794
9898	Spectrogram 1	1	15743.250000	15744.000000	0	0	noise	cluster_noise	0.0000
9899	Spectrogram 1	1	15743.750000	15747.250000	0	0	9	cluster_9	0.9957
9900	Spectrogram 1	1	15747.000000	15747.500000	0	0	noise	cluster_noise	0.0000
9901	Spectrogram 1	1	15747.250000	15748.250000	0	0	0	cluster_0	0.7817
9902	Spectrogram 1	1	15748.000000	15757.500000	0	0	9	cluster_9	0.9842
9903	Spectrogram 1	1	15757.250000	15757.750000	0	0	noise	cluster_noise	0.0000
9904	Spectrogram 1	1	15757.500000	15758.250000	0	0	9	cluster_9	1.0000
9905	Spectrogram 1	1	15758.000000	15758.500000	0	0	noise	cluster_noise	0.0000
9906	Spectrogram 1	1	15758.250000	15759.000000	0	0	9	cluster_9	0.8967
9907	Spectrogram 1	1	15758.750000	15759.500000	0	0	noise	cluster_noise	0.0000
9908	Spectrogram 1	1	15759.250000	15762.500000	0	0	9	cluster_9	1.0000
9909	Spectrogram 1	1	15762.250000	15762.750000	0	0	noise	cluster_noise	0.0000
9910	Spectrogram 1	1	15762.500000	15763.750000	0	0	0	cluster_0	0.9599
9911	Spectrogram 1	1	15763.500000	15764.000000	0	0	noise	cluster_noise	0.0000
9912	Spectrogram 1	1	15763.750000	15772.500000	0	0	9	cluster_9	0.9982
9913	Spectrogram 1	1	15774.000000	15775.000000	0	0	0	cluster_0	0.8159
9914	Spectrogram 1	1	15774.750000	15775.250000	0	0	noise	cluster_noise	0.0000
9915	Spectrogram 1	1	15775.000000	15775.500000	0	0	9	cluster_9	1.0000
9916	Spectrogram 1	1	15775.250000	15776.000000	0	0	noise	cluster_noise	0.0000
9917	Spectrogram 1	1	15775.750000	15776.250000	0	0	9	cluster_9	0.7664
9918	Spectrogram 1	1	15776.000000	15776.500000	0	0	noise	cluster_noise	0.0000
9919	Spectrogram 1	1	15777.000000	15777.500000	0	0	9	cluster_9	1.0000
9920	Spectrogram 1	1	15777.250000	15778.250000	0	0	noise	cluster_noise	0.0000
9921	Spectrogram 1	1	15778.000000	15807.500000	0	0	9	cluster_9	0.9663
9922	Spectrogram 1	1	15903.000000	15903.500000	0	0	2	cluster_2	0.8215
9923	Spectrogram 1	1	15903.250000	15903.750000	0	0	noise	cluster_noise	0.0000
9924	Spectrogram 1	1	15903.500000	15905.500000	0	0	9	cluster_9	1.0000
9925	Spectrogram 1	1	15905.250000	15907.250000	0	0	noise	cluster_noise	0.0000
9926	Spectrogram 1	1	15907.000000	15922.000000	0	0	9	cluster_9	0.9755
9927	Spectrogram 1	1	15921.750000	15923.000000	0	0	noise	cluster_noise	0.0000
9928	Spectrogram 1	1	15922.750000	15923.500000	0	0	6	cluster_6	0.7813
9929	Spectrogram 1	1	15930.000000	15930.500000	0	0	9	cluster_9	1.0000
9930	Spectrogram 1	1	15930.250000	15931.250000	0	0	noise	cluster_noise	0.0000
9931	Spectrogram 1	1	15931.000000	15931.500000	0	0	10	cluster_10	0.5386
9932	Spectrogram 1	1	15931.250000	15933.000000	0	0	9	cluster_9	0.9633
9933	Spectrogram 1	1	15932.750000	15933.250000	0	0	noise	cluster_noise	0.0000
9934	Spectrogram 1	1	15933.000000	15935.250000	0	0	6	cluster_6	1.0000
9935	Spectrogram 1	1	15935.000000	15936.000000	0	0	noise	cluster_noise	0.0000
9936	Spectrogram 1	1	15935.750000	15936.250000	0	0	2	cluster_2	0.7299
9937	Spectrogram 1	1	15936.000000	15945.750000	0	0	9	cluster_9	0.9856
9938	Spectrogram 1	1	15945.500000	15947.250000	0	0	6	cluster_6	0.9605
9939	Spectrogram 1	1	15947.000000	15947.750000	0	0	noise	cluster_noise	0.0000
9940	Spectrogram 1	1	15947.500000	15957.500000	0	0	9	cluster_9	0.9708
9941	Spectrogram 1	1	15957.250000	15958.000000	0	0	noise	cluster_noise	0.0000
9942	Spectrogram 1	1	15957.750000	15959.750000	0	0	6	cluster_6	0.9746
9943	Spectrogram 1	1	15959.500000	15960.500000	0	0	noise	cluster_noise	0.0000
9944	Spectrogram 1	1	15960.250000	15963.500000	0	0	9	cluster_9	0.9805
9945	Spectrogram 1	1	15984.000000	15984.750000	0	0	noise	cluster_noise	0.0000
9946	Spectrogram 1	1	15984.500000	15985.500000	0	0	9	cluster_9	1.0000
9947	Spectrogram 1	1	15985.250000	15985.750000	0	0	noise	cluster_noise	0.0000
9948	Spectrogram 1	1	15985.500000	15986.250000	0	0	10	cluster_10	0.8900
9949	Spectrogram 1	1	15986.000000	15987.750000	0	0	9	cluster_9	1.0000
9950	Spectrogram 1	1	15987.500000	15988.000000	0	0	noise	cluster_noise	0.0000
9951	Spectrogram 1	1	15987.750000	15988.500000	0	0	10	cluster_10	0.7560
9952	Spectrogram 1	1	15988.250000	15989.000000	0	0	noise	cluster_noise	0.0000
9953	Spectrogram 1	1	15988.750000	15990.750000	0	0	9	cluster_9	0.9730
9954	Spectrogram 1	1	15990.500000	15991.500000	0	0	1	cluster_1	0.6493
9955	Spectrogram 1	1	15997.000000	15997.750000	0	0	noise	cluster_noise	0.0000
9956	Spectrogram 1	1	15997.500000	15998.000000	0	0	9	cluster_9	0.9633
9957	Spectrogram 1	1	15997.750000	15998.250000	0	0	noise	cluster_noise	0.0000
9958	Spectrogram 1	1	15998.000000	15998.750000	0	0	10	cluster_10	0.9202
9959	Spectrogram 1	1	15998.500000	16000.250000	0	0	9	cluster_9	0.9771
9960	Spectrogram 1	1	16000.000000	16000.750000	0	0	10	cluster_10	0.9139
9961	Spectrogram 1	1	16000.500000	16002.000000	0	0	9	cluster_9	0.9185
9962	Spectrogram 1	1	16001.750000	16002.250000	0	0	noise	cluster_noise	0.0000
9963	Spectrogram 1	1	16002.000000	16002.500000	0	0	10	cluster_10	0.8530
9964	Spectrogram 1	1	16007.000000	16007.500000	0	0	1	cluster_1	0.8951
9965	Spectrogram 1	1	16007.250000	16007.750000	0	0	noise	cluster_noise	0.0000
9966	Spectrogram 1	1	16007.500000	16009.500000	0	0	9	cluster_9	0.9797
9967	Spectrogram 1	1	16009.250000	16010.250000	0	0	noise	cluster_noise	0.0000
9968	Spectrogram 1	1	16010.000000	16011.500000	0	0	1	cluster_1	0.9664
9969	Spectrogram 1	1	16011.250000	16012.500000	0	0	9	cluster_9	0.9487
9970	Spectrogram 1	1	16018.000000	16018.500000	0	0	noise	cluster_noise	0.0000
9971	Spectrogram 1	1	16018.250000	16020.750000	0	0	9	cluster_9	0.9266
9972	Spectrogram 1	1	16020.500000	16021.250000	0	0	8	cluster_8	1.0000
9973	Spectrogram 1	1	16021.000000	16023.000000	0	0	9	cluster_9	0.9893
9974	Spectrogram 1	1	16022.750000	16023.750000	0	0	noise	cluster_noise	0.0000
9975	Spectrogram 1	1	16023.500000	16030.250000	0	0	9	cluster_9	0.9645
9976	Spectrogram 1	1	16030.000000	16030.500000	0	0	noise	cluster_noise	0.0000
9977	Spectrogram 1	1	16030.250000	16033.750000	0	0	9	cluster_9	0.9759
9978	Spectrogram 1	1	16033.500000	16034.000000	0	0	noise	cluster_noise	0.0000
9979	Spectrogram 1	1	16033.750000	16034.750000	0	0	9	cluster_9	0.9876
9980	Spectrogram 1	1	16034.500000	16035.250000	0	0	noise	cluster_noise	0.0000
9981	Spectrogram 1	1	16035.000000	16044.500000	0	0	9	cluster_9	0.9570
9982	Spectrogram 1	1	16044.250000	16045.000000	0	0	10	cluster_10	0.5898
9983	Spectrogram 1	1	16044.750000	16045.250000	0	0	8	cluster_8	1.0000
9984	Spectrogram 1	1	16045.000000	16046.750000	0	0	9	cluster_9	0.9943
9985	Spectrogram 1	1	16046.500000	16047.000000	0	0	noise	cluster_noise	0.0000
9986	Spectrogram 1	1	16046.750000	16049.000000	0	0	9	cluster_9	0.9861
9987	Spectrogram 1	1	16048.750000	16049.250000	0	0	noise	cluster_noise	0.0000
9988	Spectrogram 1	1	16049.000000	16049.500000	0	0	9	cluster_9	0.7689
9989	Spectrogram 1	1	16049.250000	16050.500000	0	0	noise	cluster_noise	0.0000
9990	Spectrogram 1	1	16050.250000	16052.250000	0	0	9	cluster_9	0.9419
9991	Spectrogram 1	1	16052.000000	16053.000000	0	0	noise	cluster_noise	0.0000
9992	Spectrogram 1	1	16052.750000	16054.500000	0	0	9	cluster_9	0.9553
9993	Spectrogram 1	1	16054.250000	16055.250000	0	0	noise	cluster_noise	0.0000
9994	Spectrogram 1	1	16055.000000	16055.500000	0	0	3	cluster_3	0.6119
9995	Spectrogram 1	1	16055.250000	16056.000000	0	0	noise	cluster_noise	0.0000
9996	Spectrogram 1	1	16055.750000	16057.500000	0	0	9	cluster_9	0.9463
9997	Spectrogram 1	1	16057.250000	16058.250000	0	0	8	cluster_8	1.0000
9998	Spectrogram 1	1	16058.000000	16058.500000	0	0	noise	cluster_noise	0.0000
9999	Spectrogram 1	1	16059.000000	16060.250000	0	0	9	cluster_9	0.9126
10000	Spectrogram 1	1	16060.000000	16060.500000	0	0	noise	cluster_noise	0.0000
10001	Spectrogram 1	1	16060.250000	16061.000000	0	0	8	cluster_8	0.9513
10002	Spectrogram 1	1	16060.750000	16061.250000	0	0	0	cluster_0	0.9293
10003	Spectrogram 1	1	16061.000000	16063.250000	0	0	9	cluster_9	1.0000
10004	Spectrogram 1	1	16063.000000	16064.000000	0	0	8	cluster_8	0.9220
10005	Spectrogram 1	1	16063.750000	16066.000000	0	0	9	cluster_9	0.9553
10006	Spectrogram 1	1	16065.750000	16066.500000	0	0	8	cluster_8	0.8713
10007	Spectrogram 1	1	16066.250000	16068.000000	0	0	9	cluster_9	1.0000
10008	Spectrogram 1	1	16067.750000	16068.750000	0	0	noise	cluster_noise	0.0000
10009	Spectrogram 1	1	16068.500000	16070.750000	0	0	9	cluster_9	0.9824
10010	Spectrogram 1	1	16070.500000	16071.750000	0	0	noise	cluster_noise	0.0000
10011	Spectrogram 1	1	16071.500000	16074.000000	0	0	9	cluster_9	0.9671
10012	Spectrogram 1	1	16073.750000	16074.750000	0	0	noise	cluster_noise	0.0000
10013	Spectrogram 1	1	16074.500000	16076.250000	0	0	9	cluster_9	0.9641
10014	Spectrogram 1	1	16076.000000	16077.000000	0	0	8	cluster_8	1.0000
10015	Spectrogram 1	1	16076.750000	16077.500000	0	0	noise	cluster_noise	0.0000
10016	Spectrogram 1	1	16077.250000	16078.250000	0	0	9	cluster_9	1.0000
10017	Spectrogram 1	1	16078.000000	16079.000000	0	0	noise	cluster_noise	0.0000
10018	Spectrogram 1	1	16078.750000	16079.750000	0	0	8	cluster_8	0.9676
10019	Spectrogram 1	1	16079.500000	16081.500000	0	0	9	cluster_9	1.0000
10020	Spectrogram 1	1	16082.000000	16082.500000	0	0	8	cluster_8	0.9582
10021	Spectrogram 1	1	16082.250000	16082.750000	0	0	noise	cluster_noise	0.0000
10022	Spectrogram 1	1	16082.500000	16084.750000	0	0	9	cluster_9	0.9823
10023	Spectrogram 1	1	16084.500000	16085.500000	0	0	8	cluster_8	0.9613
10024	Spectrogram 1	1	16085.250000	16087.500000	0	0	9	cluster_9	1.0000
10025	Spectrogram 1	1	16087.250000	16088.500000	0	0	8	cluster_8	0.9616
10026	Spectrogram 1	1	16088.250000	16090.500000	0	0	9	cluster_9	1.0000
10027	Spectrogram 1	1	16090.250000	16091.000000	0	0	8	cluster_8	0.8898
10028	Spectrogram 1	1	16090.750000	16091.250000	0	0	noise	cluster_noise	0.0000
10029	Spectrogram 1	1	16091.000000	16092.750000	0	0	9	cluster_9	0.9747
10030	Spectrogram 1	1	16092.500000	16093.250000	0	0	noise	cluster_noise	0.0000
10031	Spectrogram 1	1	16093.000000	16093.500000	0	0	9	cluster_9	0.9379
10032	Spectrogram 1	1	16093.250000	16094.500000	0	0	8	cluster_8	0.9958
10033	Spectrogram 1	1	16094.250000	16096.250000	0	0	9	cluster_9	0.9688
10034	Spectrogram 1	1	16096.000000	16097.000000	0	0	8	cluster_8	1.0000
10035	Spectrogram 1	1	16096.750000	16097.250000	0	0	noise	cluster_noise	0.0000
10036	Spectrogram 1	1	16097.000000	16097.500000	0	0	9	cluster_9	1.0000
10037	Spectrogram 1	1	16103.000000	16104.000000	0	0	8	cluster_8	0.9669
10038	Spectrogram 1	1	16103.750000	16106.250000	0	0	9	cluster_9	1.0000
10039	Spectrogram 1	1	16106.000000	16107.000000	0	0	0	cluster_0	0.8689
10040	Spectrogram 1	1	16106.750000	16118.500000	0	0	9	cluster_9	0.9974
10041	Spectrogram 1	1	16118.250000	16119.000000	0	0	8	cluster_8	1.0000
10042	Spectrogram 1	1	16118.750000	16119.750000	0	0	9	cluster_9	0.9553
10043	Spectrogram 1	1	16119.500000	16121.000000	0	0	8	cluster_8	0.9589
10044	Spectrogram 1	1	16120.750000	16121.500000	0	0	9	cluster_9	1.0000
10045	Spectrogram 1	1	16128.000000	16128.750000	0	0	8	cluster_8	1.0000
10046	Spectrogram 1	1	16128.500000	16130.250000	0	0	9	cluster_9	1.0000
10047	Spectrogram 1	1	16130.000000	16131.500000	0	0	8	cluster_8	0.9631
10048	Spectrogram 1	1	16131.250000	16131.750000	0	0	noise	cluster_noise	0.0000
10049	Spectrogram 1	1	16131.500000	16132.250000	0	0	9	cluster_9	0.9992
10050	Spectrogram 1	1	16132.000000	16133.250000	0	0	noise	cluster_noise	0.0000
10051	Spectrogram 1	1	16133.000000	16141.500000	0	0	9	cluster_9	0.8943
10052	Spectrogram 1	1	16141.250000	16142.500000	0	0	8	cluster_8	0.9386
10053	Spectrogram 1	1	16142.250000	16144.750000	0	0	9	cluster_9	1.0000
10054	Spectrogram 1	1	16144.500000	16145.750000	0	0	8	cluster_8	0.9728
10055	Spectrogram 1	1	16145.500000	16146.000000	0	0	noise	cluster_noise	0.0000
10056	Spectrogram 1	1	16145.750000	16148.250000	0	0	9	cluster_9	1.0000
10057	Spectrogram 1	1	16148.000000	16150.000000	0	0	8	cluster_8	0.9108
10058	Spectrogram 1	1	16149.750000	16150.500000	0	0	9	cluster_9	1.0000
10059	Spectrogram 1	1	16152.000000	16153.500000	0	0	0	cluster_0	0.8356
10060	Spectrogram 1	1	16156.000000	16157.500000	0	0	8	cluster_8	0.8955
10061	Spectrogram 1	1	16157.250000	16159.500000	0	0	9	cluster_9	0.9819
10062	Spectrogram 1	1	16159.250000	16160.250000	0	0	8	cluster_8	0.9356
10063	Spectrogram 1	1	16160.000000	16160.750000	0	0	noise	cluster_noise	0.0000
10064	Spectrogram 1	1	16160.500000	16161.750000	0	0	9	cluster_9	1.0000
10065	Spectrogram 1	1	16161.500000	16162.000000	0	0	noise	cluster_noise	0.0000
10066	Spectrogram 1	1	16161.750000	16163.500000	0	0	8	cluster_8	0.9616
10067	Spectrogram 1	1	16163.250000	16163.750000	0	0	noise	cluster_noise	0.0000
10068	Spectrogram 1	1	16163.500000	16164.000000	0	0	8	cluster_8	0.8772
10069	Spectrogram 1	1	16163.750000	16164.250000	0	0	noise	cluster_noise	0.0000
10070	Spectrogram 1	1	16164.000000	16172.750000	0	0	9	cluster_9	0.9788
10071	Spectrogram 1	1	16172.500000	16173.000000	0	0	noise	cluster_noise	0.0000
10072	Spectrogram 1	1	16172.750000	16174.000000	0	0	9	cluster_9	0.9646
10073	Spectrogram 1	1	16173.750000	16174.250000	0	0	noise	cluster_noise	0.0000
10074	Spectrogram 1	1	16174.000000	16175.250000	0	0	8	cluster_8	0.8806
10075	Spectrogram 1	1	16175.000000	16176.750000	0	0	9	cluster_9	1.0000
10076	Spectrogram 1	1	16176.500000	16178.000000	0	0	0	cluster_0	0.9112
10077	Spectrogram 1	1	16177.750000	16179.250000	0	0	9	cluster_9	1.0000
10078	Spectrogram 1	1	16179.000000	16179.500000	0	0	noise	cluster_noise	0.0000
10079	Spectrogram 1	1	16200.000000	16201.500000	0	0	9	cluster_9	0.9948
10080	Spectrogram 1	1	16205.000000	16206.250000	0	0	0	cluster_0	0.9565
10081	Spectrogram 1	1	16206.000000	16267.500000	0	0	9	cluster_9	1.0000
10082	Spectrogram 1	1	16267.250000	16267.750000	0	0	noise	cluster_noise	0.0000
10083	Spectrogram 1	1	16267.500000	16268.750000	0	0	6	cluster_6	0.7476
10084	Spectrogram 1	1	16268.500000	16269.000000	0	0	2	cluster_2	1.0000
10085	Spectrogram 1	1	16268.750000	16270.000000	0	0	9	cluster_9	0.9420
10086	Spectrogram 1	1	16269.750000	16270.250000	0	0	noise	cluster_noise	0.0000
10087	Spectrogram 1	1	16270.000000	16270.500000	0	0	8	cluster_8	0.8754
10088	Spectrogram 1	1	16284.000000	16285.000000	0	0	9	cluster_9	1.0000
10089	Spectrogram 1	1	16284.750000	16285.500000	0	0	noise	cluster_noise	0.0000
10090	Spectrogram 1	1	16285.250000	16285.750000	0	0	10	cluster_10	0.5360
10091	Spectrogram 1	1	16285.500000	16286.750000	0	0	9	cluster_9	0.9980
10092	Spectrogram 1	1	16286.500000	16287.500000	0	0	noise	cluster_noise	0.0000
10093	Spectrogram 1	1	16298.000000	16298.750000	0	0	9	cluster_9	1.0000
10094	Spectrogram 1	1	16298.500000	16299.500000	0	0	noise	cluster_noise	0.0000
10095	Spectrogram 1	1	16299.250000	16300.500000	0	0	9	cluster_9	1.0000
10096	Spectrogram 1	1	16300.250000	16301.250000	0	0	noise	cluster_noise	0.0000
10097	Spectrogram 1	1	16301.000000	16301.500000	0	0	9	cluster_9	1.0000
10098	Spectrogram 1	1	16312.000000	16312.500000	0	0	2	cluster_2	1.0000
10099	Spectrogram 1	1	16312.250000	16313.750000	0	0	9	cluster_9	1.0000
10100	Spectrogram 1	1	16313.500000	16314.500000	0	0	noise	cluster_noise	0.0000
10101	Spectrogram 1	1	16314.250000	16315.500000	0	0	9	cluster_9	1.0000
10102	Spectrogram 1	1	16315.250000	16327.500000	0	0	noise	cluster_noise	0.0000
10103	Spectrogram 1	1	16327.250000	16328.250000	0	0	6	cluster_6	0.9643
10104	Spectrogram 1	1	16328.000000	16328.500000	0	0	2	cluster_2	0.8238
10105	Spectrogram 1	1	16328.250000	16329.750000	0	0	9	cluster_9	0.9824
10106	Spectrogram 1	1	16329.500000	16330.500000	0	0	noise	cluster_noise	0.0000
10107	Spectrogram 1	1	16330.250000	16337.500000	0	0	9	cluster_9	0.9971
10108	Spectrogram 1	1	16337.250000	16338.250000	0	0	noise	cluster_noise	0.0000
10109	Spectrogram 1	1	16338.000000	16340.250000	0	0	9	cluster_9	0.9936
10110	Spectrogram 1	1	16340.000000	16340.500000	0	0	noise	cluster_noise	0.0000
10111	Spectrogram 1	1	16340.250000	16341.500000	0	0	6	cluster_6	0.9969
10112	Spectrogram 1	1	16341.250000	16341.750000	0	0	2	cluster_2	0.9924
10113	Spectrogram 1	1	16341.500000	16344.250000	0	0	9	cluster_9	0.9997
10114	Spectrogram 1	1	16344.000000	16344.500000	0	0	noise	cluster_noise	0.0000
10115	Spectrogram 1	1	16344.250000	16345.000000	0	0	6	cluster_6	0.8555
10116	Spectrogram 1	1	16344.750000	16345.250000	0	0	2	cluster_2	0.8778
10117	Spectrogram 1	1	16345.000000	16346.500000	0	0	9	cluster_9	1.0000
10118	Spectrogram 1	1	16346.250000	16347.000000	0	0	noise	cluster_noise	0.0000
10119	Spectrogram 1	1	16346.750000	16351.000000	0	0	9	cluster_9	0.9505
10120	Spectrogram 1	1	16350.750000	16351.250000	0	0	noise	cluster_noise	0.0000
10121	Spectrogram 1	1	16351.000000	16352.250000	0	0	9	cluster_9	0.8867
10122	Spectrogram 1	1	16352.000000	16352.500000	0	0	noise	cluster_noise	0.0000
10123	Spectrogram 1	1	16352.250000	16352.750000	0	0	9	cluster_9	0.7580
10124	Spectrogram 1	1	16352.500000	16353.000000	0	0	noise	cluster_noise	0.0000
10125	Spectrogram 1	1	16352.750000	16355.250000	0	0	9	cluster_9	0.9802
10126	Spectrogram 1	1	16355.000000	16356.250000	0	0	6	cluster_6	0.9736
10127	Spectrogram 1	1	16356.000000	16356.500000	0	0	2	cluster_2	0.8601
10128	Spectrogram 1	1	16356.250000	16356.750000	0	0	9	cluster_9	1.0000
10129	Spectrogram 1	1	16356.500000	16357.000000	0	0	noise	cluster_noise	0.0000
10130	Spectrogram 1	1	16356.750000	16361.500000	0	0	9	cluster_9	1.0000
10131	Spectrogram 1	1	16363.000000	16364.500000	0	0	noise	cluster_noise	0.0000
10132	Spectrogram 1	1	16364.250000	16364.750000	0	0	7	cluster_7	0.6528
10133	Spectrogram 1	1	16364.500000	16365.000000	0	0	noise	cluster_noise	0.0000
10134	Spectrogram 1	1	16364.750000	16366.500000	0	0	9	cluster_9	1.0000
10135	Spectrogram 1	1	16366.250000	16367.000000	0	0	noise	cluster_noise	0.0000
10136	Spectrogram 1	1	16366.750000	16367.250000	0	0	6	cluster_6	0.9664
10137	Spectrogram 1	1	16367.000000	16367.500000	0	0	noise	cluster_noise	0.0000
10138	Spectrogram 1	1	16367.250000	16367.750000	0	0	2	cluster_2	0.9266
10139	Spectrogram 1	1	16367.500000	16368.500000	0	0	noise	cluster_noise	0.0000
10140	Spectrogram 1	1	16368.250000	16373.500000	0	0	9	cluster_9	0.9754
10141	Spectrogram 1	1	16373.250000	16373.750000	0	0	noise	cluster_noise	0.0000
10142	Spectrogram 1	1	16373.500000	16374.500000	0	0	7	cluster_7	0.6854
10143	Spectrogram 1	1	16377.000000	16378.250000	0	0	noise	cluster_noise	0.0000
10144	Spectrogram 1	1	16378.000000	16380.000000	0	0	9	cluster_9	1.0000
10145	Spectrogram 1	1	16379.750000	16380.500000	0	0	2	cluster_2	0.9909
10146	Spectrogram 1	1	16380.250000	16381.000000	0	0	9	cluster_9	0.9038
10147	Spectrogram 1	1	16380.750000	16382.000000	0	0	noise	cluster_noise	0.0000
10148	Spectrogram 1	1	16381.750000	16385.500000	0	0	9	cluster_9	0.9854
10149	Spectrogram 1	1	16389.000000	16390.000000	0	0	noise	cluster_noise	0.0000
10150	Spectrogram 1	1	16389.750000	16392.000000	0	0	9	cluster_9	0.9708
10151	Spectrogram 1	1	16391.750000	16394.250000	0	0	6	cluster_6	0.9746
10152	Spectrogram 1	1	16394.000000	16394.500000	0	0	2	cluster_2	0.9271
10153	Spectrogram 1	1	16394.250000	16395.250000	0	0	9	cluster_9	0.9055
10154	Spectrogram 1	1	16395.000000	16396.000000	0	0	noise	cluster_noise	0.0000
10155	Spectrogram 1	1	16395.750000	16397.750000	0	0	9	cluster_9	0.9875
10156	Spectrogram 1	1	16397.500000	16398.250000	0	0	noise	cluster_noise	0.0000
10157	Spectrogram 1	1	16398.000000	16399.000000	0	0	9	cluster_9	0.9183
10158	Spectrogram 1	1	16398.750000	16402.750000	0	0	noise	cluster_noise	0.0000
10159	Spectrogram 1	1	16402.500000	16404.750000	0	0	9	cluster_9	0.9901
10160	Spectrogram 1	1	16404.500000	16406.500000	0	0	6	cluster_6	0.9623
10161	Spectrogram 1	1	16406.250000	16406.750000	0	0	2	cluster_2	0.8256
10162	Spectrogram 1	1	16406.500000	16407.000000	0	0	noise	cluster_noise	0.0000
10163	Spectrogram 1	1	16406.750000	16421.250000	0	0	9	cluster_9	0.9712
10164	Spectrogram 1	1	16421.000000	16421.500000	0	0	noise	cluster_noise	0.0000
10165	Spectrogram 1	1	16426.000000	16428.750000	0	0	1	cluster_1	0.6845
10166	Spectrogram 1	1	16428.500000	16434.500000	0	0	9	cluster_9	0.9973
10167	Spectrogram 1	1	16440.000000	16440.500000	0	0	noise	cluster_noise	0.0000
10168	Spectrogram 1	1	16440.250000	16443.000000	0	0	1	cluster_1	0.6205
10169	Spectrogram 1	1	16442.750000	16443.500000	0	0	noise	cluster_noise	0.0000
10170	Spectrogram 1	1	16443.250000	16444.500000	0	0	9	cluster_9	0.9451
10171	Spectrogram 1	1	16444.250000	16445.000000	0	0	noise	cluster_noise	0.0000
10172	Spectrogram 1	1	16444.750000	16446.250000	0	0	9	cluster_9	1.0000
10173	Spectrogram 1	1	16446.000000	16447.250000	0	0	noise	cluster_noise	0.0000
10174	Spectrogram 1	1	16447.000000	16449.000000	0	0	9	cluster_9	0.9704
10175	Spectrogram 1	1	16448.750000	16449.500000	0	0	noise	cluster_noise	0.0000
10176	Spectrogram 1	1	16449.250000	16451.750000	0	0	9	cluster_9	0.9745
10177	Spectrogram 1	1	16451.500000	16453.000000	0	0	1	cluster_1	0.6688
10178	Spectrogram 1	1	16452.750000	16461.750000	0	0	9	cluster_9	0.9923
10179	Spectrogram 1	1	16461.500000	16462.000000	0	0	noise	cluster_noise	0.0000
10180	Spectrogram 1	1	16461.750000	16462.250000	0	0	1	cluster_1	0.5177
10181	Spectrogram 1	1	16462.000000	16462.500000	0	0	noise	cluster_noise	0.0000
10182	Spectrogram 1	1	16462.250000	16462.750000	0	0	1	cluster_1	0.4665
10183	Spectrogram 1	1	16462.500000	16463.250000	0	0	noise	cluster_noise	0.0000
10184	Spectrogram 1	1	16463.000000	16465.750000	0	0	9	cluster_9	0.9790
10185	Spectrogram 1	1	16465.500000	16466.500000	0	0	1	cluster_1	0.6224
10186	Spectrogram 1	1	16468.000000	16469.250000	0	0	9	cluster_9	1.0000
10187	Spectrogram 1	1	16469.000000	16469.500000	0	0	noise	cluster_noise	0.0000
10188	Spectrogram 1	1	16469.250000	16471.500000	0	0	9	cluster_9	0.9994
10189	Spectrogram 1	1	16471.250000	16472.000000	0	0	noise	cluster_noise	0.0000
10190	Spectrogram 1	1	16471.750000	16473.750000	0	0	9	cluster_9	0.9836
10191	Spectrogram 1	1	16473.500000	16474.250000	0	0	noise	cluster_noise	0.0000
10192	Spectrogram 1	1	16474.000000	16476.000000	0	0	9	cluster_9	1.0000
10193	Spectrogram 1	1	16475.750000	16476.500000	0	0	noise	cluster_noise	0.0000
10194	Spectrogram 1	1	16476.250000	16486.000000	0	0	9	cluster_9	0.9930
10195	Spectrogram 1	1	16485.750000	16486.500000	0	0	noise	cluster_noise	0.0000
10196	Spectrogram 1	1	16486.250000	16489.000000	0	0	9	cluster_9	0.9896
10197	Spectrogram 1	1	16488.750000	16489.500000	0	0	noise	cluster_noise	0.0000
10198	Spectrogram 1	1	16489.250000	16508.750000	0	0	9	cluster_9	0.9812
10199	Spectrogram 1	1	16508.500000	16509.250000	0	0	noise	cluster_noise	0.0000
10200	Spectrogram 1	1	16509.000000	16512.000000	0	0	9	cluster_9	1.0000
10201	Spectrogram 1	1	16511.750000	16512.500000	0	0	noise	cluster_noise	0.0000
10202	Spectrogram 1	1	16517.000000	16517.750000	0	0	9	cluster_9	1.0000
10203	Spectrogram 1	1	16517.500000	16518.250000	0	0	noise	cluster_noise	0.0000
10204	Spectrogram 1	1	16518.000000	16518.500000	0	0	9	cluster_9	0.9704
10205	Spectrogram 1	1	16518.250000	16518.750000	0	0	noise	cluster_noise	0.0000
10206	Spectrogram 1	1	16518.500000	16519.750000	0	0	9	cluster_9	0.9829
10207	Spectrogram 1	1	16519.500000	16520.250000	0	0	noise	cluster_noise	0.0000
10208	Spectrogram 1	1	16520.000000	16522.500000	0	0	9	cluster_9	0.9607
10209	Spectrogram 1	1	16529.000000	16530.250000	0	0	noise	cluster_noise	0.0000
10210	Spectrogram 1	1	16530.000000	16533.250000	0	0	9	cluster_9	0.9852
10211	Spectrogram 1	1	16533.000000	16533.500000	0	0	noise	cluster_noise	0.0000
10212	Spectrogram 1	1	16542.000000	16546.750000	0	0	9	cluster_9	0.9973
10213	Spectrogram 1	1	16546.500000	16547.000000	0	0	8	cluster_8	1.0000
10214	Spectrogram 1	1	16546.750000	16547.500000	0	0	noise	cluster_noise	0.0000
10215	Spectrogram 1	1	16554.000000	16556.500000	0	0	9	cluster_9	1.0000
10216	Spectrogram 1	1	16556.250000	16557.250000	0	0	8	cluster_8	0.9873
10217	Spectrogram 1	1	16557.000000	16559.750000	0	0	9	cluster_9	0.9593
10218	Spectrogram 1	1	16559.500000	16560.250000	0	0	noise	cluster_noise	0.0000
10219	Spectrogram 1	1	16560.000000	16583.250000	0	0	9	cluster_9	0.9906
10220	Spectrogram 1	1	16583.000000	16583.750000	0	0	noise	cluster_noise	0.0000
10221	Spectrogram 1	1	16583.500000	16608.500000	0	0	9	cluster_9	1.0000
10222	Spectrogram 1	1	16608.250000	16608.750000	0	0	noise	cluster_noise	0.0000
10223	Spectrogram 1	1	16608.500000	16609.250000	0	0	7	cluster_7	0.6759
10224	Spectrogram 1	1	16609.000000	16614.250000	0	0	9	cluster_9	0.9702
10225	Spectrogram 1	1	16614.000000	16614.750000	0	0	noise	cluster_noise	0.0000
10226	Spectrogram 1	1	16614.500000	16615.500000	0	0	9	cluster_9	0.9918
