embedder_type,window_sec,hop_sec,perch_padding,umap_dims,mcs,eps,n_clusters,noise_pct,dbcv,median_sz,min_sz,max_sz,t_umap_s,t_hdbscan_s,detsim,nmi,ari,homog,mean_total_score
perch,3.0,1.5,repeat,10,50,0.0,22,10.6,0.4231,357,51,1459,10.6,0.8,0.8377,0.7348,0.6514,0.7308,0.738675
perch,3.0,1.5,repeat,2,50,0.0,24,12.3,0.2986,306,51,1154,25.2,0.7,0.814,0.7277,0.651,0.7428,0.733875
perch,2.0,1.0,repeat,10,50,0.0,23,18.0,0.2925,429,63,2185,16.5,5.8,0.7896,0.7365,0.6665,0.7385,0.7327750000000001
perch,3.0,1.5,repeat,30,100,0.0,15,12.7,0.4102,662,151,1525,11.9,1.0,0.8171,0.7382,0.6587,0.7169,0.732725
perch,3.0,1.5,repeat,20,50,0.0,20,10.9,0.4366,379,56,1503,11.0,1.0,0.8263,0.7333,0.6447,0.7238,0.7320249999999999
perch,3.0,1.5,repeat,30,50,0.0,20,11.2,0.4963,381,56,1513,11.9,1.0,0.8265,0.7325,0.6419,0.723,0.730975
perch,3.0,1.5,repeat,5,50,0.0,21,13.0,0.5673,375,57,1467,9.7,0.8,0.812,0.7326,0.6454,0.727,0.72925
perch,2.0,0.5,repeat,5,200,0.0,17,18.4,0.5143,1506,274,4381,31.6,8.8,0.7914,0.737,0.6666,0.72,0.72875
perch,2.0,0.5,repeat,2,100,0.0,24,11.9,0.408,928,147,3087,43.0,5.2,0.8266,0.7122,0.6507,0.7248,0.7285750000000001
perch,3.0,2.0,repeat,2,100,0.0,14,10.8,0.3458,494,164,1153,29.9,0.7,0.8387,0.7274,0.6474,0.699,0.7281249999999999
perch,3.0,1.5,repeat,15,100,0.0,15,15.6,0.3869,632,140,1510,10.9,1.0,0.7846,0.7435,0.6607,0.7226,0.72785
perch,3.0,1.0,zero,30,100,0.0,17,12.2,0.392,829,105,2448,18.8,5.9,0.8272,0.7354,0.6286,0.7201,0.727825
perch,3.0,1.0,zero,20,100,0.0,17,12.8,0.3089,834,104,2444,16.4,5.8,0.8229,0.7357,0.6306,0.7206,0.72745
perch,3.0,1.0,zero,10,100,0.0,17,12.2,0.4839,808,105,2446,15.6,5.6,0.8263,0.7344,0.6282,0.7179,0.7267000000000001
perch,2.5,1.5,zero,2,50,0.0,24,12.1,0.3566,305,52,1552,25.6,0.7,0.8443,0.7117,0.632,0.715,0.72575
perch,3.0,1.5,repeat,2,100,0.0,15,12.4,0.4141,618,160,1544,25.2,0.8,0.8192,0.7299,0.6419,0.7094,0.7251000000000001
perch,2.5,1.0,zero,5,50,0.0,25,16.9,0.4005,390,58,2325,15.3,5.5,0.7953,0.7282,0.6456,0.7305,0.7249
perch,2.0,0.25,repeat,10,200,0.0,24,14.6,0.3334,1767,243,8394,67.5,7.2,0.8031,0.7218,0.6497,0.7227,0.7243250000000001
perch,3.0,1.0,repeat,30,50,0.0,25,12.6,0.4741,305,54,2328,19.0,5.8,0.8124,0.73,0.6209,0.7336,0.724225
perch,2.5,0.5,zero,15,200,0.0,16,20.7,0.3422,1580,334,4591,36.3,6.5,0.7701,0.7418,0.661,0.7237,0.7241500000000001
perch,3.0,1.0,zero,5,100,0.0,17,11.7,0.3924,859,103,2448,14.7,5.5,0.8284,0.731,0.6219,0.7151,0.7241000000000001
perch,2.0,0.5,repeat,15,50,0.0,31,13.3,0.3683,319,60,4200,36.1,6.0,0.8077,0.7152,0.646,0.724,0.723225
perch,3.0,1.0,repeat,20,200,0.0,14,13.8,0.3972,1026,306,2330,16.2,5.7,0.8079,0.7348,0.6433,0.7066,0.72315
perch,2.5,1.0,repeat,30,50,0.0,19,7.4,0.4429,698,71,2390,19.5,5.4,0.8601,0.7113,0.6177,0.696,0.7212750000000001
perch,2.0,0.5,repeat,2,50,0.0,46,16.9,0.4527,214,61,3087,43.0,5.1,0.7813,0.7004,0.6512,0.7511,0.7210000000000001
perch,2.5,1.0,repeat,5,200,0.0,15,16.6,0.4182,936,289,2392,15.0,6.4,0.7841,0.7366,0.6466,0.7161,0.72085
perch,2.5,1.0,zero,15,50,0.0,28,19.1,0.3936,304,62,2316,17.2,6.0,0.7793,0.7254,0.638,0.7388,0.720375
perch,2.5,0.5,repeat,5,100,0.0,29,17.5,0.4094,417,111,4781,29.3,7.7,0.7864,0.7318,0.6171,0.7452,0.720125
perch,2.0,0.25,repeat,5,200,0.0,24,13.9,0.343,1759,245,8786,64.6,10.7,0.804,0.7156,0.6424,0.7168,0.7197
perch,2.5,1.0,zero,15,200,0.0,15,16.2,0.4272,835,223,2316,17.2,6.1,0.7966,0.7274,0.6431,0.7084,0.718875
perch,2.0,0.5,repeat,10,50,0.0,33,15.3,0.4824,257,76,4488,33.6,5.6,0.7982,0.7134,0.6402,0.7223,0.7185250000000001
perch,3.0,1.5,zero,15,50,0.0,18,11.3,0.3754,491,62,1625,11.0,0.3,0.835,0.7215,0.6124,0.7047,0.7183999999999999
perch,2.5,1.0,repeat,15,50,0.0,20,9.4,0.4971,624,71,2393,16.7,6.6,0.8444,0.7133,0.614,0.7019,0.7183999999999999
perch,2.0,0.25,repeat,20,200,0.0,25,16.6,0.456,1509,228,8522,72.4,8.9,0.78,0.7192,0.6504,0.7233,0.718225
perch,3.0,1.0,zero,10,50,0.0,21,10.0,0.3153,515,54,2446,15.6,5.5,0.8479,0.7165,0.6036,0.7048,0.7182000000000001
perch,3.0,1.5,zero,5,50,0.0,19,11.3,0.4259,461,50,1626,9.9,0.3,0.8363,0.7193,0.6134,0.7037,0.718175
perch,2.5,1.5,zero,5,50,0.0,23,16.0,0.3588,277,57,1602,10.7,0.8,0.7995,0.719,0.6319,0.7202,0.7176499999999999
perch,2.5,1.0,zero,2,50,0.0,26,11.4,0.3144,399,59,2319,29.3,5.2,0.8467,0.6965,0.6186,0.707,0.7172000000000001
perch,2.5,1.0,zero,20,200,0.0,15,17.6,0.2321,813,237,2324,16.9,6.0,0.7843,0.7297,0.6421,0.7124,0.717125
perch,3.0,1.0,zero,2,50,0.0,27,11.2,0.4398,286,51,2455,29.6,5.5,0.8302,0.7134,0.6018,0.722,0.71685
perch,2.5,1.0,repeat,5,50,0.0,20,8.2,0.3588,647,67,2392,15.0,6.3,0.8565,0.707,0.609,0.6947,0.7168
perch,2.5,0.5,repeat,10,100,0.0,27,15.0,0.3023,499,118,4781,31.9,5.6,0.8158,0.7186,0.6147,0.7181,0.7167999999999999
perch,3.0,1.5,zero,5,100,0.0,15,15.5,0.3885,548,173,1626,9.9,0.3,0.7967,0.7308,0.6294,0.7099,0.7166999999999999
perch,2.0,0.25,repeat,15,100,0.0,37,15.2,0.2154,460,111,8429,72.8,7.4,0.8014,0.7077,0.6296,0.7278,0.7166250000000001
perch,2.5,1.0,zero,10,200,0.0,15,18.2,0.3035,806,229,2324,16.0,7.0,0.7767,0.7313,0.6445,0.714,0.716625
perch,3.0,1.0,zero,20,50,0.0,21,11.1,0.3883,502,54,2444,16.4,5.7,0.836,0.718,0.6044,0.7075,0.716475
perch,2.0,0.5,zero,10,100,0.0,29,23.9,0.3724,582,100,3476,33.0,5.9,0.7209,0.7233,0.6754,0.7453,0.716225
perch,3.0,1.5,zero,15,100,0.0,15,16.3,0.3286,546,165,1625,11.0,0.4,0.7896,0.7323,0.6305,0.7118,0.7160500000000001
perch,2.5,0.5,zero,20,200,0.0,16,17.2,0.2405,1559,209,4662,34.8,6.5,0.8,0.7215,0.6388,0.7037,0.7160000000000001
perch,3.0,1.5,zero,10,100,0.0,16,14.5,0.4028,544,105,1628,10.5,0.4,0.8038,0.7269,0.6225,0.7102,0.71585
perch,2.5,1.0,repeat,5,100,0.0,15,11.7,0.3807,1005,141,2392,15.0,6.3,0.8208,0.7208,0.6243,0.6972,0.7157749999999999
perch,3.0,1.0,repeat,2,50,0.0,30,14.2,0.2484,179,59,2322,29.0,5.3,0.7964,0.7202,0.6049,0.7412,0.7156750000000001
perch,3.0,1.0,repeat,10,50,0.0,23,9.5,0.4459,379,55,3106,15.8,5.5,0.8699,0.7226,0.578,0.6921,0.71565
perch,3.0,1.0,zero,30,200,0.0,15,15.5,0.3696,821,250,2448,18.8,5.9,0.7946,0.7298,0.628,0.7086,0.71525
perch,3.0,1.0,zero,10,200,0.0,15,16.2,0.3796,815,251,2446,15.6,5.7,0.7898,0.7309,0.6289,0.7108,0.7151
perch,3.0,1.5,zero,20,100,0.0,15,16.0,0.3935,541,168,1628,10.8,0.5,0.7927,0.7302,0.6277,0.7095,0.715025
perch,2.5,1.0,repeat,2,100,0.0,17,12.6,0.4253,823,107,2404,29.8,5.2,0.8138,0.7171,0.6249,0.7036,0.71485
perch,2.0,0.5,repeat,30,50,0.0,34,14.6,0.5062,267,51,4430,41.6,6.3,0.8044,0.7058,0.6289,0.7189,0.7145
perch,2.5,1.0,repeat,15,100,0.0,15,9.9,0.3615,1004,150,2394,16.7,6.6,0.8336,0.7126,0.6198,0.6907,0.714175
perch,2.5,0.5,repeat,15,100,0.0,26,14.0,0.4331,531,100,4779,34.2,5.7,0.8197,0.7148,0.6116,0.7099,0.714
perch,3.0,1.5,repeat,15,50,0.0,20,10.4,0.3054,351,51,2104,10.9,0.9,0.8537,0.7244,0.5882,0.6891,0.7138500000000001
perch,2.5,1.0,zero,20,100,0.0,17,15.2,0.3605,734,101,2324,16.9,5.9,0.7924,0.7226,0.6276,0.7114,0.7135
perch,3.0,1.0,repeat,20,50,0.0,23,8.5,0.439,378,52,3252,16.2,5.6,0.8768,0.7191,0.57,0.6879,0.7134499999999999
perch,2.5,1.0,repeat,10,50,0.0,21,10.4,0.431,537,71,2388,15.6,4.9,0.8318,0.7104,0.6085,0.7025,0.7133
perch,2.0,0.5,repeat,5,50,0.0,35,15.6,0.5328,244,56,4457,31.6,8.3,0.7921,0.7067,0.6325,0.7206,0.712975
perch,2.5,0.5,zero,5,200,0.0,16,15.6,0.2797,1509,206,4685,29.8,6.8,0.8128,0.7142,0.6293,0.6955,0.71295
perch,2.0,0.25,repeat,15,200,0.0,25,16.2,0.2973,1509,263,8441,72.8,7.8,0.7823,0.7121,0.6358,0.7208,0.71275
perch,2.0,0.5,repeat,10,100,0.0,22,15.2,0.5442,833,107,4468,33.6,5.6,0.8031,0.717,0.6288,0.7013,0.71255
perch,2.0,0.5,repeat,20,50,0.0,35,15.2,0.5149,245,51,4456,35.0,6.7,0.7958,0.7059,0.6292,0.7193,0.71255
perch,2.5,0.5,repeat,30,50,0.0,41,13.9,0.4561,239,53,4783,43.7,6.0,0.8165,0.7049,0.5902,0.7351,0.711675
perch,2.5,0.5,repeat,30,100,0.0,27,16.7,0.4355,574,123,4783,43.7,6.1,0.794,0.7191,0.6068,0.7263,0.7115500000000001
perch,3.0,1.0,zero,2,100,0.0,16,9.6,0.393,866,167,2455,29.6,5.6,0.8445,0.7084,0.6028,0.6902,0.7114750000000001
perch,3.0,1.5,repeat,20,100,0.0,14,11.6,0.3622,661,148,1508,11.0,1.0,0.8239,0.719,0.6191,0.6839,0.711475
perch,3.0,1.0,zero,30,50,0.0,24,15.3,0.4938,342,56,2448,18.8,5.9,0.7924,0.7241,0.6036,0.7252,0.711325
perch,2.5,0.5,zero,20,100,0.0,28,21.4,0.4763,389,108,4703,34.8,6.2,0.7505,0.7268,0.6324,0.7338,0.710875
perch,2.0,0.5,repeat,20,100,0.0,23,14.1,0.6481,801,105,4456,35.0,6.8,0.8041,0.7132,0.626,0.6991,0.7106
perch,2.0,0.5,zero,5,50,0.0,35,16.2,0.3068,329,68,3844,31.2,5.4,0.7837,0.6971,0.6392,0.7205,0.710125
perch,2.5,0.5,repeat,10,50,0.0,42,14.8,0.501,283,70,4781,31.9,5.5,0.8037,0.7035,0.5889,0.7444,0.7101249999999999
perch,2.5,1.0,repeat,2,50,0.0,20,7.2,0.3425,575,86,2404,29.8,5.1,0.8493,0.6975,0.6004,0.6924,0.7099000000000001
perch,2.5,1.5,repeat,30,200,0.0,13,12.4,0.4323,678,262,1522,12.3,1.2,0.8037,0.7157,0.6303,0.6889,0.70965
perch,2.0,0.5,repeat,15,100,0.0,22,14.2,0.5395,833,139,4440,36.1,6.1,0.8025,0.7114,0.6269,0.6963,0.709275
perch,2.0,0.25,repeat,5,100,0.0,40,16.0,0.2402,395,113,8583,64.6,10.1,0.7884,0.7005,0.6256,0.7219,0.7091000000000001
perch,2.5,0.5,repeat,20,200,0.0,14,11.6,0.3235,1787,738,4780,33.8,6.1,0.8183,0.7149,0.613,0.6893,0.7088749999999999
perch,2.0,0.25,repeat,10,100,0.0,42,17.1,0.4258,369,110,8537,67.5,6.7,0.7814,0.7012,0.6273,0.7253,0.7088
perch,3.0,1.0,zero,5,200,0.0,15,16.9,0.3573,822,254,2448,14.7,5.5,0.78,0.727,0.6207,0.707,0.7086749999999999
perch,2.5,0.5,repeat,30,200,0.0,14,11.9,0.4572,1771,732,4783,43.7,6.4,0.8138,0.7159,0.614,0.6902,0.708475
perch,2.5,0.5,zero,30,100,0.0,27,20.3,0.4386,551,108,4696,40.1,7.8,0.7534,0.7212,0.6283,0.7288,0.707925
perch,2.5,1.5,repeat,10,50,0.0,17,9.5,0.2934,521,61,1605,10.4,0.9,0.8275,0.7086,0.6051,0.6903,0.707875
perch,2.5,0.5,repeat,15,50,0.0,45,15.7,0.5072,260,52,4779,34.2,5.7,0.7968,0.7025,0.5883,0.7433,0.707725
perch,2.0,0.5,zero,30,50,0.0,35,19.6,0.2929,328,64,3771,42.0,7.8,0.7567,0.705,0.6403,0.7285,0.707625
perch,2.5,0.5,repeat,10,200,0.0,14,11.1,0.4466,1791,774,4781,31.9,5.9,0.8198,0.713,0.6098,0.6874,0.7075
perch,2.0,0.25,repeat,30,200,0.0,24,14.8,0.3098,1579,212,8789,86.5,9.1,0.7996,0.7029,0.6223,0.7047,0.707375
perch,3.0,1.0,repeat,5,50,0.0,18,5.5,0.2603,631,95,3105,14.6,5.7,0.8798,0.7084,0.5653,0.675,0.707125
perch,3.0,0.5,zero,15,100,0.0,20,12.0,0.4574,1216,106,4823,33.7,7.8,0.8476,0.7031,0.5899,0.6878,0.7071000000000001
perch,2.0,0.25,repeat,2,200,0.0,27,13.1,0.358,1712,221,6233,68.9,6.2,0.8185,0.6892,0.6111,0.7092,0.7070000000000001
perch,3.0,1.0,repeat,2,200,0.0,13,8.6,0.2613,970,304,3228,29.0,5.5,0.8552,0.7188,0.5831,0.6706,0.7069249999999999
perch,2.5,0.5,zero,5,50,0.0,42,20.3,0.3759,223,50,4710,29.8,6.4,0.7663,0.7128,0.6022,0.7451,0.7065999999999999
perch,2.0,0.5,repeat,2,200,0.0,14,14.5,0.6075,1828,600,4937,43.0,5.5,0.775,0.7169,0.6351,0.6993,0.706575
perch,3.0,3.0,zero,20,100,0.0,14,13.6,0.3876,305,116,792,12.5,0.8,0.8048,0.7174,0.612,0.6908,0.7062499999999999
perch,2.0,1.0,zero,15,100,0.0,20,20.6,0.2075,573,149,2129,17.5,6.3,0.7479,0.709,0.6543,0.7129,0.706025
perch,2.0,0.25,zero,10,200,0.0,24,15.4,0.3215,1620,233,8360,67.5,8.7,0.7875,0.6978,0.637,0.7014,0.705925
perch,3.0,3.0,zero,30,50,0.0,14,10.4,0.3857,326,117,812,14.7,0.8,0.8303,0.7088,0.6032,0.6814,0.7059249999999999
perch,2.5,0.5,repeat,5,50,0.0,41,15.5,0.5549,229,52,4781,29.3,7.7,0.8006,0.7078,0.5863,0.7284,0.705775
perch,3.0,1.5,zero,2,100,0.0,15,12.2,0.3374,589,192,1630,25.5,0.3,0.8217,0.7076,0.6054,0.6879,0.70565
perch,3.0,3.0,zero,30,100,0.0,14,13.8,0.375,300,117,812,14.7,0.9,0.8051,0.7184,0.6087,0.6902,0.7056
perch,2.0,0.5,repeat,20,200,0.0,13,11.4,0.3167,1937,801,5062,35.0,7.1,0.7968,0.7126,0.6253,0.6867,0.7053499999999999
perch,3.0,1.0,repeat,15,200,0.0,13,10.3,0.3683,951,301,3104,16.6,5.8,0.8432,0.7207,0.5855,0.6719,0.705325
perch,3.0,1.5,zero,5,200,0.0,13,11.9,0.4138,715,235,1626,9.9,0.5,0.8425,0.7085,0.5991,0.6708,0.705225
perch,2.0,1.0,zero,30,100,0.0,20,19.9,0.3532,595,145,2136,20.8,6.2,0.7507,0.7071,0.6517,0.7108,0.7050749999999999
perch,3.0,1.0,repeat,30,200,0.0,13,10.4,0.4177,952,305,3043,19.0,5.9,0.8416,0.7201,0.5873,0.6712,0.70505
perch,2.5,1.0,zero,5,100,0.0,16,12.0,0.3936,799,102,2417,15.3,5.6,0.8108,0.7125,0.6,0.6964,0.704925
perch,3.0,1.5,zero,30,200,0.0,13,12.5,0.4899,702,225,1628,12.1,0.7,0.8355,0.7105,0.6007,0.6729,0.7049000000000001
perch,2.0,0.5,zero,15,50,0.0,36,19.2,0.2903,344,64,4132,35.8,5.9,0.7588,0.7018,0.6285,0.7304,0.7048749999999999
perch,3.0,1.5,zero,2,200,0.0,14,16.2,0.409,549,234,1630,25.5,0.4,0.7973,0.7166,0.6179,0.6874,0.7048000000000001
perch,3.0,3.0,zero,20,50,0.0,14,11.1,0.4061,309,116,792,12.5,0.8,0.8257,0.7062,0.6065,0.6804,0.7047
perch,3.0,3.0,zero,10,50,0.0,15,9.5,0.3895,280,51,809,12.8,0.8,0.8395,0.7023,0.5976,0.6791,0.7046250000000001
perch,3.0,1.0,repeat,10,200,0.0,13,9.9,0.3224,947,302,3100,15.8,5.6,0.8489,0.7181,0.581,0.67,0.7044999999999999
perch,3.0,2.0,zero,10,50,0.0,18,11.8,0.3849,358,65,1212,17.0,0.7,0.821,0.7027,0.5978,0.6961,0.7043999999999999
perch,3.0,1.0,zero,2,200,0.0,13,9.9,0.45,1142,318,2455,29.6,5.6,0.85,0.7038,0.5967,0.6669,0.70435
perch,2.5,1.5,repeat,30,50,0.0,16,7.7,0.5419,609,60,1611,12.3,1.1,0.8433,0.7002,0.5956,0.678,0.704275
perch,3.0,1.5,zero,15,200,0.0,13,13.0,0.5729,708,236,1625,11.0,0.6,0.8289,0.7119,0.6019,0.6742,0.704225
perch,2.5,1.0,zero,5,200,0.0,14,14.2,0.3694,898,243,2326,15.3,5.6,0.8128,0.7084,0.6137,0.6809,0.70395
perch,2.5,1.5,repeat,15,50,0.0,16,8.6,0.3156,591,58,1609,11.3,1.1,0.8357,0.7023,0.5967,0.6804,0.703775
perch,2.0,0.25,zero,15,200,0.0,23,15.8,0.3664,1676,226,8069,72.3,9.9,0.7864,0.6939,0.637,0.6978,0.703775
perch,2.5,1.5,repeat,2,200,0.0,13,9.5,0.2611,698,264,1607,25.2,0.9,0.829,0.7004,0.61,0.6717,0.7027749999999999
perch,2.0,1.0,zero,30,50,0.0,23,19.0,0.3333,455,57,2239,20.8,6.1,0.7575,0.7051,0.6352,0.713,0.7027
perch,2.0,1.0,repeat,2,50,0.0,24,12.3,0.22,360,51,2570,30.8,5.7,0.854,0.6925,0.5893,0.6744,0.70255
perch,2.5,1.0,zero,15,100,0.0,16,12.4,0.3083,798,133,2431,17.2,6.0,0.8074,0.7081,0.601,0.6932,0.702425
perch,1.5,0.25,repeat,5,100,0.0,32,18.4,0.3949,1015,126,6944,65.7,7.3,0.7386,0.6986,0.6507,0.7208,0.702175
perch,2.0,1.0,repeat,30,200,0.0,14,14.9,0.3972,960,218,2624,20.3,5.8,0.7647,0.7171,0.6303,0.6962,0.702075
perch,2.0,1.0,repeat,20,50,0.0,18,10.3,0.3971,697,62,2730,17.5,5.8,0.8016,0.7058,0.6039,0.6967,0.702
perch,2.5,1.0,zero,30,50,0.0,22,12.5,0.3113,397,67,2324,19.3,6.1,0.8387,0.6963,0.5915,0.6813,0.7019500000000001
perch,3.0,3.0,zero,15,50,0.0,14,11.5,0.3703,313,114,816,13.0,0.7,0.8251,0.7051,0.5993,0.6779,0.7018499999999999
perch,2.0,1.0,repeat,5,200,0.0,13,11.7,0.4679,949,399,2675,15.4,5.4,0.7947,0.7079,0.6242,0.6804,0.7018
perch,2.0,1.0,repeat,10,200,0.0,14,14.4,0.4119,946,216,2670,16.5,6.0,0.7673,0.7165,0.6274,0.6956,0.7017
perch,2.5,1.5,zero,30,100,0.0,14,13.0,0.5407,550,175,1597,12.1,1.1,0.7954,0.7107,0.6113,0.6884,0.70145
perch,3.0,1.0,zero,15,100,0.0,15,7.6,0.3334,867,104,3020,16.6,5.5,0.8726,0.706,0.5621,0.6649,0.7014
perch,2.5,1.5,zero,10,50,0.0,20,13.3,0.5743,300,66,1554,10.6,0.9,0.8258,0.7003,0.5976,0.6818,0.701375
perch,2.5,0.5,zero,5,100,0.0,24,16.5,0.37,666,111,5364,29.8,6.6,0.8115,0.7152,0.589,0.6896,0.701325
perch,2.5,1.0,zero,10,100,0.0,15,12.2,0.4998,865,169,2493,16.0,6.9,0.8075,0.7082,0.5987,0.6901,0.701125
perch,1.5,0.25,repeat,2,200,0.0,30,17.3,0.115,1556,217,5718,69.2,6.6,0.763,0.685,0.6387,0.7175,0.70105
perch,2.5,1.0,zero,30,200,0.0,14,13.9,0.4215,908,236,2430,19.3,6.2,0.7922,0.7131,0.6069,0.6911,0.700825
perch,3.0,2.0,repeat,2,50,0.0,15,4.9,0.3528,413,53,1663,29.9,0.7,0.8917,0.6975,0.5593,0.6546,0.7007749999999999
perch,1.5,0.25,repeat,10,200,0.0,26,19.0,0.3041,1555,232,7004,69.4,8.4,0.7362,0.702,0.6508,0.7139,0.700725
perch,2.0,0.5,zero,10,50,0.0,41,23.5,0.3553,253,52,2998,33.0,5.8,0.7153,0.7032,0.6317,0.7525,0.700675
perch,3.0,3.0,repeat,20,50,0.0,13,6.4,0.5299,392,56,757,12.0,0.8,0.8744,0.6967,0.5839,0.6477,0.7006749999999999
perch,3.0,1.0,repeat,30,100,0.0,14,7.8,0.3413,921,126,3156,19.0,5.8,0.8625,0.7077,0.5685,0.6637,0.7006
perch,3.0,3.0,zero,5,50,0.0,14,9.9,0.3159,323,114,817,10.9,0.7,0.8375,0.6986,0.5941,0.6722,0.7006
perch,3.0,2.0,zero,20,100,0.0,15,15.4,0.3278,437,160,1208,17.8,0.9,0.7924,0.7103,0.6084,0.6912,0.700575
perch,3.0,0.5,repeat,2,200,0.0,17,16.2,0.3822,1485,211,4487,40.9,7.0,0.7998,0.716,0.6013,0.6849,0.7004999999999999
perch,3.0,1.0,repeat,10,100,0.0,13,6.7,0.4243,954,309,3129,15.8,5.5,0.8727,0.7041,0.5677,0.6573,0.70045
perch,2.0,0.5,repeat,5,100,0.0,19,11.5,0.3801,973,102,4439,31.6,8.4,0.8038,0.7047,0.6081,0.685,0.7004
perch,2.5,2.0,repeat,30,100,0.0,14,10.3,0.2301,533,166,1229,20.4,0.9,0.833,0.701,0.598,0.6685,0.7001249999999999
perch,2.5,0.5,zero,10,50,0.0,45,21.4,0.3792,207,61,4709,35.7,5.1,0.7513,0.7077,0.5952,0.7459,0.7000249999999999
perch,3.0,1.0,repeat,20,100,0.0,14,8.1,0.2898,919,108,3110,16.2,5.6,0.8605,0.7068,0.5692,0.6627,0.6998
perch,1.5,0.25,repeat,5,200,0.0,25,17.9,0.2291,1573,260,7814,65.7,8.1,0.7434,0.6996,0.6479,0.7078,0.699675
perch,2.0,1.0,repeat,20,100,0.0,15,10.7,0.4126,915,141,2819,17.5,5.8,0.7995,0.7027,0.6093,0.6869,0.6996
perch,1.5,0.25,repeat,20,200,0.0,25,18.4,0.3772,1573,246,7481,77.4,10.5,0.7375,0.7003,0.6509,0.7089,0.6994
perch,2.0,0.25,zero,5,200,0.0,23,16.5,0.6118,1732,263,7908,63.7,9.0,0.776,0.6919,0.6331,0.6961,0.699275
perch,3.0,0.5,repeat,20,100,0.0,29,21.3,0.3926,376,104,3486,32.8,8.0,0.7481,0.7151,0.6033,0.7296,0.699025
perch,2.5,1.5,zero,20,100,0.0,14,14.3,0.4335,565,182,1603,10.9,1.0,0.7843,0.7114,0.6109,0.6892,0.6989500000000001
perch,2.0,0.5,repeat,10,200,0.0,14,10.4,0.4795,1822,273,5273,33.6,5.9,0.8034,0.7032,0.6085,0.6798,0.698725
perch,2.5,0.5,repeat,20,50,0.0,41,17.9,0.5109,305,76,4780,33.8,5.8,0.7746,0.703,0.5731,0.743,0.698425
perch,2.5,0.5,zero,10,100,0.0,23,14.7,0.4002,792,111,5467,35.7,5.2,0.8185,0.7093,0.5828,0.6828,0.6983499999999999
perch,2.5,0.5,repeat,2,50,0.0,47,13.5,0.432,213,53,4806,41.2,5.0,0.8159,0.6877,0.5754,0.7143,0.6983250000000001
perch,2.0,1.0,repeat,2,100,0.0,15,10.5,0.3208,869,143,2593,30.8,5.8,0.8057,0.6963,0.6119,0.6794,0.6983250000000001
perch,3.0,0.5,zero,10,100,0.0,19,13.3,0.4066,1262,121,4818,30.9,6.5,0.8325,0.7017,0.5816,0.6774,0.6983
perch,3.0,1.0,repeat,5,100,0.0,13,7.6,0.2976,956,302,3142,14.6,5.8,0.8637,0.7055,0.5659,0.6579,0.69825
perch,2.0,0.25,repeat,20,50,0.0,81,20.1,0.5112,157,50,8399,72.4,8.1,0.745,0.6868,0.6087,0.751,0.6978749999999999
perch,3.0,0.5,zero,30,100,0.0,22,16.5,0.3643,1044,111,4827,38.4,6.4,0.8042,0.7013,0.5902,0.6943,0.6975
perch,3.0,0.5,zero,5,100,0.0,24,15.7,0.418,875,113,4845,28.8,6.1,0.8098,0.699,0.5875,0.6937,0.6975
perch,2.0,1.5,repeat,30,100,0.0,15,10.8,0.3962,580,106,1897,12.6,0.7,0.794,0.7004,0.611,0.6842,0.6974000000000001
perch,2.0,0.25,repeat,2,50,0.0,85,17.7,0.234,176,55,6179,68.9,5.4,0.7879,0.6674,0.5834,0.7508,0.697375
perch,1.5,0.25,repeat,15,200,0.0,26,17.2,0.2526,1551,243,8237,76.5,8.3,0.7412,0.6981,0.6423,0.7078,0.6973499999999999
perch,2.5,0.5,zero,30,50,0.0,42,18.9,0.3274,231,59,4706,40.1,7.7,0.7638,0.7005,0.5874,0.7375,0.6973
perch,2.0,1.0,repeat,5,100,0.0,16,11.5,0.4588,784,142,2763,15.4,5.3,0.7913,0.7021,0.6045,0.6911,0.69725
perch,2.5,1.5,zero,5,100,0.0,14,13.5,0.5099,543,223,1593,10.7,0.9,0.7911,0.7067,0.6058,0.685,0.69715
perch,3.0,0.5,repeat,5,100,0.0,29,20.1,0.3142,474,104,3708,29.1,7.0,0.7576,0.7117,0.5938,0.7255,0.6971499999999999
perch,2.0,0.5,repeat,30,200,0.0,13,12.1,0.4541,1887,796,5296,41.6,6.6,0.7868,0.7063,0.6143,0.6803,0.696925
perch,3.0,1.0,repeat,2,100,0.0,14,7.3,0.3667,908,114,3288,29.0,5.3,0.8637,0.704,0.5609,0.6591,0.6969249999999999
perch,2.5,1.5,zero,15,100,0.0,14,13.8,0.4459,587,197,1571,12.0,1.0,0.7874,0.7075,0.6068,0.6859,0.6969000000000001
perch,2.5,1.5,zero,15,200,0.0,14,20.3,0.3158,556,245,1557,12.0,1.1,0.7523,0.7182,0.6231,0.6936,0.6968
perch,2.5,1.5,zero,10,100,0.0,14,14.3,0.5009,554,190,1616,10.6,0.9,0.7808,0.7096,0.6074,0.6876,0.69635
perch,2.0,0.25,repeat,2,100,0.0,39,14.4,0.2945,524,102,8421,68.9,5.7,0.7964,0.6856,0.5789,0.7238,0.696175
perch,2.5,0.5,repeat,2,100,0.0,22,9.6,0.3244,1037,144,4806,41.2,5.1,0.8662,0.6886,0.5561,0.6736,0.696125
perch,3.0,3.0,zero,10,100,0.0,13,10.8,0.2769,361,115,809,12.8,0.8,0.8326,0.7008,0.587,0.6636,0.696
perch,2.0,1.5,repeat,15,100,0.0,15,12.0,0.4905,553,106,1915,11.4,0.5,0.7832,0.7031,0.6104,0.6864,0.695775
perch,2.0,0.25,zero,30,200,0.0,23,16.6,0.4973,1722,236,8147,88.2,10.6,0.7748,0.6861,0.6286,0.6932,0.695675
perch,3.0,1.0,zero,15,50,0.0,27,15.5,0.4108,295,50,2453,16.6,5.5,0.7897,0.7106,0.5563,0.7258,0.6956
perch,2.5,1.0,repeat,30,100,0.0,14,10.2,0.313,1032,139,2400,19.5,5.4,0.8319,0.6994,0.5867,0.6631,0.695275
perch,3.0,2.0,zero,10,100,0.0,14,12.3,0.4098,465,142,1212,17.0,0.8,0.8215,0.6995,0.5904,0.6696,0.6952499999999999
perch,2.0,0.25,zero,20,200,0.0,22,18.5,0.4522,2090,239,8052,73.6,9.8,0.7557,0.6943,0.6325,0.6983,0.6952
perch,2.5,2.5,repeat,2,50,0.0,16,9.8,0.3153,342,65,960,28.1,0.6,0.8367,0.6892,0.5837,0.6709,0.695125
perch,2.0,0.25,repeat,30,50,0.0,83,23.1,0.3965,158,50,7305,86.5,8.3,0.7227,0.6856,0.6106,0.7606,0.6948750000000001
perch,2.0,0.5,zero,5,100,0.0,26,21.2,0.2294,622,102,4180,31.2,5.5,0.7551,0.7037,0.6195,0.7007,0.69475
perch,3.0,3.0,zero,5,100,0.0,13,10.7,0.1832,355,114,817,10.9,0.7,0.8344,0.698,0.5836,0.6606,0.69415
perch,2.0,0.25,repeat,15,50,0.0,83,21.6,0.2713,172,51,6940,72.8,7.2,0.732,0.6813,0.6032,0.7585,0.6937499999999999
perch,3.0,3.0,zero,15,100,0.0,13,11.5,0.2634,355,115,816,13.0,0.8,0.8271,0.6999,0.5851,0.6627,0.6937
perch,2.5,2.0,repeat,2,50,0.0,16,6.3,0.5986,456,50,1221,29.8,0.7,0.8642,0.6814,0.573,0.656,0.69365
perch,3.0,2.0,zero,30,50,0.0,16,11.7,0.5052,401,65,1208,20.4,0.9,0.8298,0.6969,0.575,0.6716,0.693325
perch,2.0,1.0,zero,2,100,0.0,20,17.5,0.3421,592,138,2138,30.9,6.6,0.7721,0.684,0.6252,0.6905,0.6929500000000001
perch,2.0,0.5,zero,2,100,0.0,27,13.1,0.3919,784,101,3885,43.3,5.2,0.7957,0.6728,0.6091,0.6926,0.69255
perch,2.5,1.0,repeat,20,100,0.0,14,11.0,0.2599,1001,137,2397,16.6,5.1,0.8209,0.7003,0.5851,0.6637,0.6925
perch,2.0,0.25,zero,15,100,0.0,43,22.3,0.3353,376,101,7197,72.3,9.3,0.7303,0.6901,0.6221,0.7266,0.692275
perch,3.0,3.0,repeat,10,50,0.0,13,6.9,0.1857,365,56,1089,11.5,0.7,0.877,0.6949,0.5571,0.6391,0.692025
perch,3.0,1.0,repeat,15,100,0.0,13,6.4,0.3316,956,301,3364,16.6,5.7,0.8757,0.6954,0.5493,0.6466,0.69175
perch,2.5,1.0,repeat,20,50,0.0,20,8.7,0.3886,420,68,2395,16.6,5.1,0.8497,0.6858,0.568,0.6618,0.691325
perch,3.0,3.0,repeat,30,50,0.0,13,6.4,0.2154,361,55,1105,13.8,0.8,0.8824,0.6927,0.553,0.6368,0.691225
perch,2.0,0.25,repeat,10,50,0.0,86,20.3,0.4416,150,50,8569,67.5,6.5,0.7401,0.6767,0.6034,0.7445,0.691175
perch,2.5,2.0,repeat,5,50,0.0,15,8.6,0.5056,493,92,1227,16.1,0.7,0.844,0.6855,0.5719,0.6605,0.690475
perch,2.5,0.5,repeat,15,200,0.0,14,8.7,0.4696,1709,203,5983,34.2,6.0,0.8475,0.7008,0.5556,0.6567,0.6901499999999999
perch,2.0,0.5,zero,2,200,0.0,18,15.8,0.2788,1376,206,3875,43.3,5.5,0.7826,0.679,0.6196,0.6783,0.689875
perch,2.5,2.5,repeat,15,50,0.0,16,12.9,0.3528,319,51,959,14.8,0.8,0.801,0.6959,0.5878,0.6735,0.6895500000000001
perch,3.0,2.0,zero,2,100,0.0,13,9.4,0.544,485,162,1224,29.9,0.8,0.8491,0.6843,0.5777,0.6468,0.6894750000000001
perch,3.0,2.0,zero,20,50,0.0,16,11.9,0.4638,408,63,1208,17.8,0.9,0.8256,0.6939,0.5698,0.6683,0.6893999999999999
perch,2.5,0.5,zero,30,200,0.0,15,13.3,0.4584,1522,206,5790,40.1,8.0,0.8358,0.6937,0.5721,0.6556,0.6893
perch,2.5,2.0,repeat,2,100,0.0,14,12.0,0.3682,508,163,1221,29.8,0.8,0.8146,0.6937,0.5868,0.662,0.689275
perch,2.0,0.5,zero,15,100,0.0,24,18.3,0.5116,784,102,4229,35.8,6.0,0.7718,0.6922,0.6093,0.6836,0.689225
perch,2.0,1.5,repeat,5,100,0.0,14,11.5,0.4685,575,198,1906,10.2,0.3,0.7864,0.6945,0.6018,0.6742,0.689225
perch,3.0,0.5,repeat,10,100,0.0,29,18.9,0.4635,384,104,3487,30.8,6.1,0.7691,0.7029,0.5789,0.7055,0.6891
perch,2.5,2.5,repeat,2,100,0.0,14,13.8,0.1915,362,130,959,28.1,0.7,0.8062,0.6937,0.5917,0.6642,0.6889500000000001
perch,2.5,1.5,zero,10,200,0.0,13,15.9,0.4807,628,217,1554,10.6,1.1,0.7723,0.7072,0.5983,0.6778,0.6889
perch,1.5,0.25,repeat,2,50,0.0,71,22.1,0.3026,264,52,5680,69.2,6.0,0.7342,0.6659,0.6113,0.7421,0.688375
perch,3.0,2.0,zero,5,50,0.0,16,10.4,0.3079,408,66,1213,16.0,0.7,0.8356,0.6885,0.5658,0.6634,0.6883250000000001
perch,2.5,2.5,repeat,5,50,0.0,14,10.9,0.2081,409,65,959,13.0,0.7,0.8207,0.6903,0.582,0.6585,0.687875
perch,3.0,0.5,repeat,15,100,0.0,20,12.3,0.5047,851,104,5220,34.7,6.2,0.8341,0.6983,0.5586,0.6599,0.687725
perch,2.5,0.5,repeat,5,200,0.0,14,6.7,0.2484,1721,205,6214,29.3,8.0,0.86,0.6929,0.5462,0.6492,0.687075
perch,2.0,0.5,zero,2,50,0.0,50,18.4,0.483,213,51,2996,43.3,5.2,0.7563,0.6631,0.6021,0.7264,0.686975
perch,2.5,0.5,repeat,2,200,0.0,15,8.0,0.0366,1710,794,4825,41.2,5.3,0.8481,0.682,0.5495,0.6677,0.686825
perch,3.0,0.5,repeat,10,50,0.0,49,18.3,0.3702,215,50,3485,30.8,6.1,0.7743,0.686,0.5575,0.7283,0.686525
perch,3.0,0.5,repeat,2,50,0.0,78,21.8,0.3852,133,51,3490,40.9,6.6,0.7378,0.6693,0.5595,0.7793,0.6864750000000001
perch,3.0,0.5,zero,5,200,0.0,14,15.5,0.3859,1523,228,4802,28.8,6.3,0.7942,0.7019,0.58,0.6684,0.686125
perch,2.5,1.5,zero,20,200,0.0,13,18.1,0.4712,615,216,1532,10.9,1.1,0.753,0.7087,0.6003,0.6797,0.685425
perch,3.0,1.5,repeat,10,100,0.0,12,7.2,0.2211,727,214,2094,10.6,0.9,0.8709,0.6898,0.5484,0.6303,0.68485
perch,2.5,1.5,repeat,5,50,0.0,15,5.2,0.3889,517,61,2214,9.9,0.8,0.8697,0.686,0.5382,0.6441,0.6845
perch,3.0,0.5,zero,15,200,0.0,14,13.1,0.4973,1627,257,4806,33.7,8.1,0.8144,0.6923,0.5707,0.6606,0.6845
perch,2.5,2.5,repeat,5,100,0.0,14,16.7,0.2197,325,121,959,13.0,0.7,0.7699,0.7015,0.5939,0.6717,0.68425
perch,3.0,0.5,zero,20,100,0.0,24,17.6,0.6809,550,107,4827,33.5,6.3,0.7813,0.6989,0.5643,0.6906,0.683775
perch,2.5,2.5,repeat,10,50,0.0,13,9.3,0.3956,415,65,956,13.8,0.7,0.8285,0.6852,0.5697,0.6503,0.6834250000000001
perch,2.5,2.5,repeat,30,50,0.0,13,8.7,0.3105,413,65,962,16.4,0.8,0.8338,0.6835,0.5665,0.6479,0.682925
perch,2.5,2.0,zero,10,100,0.0,13,11.9,0.3329,477,189,1166,17.4,0.8,0.8264,0.6832,0.5783,0.6437,0.6829000000000001
perch,2.5,0.5,zero,2,50,0.0,53,17.3,0.3226,183,50,4708,43.0,5.4,0.7717,0.6713,0.5658,0.7207,0.682375
perch,2.5,2.5,repeat,20,50,0.0,14,8.6,0.3394,381,52,962,14.4,0.8,0.8349,0.6816,0.5622,0.6501,0.6822
perch,2.5,1.5,repeat,2,50,0.0,16,3.6,0.2977,468,68,2289,25.2,0.7,0.8854,0.6759,0.5265,0.6384,0.6815499999999999
perch,2.5,1.5,repeat,20,50,0.0,15,4.9,0.5577,526,64,2292,11.1,0.9,0.8732,0.6821,0.5307,0.6395,0.681375
perch,3.0,2.5,zero,5,50,0.0,14,12.6,0.3615,371,63,980,12.8,0.7,0.8159,0.6899,0.5644,0.6552,0.6813499999999999
perch,2.0,0.5,zero,30,100,0.0,24,16.9,0.249,783,103,5393,42.0,7.9,0.7858,0.6839,0.5825,0.6725,0.681175
perch,3.0,2.0,zero,30,100,0.0,13,13.2,0.5059,548,127,1208,20.4,0.9,0.8169,0.6916,0.5671,0.6485,0.681025
perch,2.0,0.25,zero,30,100,0.0,47,24.7,0.3263,380,105,7215,88.2,10.1,0.7046,0.685,0.595,0.7383,0.680725
perch,3.0,2.5,zero,15,50,0.0,15,14.5,0.4972,347,63,979,14.7,0.8,0.7949,0.6946,0.569,0.6642,0.680675
perch,3.0,2.0,zero,2,50,0.0,15,3.9,0.2665,454,52,1224,29.9,0.7,0.8983,0.6634,0.5362,0.6243,0.68055
perch,3.0,0.5,zero,20,50,0.0,58,22.1,0.5796,172,52,4824,33.5,6.2,0.7375,0.6845,0.562,0.7363,0.680075
perch,3.0,0.5,zero,2,100,0.0,19,10.2,0.4114,1111,227,4804,40.8,6.9,0.8336,0.6777,0.542,0.6658,0.679775
perch,2.5,2.0,repeat,20,50,0.0,14,8.1,0.4347,512,92,1230,17.8,0.8,0.853,0.6773,0.5513,0.6363,0.6794749999999999
perch,2.5,2.0,repeat,10,50,0.0,14,8.5,0.5335,504,92,1224,17.1,0.8,0.8483,0.6778,0.5528,0.6378,0.679175
perch,1.5,0.25,repeat,5,50,0.0,65,26.1,0.3148,208,55,6104,65.7,7.1,0.6651,0.6739,0.6384,0.7392,0.6791499999999999
perch,2.5,2.0,repeat,15,50,0.0,14,8.5,0.2864,508,92,1228,18.3,0.8,0.8481,0.6771,0.5533,0.6374,0.678975
perch,3.0,1.0,repeat,15,50,0.0,19,4.9,0.3707,477,54,3979,16.6,5.7,0.8879,0.6873,0.5005,0.6399,0.6789000000000001
perch,2.5,2.0,repeat,30,50,0.0,14,7.0,0.2902,519,92,1229,20.4,0.9,0.8602,0.6729,0.548,0.634,0.678775
perch,2.0,0.25,repeat,5,50,0.0,81,24.0,0.3028,148,51,8431,64.6,9.9,0.7054,0.6752,0.5908,0.7431,0.678625
perch,2.5,1.5,repeat,30,100,0.0,12,7.6,0.2658,692,262,2062,12.3,1.1,0.8472,0.6832,0.5476,0.6361,0.6785249999999999
perch,3.0,2.0,zero,15,50,0.0,15,9.3,0.4829,445,63,1217,18.1,0.7,0.8477,0.6761,0.5478,0.6421,0.6784250000000001
perch,3.0,2.0,repeat,10,50,0.0,14,5.8,0.3235,389,50,1710,16.9,0.7,0.8827,0.6805,0.5236,0.6258,0.67815
perch,2.5,1.5,zero,30,200,0.0,12,14.9,0.4248,621,263,1535,12.1,1.2,0.7855,0.6958,0.5716,0.6576,0.677625
perch,3.0,1.0,repeat,5,200,0.0,12,8.3,0.1781,1052,303,3922,14.6,5.8,0.8652,0.6956,0.5178,0.6313,0.6774749999999999
perch,2.0,0.25,zero,5,50,0.0,83,24.7,0.3972,166,51,7489,63.7,8.0,0.7105,0.6682,0.5781,0.7526,0.67735
perch,2.5,1.5,repeat,5,100,0.0,12,4.8,0.361,668,265,2165,9.9,0.9,0.8733,0.6724,0.5371,0.6247,0.6768750000000001
perch,2.5,2.0,repeat,20,100,0.0,13,10.4,0.3659,547,162,1230,17.8,0.9,0.8302,0.6808,0.5598,0.6364,0.6768000000000001
perch,2.5,2.0,repeat,5,100,0.0,13,10.7,0.4434,546,163,1227,16.1,0.8,0.8286,0.6814,0.5603,0.6368,0.676775
perch,2.0,0.5,repeat,15,200,0.0,12,7.5,0.5515,2233,796,5621,36.1,6.4,0.828,0.6744,0.5678,0.6363,0.6766249999999999
perch,2.5,2.0,zero,2,50,0.0,18,12.7,0.3278,339,67,1170,31.2,0.7,0.8165,0.6762,0.546,0.6674,0.676525
perch,1.5,0.25,zero,30,100,0.0,37,20.5,0.2946,479,120,6884,99.9,10.0,0.7061,0.6748,0.6209,0.7017,0.675875
perch,2.5,0.25,repeat,20,200,0.0,27,26.9,0.4971,793,201,8131,84.8,9.6,0.7054,0.6972,0.5917,0.7071,0.67535
perch,2.5,1.5,repeat,10,100,0.0,12,7.7,0.2599,671,262,2147,10.4,0.9,0.8486,0.6801,0.54,0.6321,0.6752
perch,3.0,3.0,zero,2,50,0.0,13,4.6,0.2264,395,52,816,29.7,0.1,0.89,0.658,0.5358,0.6147,0.674625
perch,2.0,1.0,repeat,2,200,0.0,12,8.5,0.2929,946,406,3071,30.8,5.9,0.8273,0.681,0.5558,0.6343,0.6746000000000001
perch,3.0,2.0,repeat,5,50,0.0,13,5.3,0.3472,449,87,1751,15.8,0.7,0.8856,0.6739,0.5199,0.6183,0.674425
perch,3.0,1.5,zero,2,50,0.0,16,7.1,0.3276,559,70,2469,25.5,0.3,0.8882,0.6782,0.5037,0.6273,0.67435
perch,2.0,0.25,zero,5,100,0.0,46,27.1,0.2934,505,120,6034,63.7,8.3,0.675,0.6803,0.5979,0.744,0.6743000000000001
perch,2.5,2.0,repeat,15,100,0.0,13,10.3,0.344,539,173,1228,18.3,0.8,0.8327,0.6753,0.5565,0.6318,0.674075
perch,2.0,0.25,zero,10,100,0.0,46,24.0,0.4625,400,104,8417,67.5,8.2,0.7017,0.6735,0.5979,0.7227,0.67395
perch,3.0,3.0,zero,2,100,0.0,12,7.8,0.1508,452,115,815,29.7,0.1,0.8616,0.6682,0.5449,0.6203,0.67375
perch,1.5,0.25,zero,2,200,0.0,31,20.1,0.3019,929,216,5569,70.4,6.8,0.7236,0.6625,0.6162,0.6927,0.67375
perch,2.5,0.25,repeat,10,200,0.0,28,26.1,0.4332,766,202,8262,67.4,8.2,0.7088,0.6917,0.5882,0.7062,0.673725
perch,2.5,1.5,repeat,20,100,0.0,12,5.9,0.5633,678,262,2256,11.1,1.1,0.8634,0.6742,0.5315,0.6255,0.6736499999999999
perch,3.0,0.5,repeat,15,50,0.0,61,24.9,0.4123,168,50,3487,34.7,6.2,0.7069,0.681,0.5548,0.7515,0.67355
perch,2.0,1.5,zero,2,50,0.0,25,16.2,0.4041,212,58,1392,26.0,0.7,0.7854,0.6585,0.5825,0.6671,0.673375
perch,3.0,1.5,zero,10,50,0.0,17,8.5,0.6228,458,50,2397,10.5,0.3,0.8605,0.685,0.509,0.6376,0.673025
perch,2.0,1.5,repeat,10,100,0.0,13,4.9,0.1255,631,104,2126,11.1,0.4,0.8494,0.6713,0.5409,0.6288,0.6726000000000001
perch,2.0,0.5,zero,5,200,0.0,14,12.3,0.4471,1708,402,6916,31.2,5.8,0.7799,0.6854,0.5616,0.6612,0.672025
perch,2.0,0.5,zero,20,100,0.0,19,14.0,0.254,839,148,5080,34.7,6.0,0.778,0.6812,0.5683,0.6603,0.6719499999999999
perch,3.0,1.5,zero,20,50,0.0,16,7.7,0.5884,490,60,2412,10.8,0.4,0.8674,0.6818,0.5054,0.6331,0.6719249999999999
perch,2.5,2.5,zero,2,50,0.0,14,8.6,0.2308,378,61,1080,27.7,0.1,0.8308,0.6708,0.5418,0.6427,0.6715249999999999
perch,2.5,2.5,zero,30,50,0.0,14,9.0,0.3405,370,61,1030,16.5,0.3,0.8267,0.6698,0.5467,0.6426,0.6714499999999999
perch,3.0,0.5,zero,2,50,0.0,70,19.7,0.4482,126,56,4830,40.8,6.9,0.7694,0.6587,0.5337,0.7238,0.6714
perch,2.5,0.25,repeat,30,200,0.0,30,26.5,0.3912,701,201,8389,91.1,10.4,0.7075,0.6899,0.5812,0.7066,0.6713
perch,3.0,0.5,repeat,30,100,0.0,27,18.7,0.5154,357,104,5222,38.5,6.7,0.7689,0.6967,0.54,0.6793,0.6712250000000001
perch,2.5,0.25,repeat,15,200,0.0,28,28.1,0.4431,741,201,8129,74.9,9.3,0.6939,0.693,0.5901,0.7076,0.6711499999999999
perch,2.0,1.0,zero,10,50,0.0,18,10.2,0.4429,721,60,3425,16.4,7.1,0.7987,0.6803,0.5384,0.6663,0.6709250000000001
perch,3.0,1.5,repeat,5,100,0.0,12,7.5,0.3134,638,218,2750,9.7,0.8,0.8687,0.688,0.5033,0.6229,0.670725
perch,2.0,1.0,zero,20,100,0.0,15,13.4,0.4282,758,160,3389,17.3,6.0,0.7667,0.6875,0.5591,0.6685,0.67045
perch,3.0,0.5,zero,15,50,0.0,55,18.9,0.6287,148,57,4824,33.7,7.7,0.7678,0.6661,0.5482,0.6997,0.67045
perch,1.5,0.5,zero,5,50,0.0,39,21.5,0.5082,268,54,3409,32.0,7.3,0.7003,0.6671,0.6111,0.7025,0.67025
perch,2.0,1.0,zero,5,200,0.0,13,12.2,0.2941,832,372,3335,15.3,5.8,0.7854,0.679,0.5668,0.6486,0.66995
perch,2.0,1.0,zero,5,50,0.0,18,9.1,0.4873,709,62,3483,15.3,5.6,0.8092,0.6761,0.5319,0.6622,0.66985
perch,2.5,2.5,zero,5,50,0.0,14,9.9,0.3318,356,61,1030,13.2,0.1,0.8187,0.6717,0.5452,0.6437,0.669825
perch,3.0,2.0,repeat,15,100,0.0,12,6.8,0.2775,474,165,2060,18.0,0.8,0.8791,0.6797,0.5031,0.6162,0.669525
perch,2.0,0.25,zero,15,50,0.0,77,22.4,0.4579,161,51,7218,72.3,8.9,0.7214,0.6602,0.5619,0.7332,0.6691750000000001
perch,1.5,0.5,zero,20,100,0.0,29,21.5,0.4105,696,106,3413,36.5,6.6,0.6978,0.6707,0.6157,0.6913,0.668875
perch,2.0,1.0,repeat,15,200,0.0,12,10.9,0.3273,912,397,3047,17.7,4.3,0.803,0.6842,0.5503,0.6375,0.66875
perch,1.5,0.25,repeat,2,100,0.0,26,9.7,0.3316,1564,108,15214,69.2,6.1,0.7585,0.6732,0.5579,0.685,0.66865
perch,2.5,2.5,zero,2,100,0.0,12,10.6,0.3289,387,128,1073,27.7,0.2,0.8132,0.6739,0.5556,0.6319,0.66865
perch,2.0,0.25,repeat,20,100,0.0,37,14.7,0.5133,378,116,13479,72.4,8.3,0.8029,0.6751,0.5261,0.6697,0.66845
perch,2.0,1.0,zero,15,200,0.0,14,16.1,0.4974,766,247,3258,17.5,6.4,0.7496,0.6912,0.5654,0.6671,0.6683250000000001
perch,2.5,2.0,zero,5,50,0.0,14,8.2,0.4063,507,79,1327,16.3,0.7,0.8404,0.6641,0.5348,0.6336,0.6682250000000001
perch,3.0,1.5,zero,30,50,0.0,15,6.1,0.3207,541,51,2442,12.1,0.5,0.8736,0.6754,0.4978,0.6258,0.66815
perch,3.0,2.0,repeat,5,100,0.0,12,6.0,0.1441,483,165,2080,15.8,0.8,0.8849,0.6753,0.4979,0.6125,0.6676500000000001
perch,2.0,1.0,zero,5,100,0.0,15,12.3,0.4055,767,154,3442,15.3,5.6,0.7769,0.6825,0.5503,0.6607,0.6676
perch,2.0,1.0,zero,30,200,0.0,14,14.3,0.4608,779,250,3295,20.8,6.3,0.7648,0.6823,0.5639,0.6588,0.6674500000000001
perch,2.0,0.25,zero,20,50,0.0,85,25.0,0.3119,170,51,7175,73.6,8.7,0.6981,0.661,0.5618,0.7486,0.667375
perch,3.0,2.0,repeat,15,50,0.0,12,3.3,0.2847,584,87,1701,18.0,0.8,0.9075,0.6595,0.5065,0.593,0.666625
perch,2.0,1.5,repeat,10,200,0.0,12,12.1,0.4094,556,269,1966,11.1,0.6,0.7863,0.686,0.5539,0.6395,0.666425
perch,3.0,0.5,repeat,5,50,0.0,66,24.1,0.3276,161,50,3489,29.1,7.0,0.7154,0.669,0.5322,0.7489,0.666375
perch,2.5,1.5,zero,5,200,0.0,12,16.0,0.4262,687,247,1589,10.7,1.0,0.7662,0.6877,0.5643,0.6473,0.666375
perch,2.5,0.5,repeat,20,100,0.0,24,10.9,0.5949,530,102,7613,33.8,5.9,0.8547,0.6798,0.4897,0.6412,0.66635
perch,2.0,1.0,zero,20,200,0.0,14,13.7,0.4591,805,224,3310,17.3,6.2,0.7694,0.68,0.5599,0.6559,0.6663
perch,2.0,1.5,zero,15,100,0.0,14,14.0,0.5541,516,118,2247,11.9,1.0,0.7658,0.681,0.5639,0.6544,0.666275
perch,2.5,2.0,zero,15,100,0.0,12,12.8,0.4709,608,188,1167,18.7,0.9,0.8226,0.6689,0.5551,0.6183,0.6662250000000001
perch,3.0,2.0,repeat,20,50,0.0,13,4.0,0.3951,444,89,1680,17.6,0.8,0.9069,0.6578,0.5062,0.5931,0.6659999999999999
perch,3.0,1.5,zero,30,100,0.0,12,11.0,0.5112,632,217,2457,12.1,0.6,0.8442,0.6863,0.5081,0.6253,0.665975
perch,2.5,2.0,zero,20,100,0.0,12,8.2,0.1971,481,190,1307,18.1,0.9,0.8429,0.6598,0.5417,0.6181,0.665625
perch,2.5,2.0,zero,30,100,0.0,12,12.0,0.4449,600,190,1165,20.5,1.0,0.8236,0.6668,0.5517,0.6167,0.6647000000000001
perch,2.0,1.5,zero,20,100,0.0,14,15.0,0.4919,507,128,2302,11.4,1.0,0.7535,0.6855,0.5614,0.6584,0.6647
perch,2.0,1.5,repeat,2,50,0.0,16,6.7,0.7223,410,66,2160,26.5,0.3,0.8338,0.6662,0.5272,0.6308,0.6645000000000001
perch,2.5,0.5,zero,20,50,0.0,38,12.2,0.3967,164,51,6874,34.8,6.0,0.8275,0.669,0.5089,0.6523,0.664425
perch,3.0,2.0,repeat,30,50,0.0,12,3.9,0.2885,600,86,1645,19.9,0.8,0.8986,0.6589,0.5074,0.5926,0.664375
perch,2.0,0.5,zero,20,50,0.0,29,16.4,0.3644,323,67,5791,34.7,5.9,0.785,0.6728,0.5446,0.6544,0.6641999999999999
perch,2.5,1.5,repeat,2,100,0.0,13,4.2,0.3076,610,264,2282,25.2,0.8,0.8791,0.6591,0.4957,0.6199,0.66345
perch,2.0,1.5,repeat,2,100,0.0,13,7.7,0.3729,548,269,1855,26.5,0.3,0.8241,0.6588,0.5427,0.627,0.6631499999999999
perch,2.0,0.25,zero,10,50,0.0,84,26.1,0.3928,152,50,8464,67.5,7.7,0.6873,0.6606,0.5602,0.7438,0.6629750000000001
perch,3.0,0.5,zero,30,50,0.0,65,23.2,0.3509,137,50,4825,38.4,6.3,0.7246,0.664,0.532,0.7278,0.6621
perch,2.5,0.25,repeat,5,200,0.0,28,29.3,0.4081,870,202,8091,61.3,8.0,0.6773,0.6852,0.5845,0.7011,0.662025
perch,3.0,2.5,repeat,2,100,0.0,12,9.2,0.2833,357,138,1664,27.4,0.7,0.8579,0.6825,0.4885,0.6184,0.661825
perch,2.0,0.25,zero,20,100,0.0,49,26.5,0.2336,376,115,7211,73.6,9.2,0.6842,0.6679,0.5698,0.725,0.661725
perch,2.5,1.0,repeat,15,200,0.0,12,11.2,0.5354,1001,304,3746,16.7,6.7,0.8338,0.6834,0.508,0.6216,0.6617
perch,2.0,0.25,zero,30,50,0.0,91,28.6,0.2897,159,50,7093,88.2,9.4,0.6714,0.6591,0.5638,0.7519,0.66155
perch,1.5,0.5,repeat,10,100,0.0,20,10.4,0.4832,1028,127,7730,34.4,6.2,0.7534,0.6719,0.5446,0.6754,0.6613249999999999
perch,2.0,0.25,repeat,30,100,0.0,39,17.2,0.375,381,102,13438,86.5,8.5,0.7784,0.6738,0.521,0.6719,0.661275
perch,2.0,1.0,repeat,10,100,0.0,14,7.2,0.334,764,126,3259,16.5,5.9,0.8302,0.6662,0.5221,0.6258,0.661075
perch,3.0,2.5,repeat,2,50,0.0,13,6.6,0.2761,358,60,1666,27.4,0.6,0.8742,0.6732,0.4817,0.6146,0.660925
perch,2.5,0.25,zero,30,200,0.0,30,27.9,0.3841,926,218,8395,88.1,9.6,0.685,0.6793,0.5766,0.7023,0.6608
perch,2.0,0.25,zero,2,200,0.0,21,13.0,0.1548,1476,209,10553,69.5,7.0,0.8016,0.655,0.552,0.6336,0.66055
perch,2.5,0.25,zero,15,200,0.0,29,27.4,0.3985,949,209,8448,74.4,9.1,0.6869,0.6791,0.5762,0.6983,0.6601250000000001
perch,3.0,0.5,zero,10,50,0.0,55,20.2,0.5366,172,50,4808,30.9,6.3,0.7549,0.6633,0.5259,0.6962,0.6600750000000001
perch,2.5,0.25,zero,20,200,0.0,32,30.3,0.4306,885,218,8437,72.7,8.2,0.6664,0.6833,0.5744,0.7146,0.659675
perch,3.0,0.5,zero,5,50,0.0,62,22.2,0.2928,160,51,4830,28.8,5.9,0.7368,0.6581,0.5276,0.7112,0.658425
perch,2.5,2.0,zero,30,50,0.0,13,6.9,0.5616,498,73,1276,20.5,0.9,0.8531,0.6518,0.5179,0.6098,0.65815
perch,1.5,0.25,zero,15,100,0.0,34,18.7,0.3136,484,122,9098,77.5,8.6,0.7278,0.6616,0.5774,0.6654,0.65805
perch,2.5,0.25,zero,15,100,0.0,49,27.0,0.3858,438,101,7635,74.4,8.7,0.6945,0.6654,0.5496,0.7219,0.65785
perch,1.5,0.5,repeat,15,200,0.0,15,9.9,0.5549,1564,231,7743,36.8,6.8,0.7603,0.6672,0.5501,0.6528,0.6576
perch,1.5,0.5,repeat,30,50,0.0,28,14.9,0.4732,698,56,6066,42.6,7.1,0.7558,0.6633,0.5479,0.6621,0.657275
perch,2.0,0.25,zero,2,100,0.0,39,15.9,0.2495,445,101,10568,69.5,6.4,0.78,0.6444,0.5387,0.6654,0.657125
perch,1.5,0.5,repeat,2,100,0.0,29,14.5,0.3455,765,137,6111,46.1,6.6,0.786,0.6519,0.5309,0.6595,0.657075
perch,2.5,2.0,zero,10,50,0.0,13,7.1,0.5029,522,79,1354,17.4,0.8,0.8491,0.6543,0.5136,0.6109,0.656975
perch,3.0,2.5,repeat,5,50,0.0,13,3.1,0.449,398,51,1670,12.7,0.6,0.9033,0.6614,0.4687,0.5943,0.656925
perch,1.5,0.25,zero,2,100,0.0,43,19.7,0.3907,511,100,5569,70.4,6.2,0.7152,0.6395,0.5841,0.688,0.6566999999999998
perch,2.5,0.5,zero,2,100,0.0,23,9.7,0.4431,828,100,7223,43.0,5.5,0.8533,0.6572,0.4898,0.6261,0.6566000000000001
perch,1.5,0.5,repeat,10,200,0.0,15,10.9,0.5613,1660,241,7690,34.4,6.6,0.7488,0.6703,0.551,0.6553,0.65635
perch,2.5,2.0,zero,20,50,0.0,13,7.7,0.4277,499,77,1303,18.1,0.9,0.8443,0.6529,0.5155,0.6097,0.6556000000000001
perch,2.0,1.0,zero,20,50,0.0,16,7.6,0.5787,749,55,3432,17.3,6.1,0.8239,0.659,0.5108,0.6285,0.65555
perch,2.5,0.25,zero,5,200,0.0,29,29.1,0.1755,940,218,7697,62.2,8.6,0.674,0.6736,0.5753,0.6989,0.65545
perch,1.5,0.25,zero,10,200,0.0,26,19.2,0.4553,1197,254,9692,70.6,7.9,0.7254,0.6626,0.5773,0.6535,0.6547000000000001
perch,1.5,0.25,zero,20,100,0.0,33,17.8,0.3831,601,115,9177,78.7,10.1,0.7306,0.6556,0.5713,0.6607,0.65455
perch,3.0,3.0,repeat,10,100,0.0,10,4.6,0.1404,483,126,1373,11.5,0.7,0.8924,0.657,0.483,0.5847,0.6542749999999999
perch,3.0,3.0,repeat,30,100,0.0,10,4.7,0.1118,477,126,1387,13.8,0.8,0.892,0.6579,0.4817,0.5852,0.6542
perch,3.0,3.0,repeat,20,100,0.0,10,5.3,0.1479,469,126,1365,12.0,0.8,0.8862,0.659,0.4836,0.5865,0.653825
perch,1.5,0.25,zero,10,100,0.0,33,16.8,0.278,563,122,9214,70.6,7.4,0.7364,0.6519,0.5692,0.6573,0.6537
perch,1.5,0.5,repeat,5,200,0.0,15,11.6,0.3975,1631,212,7787,31.9,6.2,0.7418,0.67,0.5488,0.654,0.65365
perch,2.5,0.25,zero,10,200,0.0,31,30.9,0.3449,941,230,8468,67.3,7.8,0.6557,0.6773,0.5763,0.7051,0.6536
perch,3.0,2.5,repeat,30,50,0.0,12,3.2,0.2354,447,62,1659,16.4,0.8,0.9049,0.6544,0.4686,0.5853,0.6533
perch,2.5,0.25,zero,2,100,0.0,55,27.9,0.2823,398,103,7852,68.5,6.3,0.6905,0.655,0.548,0.7187,0.65305
perch,2.5,2.0,zero,5,100,0.0,11,8.5,0.6062,778,189,1293,16.3,0.8,0.8384,0.6506,0.5243,0.5985,0.65295
perch,2.0,1.5,repeat,30,200,0.0,11,10.8,0.3243,640,261,1945,12.6,0.8,0.795,0.6684,0.5341,0.6126,0.652525
perch,2.0,1.5,zero,10,100,0.0,13,11.2,0.4538,571,116,2240,10.8,0.9,0.7886,0.6614,0.5359,0.6236,0.652375
perch,3.0,2.0,repeat,30,100,0.0,11,6.9,0.3182,517,164,2055,19.9,0.9,0.8765,0.6631,0.4797,0.5893,0.6521500000000001
perch,2.0,1.5,zero,30,100,0.0,13,13.3,0.2142,554,123,2248,12.7,1.2,0.7692,0.6681,0.5391,0.6309,0.651825
perch,2.5,0.25,repeat,15,100,0.0,58,23.0,0.3798,283,102,7790,74.9,8.8,0.7251,0.654,0.5242,0.7033,0.6516500000000001
perch,2.0,1.5,repeat,20,200,0.0,11,10.8,0.3179,603,267,1913,11.2,0.7,0.7949,0.6674,0.5325,0.6115,0.651575
perch,2.5,0.25,zero,5,100,0.0,47,26.8,0.2393,506,103,7690,62.2,8.1,0.6992,0.6579,0.5393,0.7068,0.6507999999999999
perch,1.5,0.25,zero,30,50,0.0,60,26.4,0.2727,291,52,7118,99.9,9.8,0.6522,0.6559,0.5773,0.7161,0.650375
perch,1.5,0.25,zero,5,100,0.0,34,19.7,0.4333,504,119,8962,65.2,10.0,0.7201,0.6579,0.5643,0.6585,0.6502
perch,2.0,1.5,repeat,5,200,0.0,11,11.4,0.3061,588,269,1906,10.2,0.5,0.7888,0.6673,0.532,0.6117,0.64995
perch,2.5,0.25,zero,30,100,0.0,44,24.2,0.2089,550,103,7593,88.1,8.6,0.7203,0.6561,0.531,0.6913,0.649675
perch,3.0,2.0,repeat,10,100,0.0,10,3.3,0.6013,722,186,2055,16.9,0.8,0.896,0.651,0.4731,0.5785,0.6496500000000001
perch,3.0,2.5,repeat,15,50,0.0,11,2.3,0.2533,437,62,1672,14.6,0.7,0.9049,0.6493,0.4629,0.5813,0.6496000000000001
perch,1.5,0.5,zero,5,200,0.0,18,21.2,0.2312,1370,442,3618,32.0,7.6,0.6896,0.6523,0.5985,0.6579,0.649575
perch,2.5,0.25,zero,10,100,0.0,42,25.0,0.3981,506,114,7571,67.3,7.0,0.7123,0.6595,0.5384,0.6877,0.649475
perch,2.0,0.5,zero,30,200,0.0,12,10.2,0.328,1715,780,6700,42.0,12.3,0.8033,0.6609,0.5168,0.6163,0.6493249999999999
perch,2.5,2.0,repeat,20,200,0.0,9,13.2,0.3648,814,215,1230,17.8,1.0,0.8065,0.655,0.5443,0.5911,0.6492249999999999
perch,2.5,0.25,repeat,5,100,0.0,59,25.5,0.2649,346,100,8607,61.3,7.6,0.7094,0.6513,0.5262,0.7083,0.6488
perch,1.5,0.5,zero,5,100,0.0,26,17.0,0.4122,699,106,3840,32.0,7.3,0.7378,0.6439,0.5671,0.645,0.64845
perch,1.5,0.25,zero,5,50,0.0,58,27.3,0.3445,296,65,7117,65.2,9.7,0.6432,0.6533,0.5882,0.7073,0.648
perch,2.5,0.25,zero,20,50,0.0,121,25.8,0.4367,118,51,8465,72.7,7.4,0.7162,0.6308,0.511,0.7333,0.647825
perch,2.5,2.0,repeat,10,200,0.0,9,12.9,0.4129,814,215,1224,17.1,0.9,0.7978,0.6554,0.5456,0.5922,0.6477499999999999
perch,2.5,0.25,zero,20,100,0.0,52,27.8,0.2887,399,102,7488,72.7,7.6,0.686,0.6544,0.5361,0.7141,0.6476500000000001
perch,2.5,2.0,zero,15,50,0.0,14,7.9,0.4127,428,78,1278,18.7,0.8,0.8427,0.6487,0.4833,0.6158,0.647625
perch,3.0,2.5,repeat,20,50,0.0,11,2.4,0.4803,430,62,1684,14.4,0.8,0.904,0.647,0.4596,0.5789,0.647375
perch,1.5,0.25,zero,20,50,0.0,60,27.7,0.253,295,52,7148,78.7,10.0,0.641,0.6511,0.5848,0.712,0.6472249999999999
perch,1.5,1.5,zero,30,50,0.0,24,22.8,0.1977,360,55,1263,12.7,1.1,0.7014,0.6454,0.578,0.6628,0.6468999999999999
perch,3.0,2.5,repeat,10,50,0.0,11,3.2,0.4207,404,62,1681,13.6,0.7,0.8965,0.6497,0.4603,0.581,0.646875
perch,2.5,0.25,zero,15,50,0.0,120,27.0,0.254,121,51,7678,74.4,8.4,0.7069,0.6333,0.5097,0.7369,0.6466999999999999
perch,2.0,2.0,repeat,2,100,0.0,11,5.8,0.362,660,193,1594,30.4,0.7,0.8449,0.6426,0.5121,0.5866,0.64655
perch,1.5,0.5,zero,2,200,0.0,19,19.0,0.2948,1397,202,3519,44.8,6.2,0.7293,0.638,0.5732,0.6445,0.64625
perch,2.5,0.25,repeat,20,100,0.0,60,24.0,0.3054,248,102,7363,84.8,9.1,0.7174,0.647,0.5182,0.6987,0.645325
perch,2.0,2.0,repeat,2,50,0.0,13,5.8,0.1782,455,69,1626,30.4,0.7,0.844,0.6416,0.5022,0.5923,0.645025
perch,1.5,1.5,zero,10,50,0.0,23,22.9,0.3402,350,87,1236,11.0,1.0,0.7015,0.6435,0.5747,0.6601,0.64495
perch,3.0,2.5,repeat,10,100,0.0,10,5.2,0.5673,546,168,1682,13.6,0.7,0.8815,0.6541,0.4633,0.5803,0.6448
perch,3.0,2.5,repeat,5,100,0.0,10,5.1,0.4769,550,169,1663,12.7,0.7,0.8804,0.6534,0.4655,0.5799,0.6447999999999999
perch,3.0,2.5,repeat,20,100,0.0,10,4.7,0.51,546,169,1680,14.4,0.8,0.8838,0.6527,0.463,0.5795,0.64475
perch,2.5,0.25,zero,30,50,0.0,122,27.5,0.3714,119,50,7527,88.1,8.3,0.6975,0.6311,0.5109,0.7386,0.644525
perch,3.0,2.5,repeat,30,100,0.0,10,5.4,0.5475,540,168,1656,16.4,0.8,0.8772,0.6536,0.4652,0.5805,0.6441250000000001
perch,1.5,1.0,repeat,10,200,0.0,14,17.5,0.4942,661,272,3897,16.6,5.7,0.6922,0.6758,0.5543,0.6542,0.644125
perch,3.0,2.5,repeat,15,100,0.0,10,4.9,0.4211,549,168,1678,14.6,0.7,0.8816,0.6522,0.4622,0.5786,0.64365
perch,2.0,2.0,repeat,10,100,0.0,11,3.6,0.1965,658,199,1704,17.4,0.8,0.8628,0.634,0.4994,0.5775,0.643425
perch,3.0,0.5,repeat,20,50,0.0,52,15.9,0.4487,187,51,7501,32.8,7.9,0.7971,0.6521,0.4569,0.6664,0.643125
perch,3.0,3.0,repeat,5,100,0.0,10,6.1,0.2736,483,109,1362,10.9,0.7,0.889,0.6471,0.4709,0.5648,0.64295
perch,3.0,2.5,zero,30,50,0.0,12,7.2,0.5852,387,63,1488,16.3,0.9,0.8717,0.6472,0.4689,0.5829,0.642675
perch,2.0,2.0,repeat,15,50,0.0,14,4.7,0.5203,348,53,1703,18.6,0.8,0.8495,0.6394,0.4909,0.59,0.64245
perch,2.0,2.0,repeat,5,50,0.0,14,4.4,0.2483,361,53,1701,16.3,0.8,0.853,0.6377,0.4902,0.5884,0.642325
perch,3.0,2.5,zero,20,50,0.0,12,6.5,0.5924,394,63,1517,14.4,0.8,0.8757,0.6449,0.4665,0.5804,0.641875
perch,2.0,2.0,repeat,15,100,0.0,11,5.3,0.5177,564,200,1700,18.6,0.8,0.8462,0.6387,0.4998,0.5817,0.6416000000000001
perch,2.5,0.25,repeat,10,100,0.0,64,27.3,0.3414,269,101,7177,67.4,7.7,0.6868,0.6464,0.5143,0.7176,0.641275
perch,3.0,2.0,repeat,20,100,0.0,10,4.1,0.2967,773,168,2051,17.6,0.9,0.8989,0.639,0.4641,0.5584,0.6401000000000001
perch,2.5,1.0,zero,10,50,0.0,15,5.3,0.1938,675,66,5952,16.0,6.8,0.8662,0.663,0.4274,0.5993,0.638975
perch,2.5,2.0,zero,15,200,0.0,9,10.6,0.4484,797,213,1303,18.7,0.9,0.8171,0.6384,0.5225,0.5768,0.6387
perch,2.0,2.0,repeat,30,100,0.0,11,7.1,0.2096,462,200,1698,20.5,0.9,0.8314,0.6415,0.4983,0.5836,0.6387
perch,2.0,2.0,repeat,20,100,0.0,11,6.4,0.2432,477,201,1699,18.2,0.9,0.8356,0.6396,0.4971,0.5822,0.638625
perch,2.5,0.5,zero,2,200,0.0,11,3.6,0.1091,1854,796,11763,43.0,5.8,0.8841,0.6536,0.4321,0.5835,0.638325
perch,2.0,2.0,repeat,5,100,0.0,11,6.3,0.2108,496,200,1703,16.3,0.8,0.8368,0.6383,0.4974,0.5806,0.6382749999999999
perch,2.5,0.25,repeat,15,50,0.0,129,23.7,0.2608,129,50,6857,74.9,8.3,0.7093,0.6227,0.478,0.7399,0.637475
perch,1.5,0.25,zero,5,200,0.0,24,15.5,0.367,1148,239,9955,65.2,10.5,0.761,0.6363,0.5378,0.6123,0.6368499999999999
perch,3.0,0.5,repeat,30,50,0.0,53,16.5,0.4313,190,52,7538,38.5,6.6,0.7846,0.6471,0.4508,0.6643,0.6366999999999999
perch,1.5,0.25,zero,2,50,0.0,75,20.5,0.3905,243,50,5708,70.4,6.0,0.695,0.6152,0.5402,0.6954,0.63645
perch,3.0,2.5,zero,10,50,0.0,11,4.0,0.5238,398,63,1577,13.9,0.7,0.8899,0.6343,0.4514,0.5682,0.63595
perch,2.0,1.0,repeat,30,50,0.0,15,4.4,0.2089,631,63,6175,20.3,5.7,0.8549,0.6588,0.4309,0.5976,0.6355500000000001
perch,1.5,0.25,zero,15,200,0.0,24,15.0,0.3469,1167,254,10584,77.5,9.3,0.7653,0.6344,0.5328,0.6096,0.635525
perch,2.0,1.0,repeat,15,50,0.0,15,5.5,0.2208,652,64,6058,17.7,4.2,0.8446,0.6612,0.4354,0.6007,0.635475
perch,2.5,2.0,zero,5,200,0.0,9,10.3,0.3017,792,212,1346,16.3,0.9,0.819,0.6331,0.5139,0.5715,0.634375
perch,2.0,2.0,repeat,30,50,0.0,12,1.9,0.1385,620,53,1698,20.5,0.9,0.8781,0.6206,0.4782,0.5603,0.6343
perch,1.5,0.25,zero,30,200,0.0,24,14.6,0.577,1178,255,10609,99.9,10.4,0.7674,0.6314,0.5309,0.607,0.6341749999999999
perch,2.0,2.0,repeat,20,50,0.0,12,1.3,0.1573,618,52,1700,18.2,0.8,0.8817,0.6189,0.4768,0.5586,0.6339999999999999
perch,2.0,2.0,repeat,10,50,0.0,12,1.0,0.289,620,54,1703,17.4,0.8,0.8845,0.6173,0.4762,0.5574,0.6338499999999999
perch,1.5,0.25,zero,20,200,0.0,24,14.3,0.3519,1184,254,10690,78.7,10.8,0.7694,0.6307,0.529,0.6061,0.6338
perch,1.5,0.25,zero,10,50,0.0,51,24.6,0.5151,294,55,7223,70.6,7.2,0.6676,0.6419,0.5501,0.6753,0.633725
perch,2.0,1.0,repeat,15,100,0.0,12,5.0,0.3131,814,145,6090,17.7,4.2,0.8523,0.6533,0.4414,0.5865,0.633375
perch,2.0,0.25,zero,2,50,0.0,100,21.8,0.2633,135,50,7788,69.5,6.2,0.7187,0.6139,0.5121,0.6885,0.6333
perch,2.5,0.25,zero,10,50,0.0,140,32.5,0.2251,110,53,7440,67.3,7.0,0.6535,0.6271,0.4881,0.7633,0.633
perch,2.0,1.0,repeat,5,50,0.0,15,4.0,0.1984,648,64,6237,15.4,5.3,0.8566,0.655,0.4257,0.5939,0.6328
perch,1.5,1.0,repeat,15,100,0.0,13,5.2,0.4496,823,136,3863,17.9,6.0,0.8,0.6321,0.5046,0.5934,0.632525
perch,1.5,0.5,zero,10,200,0.0,17,17.9,0.2783,1410,232,5002,35.1,6.8,0.7277,0.634,0.5509,0.6156,0.63205
perch,2.0,1.0,repeat,30,100,0.0,12,4.6,0.5138,812,132,6168,20.3,5.7,0.8557,0.6516,0.4363,0.5836,0.6318
perch,2.5,0.25,zero,5,50,0.0,133,28.8,0.2452,117,50,7868,62.2,7.8,0.6758,0.6213,0.4832,0.7458,0.631525
perch,1.5,0.5,zero,20,50,0.0,30,14.5,0.5135,264,50,7725,36.5,6.7,0.7153,0.65,0.506,0.654,0.631325
perch,2.5,2.5,zero,5,100,0.0,10,5.7,0.1685,535,159,1476,13.2,0.2,0.8662,0.631,0.462,0.5647,0.630975
perch,1.5,1.5,zero,15,50,0.0,22,21.6,0.25,365,89,1287,11.7,1.0,0.7162,0.6285,0.545,0.6341,0.63095
perch,2.5,2.0,zero,10,200,0.0,9,12.8,0.3055,794,213,1355,17.4,0.9,0.7941,0.6379,0.5154,0.5758,0.6308
perch,2.5,0.25,repeat,20,50,0.0,135,23.9,0.2802,129,52,7149,84.8,9.1,0.7153,0.6139,0.4543,0.738,0.630375
perch,1.5,0.5,zero,2,100,0.0,25,10.9,0.4544,670,123,7904,44.8,5.8,0.7526,0.6354,0.4947,0.6379,0.63015
perch,1.5,1.0,repeat,2,50,0.0,20,5.4,0.4495,372,63,3847,30.4,5.2,0.7975,0.6296,0.4839,0.6038,0.6287
perch,2.0,0.5,repeat,30,100,0.0,14,2.3,0.3151,1259,144,12341,41.6,6.3,0.8763,0.6418,0.4261,0.5705,0.628675
perch,3.0,2.0,repeat,5,200,0.0,8,7.9,0.3991,937,251,2053,15.8,0.8,0.8829,0.6283,0.4607,0.5426,0.628625
perch,1.5,1.0,repeat,15,200,0.0,12,10.8,0.4483,767,299,3864,17.9,6.1,0.7529,0.6505,0.5066,0.6023,0.628075
perch,1.5,1.0,repeat,5,200,0.0,12,10.8,0.3101,781,308,3878,15.8,7.4,0.7525,0.6504,0.506,0.6022,0.627775
perch,1.5,1.0,repeat,20,200,0.0,12,10.7,0.4516,786,300,3877,17.5,7.0,0.7531,0.6486,0.5074,0.601,0.627525
perch,2.5,2.0,zero,20,200,0.0,9,13.3,0.3166,793,214,1342,18.1,1.0,0.789,0.6353,0.5115,0.5728,0.62715
perch,1.5,1.0,repeat,30,100,0.0,14,6.9,0.375,722,106,3878,20.2,6.1,0.7855,0.6366,0.49,0.5947,0.6267
perch,1.0,0.5,repeat,5,50,0.0,31,23.5,0.3462,503,53,2828,32.9,5.6,0.6373,0.6324,0.5806,0.6562,0.626625
perch,2.5,0.25,repeat,10,50,0.0,133,24.3,0.2732,132,50,6785,67.4,7.4,0.7045,0.6119,0.4493,0.7388,0.626125
perch,1.5,0.5,zero,2,50,0.0,34,10.2,0.2643,275,51,7813,44.8,5.8,0.7573,0.6267,0.4761,0.6444,0.6261249999999999
perch,2.0,1.5,repeat,15,50,0.0,15,7.3,0.5584,430,55,2732,11.4,0.4,0.8225,0.6408,0.445,0.5939,0.62555
perch,1.5,0.5,repeat,10,50,0.0,21,7.7,0.3694,769,52,7687,34.4,6.2,0.7787,0.6426,0.4609,0.6185,0.625175
perch,3.0,2.0,repeat,10,200,0.0,8,6.1,0.4707,943,251,2056,16.9,0.9,0.8794,0.6242,0.4568,0.5389,0.624825
perch,1.5,0.25,repeat,30,100,0.0,27,15.7,0.2229,1160,126,14819,94.9,9.6,0.755,0.6453,0.4728,0.6259,0.62475
perch,3.0,2.0,repeat,15,200,0.0,8,6.5,0.2645,933,246,2066,18.0,0.9,0.8801,0.6242,0.456,0.5387,0.6247499999999999
perch,1.0,0.25,zero,30,200,0.0,27,23.4,0.3572,1352,207,6985,98.6,10.0,0.6465,0.6327,0.5644,0.6549,0.624625
perch,2.5,0.25,repeat,30,100,0.0,66,26.4,0.2045,263,102,7395,91.1,10.7,0.6938,0.6363,0.4477,0.7175,0.623825
perch,1.5,0.25,repeat,10,100,0.0,27,15.0,0.1711,1199,125,14813,69.4,7.9,0.7597,0.6418,0.471,0.6225,0.62375
perch,2.5,0.25,zero,2,50,0.0,163,33.0,0.2908,128,50,6434,68.5,6.0,0.6317,0.6056,0.4725,0.7806,0.6226
perch,1.5,0.25,repeat,15,100,0.0,27,17.9,0.2189,1109,126,14814,76.5,7.9,0.743,0.6498,0.4692,0.6273,0.622325
perch,1.0,0.25,repeat,30,50,0.0,36,21.9,0.3229,590,50,8207,96.3,9.4,0.6702,0.6365,0.5409,0.6398,0.62185
perch,2.0,1.5,repeat,10,50,0.0,16,8.3,0.6102,379,55,2730,11.1,0.4,0.8129,0.6398,0.4369,0.5965,0.6215250000000001
perch,2.5,1.0,zero,20,50,0.0,14,5.0,0.2018,716,69,6418,16.9,5.9,0.8697,0.6494,0.3924,0.5743,0.6214500000000001
perch,1.5,0.5,repeat,20,50,0.0,28,15.8,0.4053,361,60,5996,36.1,8.4,0.7509,0.636,0.4925,0.6061,0.621375
perch,2.0,1.5,zero,20,50,0.0,20,19.3,0.4092,252,62,2621,11.4,1.0,0.7705,0.6444,0.4602,0.61,0.6212749999999999
perch,2.5,2.5,zero,20,100,0.0,9,4.8,0.2453,752,158,1482,14.3,0.3,0.8746,0.6168,0.4513,0.541,0.6209250000000001
perch,2.5,0.25,repeat,30,50,0.0,152,27.8,0.255,127,50,6637,91.1,10.5,0.6743,0.606,0.4371,0.763,0.6201
perch,1.5,0.5,repeat,15,50,0.0,23,8.9,0.2822,502,58,7811,36.8,6.5,0.7638,0.6348,0.4757,0.6059,0.62005
perch,1.5,1.0,zero,20,50,0.0,23,16.2,0.6249,339,63,3956,17.5,6.8,0.703,0.645,0.4913,0.6406,0.6199749999999999
perch,2.0,1.5,repeat,20,50,0.0,16,7.8,0.5849,370,55,2716,11.2,0.4,0.8165,0.6356,0.4339,0.5935,0.6198750000000001
perch,1.5,1.0,zero,30,100,0.0,16,15.6,0.3362,695,279,2854,20.7,6.9,0.7124,0.6236,0.5267,0.6166,0.6198250000000001
perch,2.0,1.5,repeat,30,50,0.0,16,8.9,0.3891,368,55,2728,12.6,0.6,0.8069,0.6398,0.4363,0.5957,0.619675
perch,2.5,0.25,repeat,5,50,0.0,156,32.1,0.2678,121,50,6622,61.3,7.4,0.6348,0.6102,0.4505,0.7828,0.619575
perch,1.5,0.5,zero,30,100,0.0,21,10.8,0.4063,760,114,7876,42.9,6.7,0.7481,0.6299,0.4825,0.6158,0.619075
perch,1.5,1.0,repeat,20,50,0.0,20,8.9,0.5054,400,68,3867,17.5,6.9,0.7684,0.6371,0.4494,0.6191,0.6185
perch,1.0,0.25,repeat,2,200,0.0,22,13.0,0.1817,1759,250,15766,73.9,7.0,0.6827,0.6329,0.5138,0.644,0.61835
perch,2.0,1.5,repeat,5,50,0.0,16,8.6,0.5836,366,57,2747,10.2,0.3,0.8088,0.6379,0.4309,0.5943,0.6179749999999999
perch,1.0,0.25,zero,10,50,0.0,44,24.0,0.2719,578,51,6920,72.9,7.5,0.6249,0.6215,0.5642,0.6605,0.617775
perch,1.5,1.0,zero,15,50,0.0,20,14.2,0.5732,425,72,4063,17.8,5.6,0.7169,0.6396,0.4845,0.6284,0.61735
perch,1.5,1.5,repeat,2,100,0.0,14,14.8,0.2617,449,167,2699,26.6,0.3,0.7074,0.6363,0.5143,0.6111,0.617275
perch,2.0,1.5,zero,15,50,0.0,19,17.0,0.3074,264,62,2623,11.9,0.9,0.7896,0.6307,0.4537,0.5938,0.61695
perch,1.5,0.5,zero,30,50,0.0,29,13.3,0.2537,276,55,7791,42.9,6.8,0.7295,0.6317,0.4801,0.6235,0.6162000000000001
perch,1.5,1.0,zero,10,100,0.0,16,16.4,0.3553,630,103,3879,16.6,5.7,0.7063,0.6379,0.5012,0.6186,0.6160000000000001
perch,2.0,1.0,zero,15,50,0.0,13,4.0,0.637,708,84,3507,17.5,6.2,0.8581,0.6138,0.4368,0.5547,0.61585
perch,1.5,1.0,zero,20,100,0.0,16,13.4,0.2897,676,100,4002,17.5,6.8,0.7298,0.6297,0.4911,0.6118,0.6156
perch,2.5,0.5,zero,10,200,0.0,10,6.1,0.1781,1860,792,12705,35.7,5.5,0.8635,0.6435,0.3942,0.5595,0.615175
perch,1.5,0.5,zero,15,50,0.0,28,13.2,0.6281,282,61,7751,36.8,6.5,0.7294,0.6305,0.4789,0.6215,0.615075
perch,1.5,1.0,zero,5,100,0.0,16,14.4,0.2602,655,324,3068,15.6,5.5,0.7155,0.6196,0.5121,0.6117,0.6147250000000001
perch,1.0,0.25,repeat,10,50,0.0,40,25.9,0.4633,463,52,8564,74.4,7.7,0.6557,0.6358,0.5163,0.6492,0.61425
perch,3.0,3.0,repeat,10,200,0.0,7,13.2,0.194,617,341,1385,11.5,0.8,0.8304,0.6235,0.4669,0.5335,0.613575
perch,3.0,3.0,repeat,15,200,0.0,7,13.5,0.2958,635,332,1378,12.3,0.8,0.8313,0.6236,0.4656,0.5331,0.6134000000000001
perch,1.5,1.0,repeat,30,200,0.0,11,7.5,0.5998,804,300,3882,20.2,6.2,0.781,0.6239,0.4805,0.5671,0.613125
perch,1.5,1.0,repeat,10,100,0.0,12,4.2,0.3064,813,142,3913,16.6,5.6,0.8062,0.6153,0.4683,0.5615,0.612825
perch,3.0,3.0,repeat,5,200,0.0,7,12.0,0.3049,681,331,1383,10.9,0.9,0.8438,0.6175,0.46,0.5274,0.612175
perch,1.5,0.5,repeat,2,50,0.0,30,11.2,0.416,419,60,7340,46.1,6.6,0.7964,0.6105,0.4383,0.6015,0.6116750000000001
perch,1.5,1.0,zero,15,100,0.0,15,14.5,0.2998,651,304,4000,17.8,5.6,0.7147,0.63,0.4899,0.6117,0.611575
perch,2.0,1.0,zero,2,50,0.0,14,4.3,0.1951,677,94,6545,30.9,6.6,0.8536,0.6337,0.3906,0.5665,0.6111
perch,3.0,1.5,repeat,2,200,0.0,8,5.0,0.4125,992,253,3257,25.2,0.9,0.879,0.6228,0.4179,0.5245,0.61105
perch,1.5,0.25,repeat,15,50,0.0,42,18.5,0.2449,335,50,14814,76.5,7.4,0.7331,0.6346,0.4465,0.6288,0.61075
perch,1.0,0.25,repeat,20,200,0.0,17,10.7,0.3689,2251,245,20166,80.9,9.2,0.6741,0.6417,0.4994,0.6267,0.6104750000000001
perch,1.0,0.25,repeat,10,200,0.0,18,13.8,0.3621,2219,238,20219,74.4,8.9,0.6517,0.6519,0.4965,0.6418,0.610475
perch,1.5,1.5,repeat,15,100,0.0,11,6.1,0.5726,689,202,2718,11.6,0.5,0.7831,0.6161,0.4744,0.5615,0.608775
perch,2.5,1.0,zero,30,100,0.0,10,3.4,0.3309,1039,169,6478,19.3,6.1,0.8868,0.626,0.3826,0.5384,0.6084499999999999
perch,2.5,1.5,repeat,15,100,0.0,10,2.6,0.4356,800,262,3005,11.3,1.0,0.89,0.6076,0.4047,0.5309,0.6083000000000001
perch,1.0,0.25,repeat,30,200,0.0,19,13.3,0.4575,2158,223,20178,96.3,10.1,0.6552,0.6445,0.4942,0.6392,0.608275
perch,1.0,0.25,zero,2,100,0.0,36,18.6,0.437,930,119,7021,73.1,6.2,0.6797,0.5986,0.5223,0.6283,0.607225
perch,1.5,1.0,zero,10,50,0.0,21,12.2,0.4329,340,50,3997,16.6,5.5,0.7398,0.6222,0.4647,0.6017,0.6071000000000001
perch,2.0,1.5,zero,10,50,0.0,18,14.8,0.5493,276,59,2621,10.8,0.9,0.8002,0.6162,0.4405,0.5713,0.60705
perch,1.5,1.5,repeat,20,100,0.0,11,6.8,0.3906,609,212,2725,11.6,0.6,0.7765,0.6167,0.4718,0.5615,0.606625
perch,2.0,1.5,zero,15,200,0.0,9,9.4,0.2609,1131,234,2167,11.9,1.1,0.8149,0.6146,0.4556,0.5407,0.6064499999999999
perch,1.5,1.0,repeat,2,100,0.0,13,7.1,0.4879,758,110,3855,30.4,5.2,0.7821,0.6215,0.452,0.5689,0.606125
perch,2.0,1.5,zero,5,50,0.0,19,15.2,0.4913,265,55,2619,10.2,0.8,0.7636,0.6276,0.4343,0.594,0.6048749999999999
perch,1.5,1.0,zero,30,50,0.0,23,15.0,0.4511,339,51,4018,20.7,6.8,0.7154,0.6241,0.4559,0.6233,0.6046750000000001
perch,3.0,0.5,zero,2,200,0.0,12,7.6,0.5482,1446,214,9798,40.8,7.1,0.8671,0.6217,0.3887,0.5412,0.604675
perch,3.0,2.5,repeat,30,200,0.0,7,12.8,0.6181,697,389,1649,16.4,0.9,0.834,0.6129,0.4471,0.5238,0.6044499999999999
perch,2.0,1.5,zero,30,50,0.0,16,10.8,0.2556,491,57,2619,12.7,1.1,0.801,0.6111,0.4335,0.5711,0.604175
perch,1.5,1.0,repeat,30,50,0.0,14,4.5,0.2161,640,87,3884,20.2,6.1,0.8011,0.6157,0.4371,0.5625,0.6041000000000001
perch,1.0,0.25,repeat,30,100,0.0,24,14.2,0.397,1192,112,20276,96.3,9.9,0.6422,0.6433,0.4891,0.6416,0.60405
perch,1.0,0.25,zero,20,50,0.0,37,20.3,0.2268,793,52,8916,81.4,8.1,0.657,0.6115,0.5257,0.6212,0.60385
perch,3.0,2.5,repeat,10,200,0.0,7,11.9,0.2608,707,399,1671,13.6,0.8,0.8444,0.608,0.4425,0.5193,0.6035499999999999
perch,3.0,2.5,repeat,5,200,0.0,7,12.1,0.4452,698,390,1641,12.7,0.8,0.8363,0.6097,0.4451,0.5212,0.603075
perch,3.0,2.5,repeat,15,200,0.0,7,11.3,0.3544,703,400,1671,14.6,0.8,0.844,0.6072,0.442,0.5187,0.602975
perch,1.5,1.0,zero,30,200,0.0,14,16.7,0.5013,601,277,4684,20.7,6.9,0.6932,0.6438,0.4609,0.6129,0.6027
perch,3.0,2.5,repeat,20,200,0.0,7,11.7,0.4932,712,388,1671,14.4,0.8,0.8415,0.6083,0.4414,0.5196,0.6027
perch,1.0,0.25,repeat,5,100,0.0,24,15.7,0.455,1268,114,20378,68.2,8.6,0.6294,0.6473,0.4914,0.6425,0.60265
perch,1.5,0.25,repeat,30,50,0.0,44,18.6,0.2693,340,55,14819,94.9,9.3,0.7323,0.6291,0.4166,0.6314,0.6023499999999999
perch,1.5,1.5,repeat,10,200,0.0,10,11.8,0.5292,735,246,2664,11.0,0.6,0.7365,0.6242,0.4837,0.5639,0.602075
perch,1.5,0.25,repeat,10,50,0.0,39,14.6,0.3766,322,56,14824,69.4,7.7,0.7472,0.6135,0.4412,0.6042,0.601525
perch,3.0,3.0,repeat,2,50,0.0,12,6.0,0.3761,310,56,2178,27.0,0.1,0.8863,0.6334,0.3433,0.5423,0.6013249999999999
perch,1.0,0.25,zero,5,200,0.0,26,21.0,0.3191,1129,231,10346,67.4,7.5,0.6648,0.6115,0.5184,0.607,0.600425
perch,1.0,0.25,zero,5,50,0.0,38,19.9,0.3357,774,52,9254,67.4,6.7,0.6599,0.606,0.518,0.6169,0.6002000000000001
perch,2.5,2.0,zero,30,200,0.0,8,7.0,0.2268,1019,212,1736,20.5,1.0,0.8513,0.5926,0.4377,0.5156,0.5992999999999999
perch,1.5,1.0,zero,10,200,0.0,14,15.3,0.345,591,293,4835,16.6,5.7,0.7012,0.638,0.4487,0.606,0.598475
perch,1.0,0.25,repeat,5,200,0.0,16,7.7,0.3986,2655,236,20271,68.2,9.0,0.6967,0.624,0.4727,0.5997,0.598275
perch,1.0,0.25,zero,2,50,0.0,55,20.3,0.3032,376,50,6550,73.1,5.9,0.6667,0.5878,0.4994,0.6385,0.5981
perch,1.0,0.25,zero,15,50,0.0,37,21.1,0.3247,848,50,8940,79.6,13.0,0.6451,0.6061,0.522,0.6167,0.597475
perch,1.0,0.25,zero,30,100,0.0,29,19.6,0.4247,1121,102,10742,98.6,9.5,0.6667,0.6077,0.509,0.6056,0.59725
perch,1.5,1.0,repeat,2,200,0.0,10,7.3,0.4546,1231,364,3825,30.4,5.3,0.7766,0.6084,0.4532,0.5446,0.5957
perch,1.0,0.5,zero,5,100,0.0,24,24.0,0.2774,745,150,3461,34.0,7.9,0.6352,0.6059,0.5245,0.6168,0.5955999999999999
perch,1.0,0.25,zero,10,100,0.0,28,18.0,0.4612,1141,127,10763,72.9,7.7,0.6793,0.6022,0.5019,0.5983,0.595425
perch,1.0,0.25,repeat,20,100,0.0,25,15.8,0.4223,1271,117,20310,80.9,8.7,0.6312,0.6393,0.4639,0.6458,0.59505
perch,2.0,2.0,repeat,15,200,0.0,8,7.4,0.4073,981,201,1690,18.6,0.9,0.8266,0.5861,0.4557,0.5115,0.594975
perch,1.5,0.25,repeat,20,100,0.0,23,14.3,0.5291,1128,127,14807,77.4,9.9,0.7726,0.6081,0.4338,0.5628,0.594325
perch,1.0,0.25,zero,20,100,0.0,29,18.8,0.4477,1121,112,10497,81.4,8.3,0.6705,0.6015,0.4974,0.6052,0.59365
perch,1.0,0.25,zero,5,100,0.0,30,19.9,0.4561,1100,107,10903,67.4,6.9,0.6667,0.602,0.5017,0.6015,0.592975
perch,1.5,1.5,repeat,2,200,0.0,10,14.1,0.3252,780,235,2677,26.6,0.4,0.7119,0.6142,0.4866,0.5562,0.592225
perch,1.0,0.5,zero,15,100,0.0,24,23.5,0.3326,743,134,3648,39.2,7.0,0.6336,0.6022,0.5193,0.613,0.592025
perch,1.5,0.5,repeat,5,100,0.0,15,7.9,0.3165,1180,174,7842,31.9,5.9,0.7713,0.6168,0.4052,0.5734,0.5916750000000001
perch,1.0,0.25,zero,30,50,0.0,40,19.5,0.3378,555,52,10749,98.6,9.0,0.6597,0.5972,0.4987,0.6054,0.5902499999999999
perch,1.0,0.5,repeat,2,50,0.0,28,10.3,0.2549,528,67,6282,44.6,5.1,0.7131,0.5893,0.4708,0.5822,0.5888500000000001
perch,1.0,0.25,zero,10,200,0.0,24,17.7,0.3766,1256,201,10498,72.9,8.4,0.6875,0.5932,0.4961,0.5771,0.588475
perch,1.0,0.25,zero,20,200,0.0,24,18.7,0.4013,1215,204,10576,81.4,8.9,0.6872,0.594,0.4963,0.5763,0.58845
perch,1.5,1.5,zero,30,100,0.0,14,14.7,0.513,466,145,3229,12.7,1.2,0.7056,0.6199,0.4325,0.5912,0.5872999999999999
perch,2.0,1.5,zero,2,100,0.0,11,6.1,0.3879,478,112,4679,26.0,0.9,0.8347,0.6196,0.3586,0.5361,0.58725
perch,1.5,0.5,repeat,20,200,0.0,13,9.3,0.4731,1511,239,7742,36.1,8.6,0.7594,0.6127,0.4071,0.5651,0.586075
perch,1.5,0.5,repeat,30,200,0.0,12,8.9,0.3627,1735,702,7778,42.6,7.4,0.7629,0.6105,0.41,0.5601,0.585875
perch,1.0,0.5,repeat,30,50,0.0,23,15.2,0.4562,643,72,10434,52.3,12.5,0.6316,0.6263,0.4586,0.6264,0.5857249999999999
perch,1.0,0.25,repeat,2,50,0.0,32,8.3,0.2091,609,66,17042,73.9,6.2,0.696,0.5984,0.4561,0.5899,0.5851
perch,3.0,3.0,repeat,15,100,0.0,9,3.8,0.2629,379,126,2176,12.3,0.8,0.8995,0.6024,0.3336,0.503,0.5846250000000001
perch,1.5,0.5,repeat,5,50,0.0,13,2.4,0.3649,1283,94,7871,31.9,5.8,0.82,0.5904,0.3992,0.5231,0.583175
perch,1.0,0.25,zero,15,100,0.0,29,20.2,0.4162,1064,123,10572,79.6,9.5,0.6612,0.5916,0.4851,0.5935,0.5828500000000001
perch,1.0,0.5,repeat,2,200,0.0,20,15.9,0.2124,744,226,6337,44.6,5.5,0.6426,0.5913,0.5062,0.5899,0.5825
perch,1.5,0.5,repeat,15,100,0.0,16,8.9,0.2832,1047,173,7773,36.8,6.5,0.7633,0.6139,0.3746,0.5775,0.582325
perch,1.5,0.5,repeat,20,100,0.0,13,4.1,0.2837,1237,175,7726,36.1,8.4,0.8055,0.594,0.3937,0.529,0.58055
perch,1.0,0.5,zero,10,100,0.0,21,20.0,0.4545,744,229,4908,36.4,6.6,0.6658,0.5872,0.4963,0.5707,0.5800000000000001
perch,1.0,1.0,repeat,15,50,0.0,18,12.2,0.5005,404,61,5169,18.1,5.8,0.6561,0.6089,0.462,0.5927,0.579925
perch,1.5,1.5,repeat,30,200,0.0,9,6.4,0.3047,1092,237,2703,12.9,0.8,0.784,0.5824,0.4369,0.5143,0.5794
perch,3.0,3.0,repeat,5,50,0.0,10,2.8,0.26,383,53,2159,10.9,0.7,0.9083,0.5904,0.3311,0.4876,0.5793499999999999
perch,3.0,3.0,repeat,15,50,0.0,10,2.7,0.4653,380,55,2175,12.3,0.7,0.9099,0.5909,0.3278,0.4871,0.5789249999999999
perch,1.0,0.5,zero,20,50,0.0,27,17.3,0.334,552,51,5138,39.6,8.3,0.6837,0.5777,0.4861,0.5643,0.57795
perch,1.0,0.5,zero,15,50,0.0,33,26.6,0.3188,430,52,3533,39.2,7.0,0.5979,0.5905,0.5129,0.6103,0.5779000000000001
perch,1.0,0.25,repeat,5,50,0.0,26,10.7,0.5966,465,64,20376,68.2,8.0,0.6682,0.6139,0.4449,0.5844,0.57785
perch,1.5,1.0,repeat,5,50,0.0,13,3.3,0.195,590,87,3862,15.8,7.2,0.8117,0.5857,0.3921,0.5218,0.577825
perch,1.0,0.25,repeat,15,100,0.0,21,10.8,0.5478,1273,113,20437,79.9,8.3,0.6684,0.6104,0.4488,0.5814,0.5772499999999999
perch,1.5,1.0,repeat,10,50,0.0,13,4.7,0.4619,567,84,3881,16.6,5.5,0.8,0.5903,0.3925,0.5246,0.5768500000000001
perch,1.5,1.0,repeat,15,50,0.0,13,3.3,0.5458,608,85,3918,17.9,5.9,0.8106,0.5846,0.39,0.5205,0.576425
perch,1.0,0.5,zero,5,50,0.0,28,19.5,0.4887,539,51,5133,34.0,7.6,0.6692,0.5802,0.4882,0.5672,0.5762
perch,1.0,1.0,repeat,20,100,0.0,15,14.5,0.4018,538,120,5171,17.8,5.8,0.6384,0.6123,0.4643,0.5897,0.576175
perch,1.0,1.0,repeat,5,50,0.0,20,14.8,0.5378,316,63,5168,16.1,5.7,0.6341,0.6124,0.4543,0.6014,0.57555
perch,1.0,1.0,repeat,30,100,0.0,15,13.1,0.3956,539,114,5180,20.4,5.8,0.6472,0.6084,0.4601,0.5853,0.57525
perch,1.5,0.5,repeat,2,200,0.0,10,5.4,0.5309,2029,729,7588,46.1,6.9,0.7977,0.5862,0.4032,0.5137,0.5752
perch,1.0,1.0,zero,15,50,0.0,25,23.3,0.3656,262,54,2349,17.8,5.5,0.6322,0.5835,0.4991,0.5832,0.5745
perch,1.0,1.0,zero,5,50,0.0,26,24.0,0.2516,305,55,1796,15.9,5.5,0.6179,0.5829,0.4969,0.5984,0.574025
perch,1.0,1.0,zero,10,50,0.0,23,23.6,0.1658,381,52,2281,16.9,5.5,0.636,0.5806,0.5032,0.572,0.5729500000000001
perch,1.0,0.5,repeat,15,200,0.0,14,16.4,0.4601,1141,324,10310,38.7,7.1,0.6226,0.6179,0.4619,0.5889,0.5728249999999999
perch,1.0,0.25,repeat,10,100,0.0,21,8.7,0.2073,1274,113,20477,74.4,8.1,0.6847,0.5995,0.4313,0.5756,0.572775
perch,1.5,0.5,repeat,30,100,0.0,14,4.7,0.4276,1010,172,7725,42.6,7.1,0.8011,0.5895,0.3667,0.5316,0.572225
perch,1.5,1.5,zero,5,200,0.0,10,13.9,0.5144,746,228,3091,10.4,1.0,0.7261,0.5985,0.4254,0.5366,0.57165
perch,2.5,0.25,repeat,2,200,0.0,31,42.8,0.3601,690,204,7944,67.1,6.1,0.5477,0.6307,0.4361,0.669,0.570875
perch,1.5,1.5,repeat,2,50,0.0,13,4.9,0.6147,399,54,2644,26.6,0.2,0.7954,0.581,0.3908,0.5163,0.570875
perch,1.5,1.0,repeat,5,100,0.0,12,6.6,0.285,814,148,3885,15.8,7.2,0.782,0.5825,0.3894,0.5266,0.570125
perch,1.0,0.5,zero,10,50,0.0,29,19.4,0.3907,554,84,5216,36.4,6.6,0.657,0.5728,0.4747,0.5757,0.57005
perch,1.5,1.5,repeat,10,50,0.0,13,5.3,0.3686,396,58,2670,11.0,0.3,0.7917,0.5807,0.3896,0.5165,0.5696249999999999
perch,1.5,1.5,repeat,5,50,0.0,13,5.8,0.5312,392,61,2653,10.4,0.3,0.7882,0.5817,0.3898,0.5174,0.569275
perch,1.0,1.0,repeat,10,100,0.0,14,13.0,0.3361,647,117,5171,17.4,6.8,0.646,0.6039,0.4514,0.5725,0.56845
perch,2.0,1.5,zero,2,200,0.0,9,9.0,0.371,642,247,4672,26.0,1.0,0.8081,0.6068,0.3481,0.5107,0.5684250000000001
perch,1.5,1.5,zero,10,200,0.0,10,14.2,0.5228,732,217,3203,11.0,1.2,0.7138,0.5986,0.4206,0.5368,0.56745
perch,1.5,1.5,repeat,10,100,0.0,12,11.8,0.3572,489,213,2700,11.0,0.4,0.7304,0.5948,0.3947,0.5429,0.5657000000000001
perch,1.5,1.5,repeat,30,50,0.0,13,5.3,0.3776,374,58,2712,12.9,0.6,0.7916,0.5749,0.3828,0.5101,0.56485
perch,1.0,0.5,repeat,10,50,0.0,16,12.8,0.5166,991,138,10173,35.5,5.7,0.6503,0.6094,0.4207,0.5788,0.5648
perch,1.0,0.25,repeat,2,100,0.0,21,3.7,0.5296,1298,129,17169,73.9,6.4,0.7326,0.5714,0.4199,0.5338,0.564425
perch,1.5,1.0,repeat,20,100,0.0,10,2.4,0.4477,1154,138,3861,17.5,7.0,0.8197,0.5596,0.3821,0.4846,0.5615
perch,2.0,0.5,zero,20,200,0.0,9,3.3,0.6134,1855,780,15937,34.7,6.3,0.8638,0.5875,0.3038,0.4885,0.5609000000000001
perch,1.0,0.25,repeat,20,50,0.0,20,5.2,0.7437,774,71,20390,80.9,8.4,0.7149,0.5816,0.4173,0.5296,0.56085
perch,2.5,0.25,repeat,2,100,0.0,75,37.6,0.1986,287,100,3287,67.1,5.6,0.5903,0.5975,0.335,0.7199,0.560675
perch,1.0,0.5,repeat,2,100,0.0,18,4.8,0.1163,633,113,10402,44.6,5.2,0.716,0.5712,0.4034,0.5356,0.55655
perch,1.0,1.0,repeat,2,50,0.0,26,17.5,0.5135,286,50,5172,31.0,5.6,0.6139,0.596,0.3782,0.6182,0.5515749999999999
perch,2.5,0.25,repeat,2,50,0.0,195,34.2,0.1582,113,50,2528,67.1,5.4,0.614,0.5668,0.2401,0.7726,0.5483750000000001
perch,1.0,0.25,zero,2,200,0.0,17,5.8,0.5421,1725,249,22019,73.1,6.7,0.7054,0.5644,0.3915,0.527,0.547075
perch,3.0,0.5,repeat,2,100,0.0,15,5.7,0.3194,578,104,15286,40.9,6.7,0.8867,0.5703,0.2562,0.464,0.5443
perch,3.0,0.25,zero,5,200,0.0,33,37.0,0.2065,777,224,4552,61.5,7.6,0.5951,0.5921,0.356,0.6339,0.544275
perch,1.0,0.25,repeat,15,50,0.0,22,12.1,0.2705,873,51,15462,79.9,8.3,0.6777,0.5758,0.3987,0.5235,0.543925
perch,3.0,0.25,zero,10,200,0.0,34,37.7,0.2694,838,232,4056,67.3,7.7,0.5917,0.5851,0.3467,0.6366,0.540025
perch,1.0,0.5,repeat,5,100,0.0,14,8.6,0.4009,1237,126,10239,32.9,5.7,0.6819,0.573,0.3761,0.5271,0.5395249999999999
perch,3.0,0.25,zero,5,100,0.0,80,40.0,0.1981,268,100,3229,61.5,7.1,0.5716,0.578,0.2995,0.7072,0.539075
perch,1.0,0.5,repeat,10,100,0.0,15,9.8,0.4274,1201,126,10294,35.5,5.8,0.6744,0.5768,0.3659,0.5364,0.5383749999999999
perch,3.0,0.25,zero,30,100,0.0,78,38.8,0.2981,276,105,4013,86.7,9.0,0.5842,0.5747,0.2939,0.6956,0.5371
perch,3.0,0.25,zero,15,200,0.0,35,40.0,0.2052,843,202,4231,83.9,9.5,0.5656,0.5892,0.3502,0.6405,0.5363749999999999
perch,3.0,0.25,zero,15,100,0.0,72,33.2,0.2494,277,103,4374,83.9,9.0,0.6246,0.5629,0.2905,0.6637,0.535425
perch,1.0,0.5,repeat,15,100,0.0,15,10.8,0.4347,1057,125,10367,38.7,6.8,0.6644,0.577,0.3629,0.5347,0.5347500000000001
perch,3.0,0.25,repeat,30,100,0.0,79,35.5,0.1612,302,103,2423,93.6,9.5,0.6046,0.5758,0.2586,0.6984,0.53435
perch,1.0,0.5,repeat,30,100,0.0,15,10.7,0.3035,1142,128,10402,52.3,7.7,0.6653,0.5761,0.3617,0.5342,0.5343249999999999
perch,1.0,1.0,repeat,20,50,0.0,14,9.5,0.3228,592,62,5173,17.8,5.7,0.6744,0.5682,0.373,0.5212,0.5342
perch,3.0,0.25,repeat,10,50,0.0,188,32.3,0.1968,115,50,2409,67.8,6.4,0.6274,0.5577,0.1953,0.7548,0.5337999999999999
perch,3.0,0.25,repeat,5,100,0.0,83,39.5,0.2438,257,101,2531,64.4,7.8,0.5673,0.5814,0.2693,0.7153,0.533325
perch,3.0,0.25,repeat,5,50,0.0,199,34.0,0.264,118,51,2606,64.4,7.5,0.6112,0.5604,0.1911,0.7676,0.532575
perch,3.0,0.25,repeat,2,100,0.0,82,39.2,0.2526,282,103,2767,68.5,8.9,0.5764,0.5797,0.2634,0.7103,0.53245
perch,3.0,0.25,zero,10,100,0.0,70,32.8,0.2501,319,106,4346,67.3,7.2,0.6345,0.5581,0.2758,0.6612,0.5324
perch,3.0,0.25,repeat,20,100,0.0,83,37.7,0.1652,268,100,2416,77.2,7.7,0.5785,0.5819,0.2537,0.7135,0.5319
perch,2.5,1.0,repeat,2,200,0.0,8,1.5,0.222,913,394,8952,29.8,5.2,0.9054,0.5495,0.233,0.4332,0.5302749999999999
perch,3.0,0.25,zero,5,50,0.0,195,33.2,0.236,114,50,3129,61.5,7.0,0.6315,0.5448,0.2056,0.7378,0.529925
perch,3.0,0.25,repeat,30,50,0.0,189,30.6,0.1975,115,52,2659,93.6,9.0,0.6402,0.5485,0.1921,0.7384,0.5297999999999999
perch,3.0,0.25,zero,15,50,0.0,191,33.2,0.1789,110,52,2921,83.9,8.7,0.6278,0.5437,0.2088,0.7354,0.5289250000000001
perch,3.0,0.25,zero,10,50,0.0,187,31.4,0.2081,114,50,3125,67.3,6.9,0.651,0.5386,0.2047,0.7211,0.5288499999999999
perch,2.0,2.0,repeat,10,200,0.0,6,8.8,0.2248,1332,452,2020,17.4,0.9,0.8105,0.5163,0.363,0.4251,0.528725
perch,3.0,0.25,repeat,30,200,0.0,42,46.4,0.2145,677,203,2693,93.6,10.1,0.4989,0.6003,0.3316,0.6836,0.5286
perch,3.0,0.25,repeat,20,50,0.0,194,32.1,0.1711,113,50,2286,77.2,7.5,0.6288,0.5512,0.1833,0.7486,0.5279750000000001
perch,1.0,1.0,repeat,10,50,0.0,15,11.7,0.5155,472,63,5174,17.4,6.7,0.658,0.5681,0.3614,0.5238,0.527825
perch,3.0,0.25,zero,2,200,0.0,31,44.2,0.1518,739,222,4306,67.0,7.6,0.5464,0.579,0.3706,0.6127,0.527175
perch,3.0,0.25,zero,30,200,0.0,34,41.5,0.1921,701,209,6295,86.7,9.4,0.5499,0.5828,0.3519,0.6228,0.52685
perch,3.0,0.25,repeat,15,100,0.0,81,38.3,0.1967,269,106,2478,73.5,7.0,0.576,0.5709,0.2487,0.7068,0.5256
perch,1.0,0.5,repeat,15,50,0.0,12,3.8,0.5609,1159,98,10337,38.7,6.6,0.721,0.541,0.367,0.4715,0.525125
perch,3.0,0.25,zero,20,50,0.0,195,31.6,0.2156,121,50,2798,74.0,8.8,0.6447,0.5361,0.1906,0.7287,0.525025
perch,2.5,1.0,zero,2,200,0.0,8,2.7,0.1431,856,393,8954,29.3,5.3,0.8937,0.5466,0.23,0.4297,0.525
perch,2.5,1.0,zero,2,100,0.0,8,1.5,0.4674,934,393,8969,29.3,5.2,0.9041,0.5403,0.2289,0.4259,0.5247999999999999
perch,3.0,0.25,repeat,20,200,0.0,41,45.5,0.2481,670,213,2343,77.2,8.4,0.505,0.5954,0.3232,0.6755,0.524775
perch,3.0,0.25,repeat,15,200,0.0,43,46.4,0.2218,655,204,2391,73.5,7.5,0.5016,0.5957,0.317,0.6837,0.5245
perch,3.0,0.25,zero,30,50,0.0,204,33.3,0.209,103,50,3168,86.7,8.8,0.6248,0.5381,0.1997,0.7354,0.5245
perch,3.0,0.25,repeat,10,100,0.0,67,28.2,0.1167,266,102,16846,67.8,6.8,0.6864,0.5489,0.2568,0.581,0.518275
perch,0.5,0.25,zero,15,100,0.0,30,35.7,0.3022,885,103,9165,108.2,13.0,0.4563,0.5534,0.4756,0.5844,0.517425
perch,1.5,1.5,repeat,20,50,0.0,12,5.5,0.7595,328,56,3357,11.6,0.6,0.7911,0.5313,0.2947,0.4511,0.51705
perch,3.0,0.25,zero,20,100,0.0,77,37.8,0.2527,286,103,4467,74.0,9.3,0.577,0.5571,0.2602,0.6739,0.51705
perch,3.0,0.25,zero,2,100,0.0,61,40.0,0.2412,361,104,3001,67.0,6.9,0.5766,0.5557,0.2834,0.6522,0.516975
perch,3.0,0.25,repeat,2,50,0.0,204,36.3,0.2171,117,50,1802,68.5,8.8,0.5987,0.5485,0.1487,0.7658,0.515425
perch,1.0,1.0,repeat,30,50,0.0,12,5.9,0.5602,711,63,5181,20.4,5.8,0.702,0.536,0.3449,0.4788,0.515425
perch,0.5,0.25,zero,30,50,0.0,45,34.0,0.3486,362,52,9156,130.2,12.1,0.4876,0.5434,0.4656,0.5598,0.5141
perch,3.0,0.25,zero,2,50,0.0,197,36.2,0.2759,108,51,3173,67.0,6.8,0.6083,0.5255,0.2092,0.7127,0.513925
perch,1.5,1.5,repeat,15,50,0.0,12,5.9,0.7978,320,56,3356,11.6,0.4,0.7856,0.5285,0.2915,0.447,0.51315
perch,0.5,0.25,zero,20,200,0.0,21,29.9,0.206,1479,201,8580,107.6,13.4,0.527,0.5344,0.4707,0.5176,0.5124249999999999
perch,3.0,0.25,repeat,15,50,0.0,201,33.8,0.2022,114,50,1635,73.5,6.8,0.6114,0.5405,0.1488,0.7456,0.511575
perch,2.0,1.5,repeat,2,200,0.0,8,2.9,0.2925,775,269,4675,26.5,0.4,0.8674,0.5153,0.2462,0.4146,0.510875
perch,0.5,0.25,zero,5,200,0.0,21,30.5,0.3896,1534,359,8605,73.4,10.0,0.5083,0.5362,0.4722,0.5258,0.510625
perch,2.0,1.5,repeat,15,200,0.0,8,4.7,0.214,783,267,4627,11.4,0.6,0.8517,0.5212,0.2473,0.4185,0.509675
perch,0.5,0.25,zero,30,100,0.0,25,29.2,0.1471,1367,114,10024,130.2,12.0,0.4653,0.5361,0.4753,0.5548,0.5078750000000001
perch,3.0,2.5,zero,2,100,0.0,7,3.0,0.3005,357,154,3747,28.7,0.7,0.9036,0.5179,0.2015,0.3941,0.504275
perch,0.5,0.5,zero,10,100,0.0,24,34.8,0.2712,665,117,4379,36.6,8.1,0.4534,0.5356,0.4673,0.5518,0.5020249999999999
perch,2.5,1.5,zero,15,50,0.0,8,0.5,0.2263,622,66,6547,12.0,0.9,0.9104,0.5121,0.1921,0.3901,0.5011749999999999
perch,0.5,0.5,zero,20,100,0.0,23,32.7,0.284,701,178,3535,39.9,7.6,0.4895,0.5278,0.4542,0.5308,0.500575
perch,2.5,1.0,repeat,30,200,0.0,7,0.5,0.4806,1077,395,9773,19.5,5.5,0.9101,0.5078,0.1914,0.3851,0.4986
perch,1.0,0.25,repeat,15,200,0.0,13,6.9,0.207,2297,245,20458,79.9,8.8,0.6967,0.5347,0.2869,0.4725,0.4976999999999999
perch,2.5,2.5,repeat,15,100,0.0,7,0.4,0.4254,390,160,3893,14.8,0.8,0.9107,0.5038,0.1928,0.3826,0.497475
perch,2.5,1.0,repeat,10,100,0.0,7,1.0,0.5498,1032,394,9769,15.6,4.9,0.9063,0.5065,0.1902,0.3836,0.4966499999999999
perch,3.0,0.25,repeat,2,200,0.0,35,42.0,0.2521,592,227,6440,68.5,9.5,0.5508,0.5614,0.2666,0.6069,0.496425
perch,3.0,2.5,zero,2,50,0.0,8,0.4,0.3235,345,63,3747,28.7,0.7,0.9224,0.4928,0.1822,0.3788,0.49405
perch,2.5,1.5,zero,2,100,0.0,7,1.1,0.2982,658,262,6563,25.6,0.8,0.9059,0.5005,0.1877,0.3784,0.49312500000000004
perch,3.0,1.0,zero,5,50,0.0,7,0.0,0.5092,1153,167,9882,14.7,5.4,0.9269,0.494,0.1812,0.3701,0.49305
perch,2.5,2.5,zero,30,100,0.0,7,1.0,0.2353,361,159,3950,16.5,0.3,0.9061,0.5009,0.1867,0.3783,0.49300000000000005
perch,0.5,0.25,zero,30,200,0.0,22,33.4,0.3063,1585,315,8700,130.2,12.8,0.4862,0.5259,0.4368,0.5223,0.4928
perch,0.5,0.25,zero,20,50,0.0,47,32.9,0.4056,348,55,9898,107.6,12.1,0.4821,0.5219,0.4217,0.5436,0.492325
perch,0.5,0.25,zero,5,100,0.0,24,28.8,0.3226,1330,112,9275,73.4,9.5,0.5127,0.5218,0.4176,0.5115,0.4909
perch,2.5,1.5,zero,30,50,0.0,7,0.4,0.125,1086,66,6538,12.1,1.0,0.9112,0.4931,0.19,0.3682,0.49062500000000003
perch,2.5,1.5,zero,20,50,0.0,7,0.7,0.1259,1087,66,6531,10.9,0.9,0.9087,0.4934,0.1901,0.3684,0.49015
perch,3.0,2.0,zero,15,100,0.0,6,0.6,0.2552,938,187,4758,18.1,0.8,0.9206,0.4822,0.1943,0.3604,0.489375
perch,0.5,0.25,repeat,10,50,0.0,35,25.9,0.1127,282,50,25259,76.6,9.8,0.4567,0.5716,0.3592,0.5697,0.48929999999999996
perch,2.5,2.5,repeat,20,100,0.0,6,1.1,0.1366,722,160,3845,14.4,0.8,0.9041,0.491,0.1954,0.3658,0.48907500000000004
perch,1.5,1.5,repeat,20,200,0.0,7,5.8,0.4884,1453,240,3357,11.6,0.7,0.7892,0.487,0.2823,0.3933,0.48795
perch,0.5,0.25,repeat,5,200,0.0,17,23.2,0.1441,955,237,24251,70.4,10.1,0.489,0.5546,0.3793,0.5275,0.48760000000000003
perch,0.5,0.5,zero,30,50,0.0,27,31.4,0.1459,599,65,4497,45.6,7.1,0.4645,0.5181,0.424,0.5426,0.4873
perch,2.5,2.5,repeat,30,100,0.0,6,0.2,0.3044,731,158,3887,16.4,0.9,0.9128,0.4837,0.1901,0.3597,0.486575
perch,0.5,0.25,zero,20,100,0.0,25,30.2,0.1016,1356,115,8753,107.6,12.6,0.5074,0.5223,0.398,0.5182,0.48647500000000005
perch,2.5,2.0,repeat,10,100,0.0,6,0.0,0.3544,900,194,4883,17.1,0.8,0.9165,0.4831,0.1863,0.3586,0.486125
perch,2.5,2.5,repeat,10,100,0.0,6,0.5,0.1948,723,158,3890,13.8,0.8,0.9106,0.4842,0.1896,0.36,0.4861
perch,2.5,2.5,zero,15,100,0.0,6,0.3,0.3363,705,158,3946,14.6,0.2,0.9121,0.4838,0.1864,0.3587,0.48525
perch,0.5,0.5,zero,15,100,0.0,23,31.8,0.2944,659,179,4403,40.1,8.6,0.479,0.5184,0.421,0.5225,0.48522499999999996
perch,2.5,2.5,zero,15,50,0.0,6,0.3,0.4466,705,158,3946,14.6,0.2,0.9119,0.4838,0.1864,0.3587,0.4852
perch,2.5,2.5,zero,20,50,0.0,6,0.3,0.3517,703,158,3950,14.3,0.2,0.9118,0.4835,0.1862,0.3584,0.484975
perch,0.5,0.5,repeat,30,50,0.0,31,28.6,0.1779,346,50,10545,47.8,9.2,0.4642,0.5517,0.3493,0.5746,0.48495
perch,2.5,2.5,zero,10,100,0.0,6,0.2,0.3334,703,158,3947,13.8,0.2,0.9131,0.4827,0.1858,0.3578,0.48485
perch,3.0,0.25,repeat,5,200,0.0,28,35.3,0.3834,703,219,18236,64.4,8.3,0.6202,0.5466,0.2574,0.5145,0.48467499999999997
perch,2.5,2.5,zero,10,50,0.0,6,0.3,0.4552,703,158,3947,13.8,0.2,0.9121,0.4826,0.1857,0.3578,0.48455000000000004
perch,3.0,0.25,repeat,10,200,0.0,31,32.8,0.4064,676,222,18838,67.8,7.4,0.6373,0.5364,0.2494,0.5094,0.483125
perch,2.0,1.0,repeat,20,200,0.0,7,1.6,0.2147,913,398,10139,17.5,5.9,0.8816,0.495,0.1792,0.3721,0.48197500000000004
perch,2.0,1.5,repeat,20,100,0.0,7,1.9,0.5635,557,269,6781,11.2,0.5,0.8759,0.4968,0.18,0.3728,0.481375
perch,2.0,2.0,zero,2,50,0.0,8,0.2,0.4704,546,73,4856,30.8,0.7,0.8914,0.4792,0.1853,0.3684,0.48107500000000003
perch,0.5,0.5,repeat,15,50,0.0,22,23.1,0.2169,501,51,10835,40.0,7.3,0.5046,0.5336,0.3688,0.5158,0.4807
perch,0.5,0.5,zero,5,100,0.0,23,30.8,0.2414,694,174,4465,36.1,7.1,0.4744,0.5126,0.4156,0.5182,0.48019999999999996
perch,0.5,0.25,repeat,10,100,0.0,20,24.6,0.1764,943,153,24689,76.6,10.2,0.4708,0.5556,0.3599,0.534,0.480075
perch,0.5,0.25,repeat,30,50,0.0,23,19.4,0.1352,974,55,25854,113.9,12.1,0.5014,0.5487,0.3431,0.5267,0.479975
perch,3.0,0.5,repeat,30,200,0.0,4,0.6,0.2097,4352,3393,20961,38.5,6.8,0.9204,0.4779,0.1788,0.3357,0.47819999999999996
perch,0.5,0.25,zero,10,200,0.0,18,26.5,0.2078,1745,319,8843,81.1,12.3,0.5488,0.4981,0.402,0.4626,0.47787500000000005
perch,0.5,0.25,repeat,15,50,0.0,33,23.5,0.1162,351,50,26565,82.5,10.7,0.4629,0.5604,0.3295,0.5568,0.47739999999999994
perch,2.5,2.0,zero,2,100,0.0,6,0.0,0.3933,872,193,5003,31.2,0.8,0.9165,0.4698,0.176,0.3468,0.47727499999999995
perch,0.5,0.25,zero,15,200,0.0,19,26.8,0.1564,1487,313,8661,108.2,14.0,0.5358,0.5005,0.4019,0.4687,0.47672499999999995
perch,2.5,0.5,zero,15,100,0.0,8,0.2,0.3326,1535,152,21107,36.3,6.3,0.9139,0.4774,0.1598,0.3505,0.4754
perch,0.5,0.25,zero,15,50,0.0,49,32.5,0.3648,282,51,9532,108.2,12.9,0.4679,0.5048,0.3984,0.5303,0.47535
perch,2.5,0.5,zero,15,50,0.0,9,0.6,0.4581,826,89,21107,36.3,6.2,0.9111,0.478,0.1581,0.3518,0.47475
perch,0.5,0.5,zero,15,50,0.0,29,33.4,0.3761,413,59,4524,40.1,8.7,0.4474,0.5187,0.3796,0.5523,0.47450000000000003
perch,2.0,1.5,zero,5,100,0.0,7,1.4,0.5306,558,234,6983,10.2,0.9,0.8803,0.4818,0.1649,0.3584,0.47135
perch,2.5,2.5,zero,2,200,0.0,5,6.2,0.0682,941,664,2799,27.7,0.2,0.8559,0.4525,0.2284,0.3466,0.47085
perch,3.0,2.5,zero,30,100,0.0,5,0.0,0.5202,832,153,4002,16.3,0.9,0.9266,0.4535,0.1691,0.3284,0.46940000000000004
perch,3.0,2.5,zero,10,100,0.0,5,0.0,0.5335,835,153,4004,13.9,0.8,0.9266,0.4535,0.169,0.3284,0.46937500000000004
perch,3.0,2.5,zero,5,100,0.0,5,0.0,0.5135,831,153,3999,12.8,0.7,0.9266,0.4532,0.1692,0.3282,0.4693
perch,3.0,2.5,zero,15,100,0.0,5,0.0,0.5392,830,153,4000,14.7,0.8,0.9266,0.4522,0.1691,0.3275,0.46885
perch,2.5,1.5,zero,2,200,0.0,6,1.8,0.6243,861,262,6873,25.6,0.9,0.9012,0.4688,0.162,0.3431,0.468775
perch,3.0,2.5,zero,20,100,0.0,5,0.0,0.4814,832,153,4005,14.4,0.8,0.9266,0.4515,0.1682,0.3269,0.46829999999999994
perch,1.0,1.0,repeat,2,100,0.0,12,9.9,0.4842,531,126,5172,31.0,5.6,0.6687,0.4991,0.2625,0.4353,0.4664
perch,1.0,0.5,repeat,20,200,0.0,12,14.6,0.6543,1033,338,10297,38.3,6.1,0.6348,0.5212,0.2561,0.4534,0.46637500000000004
perch,1.5,0.25,repeat,30,200,0.0,9,1.6,0.2674,2723,256,42150,94.9,10.2,0.827,0.4903,0.1702,0.3705,0.46449999999999997
perch,0.5,0.5,repeat,30,100,0.0,19,26.3,0.4663,450,114,13711,47.8,9.9,0.4447,0.5581,0.3186,0.5347,0.464025
perch,2.0,1.5,zero,30,200,0.0,6,2.1,0.4535,1059,234,6900,12.7,1.4,0.8722,0.4702,0.1688,0.3443,0.46387500000000004
perch,0.5,0.5,zero,2,100,0.0,30,33.9,0.3573,482,114,4263,48.1,6.2,0.4779,0.4965,0.344,0.536,0.4636
perch,0.5,0.25,repeat,15,200,0.0,16,20.1,0.5024,984,237,28662,82.5,11.6,0.4856,0.542,0.317,0.5057,0.462575
perch,2.0,1.5,zero,5,200,0.0,6,1.8,0.1151,1056,234,6949,10.2,1.0,0.8754,0.4664,0.1653,0.341,0.46202499999999996
perch,1.5,1.0,zero,2,50,0.0,11,3.4,0.54,406,54,10372,30.0,5.3,0.8123,0.4867,0.1663,0.377,0.460575
perch,1.5,1.0,zero,2,100,0.0,8,2.3,0.3081,764,345,10372,30.0,5.4,0.8207,0.4813,0.1704,0.3683,0.460175
perch,2.5,2.0,zero,2,200,0.0,5,2.3,0.2416,946,206,5003,31.2,0.8,0.8933,0.4487,0.1699,0.3247,0.45915
perch,1.5,1.5,repeat,30,100,0.0,7,1.4,0.2443,1015,237,4512,12.9,0.6,0.8282,0.4459,0.2098,0.351,0.458725
perch,3.0,2.5,zero,2,200,0.0,4,0.4,0.1622,977,692,3981,28.7,0.8,0.9229,0.4339,0.1672,0.3089,0.458225
perch,2.0,2.0,zero,5,50,0.0,6,0.0,0.5446,798,175,5278,16.2,0.7,0.8932,0.4465,0.1574,0.326,0.45577500000000004
perch,2.0,2.0,zero,5,100,0.0,6,0.3,0.3494,795,175,5278,16.2,0.8,0.8904,0.4469,0.1568,0.3261,0.45505
perch,1.5,1.0,zero,2,200,0.0,7,1.2,0.2097,1334,345,10372,30.0,5.4,0.8298,0.4663,0.1707,0.3518,0.45465
perch,0.5,0.25,repeat,2,100,0.0,23,11.0,0.4779,834,112,29246,74.2,6.1,0.5462,0.5062,0.2763,0.4891,0.45445
perch,1.5,0.25,zero,15,50,0.0,14,1.7,0.1735,813,92,43369,77.5,8.4,0.8247,0.4774,0.1531,0.3625,0.454425
perch,2.0,2.0,zero,20,50,0.0,6,0.0,0.1764,797,177,5299,18.1,0.8,0.8931,0.4437,0.1558,0.3237,0.454075
perch,2.0,2.0,zero,20,100,0.0,6,0.1,0.1571,796,177,5299,18.1,0.9,0.8924,0.4442,0.1555,0.324,0.454025
perch,2.0,2.0,zero,10,50,0.0,6,0.0,0.5513,796,176,5299,17.4,0.8,0.8932,0.4433,0.1556,0.3234,0.45387500000000003
perch,2.0,2.0,zero,10,100,0.0,6,0.0,0.4031,796,176,5299,17.4,0.8,0.8932,0.4433,0.1556,0.3234,0.45387500000000003
perch,2.0,2.0,zero,30,50,0.0,6,0.0,0.5339,797,176,5301,20.7,0.9,0.8932,0.4433,0.1554,0.3233,0.4538
perch,2.0,2.0,zero,30,100,0.0,6,0.2,0.3702,797,176,5301,20.7,0.9,0.8922,0.4439,0.1551,0.3236,0.4537
perch,2.0,2.0,zero,15,100,0.0,6,0.5,0.2067,794,175,5301,18.4,0.9,0.8902,0.4449,0.1548,0.3242,0.453525
perch,2.0,2.0,zero,15,50,0.0,6,0.2,0.2471,793,175,5301,18.4,0.8,0.8915,0.4433,0.1551,0.3233,0.4533
perch,1.0,1.0,repeat,5,100,0.0,9,3.3,0.184,719,120,5738,16.1,5.8,0.7284,0.465,0.2321,0.3799,0.45135000000000003
perch,3.0,2.5,zero,30,200,0.0,4,2.3,0.4617,906,686,4002,16.3,0.9,0.9037,0.4316,0.1632,0.3061,0.45115
perch,3.0,2.5,zero,10,200,0.0,4,2.3,0.3854,905,685,4004,13.9,0.8,0.9037,0.4316,0.1631,0.3061,0.451125
perch,3.0,2.5,zero,5,200,0.0,4,2.3,0.4372,905,690,3999,12.8,0.8,0.9037,0.4313,0.1633,0.3059,0.45105
perch,3.0,2.5,zero,15,200,0.0,4,2.3,0.4859,904,691,4000,14.7,0.8,0.9037,0.4302,0.1632,0.3052,0.45057499999999995
perch,3.0,2.5,zero,20,200,0.0,4,2.3,0.4116,903,689,4005,14.4,0.8,0.9037,0.4295,0.1623,0.3046,0.45002499999999995
perch,1.0,1.0,repeat,15,100,0.0,9,4.3,0.1607,718,117,5747,18.1,5.8,0.7218,0.466,0.2303,0.3805,0.44965
perch,2.0,2.0,zero,2,100,0.0,6,0.0,0.3941,832,174,5307,30.8,0.8,0.8932,0.4356,0.1516,0.3177,0.44952499999999995
perch,0.25,0.25,zero,10,50,0.0,40,47.2,0.1092,340,50,9483,79.2,7.3,0.3785,0.5004,0.3764,0.5378,0.448275
perch,1.0,0.5,repeat,5,200,0.0,8,1.2,0.0669,2031,202,10661,32.9,6.0,0.7418,0.4517,0.2381,0.3613,0.448225
perch,2.0,2.0,repeat,2,200,0.0,5,1.6,0.1626,899,201,5312,30.4,0.8,0.8835,0.4387,0.1517,0.3137,0.44689999999999996
perch,2.5,2.5,repeat,5,200,0.0,4,0.3,0.1689,876,661,4220,13.0,0.8,0.9131,0.425,0.1503,0.2987,0.446775
perch,2.5,2.0,repeat,30,200,0.0,4,2.4,0.2662,1105,813,5097,20.4,1.1,0.893,0.4311,0.1583,0.3044,0.44670000000000004
perch,2.5,2.5,repeat,30,200,0.0,4,1.8,0.0835,883,662,4101,16.4,0.9,0.8969,0.4285,0.1584,0.3026,0.44660000000000005
perch,2.0,2.0,zero,10,200,0.0,5,6.6,0.0705,984,743,3347,17.4,0.9,0.8314,0.4182,0.2147,0.3215,0.44645
perch,2.5,2.0,repeat,5,200,0.0,4,2.3,0.2446,1105,813,5100,16.1,0.8,0.8933,0.4303,0.1578,0.3038,0.4463
perch,2.5,2.0,repeat,2,200,0.0,4,2.3,0.3848,1112,813,5084,29.8,0.8,0.8931,0.4294,0.1583,0.3034,0.44604999999999995
perch,1.0,0.5,zero,2,200,0.0,17,22.6,0.3587,954,224,8772,46.3,6.6,0.6383,0.4725,0.2486,0.4243,0.445925
perch,2.0,2.0,repeat,20,200,0.0,5,1.1,0.3553,908,201,5346,18.2,1.0,0.8849,0.4362,0.1501,0.3117,0.44572500000000004
perch,2.5,2.5,repeat,20,200,0.0,4,1.6,0.0904,867,661,4151,14.4,0.8,0.8994,0.4279,0.1542,0.3014,0.44572500000000004
perch,2.5,2.5,repeat,15,200,0.0,4,0.7,0.089,867,660,4212,14.8,0.9,0.9083,0.4249,0.1498,0.2986,0.44539999999999996
perch,2.5,2.0,repeat,15,200,0.0,4,0.3,0.3447,1095,813,5288,18.3,0.9,0.9137,0.423,0.1471,0.2968,0.44515
perch,2.5,2.5,repeat,10,200,0.0,4,1.4,0.0928,870,663,4159,13.8,0.8,0.9015,0.4256,0.1536,0.2997,0.4451
perch,2.5,2.5,repeat,2,200,0.0,4,5.9,0.079,844,663,3911,28.1,0.8,0.8591,0.4364,0.1711,0.3106,0.44430000000000003
perch,2.5,2.5,zero,5,200,0.0,4,2.0,0.427,836,655,4195,13.2,0.3,0.8978,0.4263,0.1515,0.2993,0.44372500000000004
perch,1.0,0.5,repeat,10,200,0.0,7,0.7,0.0424,2572,632,10775,35.5,6.1,0.7451,0.4419,0.2341,0.3511,0.44305
perch,1.5,1.5,repeat,5,100,0.0,7,2.8,0.4233,440,245,7237,10.4,0.4,0.8192,0.4617,0.1501,0.3406,0.4429
perch,1.5,0.5,zero,10,50,0.0,11,2.2,0.4042,703,54,22113,35.1,6.4,0.8232,0.4561,0.1394,0.3406,0.439825
perch,1.5,0.5,zero,20,200,0.0,7,1.3,0.3938,1753,696,22114,36.5,7.0,0.8285,0.4504,0.1432,0.3317,0.43845
perch,1.5,0.5,zero,10,100,0.0,10,2.6,0.3766,748,132,22113,35.1,6.5,0.8202,0.4524,0.1383,0.3366,0.43687500000000007
perch,0.5,0.5,zero,2,200,0.0,24,31.4,0.1962,745,224,3453,48.1,6.5,0.4496,0.4681,0.3299,0.4944,0.4355
perch,1.0,1.0,repeat,2,200,0.0,9,14.0,0.5299,674,262,5168,31.0,5.7,0.6328,0.467,0.2466,0.3914,0.43445
perch,2.0,1.5,zero,10,200,0.0,5,0.4,0.1572,989,233,6935,10.8,1.1,0.8854,0.4106,0.1497,0.2874,0.43327499999999997
perch,1.5,1.0,zero,5,50,0.0,9,2.0,0.4503,416,63,11096,15.6,5.5,0.8264,0.4418,0.1344,0.3269,0.432375
perch,1.5,1.5,zero,20,100,0.0,7,1.2,0.2229,553,218,7467,11.4,1.1,0.8282,0.4387,0.1348,0.3216,0.430825
perch,1.5,1.5,zero,5,100,0.0,7,1.7,0.4986,556,228,7471,10.4,0.9,0.8242,0.438,0.1338,0.321,0.42924999999999996
perch,1.5,1.5,zero,20,50,0.0,7,1.1,0.3984,563,218,7470,11.4,1.0,0.8281,0.4356,0.1337,0.3192,0.42915
perch,1.5,1.5,zero,5,50,0.0,7,1.3,0.5229,560,228,7471,10.4,0.8,0.828,0.4352,0.1337,0.319,0.42897499999999994
perch,1.5,1.5,zero,15,100,0.0,7,2.2,0.2093,511,215,7467,11.7,1.1,0.8203,0.439,0.1334,0.3206,0.428325
perch,1.5,1.5,zero,10,100,0.0,7,2.3,0.7038,514,217,7444,11.0,1.1,0.8195,0.4387,0.1343,0.3207,0.4283
perch,1.5,1.5,zero,2,50,0.0,6,0.4,0.4504,966,224,7382,26.2,0.8,0.8354,0.4246,0.14,0.3078,0.42695
perch,0.5,0.25,zero,10,50,0.0,37,32.0,0.2107,355,53,12156,81.1,11.3,0.5042,0.4716,0.282,0.4445,0.42557500000000004
perch,3.0,2.0,zero,5,100,0.0,5,0.5,0.2006,862,187,5776,16.0,0.8,0.9218,0.3957,0.1113,0.2714,0.42504999999999993
perch,2.0,2.0,repeat,5,200,0.0,4,1.2,0.071,967,752,5530,16.3,0.9,0.8839,0.4026,0.1333,0.2794,0.42479999999999996
perch,0.5,0.25,zero,2,50,0.0,34,16.4,0.3831,384,57,12158,77.7,7.5,0.5849,0.4262,0.2886,0.397,0.42417499999999997
perch,1.5,1.5,zero,2,200,0.0,6,2.5,0.2291,930,224,7382,26.2,0.9,0.8193,0.4287,0.1379,0.3094,0.423825
perch,0.25,0.25,zero,15,50,0.0,39,43.4,0.2656,347,51,12306,87.1,8.0,0.3775,0.4817,0.3162,0.5125,0.421975
perch,0.5,0.5,zero,10,200,0.0,16,31.4,0.1468,887,222,6436,36.6,8.5,0.5208,0.4568,0.3,0.4095,0.421775
perch,1.5,0.25,repeat,20,50,0.0,8,0.6,0.4535,1603,304,42157,77.4,9.8,0.8342,0.4133,0.1379,0.2985,0.420975
perch,2.5,1.0,repeat,10,200,0.0,5,0.0,0.5316,1641,394,11780,15.6,5.0,0.9152,0.3898,0.1064,0.2657,0.419275
perch,0.5,0.25,zero,5,50,0.0,37,31.7,0.1213,392,54,12272,73.4,9.2,0.4981,0.4638,0.2774,0.4376,0.419225
perch,3.0,3.0,repeat,2,100,0.0,5,1.1,0.5325,352,125,4132,27.0,0.2,0.922,0.3875,0.0989,0.2589,0.416825
perch,2.0,2.0,zero,5,200,0.0,4,4.6,0.4943,928,742,5336,16.2,0.9,0.8491,0.398,0.1388,0.2776,0.41587500000000005
perch,2.0,2.0,zero,20,200,0.0,4,3.6,0.0611,933,743,5411,18.1,1.0,0.8592,0.3942,0.1351,0.2743,0.4157
perch,2.0,2.0,zero,30,200,0.0,4,4.7,0.0623,930,743,5322,20.7,1.0,0.848,0.3972,0.1401,0.2775,0.4157
perch,2.0,2.0,zero,2,200,0.0,4,6.0,0.5482,914,746,5243,30.8,0.8,0.8374,0.4,0.144,0.2802,0.4154
perch,2.0,2.0,zero,15,200,0.0,4,3.8,0.0553,926,743,5407,18.4,0.9,0.8576,0.3936,0.1347,0.2739,0.41495000000000004
perch,0.5,0.25,repeat,2,200,0.0,15,9.3,0.518,900,234,29048,74.2,6.7,0.5607,0.4586,0.2332,0.3976,0.412525
perch,0.5,0.5,repeat,20,50,0.0,18,10.5,0.1705,289,57,13958,39.4,7.1,0.5614,0.4576,0.2299,0.3931,0.41050000000000003
perch,0.5,0.5,zero,10,50,0.0,22,27.3,0.293,656,60,5998,36.6,8.1,0.5017,0.446,0.2754,0.4167,0.40995000000000004
perch,0.5,0.5,zero,5,50,0.0,26,31.1,0.3281,364,67,5908,36.1,7.1,0.4911,0.4509,0.2747,0.4194,0.40902499999999997
perch,2.5,2.5,zero,20,200,0.0,3,0.0,0.286,1721,653,4279,14.3,0.3,0.9151,0.3558,0.1276,0.2367,0.4088
perch,0.5,0.5,repeat,2,200,0.0,9,8.6,0.4058,2007,407,14642,47.0,8.2,0.5642,0.4436,0.2444,0.3783,0.407625
perch,2.5,2.5,zero,30,200,0.0,3,1.1,0.2429,1720,653,4207,16.5,0.4,0.9041,0.357,0.1313,0.2381,0.40762499999999996
perch,2.5,2.5,zero,15,200,0.0,3,2.0,0.2413,1722,655,4141,14.6,0.3,0.8948,0.3598,0.1352,0.2406,0.40759999999999996
perch,2.5,2.5,zero,10,200,0.0,3,1.4,0.2317,1723,654,4185,13.8,0.3,0.9014,0.3572,0.132,0.2384,0.40725
perch,3.0,2.0,zero,5,200,0.0,4,3.9,0.1432,1037,235,5682,16.0,0.8,0.8903,0.3728,0.109,0.2506,0.405675
perch,0.5,0.25,repeat,5,100,0.0,14,16.6,0.1681,1195,156,24687,70.4,9.3,0.5322,0.46,0.2303,0.3984,0.40522499999999995
perch,3.0,2.0,zero,10,200,0.0,4,2.2,0.3553,1037,232,5822,17.0,0.9,0.9045,0.367,0.103,0.2452,0.40492500000000003
perch,3.0,2.0,zero,30,200,0.0,4,2.2,0.1907,1035,235,5824,20.4,1.0,0.9045,0.3671,0.1028,0.2453,0.404925
perch,3.0,2.0,zero,20,200,0.0,4,2.2,0.2801,1035,235,5823,17.8,1.0,0.9045,0.3665,0.1028,0.245,0.40469999999999995
perch,3.0,2.0,zero,2,200,0.0,4,2.3,0.321,1044,226,5813,29.9,0.8,0.9044,0.3656,0.103,0.2443,0.404325
perch,3.0,2.0,zero,15,200,0.0,4,2.2,0.3052,1039,225,5825,18.1,0.9,0.9045,0.3652,0.1026,0.2439,0.40405
perch,3.0,1.0,zero,15,200,0.0,4,0.8,0.1864,2077,387,11959,16.6,5.6,0.9192,0.3605,0.0959,0.2388,0.40360000000000007
perch,3.0,1.0,zero,20,200,0.0,4,0.4,0.2037,2075,387,12023,16.4,5.8,0.9227,0.357,0.0941,0.2362,0.4025
perch,0.5,0.25,repeat,5,50,0.0,24,13.9,0.0474,335,50,25891,70.4,9.3,0.5377,0.4548,0.2212,0.3963,0.40249999999999997
perch,3.0,1.5,zero,20,200,0.0,4,0.3,0.1795,1393,258,8009,10.8,0.7,0.9228,0.3555,0.0944,0.2355,0.40205
perch,3.0,1.5,zero,10,200,0.0,4,0.0,0.2056,1392,259,8045,10.5,0.5,0.926,0.3528,0.093,0.2335,0.401325
perch,0.5,0.5,repeat,5,100,0.0,11,8.4,0.4277,827,115,14641,35.4,7.0,0.5696,0.4397,0.2181,0.3671,0.398625
perch,0.5,0.5,repeat,10,100,0.0,11,8.5,0.4288,830,115,14598,36.9,7.3,0.569,0.4388,0.2179,0.3665,0.39805
perch,0.5,0.5,repeat,15,200,0.0,9,13.3,0.4333,1039,308,14103,40.0,7.6,0.5384,0.4507,0.2271,0.3724,0.39715
perch,0.5,0.25,repeat,2,50,0.0,27,7.6,0.0348,358,54,26826,74.2,6.0,0.5751,0.4328,0.1989,0.3815,0.397075
perch,0.5,0.5,repeat,10,200,0.0,9,13.4,0.4595,1091,302,14215,36.9,7.6,0.537,0.4502,0.2255,0.3721,0.3962
perch,0.5,0.25,repeat,20,50,0.0,20,18.7,0.5895,837,53,25992,84.7,11.5,0.5019,0.4651,0.2096,0.4075,0.396025
perch,0.5,0.5,repeat,5,200,0.0,9,13.0,0.4592,1072,299,14221,35.4,7.3,0.5384,0.4488,0.2243,0.3706,0.395525
perch,1.5,1.5,repeat,15,200,0.0,5,1.1,0.2226,2716,240,4401,11.6,0.7,0.8285,0.3449,0.1581,0.2482,0.39492499999999997
perch,0.5,0.5,repeat,20,100,0.0,13,10.9,0.1551,454,114,14140,39.4,7.0,0.5554,0.4407,0.2136,0.3674,0.394275
perch,1.0,0.25,zero,15,200,0.0,8,2.6,0.5252,2158,227,47788,79.6,10.0,0.7296,0.4238,0.1175,0.3061,0.39425
perch,0.5,0.25,repeat,10,200,0.0,12,20.5,0.1728,1430,238,24101,76.6,10.6,0.5069,0.456,0.2233,0.3894,0.39390000000000003
perch,3.0,3.0,repeat,2,200,0.0,3,0.3,0.1272,797,599,4132,27.0,0.2,0.9239,0.3369,0.0967,0.2162,0.393425
perch,2.0,2.0,repeat,30,200,0.0,3,0.3,0.2005,2025,752,5516,20.5,1.0,0.8905,0.3387,0.119,0.2242,0.3931
perch,0.5,0.25,repeat,15,100,0.0,13,13.3,0.2851,1416,153,24642,82.5,11.0,0.553,0.4344,0.2132,0.3698,0.39260000000000006
perch,0.5,0.5,repeat,15,100,0.0,12,8.4,0.0963,654,114,14899,40.0,7.2,0.5678,0.4346,0.198,0.3662,0.39165
perch,0.5,0.5,repeat,10,50,0.0,20,9.2,0.1407,358,59,13759,36.9,7.2,0.5599,0.4286,0.202,0.3719,0.39059999999999995
perch,0.5,0.5,repeat,5,50,0.0,22,11.9,0.0653,314,61,13296,35.4,7.0,0.5492,0.435,0.1894,0.3844,0.3895
perch,1.0,0.5,zero,30,50,0.0,6,0.0,0.5758,2437,551,23987,46.3,7.5,0.7492,0.4011,0.1208,0.2861,0.38930000000000003
perch,0.5,0.5,zero,20,50,0.0,22,28.0,0.3854,604,65,6451,39.9,7.5,0.5006,0.4195,0.2422,0.3847,0.38675000000000004
perch,1.0,0.5,zero,5,200,0.0,6,1.2,0.4276,2383,557,23979,34.0,8.1,0.7394,0.4025,0.1187,0.2863,0.386725
perch,1.0,1.0,repeat,10,200,0.0,5,1.2,0.1665,3168,327,6472,17.4,6.8,0.7412,0.3609,0.1689,0.2675,0.38462500000000005
perch,1.0,1.0,repeat,30,200,0.0,5,1.2,0.1177,3164,325,6474,20.4,5.9,0.7414,0.3606,0.1688,0.2673,0.384525
perch,0.5,0.25,repeat,20,200,0.0,12,18.4,0.5563,1200,237,28610,84.7,12.5,0.4951,0.4558,0.1992,0.3829,0.38325
perch,1.5,0.5,zero,30,200,0.0,5,0.0,0.3611,2742,696,25346,42.9,7.1,0.8393,0.3612,0.0883,0.2416,0.38260000000000005
perch,3.0,0.5,repeat,5,200,0.0,3,0.5,0.0941,3489,3452,26167,29.1,7.4,0.9219,0.3245,0.0802,0.2036,0.38255
perch,3.0,0.5,repeat,10,200,0.0,3,0.3,0.3723,3485,3432,26243,30.8,6.3,0.9234,0.3217,0.0793,0.2017,0.38152499999999995
perch,3.0,0.5,repeat,15,200,0.0,3,0.4,0.3525,3487,3368,26280,34.7,6.5,0.9227,0.3211,0.0789,0.2012,0.380975
perch,1.0,0.5,repeat,30,200,0.0,5,1.3,0.4943,2593,633,23711,52.3,8.2,0.7411,0.3896,0.1196,0.2731,0.38085
perch,3.0,0.5,zero,10,200,0.0,3,0.0,0.2739,3408,3400,26456,30.9,6.7,0.9266,0.319,0.0773,0.1995,0.3806
perch,3.0,3.0,zero,30,200,0.0,3,2.3,0.2147,812,591,4015,14.7,0.9,0.904,0.3225,0.0859,0.2083,0.38017500000000004
perch,3.0,0.5,repeat,20,200,0.0,3,0.6,0.3204,3486,3339,26246,32.8,8.2,0.9208,0.3203,0.0787,0.2007,0.38012499999999994
perch,3.0,0.5,zero,20,200,0.0,3,0.4,0.499,3417,3393,26321,33.5,6.7,0.9226,0.3194,0.0781,0.1999,0.38
perch,3.0,0.5,zero,30,200,0.0,3,0.5,0.1299,3419,3367,26318,38.4,6.7,0.9217,0.319,0.0779,0.1997,0.379575
perch,3.0,3.0,zero,15,200,0.0,3,2.3,0.428,816,590,4012,13.0,0.8,0.904,0.3206,0.0858,0.2071,0.3793750000000001
perch,0.5,0.5,repeat,20,200,0.0,7,10.7,0.3735,2063,438,14060,39.4,7.4,0.559,0.4127,0.2135,0.3282,0.37835
perch,3.0,3.0,zero,10,200,0.0,3,5.1,0.1193,809,591,3863,12.8,0.9,0.8761,0.3284,0.094,0.2137,0.37805
perch,1.0,0.5,zero,2,50,0.0,17,5.8,0.1889,225,62,23815,46.3,6.0,0.7013,0.4072,0.1012,0.3023,0.378
perch,3.0,3.0,zero,5,200,0.0,3,5.6,0.1171,817,591,3823,10.9,0.8,0.871,0.3289,0.096,0.2145,0.3776
perch,0.5,0.5,repeat,30,200,0.0,7,9.9,0.3791,2059,442,14390,47.8,9.9,0.5609,0.4099,0.2099,0.3258,0.376625
perch,3.0,3.0,zero,2,200,0.0,3,5.6,0.0455,800,594,3838,29.7,0.2,0.8705,0.3274,0.0949,0.2132,0.37650000000000006
perch,3.0,3.0,zero,20,200,0.0,3,5.2,0.1439,792,593,3870,12.5,0.9,0.8746,0.3245,0.0925,0.2109,0.37562500000000004
perch,0.5,0.5,zero,5,200,0.0,9,10.6,0.48,890,216,16719,36.1,7.5,0.5454,0.4218,0.1927,0.3421,0.37550000000000006
perch,2.5,0.25,zero,2,200,0.0,3,1.6,0.0367,6944,6434,52068,68.5,7.0,0.9008,0.3203,0.0786,0.2004,0.375025
perch,1.5,1.5,repeat,5,200,0.0,4,0.0,0.3096,1803,245,7237,10.4,0.5,0.8385,0.3198,0.1148,0.2112,0.37107500000000004
perch,1.5,1.5,zero,2,100,0.0,4,0.0,0.5069,1741,224,7382,26.2,0.8,0.8385,0.3052,0.108,0.2006,0.36307500000000004
perch,0.5,0.5,zero,20,200,0.0,13,29.0,0.336,860,237,6035,39.9,7.8,0.5417,0.3729,0.2239,0.3068,0.361325
perch,0.25,0.25,zero,15,200,0.0,13,14.1,0.5755,1075,201,37473,87.1,8.6,0.4625,0.4276,0.1875,0.3625,0.360025
perch,0.5,0.5,repeat,2,100,0.0,14,5.9,0.1055,403,109,14659,47.0,7.8,0.5808,0.385,0.1564,0.3134,0.3589
perch,0.5,0.5,zero,15,200,0.0,13,27.7,0.3169,896,246,6015,40.1,9.0,0.5406,0.3685,0.2222,0.3038,0.358775
perch,1.0,0.5,repeat,20,100,0.0,4,0.2,0.564,4429,632,23713,38.3,5.8,0.7484,0.3431,0.1119,0.2309,0.358575
perch,1.0,0.5,repeat,20,50,0.0,4,0.0,0.4401,4459,632,23713,38.3,5.8,0.7494,0.3422,0.112,0.2303,0.358475
perch,0.5,0.25,repeat,30,200,0.0,8,11.6,0.0694,1526,238,24058,113.9,12.9,0.5754,0.3707,0.188,0.2859,0.355
perch,0.25,0.25,zero,2,50,0.0,18,3.8,0.1327,396,92,34710,78.0,5.6,0.5271,0.3763,0.1855,0.3282,0.354275
perch,2.5,1.0,repeat,20,200,0.0,4,0.0,0.5136,1031,394,14176,16.6,5.2,0.9152,0.2716,0.0509,0.165,0.350675
perch,1.0,1.0,repeat,5,200,0.0,4,1.2,0.2361,4812,328,6475,16.1,5.9,0.741,0.294,0.1383,0.2071,0.3451
perch,1.0,1.0,repeat,15,200,0.0,4,1.2,0.1782,4813,327,6472,18.1,5.9,0.7409,0.2935,0.1382,0.2067,0.34482500000000005
perch,1.0,1.0,repeat,20,200,0.0,4,1.1,0.2011,4817,326,6492,17.8,5.8,0.7421,0.2927,0.1377,0.2061,0.34464999999999996
perch,2.0,0.5,zero,15,200,0.0,4,0.0,0.2014,1893,780,28698,35.8,6.2,0.8917,0.2705,0.0497,0.1635,0.34385000000000004
perch,2.0,0.5,zero,10,200,0.0,4,0.0,0.3964,1893,781,28697,33.0,6.2,0.8917,0.2702,0.0497,0.1633,0.34372500000000006
perch,0.25,0.25,repeat,20,50,0.0,29,32.0,0.5348,308,53,30385,82.6,8.9,0.371,0.4422,0.1548,0.4048,0.3432
perch,2.0,1.0,zero,10,100,0.0,4,0.0,0.6174,937,391,14367,16.4,7.1,0.8923,0.2672,0.0487,0.1613,0.342375
perch,2.0,1.0,zero,10,200,0.0,4,0.0,0.3474,937,391,14367,16.4,7.2,0.8923,0.2672,0.0487,0.1613,0.342375
perch,2.0,1.5,zero,20,200,0.0,4,0.0,0.4165,626,234,9601,11.4,1.2,0.8894,0.2689,0.0489,0.162,0.34229999999999994
perch,0.5,0.5,zero,2,50,0.0,17,4.2,0.0207,341,60,24800,48.1,6.2,0.5906,0.3836,0.09,0.2957,0.339975
perch,0.25,0.25,repeat,10,50,0.0,26,30.7,0.4762,294,54,30664,77.8,9.9,0.3812,0.4383,0.1438,0.3908,0.338525
perch,3.0,1.5,repeat,5,200,0.0,3,0.0,0.5797,1197,254,9637,9.7,1.0,0.926,0.2275,0.0417,0.1337,0.332225
perch,0.5,0.5,repeat,2,50,0.0,16,4.7,0.3944,335,60,25116,47.0,7.6,0.589,0.3714,0.0908,0.2759,0.331775
perch,0.25,0.25,repeat,2,100,0.0,21,17.5,0.5112,308,100,35618,77.1,6.4,0.4367,0.3996,0.1397,0.35,0.3315
perch,0.5,0.5,zero,30,200,0.0,6,7.9,0.5546,3227,389,16811,45.6,7.7,0.5672,0.3426,0.1572,0.2581,0.33127500000000004
perch,3.0,1.5,repeat,20,200,0.0,3,0.0,0.6142,1155,254,9679,11.0,1.1,0.926,0.2254,0.0402,0.1321,0.330925
perch,3.0,1.5,repeat,30,200,0.0,3,0.0,0.6168,1157,253,9678,11.9,1.2,0.926,0.2253,0.0402,0.132,0.33087500000000003
perch,3.0,1.5,repeat,15,200,0.0,3,0.0,0.6152,1155,254,9679,10.9,1.1,0.926,0.2251,0.0401,0.1319,0.330775
perch,3.0,1.5,repeat,10,200,0.0,3,0.0,0.5784,1154,253,9681,10.6,1.0,0.926,0.2246,0.04,0.1316,0.33055
perch,1.0,1.0,zero,2,50,0.0,4,0.0,0.2431,2166,271,12028,29.9,5.1,0.7511,0.2832,0.0931,0.184,0.32785
perch,1.0,1.0,zero,2,100,0.0,4,0.1,0.183,2166,271,12013,29.9,5.1,0.7502,0.2834,0.0935,0.1842,0.3278249999999999
perch,1.0,1.0,zero,2,200,0.0,4,0.3,0.1797,2166,271,11979,29.9,5.2,0.7481,0.284,0.0943,0.1847,0.32777500000000004
perch,2.5,1.5,repeat,5,200,0.0,3,0.0,0.4736,1082,265,9741,9.9,1.0,0.9151,0.2238,0.0395,0.1308,0.32730000000000004
perch,2.5,1.5,repeat,20,200,0.0,3,0.0,0.6187,1083,262,9743,11.1,1.1,0.9151,0.2235,0.0394,0.1306,0.32715000000000005
perch,2.5,1.5,repeat,10,200,0.0,3,0.0,0.6271,1083,262,9743,10.4,1.1,0.9151,0.2231,0.0393,0.1304,0.32697500000000007
perch,2.5,1.5,repeat,15,200,0.0,3,0.0,0.6298,1083,262,9743,11.3,1.4,0.9151,0.2226,0.0393,0.1301,0.32677500000000004
perch,1.5,0.5,zero,15,200,0.0,4,0.0,0.3809,1718,700,29128,36.8,6.8,0.8393,0.256,0.0455,0.1537,0.323625
perch,1.5,0.5,zero,15,100,0.0,4,0.0,0.6574,1718,700,29128,36.8,6.6,0.8393,0.256,0.0455,0.1537,0.323625
perch,0.25,0.25,zero,2,100,0.0,13,4.7,0.0483,322,167,37996,78.0,5.9,0.5201,0.3471,0.1455,0.2773,0.3225
perch,2.0,1.0,zero,2,200,0.0,3,0.0,0.418,1494,391,14747,30.9,6.7,0.8923,0.2207,0.0383,0.1284,0.319925
perch,0.25,0.25,zero,10,200,0.0,12,11.1,0.015,683,204,37414,79.2,8.1,0.4791,0.3617,0.1466,0.2895,0.319225
perch,0.25,0.25,repeat,2,200,0.0,16,16.0,0.0534,952,201,35775,77.1,7.0,0.4384,0.3801,0.1172,0.3366,0.318075
perch,1.0,0.5,zero,2,100,0.0,3,0.3,0.3525,8772,584,23815,46.3,6.1,0.7466,0.2535,0.0915,0.1616,0.31329999999999997
perch,3.0,3.0,repeat,20,200,0.0,2,0.0,0.3829,2772,597,4947,12.0,0.8,0.9268,0.1861,0.0338,0.1054,0.313025
perch,3.0,3.0,repeat,30,200,0.0,2,0.0,0.2875,2772,599,4945,13.8,0.9,0.9268,0.1858,0.0338,0.1053,0.312925
perch,3.0,2.0,repeat,20,200,0.0,2,0.0,0.2704,4158,879,7437,17.6,0.9,0.927,0.1846,0.0337,0.1045,0.31245000000000006
perch,3.0,2.0,repeat,2,200,0.0,2,0.0,0.2483,4158,879,7437,29.9,0.8,0.927,0.1846,0.0337,0.1045,0.31245000000000006
perch,3.0,2.0,repeat,30,200,0.0,2,0.0,0.2939,4158,879,7437,19.9,1.0,0.927,0.1846,0.0337,0.1045,0.31245000000000006
perch,3.0,2.5,repeat,2,200,0.0,2,0.0,0.6119,3326,691,5962,27.4,0.7,0.9266,0.1784,0.0317,0.1008,0.309375
perch,0.5,0.25,zero,2,100,0.0,8,1.0,0.1555,925,111,48607,77.7,7.8,0.6191,0.3026,0.1006,0.2084,0.307675
perch,0.25,0.25,repeat,5,200,0.0,6,9.9,0.0158,5042,238,33936,71.6,9.1,0.5061,0.305,0.143,0.2324,0.29662499999999997
perch,0.25,0.25,repeat,10,200,0.0,6,9.1,0.0002,5162,236,33950,77.8,10.9,0.5091,0.3015,0.1415,0.2291,0.2953
perch,0.5,0.25,zero,2,200,0.0,5,1.0,0.1637,1623,369,49827,77.7,8.2,0.6189,0.2791,0.0908,0.1863,0.293775
perch,0.25,0.25,repeat,30,200,0.0,10,16.3,0.2204,1236,243,34116,98.6,10.9,0.4578,0.3233,0.1251,0.2538,0.29
perch,0.25,0.25,repeat,10,100,0.0,9,16.6,0.6064,1304,271,33656,77.8,10.1,0.4633,0.3176,0.1302,0.2484,0.289875
perch,0.25,0.25,zero,20,50,0.0,18,12.3,0.6601,261,52,48839,85.1,9.8,0.4821,0.3443,0.0766,0.2518,0.2887
perch,0.25,0.25,zero,5,100,0.0,12,9.2,0.6646,582,209,51128,73.1,7.2,0.4919,0.3305,0.0703,0.2359,0.28215
perch,0.25,0.25,repeat,5,100,0.0,12,16.8,0.643,698,269,35072,71.6,8.5,0.4475,0.3135,0.1094,0.2479,0.279575
perch,0.5,0.25,repeat,30,100,0.0,4,0.0,0.0698,7378,238,51520,113.9,12.2,0.6222,0.2443,0.0789,0.1556,0.27525
perch,0.5,0.25,repeat,20,100,0.0,4,0.0,0.1223,7376,237,51526,84.7,11.9,0.6222,0.2438,0.0788,0.1552,0.275
perch,0.25,0.25,repeat,20,200,0.0,5,8.6,0.015,9914,240,33745,82.6,9.8,0.5165,0.2573,0.1227,0.1879,0.2711
perch,1.0,0.5,zero,30,100,0.0,5,0.2,0.595,582,269,30717,46.3,7.4,0.747,0.1908,0.0246,0.1111,0.268375
perch,0.25,0.25,repeat,15,200,0.0,4,2.8,0.0001,13014,1232,37392,83.6,9.5,0.533,0.2377,0.1087,0.1716,0.26275000000000004
perch,1.5,1.5,zero,20,200,0.0,3,0.0,0.4832,235,218,10635,11.4,1.2,0.8385,0.1155,0.014,0.0626,0.25765000000000005
perch,1.5,1.5,zero,30,200,0.0,3,0.0,0.5251,235,217,10636,12.7,1.4,0.8385,0.1152,0.0139,0.0625,0.257525
perch,1.5,1.5,zero,15,200,0.0,3,0.0,0.5517,235,215,10638,11.7,1.2,0.8385,0.1151,0.0139,0.0624,0.257475
perch,1.5,1.0,zero,5,200,0.0,3,0.0,0.4685,346,335,15951,15.6,5.6,0.8387,0.115,0.0138,0.0623,0.25745
perch,0.25,0.25,repeat,30,50,0.0,6,8.4,0.504,3685,131,34433,98.6,9.8,0.5106,0.2178,0.0909,0.1565,0.24395
perch,3.0,0.25,zero,20,200,0.0,2,0.9,0.0044,32967,367,65568,74.0,9.5,0.9188,0.0151,0.0011,0.0077,0.235675
perch,1.5,1.0,zero,15,200,0.0,2,0.0,0.6803,8316,346,16286,17.8,5.7,0.8387,0.0597,0.0063,0.0312,0.233975
perch,1.5,1.0,zero,20,200,0.0,2,0.0,0.6812,8316,345,16287,17.5,6.9,0.8387,0.0595,0.0063,0.031,0.233875
perch,1.0,0.5,zero,10,200,0.0,3,0.0,0.6275,582,554,32128,36.4,7.0,0.7494,0.1059,0.0121,0.0572,0.23115
perch,1.0,0.5,zero,30,200,0.0,3,0.0,0.6695,582,551,32131,46.3,8.0,0.7494,0.1058,0.012,0.0571,0.231075
perch,1.0,0.5,zero,15,200,0.0,3,0.0,0.644,582,550,32132,39.2,7.2,0.7494,0.1056,0.012,0.057,0.231
perch,1.0,0.5,zero,20,100,0.0,3,0.0,0.702,581,552,32131,39.6,8.7,0.7494,0.1054,0.012,0.0569,0.230925
perch,1.0,0.5,zero,20,200,0.0,3,0.0,0.6838,581,552,32131,39.6,12.3,0.7494,0.1054,0.012,0.0569,0.230925
perch,1.0,1.0,zero,5,200,0.0,2,0.0,0.4629,8316,276,16356,15.9,5.7,0.7511,0.0552,0.0062,0.0287,0.2103
perch,1.0,1.0,zero,5,100,0.0,2,0.0,0.6785,8316,276,16356,15.9,5.6,0.7511,0.0552,0.0062,0.0287,0.2103
perch,1.0,1.0,zero,10,100,0.0,2,0.0,0.6348,8316,278,16354,16.9,5.6,0.7511,0.055,0.0062,0.0286,0.210225
perch,1.0,1.0,zero,20,200,0.0,2,0.0,0.3306,8316,277,16355,17.6,5.7,0.7511,0.055,0.0062,0.0286,0.210225
perch,1.0,1.0,zero,30,50,0.0,2,0.0,0.7161,8316,278,16354,20.4,5.9,0.7511,0.055,0.0062,0.0286,0.210225
perch,1.0,1.0,zero,30,100,0.0,2,0.0,0.6933,8316,278,16354,20.4,5.9,0.7511,0.055,0.0062,0.0286,0.210225
perch,1.0,1.0,zero,15,200,0.0,2,0.0,0.4247,8316,277,16355,17.8,5.7,0.7511,0.055,0.0062,0.0286,0.210225
perch,1.0,1.0,zero,20,50,0.0,2,0.0,0.6578,8316,277,16355,17.6,5.6,0.7511,0.055,0.0062,0.0286,0.210225
perch,1.0,1.0,zero,30,200,0.0,2,0.0,0.3144,8316,278,16354,20.4,6.0,0.7511,0.055,0.0062,0.0286,0.210225
perch,1.0,1.0,zero,20,100,0.0,2,0.0,0.6377,8316,277,16355,17.6,5.7,0.7511,0.055,0.0062,0.0286,0.210225
perch,1.0,1.0,zero,10,200,0.0,2,0.0,0.233,8316,278,16354,16.9,5.7,0.7511,0.055,0.0062,0.0286,0.210225
perch,1.0,1.0,zero,15,100,0.0,2,0.0,0.533,8316,277,16355,17.8,5.6,0.7511,0.055,0.0062,0.0286,0.210225
perch,0.25,0.25,repeat,2,50,0.0,5,1.1,0.0215,5189,156,36723,77.1,6.3,0.5433,0.1427,0.0561,0.0979,0.21
perch,0.25,0.25,repeat,20,100,0.0,6,12.1,0.0079,1165,119,29777,82.6,9.1,0.5185,0.11,0.035,0.0723,0.18395
perch,0.25,0.25,repeat,15,50,0.0,5,7.6,0.4277,1246,136,34201,83.6,8.6,0.5176,0.1079,0.0337,0.0703,0.18237499999999998
perch,0.25,0.25,zero,5,50,0.0,4,0.2,0.0048,923,219,64359,73.1,7.0,0.5481,0.1025,0.0092,0.0563,0.17902500000000002
perch,0.25,0.25,repeat,15,100,0.0,3,5.8,0.0,26028,1259,35414,83.6,9.1,0.5243,0.0935,0.0327,0.0601,0.17765
perch,0.5,0.25,zero,10,100,0.0,2,0.0,0.262,33264,895,65633,81.1,11.5,0.6222,0.0478,0.0044,0.0248,0.17479999999999998
perch,0.5,0.5,zero,30,100,0.0,2,0.0,0.4925,16632,404,32860,45.6,7.2,0.6232,0.0301,0.0001,0.0155,0.16722499999999998
perch,0.25,0.25,repeat,5,50,0.0,2,1.0,0.0,32935,1485,64386,71.6,8.3,0.5437,0.0613,0.0062,0.0326,0.16094999999999998
perch,0.25,0.25,repeat,30,100,0.0,4,5.9,0.7397,14176,124,34154,98.6,10.1,0.5293,0.0435,0.0189,0.0271,0.1547
perch,0.25,0.25,zero,2,200,0.0,2,0.0,0.1385,33264,31323,35205,78.0,6.4,0.5489,0.0275,0.0167,0.0169,0.15250000000000002
perch,0.25,0.25,zero,30,50,0.0,2,0.0,0.0306,33264,212,66316,97.7,8.2,0.5489,0.0118,0.0007,0.006,0.14185000000000003
perch,0.25,0.25,zero,30,100,0.0,2,0.1,0.0017,33243,211,66276,97.7,8.6,0.5484,0.0117,0.0007,0.0059,0.14167500000000002
perch,0.25,0.25,zero,5,200,0.0,2,0.2,0.0,33196,217,66176,73.1,7.7,0.5474,0.0122,0.0008,0.0062,0.14165
perch,0.25,0.25,zero,15,100,0.0,2,0.1,0.0047,33235,209,66262,87.1,8.1,0.5483,0.0116,0.0007,0.0059,0.14162500000000003
perch,0.25,0.25,zero,20,100,0.0,2,0.1,0.0007,33226,209,66244,85.1,9.9,0.5483,0.0116,0.0007,0.0059,0.14162500000000003
perch,0.25,0.25,zero,10,100,0.0,2,0.1,0.0001,33234,209,66260,79.2,7.6,0.5482,0.0116,0.0007,0.0059,0.14160000000000003
perch,0.25,0.25,zero,30,200,0.0,2,0.3,0.0001,33178,210,66146,97.7,9.5,0.5468,0.0119,0.0008,0.006,0.141375
perch,0.25,0.25,zero,20,200,0.0,2,0.4,0.0003,33134,207,66062,85.1,10.5,0.5461,0.0118,0.0007,0.006,0.14115000000000003
